time(s),iter,infeas,ot_objective,primal,dual,solver
1.517300e-04,1,7.37733653148841e-01,2.42834079135931e-01,1.45483584863880e+00,8.94431230203528e-17,lamp_kernel
4.508090e-01,21,8.34329815102273e-02,1.76033624026765e-01,3.13103311431812e-01,9.42382520124974e-03,lamp_kernel
9.021783e-01,41,2.05512039124434e-02,1.34515532573592e-01,1.68278524679186e-01,1.94611452993402e-02,lamp_kernel
1.353651e+00,61,1.45866685735647e-02,1.04281697526887e-01,1.28245723089301e-01,2.16031435349524e-02,lamp_kernel
1.805159e+00,81,4.32237840442685e-03,8.21481197620159e-02,8.92492330869483e-02,2.32752094120127e-02,lamp_kernel
2.256581e+00,101,1.81090102129747e-03,6.67125225288817e-02,6.96876006384935e-02,2.47943824054623e-02,lamp_kernel
2.707852e+00,121,6.60070278207390e-04,5.63983600667886e-02,5.74827708724621e-02,2.61252534601186e-02,lamp_kernel
3.159048e+00,141,2.44193746140198e-04,4.95880875401466e-02,4.99892665444664e-02,2.72237816355040e-02,lamp_kernel
3.610234e+00,161,1.10858394966013e-04,4.50523077069202e-02,4.52344338310160e-02,2.80920047905538e-02,lamp_kernel
4.061457e+00,181,5.03628288053613e-05,4.19700706643868e-02,4.20528103325160e-02,2.87680095313954e-02,lamp_kernel
4.512685e+00,201,3.31642520106913e-05,3.98253108770253e-02,3.98797954893913e-02,2.92994145844926e-02,lamp_kernel
4.963904e+00,221,2.30360405394872e-05,3.82951510176825e-02,3.83329962776582e-02,2.97180549895110e-02,lamp_kernel
5.415118e+00,241,1.64617623259002e-05,3.71762862491241e-02,3.72033308132198e-02,3.00560370139750e-02,lamp_kernel
5.866390e+00,261,1.47211507819867e-05,3.63400059465593e-02,3.63641909091413e-02,3.03314461254172e-02,lamp_kernel
6.317661e+00,281,1.06095170283824e-05,3.57026115642731e-02,3.57200416399611e-02,3.05574298645857e-02,lamp_kernel
6.768960e+00,301,9.30092962275761e-06,3.52077501658923e-02,3.52230304003139e-02,3.07454225371877e-02,lamp_kernel
7.220256e+00,321,8.16784227078648e-06,3.48172599488725e-02,3.48306786661060e-02,3.09035954568516e-02,lamp_kernel
7.671579e+00,341,6.64445838920650e-06,3.45047084137534e-02,3.45156244066605e-02,3.10385982866669e-02,lamp_kernel
8.122973e+00,361,6.09373755558900e-06,3.42511630839953e-02,3.42611743132089e-02,3.11545006058180e-02,lamp_kernel
8.574343e+00,381,5.24002556678079e-06,3.40430299970822e-02,3.40516386869963e-02,3.12551065588922e-02,lamp_kernel
9.025699e+00,401,4.68887594970152e-06,3.38703228074416e-02,3.38780260292260e-02,3.13429396172643e-02,lamp_kernel
9.477032e+00,421,4.22273009082854e-06,3.37256171273498e-02,3.37325545312765e-02,3.14203791459349e-02,lamp_kernel
9.928408e+00,441,3.81342969892828e-06,3.36032681024882e-02,3.36095330783684e-02,3.14891750430699e-02,lamp_kernel
1.037978e+01,461,3.47646167175784e-06,3.34989854377806e-02,3.35046968184121e-02,3.15506551603489e-02,lamp_kernel
1.083115e+01,481,3.17044171028968e-06,3.34094321361692e-02,3.34146407652544e-02,3.16057427119698e-02,lamp_kernel
1.128254e+01,501,2.93189565898778e-06,3.33319981609865e-02,3.33368148895057e-02,3.16552411523536e-02,lamp_kernel
1.173390e+01,521,2.68548461536588e-06,3.32646171158244e-02,3.32690290226039e-02,3.17000360131289e-02,lamp_kernel
1.218525e+01,541,2.49408249701905e-06,3.32056419745900e-02,3.32097394322386e-02,3.17408221795727e-02,lamp_kernel
1.263664e+01,561,2.31767853056159e-06,3.31537429016402e-02,3.31575505501977e-02,3.17780476655776e-02,lamp_kernel
1.308805e+01,581,2.15237552918046e-06,3.31078424774852e-02,3.31113785544133e-02,3.18121897831993e-02,lamp_kernel
1.353949e+01,601,2.01632724892862e-06,3.30670565517523e-02,3.30703691188057e-02,3.18434824856034e-02,lamp_kernel
1.407397e+01,621,1.88664760910984e-06,3.30306595103813e-02,3.30337590304194e-02,3.18721718760857e-02,lamp_kernel
1.452534e+01,641,1.77612339392355e-06,3.29980466705653e-02,3.30009646134938e-02,3.18986841350546e-02,lamp_kernel
1.497672e+01,661,1.67601710196322e-06,3.29687149617248e-02,3.29714684428554e-02,3.19232571662096e-02,lamp_kernel
1.542810e+01,681,1.58322452967302e-06,3.29422415872775e-02,3.29448426221134e-02,3.19461247506964e-02,lamp_kernel
1.587946e+01,701,1.50010720175795e-06,3.29182690931100e-02,3.29207335768369e-02,3.19674695650055e-02,lamp_kernel
1.633078e+01,721,1.42649508426979e-06,3.28964944121205e-02,3.28988379605799e-02,3.19874195814672e-02,lamp_kernel
1.678214e+01,741,1.35515386377693e-06,3.28766590014640e-02,3.28788853454485e-02,3.20060693480340e-02,lamp_kernel
1.723347e+01,761,1.29214768962232e-06,3.28585407171825e-02,3.28606635501041e-02,3.20235492190057e-02,lamp_kernel
1.768483e+01,781,1.23287294324877e-06,3.28419486697880e-02,3.28439741219040e-02,3.20399206470569e-02,lamp_kernel
1.813617e+01,801,1.17819470959219e-06,3.28267176430183e-02,3.28286532658094e-02,3.20553353647439e-02,lamp_kernel
1.858749e+01,821,1.12957657404040e-06,3.28127039319143e-02,3.28145596813445e-02,3.20698462013530e-02,lamp_kernel
1.903881e+01,841,1.08495986316737e-06,3.27997824871794e-02,3.28015649370763e-02,3.20835559882621e-02,lamp_kernel
1.949010e+01,861,1.04264349141495e-06,3.27878438571285e-02,3.27895567866542e-02,3.20965380796460e-02,lamp_kernel
1.994143e+01,881,1.00310498532785e-06,3.27767918053404e-02,3.27784397781718e-02,3.21088261014130e-02,lamp_kernel
2.039277e+01,901,9.65667835347508e-07,3.27665416358768e-02,3.27681281042726e-02,3.21205000665202e-02,lamp_kernel
2.084415e+01,921,9.29324738730591e-07,3.27570185562479e-02,3.27585453175974e-02,3.21315871024618e-02,lamp_kernel
2.129554e+01,941,8.94706231386552e-07,3.27481561525723e-02,3.27496260401544e-02,3.21421462592033e-02,lamp_kernel
2.174687e+01,961,8.61312417953898e-07,3.27398954203167e-02,3.27413104461464e-02,3.21522039575397e-02,lamp_kernel
2.219821e+01,981,8.29801876431484e-07,3.27321838070787e-02,3.27335470651303e-02,3.21618041926169e-02,lamp_kernel
2.264955e+01,1001,8.00216869002940e-07,3.27249743165019e-02,3.27262889701809e-02,3.21709803802855e-02,lamp_kernel
2.310092e+01,1021,7.72121080009866e-07,3.27182248115161e-02,3.27194933074173e-02,3.21797596585898e-02,lamp_kernel
2.355225e+01,1041,7.45453501669119e-07,3.27118974831881e-02,3.27131221676785e-02,3.21881613893609e-02,lamp_kernel
2.400362e+01,1061,7.20257538710094e-07,3.27059583159519e-02,3.27071416067069e-02,3.21962104432302e-02,lamp_kernel
2.445497e+01,1081,6.96517777416260e-07,3.27003765877659e-02,3.27015208771380e-02,3.22039318743632e-02,lamp_kernel
2.490632e+01,1101,6.73327360808365e-07,3.26951245311114e-02,3.26962307216034e-02,3.22113385466456e-02,lamp_kernel
2.535766e+01,1121,6.51623219796909e-07,3.26901770146223e-02,3.26912475479944e-02,3.22184490555142e-02,lamp_kernel
2.580903e+01,1141,6.30989833878135e-07,3.26855112232910e-02,3.26865478586566e-02,3.22252839839869e-02,lamp_kernel
2.626035e+01,1161,6.11072487238603e-07,3.26811064014583e-02,3.26821103151779e-02,3.22318606962873e-02,lamp_kernel
2.671165e+01,1181,5.91769899566240e-07,3.26769436413960e-02,3.26779158434399e-02,3.22381966037517e-02,lamp_kernel
2.716297e+01,1201,5.73396832109358e-07,3.26730057055276e-02,3.26739477229782e-02,3.22443004701105e-02,lamp_kernel
2.761437e+01,1221,5.56055519618265e-07,3.26692768359682e-02,3.26701903638666e-02,3.22501817205563e-02,lamp_kernel
2.806579e+01,1241,5.39482949837808e-07,3.26657425984132e-02,3.26666288997050e-02,3.22558544552526e-02,lamp_kernel
2.851721e+01,1261,5.23373751767078e-07,3.26623897641439e-02,3.26632496000895e-02,3.22613296629539e-02,lamp_kernel
2.896868e+01,1281,5.07736184849073e-07,3.26592061963807e-02,3.26600403418095e-02,3.22666148477844e-02,lamp_kernel
2.942019e+01,1301,4.92720321480218e-07,3.26561807391515e-02,3.26569902154428e-02,3.22717214918633e-02,lamp_kernel
2.987165e+01,1321,4.78365418693332e-07,3.26533031177816e-02,3.26540890108088e-02,3.22766622057539e-02,lamp_kernel
3.032310e+01,1341,4.64607538399282e-07,3.26505638649075e-02,3.26513271555020e-02,3.22814397227407e-02,lamp_kernel
3.077455e+01,1361,4.51685493559181e-07,3.26479542540004e-02,3.26486963153325e-02,3.22860665109200e-02,lamp_kernel
3.122602e+01,1381,4.39440524607631e-07,3.26454662257823e-02,3.26461881702011e-02,3.22905474364003e-02,lamp_kernel
3.167748e+01,1401,4.27785815602837e-07,3.26430923256025e-02,3.26437951228292e-02,3.22948824254800e-02,lamp_kernel
3.212894e+01,1421,4.16773738482734e-07,3.26408256543731e-02,3.26415103601695e-02,3.22990785638042e-02,lamp_kernel
3.258039e+01,1441,4.06356376628008e-07,3.26386598245581e-02,3.26393274159652e-02,3.23031499583946e-02,lamp_kernel
3.303184e+01,1461,3.96396263147078e-07,3.26365889162423e-02,3.26372401444604e-02,3.23071009712763e-02,lamp_kernel
3.348332e+01,1481,3.87034560922770e-07,3.26346074332175e-02,3.26352432813596e-02,3.23109374180503e-02,lamp_kernel
3.393480e+01,1501,3.78177704479096e-07,3.26327102675986e-02,3.26333315650615e-02,3.23146631130785e-02,lamp_kernel
3.438627e+01,1521,3.69796639972825e-07,3.26308926725088e-02,3.26315002009577e-02,3.23182812412801e-02,lamp_kernel
3.483775e+01,1541,3.61924753267434e-07,3.26291502331741e-02,3.26297448291228e-02,3.23217963771440e-02,lamp_kernel
3.528926e+01,1561,3.54582292145072e-07,3.26274788371256e-02,3.26280613703524e-02,3.23252091074089e-02,lamp_kernel
3.574073e+01,1581,3.47545232797124e-07,3.26258746488412e-02,3.26264456210821e-02,3.23285270382103e-02,lamp_kernel
3.619220e+01,1601,3.40893622125613e-07,3.26243340896071e-02,3.26248941341048e-02,3.23317548154820e-02,lamp_kernel
3.664372e+01,1621,3.34517182867439e-07,3.26228538195223e-02,3.26234033883482e-02,3.23348969568253e-02,lamp_kernel
3.709525e+01,1641,3.28545794103023e-07,3.26214307181723e-02,3.26219704767724e-02,3.23379582765448e-02,lamp_kernel
3.754677e+01,1661,3.22941430120079e-07,3.26200618653541e-02,3.26205924167029e-02,3.23409406822268e-02,lamp_kernel
3.799828e+01,1681,3.17610452782802e-07,3.26187445258725e-02,3.26192663191093e-02,3.23438475639810e-02,lamp_kernel
3.844980e+01,1701,3.12588020812454e-07,3.26174761377583e-02,3.26179896797836e-02,3.23466813536274e-02,lamp_kernel
3.890134e+01,1721,3.07917057610868e-07,3.26162543000052e-02,3.26167601682371e-02,3.23494430392827e-02,lamp_kernel
3.935289e+01,1741,3.03443698213034e-07,3.26150767589943e-02,3.26155752780704e-02,3.23521375664642e-02,lamp_kernel
3.980448e+01,1761,2.99217172973824e-07,3.26139413964283e-02,3.26144329718655e-02,3.23547672309103e-02,lamp_kernel
4.025608e+01,1781,2.95154911184113e-07,3.26128462206671e-02,3.26133311223292e-02,3.23573302884527e-02,lamp_kernel
4.070771e+01,1801,2.91272648699349e-07,3.26117893591517e-02,3.26122678827546e-02,3.23598327870158e-02,lamp_kernel
4.115942e+01,1821,2.87528022189539e-07,3.26107690493085e-02,3.26112414209703e-02,3.23622777595298e-02,lamp_kernel
4.161116e+01,1841,2.83961452017944e-07,3.26097836293762e-02,3.26102501416206e-02,3.23646665344868e-02,lamp_kernel
4.206297e+01,1861,2.80465181842681e-07,3.26088315315236e-02,3.26092922998446e-02,3.23670002495713e-02,lamp_kernel
4.251481e+01,1881,2.77024298896078e-07,3.26079112765099e-02,3.26083663919015e-02,3.23692819305630e-02,lamp_kernel
4.296669e+01,1901,2.73656243264044e-07,3.26070214679268e-02,3.26074710500350e-02,3.23715128027744e-02,lamp_kernel
4.341861e+01,1921,2.70369826511317e-07,3.26061607859167e-02,3.26066049688637e-02,3.23736944406294e-02,lamp_kernel
4.387062e+01,1941,2.67143615127652e-07,3.26053279815714e-02,3.26057668642669e-02,3.23758288116425e-02,lamp_kernel
4.432266e+01,1961,2.63961987018594e-07,3.26045218725302e-02,3.26049555282188e-02,3.23779175376402e-02,lamp_kernel
4.477477e+01,1981,2.60836456675291e-07,3.26037413391525e-02,3.26041698599956e-02,3.23799616263615e-02,lamp_kernel
4.522689e+01,2001,2.57793526864695e-07,3.26029853205407e-02,3.26034088422404e-02,3.23819625319535e-02,lamp_kernel
4.567907e+01,2021,2.54757024363841e-07,3.26022528104441e-02,3.26026713435597e-02,3.23839220684221e-02,lamp_kernel
4.613129e+01,2041,2.51704303531582e-07,3.26015428535517e-02,3.26019563714385e-02,3.23858415706033e-02,lamp_kernel
4.658360e+01,2061,2.48680056097741e-07,3.26008545424314e-02,3.26012630918676e-02,3.23877223092099e-02,lamp_kernel
4.703591e+01,2081,2.45731054937701e-07,3.26001870148872e-02,3.26005907194927e-02,3.23895650803481e-02,lamp_kernel
4.748825e+01,2101,2.42770160450114e-07,3.25995394513174e-02,3.25999382915531e-02,3.23913702191135e-02,lamp_kernel
4.794064e+01,2121,2.39842636385564e-07,3.25989110719501e-02,3.25993051026391e-02,3.23931397017262e-02,lamp_kernel
4.839308e+01,2141,2.36934404847293e-07,3.25983011342287e-02,3.25986903870663e-02,3.23948743889926e-02,lamp_kernel
4.884553e+01,2161,2.34010614220444e-07,3.25977089306451e-02,3.25980933800698e-02,3.23965754954982e-02,lamp_kernel
4.929807e+01,2181,2.31080539143897e-07,3.25971337869611e-02,3.25975134226482e-02,3.23982441044303e-02,lamp_kernel
4.975059e+01,2201,2.28159245634518e-07,3.25965750604754e-02,3.25969498968520e-02,3.23998798749754e-02,lamp_kernel
5.020314e+01,2221,2.25206930025853e-07,3.25960321381080e-02,3.25964021242088e-02,3.24014841724749e-02,lamp_kernel
5.065576e+01,2241,2.22256824105470e-07,3.25955044344835e-02,3.25958695739385e-02,3.24030581153836e-02,lamp_kernel
5.110841e+01,2261,2.19324553389289e-07,3.25949913903669e-02,3.25953517124773e-02,3.24046026612467e-02,lamp_kernel
5.156108e+01,2281,2.16394554244202e-07,3.25944924714598e-02,3.25948479799574e-02,3.24061190285335e-02,lamp_kernel
5.201382e+01,2301,2.13444802246286e-07,3.25940071672180e-02,3.25943578296514e-02,3.24076080134152e-02,lamp_kernel
5.246657e+01,2321,2.10505873814975e-07,3.25935349894969e-02,3.25938808236478e-02,3.24090700044955e-02,lamp_kernel
5.291935e+01,2341,2.07565955319968e-07,3.25930754711936e-02,3.25934164754356e-02,3.24105060398528e-02,lamp_kernel
5.337218e+01,2361,2.04678927002058e-07,3.25926281651186e-02,3.25929644263433e-02,3.24119167706015e-02,lamp_kernel
5.382506e+01,2381,2.01823533862925e-07,3.25921926430902e-02,3.25925242132702e-02,3.24133018155612e-02,lamp_kernel
5.427800e+01,2401,1.98971705230658e-07,3.25917684950812e-02,3.25920953800726e-02,3.24146626566896e-02,lamp_kernel
5.473102e+01,2421,1.96128249705847e-07,3.25913553283072e-02,3.25916775418659e-02,3.24159998372940e-02,lamp_kernel
5.518407e+01,2441,1.93280515424218e-07,3.25909527662932e-02,3.25912703013897e-02,3.24173133073427e-02,lamp_kernel
5.563723e+01,2461,1.90447668278601e-07,3.25905604480077e-02,3.25908733290996e-02,3.24186046842511e-02,lamp_kernel
5.609057e+01,2481,1.87677245075375e-07,3.25901780271281e-02,3.25904863567700e-02,3.24198745146775e-02,lamp_kernel
5.654393e+01,2501,1.84917984865461e-07,3.25898051714154e-02,3.25901089679468e-02,3.24211230331853e-02,lamp_kernel
5.699734e+01,2521,1.82180588415595e-07,3.25894415621150e-02,3.25897408614551e-02,3.24223507344268e-02,lamp_kernel
5.745087e+01,2541,1.79469270095976e-07,3.25890868933218e-02,3.25893817383136e-02,3.24235581792122e-02,lamp_kernel
5.790453e+01,2561,1.76803159155707e-07,3.25887408713214e-02,3.25890313362349e-02,3.24247457206798e-02,lamp_kernel
5.835836e+01,2581,1.74154491165852e-07,3.25884032139813e-02,3.25886893274730e-02,3.24259137449704e-02,lamp_kernel
5.881228e+01,2601,1.71533858110959e-07,3.25880736502439e-02,3.25883554583716e-02,3.24270629501449e-02,lamp_kernel
5.974241e+01,2621,1.68914540606796e-07,3.25877519197016e-02,3.25880294246266e-02,3.24281924814313e-02,lamp_kernel
6.019659e+01,2641,1.66306709918957e-07,3.25874377721711e-02,3.25877109927648e-02,3.24293035387793e-02,lamp_kernel
6.065078e+01,2661,1.63707521129845e-07,3.25871309672112e-02,3.25873999176711e-02,3.24303969907695e-02,lamp_kernel
6.110509e+01,2681,1.61123658313318e-07,3.25868312736181e-02,3.25870959791227e-02,3.24314733469080e-02,lamp_kernel
6.155951e+01,2701,1.58565617447674e-07,3.25865384689867e-02,3.25867989719583e-02,3.24325332537277e-02,lamp_kernel
6.201410e+01,2721,1.56053917783308e-07,3.25862523393688e-02,3.25865087159400e-02,3.24335770749838e-02,lamp_kernel
6.246885e+01,2741,1.53577587472185e-07,3.25859726789707e-02,3.25862249872489e-02,3.24346050933942e-02,lamp_kernel
6.292377e+01,2761,1.51168100334669e-07,3.25856992898175e-02,3.25859476396173e-02,3.24356171888407e-02,lamp_kernel
6.337881e+01,2781,1.48784976768258e-07,3.25854319813732e-02,3.25856764160067e-02,3.24366136011502e-02,lamp_kernel
6.383403e+01,2801,1.46429206173389e-07,3.25851705701730e-02,3.25854111345776e-02,3.24375948732978e-02,lamp_kernel
6.428933e+01,2821,1.44113125799819e-07,3.25849148795181e-02,3.25851516388996e-02,3.24385618014269e-02,lamp_kernel
6.474480e+01,2841,1.41847917912754e-07,3.25846647392288e-02,3.25848977771644e-02,3.24395143750667e-02,lamp_kernel
6.520042e+01,2861,1.39624458803472e-07,3.25844199854103e-02,3.25846493704877e-02,3.24404530480834e-02,lamp_kernel
6.565624e+01,2881,1.37455366554717e-07,3.25841804601906e-02,3.25844062817277e-02,3.24413780750175e-02,lamp_kernel
6.611218e+01,2901,1.35334063521712e-07,3.25839460114418e-02,3.25841683479500e-02,3.24422899496929e-02,lamp_kernel
6.656831e+01,2921,1.33265896314971e-07,3.25837164925104e-02,3.25839354312852e-02,3.24431886652293e-02,lamp_kernel
6.702457e+01,2941,1.31252323759607e-07,3.25834917619886e-02,3.25837073927220e-02,3.24440743985291e-02,lamp_kernel
6.748096e+01,2961,1.29323848437601e-07,3.25832716835175e-02,3.25834841460133e-02,3.24449474842061e-02,lamp_kernel
6.793752e+01,2981,1.27443297806559e-07,3.25830561256010e-02,3.25832654985933e-02,3.24458085049123e-02,lamp_kernel
6.839430e+01,3001,1.25596923695708e-07,3.25828449614116e-02,3.25830513010480e-02,3.24466576217962e-02,lamp_kernel
6.885125e+01,3021,1.23796007602692e-07,3.25826380685800e-02,3.25828414495423e-02,3.24474949811473e-02,lamp_kernel
6.930839e+01,3041,1.22041638463347e-07,3.25824353289911e-02,3.25826358277499e-02,3.24483207567768e-02,lamp_kernel
6.976567e+01,3061,1.20341615584183e-07,3.25822366285958e-02,3.25824343344350e-02,3.24491351636861e-02,lamp_kernel
7.022310e+01,3081,1.18708467714544e-07,3.25820418572560e-02,3.25822368800427e-02,3.24499385898232e-02,lamp_kernel
7.068068e+01,3101,1.17122515089015e-07,3.25818509086062e-02,3.25820433258762e-02,3.24507306897192e-02,lamp_kernel
7.113846e+01,3121,1.15583377936234e-07,3.25816636799105e-02,3.25818535685756e-02,3.24515120772002e-02,lamp_kernel
7.159637e+01,3141,1.14075117413549e-07,3.25814800719107e-02,3.25816674826972e-02,3.24522832226006e-02,lamp_kernel
7.205445e+01,3161,1.12616373007918e-07,3.25812999886695e-02,3.25814850029260e-02,3.24530436624336e-02,lamp_kernel
7.251269e+01,3181,1.11198728554880e-07,3.25811233374282e-02,3.25813060226768e-02,3.24537942663876e-02,lamp_kernel
7.297108e+01,3201,1.09810418096193e-07,3.25809500284868e-02,3.25811304329194e-02,3.24545352301772e-02,lamp_kernel
7.342966e+01,3221,1.08458456929294e-07,3.25807799750991e-02,3.25809581584329e-02,3.24552667369156e-02,lamp_kernel
7.388838e+01,3241,1.07141709799807e-07,3.25806130933720e-02,3.25807891134591e-02,3.24559889651237e-02,lamp_kernel
7.434727e+01,3261,1.05848478143490e-07,3.25804493021571e-02,3.25806231976305e-02,3.24567020436716e-02,lamp_kernel
7.480632e+01,3281,1.04576595337453e-07,3.25802885229328e-02,3.25804603288659e-02,3.24574059444311e-02,lamp_kernel
7.526553e+01,3301,1.03322690349436e-07,3.25801306796898e-02,3.25803004256178e-02,3.24581010814284e-02,lamp_kernel
7.572489e+01,3321,1.02101855238325e-07,3.25799756988312e-02,3.25801434390837e-02,3.24587875694647e-02,lamp_kernel
7.618436e+01,3341,1.00907171350326e-07,3.25798235090877e-02,3.25799892866277e-02,3.24594655457143e-02,lamp_kernel
7.664396e+01,3361,9.97356075371389e-08,3.25796740414440e-02,3.25798378942549e-02,3.24601352316019e-02,lamp_kernel
7.710370e+01,3381,9.85927695423514e-08,3.25795272290582e-02,3.25796892043329e-02,3.24607967726438e-02,lamp_kernel
7.756357e+01,3401,9.74754805002855e-08,3.25793830071725e-02,3.25795431468847e-02,3.24614497978486e-02,lamp_kernel
7.802356e+01,3421,9.63832927401350e-08,3.25792413130227e-02,3.25793996584105e-02,3.24620947289453e-02,lamp_kernel
7.848371e+01,3441,9.53161691002447e-08,3.25791020857555e-02,3.25792586779959e-02,3.24627318690593e-02,lamp_kernel
7.894397e+01,3461,9.43050339198677e-08,3.25789652663629e-02,3.25791201974380e-02,3.24633610584749e-02,lamp_kernel
7.940437e+01,3481,9.33297243128231e-08,3.25788307976262e-02,3.25789841263927e-02,3.24639826848472e-02,lamp_kernel
7.986487e+01,3501,9.23625651744583e-08,3.25786986240623e-02,3.25788503639103e-02,3.24645970199756e-02,lamp_kernel
8.032551e+01,3521,9.14150912086069e-08,3.25785686918605e-02,3.25787188751304e-02,3.24652041904469e-02,lamp_kernel
8.078621e+01,3541,9.05131616078437e-08,3.25784409488166e-02,3.25785896503318e-02,3.24658042745009e-02,lamp_kernel
8.124706e+01,3561,8.96679188535394e-08,3.25783153442688e-02,3.25784626571585e-02,3.24663973921706e-02,lamp_kernel
8.170802e+01,3581,8.88447324429439e-08,3.25781918290447e-02,3.25783377895447e-02,3.24669837102641e-02,lamp_kernel
8.216907e+01,3601,8.80632373018590e-08,3.25780703554153e-02,3.25782150320191e-02,3.24675633439970e-02,lamp_kernel
8.263023e+01,3621,8.73174429074190e-08,3.25779508770516e-02,3.25780943284108e-02,3.24681363820963e-02,lamp_kernel
8.309147e+01,3641,8.65959332283332e-08,3.25778333489785e-02,3.25779756149899e-02,3.24687026846333e-02,lamp_kernel
8.355312e+01,3661,8.58926544114882e-08,3.25777177275283e-02,3.25778588381428e-02,3.24692626380333e-02,lamp_kernel
8.401458e+01,3681,8.52076848880646e-08,3.25776039702862e-02,3.25777439555837e-02,3.24698163476434e-02,lamp_kernel
8.447607e+01,3701,8.45390647034429e-08,3.25774920360442e-02,3.25776309228845e-02,3.24703639164956e-02,lamp_kernel
8.493762e+01,3721,8.38853951214156e-08,3.25773818847572e-02,3.25775196977022e-02,3.24709054453704e-02,lamp_kernel
8.539925e+01,3741,8.32471838277091e-08,3.25772734775065e-02,3.25774102419522e-02,3.24714410328591e-02,lamp_kernel
8.586097e+01,3761,8.26202919007653e-08,3.25771667764666e-02,3.25773025110092e-02,3.24719707398688e-02,lamp_kernel
8.632274e+01,3781,8.20014239062322e-08,3.25770617448716e-02,3.25771964626934e-02,3.24724946892492e-02,lamp_kernel
8.678461e+01,3801,8.13924451384016e-08,3.25769583469769e-02,3.25770920643248e-02,3.24730129815959e-02,lamp_kernel
8.724651e+01,3821,8.07916025345951e-08,3.25768565480234e-02,3.25769892782640e-02,3.24735257017975e-02,lamp_kernel
8.770847e+01,3841,8.02009934343260e-08,3.25767563142019e-02,3.25768880741474e-02,3.24740326978382e-02,lamp_kernel
8.817050e+01,3861,7.96199179192439e-08,3.25766576126250e-02,3.25767884179380e-02,3.24745341785031e-02,lamp_kernel
8.863262e+01,3881,7.90487099597665e-08,3.25765604113023e-02,3.25766902781939e-02,3.24750303582547e-02,lamp_kernel
8.909477e+01,3901,7.84902004583530e-08,3.25764646791164e-02,3.25765936284485e-02,3.24755213200261e-02,lamp_kernel
8.955702e+01,3921,7.79410786225059e-08,3.25763703857938e-02,3.25764984329891e-02,3.24760071135380e-02,lamp_kernel
9.001929e+01,3941,7.74039041475642e-08,3.25762775018806e-02,3.25764046665672e-02,3.24764878137803e-02,lamp_kernel
9.048162e+01,3961,7.68696255827508e-08,3.25761859987099e-02,3.25763122856453e-02,3.24769635364128e-02,lamp_kernel
9.094404e+01,3981,7.63467411936626e-08,3.25760958483770e-02,3.25762212762805e-02,3.24774343577312e-02,lamp_kernel
9.140643e+01,4001,7.58464876894944e-08,3.25760070237134e-02,3.25761316297645e-02,3.24779002482327e-02,lamp_kernel
9.186893e+01,4021,7.53687239726008e-08,3.25759194982656e-02,3.25760433194122e-02,3.24783613507407e-02,lamp_kernel
9.233144e+01,4041,7.49177759100813e-08,3.25758332462714e-02,3.25759563265682e-02,3.24788176748366e-02,lamp_kernel
9.279398e+01,4061,7.44885716632539e-08,3.25757482426392e-02,3.25758706178085e-02,3.24792692904431e-02,lamp_kernel
9.325659e+01,4081,7.40817688836836e-08,3.25756644629231e-02,3.25757861697676e-02,3.24797163528081e-02,lamp_kernel
9.371923e+01,4101,7.36916221318907e-08,3.25755818833006e-02,3.25757029491839e-02,3.24801588736779e-02,lamp_kernel
9.418191e+01,4121,7.33184400648955e-08,3.25755004805525e-02,3.25756209333457e-02,3.24805969865757e-02,lamp_kernel
9.464460e+01,4141,7.29686862345052e-08,3.25754202320439e-02,3.25755401102363e-02,3.24810307532712e-02,lamp_kernel
9.510734e+01,4161,7.26277381663773e-08,3.25753411157081e-02,3.25754604337666e-02,3.24814602467312e-02,lamp_kernel
9.557010e+01,4181,7.22881579710782e-08,3.25752631100332e-02,3.25753818702049e-02,3.24818854401130e-02,lamp_kernel
9.603288e+01,4201,7.19533440878404e-08,3.25751861940456e-02,3.25753044041611e-02,3.24823064187200e-02,lamp_kernel
9.649568e+01,4221,7.16285576200137e-08,3.25751103472962e-02,3.25752280238292e-02,3.24827233102395e-02,lamp_kernel
9.695850e+01,4241,7.13139739125539e-08,3.25750355498410e-02,3.25751527095533e-02,3.24831361734770e-02,lamp_kernel
9.742131e+01,4261,7.10025837203755e-08,3.25749617822267e-02,3.25750784303648e-02,3.24835450021455e-02,lamp_kernel
9.788418e+01,4281,7.06958880119747e-08,3.25748890254745e-02,3.25750051697509e-02,3.24839498503814e-02,lamp_kernel
9.834709e+01,4301,7.03974400120739e-08,3.25748172610678e-02,3.25749329150324e-02,3.24843508413658e-02,lamp_kernel
9.881002e+01,4321,7.01033444154559e-08,3.25747464709381e-02,3.25748616417414e-02,3.24847480295962e-02,lamp_kernel
9.927297e+01,4341,6.98117099164511e-08,3.25746766374519e-02,3.25747913291371e-02,3.24851414680610e-02,lamp_kernel
9.973592e+01,4361,6.95231114766240e-08,3.25746077433956e-02,3.25747219609507e-02,3.24855312091328e-02,lamp_kernel
1.001989e+02,4381,6.92358060766686e-08,3.25745397719606e-02,3.25746535175097e-02,3.24859168634133e-02,lamp_kernel
1.006619e+02,4401,6.89515923150221e-08,3.25744727067286e-02,3.25745859853509e-02,3.24862984507033e-02,lamp_kernel
1.011249e+02,4421,6.86713610230726e-08,3.25744065316570e-02,3.25745193498953e-02,3.24866765062469e-02,lamp_kernel
1.015879e+02,4441,6.83937223354480e-08,3.25743412310702e-02,3.25744535931837e-02,3.24870510337619e-02,lamp_kernel
1.020510e+02,4461,6.81200853488468e-08,3.25742767896485e-02,3.25743887022115e-02,3.24874219665165e-02,lamp_kernel
1.025141e+02,4481,6.78451465332612e-08,3.25742131924204e-02,3.25743246532942e-02,3.24877895008949e-02,lamp_kernel
1.029772e+02,4501,6.75708601395252e-08,3.25741504247535e-02,3.25742614350100e-02,3.24881536948983e-02,lamp_kernel
1.034403e+02,4521,6.72923190823831e-08,3.25740884723451e-02,3.25741990249943e-02,3.24885145936367e-02,lamp_kernel
1.039035e+02,4541,6.70140358379404e-08,3.25740273212127e-02,3.25741374166783e-02,3.24888722278359e-02,lamp_kernel
1.043666e+02,4561,6.67334807770903e-08,3.25739669576845e-02,3.25740765922341e-02,3.24892264878456e-02,lamp_kernel
1.048298e+02,4581,6.64484823882770e-08,3.25739073683926e-02,3.25740165347264e-02,3.24895775279690e-02,lamp_kernel
1.052930e+02,4601,6.61687193626990e-08,3.25738485402640e-02,3.25739572469830e-02,3.24899254483220e-02,lamp_kernel
1.057562e+02,4621,6.58933545318859e-08,3.25737904605144e-02,3.25738987148444e-02,3.24902702901336e-02,lamp_kernel
1.062194e+02,4641,6.56226846224085e-08,3.25737331166393e-02,3.25738409262933e-02,3.24906120939152e-02,lamp_kernel
1.066827e+02,4661,6.53501913565792e-08,3.25736764964061e-02,3.25737838583886e-02,3.24909508994756e-02,lamp_kernel
1.071460e+02,4681,6.50731742874565e-08,3.25736205878432e-02,3.25737274947222e-02,3.24912865362173e-02,lamp_kernel
1.076092e+02,4701,6.47966753057026e-08,3.25735653792322e-02,3.25736718318588e-02,3.24916189460553e-02,lamp_kernel
1.080724e+02,4721,6.45216575565890e-08,3.25735108590989e-02,3.25736168599066e-02,3.24919484820556e-02,lamp_kernel
1.085357e+02,4741,6.42481707879890e-08,3.25734570162060e-02,3.25735625677101e-02,3.24922751811997e-02,lamp_kernel
1.089990e+02,4761,6.39749911894808e-08,3.25734038395461e-02,3.25735089422511e-02,3.24925990798411e-02,lamp_kernel
1.094623e+02,4781,6.36997943125717e-08,3.25733513183365e-02,3.25734559689283e-02,3.24929202137185e-02,lamp_kernel
1.099256e+02,4801,6.34215985965495e-08,3.25732994420145e-02,3.25734036355665e-02,3.24932386179675e-02,lamp_kernel
1.103889e+02,4821,6.31427746339657e-08,3.25732482002312e-02,3.25733519357112e-02,3.24935543271352e-02,lamp_kernel
1.108523e+02,4841,6.28717630717722e-08,3.25731975828465e-02,3.25733008730892e-02,3.24938673751899e-02,lamp_kernel
1.113156e+02,4861,6.25972996820969e-08,3.25731475799253e-02,3.25732504192599e-02,3.24941777853684e-02,lamp_kernel
1.117790e+02,4881,6.23266761778196e-08,3.25730981817319e-02,3.25732005764668e-02,3.24944855885512e-02,lamp_kernel
1.122424e+02,4901,6.20492656732400e-08,3.25730493787270e-02,3.25731513177120e-02,3.24947908299382e-02,lamp_kernel
1.127057e+02,4921,6.17649322022688e-08,3.25730011615626e-02,3.25731026334242e-02,3.24950934671790e-02,lamp_kernel
1.131691e+02,4941,6.14778203652478e-08,3.25729535210804e-02,3.25730545212540e-02,3.24953933200525e-02,lamp_kernel
1.136324e+02,4961,6.11892892741315e-08,3.25729064483029e-02,3.25730069744570e-02,3.24956907097805e-02,lamp_kernel
1.140958e+02,4981,6.08982507261271e-08,3.25728599344324e-02,3.25729599824475e-02,3.24959856665148e-02,lamp_kernel
1.145592e+02,5001,6.06018312039770e-08,3.25728139708420e-02,3.25729135318778e-02,3.24962782199184e-02,lamp_kernel
1.150226e+02,5021,6.03004501859435e-08,3.25727685490711e-02,3.25728676149765e-02,3.24965683991230e-02,lamp_kernel
1.154860e+02,5041,6.00015885712289e-08,3.25727236608193e-02,3.25728222357335e-02,3.24968562325089e-02,lamp_kernel
1.159494e+02,5061,5.97021093670428e-08,3.25726792979426e-02,3.25727773808508e-02,3.24971417427097e-02,lamp_kernel
1.164128e+02,5081,5.94020486732389e-08,3.25726354524484e-02,3.25727330423954e-02,3.24974249367199e-02,lamp_kernel
1.168762e+02,5101,5.91012516534705e-08,3.25725921164934e-02,3.25726892122695e-02,3.24977056687956e-02,lamp_kernel
1.173396e+02,5121,5.87985626023750e-08,3.25725492823777e-02,3.25726458808745e-02,3.24979840804082e-02,lamp_kernel
1.178030e+02,5141,5.84943618312457e-08,3.25725069425455e-02,3.25726030412794e-02,3.24982602121696e-02,lamp_kernel
1.182664e+02,5161,5.81850031004476e-08,3.25724650895787e-02,3.25725606800759e-02,3.24985341367611e-02,lamp_kernel
1.187298e+02,5181,5.78708972104532e-08,3.25724237161971e-02,3.25725187906586e-02,3.24988059056808e-02,lamp_kernel
1.191933e+02,5201,5.75519782258161e-08,3.25723828152554e-02,3.25724773657739e-02,3.24990755474607e-02,lamp_kernel
1.196568e+02,5221,5.72271566166055e-08,3.25723423797405e-02,3.25724363966187e-02,3.24993430358808e-02,lamp_kernel
1.201202e+02,5241,5.68956264743256e-08,3.25723024027700e-02,3.25723958749868e-02,3.24996084191518e-02,lamp_kernel
1.205837e+02,5261,5.65579084214551e-08,3.25722628775909e-02,3.25723557949803e-02,3.24998716824674e-02,lamp_kernel
1.210471e+02,5281,5.62143774740634e-08,3.25722237975747e-02,3.25723161505867e-02,3.25001328274947e-02,lamp_kernel
1.215106e+02,5301,5.58661747707351e-08,3.25721851562162e-02,3.25722769371759e-02,3.25003919429867e-02,lamp_kernel
1.219740e+02,5321,5.55138063126650e-08,3.25721469471287e-02,3.25722381491922e-02,3.25006490774286e-02,lamp_kernel
1.224375e+02,5341,5.51578316761183e-08,3.25721091640396e-02,3.25721997812824e-02,3.25009042535279e-02,lamp_kernel
1.229009e+02,5361,5.48039261797961e-08,3.25720718007886e-02,3.25721618366101e-02,3.25011574939072e-02,lamp_kernel
1.233644e+02,5381,5.44475156572826e-08,3.25720348513214e-02,3.25721243016062e-02,3.25014088205005e-02,lamp_kernel
1.238278e+02,5401,5.40894307869674e-08,3.25719983096899e-02,3.25720871716871e-02,3.25016582549120e-02,lamp_kernel
1.242912e+02,5421,5.37330042011567e-08,3.25719621700471e-02,3.25720504464812e-02,3.25019058184222e-02,lamp_kernel
1.247547e+02,5441,5.33751488114061e-08,3.25719264266472e-02,3.25720141151708e-02,3.25021515319934e-02,lamp_kernel
1.252181e+02,5461,5.30127775440524e-08,3.25718910738415e-02,3.25719781670355e-02,3.25023954162763e-02,lamp_kernel
1.256816e+02,5481,5.26513458223960e-08,3.25718561060787e-02,3.25719426054868e-02,3.25026374916150e-02,lamp_kernel
1.261450e+02,5501,5.22918711295922e-08,3.25718215179032e-02,3.25719074267405e-02,3.25028777780532e-02,lamp_kernel
1.266085e+02,5521,5.19297667437003e-08,3.25717873039538e-02,3.25718726179000e-02,3.25031162953396e-02,lamp_kernel
1.270720e+02,5541,5.15659253780212e-08,3.25717534589631e-02,3.25718381751646e-02,3.25033530629327e-02,lamp_kernel
1.275354e+02,5561,5.11994885148868e-08,3.25717199777569e-02,3.25718040919496e-02,3.25035881000070e-02,lamp_kernel
1.279989e+02,5581,5.08311394561555e-08,3.25716868552515e-02,3.25717703642940e-02,3.25038214254573e-02,lamp_kernel
1.284624e+02,5601,5.04623643829727e-08,3.25716540864530e-02,3.25717369896454e-02,3.25040530579045e-02,lamp_kernel
1.289259e+02,5621,5.00937370897138e-08,3.25716216664562e-02,3.25717039640411e-02,3.25042830121058e-02,lamp_kernel
1.293894e+02,5641,4.97258777114376e-08,3.25715895904409e-02,3.25716712836801e-02,3.25045111850226e-02,lamp_kernel
1.298529e+02,5661,4.93592927573935e-08,3.25715578536701e-02,3.25716389446572e-02,3.25047377120116e-02,lamp_kernel
1.303164e+02,5681,4.89930777788061e-08,3.25715264514875e-02,3.25716069408304e-02,3.25049625968394e-02,lamp_kernel
1.307799e+02,5701,4.86261741608492e-08,3.25714953793131e-02,3.25715752658804e-02,3.25051858457953e-02,lamp_kernel
1.312433e+02,5721,4.82585144626163e-08,3.25714646326428e-02,3.25715439151924e-02,3.25054075013519e-02,lamp_kernel
1.317068e+02,5741,4.78922144656772e-08,3.25714342070454e-02,3.25715128878111e-02,3.25056275162214e-02,lamp_kernel
1.321703e+02,5761,4.75262957972254e-08,3.25714040981611e-02,3.25714821777693e-02,3.25058459238687e-02,lamp_kernel
1.326976e+02,5781,4.71610789238071e-08,3.25713743017007e-02,3.25714517813045e-02,3.25060627989155e-02,lamp_kernel
1.331610e+02,5801,4.67990210225675e-08,3.25713448134440e-02,3.25714216982331e-02,3.25062781574292e-02,lamp_kernel
1.336245e+02,5821,4.64372647125364e-08,3.25713156292406e-02,3.25713919197104e-02,3.25064919660148e-02,lamp_kernel
1.340879e+02,5841,4.60745154744300e-08,3.25712867450083e-02,3.25713624395276e-02,3.25067042383471e-02,lamp_kernel
1.345514e+02,5861,4.57154112177646e-08,3.25712581567332e-02,3.25713332612903e-02,3.25069150418481e-02,lamp_kernel
1.350148e+02,5881,4.53594408608198e-08,3.25712298604697e-02,3.25713043802132e-02,3.25071243917091e-02,lamp_kernel
1.354783e+02,5901,4.50047076140711e-08,3.25712018523387e-02,3.25712757893009e-02,3.25073323029123e-02,lamp_kernel
1.359417e+02,5921,4.46505979258007e-08,3.25711741285288e-02,3.25712474837342e-02,3.25075387902346e-02,lamp_kernel
1.364051e+02,5941,4.42976802624823e-08,3.25711466852907e-02,3.25712194606977e-02,3.25077438682504e-02,lamp_kernel
1.368686e+02,5961,4.39486794535198e-08,3.25711195189426e-02,3.25711917209860e-02,3.25079475513365e-02,lamp_kernel
1.373320e+02,5981,4.36029080027694e-08,3.25710926258614e-02,3.25711642598467e-02,3.25081498536735e-02,lamp_kernel
1.377956e+02,6001,4.32605598168228e-08,3.25710660024857e-02,3.25711370740368e-02,3.25083507408736e-02,lamp_kernel
1.382591e+02,6021,4.29249407950654e-08,3.25710396453098e-02,3.25711101654819e-02,3.25085502448247e-02,lamp_kernel
1.387225e+02,6041,4.25961333627184e-08,3.25710135508849e-02,3.25710835308685e-02,3.25087484103712e-02,lamp_kernel
1.391860e+02,6061,4.22721345849122e-08,3.25709877158153e-02,3.25710571635106e-02,3.25089452509372e-02,lamp_kernel
1.396494e+02,6081,4.19567852125106e-08,3.25709621367581e-02,3.25710310663748e-02,3.25091407773326e-02,lamp_kernel
1.401129e+02,6101,4.16495834399756e-08,3.25709368104218e-02,3.25710052353454e-02,3.25093349121062e-02,lamp_kernel
1.405764e+02,6121,4.13474312702133e-08,3.25709117335643e-02,3.25709796620906e-02,3.25095277431616e-02,lamp_kernel
1.410399e+02,6141,4.10484970786462e-08,3.25708869029956e-02,3.25709543404114e-02,3.25097193027606e-02,lamp_kernel
1.415033e+02,6161,4.07554808398150e-08,3.25708623155746e-02,3.25709292716023e-02,3.25099096034409e-02,lamp_kernel
1.419668e+02,6181,4.04653875064937e-08,3.25708379682118e-02,3.25709044476533e-02,3.25100986575751e-02,lamp_kernel
1.424303e+02,6201,4.01785988761713e-08,3.25708138578667e-02,3.25708798661513e-02,3.25102864773738e-02,lamp_kernel
1.428937e+02,6221,3.98947994177145e-08,3.25707899815501e-02,3.25708555235886e-02,3.25104730692982e-02,lamp_kernel
1.433572e+02,6241,3.96144525632744e-08,3.25707663363219e-02,3.25708314177865e-02,3.25106584483528e-02,lamp_kernel
1.438207e+02,6261,3.93376860988467e-08,3.25707429192907e-02,3.25708075460634e-02,3.25108426289037e-02,lamp_kernel
1.442841e+02,6281,3.90630271502830e-08,3.25707197276125e-02,3.25707839031558e-02,3.25110256225399e-02,lamp_kernel
1.447476e+02,6301,3.87916655334963e-08,3.25706967584904e-02,3.25707604882214e-02,3.25112074407014e-02,lamp_kernel
1.452111e+02,6321,3.85231867422444e-08,3.25706740091718e-02,3.25707372978266e-02,3.25113880946807e-02,lamp_kernel
1.456746e+02,6341,3.82630923193170e-08,3.25706514769465e-02,3.25707143382995e-02,3.25115675956263e-02,lamp_kernel
1.461380e+02,6361,3.80070050528403e-08,3.25706291591473e-02,3.25706915997818e-02,3.25117459545438e-02,lamp_kernel
1.466015e+02,6381,3.77547497404049e-08,3.25706070531443e-02,3.25706690793557e-02,3.25119231822983e-02,lamp_kernel
1.470649e+02,6401,3.75058599462262e-08,3.25705851563481e-02,3.25706467736655e-02,3.25120992896182e-02,lamp_kernel
1.475284e+02,6421,3.72647783227105e-08,3.25705634662057e-02,3.25706246874569e-02,3.25122742870949e-02,lamp_kernel
1.479918e+02,6441,3.70306425651478e-08,3.25705419802017e-02,3.25706028167979e-02,3.25124481592269e-02,lamp_kernel
1.484553e+02,6461,3.68041356524564e-08,3.25705206958563e-02,3.25705811603306e-02,3.25126209192069e-02,lamp_kernel
1.489188e+02,6481,3.65820231728830e-08,3.25704996107276e-02,3.25705597102996e-02,3.25127926006333e-02,lamp_kernel
1.493823e+02,6501,3.63650086855114e-08,3.25704787224083e-02,3.25705384654533e-02,3.25129632135747e-02,lamp_kernel
1.498458e+02,6521,3.61541807819609e-08,3.25704580285299e-02,3.25705174252117e-02,3.25131327679741e-02,lamp_kernel
1.503093e+02,6541,3.59443055912689e-08,3.25704375267606e-02,3.25704965786444e-02,3.25133012736507e-02,lamp_kernel
1.507728e+02,6561,3.57372401941957e-08,3.25704172148052e-02,3.25704759265071e-02,3.25134687403025e-02,lamp_kernel
1.512362e+02,6581,3.55368245469151e-08,3.25703970904046e-02,3.25704554728494e-02,3.25136351775075e-02,lamp_kernel
1.516997e+02,6601,3.53424784900114e-08,3.25703771513366e-02,3.25704352144957e-02,3.25138005694487e-02,lamp_kernel
1.521632e+02,6621,3.51511829659871e-08,3.25703573954135e-02,3.25704151442986e-02,3.25139648841648e-02,lamp_kernel
1.526267e+02,6641,3.49640329317833e-08,3.25703378204806e-02,3.25703952619022e-02,3.25141281987808e-02,lamp_kernel
1.530902e+02,6661,3.47800391614605e-08,3.25703184244162e-02,3.25703755635596e-02,3.25142905223982e-02,lamp_kernel
1.535537e+02,6681,3.46034621349608e-08,3.25702992051281e-02,3.25703560541781e-02,3.25144518640077e-02,lamp_kernel
1.540171e+02,6701,3.44290145991083e-08,3.25702801605553e-02,3.25703367230103e-02,3.25146121726454e-02,lamp_kernel
1.544806e+02,6721,3.42567953533032e-08,3.25702612886630e-02,3.25703175681839e-02,3.25147714945214e-02,lamp_kernel
1.549441e+02,6741,3.40870076772662e-08,3.25702425874453e-02,3.25702985880269e-02,3.25149298616083e-02,lamp_kernel
1.554076e+02,6761,3.39187774699668e-08,3.25702240549216e-02,3.25702797791225e-02,3.25150872780153e-02,lamp_kernel
1.558711e+02,6781,3.37535152071624e-08,3.25702056891383e-02,3.25702611418345e-02,3.25152437530782e-02,lamp_kernel
1.563346e+02,6801,3.35907316028171e-08,3.25701874881690e-02,3.25702426734327e-02,3.25153991432061e-02,lamp_kernel
1.567981e+02,6821,3.34301735920096e-08,3.25701694501130e-02,3.25702243716004e-02,3.25155535767259e-02,lamp_kernel
1.572616e+02,6841,3.32711393002999e-08,3.25701515730971e-02,3.25702062333115e-02,3.25157070391293e-02,lamp_kernel
1.577251e+02,6861,3.31127274986166e-08,3.25701338552754e-02,3.25701882552396e-02,3.25158595876570e-02,lamp_kernel
1.581886e+02,6881,3.29546179413701e-08,3.25701162948296e-02,3.25701704350401e-02,3.25160112420518e-02,lamp_kernel
1.586520e+02,6901,3.27978317638625e-08,3.25700988899691e-02,3.25701527726000e-02,3.25161620101529e-02,lamp_kernel
1.591155e+02,6921,3.26421654046503e-08,3.25700816389295e-02,3.25701352658205e-02,3.25163118997084e-02,lamp_kernel
1.595790e+02,6941,3.24886947734674e-08,3.25700645399745e-02,3.25701179147330e-02,3.25164609183748e-02,lamp_kernel
1.600424e+02,6961,3.23392502161549e-08,3.25700475913920e-02,3.25701007206322e-02,3.25166090737207e-02,lamp_kernel
1.605059e+02,6981,3.21930862486465e-08,3.25700307914966e-02,3.25700836806082e-02,3.25167563732250e-02,lamp_kernel
1.609694e+02,7001,3.20504925569408e-08,3.25700141386231e-02,3.25700667934715e-02,3.25169028242812e-02,lamp_kernel
1.614329e+02,7021,3.19109418076950e-08,3.25699976311313e-02,3.25700500567158e-02,3.25170484341969e-02,lamp_kernel
1.618963e+02,7041,3.17753078677873e-08,3.25699812674009e-02,3.25700334701562e-02,3.25171931636941e-02,lamp_kernel
1.623598e+02,7061,3.16421322824038e-08,3.25699650458302e-02,3.25700170297951e-02,3.25173369952049e-02,lamp_kernel
1.628233e+02,7081,3.15113899374323e-08,3.25699489648409e-02,3.25700007340128e-02,3.25174799366963e-02,lamp_kernel
1.632868e+02,7101,3.13829806060331e-08,3.25699330228710e-02,3.25699845810829e-02,3.25176220675177e-02,lamp_kernel
1.637502e+02,7121,3.12728144124102e-08,3.25699172183791e-02,3.25699685956021e-02,3.25177633945460e-02,lamp_kernel
1.642138e+02,7141,3.11708804939501e-08,3.25699015498435e-02,3.25699527596021e-02,3.25179039245803e-02,lamp_kernel
1.646772e+02,7161,3.10694029104690e-08,3.25698860157622e-02,3.25699370588062e-02,3.25180436642011e-02,lamp_kernel
1.651408e+02,7181,3.09689687553905e-08,3.25698706146548e-02,3.25699214926984e-02,3.25181826200769e-02,lamp_kernel
1.656044e+02,7201,3.08701645078286e-08,3.25698553450611e-02,3.25699060607820e-02,3.25183207989005e-02,lamp_kernel
1.660679e+02,7221,3.07709552382168e-08,3.25698402055422e-02,3.25698907582749e-02,3.25184582071689e-02,lamp_kernel
1.665314e+02,7241,3.06719454011427e-08,3.25698251946798e-02,3.25698755847521e-02,3.25185948513079e-02,lamp_kernel
1.669949e+02,7261,3.05749880968511e-08,3.25698103110778e-02,3.25698605418617e-02,3.25187307376705e-02,lamp_kernel
1.674583e+02,7281,3.04788135151831e-08,3.25697955533597e-02,3.25698456261410e-02,3.25188658725397e-02,lamp_kernel
1.679218e+02,7301,3.03827444413479e-08,3.25697809201673e-02,3.25698308351195e-02,3.25190002621289e-02,lamp_kernel
1.683853e+02,7321,3.02870358443218e-08,3.25697664101619e-02,3.25698161678772e-02,3.25191339125826e-02,lamp_kernel
1.688488e+02,7341,3.01920735391635e-08,3.25697520220222e-02,3.25698016237266e-02,3.25192668299777e-02,lamp_kernel
1.693123e+02,7361,3.01006032283079e-08,3.25697377544432e-02,3.25697872058736e-02,3.25193990203245e-02,lamp_kernel
1.697758e+02,7381,3.00128408195948e-08,3.25697236061353e-02,3.25697729133833e-02,3.25195304708038e-02,lamp_kernel
1.702393e+02,7401,2.99285204680541e-08,3.25697095758231e-02,3.25697587445436e-02,3.25196611949107e-02,lamp_kernel
1.707028e+02,7421,2.98450289313831e-08,3.25696956622478e-02,3.25697446938024e-02,3.25197912097906e-02,lamp_kernel
1.711663e+02,7441,2.97617689510853e-08,3.25696818641636e-02,3.25697307589327e-02,3.25199205211949e-02,lamp_kernel
1.716298e+02,7461,2.96803669128366e-08,3.25696681803395e-02,3.25697169413755e-02,3.25200491348133e-02,lamp_kernel
1.720933e+02,7481,2.95986714568168e-08,3.25696546095604e-02,3.25697032363813e-02,3.25201770263324e-02,lamp_kernel
1.725568e+02,7501,2.95168346693138e-08,3.25696411506275e-02,3.25696896430009e-02,3.25203042000466e-02,lamp_kernel
1.730203e+02,7521,2.94340112535716e-08,3.25696278023575e-02,3.25696761586627e-02,3.25204306932169e-02,lamp_kernel
1.734838e+02,7541,2.93504139285024e-08,3.25696145635832e-02,3.25696627825488e-02,3.25205565112870e-02,lamp_kernel
1.739473e+02,7561,2.92659113030428e-08,3.25696014331558e-02,3.25696495132944e-02,3.25206816596433e-02,lamp_kernel
1.744107e+02,7581,2.91814106723540e-08,3.25695884099418e-02,3.25696363512567e-02,3.25208061436140e-02,lamp_kernel
1.748743e+02,7601,2.90964505997022e-08,3.25695754928242e-02,3.25696232945606e-02,3.25209299684714e-02,lamp_kernel
1.753378e+02,7621,2.90135473656745e-08,3.25695626807021e-02,3.25696103462391e-02,3.25210531394317e-02,lamp_kernel
1.758013e+02,7641,2.89304069756612e-08,3.25695499724887e-02,3.25695975014367e-02,3.25211756616564e-02,lamp_kernel
1.762648e+02,7661,2.88489120236499e-08,3.25695373671133e-02,3.25695847621756e-02,3.25212975402523e-02,lamp_kernel
1.767283e+02,7681,2.87675976649939e-08,3.25695248635148e-02,3.25695721249880e-02,3.25214187802728e-02,lamp_kernel
1.771918e+02,7701,2.86863504023456e-08,3.25695124606478e-02,3.25695595886421e-02,3.25215393867186e-02,lamp_kernel
1.776553e+02,7721,2.86077899917299e-08,3.25695001574761e-02,3.25695471564058e-02,3.25216593645379e-02,lamp_kernel
1.781188e+02,7741,2.85288868102450e-08,3.25694879529765e-02,3.25695348222784e-02,3.25217787186279e-02,lamp_kernel
1.785824e+02,7761,2.84505663579303e-08,3.25694758461354e-02,3.25695225867668e-02,3.25218974538348e-02,lamp_kernel
1.790459e+02,7781,2.83726714120130e-08,3.25694638359513e-02,3.25695104486113e-02,3.25220155748513e-02,lamp_kernel
1.795094e+02,7801,2.82935188334701e-08,3.25694519214347e-02,3.25694984040571e-02,3.25221330864506e-02,lamp_kernel
1.799729e+02,7821,2.82138131025027e-08,3.25694401016068e-02,3.25694864532830e-02,3.25222499934081e-02,lamp_kernel
1.804365e+02,7841,2.81328559952499e-08,3.25694283755033e-02,3.25694745941773e-02,3.25223663003734e-02,lamp_kernel
1.809000e+02,7861,2.80507522097846e-08,3.25694167421709e-02,3.25694628259589e-02,3.25224820119487e-02,lamp_kernel
1.813635e+02,7881,2.79681139952521e-08,3.25694052006714e-02,3.25694511486954e-02,3.25225971326885e-02,lamp_kernel
1.818271e+02,7901,2.78866168979645e-08,3.25693937500776e-02,3.25694395642124e-02,3.25227116671019e-02,lamp_kernel
1.822906e+02,7921,2.78049635416396e-08,3.25693823894789e-02,3.25694280694677e-02,3.25228256196515e-02,lamp_kernel
1.827541e+02,7941,2.77224014162011e-08,3.25693711179742e-02,3.25694166623241e-02,3.25229389947554e-02,lamp_kernel
1.832176e+02,7961,2.76394318758919e-08,3.25693599346767e-02,3.25694053427182e-02,3.25230517967861e-02,lamp_kernel
1.836812e+02,7981,2.75568031556854e-08,3.25693488387104e-02,3.25693941110035e-02,3.25231640300728e-02,lamp_kernel
1.841448e+02,8001,2.74744056719168e-08,3.25693378292090e-02,3.25693829661336e-02,3.25232756989009e-02,lamp_kernel
1.846083e+02,8021,2.73918559295276e-08,3.25693269053175e-02,3.25693719066234e-02,3.25233868055197e-02,lamp_kernel
1.850719e+02,8041,2.73092821265818e-08,3.25693160661882e-02,3.25693609318360e-02,3.25234973514438e-02,lamp_kernel
1.855354e+02,8061,2.72274464530720e-08,3.25693053109845e-02,3.25693500421868e-02,3.25236073455787e-02,lamp_kernel
1.859990e+02,8081,2.71453938943130e-08,3.25692946388756e-02,3.25693392352761e-02,3.25237167654666e-02,lamp_kernel
1.864625e+02,8101,2.70637512965337e-08,3.25692840490408e-02,3.25693285113129e-02,3.25238256037606e-02,lamp_kernel
1.869260e+02,8121,2.69829728142519e-08,3.25692735406681e-02,3.25693178702316e-02,3.25239339028611e-02,lamp_kernel
1.873896e+02,8141,2.69034639076662e-08,3.25692631129531e-02,3.25693073118936e-02,3.25240416667636e-02,lamp_kernel
1.878531e+02,8161,2.68239606081287e-08,3.25692527651020e-02,3.25692968334288e-02,3.25241488994245e-02,lamp_kernel
1.883166e+02,8181,2.67432161877888e-08,3.25692424963314e-02,3.25692864320055e-02,3.25242556047603e-02,lamp_kernel
1.887801e+02,8201,2.66606820014968e-08,3.25692323058688e-02,3.25692761059498e-02,3.25243617866499e-02,lamp_kernel
1.892436e+02,8221,2.65764649807517e-08,3.25692221929502e-02,3.25692658546735e-02,3.25244674489338e-02,lamp_kernel
1.897072e+02,8241,2.64906554379374e-08,3.25692121568256e-02,3.25692556775748e-02,3.25245725954152e-02,lamp_kernel
1.901707e+02,8261,2.64035179262854e-08,3.25692021967523e-02,3.25692455743457e-02,3.25246772298604e-02,lamp_kernel
1.906343e+02,8281,2.63157984089280e-08,3.25691923119987e-02,3.25692355454802e-02,3.25247813489729e-02,lamp_kernel
1.910978e+02,8301,2.62276075487850e-08,3.25691825018432e-02,3.25692255904384e-02,3.25248849516329e-02,lamp_kernel
1.915613e+02,8321,2.61406094959394e-08,3.25691727655719e-02,3.25692157112405e-02,3.25249880537272e-02,lamp_kernel
1.920250e+02,8341,2.60551329725987e-08,3.25691631024796e-02,3.25692059077212e-02,3.25250906588731e-02,lamp_kernel
1.924885e+02,8361,2.59704812916971e-08,3.25691535118673e-02,3.25691961780371e-02,3.25251927706547e-02,lamp_kernel
1.929521e+02,8381,2.58866739453135e-08,3.25691439930444e-02,3.25691865215294e-02,3.25252943926201e-02,lamp_kernel
1.934157e+02,8401,2.58030467226046e-08,3.25691345453243e-02,3.25691769364205e-02,3.25253955282842e-02,lamp_kernel
1.938792e+02,8421,2.57193364406248e-08,3.25691251680284e-02,3.25691674215994e-02,3.25254961811278e-02,lamp_kernel
1.943428e+02,8441,2.56360432256954e-08,3.25691158604848e-02,3.25691579772157e-02,3.25255963545988e-02,lamp_kernel
1.948063e+02,8461,2.55524795107316e-08,3.25691066220270e-02,3.25691486014735e-02,3.25256960521119e-02,lamp_kernel
1.952699e+02,8481,2.54687124587582e-08,3.25690974519969e-02,3.25691392938248e-02,3.25257952770499e-02,lamp_kernel
1.957335e+02,8501,2.53843356371406e-08,3.25690883497432e-02,3.25691300529508e-02,3.25258940327627e-02,lamp_kernel
1.961971e+02,8521,2.52996691448622e-08,3.25690793146234e-02,3.25691208787349e-02,3.25259923225690e-02,lamp_kernel
1.966606e+02,8541,2.52141055024003e-08,3.25690703460044e-02,3.25691117695458e-02,3.25260901497563e-02,lamp_kernel
1.971242e+02,8561,2.51272147603204e-08,3.25690614432596e-02,3.25691027240506e-02,3.25261875175806e-02,lamp_kernel
1.975877e+02,8581,2.50411889304442e-08,3.25690526057721e-02,3.25690937452337e-02,3.25262844292677e-02,lamp_kernel
1.980513e+02,8601,2.49552490487141e-08,3.25690438329341e-02,3.25690848312075e-02,3.25263808880131e-02,lamp_kernel
1.985148e+02,8621,2.48692841491423e-08,3.25690351241449e-02,3.25690759811890e-02,3.25264768793148e-02,lamp_kernel
1.989783e+02,8641,2.47828175505432e-08,3.25690264788102e-02,3.25690671938008e-02,3.25265724234812e-02,lamp_kernel
1.994419e+02,8661,2.46960603526969e-08,3.25690178963432e-02,3.25690584688028e-02,3.25266675242523e-02,lamp_kernel
1.999054e+02,8681,2.46092438373076e-08,3.25690093761631e-02,3.25690498059943e-02,3.25267621847050e-02,lamp_kernel
2.003690e+02,8701,2.45229856868738e-08,3.25690009176939e-02,3.25690412058140e-02,3.25268564078873e-02,lamp_kernel
2.008325e+02,8721,2.44370475430618e-08,3.25689925203647e-02,3.25690326672995e-02,3.25269501968196e-02,lamp_kernel
2.012961e+02,8741,2.43514330476851e-08,3.25689841836089e-02,3.25690241898901e-02,3.25270435544936e-02,lamp_kernel
2.017596e+02,8761,2.42663002916925e-08,3.25689759068661e-02,3.25690157732850e-02,3.25271364838742e-02,lamp_kernel
2.022232e+02,8781,2.41826322541114e-08,3.25689676895799e-02,3.25690074185430e-02,3.25272289878988e-02,lamp_kernel
2.026868e+02,8801,2.40999825244392e-08,3.25689595311990e-02,3.25689991243792e-02,3.25273210694778e-02,lamp_kernel
2.031503e+02,8821,2.40179918715743e-08,3.25689514311797e-02,3.25689908896598e-02,3.25274127314950e-02,lamp_kernel
2.036139e+02,8841,2.39364974855913e-08,3.25689433889824e-02,3.25689827135776e-02,3.25275039709749e-02,lamp_kernel
2.040774e+02,8861,2.38547513231278e-08,3.25689354040767e-02,3.25689745943735e-02,3.25275947920216e-02,lamp_kernel
2.045410e+02,8881,2.37723392500104e-08,3.25689274759375e-02,3.25689665308418e-02,3.25276852020843e-02,lamp_kernel
2.050046e+02,8901,2.36897681185403e-08,3.25689196040483e-02,3.25689585232989e-02,3.25277752039425e-02,lamp_kernel
2.054681e+02,8921,2.36071724834754e-08,3.25689117878974e-02,3.25689505714539e-02,3.25278647692601e-02,lamp_kernel
2.059317e+02,8941,2.35243518014484e-08,3.25689040269824e-02,3.25689426744752e-02,3.25279538863484e-02,lamp_kernel
2.063954e+02,8961,2.34427636158732e-08,3.25688963208053e-02,3.25689348342591e-02,3.25280426042579e-02,lamp_kernel
2.068590e+02,8981,2.33634274154052e-08,3.25688886688753e-02,3.25689270519899e-02,3.25281309255548e-02,lamp_kernel
2.073226e+02,9001,2.32850994300606e-08,3.25688810707040e-02,3.25689193251358e-02,3.25282188529395e-02,lamp_kernel
2.077861e+02,9021,2.32072911459450e-08,3.25688735258093e-02,3.25689116524120e-02,3.25283063890876e-02,lamp_kernel
2.082497e+02,9041,2.31300225135587e-08,3.25688660337135e-02,3.25689040333739e-02,3.25283935258953e-02,lamp_kernel
2.087133e+02,9061,2.30532546890790e-08,3.25688585939423e-02,3.25688964674829e-02,3.25284802755987e-02,lamp_kernel
2.091769e+02,9081,2.29777546245570e-08,3.25688512060231e-02,3.25688889555268e-02,3.25285666419426e-02,lamp_kernel
2.096405e+02,9101,2.29027186247995e-08,3.25688438694903e-02,3.25688814957195e-02,3.25286526274566e-02,lamp_kernel
2.101041e+02,9121,2.28283658268102e-08,3.25688365838809e-02,3.25688740879580e-02,3.25287382346482e-02,lamp_kernel
2.105678e+02,9141,2.27542127585138e-08,3.25688293487356e-02,3.25688667309887e-02,3.25288234660021e-02,lamp_kernel
2.110314e+02,9161,2.26801534280653e-08,3.25688221636013e-02,3.25688594241844e-02,3.25289083239817e-02,lamp_kernel
2.114950e+02,9181,2.26061667314384e-08,3.25688150280305e-02,3.25688521670630e-02,3.25289928110288e-02,lamp_kernel
2.119586e+02,9201,2.25321229916896e-08,3.25688079415819e-02,3.25688449589700e-02,3.25290769295632e-02,lamp_kernel
2.124222e+02,9221,2.24582067580794e-08,3.25688009038185e-02,3.25688377997717e-02,3.25291606819846e-02,lamp_kernel
2.128858e+02,9241,2.23840163364507e-08,3.25687939143108e-02,3.25688306883786e-02,3.25292440706709e-02,lamp_kernel
2.133495e+02,9261,2.23097559643414e-08,3.25687869726335e-02,3.25688236247011e-02,3.25293270979798e-02,lamp_kernel
2.138131e+02,9281,2.22363588484008e-08,3.25687800783693e-02,3.25688166098548e-02,3.25294097662484e-02,lamp_kernel
2.142767e+02,9301,2.21635127095542e-08,3.25687732311039e-02,3.25688096429125e-02,3.25294920777933e-02,lamp_kernel
2.147403e+02,9321,2.20917136231469e-08,3.25687664304278e-02,3.25688027242798e-02,3.25295740349117e-02,lamp_kernel
2.152039e+02,9341,2.20210083360323e-08,3.25687596759348e-02,3.25687958536271e-02,3.25296556398807e-02,lamp_kernel
2.156675e+02,9361,2.19505389514159e-08,3.25687529672235e-02,3.25687890291436e-02,3.25297368949576e-02,lamp_kernel
2.161312e+02,9381,2.18828126984443e-08,3.25687463038940e-02,3.25687822545485e-02,3.25298178023808e-02,lamp_kernel
2.165948e+02,9401,2.18162489073434e-08,3.25687396855504e-02,3.25687755268492e-02,3.25298983643692e-02,lamp_kernel
2.170584e+02,9421,2.17499895932843e-08,3.25687331118001e-02,3.25687688442433e-02,3.25299785831232e-02,lamp_kernel
2.175220e+02,9441,2.16837340824969e-08,3.25687265822511e-02,3.25687622058450e-02,3.25300584608239e-02,lamp_kernel
2.179856e+02,9461,2.16171803947235e-08,3.25687200965183e-02,3.25687556107730e-02,3.25301379996328e-02,lamp_kernel
2.184492e+02,9481,2.15501118292863e-08,3.25687136542177e-02,3.25687490582874e-02,3.25302171973888e-02,lamp_kernel
2.189128e+02,9501,2.14821764188675e-08,3.25687072549721e-02,3.25687425474327e-02,3.25302960605778e-02,lamp_kernel
2.193765e+02,9521,2.14136790686947e-08,3.25687008984080e-02,3.25687360783361e-02,3.25303745913078e-02,lamp_kernel
2.198402e+02,9541,2.13447732816343e-08,3.25686945841552e-02,3.25687296508800e-02,3.25304527916686e-02,lamp_kernel
2.203038e+02,9561,2.12755406153183e-08,3.25686883118517e-02,3.25687232648361e-02,3.25305306637330e-02,lamp_kernel
2.207674e+02,9581,2.12060860631482e-08,3.25686820811392e-02,3.25687169200187e-02,3.25306082095564e-02,lamp_kernel
2.212310e+02,9601,2.11366874907435e-08,3.25686758916625e-02,3.25687106165291e-02,3.25306854311767e-02,lamp_kernel
2.216947e+02,9621,2.10673419038978e-08,3.25686697430740e-02,3.25687043540146e-02,3.25307623223472e-02,lamp_kernel
2.221583e+02,9641,2.09981488886572e-08,3.25686636350280e-02,3.25686981322934e-02,3.25308388926090e-02,lamp_kernel
2.226220e+02,9661,2.09295944903910e-08,3.25686575671813e-02,3.25686919518206e-02,3.25309151446593e-02,lamp_kernel
2.230856e+02,9681,2.08615016245915e-08,3.25686515391963e-02,3.25686858119677e-02,3.25309910804699e-02,lamp_kernel
2.235492e+02,9701,2.07936174875231e-08,3.25686455507354e-02,3.25686797119819e-02,3.25310667019955e-02,lamp_kernel
2.240129e+02,9721,2.07261577707412e-08,3.25686396014648e-02,3.25686736518837e-02,3.25311420111755e-02,lamp_kernel
2.244764e+02,9741,2.06593163121950e-08,3.25686336910542e-02,3.25686676316611e-02,3.25312170099326e-02,lamp_kernel
2.249401e+02,9761,2.05928407688341e-08,3.25686278191715e-02,3.25686616505676e-02,3.25312917001741e-02,lamp_kernel
2.254037e+02,9781,2.05263488580847e-08,3.25686219854901e-02,3.25686557076486e-02,3.25313660837921e-02,lamp_kernel
2.258673e+02,9801,2.04599057392733e-08,3.25686161896876e-02,3.25686498026885e-02,3.25314401626626e-02,lamp_kernel
2.263309e+02,9821,2.03943928111023e-08,3.25686104314419e-02,3.25686439368134e-02,3.25315139386463e-02,lamp_kernel
2.267946e+02,9841,2.03283335104344e-08,3.25686047104367e-02,3.25686381072813e-02,3.25315874135896e-02,lamp_kernel
2.272582e+02,9861,2.02618489079881e-08,3.25685990263607e-02,3.25686323139796e-02,3.25316605893226e-02,lamp_kernel
2.277218e+02,9881,2.01976496703014e-08,3.25685933789026e-02,3.25686265610504e-02,3.25317334676618e-02,lamp_kernel
2.281855e+02,9901,2.01335568465341e-08,3.25685877677607e-02,3.25686208446122e-02,3.25318060504081e-02,lamp_kernel
2.286491e+02,9921,2.00691889999305e-08,3.25685821926336e-02,3.25686151637370e-02,3.25318783393484e-02,lamp_kernel
2.291127e+02,9941,2.00047098835340e-08,3.25685766532274e-02,3.25686095183999e-02,3.25319503362551e-02,lamp_kernel
2.295764e+02,9961,1.99401863450511e-08,3.25685711492469e-02,3.25686039084155e-02,3.25320220428862e-02,lamp_kernel
2.300402e+02,9981,1.98760208802148e-08,3.25685656804048e-02,3.25685983341578e-02,3.25320934609858e-02,lamp_kernel
2.305038e+02,10001,1.98121449468111e-08,3.25685602464130e-02,3.25685927952261e-02,3.25321645922838e-02,lamp_kernel
2.309675e+02,10021,1.97483682897879e-08,3.25685548469868e-02,3.25685872910229e-02,3.25322354384964e-02,lamp_kernel
2.314312e+02,10041,1.96851624920701e-08,3.25685494818437e-02,3.25685818220408e-02,3.25323060013263e-02,lamp_kernel
2.318949e+02,10061,1.96227700216698e-08,3.25685441507023e-02,3.25685763883966e-02,3.25323762824626e-02,lamp_kernel
2.323585e+02,10081,1.95618651005929e-08,3.25685388532830e-02,3.25685709909183e-02,3.25324462835806e-02,lamp_kernel
2.328222e+02,10101,1.95009549444694e-08,3.25685335893081e-02,3.25685656268759e-02,3.25325160063429e-02,lamp_kernel
2.332859e+02,10121,1.94396997037516e-08,3.25685283585009e-02,3.25685602954342e-02,3.25325854523988e-02,lamp_kernel
2.338441e+02,10141,1.93781200099940e-08,3.25685231605914e-02,3.25685549963571e-02,3.25326546233843e-02,lamp_kernel
2.343078e+02,10161,1.93164311706123e-08,3.25685179953071e-02,3.25685497297260e-02,3.25327235209229e-02,lamp_kernel
2.347714e+02,10181,1.92541244640337e-08,3.25685128623820e-02,3.25685444944390e-02,3.25327921453352e-02,lamp_kernel
2.352350e+02,10201,1.91909541350096e-08,3.25685077615530e-02,3.25685392898292e-02,3.25328604926529e-02,lamp_kernel
2.356986e+02,10221,1.91269633926479e-08,3.25685026925601e-02,3.25685341157077e-02,3.25329285713487e-02,lamp_kernel
2.361621e+02,10241,1.90624502846570e-08,3.25684976551482e-02,3.25685289723090e-02,3.25329963829956e-02,lamp_kernel
2.366257e+02,10261,1.89980926612809e-08,3.25684926490635e-02,3.25685238604930e-02,3.25330639291543e-02,lamp_kernel
2.370893e+02,10281,1.89337314534908e-08,3.25684876740580e-02,3.25685187797503e-02,3.25331312113735e-02,lamp_kernel
2.375529e+02,10301,1.88696523462822e-08,3.25684827298840e-02,3.25685137303025e-02,3.25331982311897e-02,lamp_kernel
2.380165e+02,10321,1.88066141231131e-08,3.25684778162970e-02,3.25685087131519e-02,3.25332649901274e-02,lamp_kernel
2.384801e+02,10341,1.87447224786052e-08,3.25684729330546e-02,3.25685037282295e-02,3.25333314896996e-02,lamp_kernel
2.389436e+02,10361,1.86838550803428e-08,3.25684680799162e-02,3.25684987750937e-02,3.25333977175526e-02,lamp_kernel
2.394072e+02,10381,1.86234406783160e-08,3.25684632566407e-02,3.25684938525651e-02,3.25334636853177e-02,lamp_kernel
2.398708e+02,10401,1.85636630195338e-08,3.25684584629907e-02,3.25684889607080e-02,3.25335293982764e-02,lamp_kernel
2.403344e+02,10421,1.85057557851639e-08,3.25684536987281e-02,3.25684841013113e-02,3.25335948578955e-02,lamp_kernel
2.407980e+02,10441,1.84477515821030e-08,3.25684489636178e-02,3.25684792709075e-02,3.25336600656306e-02,lamp_kernel
2.412616e+02,10461,1.83896401498816e-08,3.25684442574248e-02,3.25684744692449e-02,3.25337250229260e-02,lamp_kernel
2.417251e+02,10481,1.83313360134140e-08,3.25684395799192e-02,3.25684696959530e-02,3.25337897312156e-02,lamp_kernel
2.421887e+02,10501,1.82723549191513e-08,3.25684349308694e-02,3.25684649500049e-02,3.25338541919215e-02,lamp_kernel
2.426523e+02,10521,1.82126199946628e-08,3.25684303100508e-02,3.25684602310495e-02,3.25339184064556e-02,lamp_kernel
2.431158e+02,10541,1.81522004629777e-08,3.25684257172393e-02,3.25684555389764e-02,3.25339823762189e-02,lamp_kernel
2.435794e+02,10561,1.80913636972566e-08,3.25684211522138e-02,3.25684508740039e-02,3.25340461026016e-02,lamp_kernel
2.440430e+02,10581,1.80301424016462e-08,3.25684166147597e-02,3.25684462359711e-02,3.25341095869772e-02,lamp_kernel
2.445066e+02,10601,1.79695443505380e-08,3.25684121046591e-02,3.25684416263157e-02,3.25341728307204e-02,lamp_kernel
2.449701e+02,10621,1.79088832584791e-08,3.25684076217024e-02,3.25684370437006e-02,3.25342358295000e-02,lamp_kernel
2.454337e+02,10641,1.78481515760222e-08,3.25684031656777e-02,3.25684324879015e-02,3.25342985903612e-02,lamp_kernel
2.458973e+02,10661,1.77874622835047e-08,3.25683987363777e-02,3.25684279588968e-02,3.25343611146883e-02,lamp_kernel
2.463610e+02,10681,1.77269305219394e-08,3.25683943335955e-02,3.25684234566687e-02,3.25344234038097e-02,lamp_kernel
2.468246e+02,10701,1.76666714365613e-08,3.25683899571246e-02,3.25684189811999e-02,3.25344854590441e-02,lamp_kernel
2.472882e+02,10721,1.76067091910357e-08,3.25683856067605e-02,3.25684145323254e-02,3.25345472816997e-02,lamp_kernel
2.477518e+02,10741,1.75470101558589e-08,3.25683812822981e-02,3.25684101097852e-02,3.25346088730760e-02,lamp_kernel
2.482154e+02,10761,1.74875103065804e-08,3.25683769835341e-02,3.25684057132706e-02,3.25346702344621e-02,lamp_kernel
2.486789e+02,10781,1.74277925121467e-08,3.25683727102672e-02,3.25684013418950e-02,3.25347313671374e-02,lamp_kernel
2.491425e+02,10801,1.73675794693241e-08,3.25683684622963e-02,3.25683969950018e-02,3.25347922723727e-02,lamp_kernel
2.496061e+02,10821,1.73067911420372e-08,3.25683642394252e-02,3.25683926722632e-02,3.25348529514285e-02,lamp_kernel
2.500697e+02,10841,1.72454422174171e-08,3.25683600414546e-02,3.25683883735042e-02,3.25349134055564e-02,lamp_kernel
2.505333e+02,10861,1.71834519192252e-08,3.25683558681926e-02,3.25683840984001e-02,3.25349736359991e-02,lamp_kernel
2.509968e+02,10881,1.71209017282830e-08,3.25683517194481e-02,3.25683798468936e-02,3.25350336439894e-02,lamp_kernel
2.514604e+02,10901,1.70581519424210e-08,3.25683475950314e-02,3.25683756193871e-02,3.25350934307518e-02,lamp_kernel
2.519239e+02,10921,1.69950241817488e-08,3.25683434947569e-02,3.25683714154018e-02,3.25351529975014e-02,lamp_kernel
2.523875e+02,10941,1.69317841245374e-08,3.25683394184422e-02,3.25683672351919e-02,3.25352123454447e-02,lamp_kernel
2.528511e+02,10961,1.68690670374409e-08,3.25683353659042e-02,3.25683630796177e-02,3.25352714757789e-02,lamp_kernel
2.533147e+02,10981,1.68074967216360e-08,3.25683313369633e-02,3.25683589495246e-02,3.25353303896929e-02,lamp_kernel
2.537783e+02,11001,1.67465080205970e-08,3.25683273314391e-02,3.25683548438039e-02,3.25353890883671e-02,lamp_kernel
2.542419e+02,11021,1.66857851540520e-08,3.25683233491562e-02,3.25683507617611e-02,3.25354475729732e-02,lamp_kernel
2.547054e+02,11041,1.66255059152813e-08,3.25683193899342e-02,3.25683467035080e-02,3.25355058446737e-02,lamp_kernel
2.551690e+02,11061,1.65654615024292e-08,3.25683154535989e-02,3.25683426685274e-02,3.25355639046240e-02,lamp_kernel
2.556325e+02,11081,1.65055815785600e-08,3.25683115399725e-02,3.25683386565260e-02,3.25356217539701e-02,lamp_kernel
2.560961e+02,11101,1.64456438588495e-08,3.25683076488800e-02,3.25683346669635e-02,3.25356793938504e-02,lamp_kernel
2.565597e+02,11121,1.63855612070654e-08,3.25683037801484e-02,3.25683306995239e-02,3.25357368246115e-02,lamp_kernel
2.570233e+02,11141,1.63251247918502e-08,3.25682999336038e-02,3.25683267536899e-02,3.25357940473298e-02,lamp_kernel
2.574869e+02,11161,1.62643315784880e-08,3.25682961090756e-02,3.25683228292863e-02,3.25358510639525e-02,lamp_kernel
2.579505e+02,11181,1.62028738542576e-08,3.25682923063962e-02,3.25683189256397e-02,3.25359078755855e-02,lamp_kernel
2.584141e+02,11201,1.61406833580722e-08,3.25682885253971e-02,3.25683150424696e-02,3.25359644833269e-02,lamp_kernel
2.588776e+02,11221,1.60780690749700e-08,3.25682847659143e-02,3.25683111801196e-02,3.25360208882672e-02,lamp_kernel
2.593412e+02,11241,1.60152356301491e-08,3.25682810277860e-02,3.25683073387640e-02,3.25360770914884e-02,lamp_kernel
2.598047e+02,11261,1.59521668170558e-08,3.25682773108532e-02,3.25683035182172e-02,3.25361330940658e-02,lamp_kernel
2.602683e+02,11281,1.58902609792218e-08,3.25682736149560e-02,3.25682997206167e-02,3.25361888970663e-02,lamp_kernel
2.607318e+02,11301,1.58291834348674e-08,3.25682699399387e-02,3.25682959452569e-02,3.25362445015496e-02,lamp_kernel
2.611954e+02,11321,1.57680980272059e-08,3.25682662856462e-02,3.25682921906088e-02,3.25362999085679e-02,lamp_kernel
2.616590e+02,11341,1.57075069490576e-08,3.25682626519231e-02,3.25682884573423e-02,3.25363551191659e-02,lamp_kernel
2.621225e+02,11361,1.56467043856356e-08,3.25682590386161e-02,3.25682847441445e-02,3.25364101343810e-02,lamp_kernel
2.625861e+02,11381,1.55857734013982e-08,3.25682554455714e-02,3.25682810509980e-02,3.25364649552436e-02,lamp_kernel
2.630497e+02,11401,1.55245774418389e-08,3.25682518726364e-02,3.25682773775259e-02,3.25365195827764e-02,lamp_kernel
2.635132e+02,11421,1.54632236605660e-08,3.25682483196593e-02,3.25682737237524e-02,3.25365740179950e-02,lamp_kernel
2.639768e+02,11441,1.54017598585842e-08,3.25682447864867e-02,3.25682700896027e-02,3.25366282619087e-02,lamp_kernel
2.644404e+02,11461,1.53406858893205e-08,3.25682412729706e-02,3.25682664757499e-02,3.25366823155187e-02,lamp_kernel
2.649040e+02,11481,1.52800846581511e-08,3.25682377789604e-02,3.25682628821796e-02,3.25367361725515e-02,lamp_kernel
2.653676e+02,11501,1.52189799894672e-08,3.25682343043087e-02,3.25682593071408e-02,3.25367898322488e-02,lamp_kernel
2.658313e+02,11521,1.51575860143571e-08,3.25682308488700e-02,3.25682557508397e-02,3.25368433047148e-02,lamp_kernel
2.662949e+02,11541,1.50964028849260e-08,3.25682274124999e-02,3.25682522139536e-02,3.25368965909230e-02,lamp_kernel
2.667585e+02,11561,1.50362942525792e-08,3.25682239950585e-02,3.25682486977614e-02,3.25369496918403e-02,lamp_kernel
2.672221e+02,11581,1.49772244126714e-08,3.25682205964043e-02,3.25682452020631e-02,3.25370026084265e-02,lamp_kernel
2.676857e+02,11601,1.49184747176056e-08,3.25682172164003e-02,3.25682417255408e-02,3.25370553416350e-02,lamp_kernel
2.681493e+02,11621,1.48600682677524e-08,3.25682138549102e-02,3.25682382680964e-02,3.25371078924129e-02,lamp_kernel
2.686128e+02,11641,1.48019752229715e-08,3.25682105117983e-02,3.25682348295451e-02,3.25371602617005e-02,lamp_kernel
2.690764e+02,11661,1.47439604426664e-08,3.25682071869315e-02,3.25682314093674e-02,3.25372124504317e-02,lamp_kernel
2.695400e+02,11681,1.46859908872246e-08,3.25682038801750e-02,3.25682280073744e-02,3.25372644595343e-02,lamp_kernel
2.700035e+02,11701,1.46285161574395e-08,3.25682005913966e-02,3.25682246241723e-02,3.25373162899295e-02,lamp_kernel
2.704671e+02,11721,1.45711435276329e-08,3.25681973204631e-02,3.25682212589830e-02,3.25373679425322e-02,lamp_kernel
2.709307e+02,11741,1.45138898740880e-08,3.25681940672424e-02,3.25682179117019e-02,3.25374194182513e-02,lamp_kernel
2.713943e+02,11761,1.44567944844284e-08,3.25681908316028e-02,3.25682145822619e-02,3.25374707179894e-02,lamp_kernel
2.718579e+02,11781,1.43999422203967e-08,3.25681876134124e-02,3.25682112706705e-02,3.25375218426430e-02,lamp_kernel
2.723215e+02,11801,1.43431593332890e-08,3.25681844125429e-02,3.25682079765140e-02,3.25375727931027e-02,lamp_kernel
2.727851e+02,11821,1.42867921449579e-08,3.25681812288640e-02,3.25682047002311e-02,3.25376235702528e-02,lamp_kernel
2.732488e+02,11841,1.42307583860790e-08,3.25681780622487e-02,3.25682014415595e-02,3.25376741749720e-02,lamp_kernel
2.737124e+02,11861,1.41749503485521e-08,3.25681749125722e-02,3.25681982001976e-02,3.25377246081329e-02,lamp_kernel
2.741760e+02,11881,1.41193982926828e-08,3.25681717797096e-02,3.25681949760700e-02,3.25377748706023e-02,lamp_kernel
2.746397e+02,11901,1.40642166222879e-08,3.25681686635403e-02,3.25681917692443e-02,3.25378249632409e-02,lamp_kernel
2.751033e+02,11921,1.40094162345683e-08,3.25681655639428e-02,3.25681885796168e-02,3.25378748869043e-02,lamp_kernel
2.755669e+02,11941,1.39546277680063e-08,3.25681624807990e-02,3.25681854064626e-02,3.25379246424415e-02,lamp_kernel
2.760305e+02,11961,1.38997524025669e-08,3.25681594139922e-02,3.25681822495026e-02,3.25379742306968e-02,lamp_kernel
2.764941e+02,11981,1.38448990433706e-08,3.25681563634052e-02,3.25681791087986e-02,3.25380236525080e-02,lamp_kernel
2.769577e+02,12001,1.37903044002027e-08,3.25681533289219e-02,3.25681759846233e-02,3.25380729087081e-02,lamp_kernel
2.774213e+02,12021,1.37360984342422e-08,3.25681503104274e-02,3.25681728770753e-02,3.25381220001240e-02,lamp_kernel
2.778849e+02,12041,1.36818721362921e-08,3.25681473078068e-02,3.25681697853678e-02,3.25381709275773e-02,lamp_kernel
2.783486e+02,12061,1.36277151177440e-08,3.25681443209458e-02,3.25681667095338e-02,3.25382196918841e-02,lamp_kernel
2.788122e+02,12081,1.35738695200228e-08,3.25681413497296e-02,3.25681636498562e-02,3.25382682938556e-02,lamp_kernel
2.792758e+02,12101,1.35206499996478e-08,3.25681383940438e-02,3.25681606067376e-02,3.25383167342971e-02,lamp_kernel
2.797394e+02,12121,1.34686567685937e-08,3.25681354537745e-02,3.25681575810501e-02,3.25383650140089e-02,lamp_kernel
2.802031e+02,12141,1.34176999230951e-08,3.25681325288123e-02,3.25681545723723e-02,3.25384131337858e-02,lamp_kernel
2.806667e+02,12161,1.33670544061468e-08,3.25681296190451e-02,3.25681515794010e-02,3.25384610944177e-02,lamp_kernel
2.811303e+02,12181,1.33172586414944e-08,3.25681267243631e-02,3.25681486029109e-02,3.25385088966894e-02,lamp_kernel
2.815940e+02,12201,1.32681139355198e-08,3.25681238446576e-02,3.25681456424670e-02,3.25385565413798e-02,lamp_kernel
2.820576e+02,12221,1.32193879783515e-08,3.25681209798225e-02,3.25681426975814e-02,3.25386040292637e-02,lamp_kernel
2.825213e+02,12241,1.31710321263815e-08,3.25681181297533e-02,3.25681397680698e-02,3.25386513611104e-02,lamp_kernel
2.829849e+02,12261,1.31233913000376e-08,3.25681152943485e-02,3.25681368543972e-02,3.25386985376843e-02,lamp_kernel
2.834486e+02,12281,1.30760678221322e-08,3.25681124735035e-02,3.25681339558058e-02,3.25387455597445e-02,lamp_kernel
2.839122e+02,12301,1.30290266501574e-08,3.25681096671181e-02,3.25681310721377e-02,3.25387924280460e-02,lamp_kernel
2.843758e+02,12321,1.29821516525548e-08,3.25681068750933e-02,3.25681282031034e-02,3.25388391433377e-02,lamp_kernel
2.848394e+02,12341,1.29353522456162e-08,3.25681040973275e-02,3.25681253484521e-02,3.25388857063647e-02,lamp_kernel
2.853031e+02,12361,1.28886193936868e-08,3.25681013337221e-02,3.25681225080707e-02,3.25389321178669e-02,lamp_kernel
2.857667e+02,12381,1.28421139862395e-08,3.25680985841771e-02,3.25681196821232e-02,3.25389783785795e-02,lamp_kernel
2.862303e+02,12401,1.27959827847573e-08,3.25680958485951e-02,3.25681168707536e-02,3.25390244892329e-02,lamp_kernel
2.866939e+02,12421,1.27500808014287e-08,3.25680931268765e-02,3.25681140736239e-02,3.25390704505528e-02,lamp_kernel
2.871576e+02,12441,1.27045228467788e-08,3.25680904189239e-02,3.25681112908254e-02,3.25391162567821e-02,lamp_kernel
2.876212e+02,12461,1.26595170353407e-08,3.25680877246382e-02,3.25681085226010e-02,3.25391619053652e-02,lamp_kernel
2.880849e+02,12481,1.26149648042244e-08,3.25680850439238e-02,3.25681057686930e-02,3.25392074069212e-02,lamp_kernel
2.885485e+02,12501,1.25706839178737e-08,3.25680823766838e-02,3.25681030287052e-02,3.25392527621567e-02,lamp_kernel
2.890122e+02,12521,1.25269271494109e-08,3.25680797228273e-02,3.25681003029619e-02,3.25392979717737e-02,lamp_kernel
2.894758e+02,12541,1.24835635355519e-08,3.25680770822581e-02,3.25680975911518e-02,3.25393430364700e-02,lamp_kernel
2.899395e+02,12561,1.24404903948671e-08,3.25680744548876e-02,3.25680948930177e-02,3.25393879564526e-02,lamp_kernel
2.904031e+02,12581,1.23978588877340e-08,3.25680718406239e-02,3.25680922087158e-02,3.25394327327083e-02,lamp_kernel
2.908667e+02,12601,1.23558856243607e-08,3.25680692393797e-02,3.25680895385150e-02,3.25394773661168e-02,lamp_kernel
2.913304e+02,12621,1.23144263768051e-08,3.25680666510663e-02,3.25680868820894e-02,3.25395218573588e-02,lamp_kernel
2.917940e+02,12641,1.22732762990507e-08,3.25680640755982e-02,3.25680842390169e-02,3.25395662071094e-02,lamp_kernel
2.922577e+02,12661,1.22325891542662e-08,3.25680615128877e-02,3.25680816094627e-02,3.25396104160403e-02,lamp_kernel
2.927213e+02,12681,1.21923759739379e-08,3.25680589628494e-02,3.25680789933593e-02,3.25396544848189e-02,lamp_kernel
2.931850e+02,12701,1.21525118199368e-08,3.25680564253978e-02,3.25680763904161e-02,3.25396984141081e-02,lamp_kernel
2.936486e+02,12721,1.21131572944970e-08,3.25680539004465e-02,3.25680738008103e-02,3.25397422045671e-02,lamp_kernel
2.941123e+02,12741,1.20741741755397e-08,3.25680513879107e-02,3.25680712242303e-02,3.25397858568504e-02,lamp_kernel
2.945759e+02,12761,1.20356996356749e-08,3.25680488877055e-02,3.25680686608163e-02,3.25398293716089e-02,lamp_kernel
2.950396e+02,12781,1.19976419698642e-08,3.25680463997452e-02,3.25680661103321e-02,3.25398727494891e-02,lamp_kernel
2.955032e+02,12801,1.19599029188650e-08,3.25680439239463e-02,3.25680635725328e-02,3.25399159911340e-02,lamp_kernel
2.959669e+02,12821,1.19230326761168e-08,3.25680414602263e-02,3.25680610482397e-02,3.25399590971818e-02,lamp_kernel
2.964305e+02,12841,1.18874074627654e-08,3.25680390085012e-02,3.25680585379870e-02,3.25400020682676e-02,lamp_kernel
2.968942e+02,12861,1.18527241615273e-08,3.25680365686920e-02,3.25680560411975e-02,3.25400449050220e-02,lamp_kernel
2.973578e+02,12881,1.18191461260861e-08,3.25680341407180e-02,3.25680535580592e-02,3.25400876080717e-02,lamp_kernel
2.978215e+02,12901,1.17859225808270e-08,3.25680317245012e-02,3.25680510872603e-02,3.25401301780399e-02,lamp_kernel
2.982851e+02,12921,1.17535131434049e-08,3.25680293199649e-02,3.25680486294795e-02,3.25401726155456e-02,lamp_kernel
2.987488e+02,12941,1.17214641581715e-08,3.25680269270312e-02,3.25680461838934e-02,3.25402149212041e-02,lamp_kernel
2.992125e+02,12961,1.16902184365413e-08,3.25680245456265e-02,3.25680437511560e-02,3.25402570956270e-02,lamp_kernel
2.996762e+02,12981,1.16603688220923e-08,3.25680221756751e-02,3.25680413321655e-02,3.25402991394220e-02,lamp_kernel
3.001398e+02,13001,1.16306192682931e-08,3.25680198171026e-02,3.25680389247183e-02,3.25403410531930e-02,lamp_kernel
3.006035e+02,13021,1.16010270735436e-08,3.25680174698348e-02,3.25680365288343e-02,3.25403828375406e-02,lamp_kernel
3.010672e+02,13041,1.15719601365012e-08,3.25680151337976e-02,3.25680341450439e-02,3.25404244930612e-02,lamp_kernel
3.015309e+02,13061,1.15433819309187e-08,3.25680128089163e-02,3.25680317732123e-02,3.25404660034313e-02,lamp_kernel
3.019946e+02,13081,1.15148322228274e-08,3.25680104951175e-02,3.25680294125099e-02,3.25405073704088e-02,lamp_kernel
3.024583e+02,13101,1.14865168058455e-08,3.25680081923290e-02,3.25680270632028e-02,3.25405486052598e-02,lamp_kernel
3.029219e+02,13121,1.14585529128255e-08,3.25680059004747e-02,3.25680247254074e-02,3.25405897107002e-02,lamp_kernel
3.033856e+02,13141,1.14325746831223e-08,3.25680036194845e-02,3.25680224017383e-02,3.25406306905067e-02,lamp_kernel
3.038492e+02,13161,1.14075098192337e-08,3.25680013492859e-02,3.25680200903614e-02,3.25406715452526e-02,lamp_kernel
3.043129e+02,13181,1.13830933648657e-08,3.25679990898076e-02,3.25680177907700e-02,3.25407122748858e-02,lamp_kernel
3.047766e+02,13201,1.13591850194971e-08,3.25679968409793e-02,3.25680155026633e-02,3.25407528757165e-02,lamp_kernel
3.052402e+02,13221,1.13355603707353e-08,3.25679946027345e-02,3.25680132256063e-02,3.25407933532111e-02,lamp_kernel
3.057039e+02,13241,1.13120500044686e-08,3.25679923750039e-02,3.25680109592511e-02,3.25408337079295e-02,lamp_kernel
3.061676e+02,13261,1.12888568290770e-08,3.25679901577222e-02,3.25680087038660e-02,3.25408739374129e-02,lamp_kernel
3.066312e+02,13281,1.12662521383371e-08,3.25679879508233e-02,3.25680064598305e-02,3.25409140410464e-02,lamp_kernel
3.070949e+02,13301,1.12435411287794e-08,3.25679857542413e-02,3.25680042259373e-02,3.25409540235703e-02,lamp_kernel
3.075585e+02,13321,1.12206281214237e-08,3.25679835679103e-02,3.25680020019632e-02,3.25409938855312e-02,lamp_kernel
3.080221e+02,13341,1.11977667075247e-08,3.25679813917695e-02,3.25679997882639e-02,3.25410336274717e-02,lamp_kernel
3.084858e+02,13361,1.11752607223922e-08,3.25679792257519e-02,3.25679975852719e-02,3.25410732499319e-02,lamp_kernel
3.089494e+02,13381,1.11524585174252e-08,3.25679770697938e-02,3.25679953918527e-02,3.25411127534483e-02,lamp_kernel
3.094131e+02,13401,1.11294354287436e-08,3.25679749238319e-02,3.25679932080668e-02,3.25411521385540e-02,lamp_kernel
3.098768e+02,13421,1.11062736471719e-08,3.25679727877999e-02,3.25679910339830e-02,3.25411914057796e-02,lamp_kernel
3.103404e+02,13441,1.10831054672503e-08,3.25679706616342e-02,3.25679888697550e-02,3.25412305556517e-02,lamp_kernel
3.108040e+02,13461,1.10600913190182e-08,3.25679685452737e-02,3.25679867155851e-02,3.25412695886944e-02,lamp_kernel
3.112677e+02,13481,1.10371638888658e-08,3.25679664386536e-02,3.25679845712982e-02,3.25413085054286e-02,lamp_kernel
3.117314e+02,13501,1.10143869955946e-08,3.25679643417129e-02,3.25679824369381e-02,3.25413473063718e-02,lamp_kernel
3.121951e+02,13521,1.09917510439884e-08,3.25679622543886e-02,3.25679803124257e-02,3.25413859920390e-02,lamp_kernel
3.126588e+02,13541,1.09693367300647e-08,3.25679601766226e-02,3.25679781978359e-02,3.25414245557851e-02,lamp_kernel
3.131225e+02,13561,1.09471766349479e-08,3.25679581083544e-02,3.25679760931615e-02,3.25414630039311e-02,lamp_kernel
3.135862e+02,13581,1.09250231274946e-08,3.25679560495263e-02,3.25679739979380e-02,3.25415013383726e-02,lamp_kernel
3.140499e+02,13601,1.09029571763524e-08,3.25679540000792e-02,3.25679719122394e-02,3.25415395596120e-02,lamp_kernel
3.145136e+02,13621,1.08808394434001e-08,3.25679519599578e-02,3.25679698357815e-02,3.25415776639900e-02,lamp_kernel
3.149773e+02,13641,1.08585796195090e-08,3.25679499291046e-02,3.25679677683582e-02,3.25416156377014e-02,lamp_kernel
3.154410e+02,13661,1.08364831651144e-08,3.25679479074643e-02,3.25679657104162e-02,3.25416534998064e-02,lamp_kernel
3.159046e+02,13681,1.08146311541736e-08,3.25679458949792e-02,3.25679636620310e-02,3.25416912507940e-02,lamp_kernel
3.163684e+02,13701,1.07924287033933e-08,3.25679438915949e-02,3.25679616221711e-02,3.25417288911521e-02,lamp_kernel
3.168320e+02,13721,1.07699689410714e-08,3.25679418972535e-02,3.25679595909311e-02,3.25417664213649e-02,lamp_kernel
3.172957e+02,13741,1.07476598499720e-08,3.25679399119018e-02,3.25679575689284e-02,3.25418038419139e-02,lamp_kernel
3.177594e+02,13761,1.07260129978553e-08,3.25679379354801e-02,3.25679555569437e-02,3.25418411532779e-02,lamp_kernel
3.182231e+02,13781,1.07049256221843e-08,3.25679359679362e-02,3.25679535547560e-02,3.25418783559328e-02,lamp_kernel
3.186868e+02,13801,1.06839445760929e-08,3.25679340092117e-02,3.25679515615623e-02,3.25419154503519e-02,lamp_kernel
3.191505e+02,13821,1.06632747938015e-08,3.25679320592554e-02,3.25679495776482e-02,3.25419524370056e-02,lamp_kernel
3.196142e+02,13841,1.06435685717254e-08,3.25679301180101e-02,3.25679476040281e-02,3.25419893163620e-02,lamp_kernel
3.200779e+02,13861,1.06246176558244e-08,3.25679281854247e-02,3.25679456403088e-02,3.25420260888860e-02,lamp_kernel
3.205416e+02,13881,1.06062994621694e-08,3.25679262614464e-02,3.25679436862361e-02,3.25420627550399e-02,lamp_kernel
3.210053e+02,13901,1.05881121896910e-08,3.25679243460243e-02,3.25679417409346e-02,3.25420993152837e-02,lamp_kernel
3.214689e+02,13921,1.05700042801653e-08,3.25679224391066e-02,3.25679398042680e-02,3.25421357700744e-02,lamp_kernel
3.219326e+02,13941,1.05518292605954e-08,3.25679205406432e-02,3.25679378759453e-02,3.25421721198665e-02,lamp_kernel
3.223963e+02,13961,1.05336462920853e-08,3.25679186505846e-02,3.25679359560144e-02,3.25422083651120e-02,lamp_kernel
3.228600e+02,13981,1.05158272800796e-08,3.25679167688820e-02,3.25679340450374e-02,3.25422445062600e-02,lamp_kernel
3.233237e+02,14001,1.04977714253204e-08,3.25679148954851e-02,3.25679321419771e-02,3.25422805437575e-02,lamp_kernel
3.237874e+02,14021,1.04793822892552e-08,3.25679130303464e-02,3.25679302466274e-02,3.25423164780486e-02,lamp_kernel
3.242510e+02,14041,1.04606394360418e-08,3.25679111734158e-02,3.25679283589047e-02,3.25423523095749e-02,lamp_kernel
3.247147e+02,14061,1.04415684449345e-08,3.25679093246430e-02,3.25679264788007e-02,3.25423880387758e-02,lamp_kernel
3.251784e+02,14081,1.04223866296619e-08,3.25679074839808e-02,3.25679246066252e-02,3.25424236660877e-02,lamp_kernel
3.256421e+02,14101,1.04032667412276e-08,3.25679056513795e-02,3.25679227426124e-02,3.25424591919450e-02,lamp_kernel
3.261058e+02,14121,1.03841153489895e-08,3.25679038267912e-02,3.25679208865608e-02,3.25424946167795e-02,lamp_kernel
3.265695e+02,14141,1.03650984784777e-08,3.25679020101663e-02,3.25679190386937e-02,3.25425299410203e-02,lamp_kernel
3.270331e+02,14161,1.03464120654188e-08,3.25679002014559e-02,3.25679171992839e-02,3.25425651650946e-02,lamp_kernel
3.274969e+02,14181,1.03283153284184e-08,3.25678984006168e-02,3.25679153687141e-02,3.25426002894266e-02,lamp_kernel
3.279606e+02,14201,1.03103983118282e-08,3.25678966075984e-02,3.25679135462604e-02,3.25426353144386e-02,lamp_kernel
3.284243e+02,14221,1.02928763087293e-08,3.25678948223578e-02,3.25679117322334e-02,3.25426702405501e-02,lamp_kernel
3.288880e+02,14241,1.02757473050058e-08,3.25678930448487e-02,3.25679099265835e-02,3.25427050681789e-02,lamp_kernel
3.293517e+02,14261,1.02589011792220e-08,3.25678912750279e-02,3.25679081290867e-02,3.25427397977396e-02,lamp_kernel
3.298154e+02,14281,1.02420320955756e-08,3.25678895128504e-02,3.25679063391955e-02,3.25427744296451e-02,lamp_kernel
3.302791e+02,14301,1.02252959659443e-08,3.25678877582749e-02,3.25679045571246e-02,3.25428089643058e-02,lamp_kernel
3.307428e+02,14321,1.02088303104920e-08,3.25678860112539e-02,3.25679027830527e-02,3.25428434021297e-02,lamp_kernel
3.312065e+02,14341,1.01922838593080e-08,3.25678842717487e-02,3.25679010163638e-02,3.25428777435228e-02,lamp_kernel
3.316702e+02,14361,1.01753313653552e-08,3.25678825397134e-02,3.25678992564778e-02,3.25429119888884e-02,lamp_kernel
3.321339e+02,14381,1.01578975333191e-08,3.25678808151045e-02,3.25678975032273e-02,3.25429461386281e-02,lamp_kernel
3.325976e+02,14401,1.01401320542186e-08,3.25678790978801e-02,3.25678957568164e-02,3.25429801931407e-02,lamp_kernel
3.330613e+02,14421,1.01221420674395e-08,3.25678773879969e-02,3.25678940173780e-02,3.25430141528233e-02,lamp_kernel
3.335249e+02,14441,1.01039176681500e-08,3.25678756854100e-02,3.25678922848508e-02,3.25430480180707e-02,lamp_kernel
3.339886e+02,14461,1.00856512239918e-08,3.25678739900776e-02,3.25678905595090e-02,3.25430817892751e-02,lamp_kernel
3.344523e+02,14481,1.00674638918624e-08,3.25678723019589e-02,3.25678888415108e-02,3.25431154668269e-02,lamp_kernel
3.349160e+02,14501,1.00494327625449e-08,3.25678706210088e-02,3.25678871309379e-02,3.25431490511146e-02,lamp_kernel
3.353799e+02,14521,1.00316287955727e-08,3.25678689471884e-02,3.25678854278678e-02,3.25431825425239e-02,lamp_kernel
3.358437e+02,14541,1.00140865092655e-08,3.25678672804555e-02,3.25678837323152e-02,3.25432159414387e-02,lamp_kernel
3.363074e+02,14561,9.99683209491316e-09,3.25678656207711e-02,3.25678820442840e-02,3.25432492482411e-02,lamp_kernel
3.367712e+02,14581,9.97971196708416e-09,3.25678639680953e-02,3.25678803634821e-02,3.25432824633107e-02,lamp_kernel
3.372350e+02,14601,9.96272404667842e-09,3.25678623223910e-02,3.25678786898688e-02,3.25433155870251e-02,lamp_kernel
3.376988e+02,14621,9.94584463954625e-09,3.25678606836171e-02,3.25678770233642e-02,3.25433486197597e-02,lamp_kernel
3.381626e+02,14641,9.92927503055125e-09,3.25678590517358e-02,3.25678753642611e-02,3.25433815618884e-02,lamp_kernel
3.386263e+02,14661,9.91231520788168e-09,3.25678574267096e-02,3.25678737113721e-02,3.25434144137824e-02,lamp_kernel
3.390900e+02,14681,9.89501049483108e-09,3.25678558085000e-02,3.25678720647331e-02,3.25434471758111e-02,lamp_kernel
3.395539e+02,14701,9.87721232720595e-09,3.25678541970689e-02,3.25678704240619e-02,3.25434798483422e-02,lamp_kernel
3.400176e+02,14721,9.85893389190128e-09,3.25678525923783e-02,3.25678687893422e-02,3.25435124317408e-02,lamp_kernel
3.404814e+02,14741,9.84027478885289e-09,3.25678509943887e-02,3.25678671606980e-02,3.25435449263706e-02,lamp_kernel
3.409451e+02,14761,9.82130919214421e-09,3.25678494030631e-02,3.25678655382144e-02,3.25435773325929e-02,lamp_kernel
3.414089e+02,14781,9.80219261669930e-09,3.25678478183619e-02,3.25678639221071e-02,3.25436096507675e-02,lamp_kernel
3.418727e+02,14801,9.78303456410322e-09,3.25678462402483e-02,3.25678623125193e-02,3.25436418812517e-02,lamp_kernel
3.423364e+02,14821,9.76396085572597e-09,3.25678446686840e-02,3.25678607096194e-02,3.25436740244014e-02,lamp_kernel
3.428001e+02,14841,9.74523717944620e-09,3.25678431036333e-02,3.25678591138081e-02,3.25437060771981e-02,lamp_kernel
3.432639e+02,14861,9.72682110669718e-09,3.25678415450580e-02,3.25678575249775e-02,3.25437380399397e-02,lamp_kernel
3.437277e+02,14881,9.70875809044632e-09,3.25678399929238e-02,3.25678559431681e-02,3.25437699164271e-02,lamp_kernel
3.441915e+02,14901,9.69111243947493e-09,3.25678384471940e-02,3.25678543684488e-02,3.25438017070080e-02,lamp_kernel
3.446552e+02,14921,9.67376565114780e-09,3.25678369078362e-02,3.25678528005924e-02,3.25438334120283e-02,lamp_kernel
3.451190e+02,14941,9.65651422716173e-09,3.25678353748135e-02,3.25678512392278e-02,3.25438650318326e-02,lamp_kernel
3.455829e+02,14961,9.63943578057810e-09,3.25678338480946e-02,3.25678496844512e-02,3.25438965667629e-02,lamp_kernel
3.460466e+02,14981,9.62246716440770e-09,3.25678323276430e-02,3.25678481361224e-02,3.25439280171603e-02,lamp_kernel
3.465104e+02,15001,9.60521524449532e-09,3.25678308134265e-02,3.25678465935632e-02,3.25439593833630e-02,lamp_kernel
3.469741e+02,15021,9.58764399892316e-09,3.25678293054106e-02,3.25678450566800e-02,3.25439906657082e-02,lamp_kernel
3.474379e+02,15041,9.56968905346460e-09,3.25678278035611e-02,3.25678435253328e-02,3.25440218645310e-02,lamp_kernel
3.479017e+02,15061,9.55130981496420e-09,3.25678263078456e-02,3.25678419994226e-02,3.25440529801646e-02,lamp_kernel
3.483655e+02,15081,9.53253718286005e-09,3.25678248182269e-02,3.25678404789628e-02,3.25440840129407e-02,lamp_kernel
3.488292e+02,15101,9.51349251837389e-09,3.25678233346728e-02,3.25678389641208e-02,3.25441149631893e-02,lamp_kernel
3.492930e+02,15121,9.49440919038522e-09,3.25678218571494e-02,3.25678374552460e-02,3.25441458312384e-02,lamp_kernel
3.497568e+02,15141,9.47573584043075e-09,3.25678203856223e-02,3.25678359530409e-02,3.25441766174142e-02,lamp_kernel
3.502206e+02,15161,9.45715202675384e-09,3.25678189200587e-02,3.25678344569465e-02,3.25442073220416e-02,lamp_kernel
3.506844e+02,15181,9.43955127914819e-09,3.25678174604261e-02,3.25678329683981e-02,3.25442379454430e-02,lamp_kernel
3.511482e+02,15201,9.42235623998152e-09,3.25678160066918e-02,3.25678314864146e-02,3.25442684879404e-02,lamp_kernel
3.516119e+02,15221,9.40562840551279e-09,3.25678145588239e-02,3.25678300110650e-02,3.25442989498528e-02,lamp_kernel
3.520757e+02,15241,9.38926499049210e-09,3.25678131167909e-02,3.25678285421490e-02,3.25443293314983e-02,lamp_kernel
3.525395e+02,15261,9.37350063582683e-09,3.25678116805639e-02,3.25678270800232e-02,3.25443596331928e-02,lamp_kernel
3.530032e+02,15281,9.35795253335834e-09,3.25678102501123e-02,3.25678256240281e-02,3.25443898552510e-02,lamp_kernel
3.534670e+02,15301,9.34247715502443e-09,3.25678088254033e-02,3.25678241738950e-02,3.25444199979858e-02,lamp_kernel
3.539307e+02,15321,9.32697671793563e-09,3.25678074064099e-02,3.25678227294364e-02,3.25444500617083e-02,lamp_kernel
3.543949e+02,15341,9.31143941018940e-09,3.25678059931002e-02,3.25678212906008e-02,3.25444800467283e-02,lamp_kernel
3.548587e+02,15361,9.29596405569085e-09,3.25678045854450e-02,3.25678198575216e-02,3.25445099533538e-02,lamp_kernel
3.553225e+02,15381,9.28027383015587e-09,3.25678031834120e-02,3.25678184297116e-02,3.25445397818911e-02,lamp_kernel
3.557862e+02,15401,9.26433618118297e-09,3.25678017869736e-02,3.25678170070897e-02,3.25445695326448e-02,lamp_kernel
3.562501e+02,15421,9.24803745502506e-09,3.25678003960978e-02,3.25678155894372e-02,3.25445992059186e-02,lamp_kernel
3.567139e+02,15441,9.23137129784427e-09,3.25677990107539e-02,3.25678141767129e-02,3.25446288020138e-02,lamp_kernel
3.571776e+02,15461,9.21455529986664e-09,3.25677976309125e-02,3.25678127692450e-02,3.25446583212307e-02,lamp_kernel
3.576414e+02,15481,9.19777211480538e-09,3.25677962565424e-02,3.25678113673023e-02,3.25446877638677e-02,lamp_kernel
3.581052e+02,15501,9.18103260868431e-09,3.25677948876146e-02,3.25678099708736e-02,3.25447171302218e-02,lamp_kernel
3.585690e+02,15521,9.16444966247538e-09,3.25677935240997e-02,3.25678085801150e-02,3.25447464205886e-02,lamp_kernel
3.590327e+02,15541,9.14813668246830e-09,3.25677921659702e-02,3.25678071951855e-02,3.25447756352619e-02,lamp_kernel
3.594964e+02,15561,9.13218491853428e-09,3.25677908131966e-02,3.25678058162051e-02,3.25448047745343e-02,lamp_kernel
3.599602e+02,15581,9.11706933208726e-09,3.25677894657514e-02,3.25678044439269e-02,3.25448338386964e-02,lamp_kernel
3.604241e+02,15601,9.10221969955757e-09,3.25677881236071e-02,3.25678030773866e-02,3.25448628280382e-02,lamp_kernel
3.608879e+02,15621,9.08755116579768e-09,3.25677867867374e-02,3.25678017164184e-02,3.25448917428472e-02,lamp_kernel
3.614781e+02,15641,9.07291492468454e-09,3.25677854551154e-02,3.25678003607510e-02,3.25449205834098e-02,lamp_kernel
3.619419e+02,15661,9.05816307279848e-09,3.25677841287141e-02,3.25677990101143e-02,3.25449493500115e-02,lamp_kernel
3.624056e+02,15681,9.04323734196958e-09,3.25677828075060e-02,3.25677976643850e-02,3.25449780429353e-02,lamp_kernel
3.628693e+02,15701,9.02814369250883e-09,3.25677814914647e-02,3.25677963235468e-02,3.25450066624637e-02,lamp_kernel
3.633329e+02,15721,9.01270637373250e-09,3.25677801805639e-02,3.25677949872845e-02,3.25450352088771e-02,lamp_kernel
3.637966e+02,15741,8.99688860232230e-09,3.25677788747740e-02,3.25677936555080e-02,3.25450636824550e-02,lamp_kernel
3.642603e+02,15761,8.98069361378534e-09,3.25677775740691e-02,3.25677923281968e-02,3.25450920834750e-02,lamp_kernel
3.647240e+02,15781,8.96444879255512e-09,3.25677762784220e-02,3.25677910058615e-02,3.25451204122137e-02,lamp_kernel
3.651876e+02,15801,8.94831542100702e-09,3.25677749878058e-02,3.25677896887403e-02,3.25451486689459e-02,lamp_kernel
3.656513e+02,15821,8.93206275980057e-09,3.25677737021934e-02,3.25677883764269e-02,3.25451768539455e-02,lamp_kernel
3.661150e+02,15841,8.91599308470774e-09,3.25677724215585e-02,3.25677870693915e-02,3.25452049674845e-02,lamp_kernel
3.665788e+02,15861,8.90036549115053e-09,3.25677711458737e-02,3.25677857680326e-02,3.25452330098341e-02,lamp_kernel
3.670425e+02,15881,8.88530217431668e-09,3.25677698751147e-02,3.25677844725265e-02,3.25452609812634e-02,lamp_kernel
3.675062e+02,15901,8.87052597480528e-09,3.25677686092562e-02,3.25677831823926e-02,3.25452888820406e-02,lamp_kernel
3.679699e+02,15921,8.85636122095843e-09,3.25677673482730e-02,3.25677818981385e-02,3.25453167124329e-02,lamp_kernel
3.684336e+02,15941,8.84250206233943e-09,3.25677660921405e-02,3.25677806192372e-02,3.25453444727052e-02,lamp_kernel
3.688973e+02,15961,8.82878478642144e-09,3.25677648408363e-02,3.25677793453973e-02,3.25453721631221e-02,lamp_kernel
3.693610e+02,15981,8.81508950781188e-09,3.25677635943340e-02,3.25677780763955e-02,3.25453997839460e-02,lamp_kernel
3.698247e+02,16001,8.80148153779551e-09,3.25677623526103e-02,3.25677768123155e-02,3.25454273354387e-02,lamp_kernel
3.702884e+02,16021,8.78768849915188e-09,3.25677611156403e-02,3.25677755526854e-02,3.25454548178603e-02,lamp_kernel
3.707521e+02,16041,8.77358250965947e-09,3.25677598834019e-02,3.25677742972727e-02,3.25454822314694e-02,lamp_kernel
3.712158e+02,16061,8.75907943005100e-09,3.25677586558687e-02,3.25677730459128e-02,3.25455095765238e-02,lamp_kernel
3.716795e+02,16081,8.74415176456292e-09,3.25677574330172e-02,3.25677717985370e-02,3.25455368532798e-02,lamp_kernel
3.721432e+02,16101,8.72884037285414e-09,3.25677562148220e-02,3.25677705551872e-02,3.25455640619924e-02,lamp_kernel
3.726069e+02,16121,8.71317650043870e-09,3.25677550012598e-02,3.25677693158913e-02,3.25455912029155e-02,lamp_kernel
3.730707e+02,16141,8.69724502450300e-09,3.25677537923067e-02,3.25677680807647e-02,3.25456182763012e-02,lamp_kernel
3.735344e+02,16161,8.68121864722529e-09,3.25677525879373e-02,3.25677668500660e-02,3.25456452824012e-02,lamp_kernel
3.739981e+02,16181,8.66530785683442e-09,3.25677513881280e-02,3.25677656241173e-02,3.25456722214652e-02,lamp_kernel
3.744618e+02,16201,8.64958083206058e-09,3.25677501928544e-02,3.25677644030063e-02,3.25456990937424e-02,lamp_kernel
3.749255e+02,16221,8.63408259378823e-09,3.25677490020958e-02,3.25677631867860e-02,3.25457258967214e-02,lamp_kernel
3.753892e+02,16241,8.61923503036314e-09,3.25677478158277e-02,3.25677619761254e-02,3.25457526320223e-02,lamp_kernel
3.758529e+02,16261,8.60469619025476e-09,3.25677466340274e-02,3.25677607704396e-02,3.25457793013036e-02,lamp_kernel
3.763166e+02,16281,8.59050144422643e-09,3.25677454566745e-02,3.25677595697665e-02,3.25458059048090e-02,lamp_kernel
3.767803e+02,16301,8.57657952121195e-09,3.25677442837472e-02,3.25677583739673e-02,3.25458324427813e-02,lamp_kernel
3.772440e+02,16321,8.56280777928219e-09,3.25677431152209e-02,3.25677571828158e-02,3.25458589154617e-02,lamp_kernel
3.777077e+02,16341,8.54926658227653e-09,3.25677419510776e-02,3.25677559964260e-02,3.25458853230905e-02,lamp_kernel
3.781714e+02,16361,8.53578552054975e-09,3.25677407912930e-02,3.25677548144939e-02,3.25459116659066e-02,lamp_kernel
3.786351e+02,16381,8.52228596939467e-09,3.25677396358476e-02,3.25677536368703e-02,3.25459379441479e-02,lamp_kernel
3.790989e+02,16401,8.50857670223999e-09,3.25677384847170e-02,3.25677524632172e-02,3.25459641580513e-02,lamp_kernel
3.795627e+02,16421,8.49460383174890e-09,3.25677373378796e-02,3.25677512934241e-02,3.25459903078520e-02,lamp_kernel
3.800265e+02,16441,8.48029757276712e-09,3.25677361953151e-02,3.25677501273563e-02,3.25460163937848e-02,lamp_kernel
3.804902e+02,16461,8.46573320413104e-09,3.25677350570005e-02,3.25677489651144e-02,3.25460424160826e-02,lamp_kernel
3.809539e+02,16481,8.45116000639110e-09,3.25677339229129e-02,3.25677478070848e-02,3.25460683749775e-02,lamp_kernel
3.814177e+02,16501,8.43661400706032e-09,3.25677327930321e-02,3.25677466533069e-02,3.25460942691087e-02,lamp_kernel
3.818814e+02,16521,8.42212812867255e-09,3.25677316673347e-02,3.25677455038110e-02,3.25461200955549e-02,lamp_kernel
3.823451e+02,16541,8.40767687687629e-09,3.25677305458020e-02,3.25677443585367e-02,3.25461458593178e-02,lamp_kernel
3.828089e+02,16561,8.39381663993176e-09,3.25677294284124e-02,3.25677432183765e-02,3.25461715606257e-02,lamp_kernel
3.832726e+02,16581,8.38020646476338e-09,3.25677283151433e-02,3.25677420827476e-02,3.25461971997046e-02,lamp_kernel
3.837363e+02,16601,8.36685815560656e-09,3.25677272059770e-02,3.25677409516518e-02,3.25462227767798e-02,lamp_kernel
3.842001e+02,16621,8.35367875063158e-09,3.25677261008902e-02,3.25677398249129e-02,3.25462482920756e-02,lamp_kernel
3.846638e+02,16641,8.34063477027133e-09,3.25677249998673e-02,3.25677387024604e-02,3.25462737458153e-02,lamp_kernel
3.851275e+02,16661,8.32766440375236e-09,3.25677239028861e-02,3.25677375841706e-02,3.25462991382210e-02,lamp_kernel
3.855912e+02,16681,8.31481160196582e-09,3.25677228099267e-02,3.25677364700957e-02,3.25463244695133e-02,lamp_kernel
3.860549e+02,16701,8.30203612827991e-09,3.25677217209702e-02,3.25677353601507e-02,3.25463497399126e-02,lamp_kernel
3.865186e+02,16721,8.28919292840148e-09,3.25677206359958e-02,3.25677342540766e-02,3.25463749496376e-02,lamp_kernel
3.869823e+02,16741,8.27614565498092e-09,3.25677195549850e-02,3.25677331516308e-02,3.25464000989061e-02,lamp_kernel
3.874461e+02,16761,8.26291365116403e-09,3.25677184779177e-02,3.25677320528250e-02,3.25464251879351e-02,lamp_kernel
3.879098e+02,16781,8.24961124088034e-09,3.25677174047735e-02,3.25677309578266e-02,3.25464502169400e-02,lamp_kernel
3.883735e+02,16801,8.23617004694241e-09,3.25677163355325e-02,3.25677298665035e-02,3.25464751861361e-02,lamp_kernel
3.888372e+02,16821,8.22261012026014e-09,3.25677152701759e-02,3.25677287788697e-02,3.25465000957367e-02,lamp_kernel
3.893009e+02,16841,8.20891624982239e-09,3.25677142086834e-02,3.25677276948799e-02,3.25465249459545e-02,lamp_kernel
3.897646e+02,16861,8.19531288148009e-09,3.25677131510346e-02,3.25677266148825e-02,3.25465497370015e-02,lamp_kernel
3.902284e+02,16881,8.18186502237156e-09,3.25677120972127e-02,3.25677255389675e-02,3.25465744690880e-02,lamp_kernel
3.906921e+02,16901,8.16858830575695e-09,3.25677110471957e-02,3.25677244671386e-02,3.25465991387785e-02,lamp_kernel
3.911558e+02,16921,8.15534100586594e-09,3.25677100009674e-02,3.25677233991466e-02,3.25466237432825e-02,lamp_kernel
3.916195e+02,16941,8.14215951925920e-09,3.25677089585066e-02,3.25677223350304e-02,3.25466482894879e-02,lamp_kernel
3.920832e+02,16961,8.12911491390387e-09,3.25677079197976e-02,3.25677212748907e-02,3.25466727776016e-02,lamp_kernel
3.925470e+02,16981,8.11636976738273e-09,3.25677068848219e-02,3.25677202189764e-02,3.25466972078290e-02,lamp_kernel
3.930107e+02,17001,8.10376156552067e-09,3.25677058535594e-02,3.25677191670002e-02,3.25467215803751e-02,lamp_kernel
3.934744e+02,17021,8.09110187513537e-09,3.25677048259939e-02,3.25677181186365e-02,3.25467458954433e-02,lamp_kernel
3.939381e+02,17041,8.07833318466282e-09,3.25677038021063e-02,3.25677170737716e-02,3.25467701532364e-02,lamp_kernel
3.944018e+02,17061,8.06547863894173e-09,3.25677027818801e-02,3.25677160324270e-02,3.25467943539560e-02,lamp_kernel
3.948656e+02,17081,8.05262587589496e-09,3.25677017652964e-02,3.25677149947279e-02,3.25468184915632e-02,lamp_kernel
3.953293e+02,17101,8.03971156483592e-09,3.25677007523358e-02,3.25677139605507e-02,3.25468425671819e-02,lamp_kernel
3.957930e+02,17121,8.02685357763472e-09,3.25676997429831e-02,3.25677129300740e-02,3.25468665863639e-02,lamp_kernel
3.962567e+02,17141,8.01390423461529e-09,3.25676987372196e-02,3.25677119030364e-02,3.25468905493073e-02,lamp_kernel
3.967205e+02,17161,8.00084370004445e-09,3.25676977350260e-02,3.25677108793860e-02,3.25469144562090e-02,lamp_kernel
3.971842e+02,17181,7.98767521223327e-09,3.25676967363858e-02,3.25677098591116e-02,3.25469383072644e-02,lamp_kernel
3.976479e+02,17201,7.97445019036704e-09,3.25676957412799e-02,3.25677088422787e-02,3.25469621026691e-02,lamp_kernel
3.981117e+02,17221,7.96115791615853e-09,3.25676947496931e-02,3.25677078288544e-02,3.25469858426169e-02,lamp_kernel
3.985754e+02,17241,7.94782196076023e-09,3.25676937616065e-02,3.25677068188586e-02,3.25470095272472e-02,lamp_kernel
3.990391e+02,17261,7.93439603152646e-09,3.25676927770032e-02,3.25677058121982e-02,3.25470331507957e-02,lamp_kernel
3.995029e+02,17281,7.92084742626996e-09,3.25676917958660e-02,3.25677048088024e-02,3.25470567194968e-02,lamp_kernel
3.999667e+02,17301,7.90714200302661e-09,3.25676908181794e-02,3.25677038085996e-02,3.25470802335412e-02,lamp_kernel
4.004304e+02,17321,7.89327295768795e-09,3.25676898439250e-02,3.25677028115600e-02,3.25471036931183e-02,lamp_kernel
4.008942e+02,17341,7.87923532026645e-09,3.25676888730866e-02,3.25677018176596e-02,3.25471270984163e-02,lamp_kernel
4.013579e+02,17361,7.86502716332920e-09,3.25676879056490e-02,3.25677008268799e-02,3.25471504482666e-02,lamp_kernel
4.018217e+02,17381,7.85067092596124e-09,3.25676869415937e-02,3.25676998392391e-02,3.25471737420646e-02,lamp_kernel
4.022854e+02,17401,7.83616423314742e-09,3.25676859809045e-02,3.25676988547173e-02,3.25471969821619e-02,lamp_kernel
4.027492e+02,17421,7.82159417299625e-09,3.25676850235664e-02,3.25676978734425e-02,3.25472201687438e-02,lamp_kernel
4.032129e+02,17441,7.80693515580460e-09,3.25676840695615e-02,3.25676968953546e-02,3.25472433019944e-02,lamp_kernel
4.036767e+02,17461,7.79225729588464e-09,3.25676831188749e-02,3.25676959205542e-02,3.25472663820970e-02,lamp_kernel
4.041405e+02,17481,7.77765191655660e-09,3.25676821714894e-02,3.25676949491739e-02,3.25472894092341e-02,lamp_kernel
4.046042e+02,17501,7.76318719914008e-09,3.25676812273890e-02,3.25676939813098e-02,3.25473123835874e-02,lamp_kernel
4.050680e+02,17521,7.74875733797523e-09,3.25676802865586e-02,3.25676930167730e-02,3.25473353053378e-02,lamp_kernel
4.055318e+02,17541,7.73445455422753e-09,3.25676793489808e-02,3.25676920556976e-02,3.25473581746651e-02,lamp_kernel
4.059956e+02,17561,7.72031936157031e-09,3.25676784146391e-02,3.25676910981336e-02,3.25473809917487e-02,lamp_kernel
4.064594e+02,17581,7.70614025911132e-09,3.25676774835194e-02,3.25676901437195e-02,3.25474037567669e-02,lamp_kernel
4.069232e+02,17601,7.69184334225612e-09,3.25676765556067e-02,3.25676891923187e-02,3.25474264698972e-02,lamp_kernel
4.073869e+02,17621,7.67739218296357e-09,3.25676756308829e-02,3.25676882438536e-02,3.25474491313162e-02,lamp_kernel
4.078507e+02,17641,7.66283478461756e-09,3.25676747093335e-02,3.25676872983883e-02,3.25474717412002e-02,lamp_kernel
4.083144e+02,17661,7.64808493922198e-09,3.25676737909443e-02,3.25676863557669e-02,3.25474942997240e-02,lamp_kernel
4.087783e+02,17681,7.63318683388108e-09,3.25676728756989e-02,3.25676854160459e-02,3.25475168070622e-02,lamp_kernel
4.092421e+02,17701,7.61814981632448e-09,3.25676719635819e-02,3.25676844792250e-02,3.25475392633882e-02,lamp_kernel
4.097059e+02,17721,7.60297493037767e-09,3.25676710545778e-02,3.25676835452904e-02,3.25475616688748e-02,lamp_kernel
4.101697e+02,17741,7.58764456811960e-09,3.25676701486731e-02,3.25676826141999e-02,3.25475840236938e-02,lamp_kernel
4.106335e+02,17761,7.57234859070843e-09,3.25676692458513e-02,3.25676816862488e-02,3.25476063280167e-02,lamp_kernel
4.110973e+02,17781,7.55719623053499e-09,3.25676683460966e-02,3.25676807616007e-02,3.25476285820136e-02,lamp_kernel
4.115611e+02,17801,7.54203531435464e-09,3.25676674493963e-02,3.25676798399929e-02,3.25476507858544e-02,lamp_kernel
4.120248e+02,17821,7.52698681256940e-09,3.25676665557344e-02,3.25676789216083e-02,3.25476729397080e-02,lamp_kernel
4.124887e+02,17841,7.51202668084493e-09,3.25676656650969e-02,3.25676780063932e-02,3.25476950433032e-02,lamp_kernel
4.129525e+02,17861,7.49727184948104e-09,3.25676647774684e-02,3.25676770945245e-02,3.25477170958434e-02,lamp_kernel
4.134162e+02,17881,7.48274998434233e-09,3.25676638928356e-02,3.25676761860341e-02,3.25477390988912e-02,lamp_kernel
4.138800e+02,17901,7.46852273772508e-09,3.25676630111835e-02,3.25676752810084e-02,3.25477610526124e-02,lamp_kernel
4.143439e+02,17921,7.45440703559517e-09,3.25676621324980e-02,3.25676743791326e-02,3.25477829571721e-02,lamp_kernel
4.148077e+02,17941,7.44051854379248e-09,3.25676612567629e-02,3.25676734805805e-02,3.25478048127351e-02,lamp_kernel
4.152715e+02,17961,7.42652238901904e-09,3.25676603839678e-02,3.25676725847916e-02,3.25478266194649e-02,lamp_kernel
4.157353e+02,17981,7.41233838571054e-09,3.25676595140945e-02,3.25676716916158e-02,3.25478483775245e-02,lamp_kernel
4.161991e+02,18001,7.39791824311044e-09,3.25676586471297e-02,3.25676708009605e-02,3.25478700870762e-02,lamp_kernel
4.166629e+02,18021,7.38323943031049e-09,3.25676577830602e-02,3.25676699127756e-02,3.25478917482817e-02,lamp_kernel
4.171267e+02,18041,7.36826680287894e-09,3.25676569218721e-02,3.25676690269894e-02,3.25479133613016e-02,lamp_kernel
4.175905e+02,18061,7.35300761629539e-09,3.25676560635491e-02,3.25676681435975e-02,3.25479349244072e-02,lamp_kernel
4.180543e+02,18081,7.33755721717705e-09,3.25676552080798e-02,3.25676672627452e-02,3.25479564326370e-02,lamp_kernel
4.185181e+02,18101,7.32210988102290e-09,3.25676543554512e-02,3.25676663847386e-02,3.25479778918011e-02,lamp_kernel
4.189819e+02,18121,7.30684110376044e-09,3.25676535056465e-02,3.25676655098492e-02,3.25479993034795e-02,lamp_kernel
4.194458e+02,18141,7.29239994400466e-09,3.25676526586540e-02,3.25676646391318e-02,3.25480206678293e-02,lamp_kernel
4.199096e+02,18161,7.27815565890505e-09,3.25676518144616e-02,3.25676637715378e-02,3.25480419850067e-02,lamp_kernel
4.203734e+02,18181,7.26406982748968e-09,3.25676509730541e-02,3.25676629069891e-02,3.25480632551674e-02,lamp_kernel
4.208372e+02,18201,7.25016559643012e-09,3.25676501344182e-02,3.25676620455104e-02,3.25480844784661e-02,lamp_kernel
4.213010e+02,18221,7.23657026794707e-09,3.25676492985419e-02,3.25676611872987e-02,3.25481056550573e-02,lamp_kernel
4.217647e+02,18241,7.22307858129631e-09,3.25676484654131e-02,3.25676603320048e-02,3.25481267850944e-02,lamp_kernel
4.222285e+02,18261,7.20961860081850e-09,3.25676476350149e-02,3.25676594794936e-02,3.25481478687306e-02,lamp_kernel
4.226923e+02,18281,7.19616773693996e-09,3.25676468073388e-02,3.25676586297194e-02,3.25481689061179e-02,lamp_kernel
4.231561e+02,18301,7.18270561931136e-09,3.25676459823663e-02,3.25676577826304e-02,3.25481898974077e-02,lamp_kernel
4.236199e+02,18321,7.16906298276994e-09,3.25676451600897e-02,3.25676569379406e-02,3.25482108427511e-02,lamp_kernel
4.240837e+02,18341,7.15521409161141e-09,3.25676443404926e-02,3.25676560955916e-02,3.25482317422985e-02,lamp_kernel
4.245475e+02,18361,7.14114422463891e-09,3.25676435235624e-02,3.25676552555464e-02,3.25482525961991e-02,lamp_kernel
4.250113e+02,18381,7.12676943338376e-09,3.25676427092878e-02,3.25676544176558e-02,3.25482734046021e-02,lamp_kernel
4.254751e+02,18401,7.11208137244823e-09,3.25676418976531e-02,3.25676535818906e-02,3.25482941676558e-02,lamp_kernel
4.259389e+02,18421,7.09711776603331e-09,3.25676410886468e-02,3.25676527483010e-02,3.25483148855076e-02,lamp_kernel
4.264027e+02,18441,7.08200090349155e-09,3.25676402822583e-02,3.25676519170774e-02,3.25483355583047e-02,lamp_kernel
4.268665e+02,18461,7.06672663761335e-09,3.25676394784725e-02,3.25676510881980e-02,3.25483561861934e-02,lamp_kernel
4.273304e+02,18481,7.05136565514273e-09,3.25676386772791e-02,3.25676502617684e-02,3.25483767693195e-02,lamp_kernel
4.277942e+02,18501,7.03601608827756e-09,3.25676378786657e-02,3.25676494379376e-02,3.25483973078280e-02,lamp_kernel
4.282581e+02,18521,7.02085854512467e-09,3.25676370826195e-02,3.25676486169896e-02,3.25484178018634e-02,lamp_kernel
4.287219e+02,18541,7.00584173360753e-09,3.25676362891289e-02,3.25676477988283e-02,3.25484382515694e-02,lamp_kernel
4.291857e+02,18561,6.99102031267560e-09,3.25676354981829e-02,3.25676469835326e-02,3.25484586570896e-02,lamp_kernel
4.296496e+02,18581,6.97634571379484e-09,3.25676347097686e-02,3.25676461710098e-02,3.25484790185663e-02,lamp_kernel
4.301134e+02,18601,6.96179406082307e-09,3.25676339238756e-02,3.25676453612103e-02,3.25484993361415e-02,lamp_kernel
4.305772e+02,18621,6.94730938387296e-09,3.25676331404912e-02,3.25676445540294e-02,3.25485196082066e-02,lamp_kernel
4.310411e+02,18641,6.93284413949254e-09,3.25676323596008e-02,3.25676437493745e-02,3.25485398344157e-02,lamp_kernel
4.315049e+02,18661,6.91831516988388e-09,3.25676315811946e-02,3.25676429470991e-02,3.25485600171510e-02,lamp_kernel
4.319687e+02,18681,6.90363684555060e-09,3.25676308052606e-02,3.25676421470504e-02,3.25485801565524e-02,lamp_kernel
4.324326e+02,18701,6.88880389176996e-09,3.25676300317861e-02,3.25676413492073e-02,3.25486002527587e-02,lamp_kernel
4.328965e+02,18721,6.87373037428422e-09,3.25676292607594e-02,3.25676405534168e-02,3.25486203059084e-02,lamp_kernel
4.333603e+02,18741,6.85843876468354e-09,3.25676284921674e-02,3.25676397597026e-02,3.25486403161390e-02,lamp_kernel
4.338241e+02,18761,6.84294367371890e-09,3.25676277259996e-02,3.25676389680784e-02,3.25486602835882e-02,lamp_kernel
4.342879e+02,18781,6.82727944881185e-09,3.25676269622456e-02,3.25676381785900e-02,3.25486802083921e-02,lamp_kernel
4.347517e+02,18801,6.81160898288815e-09,3.25676262008937e-02,3.25676373914936e-02,3.25487000906870e-02,lamp_kernel
4.352155e+02,18821,6.79589792041329e-09,3.25676254419323e-02,3.25676366067210e-02,3.25487199306083e-02,lamp_kernel
4.356793e+02,18841,6.78017678837454e-09,3.25676246853508e-02,3.25676358243117e-02,3.25487397282909e-02,lamp_kernel
4.361432e+02,18861,6.76448935701739e-09,3.25676239311380e-02,3.25676350443264e-02,3.25487594838692e-02,lamp_kernel
4.366071e+02,18881,6.74890419637512e-09,3.25676231792842e-02,3.25676342668681e-02,3.25487791974767e-02,lamp_kernel
4.370710e+02,18901,6.73351751395333e-09,3.25676224297790e-02,3.25676334920846e-02,3.25487988692467e-02,lamp_kernel
4.375348e+02,18921,6.71827191022541e-09,3.25676216826114e-02,3.25676327198705e-02,3.25488184993118e-02,lamp_kernel
4.379987e+02,18941,6.70317185864851e-09,3.25676209377694e-02,3.25676319502210e-02,3.25488380877910e-02,lamp_kernel
4.384625e+02,18961,6.68813606438521e-09,3.25676201952443e-02,3.25676311829940e-02,3.25488576347934e-02,lamp_kernel
4.389264e+02,18981,6.67315651014100e-09,3.25676194550226e-02,3.25676304181628e-02,3.25488771404853e-02,lamp_kernel
4.393903e+02,19001,6.65814475503494e-09,3.25676187170951e-02,3.25676296555729e-02,3.25488966049974e-02,lamp_kernel
4.398542e+02,19021,6.64317271507589e-09,3.25676179814503e-02,3.25676288953311e-02,3.25489160284594e-02,lamp_kernel
4.403180e+02,19041,6.62815406782779e-09,3.25676172480752e-02,3.25676281372822e-02,3.25489354110007e-02,lamp_kernel
4.407819e+02,19061,6.61301309106613e-09,3.25676165169600e-02,3.25676273812923e-02,3.25489547527499e-02,lamp_kernel
4.412458e+02,19081,6.59774149386323e-09,3.25676157880947e-02,3.25676266273377e-02,3.25489740538353e-02,lamp_kernel
4.417097e+02,19101,6.58237901271761e-09,3.25676150614669e-02,3.25676258754714e-02,3.25489933143847e-02,lamp_kernel
4.421735e+02,19121,6.56685143115437e-09,3.25676143370659e-02,3.25676251255605e-02,3.25490125345250e-02,lamp_kernel
4.426375e+02,19141,6.55123203829292e-09,3.25676136148837e-02,3.25676243777177e-02,3.25490317143830e-02,lamp_kernel
4.431013e+02,19161,6.53561910271570e-09,3.25676128949096e-02,3.25676236320935e-02,3.25490508540847e-02,lamp_kernel
4.435651e+02,19181,6.52000892070659e-09,3.25676121771329e-02,3.25676228886712e-02,3.25490699537557e-02,lamp_kernel
4.440289e+02,19201,6.50446085690896e-09,3.25676114615449e-02,3.25676221475398e-02,3.25490890135211e-02,lamp_kernel
4.444928e+02,19221,6.48899405943628e-09,3.25676107481370e-02,3.25676214087220e-02,3.25491080335053e-02,lamp_kernel
4.449567e+02,19241,6.47364232269951e-09,3.25676100368982e-02,3.25676206722622e-02,3.25491270138324e-02,lamp_kernel
4.454206e+02,19261,6.45844600418508e-09,3.25676093278197e-02,3.25676199382181e-02,3.25491459546257e-02,lamp_kernel
4.458844e+02,19281,6.44340546020160e-09,3.25676086208919e-02,3.25676192065806e-02,3.25491648560083e-02,lamp_kernel
4.463483e+02,19301,6.42845223400480e-09,3.25676079161048e-02,3.25676184772273e-02,3.25491837181028e-02,lamp_kernel
4.468121e+02,19321,6.41356228059111e-09,3.25676072134509e-02,3.25676177501111e-02,3.25492025410310e-02,lamp_kernel
4.472760e+02,19341,6.39868121830847e-09,3.25676065129163e-02,3.25676170251288e-02,3.25492213249146e-02,lamp_kernel
4.477399e+02,19361,6.38377245614128e-09,3.25676058144926e-02,3.25676163022119e-02,3.25492400698741e-02,lamp_kernel
4.482038e+02,19381,6.36878017223318e-09,3.25676051181702e-02,3.25676155812591e-02,3.25492587760303e-02,lamp_kernel
4.486677e+02,19401,6.35371420069724e-09,3.25676044239358e-02,3.25676148622733e-02,3.25492774417486e-02,lamp_kernel
4.491315e+02,19421,6.33853136118705e-09,3.25676037317820e-02,3.25676141451761e-02,3.25492960685143e-02,lamp_kernel
4.495955e+02,19441,6.32333724870546e-09,3.25676030416981e-02,3.25676134301301e-02,3.25493146568470e-02,lamp_kernel
4.500594e+02,19461,6.30810614911104e-09,3.25676023536755e-02,3.25676127170849e-02,3.25493332068646e-02,lamp_kernel
4.505233e+02,19481,6.29287202766116e-09,3.25676016677015e-02,3.25676120060831e-02,3.25493517186854e-02,lamp_kernel
4.509872e+02,19501,6.27764841134615e-09,3.25676009837707e-02,3.25676112971419e-02,3.25493701924268e-02,lamp_kernel
4.514511e+02,19521,6.26248557317849e-09,3.25676003018715e-02,3.25676105903320e-02,3.25493886282057e-02,lamp_kernel
4.519150e+02,19541,6.24736992650284e-09,3.25675996219990e-02,3.25676098856265e-02,3.25494070261386e-02,lamp_kernel
4.523789e+02,19561,6.23234887838917e-09,3.25675989441391e-02,3.25676091830890e-02,3.25494253863417e-02,lamp_kernel
4.528428e+02,19581,6.21744598795455e-09,3.25675982682896e-02,3.25676084827559e-02,3.25494437089305e-02,lamp_kernel
4.533067e+02,19601,6.20261930429817e-09,3.25675975944408e-02,3.25676077845487e-02,3.25494619940199e-02,lamp_kernel
4.537706e+02,19621,6.18790978588826e-09,3.25675969225808e-02,3.25676070885229e-02,3.25494802417248e-02,lamp_kernel
4.542344e+02,19641,6.17328056477307e-09,3.25675962527041e-02,3.25676063946122e-02,3.25494984521590e-02,lamp_kernel
4.546983e+02,19661,6.15868990898466e-09,3.25675955848021e-02,3.25676057027397e-02,3.25495166254365e-02,lamp_kernel
4.551622e+02,19681,6.14410148343451e-09,3.25675949188628e-02,3.25676050128334e-02,3.25495347616705e-02,lamp_kernel
4.556260e+02,19701,6.12943697537729e-09,3.25675942548809e-02,3.25676043247596e-02,3.25495528609736e-02,lamp_kernel
4.560899e+02,19721,6.11471750172209e-09,3.25675935928445e-02,3.25676036385411e-02,3.25495709234583e-02,lamp_kernel
4.565537e+02,19741,6.09992179348792e-09,3.25675929327446e-02,3.25676029541338e-02,3.25495889492366e-02,lamp_kernel
4.570176e+02,19761,6.08503592672707e-09,3.25675922745719e-02,3.25676022715055e-02,3.25496069384195e-02,lamp_kernel
4.574815e+02,19781,6.07008665359484e-09,3.25675916183152e-02,3.25676015906891e-02,3.25496248911183e-02,lamp_kernel
4.579454e+02,19801,6.05509960557693e-09,3.25675909639706e-02,3.25676009117227e-02,3.25496428074435e-02,lamp_kernel
4.584093e+02,19821,6.04006799553049e-09,3.25675903115251e-02,3.25676002345821e-02,3.25496606875049e-02,lamp_kernel
4.588731e+02,19841,6.02509512474642e-09,3.25675896609722e-02,3.25675995594307e-02,3.25496785314125e-02,lamp_kernel
4.593370e+02,19861,6.01034899660775e-09,3.25675890123008e-02,3.25675988865334e-02,3.25496963392752e-02,lamp_kernel
4.598008e+02,19881,5.99570876150513e-09,3.25675883655068e-02,3.25675982156872e-02,3.25497141110569e-02,lamp_kernel
4.602647e+02,19901,5.98113664754896e-09,3.25675877205810e-02,3.25675975468213e-02,3.25497318468659e-02,lamp_kernel
4.607286e+02,19921,5.96667912999631e-09,3.25675870775162e-02,3.25675968800047e-02,3.25497495469583e-02,lamp_kernel
4.611924e+02,19941,5.95232286083960e-09,3.25675864363051e-02,3.25675962152081e-02,3.25497672114416e-02,lamp_kernel
4.616563e+02,19961,5.93808860244248e-09,3.25675857969401e-02,3.25675955524580e-02,3.25497848404226e-02,lamp_kernel
4.621202e+02,19981,5.92391271709985e-09,3.25675851594133e-02,3.25675948916421e-02,3.25498024340083e-02,lamp_kernel
4.625840e+02,20001,5.90980210035939e-09,3.25675845237166e-02,3.25675942327635e-02,3.25498199923043e-02,lamp_kernel
4.630482e+02,20021,5.89572758875592e-09,3.25675838898447e-02,3.25675935757689e-02,3.25498375154167e-02,lamp_kernel
4.635121e+02,20041,5.88165033091362e-09,3.25675832577857e-02,3.25675929205828e-02,3.25498550034505e-02,lamp_kernel
4.639761e+02,20061,5.86753428505858e-09,3.25675826275346e-02,3.25675922671409e-02,3.25498724565106e-02,lamp_kernel
4.644400e+02,20081,5.85336244593717e-09,3.25675819990807e-02,3.25675916154045e-02,3.25498898747018e-02,lamp_kernel
4.649038e+02,20101,5.83914170997125e-09,3.25675813724156e-02,3.25675909653765e-02,3.25499072581277e-02,lamp_kernel
4.653677e+02,20121,5.82484898823440e-09,3.25675807475331e-02,3.25675903170129e-02,3.25499246068925e-02,lamp_kernel
4.658316e+02,20141,5.81054705696335e-09,3.25675801244243e-02,3.25675896704078e-02,3.25499419210989e-02,lamp_kernel
4.662955e+02,20161,5.79620032621098e-09,3.25675795030778e-02,3.25675890254915e-02,3.25499592008500e-02,lamp_kernel
4.667593e+02,20181,5.78191882924279e-09,3.25675788834899e-02,3.25675883824409e-02,3.25499764462479e-02,lamp_kernel
4.672232e+02,20201,5.76780313414171e-09,3.25675782656510e-02,3.25675877414118e-02,3.25499936573949e-02,lamp_kernel
4.676871e+02,20221,5.75373819054654e-09,3.25675776495540e-02,3.25675871022079e-02,3.25500108343927e-02,lamp_kernel
4.681510e+02,20241,5.73974275317038e-09,3.25675770351927e-02,3.25675864648538e-02,3.25500279773419e-02,lamp_kernel
4.686149e+02,20261,5.72586701593253e-09,3.25675764225593e-02,3.25675858294244e-02,3.25500450863442e-02,lamp_kernel
4.690788e+02,20281,5.71217052043196e-09,3.25675758116480e-02,3.25675851960116e-02,3.25500621613789e-02,lamp_kernel
4.695427e+02,20301,5.69857754111499e-09,3.25675752024505e-02,3.25675845644825e-02,3.25500792024503e-02,lamp_kernel
4.700066e+02,20321,5.68508509975854e-09,3.25675745949622e-02,3.25675839348278e-02,3.25500962098731e-02,lamp_kernel
4.704705e+02,20341,5.67177758240815e-09,3.25675739891722e-02,3.25675833071753e-02,3.25501131837466e-02,lamp_kernel
4.709344e+02,20361,5.65864632273787e-09,3.25675733850805e-02,3.25675826815107e-02,3.25501301241698e-02,lamp_kernel
4.713983e+02,20381,5.64559054536128e-09,3.25675727826725e-02,3.25675820576537e-02,3.25501470312409e-02,lamp_kernel
4.718622e+02,20401,5.63253202744538e-09,3.25675721819462e-02,3.25675814354739e-02,3.25501639050581e-02,lamp_kernel
4.723261e+02,20421,5.61950076440302e-09,3.25675715828925e-02,3.25675808150115e-02,3.25501807457191e-02,lamp_kernel
4.727900e+02,20441,5.60642683661729e-09,3.25675709855024e-02,3.25675801961426e-02,3.25501975533212e-02,lamp_kernel
4.732539e+02,20461,5.59334346503351e-09,3.25675703897692e-02,3.25675795789151e-02,3.25502143279613e-02,lamp_kernel
4.737178e+02,20481,5.58023899943316e-09,3.25675697956860e-02,3.25675789633030e-02,3.25502310697360e-02,lamp_kernel
4.741817e+02,20501,5.56713585883628e-09,3.25675692032451e-02,3.25675783493353e-02,3.25502477787416e-02,lamp_kernel
4.746456e+02,20521,5.55405859410271e-09,3.25675686124406e-02,3.25675777370465e-02,3.25502644550735e-02,lamp_kernel
4.751095e+02,20541,5.54101865768463e-09,3.25675680232646e-02,3.25675771264475e-02,3.25502810988275e-02,lamp_kernel
4.755734e+02,20561,5.52804354192610e-09,3.25675674357097e-02,3.25675765175762e-02,3.25502977100987e-02,lamp_kernel
4.760373e+02,20581,5.51509801964340e-09,3.25675668497707e-02,3.25675759103694e-02,3.25503142889814e-02,lamp_kernel
4.765012e+02,20601,5.50221629914397e-09,3.25675662654407e-02,3.25675753048764e-02,3.25503308355702e-02,lamp_kernel
4.769650e+02,20621,5.48939049321508e-09,3.25675656827134e-02,3.25675747010779e-02,3.25503473499593e-02,lamp_kernel
4.774289e+02,20641,5.47667755354377e-09,3.25675651015819e-02,3.25675740990607e-02,3.25503638322416e-02,lamp_kernel
4.778928e+02,20661,5.46400151033795e-09,3.25675645220389e-02,3.25675734986926e-02,3.25503802825109e-02,lamp_kernel
4.783567e+02,20681,5.45136587527000e-09,3.25675639440821e-02,3.25675728999770e-02,3.25503967008599e-02,lamp_kernel
4.788207e+02,20701,5.43876000556627e-09,3.25675633677023e-02,3.25675723028874e-02,3.25504130873811e-02,lamp_kernel
4.792846e+02,20721,5.42617797483708e-09,3.25675627928934e-02,3.25675717074078e-02,3.25504294421667e-02,lamp_kernel
4.797486e+02,20741,5.41432472071607e-09,3.25675622196484e-02,3.25675711146894e-02,3.25504457653084e-02,lamp_kernel
4.802126e+02,20761,5.40261123501683e-09,3.25675616479631e-02,3.25675705237604e-02,3.25504620568978e-02,lamp_kernel
4.806765e+02,20781,5.39093288820643e-09,3.25675610778285e-02,3.25675699344397e-02,3.25504783170260e-02,lamp_kernel
4.811405e+02,20801,5.37938985958377e-09,3.25675605092392e-02,3.25675693468868e-02,3.25504945457836e-02,lamp_kernel
4.816045e+02,20821,5.36793550634296e-09,3.25675599421874e-02,3.25675687610169e-02,3.25505107432612e-02,lamp_kernel
4.820684e+02,20841,5.35653262269013e-09,3.25675593766679e-02,3.25675681767640e-02,3.25505269095487e-02,lamp_kernel
4.825323e+02,20861,5.34523700051048e-09,3.25675588126737e-02,3.25675675942125e-02,3.25505430447360e-02,lamp_kernel
4.829962e+02,20881,5.33400371285651e-09,3.25675582501990e-02,3.25675670132829e-02,3.25505591489123e-02,lamp_kernel
4.834601e+02,20901,5.32279140025045e-09,3.25675576892365e-02,3.25675664339000e-02,3.25505752221668e-02,lamp_kernel
4.839241e+02,20921,5.31159416606318e-09,3.25675571297811e-02,3.25675658560491e-02,3.25505912645878e-02,lamp_kernel
4.843880e+02,20941,5.30047038837677e-09,3.25675565718275e-02,3.25675652798205e-02,3.25506072762642e-02,lamp_kernel
4.848519e+02,20961,5.28943172931749e-09,3.25675560153688e-02,3.25675647052267e-02,3.25506232572838e-02,lamp_kernel
4.853159e+02,20981,5.27849220878219e-09,3.25675554603987e-02,3.25675641322844e-02,3.25506392077339e-02,lamp_kernel
4.857798e+02,21001,5.26762140065059e-09,3.25675549069123e-02,3.25675635609387e-02,3.25506551277024e-02,lamp_kernel
4.862438e+02,21021,5.25680257820506e-09,3.25675543549047e-02,3.25675629911571e-02,3.25506710172762e-02,lamp_kernel
4.867077e+02,21041,5.24598581057665e-09,3.25675538043677e-02,3.25675624228496e-02,3.25506868765417e-02,lamp_kernel
4.871717e+02,21061,5.23528437379063e-09,3.25675532552983e-02,3.25675618561990e-02,3.25507027055855e-02,lamp_kernel
4.876356e+02,21081,5.22467369583660e-09,3.25675527076891e-02,3.25675612911579e-02,3.25507185044936e-02,lamp_kernel
4.880996e+02,21101,5.21405957632703e-09,3.25675521615344e-02,3.25675607275655e-02,3.25507342733516e-02,lamp_kernel
4.885635e+02,21121,5.20350793937650e-09,3.25675516168285e-02,3.25675601655246e-02,3.25507500122450e-02,lamp_kernel
4.890274e+02,21141,5.19304186450046e-09,3.25675510735663e-02,3.25675596050681e-02,3.25507657212588e-02,lamp_kernel
4.894914e+02,21161,5.18264651266005e-09,3.25675505317400e-02,3.25675590461635e-02,3.25507814004777e-02,lamp_kernel
4.899555e+02,21181,5.17230177972200e-09,3.25675499913447e-02,3.25675584887731e-02,3.25507970499865e-02,lamp_kernel
4.904198e+02,21201,5.16204730150219e-09,3.25675494523748e-02,3.25675579329564e-02,3.25508126698688e-02,lamp_kernel
4.908838e+02,21221,5.15182791502682e-09,3.25675489148260e-02,3.25675573786185e-02,3.25508282601799e-02,lamp_kernel
4.913478e+02,21241,5.14166996164619e-09,3.25675483786909e-02,3.25675568257951e-02,3.25508438210302e-02,lamp_kernel
4.918118e+02,21261,5.13168695406598e-09,3.25675478439616e-02,3.25675562746651e-02,3.25508593525049e-02,lamp_kernel
4.922758e+02,21281,5.12182485182404e-09,3.25675473106396e-02,3.25675557251409e-02,3.25508748546865e-02,lamp_kernel
4.927399e+02,21301,5.11195538931055e-09,3.25675467787130e-02,3.25675551770001e-02,3.25508903276577e-02,lamp_kernel
c_index=0.0,Sw=0.03256754677871303,Smin=0.03256754677871303,Smax=0.03256754677871303,Nw=66,pairs=190
