time(s),iter,infeas,ot_objective,dual
2.369990e-04,1,4.74063503874981e-01,3.88906010984367e-240,-6.61979801034353e+00,sinkhorn_cellsim
9.672147e-03,21,4.74063503874981e-01,1.41901988399040e-167,6.87337854482207e+00,sinkhorn_cellsim
1.901679e-02,41,4.74063503874981e-01,5.17837697930863e-95,2.03665550999877e+01,sinkhorn_cellsim
2.834746e-02,61,4.74063503874981e-01,1.88972603149392e-22,3.38597316551533e+01,sinkhorn_cellsim
3.769064e-02,81,4.74055455053276e-01,5.64273765598371e-06,4.73051751684753e+01,sinkhorn_cellsim
4.703752e-02,101,4.70668782039123e-01,2.52497957044069e-04,6.04510339736002e+01,sinkhorn_cellsim
5.637871e-02,121,4.69477954944052e-01,2.96239538801931e-04,7.28127923050499e+01,sinkhorn_cellsim
6.573485e-02,141,4.66595406558837e-01,6.80198649877625e-04,8.39933851852100e+01,sinkhorn_cellsim
7.509057e-02,161,4.65561108784953e-01,9.47048856436748e-04,9.39055269015940e+01,sinkhorn_cellsim
8.443642e-02,181,4.63194727471362e-01,1.29852512415826e-03,1.02551480692347e+02,sinkhorn_cellsim
9.378888e-02,201,4.60694219423605e-01,1.53593198933584e-03,1.10402264195290e+02,sinkhorn_cellsim
1.031365e-01,221,4.59702537818903e-01,1.68577124170214e-03,1.17900860666033e+02,sinkhorn_cellsim
1.124951e-01,241,4.58162852566832e-01,1.78760757093312e-03,1.25210049087387e+02,sinkhorn_cellsim
1.218542e-01,261,4.57226743689995e-01,1.87514317240926e-03,1.32350282680407e+02,sinkhorn_cellsim
1.312216e-01,281,4.54468354398637e-01,2.07509356726072e-03,1.39404680201008e+02,sinkhorn_cellsim
1.405958e-01,301,4.47815539847654e-01,2.37039511273983e-03,1.46332832957356e+02,sinkhorn_cellsim
1.499621e-01,321,4.45614143171708e-01,2.52388461845450e-03,1.53097336089798e+02,sinkhorn_cellsim
1.593492e-01,341,4.43637511091553e-01,2.63985092709545e-03,1.59805962986299e+02,sinkhorn_cellsim
1.687249e-01,361,4.41627681737425e-01,2.77689230030844e-03,1.66461909977537e+02,sinkhorn_cellsim
1.781085e-01,381,4.38633169689064e-01,2.89068454336085e-03,1.73084829995270e+02,sinkhorn_cellsim
1.874915e-01,401,4.36935319661586e-01,2.96899229444206e-03,1.79664956255278e+02,sinkhorn_cellsim
1.968598e-01,421,4.35487359835861e-01,3.03921860732042e-03,1.86219111835552e+02,sinkhorn_cellsim
2.062250e-01,441,4.34528277468635e-01,3.12136347667747e-03,1.92749187211663e+02,sinkhorn_cellsim
2.155939e-01,461,4.33436340744137e-01,3.22406642739571e-03,1.99246959580714e+02,sinkhorn_cellsim
2.249716e-01,481,4.31585790420743e-01,3.28504468458059e-03,2.05712025993402e+02,sinkhorn_cellsim
2.343491e-01,501,4.30470750643953e-01,3.47771164329748e-03,2.12143277689270e+02,sinkhorn_cellsim
2.437287e-01,521,4.28226541592445e-01,3.67852808573716e-03,2.18525588014425e+02,sinkhorn_cellsim
2.531302e-01,541,4.25907954083964e-01,3.95964233822966e-03,2.24814622692232e+02,sinkhorn_cellsim
2.625394e-01,561,4.23163570684167e-01,4.19901322288932e-03,2.31038725732013e+02,sinkhorn_cellsim
2.719382e-01,581,4.23049967574737e-01,4.34820916218185e-03,2.37208461537600e+02,sinkhorn_cellsim
2.813259e-01,601,4.20616259279330e-01,4.45736412585233e-03,2.43332376597757e+02,sinkhorn_cellsim
2.907258e-01,621,4.15936876370661e-01,4.66342246711800e-03,2.49400430375330e+02,sinkhorn_cellsim
3.001149e-01,641,4.11894442776938e-01,5.10799597627846e-03,2.55299497981362e+02,sinkhorn_cellsim
3.095041e-01,661,4.08580721181137e-01,5.32703363902760e-03,2.61074325273549e+02,sinkhorn_cellsim
3.188813e-01,681,4.04009370611414e-01,5.66904530243942e-03,2.66759387276995e+02,sinkhorn_cellsim
3.282523e-01,701,4.01419755911988e-01,5.84167258032664e-03,2.72381529930491e+02,sinkhorn_cellsim
3.376332e-01,721,3.97450080613491e-01,6.26015532594673e-03,2.77915510798023e+02,sinkhorn_cellsim
3.470133e-01,741,3.88350262227028e-01,6.83044821559112e-03,2.83298674475074e+02,sinkhorn_cellsim
3.564091e-01,761,3.82071675870506e-01,7.28598472422689e-03,2.88493517572173e+02,sinkhorn_cellsim
3.657779e-01,781,3.74451660125823e-01,7.75814662254284e-03,2.93459850039612e+02,sinkhorn_cellsim
3.751586e-01,801,3.67992323736597e-01,8.18473395376000e-03,2.98286023428928e+02,sinkhorn_cellsim
3.845202e-01,821,3.62356285212844e-01,8.59393806733591e-03,3.02990908336538e+02,sinkhorn_cellsim
3.939088e-01,841,3.56190422903748e-01,9.14602378462847e-03,3.07516537094335e+02,sinkhorn_cellsim
4.032872e-01,861,3.51642485378112e-01,9.39775836899487e-03,3.11954761590789e+02,sinkhorn_cellsim
4.126826e-01,881,3.46915716455385e-01,9.76202101423030e-03,3.16275551837012e+02,sinkhorn_cellsim
4.220742e-01,901,3.40428429470795e-01,1.04640964699824e-02,3.20437944836638e+02,sinkhorn_cellsim
4.314744e-01,921,3.26378545124760e-01,1.14293079852354e-02,3.24351152490347e+02,sinkhorn_cellsim
4.408754e-01,941,3.17551573927868e-01,1.21111706698062e-02,3.27998443465617e+02,sinkhorn_cellsim
4.502700e-01,961,3.09320459907692e-01,1.25760149515738e-02,3.31436584485855e+02,sinkhorn_cellsim
4.596763e-01,981,3.03840614008806e-01,1.29658047336177e-02,3.34769043932316e+02,sinkhorn_cellsim
4.690825e-01,1001,3.01270079058799e-01,1.32409460780841e-02,3.38020455935764e+02,sinkhorn_cellsim
4.784725e-01,1021,2.93747099950165e-01,1.36426709607110e-02,3.41182808726756e+02,sinkhorn_cellsim
4.878525e-01,1041,2.86373827457637e-01,1.42294522975829e-02,3.44200382430893e+02,sinkhorn_cellsim
4.972228e-01,1061,2.79296079870832e-01,1.47281742766588e-02,3.47063407318589e+02,sinkhorn_cellsim
5.065951e-01,1081,2.70970665051119e-01,1.53928654490984e-02,3.49779467319100e+02,sinkhorn_cellsim
5.159784e-01,1101,2.62893425307266e-01,1.60266678685746e-02,3.52277774816589e+02,sinkhorn_cellsim
5.253563e-01,1121,2.57970652146130e-01,1.63806252454441e-02,3.54641303485450e+02,sinkhorn_cellsim
5.347351e-01,1141,2.53050027038983e-01,1.68135594733857e-02,3.56931571575682e+02,sinkhorn_cellsim
5.441147e-01,1161,2.43553060642966e-01,1.72595335288393e-02,3.59087028687219e+02,sinkhorn_cellsim
5.534919e-01,1181,2.37194950958274e-01,1.76061606352507e-02,3.61120714967856e+02,sinkhorn_cellsim
5.628770e-01,1201,2.29289312485353e-01,1.79422582332576e-02,3.63068895941495e+02,sinkhorn_cellsim
5.722548e-01,1221,2.22101511457553e-01,1.82972918678755e-02,3.64918998882531e+02,sinkhorn_cellsim
5.816264e-01,1241,2.15905846582991e-01,1.87698295452602e-02,3.66655957978992e+02,sinkhorn_cellsim
5.910047e-01,1261,2.10744986119531e-01,1.89522433465430e-02,3.68333545234375e+02,sinkhorn_cellsim
6.003774e-01,1281,2.05194807857700e-01,1.92603132684260e-02,3.69936693770971e+02,sinkhorn_cellsim
6.097467e-01,1301,2.02674073116319e-01,1.94792096525186e-02,3.71486767962078e+02,sinkhorn_cellsim
6.191190e-01,1321,1.98092082730708e-01,1.97976955863740e-02,3.72968518235363e+02,sinkhorn_cellsim
6.284910e-01,1341,1.95226773870585e-01,1.99281788711723e-02,3.74408458798007e+02,sinkhorn_cellsim
6.378599e-01,1361,1.89930598229709e-01,2.01258543689522e-02,3.75803436650028e+02,sinkhorn_cellsim
6.472243e-01,1381,1.82854889746328e-01,2.04859452791355e-02,3.77141903703082e+02,sinkhorn_cellsim
6.565914e-01,1401,1.78237170569850e-01,2.07072230303900e-02,3.78367935156677e+02,sinkhorn_cellsim
6.659544e-01,1421,1.74691392681358e-01,2.08694092350657e-02,3.79556170525776e+02,sinkhorn_cellsim
6.753160e-01,1441,1.71657227202436e-01,2.10067363034849e-02,3.80703830855160e+02,sinkhorn_cellsim
6.846714e-01,1461,1.69256766720784e-01,2.11292299291291e-02,3.81820643164939e+02,sinkhorn_cellsim
6.940377e-01,1481,1.63874587822945e-01,2.13790875457680e-02,3.82893170048332e+02,sinkhorn_cellsim
7.033916e-01,1501,1.59934051094688e-01,2.15631467341226e-02,3.83917541417069e+02,sinkhorn_cellsim
7.127517e-01,1521,1.53256816241941e-01,2.18483797527499e-02,3.84882023273312e+02,sinkhorn_cellsim
7.221168e-01,1541,1.47650948834046e-01,2.20885280671915e-02,3.85789259953300e+02,sinkhorn_cellsim
7.314841e-01,1561,1.43896495036708e-01,2.22101544092883e-02,3.86648204170974e+02,sinkhorn_cellsim
7.408483e-01,1581,1.42329529826268e-01,2.23845004499067e-02,3.87481593131486e+02,sinkhorn_cellsim
7.502025e-01,1601,1.39533661364446e-01,2.25534050542282e-02,3.88259671630549e+02,sinkhorn_cellsim
7.595752e-01,1621,1.36267882194491e-01,2.26846148403777e-02,3.89009158180291e+02,sinkhorn_cellsim
7.689507e-01,1641,1.32558099707755e-01,2.28637872858793e-02,3.89720917410648e+02,sinkhorn_cellsim
7.783320e-01,1661,1.30487886909246e-01,2.29344084219877e-02,3.90410271730724e+02,sinkhorn_cellsim
7.877012e-01,1681,1.26368848072185e-01,2.31469578733285e-02,3.91070453361873e+02,sinkhorn_cellsim
7.970779e-01,1701,1.23543331754390e-01,2.32792238131876e-02,3.91691597805947e+02,sinkhorn_cellsim
8.064434e-01,1721,1.21303702912799e-01,2.33951689500392e-02,3.92289730272811e+02,sinkhorn_cellsim
8.158049e-01,1741,1.19438337842024e-01,2.34758754769052e-02,3.92868004735121e+02,sinkhorn_cellsim
8.251665e-01,1761,1.17338056839703e-01,2.35525352232257e-02,3.93432701666986e+02,sinkhorn_cellsim
8.345347e-01,1781,1.14919291658943e-01,2.37202359452194e-02,3.93966844107161e+02,sinkhorn_cellsim
8.438999e-01,1801,1.12629708872638e-01,2.38018661519476e-02,3.94470990244648e+02,sinkhorn_cellsim
8.532650e-01,1821,1.10937885548757e-01,2.38697442268391e-02,3.94962484026552e+02,sinkhorn_cellsim
8.626317e-01,1841,1.08849036407547e-01,2.39842950286767e-02,3.95431194668701e+02,sinkhorn_cellsim
8.720004e-01,1861,1.06859235852848e-01,2.41092514369562e-02,3.95879834429511e+02,sinkhorn_cellsim
8.813651e-01,1881,1.03954831992555e-01,2.42461376597948e-02,3.96304896709869e+02,sinkhorn_cellsim
8.907342e-01,1901,1.00034372603033e-01,2.43557449594401e-02,3.96705971021332e+02,sinkhorn_cellsim
9.000971e-01,1921,9.81446285356890e-02,2.44092876979905e-02,3.97092938547991e+02,sinkhorn_cellsim
9.094629e-01,1941,9.61332962378968e-02,2.44647080562085e-02,3.97469500694545e+02,sinkhorn_cellsim
9.188411e-01,1961,9.40078397118035e-02,2.45199936548565e-02,3.97834643486353e+02,sinkhorn_cellsim
9.282201e-01,1981,9.08322215309207e-02,2.46021169261453e-02,3.98184806821836e+02,sinkhorn_cellsim
9.375966e-01,2001,8.97426931384626e-02,2.46503790423970e-02,3.98523530990560e+02,sinkhorn_cellsim
9.469667e-01,2021,8.88384071313727e-02,2.46858602778991e-02,3.98855648005064e+02,sinkhorn_cellsim
9.563461e-01,2041,8.82060527048422e-02,2.47171786165227e-02,3.99183343127023e+02,sinkhorn_cellsim
9.657113e-01,2061,8.67836889405363e-02,2.47622462643315e-02,3.99504390658279e+02,sinkhorn_cellsim
9.750836e-01,2081,8.58081496986861e-02,2.47968929107997e-02,3.99816799888434e+02,sinkhorn_cellsim
9.844488e-01,2101,8.44569624124189e-02,2.48476118841909e-02,4.00123888468395e+02,sinkhorn_cellsim
9.938180e-01,2121,8.38284903399651e-02,2.48732140575757e-02,4.00424999798783e+02,sinkhorn_cellsim
1.003188e+00,2141,8.30362899625929e-02,2.48995006676052e-02,4.00721529598532e+02,sinkhorn_cellsim
1.012563e+00,2161,8.17598918800810e-02,2.49606916691277e-02,4.01011521035541e+02,sinkhorn_cellsim
1.021950e+00,2181,8.02633437989421e-02,2.50250261240739e-02,4.01289697715742e+02,sinkhorn_cellsim
1.031337e+00,2201,7.82762472637269e-02,2.50883190609199e-02,4.01558163173269e+02,sinkhorn_cellsim
1.040713e+00,2221,7.68739279733404e-02,2.51327491432681e-02,4.01817607189543e+02,sinkhorn_cellsim
1.050094e+00,2241,7.56710774494708e-02,2.51555587960685e-02,4.02071713113562e+02,sinkhorn_cellsim
1.059471e+00,2261,7.43423603662749e-02,2.51795975004150e-02,4.02320828157067e+02,sinkhorn_cellsim
1.068855e+00,2281,7.30283289511797e-02,2.52066635431636e-02,4.02566060414468e+02,sinkhorn_cellsim
1.078232e+00,2301,7.10492840758062e-02,2.52592850392828e-02,4.02802235291010e+02,sinkhorn_cellsim
1.094881e+00,2321,7.03644189546315e-02,2.52736995001016e-02,4.03034786194973e+02,sinkhorn_cellsim
1.104347e+00,2341,6.93041868145689e-02,2.52893187281482e-02,4.03264791438954e+02,sinkhorn_cellsim
1.113757e+00,2361,6.84370015883951e-02,2.53401295997215e-02,4.03490426969575e+02,sinkhorn_cellsim
1.123144e+00,2381,6.74588569933174e-02,2.53770025692975e-02,4.03704751013018e+02,sinkhorn_cellsim
1.132526e+00,2401,6.66051219855365e-02,2.53956226333688e-02,4.03915472781360e+02,sinkhorn_cellsim
1.141901e+00,2421,6.60843791175340e-02,2.54028287599302e-02,4.04124166602268e+02,sinkhorn_cellsim
1.151270e+00,2441,6.57126700813933e-02,2.54092860897025e-02,4.04331837058420e+02,sinkhorn_cellsim
1.160648e+00,2461,6.51603185618466e-02,2.54311585832841e-02,4.04537885171438e+02,sinkhorn_cellsim
1.170007e+00,2481,6.44816096359253e-02,2.54626549368368e-02,4.04740658971234e+02,sinkhorn_cellsim
1.179364e+00,2501,6.39396310244569e-02,2.54793022353589e-02,4.04940882519376e+02,sinkhorn_cellsim
1.188715e+00,2521,6.35352527252212e-02,2.54934977499346e-02,4.05138299559403e+02,sinkhorn_cellsim
1.198070e+00,2541,6.25496779781601e-02,2.55188447955206e-02,4.05332892018330e+02,sinkhorn_cellsim
1.207417e+00,2561,6.15168822438646e-02,2.55520672998429e-02,4.05522453965186e+02,sinkhorn_cellsim
1.216773e+00,2581,6.08387133821371e-02,2.55725586175645e-02,4.05708460756622e+02,sinkhorn_cellsim
1.226126e+00,2601,6.02261169684289e-02,2.56129319702161e-02,4.05890419284335e+02,sinkhorn_cellsim
1.235494e+00,2621,5.99325330360234e-02,2.56605839930685e-02,4.06067507257169e+02,sinkhorn_cellsim
1.244861e+00,2641,5.96811145775008e-02,2.56885437945899e-02,4.06241416513626e+02,sinkhorn_cellsim
1.254225e+00,2661,5.92416935915287e-02,2.57061434806227e-02,4.06413773703575e+02,sinkhorn_cellsim
1.263582e+00,2681,5.84871687578734e-02,2.57250186995884e-02,4.06584225112636e+02,sinkhorn_cellsim
1.272947e+00,2701,5.76971819604015e-02,2.57412941729310e-02,4.06752743929168e+02,sinkhorn_cellsim
1.282304e+00,2721,5.66897922134479e-02,2.57689158711404e-02,4.06918874727218e+02,sinkhorn_cellsim
1.291661e+00,2741,5.57998151913629e-02,2.57999262297966e-02,4.07081902229917e+02,sinkhorn_cellsim
1.301020e+00,2761,5.48137016138163e-02,2.58879814485308e-02,4.07238626799820e+02,sinkhorn_cellsim
1.310369e+00,2781,5.34369869513296e-02,2.59337833808083e-02,4.07387182758288e+02,sinkhorn_cellsim
1.319722e+00,2801,5.26085162503391e-02,2.59596124097599e-02,4.07531380184709e+02,sinkhorn_cellsim
1.329077e+00,2821,5.21734056988487e-02,2.59723928546471e-02,4.07673311935346e+02,sinkhorn_cellsim
1.338431e+00,2841,5.16663407149416e-02,2.59916872942522e-02,4.07813179437509e+02,sinkhorn_cellsim
1.347783e+00,2861,5.11288313748988e-02,2.60226385980579e-02,4.07947454366176e+02,sinkhorn_cellsim
1.357145e+00,2881,5.09191159906681e-02,2.60289941898612e-02,4.08080396755741e+02,sinkhorn_cellsim
1.366502e+00,2901,5.07507634239047e-02,2.60334410026712e-02,4.08212777859556e+02,sinkhorn_cellsim
1.375862e+00,2921,5.05636068506664e-02,2.60376532460824e-02,4.08344679303170e+02,sinkhorn_cellsim
1.385219e+00,2941,5.03582548789726e-02,2.60422295646732e-02,4.08476120844985e+02,sinkhorn_cellsim
1.394578e+00,2961,5.01101412194444e-02,2.60506431164581e-02,4.08606995003192e+02,sinkhorn_cellsim
1.403933e+00,2981,4.97399334770899e-02,2.60688797136581e-02,4.08735966289326e+02,sinkhorn_cellsim
1.413302e+00,3001,4.93569152831073e-02,2.60758524234819e-02,4.08863823229836e+02,sinkhorn_cellsim
1.422660e+00,3021,4.90126215449736e-02,2.60826857930315e-02,4.08990734962810e+02,sinkhorn_cellsim
1.432021e+00,3041,4.86688977371078e-02,2.61047647717982e-02,4.09115777160788e+02,sinkhorn_cellsim
1.441375e+00,3061,4.79882811647733e-02,2.61374821100673e-02,4.09236355793191e+02,sinkhorn_cellsim
1.450738e+00,3081,4.76309369070300e-02,2.61571084640348e-02,4.09353408002150e+02,sinkhorn_cellsim
1.460095e+00,3101,4.73716154441085e-02,2.61659966304302e-02,4.09469392431088e+02,sinkhorn_cellsim
1.469449e+00,3121,4.70795892184227e-02,2.61735691228316e-02,4.09584247191657e+02,sinkhorn_cellsim
1.478809e+00,3141,4.68082341079597e-02,2.61797830426874e-02,4.09698384235607e+02,sinkhorn_cellsim
1.488165e+00,3161,4.65039729085800e-02,2.61866485451159e-02,4.09811932102179e+02,sinkhorn_cellsim
1.497505e+00,3181,4.62889406926173e-02,2.61936326484640e-02,4.09924939514621e+02,sinkhorn_cellsim
1.506850e+00,3201,4.59961973718331e-02,2.62012873866473e-02,4.10037307959435e+02,sinkhorn_cellsim
1.516199e+00,3221,4.55764103310336e-02,2.62104412575170e-02,4.10148657604117e+02,sinkhorn_cellsim
1.525547e+00,3241,4.53449121594165e-02,2.62175301644551e-02,4.10259227198545e+02,sinkhorn_cellsim
1.534897e+00,3261,4.52235307938583e-02,2.62269048240883e-02,4.10368556191356e+02,sinkhorn_cellsim
1.544240e+00,3281,4.50192877809836e-02,2.62376373954992e-02,4.10476887671489e+02,sinkhorn_cellsim
1.553592e+00,3301,4.47970695270274e-02,2.62523518685032e-02,4.10583962736067e+02,sinkhorn_cellsim
1.562941e+00,3321,4.46276295161372e-02,2.62612983423734e-02,4.10690244997159e+02,sinkhorn_cellsim
1.572296e+00,3341,4.44823523359986e-02,2.62681285062123e-02,4.10796059829096e+02,sinkhorn_cellsim
1.581652e+00,3361,4.43545431792774e-02,2.62761663877681e-02,4.10901392766538e+02,sinkhorn_cellsim
1.591006e+00,3381,4.42483952046934e-02,2.62933332697263e-02,4.11005575390952e+02,sinkhorn_cellsim
1.600355e+00,3401,4.41575080008594e-02,2.63249807944021e-02,4.11105494531775e+02,sinkhorn_cellsim
1.609706e+00,3421,4.40563864972131e-02,2.63469752890207e-02,4.11202240762862e+02,sinkhorn_cellsim
1.619059e+00,3441,4.37412754218015e-02,2.63627388467861e-02,4.11296915999033e+02,sinkhorn_cellsim
1.628410e+00,3461,4.32574305031671e-02,2.63773540523519e-02,4.11389550900871e+02,sinkhorn_cellsim
1.637766e+00,3481,4.31283122847429e-02,2.63888807872922e-02,4.11481175470424e+02,sinkhorn_cellsim
1.647117e+00,3501,4.30152909192492e-02,2.63929964174899e-02,4.11572127211631e+02,sinkhorn_cellsim
1.656471e+00,3521,4.28801436629965e-02,2.63959284909001e-02,4.11662861570279e+02,sinkhorn_cellsim
1.665826e+00,3541,4.25808730597998e-02,2.64074492528403e-02,4.11752846574338e+02,sinkhorn_cellsim
1.675178e+00,3561,4.22719195039050e-02,2.64174223314202e-02,4.11841264818203e+02,sinkhorn_cellsim
1.684520e+00,3581,4.19383645799472e-02,2.64216837480894e-02,4.11929140633051e+02,sinkhorn_cellsim
1.693866e+00,3601,4.15073186905567e-02,2.64275709482488e-02,4.12016451027091e+02,sinkhorn_cellsim
1.703211e+00,3621,4.10746733687057e-02,2.64369921834976e-02,4.12101855126897e+02,sinkhorn_cellsim
1.712561e+00,3641,4.07175274745505e-02,2.64445465123660e-02,4.12186437048840e+02,sinkhorn_cellsim
1.721907e+00,3661,4.04101526788320e-02,2.64512958196066e-02,4.12270518061034e+02,sinkhorn_cellsim
1.731254e+00,3681,3.99941833085744e-02,2.64627909696270e-02,4.12353660358883e+02,sinkhorn_cellsim
1.740604e+00,3701,3.95264543667492e-02,2.64905935836616e-02,4.12434389853110e+02,sinkhorn_cellsim
1.749950e+00,3721,3.90123453685165e-02,2.65071134515495e-02,4.12513142078629e+02,sinkhorn_cellsim
1.759302e+00,3741,3.82515225439039e-02,2.65279973542945e-02,4.12590603985565e+02,sinkhorn_cellsim
1.768653e+00,3761,3.76899187868284e-02,2.65529873622582e-02,4.12666411478247e+02,sinkhorn_cellsim
1.778001e+00,3781,3.72730568122559e-02,2.65740606003842e-02,4.12740438023789e+02,sinkhorn_cellsim
1.787354e+00,3801,3.68920505849449e-02,2.65942946619718e-02,4.12812820461251e+02,sinkhorn_cellsim
1.796708e+00,3821,3.65880283731314e-02,2.66058759490378e-02,4.12884222624707e+02,sinkhorn_cellsim
1.806056e+00,3841,3.63027741155149e-02,2.66212767660577e-02,4.12954312101029e+02,sinkhorn_cellsim
1.815407e+00,3861,3.60827684534597e-02,2.66349412836099e-02,4.13022556605084e+02,sinkhorn_cellsim
1.824759e+00,3881,3.58650155017624e-02,2.66427577885133e-02,4.13090211166368e+02,sinkhorn_cellsim
1.834114e+00,3901,3.55986481574153e-02,2.66518406121862e-02,4.13157194583678e+02,sinkhorn_cellsim
1.843469e+00,3921,3.53550039728299e-02,2.66605718893186e-02,4.13223466315917e+02,sinkhorn_cellsim
1.852826e+00,3941,3.50700449390282e-02,2.66699169463286e-02,4.13289117169331e+02,sinkhorn_cellsim
1.862181e+00,3961,3.47432436338969e-02,2.66813620162251e-02,4.13354019639990e+02,sinkhorn_cellsim
1.871545e+00,3981,3.43897558483367e-02,2.66942618974550e-02,4.13417877749877e+02,sinkhorn_cellsim
1.880902e+00,4001,3.40977034318910e-02,2.67022836826956e-02,4.13480982425495e+02,sinkhorn_cellsim
1.890258e+00,4021,3.37835796388765e-02,2.67088571819915e-02,4.13543648826118e+02,sinkhorn_cellsim
1.899620e+00,4041,3.34261599840349e-02,2.67299733723231e-02,4.13604899667375e+02,sinkhorn_cellsim
1.908977e+00,4061,3.30915875510288e-02,2.67450940597610e-02,4.13663789251184e+02,sinkhorn_cellsim
1.918334e+00,4081,3.27229387914937e-02,2.67560562148857e-02,4.13721757410414e+02,sinkhorn_cellsim
1.927696e+00,4101,3.22983788438791e-02,2.67676748542429e-02,4.13778782767114e+02,sinkhorn_cellsim
1.937061e+00,4121,3.18493288799622e-02,2.67762426881592e-02,4.13835040371153e+02,sinkhorn_cellsim
1.946416e+00,4141,3.13187167210684e-02,2.67863161835863e-02,4.13890619339085e+02,sinkhorn_cellsim
1.955774e+00,4161,3.07022773325913e-02,2.67999848953021e-02,4.13945213506802e+02,sinkhorn_cellsim
1.965134e+00,4181,3.02213805673945e-02,2.68105470721321e-02,4.13998990274732e+02,sinkhorn_cellsim
1.974494e+00,4201,2.98511168591641e-02,2.68188243311190e-02,4.14052153806821e+02,sinkhorn_cellsim
1.983852e+00,4221,2.95353002770591e-02,2.68258464783724e-02,4.14104835180484e+02,sinkhorn_cellsim
1.993210e+00,4241,2.92589947477400e-02,2.68324765401332e-02,4.14157090425549e+02,sinkhorn_cellsim
2.002576e+00,4261,2.90216322400142e-02,2.68389943643100e-02,4.14208923412346e+02,sinkhorn_cellsim
2.011939e+00,4281,2.88110449894319e-02,2.68447609112647e-02,4.14260350154597e+02,sinkhorn_cellsim
2.021306e+00,4301,2.86167868595463e-02,2.68505408204074e-02,4.14311380592448e+02,sinkhorn_cellsim
2.030666e+00,4321,2.84447543366036e-02,2.68584754907198e-02,4.14361858417273e+02,sinkhorn_cellsim
2.040032e+00,4341,2.83350307974048e-02,2.68640815303307e-02,4.14411841711221e+02,sinkhorn_cellsim
2.049388e+00,4361,2.82702926998420e-02,2.68677808050822e-02,4.14461554467527e+02,sinkhorn_cellsim
2.058754e+00,4381,2.82128183558377e-02,2.68707331900904e-02,4.14511069378819e+02,sinkhorn_cellsim
2.068114e+00,4401,2.81541326125501e-02,2.68733405740007e-02,4.14560399822279e+02,sinkhorn_cellsim
2.077479e+00,4421,2.80878091716064e-02,2.68763571008458e-02,4.14609521062035e+02,sinkhorn_cellsim
2.086840e+00,4441,2.80008387543320e-02,2.68804321604223e-02,4.14658378357678e+02,sinkhorn_cellsim
2.096205e+00,4461,2.79137293487311e-02,2.68860975841738e-02,4.14706940598654e+02,sinkhorn_cellsim
2.105567e+00,4481,2.78194355324798e-02,2.68937858089904e-02,4.14755101418182e+02,sinkhorn_cellsim
2.114932e+00,4501,2.76655647108732e-02,2.69015780242383e-02,4.14802770650232e+02,sinkhorn_cellsim
2.124298e+00,4521,2.74810903327120e-02,2.69098474809017e-02,4.14849803795078e+02,sinkhorn_cellsim
2.133661e+00,4541,2.73596934912304e-02,2.69156910708357e-02,4.14896407981243e+02,sinkhorn_cellsim
2.143022e+00,4561,2.72275036220165e-02,2.69217130157867e-02,4.14942528976404e+02,sinkhorn_cellsim
2.152385e+00,4581,2.71167844408069e-02,2.69254385093479e-02,4.14988223214561e+02,sinkhorn_cellsim
2.161741e+00,4601,2.70112505422581e-02,2.69285127115568e-02,4.15033740380710e+02,sinkhorn_cellsim
2.171114e+00,4621,2.68987023417506e-02,2.69317366219149e-02,4.15079113847235e+02,sinkhorn_cellsim
2.180476e+00,4641,2.67697806055200e-02,2.69364787664203e-02,4.15124259393213e+02,sinkhorn_cellsim
2.189860e+00,4661,2.66360650265881e-02,2.69422088087775e-02,4.15169063745683e+02,sinkhorn_cellsim
2.199245e+00,4681,2.64785963505703e-02,2.69463207233496e-02,4.15213667921711e+02,sinkhorn_cellsim
2.208631e+00,4701,2.63241057879428e-02,2.69497809586630e-02,4.15258122398423e+02,sinkhorn_cellsim
2.218016e+00,4721,2.61144271925566e-02,2.69585305906311e-02,4.15302200963885e+02,sinkhorn_cellsim
2.227401e+00,4741,2.59329754648883e-02,2.69739306730226e-02,4.15344849600382e+02,sinkhorn_cellsim
2.236786e+00,4761,2.58156647564627e-02,2.69777089683798e-02,4.15387057906297e+02,sinkhorn_cellsim
2.246173e+00,4781,2.57563314573737e-02,2.69801805844131e-02,4.15429125237135e+02,sinkhorn_cellsim
2.255559e+00,4801,2.56996420994461e-02,2.69819642813677e-02,4.15471105203067e+02,sinkhorn_cellsim
2.264947e+00,4821,2.56415862925479e-02,2.69834746587657e-02,4.15513013631204e+02,sinkhorn_cellsim
2.274332e+00,4841,2.55669754475759e-02,2.69851334736258e-02,4.15554844233770e+02,sinkhorn_cellsim
2.283719e+00,4861,2.54746270724414e-02,2.69878406946899e-02,4.15596551892308e+02,sinkhorn_cellsim
2.293102e+00,4881,2.53434348397424e-02,2.70076815971354e-02,4.15637458931427e+02,sinkhorn_cellsim
2.302487e+00,4901,2.52179513734130e-02,2.70262541880265e-02,4.15676672018411e+02,sinkhorn_cellsim
2.311871e+00,4921,2.51080139809263e-02,2.70371473559894e-02,4.15714671048825e+02,sinkhorn_cellsim
2.321256e+00,4941,2.49997911483555e-02,2.70427812206105e-02,4.15752259791682e+02,sinkhorn_cellsim
2.330640e+00,4961,2.48750335016442e-02,2.70469000103195e-02,4.15789620957719e+02,sinkhorn_cellsim
2.340035e+00,4981,2.47406150267769e-02,2.70540771109784e-02,4.15826683681622e+02,sinkhorn_cellsim
2.349418e+00,5001,2.45861864598104e-02,2.70683803343988e-02,4.15862440190088e+02,sinkhorn_cellsim
2.358811e+00,5021,2.44249505911968e-02,2.70733922952487e-02,4.15897750598960e+02,sinkhorn_cellsim
2.368198e+00,5041,2.42762892171357e-02,2.70768304242791e-02,4.15932893848440e+02,sinkhorn_cellsim
2.377596e+00,5061,2.41381169788620e-02,2.70800985874976e-02,4.15967867965071e+02,sinkhorn_cellsim
2.386992e+00,5081,2.39996373184048e-02,2.70869288218781e-02,4.16002337246241e+02,sinkhorn_cellsim
2.396399e+00,5101,2.38526959656092e-02,2.70919564394596e-02,4.16036335191429e+02,sinkhorn_cellsim
2.405795e+00,5121,2.36725757259535e-02,2.70964245260394e-02,4.16070081183785e+02,sinkhorn_cellsim
2.415189e+00,5141,2.34578142902694e-02,2.71010059230685e-02,4.16103583137683e+02,sinkhorn_cellsim
2.424577e+00,5161,2.32870928204041e-02,2.71041434481756e-02,4.16136911202576e+02,sinkhorn_cellsim
2.433970e+00,5181,2.31731564382811e-02,2.71070230136916e-02,4.16170107557400e+02,sinkhorn_cellsim
2.443353e+00,5201,2.30682236829328e-02,2.71123470640366e-02,4.16203076813832e+02,sinkhorn_cellsim
2.452749e+00,5221,2.29628113185041e-02,2.71171724361933e-02,4.16235774750105e+02,sinkhorn_cellsim
2.462140e+00,5241,2.28504468343352e-02,2.71202801099461e-02,4.16268304282332e+02,sinkhorn_cellsim
2.471539e+00,5261,2.27348176485671e-02,2.71258045931221e-02,4.16300527429231e+02,sinkhorn_cellsim
2.480927e+00,5281,2.26037149658621e-02,2.71313982419841e-02,4.16332258667861e+02,sinkhorn_cellsim
2.490322e+00,5301,2.24605767914605e-02,2.71347984666520e-02,4.16363772332825e+02,sinkhorn_cellsim
2.499714e+00,5321,2.23068386130369e-02,2.71374233612538e-02,4.16395144611977e+02,sinkhorn_cellsim
2.509109e+00,5341,2.21506814058314e-02,2.71402637180025e-02,4.16426377662135e+02,sinkhorn_cellsim
2.518499e+00,5361,2.19885081303290e-02,2.71447932834763e-02,4.16457395425646e+02,sinkhorn_cellsim
2.527888e+00,5381,2.18316319977940e-02,2.71632297900737e-02,4.16487692038020e+02,sinkhorn_cellsim
2.537280e+00,5401,2.16680916525686e-02,2.71800781905900e-02,4.16515879733410e+02,sinkhorn_cellsim
2.546674e+00,5421,2.14825894948158e-02,2.71852988721386e-02,4.16543682738313e+02,sinkhorn_cellsim
2.556067e+00,5441,2.13069653822393e-02,2.71900451449170e-02,4.16571262048471e+02,sinkhorn_cellsim
2.565460e+00,5461,2.11717115350787e-02,2.71938843760362e-02,4.16598675406273e+02,sinkhorn_cellsim
2.574863e+00,5481,2.10671012951445e-02,2.71974083631475e-02,4.16625963453280e+02,sinkhorn_cellsim
2.584261e+00,5501,2.09699207496443e-02,2.72017087828488e-02,4.16653103177232e+02,sinkhorn_cellsim
2.593667e+00,5521,2.08800859823461e-02,2.72047639162696e-02,4.16680118300829e+02,sinkhorn_cellsim
2.603072e+00,5541,2.07988043929383e-02,2.72065456208046e-02,4.16707064928121e+02,sinkhorn_cellsim
2.612467e+00,5561,2.07239197179233e-02,2.72079363128727e-02,4.16733960194096e+02,sinkhorn_cellsim
2.621864e+00,5581,2.06498081740312e-02,2.72092208929556e-02,4.16760808177339e+02,sinkhorn_cellsim
2.631260e+00,5601,2.05714220824060e-02,2.72105318427028e-02,4.16787607724035e+02,sinkhorn_cellsim
2.640658e+00,5621,2.04883350747948e-02,2.72119509407380e-02,4.16814354686647e+02,sinkhorn_cellsim
2.650053e+00,5641,2.04133571762734e-02,2.72134676678196e-02,4.16841046077020e+02,sinkhorn_cellsim
2.659456e+00,5661,2.03385944694712e-02,2.72150181354078e-02,4.16867682012814e+02,sinkhorn_cellsim
2.668856e+00,5681,2.02630249020263e-02,2.72167472953580e-02,4.16894254145173e+02,sinkhorn_cellsim
2.678255e+00,5701,2.01770240005145e-02,2.72193686437962e-02,4.16920714124067e+02,sinkhorn_cellsim
2.687654e+00,5721,2.00655704382233e-02,2.72235604870637e-02,4.16946977471577e+02,sinkhorn_cellsim
2.697057e+00,5741,1.99600657253938e-02,2.72289093656752e-02,4.16972998214087e+02,sinkhorn_cellsim
2.706448e+00,5761,1.98699050200308e-02,2.72324936041481e-02,4.16998842331601e+02,sinkhorn_cellsim
2.715851e+00,5781,1.97883420812206e-02,2.72346668828096e-02,4.17024586559853e+02,sinkhorn_cellsim
2.725247e+00,5801,1.97085586075107e-02,2.72365180719261e-02,4.17050250464639e+02,sinkhorn_cellsim
2.734646e+00,5821,1.96310573550392e-02,2.72382616066085e-02,4.17075841174715e+02,sinkhorn_cellsim
2.744040e+00,5841,1.95548044390377e-02,2.72398911047386e-02,4.17101365777531e+02,sinkhorn_cellsim
2.753440e+00,5861,1.94855816409058e-02,2.72415344931652e-02,4.17126827775117e+02,sinkhorn_cellsim
2.762830e+00,5881,1.94200766787468e-02,2.72438866592494e-02,4.17152213106249e+02,sinkhorn_cellsim
2.772231e+00,5901,1.93542042216910e-02,2.72478610175094e-02,4.17177463302535e+02,sinkhorn_cellsim
2.781627e+00,5921,1.92751653343368e-02,2.72513474384919e-02,4.17202519946627e+02,sinkhorn_cellsim
2.791023e+00,5941,1.91483640168223e-02,2.72545030917744e-02,4.17227318535241e+02,sinkhorn_cellsim
2.800409e+00,5961,1.89592256042987e-02,2.72583643559189e-02,4.17251825319105e+02,sinkhorn_cellsim
2.809806e+00,5981,1.87743927825565e-02,2.72620210363540e-02,4.17276109125270e+02,sinkhorn_cellsim
2.819197e+00,6001,1.86723676216745e-02,2.72649986413518e-02,4.17300250586418e+02,sinkhorn_cellsim
2.828595e+00,6021,1.85956352499291e-02,2.72682275437593e-02,4.17324245708286e+02,sinkhorn_cellsim
2.837991e+00,6041,1.83946020368170e-02,2.72770674360002e-02,4.17347896825310e+02,sinkhorn_cellsim
2.847391e+00,6061,1.81142527715351e-02,2.72892547275158e-02,4.17370776297965e+02,sinkhorn_cellsim
2.856784e+00,6081,1.80272607281125e-02,2.72948229365905e-02,4.17393306513372e+02,sinkhorn_cellsim
2.866180e+00,6101,1.79504945386424e-02,2.72982879230654e-02,4.17415654853534e+02,sinkhorn_cellsim
2.875578e+00,6121,1.78550533927325e-02,2.73008656956074e-02,4.17437861120678e+02,sinkhorn_cellsim
2.884974e+00,6141,1.77212949558891e-02,2.73032298878558e-02,4.17459918987695e+02,sinkhorn_cellsim
2.894363e+00,6161,1.75844169556576e-02,2.73055486918193e-02,4.17481838901664e+02,sinkhorn_cellsim
2.903750e+00,6181,1.74866951511898e-02,2.73079456842109e-02,4.17503648365554e+02,sinkhorn_cellsim
2.913145e+00,6201,1.74170108714985e-02,2.73108361895099e-02,4.17525336394006e+02,sinkhorn_cellsim
2.922543e+00,6221,1.73547331249376e-02,2.73169365989186e-02,4.17546777234289e+02,sinkhorn_cellsim
2.931939e+00,6241,1.72866340108769e-02,2.73254905432515e-02,4.17567557714025e+02,sinkhorn_cellsim
2.941336e+00,6261,1.72148253526845e-02,2.73291116185599e-02,4.17588086668926e+02,sinkhorn_cellsim
2.950730e+00,6281,1.71419498935282e-02,2.73324324423802e-02,4.17608439580418e+02,sinkhorn_cellsim
2.960125e+00,6301,1.70637960164054e-02,2.73358236962194e-02,4.17628611156374e+02,sinkhorn_cellsim
2.969510e+00,6321,1.69944836659559e-02,2.73391362892678e-02,4.17648612598035e+02,sinkhorn_cellsim
2.978907e+00,6341,1.69348971780343e-02,2.73430131600644e-02,4.17668448337932e+02,sinkhorn_cellsim
2.988296e+00,6361,1.68716836000618e-02,2.73481807374302e-02,4.17688069798362e+02,sinkhorn_cellsim
2.997689e+00,6381,1.67945638976926e-02,2.73514180146157e-02,4.17707533053326e+02,sinkhorn_cellsim
3.007088e+00,6401,1.67188745089602e-02,2.73538436911316e-02,4.17726880544178e+02,sinkhorn_cellsim
3.016485e+00,6421,1.66404806571691e-02,2.73564381080257e-02,4.17746099536223e+02,sinkhorn_cellsim
3.025881e+00,6441,1.65729327679994e-02,2.73590524792087e-02,4.17765199407133e+02,sinkhorn_cellsim
3.035280e+00,6461,1.65267405590080e-02,2.73614134071575e-02,4.17784204050373e+02,sinkhorn_cellsim
3.044683e+00,6481,1.64940978372549e-02,2.73634358254604e-02,4.17803133044214e+02,sinkhorn_cellsim
3.054074e+00,6501,1.64695039923272e-02,2.73651725716731e-02,4.17821999088435e+02,sinkhorn_cellsim
3.063467e+00,6521,1.64484994263582e-02,2.73668077310877e-02,4.17840805731806e+02,sinkhorn_cellsim
3.072862e+00,6541,1.64293006855427e-02,2.73686349911827e-02,4.17859543444124e+02,sinkhorn_cellsim
3.082258e+00,6561,1.64108477872029e-02,2.73706333045700e-02,4.17878201412869e+02,sinkhorn_cellsim
3.091655e+00,6581,1.63926373883307e-02,2.73723180645226e-02,4.17896795745108e+02,sinkhorn_cellsim
3.101054e+00,6601,1.63743302161485e-02,2.73736201271749e-02,4.17915348695802e+02,sinkhorn_cellsim
3.110454e+00,6621,1.63555188409086e-02,2.73747773213779e-02,4.17933866739924e+02,sinkhorn_cellsim
3.119852e+00,6641,1.63351398238503e-02,2.73762059765335e-02,4.17952339595317e+02,sinkhorn_cellsim
3.129243e+00,6661,1.63100317080941e-02,2.73785917088681e-02,4.17970727811572e+02,sinkhorn_cellsim
3.138642e+00,6681,1.62785229907609e-02,2.73816396756167e-02,4.17989000722606e+02,sinkhorn_cellsim
3.148035e+00,6701,1.62357004081512e-02,2.73857460453688e-02,4.18007128728893e+02,sinkhorn_cellsim
3.157430e+00,6721,1.61813510661786e-02,2.73892362182453e-02,4.18025116470244e+02,sinkhorn_cellsim
3.166824e+00,6741,1.61332957404829e-02,2.73917229284265e-02,4.18043014629733e+02,sinkhorn_cellsim
3.176222e+00,6761,1.60881138021034e-02,2.73946454779903e-02,4.18060812388507e+02,sinkhorn_cellsim
3.185623e+00,6781,1.60395279054004e-02,2.73982591187453e-02,4.18078482700642e+02,sinkhorn_cellsim
3.195015e+00,6801,1.59961627556755e-02,2.74023696779023e-02,4.18096022818782e+02,sinkhorn_cellsim
3.204406e+00,6821,1.59580352574758e-02,2.74065777170857e-02,4.18113417849318e+02,sinkhorn_cellsim
3.213802e+00,6841,1.59221447686395e-02,2.74092441601620e-02,4.18130712056594e+02,sinkhorn_cellsim
3.223198e+00,6861,1.58923881170343e-02,2.74111358145546e-02,4.18147929254963e+02,sinkhorn_cellsim
3.232594e+00,6881,1.58610538192269e-02,2.74127801585413e-02,4.18165071804588e+02,sinkhorn_cellsim
3.241991e+00,6901,1.58222692965767e-02,2.74144984527096e-02,4.18182135221623e+02,sinkhorn_cellsim
3.251395e+00,6921,1.57785411110635e-02,2.74166685255330e-02,4.18199105825658e+02,sinkhorn_cellsim
3.260798e+00,6941,1.57536432534272e-02,2.74194095135657e-02,4.18215965820644e+02,sinkhorn_cellsim
3.270175e+00,6961,1.57400814165678e-02,2.74221783394255e-02,4.18232716131209e+02,sinkhorn_cellsim
3.279553e+00,6981,1.57267273069640e-02,2.74245547149631e-02,4.18249375423715e+02,sinkhorn_cellsim
3.288922e+00,7001,1.57138729097839e-02,2.74265407667353e-02,4.18265962008362e+02,sinkhorn_cellsim
3.298301e+00,7021,1.57018147449139e-02,2.74282192805649e-02,4.18282490580370e+02,sinkhorn_cellsim
3.307674e+00,7041,1.56906543825087e-02,2.74296613374664e-02,4.18298972318160e+02,sinkhorn_cellsim
3.317058e+00,7061,1.56803374966764e-02,2.74309370363821e-02,4.18315414567936e+02,sinkhorn_cellsim
3.326439e+00,7081,1.56706896707747e-02,2.74321303921601e-02,4.18331820324252e+02,sinkhorn_cellsim
3.335817e+00,7101,1.56613945027013e-02,2.74333733179251e-02,4.18348186490000e+02,sinkhorn_cellsim
3.345200e+00,7121,1.56518295560488e-02,2.74354759008945e-02,4.18364477535530e+02,sinkhorn_cellsim
3.354583e+00,7141,1.56402403065510e-02,2.74418689299421e-02,4.18380439200736e+02,sinkhorn_cellsim
3.363967e+00,7161,1.56219372808481e-02,2.74458739491010e-02,4.18396151334002e+02,sinkhorn_cellsim
3.373347e+00,7181,1.55867755173021e-02,2.74488613621479e-02,4.18411768840130e+02,sinkhorn_cellsim
3.382724e+00,7201,1.55116458589479e-02,2.74524734614553e-02,4.18427269873939e+02,sinkhorn_cellsim
3.392122e+00,7221,1.53811478773561e-02,2.74573376519706e-02,4.18442593565101e+02,sinkhorn_cellsim
3.401497e+00,7241,1.52560488725703e-02,2.74624483831516e-02,4.18457713111554e+02,sinkhorn_cellsim
3.410880e+00,7261,1.51735386686339e-02,2.74667614429483e-02,4.18472662388602e+02,sinkhorn_cellsim
3.420264e+00,7281,1.51211740357324e-02,2.74702603607012e-02,4.18487486646342e+02,sinkhorn_cellsim
3.429648e+00,7301,1.50790527002679e-02,2.74731937328595e-02,4.18502214454754e+02,sinkhorn_cellsim
3.439031e+00,7321,1.50384350996908e-02,2.74757209908630e-02,4.18516862679835e+02,sinkhorn_cellsim
3.448425e+00,7341,1.50012919010985e-02,2.74779463045424e-02,4.18531441486084e+02,sinkhorn_cellsim
3.457804e+00,7361,1.49655785069392e-02,2.74799453811951e-02,4.18545956573258e+02,sinkhorn_cellsim
3.467194e+00,7381,1.49305806471034e-02,2.74817736161249e-02,4.18560411059183e+02,sinkhorn_cellsim
3.476583e+00,7401,1.48969069258722e-02,2.74834758674623e-02,4.18574807118168e+02,sinkhorn_cellsim
3.485971e+00,7421,1.48648583467863e-02,2.74850971102187e-02,4.18589146631376e+02,sinkhorn_cellsim
3.495349e+00,7441,1.48312556301300e-02,2.74866904491075e-02,4.18603430510765e+02,sinkhorn_cellsim
3.504731e+00,7461,1.47945594580426e-02,2.74883213357738e-02,4.18617657445382e+02,sinkhorn_cellsim
3.514116e+00,7481,1.47552487657254e-02,2.74900579979566e-02,4.18631823837249e+02,sinkhorn_cellsim
3.523509e+00,7501,1.47140978604565e-02,2.74919519871583e-02,4.18645925793056e+02,sinkhorn_cellsim
3.532892e+00,7521,1.46665522190912e-02,2.74940490488068e-02,4.18659959913627e+02,sinkhorn_cellsim
3.542274e+00,7541,1.46170075618372e-02,2.74964268780207e-02,4.18673920617261e+02,sinkhorn_cellsim
3.551663e+00,7561,1.45593808999734e-02,2.74991921390439e-02,4.18687797196265e+02,sinkhorn_cellsim
3.561049e+00,7581,1.44898445141574e-02,2.75023934999029e-02,4.18701573536466e+02,sinkhorn_cellsim
3.570435e+00,7601,1.44064031365619e-02,2.75059716271863e-02,4.18715231620195e+02,sinkhorn_cellsim
3.579822e+00,7621,1.43122853994987e-02,2.75098216981571e-02,4.18728759347933e+02,sinkhorn_cellsim
3.589207e+00,7641,1.42084935927094e-02,2.75138506711576e-02,4.18742152666416e+02,sinkhorn_cellsim
3.598598e+00,7661,1.40930548845120e-02,2.75179374909784e-02,4.18755408715887e+02,sinkhorn_cellsim
3.607984e+00,7681,1.39741573811527e-02,2.75218435944346e-02,4.18768531127512e+02,sinkhorn_cellsim
3.617372e+00,7701,1.38662421893006e-02,2.75253116515856e-02,4.18781539404141e+02,sinkhorn_cellsim
3.626761e+00,7721,1.37802513548290e-02,2.75282993881941e-02,4.18794457949846e+02,sinkhorn_cellsim
3.636148e+00,7741,1.37052842755023e-02,2.75309459772758e-02,4.18807301771745e+02,sinkhorn_cellsim
3.645530e+00,7761,1.36373939581877e-02,2.75335702704438e-02,4.18820073020293e+02,sinkhorn_cellsim
3.654913e+00,7781,1.35704353339660e-02,2.75368902575141e-02,4.18832748777956e+02,sinkhorn_cellsim
3.664294e+00,7801,1.35032613026647e-02,2.75403783750273e-02,4.18845308162766e+02,sinkhorn_cellsim
3.673685e+00,7821,1.34366936315715e-02,2.75426870689225e-02,4.18857793217268e+02,sinkhorn_cellsim
3.683071e+00,7841,1.33720155106797e-02,2.75443435568725e-02,4.18870231320251e+02,sinkhorn_cellsim
3.692455e+00,7861,1.33128010074579e-02,2.75457647055339e-02,4.18882629442953e+02,sinkhorn_cellsim
3.701839e+00,7881,1.32601829587373e-02,2.75470637012422e-02,4.18894991456453e+02,sinkhorn_cellsim
3.711223e+00,7901,1.32097558787595e-02,2.75482705836343e-02,4.18907320474868e+02,sinkhorn_cellsim
3.720605e+00,7921,1.31609137641507e-02,2.75493975021645e-02,4.18919619113135e+02,sinkhorn_cellsim
3.729995e+00,7941,1.31138087911336e-02,2.75504532004273e-02,4.18931889581150e+02,sinkhorn_cellsim
3.739379e+00,7961,1.30720545893053e-02,2.75514458827868e-02,4.18944133739593e+02,sinkhorn_cellsim
3.748768e+00,7981,1.30326359272300e-02,2.75523835694529e-02,4.18956353135387e+02,sinkhorn_cellsim
3.758150e+00,8001,1.29954669007236e-02,2.75532739526577e-02,4.18968549023868e+02,sinkhorn_cellsim
3.767532e+00,8021,1.29580898225948e-02,2.75541242209340e-02,4.18980722381164e+02,sinkhorn_cellsim
3.776923e+00,8041,1.29203628207588e-02,2.75549409968143e-02,4.18992873910173e+02,sinkhorn_cellsim
3.786306e+00,8061,1.28819538435970e-02,2.75557304904766e-02,4.19005004046025e+02,sinkhorn_cellsim
3.795689e+00,8081,1.28421983755482e-02,2.75564990852221e-02,4.19017112966196e+02,sinkhorn_cellsim
3.805074e+00,8101,1.28007962276125e-02,2.75572551590130e-02,4.19029200580581e+02,sinkhorn_cellsim
3.814463e+00,8121,1.27573182938782e-02,2.75580153083892e-02,4.19041266336484e+02,sinkhorn_cellsim
3.823854e+00,8141,1.27113039139622e-02,2.75588257670800e-02,4.19053308214286e+02,sinkhorn_cellsim
3.833241e+00,8161,1.26583052099705e-02,2.75598171779885e-02,4.19065319471327e+02,sinkhorn_cellsim
3.842626e+00,8181,1.25875275281367e-02,2.75611879716407e-02,4.19077285264763e+02,sinkhorn_cellsim
3.852010e+00,8201,1.25079831607735e-02,2.75627457156567e-02,4.19089197777593e+02,sinkhorn_cellsim
3.861400e+00,8221,1.24431156919934e-02,2.75639891632537e-02,4.19101072208550e+02,sinkhorn_cellsim
3.870783e+00,8241,1.23954261841575e-02,2.75649775215501e-02,4.19112920532933e+02,sinkhorn_cellsim
3.880173e+00,8261,1.23550847299208e-02,2.75666402481959e-02,4.19124722221846e+02,sinkhorn_cellsim
3.889560e+00,8281,1.23180980167139e-02,2.75739003934493e-02,4.19136242354610e+02,sinkhorn_cellsim
3.898952e+00,8301,1.22862791992703e-02,2.75798609524338e-02,4.19147371761705e+02,sinkhorn_cellsim
3.908338e+00,8321,1.22537983207237e-02,2.75827782367694e-02,4.19158367666607e+02,sinkhorn_cellsim
3.917724e+00,8341,1.22213586930225e-02,2.75858368013460e-02,4.19169263088574e+02,sinkhorn_cellsim
3.927118e+00,8361,1.21901110091583e-02,2.75883278981659e-02,4.19180072134342e+02,sinkhorn_cellsim
3.936517e+00,8381,1.21599210391519e-02,2.75899363127841e-02,4.19190832495840e+02,sinkhorn_cellsim
3.945908e+00,8401,1.21303032095803e-02,2.75912256240412e-02,4.19201561402858e+02,sinkhorn_cellsim
3.955305e+00,8421,1.21007305056746e-02,2.75924395790333e-02,4.19212263974402e+02,sinkhorn_cellsim
3.964691e+00,8441,1.20703625227771e-02,2.75936456055702e-02,4.19222941884312e+02,sinkhorn_cellsim
3.974088e+00,8461,1.20384947398111e-02,2.75948626144617e-02,4.19233595471668e+02,sinkhorn_cellsim
3.983479e+00,8481,1.20027826429850e-02,2.75961122069793e-02,4.19244222944063e+02,sinkhorn_cellsim
3.992867e+00,8501,1.19559665097947e-02,2.75974647477976e-02,4.19254816459595e+02,sinkhorn_cellsim
4.002253e+00,8521,1.18901961321542e-02,2.75989929909131e-02,4.19265360635662e+02,sinkhorn_cellsim
4.011645e+00,8541,1.18357051984496e-02,2.76004988388117e-02,4.19275854187107e+02,sinkhorn_cellsim
4.021036e+00,8561,1.18107305832261e-02,2.76017651814652e-02,4.19286315683120e+02,sinkhorn_cellsim
4.030422e+00,8581,1.17876490211937e-02,2.76028558952555e-02,4.19296754308511e+02,sinkhorn_cellsim
4.039807e+00,8601,1.17660220037320e-02,2.76038586373874e-02,4.19307171009881e+02,sinkhorn_cellsim
4.049194e+00,8621,1.17462345456577e-02,2.76048087621211e-02,4.19317565607278e+02,sinkhorn_cellsim
4.058585e+00,8641,1.17312540558720e-02,2.76057175851284e-02,4.19327938142800e+02,sinkhorn_cellsim
4.067970e+00,8661,1.17172311940012e-02,2.76065925551768e-02,4.19338288756645e+02,sinkhorn_cellsim
4.077352e+00,8681,1.17025535476013e-02,2.76074446832705e-02,4.19348617479567e+02,sinkhorn_cellsim
4.086738e+00,8701,1.16870256196568e-02,2.76082898878314e-02,4.19358924124361e+02,sinkhorn_cellsim
4.096131e+00,8721,1.16704487842017e-02,2.76091491747622e-02,4.19369208216165e+02,sinkhorn_cellsim
4.105520e+00,8741,1.16525407770918e-02,2.76100516210585e-02,4.19379468822790e+02,sinkhorn_cellsim
4.114907e+00,8761,1.16324964174435e-02,2.76110458237975e-02,4.19389703994428e+02,sinkhorn_cellsim
4.124295e+00,8781,1.16072357276813e-02,2.76122376884205e-02,4.19399908989277e+02,sinkhorn_cellsim
4.133693e+00,8801,1.15674201172461e-02,2.76138668035811e-02,4.19410071736729e+02,sinkhorn_cellsim
4.143085e+00,8821,1.15060991810229e-02,2.76160409567268e-02,4.19420174185131e+02,sinkhorn_cellsim
4.152475e+00,8841,1.14489564952173e-02,2.76180417663979e-02,4.19430220042530e+02,sinkhorn_cellsim
4.171225e+00,8861,1.14077833199887e-02,2.76194620004564e-02,4.19440230657725e+02,sinkhorn_cellsim
4.180688e+00,8881,1.13786642836694e-02,2.76205714328926e-02,4.19450215814180e+02,sinkhorn_cellsim
4.190083e+00,8901,1.13556912875624e-02,2.76219755151023e-02,4.19460164880734e+02,sinkhorn_cellsim
4.199465e+00,8921,1.13130085946542e-02,2.76254913908691e-02,4.19470000794669e+02,sinkhorn_cellsim
4.208849e+00,8941,1.12491758195839e-02,2.76287547302585e-02,4.19479677405748e+02,sinkhorn_cellsim
4.218229e+00,8961,1.11924193231377e-02,2.76305548619534e-02,4.19489283900391e+02,sinkhorn_cellsim
4.227639e+00,8981,1.11461067264145e-02,2.76318826808045e-02,4.19498851931322e+02,sinkhorn_cellsim
4.237025e+00,9001,1.10999853213897e-02,2.76329958194539e-02,4.19508384163908e+02,sinkhorn_cellsim
4.246405e+00,9021,1.10559688050457e-02,2.76339663281940e-02,4.19517886946203e+02,sinkhorn_cellsim
4.255784e+00,9041,1.10229293208950e-02,2.76347967317004e-02,4.19527370404087e+02,sinkhorn_cellsim
4.265169e+00,9061,1.10006365760851e-02,2.76355101751231e-02,4.19536839843568e+02,sinkhorn_cellsim
4.274546e+00,9081,1.09859962517577e-02,2.76361597971107e-02,4.19546295868254e+02,sinkhorn_cellsim
4.283924e+00,9101,1.09644799862976e-02,2.76368243258660e-02,4.19555734715059e+02,sinkhorn_cellsim
4.293307e+00,9121,1.09262780638685e-02,2.76376212747784e-02,4.19565144844656e+02,sinkhorn_cellsim
4.302681e+00,9141,1.08754761014463e-02,2.76386326897798e-02,4.19574509585642e+02,sinkhorn_cellsim
4.312063e+00,9161,1.08259142136038e-02,2.76397621426801e-02,4.19583827761460e+02,sinkhorn_cellsim
4.321438e+00,9181,1.07755609651798e-02,2.76409672380776e-02,4.19593106847681e+02,sinkhorn_cellsim
4.330815e+00,9201,1.07159829291135e-02,2.76423423436984e-02,4.19602341253406e+02,sinkhorn_cellsim
4.340195e+00,9221,1.06436404730848e-02,2.76439725195096e-02,4.19611519781761e+02,sinkhorn_cellsim
4.349574e+00,9241,1.05633601517918e-02,2.76459570162857e-02,4.19620631516428e+02,sinkhorn_cellsim
4.358956e+00,9261,1.04676031074268e-02,2.76481741733496e-02,4.19629669729597e+02,sinkhorn_cellsim
4.368332e+00,9281,1.03841241644825e-02,2.76502385872954e-02,4.19638645266233e+02,sinkhorn_cellsim
4.377713e+00,9301,1.03006193969902e-02,2.76521701483802e-02,4.19647560966570e+02,sinkhorn_cellsim
4.387092e+00,9321,1.02062794703654e-02,2.76541522304131e-02,4.19656402218841e+02,sinkhorn_cellsim
4.396470e+00,9341,1.01193735391571e-02,2.76560995646605e-02,4.19665170591338e+02,sinkhorn_cellsim
4.405842e+00,9361,1.00542383094589e-02,2.76577859559505e-02,4.19673888302471e+02,sinkhorn_cellsim
4.415223e+00,9381,1.00083800950787e-02,2.76591945281780e-02,4.19682569858599e+02,sinkhorn_cellsim
4.424605e+00,9401,9.96759032651687e-03,2.76604137452961e-02,4.19691223061728e+02,sinkhorn_cellsim
4.433981e+00,9421,9.93012679744970e-03,2.76615179531633e-02,4.19699852286286e+02,sinkhorn_cellsim
4.443358e+00,9441,9.89248989262941e-03,2.76625468777834e-02,4.19708459922311e+02,sinkhorn_cellsim
4.452739e+00,9461,9.85449061777850e-03,2.76635188007036e-02,4.19717047513456e+02,sinkhorn_cellsim
4.462126e+00,9481,9.81598208727805e-03,2.76644430854557e-02,4.19725616258963e+02,sinkhorn_cellsim
4.471507e+00,9501,9.77688343562011e-03,2.76653259434429e-02,4.19734167180729e+02,sinkhorn_cellsim
4.480881e+00,9521,9.73720565472432e-03,2.76661722933225e-02,4.19742701187242e+02,sinkhorn_cellsim
4.490256e+00,9541,9.69707169869682e-03,2.76669861294996e-02,4.19751219112093e+02,sinkhorn_cellsim
4.499628e+00,9561,9.65672065003351e-03,2.76677705065723e-02,4.19759721742268e+02,sinkhorn_cellsim
4.509000e+00,9581,9.61701033038669e-03,2.76685275934107e-02,4.19768209832854e+02,sinkhorn_cellsim
4.518371e+00,9601,9.58059104344007e-03,2.76692589656576e-02,4.19776684101397e+02,sinkhorn_cellsim
4.527751e+00,9621,9.54543956840313e-03,2.76699661527100e-02,4.19785145197027e+02,sinkhorn_cellsim
4.537128e+00,9641,9.51163634363115e-03,2.76706513873907e-02,4.19793593640729e+02,sinkhorn_cellsim
4.546502e+00,9661,9.47943356582271e-03,2.76713185254803e-02,4.19802029729878e+02,sinkhorn_cellsim
4.555876e+00,9681,9.44883186436809e-03,2.76719741508875e-02,4.19810453392795e+02,sinkhorn_cellsim
4.565255e+00,9701,9.41994329085815e-03,2.76726288129540e-02,4.19818863974135e+02,sinkhorn_cellsim
4.574635e+00,9721,9.39351185666842e-03,2.76732980342657e-02,4.19827259932201e+02,sinkhorn_cellsim
4.584016e+00,9741,9.36793460061530e-03,2.76740028499102e-02,4.19835638364461e+02,sinkhorn_cellsim
4.593394e+00,9761,9.34568167185260e-03,2.76747735370308e-02,4.19843993838169e+02,sinkhorn_cellsim
4.602768e+00,9781,9.32686616440010e-03,2.76756701242226e-02,4.19852315405300e+02,sinkhorn_cellsim
4.612141e+00,9801,9.30734128470538e-03,2.76768044973238e-02,4.19860586021884e+02,sinkhorn_cellsim
4.621516e+00,9821,9.28597417982602e-03,2.76781819697825e-02,4.19868798782372e+02,sinkhorn_cellsim
4.630889e+00,9841,9.26589989273555e-03,2.76795184516480e-02,4.19876968095648e+02,sinkhorn_cellsim
4.640261e+00,9861,9.24671037325960e-03,2.76806353188202e-02,4.19885111957784e+02,sinkhorn_cellsim
4.649628e+00,9881,9.22814386040959e-03,2.76815950440309e-02,4.19893239172463e+02,sinkhorn_cellsim
4.658997e+00,9901,9.20957432865869e-03,2.76824894052798e-02,4.19901351875942e+02,sinkhorn_cellsim
4.668365e+00,9921,9.18958354491197e-03,2.76833957138495e-02,4.19909449568925e+02,sinkhorn_cellsim
4.677734e+00,9941,9.16543193681602e-03,2.76844324832288e-02,4.19917528745723e+02,sinkhorn_cellsim
4.687101e+00,9961,9.13291073677722e-03,2.76859075036510e-02,4.19925574896522e+02,sinkhorn_cellsim
4.696463e+00,9981,9.09786030995124e-03,2.76886680227894e-02,4.19933530559794e+02,sinkhorn_cellsim
4.705831e+00,10001,9.08215183323339e-03,2.76921934306924e-02,4.19941340324690e+02,sinkhorn_cellsim
4.715200e+00,10021,9.06673361521364e-03,2.76945166857446e-02,4.19949080200524e+02,sinkhorn_cellsim
4.724568e+00,10041,9.05154684404023e-03,2.76959885908948e-02,4.19956795679499e+02,sinkhorn_cellsim
4.733933e+00,10061,9.03639942488995e-03,2.76971243327088e-02,4.19964494965650e+02,sinkhorn_cellsim
4.743304e+00,10081,9.02128781657618e-03,2.76981428162392e-02,4.19972178889709e+02,sinkhorn_cellsim
4.752676e+00,10101,9.00611315546826e-03,2.76991193685815e-02,4.19979847152117e+02,sinkhorn_cellsim
4.762049e+00,10121,8.99052179573257e-03,2.77000717039565e-02,4.19987499602196e+02,sinkhorn_cellsim
4.771420e+00,10141,8.97417494831736e-03,2.77009981939005e-02,4.19995136406367e+02,sinkhorn_cellsim
4.780786e+00,10161,8.95672893980642e-03,2.77018978506726e-02,4.20002757848496e+02,sinkhorn_cellsim
4.790164e+00,10181,8.93729603070473e-03,2.77027788402987e-02,4.20010364032817e+02,sinkhorn_cellsim
4.799533e+00,10201,8.91474940199821e-03,2.77036592705160e-02,4.20017954615058e+02,sinkhorn_cellsim
4.808894e+00,10221,8.88781713512278e-03,2.77045639056131e-02,4.20025528618369e+02,sinkhorn_cellsim
4.818260e+00,10241,8.85648275586301e-03,2.77055218428471e-02,4.20033084378147e+02,sinkhorn_cellsim
4.827626e+00,10261,8.77710485531921e-03,2.77349810116487e-02,4.20040398317432e+02,sinkhorn_cellsim
4.836990e+00,10281,8.67533723571213e-03,2.77557612434750e-02,4.20046420064556e+02,sinkhorn_cellsim
4.846352e+00,10301,8.60945091669641e-03,2.77600501234547e-02,4.20052322559021e+02,sinkhorn_cellsim
4.855722e+00,10321,8.54706920862540e-03,2.77972074894373e-02,4.20057042108157e+02,sinkhorn_cellsim
4.865093e+00,10341,8.48718304294887e-03,2.78040703936946e-02,4.20061078127725e+02,sinkhorn_cellsim
4.874459e+00,10361,8.42991993072893e-03,2.78069824560111e-02,4.20065043824256e+02,sinkhorn_cellsim
4.883826e+00,10381,8.37599179356387e-03,2.78090872673104e-02,4.20068965826700e+02,sinkhorn_cellsim
4.893208e+00,10401,8.32438353748059e-03,2.78109991231945e-02,4.20072841728420e+02,sinkhorn_cellsim
4.902583e+00,10421,8.27630377647732e-03,2.78134547583934e-02,4.20076617334127e+02,sinkhorn_cellsim
4.911955e+00,10441,8.22617710682384e-03,2.78168607940539e-02,4.20080215636893e+02,sinkhorn_cellsim
4.921322e+00,10461,8.16885130877738e-03,2.78194864139470e-02,4.20083719140767e+02,sinkhorn_cellsim
4.930696e+00,10481,8.09570266949525e-03,2.78217345092020e-02,4.20087163867291e+02,sinkhorn_cellsim
4.940064e+00,10501,8.01273927288831e-03,2.78241415599663e-02,4.20090541435720e+02,sinkhorn_cellsim
4.949430e+00,10521,7.92810119824574e-03,2.78265069111410e-02,4.20093857685541e+02,sinkhorn_cellsim
4.958799e+00,10541,7.84819047875256e-03,2.78287232222861e-02,4.20097123214145e+02,sinkhorn_cellsim
4.968166e+00,10561,7.75915699099293e-03,2.78310528525187e-02,4.20100329971080e+02,sinkhorn_cellsim
4.977536e+00,10581,7.65901479120940e-03,2.78335667554208e-02,4.20103467555317e+02,sinkhorn_cellsim
4.986906e+00,10601,7.58264836882569e-03,2.78358839492651e-02,4.20106550709867e+02,sinkhorn_cellsim
4.996273e+00,10621,7.51929532885609e-03,2.78378914607750e-02,4.20109595649268e+02,sinkhorn_cellsim
5.005637e+00,10641,7.45715521080105e-03,2.78397223051627e-02,4.20112607738012e+02,sinkhorn_cellsim
5.015011e+00,10661,7.39646658513051e-03,2.78414627864713e-02,4.20115589466341e+02,sinkhorn_cellsim
5.024380e+00,10681,7.33715811336177e-03,2.78431389442006e-02,4.20118543141030e+02,sinkhorn_cellsim
5.033758e+00,10701,7.28131361436930e-03,2.78447525453768e-02,4.20121471097245e+02,sinkhorn_cellsim
5.043129e+00,10721,7.22998799887672e-03,2.78462990277270e-02,4.20124375613121e+02,sinkhorn_cellsim
5.052500e+00,10741,7.18028927713890e-03,2.78477736876835e-02,4.20127258836151e+02,sinkhorn_cellsim
5.061872e+00,10761,7.13245927473492e-03,2.78491733831018e-02,4.20130122743860e+02,sinkhorn_cellsim
5.071242e+00,10781,7.08644442760975e-03,2.78504967637365e-02,4.20132969129987e+02,sinkhorn_cellsim
5.080614e+00,10801,7.04208482338925e-03,2.78517440676733e-02,4.20135799605912e+02,sinkhorn_cellsim
5.089982e+00,10821,6.99941633936029e-03,2.78529168151809e-02,4.20138615609871e+02,sinkhorn_cellsim
5.099357e+00,10841,6.95840825818509e-03,2.78540175027616e-02,4.20141418419588e+02,sinkhorn_cellsim
5.108727e+00,10861,6.91918556979208e-03,2.78550493288845e-02,4.20144209166047e+02,sinkhorn_cellsim
5.118105e+00,10881,6.88178139300043e-03,2.78560159597420e-02,4.20146988847425e+02,sinkhorn_cellsim
5.127477e+00,10901,6.84593046072073e-03,2.78569213356397e-02,4.20149758342790e+02,sinkhorn_cellsim
5.136852e+00,10921,6.81151148213921e-03,2.78577695166537e-02,4.20152518425323e+02,sinkhorn_cellsim
5.146222e+00,10941,6.77852603397846e-03,2.78585645661195e-02,4.20155269774805e+02,sinkhorn_cellsim
5.155596e+00,10961,6.74690381214521e-03,2.78593104704517e-02,4.20158012989042e+02,sinkhorn_cellsim
5.164967e+00,10981,6.71657665008633e-03,2.78600110929725e-02,4.20160748593853e+02,sinkhorn_cellsim
5.174337e+00,11001,6.68726932414232e-03,2.78606701580986e-02,4.20163477051304e+02,sinkhorn_cellsim
5.183707e+00,11021,6.65885984386596e-03,2.78612912611715e-02,4.20166198765984e+02,sinkhorn_cellsim
5.193083e+00,11041,6.63130484076718e-03,2.78618778991852e-02,4.20168914089274e+02,sinkhorn_cellsim
5.202450e+00,11061,6.60458259230456e-03,2.78624335189375e-02,4.20171623321610e+02,sinkhorn_cellsim
5.211821e+00,11081,6.57872111304700e-03,2.78629615812237e-02,4.20174326712795e+02,sinkhorn_cellsim
5.221193e+00,11101,6.55417004507973e-03,2.78634656416383e-02,4.20177024460358e+02,sinkhorn_cellsim
5.230566e+00,11121,6.53049846340637e-03,2.78639494489344e-02,4.20179716705857e+02,sinkhorn_cellsim
5.239936e+00,11141,6.50751361881007e-03,2.78644170589939e-02,4.20182403529031e+02,sinkhorn_cellsim
5.249310e+00,11161,6.48530828320637e-03,2.78648729542549e-02,4.20185084939787e+02,sinkhorn_cellsim
5.258682e+00,11181,6.46372014395381e-03,2.78653221427853e-02,4.20187760868405e+02,sinkhorn_cellsim
5.268061e+00,11201,6.44267534806057e-03,2.78657701877794e-02,4.20190431155051e+02,sinkhorn_cellsim
5.277430e+00,11221,6.42237194333984e-03,2.78662230938124e-02,4.20193095540813e+02,sinkhorn_cellsim
5.286804e+00,11241,6.40261253611937e-03,2.78666869725152e-02,4.20195753663693e+02,sinkhorn_cellsim
5.296169e+00,11261,6.38342538368691e-03,2.78671674677405e-02,4.20198405063565e+02,sinkhorn_cellsim
5.305537e+00,11281,6.36464045761208e-03,2.78676690739001e-02,4.20201049198941e+02,sinkhorn_cellsim
5.314908e+00,11301,6.34587604177688e-03,2.78681946949267e-02,4.20203685474421e+02,sinkhorn_cellsim
5.324281e+00,11321,6.32698809342991e-03,2.78687459058732e-02,4.20206313271573e+02,sinkhorn_cellsim
5.333650e+00,11341,6.30767138305718e-03,2.78693242220057e-02,4.20208931968774e+02,sinkhorn_cellsim
5.343022e+00,11361,6.28767587490568e-03,2.78699333529265e-02,4.20211540924852e+02,sinkhorn_cellsim
5.352390e+00,11381,6.26644860440715e-03,2.78705824442220e-02,4.20214139374803e+02,sinkhorn_cellsim
5.361759e+00,11401,6.24318223610183e-03,2.78712915271231e-02,4.20216726106353e+02,sinkhorn_cellsim
5.371130e+00,11421,6.21692022199687e-03,2.78721038229827e-02,4.20219298564857e+02,sinkhorn_cellsim
5.380490e+00,11441,6.18677760107992e-03,2.78731096539844e-02,4.20221850751084e+02,sinkhorn_cellsim
5.389861e+00,11461,6.15341689014313e-03,2.78744267034140e-02,4.20224371304609e+02,sinkhorn_cellsim
5.399228e+00,11481,6.11740423151082e-03,2.78759710422223e-02,4.20226851133037e+02,sinkhorn_cellsim
5.408601e+00,11501,6.07617745769327e-03,2.78774258031629e-02,4.20229294599226e+02,sinkhorn_cellsim
5.417975e+00,11521,6.03750417382866e-03,2.78787000434548e-02,4.20231707343481e+02,sinkhorn_cellsim
5.427345e+00,11541,6.01022013700640e-03,2.78798820581402e-02,4.20234088334836e+02,sinkhorn_cellsim
5.436714e+00,11561,5.98239799408970e-03,2.78810280250721e-02,4.20236437554815e+02,sinkhorn_cellsim
5.446084e+00,11581,5.95211768733745e-03,2.78821169772858e-02,4.20238761379238e+02,sinkhorn_cellsim
5.455454e+00,11601,5.92134879936181e-03,2.78831028403998e-02,4.20241067482046e+02,sinkhorn_cellsim
5.464825e+00,11621,5.89175942180442e-03,2.78839743311254e-02,4.20243360336376e+02,sinkhorn_cellsim
5.474194e+00,11641,5.86366123083390e-03,2.78847486682927e-02,4.20245642141105e+02,sinkhorn_cellsim
5.483574e+00,11661,5.83698826289465e-03,2.78854477684504e-02,4.20247914200351e+02,sinkhorn_cellsim
5.492947e+00,11681,5.81174645748137e-03,2.78860903443751e-02,4.20250177407438e+02,sinkhorn_cellsim
5.502315e+00,11701,5.78927816255174e-03,2.78866935988555e-02,4.20252432312933e+02,sinkhorn_cellsim
5.511691e+00,11721,5.76846285899663e-03,2.78872776319980e-02,4.20254679023496e+02,sinkhorn_cellsim
5.521062e+00,11741,5.74874742264392e-03,2.78878710209497e-02,4.20256916965506e+02,sinkhorn_cellsim
5.530432e+00,11761,5.73017374981611e-03,2.78885169167168e-02,4.20259144509463e+02,sinkhorn_cellsim
5.539804e+00,11781,5.71264618589674e-03,2.78892754723733e-02,4.20261358562866e+02,sinkhorn_cellsim
5.549170e+00,11801,5.69513257028030e-03,2.78902118173161e-02,4.20263554521764e+02,sinkhorn_cellsim
5.558546e+00,11821,5.67569540603872e-03,2.78913627761370e-02,4.20265727037343e+02,sinkhorn_cellsim
5.567914e+00,11841,5.65064328990639e-03,2.78927097099648e-02,4.20267871036158e+02,sinkhorn_cellsim
5.577289e+00,11861,5.61541511623162e-03,2.78941903824423e-02,4.20269982138925e+02,sinkhorn_cellsim
5.586665e+00,11881,5.57349268555853e-03,2.78956882522489e-02,4.20272059780693e+02,sinkhorn_cellsim
5.596034e+00,11901,5.53650950323085e-03,2.78970265259977e-02,4.20274111560226e+02,sinkhorn_cellsim
5.605394e+00,11921,5.50311348943308e-03,2.78981080915548e-02,4.20276146953709e+02,sinkhorn_cellsim
5.614766e+00,11941,5.47092167699092e-03,2.78989725585674e-02,4.20278169948769e+02,sinkhorn_cellsim
5.624131e+00,11961,5.43672277208579e-03,2.78997097028475e-02,4.20280179802540e+02,sinkhorn_cellsim
5.633499e+00,11981,5.40806183054210e-03,2.79003961486889e-02,4.20282174100897e+02,sinkhorn_cellsim
5.642869e+00,12001,5.38591925004593e-03,2.79010773046388e-02,4.20284151783390e+02,sinkhorn_cellsim
5.652246e+00,12021,5.36292888995831e-03,2.79017697797349e-02,4.20286114636939e+02,sinkhorn_cellsim
5.661616e+00,12041,5.33966028508155e-03,2.79024672901003e-02,4.20288065957419e+02,sinkhorn_cellsim
5.670989e+00,12061,5.32269144231284e-03,2.79031488991611e-02,4.20290008598017e+02,sinkhorn_cellsim
5.680359e+00,12081,5.30643268979710e-03,2.79037938103629e-02,4.20291944305591e+02,sinkhorn_cellsim
5.689731e+00,12101,5.29023262475651e-03,2.79043920585342e-02,4.20293873713853e+02,sinkhorn_cellsim
5.699100e+00,12121,5.27404727455476e-03,2.79049466477298e-02,4.20295796113382e+02,sinkhorn_cellsim
5.708465e+00,12141,5.25777319574113e-03,2.79054724887599e-02,4.20297708795517e+02,sinkhorn_cellsim
5.717835e+00,12161,5.24119341432906e-03,2.79059935253807e-02,4.20299606970760e+02,sinkhorn_cellsim
5.727207e+00,12181,5.22429271388844e-03,2.79065303420849e-02,4.20301487044458e+02,sinkhorn_cellsim
5.736580e+00,12201,5.20685751656595e-03,2.79070802355378e-02,4.20303351456151e+02,sinkhorn_cellsim
5.745948e+00,12221,5.18931982222981e-03,2.79076176567496e-02,4.20305206105214e+02,sinkhorn_cellsim
5.755315e+00,12241,5.17197341796971e-03,2.79081201771391e-02,4.20307054830648e+02,sinkhorn_cellsim
5.764682e+00,12261,5.15503507256383e-03,2.79085847651828e-02,4.20308899001105e+02,sinkhorn_cellsim
5.774054e+00,12281,5.13859321536733e-03,2.79090223984347e-02,4.20310738849759e+02,sinkhorn_cellsim
5.783427e+00,12301,5.12269537800968e-03,2.79094486494503e-02,4.20312574120250e+02,sinkhorn_cellsim
5.792790e+00,12321,5.10735871629350e-03,2.79098789727753e-02,4.20314404249005e+02,sinkhorn_cellsim
5.802159e+00,12341,5.09254099591581e-03,2.79103269093410e-02,4.20316228416923e+02,sinkhorn_cellsim
5.811527e+00,12361,5.07808788497059e-03,2.79108024656771e-02,4.20318045604648e+02,sinkhorn_cellsim
5.820892e+00,12381,5.06402669648995e-03,2.79113097886243e-02,4.20319854711336e+02,sinkhorn_cellsim
5.830260e+00,12401,5.05052238414284e-03,2.79118452141573e-02,4.20321654749593e+02,sinkhorn_cellsim
5.839633e+00,12421,5.03722705206611e-03,2.79123978154926e-02,4.20323445064344e+02,sinkhorn_cellsim
5.849003e+00,12441,5.02404373929796e-03,2.79129533646067e-02,4.20325225472820e+02,sinkhorn_cellsim
5.858375e+00,12461,5.01090528071890e-03,2.79134996720917e-02,4.20326996249561e+02,sinkhorn_cellsim
5.867742e+00,12481,4.99786326867943e-03,2.79140299153006e-02,4.20328757979094e+02,sinkhorn_cellsim
5.877115e+00,12501,4.98485830169795e-03,2.79145425562898e-02,4.20330511373318e+02,sinkhorn_cellsim
5.886489e+00,12521,4.97202168373887e-03,2.79150391965817e-02,4.20332257135549e+02,sinkhorn_cellsim
5.895860e+00,12541,4.95907204165768e-03,2.79155224661855e-02,4.20333995887418e+02,sinkhorn_cellsim
5.905224e+00,12561,4.94646041732623e-03,2.79159953059903e-02,4.20335728117345e+02,sinkhorn_cellsim
5.914600e+00,12581,4.93452921255446e-03,2.79164628406802e-02,4.20337454047984e+02,sinkhorn_cellsim
5.923968e+00,12601,4.92196780252679e-03,2.79169404408907e-02,4.20339173145633e+02,sinkhorn_cellsim
5.933341e+00,12621,4.90508520712378e-03,2.79174774007533e-02,4.20340882530055e+02,sinkhorn_cellsim
5.942711e+00,12641,4.88537308456303e-03,2.79181877946537e-02,4.20342573728900e+02,sinkhorn_cellsim
5.952085e+00,12661,4.86017159679984e-03,2.79191268709417e-02,4.20344234895731e+02,sinkhorn_cellsim
5.961459e+00,12681,4.82957562412758e-03,2.79200467886625e-02,4.20345867977354e+02,sinkhorn_cellsim
5.970829e+00,12701,4.79988939211776e-03,2.79207775938176e-02,4.20347485491236e+02,sinkhorn_cellsim
5.980194e+00,12721,4.77351915339286e-03,2.79213976220855e-02,4.20349092970074e+02,sinkhorn_cellsim
5.989570e+00,12741,4.75179690818184e-03,2.79220159809596e-02,4.20350688674669e+02,sinkhorn_cellsim
5.998941e+00,12761,4.73316605671239e-03,2.79227306084858e-02,4.20352265018184e+02,sinkhorn_cellsim
6.008314e+00,12781,4.71573073119466e-03,2.79235302716993e-02,4.20353815338179e+02,sinkhorn_cellsim
6.017685e+00,12801,4.69863224475017e-03,2.79242549353242e-02,4.20355345160472e+02,sinkhorn_cellsim
6.027053e+00,12821,4.68146978359707e-03,2.79248426746497e-02,4.20356864340223e+02,sinkhorn_cellsim
6.036425e+00,12841,4.66400231298103e-03,2.79253385182271e-02,4.20358377636382e+02,sinkhorn_cellsim
6.045798e+00,12861,4.64672815433613e-03,2.79257913513232e-02,4.20359886437859e+02,sinkhorn_cellsim
6.055169e+00,12881,4.62900438357365e-03,2.79262361277622e-02,4.20361391009007e+02,sinkhorn_cellsim
6.064540e+00,12901,4.61020892751876e-03,2.79266980133622e-02,4.20362891208804e+02,sinkhorn_cellsim
6.073912e+00,12921,4.58992726323612e-03,2.79271969858192e-02,4.20364386652331e+02,sinkhorn_cellsim
6.083289e+00,12941,4.56772198299674e-03,2.79277505477149e-02,4.20365876741313e+02,sinkhorn_cellsim
6.092665e+00,12961,4.54680769556971e-03,2.79283735723149e-02,4.20367360692557e+02,sinkhorn_cellsim
6.102035e+00,12981,4.52585539401605e-03,2.79290753943776e-02,4.20368837614901e+02,sinkhorn_cellsim
6.111407e+00,13001,4.50580632660051e-03,2.79298558241532e-02,4.20370306648208e+02,sinkhorn_cellsim
6.120777e+00,13021,4.48797028762689e-03,2.79307031883958e-02,4.20371767129624e+02,sinkhorn_cellsim
6.130153e+00,13041,4.47035716330301e-03,2.79315967963630e-02,4.20373218711248e+02,sinkhorn_cellsim
6.139523e+00,13061,4.45212731347830e-03,2.79325129813586e-02,4.20374661358912e+02,sinkhorn_cellsim
6.148892e+00,13081,4.43335497764888e-03,2.79334316559861e-02,4.20376095191168e+02,sinkhorn_cellsim
6.158259e+00,13101,4.41571288790250e-03,2.79343424842784e-02,4.20377520055174e+02,sinkhorn_cellsim
6.167625e+00,13121,4.39944887005958e-03,2.79352553484385e-02,4.20378934425754e+02,sinkhorn_cellsim
6.176996e+00,13141,4.38278609750719e-03,2.79362215554668e-02,4.20380332863223e+02,sinkhorn_cellsim
6.186363e+00,13161,4.36518116600529e-03,2.79373254068624e-02,4.20381704394479e+02,sinkhorn_cellsim
6.195742e+00,13181,4.34666551419638e-03,2.79385240706506e-02,4.20383043728094e+02,sinkhorn_cellsim
6.205112e+00,13201,4.32824855506765e-03,2.79396125390079e-02,4.20384362288324e+02,sinkhorn_cellsim
6.214482e+00,13221,4.31014287697356e-03,2.79405129203870e-02,4.20385671168365e+02,sinkhorn_cellsim
6.223849e+00,13241,4.29227543048098e-03,2.79412744287876e-02,4.20386974008889e+02,sinkhorn_cellsim
6.233221e+00,13261,4.27465017848258e-03,2.79419487221310e-02,4.20388271752998e+02,sinkhorn_cellsim
6.242589e+00,13281,4.25726028285896e-03,2.79425637209533e-02,4.20389564787068e+02,sinkhorn_cellsim
6.251957e+00,13301,4.24015888904053e-03,2.79431334012050e-02,4.20390853364044e+02,sinkhorn_cellsim
6.261323e+00,13321,4.22324139911845e-03,2.79436658149136e-02,4.20392137683026e+02,sinkhorn_cellsim
6.270695e+00,13341,4.20644386392013e-03,2.79441665831588e-02,4.20393417910362e+02,sinkhorn_cellsim
6.280065e+00,13361,4.18975529474586e-03,2.79446402134413e-02,4.20394694188216e+02,sinkhorn_cellsim
6.289436e+00,13381,4.17327493244039e-03,2.79450905899831e-02,4.20395966639024e+02,sinkhorn_cellsim
6.298799e+00,13401,4.15712066520433e-03,2.79455211632456e-02,4.20397235367954e+02,sinkhorn_cellsim
6.308168e+00,13421,4.14123242868221e-03,2.79459350287920e-02,4.20398500464214e+02,sinkhorn_cellsim
6.317534e+00,13441,4.12557047493832e-03,2.79463349661940e-02,4.20399762001684e+02,sinkhorn_cellsim
6.326900e+00,13461,4.11058575095894e-03,2.79467234665232e-02,4.20401020039116e+02,sinkhorn_cellsim
6.336263e+00,13481,4.09580495456668e-03,2.79471027611711e-02,4.20402274620038e+02,sinkhorn_cellsim
6.345637e+00,13501,4.08108081170273e-03,2.79474748580215e-02,4.20403525772355e+02,sinkhorn_cellsim
6.355010e+00,13521,4.06641222316291e-03,2.79478415872820e-02,4.20404773507601e+02,sinkhorn_cellsim
6.364382e+00,13541,4.05179852259632e-03,2.79482046561464e-02,4.20406017819789e+02,sinkhorn_cellsim
6.373755e+00,13561,4.03723935120753e-03,2.79485657079081e-02,4.20407258683933e+02,sinkhorn_cellsim
6.383126e+00,13581,4.02273441038406e-03,2.79489263769610e-02,4.20408496054503e+02,sinkhorn_cellsim
6.392493e+00,13601,4.00828309381198e-03,2.79492883266653e-02,4.20409729864394e+02,sinkhorn_cellsim
6.401871e+00,13621,3.99388403558711e-03,2.79496532535050e-02,4.20410960025331e+02,sinkhorn_cellsim
6.411240e+00,13641,3.97953465499655e-03,2.79500228404649e-02,4.20412186430872e+02,sinkhorn_cellsim
6.420612e+00,13661,3.96557443591908e-03,2.79503986481584e-02,4.20413408963170e+02,sinkhorn_cellsim
6.429985e+00,13681,3.95228305262708e-03,2.79507819468523e-02,4.20414627504050e+02,sinkhorn_cellsim
6.439358e+00,13701,3.93902068171474e-03,2.79511735155556e-02,4.20415841949741e+02,sinkhorn_cellsim
6.448724e+00,13721,3.92593797578108e-03,2.79515734585083e-02,4.20417052226909e+02,sinkhorn_cellsim
6.458106e+00,13741,3.91342598116606e-03,2.79519811008177e-02,4.20418258306294e+02,sinkhorn_cellsim
6.467474e+00,13761,3.90088071996160e-03,2.79523950117666e-02,4.20419460210012e+02,sinkhorn_cellsim
6.476854e+00,13781,3.88855752120593e-03,2.79528131688918e-02,4.20420658009962e+02,sinkhorn_cellsim
6.486224e+00,13801,3.87620135708706e-03,2.79532332390228e-02,4.20421851816711e+02,sinkhorn_cellsim
6.495600e+00,13821,3.86376906548289e-03,2.79536529414444e-02,4.20423041759209e+02,sinkhorn_cellsim
6.504961e+00,13841,3.85122740529078e-03,2.79540704912191e-02,4.20424227953873e+02,sinkhorn_cellsim
6.514336e+00,13861,3.83931929796974e-03,2.79544852031642e-02,4.20425410455591e+02,sinkhorn_cellsim
6.523703e+00,13881,3.82752800928103e-03,2.79548984645208e-02,4.20426589172021e+02,sinkhorn_cellsim
6.533079e+00,13901,3.81472948990765e-03,2.79553153925672e-02,4.20427763707513e+02,sinkhorn_cellsim
6.542443e+00,13921,3.80007167855755e-03,2.79557471916639e-02,4.20428933102905e+02,sinkhorn_cellsim
6.551816e+00,13941,3.78264879465954e-03,2.79562121392778e-02,4.20430095535893e+02,sinkhorn_cellsim
6.561194e+00,13961,3.76368509195014e-03,2.79567277279878e-02,4.20431248406742e+02,sinkhorn_cellsim
6.570572e+00,13981,3.74470021836582e-03,2.79572870746516e-02,4.20432389586820e+02,sinkhorn_cellsim
6.579941e+00,14001,3.72552338886190e-03,2.79578443133455e-02,4.20433519356805e+02,sinkhorn_cellsim
6.589314e+00,14021,3.70645860902499e-03,2.79583488148801e-02,4.20434640379466e+02,sinkhorn_cellsim
6.598686e+00,14041,3.68782596441384e-03,2.79587857981587e-02,4.20435755527406e+02,sinkhorn_cellsim
6.608062e+00,14061,3.66960813036280e-03,2.79591691769456e-02,4.20436866579610e+02,sinkhorn_cellsim
6.617433e+00,14081,3.65212995302358e-03,2.79595179427134e-02,4.20437974384762e+02,sinkhorn_cellsim
6.626803e+00,14101,3.63551570654448e-03,2.79598459740995e-02,4.20439079319789e+02,sinkhorn_cellsim
6.636179e+00,14121,3.61978909278631e-03,2.79601617464487e-02,4.20440181555382e+02,sinkhorn_cellsim
6.645553e+00,14141,3.60496391010301e-03,2.79604703150910e-02,4.20441281167771e+02,sinkhorn_cellsim
6.654928e+00,14161,3.59081827993394e-03,2.79607748598576e-02,4.20442378184730e+02,sinkhorn_cellsim
6.664300e+00,14181,3.57721108209995e-03,2.79610774837870e-02,4.20443472608786e+02,sinkhorn_cellsim
6.673676e+00,14201,3.56403675141754e-03,2.79613795010275e-02,4.20444564433287e+02,sinkhorn_cellsim
6.683049e+00,14221,3.55139825219271e-03,2.79616814796849e-02,4.20445653654852e+02,sinkhorn_cellsim
6.692418e+00,14241,3.53919101974414e-03,2.79619832815904e-02,4.20446740278066e+02,sinkhorn_cellsim
6.701784e+00,14261,3.52804019000628e-03,2.79622843464009e-02,4.20447824299474e+02,sinkhorn_cellsim
6.711158e+00,14281,3.51710515529496e-03,2.79625845281895e-02,4.20448905642197e+02,sinkhorn_cellsim
6.720531e+00,14301,3.50559008117013e-03,2.79628860129412e-02,4.20449983977628e+02,sinkhorn_cellsim
6.729900e+00,14321,3.49211873903148e-03,2.79631973426559e-02,4.20451058302413e+02,sinkhorn_cellsim
6.739272e+00,14341,3.47530896232204e-03,2.79635404089056e-02,4.20452126112454e+02,sinkhorn_cellsim
6.748634e+00,14361,3.45933603060293e-03,2.79639542123905e-02,4.20453182611152e+02,sinkhorn_cellsim
6.758005e+00,14381,3.44507941869275e-03,2.79644675453005e-02,4.20454222562478e+02,sinkhorn_cellsim
6.767375e+00,14401,3.42882621972194e-03,2.79650374921426e-02,4.20455246175125e+02,sinkhorn_cellsim
6.776757e+00,14421,3.41129216269510e-03,2.79655704937468e-02,4.20456259602869e+02,sinkhorn_cellsim
6.786132e+00,14441,3.39445589715029e-03,2.79660207262914e-02,4.20457268065408e+02,sinkhorn_cellsim
6.795511e+00,14461,3.37913314944861e-03,2.79663995872537e-02,4.20458273667442e+02,sinkhorn_cellsim
6.804878e+00,14481,3.36557845747186e-03,2.79667316946837e-02,4.20459277038087e+02,sinkhorn_cellsim
6.814255e+00,14501,3.35244744525023e-03,2.79670345931271e-02,4.20460278392352e+02,sinkhorn_cellsim
6.823628e+00,14521,3.33949768349582e-03,2.79673180993604e-02,4.20461277841463e+02,sinkhorn_cellsim
6.833004e+00,14541,3.32675167830071e-03,2.79675875118606e-02,4.20462275464045e+02,sinkhorn_cellsim
6.842377e+00,14561,3.31447447324175e-03,2.79678458854038e-02,4.20463271323467e+02,sinkhorn_cellsim
6.851752e+00,14581,3.30222362996748e-03,2.79680951945419e-02,4.20464265473576e+02,sinkhorn_cellsim
6.861124e+00,14601,3.29000488949799e-03,2.79683368763322e-02,4.20465257961317e+02,sinkhorn_cellsim
6.870504e+00,14621,3.27782225137124e-03,2.79685720807737e-02,4.20466248828114e+02,sinkhorn_cellsim
6.879878e+00,14641,3.26567828143731e-03,2.79688017898942e-02,4.20467238110542e+02,sinkhorn_cellsim
6.889252e+00,14661,3.25357401611678e-03,2.79690268794211e-02,4.20468225840424e+02,sinkhorn_cellsim
6.898624e+00,14681,3.24150810630897e-03,2.79692481608297e-02,4.20469212044046e+02,sinkhorn_cellsim
6.907997e+00,14701,3.22947400629610e-03,2.79694664339337e-02,4.20470196739368e+02,sinkhorn_cellsim
6.917372e+00,14721,3.21746166792463e-03,2.79696825996486e-02,4.20471179927767e+02,sinkhorn_cellsim
6.926759e+00,14741,3.20542295958098e-03,2.79698979558884e-02,4.20472161570333e+02,sinkhorn_cellsim
6.936136e+00,14761,3.19317864691209e-03,2.79701150136985e-02,4.20473141519833e+02,sinkhorn_cellsim
6.945519e+00,14781,3.18026904487880e-03,2.79703397543415e-02,4.20474119325722e+02,sinkhorn_cellsim
6.954891e+00,14801,3.16540743835645e-03,2.79705876507198e-02,4.20475093685670e+02,sinkhorn_cellsim
6.964268e+00,14821,3.14517677320779e-03,2.79708978664943e-02,4.20476061008940e+02,sinkhorn_cellsim
6.973646e+00,14841,3.11182068536759e-03,2.79713557134930e-02,4.20477012396975e+02,sinkhorn_cellsim
6.983028e+00,14861,3.06199814293516e-03,2.79720841858551e-02,4.20477931060136e+02,sinkhorn_cellsim
6.992410e+00,14881,3.01231312034747e-03,2.79731073821256e-02,4.20478802721989e+02,sinkhorn_cellsim
7.001789e+00,14901,2.96569742382101e-03,2.79742140824566e-02,4.20479638618476e+02,sinkhorn_cellsim
7.011164e+00,14921,2.92311692033865e-03,2.79751718414567e-02,4.20480460045773e+02,sinkhorn_cellsim
7.020545e+00,14941,2.88832863069096e-03,2.79759199309873e-02,4.20481276139678e+02,sinkhorn_cellsim
7.029916e+00,14961,2.86177991224962e-03,2.79765014055961e-02,4.20482089294679e+02,sinkhorn_cellsim
7.039302e+00,14981,2.84041575520470e-03,2.79769726334996e-02,4.20482900233881e+02,sinkhorn_cellsim
7.048677e+00,15001,2.82200405601549e-03,2.79773748838795e-02,4.20483709250117e+02,sinkhorn_cellsim
7.058074e+00,15021,2.80602344948790e-03,2.79777342529847e-02,4.20484516492232e+02,sinkhorn_cellsim
7.067449e+00,15041,2.79212810310543e-03,2.79780665620149e-02,4.20485322050522e+02,sinkhorn_cellsim
7.076835e+00,15061,2.78049279574429e-03,2.79783813362897e-02,4.20486125987648e+02,sinkhorn_cellsim
7.086211e+00,15081,2.76961903033939e-03,2.79786843492630e-02,4.20486928351368e+02,sinkhorn_cellsim
7.095590e+00,15101,2.75935177064959e-03,2.79789791455444e-02,4.20487729180440e+02,sinkhorn_cellsim
7.104964e+00,15121,2.74998075894981e-03,2.79792679359532e-02,4.20488528507733e+02,sinkhorn_cellsim
7.114345e+00,15141,2.74084313687008e-03,2.79795521229864e-02,4.20489326362032e+02,sinkhorn_cellsim
7.123722e+00,15161,2.73172540294271e-03,2.79798326120567e-02,4.20490122769113e+02,sinkhorn_cellsim
7.133120e+00,15181,2.72269684168781e-03,2.79801100000914e-02,4.20490917752228e+02,sinkhorn_cellsim
7.142496e+00,15201,2.71416289851114e-03,2.79803846982746e-02,4.20491711331668e+02,sinkhorn_cellsim
7.151881e+00,15221,2.70585900458032e-03,2.79806570349905e-02,4.20492503521918e+02,sinkhorn_cellsim
7.161256e+00,15241,2.69792202605567e-03,2.79809274103525e-02,4.20493294321110e+02,sinkhorn_cellsim
7.170644e+00,15261,2.68998992451998e-03,2.79811966925999e-02,4.20494083675041e+02,sinkhorn_cellsim
7.180029e+00,15281,2.68210102238255e-03,2.79814674509531e-02,4.20494871357022e+02,sinkhorn_cellsim
7.189412e+00,15301,2.67439749436501e-03,2.79817478268125e-02,4.20495656579534e+02,sinkhorn_cellsim
7.198789e+00,15321,2.66667692439274e-03,2.79820622789136e-02,4.20496436859990e+02,sinkhorn_cellsim
7.208174e+00,15341,2.65893111547648e-03,2.79824689327376e-02,4.20497205722842e+02,sinkhorn_cellsim
7.217555e+00,15361,2.65114074224086e-03,2.79830287086372e-02,4.20497953091054e+02,sinkhorn_cellsim
7.226943e+00,15381,2.64326739747291e-03,2.79836674527978e-02,4.20498677129598e+02,sinkhorn_cellsim
7.236323e+00,15401,2.63526210631312e-03,2.79842446011511e-02,4.20499388241296e+02,sinkhorn_cellsim
7.245709e+00,15421,2.62709255601805e-03,2.79847380575887e-02,4.20500094218062e+02,sinkhorn_cellsim
7.255092e+00,15441,2.61875477525087e-03,2.79851710781931e-02,4.20500797554192e+02,sinkhorn_cellsim
7.264474e+00,15461,2.61026276488313e-03,2.79855589634387e-02,4.20501498973013e+02,sinkhorn_cellsim
7.273859e+00,15481,2.60163603418528e-03,2.79859118713929e-02,4.20502198724982e+02,sinkhorn_cellsim
7.283242e+00,15501,2.59289301512446e-03,2.79862382342361e-02,4.20502896804080e+02,sinkhorn_cellsim
7.292623e+00,15521,2.58404876476338e-03,2.79865455619657e-02,4.20503592790809e+02,sinkhorn_cellsim
7.302003e+00,15541,2.57511439915867e-03,2.79868414896468e-02,4.20504285182331e+02,sinkhorn_cellsim
7.311391e+00,15561,2.56609642175666e-03,2.79871343893494e-02,4.20504969760127e+02,sinkhorn_cellsim
7.320778e+00,15581,2.55699412431959e-03,2.79874230492404e-02,4.20505638293278e+02,sinkhorn_cellsim
7.330156e+00,15601,2.54779369966169e-03,2.79876771651686e-02,4.20506284733426e+02,sinkhorn_cellsim
7.339538e+00,15621,2.53846427904425e-03,2.79879009318492e-02,4.20506914489044e+02,sinkhorn_cellsim
7.348923e+00,15641,2.52896891636414e-03,2.79881560106492e-02,4.20507536238982e+02,sinkhorn_cellsim
7.358325e+00,15661,2.51928471508192e-03,2.79884550581415e-02,4.20508154104179e+02,sinkhorn_cellsim
7.367706e+00,15681,2.50940991711115e-03,2.79887733908747e-02,4.20508769439110e+02,sinkhorn_cellsim
7.377097e+00,15701,2.49935740671170e-03,2.79890914506605e-02,4.20509382730592e+02,sinkhorn_cellsim
7.386485e+00,15721,2.48915386233041e-03,2.79894016177437e-02,4.20509994169213e+02,sinkhorn_cellsim
7.395871e+00,15741,2.47881667986021e-03,2.79897041852700e-02,4.20510603739062e+02,sinkhorn_cellsim
7.405255e+00,15761,2.46836074128417e-03,2.79900059632996e-02,4.20511211074182e+02,sinkhorn_cellsim
7.414647e+00,15781,2.45780342037513e-03,2.79903251444374e-02,4.20511814955052e+02,sinkhorn_cellsim
7.424030e+00,15801,2.44716022577850e-03,2.79907046163495e-02,4.20512412161026e+02,sinkhorn_cellsim
7.433416e+00,15821,2.43644490165800e-03,2.79912183233547e-02,4.20512996380294e+02,sinkhorn_cellsim
7.442793e+00,15841,2.42566944761576e-03,2.79918956887584e-02,4.20513561720384e+02,sinkhorn_cellsim
7.452174e+00,15861,2.41484392037631e-03,2.79925986526227e-02,4.20514110896484e+02,sinkhorn_cellsim
7.461556e+00,15881,2.40397613914751e-03,2.79931712174171e-02,4.20514651873196e+02,sinkhorn_cellsim
7.470948e+00,15901,2.39315375423042e-03,2.79936110856076e-02,4.20515189192457e+02,sinkhorn_cellsim
7.480329e+00,15921,2.38233256948194e-03,2.79939774614104e-02,4.20515724190653e+02,sinkhorn_cellsim
7.489716e+00,15941,2.37147657520774e-03,2.79943120932371e-02,4.20516257177266e+02,sinkhorn_cellsim
7.508999e+00,15961,2.36058835513137e-03,2.79946343876055e-02,4.20516788223233e+02,sinkhorn_cellsim
7.518431e+00,15981,2.34967030641926e-03,2.79949518727563e-02,4.20517317342998e+02,sinkhorn_cellsim
7.527808e+00,16001,2.33872480304812e-03,2.79952670424216e-02,4.20517844535151e+02,sinkhorn_cellsim
7.537187e+00,16021,2.32775428070408e-03,2.79955804864698e-02,4.20518369791005e+02,sinkhorn_cellsim
7.546564e+00,16041,2.31677479812582e-03,2.79958922064708e-02,4.20518893089823e+02,sinkhorn_cellsim
7.555948e+00,16061,2.30580747197735e-03,2.79962022617928e-02,4.20519414372394e+02,sinkhorn_cellsim
7.565342e+00,16081,2.29482323418261e-03,2.79965114514025e-02,4.20519933448912e+02,sinkhorn_cellsim
7.574721e+00,16101,2.28383697158359e-03,2.79968229731373e-02,4.20520449694537e+02,sinkhorn_cellsim
7.584093e+00,16121,2.27289319779537e-03,2.79971470375839e-02,4.20520961126419e+02,sinkhorn_cellsim
7.593470e+00,16141,2.26193941055435e-03,2.79975090988279e-02,4.20521462364139e+02,sinkhorn_cellsim
7.602851e+00,16161,2.25097756394663e-03,2.79979401953460e-02,4.20521944278531e+02,sinkhorn_cellsim
7.612226e+00,16181,2.24001085654565e-03,2.79984197797441e-02,4.20522403713601e+02,sinkhorn_cellsim
7.621598e+00,16201,2.22905139830109e-03,2.79988832510122e-02,4.20522848556306e+02,sinkhorn_cellsim
7.630977e+00,16221,2.21808069612525e-03,2.79992995297980e-02,4.20523285619256e+02,sinkhorn_cellsim
7.640346e+00,16241,2.20709306525671e-03,2.79996770619000e-02,4.20523717777771e+02,sinkhorn_cellsim
7.649722e+00,16261,2.19608061298030e-03,2.80000316990456e-02,4.20524146346282e+02,sinkhorn_cellsim
7.659095e+00,16281,2.18510245673125e-03,2.80003726671121e-02,4.20524571999688e+02,sinkhorn_cellsim
7.668471e+00,16301,2.17416810989534e-03,2.80007037560190e-02,4.20524995102353e+02,sinkhorn_cellsim
7.677847e+00,16321,2.16316756360442e-03,2.80010262535389e-02,4.20525415869143e+02,sinkhorn_cellsim
7.687225e+00,16341,2.15211418118885e-03,2.80013405921986e-02,4.20525834440119e+02,sinkhorn_cellsim
7.696595e+00,16361,2.14095584191679e-03,2.80016470932109e-02,4.20526250909866e+02,sinkhorn_cellsim
7.705970e+00,16381,2.12963365788479e-03,2.80019462562535e-02,4.20526665336364e+02,sinkhorn_cellsim
7.715342e+00,16401,2.11809118037418e-03,2.80022388252007e-02,4.20527077742190e+02,sinkhorn_cellsim
7.724721e+00,16421,2.10626553666894e-03,2.80025257509483e-02,4.20527488113616e+02,sinkhorn_cellsim
7.734097e+00,16441,2.09410323089889e-03,2.80028081147008e-02,4.20527896399920e+02,sinkhorn_cellsim
7.743475e+00,16461,2.08175410948453e-03,2.80030870351411e-02,4.20528302514605e+02,sinkhorn_cellsim
7.752849e+00,16481,2.06904474043781e-03,2.80033635569724e-02,4.20528706340769e+02,sinkhorn_cellsim
7.762229e+00,16501,2.05659593773756e-03,2.80036385103055e-02,4.20529107743544e+02,sinkhorn_cellsim
7.771602e+00,16521,2.04544865758855e-03,2.80039123451617e-02,4.20529506591682e+02,sinkhorn_cellsim
7.780975e+00,16541,2.03464133485677e-03,2.80041849820423e-02,4.20529902787081e+02,sinkhorn_cellsim
7.790344e+00,16561,2.02370443037391e-03,2.80044557580291e-02,4.20530296295310e+02,sinkhorn_cellsim
7.799719e+00,16581,2.01274438295992e-03,2.80047235450819e-02,4.20530687165447e+02,sinkhorn_cellsim
7.809088e+00,16601,2.00168499401681e-03,2.80049870418280e-02,4.20531075529022e+02,sinkhorn_cellsim
7.818467e+00,16621,1.99057715979940e-03,2.80052451297648e-02,4.20531461576999e+02,sinkhorn_cellsim
7.827839e+00,16641,1.97962393480924e-03,2.80054971363148e-02,4.20531845524883e+02,sinkhorn_cellsim
7.837216e+00,16661,1.96888034765880e-03,2.80057429107985e-02,4.20532227580257e+02,sinkhorn_cellsim
7.846588e+00,16681,1.95832049927349e-03,2.80059827336786e-02,4.20532607922343e+02,sinkhorn_cellsim
7.855963e+00,16701,1.94795492248764e-03,2.80062171482875e-02,4.20532986694994e+02,sinkhorn_cellsim
7.865334e+00,16721,1.93776447311229e-03,2.80064467989245e-02,4.20533364009059e+02,sinkhorn_cellsim
7.874713e+00,16741,1.92784663938284e-03,2.80066723169481e-02,4.20533739948987e+02,sinkhorn_cellsim
7.884085e+00,16761,1.91809541221415e-03,2.80068942592055e-02,4.20534114580011e+02,sinkhorn_cellsim
7.893461e+00,16781,1.90843999095188e-03,2.80071130855162e-02,4.20534487954161e+02,sinkhorn_cellsim
7.902829e+00,16801,1.89900009551443e-03,2.80073291593103e-02,4.20534860114649e+02,sinkhorn_cellsim
7.912209e+00,16821,1.88962334726009e-03,2.80075427593107e-02,4.20535231098834e+02,sinkhorn_cellsim
7.921580e+00,16841,1.88039924033751e-03,2.80077540948158e-02,4.20535600940118e+02,sinkhorn_cellsim
7.930958e+00,16861,1.87147621568409e-03,2.80079633207391e-02,4.20535969669137e+02,sinkhorn_cellsim
7.940328e+00,16881,1.86269281463824e-03,2.80081705507428e-02,4.20536337314493e+02,sinkhorn_cellsim
7.949702e+00,16901,1.85395499149472e-03,2.80083758680067e-02,4.20536703903210e+02,sinkhorn_cellsim
7.959077e+00,16921,1.84526227181700e-03,2.80085793337311e-02,4.20537069461022e+02,sinkhorn_cellsim
7.968451e+00,16941,1.83661734675922e-03,2.80087809936951e-02,4.20537434012557e+02,sinkhorn_cellsim
7.977834e+00,16961,1.82801256767887e-03,2.80089808832342e-02,4.20537797581467e+02,sinkhorn_cellsim
7.987213e+00,16981,1.81944896258011e-03,2.80091790309936e-02,4.20538160190507e+02,sinkhorn_cellsim
7.996584e+00,17001,1.81093345972347e-03,2.80093754617394e-02,4.20538521861600e+02,sinkhorn_cellsim
8.005962e+00,17021,1.80248470734605e-03,2.80095701984728e-02,4.20538882615878e+02,sinkhorn_cellsim
8.015338e+00,17041,1.79407638260815e-03,2.80097632640285e-02,4.20539242473718e+02,sinkhorn_cellsim
8.024712e+00,17061,1.78570929356084e-03,2.80099546822963e-02,4.20539601454757e+02,sinkhorn_cellsim
8.034086e+00,17081,1.77738442608893e-03,2.80101444791847e-02,4.20539959577914e+02,sinkhorn_cellsim
8.043462e+00,17101,1.76910253454759e-03,2.80103326833941e-02,4.20540316861394e+02,sinkhorn_cellsim
8.052838e+00,17121,1.76086413047212e-03,2.80105193270707e-02,4.20540673322693e+02,sinkhorn_cellsim
8.062215e+00,17141,1.75268489611248e-03,2.80107044463815e-02,4.20541028978595e+02,sinkhorn_cellsim
8.071586e+00,17161,1.74455157926370e-03,2.80108880820418e-02,4.20541383845169e+02,sinkhorn_cellsim
8.080964e+00,17181,1.73648073214437e-03,2.80110702798247e-02,4.20541737937753e+02,sinkhorn_cellsim
8.090337e+00,17201,1.72846610501188e-03,2.80112510910641e-02,4.20542091270946e+02,sinkhorn_cellsim
8.099713e+00,17221,1.72051278395293e-03,2.80114305731614e-02,4.20542443858582e+02,sinkhorn_cellsim
8.109088e+00,17241,1.71262131148400e-03,2.80116087901045e-02,4.20542795713713e+02,sinkhorn_cellsim
8.118460e+00,17261,1.70477273063648e-03,2.80117858129945e-02,4.20543146848583e+02,sinkhorn_cellsim
8.127828e+00,17281,1.69695845693067e-03,2.80119617205763e-02,4.20543497274594e+02,sinkhorn_cellsim
8.137208e+00,17301,1.68917602514723e-03,2.80121365997597e-02,4.20543847002280e+02,sinkhorn_cellsim
8.146583e+00,17321,1.68144041015364e-03,2.80123105461186e-02,4.20544196041268e+02,sinkhorn_cellsim
8.155962e+00,17341,1.67376909234023e-03,2.80124836643369e-02,4.20544544400246e+02,sinkhorn_cellsim
8.165335e+00,17361,1.66614736055762e-03,2.80126560685771e-02,4.20544892086927e+02,sinkhorn_cellsim
8.174711e+00,17381,1.65856330529488e-03,2.80128278827251e-02,4.20545239108012e+02,sinkhorn_cellsim
8.184089e+00,17401,1.65111207141723e-03,2.80129992404703e-02,4.20545585469161e+02,sinkhorn_cellsim
8.193467e+00,17421,1.64368731642495e-03,2.80131702851607e-02,4.20545931174966e+02,sinkhorn_cellsim
8.202841e+00,17441,1.63627879720929e-03,2.80133411693782e-02,4.20546276228933e+02,sinkhorn_cellsim
8.212223e+00,17461,1.62886316954153e-03,2.80135120541668e-02,4.20546620633470e+02,sinkhorn_cellsim
8.221598e+00,17481,1.62142791833669e-03,2.80136831078475e-02,4.20546964389896e+02,sinkhorn_cellsim
8.230977e+00,17501,1.61396658841850e-03,2.80138545043730e-02,4.20547307498458e+02,sinkhorn_cellsim
8.240350e+00,17521,1.60647269175417e-03,2.80140264211743e-02,4.20547649958375e+02,sinkhorn_cellsim
8.249729e+00,17541,1.59893987236605e-03,2.80141990364885e-02,4.20547991767893e+02,sinkhorn_cellsim
8.259105e+00,17561,1.59136209683033e-03,2.80143725261956e-02,4.20548332924377e+02,sinkhorn_cellsim
8.268487e+00,17581,1.58374245177373e-03,2.80145470602359e-02,4.20548673424408e+02,sinkhorn_cellsim
8.277861e+00,17601,1.57608351845782e-03,2.80147227987535e-02,4.20549013263915e+02,sinkhorn_cellsim
8.287242e+00,17621,1.56838663625724e-03,2.80148998881824e-02,4.20549352438312e+02,sinkhorn_cellsim
8.296617e+00,17641,1.56063084289898e-03,2.80150784575687e-02,4.20549690942641e+02,sinkhorn_cellsim
8.305996e+00,17661,1.55290395203364e-03,2.80152586155165e-02,4.20550028771718e+02,sinkhorn_cellsim
8.315373e+00,17681,1.54536513300000e-03,2.80154404482159e-02,4.20550365920238e+02,sinkhorn_cellsim
8.324758e+00,17701,1.53787540786488e-03,2.80156240190895e-02,4.20550702382851e+02,sinkhorn_cellsim
8.334135e+00,17721,1.53061424486002e-03,2.80158093706530e-02,4.20551038154151e+02,sinkhorn_cellsim
8.343514e+00,17741,1.52358019834208e-03,2.80159965292572e-02,4.20551373228568e+02,sinkhorn_cellsim
8.352885e+00,17761,1.51664377128798e-03,2.80161855134440e-02,4.20551707600103e+02,sinkhorn_cellsim
8.362263e+00,17781,1.50968899796123e-03,2.80163763467381e-02,4.20552041261861e+02,sinkhorn_cellsim
8.371639e+00,17801,1.50272458300747e-03,2.80165690758279e-02,4.20552374205329e+02,sinkhorn_cellsim
8.381027e+00,17821,1.49570912155700e-03,2.80167637952594e-02,4.20552706419299e+02,sinkhorn_cellsim
8.390400e+00,17841,1.48864060122627e-03,2.80169606798906e-02,4.20553037888361e+02,sinkhorn_cellsim
8.399775e+00,17861,1.48151856738801e-03,2.80171600264216e-02,4.20553368590838e+02,sinkhorn_cellsim
8.409148e+00,17881,1.47434167332407e-03,2.80173623049695e-02,4.20553698496045e+02,sinkhorn_cellsim
8.418529e+00,17901,1.46714465700619e-03,2.80175682205364e-02,4.20554027560775e+02,sinkhorn_cellsim
8.427898e+00,17921,1.45991516667520e-03,2.80177787815721e-02,4.20554355724931e+02,sinkhorn_cellsim
8.437278e+00,17941,1.45264263591037e-03,2.80179953676466e-02,4.20554682906440e+02,sinkhorn_cellsim
8.446660e+00,17961,1.44533476229439e-03,2.80182197794712e-02,4.20555008995771e+02,sinkhorn_cellsim
8.456051e+00,17981,1.43798251596027e-03,2.80184542416769e-02,4.20555333850899e+02,sinkhorn_cellsim
8.465430e+00,18001,1.43027648415077e-03,2.80187013135678e-02,4.20555657294075e+02,sinkhorn_cellsim
8.474809e+00,18021,1.42229064127002e-03,2.80189636510701e-02,4.20555979112396e+02,sinkhorn_cellsim
8.484187e+00,18041,1.41430770979119e-03,2.80192435658399e-02,4.20556299064563e+02,sinkhorn_cellsim
8.493568e+00,18061,1.40647306884487e-03,2.80195423631294e-02,4.20556616896057e+02,sinkhorn_cellsim
8.502947e+00,18081,1.39855589646831e-03,2.80198595332660e-02,4.20556932364015e+02,sinkhorn_cellsim
8.512333e+00,18101,1.39075639571028e-03,2.80201920388342e-02,4.20557245270663e+02,sinkhorn_cellsim
8.521710e+00,18121,1.38300564878926e-03,2.80205341255180e-02,4.20557555499682e+02,sinkhorn_cellsim
8.531092e+00,18141,1.37537195509463e-03,2.80208780765491e-02,4.20557863043987e+02,sinkhorn_cellsim
8.540463e+00,18161,1.36783457732967e-03,2.80212158885825e-02,4.20558168011182e+02,sinkhorn_cellsim
8.549850e+00,18181,1.36039547080044e-03,2.80215411629298e-02,4.20558470600291e+02,sinkhorn_cellsim
8.559229e+00,18201,1.35307915736579e-03,2.80218502771959e-02,4.20558771057830e+02,sinkhorn_cellsim
8.568610e+00,18221,1.34590015521900e-03,2.80221424442269e-02,4.20559069631078e+02,sinkhorn_cellsim
8.577986e+00,18241,1.33888149818377e-03,2.80224189833490e-02,4.20559366533898e+02,sinkhorn_cellsim
8.587367e+00,18261,1.33213350551308e-03,2.80226823674502e-02,4.20559661930722e+02,sinkhorn_cellsim
8.596746e+00,18281,1.32562774566112e-03,2.80229354066799e-02,4.20559955936321e+02,sinkhorn_cellsim
8.606130e+00,18301,1.31932718611436e-03,2.80231806646939e-02,4.20560248625991e+02,sinkhorn_cellsim
8.615510e+00,18321,1.31320193126780e-03,2.80234200774384e-02,4.20560540051227e+02,sinkhorn_cellsim
8.624885e+00,18341,1.30717681919190e-03,2.80236547404569e-02,4.20560830256806e+02,sinkhorn_cellsim
8.634264e+00,18361,1.30119472884003e-03,2.80238848667664e-02,4.20561119295617e+02,sinkhorn_cellsim
8.643645e+00,18381,1.29524797771689e-03,2.80241099280609e-02,4.20561407237887e+02,sinkhorn_cellsim
8.653027e+00,18401,1.28931948150698e-03,2.80243289527117e-02,4.20561694172799e+02,sinkhorn_cellsim
8.662407e+00,18421,1.28342340918292e-03,2.80245408908156e-02,4.20561980203100e+02,sinkhorn_cellsim
8.671782e+00,18441,1.27756777423779e-03,2.80247449257501e-02,4.20562265435768e+02,sinkhorn_cellsim
8.681164e+00,18461,1.27174169483586e-03,2.80249406455852e-02,4.20562549972667e+02,sinkhorn_cellsim
8.690540e+00,18481,1.26597836287241e-03,2.80251280613686e-02,4.20562833904015e+02,sinkhorn_cellsim
8.699919e+00,18501,1.26028346125763e-03,2.80253075199188e-02,4.20563117305515e+02,sinkhorn_cellsim
8.709305e+00,18521,1.25464266161627e-03,2.80254795767277e-02,4.20563400238465e+02,sinkhorn_cellsim
8.718692e+00,18541,1.24906849454677e-03,2.80256448782977e-02,4.20563682751591e+02,sinkhorn_cellsim
8.728068e+00,18561,1.24365991552280e-03,2.80258040766125e-02,4.20563964883493e+02,sinkhorn_cellsim
8.737450e+00,18581,1.23836028387575e-03,2.80259577781521e-02,4.20564246665015e+02,sinkhorn_cellsim
8.746824e+00,18601,1.23316216612756e-03,2.80261065201296e-02,4.20564528121228e+02,sinkhorn_cellsim
8.756213e+00,18621,1.22810594670115e-03,2.80262507645130e-02,4.20564809272952e+02,sinkhorn_cellsim
8.765592e+00,18641,1.22317087267887e-03,2.80263909019902e-02,4.20565090137865e+02,sinkhorn_cellsim
8.774977e+00,18661,1.21830272306436e-03,2.80265272605143e-02,4.20565370731291e+02,sinkhorn_cellsim
8.784353e+00,18681,1.21353881762530e-03,2.80266601152188e-02,4.20565651066752e+02,sinkhorn_cellsim
8.793735e+00,18701,1.20893940845698e-03,2.80267896980304e-02,4.20565931156343e+02,sinkhorn_cellsim
8.803113e+00,18721,1.20442612626882e-03,2.80269162062284e-02,4.20566211011003e+02,sinkhorn_cellsim
8.812498e+00,18741,1.19997578704837e-03,2.80270398097324e-02,4.20566490640692e+02,sinkhorn_cellsim
8.821875e+00,18761,1.19559834702139e-03,2.80271606571698e-02,4.20566770054522e+02,sinkhorn_cellsim
8.831261e+00,18781,1.19133871868683e-03,2.80272788808933e-02,4.20567049260840e+02,sinkhorn_cellsim
8.840636e+00,18801,1.18713051767550e-03,2.80273946011709e-02,4.20567328267289e+02,sinkhorn_cellsim
8.850020e+00,18821,1.18297270512688e-03,2.80275079297772e-02,4.20567607080826e+02,sinkhorn_cellsim
8.859400e+00,18841,1.17886303223413e-03,2.80276189732158e-02,4.20567885707734e+02,sinkhorn_cellsim
8.868784e+00,18861,1.17480630017997e-03,2.80277278358058e-02,4.20568164153592e+02,sinkhorn_cellsim
8.878158e+00,18881,1.17079835149542e-03,2.80278346228735e-02,4.20568442423216e+02,sinkhorn_cellsim
8.887537e+00,18901,1.16683386028552e-03,2.80279394443193e-02,4.20568720520569e+02,sinkhorn_cellsim
8.896909e+00,18921,1.16292081372804e-03,2.80280424188658e-02,4.20568998448605e+02,sinkhorn_cellsim
8.906292e+00,18941,1.15905679650645e-03,2.80281436793698e-02,4.20569276209061e+02,sinkhorn_cellsim
8.915670e+00,18961,1.15523057507010e-03,2.80282433796508e-02,4.20569553802148e+02,sinkhorn_cellsim
8.925053e+00,18981,1.15144705262889e-03,2.80283417034104e-02,4.20569831226128e+02,sinkhorn_cellsim
8.934429e+00,19001,1.14769698165872e-03,2.80284388759061e-02,4.20570108476737e+02,sinkhorn_cellsim
8.943808e+00,19021,1.14396680376788e-03,2.80285351791425e-02,4.20570385546394e+02,sinkhorn_cellsim
8.953184e+00,19041,1.14022078001468e-03,2.80286309713066e-02,4.20570662423166e+02,sinkhorn_cellsim
8.962576e+00,19061,1.13645503019699e-03,2.80287267109463e-02,4.20570939089407e+02,sinkhorn_cellsim
8.971953e+00,19081,1.13265582303317e-03,2.80288229856621e-02,4.20571215520034e+02,sinkhorn_cellsim
8.981338e+00,19101,1.12876487385473e-03,2.80289205435254e-02,4.20571491680430e+02,sinkhorn_cellsim
8.990718e+00,19121,1.12474595560428e-03,2.80290203225277e-02,4.20571767524043e+02,sinkhorn_cellsim
9.000097e+00,19141,1.12056848277987e-03,2.80291234685412e-02,4.20572042989906e+02,sinkhorn_cellsim
9.009476e+00,19161,1.11612383364679e-03,2.80292313255759e-02,4.20572318000563e+02,sinkhorn_cellsim
9.018861e+00,19181,1.11135230046690e-03,2.80293453750430e-02,4.20572592461229e+02,sinkhorn_cellsim
9.028239e+00,19201,1.10653030164758e-03,2.80294670981323e-02,4.20572866261327e+02,sinkhorn_cellsim
9.037624e+00,19221,1.10172415986927e-03,2.80295977463711e-02,4.20573139279646e+02,sinkhorn_cellsim
9.047006e+00,19241,1.09684470018946e-03,2.80297380400993e-02,4.20573411393755e+02,sinkhorn_cellsim
9.056393e+00,19261,1.09199843118363e-03,2.80298878721775e-02,4.20573682492840e+02,sinkhorn_cellsim
9.065773e+00,19281,1.08696471404412e-03,2.80300461457060e-02,4.20573952491036e+02,sinkhorn_cellsim
9.075158e+00,19301,1.08156124628004e-03,2.80302108631162e-02,4.20574221337068e+02,sinkhorn_cellsim
9.084533e+00,19321,1.07593940852041e-03,2.80303794733831e-02,4.20574489017156e+02,sinkhorn_cellsim
9.093914e+00,19341,1.07049216105763e-03,2.80305493276327e-02,4.20574755551754e+02,sinkhorn_cellsim
9.103292e+00,19361,1.06506076257315e-03,2.80307180238823e-02,4.20575020989997e+02,sinkhorn_cellsim
9.112676e+00,19381,1.05935679937773e-03,2.80308835190310e-02,4.20575285405564e+02,sinkhorn_cellsim
9.122052e+00,19401,1.05361993044717e-03,2.80310440694502e-02,4.20575548894109e+02,sinkhorn_cellsim
9.131433e+00,19421,1.04790561210063e-03,2.80311981640461e-02,4.20575811569240e+02,sinkhorn_cellsim
9.140810e+00,19441,1.04214629350504e-03,2.80313445603526e-02,4.20576073554447e+02,sinkhorn_cellsim
9.150194e+00,19461,1.03654619822834e-03,2.80314824045060e-02,4.20576334971853e+02,sinkhorn_cellsim
9.159579e+00,19481,1.03119819423602e-03,2.80316113378266e-02,4.20576595931394e+02,sinkhorn_cellsim
9.168960e+00,19501,1.02605765292285e-03,2.80317315125947e-02,4.20576856523821e+02,sinkhorn_cellsim
9.178336e+00,19521,1.02107430362315e-03,2.80318435080252e-02,4.20577116818634e+02,sinkhorn_cellsim
9.187717e+00,19541,1.01627898584160e-03,2.80319481882776e-02,4.20577376865820e+02,sinkhorn_cellsim
9.197094e+00,19561,1.01171665599594e-03,2.80320465539616e-02,4.20577636699511e+02,sinkhorn_cellsim
9.206481e+00,19581,1.00734800795769e-03,2.80321396214992e-02,4.20577896341984e+02,sinkhorn_cellsim
9.215862e+00,19601,1.00318512128368e-03,2.80322283426573e-02,4.20578155807127e+02,sinkhorn_cellsim
9.225243e+00,19621,9.99209516484411e-04,2.80323135613867e-02,4.20578415103092e+02,sinkhorn_cellsim
9.234625e+00,19641,9.95410689559617e-04,2.80323959985305e-02,4.20578674234174e+02,sinkhorn_cellsim
9.244013e+00,19661,9.91765693794836e-04,2.80324762542207e-02,4.20578933202078e+02,sinkhorn_cellsim
9.253388e+00,19681,9.88308306045036e-04,2.80325548197298e-02,4.20579192006750e+02,sinkhorn_cellsim
9.262771e+00,19701,9.85035636543829e-04,2.80326320931427e-02,4.20579450646910e+02,sinkhorn_cellsim
9.272155e+00,19721,9.81958841457049e-04,2.80327083954306e-02,4.20579709120401e+02,sinkhorn_cellsim
9.281534e+00,19741,9.79003099068404e-04,2.80327839851646e-02,4.20579967424410e+02,sinkhorn_cellsim
9.290908e+00,19761,9.76211951107096e-04,2.80328590711201e-02,4.20580225555616e+02,sinkhorn_cellsim
9.300288e+00,19781,9.73555202290770e-04,2.80329338226370e-02,4.20580483510297e+02,sinkhorn_cellsim
9.309667e+00,19801,9.71065251895511e-04,2.80330083779027e-02,4.20580741284402e+02,sinkhorn_cellsim
9.319050e+00,19821,9.68696827853113e-04,2.80330828504497e-02,4.20580998873614e+02,sinkhorn_cellsim
9.328427e+00,19841,9.66364514351332e-04,2.80331573341947e-02,4.20581256273400e+02,sinkhorn_cellsim
9.337813e+00,19861,9.64086247168951e-04,2.80332319073100e-02,4.20581513479057e+02,sinkhorn_cellsim
9.347191e+00,19881,9.61849852802839e-04,2.80333066351963e-02,4.20581770485763e+02,sinkhorn_cellsim
9.356578e+00,19901,9.59655377904432e-04,2.80333815727563e-02,4.20582027288621e+02,sinkhorn_cellsim
9.365959e+00,19921,9.57495256331512e-04,2.80334567661417e-02,4.20582283882713e+02,sinkhorn_cellsim
9.375339e+00,19941,9.55364532786935e-04,2.80335322540985e-02,4.20582540263150e+02,sinkhorn_cellsim
9.384719e+00,19961,9.53262121332000e-04,2.80336080690089e-02,4.20582796425133e+02,sinkhorn_cellsim
9.394101e+00,19981,9.51188892072429e-04,2.80336842377029e-02,4.20583052364006e+02,sinkhorn_cellsim
9.403480e+00,20001,9.49143520988981e-04,2.80337607820930e-02,4.20583308075321e+02,sinkhorn_cellsim
9.412856e+00,20021,9.47125178134283e-04,2.80338377196709e-02,4.20583563554901e+02,sinkhorn_cellsim
9.422235e+00,20041,9.45131649011704e-04,2.80339150638990e-02,4.20583818798896e+02,sinkhorn_cellsim
9.431615e+00,20061,9.43175103117029e-04,2.80339928245161e-02,4.20584073803849e+02,sinkhorn_cellsim
9.440993e+00,20081,9.41270236699550e-04,2.80340710077755e-02,4.20584328566747e+02,sinkhorn_cellsim
9.450377e+00,20101,9.39397318218979e-04,2.80341496166332e-02,4.20584583085071e+02,sinkhorn_cellsim
9.459757e+00,20121,9.37547849702459e-04,2.80342286508895e-02,4.20584837356845e+02,sinkhorn_cellsim
9.469141e+00,20141,9.35727192116234e-04,2.80343081073031e-02,4.20585091380659e+02,sinkhorn_cellsim
9.478518e+00,20161,9.33942434041342e-04,2.80343879796828e-02,4.20585345155702e+02,sinkhorn_cellsim
9.487899e+00,20181,9.32192747434691e-04,2.80344682589674e-02,4.20585598681770e+02,sinkhorn_cellsim
9.497276e+00,20201,9.30471058987722e-04,2.80345489333047e-02,4.20585851959265e+02,sinkhorn_cellsim
9.506666e+00,20221,9.28775553010466e-04,2.80346299881463e-02,4.20586104989188e+02,sinkhorn_cellsim
9.516047e+00,20241,9.27104690254067e-04,2.80347114063916e-02,4.20586357773109e+02,sinkhorn_cellsim
9.525426e+00,20261,9.25463737378307e-04,2.80347931686776e-02,4.20586610313133e+02,sinkhorn_cellsim
9.534806e+00,20281,9.23860405349670e-04,2.80348752541240e-02,4.20586862611827e+02,sinkhorn_cellsim
9.544190e+00,20301,9.22271453662749e-04,2.80349576425629e-02,4.20587114672084e+02,sinkhorn_cellsim
9.553569e+00,20321,9.20696172476201e-04,2.80350403217007e-02,4.20587366496758e+02,sinkhorn_cellsim
9.562953e+00,20341,9.19148178904334e-04,2.80351233108209e-02,4.20587618087576e+02,sinkhorn_cellsim
9.572332e+00,20361,9.17646722544981e-04,2.80352067400778e-02,4.20587869441578e+02,sinkhorn_cellsim
9.581718e+00,20381,9.16206015049469e-04,2.80352911165574e-02,4.20588120539314e+02,sinkhorn_cellsim
9.591098e+00,20401,9.14833551781717e-04,2.80353782144693e-02,4.20588371305378e+02,sinkhorn_cellsim
9.600480e+00,20421,9.13520878730951e-04,2.80354740104062e-02,4.20588621477571e+02,sinkhorn_cellsim
9.609855e+00,20441,9.12241778933802e-04,2.80355978674849e-02,4.20588870188071e+02,sinkhorn_cellsim
9.619239e+00,20461,9.11006592015581e-04,2.80358063026536e-02,4.20589114778403e+02,sinkhorn_cellsim
9.628620e+00,20481,9.09818233040432e-04,2.80362167426653e-02,4.20589348690292e+02,sinkhorn_cellsim
9.638003e+00,20501,9.08647078447612e-04,2.80368778124717e-02,4.20589563131005e+02,sinkhorn_cellsim
9.647385e+00,20521,9.07514613841795e-04,2.80375123729523e-02,4.20589758646647e+02,sinkhorn_cellsim
9.656770e+00,20541,9.06393774561532e-04,2.80378832131893e-02,4.20589944962893e+02,sinkhorn_cellsim
9.666146e+00,20561,9.05293296527248e-04,2.80380666051553e-02,4.20590128137142e+02,sinkhorn_cellsim
9.675531e+00,20581,9.04229189235875e-04,2.80381755076517e-02,4.20590310019674e+02,sinkhorn_cellsim
9.684908e+00,20601,9.03194338458793e-04,2.80382617217526e-02,4.20590491145611e+02,sinkhorn_cellsim
9.694289e+00,20621,9.02191561249956e-04,2.80383428446367e-02,4.20590671715270e+02,sinkhorn_cellsim
9.703666e+00,20641,9.01201250476157e-04,2.80384241603870e-02,4.20590851826218e+02,sinkhorn_cellsim
9.713053e+00,20661,9.00224289757372e-04,2.80385070400280e-02,4.20591031537118e+02,sinkhorn_cellsim
9.722428e+00,20681,8.99263647176624e-04,2.80385916626299e-02,4.20591210889238e+02,sinkhorn_cellsim
9.731814e+00,20701,8.98314165005966e-04,2.80386778587337e-02,4.20591389914715e+02,sinkhorn_cellsim
9.741193e+00,20721,8.97373047117516e-04,2.80387653712234e-02,4.20591568640081e+02,sinkhorn_cellsim
9.750584e+00,20741,8.96452094132107e-04,2.80388539366856e-02,4.20591747087934e+02,sinkhorn_cellsim
9.759960e+00,20761,8.95544074941787e-04,2.80389433104091e-02,4.20591925277857e+02,sinkhorn_cellsim
9.769347e+00,20781,8.94655565812858e-04,2.80390332731169e-02,4.20592103226986e+02,sinkhorn_cellsim
9.778721e+00,20801,8.93776268229144e-04,2.80391236315585e-02,4.20592280950414e+02,sinkhorn_cellsim
9.788103e+00,20821,8.92909197301826e-04,2.80392142170020e-02,4.20592458461501e+02,sinkhorn_cellsim
9.797476e+00,20841,8.92045200366776e-04,2.80393048830469e-02,4.20592635772120e+02,sinkhorn_cellsim
9.806856e+00,20861,8.91185662923501e-04,2.80393955032796e-02,4.20592812892865e+02,sinkhorn_cellsim
9.816236e+00,20881,8.90336150864673e-04,2.80394859689957e-02,4.20592989833219e+02,sinkhorn_cellsim
9.825622e+00,20901,8.89496121011206e-04,2.80395761870665e-02,4.20593166601707e+02,sinkhorn_cellsim
9.835000e+00,20921,8.88663904936842e-04,2.80396660779928e-02,4.20593343206019e+02,sinkhorn_cellsim
9.844383e+00,20941,8.87834546908344e-04,2.80397555741499e-02,4.20593519653120e+02,sinkhorn_cellsim
9.853758e+00,20961,8.87013240888825e-04,2.80398446182241e-02,4.20593695949340e+02,sinkhorn_cellsim
9.863139e+00,20981,8.86211164073528e-04,2.80399331618265e-02,4.20593872100458e+02,sinkhorn_cellsim
9.872517e+00,21001,8.85421613132418e-04,2.80400211642792e-02,4.20594048111771e+02,sinkhorn_cellsim
9.881897e+00,21021,8.84636944739226e-04,2.80401085915469e-02,4.20594223988152e+02,sinkhorn_cellsim
9.891277e+00,21041,8.83855031046252e-04,2.80401954153146e-02,4.20594399734103e+02,sinkhorn_cellsim
9.900663e+00,21061,8.83079945868892e-04,2.80402816121856e-02,4.20594575353797e+02,sinkhorn_cellsim
9.910042e+00,21081,8.82317700647779e-04,2.80403671629975e-02,4.20594750851118e+02,sinkhorn_cellsim
9.919429e+00,21101,8.81564059193101e-04,2.80404520522366e-02,4.20594926229695e+02,sinkhorn_cellsim
9.928808e+00,21121,8.80814827026069e-04,2.80405362675531e-02,4.20595101492922e+02,sinkhorn_cellsim
9.938192e+00,21141,8.80077996296271e-04,2.80406197993597e-02,4.20595276643985e+02,sinkhorn_cellsim
9.947576e+00,21161,8.79363532405906e-04,2.80407026405214e-02,4.20595451685879e+02,sinkhorn_cellsim
9.956962e+00,21181,8.78653458745900e-04,2.80407847861289e-02,4.20595626621416e+02,sinkhorn_cellsim
9.966336e+00,21201,8.77946186199768e-04,2.80408662333628e-02,4.20595801453240e+02,sinkhorn_cellsim
9.975718e+00,21221,8.77243932423670e-04,2.80409469814604e-02,4.20595976183817e+02,sinkhorn_cellsim
9.985100e+00,21241,8.76543768849331e-04,2.80410270317972e-02,4.20596150815443e+02,sinkhorn_cellsim
9.994480e+00,21261,8.75845408721179e-04,2.80411063881137e-02,4.20596325350219e+02,sinkhorn_cellsim
1.000385e+01,21281,8.75149163334500e-04,2.80411850569245e-02,4.20596499790034e+02,sinkhorn_cellsim
1.001325e+01,21301,8.74461584619146e-04,2.80412630481614e-02,4.20596674136522e+02,sinkhorn_cellsim
1.002263e+01,21321,8.73784270237247e-04,2.80413403761313e-02,4.20596848391011e+02,sinkhorn_cellsim
1.003203e+01,21341,8.73117228305027e-04,2.80414170608928e-02,4.20597022554435e+02,sinkhorn_cellsim
1.004141e+01,21361,8.72456295730695e-04,2.80414931301923e-02,4.20597196627220e+02,sinkhorn_cellsim
1.005079e+01,21381,8.71794480321599e-04,2.80415686221530e-02,4.20597370609124e+02,sinkhorn_cellsim
1.006017e+01,21401,8.71135708062423e-04,2.80416435889626e-02,4.20597544499013e+02,sinkhorn_cellsim
1.006956e+01,21421,8.70475173018936e-04,2.80417181018742e-02,4.20597718294556e+02,sinkhorn_cellsim
1.007894e+01,21441,8.69801281501222e-04,2.80417922578938e-02,4.20597891991812e+02,sinkhorn_cellsim
1.008833e+01,21461,8.69103221254498e-04,2.80418661885587e-02,4.20598065584679e+02,sinkhorn_cellsim
1.009771e+01,21481,8.68371852493217e-04,2.80419400711758e-02,4.20598239064177e+02,sinkhorn_cellsim
1.010709e+01,21501,8.67593543994702e-04,2.80420141426647e-02,4.20598412417521e+02,sinkhorn_cellsim
1.011647e+01,21521,8.66747814955177e-04,2.80420887155888e-02,4.20598585626996e+02,sinkhorn_cellsim
1.012585e+01,21541,8.65811143430359e-04,2.80421641948287e-02,4.20598758668645e+02,sinkhorn_cellsim
1.013523e+01,21561,8.64761346037042e-04,2.80422410912597e-02,4.20598931510908e+02,sinkhorn_cellsim
1.014461e+01,21581,8.63558000308774e-04,2.80423200255615e-02,4.20599104113477e+02,sinkhorn_cellsim
1.015399e+01,21601,8.62157616192290e-04,2.80424017110439e-02,4.20599276426865e+02,sinkhorn_cellsim
1.016338e+01,21621,8.60518340678956e-04,2.80424869006171e-02,4.20599448393447e+02,sinkhorn_cellsim
1.017276e+01,21641,8.58603723011255e-04,2.80425762834820e-02,4.20599619950870e+02,sinkhorn_cellsim
1.018214e+01,21661,8.56393038336230e-04,2.80426703278235e-02,4.20599791038538e+02,sinkhorn_cellsim
1.019152e+01,21681,8.53899737261548e-04,2.80427690916916e-02,4.20599961606989e+02,sinkhorn_cellsim
1.020091e+01,21701,8.51221416753255e-04,2.80428720605007e-02,4.20600131628369e+02,sinkhorn_cellsim
1.021030e+01,21721,8.48413237124658e-04,2.80429780934440e-02,4.20600301104617e+02,sinkhorn_cellsim
1.021969e+01,21741,8.45532617911213e-04,2.80430855404299e-02,4.20600470069622e+02,sinkhorn_cellsim
1.022907e+01,21761,8.42733675791464e-04,2.80431925177309e-02,4.20600638583668e+02,sinkhorn_cellsim
1.023846e+01,21781,8.40107543962720e-04,2.80432972466097e-02,4.20600806722001e+02,sinkhorn_cellsim
1.024784e+01,21801,8.37674748885141e-04,2.80433983293638e-02,4.20600974561942e+02,sinkhorn_cellsim
1.025722e+01,21821,8.35508720425259e-04,2.80434948826385e-02,4.20601142172823e+02,sinkhorn_cellsim
1.026660e+01,21841,8.33590624421210e-04,2.80435865259254e-02,4.20601309610757e+02,sinkhorn_cellsim
1.027598e+01,21861,8.31901007815255e-04,2.80436732773277e-02,4.20601476917754e+02,sinkhorn_cellsim
1.028537e+01,21881,8.30437832806121e-04,2.80437554185876e-02,4.20601644123522e+02,sinkhorn_cellsim
1.029476e+01,21901,8.29198157381016e-04,2.80438333725741e-02,4.20601811248262e+02,sinkhorn_cellsim
1.030414e+01,21921,8.28215600314851e-04,2.80439076120592e-02,4.20601978305422e+02,sinkhorn_cellsim
1.031352e+01,21941,8.27360258884252e-04,2.80439786014112e-02,4.20602145303898e+02,sinkhorn_cellsim
1.032290e+01,21961,8.26603790327799e-04,2.80440467647933e-02,4.20602312249645e+02,sinkhorn_cellsim
1.033229e+01,21981,8.25923473025421e-04,2.80441124726115e-02,4.20602479146755e+02,sinkhorn_cellsim
1.034167e+01,22001,8.25301353177111e-04,2.80441760391065e-02,4.20602645998154e+02,sinkhorn_cellsim
1.035106e+01,22021,8.24723514219852e-04,2.80442377259543e-02,4.20602812806044e+02,sinkhorn_cellsim
1.036044e+01,22041,8.24179316747471e-04,2.80442977485519e-02,4.20602979572171e+02,sinkhorn_cellsim
1.036982e+01,22061,8.23683871643097e-04,2.80443562830656e-02,4.20603146297986e+02,sinkhorn_cellsim
1.037920e+01,22081,8.23267782571638e-04,2.80444134732011e-02,4.20603312984752e+02,sinkhorn_cellsim
1.038859e+01,22101,8.22849455345679e-04,2.80444694362227e-02,4.20603479633598e+02,sinkhorn_cellsim
1.039797e+01,22121,8.22433287503419e-04,2.80445242680775e-02,4.20603646245563e+02,sinkhorn_cellsim
1.040735e+01,22141,8.22021890551765e-04,2.80445780476286e-02,4.20603812821613e+02,sinkhorn_cellsim
1.041673e+01,22161,8.21612934620944e-04,2.80446308400923e-02,4.20603979362666e+02,sinkhorn_cellsim
1.042612e+01,22181,8.21209344129673e-04,2.80446826997964e-02,4.20604145869590e+02,sinkhorn_cellsim
1.043549e+01,22201,8.20807220554539e-04,2.80447336723722e-02,4.20604312343219e+02,sinkhorn_cellsim
1.044487e+01,22221,8.20405327446905e-04,2.80447837964944e-02,4.20604478784356e+02,sinkhorn_cellsim
1.045425e+01,22241,8.20010182906038e-04,2.80448331052549e-02,4.20604645193771e+02,sinkhorn_cellsim
1.046363e+01,22261,8.19629237469414e-04,2.80448816272488e-02,4.20604811572212e+02,sinkhorn_cellsim
1.047302e+01,22281,8.19255380152302e-04,2.80449293874314e-02,4.20604977920401e+02,sinkhorn_cellsim
1.048240e+01,22301,8.18882585920144e-04,2.80449764078029e-02,4.20605144239036e+02,sinkhorn_cellsim
1.049178e+01,22321,8.18510918024940e-04,2.80450227079469e-02,4.20605310528797e+02,sinkhorn_cellsim
1.050116e+01,22341,8.18140432161720e-04,2.80450683054678e-02,4.20605476790339e+02,sinkhorn_cellsim
1.051054e+01,22361,8.17771177542754e-04,2.80451132163389e-02,4.20605643024300e+02,sinkhorn_cellsim
1.051992e+01,22381,8.17404678097981e-04,2.80451574551908e-02,4.20605809231293e+02,sinkhorn_cellsim
1.052929e+01,22401,8.17045129092869e-04,2.80452010355492e-02,4.20605975411913e+02,sinkhorn_cellsim
1.053868e+01,22421,8.16692664174917e-04,2.80452439700402e-02,4.20606141566727e+02,sinkhorn_cellsim
1.054806e+01,22441,8.16342013877950e-04,2.80452862705765e-02,4.20606307696273e+02,sinkhorn_cellsim
1.055744e+01,22461,8.15992717455603e-04,2.80453279485387e-02,4.20606473801050e+02,sinkhorn_cellsim
1.056682e+01,22481,8.15644801776202e-04,2.80453690149720e-02,4.20606639881505e+02,sinkhorn_cellsim
1.057619e+01,22501,8.15299264719860e-04,2.80454094808220e-02,4.20606805938009e+02,sinkhorn_cellsim
1.058557e+01,22521,8.14956095703863e-04,2.80454493572543e-02,4.20606971970818e+02,sinkhorn_cellsim
1.059495e+01,22541,8.14616937037275e-04,2.80454886561152e-02,4.20607137980014e+02,sinkhorn_cellsim
1.060433e+01,22561,8.14282216627464e-04,2.80455273906333e-02,4.20607303965396e+02,sinkhorn_cellsim
1.061371e+01,22581,8.13948995544670e-04,2.80455655765227e-02,4.20607469926318e+02,sinkhorn_cellsim
1.062309e+01,22601,8.13617288250684e-04,2.80456032337479e-02,4.20607635861413e+02,sinkhorn_cellsim
1.063247e+01,22621,8.13288825172677e-04,2.80456403893574e-02,4.20607801768149e+02,sinkhorn_cellsim
1.064185e+01,22641,8.12962725936534e-04,2.80456770820743e-02,4.20607967642103e+02,sinkhorn_cellsim
1.065123e+01,22661,8.12638180539040e-04,2.80457133697135e-02,4.20608133475784e+02,sinkhorn_cellsim
1.066062e+01,22681,8.12315200040378e-04,2.80457493411504e-02,4.20608299256720e+02,sinkhorn_cellsim
1.067001e+01,22701,8.11993794929189e-04,2.80457851355322e-02,4.20608464964385e+02,sinkhorn_cellsim
1.067939e+01,22721,8.11673975076419e-04,2.80458209727846e-02,4.20608630565275e+02,sinkhorn_cellsim
1.068877e+01,22741,8.11355749703938e-04,2.80458572012260e-02,4.20608796005156e+02,sinkhorn_cellsim
1.069814e+01,22761,8.11039127213581e-04,2.80458943696452e-02,4.20608961197125e+02,sinkhorn_cellsim
1.070753e+01,22781,8.10724115011988e-04,2.80459333306141e-02,4.20609126003975e+02,sinkhorn_cellsim
1.071691e+01,22801,8.10414915389867e-04,2.80459753738975e-02,4.20609290213957e+02,sinkhorn_cellsim
1.072629e+01,22821,8.10109188573702e-04,2.80460223621801e-02,4.20609453511963e+02,sinkhorn_cellsim
1.073568e+01,22841,8.09812537204893e-04,2.80460767783096e-02,4.20609615455706e+02,sinkhorn_cellsim
1.074506e+01,22861,8.09520540272450e-04,2.80461414873072e-02,4.20609775480435e+02,sinkhorn_cellsim
1.075444e+01,22881,8.09232591339675e-04,2.80462189370458e-02,4.20609932969703e+02,sinkhorn_cellsim
1.076382e+01,22901,8.08946264144227e-04,2.80463097064982e-02,4.20610087417853e+02,sinkhorn_cellsim
1.077320e+01,22921,8.08661612065103e-04,2.80464110202385e-02,4.20610238639352e+02,sinkhorn_cellsim
1.078259e+01,22941,8.08381212935658e-04,2.80465166371151e-02,4.20610386885608e+02,sinkhorn_cellsim
1.079197e+01,22961,8.08102405520153e-04,2.80466189588220e-02,4.20610532751474e+02,sinkhorn_cellsim
1.080135e+01,22981,8.07825168576434e-04,2.80467120905659e-02,4.20610676933345e+02,sinkhorn_cellsim
1.081073e+01,23001,8.07549474379380e-04,2.80467935548676e-02,4.20610820021377e+02,sinkhorn_cellsim
1.082012e+01,23021,8.07275288186480e-04,2.80468638967811e-02,4.20610962424485e+02,sinkhorn_cellsim
1.082950e+01,23041,8.07007756152367e-04,2.80469252367654e-02,4.20611104393508e+02,sinkhorn_cellsim
1.083888e+01,23061,8.06747790406598e-04,2.80469799912599e-02,4.20611246073210e+02,sinkhorn_cellsim
1.084826e+01,23081,8.06491228747525e-04,2.80470302054268e-02,4.20611387545499e+02,sinkhorn_cellsim
1.085764e+01,23101,8.06241119468719e-04,2.80470773784070e-02,4.20611528856526e+02,sinkhorn_cellsim
1.086702e+01,23121,8.06002993935885e-04,2.80471225336849e-02,4.20611670031726e+02,sinkhorn_cellsim
1.087641e+01,23141,8.05766106462496e-04,2.80471663611438e-02,4.20611811083767e+02,sinkhorn_cellsim
1.089558e+01,23161,8.05530096178646e-04,2.80472093500710e-02,4.20611952016691e+02,sinkhorn_cellsim
1.090501e+01,23181,8.05294785000544e-04,2.80472518889947e-02,4.20612092828046e+02,sinkhorn_cellsim
1.091439e+01,23201,8.05059932553300e-04,2.80472943328879e-02,4.20612233509916e+02,sinkhorn_cellsim
1.092377e+01,23221,8.04825211648628e-04,2.80473370455160e-02,4.20612374049320e+02,sinkhorn_cellsim
1.093314e+01,23241,8.04590174338241e-04,2.80473804246782e-02,4.20612514428242e+02,sinkhorn_cellsim
1.094257e+01,23261,8.04354205085585e-04,2.80474249158721e-02,4.20612654623441e+02,sinkhorn_cellsim
1.095205e+01,23281,8.04116456170280e-04,2.80474710175232e-02,4.20612794606166e+02,sinkhorn_cellsim
1.096143e+01,23301,8.03875758904360e-04,2.80475192790153e-02,4.20612934341882e+02,sinkhorn_cellsim
1.097081e+01,23321,8.03630501935099e-04,2.80475702914971e-02,4.20613073790104e+02,sinkhorn_cellsim
1.098018e+01,23341,8.03378465096092e-04,2.80476246709349e-02,4.20613212904477e+02,sinkhorn_cellsim
1.098956e+01,23361,8.03116593966108e-04,2.80476830331946e-02,4.20613351633200e+02,sinkhorn_cellsim
1.099893e+01,23381,8.02840696487870e-04,2.80477459622282e-02,4.20613489919888e+02,sinkhorn_cellsim
1.100831e+01,23401,8.02545039690655e-04,2.80478139746421e-02,4.20613627704928e+02,sinkhorn_cellsim
1.101769e+01,23421,8.02221822971052e-04,2.80478874866731e-02,4.20613764927263e+02,sinkhorn_cellsim
1.102707e+01,23441,8.01860508140306e-04,2.80479667919883e-02,4.20613901526442e+02,sinkhorn_cellsim
1.103644e+01,23461,8.01447001037457e-04,2.80480520594633e-02,4.20614037444649e+02,sinkhorn_cellsim
1.104582e+01,23481,8.00962716153307e-04,2.80481433577137e-02,4.20614172628330e+02,sinkhorn_cellsim
1.105519e+01,23501,8.00383629368975e-04,2.80482407069238e-02,4.20614307029078e+02,sinkhorn_cellsim
1.106456e+01,23521,7.99679555759930e-04,2.80483441486532e-02,4.20614440603581e+02,sinkhorn_cellsim
1.107394e+01,23541,7.98814094349002e-04,2.80484538124353e-02,4.20614573312733e+02,sinkhorn_cellsim
1.108331e+01,23561,7.97745944497559e-04,2.80485699466892e-02,4.20614705120443e+02,sinkhorn_cellsim
1.109269e+01,23581,7.96432521790126e-04,2.80486928750014e-02,4.20614835993075e+02,sinkhorn_cellsim
1.110206e+01,23601,7.94836739066280e-04,2.80488228442130e-02,4.20614965900736e+02,sinkhorn_cellsim
1.111144e+01,23621,7.92937076874572e-04,2.80489597582164e-02,4.20615094821393e+02,sinkhorn_cellsim
1.112082e+01,23641,7.90899900172341e-04,2.80491028478672e-02,4.20615222747879e+02,sinkhorn_cellsim
1.113020e+01,23661,7.88796797964437e-04,2.80492504001274e-02,4.20615349696146e+02,sinkhorn_cellsim
1.113957e+01,23681,7.86481129053972e-04,2.80493997104772e-02,4.20615475711437e+02,sinkhorn_cellsim
1.114896e+01,23701,7.84142378379279e-04,2.80495473686375e-02,4.20615600868788e+02,sinkhorn_cellsim
1.115833e+01,23721,7.81794883279133e-04,2.80496898296886e-02,4.20615725266319e+02,sinkhorn_cellsim
1.116771e+01,23741,7.79485757961954e-04,2.80498240571115e-02,4.20615849013276e+02,sinkhorn_cellsim
1.117709e+01,23761,7.77290238061538e-04,2.80499479847747e-02,4.20615972217186e+02,sinkhorn_cellsim
1.118646e+01,23781,7.75245781017045e-04,2.80500606621619e-02,4.20616094974151e+02,sinkhorn_cellsim
1.119583e+01,23801,7.73389378227180e-04,2.80501621164591e-02,4.20616217363998e+02,sinkhorn_cellsim
1.120521e+01,23821,7.71745504429560e-04,2.80502530652964e-02,4.20616339449633e+02,sinkhorn_cellsim
1.121459e+01,23841,7.70294748393382e-04,2.80503346137625e-02,4.20616461278879e+02,sinkhorn_cellsim
1.122397e+01,23861,7.69017162081181e-04,2.80504080143769e-02,4.20616582887183e+02,sinkhorn_cellsim
1.123334e+01,23881,7.67886817484848e-04,2.80504745126298e-02,4.20616704300147e+02,sinkhorn_cellsim
1.124272e+01,23901,7.66918670245245e-04,2.80505352675213e-02,4.20616825535453e+02,sinkhorn_cellsim
1.125209e+01,23921,7.66155662921952e-04,2.80505913253617e-02,4.20616946604045e+02,sinkhorn_cellsim
1.126147e+01,23941,7.65436069794687e-04,2.80506436263483e-02,4.20617067510643e+02,sinkhorn_cellsim
1.127084e+01,23961,7.64743120325518e-04,2.80506930288752e-02,4.20617188253688e+02,sinkhorn_cellsim
1.128022e+01,23981,7.64097681511105e-04,2.80507403417984e-02,4.20617308824799e+02,sinkhorn_cellsim
1.128959e+01,24001,7.63395224037220e-04,2.80507863581625e-02,4.20617429207875e+02,sinkhorn_cellsim
1.129897e+01,24021,7.62596824765104e-04,2.80508318849374e-02,4.20617549378002e+02,sinkhorn_cellsim
1.130834e+01,24041,7.61977539289789e-04,2.80508777621759e-02,4.20617669300443e+02,sinkhorn_cellsim
1.131772e+01,24061,7.61431485433168e-04,2.80509248622734e-02,4.20617788930193e+02,sinkhorn_cellsim
1.132709e+01,24081,7.60772472107755e-04,2.80509740570432e-02,4.20617908212814e+02,sinkhorn_cellsim
1.133647e+01,24101,7.59975158134314e-04,2.80510261403028e-02,4.20618027087419e+02,sinkhorn_cellsim
1.134584e+01,24121,7.59015308892875e-04,2.80510817016025e-02,4.20618145492549e+02,sinkhorn_cellsim
1.135522e+01,24141,7.58059112425667e-04,2.80511409673409e-02,4.20618263374962e+02,sinkhorn_cellsim
1.136459e+01,24161,7.57090782113500e-04,2.80512036562928e-02,4.20618380699909e+02,sinkhorn_cellsim
1.137398e+01,24181,7.56068794211526e-04,2.80512689202607e-02,4.20618497459862e+02,sinkhorn_cellsim
1.138335e+01,24201,7.54972483167918e-04,2.80513354292636e-02,4.20618613678073e+02,sinkhorn_cellsim
1.139274e+01,24221,7.53981280867415e-04,2.80514016018670e-02,4.20618729404904e+02,sinkhorn_cellsim
1.140211e+01,24241,7.53053484672544e-04,2.80514659049877e-02,4.20618844708056e+02,sinkhorn_cellsim
1.141149e+01,24261,7.52042563114449e-04,2.80515271112946e-02,4.20618959660608e+02,sinkhorn_cellsim
1.142086e+01,24281,7.50964279337061e-04,2.80515844342719e-02,4.20619074331033e+02,sinkhorn_cellsim
1.143024e+01,24301,7.49987765466929e-04,2.80516375304861e-02,4.20619188777445e+02,sinkhorn_cellsim
1.143962e+01,24321,7.49034185065791e-04,2.80516864125506e-02,4.20619303045932e+02,sinkhorn_cellsim
1.144900e+01,24341,7.48054005725216e-04,2.80517313299590e-02,4.20619417171547e+02,sinkhorn_cellsim
1.145837e+01,24361,7.47034502534847e-04,2.80517726593380e-02,4.20619531180409e+02,sinkhorn_cellsim
1.146776e+01,24381,7.45985104453571e-04,2.80518108227444e-02,4.20619645091926e+02,sinkhorn_cellsim
1.147713e+01,24401,7.44914785884930e-04,2.80518462358965e-02,4.20619758920650e+02,sinkhorn_cellsim
1.148651e+01,24421,7.43831754152276e-04,2.80518792803405e-02,4.20619872677682e+02,sinkhorn_cellsim
1.149588e+01,24441,7.42743279635958e-04,2.80519102918310e-02,4.20619986371665e+02,sinkhorn_cellsim
1.150527e+01,24461,7.41655635532728e-04,2.80519395583613e-02,4.20620100009478e+02,sinkhorn_cellsim
1.151464e+01,24481,7.40574113682721e-04,2.80519673232390e-02,4.20620213596708e+02,sinkhorn_cellsim
1.152403e+01,24501,7.39503087812336e-04,2.80519937903176e-02,4.20620327137976e+02,sinkhorn_cellsim
1.153340e+01,24521,7.38446102191073e-04,2.80520191297732e-02,4.20620440637171e+02,sinkhorn_cellsim
1.154278e+01,24541,7.37405970158760e-04,2.80520434835973e-02,4.20620554097609e+02,sinkhorn_cellsim
1.155216e+01,24561,7.36384872315892e-04,2.80520669704654e-02,4.20620667522153e+02,sinkhorn_cellsim
1.156155e+01,24581,7.35384448172330e-04,2.80520896898948e-02,4.20620780913294e+02,sinkhorn_cellsim
1.157093e+01,24601,7.34405877878461e-04,2.80521117257167e-02,4.20620894273218e+02,sinkhorn_cellsim
1.158032e+01,24621,7.33449952419628e-04,2.80521331489556e-02,4.20621007603851e+02,sinkhorn_cellsim
1.158969e+01,24641,7.32517131600532e-04,2.80521540202274e-02,4.20621120906887e+02,sinkhorn_cellsim
1.159908e+01,24661,7.31607589742192e-04,2.80521743917411e-02,4.20621234183811e+02,sinkhorn_cellsim
1.160846e+01,24681,7.30721248913251e-04,2.80521943090190e-02,4.20621347435913e+02,sinkhorn_cellsim
1.161785e+01,24701,7.29857799384753e-04,2.80522138124052e-02,4.20621460664283e+02,sinkhorn_cellsim
1.162723e+01,24721,7.29016706308251e-04,2.80522329384591e-02,4.20621573869805e+02,sinkhorn_cellsim
1.163661e+01,24741,7.28197200924947e-04,2.80522517213089e-02,4.20621687053134e+02,sinkhorn_cellsim
1.164598e+01,24761,7.27398253442032e-04,2.80522701940553e-02,4.20621800214658e+02,sinkhorn_cellsim
1.165537e+01,24781,7.26623694890033e-04,2.80522883903278e-02,4.20621913354438e+02,sinkhorn_cellsim
1.166475e+01,24801,7.25891817755655e-04,2.80523063461176e-02,4.20622026472123e+02,sinkhorn_cellsim
1.167414e+01,24821,7.25178150713553e-04,2.80523241020342e-02,4.20622139566826e+02,sinkhorn_cellsim
1.168352e+01,24841,7.24486805350023e-04,2.80523417061954e-02,4.20622252636957e+02,sinkhorn_cellsim
1.169291e+01,24861,7.23810508911876e-04,2.80523592179970e-02,4.20622365679979e+02,sinkhorn_cellsim
1.170228e+01,24881,7.23137071763990e-04,2.80523767130980e-02,4.20622478692084e+02,sinkhorn_cellsim
1.171167e+01,24901,7.22469940527241e-04,2.80523942900511e-02,4.20622591667741e+02,sinkhorn_cellsim
1.172105e+01,24921,7.21836510496447e-04,2.80524120790838e-02,4.20622704599088e+02,sinkhorn_cellsim
1.173045e+01,24941,7.21179150921330e-04,2.80524302536577e-02,4.20622817475113e+02,sinkhorn_cellsim
1.173982e+01,24961,7.20479301848148e-04,2.80524490454325e-02,4.20622930280566e+02,sinkhorn_cellsim
1.174921e+01,24981,7.19715396833843e-04,2.80524687631723e-02,4.20623042994538e+02,sinkhorn_cellsim
1.175859e+01,25001,7.18858889037775e-04,2.80524898157029e-02,4.20623155588663e+02,sinkhorn_cellsim
1.176797e+01,25021,7.17873912531574e-04,2.80525127380313e-02,4.20623268024905e+02,sinkhorn_cellsim
1.177735e+01,25041,7.16731927978126e-04,2.80525382177623e-02,4.20623380253012e+02,sinkhorn_cellsim
1.178674e+01,25061,7.15368252321709e-04,2.80525671154846e-02,4.20623492207851e+02,sinkhorn_cellsim
1.179612e+01,25081,7.13719108583077e-04,2.80526004675688e-02,4.20623603807129e+02,sinkhorn_cellsim
1.180551e+01,25101,7.11713397563940e-04,2.80526394533253e-02,4.20623714950403e+02,sinkhorn_cellsim
1.181489e+01,25121,7.09482694505929e-04,2.80526853032930e-02,4.20623825520713e+02,sinkhorn_cellsim
1.182427e+01,25141,7.07227784600902e-04,2.80527391274996e-02,4.20623935390448e+02,sinkhorn_cellsim
1.183366e+01,25161,7.04956861078030e-04,2.80528016606049e-02,4.20624044432697e+02,sinkhorn_cellsim
1.184304e+01,25181,7.02594237943210e-04,2.80528729608504e-02,4.20624152537926e+02,sinkhorn_cellsim
1.185242e+01,25201,6.99824281348243e-04,2.80529521529065e-02,4.20624259633221e+02,sinkhorn_cellsim
1.186181e+01,25221,6.96745298796655e-04,2.80530373383951e-02,4.20624365698700e+02,sinkhorn_cellsim
1.187118e+01,25241,6.93430438829011e-04,2.80531257691195e-02,4.20624470774790e+02,sinkhorn_cellsim
1.188057e+01,25261,6.90039832746370e-04,2.80532142752189e-02,4.20624574956615e+02,sinkhorn_cellsim
1.188996e+01,25281,6.86591327851552e-04,2.80532998157062e-02,4.20624678376878e+02,sinkhorn_cellsim
1.189934e+01,25301,6.83152699708356e-04,2.80533799585822e-02,4.20624781183286e+02,sinkhorn_cellsim
1.190872e+01,25321,6.79828236808713e-04,2.80534531453311e-02,4.20624883517876e+02,sinkhorn_cellsim
1.191811e+01,25341,6.76715961002773e-04,2.80535187089866e-02,4.20624985503180e+02,sinkhorn_cellsim
1.192749e+01,25361,6.73866044826622e-04,2.80535767142339e-02,4.20625087236347e+02,sinkhorn_cellsim
1.193688e+01,25381,6.71293120450914e-04,2.80536277233463e-02,4.20625188789428e+02,sinkhorn_cellsim
1.194625e+01,25401,6.68966234352359e-04,2.80536725713000e-02,4.20625290213085e+02,sinkhorn_cellsim
1.195564e+01,25421,6.66897773775531e-04,2.80537121927374e-02,4.20625391541378e+02,sinkhorn_cellsim
1.196502e+01,25441,6.65013397615738e-04,2.80537475096686e-02,4.20625492796225e+02,sinkhorn_cellsim
1.197440e+01,25461,6.63301460697233e-04,2.80537793707446e-02,4.20625593990931e+02,sinkhorn_cellsim
1.198378e+01,25481,6.61760780431101e-04,2.80538085274293e-02,4.20625695132698e+02,sinkhorn_cellsim
1.199316e+01,25501,6.60378444937282e-04,2.80538356336392e-02,4.20625796224223e+02,sinkhorn_cellsim
1.200254e+01,25521,6.59122941860628e-04,2.80538612589460e-02,4.20625897264588e+02,sinkhorn_cellsim
1.201193e+01,25541,6.57955021100569e-04,2.80538859089851e-02,4.20625998249591e+02,sinkhorn_cellsim
1.202131e+01,25561,6.56891387954961e-04,2.80539100494300e-02,4.20626099171633e+02,sinkhorn_cellsim
1.203070e+01,25581,6.55863562894969e-04,2.80539341316312e-02,4.20626200019246e+02,sinkhorn_cellsim
1.204007e+01,25601,6.54863131850484e-04,2.80539586188440e-02,4.20626300776299e+02,sinkhorn_cellsim
1.204946e+01,25621,6.53855143387945e-04,2.80539840119168e-02,4.20626401420938e+02,sinkhorn_cellsim
1.205883e+01,25641,6.52764322366413e-04,2.80540108722909e-02,4.20626501924353e+02,sinkhorn_cellsim
1.206822e+01,25661,6.51583196509217e-04,2.80540398380160e-02,4.20626602249558e+02,sinkhorn_cellsim
1.207760e+01,25681,6.50262530997543e-04,2.80540716251741e-02,4.20626702350539e+02,sinkhorn_cellsim
1.208698e+01,25701,6.48718559973899e-04,2.80541070032176e-02,4.20626802172356e+02,sinkhorn_cellsim
1.209636e+01,25721,6.46907319565826e-04,2.80541467302650e-02,4.20626901653004e+02,sinkhorn_cellsim
1.210575e+01,25741,6.44793226634799e-04,2.80541914377487e-02,4.20627000727898e+02,sinkhorn_cellsim
1.211513e+01,25761,6.42360408159270e-04,2.80542414687098e-02,4.20627099337424e+02,sinkhorn_cellsim
1.212452e+01,25781,6.39718865630594e-04,2.80542967031737e-02,4.20627197436877e+02,sinkhorn_cellsim
1.213391e+01,25801,6.36936508476731e-04,2.80543564377155e-02,4.20627295006398e+02,sinkhorn_cellsim
1.214329e+01,25821,6.34311902869079e-04,2.80544193979323e-02,4.20627392057186e+02,sinkhorn_cellsim
1.215267e+01,25841,6.31823933127262e-04,2.80544839239808e-02,4.20627488630670e+02,sinkhorn_cellsim
1.216205e+01,25861,6.29494666533498e-04,2.80545482863818e-02,4.20627584790116e+02,sinkhorn_cellsim
1.217143e+01,25881,6.27280999374589e-04,2.80546110163353e-02,4.20627680607701e+02,sinkhorn_cellsim
1.218082e+01,25901,6.25129430067143e-04,2.80546711307409e-02,4.20627776151956e+02,sinkhorn_cellsim
1.219019e+01,25921,6.22972088398712e-04,2.80547281979292e-02,4.20627871479323e+02,sinkhorn_cellsim
1.219958e+01,25941,6.20829488490911e-04,2.80547822698217e-02,4.20627966630822e+02,sinkhorn_cellsim
1.220896e+01,25961,6.18714820999095e-04,2.80548337476991e-02,4.20628061632581e+02,sinkhorn_cellsim
1.221834e+01,25981,6.16931560268642e-04,2.80548832444582e-02,4.20628156498229e+02,sinkhorn_cellsim
1.222771e+01,26001,6.15281260317835e-04,2.80549314796720e-02,4.20628251231541e+02,sinkhorn_cellsim
1.223710e+01,26021,6.13662473278504e-04,2.80549792182027e-02,4.20628345828481e+02,sinkhorn_cellsim
1.224646e+01,26041,6.12277654233646e-04,2.80550272479480e-02,4.20628440278347e+02,sinkhorn_cellsim
1.225585e+01,26061,6.11065007328092e-04,2.80550763862806e-02,4.20628534564042e+02,sinkhorn_cellsim
1.226522e+01,26081,6.09892446228138e-04,2.80551275032436e-02,4.20628628661672e+02,sinkhorn_cellsim
1.227461e+01,26101,6.08774457443002e-04,2.80551815485302e-02,4.20628722539714e+02,sinkhorn_cellsim
1.228399e+01,26121,6.07643505369801e-04,2.80552395664018e-02,4.20628816158144e+02,sinkhorn_cellsim
1.229336e+01,26141,6.06490622621978e-04,2.80553026775026e-02,4.20628909468075e+02,sinkhorn_cellsim
1.230275e+01,26161,6.05228496240525e-04,2.80553720012632e-02,4.20629002412723e+02,sinkhorn_cellsim
1.231213e+01,26181,6.03756227563354e-04,2.80554484934151e-02,4.20629094930642e+02,sinkhorn_cellsim
1.232150e+01,26201,6.01988539706381e-04,2.80555326908152e-02,4.20629186962056e+02,sinkhorn_cellsim
1.233089e+01,26221,5.99927364581117e-04,2.80556243999412e-02,4.20629278458226e+02,sinkhorn_cellsim
1.234026e+01,26241,5.97624973111880e-04,2.80557224302247e-02,4.20629369392213e+02,sinkhorn_cellsim
1.234965e+01,26261,5.95168317467751e-04,2.80558245203731e-02,4.20629459767581e+02,sinkhorn_cellsim
1.235902e+01,26281,5.92778307033095e-04,2.80559275741901e-02,4.20629549621034e+02,sinkhorn_cellsim
1.236840e+01,26301,5.90664652748976e-04,2.80560281881735e-02,4.20629639016888e+02,sinkhorn_cellsim
1.237777e+01,26321,5.88645871462638e-04,2.80561232891275e-02,4.20629728035103e+02,sinkhorn_cellsim
1.238716e+01,26341,5.86725538456267e-04,2.80562106356251e-02,4.20629816757553e+02,sinkhorn_cellsim
1.239653e+01,26361,5.85028135080336e-04,2.80562890263925e-02,4.20629905257322e+02,sinkhorn_cellsim
1.240591e+01,26381,5.83471114019025e-04,2.80563582203447e-02,4.20629993593268e+02,sinkhorn_cellsim
1.241529e+01,26401,5.82070567669367e-04,2.80564186851216e-02,4.20630081809319e+02,sinkhorn_cellsim
1.242468e+01,26421,5.80829145049360e-04,2.80564713064028e-02,4.20630169936590e+02,sinkhorn_cellsim
1.243406e+01,26441,5.79772511226850e-04,2.80565171437894e-02,4.20630257996450e+02,sinkhorn_cellsim
1.244344e+01,26461,5.78923266984203e-04,2.80565572638924e-02,4.20630346003421e+02,sinkhorn_cellsim
1.245282e+01,26481,5.78394237938863e-04,2.80565926454916e-02,4.20630433967428e+02,sinkhorn_cellsim
1.246220e+01,26501,5.78036722900292e-04,2.80566241376007e-02,4.20630521895399e+02,sinkhorn_cellsim
1.247158e+01,26521,5.77759134090606e-04,2.80566524505664e-02,4.20630609792314e+02,sinkhorn_cellsim
1.248096e+01,26541,5.77542803954210e-04,2.80566781649376e-02,4.20630697661874e+02,sinkhorn_cellsim
1.249033e+01,26561,5.77373276409376e-04,2.80567017481305e-02,4.20630785506930e+02,sinkhorn_cellsim
1.249971e+01,26581,5.77239483739950e-04,2.80567235731117e-02,4.20630873329741e+02,sinkhorn_cellsim
1.250908e+01,26601,5.77136152666898e-04,2.80567439361310e-02,4.20630961132144e+02,sinkhorn_cellsim
1.251846e+01,26621,5.77134454328227e-04,2.80567630722337e-02,4.20631048915667e+02,sinkhorn_cellsim
1.252784e+01,26641,5.77132726124215e-04,2.80567811682047e-02,4.20631136681598e+02,sinkhorn_cellsim
1.253722e+01,26661,5.77130943194121e-04,2.80567983730650e-02,4.20631224431036e+02,sinkhorn_cellsim
1.254660e+01,26681,5.77129071619834e-04,2.80568148064228e-02,4.20631312164926e+02,sinkhorn_cellsim
1.255599e+01,26701,5.77127064908492e-04,2.80568305650551e-02,4.20631399884085e+02,sinkhorn_cellsim
1.256536e+01,26721,5.77124859230791e-04,2.80568457280630e-02,4.20631487589215e+02,sinkhorn_cellsim
1.257474e+01,26741,5.77122366767236e-04,2.80568603609180e-02,4.20631575280916e+02,sinkhorn_cellsim
1.258412e+01,26761,5.77119466553210e-04,2.80568745186586e-02,4.20631662959689e+02,sinkhorn_cellsim
1.259351e+01,26781,5.77115991845760e-04,2.80568882484613e-02,4.20631750625933e+02,sinkhorn_cellsim
1.260288e+01,26801,5.77111712637035e-04,2.80569015917701e-02,4.20631838279939e+02,sinkhorn_cellsim
1.261226e+01,26821,5.77106311566830e-04,2.80569145861415e-02,4.20631925921869e+02,sinkhorn_cellsim
1.262163e+01,26841,5.77099350696835e-04,2.80569272669509e-02,4.20632013551732e+02,sinkhorn_cellsim
1.263102e+01,26861,5.77090225681296e-04,2.80569396691001e-02,4.20632101169344e+02,sinkhorn_cellsim
1.264040e+01,26881,5.77078102748427e-04,2.80569518288672e-02,4.20632188774264e+02,sinkhorn_cellsim
1.264979e+01,26901,5.77061832051927e-04,2.80569637860643e-02,4.20632276365716e+02,sinkhorn_cellsim
1.265916e+01,26921,5.77039828916546e-04,2.80569755867016e-02,4.20632363942471e+02,sinkhorn_cellsim
1.266854e+01,26941,5.77009911496310e-04,2.80569872863929e-02,4.20632451502684e+02,sinkhorn_cellsim
1.267791e+01,26961,5.76969079918373e-04,2.80569989548122e-02,4.20632539043679e+02,sinkhorn_cellsim
1.268729e+01,26981,5.76913217684907e-04,2.80570106815766e-02,4.20632626561642e+02,sinkhorn_cellsim
1.269667e+01,27001,5.76836691490431e-04,2.80570225840208e-02,4.20632714051216e+02,sinkhorn_cellsim
1.270605e+01,27021,5.76731821737551e-04,2.80570348174025e-02,4.20632801504954e+02,sinkhorn_cellsim
1.271544e+01,27041,5.76588194798506e-04,2.80570475880903e-02,4.20632888912594e+02,sinkhorn_cellsim
1.272482e+01,27061,5.76391793888916e-04,2.80570611701884e-02,4.20632976260121e+02,sinkhorn_cellsim
1.273420e+01,27081,5.76123946352935e-04,2.80570759256456e-02,4.20633063528573e+02,sinkhorn_cellsim
1.274358e+01,27101,5.75760134407068e-04,2.80570923269698e-02,4.20633150692599e+02,sinkhorn_cellsim
1.275296e+01,27121,5.75268814504960e-04,2.80571109798151e-02,4.20633237718818e+02,sinkhorn_cellsim
1.276234e+01,27141,5.74610562194035e-04,2.80571326394483e-02,4.20633324564155e+02,sinkhorn_cellsim
1.277171e+01,27161,5.73738123193179e-04,2.80571582101080e-02,4.20633411174525e+02,sinkhorn_cellsim
1.278109e+01,27181,5.72598283591111e-04,2.80571887099583e-02,4.20633497484543e+02,sinkhorn_cellsim
1.279047e+01,27201,5.71136745188464e-04,2.80572251791136e-02,4.20633583419219e+02,sinkhorn_cellsim
1.279985e+01,27221,5.69307090911096e-04,2.80572685100021e-02,4.20633668898777e+02,sinkhorn_cellsim
1.280923e+01,27241,5.67083952974224e-04,2.80573191975411e-02,4.20633753847405e+02,sinkhorn_cellsim
1.281861e+01,27261,5.64478264498540e-04,2.80573770486054e-02,4.20633838205506e+02,sinkhorn_cellsim
1.282798e+01,27281,5.61549431572971e-04,2.80574409479207e-02,4.20633921942934e+02,sinkhorn_cellsim
1.283736e+01,27301,5.58407383784968e-04,2.80575088139325e-02,4.20634005068684e+02,sinkhorn_cellsim
1.284674e+01,27321,5.55199537190112e-04,2.80575778408107e-02,4.20634087632309e+02,sinkhorn_cellsim
1.285613e+01,27341,5.52084439533964e-04,2.80576449970519e-02,4.20634169715273e+02,sinkhorn_cellsim
1.286551e+01,27361,5.49201413605706e-04,2.80577076074448e-02,4.20634251415170e+02,sinkhorn_cellsim
1.287489e+01,27381,5.46647875680586e-04,2.80577637959845e-02,4.20634332828930e+02,sinkhorn_cellsim
1.288426e+01,27401,5.44471188469725e-04,2.80578126536257e-02,4.20634414040532e+02,sinkhorn_cellsim
1.289365e+01,27421,5.42674123627288e-04,2.80578541415900e-02,4.20634495115410e+02,sinkhorn_cellsim
1.290302e+01,27441,5.41227935814886e-04,2.80578888413118e-02,4.20634576100475e+02,sinkhorn_cellsim
1.291240e+01,27461,5.40086640858197e-04,2.80579176750318e-02,4.20634657027234e+02,sinkhorn_cellsim
1.292178e+01,27481,5.39198522923390e-04,2.80579416772204e-02,4.20634737915799e+02,sinkhorn_cellsim
1.293116e+01,27501,5.38513612982627e-04,2.80579618445934e-02,4.20634818778475e+02,sinkhorn_cellsim
1.294053e+01,27521,5.37987578814057e-04,2.80579790580180e-02,4.20634899622470e+02,sinkhorn_cellsim
1.294991e+01,27541,5.37583082422214e-04,2.80579940561175e-02,4.20634980451729e+02,sinkhorn_cellsim
1.295929e+01,27561,5.37269629015523e-04,2.80580074401264e-02,4.20635061268057e+02,sinkhorn_cellsim
1.296867e+01,27581,5.37022657918300e-04,2.80580196946972e-02,4.20635142071762e+02,sinkhorn_cellsim
1.297805e+01,27601,5.36822337732750e-04,2.80580312151442e-02,4.20635222861939e+02,sinkhorn_cellsim
1.298743e+01,27621,5.36699444521049e-04,2.80580423361769e-02,4.20635303636527e+02,sinkhorn_cellsim
1.299680e+01,27641,5.36646192169730e-04,2.80580533602354e-02,4.20635384392169e+02,sinkhorn_cellsim
1.300618e+01,27661,5.36573229871468e-04,2.80580645853284e-02,4.20635465123917e+02,sinkhorn_cellsim
1.301556e+01,27681,5.36473263436517e-04,2.80580763332637e-02,4.20635545824763e+02,sinkhorn_cellsim
1.302494e+01,27701,5.36336413099241e-04,2.80580889795241e-02,4.20635626484986e+02,sinkhorn_cellsim
1.303432e+01,27721,5.36149398039721e-04,2.80581029859652e-02,4.20635707091286e+02,sinkhorn_cellsim
1.304370e+01,27741,5.35894553107143e-04,2.80581189368343e-02,4.20635787625676e+02,sinkhorn_cellsim
1.305308e+01,27761,5.35548725904596e-04,2.80581375770393e-02,4.20635868064139e+02,sinkhorn_cellsim
1.306246e+01,27781,5.35082196381379e-04,2.80581598485837e-02,4.20635948375105e+02,sinkhorn_cellsim
1.307184e+01,27801,5.34457924008864e-04,2.80581869159290e-02,4.20636028517921e+02,sinkhorn_cellsim
1.308122e+01,27821,5.33631674725699e-04,2.80582201632898e-02,4.20636108441671e+02,sinkhorn_cellsim
1.309060e+01,27841,5.32553884995794e-04,2.80582611373695e-02,4.20636188084970e+02,sinkhorn_cellsim
1.309998e+01,27861,5.31250961739748e-04,2.80583114017320e-02,4.20636267377638e+02,sinkhorn_cellsim
1.310935e+01,27881,5.30411087957535e-04,2.80583722731787e-02,4.20636346245285e+02,sinkhorn_cellsim
1.311873e+01,27901,5.29617607894598e-04,2.80584444403463e-02,4.20636424617477e+02,sinkhorn_cellsim
1.312812e+01,27921,5.28758443705994e-04,2.80585275300676e-02,4.20636502439012e+02,sinkhorn_cellsim
1.313750e+01,27941,5.27800403452276e-04,2.80586197724653e-02,4.20636579681894e+02,sinkhorn_cellsim
1.314688e+01,27961,5.26771348801175e-04,2.80587179630050e-02,4.20636656353815e+02,sinkhorn_cellsim
1.315626e+01,27981,5.25704240013500e-04,2.80588178522597e-02,4.20636732498994e+02,sinkhorn_cellsim
1.316564e+01,28001,5.24516876624883e-04,2.80589149003607e-02,4.20636808190019e+02,sinkhorn_cellsim
1.317502e+01,28021,5.23266803369338e-04,2.80590051279098e-02,4.20636883513560e+02,sinkhorn_cellsim
1.318440e+01,28041,5.21926005574925e-04,2.80590857416331e-02,4.20636958555536e+02,sinkhorn_cellsim
1.319379e+01,28061,5.20525114138501e-04,2.80591553543646e-02,4.20637033390491e+02,sinkhorn_cellsim
1.320317e+01,28081,5.19160731784836e-04,2.80592138320943e-02,4.20637108076917e+02,sinkhorn_cellsim
1.321255e+01,28101,5.17798295218303e-04,2.80592619342081e-02,4.20637182657374e+02,sinkhorn_cellsim
1.322193e+01,28121,5.16476149486003e-04,2.80593009204385e-02,4.20637257161205e+02,sinkhorn_cellsim
1.323132e+01,28141,5.15196567468783e-04,2.80593322315955e-02,4.20637331607903e+02,sinkhorn_cellsim
1.324069e+01,28161,5.13945803466404e-04,2.80593572785684e-02,4.20637406010095e+02,sinkhorn_cellsim
1.325008e+01,28181,5.12736972566796e-04,2.80593773288381e-02,4.20637480375741e+02,sinkhorn_cellsim
1.325945e+01,28201,5.11563416217778e-04,2.80593934629589e-02,4.20637554709595e+02,sinkhorn_cellsim
1.326883e+01,28221,5.10428262747064e-04,2.80594065737728e-02,4.20637629014070e+02,sinkhorn_cellsim
1.327821e+01,28241,5.09331745008158e-04,2.80594173879714e-02,4.20637703289665e+02,sinkhorn_cellsim
1.328760e+01,28261,5.08274573287089e-04,2.80594264970602e-02,4.20637777535084e+02,sinkhorn_cellsim
1.329697e+01,28281,5.07255827253022e-04,2.80594343905924e-02,4.20637851747105e+02,sinkhorn_cellsim
1.330635e+01,28301,5.06254243599755e-04,2.80594414883392e-02,4.20637925920239e+02,sinkhorn_cellsim
1.331573e+01,28321,5.05259612635339e-04,2.80594481702590e-02,4.20638000046184e+02,sinkhorn_cellsim
1.332513e+01,28341,5.04264362627784e-04,2.80594548041058e-02,4.20638074113067e+02,sinkhorn_cellsim
1.333452e+01,28361,5.03248501629500e-04,2.80594617706197e-02,4.20638148104471e+02,sinkhorn_cellsim
1.334390e+01,28381,5.02194564663410e-04,2.80594694854809e-02,4.20638221998290e+02,sinkhorn_cellsim
1.335327e+01,28401,5.01078181827423e-04,2.80594784155979e-02,4.20638295765484e+02,sinkhorn_cellsim
1.336265e+01,28421,4.99869156612868e-04,2.80594890846871e-02,4.20638369368978e+02,sinkhorn_cellsim
1.337204e+01,28441,4.98528079581969e-04,2.80595020597976e-02,4.20638442763100e+02,sinkhorn_cellsim
1.338141e+01,28461,4.97007057731620e-04,2.80595179076678e-02,4.20638515894196e+02,sinkhorn_cellsim
1.339079e+01,28481,4.95430802756918e-04,2.80595371106089e-02,4.20638588703227e+02,sinkhorn_cellsim
1.340018e+01,28501,4.93941567966507e-04,2.80595599409427e-02,4.20638661131079e+02,sinkhorn_cellsim
1.340956e+01,28521,4.92273076094020e-04,2.80595863148649e-02,4.20638733126669e+02,sinkhorn_cellsim
1.341894e+01,28541,4.90652856157137e-04,2.80596156768775e-02,4.20638804656617e+02,sinkhorn_cellsim
1.342832e+01,28561,4.88996301319968e-04,2.80596469850393e-02,4.20638875713692e+02,sinkhorn_cellsim
1.343770e+01,28581,4.87240277737629e-04,2.80596788464680e-02,4.20638946320504e+02,sinkhorn_cellsim
1.344709e+01,28601,4.85432225010538e-04,2.80597097834719e-02,4.20639016526203e+02,sinkhorn_cellsim
1.345647e+01,28621,4.83583132103094e-04,2.80597385330850e-02,4.20639086397002e+02,sinkhorn_cellsim
1.346584e+01,28641,4.81762453318748e-04,2.80597642602307e-02,4.20639156004189e+02,sinkhorn_cellsim
1.347522e+01,28661,4.80029636841423e-04,2.80597866184854e-02,4.20639225413883e+02,sinkhorn_cellsim
1.348460e+01,28681,4.78381304813322e-04,2.80598056755130e-02,4.20639294681033e+02,sinkhorn_cellsim
1.349398e+01,28701,4.76799095843634e-04,2.80598217707453e-02,4.20639363847694e+02,sinkhorn_cellsim
1.350336e+01,28721,4.75330733898732e-04,2.80598353719341e-02,4.20639432944187e+02,sinkhorn_cellsim
1.351274e+01,28741,4.74019670502159e-04,2.80598469677374e-02,4.20639501991505e+02,sinkhorn_cellsim
1.352212e+01,28761,4.72795421109446e-04,2.80598570042009e-02,4.20639571003834e+02,sinkhorn_cellsim
1.353151e+01,28781,4.71733813075006e-04,2.80598658567494e-02,4.20639639990668e+02,sinkhorn_cellsim
1.354088e+01,28801,4.70756094598299e-04,2.80598738249286e-02,4.20639708958367e+02,sinkhorn_cellsim
1.355027e+01,28821,4.69848876841117e-04,2.80598811390610e-02,4.20639777911238e+02,sinkhorn_cellsim
1.355965e+01,28841,4.69026586518247e-04,2.80598879715773e-02,4.20639846852253e+02,sinkhorn_cellsim
1.356903e+01,28861,4.68269720139825e-04,2.80598944490078e-02,4.20639915783508e+02,sinkhorn_cellsim
1.357841e+01,28881,4.67570805608455e-04,2.80599006627306e-02,4.20639984706521e+02,sinkhorn_cellsim
1.358779e+01,28901,4.66936604605811e-04,2.80599066778510e-02,4.20640053622424e+02,sinkhorn_cellsim
1.359717e+01,28921,4.66365762702099e-04,2.80599125401757e-02,4.20640122532083e+02,sinkhorn_cellsim
1.360655e+01,28941,4.65890086916568e-04,2.80599182815316e-02,4.20640191436177e+02,sinkhorn_cellsim
1.361593e+01,28961,4.65480593086693e-04,2.80599239237354e-02,4.20640260335253e+02,sinkhorn_cellsim
1.362532e+01,28981,4.65135556856284e-04,2.80599294815129e-02,4.20640329229762e+02,sinkhorn_cellsim
1.363471e+01,29001,4.64858207453275e-04,2.80599349646278e-02,4.20640398120081e+02,sinkhorn_cellsim
1.364409e+01,29021,4.64623351869083e-04,2.80599403794112e-02,4.20640467006530e+02,sinkhorn_cellsim
1.365347e+01,29041,4.64425300198378e-04,2.80599457298619e-02,4.20640535889387e+02,sinkhorn_cellsim
1.366285e+01,29061,4.64325609505551e-04,2.80599510184242e-02,4.20640604768892e+02,sinkhorn_cellsim
1.367223e+01,29081,4.64286177916642e-04,2.80599562465360e-02,4.20640673645259e+02,sinkhorn_cellsim
1.368161e+01,29101,4.64250691774276e-04,2.80599614150115e-02,4.20640742518676e+02,sinkhorn_cellsim
1.369099e+01,29121,4.64218177626378e-04,2.80599665243012e-02,4.20640811389312e+02,sinkhorn_cellsim
1.370037e+01,29141,4.64206484206899e-04,2.80599715746726e-02,4.20640880257319e+02,sinkhorn_cellsim
1.370974e+01,29161,4.64200314903615e-04,2.80599765663226e-02,4.20640949122833e+02,sinkhorn_cellsim
1.371913e+01,29181,4.64193961926852e-04,2.80599814994559e-02,4.20641017985979e+02,sinkhorn_cellsim
1.372851e+01,29201,4.64187419746926e-04,2.80599863743259e-02,4.20641086846868e+02,sinkhorn_cellsim
1.373789e+01,29221,4.64180682656621e-04,2.80599911912625e-02,4.20641155705604e+02,sinkhorn_cellsim
1.374727e+01,29241,4.64173744799165e-04,2.80599959506813e-02,4.20641224562279e+02,sinkhorn_cellsim
1.375665e+01,29261,4.64166600140291e-04,2.80600006530859e-02,4.20641293416980e+02,sinkhorn_cellsim
1.376603e+01,29281,4.64159242456021e-04,2.80600052990652e-02,4.20641362269786e+02,sinkhorn_cellsim
1.377541e+01,29301,4.64151665356141e-04,2.80600098892857e-02,4.20641431120767e+02,sinkhorn_cellsim
1.378479e+01,29321,4.64143862252316e-04,2.80600144244822e-02,4.20641499969990e+02,sinkhorn_cellsim
1.379417e+01,29341,4.64135826360059e-04,2.80600189054495e-02,4.20641568817517e+02,sinkhorn_cellsim
1.380354e+01,29361,4.64127550675451e-04,2.80600233330330e-02,4.20641637663402e+02,sinkhorn_cellsim
1.381293e+01,29381,4.64119027992459e-04,2.80600277081180e-02,4.20641706507697e+02,sinkhorn_cellsim
1.382231e+01,29401,4.64110250858133e-04,2.80600320316237e-02,4.20641775350450e+02,sinkhorn_cellsim
1.383169e+01,29421,4.64101211570736e-04,2.80600363044945e-02,4.20641844191703e+02,sinkhorn_cellsim
1.384106e+01,29441,4.64091902148566e-04,2.80600405276927e-02,4.20641913031497e+02,sinkhorn_cellsim
1.385045e+01,29461,4.64082314315501e-04,2.80600447021951e-02,4.20641981869868e+02,sinkhorn_cellsim
1.385982e+01,29481,4.64072439443253e-04,2.80600488289857e-02,4.20642050706849e+02,sinkhorn_cellsim
1.386921e+01,29501,4.64062268495718e-04,2.80600529090557e-02,4.20642119542472e+02,sinkhorn_cellsim
1.387859e+01,29521,4.64051791987314e-04,2.80600569433968e-02,4.20642188376763e+02,sinkhorn_cellsim
1.388797e+01,29541,4.64040999847005e-04,2.80600609330038e-02,4.20642257209747e+02,sinkhorn_cellsim
1.389735e+01,29561,4.64029881305326e-04,2.80600648788723e-02,4.20642326041447e+02,sinkhorn_cellsim
1.390673e+01,29581,4.64018424721383e-04,2.80600687820008e-02,4.20642394871882e+02,sinkhorn_cellsim
1.391612e+01,29601,4.64006617318324e-04,2.80600726433935e-02,4.20642463701068e+02,sinkhorn_cellsim
1.392550e+01,29621,4.63994444851971e-04,2.80600764640667e-02,4.20642532529020e+02,sinkhorn_cellsim
1.393488e+01,29641,4.63981891151378e-04,2.80600802450557e-02,4.20642601355746e+02,sinkhorn_cellsim
1.394426e+01,29661,4.63968937448786e-04,2.80600839874297e-02,4.20642670181254e+02,sinkhorn_cellsim
1.395364e+01,29681,4.63955561524058e-04,2.80600876923056e-02,4.20642739005544e+02,sinkhorn_cellsim
1.396302e+01,29701,4.63941736451026e-04,2.80600913608769e-02,4.20642807828611e+02,sinkhorn_cellsim
1.397240e+01,29721,4.63927428935310e-04,2.80600949944443e-02,4.20642876650445e+02,sinkhorn_cellsim
1.398178e+01,29741,4.63912596968612e-04,2.80600985944661e-02,4.20642945471022e+02,sinkhorn_cellsim
1.399115e+01,29761,4.63897186612161e-04,2.80601021626232e-02,4.20643014290308e+02,sinkhorn_cellsim
1.400053e+01,29781,4.63881127569005e-04,2.80601057009098e-02,4.20643083108252e+02,sinkhorn_cellsim
1.400991e+01,29801,4.63864327055588e-04,2.80601092117598e-02,4.20643151924778e+02,sinkhorn_cellsim
1.401929e+01,29821,4.63846661343001e-04,2.80601126982211e-02,4.20643220739780e+02,sinkhorn_cellsim
1.402867e+01,29841,4.63827964100460e-04,2.80601161641954e-02,4.20643289553107e+02,sinkhorn_cellsim
1.403805e+01,29861,4.63808010323404e-04,2.80601196147669e-02,4.20643358364552e+02,sinkhorn_cellsim
1.404744e+01,29881,4.63786494140125e-04,2.80601230566617e-02,4.20643427173824e+02,sinkhorn_cellsim
1.405682e+01,29901,4.63762998299136e-04,2.80601264988718e-02,4.20643495980522e+02,sinkhorn_cellsim
1.406620e+01,29921,4.63736952149328e-04,2.80601299535200e-02,4.20643564784092e+02,sinkhorn_cellsim
1.407559e+01,29941,4.63707573921182e-04,2.80601334370455e-02,4.20643633583768e+02,sinkhorn_cellsim
1.408497e+01,29961,4.63673791580924e-04,2.80601369718303e-02,4.20643702378497e+02,sinkhorn_cellsim
1.409435e+01,29981,4.63634134685899e-04,2.80601405884172e-02,4.20643771166824e+02,sinkhorn_cellsim
1.410373e+01,30001,4.63586587082445e-04,2.80601443285355e-02,4.20643839946751e+02,sinkhorn_cellsim
1.411312e+01,30021,4.63528387556369e-04,2.80601482491900e-02,4.20643908715530e+02,sinkhorn_cellsim
1.412250e+01,30041,4.63455762156221e-04,2.80601524281468e-02,4.20643977469394e+02,sinkhorn_cellsim
1.413188e+01,30061,4.63363568809177e-04,2.80601569712149e-02,4.20644046203186e+02,sinkhorn_cellsim
1.414126e+01,30081,4.63244833405565e-04,2.80601620217335e-02,4.20644114909879e+02,sinkhorn_cellsim
1.415064e+01,30101,4.63090158714497e-04,2.80601677726374e-02,4.20644183579933e+02,sinkhorn_cellsim
1.416002e+01,30121,4.62886998897113e-04,2.80601744812199e-02,4.20644252200495e+02,sinkhorn_cellsim
1.416940e+01,30141,4.62618820698555e-04,2.80601824861133e-02,4.20644320754394e+02,sinkhorn_cellsim
1.417878e+01,30161,4.62264231283768e-04,2.80601922247710e-02,4.20644389218993e+02,sinkhorn_cellsim
1.418816e+01,30181,4.61796258914614e-04,2.80602042475238e-02,4.20644457564959e+02,sinkhorn_cellsim
1.419753e+01,30201,4.61182142244353e-04,2.80602192207898e-02,4.20644525755200e+02,sinkhorn_cellsim
1.420691e+01,30221,4.60384212047439e-04,2.80602379073819e-02,4.20644593744362e+02,sinkhorn_cellsim
1.421629e+01,30241,4.59483453478385e-04,2.80602611075294e-02,4.20644661479530e+02,sinkhorn_cellsim
1.422567e+01,30261,4.58714264922273e-04,2.80602895439949e-02,4.20644728902929e+02,sinkhorn_cellsim
1.423505e+01,30281,4.58353074633800e-04,2.80603236852542e-02,4.20644795957331e+02,sinkhorn_cellsim
1.424443e+01,30301,4.58184057851530e-04,2.80603635284795e-02,4.20644862594208e+02,sinkhorn_cellsim
1.425380e+01,30321,4.58075524461524e-04,2.80604084062850e-02,4.20644928783330e+02,sinkhorn_cellsim
1.426318e+01,30341,4.57949070104846e-04,2.80604569146301e-02,4.20644994520954e+02,sinkhorn_cellsim
1.427256e+01,30361,4.57803852731404e-04,2.80605070447429e-02,4.20645059833081e+02,sinkhorn_cellsim
1.429187e+01,30381,4.57639954787142e-04,2.80605565193002e-02,4.20645124771604e+02,sinkhorn_cellsim
1.430130e+01,30401,4.57458376312547e-04,2.80606032226981e-02,4.20645189404342e+02,sinkhorn_cellsim
1.431069e+01,30421,4.57260848623838e-04,2.80606455608097e-02,4.20645253802761e+02,sinkhorn_cellsim
1.432006e+01,30441,4.57049536443756e-04,2.80606826324794e-02,4.20645318031737e+02,sinkhorn_cellsim
1.432944e+01,30461,4.56826725406714e-04,2.80607142003946e-02,4.20645382143797e+02,sinkhorn_cellsim
1.433881e+01,30481,4.56594572497436e-04,2.80607405318696e-02,4.20645446177801e+02,sinkhorn_cellsim
1.434821e+01,30501,4.56354952890296e-04,2.80607622002414e-02,4.20645510160524e+02,sinkhorn_cellsim
1.435759e+01,30521,4.56109397606931e-04,2.80607799111660e-02,4.20645574109415e+02,sinkhorn_cellsim
1.436697e+01,30541,4.55859096253067e-04,2.80607943804810e-02,4.20645638035371e+02,sinkhorn_cellsim
1.437634e+01,30561,4.55604936390337e-04,2.80608062633522e-02,4.20645701944978e+02,sinkhorn_cellsim
1.438571e+01,30581,4.55347557263091e-04,2.80608161224344e-02,4.20645765842122e+02,sinkhorn_cellsim
1.439508e+01,30601,4.55087404089430e-04,2.80608244209421e-02,4.20645829729054e+02,sinkhorn_cellsim
1.440446e+01,30621,4.54824775939593e-04,2.80608315292893e-02,4.20645893607058e+02,sinkhorn_cellsim
1.441382e+01,30641,4.54559864859843e-04,2.80608377376895e-02,4.20645957476863e+02,sinkhorn_cellsim
1.442320e+01,30661,4.54292786224968e-04,2.80608432702488e-02,4.20646021338874e+02,sinkhorn_cellsim
1.443257e+01,30681,4.54023601627050e-04,2.80608482982402e-02,4.20646085193318e+02,sinkhorn_cellsim
1.444195e+01,30701,4.53752335623240e-04,2.80608529516023e-02,4.20646149040317e+02,sinkhorn_cellsim
1.445131e+01,30721,4.53478987871437e-04,2.80608573284006e-02,4.20646212879937e+02,sinkhorn_cellsim
1.446069e+01,30741,4.53203541782674e-04,2.80608615023798e-02,4.20646276712209e+02,sinkhorn_cellsim
1.447006e+01,30761,4.52925970682226e-04,2.80608655288605e-02,4.20646340537147e+02,sinkhorn_cellsim
1.447943e+01,30781,4.52646242089465e-04,2.80608694492789e-02,4.20646404354754e+02,sinkhorn_cellsim
1.448879e+01,30801,4.52364320767901e-04,2.80608732946449e-02,4.20646468165026e+02,sinkhorn_cellsim
1.449816e+01,30821,4.52080170832741e-04,2.80608770881609e-02,4.20646531967957e+02,sinkhorn_cellsim
1.450753e+01,30841,4.51793757172488e-04,2.80608808471907e-02,4.20646595763536e+02,sinkhorn_cellsim
1.451689e+01,30861,4.51505046475457e-04,2.80608845847386e-02,4.20646659551753e+02,sinkhorn_cellsim
1.452626e+01,30881,4.51214007908468e-04,2.80608883105518e-02,4.20646723332595e+02,sinkhorn_cellsim
1.453563e+01,30901,4.50920613532190e-04,2.80608920319485e-02,4.20646787106051e+02,sinkhorn_cellsim
1.454499e+01,30921,4.50624838616678e-04,2.80608957544327e-02,4.20646850872106e+02,sinkhorn_cellsim
1.455436e+01,30941,4.50326661786818e-04,2.80608994821528e-02,4.20646914630747e+02,sinkhorn_cellsim
1.456373e+01,30961,4.50026065094747e-04,2.80609032182435e-02,4.20646978381961e+02,sinkhorn_cellsim
1.457311e+01,30981,4.49723034023305e-04,2.80609069650818e-02,4.20647042125734e+02,sinkhorn_cellsim
1.458247e+01,31001,4.49417557424146e-04,2.80609107244769e-02,4.20647105862051e+02,sinkhorn_cellsim
1.459185e+01,31021,4.49109627388711e-04,2.80609144978114e-02,4.20647169590900e+02,sinkhorn_cellsim
1.460121e+01,31041,4.48799239080431e-04,2.80609182861499e-02,4.20647233312265e+02,sinkhorn_cellsim
1.461058e+01,31061,4.48486390473061e-04,2.80609220903195e-02,4.20647297026131e+02,sinkhorn_cellsim
1.461995e+01,31081,4.48171081994237e-04,2.80609259109710e-02,4.20647360732485e+02,sinkhorn_cellsim
1.462932e+01,31101,4.47853316092568e-04,2.80609297486281e-02,4.20647424431308e+02,sinkhorn_cellsim
1.463868e+01,31121,4.47533096583180e-04,2.80609336037265e-02,4.20647488122584e+02,sinkhorn_cellsim
1.464806e+01,31141,4.47210427854512e-04,2.80609374766480e-02,4.20647551806294e+02,sinkhorn_cellsim
1.465743e+01,31161,4.46885313722035e-04,2.80609413677524e-02,4.20647615482415e+02,sinkhorn_cellsim
1.466680e+01,31181,4.46557755932862e-04,2.80609452774081e-02,4.20647679150919e+02,sinkhorn_cellsim
1.467617e+01,31201,4.46227752098152e-04,2.80609492060282e-02,4.20647742811773e+02,sinkhorn_cellsim
1.468554e+01,31221,4.45895292891116e-04,2.80609531541129e-02,4.20647806464935e+02,sinkhorn_cellsim
1.469490e+01,31241,4.45560358201804e-04,2.80609571223027e-02,4.20647870110350e+02,sinkhorn_cellsim
1.470427e+01,31261,4.45222911843603e-04,2.80609611114494e-02,4.20647933747946e+02,sinkhorn_cellsim
1.471364e+01,31281,4.44882894375270e-04,2.80609651227087e-02,4.20647997377624e+02,sinkhorn_cellsim
1.472301e+01,31301,4.44540213120035e-04,2.80609691576689e-02,4.20648060999252e+02,sinkhorn_cellsim
1.473238e+01,31321,4.44194728500894e-04,2.80609732185266e-02,4.20648124612651e+02,sinkhorn_cellsim
1.474176e+01,31341,4.43846235299229e-04,2.80609773083230e-02,4.20648188217572e+02,sinkhorn_cellsim
1.475112e+01,31361,4.43494436794189e-04,2.80609814312745e-02,4.20648251813678e+02,sinkhorn_cellsim
1.476049e+01,31381,4.43138909320715e-04,2.80609855932232e-02,4.20648315400502e+02,sinkhorn_cellsim
1.476986e+01,31401,4.42779053645180e-04,2.80609898022538e-02,4.20648378977402e+02,sinkhorn_cellsim
1.477923e+01,31421,4.42414028393158e-04,2.80609940695429e-02,4.20648442543492e+02,sinkhorn_cellsim
1.478860e+01,31441,4.42042659202361e-04,2.80609984105135e-02,4.20648506097556e+02,sinkhorn_cellsim
1.479797e+01,31461,4.41663315290965e-04,2.80610028464120e-02,4.20648569637918e+02,sinkhorn_cellsim
1.480734e+01,31481,4.41273742775910e-04,2.80610074064327e-02,4.20648633162276e+02,sinkhorn_cellsim
1.481671e+01,31501,4.40870841442440e-04,2.80610121305799e-02,4.20648696667473e+02,sinkhorn_cellsim
1.482607e+01,31521,4.40450369612529e-04,2.80610170734556e-02,4.20648760149193e+02,sinkhorn_cellsim
1.483545e+01,31541,4.40006560837798e-04,2.80610223092068e-02,4.20648823601556e+02,sinkhorn_cellsim
1.484481e+01,31561,4.39531639145942e-04,2.80610279378287e-02,4.20648887016589e+02,sinkhorn_cellsim
1.485418e+01,31581,4.39015230753238e-04,2.80610340929026e-02,4.20648950383569e+02,sinkhorn_cellsim
1.486355e+01,31601,4.38443696181191e-04,2.80610409505605e-02,4.20649013688205e+02,sinkhorn_cellsim
1.487292e+01,31621,4.37799459099112e-04,2.80610487388724e-02,4.20649076911713e+02,sinkhorn_cellsim
1.488229e+01,31641,4.37060499954918e-04,2.80610577457709e-02,4.20649140029859e+02,sinkhorn_cellsim
1.489166e+01,31661,4.36200323355711e-04,2.80610683219767e-02,4.20649203012168e+02,sinkhorn_cellsim
1.490103e+01,31681,4.35188886421122e-04,2.80610808732088e-02,4.20649265821653e+02,sinkhorn_cellsim
1.491041e+01,31701,4.33995124748682e-04,2.80610958340314e-02,4.20649328415574e+02,sinkhorn_cellsim
1.491977e+01,31721,4.32712896382328e-04,2.80611136157820e-02,4.20649390747841e+02,sinkhorn_cellsim
1.492915e+01,31741,4.31406194813565e-04,2.80611345261494e-02,4.20649452773532e+02,sinkhorn_cellsim
1.493852e+01,31761,4.29928258063616e-04,2.80611586705915e-02,4.20649514455351e+02,sinkhorn_cellsim
1.494789e+01,31781,4.28250934926216e-04,2.80611858639261e-02,4.20649575770805e+02,sinkhorn_cellsim
1.495725e+01,31801,4.26393356614466e-04,2.80612155935381e-02,4.20649636717755e+02,sinkhorn_cellsim
1.496662e+01,31821,4.24460549655385e-04,2.80612470681197e-02,4.20649697315789e+02,sinkhorn_cellsim
1.497599e+01,31841,4.22467562472678e-04,2.80612793521234e-02,4.20649757602226e+02,sinkhorn_cellsim
1.498536e+01,31861,4.20450168762135e-04,2.80613115441620e-02,4.20649817623925e+02,sinkhorn_cellsim
1.499473e+01,31881,4.18473222866525e-04,2.80613429383195e-02,4.20649877427857e+02,sinkhorn_cellsim
1.500411e+01,31901,4.16628098828190e-04,2.80613731240111e-02,4.20649937053357e+02,sinkhorn_cellsim
1.501348e+01,31921,4.14828462196397e-04,2.80614020158440e-02,4.20649996527451e+02,sinkhorn_cellsim
1.502285e+01,31941,4.13077041439713e-04,2.80614298330254e-02,4.20650055862984e+02,sinkhorn_cellsim
1.503222e+01,31961,4.11359751729279e-04,2.80614570557444e-02,4.20650115058486e+02,sinkhorn_cellsim
1.504159e+01,31981,4.09647563137260e-04,2.80614843781592e-02,4.20650174098709e+02,sinkhorn_cellsim
1.505096e+01,32001,4.07899178025491e-04,2.80615126640208e-02,4.20650232955301e+02,sinkhorn_cellsim
1.506033e+01,32021,4.06064383441474e-04,2.80615428981101e-02,4.20650291587680e+02,sinkhorn_cellsim
1.506970e+01,32041,4.04088908656998e-04,2.80615761173086e-02,4.20650349944646e+02,sinkhorn_cellsim
1.507907e+01,32061,4.01936153224124e-04,2.80616133015150e-02,4.20650407967625e+02,sinkhorn_cellsim
1.508844e+01,32081,3.99649593378790e-04,2.80616552112991e-02,4.20650465596436e+02,sinkhorn_cellsim
1.509782e+01,32101,3.97162041614309e-04,2.80617021819218e-02,4.20650522777893e+02,sinkhorn_cellsim
1.510718e+01,32121,3.94589881535811e-04,2.80617539222209e-02,4.20650579476245e+02,sinkhorn_cellsim
1.511656e+01,32141,3.91980597817938e-04,2.80618094049627e-02,4.20650635682677e+02,sinkhorn_cellsim
1.512592e+01,32161,3.89717785534509e-04,2.80618669370226e-02,4.20650691420110e+02,sinkhorn_cellsim
1.513531e+01,32181,3.87642196240196e-04,2.80619244352552e-02,4.20650746740464e+02,sinkhorn_cellsim
1.514467e+01,32201,3.85759632952284e-04,2.80619798291978e-02,4.20650801714810e+02,sinkhorn_cellsim
1.515405e+01,32221,3.84033140453307e-04,2.80620314394349e-02,4.20650856420134e+02,sinkhorn_cellsim
1.516342e+01,32241,3.82356909488956e-04,2.80620782002174e-02,4.20650910927598e+02,sinkhorn_cellsim
1.517279e+01,32261,3.80700180465419e-04,2.80621196869841e-02,4.20650965295453e+02,sinkhorn_cellsim
1.518215e+01,32281,3.79088041318369e-04,2.80621559989740e-02,4.20651019566939e+02,sinkhorn_cellsim
1.519153e+01,32301,3.77537218139644e-04,2.80621875819747e-02,4.20651073771631e+02,sinkhorn_cellsim
1.520089e+01,32321,3.76056623551039e-04,2.80622150601831e-02,4.20651127928252e+02,sinkhorn_cellsim
1.521027e+01,32341,3.74648653553621e-04,2.80622391113045e-02,4.20651182047583e+02,sinkhorn_cellsim
1.521963e+01,32361,3.73310619745825e-04,2.80622603905566e-02,4.20651236134757e+02,sinkhorn_cellsim
1.522901e+01,32381,3.72035947165791e-04,2.80622794947059e-02,4.20651290190786e+02,sinkhorn_cellsim
1.523837e+01,32401,3.70817705373943e-04,2.80622969535698e-02,4.20651344213384e+02,sinkhorn_cellsim
1.524775e+01,32421,3.69655451919107e-04,2.80623132381437e-02,4.20651398197226e+02,sinkhorn_cellsim
1.525712e+01,32441,3.68519405462933e-04,2.80623287777483e-02,4.20651452133769e+02,sinkhorn_cellsim
1.526649e+01,32461,3.67405353615962e-04,2.80623439814583e-02,4.20651506010709e+02,sinkhorn_cellsim
1.527587e+01,32481,3.66330426759068e-04,2.80623592608479e-02,4.20651559811167e+02,sinkhorn_cellsim
1.528524e+01,32501,3.65258318831979e-04,2.80623750516702e-02,4.20651613512663e+02,sinkhorn_cellsim
1.529460e+01,32521,3.64262751636726e-04,2.80623918314755e-02,4.20651667086025e+02,sinkhorn_cellsim
1.530397e+01,32541,3.63502269117876e-04,2.80624101284109e-02,4.20651720494494e+02,sinkhorn_cellsim
1.531334e+01,32561,3.62754635082446e-04,2.80624305139462e-02,4.20651773693448e+02,sinkhorn_cellsim
1.532271e+01,32581,3.61922505949285e-04,2.80624535701093e-02,4.20651826631373e+02,sinkhorn_cellsim
1.533208e+01,32601,3.61001676592297e-04,2.80624798225383e-02,4.20651879252820e+02,sinkhorn_cellsim
1.534146e+01,32621,3.59995696864870e-04,2.80625096381007e-02,4.20651931503869e+02,sinkhorn_cellsim
1.535082e+01,32641,3.58863203342945e-04,2.80625431027702e-02,4.20651983339912e+02,sinkhorn_cellsim
1.536020e+01,32661,3.57755426508448e-04,2.80625799182997e-02,4.20652034734254e+02,sinkhorn_cellsim
1.536957e+01,32681,3.56593104734317e-04,2.80626193702812e-02,4.20652085684774e+02,sinkhorn_cellsim
1.537893e+01,32701,3.55437009779675e-04,2.80626604055637e-02,4.20652136215697e+02,sinkhorn_cellsim
1.538831e+01,32721,3.54292492321400e-04,2.80627018097404e-02,4.20652186373176e+02,sinkhorn_cellsim
1.539768e+01,32741,3.53067483968556e-04,2.80627424229443e-02,4.20652236216208e+02,sinkhorn_cellsim
1.540705e+01,32761,3.51922265921468e-04,2.80627813149028e-02,4.20652285806440e+02,sinkhorn_cellsim
1.541642e+01,32781,3.50834734412273e-04,2.80628178700990e-02,4.20652335200214e+02,sinkhorn_cellsim
1.542579e+01,32801,3.49774893161780e-04,2.80628517830940e-02,4.20652384444365e+02,sinkhorn_cellsim
1.543517e+01,32821,3.48676092615980e-04,2.80628829970611e-02,4.20652433575349e+02,sinkhorn_cellsim
1.544453e+01,32841,3.47550275701272e-04,2.80629116236843e-02,4.20652482620381e+02,sinkhorn_cellsim
1.545390e+01,32861,3.46408742761406e-04,2.80629378703558e-02,4.20652531599324e+02,sinkhorn_cellsim
1.546327e+01,32881,3.45261664665326e-04,2.80629619856524e-02,4.20652580526568e+02,sinkhorn_cellsim
1.547265e+01,32901,3.44117831925548e-04,2.80629842238905e-02,4.20652629412567e+02,sinkhorn_cellsim
1.548203e+01,32921,3.42984583276530e-04,2.80630048249651e-02,4.20652678264983e+02,sinkhorn_cellsim
1.549140e+01,32941,3.41867854681280e-04,2.80630240047436e-02,4.20652727089503e+02,sinkhorn_cellsim
1.550077e+01,32961,3.40772299235742e-04,2.80630419519840e-02,4.20652775890401e+02,sinkhorn_cellsim
1.551014e+01,32981,3.39701441174036e-04,2.80630588289005e-02,4.20652824670935e+02,sinkhorn_cellsim
1.551951e+01,33001,3.38657839367314e-04,2.80630747735031e-02,4.20652873433617e+02,sinkhorn_cellsim
1.552889e+01,33021,3.37643245209180e-04,2.80630899026153e-02,4.20652922180406e+02,sinkhorn_cellsim
1.553825e+01,33041,3.36658746652604e-04,2.80631043149674e-02,4.20652970912848e+02,sinkhorn_cellsim
1.554763e+01,33061,3.35704894785494e-04,2.80631180940628e-02,4.20653019632174e+02,sinkhorn_cellsim
1.555700e+01,33081,3.34785865333912e-04,2.80631313107049e-02,4.20653068339369e+02,sinkhorn_cellsim
1.556637e+01,33101,3.33900952797941e-04,2.80631440251628e-02,4.20653117035231e+02,sinkhorn_cellsim
1.557574e+01,33121,3.33053225726244e-04,2.80631562889908e-02,4.20653165720405e+02,sinkhorn_cellsim
1.558511e+01,33141,3.32235802079306e-04,2.80631681465614e-02,4.20653214395412e+02,sinkhorn_cellsim
1.559449e+01,33161,3.31444430697851e-04,2.80631796363477e-02,4.20653263060673e+02,sinkhorn_cellsim
1.560386e+01,33181,3.30678310226426e-04,2.80631907920153e-02,4.20653311716517e+02,sinkhorn_cellsim
1.561323e+01,33201,3.29936552188843e-04,2.80632016433722e-02,4.20653360363195e+02,sinkhorn_cellsim
1.562260e+01,33221,3.29218197564847e-04,2.80632122172167e-02,4.20653409000882e+02,sinkhorn_cellsim
1.563197e+01,33241,3.28522225913246e-04,2.80632225381350e-02,4.20653457629675e+02,sinkhorn_cellsim
1.564134e+01,33261,3.27847556958797e-04,2.80632326292884e-02,4.20653506249585e+02,sinkhorn_cellsim
1.565071e+01,33281,3.27193044138520e-04,2.80632425132481e-02,4.20653554860528e+02,sinkhorn_cellsim
1.566009e+01,33301,3.26557458951418e-04,2.80632522129257e-02,4.20653603462305e+02,sinkhorn_cellsim
1.566945e+01,33321,3.25947156556985e-04,2.80632617526764e-02,4.20653652054567e+02,sinkhorn_cellsim
1.567883e+01,33341,3.25360826104670e-04,2.80632711596551e-02,4.20653700636776e+02,sinkhorn_cellsim
1.568820e+01,33361,3.24804339438070e-04,2.80632804655234e-02,4.20653749208145e+02,sinkhorn_cellsim
1.569757e+01,33381,3.24271082542825e-04,2.80632897086293e-02,4.20653797767557e+02,sinkhorn_cellsim
1.570694e+01,33401,3.23775069041872e-04,2.80632989367917e-02,4.20653846313455e+02,sinkhorn_cellsim
1.571632e+01,33421,3.23326725254373e-04,2.80633082108089e-02,4.20653894843702e+02,sinkhorn_cellsim
1.572569e+01,33441,3.22951613421865e-04,2.80633176087751e-02,4.20653943355392e+02,sinkhorn_cellsim
1.573507e+01,33461,3.22583257575995e-04,2.80633272311435e-02,4.20653991844623e+02,sinkhorn_cellsim
1.574444e+01,33481,3.22215622965882e-04,2.80633372061942e-02,4.20654040306227e+02,sinkhorn_cellsim
1.575381e+01,33501,3.21828253106734e-04,2.80633476950389e-02,4.20654088733470e+02,sinkhorn_cellsim
1.576318e+01,33521,3.21411929830605e-04,2.80633588944008e-02,4.20654137117772e+02,sinkhorn_cellsim
1.577256e+01,33541,3.21002056759311e-04,2.80633710341807e-02,4.20654185448530e+02,sinkhorn_cellsim
1.578193e+01,33561,3.20611333381912e-04,2.80633843654299e-02,4.20654233713169e+02,sinkhorn_cellsim
1.579131e+01,33581,3.20210550961682e-04,2.80633991336805e-02,4.20654281897619e+02,sinkhorn_cellsim
1.580067e+01,33601,3.19783883011290e-04,2.80634155341760e-02,4.20654329987388e+02,sinkhorn_cellsim
1.581005e+01,33621,3.19343981891888e-04,2.80634336514952e-02,4.20654377969313e+02,sinkhorn_cellsim
1.581942e+01,33641,3.18923094868929e-04,2.80634533968516e-02,4.20654425833792e+02,sinkhorn_cellsim
1.582879e+01,33661,3.18468270995761e-04,2.80634744679300e-02,4.20654473576945e+02,sinkhorn_cellsim
1.583816e+01,33681,3.17978701254812e-04,2.80634963586391e-02,4.20654521201883e+02,sinkhorn_cellsim
1.584753e+01,33701,3.17462880366865e-04,2.80635184304969e-02,4.20654568718428e+02,sinkhorn_cellsim
1.585690e+01,33721,3.17001804558573e-04,2.80635400274031e-02,4.20654616141248e+02,sinkhorn_cellsim
1.586628e+01,33741,3.16576929281773e-04,2.80635605914656e-02,4.20654663487107e+02,sinkhorn_cellsim
1.587565e+01,33761,3.16152523617913e-04,2.80635797386512e-02,4.20654710772255e+02,sinkhorn_cellsim
1.588503e+01,33781,3.15747957621816e-04,2.80635972775279e-02,4.20654758010682e+02,sinkhorn_cellsim
1.589439e+01,33801,3.15372006752856e-04,2.80636131818020e-02,4.20654805213424e+02,sinkhorn_cellsim
1.590377e+01,33821,3.15019442335909e-04,2.80636275405913e-02,4.20654852388650e+02,sinkhorn_cellsim
1.591314e+01,33841,3.14735951688673e-04,2.80636405078186e-02,4.20654899542150e+02,sinkhorn_cellsim
1.592251e+01,33861,3.14470347653484e-04,2.80636522624620e-02,4.20654946677923e+02,sinkhorn_cellsim
1.593188e+01,33881,3.14202126120718e-04,2.80636629825706e-02,4.20654993798692e+02,sinkhorn_cellsim
1.594126e+01,33901,3.13931862241163e-04,2.80636728310540e-02,4.20655040906309e+02,sinkhorn_cellsim
1.595063e+01,33921,3.13660119235124e-04,2.80636819496879e-02,4.20655088002039e+02,sinkhorn_cellsim
1.596001e+01,33941,3.13387433747883e-04,2.80636904580820e-02,4.20655135086751e+02,sinkhorn_cellsim
1.596937e+01,33961,3.13114306049786e-04,2.80636984552324e-02,4.20655182161052e+02,sinkhorn_cellsim
1.597874e+01,33981,3.12841194182815e-04,2.80637060221561e-02,4.20655229225373e+02,sinkhorn_cellsim
1.598812e+01,34001,3.12568511033591e-04,2.80637132247780e-02,4.20655276280021e+02,sinkhorn_cellsim
1.599749e+01,34021,3.12296623705060e-04,2.80637201166395e-02,4.20655323325225e+02,sinkhorn_cellsim
1.600686e+01,34041,3.12025854487364e-04,2.80637267412617e-02,4.20655370361154e+02,sinkhorn_cellsim
1.601624e+01,34061,3.11756482925248e-04,2.80637331341220e-02,4.20655417387943e+02,sinkhorn_cellsim
1.602561e+01,34081,3.11488748625702e-04,2.80637393242640e-02,4.20655464405697e+02,sinkhorn_cellsim
1.603499e+01,34101,3.11222854464910e-04,2.80637453355943e-02,4.20655511414509e+02,sinkhorn_cellsim
1.604435e+01,34121,3.10958969989146e-04,2.80637511879097e-02,4.20655558414457e+02,sinkhorn_cellsim
1.605373e+01,34141,3.10697234836364e-04,2.80637568977159e-02,4.20655605405614e+02,sinkhorn_cellsim
1.606311e+01,34161,3.10437762072538e-04,2.80637624788732e-02,4.20655652388052e+02,sinkhorn_cellsim
1.607249e+01,34181,3.10180641359328e-04,2.80637679431082e-02,4.20655699361840e+02,sinkhorn_cellsim
1.608185e+01,34201,3.09925941886751e-04,2.80637733004204e-02,4.20655746327049e+02,sinkhorn_cellsim
1.609123e+01,34221,3.09673715078251e-04,2.80637785594056e-02,4.20655793283751e+02,sinkhorn_cellsim
1.610060e+01,34241,3.09423997046932e-04,2.80637837275138e-02,4.20655840232022e+02,sinkhorn_cellsim
1.610997e+01,34261,3.09176810807563e-04,2.80637888112542e-02,4.20655887171942e+02,sinkhorn_cellsim
1.611934e+01,34281,3.08932168177526e-04,2.80637938163650e-02,4.20655934103593e+02,sinkhorn_cellsim
1.612871e+01,34301,3.08690071552528e-04,2.80637987479447e-02,4.20655981027063e+02,sinkhorn_cellsim
1.613809e+01,34321,3.08450515395896e-04,2.80638036105627e-02,4.20656027942445e+02,sinkhorn_cellsim
1.614746e+01,34341,3.08213487548973e-04,2.80638084083467e-02,4.20656074849833e+02,sinkhorn_cellsim
1.615684e+01,34361,3.07978970402845e-04,2.80638131450547e-02,4.20656121749328e+02,sinkhorn_cellsim
1.616621e+01,34381,3.07746941859523e-04,2.80638178241340e-02,4.20656168641037e+02,sinkhorn_cellsim
1.617558e+01,34401,3.07517376195803e-04,2.80638224487692e-02,4.20656215525067e+02,sinkhorn_cellsim
1.618495e+01,34421,3.07290244780706e-04,2.80638270219216e-02,4.20656262401531e+02,sinkhorn_cellsim
1.619433e+01,34441,3.07065516722285e-04,2.80638315463593e-02,4.20656309270548e+02,sinkhorn_cellsim
1.620371e+01,34461,3.06843159360142e-04,2.80638360246863e-02,4.20656356132236e+02,sinkhorn_cellsim
1.621308e+01,34481,3.06623138747535e-04,2.80638404593611e-02,4.20656402986720e+02,sinkhorn_cellsim
1.622244e+01,34501,3.06405420001779e-04,2.80638448527164e-02,4.20656449834127e+02,sinkhorn_cellsim
1.623181e+01,34521,3.06189967654999e-04,2.80638492069698e-02,4.20656496674585e+02,sinkhorn_cellsim
1.624119e+01,34541,3.05976745875682e-04,2.80638535242392e-02,4.20656543508228e+02,sinkhorn_cellsim
1.625055e+01,34561,3.05765718732855e-04,2.80638578065478e-02,4.20656590335189e+02,sinkhorn_cellsim
1.625993e+01,34581,3.05556850356990e-04,2.80638620558340e-02,4.20656637155603e+02,sinkhorn_cellsim
1.626930e+01,34601,3.05350105089948e-04,2.80638662739556e-02,4.20656683969609e+02,sinkhorn_cellsim
1.627868e+01,34621,3.05145653169117e-04,2.80638704626955e-02,4.20656730777344e+02,sinkhorn_cellsim
1.628805e+01,34641,3.04944834523660e-04,2.80638746237640e-02,4.20656777578948e+02,sinkhorn_cellsim
1.629742e+01,34661,3.04746024556626e-04,2.80638787588021e-02,4.20656824374560e+02,sinkhorn_cellsim
1.630679e+01,34681,3.04549189854449e-04,2.80638828693837e-02,4.20656871164321e+02,sinkhorn_cellsim
1.631617e+01,34701,3.04354297597263e-04,2.80638869570170e-02,4.20656917948368e+02,sinkhorn_cellsim
1.632554e+01,34721,3.04162108474798e-04,2.80638910231462e-02,4.20656964726842e+02,sinkhorn_cellsim
1.633491e+01,34741,3.03972780541053e-04,2.80638950691536e-02,4.20657011499881e+02,sinkhorn_cellsim
1.634428e+01,34761,3.03785292237060e-04,2.80638990963592e-02,4.20657058267619e+02,sinkhorn_cellsim
1.635366e+01,34781,3.03599613648014e-04,2.80639031060234e-02,4.20657105030193e+02,sinkhorn_cellsim
1.636304e+01,34801,3.03415715504707e-04,2.80639070993492e-02,4.20657151787734e+02,sinkhorn_cellsim
1.637241e+01,34821,3.03233569174334e-04,2.80639110774828e-02,4.20657198540372e+02,sinkhorn_cellsim
1.638178e+01,34841,3.03053146631722e-04,2.80639150415188e-02,4.20657245288231e+02,sinkhorn_cellsim
1.639115e+01,34861,3.02874420425927e-04,2.80639189925025e-02,4.20657292031433e+02,sinkhorn_cellsim
1.640052e+01,34881,3.02697363616727e-04,2.80639229314371e-02,4.20657338770093e+02,sinkhorn_cellsim
1.640990e+01,34901,3.02521949707224e-04,2.80639268592892e-02,4.20657385504318e+02,sinkhorn_cellsim
1.641927e+01,34921,3.02348152545691e-04,2.80639307770000e-02,4.20657432234208e+02,sinkhorn_cellsim
1.642865e+01,34941,3.02175946176473e-04,2.80639346854995e-02,4.20657478959847e+02,sinkhorn_cellsim
1.643802e+01,34961,3.02005304683310e-04,2.80639385857242e-02,4.20657525681306e+02,sinkhorn_cellsim
1.644740e+01,34981,3.01836201920427e-04,2.80639424786426e-02,4.20657572398635e+02,sinkhorn_cellsim
1.645677e+01,35001,3.01672666533753e-04,2.80639463652897e-02,4.20657619111856e+02,sinkhorn_cellsim
1.646615e+01,35021,3.01513444711333e-04,2.80639502468131e-02,4.20657665820954e+02,sinkhorn_cellsim
1.647552e+01,35041,3.01355652851478e-04,2.80639541245372e-02,4.20657712525864e+02,sinkhorn_cellsim
1.648489e+01,35061,3.01199915156450e-04,2.80639580000483e-02,4.20657759226454e+02,sinkhorn_cellsim
1.649426e+01,35081,3.01048103814768e-04,2.80639618753107e-02,4.20657805922502e+02,sinkhorn_cellsim
1.650363e+01,35101,3.00897603859587e-04,2.80639657528241e-02,4.20657852613663e+02,sinkhorn_cellsim
1.651301e+01,35121,3.00749283354085e-04,2.80639696358328e-02,4.20657899299423e+02,sinkhorn_cellsim
1.652238e+01,35141,3.00602502508116e-04,2.80639735286061e-02,4.20657945979047e+02,sinkhorn_cellsim
1.653176e+01,35161,3.00456853087183e-04,2.80639774368050e-02,4.20657992651491e+02,sinkhorn_cellsim
1.654113e+01,35181,3.00312245136680e-04,2.80639813679574e-02,4.20658039315304e+02,sinkhorn_cellsim
1.655051e+01,35201,3.00168562942874e-04,2.80639853320571e-02,4.20658085968488e+02,sinkhorn_cellsim
1.655990e+01,35221,3.00025656017338e-04,2.80639893422856e-02,4.20658132608321e+02,sinkhorn_cellsim
1.656927e+01,35241,2.99883327373485e-04,2.80639934158329e-02,4.20658179231137e+02,sinkhorn_cellsim
1.657865e+01,35261,2.99741318577199e-04,2.80639975747204e-02,4.20658225832063e+02,sinkhorn_cellsim
1.658803e+01,35281,2.99599291403443e-04,2.80640018464186e-02,4.20658272404726e+02,sinkhorn_cellsim
1.659740e+01,35301,2.99456806284921e-04,2.80640062638705e-02,4.20658318940965e+02,sinkhorn_cellsim
1.660677e+01,35321,2.99313299061453e-04,2.80640108642923e-02,4.20658365430616e+02,sinkhorn_cellsim
1.661615e+01,35341,2.99168059371177e-04,2.80640156858456e-02,4.20658411861504e+02,sinkhorn_cellsim
1.662553e+01,35361,2.99020865086167e-04,2.80640207612453e-02,4.20658458219796e+02,sinkhorn_cellsim
1.663490e+01,35381,2.98871931448161e-04,2.80640261078019e-02,4.20658504490917e+02,sinkhorn_cellsim
1.664427e+01,35401,2.98722592694403e-04,2.80640317148811e-02,4.20658550661151e+02,sinkhorn_cellsim
1.665365e+01,35421,2.98573636390811e-04,2.80640375322695e-02,4.20658596719824e+02,sinkhorn_cellsim
1.666302e+01,35441,2.98425181151561e-04,2.80640434654973e-02,4.20658642661623e+02,sinkhorn_cellsim
1.667240e+01,35461,2.98277893104479e-04,2.80640493842800e-02,4.20658688488263e+02,sinkhorn_cellsim
1.668177e+01,35481,2.98134927017658e-04,2.80640551456181e-02,4.20658734208719e+02,sinkhorn_cellsim
1.669115e+01,35501,2.97996429818214e-04,2.80640606249106e-02,4.20658779837716e+02,sinkhorn_cellsim
1.670052e+01,35521,2.97859428702829e-04,2.80640657424375e-02,4.20658825392989e+02,sinkhorn_cellsim
1.670989e+01,35541,2.97721910152991e-04,2.80640704744447e-02,4.20658870892327e+02,sinkhorn_cellsim
1.671926e+01,35561,2.97583959805469e-04,2.80640748467349e-02,4.20658916351344e+02,sinkhorn_cellsim
1.672864e+01,35581,2.97445701456268e-04,2.80640789172100e-02,4.20658961782409e+02,sinkhorn_cellsim
1.673802e+01,35601,2.97307280297546e-04,2.80640827565127e-02,4.20659007194552e+02,sinkhorn_cellsim
1.674739e+01,35621,2.97168847502682e-04,2.80640864331886e-02,4.20659052593975e+02,sinkhorn_cellsim
1.675677e+01,35641,2.97030548370295e-04,2.80640900053693e-02,4.20659097984738e+02,sinkhorn_cellsim
1.676615e+01,35661,2.96892514749357e-04,2.80640935179359e-02,4.20659143369420e+02,sinkhorn_cellsim
1.677552e+01,35681,2.96754861232776e-04,2.80640970030789e-02,4.20659188749626e+02,sinkhorn_cellsim
1.678490e+01,35701,2.96617684200667e-04,2.80641004824046e-02,4.20659234126349e+02,sinkhorn_cellsim
1.679427e+01,35721,2.96481062694814e-04,2.80641039694001e-02,4.20659279500208e+02,sinkhorn_cellsim
1.680364e+01,35741,2.96345060231805e-04,2.80641074716763e-02,4.20659324871596e+02,sinkhorn_cellsim
1.681301e+01,35761,2.96209727045158e-04,2.80641109927706e-02,4.20659370240769e+02,sinkhorn_cellsim
1.682239e+01,35781,2.96075102330211e-04,2.80641145335087e-02,4.20659415607904e+02,sinkhorn_cellsim
1.683176e+01,35801,2.95941216334690e-04,2.80641180929821e-02,4.20659460973128e+02,sinkhorn_cellsim
1.684114e+01,35821,2.95808092155046e-04,2.80641216692364e-02,4.20659506336538e+02,sinkhorn_cellsim
1.685051e+01,35841,2.95675747266816e-04,2.80641252597411e-02,4.20659551698211e+02,sinkhorn_cellsim
1.685989e+01,35861,2.95544194755389e-04,2.80641288617053e-02,4.20659597058214e+02,sinkhorn_cellsim
1.686926e+01,35881,2.95413444317629e-04,2.80641324722831e-02,4.20659642416601e+02,sinkhorn_cellsim
1.687864e+01,35901,2.95283503049352e-04,2.80641360887017e-02,4.20659687773425e+02,sinkhorn_cellsim
1.688801e+01,35921,2.95154376044718e-04,2.80641397083414e-02,4.20659733128731e+02,sinkhorn_cellsim
1.689738e+01,35941,2.95026066885684e-04,2.80641433287762e-02,4.20659778482563e+02,sinkhorn_cellsim
1.690676e+01,35961,2.94898577992532e-04,2.80641469477927e-02,4.20659823834959e+02,sinkhorn_cellsim
1.691613e+01,35981,2.94771910889079e-04,2.80641505633947e-02,4.20659869185957e+02,sinkhorn_cellsim
1.692550e+01,36001,2.94646066427797e-04,2.80641541737949e-02,4.20659914535593e+02,sinkhorn_cellsim
1.693488e+01,36021,2.94521044920561e-04,2.80641577774034e-02,4.20659959883901e+02,sinkhorn_cellsim
1.694425e+01,36041,2.94396846258210e-04,2.80641613728145e-02,4.20660005230912e+02,sinkhorn_cellsim
1.695363e+01,36061,2.94273470018785e-04,2.80641649587854e-02,4.20660050576658e+02,sinkhorn_cellsim
1.696301e+01,36081,2.94150915468245e-04,2.80641685342245e-02,4.20660095921168e+02,sinkhorn_cellsim
1.697239e+01,36101,2.94029181672388e-04,2.80641720981723e-02,4.20660141264469e+02,sinkhorn_cellsim
1.698177e+01,36121,2.93908267479022e-04,2.80641756497864e-02,4.20660186606590e+02,sinkhorn_cellsim
1.699114e+01,36141,2.93788171554437e-04,2.80641791883290e-02,4.20660231947556e+02,sinkhorn_cellsim
1.700051e+01,36161,2.93668892405863e-04,2.80641827131525e-02,4.20660277287391e+02,sinkhorn_cellsim
1.700988e+01,36181,2.93550428385784e-04,2.80641862236888e-02,4.20660322626121e+02,sinkhorn_cellsim
1.701925e+01,36201,2.93432777693986e-04,2.80641897194401e-02,4.20660367963768e+02,sinkhorn_cellsim
1.702863e+01,36221,2.93315938400579e-04,2.80641931999684e-02,4.20660413300355e+02,sinkhorn_cellsim
1.703800e+01,36241,2.93199908426296e-04,2.80641966648896e-02,4.20660458635903e+02,sinkhorn_cellsim
1.704738e+01,36261,2.93084685574808e-04,2.80642001138648e-02,4.20660503970434e+02,sinkhorn_cellsim
1.705676e+01,36281,2.92970267505556e-04,2.80642035465965e-02,4.20660549303967e+02,sinkhorn_cellsim
1.706614e+01,36301,2.92856651760819e-04,2.80642069628220e-02,4.20660594636522e+02,sinkhorn_cellsim
1.707550e+01,36321,2.92743835751862e-04,2.80642103623092e-02,4.20660639968119e+02,sinkhorn_cellsim
1.708487e+01,36341,2.92631816775510e-04,2.80642137448546e-02,4.20660685298774e+02,sinkhorn_cellsim
1.709425e+01,36361,2.92520592009908e-04,2.80642171102765e-02,4.20660730628507e+02,sinkhorn_cellsim
1.710362e+01,36381,2.92410158515701e-04,2.80642204584164e-02,4.20660775957334e+02,sinkhorn_cellsim
1.711299e+01,36401,2.92300513246612e-04,2.80642237891336e-02,4.20660821285272e+02,sinkhorn_cellsim
1.712237e+01,36421,2.92191653052711e-04,2.80642271023044e-02,4.20660866612337e+02,sinkhorn_cellsim
1.713174e+01,36441,2.92083574664642e-04,2.80642303978209e-02,4.20660911938545e+02,sinkhorn_cellsim
1.714112e+01,36461,2.91976274733316e-04,2.80642336755889e-02,4.20660957263910e+02,sinkhorn_cellsim
1.715049e+01,36481,2.91869749809885e-04,2.80642369355267e-02,4.20661002588449e+02,sinkhorn_cellsim
1.715986e+01,36501,2.91763996338222e-04,2.80642401775659e-02,4.20661047912174e+02,sinkhorn_cellsim
1.716923e+01,36521,2.91659010692609e-04,2.80642434016489e-02,4.20661093235099e+02,sinkhorn_cellsim
1.717861e+01,36541,2.91554789157628e-04,2.80642466077304e-02,4.20661138557238e+02,sinkhorn_cellsim
1.718798e+01,36561,2.91451327941194e-04,2.80642497957767e-02,4.20661183878603e+02,sinkhorn_cellsim
1.719736e+01,36581,2.91348623166183e-04,2.80642529657676e-02,4.20661229199206e+02,sinkhorn_cellsim
1.720673e+01,36601,2.91246670887573e-04,2.80642561176973e-02,4.20661274519059e+02,sinkhorn_cellsim
1.721611e+01,36621,2.91145467088398e-04,2.80642592515768e-02,4.20661319838171e+02,sinkhorn_cellsim
1.722548e+01,36641,2.91045007677855e-04,2.80642623674363e-02,4.20661365156552e+02,sinkhorn_cellsim
1.723485e+01,36661,2.90945288512168e-04,2.80642654653318e-02,4.20661410474211e+02,sinkhorn_cellsim
1.724422e+01,36681,2.90846305364726e-04,2.80642685453514e-02,4.20661455791152e+02,sinkhorn_cellsim
1.725359e+01,36701,2.90748053948641e-04,2.80642716076244e-02,4.20661501107381e+02,sinkhorn_cellsim
1.726297e+01,36721,2.90650529893329e-04,2.80642746523351e-02,4.20661546422899e+02,sinkhorn_cellsim
1.727234e+01,36741,2.90553728773888e-04,2.80642776797399e-02,4.20661591737702e+02,sinkhorn_cellsim
1.728171e+01,36761,2.90457646050482e-04,2.80642806901959e-02,4.20661637051783e+02,sinkhorn_cellsim
1.729109e+01,36781,2.90362277101377e-04,2.80642836841913e-02,4.20661682365127e+02,sinkhorn_cellsim
1.730046e+01,36801,2.90267617175908e-04,2.80642866623970e-02,4.20661727677709e+02,sinkhorn_cellsim
1.730984e+01,36821,2.90173661372801e-04,2.80642896257302e-02,4.20661772989492e+02,sinkhorn_cellsim
1.731922e+01,36841,2.90080404593029e-04,2.80642925754441e-02,4.20661818300419e+02,sinkhorn_cellsim
1.732860e+01,36861,2.89987841500388e-04,2.80642955132518e-02,4.20661863610410e+02,sinkhorn_cellsim
1.733797e+01,36881,2.89895966406679e-04,2.80642984414940e-02,4.20661908919353e+02,sinkhorn_cellsim
1.734734e+01,36901,2.89804773195164e-04,2.80643013633683e-02,4.20661954227087e+02,sinkhorn_cellsim
1.735672e+01,36921,2.89714567908248e-04,2.80643042832418e-02,4.20661999533392e+02,sinkhorn_cellsim
1.736610e+01,36941,2.89626548680944e-04,2.80643072070761e-02,4.20662044837962e+02,sinkhorn_cellsim
1.737547e+01,36961,2.89539172835805e-04,2.80643101430026e-02,4.20662090140372e+02,sinkhorn_cellsim
1.738485e+01,36981,2.89452430446533e-04,2.80643131020964e-02,4.20662135440044e+02,sinkhorn_cellsim
1.739422e+01,37001,2.89366309581285e-04,2.80643160994111e-02,4.20662180736183e+02,sinkhorn_cellsim
1.740360e+01,37021,2.89282189926437e-04,2.80643191553505e-02,4.20662226027702e+02,sinkhorn_cellsim
1.741298e+01,37041,2.89200503247283e-04,2.80643222974545e-02,4.20662271313127e+02,sinkhorn_cellsim
1.742235e+01,37061,2.89119354490935e-04,2.80643255626832e-02,4.20662316590460e+02,sinkhorn_cellsim
1.743172e+01,37081,2.89038714192816e-04,2.80643290002408e-02,4.20662361857012e+02,sinkhorn_cellsim
1.744110e+01,37101,2.88958544195367e-04,2.80643326749046e-02,4.20662407109193e+02,sinkhorn_cellsim
1.745047e+01,37121,2.88878794917075e-04,2.80643366706290e-02,4.20662452342257e+02,sinkhorn_cellsim
1.745985e+01,37141,2.88799402013556e-04,2.80643410938631e-02,4.20662497550024e+02,sinkhorn_cellsim
1.746922e+01,37161,2.88720282384853e-04,2.80643460754283e-02,4.20662542724592e+02,sinkhorn_cellsim
1.747860e+01,37181,2.88641329828891e-04,2.80643517689860e-02,4.20662587856131e+02,sinkhorn_cellsim
1.748797e+01,37201,2.88562410752219e-04,2.80643583431523e-02,4.20662632932842e+02,sinkhorn_cellsim
1.749735e+01,37221,2.88483360887517e-04,2.80643659636879e-02,4.20662677941274e+02,sinkhorn_cellsim
1.750671e+01,37241,2.88403984309090e-04,2.80643747629435e-02,4.20662722867149e+02,sinkhorn_cellsim
1.751609e+01,37261,2.88324056370249e-04,2.80643847973131e-02,4.20662767696855e+02,sinkhorn_cellsim
1.752546e+01,37281,2.88243331795778e-04,2.80643960007387e-02,4.20662812419519e+02,sinkhorn_cellsim
1.753484e+01,37301,2.88163312755012e-04,2.80644081513771e-02,4.20662857029264e+02,sinkhorn_cellsim
1.754421e+01,37321,2.88085502861976e-04,2.80644208729413e-02,4.20662901526917e+02,sinkhorn_cellsim
1.755358e+01,37341,2.88006127843265e-04,2.80644336838300e-02,4.20662945920388e+02,sinkhorn_cellsim
1.756295e+01,37361,2.87924983416789e-04,2.80644460851644e-02,4.20662990223352e+02,sinkhorn_cellsim
1.757233e+01,37381,2.87841871265008e-04,2.80644576562270e-02,4.20663034452643e+02,sinkhorn_cellsim
1.758170e+01,37401,2.87756565042018e-04,2.80644681208701e-02,4.20663078625320e+02,sinkhorn_cellsim
1.759108e+01,37421,2.87668758413449e-04,2.80644773658326e-02,4.20663122756358e+02,sinkhorn_cellsim
1.760044e+01,37441,2.87577997094749e-04,2.80644854170662e-02,4.20663166857440e+02,sinkhorn_cellsim
1.760981e+01,37461,2.87483595478936e-04,2.80644923951212e-02,4.20663210936736e+02,sinkhorn_cellsim
1.761919e+01,37481,2.87384534659034e-04,2.80644984702398e-02,4.20663254999266e+02,sinkhorn_cellsim
1.762856e+01,37501,2.87279335288868e-04,2.80645038288569e-02,4.20663299047467e+02,sinkhorn_cellsim
1.763793e+01,37521,2.87165895478503e-04,2.80645086542714e-02,4.20663343081678e+02,sinkhorn_cellsim
1.764731e+01,37541,2.87041282362449e-04,2.80645131191974e-02,4.20663387100439e+02,sinkhorn_cellsim
1.765668e+01,37561,2.86901465817884e-04,2.80645173864977e-02,4.20663431100571e+02,sinkhorn_cellsim
1.766605e+01,37581,2.86740986122144e-04,2.80645216148650e-02,4.20663475077049e+02,sinkhorn_cellsim
1.768501e+01,37601,2.86552556654441e-04,2.80645259672303e-02,4.20663519022694e+02,sinkhorn_cellsim
1.769443e+01,37621,2.86326623551492e-04,2.80645306204062e-02,4.20663562927711e+02,sinkhorn_cellsim
1.770380e+01,37641,2.86051264955101e-04,2.80645357747198e-02,4.20663606779134e+02,sinkhorn_cellsim
1.771317e+01,37661,2.85711824830695e-04,2.80645416620365e-02,4.20663650560244e+02,sinkhorn_cellsim
1.772253e+01,37681,2.85289351007928e-04,2.80645485496264e-02,4.20663694250146e+02,sinkhorn_cellsim
1.773190e+01,37701,2.84770841854773e-04,2.80645567359319e-02,4.20663737823744e+02,sinkhorn_cellsim
1.774130e+01,37721,2.84244729359209e-04,2.80645665330789e-02,4.20663781252492e+02,sinkhorn_cellsim
1.775067e+01,37741,2.83746145055912e-04,2.80645782311347e-02,4.20663824506330e+02,sinkhorn_cellsim
1.776003e+01,37761,2.83229634290936e-04,2.80645920427571e-02,4.20663867557042e+02,sinkhorn_cellsim
1.776941e+01,37781,2.82673740189403e-04,2.80646080355149e-02,4.20663910382817e+02,sinkhorn_cellsim
1.777878e+01,37801,2.82040162268958e-04,2.80646260713150e-02,4.20663952973006e+02,sinkhorn_cellsim
1.778815e+01,37821,2.81336124267249e-04,2.80646457808546e-02,4.20663995331422e+02,sinkhorn_cellsim
1.779751e+01,37841,2.80555910333525e-04,2.80646665955680e-02,4.20664037476545e+02,sinkhorn_cellsim
1.780688e+01,37861,2.79717755011312e-04,2.80646878366583e-02,4.20664079438181e+02,sinkhorn_cellsim
1.781624e+01,37881,2.78886223137989e-04,2.80647088326349e-02,4.20664121251710e+02,sinkhorn_cellsim
1.782561e+01,37901,2.78067484496887e-04,2.80647290236253e-02,4.20664162952124e+02,sinkhorn_cellsim
1.783498e+01,37921,2.77278761779529e-04,2.80647480218814e-02,4.20664204569709e+02,sinkhorn_cellsim
1.784435e+01,37941,2.76502563521244e-04,2.80647656224940e-02,4.20664246128055e+02,sinkhorn_cellsim
1.785371e+01,37961,2.75742506804032e-04,2.80647817783674e-02,4.20664287643972e+02,sinkhorn_cellsim
1.786309e+01,37981,2.75001881301323e-04,2.80647965599768e-02,4.20664329128452e+02,sinkhorn_cellsim
1.787246e+01,38001,2.74285368312722e-04,2.80648101162252e-02,4.20664370587898e+02,sinkhorn_cellsim
1.788182e+01,38021,2.73595643081346e-04,2.80648226449991e-02,4.20664412025184e+02,sinkhorn_cellsim
1.789119e+01,38041,2.72932152847741e-04,2.80648343758021e-02,4.20664453440358e+02,sinkhorn_cellsim
1.790056e+01,38061,2.72292701068310e-04,2.80648455635103e-02,4.20664494830971e+02,sinkhorn_cellsim
1.790993e+01,38081,2.71681787011196e-04,2.80648564912289e-02,4.20664536192066e+02,sinkhorn_cellsim
1.791931e+01,38101,2.71081478356641e-04,2.80648674803323e-02,4.20664577515867e+02,sinkhorn_cellsim
1.792867e+01,38121,2.70507638766654e-04,2.80648789061280e-02,4.20664618791192e+02,sinkhorn_cellsim
1.793805e+01,38141,2.69929518380176e-04,2.80648912176504e-02,4.20664660002618e+02,sinkhorn_cellsim
1.794741e+01,38161,2.69319168519364e-04,2.80649049593993e-02,4.20664701129443e+02,sinkhorn_cellsim
1.795678e+01,38181,2.68632914054791e-04,2.80649207910531e-02,4.20664742144506e+02,sinkhorn_cellsim
1.796615e+01,38201,2.67842838876828e-04,2.80649394978874e-02,4.20664783013081e+02,sinkhorn_cellsim
1.797552e+01,38221,2.66952800211420e-04,2.80649619798595e-02,4.20664823692171e+02,sinkhorn_cellsim
1.798488e+01,38241,2.66219855101454e-04,2.80649892020486e-02,4.20664864130777e+02,sinkhorn_cellsim
1.799425e+01,38261,2.65656776708613e-04,2.80650220867265e-02,4.20664904271876e+02,sinkhorn_cellsim
1.800362e+01,38281,2.65123557146810e-04,2.80650613342715e-02,4.20664944056891e+02,sinkhorn_cellsim
1.801300e+01,38301,2.64633242415027e-04,2.80651071845669e-02,4.20664983432933e+02,sinkhorn_cellsim
1.802236e+01,38321,2.64082757878334e-04,2.80651591744546e-02,4.20665022362018e+02,sinkhorn_cellsim
1.803173e+01,38341,2.63533282459354e-04,2.80652159932657e-02,4.20665060829911e+02,sinkhorn_cellsim
1.804110e+01,38361,2.62993481002951e-04,2.80652755469925e-02,4.20665098851163e+02,sinkhorn_cellsim
1.805047e+01,38381,2.62421105084751e-04,2.80653352750082e-02,4.20665136467560e+02,sinkhorn_cellsim
1.805983e+01,38401,2.61866373133814e-04,2.80653926382418e-02,4.20665173739831e+02,sinkhorn_cellsim
1.806920e+01,38421,2.61268424201494e-04,2.80654455988734e-02,4.20665210735619e+02,sinkhorn_cellsim
1.807856e+01,38441,2.60620491471967e-04,2.80654929200237e-02,4.20665247518085e+02,sinkhorn_cellsim
1.808793e+01,38461,2.59903380067113e-04,2.80655342206716e-02,4.20665284138291e+02,sinkhorn_cellsim
1.809730e+01,38481,2.59119398602384e-04,2.80655698387629e-02,4.20665320632044e+02,sinkhorn_cellsim
1.810668e+01,38501,2.58268702493220e-04,2.80656006102554e-02,4.20665357020012e+02,sinkhorn_cellsim
1.811604e+01,38521,2.57347715247519e-04,2.80656276578294e-02,4.20665393309331e+02,sinkhorn_cellsim
1.812541e+01,38541,2.56373811678880e-04,2.80656522379686e-02,4.20665429495342e+02,sinkhorn_cellsim
1.813478e+01,38561,2.55305747256757e-04,2.80656756539766e-02,4.20665465562805e+02,sinkhorn_cellsim
1.814415e+01,38581,2.54115697787847e-04,2.80656992182244e-02,4.20665501486447e+02,sinkhorn_cellsim
1.815352e+01,38601,2.52818098772086e-04,2.80657242367305e-02,4.20665537231160e+02,sinkhorn_cellsim
1.816289e+01,38621,2.51408077907002e-04,2.80657519863327e-02,4.20665572752417e+02,sinkhorn_cellsim
1.817225e+01,38641,2.49977162147084e-04,2.80657836555679e-02,4.20665607997663e+02,sinkhorn_cellsim
1.818162e+01,38661,2.48616707561598e-04,2.80658202266900e-02,4.20665642909598e+02,sinkhorn_cellsim
1.819099e+01,38681,2.47195523961751e-04,2.80658622943998e-02,4.20665677432003e+02,sinkhorn_cellsim
1.820036e+01,38701,2.45915350645942e-04,2.80659098522089e-02,4.20665711518044e+02,sinkhorn_cellsim
1.820972e+01,38721,2.44519279964369e-04,2.80659621232671e-02,4.20665745139632e+02,sinkhorn_cellsim
1.821909e+01,38741,2.42992131940131e-04,2.80660175401218e-02,4.20665778294985e+02,sinkhorn_cellsim
1.822845e+01,38761,2.41339353482925e-04,2.80660739468241e-02,4.20665811011141e+02,sinkhorn_cellsim
1.823782e+01,38781,2.39608286002516e-04,2.80661289973116e-02,4.20665843339724e+02,sinkhorn_cellsim
1.824719e+01,38801,2.37816130230223e-04,2.80661806125481e-02,4.20665875347225e+02,sinkhorn_cellsim
1.825656e+01,38821,2.36019071141401e-04,2.80662273236186e-02,4.20665907103497e+02,sinkhorn_cellsim
1.826593e+01,38841,2.34222939385648e-04,2.80662683986385e-02,4.20665938672349e+02,sinkhorn_cellsim
1.827530e+01,38861,2.32483537170569e-04,2.80663037664950e-02,4.20665970106267e+02,sinkhorn_cellsim
1.828467e+01,38881,2.30811110163401e-04,2.80663338260413e-02,4.20666001445135e+02,sinkhorn_cellsim
1.829404e+01,38901,2.29183299996631e-04,2.80663592358896e-02,4.20666032717542e+02,sinkhorn_cellsim
1.830342e+01,38921,2.27636621039292e-04,2.80663807440630e-02,4.20666063943174e+02,sinkhorn_cellsim
1.831278e+01,38941,2.26139304853788e-04,2.80663990764306e-02,4.20666095135267e+02,sinkhorn_cellsim
1.832215e+01,38961,2.24699176316308e-04,2.80664148776387e-02,4.20666126302637e+02,sinkhorn_cellsim
1.833152e+01,38981,2.23321621605120e-04,2.80664286890665e-02,4.20666157451179e+02,sinkhorn_cellsim
1.834089e+01,39001,2.22009355843531e-04,2.80664409487523e-02,4.20666188584894e+02,sinkhorn_cellsim
1.835026e+01,39021,2.20763040973931e-04,2.80664520022099e-02,4.20666219706561e+02,sinkhorn_cellsim
1.835963e+01,39041,2.19581837362641e-04,2.80664621172086e-02,4.20666250818172e+02,sinkhorn_cellsim
1.836900e+01,39061,2.18465890311678e-04,2.80664714987512e-02,4.20666281921194e+02,sinkhorn_cellsim
1.837836e+01,39081,2.17415100271946e-04,2.80664803024935e-02,4.20666313016748e+02,sinkhorn_cellsim
1.838774e+01,39101,2.16441380965940e-04,2.80664886459975e-02,4.20666344105709e+02,sinkhorn_cellsim
1.839710e+01,39121,2.15522740679102e-04,2.80664966178080e-02,4.20666375188777e+02,sinkhorn_cellsim
1.840647e+01,39141,2.14654325153881e-04,2.80665042845849e-02,4.20666406266521e+02,sinkhorn_cellsim
1.841585e+01,39161,2.13832836298428e-04,2.80665116966258e-02,4.20666437339402e+02,sinkhorn_cellsim
1.842522e+01,39181,2.13055829511595e-04,2.80665188920952e-02,4.20666468407797e+02,sinkhorn_cellsim
1.843458e+01,39201,2.12331440565102e-04,2.80665259002532e-02,4.20666499472002e+02,sinkhorn_cellsim
1.844395e+01,39221,2.11662145725375e-04,2.80665327439257e-02,4.20666530532245e+02,sinkhorn_cellsim
1.845332e+01,39241,2.11029916836967e-04,2.80665394414089e-02,4.20666561588674e+02,sinkhorn_cellsim
1.846269e+01,39261,2.10430028590304e-04,2.80665460079751e-02,4.20666592641360e+02,sinkhorn_cellsim
1.847206e+01,39281,2.09867564887937e-04,2.80665524571071e-02,4.20666623690276e+02,sinkhorn_cellsim
1.848143e+01,39301,2.09347490544680e-04,2.80665588015741e-02,4.20666654735282e+02,sinkhorn_cellsim
1.849080e+01,39321,2.08874389596397e-04,2.80665650544498e-02,4.20666685776092e+02,sinkhorn_cellsim
1.850017e+01,39341,2.08424081007865e-04,2.80665712301693e-02,4.20666716812226e+02,sinkhorn_cellsim
1.850953e+01,39361,2.07994792181583e-04,2.80665773457226e-02,4.20666747842956e+02,sinkhorn_cellsim
1.851890e+01,39381,2.07588817793276e-04,2.80665834221013e-02,4.20666778867210e+02,sinkhorn_cellsim
1.852827e+01,39401,2.07197694966096e-04,2.80665894861239e-02,4.20666809883463e+02,sinkhorn_cellsim
1.853764e+01,39421,2.06816177653935e-04,2.80665955727990e-02,4.20666840889570e+02,sinkhorn_cellsim
1.854701e+01,39441,2.06465638016709e-04,2.80666017284126e-02,4.20666871882555e+02,sinkhorn_cellsim
1.855639e+01,39461,2.06123932638312e-04,2.80666080145435e-02,4.20666902858314e+02,sinkhorn_cellsim
1.856576e+01,39481,2.05817727199895e-04,2.80666145132286e-02,4.20666933811238e+02,sinkhorn_cellsim
1.857513e+01,39501,2.05503308878566e-04,2.80666213334451e-02,4.20666964733713e+02,sinkhorn_cellsim
1.858450e+01,39521,2.05157144177257e-04,2.80666286189370e-02,4.20666995615494e+02,sinkhorn_cellsim
1.859387e+01,39541,2.04813361450531e-04,2.80666365570618e-02,4.20667026442938e+02,sinkhorn_cellsim
1.860323e+01,39561,2.04494032767581e-04,2.80666453876743e-02,4.20667057198133e+02,sinkhorn_cellsim
1.861261e+01,39581,2.04208401087934e-04,2.80666554098887e-02,4.20667087857983e+02,sinkhorn_cellsim
1.862197e+01,39601,2.03982305889999e-04,2.80666669828070e-02,4.20667118393451e+02,sinkhorn_cellsim
1.863134e+01,39621,2.03742435160590e-04,2.80666805141278e-02,4.20667148769244e+02,sinkhorn_cellsim
1.864071e+01,39641,2.03500372568138e-04,2.80666964287909e-02,4.20667178944434e+02,sinkhorn_cellsim
1.865009e+01,39661,2.03286569364250e-04,2.80667151105845e-02,4.20667208874541e+02,sinkhorn_cellsim
1.865945e+01,39681,2.03074214421320e-04,2.80667368160406e-02,4.20667238515529e+02,sinkhorn_cellsim
1.866882e+01,39701,2.02834778175845e-04,2.80667615744749e-02,4.20667267829577e+02,sinkhorn_cellsim
1.867819e+01,39721,2.02560047598091e-04,2.80667891077709e-02,4.20667296791564e+02,sinkhorn_cellsim
1.868756e+01,39741,2.02276251895831e-04,2.80668188162073e-02,4.20667325394111e+02,sinkhorn_cellsim
1.869693e+01,39761,2.01965739778190e-04,2.80668498646084e-02,4.20667353648775e+02,sinkhorn_cellsim
1.870630e+01,39781,2.01634009200916e-04,2.80668813612142e-02,4.20667381582124e+02,sinkhorn_cellsim
1.871567e+01,39801,2.01247212144148e-04,2.80669125722944e-02,4.20667409227606e+02,sinkhorn_cellsim
1.872504e+01,39821,2.00772382506499e-04,2.80669430955661e-02,4.20667436616031e+02,sinkhorn_cellsim
1.873441e+01,39841,2.00194615714839e-04,2.80669729394459e-02,4.20667463767693e+02,sinkhorn_cellsim
1.874378e+01,39861,1.99550581200748e-04,2.80670025000120e-02,4.20667490687914e+02,sinkhorn_cellsim
1.875314e+01,39881,1.98806794004922e-04,2.80670324590795e-02,4.20667517366324e+02,sinkhorn_cellsim
1.876251e+01,39901,1.98046994955853e-04,2.80670636321076e-02,4.20667543779367e+02,sinkhorn_cellsim
1.877188e+01,39921,1.97148106333948e-04,2.80670967858646e-02,4.20667569895471e+02,sinkhorn_cellsim
1.878126e+01,39941,1.96134260686576e-04,2.80671324425129e-02,4.20667595682355e+02,sinkhorn_cellsim
1.879063e+01,39961,1.95122005855280e-04,2.80671706996318e-02,4.20667621115573e+02,sinkhorn_cellsim
1.880000e+01,39981,1.94129222497016e-04,2.80672111176823e-02,4.20667646186542e+02,sinkhorn_cellsim
1.880937e+01,40001,1.93144390401583e-04,2.80672527335352e-02,4.20667670907546e+02,sinkhorn_cellsim
1.881874e+01,40021,1.92110406219595e-04,2.80672942263745e-02,4.20667695311627e+02,sinkhorn_cellsim
1.882811e+01,40041,1.91021196557191e-04,2.80673341946327e-02,4.20667719447149e+02,sinkhorn_cellsim
1.883749e+01,40061,1.89899272265530e-04,2.80673714435264e-02,4.20667743369165e+02,sinkhorn_cellsim
1.884686e+01,40081,1.88767682526812e-04,2.80674051801263e-02,4.20667767130900e+02,sinkhorn_cellsim
1.885623e+01,40101,1.87669594915199e-04,2.80674350684327e-02,4.20667790777910e+02,sinkhorn_cellsim
1.886560e+01,40121,1.86634941588367e-04,2.80674611655190e-02,4.20667814345668e+02,sinkhorn_cellsim
1.887497e+01,40141,1.85670463397373e-04,2.80674837970448e-02,4.20667837859847e+02,sinkhorn_cellsim
1.888433e+01,40161,1.84756050767932e-04,2.80675034279533e-02,4.20667861338034e+02,sinkhorn_cellsim
1.889370e+01,40181,1.83901567153450e-04,2.80675205608534e-02,4.20667884791806e+02,sinkhorn_cellsim
1.890307e+01,40201,1.83084185678514e-04,2.80675356711806e-02,4.20667908228589e+02,sinkhorn_cellsim
1.891244e+01,40221,1.82309019469065e-04,2.80675491742681e-02,4.20667931653083e+02,sinkhorn_cellsim
1.892181e+01,40241,1.81570900822992e-04,2.80675614145829e-02,4.20667955068252e+02,sinkhorn_cellsim
1.893119e+01,40261,1.80861944688991e-04,2.80675726679167e-02,4.20667978475985e+02,sinkhorn_cellsim
1.894056e+01,40281,1.80181245251553e-04,2.80675831497746e-02,4.20668001877506e+02,sinkhorn_cellsim
1.894993e+01,40301,1.79527573257642e-04,2.80675930257772e-02,4.20668025273634e+02,sinkhorn_cellsim
1.895930e+01,40321,1.78899535359385e-04,2.80676024218121e-02,4.20668048664936e+02,sinkhorn_cellsim
1.896868e+01,40341,1.78297722290666e-04,2.80676114329211e-02,4.20668072051822e+02,sinkhorn_cellsim
1.897805e+01,40361,1.77720008800080e-04,2.80676201306185e-02,4.20668095434602e+02,sinkhorn_cellsim
1.898742e+01,40381,1.77163523314380e-04,2.80676285686856e-02,4.20668118813523e+02,sinkhorn_cellsim
1.899679e+01,40401,1.76626932732937e-04,2.80676367876512e-02,4.20668142188786e+02,sinkhorn_cellsim
1.900616e+01,40421,1.76108993218156e-04,2.80676448181864e-02,4.20668165560559e+02,sinkhorn_cellsim
1.901552e+01,40441,1.75608552087847e-04,2.80676526836556e-02,4.20668188928992e+02,sinkhorn_cellsim
1.902490e+01,40461,1.75124545526688e-04,2.80676604020110e-02,4.20668212294214e+02,sinkhorn_cellsim
1.903426e+01,40481,1.74655993995427e-04,2.80676679871944e-02,4.20668235656343e+02,sinkhorn_cellsim
1.904364e+01,40501,1.74201996436817e-04,2.80676754501700e-02,4.20668259015485e+02,sinkhorn_cellsim
1.905301e+01,40521,1.73761838608700e-04,2.80676827996831e-02,4.20668282371737e+02,sinkhorn_cellsim
1.906238e+01,40541,1.73345847045538e-04,2.80676900428184e-02,4.20668305725190e+02,sinkhorn_cellsim
1.907176e+01,40561,1.72951455867221e-04,2.80676971854079e-02,4.20668329075926e+02,sinkhorn_cellsim
1.908113e+01,40581,1.72583119633099e-04,2.80677042323325e-02,4.20668352424023e+02,sinkhorn_cellsim
1.909050e+01,40601,1.72251071820772e-04,2.80677111877453e-02,4.20668375769555e+02,sinkhorn_cellsim
1.909987e+01,40621,1.71931550316540e-04,2.80677180552323e-02,4.20668399112590e+02,sinkhorn_cellsim
1.910925e+01,40641,1.71620681608653e-04,2.80677248379378e-02,4.20668422453191e+02,sinkhorn_cellsim
1.911862e+01,40661,1.71349852608409e-04,2.80677315386513e-02,4.20668445791421e+02,sinkhorn_cellsim
1.912799e+01,40681,1.71124734924115e-04,2.80677381598787e-02,4.20668469127337e+02,sinkhorn_cellsim
1.913736e+01,40701,1.70916720299845e-04,2.80677447038933e-02,4.20668492460993e+02,sinkhorn_cellsim
1.914673e+01,40721,1.70727191537657e-04,2.80677511727746e-02,4.20668515792443e+02,sinkhorn_cellsim
1.915611e+01,40741,1.70553153984643e-04,2.80677575684398e-02,4.20668539121736e+02,sinkhorn_cellsim
1.916548e+01,40761,1.70388875982832e-04,2.80677638926666e-02,4.20668562448919e+02,sinkhorn_cellsim
1.917485e+01,40781,1.70232125553457e-04,2.80677701471141e-02,4.20668585774039e+02,sinkhorn_cellsim
1.918422e+01,40801,1.70076459704152e-04,2.80677763333352e-02,4.20668609097140e+02,sinkhorn_cellsim
1.919360e+01,40821,1.69922165707242e-04,2.80677824527927e-02,4.20668632418264e+02,sinkhorn_cellsim
1.920296e+01,40841,1.69767763204553e-04,2.80677885068661e-02,4.20668655737450e+02,sinkhorn_cellsim
1.921234e+01,40861,1.69613320155454e-04,2.80677944968622e-02,4.20668679054739e+02,sinkhorn_cellsim
1.922171e+01,40881,1.69458900626521e-04,2.80678004240217e-02,4.20668702370168e+02,sinkhorn_cellsim
1.923108e+01,40901,1.69304564990817e-04,2.80678062895258e-02,4.20668725683774e+02,sinkhorn_cellsim
1.924045e+01,40921,1.69150370105240e-04,2.80678120945017e-02,4.20668748995592e+02,sinkhorn_cellsim
1.924982e+01,40941,1.68996369510816e-04,2.80678178400263e-02,4.20668772305656e+02,sinkhorn_cellsim
1.925919e+01,40961,1.68842613560521e-04,2.80678235271324e-02,4.20668795613999e+02,sinkhorn_cellsim
1.926857e+01,40981,1.68689149625537e-04,2.80678291568091e-02,4.20668818920653e+02,sinkhorn_cellsim
1.927793e+01,41001,1.68536069572235e-04,2.80678347300092e-02,4.20668842225650e+02,sinkhorn_cellsim
1.928731e+01,41021,1.68383586585332e-04,2.80678402476489e-02,4.20668865529020e+02,sinkhorn_cellsim
1.929667e+01,41041,1.68231553062516e-04,2.80678457106112e-02,4.20668888830793e+02,sinkhorn_cellsim
1.930605e+01,41061,1.68080004007637e-04,2.80678511197498e-02,4.20668912130996e+02,sinkhorn_cellsim
1.931541e+01,41081,1.67928972193660e-04,2.80678564758889e-02,4.20668935429658e+02,sinkhorn_cellsim
1.932479e+01,41101,1.67778488287007e-04,2.80678617798266e-02,4.20668958726807e+02,sinkhorn_cellsim
1.933416e+01,41121,1.67628580945189e-04,2.80678670323371e-02,4.20668982022468e+02,sinkhorn_cellsim
1.934353e+01,41141,1.67479276945259e-04,2.80678722341700e-02,4.20669005316668e+02,sinkhorn_cellsim
1.935291e+01,41161,1.67330601271035e-04,2.80678773860544e-02,4.20669028609432e+02,sinkhorn_cellsim
1.936229e+01,41181,1.67182577197771e-04,2.80678824886991e-02,4.20669051900785e+02,sinkhorn_cellsim
1.937166e+01,41201,1.67035226407877e-04,2.80678875427928e-02,4.20669075190751e+02,sinkhorn_cellsim
1.938103e+01,41221,1.66888569063869e-04,2.80678925490067e-02,4.20669098479353e+02,sinkhorn_cellsim
1.939041e+01,41241,1.66742623879887e-04,2.80678975079947e-02,4.20669121766615e+02,sinkhorn_cellsim
1.939978e+01,41261,1.66597408209434e-04,2.80679024203959e-02,4.20669145052558e+02,sinkhorn_cellsim
1.940915e+01,41281,1.66453064095582e-04,2.80679072868322e-02,4.20669168337206e+02,sinkhorn_cellsim
1.941853e+01,41301,1.66310428921033e-04,2.80679121079117e-02,4.20669191620579e+02,sinkhorn_cellsim
1.942790e+01,41321,1.66168700928025e-04,2.80679168842287e-02,4.20669214902700e+02,sinkhorn_cellsim
1.943727e+01,41341,1.66027785652117e-04,2.80679216163647e-02,4.20669238183588e+02,sinkhorn_cellsim
1.944664e+01,41361,1.65887692671503e-04,2.80679263048873e-02,4.20669261463264e+02,sinkhorn_cellsim
1.945602e+01,41381,1.65748430668982e-04,2.80679309503536e-02,4.20669284741748e+02,sinkhorn_cellsim
1.946539e+01,41401,1.65610007505114e-04,2.80679355533082e-02,4.20669308019059e+02,sinkhorn_cellsim
1.947477e+01,41421,1.65472430248705e-04,2.80679401142845e-02,4.20669331295216e+02,sinkhorn_cellsim
1.948414e+01,41441,1.65335705929057e-04,2.80679446338060e-02,4.20669354570239e+02,sinkhorn_cellsim
1.949352e+01,41461,1.65201882508086e-04,2.80679491123854e-02,4.20669377844145e+02,sinkhorn_cellsim
1.950289e+01,41481,1.65070388188563e-04,2.80679535505254e-02,4.20669401116954e+02,sinkhorn_cellsim
1.951227e+01,41501,1.64941782941418e-04,2.80679579487199e-02,4.20669424388681e+02,sinkhorn_cellsim
1.952163e+01,41521,1.64814101016639e-04,2.80679623074528e-02,4.20669447659345e+02,sinkhorn_cellsim
1.953101e+01,41541,1.64687340172768e-04,2.80679666271992e-02,4.20669470928963e+02,sinkhorn_cellsim
1.954038e+01,41561,1.64561497916401e-04,2.80679709084259e-02,4.20669494197551e+02,sinkhorn_cellsim
1.954976e+01,41581,1.64436571525706e-04,2.80679751515912e-02,4.20669517465126e+02,sinkhorn_cellsim
1.955913e+01,41601,1.64312558065626e-04,2.80679793571455e-02,4.20669540731705e+02,sinkhorn_cellsim
1.956851e+01,41621,1.64189454400630e-04,2.80679835255310e-02,4.20669563997302e+02,sinkhorn_cellsim
1.957788e+01,41641,1.64067257208845e-04,2.80679876571824e-02,4.20669587261934e+02,sinkhorn_cellsim
1.958726e+01,41661,1.63945962996092e-04,2.80679917525273e-02,4.20669610525615e+02,sinkhorn_cellsim
1.959662e+01,41681,1.63825568113387e-04,2.80679958119858e-02,4.20669633788362e+02,sinkhorn_cellsim
1.960600e+01,41701,1.63706068756472e-04,2.80679998359706e-02,4.20669657050188e+02,sinkhorn_cellsim
1.961537e+01,41721,1.63587460987103e-04,2.80680038248881e-02,4.20669680311107e+02,sinkhorn_cellsim
1.962475e+01,41741,1.63469740736110e-04,2.80680077791377e-02,4.20669703571136e+02,sinkhorn_cellsim
1.963412e+01,41761,1.63352903819223e-04,2.80680116991129e-02,4.20669726830286e+02,sinkhorn_cellsim
1.964350e+01,41781,1.63236945941966e-04,2.80680155852000e-02,4.20669750088572e+02,sinkhorn_cellsim
1.965287e+01,41801,1.63121862705028e-04,2.80680194377800e-02,4.20669773346008e+02,sinkhorn_cellsim
1.966225e+01,41821,1.63007649627070e-04,2.80680232572268e-02,4.20669796602607e+02,sinkhorn_cellsim
1.967162e+01,41841,1.62894302121051e-04,2.80680270439094e-02,4.20669819858381e+02,sinkhorn_cellsim
1.968099e+01,41861,1.62781815540465e-04,2.80680307981900e-02,4.20669843113344e+02,sinkhorn_cellsim
1.969037e+01,41881,1.62670185152962e-04,2.80680345204269e-02,4.20669866367509e+02,sinkhorn_cellsim
1.969974e+01,41901,1.62559406170437e-04,2.80680382109707e-02,4.20669889620887e+02,sinkhorn_cellsim
1.970911e+01,41921,1.62449473733353e-04,2.80680418701679e-02,4.20669912873491e+02,sinkhorn_cellsim
1.971849e+01,41941,1.62340382935545e-04,2.80680454983597e-02,4.20669936125332e+02,sinkhorn_cellsim
1.972786e+01,41961,1.62232128818591e-04,2.80680490958816e-02,4.20669959376424e+02,sinkhorn_cellsim
1.973724e+01,41981,1.62124706369532e-04,2.80680526630646e-02,4.20669982626776e+02,sinkhorn_cellsim
1.974661e+01,42001,1.62018110549338e-04,2.80680562002344e-02,4.20670005876402e+02,sinkhorn_cellsim
1.975598e+01,42021,1.61912336270361e-04,2.80680597077115e-02,4.20670029125311e+02,sinkhorn_cellsim
1.976535e+01,42041,1.61807378414787e-04,2.80680631858130e-02,4.20670052373515e+02,sinkhorn_cellsim
1.977472e+01,42061,1.61703231846195e-04,2.80680666348500e-02,4.20670075621024e+02,sinkhorn_cellsim
1.978410e+01,42081,1.61599891386163e-04,2.80680700551290e-02,4.20670098867850e+02,sinkhorn_cellsim
1.979347e+01,42101,1.61497351850744e-04,2.80680734469531e-02,4.20670122114003e+02,sinkhorn_cellsim
1.980284e+01,42121,1.61395608019039e-04,2.80680768106201e-02,4.20670145359493e+02,sinkhorn_cellsim
1.981222e+01,42141,1.61294654668312e-04,2.80680801464243e-02,4.20670168604330e+02,sinkhorn_cellsim
1.982159e+01,42161,1.61194486559479e-04,2.80680834546552e-02,4.20670191848524e+02,sinkhorn_cellsim
1.983097e+01,42181,1.61095098438773e-04,2.80680867355982e-02,4.20670215092086e+02,sinkhorn_cellsim
1.984034e+01,42201,1.60996485053438e-04,2.80680899895346e-02,4.20670238335024e+02,sinkhorn_cellsim
1.984972e+01,42221,1.60898641137063e-04,2.80680932167421e-02,4.20670261577348e+02,sinkhorn_cellsim
1.985909e+01,42241,1.60801561420409e-04,2.80680964174941e-02,4.20670284819068e+02,sinkhorn_cellsim
1.986847e+01,42261,1.60705240638083e-04,2.80680995920611e-02,4.20670308060192e+02,sinkhorn_cellsim
1.987784e+01,42281,1.60609673517594e-04,2.80681027407084e-02,4.20670331300730e+02,sinkhorn_cellsim
1.988721e+01,42301,1.60514854797947e-04,2.80681058636986e-02,4.20670354540691e+02,sinkhorn_cellsim
1.989659e+01,42321,1.60420779217486e-04,2.80681089612904e-02,4.20670377780083e+02,sinkhorn_cellsim
1.990596e+01,42341,1.60327441521490e-04,2.80681120337391e-02,4.20670401018915e+02,sinkhorn_cellsim
1.991534e+01,42361,1.60234836464833e-04,2.80681150812967e-02,4.20670424257195e+02,sinkhorn_cellsim
1.992471e+01,42381,1.60142958806606e-04,2.80681181042110e-02,4.20670447494932e+02,sinkhorn_cellsim
1.993408e+01,42401,1.60051803320189e-04,2.80681211027279e-02,4.20670470732134e+02,sinkhorn_cellsim
1.994346e+01,42421,1.59961364791062e-04,2.80681240770879e-02,4.20670493968809e+02,sinkhorn_cellsim
1.995283e+01,42441,1.59871638016898e-04,2.80681270275305e-02,4.20670517204964e+02,sinkhorn_cellsim
1.996221e+01,42461,1.59782617810958e-04,2.80681299542906e-02,4.20670540440609e+02,sinkhorn_cellsim
1.997158e+01,42481,1.59694298995623e-04,2.80681328576004e-02,4.20670563675749e+02,sinkhorn_cellsim
1.998096e+01,42501,1.59606676417588e-04,2.80681357376891e-02,4.20670586910394e+02,sinkhorn_cellsim
1.999033e+01,42521,1.59519744937314e-04,2.80681385947831e-02,4.20670610144550e+02,sinkhorn_cellsim
1.999970e+01,42541,1.59433499432054e-04,2.80681414291053e-02,4.20670633378224e+02,sinkhorn_cellsim
2.000907e+01,42561,1.59347934804749e-04,2.80681442408759e-02,4.20670656611425e+02,sinkhorn_cellsim
2.001844e+01,42581,1.59263045971482e-04,2.80681470303129e-02,4.20670679844158e+02,sinkhorn_cellsim
2.002782e+01,42601,1.59178827865983e-04,2.80681497976305e-02,4.20670703076431e+02,sinkhorn_cellsim
2.003719e+01,42621,1.59095275456789e-04,2.80681525430405e-02,4.20670726308250e+02,sinkhorn_cellsim
2.004658e+01,42641,1.59012383720076e-04,2.80681552667528e-02,4.20670749539624e+02,sinkhorn_cellsim
2.005595e+01,42661,1.58930147661166e-04,2.80681579689737e-02,4.20670772770557e+02,sinkhorn_cellsim
2.006532e+01,42681,1.58848562309713e-04,2.80681606499067e-02,4.20670796001056e+02,sinkhorn_cellsim
2.007470e+01,42701,1.58768228938343e-04,2.80681633097539e-02,4.20670819231129e+02,sinkhorn_cellsim
2.008407e+01,42721,1.58689147343326e-04,2.80681659487137e-02,4.20670842460781e+02,sinkhorn_cellsim
2.009344e+01,42741,1.58610692571851e-04,2.80681685669825e-02,4.20670865690019e+02,sinkhorn_cellsim
2.010281e+01,42761,1.58532859787857e-04,2.80681711647546e-02,4.20670888918848e+02,sinkhorn_cellsim
2.011220e+01,42781,1.58455644182211e-04,2.80681737422214e-02,4.20670912147275e+02,sinkhorn_cellsim
2.012157e+01,42801,1.58379786033402e-04,2.80681762995728e-02,4.20670935375306e+02,sinkhorn_cellsim
2.013096e+01,42821,1.58305003528142e-04,2.80681788369945e-02,4.20670958602946e+02,sinkhorn_cellsim
2.014033e+01,42841,1.58230814827520e-04,2.80681813546720e-02,4.20670981830201e+02,sinkhorn_cellsim
2.014970e+01,42861,1.58157215273887e-04,2.80681838527874e-02,4.20671005057077e+02,sinkhorn_cellsim
2.015908e+01,42881,1.58084200249603e-04,2.80681863315212e-02,4.20671028283579e+02,sinkhorn_cellsim
2.016846e+01,42901,1.58011765154935e-04,2.80681887910513e-02,4.20671051509713e+02,sinkhorn_cellsim
2.017783e+01,42921,1.57939905428984e-04,2.80681912315532e-02,4.20671074735485e+02,sinkhorn_cellsim
2.018721e+01,42941,1.57868616531556e-04,2.80681936532016e-02,4.20671097960899e+02,sinkhorn_cellsim
2.019658e+01,42961,1.57797893961782e-04,2.80681960561673e-02,4.20671121185961e+02,sinkhorn_cellsim
2.020596e+01,42981,1.57728398236382e-04,2.80681984406209e-02,4.20671144410676e+02,sinkhorn_cellsim
2.021534e+01,43001,1.57662917368749e-04,2.80682008067296e-02,4.20671167635048e+02,sinkhorn_cellsim
2.022471e+01,43021,1.57598423738655e-04,2.80682031546592e-02,4.20671190859084e+02,sinkhorn_cellsim
2.023408e+01,43041,1.57534443552484e-04,2.80682054845739e-02,4.20671214082787e+02,sinkhorn_cellsim
2.024346e+01,43061,1.57472342437263e-04,2.80682077966354e-02,4.20671237306163e+02,sinkhorn_cellsim
2.025284e+01,43081,1.57412182677530e-04,2.80682100910036e-02,4.20671260529217e+02,sinkhorn_cellsim
2.026221e+01,43101,1.57352647523944e-04,2.80682123678369e-02,4.20671283751953e+02,sinkhorn_cellsim
2.027159e+01,43121,1.57293586740159e-04,2.80682146272917e-02,4.20671306974375e+02,sinkhorn_cellsim
2.028097e+01,43141,1.57234996440840e-04,2.80682168695226e-02,4.20671330196488e+02,sinkhorn_cellsim
2.029034e+01,43161,1.57176872776166e-04,2.80682190946826e-02,4.20671353418297e+02,sinkhorn_cellsim
2.029972e+01,43181,1.57119211922807e-04,2.80682213029228e-02,4.20671376639806e+02,sinkhorn_cellsim
2.030910e+01,43201,1.57062010090033e-04,2.80682234943924e-02,4.20671399861019e+02,sinkhorn_cellsim
2.031848e+01,43221,1.57005263518819e-04,2.80682256692394e-02,4.20671423081941e+02,sinkhorn_cellsim
2.032785e+01,43241,1.56948968482160e-04,2.80682278276099e-02,4.20671446302576e+02,sinkhorn_cellsim
2.033723e+01,43261,1.56893121280125e-04,2.80682299696481e-02,4.20671469522927e+02,sinkhorn_cellsim
2.034661e+01,43281,1.56837718249731e-04,2.80682320954969e-02,4.20671492742999e+02,sinkhorn_cellsim
2.035599e+01,43301,1.56782755745621e-04,2.80682342052980e-02,4.20671515962797e+02,sinkhorn_cellsim
2.036536e+01,43321,1.56728230164984e-04,2.80682362991903e-02,4.20671539182323e+02,sinkhorn_cellsim
2.037475e+01,43341,1.56674137921978e-04,2.80682383773130e-02,4.20671562401582e+02,sinkhorn_cellsim
2.038412e+01,43361,1.56620475470312e-04,2.80682404398022e-02,4.20671585620577e+02,sinkhorn_cellsim
2.039350e+01,43381,1.56567239293468e-04,2.80682424867931e-02,4.20671608839313e+02,sinkhorn_cellsim
2.040288e+01,43401,1.56514425892600e-04,2.80682445184192e-02,4.20671632057792e+02,sinkhorn_cellsim
2.041226e+01,43421,1.56462031809007e-04,2.80682465348132e-02,4.20671655276019e+02,sinkhorn_cellsim
2.042163e+01,43441,1.56410053600903e-04,2.80682485361060e-02,4.20671678493997e+02,sinkhorn_cellsim
2.043101e+01,43461,1.56358487867528e-04,2.80682505224266e-02,4.20671701711730e+02,sinkhorn_cellsim
2.044038e+01,43481,1.56307331222446e-04,2.80682524939033e-02,4.20671724929221e+02,sinkhorn_cellsim
2.044976e+01,43501,1.56256580316283e-04,2.80682544506626e-02,4.20671748146473e+02,sinkhorn_cellsim
2.045914e+01,43521,1.56206231823142e-04,2.80682563928306e-02,4.20671771363491e+02,sinkhorn_cellsim
2.046851e+01,43541,1.56156282450027e-04,2.80682583205296e-02,4.20671794580276e+02,sinkhorn_cellsim
2.047788e+01,43561,1.56106728918331e-04,2.80682602338845e-02,4.20671817796833e+02,sinkhorn_cellsim
2.048726e+01,43581,1.56057567989651e-04,2.80682621330151e-02,4.20671841013165e+02,sinkhorn_cellsim
2.049664e+01,43601,1.56008796444700e-04,2.80682640180418e-02,4.20671864229274e+02,sinkhorn_cellsim
2.050602e+01,43621,1.55960411091621e-04,2.80682658890842e-02,4.20671887445164e+02,sinkhorn_cellsim
2.051540e+01,43641,1.55912408761077e-04,2.80682677462593e-02,4.20671910660839e+02,sinkhorn_cellsim
2.052477e+01,43661,1.55864786320677e-04,2.80682695896840e-02,4.20671933876300e+02,sinkhorn_cellsim
2.053415e+01,43681,1.55817540653435e-04,2.80682714194729e-02,4.20671957091551e+02,sinkhorn_cellsim
2.054352e+01,43701,1.55770668668077e-04,2.80682732357406e-02,4.20671980306595e+02,sinkhorn_cellsim
2.055289e+01,43721,1.55724167305844e-04,2.80682750385998e-02,4.20672003521435e+02,sinkhorn_cellsim
2.056227e+01,43741,1.55678033528340e-04,2.80682768281619e-02,4.20672026736074e+02,sinkhorn_cellsim
2.057165e+01,43761,1.55632264319722e-04,2.80682786045379e-02,4.20672049950513e+02,sinkhorn_cellsim
2.058103e+01,43781,1.55586856692443e-04,2.80682803678370e-02,4.20672073164757e+02,sinkhorn_cellsim
2.059041e+01,43801,1.55541807685430e-04,2.80682821181680e-02,4.20672096378808e+02,sinkhorn_cellsim
2.059978e+01,43821,1.55497114355470e-04,2.80682838556374e-02,4.20672119592668e+02,sinkhorn_cellsim
2.060916e+01,43841,1.55452773790760e-04,2.80682855803517e-02,4.20672142806341e+02,sinkhorn_cellsim
2.061853e+01,43861,1.55408783097682e-04,2.80682872924164e-02,4.20672166019828e+02,sinkhorn_cellsim
2.062790e+01,43881,1.55365139404282e-04,2.80682889919351e-02,4.20672189233132e+02,sinkhorn_cellsim
2.063728e+01,43901,1.55321839871557e-04,2.80682906790112e-02,4.20672212446256e+02,sinkhorn_cellsim
2.064666e+01,43921,1.55278881679562e-04,2.80682923537459e-02,4.20672235659202e+02,sinkhorn_cellsim
2.065603e+01,43941,1.55236262029329e-04,2.80682940162412e-02,4.20672258871973e+02,sinkhorn_cellsim
2.066541e+01,43961,1.55193978144101e-04,2.80682956665959e-02,4.20672282084570e+02,sinkhorn_cellsim
2.067479e+01,43981,1.55152027275520e-04,2.80682973049103e-02,4.20672305296998e+02,sinkhorn_cellsim
2.068416e+01,44001,1.55110406686479e-04,2.80682989312815e-02,4.20672328509257e+02,sinkhorn_cellsim
2.069353e+01,44021,1.55069113680694e-04,2.80683005458070e-02,4.20672351721350e+02,sinkhorn_cellsim
2.070290e+01,44041,1.55028145572096e-04,2.80683021485824e-02,4.20672374933279e+02,sinkhorn_cellsim
2.071228e+01,44061,1.54987499691903e-04,2.80683037397035e-02,4.20672398145046e+02,sinkhorn_cellsim
2.072166e+01,44081,1.54947173408052e-04,2.80683053192641e-02,4.20672421356654e+02,sinkhorn_cellsim
2.073104e+01,44101,1.54907164093999e-04,2.80683068873580e-02,4.20672444568105e+02,sinkhorn_cellsim
2.074041e+01,44121,1.54868002383293e-04,2.80683084440773e-02,4.20672467779401e+02,sinkhorn_cellsim
2.074979e+01,44141,1.54829563024582e-04,2.80683099895132e-02,4.20672490990544e+02,sinkhorn_cellsim
2.075917e+01,44161,1.54791424879190e-04,2.80683115237571e-02,4.20672514201536e+02,sinkhorn_cellsim
2.076855e+01,44181,1.54753585493253e-04,2.80683130468981e-02,4.20672537412379e+02,sinkhorn_cellsim
2.077793e+01,44201,1.54716042423349e-04,2.80683145590260e-02,4.20672560623075e+02,sinkhorn_cellsim
2.078731e+01,44221,1.54678793248308e-04,2.80683160602281e-02,4.20672583833626e+02,sinkhorn_cellsim
2.079668e+01,44241,1.54643139397104e-04,2.80683175505923e-02,4.20672607044034e+02,sinkhorn_cellsim
2.080606e+01,44261,1.54608140914600e-04,2.80683190302043e-02,4.20672630254301e+02,sinkhorn_cellsim
2.081543e+01,44281,1.54573415027280e-04,2.80683204991503e-02,4.20672653464429e+02,sinkhorn_cellsim
2.082481e+01,44301,1.54538959521003e-04,2.80683219575150e-02,4.20672676674419e+02,sinkhorn_cellsim
2.083419e+01,44321,1.54504772196929e-04,2.80683234053823e-02,4.20672699884274e+02,sinkhorn_cellsim
2.084357e+01,44341,1.54470850876098e-04,2.80683248428355e-02,4.20672723093995e+02,sinkhorn_cellsim
2.085294e+01,44361,1.54437193394814e-04,2.80683262699569e-02,4.20672746303584e+02,sinkhorn_cellsim
2.086232e+01,44381,1.54403797613266e-04,2.80683276868281e-02,4.20672769513042e+02,sinkhorn_cellsim
2.087170e+01,44401,1.54370661399232e-04,2.80683290935308e-02,4.20672792722372e+02,sinkhorn_cellsim
2.088107e+01,44421,1.54337782650395e-04,2.80683304901439e-02,4.20672815931576e+02,sinkhorn_cellsim
2.089045e+01,44441,1.54305159264140e-04,2.80683318767481e-02,4.20672839140653e+02,sinkhorn_cellsim
2.089983e+01,44461,1.54272789178005e-04,2.80683332534210e-02,4.20672862349608e+02,sinkhorn_cellsim
2.090920e+01,44481,1.54240670328519e-04,2.80683346202416e-02,4.20672885558440e+02,sinkhorn_cellsim
2.091858e+01,44501,1.54208811682635e-04,2.80683359772861e-02,4.20672908767153e+02,sinkhorn_cellsim
2.092796e+01,44521,1.54179125647464e-04,2.80683373246319e-02,4.20672931975746e+02,sinkhorn_cellsim
2.093733e+01,44541,1.54150454793701e-04,2.80683386623544e-02,4.20672955184222e+02,sinkhorn_cellsim
2.094671e+01,44561,1.54122004242367e-04,2.80683399905288e-02,4.20672978392582e+02,sinkhorn_cellsim
2.095609e+01,44581,1.54093772227608e-04,2.80683413092296e-02,4.20673001600829e+02,sinkhorn_cellsim
2.096545e+01,44601,1.54065756986435e-04,2.80683426185308e-02,4.20673024808962e+02,sinkhorn_cellsim
2.097484e+01,44621,1.54037956779986e-04,2.80683439185056e-02,4.20673048016984e+02,sinkhorn_cellsim
2.098421e+01,44641,1.54010369879756e-04,2.80683452092260e-02,4.20673071224897e+02,sinkhorn_cellsim
2.099359e+01,44661,1.53982994578057e-04,2.80683464907638e-02,4.20673094432701e+02,sinkhorn_cellsim
2.100297e+01,44681,1.53955829166700e-04,2.80683477631906e-02,4.20673117640397e+02,sinkhorn_cellsim
2.101234e+01,44701,1.53928871962681e-04,2.80683490265770e-02,4.20673140847989e+02,sinkhorn_cellsim
2.102172e+01,44721,1.53902121298695e-04,2.80683502809918e-02,4.20673164055476e+02,sinkhorn_cellsim
2.103110e+01,44741,1.53875575511058e-04,2.80683515265059e-02,4.20673187262860e+02,sinkhorn_cellsim
2.104048e+01,44761,1.53849232956204e-04,2.80683527631870e-02,4.20673210470142e+02,sinkhorn_cellsim
2.104986e+01,44781,1.53823092005965e-04,2.80683539911033e-02,4.20673233677324e+02,sinkhorn_cellsim
2.105923e+01,44801,1.53797151035572e-04,2.80683552103221e-02,4.20673256884407e+02,sinkhorn_cellsim
2.107800e+01,44821,1.53771408450285e-04,2.80683564209104e-02,4.20673280091392e+02,sinkhorn_cellsim
2.108742e+01,44841,1.53745862650176e-04,2.80683576229349e-02,4.20673303298281e+02,sinkhorn_cellsim
2.109680e+01,44861,1.53720512062165e-04,2.80683588164603e-02,4.20673326505074e+02,sinkhorn_cellsim
2.110617e+01,44881,1.53695355121818e-04,2.80683600015524e-02,4.20673349711773e+02,sinkhorn_cellsim
2.111554e+01,44901,1.53670390271064e-04,2.80683611782754e-02,4.20673372918379e+02,sinkhorn_cellsim
2.112491e+01,44921,1.53645615975195e-04,2.80683623466935e-02,4.20673396124893e+02,sinkhorn_cellsim
2.113431e+01,44941,1.53621030706189e-04,2.80683635068698e-02,4.20673419331317e+02,sinkhorn_cellsim
2.114367e+01,44961,1.53596632946223e-04,2.80683646588675e-02,4.20673442537651e+02,sinkhorn_cellsim
2.115304e+01,44981,1.53572421194406e-04,2.80683658027489e-02,4.20673465743897e+02,sinkhorn_cellsim
2.116241e+01,45001,1.53548393960384e-04,2.80683669385753e-02,4.20673488950055e+02,sinkhorn_cellsim
2.117180e+01,45021,1.53524549773031e-04,2.80683680664080e-02,4.20673512156127e+02,sinkhorn_cellsim
2.118117e+01,45041,1.53500887154591e-04,2.80683691863082e-02,4.20673535362115e+02,sinkhorn_cellsim
2.119053e+01,45061,1.53478009761688e-04,2.80683702983355e-02,4.20673558568018e+02,sinkhorn_cellsim
2.119989e+01,45081,1.53455317592403e-04,2.80683714025503e-02,4.20673581773838e+02,sinkhorn_cellsim
2.120926e+01,45101,1.53432797646031e-04,2.80683724990107e-02,4.20673604979576e+02,sinkhorn_cellsim
2.121862e+01,45121,1.53410783033806e-04,2.80683735877760e-02,4.20673628185233e+02,sinkhorn_cellsim
2.122799e+01,45141,1.53390243358267e-04,2.80683746689040e-02,4.20673651390810e+02,sinkhorn_cellsim
2.123735e+01,45161,1.53369858335754e-04,2.80683757424526e-02,4.20673674596308e+02,sinkhorn_cellsim
2.124672e+01,45181,1.53349957975774e-04,2.80683768084789e-02,4.20673697801728e+02,sinkhorn_cellsim
2.125609e+01,45201,1.53331414081606e-04,2.80683778670394e-02,4.20673721007072e+02,sinkhorn_cellsim
2.126546e+01,45221,1.53314050858114e-04,2.80683789181901e-02,4.20673744212338e+02,sinkhorn_cellsim
2.127482e+01,45241,1.53296901698005e-04,2.80683799619874e-02,4.20673767417530e+02,sinkhorn_cellsim
2.128419e+01,45261,1.53279879594350e-04,2.80683809984858e-02,4.20673790622648e+02,sinkhorn_cellsim
2.129355e+01,45281,1.53262983547204e-04,2.80683820277400e-02,4.20673813827692e+02,sinkhorn_cellsim
2.130291e+01,45301,1.53246212569711e-04,2.80683830498051e-02,4.20673837032663e+02,sinkhorn_cellsim
2.131227e+01,45321,1.53229685084034e-04,2.80683840647339e-02,4.20673860237564e+02,sinkhorn_cellsim
2.132164e+01,45341,1.53214080493797e-04,2.80683850725802e-02,4.20673883442393e+02,sinkhorn_cellsim
2.133101e+01,45361,1.53198590537821e-04,2.80683860733971e-02,4.20673906647152e+02,sinkhorn_cellsim
2.134038e+01,45381,1.53183214335919e-04,2.80683870672369e-02,4.20673929851843e+02,sinkhorn_cellsim
2.134975e+01,45401,1.53168673426487e-04,2.80683880541519e-02,4.20673953056465e+02,sinkhorn_cellsim
2.135912e+01,45421,1.53155456183425e-04,2.80683890341933e-02,4.20673976261020e+02,sinkhorn_cellsim
2.136849e+01,45441,1.53142334255524e-04,2.80683900074126e-02,4.20673999465508e+02,sinkhorn_cellsim
2.137785e+01,45461,1.53129306912851e-04,2.80683909738601e-02,4.20674022669930e+02,sinkhorn_cellsim
2.138722e+01,45481,1.53116373431643e-04,2.80683919335869e-02,4.20674045874288e+02,sinkhorn_cellsim
2.139658e+01,45501,1.53103533098076e-04,2.80683928866421e-02,4.20674069078581e+02,sinkhorn_cellsim
2.140595e+01,45521,1.53090785196704e-04,2.80683938330756e-02,4.20674092282811e+02,sinkhorn_cellsim
2.141531e+01,45541,1.53078129024149e-04,2.80683947729365e-02,4.20674115486978e+02,sinkhorn_cellsim
2.142468e+01,45561,1.53066021514068e-04,2.80683957062737e-02,4.20674138691083e+02,sinkhorn_cellsim
2.143405e+01,45581,1.53055372263800e-04,2.80683966331352e-02,4.20674161895126e+02,sinkhorn_cellsim
2.144341e+01,45601,1.53045579224469e-04,2.80683975535683e-02,4.20674185099110e+02,sinkhorn_cellsim
2.145278e+01,45621,1.53037743924221e-04,2.80683984676215e-02,4.20674208303033e+02,sinkhorn_cellsim
2.146215e+01,45641,1.53033063230209e-04,2.80683993753418e-02,4.20674231506898e+02,sinkhorn_cellsim
2.147151e+01,45661,1.53029842342594e-04,2.80684002767757e-02,4.20674254710703e+02,sinkhorn_cellsim
2.148088e+01,45681,1.53026636106070e-04,2.80684011719692e-02,4.20674277914452e+02,sinkhorn_cellsim
2.149025e+01,45701,1.53023444466152e-04,2.80684020609689e-02,4.20674301118143e+02,sinkhorn_cellsim
2.149962e+01,45721,1.53020267352171e-04,2.80684029438206e-02,4.20674324321777e+02,sinkhorn_cellsim
2.150898e+01,45741,1.53017104700259e-04,2.80684038205696e-02,4.20674347525356e+02,sinkhorn_cellsim
2.151834e+01,45761,1.53013956443146e-04,2.80684046912603e-02,4.20674370728880e+02,sinkhorn_cellsim
2.152771e+01,45781,1.53010822499863e-04,2.80684055559388e-02,4.20674393932349e+02,sinkhorn_cellsim
2.153708e+01,45801,1.53007702785495e-04,2.80684064146490e-02,4.20674417135764e+02,sinkhorn_cellsim
2.154645e+01,45821,1.53004597205669e-04,2.80684072674350e-02,4.20674440339126e+02,sinkhorn_cellsim
2.155581e+01,45841,1.53001505640238e-04,2.80684081143419e-02,4.20674463542435e+02,sinkhorn_cellsim
2.156518e+01,45861,1.52998427949850e-04,2.80684089554137e-02,4.20674486745692e+02,sinkhorn_cellsim
2.157454e+01,45881,1.52995363963736e-04,2.80684097906950e-02,4.20674509948897e+02,sinkhorn_cellsim
2.158391e+01,45901,1.52992313467145e-04,2.80684106202308e-02,4.20674533152051e+02,sinkhorn_cellsim
2.159327e+01,45921,1.52989276177991e-04,2.80684114440666e-02,4.20674556355153e+02,sinkhorn_cellsim
2.160264e+01,45941,1.52986251739844e-04,2.80684122622487e-02,4.20674579558205e+02,sinkhorn_cellsim
2.161200e+01,45961,1.52983239666437e-04,2.80684130748258e-02,4.20674602761206e+02,sinkhorn_cellsim
2.162137e+01,45981,1.52980239321507e-04,2.80684138818476e-02,4.20674625964156e+02,sinkhorn_cellsim
2.163073e+01,46001,1.52977249849244e-04,2.80684146833669e-02,4.20674649167056e+02,sinkhorn_cellsim
2.164010e+01,46021,1.52974270073143e-04,2.80684154794428e-02,4.20674672369904e+02,sinkhorn_cellsim
2.164947e+01,46041,1.52971298413695e-04,2.80684162701380e-02,4.20674695572700e+02,sinkhorn_cellsim
2.165883e+01,46061,1.52968332707219e-04,2.80684170555263e-02,4.20674718775441e+02,sinkhorn_cellsim
2.166820e+01,46081,1.52965369991135e-04,2.80684178356919e-02,4.20674741978126e+02,sinkhorn_cellsim
2.167757e+01,46101,1.52962406217479e-04,2.80684186107370e-02,4.20674765180752e+02,sinkhorn_cellsim
2.168694e+01,46121,1.52959435825634e-04,2.80684193807863e-02,4.20674788383312e+02,sinkhorn_cellsim
2.169631e+01,46141,1.52956451171926e-04,2.80684201459978e-02,4.20674811585801e+02,sinkhorn_cellsim
2.170567e+01,46161,1.52953441767044e-04,2.80684209065721e-02,4.20674834788208e+02,sinkhorn_cellsim
2.171504e+01,46181,1.52950393183342e-04,2.80684216627732e-02,4.20674857990519e+02,sinkhorn_cellsim
2.172441e+01,46201,1.52947285577255e-04,2.80684224149478e-02,4.20674881192716e+02,sinkhorn_cellsim
2.173377e+01,46221,1.52944091644973e-04,2.80684231635606e-02,4.20674904394771e+02,sinkhorn_cellsim
2.174314e+01,46241,1.52940773836323e-04,2.80684239092352e-02,4.20674927596649e+02,sinkhorn_cellsim
2.175250e+01,46261,1.52937280455136e-04,2.80684246528185e-02,4.20674950798298e+02,sinkhorn_cellsim
2.176187e+01,46281,1.52933540393278e-04,2.80684253954584e-02,4.20674973999648e+02,sinkhorn_cellsim
2.177124e+01,46301,1.52929455796610e-04,2.80684261387232e-02,4.20674997200603e+02,sinkhorn_cellsim
2.178060e+01,46321,1.52924892018020e-04,2.80684268847577e-02,4.20675020401029e+02,sinkhorn_cellsim
2.178996e+01,46341,1.52919663857753e-04,2.80684276364969e-02,4.20675043600743e+02,sinkhorn_cellsim
2.179933e+01,46361,1.52913516607816e-04,2.80684283979654e-02,4.20675066799492e+02,sinkhorn_cellsim
2.180869e+01,46381,1.52906100110368e-04,2.80684291746836e-02,4.20675089996930e+02,sinkhorn_cellsim
2.181806e+01,46401,1.52896933260894e-04,2.80684299742228e-02,4.20675113192578e+02,sinkhorn_cellsim
2.182743e+01,46421,1.52885355515996e-04,2.80684308069685e-02,4.20675136385780e+02,sinkhorn_cellsim
2.183680e+01,46441,1.52870460934415e-04,2.80684316871527e-02,4.20675159575633e+02,sinkhorn_cellsim
2.184617e+01,46461,1.52851008770617e-04,2.80684326342613e-02,4.20675182760901e+02,sinkhorn_cellsim
2.185553e+01,46481,1.52825303130731e-04,2.80684336749261e-02,4.20675205939890e+02,sinkhorn_cellsim
2.186490e+01,46501,1.52791032375669e-04,2.80684348454549e-02,4.20675229110283e+02,sinkhorn_cellsim
2.187426e+01,46521,1.52745057431868e-04,2.80684361951768e-02,4.20675252268922e+02,sinkhorn_cellsim
2.188363e+01,46541,1.52683137811770e-04,2.80684377907862e-02,4.20675275411521e+02,sinkhorn_cellsim
2.189300e+01,46561,1.52599586350368e-04,2.80684397218487e-02,4.20675298532284e+02,sinkhorn_cellsim
2.190237e+01,46581,1.52486851285248e-04,2.80684421075244e-02,4.20675321623440e+02,sinkhorn_cellsim
2.191174e+01,46601,1.52335042524084e-04,2.80684451043089e-02,4.20675344674658e+02,sinkhorn_cellsim
2.192112e+01,46621,1.52131454073633e-04,2.80684489140737e-02,4.20675367672395e+02,sinkhorn_cellsim
2.193048e+01,46641,1.51863243433217e-04,2.80684537908063e-02,4.20675390599203e+02,sinkhorn_cellsim
2.193985e+01,46661,1.51539882985353e-04,2.80684600430834e-02,4.20675413433153e+02,sinkhorn_cellsim
2.194922e+01,46681,1.51116744911112e-04,2.80684680276668e-02,4.20675436147582e+02,sinkhorn_cellsim
2.195860e+01,46701,1.50594611899806e-04,2.80684781283018e-02,4.20675458711486e+02,sinkhorn_cellsim
2.196796e+01,46721,1.50074059188620e-04,2.80684907144902e-02,4.20675481090944e+02,sinkhorn_cellsim
2.197733e+01,46741,1.49491495740840e-04,2.80685060800325e-02,4.20675503251797e+02,sinkhorn_cellsim
2.198670e+01,46761,1.48891542851487e-04,2.80685243722279e-02,4.20675525163401e+02,sinkhorn_cellsim
2.199608e+01,46781,1.48214308814283e-04,2.80685455373268e-02,4.20675546802617e+02,sinkhorn_cellsim
2.200544e+01,46801,1.47521777435237e-04,2.80685693165786e-02,4.20675568156517e+02,sinkhorn_cellsim
2.201481e+01,46821,1.46848259648212e-04,2.80685953169415e-02,4.20675589222316e+02,sinkhorn_cellsim
2.202417e+01,46841,1.46182372129624e-04,2.80686231473894e-02,4.20675610003977e+02,sinkhorn_cellsim
2.203355e+01,46861,1.45530687564102e-04,2.80686525723627e-02,4.20675630506549e+02,sinkhorn_cellsim
2.204292e+01,46881,1.44822829931769e-04,2.80686836155950e-02,4.20675650730496e+02,sinkhorn_cellsim
2.205229e+01,46901,1.44073765183256e-04,2.80687165635226e-02,4.20675670668330e+02,sinkhorn_cellsim
2.206166e+01,46921,1.43353341683956e-04,2.80687518558200e-02,4.20675690304965e+02,sinkhorn_cellsim
2.207104e+01,46941,1.42727076519640e-04,2.80687898905719e-02,4.20675709621856e+02,sinkhorn_cellsim
2.208040e+01,46961,1.42178244819314e-04,2.80688308024191e-02,4.20675728603781e+02,sinkhorn_cellsim
2.208977e+01,46981,1.41623727685903e-04,2.80688742900633e-02,4.20675747246110e+02,sinkhorn_cellsim
2.209914e+01,47001,1.41051024816250e-04,2.80689195651966e-02,4.20675765559896e+02,sinkhorn_cellsim
2.210851e+01,47021,1.40465756056582e-04,2.80689654555625e-02,4.20675783572719e+02,sinkhorn_cellsim
2.211788e+01,47041,1.39860176889273e-04,2.80690106282115e-02,4.20675801324932e+02,sinkhorn_cellsim
2.212725e+01,47061,1.39270159146929e-04,2.80690538439494e-02,4.20675818863034e+02,sinkhorn_cellsim
2.213662e+01,47081,1.38704303739802e-04,2.80690941498164e-02,4.20675836232888e+02,sinkhorn_cellsim
2.214599e+01,47101,1.38138347898477e-04,2.80691309621550e-02,4.20675853474898e+02,sinkhorn_cellsim
2.215535e+01,47121,1.37601623628748e-04,2.80691640494523e-02,4.20675870621809e+02,sinkhorn_cellsim
2.216472e+01,47141,1.37060913269697e-04,2.80691934561020e-02,4.20675887698628e+02,sinkhorn_cellsim
2.217409e+01,47161,1.36522972300443e-04,2.80692194093769e-02,4.20675904723701e+02,sinkhorn_cellsim
2.218345e+01,47181,1.35971405322770e-04,2.80692422367499e-02,4.20675921710170e+02,sinkhorn_cellsim
2.219281e+01,47201,1.35408403053763e-04,2.80692623043784e-02,4.20675938667346e+02,sinkhorn_cellsim
2.220218e+01,47221,1.34836431367540e-04,2.80692799770474e-02,4.20675955601808e+02,sinkhorn_cellsim
2.221155e+01,47241,1.34259203563037e-04,2.80692955952425e-02,4.20675972518230e+02,sinkhorn_cellsim
2.222092e+01,47261,1.33678235215904e-04,2.80693094641711e-02,4.20675989419969e+02,sinkhorn_cellsim
2.223028e+01,47281,1.33104435143968e-04,2.80693218503143e-02,4.20676006309464e+02,sinkhorn_cellsim
2.223966e+01,47301,1.32540549024775e-04,2.80693329823169e-02,4.20676023188521e+02,sinkhorn_cellsim
2.224903e+01,47321,1.31978419913535e-04,2.80693430540928e-02,4.20676040058503e+02,sinkhorn_cellsim
2.225841e+01,47341,1.31423011938420e-04,2.80693522288557e-02,4.20676056920458e+02,sinkhorn_cellsim
2.226778e+01,47361,1.30875990953681e-04,2.80693606433195e-02,4.20676073775215e+02,sinkhorn_cellsim
2.227715e+01,47381,1.30335116759265e-04,2.80693684116821e-02,4.20676090623440e+02,sinkhorn_cellsim
2.228652e+01,47401,1.29800322063775e-04,2.80693756292060e-02,4.20676107465684e+02,sinkhorn_cellsim
2.229589e+01,47421,1.29276924184088e-04,2.80693823753352e-02,4.20676124302410e+02,sinkhorn_cellsim
2.230526e+01,47441,1.28764050527762e-04,2.80693887163545e-02,4.20676141134017e+02,sinkhorn_cellsim
2.231463e+01,47461,1.28266193240480e-04,2.80693947076271e-02,4.20676157960853e+02,sinkhorn_cellsim
2.232400e+01,47481,1.27779232717574e-04,2.80694003954617e-02,4.20676174783227e+02,sinkhorn_cellsim
2.233337e+01,47501,1.27301567815374e-04,2.80694058186639e-02,4.20676191601416e+02,sinkhorn_cellsim
2.234274e+01,47521,1.26834630611908e-04,2.80694110098148e-02,4.20676208415674e+02,sinkhorn_cellsim
2.235211e+01,47541,1.26378767568859e-04,2.80694159963297e-02,4.20676225226229e+02,sinkhorn_cellsim
2.236148e+01,47561,1.25932960249692e-04,2.80694208013316e-02,4.20676242033295e+02,sinkhorn_cellsim
2.237086e+01,47581,1.25497316673622e-04,2.80694254443681e-02,4.20676258837067e+02,sinkhorn_cellsim
2.238022e+01,47601,1.25071881146282e-04,2.80694299420084e-02,4.20676275637729e+02,sinkhorn_cellsim
2.238959e+01,47621,1.24656644485282e-04,2.80694343083336e-02,4.20676292435449e+02,sinkhorn_cellsim
2.239895e+01,47641,1.24251552958604e-04,2.80694385553418e-02,4.20676309230386e+02,sinkhorn_cellsim
2.240833e+01,47661,1.23856516057350e-04,2.80694426932875e-02,4.20676326022691e+02,sinkhorn_cellsim
2.241769e+01,47681,1.23471413206082e-04,2.80694467309612e-02,4.20676342812502e+02,sinkhorn_cellsim
2.242707e+01,47701,1.23096099533636e-04,2.80694506759220e-02,4.20676359599949e+02,sinkhorn_cellsim
2.243645e+01,47721,1.22730410814654e-04,2.80694545346918e-02,4.20676376385157e+02,sinkhorn_cellsim
2.244582e+01,47741,1.22374167637602e-04,2.80694583129194e-02,4.20676393168241e+02,sinkhorn_cellsim
2.245518e+01,47761,1.22027178958666e-04,2.80694620155149e-02,4.20676409949310e+02,sinkhorn_cellsim
2.246456e+01,47781,1.21689245071113e-04,2.80694656467648e-02,4.20676426728467e+02,sinkhorn_cellsim
2.247392e+01,47801,1.21362651293109e-04,2.80694692104311e-02,4.20676443505808e+02,sinkhorn_cellsim
2.248329e+01,47821,1.21045292248139e-04,2.80694727098282e-02,4.20676460281424e+02,sinkhorn_cellsim
2.249266e+01,47841,1.20738010446487e-04,2.80694761478977e-02,4.20676477055400e+02,sinkhorn_cellsim
2.250204e+01,47861,1.20443275660382e-04,2.80694795272660e-02,4.20676493827816e+02,sinkhorn_cellsim
2.251140e+01,47881,1.20156423594510e-04,2.80694828502991e-02,4.20676510598748e+02,sinkhorn_cellsim
2.252078e+01,47901,1.19877233852979e-04,2.80694861191476e-02,4.20676527368266e+02,sinkhorn_cellsim
2.253014e+01,47921,1.19605488588747e-04,2.80694893357931e-02,4.20676544136433e+02,sinkhorn_cellsim
2.253952e+01,47941,1.19340972504928e-04,2.80694925020882e-02,4.20676560903310e+02,sinkhorn_cellsim
2.254889e+01,47961,1.19083472533856e-04,2.80694956198008e-02,4.20676577668949e+02,sinkhorn_cellsim
2.255826e+01,47981,1.18832777237550e-04,2.80694986906594e-02,4.20676594433399e+02,sinkhorn_cellsim
2.256763e+01,48001,1.18588675797078e-04,2.80695017164045e-02,4.20676611196699e+02,sinkhorn_cellsim
2.257701e+01,48021,1.18350956496658e-04,2.80695046988528e-02,4.20676627958880e+02,sinkhorn_cellsim
2.258638e+01,48041,1.18119404572722e-04,2.80695076399735e-02,4.20676644719962e+02,sinkhorn_cellsim
2.259576e+01,48061,1.17893799163668e-04,2.80695105419899e-02,4.20676661479952e+02,sinkhorn_cellsim
2.260513e+01,48081,1.17675244106339e-04,2.80695134075129e-02,4.20676678238839e+02,sinkhorn_cellsim
2.261450e+01,48101,1.17462410721713e-04,2.80695162397181e-02,4.20676694996588e+02,sinkhorn_cellsim
2.262387e+01,48121,1.17254733384640e-04,2.80695190425878e-02,4.20676711753134e+02,sinkhorn_cellsim
2.263324e+01,48141,1.17052454325715e-04,2.80695218212376e-02,4.20676728508369e+02,sinkhorn_cellsim
2.264261e+01,48161,1.16855326546265e-04,2.80695245823659e-02,4.20676745262130e+02,sinkhorn_cellsim
2.265199e+01,48181,1.16662235476263e-04,2.80695273348634e-02,4.20676762014175e+02,sinkhorn_cellsim
2.266136e+01,48201,1.16473834587081e-04,2.80695300906570e-02,4.20676778764157e+02,sinkhorn_cellsim
2.267073e+01,48221,1.16289783386200e-04,2.80695328658538e-02,4.20676795511587e+02,sinkhorn_cellsim
2.268010e+01,48241,1.16108402811283e-04,2.80695356823160e-02,4.20676812255776e+02,sinkhorn_cellsim
2.268947e+01,48261,1.15929291809395e-04,2.80695385698058e-02,4.20676828995766e+02,sinkhorn_cellsim
2.269884e+01,48281,1.15754212628369e-04,2.80695415689093e-02,4.20676845730231e+02,sinkhorn_cellsim
2.270821e+01,48301,1.15578738505318e-04,2.80695447350055e-02,4.20676862457338e+02,sinkhorn_cellsim
2.271758e+01,48321,1.15397695162988e-04,2.80695481436169e-02,4.20676879174564e+02,sinkhorn_cellsim
2.272696e+01,48341,1.15211346920449e-04,2.80695518975784e-02,4.20676895878447e+02,sinkhorn_cellsim
2.273633e+01,48361,1.15018095539428e-04,2.80695561365227e-02,4.20676912564256e+02,sinkhorn_cellsim
2.274570e+01,48381,1.14808315322372e-04,2.80695610492411e-02,4.20676929225542e+02,sinkhorn_cellsim
2.275506e+01,48401,1.14570894658727e-04,2.80695668894014e-02,4.20676945853566e+02,sinkhorn_cellsim
2.276444e+01,48421,1.14294721023420e-04,2.80695739948404e-02,4.20676962436562e+02,sinkhorn_cellsim
2.277381e+01,48441,1.13965886683645e-04,2.80695828099162e-02,4.20676978958828e+02,sinkhorn_cellsim
2.278318e+01,48461,1.13589170154354e-04,2.80695939089339e-02,4.20676995399659e+02,sinkhorn_cellsim
2.279254e+01,48481,1.13250464663252e-04,2.80696080159819e-02,4.20677011732199e+02,sinkhorn_cellsim
2.280192e+01,48501,1.12931846443410e-04,2.80696260122104e-02,4.20677027922392e+02,sinkhorn_cellsim
2.281129e+01,48521,1.12690559735520e-04,2.80696489157621e-02,4.20677043928372e+02,sinkhorn_cellsim
2.282066e+01,48541,1.12418710830057e-04,2.80696778136365e-02,4.20677059700830e+02,sinkhorn_cellsim
2.283004e+01,48561,1.12231028163664e-04,2.80697137231120e-02,4.20677075185075e+02,sinkhorn_cellsim
2.283941e+01,48581,1.12036040512365e-04,2.80697573709397e-02,4.20677090325469e+02,sinkhorn_cellsim
2.284878e+01,48601,1.11808741530448e-04,2.80698089102709e-02,4.20677105072440e+02,sinkhorn_cellsim
2.285815e+01,48621,1.11543006721314e-04,2.80698676480256e-02,4.20677119391207e+02,sinkhorn_cellsim
2.286752e+01,48641,1.11233551237008e-04,2.80699319051110e-02,4.20677133269924e+02,sinkhorn_cellsim
2.287689e+01,48661,1.10885533834393e-04,2.80699991299243e-02,4.20677146724114e+02,sinkhorn_cellsim
2.288626e+01,48681,1.10538518282460e-04,2.80700662952437e-02,4.20677159794976e+02,sinkhorn_cellsim
2.289564e+01,48701,1.10171915672164e-04,2.80701304628852e-02,4.20677172541691e+02,sinkhorn_cellsim
2.290501e+01,48721,1.09766490871685e-04,2.80701893029964e-02,4.20677185030568e+02,sinkhorn_cellsim
2.291439e+01,48741,1.09379717551198e-04,2.80702413865240e-02,4.20677197324955e+02,sinkhorn_cellsim
2.292376e+01,48761,1.09002452497883e-04,2.80702862007318e-02,4.20677209478656e+02,sinkhorn_cellsim
2.293313e+01,48781,1.08602226532065e-04,2.80703239633919e-02,4.20677221533419e+02,sinkhorn_cellsim
2.294250e+01,48801,1.08209014242710e-04,2.80703553585180e-02,4.20677233519472e+02,sinkhorn_cellsim
2.295187e+01,48821,1.07827228151377e-04,2.80703812913438e-02,4.20677245457600e+02,sinkhorn_cellsim
2.296124e+01,48841,1.07428983144131e-04,2.80704027091555e-02,4.20677257361578e+02,sinkhorn_cellsim
2.297062e+01,48861,1.07016862184871e-04,2.80704204934944e-02,4.20677269240329e+02,sinkhorn_cellsim
2.297999e+01,48881,1.06593285797803e-04,2.80704354088761e-02,4.20677281099567e+02,sinkhorn_cellsim
2.298937e+01,48901,1.06160465877483e-04,2.80704480885489e-02,4.20677292942956e+02,sinkhorn_cellsim
2.299874e+01,48921,1.05731421520330e-04,2.80704590409303e-02,4.20677304772883e+02,sinkhorn_cellsim
2.300812e+01,48941,1.05300691504860e-04,2.80704686654816e-02,4.20677316590944e+02,sinkhorn_cellsim
2.301749e+01,48961,1.04865006375260e-04,2.80704772713384e-02,4.20677328398253e+02,sinkhorn_cellsim
2.302687e+01,48981,1.04429503282056e-04,2.80704850951887e-02,4.20677340195631e+02,sinkhorn_cellsim
2.303624e+01,49001,1.03996214877496e-04,2.80704923168802e-02,4.20677351983714e+02,sinkhorn_cellsim
2.304561e+01,49021,1.03561144666898e-04,2.80704990723352e-02,4.20677363763027e+02,sinkhorn_cellsim
2.305498e+01,49041,1.03125243712859e-04,2.80705054638775e-02,4.20677375534022e+02,sinkhorn_cellsim
2.306436e+01,49061,1.02689362787715e-04,2.80705115683159e-02,4.20677387297099e+02,sinkhorn_cellsim
2.307373e+01,49081,1.02254956921045e-04,2.80705174431789e-02,4.20677399052626e+02,sinkhorn_cellsim
2.308311e+01,49101,1.01823556585272e-04,2.80705231314782e-02,4.20677410800945e+02,sinkhorn_cellsim
2.309248e+01,49121,1.01394157529402e-04,2.80705286653200e-02,4.20677422542377e+02,sinkhorn_cellsim
2.310185e+01,49141,1.00989333545640e-04,2.80705340686365e-02,4.20677434277225e+02,sinkhorn_cellsim
2.311123e+01,49161,1.00625429394280e-04,2.80705393592414e-02,4.20677446005780e+02,sinkhorn_cellsim
2.312061e+01,49181,1.00271238687238e-04,2.80705445503751e-02,4.20677457728315e+02,sinkhorn_cellsim
2.312998e+01,49201,9.99279049538721e-05,2.80705496518661e-02,4.20677469445093e+02,sinkhorn_cellsim
2.313935e+01,49221,9.95937456666775e-05,2.80705546710015e-02,4.20677481156367e+02,sinkhorn_cellsim
2.314872e+01,49241,9.92617742137309e-05,2.80705596131782e-02,4.20677492862376e+02,sinkhorn_cellsim
2.315810e+01,49261,9.89357918670486e-05,2.80705644823940e-02,4.20677504563349e+02,sinkhorn_cellsim
2.316748e+01,49281,9.86257475593503e-05,2.80705692816125e-02,4.20677516259505e+02,sinkhorn_cellsim
2.317685e+01,49301,9.83227060375053e-05,2.80705740130362e-02,4.20677527951054e+02,sinkhorn_cellsim
2.318622e+01,49321,9.80242083844979e-05,2.80705786783130e-02,4.20677539638197e+02,sinkhorn_cellsim
2.319560e+01,49341,9.77314345634778e-05,2.80705832786874e-02,4.20677551321124e+02,sinkhorn_cellsim
2.320497e+01,49361,9.74412081242935e-05,2.80705878151145e-02,4.20677563000019e+02,sinkhorn_cellsim
2.321435e+01,49381,9.71546118925455e-05,2.80705922883456e-02,4.20677574675057e+02,sinkhorn_cellsim
2.322372e+01,49401,9.68759769235058e-05,2.80705966989887e-02,4.20677586346405e+02,sinkhorn_cellsim
2.323309e+01,49421,9.66059386661870e-05,2.80706010475559e-02,4.20677598014221e+02,sinkhorn_cellsim
2.324246e+01,49441,9.63396384074373e-05,2.80706053344976e-02,4.20677609678659e+02,sinkhorn_cellsim
2.325183e+01,49461,9.60760958622597e-05,2.80706095602264e-02,4.20677621339864e+02,sinkhorn_cellsim
2.326119e+01,49481,9.58142938808428e-05,2.80706137251338e-02,4.20677632997974e+02,sinkhorn_cellsim
2.327057e+01,49501,9.55571488073830e-05,2.80706178296054e-02,4.20677644653123e+02,sinkhorn_cellsim
2.327995e+01,49521,9.53025753836703e-05,2.80706218740276e-02,4.20677656305437e+02,sinkhorn_cellsim
2.328932e+01,49541,9.50498013607101e-05,2.80706258587943e-02,4.20677667955037e+02,sinkhorn_cellsim
2.329870e+01,49561,9.47989154121411e-05,2.80706297843111e-02,4.20677679602038e+02,sinkhorn_cellsim
2.330808e+01,49581,9.45499979406285e-05,2.80706336509971e-02,4.20677691246551e+02,sinkhorn_cellsim
2.331745e+01,49601,9.43031216312860e-05,2.80706374592869e-02,4.20677702888680e+02,sinkhorn_cellsim
2.332682e+01,49621,9.40583519406684e-05,2.80706412096315e-02,4.20677714528525e+02,sinkhorn_cellsim
2.333620e+01,49641,9.38157475955839e-05,2.80706449024965e-02,4.20677726166184e+02,sinkhorn_cellsim
2.334558e+01,49661,9.35753610182732e-05,2.80706485383639e-02,4.20677737801746e+02,sinkhorn_cellsim
2.335495e+01,49681,9.33402075096769e-05,2.80706521177301e-02,4.20677749435300e+02,sinkhorn_cellsim
2.336433e+01,49701,9.31081667411466e-05,2.80706556411050e-02,4.20677761066928e+02,sinkhorn_cellsim
2.337370e+01,49721,9.28782128935967e-05,2.80706591090122e-02,4.20677772696710e+02,sinkhorn_cellsim
2.338307e+01,49741,9.26503844457508e-05,2.80706625219872e-02,4.20677784324722e+02,sinkhorn_cellsim
2.339244e+01,49761,9.24247153690191e-05,2.80706658805763e-02,4.20677795951037e+02,sinkhorn_cellsim
2.340182e+01,49781,9.22012354372065e-05,2.80706691853361e-02,4.20677807575723e+02,sinkhorn_cellsim
2.341119e+01,49801,9.19799704783549e-05,2.80706724368323e-02,4.20677819198846e+02,sinkhorn_cellsim
2.342058e+01,49821,9.17609426626595e-05,2.80706756356377e-02,4.20677830820470e+02,sinkhorn_cellsim
2.342995e+01,49841,9.15441707089568e-05,2.80706787823338e-02,4.20677842440655e+02,sinkhorn_cellsim
2.343933e+01,49861,9.13296701510156e-05,2.80706818775073e-02,4.20677854059458e+02,sinkhorn_cellsim
2.344871e+01,49881,9.11174535183969e-05,2.80706849217513e-02,4.20677865676935e+02,sinkhorn_cellsim
2.345809e+01,49901,9.09075305586848e-05,2.80706879156624e-02,4.20677877293137e+02,sinkhorn_cellsim
2.346746e+01,49921,9.06999084172094e-05,2.80706908598429e-02,4.20677888908115e+02,sinkhorn_cellsim
2.347684e+01,49941,9.04945918229398e-05,2.80706937548964e-02,4.20677900521916e+02,sinkhorn_cellsim
2.348621e+01,49961,9.02915832458243e-05,2.80706966014315e-02,4.20677912134587e+02,sinkhorn_cellsim
2.349558e+01,49981,9.00908830672496e-05,2.80706994000567e-02,4.20677923746172e+02,sinkhorn_cellsim
2.350495e+01,50001,8.98924897144373e-05,2.80707021513831e-02,4.20677935356711e+02,sinkhorn_cellsim
2.351433e+01,50021,8.96963998136510e-05,2.80707048560229e-02,4.20677946966245e+02,sinkhorn_cellsim
2.352371e+01,50041,8.95026083153647e-05,2.80707075145879e-02,4.20677958574813e+02,sinkhorn_cellsim
2.353309e+01,50061,8.93111086078714e-05,2.80707101276908e-02,4.20677970182451e+02,sinkhorn_cellsim
2.354246e+01,50081,8.91218926484633e-05,2.80707126959437e-02,4.20677981789193e+02,sinkhorn_cellsim
2.355184e+01,50101,8.89349510725148e-05,2.80707152199570e-02,4.20677993395074e+02,sinkhorn_cellsim
2.356121e+01,50121,8.87502732712154e-05,2.80707177003405e-02,4.20678005000125e+02,sinkhorn_cellsim
2.357059e+01,50141,8.85678475240935e-05,2.80707201377029e-02,4.20678016604377e+02,sinkhorn_cellsim
2.357996e+01,50161,8.83876610596719e-05,2.80707225326497e-02,4.20678028207859e+02,sinkhorn_cellsim
2.358934e+01,50181,8.82097001510751e-05,2.80707248857852e-02,4.20678039810600e+02,sinkhorn_cellsim
2.359871e+01,50201,8.80339501974797e-05,2.80707271977106e-02,4.20678051412626e+02,sinkhorn_cellsim
2.360809e+01,50221,8.78603957999430e-05,2.80707294690244e-02,4.20678063013963e+02,sinkhorn_cellsim
2.361746e+01,50241,8.76890208187636e-05,2.80707317003220e-02,4.20678074614637e+02,sinkhorn_cellsim
2.362684e+01,50261,8.75198084594661e-05,2.80707338921951e-02,4.20678086214669e+02,sinkhorn_cellsim
2.363621e+01,50281,8.73527413136829e-05,2.80707360452320e-02,4.20678097814084e+02,sinkhorn_cellsim
2.364559e+01,50301,8.71878014246961e-05,2.80707381600180e-02,4.20678109412903e+02,sinkhorn_cellsim
2.365496e+01,50321,8.70249703627476e-05,2.80707402371326e-02,4.20678121011146e+02,sinkhorn_cellsim
2.366434e+01,50341,8.68642292283938e-05,2.80707422771531e-02,4.20678132608835e+02,sinkhorn_cellsim
2.367372e+01,50361,8.67055587453749e-05,2.80707442806507e-02,4.20678144205987e+02,sinkhorn_cellsim
2.368310e+01,50381,8.65489392850874e-05,2.80707462481927e-02,4.20678155802622e+02,sinkhorn_cellsim
2.369247e+01,50401,8.63943509093272e-05,2.80707481803424e-02,4.20678167398757e+02,sinkhorn_cellsim
2.370185e+01,50421,8.62417734051320e-05,2.80707500776573e-02,4.20678178994409e+02,sinkhorn_cellsim
2.371123e+01,50441,8.60911863363420e-05,2.80707519406899e-02,4.20678190589594e+02,sinkhorn_cellsim
2.372061e+01,50461,8.59425690596849e-05,2.80707537699887e-02,4.20678202184329e+02,sinkhorn_cellsim
2.372999e+01,50481,8.57959007635246e-05,2.80707555660960e-02,4.20678213778628e+02,sinkhorn_cellsim
2.373937e+01,50501,8.56516686830468e-05,2.80707573295482e-02,4.20678225372505e+02,sinkhorn_cellsim
2.374874e+01,50521,8.55106462063536e-05,2.80707590608782e-02,4.20678236965975e+02,sinkhorn_cellsim
2.375812e+01,50541,8.53715273114771e-05,2.80707607606116e-02,4.20678248559050e+02,sinkhorn_cellsim
2.376749e+01,50561,8.52357625659762e-05,2.80707624292698e-02,4.20678260151745e+02,sinkhorn_cellsim
2.377687e+01,50581,8.51028492675004e-05,2.80707640673669e-02,4.20678271744070e+02,sinkhorn_cellsim
2.378624e+01,50601,8.49717402239777e-05,2.80707656754130e-02,4.20678283336038e+02,sinkhorn_cellsim
2.379562e+01,50621,8.48430626440086e-05,2.80707672539114e-02,4.20678294927661e+02,sinkhorn_cellsim
2.380499e+01,50641,8.47169187547589e-05,2.80707688033599e-02,4.20678306518949e+02,sinkhorn_cellsim
2.381437e+01,50661,8.45924937250494e-05,2.80707703242509e-02,4.20678318109913e+02,sinkhorn_cellsim
2.382375e+01,50681,8.44707687745418e-05,2.80707718170693e-02,4.20678329700564e+02,sinkhorn_cellsim
2.383313e+01,50701,8.43518125726439e-05,2.80707732822953e-02,4.20678341290911e+02,sinkhorn_cellsim
2.384250e+01,50721,8.42345764109447e-05,2.80707747204041e-02,4.20678352880963e+02,sinkhorn_cellsim
2.385188e+01,50741,8.41192760053461e-05,2.80707761318627e-02,4.20678364470729e+02,sinkhorn_cellsim
2.386125e+01,50761,8.40078861403970e-05,2.80707775171334e-02,4.20678376060220e+02,sinkhorn_cellsim
2.387064e+01,50781,8.38983639772990e-05,2.80707788766723e-02,4.20678387649442e+02,sinkhorn_cellsim
2.388001e+01,50801,8.37911865697343e-05,2.80707802109293e-02,4.20678399238405e+02,sinkhorn_cellsim
2.388939e+01,50821,8.36869322004244e-05,2.80707815203486e-02,4.20678410827115e+02,sinkhorn_cellsim
2.389876e+01,50841,8.35856055815385e-05,2.80707828053680e-02,4.20678422415582e+02,sinkhorn_cellsim
2.390814e+01,50861,8.34869009778788e-05,2.80707840664195e-02,4.20678434003811e+02,sinkhorn_cellsim
2.391751e+01,50881,8.33920287561242e-05,2.80707853039288e-02,4.20678445591811e+02,sinkhorn_cellsim
2.392689e+01,50901,8.32991234253467e-05,2.80707865183156e-02,4.20678457179588e+02,sinkhorn_cellsim
2.393626e+01,50921,8.32076387749370e-05,2.80707877099944e-02,4.20678468767148e+02,sinkhorn_cellsim
2.394564e+01,50941,8.31175504929165e-05,2.80707888793730e-02,4.20678480354499e+02,sinkhorn_cellsim
2.395501e+01,50961,8.30288347201378e-05,2.80707900268529e-02,4.20678491941646e+02,sinkhorn_cellsim
2.396440e+01,50981,8.29414680352278e-05,2.80707911528305e-02,4.20678503528595e+02,sinkhorn_cellsim
2.397378e+01,51001,8.28554274513747e-05,2.80707922576958e-02,4.20678515115352e+02,sinkhorn_cellsim
2.398315e+01,51021,8.27706904095051e-05,2.80707933418334e-02,4.20678526701922e+02,sinkhorn_cellsim
2.399252e+01,51041,8.26872347728268e-05,2.80707944056217e-02,4.20678538288312e+02,sinkhorn_cellsim
2.400190e+01,51061,8.26050388241100e-05,2.80707954494326e-02,4.20678549874525e+02,sinkhorn_cellsim
2.401127e+01,51081,8.25240812354930e-05,2.80707964736338e-02,4.20678561460568e+02,sinkhorn_cellsim
2.402065e+01,51101,8.24443410886464e-05,2.80707974785864e-02,4.20678573046445e+02,sinkhorn_cellsim
2.403003e+01,51121,8.23657978615280e-05,2.80707984646457e-02,4.20678584632161e+02,sinkhorn_cellsim
2.403941e+01,51141,8.22884314073980e-05,2.80707994321618e-02,4.20678596217720e+02,sinkhorn_cellsim
2.404878e+01,51161,8.22122219605232e-05,2.80708003814787e-02,4.20678607803127e+02,sinkhorn_cellsim
2.405816e+01,51181,8.21371501277342e-05,2.80708013129353e-02,4.20678619388386e+02,sinkhorn_cellsim
2.406753e+01,51201,8.20631968702910e-05,2.80708022268645e-02,4.20678630973501e+02,sinkhorn_cellsim
2.407690e+01,51221,8.19903435176475e-05,2.80708031235946e-02,4.20678642558476e+02,sinkhorn_cellsim
2.408628e+01,51241,8.19185717379741e-05,2.80708040034482e-02,4.20678654143316e+02,sinkhorn_cellsim
2.409566e+01,51261,8.18478635548267e-05,2.80708048667416e-02,4.20678665728023e+02,sinkhorn_cellsim
2.410504e+01,51281,8.17782013215450e-05,2.80708057137871e-02,4.20678677312602e+02,sinkhorn_cellsim
2.411442e+01,51301,8.17095677188619e-05,2.80708065448912e-02,4.20678688897056e+02,sinkhorn_cellsim
2.412379e+01,51321,8.16419457528352e-05,2.80708073603551e-02,4.20678700481388e+02,sinkhorn_cellsim
2.413317e+01,51341,8.15757949156758e-05,2.80708081604757e-02,4.20678712065603e+02,sinkhorn_cellsim
2.414253e+01,51361,8.15114252785187e-05,2.80708089455434e-02,4.20678723649702e+02,sinkhorn_cellsim
2.415191e+01,51381,8.14479981690872e-05,2.80708097158449e-02,4.20678735233689e+02,sinkhorn_cellsim
2.416128e+01,51401,8.13860156520032e-05,2.80708104716612e-02,4.20678746817568e+02,sinkhorn_cellsim
2.417067e+01,51421,8.13287903206277e-05,2.80708112132688e-02,4.20678758401340e+02,sinkhorn_cellsim
2.418005e+01,51441,8.12753254001914e-05,2.80708119409395e-02,4.20678769985010e+02,sinkhorn_cellsim
2.418942e+01,51461,8.12226301908899e-05,2.80708126549400e-02,4.20678781568579e+02,sinkhorn_cellsim
2.419879e+01,51481,8.11712058556894e-05,2.80708133555320e-02,4.20678793152051e+02,sinkhorn_cellsim
2.420817e+01,51501,8.11211872573451e-05,2.80708140429733e-02,4.20678804735428e+02,sinkhorn_cellsim
2.421754e+01,51521,8.10718834881167e-05,2.80708147175168e-02,4.20678816318712e+02,sinkhorn_cellsim
2.422691e+01,51541,8.10243518851421e-05,2.80708153794110e-02,4.20678827901906e+02,sinkhorn_cellsim
2.423629e+01,51561,8.09775996622955e-05,2.80708160288995e-02,4.20678839485013e+02,sinkhorn_cellsim
2.424567e+01,51581,8.09315107415237e-05,2.80708166662220e-02,4.20678851068034e+02,sinkhorn_cellsim
2.425505e+01,51601,8.08872474768196e-05,2.80708172916130e-02,4.20678862650972e+02,sinkhorn_cellsim
2.426443e+01,51621,8.08446782299724e-05,2.80708179053043e-02,4.20678874233829e+02,sinkhorn_cellsim
2.427379e+01,51641,8.08027069602088e-05,2.80708185075225e-02,4.20678885816608e+02,sinkhorn_cellsim
2.428317e+01,51661,8.07613243356022e-05,2.80708190984895e-02,4.20678897399309e+02,sinkhorn_cellsim
2.429254e+01,51681,8.07205212070300e-05,2.80708196784243e-02,4.20678908981936e+02,sinkhorn_cellsim
2.430192e+01,51701,8.06802885890181e-05,2.80708202475407e-02,4.20678920564490e+02,sinkhorn_cellsim
2.431129e+01,51721,8.06406176480029e-05,2.80708208060498e-02,4.20678932146973e+02,sinkhorn_cellsim
2.432067e+01,51741,8.06014997256026e-05,2.80708213541578e-02,4.20678943729387e+02,sinkhorn_cellsim
2.433005e+01,51761,8.05629263126196e-05,2.80708218920671e-02,4.20678955311734e+02,sinkhorn_cellsim
2.433942e+01,51781,8.05248890569000e-05,2.80708224199771e-02,4.20678966894015e+02,sinkhorn_cellsim
2.434880e+01,51801,8.04873797510238e-05,2.80708229380828e-02,4.20678978476232e+02,sinkhorn_cellsim
2.435818e+01,51821,8.04503903311471e-05,2.80708234465754e-02,4.20678990058386e+02,sinkhorn_cellsim
2.436755e+01,51841,8.04149380316018e-05,2.80708239456427e-02,4.20679001640480e+02,sinkhorn_cellsim
2.437693e+01,51861,8.03801088709967e-05,2.80708244354693e-02,4.20679013222515e+02,sinkhorn_cellsim
2.438631e+01,51881,8.03506532520884e-05,2.80708249162362e-02,4.20679024804493e+02,sinkhorn_cellsim
2.439569e+01,51901,8.03276233173892e-05,2.80708253881203e-02,4.20679036386413e+02,sinkhorn_cellsim
2.440506e+01,51921,8.03056375305144e-05,2.80708258512959e-02,4.20679047968280e+02,sinkhorn_cellsim
2.441444e+01,51941,8.02848550824716e-05,2.80708263059337e-02,4.20679059550092e+02,sinkhorn_cellsim
2.443352e+01,51961,8.02655195137806e-05,2.80708267522007e-02,4.20679071131853e+02,sinkhorn_cellsim
2.444290e+01,51981,8.02465172372012e-05,2.80708271902611e-02,4.20679082713563e+02,sinkhorn_cellsim
2.445228e+01,52001,8.02278412914184e-05,2.80708276202760e-02,4.20679094295223e+02,sinkhorn_cellsim
2.446165e+01,52021,8.02094848839702e-05,2.80708280424036e-02,4.20679105876835e+02,sinkhorn_cellsim
2.447102e+01,52041,8.01914413959957e-05,2.80708284567985e-02,4.20679117458401e+02,sinkhorn_cellsim
2.448041e+01,52061,8.01737043661261e-05,2.80708288636127e-02,4.20679129039920e+02,sinkhorn_cellsim
2.448977e+01,52081,8.01562674883952e-05,2.80708292629941e-02,4.20679140621394e+02,sinkhorn_cellsim
2.449915e+01,52101,8.01391246134580e-05,2.80708296550902e-02,4.20679152202825e+02,sinkhorn_cellsim
2.450851e+01,52121,8.01222697275566e-05,2.80708300400432e-02,4.20679163784213e+02,sinkhorn_cellsim
2.451788e+01,52141,8.01071614993292e-05,2.80708304179934e-02,4.20679175365559e+02,sinkhorn_cellsim
2.452725e+01,52161,8.00959278869986e-05,2.80708307890790e-02,4.20679186946866e+02,sinkhorn_cellsim
2.453662e+01,52181,8.00892883926486e-05,2.80708311534344e-02,4.20679198528132e+02,sinkhorn_cellsim
2.454599e+01,52201,8.00846610928076e-05,2.80708315111924e-02,4.20679210109360e+02,sinkhorn_cellsim
2.455536e+01,52221,8.00827496336917e-05,2.80708318624820e-02,4.20679221690550e+02,sinkhorn_cellsim
2.456473e+01,52241,8.00816518667262e-05,2.80708322074311e-02,4.20679233271704e+02,sinkhorn_cellsim
2.457410e+01,52261,8.00810065225416e-05,2.80708325461634e-02,4.20679244852822e+02,sinkhorn_cellsim
2.458346e+01,52281,8.00803640609277e-05,2.80708328788021e-02,4.20679256433905e+02,sinkhorn_cellsim
2.459283e+01,52301,8.00797244656843e-05,2.80708332054663e-02,4.20679268014953e+02,sinkhorn_cellsim
2.460220e+01,52321,8.00790877093733e-05,2.80708335262745e-02,4.20679279595969e+02,sinkhorn_cellsim
2.461157e+01,52341,8.00784537692593e-05,2.80708338413411e-02,4.20679291176951e+02,sinkhorn_cellsim
2.462094e+01,52361,8.00778226105330e-05,2.80708341507801e-02,4.20679302757903e+02,sinkhorn_cellsim
2.463032e+01,52381,8.00771942029629e-05,2.80708344547016e-02,4.20679314338823e+02,sinkhorn_cellsim
2.463968e+01,52401,8.00765684958281e-05,2.80708347532158e-02,4.20679325919712e+02,sinkhorn_cellsim
2.464906e+01,52421,8.00759454291416e-05,2.80708350464297e-02,4.20679337500572e+02,sinkhorn_cellsim
2.465842e+01,52441,8.00753249334166e-05,2.80708353344490e-02,4.20679349081403e+02,sinkhorn_cellsim
2.466779e+01,52461,8.00747069062694e-05,2.80708356173782e-02,4.20679360662206e+02,sinkhorn_cellsim
2.467715e+01,52481,8.00740912251181e-05,2.80708358953200e-02,4.20679372242981e+02,sinkhorn_cellsim
2.468653e+01,52501,8.00734777115568e-05,2.80708361683776e-02,4.20679383823728e+02,sinkhorn_cellsim
2.469589e+01,52521,8.00728661361959e-05,2.80708364366525e-02,4.20679395404449e+02,sinkhorn_cellsim
2.470527e+01,52541,8.00722561803577e-05,2.80708367002480e-02,4.20679406985142e+02,sinkhorn_cellsim
2.471464e+01,52561,8.00716474222298e-05,2.80708369592679e-02,4.20679418565810e+02,sinkhorn_cellsim
2.472401e+01,52581,8.00710392751285e-05,2.80708372138187e-02,4.20679430146451e+02,sinkhorn_cellsim
2.473338e+01,52601,8.00704309340450e-05,2.80708374640122e-02,4.20679441727065e+02,sinkhorn_cellsim
2.474275e+01,52621,8.00698213167240e-05,2.80708377099649e-02,4.20679453307652e+02,sinkhorn_cellsim
2.475212e+01,52641,8.00692089101808e-05,2.80708379518058e-02,4.20679464888211e+02,sinkhorn_cellsim
2.476150e+01,52661,8.00685916657741e-05,2.80708381896765e-02,4.20679476468740e+02,sinkhorn_cellsim
2.477087e+01,52681,8.00679667393208e-05,2.80708384237406e-02,4.20679488049238e+02,sinkhorn_cellsim
2.478024e+01,52701,8.00673302529202e-05,2.80708386541888e-02,4.20679499629700e+02,sinkhorn_cellsim
2.478960e+01,52721,8.00666768544996e-05,2.80708388812530e-02,4.20679511210122e+02,sinkhorn_cellsim
2.479897e+01,52741,8.00659991859910e-05,2.80708391052226e-02,4.20679522790497e+02,sinkhorn_cellsim
2.480834e+01,52761,8.00652871354044e-05,2.80708393264630e-02,4.20679534370816e+02,sinkhorn_cellsim
2.481771e+01,52781,8.00645267853121e-05,2.80708395454489e-02,4.20679545951065e+02,sinkhorn_cellsim
2.482708e+01,52801,8.00636989986053e-05,2.80708397628041e-02,4.20679557531226e+02,sinkhorn_cellsim
2.483645e+01,52821,8.00627774373791e-05,2.80708399793575e-02,4.20679569111273e+02,sinkhorn_cellsim
2.484582e+01,52841,8.00617258756176e-05,2.80708401962223e-02,4.20679580691170e+02,sinkhorn_cellsim
2.485519e+01,52861,8.00604944703056e-05,2.80708404149030e-02,4.20679592270869e+02,sinkhorn_cellsim
2.486456e+01,52881,8.00590146513994e-05,2.80708406374421e-02,4.20679603850301e+02,sinkhorn_cellsim
2.487393e+01,52901,8.00571920944368e-05,2.80708408666228e-02,4.20679615429374e+02,sinkhorn_cellsim
2.488330e+01,52921,8.00548970453830e-05,2.80708411062493e-02,4.20679627007959e+02,sinkhorn_cellsim
2.489267e+01,52941,8.00519510541586e-05,2.80708413615267e-02,4.20679638585880e+02,sinkhorn_cellsim
2.490204e+01,52961,8.00481087259152e-05,2.80708416395895e-02,4.20679650162893e+02,sinkhorn_cellsim
2.491141e+01,52981,8.00430327015808e-05,2.80708419502214e-02,4.20679661738664e+02,sinkhorn_cellsim
2.492078e+01,53001,8.00362593438905e-05,2.80708423068442e-02,4.20679673312731e+02,sinkhorn_cellsim
2.493015e+01,53021,8.00271517822544e-05,2.80708427278709e-02,4.20679684884464e+02,sinkhorn_cellsim
2.493952e+01,53041,8.00148357671828e-05,2.80708432385552e-02,4.20679696452992e+02,sinkhorn_cellsim
2.494889e+01,53061,7.99981122873741e-05,2.80708438735075e-02,4.20679708017123e+02,sinkhorn_cellsim
2.495825e+01,53081,7.99753389795322e-05,2.80708446801131e-02,4.20679719575220e+02,sinkhorn_cellsim
2.496763e+01,53101,7.99442701083071e-05,2.80708457231382e-02,4.20679731125042e+02,sinkhorn_cellsim
2.497700e+01,53121,7.99018422001599e-05,2.80708470909042e-02,4.20679742663524e+02,sinkhorn_cellsim
2.498637e+01,53141,7.98438900196637e-05,2.80708489034575e-02,4.20679754186485e+02,sinkhorn_cellsim
2.499573e+01,53161,7.97647759774522e-05,2.80708513232281e-02,4.20679765688240e+02,sinkhorn_cellsim
2.500511e+01,53181,7.96569173403569e-05,2.80708545686081e-02,4.20679777161098e+02,sinkhorn_cellsim
2.501447e+01,53201,7.95102031287907e-05,2.80708589306730e-02,4.20679788594710e+02,sinkhorn_cellsim
2.502385e+01,53221,7.93113121802509e-05,2.80708647926839e-02,4.20679799975278e+02,sinkhorn_cellsim
2.503322e+01,53241,7.90429848669536e-05,2.80708726508122e-02,4.20679811284611e+02,sinkhorn_cellsim
2.504259e+01,53261,7.86880893780336e-05,2.80708831323505e-02,4.20679822499113e+02,sinkhorn_cellsim
2.505196e+01,53281,7.82320095458221e-05,2.80708970041962e-02,4.20679833588834e+02,sinkhorn_cellsim
2.506133e+01,53301,7.76528103808392e-05,2.80709151596898e-02,4.20679844516880e+02,sinkhorn_cellsim
2.507070e+01,53321,7.69495255069797e-05,2.80709385671907e-02,4.20679855239619e+02,sinkhorn_cellsim
2.508007e+01,53341,7.61187413469184e-05,2.80709681626732e-02,4.20679865708267e+02,sinkhorn_cellsim
2.508944e+01,53361,7.51951205914957e-05,2.80710046776157e-02,4.20679875872377e+02,sinkhorn_cellsim
2.509881e+01,53381,7.42111163487057e-05,2.80710484196883e-02,4.20679885685337e+02,sinkhorn_cellsim
2.510818e+01,53401,7.31947139941329e-05,2.80710990667050e-02,4.20679895111054e+02,sinkhorn_cellsim
2.511756e+01,53421,7.20725863097861e-05,2.80711555738903e-02,4.20679904129826e+02,sinkhorn_cellsim
2.512693e+01,53441,7.09627520286409e-05,2.80712162907476e-02,4.20679912740763e+02,sinkhorn_cellsim
2.513630e+01,53461,6.98830715171397e-05,2.80712793068946e-02,4.20679920958921e+02,sinkhorn_cellsim
2.514568e+01,53481,6.87465797172284e-05,2.80713429232573e-02,4.20679928807569e+02,sinkhorn_cellsim
2.515505e+01,53501,6.76185868085222e-05,2.80714060607909e-02,4.20679936308467e+02,sinkhorn_cellsim
2.516442e+01,53521,6.64607830815128e-05,2.80714684407814e-02,4.20679943473981e+02,sinkhorn_cellsim
2.517379e+01,53541,6.53123261561867e-05,2.80715304783484e-02,4.20679950303823e+02,sinkhorn_cellsim
2.518316e+01,53561,6.41601991905502e-05,2.80715929444438e-02,4.20679956787268e+02,sinkhorn_cellsim
2.519252e+01,53581,6.29974077013673e-05,2.80716565175361e-02,4.20679962909892e+02,sinkhorn_cellsim
2.520189e+01,53601,6.18143467840002e-05,2.80717213671377e-02,4.20679968662627e+02,sinkhorn_cellsim
2.521127e+01,53621,6.06275833492396e-05,2.80717869048392e-02,4.20679974050165e+02,sinkhorn_cellsim
2.522064e+01,53641,5.94551765757828e-05,2.80718517972440e-02,4.20679979095677e+02,sinkhorn_cellsim
2.523001e+01,53661,5.83517697300073e-05,2.80719142441524e-02,4.20679983839993e+02,sinkhorn_cellsim
2.523938e+01,53681,5.72960919542264e-05,2.80719724107849e-02,4.20679988335702e+02,sinkhorn_cellsim
2.524875e+01,53701,5.63130521964277e-05,2.80720248367150e-02,4.20679992638774e+02,sinkhorn_cellsim
2.525812e+01,53721,5.54101863832671e-05,2.80720706771383e-02,4.20679996800978e+02,sinkhorn_cellsim
2.526749e+01,53741,5.45672773251208e-05,2.80721097352470e-02,4.20680000865200e+02,sinkhorn_cellsim
2.527686e+01,53761,5.37556868515708e-05,2.80721423395960e-02,4.20680004863978e+02,sinkhorn_cellsim
2.528623e+01,53781,5.29616326021306e-05,2.80721691565496e-02,4.20680008820355e+02,sinkhorn_cellsim
2.529560e+01,53801,5.21937494961661e-05,2.80721910109445e-02,4.20680012749796e+02,sinkhorn_cellsim
2.530497e+01,53821,5.14666395279596e-05,2.80722087515892e-02,4.20680016662277e+02,sinkhorn_cellsim
2.531434e+01,53841,5.07732612428744e-05,2.80722231680786e-02,4.20680020564056e+02,sinkhorn_cellsim
2.532372e+01,53861,5.01106977409191e-05,2.80722349496940e-02,4.20680024458987e+02,sinkhorn_cellsim
2.533309e+01,53881,4.94792271600049e-05,2.80722446728837e-02,4.20680028349425e+02,sinkhorn_cellsim
2.534246e+01,53901,4.88732660559863e-05,2.80722528054114e-02,4.20680032236806e+02,sinkhorn_cellsim
2.535183e+01,53921,4.83063995155233e-05,2.80722597186531e-02,4.20680036122015e+02,sinkhorn_cellsim
2.536121e+01,53941,4.77750324110998e-05,2.80722657027220e-02,4.20680040005603e+02,sinkhorn_cellsim
2.537058e+01,53961,4.72693309793645e-05,2.80722709814805e-02,4.20680043887925e+02,sinkhorn_cellsim
2.537996e+01,53981,4.67839122636664e-05,2.80722757260166e-02,4.20680047769215e+02,sinkhorn_cellsim
2.538933e+01,54001,4.63188978361287e-05,2.80722800660797e-02,4.20680051649633e+02,sinkhorn_cellsim
2.539870e+01,54021,4.58767721539843e-05,2.80722840994352e-02,4.20680055529293e+02,sinkhorn_cellsim
2.540807e+01,54041,4.54538024630634e-05,2.80722878993355e-02,4.20680059408280e+02,sinkhorn_cellsim
2.541744e+01,54061,4.50462976309397e-05,2.80722915203844e-02,4.20680063286660e+02,sinkhorn_cellsim
2.542681e+01,54081,4.46532149906345e-05,2.80722950030848e-02,4.20680067164486e+02,sinkhorn_cellsim
2.543618e+01,54101,4.42745688106575e-05,2.80722983773325e-02,4.20680071041801e+02,sinkhorn_cellsim
2.544555e+01,54121,4.39080907720233e-05,2.80723016650789e-02,4.20680074918641e+02,sinkhorn_cellsim
2.545492e+01,54141,4.35554618209611e-05,2.80723048823544e-02,4.20680078795038e+02,sinkhorn_cellsim
2.546428e+01,54161,4.32155056884211e-05,2.80723080407923e-02,4.20680082671020e+02,sinkhorn_cellsim
2.547366e+01,54181,4.28859703819224e-05,2.80723111487756e-02,4.20680086546610e+02,sinkhorn_cellsim
2.548303e+01,54201,4.25664027618785e-05,2.80723142122993e-02,4.20680090421831e+02,sinkhorn_cellsim
2.549240e+01,54221,4.22576220975364e-05,2.80723172356091e-02,4.20680094296701e+02,sinkhorn_cellsim
2.550177e+01,54241,4.19597774697862e-05,2.80723202216825e-02,4.20680098171239e+02,sinkhorn_cellsim
2.551114e+01,54261,4.16700755458610e-05,2.80723231725824e-02,4.20680102045460e+02,sinkhorn_cellsim
2.552051e+01,54281,4.13884232847892e-05,2.80723260897185e-02,4.20680105919380e+02,sinkhorn_cellsim
2.552988e+01,54301,4.11142650346900e-05,2.80723289740403e-02,4.20680109793011e+02,sinkhorn_cellsim
2.553925e+01,54321,4.08472085339676e-05,2.80723318261792e-02,4.20680113666367e+02,sinkhorn_cellsim
2.554862e+01,54341,4.05869554443504e-05,2.80723346465511e-02,4.20680117539459e+02,sinkhorn_cellsim
2.555799e+01,54361,4.03332261729249e-05,2.80723374354303e-02,4.20680121412298e+02,sinkhorn_cellsim
2.556737e+01,54381,4.00857583445057e-05,2.80723401930034e-02,4.20680125284894e+02,sinkhorn_cellsim
2.557674e+01,54401,3.98443054246203e-05,2.80723429194062e-02,4.20680129157256e+02,sinkhorn_cellsim
2.558612e+01,54421,3.96086354286364e-05,2.80723456147508e-02,4.20680133029393e+02,sinkhorn_cellsim
2.559548e+01,54441,3.93788500184161e-05,2.80723482791432e-02,4.20680136901314e+02,sinkhorn_cellsim
2.560485e+01,54461,3.91578021342081e-05,2.80723509126952e-02,4.20680140773025e+02,sinkhorn_cellsim
2.561422e+01,54481,3.89439469600639e-05,2.80723535155313e-02,4.20680144644536e+02,sinkhorn_cellsim
2.562361e+01,54501,3.87349119133024e-05,2.80723560877953e-02,4.20680148515851e+02,sinkhorn_cellsim
2.563301e+01,54521,3.85309054467528e-05,2.80723586296497e-02,4.20680152386979e+02,sinkhorn_cellsim
2.564239e+01,54541,3.83322650942321e-05,2.80723611412790e-02,4.20680156257924e+02,sinkhorn_cellsim
2.565176e+01,54561,3.81390028488636e-05,2.80723636228867e-02,4.20680160128694e+02,sinkhorn_cellsim
2.566114e+01,54581,3.79501303067598e-05,2.80723660746980e-02,4.20680163999294e+02,sinkhorn_cellsim
2.567051e+01,54601,3.77653334395001e-05,2.80723684969545e-02,4.20680167869728e+02,sinkhorn_cellsim
2.567988e+01,54621,3.75845717860884e-05,2.80723708899152e-02,4.20680171740002e+02,sinkhorn_cellsim
2.568925e+01,54641,3.74077650781939e-05,2.80723732538553e-02,4.20680175610121e+02,sinkhorn_cellsim
2.569863e+01,54661,3.72359976404586e-05,2.80723755890610e-02,4.20680179480090e+02,sinkhorn_cellsim
2.570800e+01,54681,3.70693472556504e-05,2.80723778958322e-02,4.20680183349912e+02,sinkhorn_cellsim
2.571738e+01,54701,3.69077680709162e-05,2.80723801744774e-02,4.20680187219592e+02,sinkhorn_cellsim
2.572675e+01,54721,3.67510400555009e-05,2.80723824253142e-02,4.20680191089134e+02,sinkhorn_cellsim
2.573613e+01,54741,3.65997003583440e-05,2.80723846486672e-02,4.20680194958542e+02,sinkhorn_cellsim
2.574550e+01,54761,3.64514857409551e-05,2.80723868448666e-02,4.20680198827819e+02,sinkhorn_cellsim
2.575487e+01,54781,3.63062107437129e-05,2.80723890142479e-02,4.20680202696970e+02,sinkhorn_cellsim
2.576424e+01,54801,3.61665443337118e-05,2.80723911571494e-02,4.20680206565997e+02,sinkhorn_cellsim
2.577361e+01,54821,3.60325511866065e-05,2.80723932739118e-02,4.20680210434904e+02,sinkhorn_cellsim
2.578298e+01,54841,3.59021691930375e-05,2.80723953648786e-02,4.20680214303693e+02,sinkhorn_cellsim
2.579235e+01,54861,3.57772017202180e-05,2.80723974303935e-02,4.20680218172369e+02,sinkhorn_cellsim
2.580172e+01,54881,3.56590318549199e-05,2.80723994708000e-02,4.20680222040933e+02,sinkhorn_cellsim
2.581109e+01,54901,3.55443722721708e-05,2.80724014864422e-02,4.20680225909389e+02,sinkhorn_cellsim
2.582046e+01,54921,3.54325703667033e-05,2.80724034776633e-02,4.20680229777739e+02,sinkhorn_cellsim
2.582984e+01,54941,3.53248066818756e-05,2.80724054448042e-02,4.20680233645986e+02,sinkhorn_cellsim
2.583921e+01,54961,3.52196132390591e-05,2.80724073882038e-02,4.20680237514133e+02,sinkhorn_cellsim
2.584858e+01,54981,3.51175795304297e-05,2.80724093082003e-02,4.20680241382181e+02,sinkhorn_cellsim
2.585796e+01,55001,3.50174344792364e-05,2.80724112051284e-02,4.20680245250133e+02,sinkhorn_cellsim
2.586733e+01,55021,3.49196260121334e-05,2.80724130793197e-02,4.20680249117992e+02,sinkhorn_cellsim
2.587670e+01,55041,3.48236197002018e-05,2.80724149311032e-02,4.20680252985760e+02,sinkhorn_cellsim
2.588608e+01,55061,3.47305883317374e-05,2.80724167608047e-02,4.20680256853438e+02,sinkhorn_cellsim
2.589545e+01,55081,3.46395182406334e-05,2.80724185687459e-02,4.20680260721030e+02,sinkhorn_cellsim
2.590482e+01,55101,3.45505592167563e-05,2.80724203552454e-02,4.20680264588536e+02,sinkhorn_cellsim
2.591419e+01,55121,3.44635920257619e-05,2.80724221206177e-02,4.20680268455959e+02,sinkhorn_cellsim
2.592358e+01,55141,3.43789812459785e-05,2.80724238651732e-02,4.20680272323300e+02,sinkhorn_cellsim
2.593295e+01,55161,3.42986236566645e-05,2.80724255892191e-02,4.20680276190562e+02,sinkhorn_cellsim
2.594232e+01,55181,3.42219677615104e-05,2.80724272930579e-02,4.20680280057746e+02,sinkhorn_cellsim
2.595169e+01,55201,3.41474984432353e-05,2.80724289769878e-02,4.20680283924854e+02,sinkhorn_cellsim
2.596106e+01,55221,3.40755055283330e-05,2.80724306413032e-02,4.20680287791887e+02,sinkhorn_cellsim
2.597043e+01,55241,3.40076628534525e-05,2.80724322862940e-02,4.20680291658848e+02,sinkhorn_cellsim
2.597981e+01,55261,3.39427678808058e-05,2.80724339122458e-02,4.20680295525737e+02,sinkhorn_cellsim
2.598918e+01,55281,3.38804969610844e-05,2.80724355194399e-02,4.20680299392557e+02,sinkhorn_cellsim
2.599855e+01,55301,3.38215356425202e-05,2.80724371081534e-02,4.20680303259308e+02,sinkhorn_cellsim
2.600792e+01,55321,3.37650582203679e-05,2.80724386786594e-02,4.20680307125993e+02,sinkhorn_cellsim
2.601730e+01,55341,3.37102682197565e-05,2.80724402312264e-02,4.20680310992612e+02,sinkhorn_cellsim
2.602667e+01,55361,3.36579637457903e-05,2.80724417661186e-02,4.20680314859166e+02,sinkhorn_cellsim
2.603604e+01,55381,3.36079804264917e-05,2.80724432835956e-02,4.20680318725658e+02,sinkhorn_cellsim
2.604541e+01,55401,3.35599753046466e-05,2.80724447839138e-02,4.20680322592089e+02,sinkhorn_cellsim
2.605479e+01,55421,3.35133490851262e-05,2.80724462673246e-02,4.20680326458459e+02,sinkhorn_cellsim
2.606416e+01,55441,3.34679081766405e-05,2.80724477340749e-02,4.20680330324770e+02,sinkhorn_cellsim
2.607353e+01,55461,3.34252689767522e-05,2.80724491844089e-02,4.20680334191024e+02,sinkhorn_cellsim
2.608290e+01,55481,3.33850820938180e-05,2.80724506185652e-02,4.20680338057220e+02,sinkhorn_cellsim
2.609227e+01,55501,3.33480343164350e-05,2.80724520367792e-02,4.20680341923361e+02,sinkhorn_cellsim
2.610163e+01,55521,3.33122630485859e-05,2.80724534392820e-02,4.20680345789448e+02,sinkhorn_cellsim
2.611100e+01,55541,3.32774589933166e-05,2.80724548263010e-02,4.20680349655481e+02,sinkhorn_cellsim
2.612037e+01,55561,3.32432567025186e-05,2.80724561980595e-02,4.20680353521462e+02,sinkhorn_cellsim
2.612975e+01,55581,3.32098115799963e-05,2.80724575547774e-02,4.20680357387391e+02,sinkhorn_cellsim
2.613912e+01,55601,3.31771203988716e-05,2.80724588966698e-02,4.20680361253270e+02,sinkhorn_cellsim
2.614849e+01,55621,3.31448141624726e-05,2.80724602239494e-02,4.20680365119100e+02,sinkhorn_cellsim
2.615786e+01,55641,3.31133372085595e-05,2.80724615368241e-02,4.20680368984881e+02,sinkhorn_cellsim
2.616724e+01,55661,3.30825759025363e-05,2.80724628354990e-02,4.20680372850614e+02,sinkhorn_cellsim
2.617661e+01,55681,3.30521535607715e-05,2.80724641201754e-02,4.20680376716301e+02,sinkhorn_cellsim
2.618598e+01,55701,3.30225701679654e-05,2.80724653910503e-02,4.20680380581943e+02,sinkhorn_cellsim
2.619535e+01,55721,3.29934191183839e-05,2.80724666483189e-02,4.20680384447539e+02,sinkhorn_cellsim
2.620473e+01,55741,3.29645561370742e-05,2.80724678921720e-02,4.20680388313091e+02,sinkhorn_cellsim
2.621411e+01,55761,3.29361964972749e-05,2.80724691227964e-02,4.20680392178600e+02,sinkhorn_cellsim
2.622348e+01,55781,3.29082260269548e-05,2.80724703403771e-02,4.20680396044066e+02,sinkhorn_cellsim
2.623285e+01,55801,3.28806677831287e-05,2.80724715450951e-02,4.20680399909491e+02,sinkhorn_cellsim
2.624222e+01,55821,3.28534972596086e-05,2.80724727371280e-02,4.20680403774875e+02,sinkhorn_cellsim
2.625159e+01,55841,3.28265955260259e-05,2.80724739166509e-02,4.20680407640219e+02,sinkhorn_cellsim
2.626097e+01,55861,3.27999601164271e-05,2.80724750838357e-02,4.20680411505523e+02,sinkhorn_cellsim
2.627034e+01,55881,3.27735885529885e-05,2.80724762388510e-02,4.20680415370789e+02,sinkhorn_cellsim
2.627972e+01,55901,3.27477047244824e-05,2.80724773818629e-02,4.20680419236017e+02,sinkhorn_cellsim
2.628910e+01,55921,3.27231296323934e-05,2.80724785130345e-02,4.20680423101207e+02,sinkhorn_cellsim
2.629846e+01,55941,3.26989585884578e-05,2.80724796325256e-02,4.20680426966360e+02,sinkhorn_cellsim
2.630782e+01,55961,3.26751669866304e-05,2.80724807404941e-02,4.20680430831478e+02,sinkhorn_cellsim
2.631720e+01,55981,3.26521118633740e-05,2.80724818370943e-02,4.20680434696560e+02,sinkhorn_cellsim
2.632657e+01,56001,3.26295478085958e-05,2.80724829224783e-02,4.20680438561608e+02,sinkhorn_cellsim
2.633595e+01,56021,3.26073047495358e-05,2.80724839967962e-02,4.20680442426621e+02,sinkhorn_cellsim
2.634532e+01,56041,3.25862985137486e-05,2.80724850601944e-02,4.20680446291601e+02,sinkhorn_cellsim
2.635469e+01,56061,3.25660761082292e-05,2.80724861128168e-02,4.20680450156547e+02,sinkhorn_cellsim
2.636406e+01,56081,3.25472216504120e-05,2.80724871548065e-02,4.20680454021462e+02,sinkhorn_cellsim
2.637344e+01,56101,3.25289898001594e-05,2.80724881863019e-02,4.20680457886344e+02,sinkhorn_cellsim
2.638280e+01,56121,3.25130719604483e-05,2.80724892074410e-02,4.20680461751196e+02,sinkhorn_cellsim
2.639217e+01,56141,3.24976949053891e-05,2.80724902183580e-02,4.20680465616016e+02,sinkhorn_cellsim
2.640155e+01,56161,3.24833411351152e-05,2.80724912191858e-02,4.20680469480807e+02,sinkhorn_cellsim
2.641092e+01,56181,3.24693254170563e-05,2.80724922100546e-02,4.20680473345567e+02,sinkhorn_cellsim
2.642029e+01,56201,3.24554212605246e-05,2.80724931910927e-02,4.20680477210299e+02,sinkhorn_cellsim
2.642967e+01,56221,3.24418070312890e-05,2.80724941624257e-02,4.20680481075002e+02,sinkhorn_cellsim
2.643904e+01,56241,3.24289550888046e-05,2.80724951241780e-02,4.20680484939676e+02,sinkhorn_cellsim
2.644842e+01,56261,3.24162313063609e-05,2.80724960764712e-02,4.20680488804323e+02,sinkhorn_cellsim
2.645779e+01,56281,3.24036625143521e-05,2.80724970194255e-02,4.20680492668943e+02,sinkhorn_cellsim
2.646717e+01,56301,3.23914404494617e-05,2.80724979531583e-02,4.20680496533535e+02,sinkhorn_cellsim
2.647653e+01,56321,3.23793084229147e-05,2.80724988777854e-02,4.20680500398102e+02,sinkhorn_cellsim
2.648591e+01,56341,3.23672659023212e-05,2.80724997934214e-02,4.20680504262642e+02,sinkhorn_cellsim
2.649527e+01,56361,3.23553123593678e-05,2.80725007001780e-02,4.20680508127157e+02,sinkhorn_cellsim
2.650464e+01,56381,3.23434472642933e-05,2.80725015981658e-02,4.20680511991647e+02,sinkhorn_cellsim
2.651401e+01,56401,3.23316700793973e-05,2.80725024874937e-02,4.20680515856113e+02,sinkhorn_cellsim
2.652339e+01,56421,3.23199802752139e-05,2.80725033682680e-02,4.20680519720554e+02,sinkhorn_cellsim
2.653277e+01,56441,3.23083773135305e-05,2.80725042405934e-02,4.20680523584971e+02,sinkhorn_cellsim
2.654214e+01,56461,3.22968606635534e-05,2.80725051045742e-02,4.20680527449365e+02,sinkhorn_cellsim
2.655151e+01,56481,3.22854297841253e-05,2.80725059603115e-02,4.20680531313735e+02,sinkhorn_cellsim
2.656089e+01,56501,3.22740841492044e-05,2.80725068079058e-02,4.20680535178083e+02,sinkhorn_cellsim
2.657026e+01,56521,3.22629385372756e-05,2.80725076474556e-02,4.20680539042409e+02,sinkhorn_cellsim
2.657963e+01,56541,3.22520348190735e-05,2.80725084790580e-02,4.20680542906713e+02,sinkhorn_cellsim
2.658900e+01,56561,3.22412120558031e-05,2.80725093028079e-02,4.20680546770995e+02,sinkhorn_cellsim
2.659838e+01,56581,3.22305791609505e-05,2.80725101187997e-02,4.20680550635256e+02,sinkhorn_cellsim
2.660776e+01,56601,3.22201875958472e-05,2.80725109271262e-02,4.20680554499496e+02,sinkhorn_cellsim
2.661713e+01,56621,3.22098728864607e-05,2.80725117278779e-02,4.20680558363715e+02,sinkhorn_cellsim
2.662650e+01,56641,3.21996345590340e-05,2.80725125211448e-02,4.20680562227914e+02,sinkhorn_cellsim
2.663587e+01,56661,3.21894721545614e-05,2.80725133070153e-02,4.20680566092093e+02,sinkhorn_cellsim
2.664525e+01,56681,3.21793851943522e-05,2.80725140855761e-02,4.20680569956253e+02,sinkhorn_cellsim
2.665462e+01,56701,3.21698339936104e-05,2.80725148569126e-02,4.20680573820393e+02,sinkhorn_cellsim
2.666400e+01,56721,3.21609014033711e-05,2.80725156211093e-02,4.20680577684514e+02,sinkhorn_cellsim
2.667337e+01,56741,3.21520642252100e-05,2.80725163782497e-02,4.20680581548616e+02,sinkhorn_cellsim
2.668274e+01,56761,3.21434646508290e-05,2.80725171284148e-02,4.20680585412701e+02,sinkhorn_cellsim
2.669212e+01,56781,3.21353635701944e-05,2.80725178716850e-02,4.20680589276767e+02,sinkhorn_cellsim
2.670149e+01,56801,3.21273287704072e-05,2.80725186081408e-02,4.20680593140815e+02,sinkhorn_cellsim
2.671086e+01,56821,3.21193512107505e-05,2.80725193378594e-02,4.20680597004845e+02,sinkhorn_cellsim
2.672023e+01,56841,3.21114306081782e-05,2.80725200609177e-02,4.20680600868859e+02,sinkhorn_cellsim
2.672961e+01,56861,3.21035666686445e-05,2.80725207773918e-02,4.20680604732855e+02,sinkhorn_cellsim
2.673898e+01,56881,3.20957591017895e-05,2.80725214873568e-02,4.20680608596834e+02,sinkhorn_cellsim
2.674836e+01,56901,3.20880076107069e-05,2.80725221908857e-02,4.20680612460797e+02,sinkhorn_cellsim
2.675772e+01,56921,3.20803119035600e-05,2.80725228880511e-02,4.20680616324744e+02,sinkhorn_cellsim
2.676710e+01,56941,3.20726716789633e-05,2.80725235789246e-02,4.20680620188675e+02,sinkhorn_cellsim
2.677648e+01,56961,3.20650866380018e-05,2.80725242635768e-02,4.20680624052590e+02,sinkhorn_cellsim
2.678586e+01,56981,3.20575564798548e-05,2.80725249420772e-02,4.20680627916489e+02,sinkhorn_cellsim
2.679523e+01,57001,3.20500809002428e-05,2.80725256144939e-02,4.20680631780374e+02,sinkhorn_cellsim
2.680461e+01,57021,3.20426595959587e-05,2.80725262808947e-02,4.20680635644243e+02,sinkhorn_cellsim
2.681398e+01,57041,3.20352922615927e-05,2.80725269413455e-02,4.20680639508097e+02,sinkhorn_cellsim
2.682336e+01,57061,3.20279785948040e-05,2.80725275959123e-02,4.20680643371937e+02,sinkhorn_cellsim
2.683273e+01,57081,3.20207182802751e-05,2.80725282446595e-02,4.20680647235763e+02,sinkhorn_cellsim
2.684211e+01,57101,3.20135110144689e-05,2.80725288876510e-02,4.20680651099574e+02,sinkhorn_cellsim
2.685148e+01,57121,3.20063564877928e-05,2.80725295249496e-02,4.20680654963372e+02,sinkhorn_cellsim
2.686085e+01,57141,3.19992543899720e-05,2.80725301566168e-02,4.20680658827155e+02,sinkhorn_cellsim
2.687023e+01,57161,3.19922044130625e-05,2.80725307827142e-02,4.20680662690926e+02,sinkhorn_cellsim
2.687960e+01,57181,3.19852062446604e-05,2.80725314033014e-02,4.20680666554683e+02,sinkhorn_cellsim
2.688897e+01,57201,3.19782595713544e-05,2.80725320184384e-02,4.20680670418426e+02,sinkhorn_cellsim
2.689834e+01,57221,3.19713640851725e-05,2.80725326281830e-02,4.20680674282157e+02,sinkhorn_cellsim
2.690772e+01,57241,3.19645194691662e-05,2.80725332325939e-02,4.20680678145875e+02,sinkhorn_cellsim
2.691709e+01,57261,3.19577254211729e-05,2.80725338317271e-02,4.20680682009581e+02,sinkhorn_cellsim
2.692646e+01,57281,3.19509816206892e-05,2.80725344256394e-02,4.20680685873274e+02,sinkhorn_cellsim
2.693584e+01,57301,3.19442877563831e-05,2.80725350143860e-02,4.20680689736955e+02,sinkhorn_cellsim
2.694521e+01,57321,3.19376435211615e-05,2.80725355980214e-02,4.20680693600625e+02,sinkhorn_cellsim
2.695458e+01,57341,3.19310485987464e-05,2.80725361765996e-02,4.20680697464282e+02,sinkhorn_cellsim
2.696396e+01,57361,3.19245026777399e-05,2.80725367501743e-02,4.20680701327928e+02,sinkhorn_cellsim
2.697333e+01,57381,3.19180588560026e-05,2.80725373187971e-02,4.20680705191562e+02,sinkhorn_cellsim
2.698270e+01,57401,3.19118027583458e-05,2.80725378825204e-02,4.20680709055185e+02,sinkhorn_cellsim
2.699207e+01,57421,3.19055931429856e-05,2.80725384413951e-02,4.20680712918797e+02,sinkhorn_cellsim
2.700144e+01,57441,3.18994297159895e-05,2.80725389954715e-02,4.20680716782397e+02,sinkhorn_cellsim
2.701082e+01,57461,3.18933263911484e-05,2.80725395447998e-02,4.20680720645987e+02,sinkhorn_cellsim
2.702019e+01,57481,3.18875758480363e-05,2.80725400894285e-02,4.20680724509567e+02,sinkhorn_cellsim
2.702957e+01,57501,3.18818888667503e-05,2.80725406294061e-02,4.20680728373136e+02,sinkhorn_cellsim
2.703895e+01,57521,3.18762441246779e-05,2.80725411647809e-02,4.20680732236694e+02,sinkhorn_cellsim
2.704832e+01,57541,3.18706413444493e-05,2.80725416956001e-02,4.20680736100242e+02,sinkhorn_cellsim
2.705770e+01,57561,3.18650802633423e-05,2.80725422219098e-02,4.20680739963781e+02,sinkhorn_cellsim
2.706708e+01,57581,3.18595606096475e-05,2.80725427437561e-02,4.20680743827309e+02,sinkhorn_cellsim
2.707645e+01,57601,3.18540821109799e-05,2.80725432611845e-02,4.20680747690828e+02,sinkhorn_cellsim
2.708582e+01,57621,3.18486445041601e-05,2.80725437742396e-02,4.20680751554337e+02,sinkhorn_cellsim
2.709519e+01,57641,3.18432475131817e-05,2.80725442829662e-02,4.20680755417836e+02,sinkhorn_cellsim
2.710456e+01,57661,3.18378943521602e-05,2.80725447874074e-02,4.20680759281326e+02,sinkhorn_cellsim
2.711393e+01,57681,3.18329736884710e-05,2.80725452876068e-02,4.20680763144807e+02,sinkhorn_cellsim
2.712331e+01,57701,3.18282471577129e-05,2.80725457836064e-02,4.20680767008279e+02,sinkhorn_cellsim
2.713269e+01,57721,3.18235557637905e-05,2.80725462754486e-02,4.20680770871742e+02,sinkhorn_cellsim
2.714207e+01,57741,3.18188992770490e-05,2.80725467631748e-02,4.20680774735196e+02,sinkhorn_cellsim
2.715143e+01,57761,3.18142774657314e-05,2.80725472468262e-02,4.20680778598642e+02,sinkhorn_cellsim
2.716081e+01,57781,3.18096901022961e-05,2.80725477264428e-02,4.20680782462078e+02,sinkhorn_cellsim
2.717019e+01,57801,3.18051369539364e-05,2.80725482020656e-02,4.20680786325507e+02,sinkhorn_cellsim
2.717957e+01,57821,3.18006178024766e-05,2.80725486737324e-02,4.20680790188927e+02,sinkhorn_cellsim
2.718894e+01,57841,3.17961324103948e-05,2.80725491414839e-02,4.20680794052339e+02,sinkhorn_cellsim
2.719831e+01,57861,3.17916805573325e-05,2.80725496053575e-02,4.20680797915742e+02,sinkhorn_cellsim
2.720768e+01,57881,3.17872620143067e-05,2.80725500653919e-02,4.20680801779138e+02,sinkhorn_cellsim
2.721706e+01,57901,3.17828765633426e-05,2.80725505216241e-02,4.20680805642526e+02,sinkhorn_cellsim
2.722643e+01,57921,3.17785239676582e-05,2.80725509740918e-02,4.20680809505906e+02,sinkhorn_cellsim
2.723581e+01,57941,3.17742040194226e-05,2.80725514228308e-02,4.20680813369278e+02,sinkhorn_cellsim
2.724517e+01,57961,3.17699164822380e-05,2.80725518678784e-02,4.20680817232643e+02,sinkhorn_cellsim
2.725455e+01,57981,3.17656611425583e-05,2.80725523092693e-02,4.20680821096000e+02,sinkhorn_cellsim
2.726393e+01,58001,3.17614377716720e-05,2.80725527470399e-02,4.20680824959350e+02,sinkhorn_cellsim
2.727331e+01,58021,3.17572461567337e-05,2.80725531812241e-02,4.20680828822693e+02,sinkhorn_cellsim
2.728268e+01,58041,3.17530860744494e-05,2.80725536118573e-02,4.20680832686028e+02,sinkhorn_cellsim
2.729205e+01,58061,3.17489573064844e-05,2.80725540389731e-02,4.20680836549357e+02,sinkhorn_cellsim
2.730142e+01,58081,3.17448596340140e-05,2.80725544626055e-02,4.20680840412678e+02,sinkhorn_cellsim
2.731080e+01,58101,3.17408870012697e-05,2.80725548827874e-02,4.20680844275993e+02,sinkhorn_cellsim
2.732017e+01,58121,3.17369767586193e-05,2.80725552995522e-02,4.20680848139301e+02,sinkhorn_cellsim
2.732955e+01,58141,3.17330959755208e-05,2.80725557129321e-02,4.20680852002602e+02,sinkhorn_cellsim
2.733891e+01,58161,3.17295447376697e-05,2.80725561229591e-02,4.20680855865897e+02,sinkhorn_cellsim
2.734829e+01,58181,3.17260573643526e-05,2.80725565296654e-02,4.20680859729185e+02,sinkhorn_cellsim
2.735766e+01,58201,3.17228096032897e-05,2.80725569330814e-02,4.20680863592467e+02,sinkhorn_cellsim
2.736704e+01,58221,3.17198596827729e-05,2.80725573332393e-02,4.20680867455742e+02,sinkhorn_cellsim
2.737641e+01,58241,3.17169929633785e-05,2.80725577301694e-02,4.20680871319011e+02,sinkhorn_cellsim
2.738579e+01,58261,3.17141476549029e-05,2.80725581239017e-02,4.20680875182275e+02,sinkhorn_cellsim
2.739516e+01,58281,3.17113236068493e-05,2.80725585144665e-02,4.20680879045532e+02,sinkhorn_cellsim
2.740454e+01,58301,3.17086378595748e-05,2.80725589018930e-02,4.20680882908783e+02,sinkhorn_cellsim
2.741391e+01,58321,3.17060444761347e-05,2.80725592862110e-02,4.20680886772028e+02,sinkhorn_cellsim
2.742328e+01,58341,3.17034942006132e-05,2.80725596674489e-02,4.20680890635267e+02,sinkhorn_cellsim
2.743266e+01,58361,3.17013145721796e-05,2.80725600456354e-02,4.20680894498500e+02,sinkhorn_cellsim
2.744204e+01,58381,3.16991755453050e-05,2.80725604207993e-02,4.20680898361728e+02,sinkhorn_cellsim
2.745142e+01,58401,3.16970523514716e-05,2.80725607929683e-02,4.20680902224951e+02,sinkhorn_cellsim
2.746080e+01,58421,3.16949448786641e-05,2.80725611621697e-02,4.20680906088167e+02,sinkhorn_cellsim
2.747017e+01,58441,3.16928530184949e-05,2.80725615284307e-02,4.20680909951379e+02,sinkhorn_cellsim
2.747954e+01,58461,3.16910364970892e-05,2.80725618917794e-02,4.20680913814585e+02,sinkhorn_cellsim
2.748892e+01,58481,3.16897806289131e-05,2.80725622522417e-02,4.20680917677785e+02,sinkhorn_cellsim
2.749829e+01,58501,3.16887210976131e-05,2.80725626098439e-02,4.20680921540981e+02,sinkhorn_cellsim
2.750767e+01,58521,3.16883329785638e-05,2.80725629646125e-02,4.20680925404171e+02,sinkhorn_cellsim
2.751705e+01,58541,3.16881585706496e-05,2.80725633165735e-02,4.20680929267356e+02,sinkhorn_cellsim
2.752642e+01,58561,3.16879847694149e-05,2.80725636657519e-02,4.20680933130536e+02,sinkhorn_cellsim
2.753580e+01,58581,3.16878115588564e-05,2.80725640121737e-02,4.20680936993711e+02,sinkhorn_cellsim
2.754517e+01,58601,3.16876389540770e-05,2.80725643558630e-02,4.20680940856882e+02,sinkhorn_cellsim
2.755455e+01,58621,3.16874669409539e-05,2.80725646968449e-02,4.20680944720047e+02,sinkhorn_cellsim
2.756392e+01,58641,3.16872955233693e-05,2.80725650351443e-02,4.20680948583208e+02,sinkhorn_cellsim
2.757331e+01,58661,3.16871246942854e-05,2.80725653707850e-02,4.20680952446364e+02,sinkhorn_cellsim
2.758268e+01,58681,3.16869544640006e-05,2.80725657037905e-02,4.20680956309515e+02,sinkhorn_cellsim
2.759206e+01,58701,3.16867848159391e-05,2.80725660341855e-02,4.20680960172662e+02,sinkhorn_cellsim
2.760143e+01,58721,3.16866157577709e-05,2.80725663619927e-02,4.20680964035804e+02,sinkhorn_cellsim
2.761080e+01,58741,3.16864472886684e-05,2.80725666872349e-02,4.20680967898941e+02,sinkhorn_cellsim
2.762017e+01,58761,3.16862794011884e-05,2.80725670099358e-02,4.20680971762075e+02,sinkhorn_cellsim
2.762955e+01,58781,3.16861120988095e-05,2.80725673301175e-02,4.20680975625204e+02,sinkhorn_cellsim
2.763893e+01,58801,3.16859453740922e-05,2.80725676478028e-02,4.20680979488328e+02,sinkhorn_cellsim
2.764831e+01,58821,3.16857792332337e-05,2.80725679630134e-02,4.20680983351449e+02,sinkhorn_cellsim
2.765768e+01,58841,3.16856136689907e-05,2.80725682757719e-02,4.20680987214565e+02,sinkhorn_cellsim
2.766706e+01,58861,3.16854486808318e-05,2.80725685860996e-02,4.20680991077677e+02,sinkhorn_cellsim
2.767643e+01,58881,3.16852842683734e-05,2.80725688940175e-02,4.20680994940785e+02,sinkhorn_cellsim
2.768581e+01,58901,3.16851204277416e-05,2.80725691995476e-02,4.20680998803889e+02,sinkhorn_cellsim
2.769518e+01,58921,3.16849571600128e-05,2.80725695027107e-02,4.20681002666989e+02,sinkhorn_cellsim
2.770456e+01,58941,3.16847944617166e-05,2.80725698035276e-02,4.20681006530085e+02,sinkhorn_cellsim
2.771393e+01,58961,3.16846323318782e-05,2.80725701020188e-02,4.20681010393177e+02,sinkhorn_cellsim
2.772332e+01,58981,3.16844707709913e-05,2.80725703982043e-02,4.20681014256265e+02,sinkhorn_cellsim
2.773270e+01,59001,3.16843097732891e-05,2.80725706921051e-02,4.20681018119350e+02,sinkhorn_cellsim
2.774208e+01,59021,3.16841493374498e-05,2.80725709837406e-02,4.20681021982431e+02,sinkhorn_cellsim
2.775146e+01,59041,3.16839894672949e-05,2.80725712731302e-02,4.20681025845508e+02,sinkhorn_cellsim
2.776084e+01,59061,3.16838301546622e-05,2.80725715602942e-02,4.20681029708581e+02,sinkhorn_cellsim
2.777022e+01,59081,3.16836714012386e-05,2.80725718452515e-02,4.20681033571651e+02,sinkhorn_cellsim
2.777959e+01,59101,3.16835132058283e-05,2.80725721280209e-02,4.20681037434718e+02,sinkhorn_cellsim
2.778896e+01,59121,3.16833555636950e-05,2.80725724086222e-02,4.20681041297780e+02,sinkhorn_cellsim
2.779834e+01,59141,3.16831984788302e-05,2.80725726870735e-02,4.20681045160840e+02,sinkhorn_cellsim
2.781698e+01,59161,3.16830419408398e-05,2.80725729633934e-02,4.20681049023896e+02,sinkhorn_cellsim
2.782641e+01,59181,3.16828859591822e-05,2.80725732376002e-02,4.20681052886948e+02,sinkhorn_cellsim
2.783579e+01,59201,3.16827305207805e-05,2.80725735097124e-02,4.20681056749998e+02,sinkhorn_cellsim
2.784516e+01,59221,3.16825756351216e-05,2.80725737797477e-02,4.20681060613044e+02,sinkhorn_cellsim
2.785453e+01,59241,3.16824212904103e-05,2.80725740477242e-02,4.20681064476086e+02,sinkhorn_cellsim
2.786390e+01,59261,3.16822674926337e-05,2.80725743136590e-02,4.20681068339126e+02,sinkhorn_cellsim
2.787329e+01,59281,3.16821142382922e-05,2.80725745775696e-02,4.20681072202162e+02,sinkhorn_cellsim
2.788266e+01,59301,3.16819615241198e-05,2.80725748394734e-02,4.20681076065195e+02,sinkhorn_cellsim
2.789204e+01,59321,3.16818093489366e-05,2.80725750993879e-02,4.20681079928225e+02,sinkhorn_cellsim
2.790141e+01,59341,3.16816577112948e-05,2.80725753573295e-02,4.20681083791252e+02,sinkhorn_cellsim
2.791078e+01,59361,3.16815066079471e-05,2.80725756133154e-02,4.20681087654276e+02,sinkhorn_cellsim
2.792014e+01,59381,3.16813560379839e-05,2.80725758673617e-02,4.20681091517297e+02,sinkhorn_cellsim
2.792951e+01,59401,3.16812060023299e-05,2.80725761194851e-02,4.20681095380315e+02,sinkhorn_cellsim
2.793888e+01,59421,3.16810564965192e-05,2.80725763697018e-02,4.20681099243330e+02,sinkhorn_cellsim
2.794824e+01,59441,3.16809075235187e-05,2.80725766180275e-02,4.20681103106343e+02,sinkhorn_cellsim
2.795761e+01,59461,3.16807590771426e-05,2.80725768644786e-02,4.20681106969352e+02,sinkhorn_cellsim
2.796698e+01,59481,3.16806111526014e-05,2.80725771090710e-02,4.20681110832359e+02,sinkhorn_cellsim
2.797635e+01,59501,3.16804637581057e-05,2.80725773518197e-02,4.20681114695363e+02,sinkhorn_cellsim
2.798572e+01,59521,3.16803168855265e-05,2.80725775927406e-02,4.20681118558364e+02,sinkhorn_cellsim
2.799508e+01,59541,3.16801705340182e-05,2.80725778318490e-02,4.20681122421362e+02,sinkhorn_cellsim
2.800445e+01,59561,3.16800247002488e-05,2.80725780691601e-02,4.20681126284358e+02,sinkhorn_cellsim
2.801382e+01,59581,3.16798793869702e-05,2.80725783046887e-02,4.20681130147351e+02,sinkhorn_cellsim
2.802319e+01,59601,3.16797345850096e-05,2.80725785384498e-02,4.20681134010341e+02,sinkhorn_cellsim
2.803257e+01,59621,3.16795903039020e-05,2.80725787704577e-02,4.20681137873329e+02,sinkhorn_cellsim
2.804193e+01,59641,3.16794465354934e-05,2.80725790007278e-02,4.20681141736315e+02,sinkhorn_cellsim
2.805131e+01,59661,3.16793032753327e-05,2.80725792292740e-02,4.20681145599297e+02,sinkhorn_cellsim
2.806068e+01,59681,3.16791605254424e-05,2.80725794561106e-02,4.20681149462278e+02,sinkhorn_cellsim
2.807005e+01,59701,3.16790182873916e-05,2.80725796812519e-02,4.20681153325256e+02,sinkhorn_cellsim
2.807941e+01,59721,3.16788765574314e-05,2.80725799047115e-02,4.20681157188231e+02,sinkhorn_cellsim
2.808879e+01,59741,3.16787353281704e-05,2.80725801265039e-02,4.20681161051204e+02,sinkhorn_cellsim
2.809815e+01,59761,3.16785946049514e-05,2.80725803466427e-02,4.20681164914175e+02,sinkhorn_cellsim
2.810752e+01,59781,3.16784543855289e-05,2.80725805651411e-02,4.20681168777143e+02,sinkhorn_cellsim
2.811688e+01,59801,3.16783146612067e-05,2.80725807820132e-02,4.20681172640109e+02,sinkhorn_cellsim
2.812625e+01,59821,3.16781754389840e-05,2.80725809972723e-02,4.20681176503073e+02,sinkhorn_cellsim
2.813562e+01,59841,3.16780367158756e-05,2.80725812109309e-02,4.20681180366034e+02,sinkhorn_cellsim
2.814499e+01,59861,3.16778984877886e-05,2.80725814230026e-02,4.20681184228993e+02,sinkhorn_cellsim
2.815436e+01,59881,3.16777607524951e-05,2.80725816335002e-02,4.20681188091950e+02,sinkhorn_cellsim
2.816373e+01,59901,3.16776235110968e-05,2.80725818424372e-02,4.20681191954905e+02,sinkhorn_cellsim
2.817310e+01,59921,3.16774867574523e-05,2.80725820498258e-02,4.20681195817857e+02,sinkhorn_cellsim
2.818248e+01,59941,3.16773504950007e-05,2.80725822556787e-02,4.20681199680808e+02,sinkhorn_cellsim
2.819185e+01,59961,3.16772147229755e-05,2.80725824600082e-02,4.20681203543756e+02,sinkhorn_cellsim
2.820121e+01,59981,3.16770794343905e-05,2.80725826628270e-02,4.20681207406703e+02,sinkhorn_cellsim
2.821058e+01,60001,3.16769446311155e-05,2.80725828641472e-02,4.20681211269647e+02,sinkhorn_cellsim
2.821995e+01,60021,3.16768103116186e-05,2.80725830639808e-02,4.20681215132589e+02,sinkhorn_cellsim
2.822932e+01,60041,3.16766764708215e-05,2.80725832623403e-02,4.20681218995529e+02,sinkhorn_cellsim
2.823869e+01,60061,3.16765431124609e-05,2.80725834592373e-02,4.20681222858467e+02,sinkhorn_cellsim
2.824806e+01,60081,3.16764102332921e-05,2.80725836546836e-02,4.20681226721403e+02,sinkhorn_cellsim
2.825743e+01,60101,3.16762778304238e-05,2.80725838486910e-02,4.20681230584338e+02,sinkhorn_cellsim
2.826680e+01,60121,3.16761459047459e-05,2.80725840412708e-02,4.20681234447270e+02,sinkhorn_cellsim
2.827617e+01,60141,3.16760144468336e-05,2.80725842324350e-02,4.20681238310200e+02,sinkhorn_cellsim
2.828554e+01,60161,3.16758834629886e-05,2.80725844221947e-02,4.20681242173129e+02,sinkhorn_cellsim
2.829491e+01,60181,3.16757529531087e-05,2.80725846105614e-02,4.20681246036055e+02,sinkhorn_cellsim
2.830427e+01,60201,3.16756229135290e-05,2.80725847975456e-02,4.20681249898980e+02,sinkhorn_cellsim
2.831365e+01,60221,3.16754933357472e-05,2.80725849831592e-02,4.20681253761903e+02,sinkhorn_cellsim
2.832303e+01,60241,3.16753642267936e-05,2.80725851674129e-02,4.20681257624824e+02,sinkhorn_cellsim
2.833240e+01,60261,3.16752355831505e-05,2.80725853503174e-02,4.20681261487744e+02,sinkhorn_cellsim
2.834177e+01,60281,3.16751073981016e-05,2.80725855318835e-02,4.20681265350661e+02,sinkhorn_cellsim
2.835114e+01,60301,3.16749796793593e-05,2.80725857121219e-02,4.20681269213577e+02,sinkhorn_cellsim
2.836051e+01,60321,3.16748524200078e-05,2.80725858910431e-02,4.20681273076491e+02,sinkhorn_cellsim
2.836988e+01,60341,3.16747256167665e-05,2.80725860686579e-02,4.20681276939404e+02,sinkhorn_cellsim
2.837925e+01,60361,3.16745992720108e-05,2.80725862449762e-02,4.20681280802314e+02,sinkhorn_cellsim
2.838862e+01,60381,3.16744733830462e-05,2.80725864200086e-02,4.20681284665223e+02,sinkhorn_cellsim
2.839799e+01,60401,3.16743479434827e-05,2.80725865937655e-02,4.20681288528131e+02,sinkhorn_cellsim
2.840736e+01,60421,3.16742229590361e-05,2.80725867662565e-02,4.20681292391037e+02,sinkhorn_cellsim
2.841673e+01,60441,3.16740984237215e-05,2.80725869374921e-02,4.20681296253941e+02,sinkhorn_cellsim
2.842611e+01,60461,3.16739743437477e-05,2.80725871074816e-02,4.20681300116843e+02,sinkhorn_cellsim
2.843547e+01,60481,3.16738507057883e-05,2.80725872762354e-02,4.20681303979744e+02,sinkhorn_cellsim
2.844485e+01,60501,3.16737275141126e-05,2.80725874437629e-02,4.20681307842644e+02,sinkhorn_cellsim
2.845422e+01,60521,3.16736047675985e-05,2.80725876100743e-02,4.20681311705542e+02,sinkhorn_cellsim
2.846360e+01,60541,3.16734824653997e-05,2.80725877751786e-02,4.20681315568438e+02,sinkhorn_cellsim
2.847296e+01,60561,3.16733606032721e-05,2.80725879390855e-02,4.20681319431333e+02,sinkhorn_cellsim
2.848233e+01,60581,3.16732391820926e-05,2.80725881018041e-02,4.20681323294226e+02,sinkhorn_cellsim
2.849170e+01,60601,3.16731181990593e-05,2.80725882633442e-02,4.20681327157118e+02,sinkhorn_cellsim
2.850107e+01,60621,3.16729976553870e-05,2.80725884237147e-02,4.20681331020008e+02,sinkhorn_cellsim
2.851044e+01,60641,3.16728775423729e-05,2.80725885829254e-02,4.20681334882897e+02,sinkhorn_cellsim
2.851981e+01,60661,3.16727578716692e-05,2.80725887409840e-02,4.20681338745785e+02,sinkhorn_cellsim
2.852917e+01,60681,3.16726386290156e-05,2.80725888979007e-02,4.20681342608671e+02,sinkhorn_cellsim
2.853855e+01,60701,3.16725198138884e-05,2.80725890536844e-02,4.20681346471556e+02,sinkhorn_cellsim
2.854791e+01,60721,3.16724014338050e-05,2.80725892083431e-02,4.20681350334439e+02,sinkhorn_cellsim
2.855729e+01,60741,3.16722834802430e-05,2.80725893618862e-02,4.20681354197321e+02,sinkhorn_cellsim
2.856665e+01,60761,3.16721659512148e-05,2.80725895143224e-02,4.20681358060201e+02,sinkhorn_cellsim
2.857603e+01,60781,3.16720488506763e-05,2.80725896656598e-02,4.20681361923081e+02,sinkhorn_cellsim
2.858540e+01,60801,3.16719321756757e-05,2.80725898159073e-02,4.20681365785959e+02,sinkhorn_cellsim
2.859477e+01,60821,3.16718159168297e-05,2.80725899650736e-02,4.20681369648835e+02,sinkhorn_cellsim
2.860414e+01,60841,3.16717000844025e-05,2.80725901131665e-02,4.20681373511710e+02,sinkhorn_cellsim
2.861351e+01,60861,3.16715846704693e-05,2.80725902601948e-02,4.20681377374584e+02,sinkhorn_cellsim
2.862288e+01,60881,3.16714696747454e-05,2.80725904061662e-02,4.20681381237457e+02,sinkhorn_cellsim
2.863225e+01,60901,3.16713550934806e-05,2.80725905510897e-02,4.20681385100328e+02,sinkhorn_cellsim
2.864162e+01,60921,3.16712409296431e-05,2.80725906949724e-02,4.20681388963199e+02,sinkhorn_cellsim
2.865099e+01,60941,3.16711271768098e-05,2.80725908378229e-02,4.20681392826068e+02,sinkhorn_cellsim
2.866036e+01,60961,3.16710138397525e-05,2.80725909796490e-02,4.20681396688935e+02,sinkhorn_cellsim
2.866974e+01,60981,3.16709009125261e-05,2.80725911204588e-02,4.20681400551802e+02,sinkhorn_cellsim
2.867911e+01,61001,3.16707883924928e-05,2.80725912602599e-02,4.20681404414667e+02,sinkhorn_cellsim
2.868848e+01,61021,3.16706762811615e-05,2.80725913990604e-02,4.20681408277531e+02,sinkhorn_cellsim
2.869785e+01,61041,3.16705645801958e-05,2.80725915368673e-02,4.20681412140394e+02,sinkhorn_cellsim
2.870721e+01,61061,3.16704532794287e-05,2.80725916736889e-02,4.20681416003256e+02,sinkhorn_cellsim
2.871658e+01,61081,3.16703423844606e-05,2.80725918095322e-02,4.20681419866116e+02,sinkhorn_cellsim
2.872596e+01,61101,3.16702318920337e-05,2.80725919444048e-02,4.20681423728976e+02,sinkhorn_cellsim
2.873533e+01,61121,3.16701218025724e-05,2.80725920783146e-02,4.20681427591834e+02,sinkhorn_cellsim
2.874470e+01,61141,3.16700121077610e-05,2.80725922112685e-02,4.20681431454692e+02,sinkhorn_cellsim
2.875407e+01,61161,3.16699028178983e-05,2.80725923432735e-02,4.20681435317548e+02,sinkhorn_cellsim
2.876345e+01,61181,3.16697939180789e-05,2.80725924743379e-02,4.20681439180403e+02,sinkhorn_cellsim
2.877281e+01,61201,3.16696854155433e-05,2.80725926044680e-02,4.20681443043257e+02,sinkhorn_cellsim
2.878218e+01,61221,3.16695773100584e-05,2.80725927336712e-02,4.20681446906109e+02,sinkhorn_cellsim
2.879155e+01,61241,3.16694695939151e-05,2.80725928619544e-02,4.20681450768961e+02,sinkhorn_cellsim
2.880093e+01,61261,3.16693622699567e-05,2.80725929893247e-02,4.20681454631812e+02,sinkhorn_cellsim
2.881030e+01,61281,3.16692553347475e-05,2.80725931157892e-02,4.20681458494662e+02,sinkhorn_cellsim
2.881967e+01,61301,3.16691487879124e-05,2.80725932413544e-02,4.20681462357510e+02,sinkhorn_cellsim
2.882904e+01,61321,3.16690426304322e-05,2.80725933660271e-02,4.20681466220358e+02,sinkhorn_cellsim
2.883841e+01,61341,3.16689368586510e-05,2.80725934898147e-02,4.20681470083205e+02,sinkhorn_cellsim
2.884778e+01,61361,3.16688314684415e-05,2.80725936127231e-02,4.20681473946050e+02,sinkhorn_cellsim
2.885716e+01,61381,3.16687264616869e-05,2.80725937347597e-02,4.20681477808895e+02,sinkhorn_cellsim
2.886653e+01,61401,3.16686218347454e-05,2.80725938559308e-02,4.20681481671738e+02,sinkhorn_cellsim
2.887590e+01,61421,3.16685175902856e-05,2.80725939762424e-02,4.20681485534581e+02,sinkhorn_cellsim
2.888526e+01,61441,3.16684137289058e-05,2.80725940957014e-02,4.20681489397423e+02,sinkhorn_cellsim
2.889464e+01,61461,3.16683102377391e-05,2.80725942143145e-02,4.20681493260263e+02,sinkhorn_cellsim
2.890400e+01,61481,3.16682071253401e-05,2.80725943320878e-02,4.20681497123103e+02,sinkhorn_cellsim
2.891338e+01,61501,3.16681043896185e-05,2.80725944490275e-02,4.20681500985942e+02,sinkhorn_cellsim
2.892275e+01,61521,3.16680020238336e-05,2.80725945651403e-02,4.20681504848780e+02,sinkhorn_cellsim
2.893212e+01,61541,3.16679000342779e-05,2.80725946804319e-02,4.20681508711617e+02,sinkhorn_cellsim
2.894149e+01,61561,3.16677984141752e-05,2.80725947949088e-02,4.20681512574453e+02,sinkhorn_cellsim
2.895087e+01,61581,3.16676971610078e-05,2.80725949085770e-02,4.20681516437288e+02,sinkhorn_cellsim
2.896024e+01,61601,3.16675962775971e-05,2.80725950214429e-02,4.20681520300123e+02,sinkhorn_cellsim
2.896961e+01,61621,3.16674957636093e-05,2.80725951335116e-02,4.20681524162956e+02,sinkhorn_cellsim
2.897899e+01,61641,3.16673956139446e-05,2.80725952447897e-02,4.20681528025788e+02,sinkhorn_cellsim
2.898836e+01,61661,3.16672958279906e-05,2.80725953552835e-02,4.20681531888620e+02,sinkhorn_cellsim
2.899773e+01,61681,3.16671964011169e-05,2.80725954649983e-02,4.20681535751451e+02,sinkhorn_cellsim
2.900711e+01,61701,3.16670973392167e-05,2.80725955739401e-02,4.20681539614281e+02,sinkhorn_cellsim
2.901648e+01,61721,3.16669986395856e-05,2.80725956821140e-02,4.20681543477110e+02,sinkhorn_cellsim
2.902586e+01,61741,3.16669002929106e-05,2.80725957895272e-02,4.20681547339938e+02,sinkhorn_cellsim
2.903523e+01,61761,3.16668023076331e-05,2.80725958961842e-02,4.20681551202765e+02,sinkhorn_cellsim
2.904461e+01,61781,3.16667046832973e-05,2.80725960020906e-02,4.20681555065592e+02,sinkhorn_cellsim
2.905398e+01,61801,3.16666074051503e-05,2.80725961072531e-02,4.20681558928418e+02,sinkhorn_cellsim
2.906336e+01,61821,3.16665104846885e-05,2.80725962116758e-02,4.20681562791243e+02,sinkhorn_cellsim
2.907273e+01,61841,3.16664139185060e-05,2.80725963153650e-02,4.20681566654067e+02,sinkhorn_cellsim
2.908210e+01,61861,3.16663177026599e-05,2.80725964183260e-02,4.20681570516890e+02,sinkhorn_cellsim
2.909147e+01,61881,3.16662218347040e-05,2.80725965205645e-02,4.20681574379713e+02,sinkhorn_cellsim
2.910085e+01,61901,3.16661263170406e-05,2.80725966220852e-02,4.20681578242535e+02,sinkhorn_cellsim
2.911022e+01,61921,3.16660311469130e-05,2.80725967228940e-02,4.20681582105356e+02,sinkhorn_cellsim
2.911959e+01,61941,3.16659363199333e-05,2.80725968229960e-02,4.20681585968176e+02,sinkhorn_cellsim
2.912897e+01,61961,3.16658418417510e-05,2.80725969223961e-02,4.20681589830995e+02,sinkhorn_cellsim
2.913834e+01,61981,3.16657477082671e-05,2.80725970211001e-02,4.20681593693814e+02,sinkhorn_cellsim
2.914772e+01,62001,3.16656539128381e-05,2.80725971191127e-02,4.20681597556632e+02,sinkhorn_cellsim
2.915710e+01,62021,3.16655604633010e-05,2.80725972164391e-02,4.20681601419449e+02,sinkhorn_cellsim
2.916647e+01,62041,3.16654673493344e-05,2.80725973130843e-02,4.20681605282266e+02,sinkhorn_cellsim
2.917584e+01,62061,3.16653745744937e-05,2.80725974090536e-02,4.20681609145082e+02,sinkhorn_cellsim
2.918521e+01,62081,3.16652821396420e-05,2.80725975043518e-02,4.20681613007897e+02,sinkhorn_cellsim
2.919458e+01,62101,3.16651900344805e-05,2.80725975989841e-02,4.20681616870711e+02,sinkhorn_cellsim
2.920395e+01,62121,3.16650982722239e-05,2.80725976929546e-02,4.20681620733525e+02,sinkhorn_cellsim
2.921333e+01,62141,3.16650068398443e-05,2.80725977862690e-02,4.20681624596338e+02,sinkhorn_cellsim
2.922270e+01,62161,3.16649157390868e-05,2.80725978789319e-02,4.20681628459150e+02,sinkhorn_cellsim
2.923208e+01,62181,3.16648249703336e-05,2.80725979709479e-02,4.20681632321962e+02,sinkhorn_cellsim
2.924145e+01,62201,3.16647345335720e-05,2.80725980623218e-02,4.20681636184772e+02,sinkhorn_cellsim
2.925082e+01,62221,3.16646444224133e-05,2.80725981530587e-02,4.20681640047583e+02,sinkhorn_cellsim
2.926019e+01,62241,3.16645546423654e-05,2.80725982431623e-02,4.20681643910392e+02,sinkhorn_cellsim
2.926957e+01,62261,3.16644651847674e-05,2.80725983326387e-02,4.20681647773201e+02,sinkhorn_cellsim
2.927894e+01,62281,3.16643760543362e-05,2.80725984214914e-02,4.20681651636009e+02,sinkhorn_cellsim
2.928831e+01,62301,3.16642872491642e-05,2.80725985097249e-02,4.20681655498817e+02,sinkhorn_cellsim
2.929768e+01,62321,3.16641987669606e-05,2.80725985973444e-02,4.20681659361624e+02,sinkhorn_cellsim
2.930706e+01,62341,3.16641106033487e-05,2.80725986843541e-02,4.20681663224430e+02,sinkhorn_cellsim
2.931643e+01,62361,3.16640227610342e-05,2.80725987707585e-02,4.20681667087236e+02,sinkhorn_cellsim
2.932580e+01,62381,3.16639352358040e-05,2.80725988565618e-02,4.20681670950041e+02,sinkhorn_cellsim
2.933517e+01,62401,3.16638480316117e-05,2.80725989417684e-02,4.20681674812845e+02,sinkhorn_cellsim
2.934455e+01,62421,3.16637611444565e-05,2.80725990263829e-02,4.20681678675649e+02,sinkhorn_cellsim
2.935392e+01,62441,3.16636745706280e-05,2.80725991104096e-02,4.20681682538452e+02,sinkhorn_cellsim
2.936330e+01,62461,3.16635883135672e-05,2.80725991938525e-02,4.20681686401254e+02,sinkhorn_cellsim
2.937267e+01,62481,3.16635023668953e-05,2.80725992767162e-02,4.20681690264056e+02,sinkhorn_cellsim
2.938204e+01,62501,3.16634167367595e-05,2.80725993590048e-02,4.20681694126857e+02,sinkhorn_cellsim
2.939141e+01,62521,3.16633314151425e-05,2.80725994407220e-02,4.20681697989658e+02,sinkhorn_cellsim
2.940078e+01,62541,3.16632464045568e-05,2.80725995218725e-02,4.20681701852458e+02,sinkhorn_cellsim
2.941016e+01,62561,3.16631616982158e-05,2.80725996024608e-02,4.20681705715258e+02,sinkhorn_cellsim
2.941953e+01,62581,3.16630773019969e-05,2.80725996824900e-02,4.20681709578057e+02,sinkhorn_cellsim
2.942889e+01,62601,3.16629932146278e-05,2.80725997619647e-02,4.20681713440855e+02,sinkhorn_cellsim
2.943827e+01,62621,3.16629094292251e-05,2.80725998408886e-02,4.20681717303653e+02,sinkhorn_cellsim
2.944764e+01,62641,3.16628259497313e-05,2.80725999192663e-02,4.20681721166450e+02,sinkhorn_cellsim
2.945702e+01,62661,3.16627427703187e-05,2.80725999971016e-02,4.20681725029247e+02,sinkhorn_cellsim
2.946639e+01,62681,3.16626598944052e-05,2.80726000743978e-02,4.20681728892043e+02,sinkhorn_cellsim
2.947577e+01,62701,3.16625773200557e-05,2.80726001511595e-02,4.20681732754838e+02,sinkhorn_cellsim
2.948514e+01,62721,3.16624950435403e-05,2.80726002273900e-02,4.20681736617633e+02,sinkhorn_cellsim
2.949452e+01,62741,3.16624130670619e-05,2.80726003030936e-02,4.20681740480427e+02,sinkhorn_cellsim
2.950389e+01,62761,3.16623313880707e-05,2.80726003782736e-02,4.20681744343221e+02,sinkhorn_cellsim
2.951326e+01,62781,3.16622500037750e-05,2.80726004529344e-02,4.20681748206015e+02,sinkhorn_cellsim
2.952263e+01,62801,3.16621689137058e-05,2.80726005270796e-02,4.20681752068807e+02,sinkhorn_cellsim
2.953201e+01,62821,3.16620881210859e-05,2.80726006007127e-02,4.20681755931600e+02,sinkhorn_cellsim
2.954138e+01,62841,3.16620076172110e-05,2.80726006738373e-02,4.20681759794391e+02,sinkhorn_cellsim
2.955076e+01,62861,3.16619274089524e-05,2.80726007464570e-02,4.20681763657183e+02,sinkhorn_cellsim
2.956013e+01,62881,3.16618474876717e-05,2.80726008185760e-02,4.20681767519973e+02,sinkhorn_cellsim
2.956951e+01,62901,3.16617678552888e-05,2.80726008901977e-02,4.20681771382764e+02,sinkhorn_cellsim
2.957888e+01,62921,3.16616885162316e-05,2.80726009613251e-02,4.20681775245553e+02,sinkhorn_cellsim
2.958825e+01,62941,3.16616094586873e-05,2.80726010319629e-02,4.20681779108342e+02,sinkhorn_cellsim
2.959762e+01,62961,3.16615306917896e-05,2.80726011021133e-02,4.20681782971131e+02,sinkhorn_cellsim
2.960700e+01,62981,3.16614522065291e-05,2.80726011717806e-02,4.20681786833919e+02,sinkhorn_cellsim
2.961637e+01,63001,3.16613740060142e-05,2.80726012409680e-02,4.20681790696707e+02,sinkhorn_cellsim
2.962575e+01,63021,3.16612960911174e-05,2.80726013096789e-02,4.20681794559494e+02,sinkhorn_cellsim
2.963512e+01,63041,3.16612184574952e-05,2.80726013779171e-02,4.20681798422281e+02,sinkhorn_cellsim
2.964449e+01,63061,3.16611411031847e-05,2.80726014456854e-02,4.20681802285067e+02,sinkhorn_cellsim
2.965386e+01,63081,3.16610640279360e-05,2.80726015129879e-02,4.20681806147853e+02,sinkhorn_cellsim
2.966324e+01,63101,3.16609872322044e-05,2.80726015798275e-02,4.20681810010638e+02,sinkhorn_cellsim
2.967261e+01,63121,3.16609107161766e-05,2.80726016462071e-02,4.20681813873423e+02,sinkhorn_cellsim
2.968199e+01,63141,3.16608344720096e-05,2.80726017121308e-02,4.20681817736207e+02,sinkhorn_cellsim
2.969136e+01,63161,3.16607585069961e-05,2.80726017776013e-02,4.20681821598991e+02,sinkhorn_cellsim
2.970073e+01,63181,3.16606828171662e-05,2.80726018426220e-02,4.20681825461774e+02,sinkhorn_cellsim
2.971010e+01,63201,3.16606073998748e-05,2.80726019071963e-02,4.20681829324557e+02,sinkhorn_cellsim
2.971948e+01,63221,3.16605322532362e-05,2.80726019713273e-02,4.20681833187340e+02,sinkhorn_cellsim
2.972885e+01,63241,3.16604573792413e-05,2.80726020350179e-02,4.20681837050122e+02,sinkhorn_cellsim
2.973822e+01,63261,3.16603827741211e-05,2.80726020982716e-02,4.20681840912903e+02,sinkhorn_cellsim
2.974760e+01,63281,3.16603084411856e-05,2.80726021610909e-02,4.20681844775684e+02,sinkhorn_cellsim
2.975697e+01,63301,3.16602343738837e-05,2.80726022234798e-02,4.20681848638465e+02,sinkhorn_cellsim
2.976634e+01,63321,3.16601605737989e-05,2.80726022854408e-02,4.20681852501245e+02,sinkhorn_cellsim
2.977572e+01,63341,3.16600870387307e-05,2.80726023469773e-02,4.20681856364025e+02,sinkhorn_cellsim
2.978510e+01,63361,3.16600137709312e-05,2.80726024080917e-02,4.20681860226804e+02,sinkhorn_cellsim
2.979447e+01,63381,3.16599407659578e-05,2.80726024687876e-02,4.20681864089583e+02,sinkhorn_cellsim
2.980385e+01,63401,3.16598680273607e-05,2.80726025290676e-02,4.20681867952362e+02,sinkhorn_cellsim
2.981322e+01,63421,3.16597955494685e-05,2.80726025889346e-02,4.20681871815140e+02,sinkhorn_cellsim
2.982260e+01,63441,3.16597233294488e-05,2.80726026483922e-02,4.20681875677918e+02,sinkhorn_cellsim
2.983197e+01,63461,3.16596513731550e-05,2.80726027074426e-02,4.20681879540695e+02,sinkhorn_cellsim
2.984134e+01,63481,3.16595796744792e-05,2.80726027660892e-02,4.20681883403472e+02,sinkhorn_cellsim
2.985072e+01,63501,3.16595082351140e-05,2.80726028243343e-02,4.20681887266248e+02,sinkhorn_cellsim
2.986010e+01,63521,3.16594370482126e-05,2.80726028821814e-02,4.20681891129024e+02,sinkhorn_cellsim
2.986948e+01,63541,3.16593661223056e-05,2.80726029396326e-02,4.20681894991800e+02,sinkhorn_cellsim
2.987885e+01,63561,3.16592954501935e-05,2.80726029966912e-02,4.20681898854575e+02,sinkhorn_cellsim
2.988822e+01,63581,3.16592250310081e-05,2.80726030533602e-02,4.20681902717350e+02,sinkhorn_cellsim
2.989759e+01,63601,3.16591548662977e-05,2.80726031096416e-02,4.20681906580124e+02,sinkhorn_cellsim
2.990697e+01,63621,3.16590849545173e-05,2.80726031655384e-02,4.20681910442898e+02,sinkhorn_cellsim
2.991634e+01,63641,3.16590152912196e-05,2.80726032210538e-02,4.20681914305671e+02,sinkhorn_cellsim
2.992572e+01,63661,3.16589458790555e-05,2.80726032761904e-02,4.20681918168445e+02,sinkhorn_cellsim
2.993509e+01,63681,3.16588767193655e-05,2.80726033309502e-02,4.20681922031217e+02,sinkhorn_cellsim
2.994447e+01,63701,3.16588078026651e-05,2.80726033853368e-02,4.20681925893990e+02,sinkhorn_cellsim
2.995384e+01,63721,3.16587391349308e-05,2.80726034393520e-02,4.20681929756762e+02,sinkhorn_cellsim
2.996321e+01,63741,3.16586707152457e-05,2.80726034929991e-02,4.20681933619534e+02,sinkhorn_cellsim
2.997259e+01,63761,3.16586025390969e-05,2.80726035462801e-02,4.20681937482305e+02,sinkhorn_cellsim
2.998196e+01,63781,3.16585346085013e-05,2.80726035991980e-02,4.20681941345076e+02,sinkhorn_cellsim
2.999133e+01,63801,3.16584669219427e-05,2.80726036517551e-02,4.20681945207846e+02,sinkhorn_cellsim
3.000070e+01,63821,3.16583994712231e-05,2.80726037039545e-02,4.20681949070616e+02,sinkhorn_cellsim
3.001008e+01,63841,3.16583322680062e-05,2.80726037557978e-02,4.20681952933386e+02,sinkhorn_cellsim
3.001946e+01,63861,3.16582653063185e-05,2.80726038072881e-02,4.20681956796156e+02,sinkhorn_cellsim
3.002883e+01,63881,3.16581985827685e-05,2.80726038584279e-02,4.20681960658925e+02,sinkhorn_cellsim
3.003821e+01,63901,3.16581320993099e-05,2.80726039092193e-02,4.20681964521693e+02,sinkhorn_cellsim
3.004758e+01,63921,3.16580658508711e-05,2.80726039596652e-02,4.20681968384462e+02,sinkhorn_cellsim
3.005696e+01,63941,3.16579998412954e-05,2.80726040097679e-02,4.20681972247230e+02,sinkhorn_cellsim
3.006633e+01,63961,3.16579340699553e-05,2.80726040595296e-02,4.20681976109997e+02,sinkhorn_cellsim
3.007571e+01,63981,3.16578685250786e-05,2.80726041089529e-02,4.20681979972765e+02,sinkhorn_cellsim
3.008508e+01,64001,3.16578032234856e-05,2.80726041580398e-02,4.20681983835532e+02,sinkhorn_cellsim
3.009446e+01,64021,3.16577381492657e-05,2.80726042067935e-02,4.20681987698298e+02,sinkhorn_cellsim
3.010383e+01,64041,3.16576733089958e-05,2.80726042552157e-02,4.20681991561064e+02,sinkhorn_cellsim
3.011321e+01,64061,3.16576087003210e-05,2.80726043033089e-02,4.20681995423830e+02,sinkhorn_cellsim
3.012258e+01,64081,3.16575443243815e-05,2.80726043510748e-02,4.20681999286596e+02,sinkhorn_cellsim
3.013196e+01,64101,3.16574801742280e-05,2.80726043985168e-02,4.20682003149361e+02,sinkhorn_cellsim
3.014133e+01,64121,3.16574162559920e-05,2.80726044456365e-02,4.20682007012126e+02,sinkhorn_cellsim
3.015071e+01,64141,3.16573525618119e-05,2.80726044924362e-02,4.20682010874891e+02,sinkhorn_cellsim
3.016008e+01,64161,3.16572890980026e-05,2.80726045389181e-02,4.20682014737655e+02,sinkhorn_cellsim
3.016945e+01,64181,3.16572258561670e-05,2.80726045850852e-02,4.20682018600419e+02,sinkhorn_cellsim
3.017882e+01,64201,3.16571628428011e-05,2.80726046309381e-02,4.20682022463182e+02,sinkhorn_cellsim
3.018820e+01,64221,3.16571000526258e-05,2.80726046764805e-02,4.20682026325945e+02,sinkhorn_cellsim
3.019757e+01,64241,3.16570374858061e-05,2.80726047217140e-02,4.20682030188708e+02,sinkhorn_cellsim
3.020695e+01,64261,3.16569751403952e-05,2.80726047666409e-02,4.20682034051471e+02,sinkhorn_cellsim
3.021632e+01,64281,3.16569130132256e-05,2.80726048112630e-02,4.20682037914233e+02,sinkhorn_cellsim
3.022570e+01,64301,3.16568511137168e-05,2.80726048555824e-02,4.20682041776995e+02,sinkhorn_cellsim
3.023507e+01,64321,3.16567894289270e-05,2.80726048996020e-02,4.20682045639757e+02,sinkhorn_cellsim
3.024445e+01,64341,3.16567279642844e-05,2.80726049433232e-02,4.20682049502518e+02,sinkhorn_cellsim
3.025382e+01,64361,3.16566667182556e-05,2.80726049867481e-02,4.20682053365279e+02,sinkhorn_cellsim
3.026320e+01,64381,3.16566056891166e-05,2.80726050298791e-02,4.20682057228040e+02,sinkhorn_cellsim
3.027257e+01,64401,3.16565448760789e-05,2.80726050727178e-02,4.20682061090800e+02,sinkhorn_cellsim
3.028195e+01,64421,3.16564842783588e-05,2.80726051152666e-02,4.20682064953560e+02,sinkhorn_cellsim
3.029133e+01,64441,3.16564238938653e-05,2.80726051575276e-02,4.20682068816320e+02,sinkhorn_cellsim
3.030071e+01,64461,3.16563637240846e-05,2.80726051995023e-02,4.20682072679079e+02,sinkhorn_cellsim
3.031008e+01,64481,3.16563037657469e-05,2.80726052411934e-02,4.20682076541839e+02,sinkhorn_cellsim
3.031946e+01,64501,3.16562440215415e-05,2.80726052826023e-02,4.20682080404597e+02,sinkhorn_cellsim
3.032883e+01,64521,3.16561844897409e-05,2.80726053237312e-02,4.20682084267356e+02,sinkhorn_cellsim
3.033821e+01,64541,3.16561251649470e-05,2.80726053645820e-02,4.20682088130114e+02,sinkhorn_cellsim
3.034758e+01,64561,3.16560660507926e-05,2.80726054051568e-02,4.20682091992872e+02,sinkhorn_cellsim
3.035696e+01,64581,3.16560071444999e-05,2.80726054454569e-02,4.20682095855630e+02,sinkhorn_cellsim
3.036633e+01,64601,3.16559484447234e-05,2.80726054854853e-02,4.20682099718387e+02,sinkhorn_cellsim
3.037571e+01,64621,3.16558899565564e-05,2.80726055252429e-02,4.20682103581144e+02,sinkhorn_cellsim
3.038509e+01,64641,3.16558316709053e-05,2.80726055647320e-02,4.20682107443901e+02,sinkhorn_cellsim
3.039446e+01,64661,3.16557735937071e-05,2.80726056039544e-02,4.20682111306658e+02,sinkhorn_cellsim
3.040383e+01,64681,3.16557157169244e-05,2.80726056429122e-02,4.20682115169414e+02,sinkhorn_cellsim
3.041321e+01,64701,3.16556580441046e-05,2.80726056816069e-02,4.20682119032170e+02,sinkhorn_cellsim
3.042258e+01,64721,3.16556005765126e-05,2.80726057200403e-02,4.20682122894926e+02,sinkhorn_cellsim
3.043196e+01,64741,3.16555433084731e-05,2.80726057582145e-02,4.20682126757681e+02,sinkhorn_cellsim
3.044133e+01,64761,3.16554862421459e-05,2.80726057961309e-02,4.20682130620436e+02,sinkhorn_cellsim
3.045071e+01,64781,3.16554293767660e-05,2.80726058337918e-02,4.20682134483191e+02,sinkhorn_cellsim
3.046008e+01,64801,3.16553727110484e-05,2.80726058711986e-02,4.20682138345945e+02,sinkhorn_cellsim
3.046946e+01,64821,3.16553162455705e-05,2.80726059083531e-02,4.20682142208700e+02,sinkhorn_cellsim
3.047883e+01,64841,3.16552599721104e-05,2.80726059452575e-02,4.20682146071454e+02,sinkhorn_cellsim
3.048820e+01,64861,3.16552039003675e-05,2.80726059819130e-02,4.20682149934207e+02,sinkhorn_cellsim
3.049757e+01,64881,3.16551480243826e-05,2.80726060183210e-02,4.20682153796961e+02,sinkhorn_cellsim
3.050695e+01,64901,3.16550923452861e-05,2.80726060544839e-02,4.20682157659714e+02,sinkhorn_cellsim
3.051633e+01,64921,3.16550368583204e-05,2.80726060904035e-02,4.20682161522467e+02,sinkhorn_cellsim
3.052571e+01,64941,3.16549815670246e-05,2.80726061260807e-02,4.20682165385220e+02,sinkhorn_cellsim
3.053508e+01,64961,3.16549264685481e-05,2.80726061615181e-02,4.20682169247972e+02,sinkhorn_cellsim
3.054446e+01,64981,3.16548715593379e-05,2.80726061967167e-02,4.20682173110724e+02,sinkhorn_cellsim
3.055383e+01,65001,3.16548168469011e-05,2.80726062316784e-02,4.20682176973476e+02,sinkhorn_cellsim
3.056321e+01,65021,3.16547623197765e-05,2.80726062664049e-02,4.20682180836228e+02,sinkhorn_cellsim
3.057259e+01,65041,3.16547079856066e-05,2.80726063008976e-02,4.20682184698979e+02,sinkhorn_cellsim
3.058197e+01,65061,3.16546538407988e-05,2.80726063351580e-02,4.20682188561730e+02,sinkhorn_cellsim
3.059133e+01,65081,3.16545998869544e-05,2.80726063691881e-02,4.20682192424481e+02,sinkhorn_cellsim
3.060071e+01,65101,3.16545461182078e-05,2.80726064029896e-02,4.20682196287232e+02,sinkhorn_cellsim
3.061009e+01,65121,3.16544925360107e-05,2.80726064365634e-02,4.20682200149982e+02,sinkhorn_cellsim
3.061947e+01,65141,3.16544391398806e-05,2.80726064699117e-02,4.20682204012732e+02,sinkhorn_cellsim
3.062884e+01,65161,3.16543859278348e-05,2.80726065030359e-02,4.20682207875482e+02,sinkhorn_cellsim
3.063822e+01,65181,3.16543329035240e-05,2.80726065359371e-02,4.20682211738232e+02,sinkhorn_cellsim
3.064760e+01,65201,3.16542800596150e-05,2.80726065686177e-02,4.20682215600981e+02,sinkhorn_cellsim
3.065698e+01,65221,3.16542274000980e-05,2.80726066010787e-02,4.20682219463730e+02,sinkhorn_cellsim
3.066635e+01,65241,3.16541749238221e-05,2.80726066333213e-02,4.20682223326479e+02,sinkhorn_cellsim
3.067573e+01,65261,3.16541226259492e-05,2.80726066653480e-02,4.20682227189228e+02,sinkhorn_cellsim
3.068511e+01,65281,3.16540705136579e-05,2.80726066971588e-02,4.20682231051976e+02,sinkhorn_cellsim
3.069449e+01,65301,3.16540185820374e-05,2.80726067287565e-02,4.20682234914724e+02,sinkhorn_cellsim
3.070387e+01,65321,3.16539668244821e-05,2.80726067601421e-02,4.20682238777472e+02,sinkhorn_cellsim
3.071324e+01,65341,3.16539152485620e-05,2.80726067913172e-02,4.20682242640220e+02,sinkhorn_cellsim
3.072262e+01,65361,3.16538638495172e-05,2.80726068222827e-02,4.20682246502967e+02,sinkhorn_cellsim
3.073199e+01,65381,3.16538126280016e-05,2.80726068530406e-02,4.20682250365715e+02,sinkhorn_cellsim
3.074136e+01,65401,3.16537615892724e-05,2.80726068835921e-02,4.20682254228462e+02,sinkhorn_cellsim
3.075074e+01,65421,3.16537107191037e-05,2.80726069139389e-02,4.20682258091208e+02,sinkhorn_cellsim
3.076012e+01,65441,3.16536600228760e-05,2.80726069440823e-02,4.20682261953955e+02,sinkhorn_cellsim
3.076951e+01,65461,3.16536094993919e-05,2.80726069740236e-02,4.20682265816701e+02,sinkhorn_cellsim
3.077887e+01,65481,3.16535591532896e-05,2.80726070037639e-02,4.20682269679447e+02,sinkhorn_cellsim
3.078825e+01,65501,3.16535089794256e-05,2.80726070333050e-02,4.20682273542193e+02,sinkhorn_cellsim
3.079762e+01,65521,3.16534589773846e-05,2.80726070626483e-02,4.20682277404938e+02,sinkhorn_cellsim
3.080701e+01,65541,3.16534091447029e-05,2.80726070917949e-02,4.20682281267684e+02,sinkhorn_cellsim
3.081638e+01,65561,3.16533594841905e-05,2.80726071207462e-02,4.20682285130429e+02,sinkhorn_cellsim
3.082577e+01,65581,3.16533099964946e-05,2.80726071495035e-02,4.20682288993174e+02,sinkhorn_cellsim
3.083514e+01,65601,3.16532606708387e-05,2.80726071780686e-02,4.20682292855918e+02,sinkhorn_cellsim
3.084452e+01,65621,3.16532115134159e-05,2.80726072064425e-02,4.20682296718663e+02,sinkhorn_cellsim
3.085389e+01,65641,3.16531625264858e-05,2.80726072346259e-02,4.20682300581407e+02,sinkhorn_cellsim
3.086327e+01,65661,3.16531137052809e-05,2.80726072626212e-02,4.20682304444151e+02,sinkhorn_cellsim
3.087264e+01,65681,3.16530650430276e-05,2.80726072904295e-02,4.20682308306895e+02,sinkhorn_cellsim
3.088202e+01,65701,3.16530165463990e-05,2.80726073180514e-02,4.20682312169639e+02,sinkhorn_cellsim
3.089139e+01,65721,3.16529682110289e-05,2.80726073454884e-02,4.20682316032382e+02,sinkhorn_cellsim
3.090077e+01,65741,3.16529200321781e-05,2.80726073727428e-02,4.20682319895125e+02,sinkhorn_cellsim
3.091015e+01,65761,3.16528720099682e-05,2.80726073998148e-02,4.20682323757868e+02,sinkhorn_cellsim
3.091953e+01,65781,3.16528241382693e-05,2.80726074267063e-02,4.20682327620611e+02,sinkhorn_cellsim
3.092890e+01,65801,3.16527764138420e-05,2.80726074534185e-02,4.20682331483353e+02,sinkhorn_cellsim
3.093828e+01,65821,3.16527288299731e-05,2.80726074799529e-02,4.20682335346095e+02,sinkhorn_cellsim
3.094765e+01,65841,3.16526813773974e-05,2.80726075063114e-02,4.20682339208837e+02,sinkhorn_cellsim
3.095703e+01,65861,3.16526340390378e-05,2.80726075324953e-02,4.20682343071579e+02,sinkhorn_cellsim
3.096641e+01,65881,3.16525868125097e-05,2.80726075585061e-02,4.20682346934321e+02,sinkhorn_cellsim
3.097578e+01,65901,3.16525396628893e-05,2.80726075843460e-02,4.20682350797062e+02,sinkhorn_cellsim
3.098516e+01,65921,3.16524925672170e-05,2.80726076100172e-02,4.20682354659803e+02,sinkhorn_cellsim
3.099453e+01,65941,3.16524454828239e-05,2.80726076355224e-02,4.20682358522543e+02,sinkhorn_cellsim
3.100390e+01,65961,3.16523983540353e-05,2.80726076608649e-02,4.20682362385283e+02,sinkhorn_cellsim
3.101327e+01,65981,3.16523511060579e-05,2.80726076860482e-02,4.20682366248023e+02,sinkhorn_cellsim
3.102265e+01,66001,3.16523036357880e-05,2.80726077110775e-02,4.20682370110762e+02,sinkhorn_cellsim
3.103203e+01,66021,3.16522557965297e-05,2.80726077359595e-02,4.20682373973500e+02,sinkhorn_cellsim
3.104140e+01,66041,3.16522073974275e-05,2.80726077607015e-02,4.20682377836238e+02,sinkhorn_cellsim
3.105078e+01,66061,3.16521581635054e-05,2.80726077853154e-02,4.20682381698974e+02,sinkhorn_cellsim
3.106015e+01,66081,3.16521077270081e-05,2.80726078098155e-02,4.20682385561709e+02,sinkhorn_cellsim
3.106953e+01,66101,3.16520555739573e-05,2.80726078342215e-02,4.20682389424441e+02,sinkhorn_cellsim
3.107889e+01,66121,3.16520010125695e-05,2.80726078585597e-02,4.20682393287171e+02,sinkhorn_cellsim
3.108827e+01,66141,3.16519430631377e-05,2.80726078828674e-02,4.20682397149898e+02,sinkhorn_cellsim
3.109764e+01,66161,3.16518804158282e-05,2.80726079071926e-02,4.20682401012619e+02,sinkhorn_cellsim
3.110702e+01,66181,3.16518112416654e-05,2.80726079316039e-02,4.20682404875333e+02,sinkhorn_cellsim
3.111640e+01,66201,3.16517330340179e-05,2.80726079561932e-02,4.20682408738038e+02,sinkhorn_cellsim
3.112577e+01,66221,3.16516423425334e-05,2.80726079810881e-02,4.20682412600731e+02,sinkhorn_cellsim
3.113515e+01,66241,3.16515344250637e-05,2.80726080064620e-02,4.20682416463406e+02,sinkhorn_cellsim
3.114453e+01,66261,3.16514027613975e-05,2.80726080325544e-02,4.20682420326057e+02,sinkhorn_cellsim
3.115390e+01,66281,3.16512383872873e-05,2.80726080596927e-02,4.20682424188675e+02,sinkhorn_cellsim
3.116328e+01,66301,3.16510289566483e-05,2.80726080883292e-02,4.20682428051248e+02,sinkhorn_cellsim
3.117265e+01,66321,3.16507575074384e-05,2.80726081190831e-02,4.20682431913759e+02,sinkhorn_cellsim
3.118203e+01,66341,3.16504007130021e-05,2.80726081528068e-02,4.20682435776186e+02,sinkhorn_cellsim
3.119140e+01,66361,3.16499264705609e-05,2.80726081906729e-02,4.20682439638495e+02,sinkhorn_cellsim
3.121008e+01,66381,3.16492906634241e-05,2.80726082342913e-02,4.20682443500644e+02,sinkhorn_cellsim
3.121949e+01,66401,3.16484326037806e-05,2.80726082858779e-02,4.20682447362572e+02,sinkhorn_cellsim
3.122886e+01,66421,3.16472688452397e-05,2.80726083484780e-02,4.20682451224197e+02,sinkhorn_cellsim
3.123823e+01,66441,3.16456846660216e-05,2.80726084262784e-02,4.20682455085403e+02,sinkhorn_cellsim
3.124760e+01,66461,3.16435223488903e-05,2.80726085250339e-02,4.20682458946036e+02,sinkhorn_cellsim
3.125697e+01,66481,3.16405651164556e-05,2.80726086526556e-02,4.20682462805880e+02,sinkhorn_cellsim
3.126637e+01,66501,3.16365151037680e-05,2.80726088200116e-02,4.20682466664638e+02,sinkhorn_cellsim
3.127573e+01,66521,3.16309631401784e-05,2.80726090420313e-02,4.20682470521905e+02,sinkhorn_cellsim
3.128510e+01,66541,3.16233474531488e-05,2.80726093392115e-02,4.20682474377122e+02,sinkhorn_cellsim
3.129446e+01,66561,3.16128972856791e-05,2.80726097396725e-02,4.20682478229523e+02,sinkhorn_cellsim
3.130384e+01,66581,3.15985560787345e-05,2.80726102819612e-02,4.20682482078056e+02,sinkhorn_cellsim
3.131321e+01,66601,3.15788773670415e-05,2.80726110188462e-02,4.20682485921279e+02,sinkhorn_cellsim
3.132258e+01,66621,3.15518843235524e-05,2.80726120224404e-02,4.20682489757218e+02,sinkhorn_cellsim
3.133195e+01,66641,3.15148817936219e-05,2.80726133910522e-02,4.20682493583177e+02,sinkhorn_cellsim
3.134132e+01,66661,3.14642074113767e-05,2.80726152582549e-02,4.20682497395477e+02,sinkhorn_cellsim
3.135069e+01,66681,3.13966659373933e-05,2.80726178047026e-02,4.20682501189122e+02,sinkhorn_cellsim
3.136006e+01,66701,3.13154710576938e-05,2.80726212731738e-02,4.20682504957350e+02,sinkhorn_cellsim
3.136942e+01,66721,3.12160568519004e-05,2.80726259870708e-02,4.20682508691073e+02,sinkhorn_cellsim
3.137879e+01,66741,3.10949101396057e-05,2.80726323719592e-02,4.20682512378175e+02,sinkhorn_cellsim
3.138816e+01,66761,3.09522295400817e-05,2.80726409783689e-02,4.20682516002692e+02,sinkhorn_cellsim
3.139752e+01,66781,3.07813267748953e-05,2.80726525016437e-02,4.20682519543928e+02,sinkhorn_cellsim
3.140689e+01,66801,3.05807227743394e-05,2.80726677906528e-02,4.20682522975630e+02,sinkhorn_cellsim
3.141626e+01,66821,3.03964291710427e-05,2.80726878317737e-02,4.20682526265493e+02,sinkhorn_cellsim
3.142563e+01,66841,3.02116698049181e-05,2.80727136889208e-02,4.20682529375391e+02,sinkhorn_cellsim
3.143500e+01,66861,3.00227362326864e-05,2.80727463783886e-02,4.20682532262874e+02,sinkhorn_cellsim
3.144436e+01,66881,2.97967667968809e-05,2.80727866661063e-02,4.20682534884472e+02,sinkhorn_cellsim
3.145373e+01,66901,2.95284831983416e-05,2.80728348028097e-02,4.20682537200984e+02,sinkhorn_cellsim
3.146310e+01,66921,2.92351580039849e-05,2.80728902603142e-02,4.20682539184170e+02,sinkhorn_cellsim
3.147247e+01,66941,2.89012640776071e-05,2.80729515792877e-02,4.20682540823164e+02,sinkhorn_cellsim
3.148184e+01,66961,2.85722674481639e-05,2.80730164424366e-02,4.20682542128236e+02,sinkhorn_cellsim
3.149121e+01,66981,2.82281965834004e-05,2.80730820115877e-02,4.20682543129973e+02,sinkhorn_cellsim
3.150058e+01,67001,2.78407394282612e-05,2.80731454368389e-02,4.20682543873743e+02,sinkhorn_cellsim
3.150995e+01,67021,2.74347295408798e-05,2.80732043503208e-02,4.20682544411468e+02,sinkhorn_cellsim
3.151931e+01,67041,2.70121768003617e-05,2.80732571730298e-02,4.20682544793643e+02,sinkhorn_cellsim
3.152868e+01,67061,2.65676741082469e-05,2.80733031735431e-02,4.20682545063864e+02,sinkhorn_cellsim
3.153805e+01,67081,2.61275455799709e-05,2.80733423326708e-02,4.20682545256474e+02,sinkhorn_cellsim
3.154743e+01,67101,2.56904833073392e-05,2.80733751192090e-02,4.20682545396692e+02,sinkhorn_cellsim
3.155679e+01,67121,2.52473237187384e-05,2.80734022673805e-02,4.20682545502081e+02,sinkhorn_cellsim
3.156617e+01,67141,2.48119186280786e-05,2.80734246042163e-02,4.20682545584414e+02,sinkhorn_cellsim
3.157553e+01,67161,2.43972867488939e-05,2.80734429378882e-02,4.20682545651386e+02,sinkhorn_cellsim
3.158489e+01,67181,2.40013389058290e-05,2.80734579976007e-02,4.20682545707957e+02,sinkhorn_cellsim
3.159426e+01,67201,2.36210579285418e-05,2.80734704093985e-02,4.20682545757309e+02,sinkhorn_cellsim
3.160363e+01,67221,2.32542413491245e-05,2.80734806936177e-02,4.20682545801492e+02,sinkhorn_cellsim
3.161300e+01,67241,2.28948601772611e-05,2.80734892735541e-02,4.20682545841848e+02,sinkhorn_cellsim
3.162237e+01,67261,2.25432969581579e-05,2.80734964887629e-02,4.20682545879269e+02,sinkhorn_cellsim
3.163174e+01,67281,2.21971381167666e-05,2.80735026092266e-02,4.20682545914365e+02,sinkhorn_cellsim
3.164111e+01,67301,2.18582198185680e-05,2.80735078485333e-02,4.20682545947566e+02,sinkhorn_cellsim
3.165048e+01,67321,2.15334559070325e-05,2.80735123752815e-02,4.20682545979185e+02,sinkhorn_cellsim
3.165985e+01,67341,2.12211621499408e-05,2.80735163225516e-02,4.20682546009456e+02,sinkhorn_cellsim
3.166921e+01,67361,2.09152081671485e-05,2.80735197955646e-02,4.20682546038560e+02,sinkhorn_cellsim
3.167859e+01,67381,2.06173810867907e-05,2.80735228777633e-02,4.20682546066640e+02,sinkhorn_cellsim
3.168796e+01,67401,2.03271490159910e-05,2.80735256355946e-02,4.20682546093812e+02,sinkhorn_cellsim
3.169732e+01,67421,2.00439315020883e-05,2.80735281222342e-02,4.20682546120172e+02,sinkhorn_cellsim
3.170669e+01,67441,1.97685903339656e-05,2.80735303804821e-02,4.20682546145800e+02,sinkhorn_cellsim
3.171607e+01,67461,1.94988523650710e-05,2.80735324450003e-02,4.20682546170765e+02,sinkhorn_cellsim
3.172544e+01,67481,1.92341706641724e-05,2.80735343440500e-02,4.20682546195125e+02,sinkhorn_cellsim
3.173481e+01,67501,1.89759881770604e-05,2.80735361008318e-02,4.20682546218931e+02,sinkhorn_cellsim
3.174418e+01,67521,1.87251834758808e-05,2.80735377345280e-02,4.20682546242228e+02,sinkhorn_cellsim
3.175355e+01,67541,1.84802402170224e-05,2.80735392611104e-02,4.20682546265053e+02,sinkhorn_cellsim
3.176291e+01,67561,1.82413860608113e-05,2.80735406939728e-02,4.20682546287443e+02,sinkhorn_cellsim
3.177229e+01,67581,1.80083373048463e-05,2.80735420444216e-02,4.20682546309428e+02,sinkhorn_cellsim
3.178165e+01,67601,1.77806411090481e-05,2.80735433220676e-02,4.20682546331035e+02,sinkhorn_cellsim
3.179102e+01,67621,1.75580002505652e-05,2.80735445351279e-02,4.20682546352289e+02,sinkhorn_cellsim
3.180039e+01,67641,1.73406483283946e-05,2.80735456906725e-02,4.20682546373213e+02,sinkhorn_cellsim
3.180976e+01,67661,1.71287290239934e-05,2.80735467948162e-02,4.20682546393826e+02,sinkhorn_cellsim
3.181913e+01,67681,1.69219106953012e-05,2.80735478528751e-02,4.20682546414148e+02,sinkhorn_cellsim
3.182850e+01,67701,1.67206119373771e-05,2.80735488694929e-02,4.20682546434196e+02,sinkhorn_cellsim
3.183786e+01,67721,1.65254103907627e-05,2.80735498487424e-02,4.20682546453984e+02,sinkhorn_cellsim
c_index=0.0,Sw=0.02807354984874239,Smin=0.02807354984874239,Smax=0.02807354984874239,Nw=58,pairs=190
