time(s),iter,infeas,ot_objective,primal,dual,solver
1.347160e-04,1,5.14554878855796e-01,2.16085786351860e-01,1.12383562353424e+00,7.21179207282546e-17,lamp_kernel
4.488220e-01,21,8.08994585834502e-02,1.68914969766980e-01,3.11633411229567e-01,1.27298621344822e-02,lamp_kernel
8.991125e-01,41,4.22496138211110e-02,1.34014497990501e-01,2.08548977485506e-01,1.93425642302589e-02,lamp_kernel
1.349937e+00,61,3.15587167636138e-02,1.07950245542646e-01,1.63624423713025e-01,1.91346960987973e-02,lamp_kernel
1.800883e+00,81,2.28994966967422e-02,8.71056980622942e-02,1.27503749372681e-01,1.91380003714090e-02,lamp_kernel
2.251886e+00,101,1.32653846977182e-02,7.13396415130010e-02,9.47417144392011e-02,1.96657192016730e-02,lamp_kernel
2.702968e+00,121,6.54287773135627e-03,5.99201537803696e-02,7.14627441616909e-02,2.05021832041792e-02,lamp_kernel
3.154185e+00,141,3.61018933490258e-03,5.18237790066478e-02,5.81926794206186e-02,2.14409822126063e-02,lamp_kernel
3.605430e+00,161,2.20570730191448e-03,4.61120406923036e-02,5.00032300026395e-02,2.23455241906207e-02,lamp_kernel
4.056869e+00,181,1.38438098121685e-03,4.20545287660261e-02,4.44967786832602e-02,2.31529425612172e-02,lamp_kernel
4.508337e+00,201,7.68328062500521e-04,3.91308435876071e-02,4.04862863251988e-02,2.38440902561656e-02,lamp_kernel
4.959839e+00,221,4.27815605606069e-04,3.69851618089940e-02,3.77398909200979e-02,2.44241639144467e-02,lamp_kernel
5.411417e+00,241,2.52662816636165e-04,3.53802371149590e-02,3.58259711660548e-02,2.49038055620955e-02,lamp_kernel
5.863010e+00,261,1.73169625764897e-04,3.41575652573522e-02,3.44630617282875e-02,2.53028656653072e-02,lamp_kernel
6.314615e+00,281,1.20091798412276e-04,3.32095306981654e-02,3.34213901419979e-02,2.56350452592185e-02,lamp_kernel
6.766224e+00,301,8.10740667468614e-05,3.24626039817688e-02,3.26056304574925e-02,2.59134667890893e-02,lamp_kernel
7.217860e+00,321,5.43506171091805e-05,3.18656508294557e-02,3.19615332432836e-02,2.61478585850268e-02,lamp_kernel
7.669895e+00,341,3.75832921064650e-05,3.13820629400453e-02,3.14483653476063e-02,2.63460025017861e-02,lamp_kernel
8.121694e+00,361,2.61203677105874e-05,3.09856565266823e-02,3.10317366641191e-02,2.65147789081426e-02,lamp_kernel
8.573532e+00,381,1.95600705787778e-05,3.06571979039750e-02,3.06917047206680e-02,2.66591713324384e-02,lamp_kernel
9.025395e+00,401,1.57339137922762e-05,3.03823312429936e-02,3.04100881611963e-02,2.67840272267276e-02,lamp_kernel
9.477286e+00,421,1.23920273497208e-05,3.01502607098502e-02,3.01721220530642e-02,2.68922229758908e-02,lamp_kernel
9.929163e+00,441,9.52689752759219e-06,2.99527044858726e-02,2.99695113222955e-02,2.69866849114671e-02,lamp_kernel
1.038107e+01,461,7.14021343679883e-06,2.97832866926024e-02,2.97958830702699e-02,2.70698672505615e-02,lamp_kernel
1.083295e+01,481,5.46926772378101e-06,2.96369981134266e-02,2.96466466992039e-02,2.71434603951083e-02,lamp_kernel
1.128484e+01,501,4.86381255029851e-06,2.95098927407173e-02,2.95184732152829e-02,2.72088771469814e-02,lamp_kernel
1.173672e+01,521,4.34290459321249e-06,2.93988130755132e-02,2.94064745924853e-02,2.72673739503557e-02,lamp_kernel
1.218863e+01,541,3.71887626190590e-06,2.93012200485451e-02,2.93077806885467e-02,2.73199537812286e-02,lamp_kernel
1.264055e+01,561,3.20205943643732e-06,2.92150542658764e-02,2.92207031656372e-02,2.73674016627810e-02,lamp_kernel
1.309245e+01,581,2.78869664687945e-06,2.91386300398966e-02,2.91435497074212e-02,2.74103292066498e-02,lamp_kernel
1.354437e+01,601,2.49178651522510e-06,2.90705617384565e-02,2.90749576132143e-02,2.74493223624675e-02,lamp_kernel
1.443004e+01,621,2.35500769555916e-06,2.90096946209508e-02,2.90138491979261e-02,2.74849452357522e-02,lamp_kernel
1.488198e+01,641,2.18780072156113e-06,2.89550667063915e-02,2.89589263058831e-02,2.75175788692423e-02,lamp_kernel
1.533393e+01,661,1.98377324464264e-06,2.89058683201303e-02,2.89093679854018e-02,2.75475865103718e-02,lamp_kernel
1.578585e+01,681,1.86188848897939e-06,2.88614169347017e-02,2.88647015774913e-02,2.75751547117035e-02,lamp_kernel
1.623772e+01,701,1.72546561559515e-06,2.88211340846945e-02,2.88241780576427e-02,2.76005652612205e-02,lamp_kernel
1.668958e+01,721,1.59465891103233e-06,2.87845241663538e-02,2.87873373772013e-02,2.76241139108870e-02,lamp_kernel
1.714142e+01,741,1.55229660548313e-06,2.87511621477881e-02,2.87539006253515e-02,2.76460459451623e-02,lamp_kernel
1.759326e+01,761,1.47183517173174e-06,2.87206805955929e-02,2.87232771274545e-02,2.76665302397412e-02,lamp_kernel
1.804511e+01,781,1.35775300273235e-06,2.86927618675811e-02,2.86951571418614e-02,2.76856722475258e-02,lamp_kernel
1.849698e+01,801,1.31557769195253e-06,2.86671317034549e-02,2.86694525743372e-02,2.77035898912836e-02,lamp_kernel
1.894881e+01,821,1.25235907304478e-06,2.86435511230658e-02,2.86457604670860e-02,2.77204107206220e-02,lamp_kernel
1.940064e+01,841,1.16066378705397e-06,2.86218109974445e-02,2.86238585776095e-02,2.77362205455891e-02,lamp_kernel
1.985244e+01,861,1.13941717891705e-06,2.86017272740492e-02,2.86037373720993e-02,2.77511023221128e-02,lamp_kernel
2.030426e+01,881,1.09218201843921e-06,2.85831371669992e-02,2.85850639353385e-02,2.77651392428058e-02,lamp_kernel
2.075609e+01,901,1.01294043924419e-06,2.85658975251140e-02,2.85676844997528e-02,2.77783825399189e-02,lamp_kernel
2.120791e+01,921,9.96939285607380e-07,2.85498825110851e-02,2.85516412573556e-02,2.77908869460151e-02,lamp_kernel
2.165975e+01,941,9.63243986133097e-07,2.85349806635315e-02,2.85366799663805e-02,2.78027238218972e-02,lamp_kernel
2.211159e+01,961,8.98359736775364e-07,2.85210926475121e-02,2.85226774850840e-02,2.78139048615732e-02,lamp_kernel
2.256342e+01,981,8.92184422677555e-07,2.85081292609491e-02,2.85097032043664e-02,2.78245220764746e-02,lamp_kernel
2.301524e+01,1001,8.68234896153566e-07,2.84960102900574e-02,2.84975419830177e-02,2.78346061234447e-02,lamp_kernel
2.346708e+01,1021,8.10235646929249e-07,2.84846642945244e-02,2.84860936683518e-02,2.78442197739467e-02,lamp_kernel
2.391894e+01,1041,8.03260871494209e-07,2.84740277760584e-02,2.84754448453648e-02,2.78533956545840e-02,lamp_kernel
2.437080e+01,1061,7.84243359249121e-07,2.84640437208048e-02,2.84654272404466e-02,2.78621377255604e-02,lamp_kernel
2.482272e+01,1081,7.36789744406138e-07,2.84546604796853e-02,2.84559602842309e-02,2.78704816023750e-02,lamp_kernel
2.527462e+01,1101,7.31992041293374e-07,2.84458308678646e-02,2.84471222085623e-02,2.78784459751744e-02,lamp_kernel
2.572647e+01,1121,7.17843229768842e-07,2.84375118845159e-02,2.84387782646470e-02,2.78860571873258e-02,lamp_kernel
2.617833e+01,1141,6.73626069899649e-07,2.84296649665472e-02,2.84308533411607e-02,2.78933375384271e-02,lamp_kernel
2.663017e+01,1161,6.64845785494043e-07,2.84222556478622e-02,2.84234285327737e-02,2.79002946228813e-02,lamp_kernel
2.708202e+01,1181,6.51313327479845e-07,2.84152526002368e-02,2.84164016119190e-02,2.79069638617297e-02,lamp_kernel
2.753389e+01,1201,6.15690301524741e-07,2.84086269308201e-02,2.84097130982901e-02,2.79133748697759e-02,lamp_kernel
2.798577e+01,1221,6.10763691624159e-07,2.84023518068503e-02,2.84034292830621e-02,2.79195419186412e-02,lamp_kernel
2.843774e+01,1241,6.00061419294571e-07,2.83964025078583e-02,2.83974611037012e-02,2.79254649629730e-02,lamp_kernel
2.888968e+01,1261,5.66025748718925e-07,2.83907568273762e-02,2.83917553793331e-02,2.79311585289725e-02,lamp_kernel
2.934160e+01,1281,5.60362991238906e-07,2.83853949422495e-02,2.83863835042766e-02,2.79366500235547e-02,lamp_kernel
2.979352e+01,1301,5.45855102393150e-07,2.83802986565582e-02,2.83812616245538e-02,2.79419512127020e-02,lamp_kernel
3.024545e+01,1321,5.20161626642452e-07,2.83754508194032e-02,2.83763684603611e-02,2.79470689851081e-02,lamp_kernel
3.069736e+01,1341,5.17619455705735e-07,2.83708351644588e-02,2.83717483206564e-02,2.79520093365293e-02,lamp_kernel
3.114927e+01,1361,5.05643884964867e-07,2.83664365638289e-02,2.83673285933735e-02,2.79567821134623e-02,lamp_kernel
3.160117e+01,1381,4.81784491926072e-07,2.83622414915460e-02,2.83630914296422e-02,2.79613969366835e-02,lamp_kernel
3.205307e+01,1401,4.78460076888464e-07,2.83582379896349e-02,2.83590820629782e-02,2.79658514663215e-02,lamp_kernel
3.250494e+01,1421,4.63673419354345e-07,2.83544150441222e-02,2.83552330316455e-02,2.79701603464837e-02,lamp_kernel
3.295683e+01,1441,4.44187835279558e-07,2.83507620435454e-02,2.83515456556570e-02,2.79743356074956e-02,lamp_kernel
3.340873e+01,1461,4.42559978892633e-07,2.83472686490874e-02,2.83480493894229e-02,2.79783850197841e-02,lamp_kernel
3.386063e+01,1481,4.31578411148140e-07,2.83439251077372e-02,2.83446864749860e-02,2.79823099180213e-02,lamp_kernel
3.431254e+01,1501,4.13302001196925e-07,2.83407227603841e-02,2.83414518853807e-02,2.79861179523825e-02,lamp_kernel
3.476445e+01,1521,4.12066511676852e-07,2.83376541000300e-02,2.83383810454429e-02,2.79898099293560e-02,lamp_kernel
3.521638e+01,1541,3.99869034160015e-07,2.83347122577986e-02,2.83354176850826e-02,2.79933876661858e-02,lamp_kernel
3.566830e+01,1561,3.85291962312766e-07,2.83318904888334e-02,2.83325702000370e-02,2.79968601519889e-02,lamp_kernel
3.612021e+01,1581,3.83602699484821e-07,2.83291820143223e-02,2.83298587454200e-02,2.80002300370758e-02,lamp_kernel
3.657207e+01,1601,3.75013176171857e-07,2.83265802967018e-02,2.83272418746279e-02,2.80035028923612e-02,lamp_kernel
3.702395e+01,1621,3.62955299525115e-07,2.83240795319290e-02,2.83247198380024e-02,2.80066823716041e-02,lamp_kernel
3.747581e+01,1641,3.61005668935382e-07,2.83216747917552e-02,2.83223116583960e-02,2.80097735547061e-02,lamp_kernel
3.792768e+01,1661,3.51885418585698e-07,2.83193616439281e-02,2.83199824211173e-02,2.80127838838252e-02,lamp_kernel
3.837952e+01,1681,3.41000836359740e-07,2.83171356985745e-02,2.83177372737736e-02,2.80157146982825e-02,lamp_kernel
3.883151e+01,1701,3.38498966156190e-07,2.83149924205355e-02,2.83155895820707e-02,2.80185680390080e-02,lamp_kernel
3.928353e+01,1721,3.30900206334180e-07,2.83129273177795e-02,2.83135110739944e-02,2.80213451121285e-02,lamp_kernel
3.973557e+01,1741,3.22404452802402e-07,2.83109363633574e-02,2.83115051318243e-02,2.80240508378553e-02,lamp_kernel
4.018751e+01,1761,3.20888775181819e-07,2.83090161785558e-02,2.83095822731463e-02,2.80266850685492e-02,lamp_kernel
4.063942e+01,1781,3.12931032758872e-07,2.83071637761465e-02,2.83077158321190e-02,2.80292538209321e-02,lamp_kernel
4.109135e+01,1801,3.03400993184589e-07,2.83053761995319e-02,2.83059114431249e-02,2.80317599888366e-02,lamp_kernel
4.154330e+01,1821,3.02510018422519e-07,2.83036503523719e-02,2.83041840241555e-02,2.80342026245886e-02,lamp_kernel
4.199527e+01,1841,2.95228089012597e-07,2.83019831104090e-02,2.83025039358073e-02,2.80365837851693e-02,lamp_kernel
4.244728e+01,1861,2.87376269107261e-07,2.83003716352192e-02,2.83008786088622e-02,2.80389070177315e-02,lamp_kernel
4.289944e+01,1881,2.87440661468021e-07,2.82988135428922e-02,2.82993206301328e-02,2.80411734185901e-02,lamp_kernel
4.335155e+01,1901,2.80345043610755e-07,2.82973067331302e-02,2.82978013026663e-02,2.80433867076074e-02,lamp_kernel
4.380369e+01,1921,2.70170533637582e-07,2.82958491196760e-02,2.82963257398929e-02,2.80455479492154e-02,lamp_kernel
4.425584e+01,1941,2.70725124557746e-07,2.82944385120691e-02,2.82949161106652e-02,2.80476555364255e-02,lamp_kernel
4.470802e+01,1961,2.65300409199617e-07,2.82930727016437e-02,2.82935407302509e-02,2.80497145604971e-02,lamp_kernel
4.516024e+01,1981,2.57302586126759e-07,2.82917496815184e-02,2.82922036007994e-02,2.80517275036283e-02,lamp_kernel
4.561249e+01,2001,2.57810476408524e-07,2.82904677633747e-02,2.82909225786483e-02,2.80536965496258e-02,lamp_kernel
4.606473e+01,2021,2.52235786028495e-07,2.82892254409182e-02,2.82896704216250e-02,2.80556235890800e-02,lamp_kernel
4.651703e+01,2041,2.42910630108695e-07,2.82880211788033e-02,2.82884497085753e-02,2.80575095619958e-02,lamp_kernel
4.696938e+01,2061,2.42721427026692e-07,2.82868533458576e-02,2.82872815418478e-02,2.80593558144668e-02,lamp_kernel
4.742174e+01,2081,2.38871442998134e-07,2.82857203202766e-02,2.82861417243336e-02,2.80611641120171e-02,lamp_kernel
4.787417e+01,2101,2.32224199083856e-07,2.82846206670623e-02,2.82850303444118e-02,2.80629355131840e-02,lamp_kernel
4.832663e+01,2121,2.32493640677633e-07,2.82835532046429e-02,2.82839633573266e-02,2.80646702932009e-02,lamp_kernel
4.877912e+01,2141,2.27619736331613e-07,2.82825168656803e-02,2.82829184200860e-02,2.80663686965340e-02,lamp_kernel
4.923162e+01,2161,2.20782802133119e-07,2.82815105056537e-02,2.82818999987105e-02,2.80680308065526e-02,lamp_kernel
4.968415e+01,2181,2.19276820565388e-07,2.82805328584620e-02,2.82809196947478e-02,2.80696598515692e-02,lamp_kernel
5.013676e+01,2201,2.15617674329068e-07,2.82795826651330e-02,2.82799630461513e-02,2.80712568277334e-02,lamp_kernel
5.058938e+01,2221,2.11060811005268e-07,2.82786588533461e-02,2.82790311953930e-02,2.80728225412677e-02,lamp_kernel
5.104208e+01,2241,2.10917295628612e-07,2.82777605916300e-02,2.82781326804948e-02,2.80743584873337e-02,lamp_kernel
5.149481e+01,2261,2.06794371106814e-07,2.82768871472456e-02,2.82772519626704e-02,2.80758633885222e-02,lamp_kernel
5.194763e+01,2281,2.01273291377043e-07,2.82760376885079e-02,2.82763927639429e-02,2.80773365355645e-02,lamp_kernel
5.240048e+01,2301,1.99130512985506e-07,2.82752112259362e-02,2.82755625211977e-02,2.80787817195895e-02,lamp_kernel
5.285335e+01,2321,1.96820881995417e-07,2.82744067392910e-02,2.82747539600267e-02,2.80801998649398e-02,lamp_kernel
5.330627e+01,2341,1.92207183938981e-07,2.82736233708683e-02,2.82739624523678e-02,2.80815915012336e-02,lamp_kernel
5.378587e+01,2361,1.91212100338265e-07,2.82728605016051e-02,2.82731978276321e-02,2.80829576725237e-02,lamp_kernel
5.423890e+01,2381,1.89012666451307e-07,2.82721176317900e-02,2.82724510776949e-02,2.80842993833932e-02,lamp_kernel
5.469192e+01,2401,1.84113425532622e-07,2.82713941829124e-02,2.82717189858419e-02,2.80856160448563e-02,lamp_kernel
5.514497e+01,2421,1.80959023233743e-07,2.82706894057587e-02,2.82710086438626e-02,2.80869089219797e-02,lamp_kernel
5.559810e+01,2441,1.80083469683637e-07,2.82700024720073e-02,2.82703201655071e-02,2.80881782607759e-02,lamp_kernel
5.605126e+01,2461,1.76495590077909e-07,2.82693326615503e-02,2.82696440255072e-02,2.80894241473584e-02,lamp_kernel
5.650451e+01,2481,1.73538890484107e-07,2.82686794680544e-02,2.82689856159622e-02,2.80906485871306e-02,lamp_kernel
5.695785e+01,2501,1.72206424433969e-07,2.82680425262094e-02,2.82683463234527e-02,2.80918498849688e-02,lamp_kernel
5.741124e+01,2521,1.68730145232022e-07,2.82674214393288e-02,2.82677191039087e-02,2.80930301177600e-02,lamp_kernel
5.786473e+01,2541,1.65608744337861e-07,2.82668156652913e-02,2.82671078232649e-02,2.80941899907974e-02,lamp_kernel
5.831828e+01,2561,1.64312692611324e-07,2.82662245559232e-02,2.82665144274726e-02,2.80953291866920e-02,lamp_kernel
5.877196e+01,2581,1.62119085430325e-07,2.82656475090911e-02,2.82659335107975e-02,2.80964494518441e-02,lamp_kernel
5.922571e+01,2601,1.59421649674041e-07,2.82650840850967e-02,2.82653653281331e-02,2.80975512762164e-02,lamp_kernel
5.967956e+01,2621,1.56497114240111e-07,2.82645339806707e-02,2.82648100644001e-02,2.80986354421731e-02,lamp_kernel
6.013351e+01,2641,1.54178729690757e-07,2.82639969031845e-02,2.82642688969456e-02,2.80997024245189e-02,lamp_kernel
6.058754e+01,2661,1.52188376045624e-07,2.82634724651688e-02,2.82637409476559e-02,2.81007526378653e-02,lamp_kernel
6.104170e+01,2681,1.50283629750778e-07,2.82629601835632e-02,2.82632253058000e-02,2.81017866076385e-02,lamp_kernel
6.149597e+01,2701,1.48871964830386e-07,2.82624595784561e-02,2.82627222103101e-02,2.81028045917239e-02,lamp_kernel
6.195036e+01,2721,1.46742387536013e-07,2.82619702726331e-02,2.82622291476022e-02,2.81038061261474e-02,lamp_kernel
6.240493e+01,2741,1.43385098749762e-07,2.82614919949363e-02,2.82617449471585e-02,2.81047919091295e-02,lamp_kernel
6.285962e+01,2761,1.41066864430761e-07,2.82610245002588e-02,2.82612733627777e-02,2.81057626522968e-02,lamp_kernel
6.331441e+01,2781,1.39506322728915e-07,2.82605674927326e-02,2.82608136022283e-02,2.81067184499443e-02,lamp_kernel
6.376931e+01,2801,1.37773942399616e-07,2.82601206152105e-02,2.82603636685347e-02,2.81076598920182e-02,lamp_kernel
6.422442e+01,2821,1.37172706412878e-07,2.82596835062291e-02,2.82599254988854e-02,2.81085875023420e-02,lamp_kernel
6.467964e+01,2841,1.35163135596476e-07,2.82592558646754e-02,2.82594943121557e-02,2.81095016499577e-02,lamp_kernel
6.513500e+01,2861,1.32254049867122e-07,2.82588374551049e-02,2.82590707705337e-02,2.81104019699832e-02,lamp_kernel
6.559053e+01,2881,1.30130875319681e-07,2.82584280572290e-02,2.82586576270684e-02,2.81112880661708e-02,lamp_kernel
6.604617e+01,2901,1.28068175974897e-07,2.82580274199326e-02,2.82582533508695e-02,2.81121611804051e-02,lamp_kernel
6.650193e+01,2921,1.27070581071289e-07,2.82576352618793e-02,2.82578594329133e-02,2.81130219252835e-02,lamp_kernel
6.695781e+01,2941,1.26986511027327e-07,2.82572513121691e-02,2.82574753348913e-02,2.81138705456559e-02,lamp_kernel
6.741385e+01,2961,1.25150281036859e-07,2.82568753474963e-02,2.82570961308411e-02,2.81147071775532e-02,lamp_kernel
6.787005e+01,2981,1.22699569920912e-07,2.82565071838518e-02,2.82567236437849e-02,2.81155319854249e-02,lamp_kernel
6.832637e+01,3001,1.20578693599355e-07,2.82561466321689e-02,2.82563593505668e-02,2.81163454217755e-02,lamp_kernel
6.878287e+01,3021,1.18804635658068e-07,2.82557934684524e-02,2.82560030571534e-02,2.81171474102821e-02,lamp_kernel
6.923944e+01,3041,1.17798044227606e-07,2.82554474490708e-02,2.82556552619978e-02,2.81179383017028e-02,lamp_kernel
6.969621e+01,3061,1.17656299636353e-07,2.82551083547579e-02,2.82553159176268e-02,2.81187183025527e-02,lamp_kernel
7.015309e+01,3081,1.16534954363100e-07,2.82547760196843e-02,2.82549816043366e-02,2.81194878965373e-02,lamp_kernel
7.061010e+01,3101,1.14452419748728e-07,2.82544503138134e-02,2.82546522245710e-02,2.81202471100177e-02,lamp_kernel
7.106727e+01,3121,1.12063645634158e-07,2.82541310933155e-02,2.82543287899272e-02,2.81209960353653e-02,lamp_kernel
7.152461e+01,3141,1.10702925460057e-07,2.82538181686165e-02,2.82540134647194e-02,2.81217347361835e-02,lamp_kernel
7.198206e+01,3161,1.10185068706261e-07,2.82535113217580e-02,2.82537057042860e-02,2.81224635565861e-02,lamp_kernel
7.243964e+01,3181,1.09470920830399e-07,2.82532103564386e-02,2.82534034791057e-02,2.81231828409820e-02,lamp_kernel
7.289735e+01,3201,1.08698741420703e-07,2.82529151338468e-02,2.82531068942768e-02,2.81238925956718e-02,lamp_kernel
7.335520e+01,3221,1.07234598725527e-07,2.82526255601728e-02,2.82528147376416e-02,2.81245930809231e-02,lamp_kernel
7.381317e+01,3241,1.05178914577287e-07,2.82523415370529e-02,2.82525270879951e-02,2.81252846978098e-02,lamp_kernel
7.427126e+01,3261,1.03549403945928e-07,2.82520629211996e-02,2.82522455974474e-02,2.81259676123040e-02,lamp_kernel
7.472947e+01,3281,1.03451329786521e-07,2.82517895295218e-02,2.82519720327525e-02,2.81266419308953e-02,lamp_kernel
7.518782e+01,3301,1.03171018940407e-07,2.82515211833639e-02,2.82517031920854e-02,2.81273075603912e-02,lamp_kernel
7.564631e+01,3321,1.01944478057998e-07,2.82512577505567e-02,2.82514375954813e-02,2.81279648465715e-02,lamp_kernel
7.610488e+01,3341,1.00883942510249e-07,2.82509991477092e-02,2.82511771216944e-02,2.81286139823562e-02,lamp_kernel
7.656357e+01,3361,9.94888306138202e-08,2.82507453034157e-02,2.82509208162201e-02,2.81292551951501e-02,lamp_kernel
7.702237e+01,3381,9.76264259006055e-08,2.82504961178090e-02,2.82506683450599e-02,2.81298885256512e-02,lamp_kernel
7.748130e+01,3401,9.72278213802585e-08,2.82502514534520e-02,2.82504229775063e-02,2.81305141388725e-02,lamp_kernel
7.794033e+01,3421,9.74418743230611e-08,2.82500111619706e-02,2.82501830636456e-02,2.81311319057252e-02,lamp_kernel
7.839947e+01,3441,9.62902993332330e-08,2.82497751192997e-02,2.82499449894285e-02,2.81317422722521e-02,lamp_kernel
7.885874e+01,3461,9.53596603303365e-08,2.82495432378512e-02,2.82497114661971e-02,2.81323453985255e-02,lamp_kernel
7.931807e+01,3481,9.43097345795423e-08,2.82493154488570e-02,2.82494818249808e-02,2.81329413778538e-02,lamp_kernel
7.977754e+01,3501,9.25239090461986e-08,2.82490916753222e-02,2.82492549009893e-02,2.81335303667028e-02,lamp_kernel
8.023713e+01,3521,9.21573474976249e-08,2.82488718201457e-02,2.82490343991448e-02,2.81341120830902e-02,lamp_kernel
8.069683e+01,3541,9.22846956993059e-08,2.82486557761536e-02,2.82488185798135e-02,2.81346867055057e-02,lamp_kernel
8.115658e+01,3561,9.12708434242941e-08,2.82484434438671e-02,2.82486044589437e-02,2.81352544791658e-02,lamp_kernel
8.161646e+01,3581,9.07991489449919e-08,2.82482347385504e-02,2.82483949214892e-02,2.81358155019251e-02,lamp_kernel
8.207644e+01,3601,8.98135002693066e-08,2.82480295832504e-02,2.82481880273613e-02,2.81363701412278e-02,lamp_kernel
8.253650e+01,3621,8.82490839057587e-08,2.82478278997708e-02,2.82479835840231e-02,2.81369182667657e-02,lamp_kernel
8.299665e+01,3641,8.76299504225121e-08,2.82476296086333e-02,2.82477842006438e-02,2.81374592368573e-02,lamp_kernel
8.345686e+01,3661,8.77507965664548e-08,2.82474346365606e-02,2.82475894417613e-02,2.81379941215194e-02,lamp_kernel
8.391722e+01,3681,8.68213083843233e-08,2.82472429199851e-02,2.82473960854331e-02,2.81385228276901e-02,lamp_kernel
8.437763e+01,3701,8.64554417076042e-08,2.82470543967397e-02,2.82472069167455e-02,2.81390449261351e-02,lamp_kernel
8.483815e+01,3721,8.59581574046328e-08,2.82468689931443e-02,2.82470206358682e-02,2.81395611088188e-02,lamp_kernel
8.529875e+01,3741,8.46399663378686e-08,2.82466866221349e-02,2.82468359393775e-02,2.81400716100313e-02,lamp_kernel
8.575943e+01,3761,8.37598742667494e-08,2.82465071982546e-02,2.82466549628864e-02,2.81405764212016e-02,lamp_kernel
8.622020e+01,3781,8.38412991230438e-08,2.82463306575598e-02,2.82464785658370e-02,2.81410757107753e-02,lamp_kernel
8.668104e+01,3801,8.32471164653222e-08,2.82461569627336e-02,2.82463038227859e-02,2.81415691613203e-02,lamp_kernel
8.714192e+01,3821,8.26181341470002e-08,2.82459860847796e-02,2.82461318352154e-02,2.81420570634581e-02,lamp_kernel
8.760290e+01,3841,8.24567707051826e-08,2.82458179750373e-02,2.82459634408044e-02,2.81425393111390e-02,lamp_kernel
8.806410e+01,3861,8.16000536534329e-08,2.82456525531235e-02,2.82457965075168e-02,2.81430161031206e-02,lamp_kernel
8.852532e+01,3881,8.06731446722025e-08,2.82454897238900e-02,2.82456320430807e-02,2.81434872712004e-02,lamp_kernel
8.898656e+01,3901,8.05545597811845e-08,2.82453294106201e-02,2.82454715206098e-02,2.81439529548925e-02,lamp_kernel
8.944782e+01,3921,7.99674770594151e-08,2.82451715759427e-02,2.82453126502328e-02,2.81444137354709e-02,lamp_kernel
8.990919e+01,3941,7.93471047038126e-08,2.82450162108453e-02,2.82451561907082e-02,2.81448697488050e-02,lamp_kernel
9.037062e+01,3961,7.91084232682852e-08,2.82448632997359e-02,2.82450028585299e-02,2.81453208458446e-02,lamp_kernel
9.083208e+01,3981,7.85337932576026e-08,2.82447127913265e-02,2.82448513363894e-02,2.81457672272518e-02,lamp_kernel
9.129363e+01,4001,7.79486016282125e-08,2.82445646004309e-02,2.82447021131304e-02,2.81462090287181e-02,lamp_kernel
9.175527e+01,4021,7.76909567721373e-08,2.82444186391933e-02,2.82445556973697e-02,2.81466463160528e-02,lamp_kernel
9.221693e+01,4041,7.69834452702967e-08,2.82442748512593e-02,2.82444106612823e-02,2.81470792109542e-02,lamp_kernel
9.267865e+01,4061,7.63695647975791e-08,2.82441332201349e-02,2.82442679471832e-02,2.81475077791624e-02,lamp_kernel
9.314045e+01,4081,7.60536942117377e-08,2.82439937454840e-02,2.82441279152905e-02,2.81479320603898e-02,lamp_kernel
9.360235e+01,4101,7.55394217699968e-08,2.82438564084462e-02,2.82439896710011e-02,2.81483521238306e-02,lamp_kernel
9.406429e+01,4121,7.51419199106274e-08,2.82437211549681e-02,2.82438537162718e-02,2.81487680498878e-02,lamp_kernel
9.452628e+01,4141,7.49258376411283e-08,2.82435879093072e-02,2.82437200894103e-02,2.81491798989430e-02,lamp_kernel
9.498831e+01,4161,7.43621999030898e-08,2.82434566043127e-02,2.82435877900766e-02,2.81495877033323e-02,lamp_kernel
9.545039e+01,4181,7.36979465214550e-08,2.82433272025108e-02,2.82434572164349e-02,2.81499913390030e-02,lamp_kernel
9.591249e+01,4201,7.32817162807032e-08,2.82431996921048e-02,2.82433289717381e-02,2.81503910674143e-02,lamp_kernel
9.637466e+01,4221,7.28538137505347e-08,2.82430740643388e-02,2.82432025890896e-02,2.81507869185110e-02,lamp_kernel
9.683690e+01,4241,7.23408526120682e-08,2.82429502928320e-02,2.82430779126445e-02,2.81511789836256e-02,lamp_kernel
9.729918e+01,4261,7.22405351036095e-08,2.82428283307481e-02,2.82429557735860e-02,2.81515673164694e-02,lamp_kernel
9.776150e+01,4281,7.18017975700427e-08,2.82427081247598e-02,2.82428347936007e-02,2.81519519697668e-02,lamp_kernel
9.822387e+01,4301,7.12352080269709e-08,2.82425896313652e-02,2.82427153006595e-02,2.81523329175670e-02,lamp_kernel
9.868629e+01,4321,7.08966878299587e-08,2.82424728220245e-02,2.82425978941198e-02,2.81527102661028e-02,lamp_kernel
9.914872e+01,4341,7.04802586642109e-08,2.82423576758608e-02,2.82424820133143e-02,2.81530840687819e-02,lamp_kernel
9.961120e+01,4361,6.99770186918725e-08,2.82422441694870e-02,2.82423676191518e-02,2.81534543491913e-02,lamp_kernel
1.000737e+02,4381,6.97844818357559e-08,2.82421322735190e-02,2.82422553835208e-02,2.81538210414695e-02,lamp_kernel
1.005363e+02,4401,6.93332313941188e-08,2.82420219567240e-02,2.82421442706542e-02,2.81541842495499e-02,lamp_kernel
1.009990e+02,4421,6.88166853925399e-08,2.82419131910052e-02,2.82420345936729e-02,2.81545440213876e-02,lamp_kernel
1.014616e+02,4441,6.85808423508629e-08,2.82418059509132e-02,2.82419269375193e-02,2.81549004287449e-02,lamp_kernel
1.019243e+02,4461,6.81553518846604e-08,2.82417002086331e-02,2.82418204446120e-02,2.81552533760147e-02,lamp_kernel
1.023870e+02,4481,6.77190073762749e-08,2.82415959311180e-02,2.82417153973216e-02,2.81556029880084e-02,lamp_kernel
1.028498e+02,4501,6.75569160174767e-08,2.82414930840820e-02,2.82416122643328e-02,2.81559494036648e-02,lamp_kernel
1.033125e+02,4521,6.70735139177668e-08,2.82413916400802e-02,2.82415099675392e-02,2.81562927157494e-02,lamp_kernel
1.037753e+02,4541,6.65474891419568e-08,2.82412915827541e-02,2.82414089822287e-02,2.81566325447257e-02,lamp_kernel
1.042381e+02,4561,6.62876529081308e-08,2.82411929019553e-02,2.82413098430409e-02,2.81569691616392e-02,lamp_kernel
1.047010e+02,4581,6.58571129984617e-08,2.82410955827294e-02,2.82412117642798e-02,2.81573027967014e-02,lamp_kernel
1.051639e+02,4601,6.53656088028353e-08,2.82409995973354e-02,2.82411149118007e-02,2.81576334538513e-02,lamp_kernel
1.056269e+02,4621,6.52344041562940e-08,2.82409049076108e-02,2.82410199906120e-02,2.81579611610937e-02,lamp_kernel
1.060899e+02,4641,6.49697795063412e-08,2.82408114763778e-02,2.82409260925426e-02,2.81582858652368e-02,lamp_kernel
1.065529e+02,4661,6.43793533767757e-08,2.82407192788491e-02,2.82408328534161e-02,2.81586075603712e-02,lamp_kernel
1.070159e+02,4681,6.40885586523967e-08,2.82406283049492e-02,2.82407413665119e-02,2.81589260280189e-02,lamp_kernel
1.074790e+02,4701,6.37211997313422e-08,2.82405385508676e-02,2.82406509643556e-02,2.81592415729174e-02,lamp_kernel
1.079420e+02,4721,6.31562755130695e-08,2.82404500066486e-02,2.82405614235279e-02,2.81595544181167e-02,lamp_kernel
1.084052e+02,4741,6.28617160454451e-08,2.82403626493082e-02,2.82404735465417e-02,2.81598645978215e-02,lamp_kernel
1.088683e+02,4761,6.26673534817501e-08,2.82402764460414e-02,2.82403870003910e-02,2.81601721456828e-02,lamp_kernel
1.093314e+02,4781,6.23784553805087e-08,2.82401913641276e-02,2.82403014088187e-02,2.81604770424565e-02,lamp_kernel
1.097945e+02,4801,6.21275477952312e-08,2.82401073797737e-02,2.82402169818272e-02,2.81607793496534e-02,lamp_kernel
1.102577e+02,4821,6.17361516681101e-08,2.82400244800770e-02,2.82401333916507e-02,2.81610791238814e-02,lamp_kernel
1.107210e+02,4841,6.11666007643950e-08,2.82399426579773e-02,2.82400505647802e-02,2.81613763966425e-02,lamp_kernel
1.111842e+02,4861,6.08178384910500e-08,2.82398619048104e-02,2.82399691963458e-02,2.81616711387407e-02,lamp_kernel
1.116475e+02,4881,6.03974428679301e-08,2.82397822055992e-02,2.82398887554954e-02,2.81619632291089e-02,lamp_kernel
1.121107e+02,4901,6.01765106046758e-08,2.82397035391314e-02,2.82398096992708e-02,2.81622529026358e-02,lamp_kernel
1.125740e+02,4921,6.00942440869676e-08,2.82396258814618e-02,2.82397318964711e-02,2.81625401990225e-02,lamp_kernel
1.130373e+02,4941,5.98058568524289e-08,2.82395492100869e-02,2.82396547163391e-02,2.81628251472625e-02,lamp_kernel
1.135006e+02,4961,5.93186513883349e-08,2.82394735066505e-02,2.82395781534012e-02,2.81631077758120e-02,lamp_kernel
1.139640e+02,4981,5.89952232243282e-08,2.82393987574673e-02,2.82395028336436e-02,2.81633881126032e-02,lamp_kernel
1.144274e+02,5001,5.85124648734541e-08,2.82393249521750e-02,2.82394281766951e-02,2.81636661851206e-02,lamp_kernel
1.148907e+02,5021,5.81070172772437e-08,2.82392520811948e-02,2.82393545904463e-02,2.81639420204784e-02,lamp_kernel
1.153541e+02,5041,5.80106270810678e-08,2.82391801329917e-02,2.82392824721968e-02,2.81642155455060e-02,lamp_kernel
1.158175e+02,5061,5.77786194708177e-08,2.82391090924520e-02,2.82392110223619e-02,2.81644868666502e-02,lamp_kernel
1.162809e+02,5081,5.73139852194366e-08,2.82390389413641e-02,2.82391400515913e-02,2.81647559272644e-02,lamp_kernel
1.167442e+02,5101,5.70932366248284e-08,2.82389696608132e-02,2.82390703816078e-02,2.81650228293140e-02,lamp_kernel
1.172077e+02,5121,5.67730850729566e-08,2.82389012340571e-02,2.82390013900577e-02,2.81652876272586e-02,lamp_kernel
1.176711e+02,5141,5.63625316757342e-08,2.82388336480107e-02,2.82389330797352e-02,2.81655503456220e-02,lamp_kernel
1.181345e+02,5161,5.61657865198476e-08,2.82387668924766e-02,2.82388659771140e-02,2.81658109840692e-02,lamp_kernel
1.185980e+02,5181,5.59307292685587e-08,2.82387009579629e-02,2.82387996279250e-02,2.81660695465988e-02,lamp_kernel
1.190614e+02,5201,5.54388179415684e-08,2.82386358338305e-02,2.82387336359893e-02,2.81663261022203e-02,lamp_kernel
1.195249e+02,5221,5.50677797210578e-08,2.82385715078877e-02,2.82386686554809e-02,2.81665806740181e-02,lamp_kernel
1.199883e+02,5241,5.47532332143026e-08,2.82385079671345e-02,2.82386045598218e-02,2.81668332038097e-02,lamp_kernel
1.204986e+02,5261,5.44160642021603e-08,2.82384451984926e-02,2.82385411963646e-02,2.81670837665136e-02,lamp_kernel
1.209621e+02,5281,5.43358382905506e-08,2.82383831887868e-02,2.82384790451287e-02,2.81673324131578e-02,lamp_kernel
1.214256e+02,5301,5.42112087866165e-08,2.82383219244686e-02,2.82384175609458e-02,2.81675791654776e-02,lamp_kernel
1.218891e+02,5321,5.38781265030986e-08,2.82382613920953e-02,2.82383564409668e-02,2.81678240265258e-02,lamp_kernel
1.223526e+02,5341,5.34744841353811e-08,2.82382015798026e-02,2.82382959165901e-02,2.81680670174139e-02,lamp_kernel
1.228161e+02,5361,5.29984477496067e-08,2.82381424786307e-02,2.82382359756206e-02,2.81683081781560e-02,lamp_kernel
1.232796e+02,5381,5.25109531948769e-08,2.82380840821633e-02,2.82381767191418e-02,2.81685475291096e-02,lamp_kernel
1.237431e+02,5401,5.22837351130475e-08,2.82380263840613e-02,2.82381186201939e-02,2.81687850781407e-02,lamp_kernel
1.242066e+02,5421,5.21600076124184e-08,2.82379693750038e-02,2.82380613928630e-02,2.81690208225605e-02,lamp_kernel
1.246702e+02,5441,5.20211504124296e-08,2.82379130414496e-02,2.82380048143445e-02,2.81692547971844e-02,lamp_kernel
1.251338e+02,5461,5.18952326436888e-08,2.82378573674729e-02,2.82379489182305e-02,2.81694870227480e-02,lamp_kernel
1.255973e+02,5481,5.16041978845208e-08,2.82378023385899e-02,2.82378933759197e-02,2.81697173095031e-02,lamp_kernel
1.260609e+02,5501,5.11128361959891e-08,2.82377479448358e-02,2.82378381153320e-02,2.81699458953120e-02,lamp_kernel
1.265245e+02,5521,5.07039545929535e-08,2.82376941808543e-02,2.82377836300237e-02,2.81701728106578e-02,lamp_kernel
1.269880e+02,5541,5.03479177221489e-08,2.82376410430059e-02,2.82377298640744e-02,2.81703980435807e-02,lamp_kernel
1.274516e+02,5561,5.00388421079501e-08,2.82375885257054e-02,2.82376768015194e-02,2.81706215371205e-02,lamp_kernel
1.279152e+02,5581,4.98655005440032e-08,2.82375366195615e-02,2.82376245895757e-02,2.81708433258854e-02,lamp_kernel
1.283788e+02,5601,4.97212237866490e-08,2.82374853122845e-02,2.82375730277735e-02,2.81710635173975e-02,lamp_kernel
1.288424e+02,5621,4.94910993751294e-08,2.82374345912582e-02,2.82375219007741e-02,2.81712821286921e-02,lamp_kernel
1.293061e+02,5641,4.92889066018469e-08,2.82373844457172e-02,2.82374713985356e-02,2.81714991585830e-02,lamp_kernel
1.297696e+02,5661,4.90123444562439e-08,2.82373348672773e-02,2.82374213321997e-02,2.81717146117060e-02,lamp_kernel
1.302333e+02,5681,4.85981398053977e-08,2.82372858490765e-02,2.82373715832816e-02,2.81719285344673e-02,lamp_kernel
1.306969e+02,5701,4.82374097300761e-08,2.82372373846971e-02,2.82373224825217e-02,2.81721409429511e-02,lamp_kernel
1.311605e+02,5721,4.79151839122734e-08,2.82371894676644e-02,2.82372739970357e-02,2.81723518530279e-02,lamp_kernel
1.316242e+02,5741,4.75972238604494e-08,2.82371420913920e-02,2.82372260598354e-02,2.81725612803564e-02,lamp_kernel
1.320878e+02,5761,4.74131765897000e-08,2.82370952489648e-02,2.82371788927220e-02,2.81727691771392e-02,lamp_kernel
1.325514e+02,5781,4.72941228490533e-08,2.82370489325578e-02,2.82371323662868e-02,2.81729755407769e-02,lamp_kernel
1.330151e+02,5801,4.70940016249648e-08,2.82370031330489e-02,2.82370862137349e-02,2.81731804688880e-02,lamp_kernel
1.334787e+02,5821,4.68343506361741e-08,2.82369578405327e-02,2.82370404631565e-02,2.81733839762336e-02,lamp_kernel
1.339423e+02,5841,4.65632190244383e-08,2.82369130457365e-02,2.82369951900446e-02,2.81735860773735e-02,lamp_kernel
1.344060e+02,5861,4.62020456966098e-08,2.82368687414106e-02,2.82369502485563e-02,2.81737867866795e-02,lamp_kernel
1.348697e+02,5881,4.58644076618330e-08,2.82368249225626e-02,2.82369058340655e-02,2.81739861183408e-02,lamp_kernel
1.353333e+02,5901,4.56253652089749e-08,2.82367815852105e-02,2.82368620750077e-02,2.81741840833544e-02,lamp_kernel
1.357970e+02,5921,4.53857048151780e-08,2.82367387245323e-02,2.82368187915336e-02,2.81743805849511e-02,lamp_kernel
1.362607e+02,5941,4.51411956912093e-08,2.82366963337794e-02,2.82367759694310e-02,2.81745757518085e-02,lamp_kernel
1.367243e+02,5961,4.49268767231424e-08,2.82366544046952e-02,2.82367336622569e-02,2.81747695973396e-02,lamp_kernel
1.371881e+02,5981,4.46834713243096e-08,2.82366129289594e-02,2.82366917571184e-02,2.81749621347764e-02,lamp_kernel
1.376518e+02,6001,4.44240105067336e-08,2.82365718994220e-02,2.82366502698543e-02,2.81751533771762e-02,lamp_kernel
1.381155e+02,6021,4.41850939418373e-08,2.82365313102136e-02,2.82366092591623e-02,2.81753433232889e-02,lamp_kernel
1.385792e+02,6041,4.39548460304936e-08,2.82364911558874e-02,2.82365686986452e-02,2.81755319230499e-02,lamp_kernel
1.390429e+02,6061,4.36824991209150e-08,2.82364514305532e-02,2.82365284928513e-02,2.81757192667753e-02,lamp_kernel
1.395066e+02,6081,4.34161832407369e-08,2.82364121278630e-02,2.82364887203410e-02,2.81759053668518e-02,lamp_kernel
1.399703e+02,6101,4.31275509878811e-08,2.82363732417956e-02,2.82364493250843e-02,2.81760902355082e-02,lamp_kernel
1.404340e+02,6121,4.28574926520362e-08,2.82363347673895e-02,2.82364103742559e-02,2.81762738848110e-02,lamp_kernel
1.408977e+02,6141,4.26083574976884e-08,2.82362967005866e-02,2.82363718679423e-02,2.81764563266619e-02,lamp_kernel
1.413614e+02,6161,4.23708993075480e-08,2.82362590371432e-02,2.82363337855880e-02,2.81766375727986e-02,lamp_kernel
1.418251e+02,6181,4.21743858086492e-08,2.82362217714671e-02,2.82362961732334e-02,2.81768176348041e-02,lamp_kernel
1.422888e+02,6201,4.19978848776343e-08,2.82361848963675e-02,2.82362589867605e-02,2.81769965241208e-02,lamp_kernel
1.427525e+02,6221,4.17910029422091e-08,2.82361484040424e-02,2.82362221294654e-02,2.81771742520576e-02,lamp_kernel
1.432163e+02,6241,4.15626168354289e-08,2.82361122876423e-02,2.82361856101590e-02,2.81773508297885e-02,lamp_kernel
1.436800e+02,6261,4.13166531893617e-08,2.82360765423141e-02,2.82361494309150e-02,2.81775262683415e-02,lamp_kernel
1.441437e+02,6281,4.09994249306674e-08,2.82360411650306e-02,2.82361134939946e-02,2.81777005679591e-02,lamp_kernel
1.446075e+02,6301,4.06715931067272e-08,2.82360061533784e-02,2.82360779039993e-02,2.81778737343308e-02,lamp_kernel
1.450712e+02,6321,4.04061053383920e-08,2.82359715041521e-02,2.82360427864138e-02,2.81780457940067e-02,lamp_kernel
1.455349e+02,6341,4.01749609735527e-08,2.82359372126046e-02,2.82360080870939e-02,2.81782167568101e-02,lamp_kernel
1.459986e+02,6361,4.00063523492049e-08,2.82359032726477e-02,2.82359738496869e-02,2.81783865973451e-02,lamp_kernel
1.464623e+02,6381,3.98908502233331e-08,2.82358696776919e-02,2.82359400509684e-02,2.81785552624147e-02,lamp_kernel
1.469261e+02,6401,3.97452546465275e-08,2.82358364215565e-02,2.82359065379812e-02,2.81787228640903e-02,lamp_kernel
1.473898e+02,6421,3.95264548539509e-08,2.82358034990269e-02,2.82358732294569e-02,2.81788894122918e-02,lamp_kernel
1.478535e+02,6441,3.92400201245736e-08,2.82357709059715e-02,2.82358401310889e-02,2.81790549020191e-02,lamp_kernel
1.483173e+02,6461,3.89116892615946e-08,2.82357386391121e-02,2.82358072850059e-02,2.81792192866100e-02,lamp_kernel
1.487810e+02,6481,3.85847043836915e-08,2.82357066955846e-02,2.82357747646295e-02,2.81793826449168e-02,lamp_kernel
1.492448e+02,6501,3.83367896530269e-08,2.82356750723956e-02,2.82357427040827e-02,2.81795449893303e-02,lamp_kernel
1.497085e+02,6521,3.81621899788187e-08,2.82356437659185e-02,2.82357110895863e-02,2.81797062881393e-02,lamp_kernel
1.501723e+02,6541,3.80233340580475e-08,2.82356127716408e-02,2.82356798503465e-02,2.81798664756287e-02,lamp_kernel
1.506361e+02,6561,3.78703968488070e-08,2.82355820843353e-02,2.82356488932375e-02,2.81800256259665e-02,lamp_kernel
1.510998e+02,6581,3.76651256989064e-08,2.82355516986258e-02,2.82356181453997e-02,2.81801837588598e-02,lamp_kernel
1.515638e+02,6601,3.74028086147025e-08,2.82355216096617e-02,2.82355875936701e-02,2.81803408638744e-02,lamp_kernel
1.520275e+02,6621,3.71216757312984e-08,2.82354918135211e-02,2.82355573015700e-02,2.81804969751839e-02,lamp_kernel
1.524913e+02,6641,3.68640110187172e-08,2.82354623071098e-02,2.82355273406007e-02,2.81806521386801e-02,lamp_kernel
1.529551e+02,6661,3.66328085215577e-08,2.82354330876688e-02,2.82354977132847e-02,2.81808063628846e-02,lamp_kernel
1.534188e+02,6681,3.64338895341629e-08,2.82354041522151e-02,2.82354684269089e-02,2.81809596562124e-02,lamp_kernel
1.538826e+02,6701,3.62500669317779e-08,2.82353754972672e-02,2.82354394476711e-02,2.81811119375781e-02,lamp_kernel
1.543464e+02,6721,3.60399178653383e-08,2.82353471189493e-02,2.82354106986197e-02,2.81812632769315e-02,lamp_kernel
1.548101e+02,6741,3.57967161433093e-08,2.82353190133177e-02,2.82353821639447e-02,2.81814137112466e-02,lamp_kernel
1.552739e+02,6761,3.55599717246369e-08,2.82352911766359e-02,2.82353539096113e-02,2.81815632485566e-02,lamp_kernel
1.557377e+02,6781,3.53438713629703e-08,2.82352636054332e-02,2.82353259571760e-02,2.81817118743102e-02,lamp_kernel
1.562015e+02,6801,3.51637837352298e-08,2.82352362963618e-02,2.82352983304038e-02,2.81818595873045e-02,lamp_kernel
1.566653e+02,6821,3.50062015457778e-08,2.82352092460110e-02,2.82352710020550e-02,2.81820064274685e-02,lamp_kernel
1.571291e+02,6841,3.48292770845654e-08,2.82351824508315e-02,2.82352438947550e-02,2.81821524007371e-02,lamp_kernel
1.575929e+02,6861,3.46250096067161e-08,2.82351559072272e-02,2.82352169907931e-02,2.81822975148953e-02,lamp_kernel
1.580568e+02,6881,3.43918420222314e-08,2.82351296117686e-02,2.82351902839928e-02,2.81824417143084e-02,lamp_kernel
1.585206e+02,6901,3.41376794520419e-08,2.82351035614043e-02,2.82351637852488e-02,2.81825850549805e-02,lamp_kernel
1.589843e+02,6921,3.39004770422573e-08,2.82350777535533e-02,2.82351375589381e-02,2.81827275574579e-02,lamp_kernel
1.594482e+02,6941,3.37045121965119e-08,2.82350521859709e-02,2.82351116456451e-02,2.81828692027186e-02,lamp_kernel
1.599119e+02,6961,3.35349507934159e-08,2.82350268563900e-02,2.82350860169332e-02,2.81830100281669e-02,lamp_kernel
1.603757e+02,6981,3.33709282116591e-08,2.82350017620766e-02,2.82350606332600e-02,2.81831500408288e-02,lamp_kernel
1.608395e+02,7001,3.31958934457783e-08,2.82349768995433e-02,2.82350354619399e-02,2.81832891953153e-02,lamp_kernel
1.613034e+02,7021,3.30000264505971e-08,2.82349522646705e-02,2.82350104815292e-02,2.81834275372533e-02,lamp_kernel
1.617673e+02,7041,3.27924108144602e-08,2.82349278532697e-02,2.82349857038641e-02,2.81835650878720e-02,lamp_kernel
1.622311e+02,7061,3.25914607330724e-08,2.82349036618294e-02,2.82349611579185e-02,2.81837018538782e-02,lamp_kernel
1.626949e+02,7081,3.23940463781083e-08,2.82348796879953e-02,2.82349368358167e-02,2.81838378419000e-02,lamp_kernel
1.631588e+02,7101,3.21944950856080e-08,2.82348559304232e-02,2.82349127262070e-02,2.81839730584942e-02,lamp_kernel
1.636226e+02,7121,3.19811785169881e-08,2.82348323880236e-02,2.82348888074859e-02,2.81841074937538e-02,lamp_kernel
1.640864e+02,7141,3.17560366781486e-08,2.82348090590461e-02,2.82348650813253e-02,2.81842411576089e-02,lamp_kernel
1.645502e+02,7161,3.15387120111112e-08,2.82347859405813e-02,2.82348415794682e-02,2.81843740206701e-02,lamp_kernel
1.650140e+02,7181,3.13517069334063e-08,2.82347630288198e-02,2.82348183378024e-02,2.81845060772218e-02,lamp_kernel
1.654778e+02,7201,3.12000565320172e-08,2.82347403198692e-02,2.82347953613184e-02,2.81846373732403e-02,lamp_kernel
1.659416e+02,7221,3.10638960400777e-08,2.82347178105706e-02,2.82347726118129e-02,2.81847679274451e-02,lamp_kernel
1.664054e+02,7241,3.09143679735923e-08,2.82346954987577e-02,2.82347500362106e-02,2.81848977521266e-02,lamp_kernel
1.668693e+02,7261,3.07269801163922e-08,2.82346733828473e-02,2.82347275897208e-02,2.81850268538948e-02,lamp_kernel
1.673331e+02,7281,3.04985347346249e-08,2.82346514611181e-02,2.82347052649806e-02,2.81851552417733e-02,lamp_kernel
1.677970e+02,7301,3.02548742150264e-08,2.82346297312520e-02,2.82346831052618e-02,2.81852829216109e-02,lamp_kernel
1.682608e+02,7321,3.00223271650038e-08,2.82346081904516e-02,2.82346611542145e-02,2.81854098991867e-02,lamp_kernel
1.687247e+02,7341,2.98201191083964e-08,2.82345868359768e-02,2.82346394430152e-02,2.81855361802153e-02,lamp_kernel
1.691885e+02,7361,2.96488368423843e-08,2.82345656656272e-02,2.82346179704987e-02,2.81856617668551e-02,lamp_kernel
1.696524e+02,7381,2.94936894134602e-08,2.82345446777646e-02,2.82345967089334e-02,2.81857866449231e-02,lamp_kernel
1.701162e+02,7401,2.93304616804899e-08,2.82345238708589e-02,2.82345756140701e-02,2.81859108435012e-02,lamp_kernel
1.705801e+02,7421,2.91514858656901e-08,2.82345032429340e-02,2.82345546704058e-02,2.81860343680707e-02,lamp_kernel
1.710440e+02,7441,2.89577485214723e-08,2.82344827913384e-02,2.82345338770293e-02,2.81861572202526e-02,lamp_kernel
1.715078e+02,7461,2.87564397900040e-08,2.82344625130350e-02,2.82345132435880e-02,2.81862793434119e-02,lamp_kernel
1.719717e+02,7481,2.85550260292321e-08,2.82344424051813e-02,2.82344927804110e-02,2.81864008095981e-02,lamp_kernel
1.724356e+02,7501,2.83568306754762e-08,2.82344224655885e-02,2.82344724911727e-02,2.81865215889460e-02,lamp_kernel
1.728994e+02,7521,2.81597585213891e-08,2.82344026927558e-02,2.82344523706760e-02,2.81866417089932e-02,lamp_kernel
1.733633e+02,7541,2.79680164915679e-08,2.82343830855087e-02,2.82344324251680e-02,2.81867611879968e-02,lamp_kernel
1.738271e+02,7561,2.77785276481874e-08,2.82343636425208e-02,2.82344126478942e-02,2.81868800310253e-02,lamp_kernel
1.742910e+02,7581,2.75914240190598e-08,2.82343443620332e-02,2.82343930373284e-02,2.81869982430966e-02,lamp_kernel
1.747549e+02,7601,2.74116274399219e-08,2.82343252418963e-02,2.82343736000042e-02,2.81871158291768e-02,lamp_kernel
1.752188e+02,7621,2.72385517471363e-08,2.82343062798213e-02,2.82343543325984e-02,2.81872327941772e-02,lamp_kernel
1.756826e+02,7641,2.70640811251205e-08,2.82342874736326e-02,2.82343352186182e-02,2.81873491429540e-02,lamp_kernel
1.761465e+02,7661,2.68863973386086e-08,2.82342688213704e-02,2.82343162528958e-02,2.81874648803085e-02,lamp_kernel
1.766104e+02,7681,2.67066625884216e-08,2.82342503212378e-02,2.82342974356849e-02,2.81875800109924e-02,lamp_kernel
1.770742e+02,7701,2.65244727614215e-08,2.82342319714948e-02,2.82342787645324e-02,2.81876945397115e-02,lamp_kernel
1.775381e+02,7721,2.63432373154627e-08,2.82342137703888e-02,2.82342602437007e-02,2.81878084711283e-02,lamp_kernel
1.780020e+02,7741,2.61662537119962e-08,2.82341957161566e-02,2.82342418772436e-02,2.81879218098607e-02,lamp_kernel
1.784659e+02,7761,2.59933876596126e-08,2.82341778070767e-02,2.82342236632028e-02,2.81880345495742e-02,lamp_kernel
1.789298e+02,7781,2.58213911718038e-08,2.82341600415241e-02,2.82342055942234e-02,2.81881466673266e-02,lamp_kernel
1.793937e+02,7801,2.56494703111094e-08,2.82341424180028e-02,2.82341876674086e-02,2.81882582061590e-02,lamp_kernel
1.798575e+02,7821,2.54804436266053e-08,2.82341249351333e-02,2.82341698863513e-02,2.81883691704941e-02,lamp_kernel
1.803214e+02,7841,2.53096669561577e-08,2.82341075915797e-02,2.82341522415228e-02,2.81884795647122e-02,lamp_kernel
1.807853e+02,7861,2.51385402084203e-08,2.82340903859246e-02,2.82341347339752e-02,2.81885893931520e-02,lamp_kernel
1.812491e+02,7881,2.49720468213582e-08,2.82340733165454e-02,2.82341173708773e-02,2.81886986601083e-02,lamp_kernel
1.817130e+02,7901,2.48148083757107e-08,2.82340563815694e-02,2.82341001585098e-02,2.81888073606574e-02,lamp_kernel
1.821769e+02,7921,2.46629378544391e-08,2.82340395789821e-02,2.82340830880007e-02,2.81889155042347e-02,lamp_kernel
1.826408e+02,7941,2.45130386972818e-08,2.82340229068451e-02,2.82340661514198e-02,2.81890230990143e-02,lamp_kernel
1.831047e+02,7961,2.43633811851599e-08,2.82340063635369e-02,2.82340493440939e-02,2.81891301491198e-02,lamp_kernel
1.835686e+02,7981,2.42113598760030e-08,2.82339899478435e-02,2.82340326602127e-02,2.81892366319660e-02,lamp_kernel
1.840325e+02,8001,2.40530450869528e-08,2.82339736588473e-02,2.82340160919262e-02,2.81893425482299e-02,lamp_kernel
1.844964e+02,8021,2.38918824208719e-08,2.82339574956638e-02,2.82339996444282e-02,2.81894479324924e-02,lamp_kernel
1.849603e+02,8041,2.37309513514968e-08,2.82339414571843e-02,2.82339833220429e-02,2.81895527884019e-02,lamp_kernel
1.854242e+02,8061,2.35746877376598e-08,2.82339255419828e-02,2.82339671311696e-02,2.81896571191457e-02,lamp_kernel
1.858881e+02,8081,2.34265044649593e-08,2.82339097484139e-02,2.82339510761838e-02,2.81897609258180e-02,lamp_kernel
1.863520e+02,8101,2.32891937784582e-08,2.82338940748148e-02,2.82339351603486e-02,2.81898642153933e-02,lamp_kernel
1.868158e+02,8121,2.31624746660714e-08,2.82338785196739e-02,2.82339193816567e-02,2.81899669923606e-02,lamp_kernel
1.872798e+02,8141,2.30392152574626e-08,2.82338630816629e-02,2.82339037261981e-02,2.81900692604898e-02,lamp_kernel
1.877437e+02,8161,2.29138812970334e-08,2.82338477595576e-02,2.82338881829854e-02,2.81901710235121e-02,lamp_kernel
1.882076e+02,8181,2.27847818955922e-08,2.82338325521350e-02,2.82338727478126e-02,2.81902722851209e-02,lamp_kernel
1.886715e+02,8201,2.26520693246388e-08,2.82338174581347e-02,2.82338574196880e-02,2.81903730489737e-02,lamp_kernel
1.891354e+02,8221,2.25167516304114e-08,2.82338024762989e-02,2.82338421991321e-02,2.81904733186944e-02,lamp_kernel
1.895994e+02,8241,2.23814564007982e-08,2.82337876054509e-02,2.82338270896035e-02,2.81905730978741e-02,lamp_kernel
1.900633e+02,8261,2.22470228078843e-08,2.82337728445233e-02,2.82338120915156e-02,2.81906723900698e-02,lamp_kernel
1.905273e+02,8281,2.21132496001504e-08,2.82337581925338e-02,2.82337972035306e-02,2.81907711988031e-02,lamp_kernel
1.909912e+02,8301,2.19830965297466e-08,2.82337436484959e-02,2.82337824298837e-02,2.81908695275601e-02,lamp_kernel
1.914552e+02,8321,2.18594852935305e-08,2.82337292113468e-02,2.82337677746664e-02,2.81909673722919e-02,lamp_kernel
1.919191e+02,8341,2.17445939818857e-08,2.82337148799123e-02,2.82337532405468e-02,2.81910647190489e-02,lamp_kernel
1.923831e+02,8361,2.16370870906915e-08,2.82337006529318e-02,2.82337388239085e-02,2.81911615817240e-02,lamp_kernel
1.928470e+02,8381,2.15326218244460e-08,2.82336865291154e-02,2.82337245158001e-02,2.81912579732259e-02,lamp_kernel
1.933110e+02,8401,2.14259465699335e-08,2.82336725072057e-02,2.82337103056998e-02,2.81913539004160e-02,lamp_kernel
1.937750e+02,8421,2.13133779210774e-08,2.82336585860311e-02,2.82336961859376e-02,2.81914493682353e-02,lamp_kernel
1.942389e+02,8441,2.11944345235941e-08,2.82336447645266e-02,2.82336821545996e-02,2.81915443776576e-02,lamp_kernel
1.947029e+02,8461,2.10722342994963e-08,2.82336310417329e-02,2.82336682162269e-02,2.81916389298273e-02,lamp_kernel
1.951668e+02,8481,2.09497912942917e-08,2.82336174167667e-02,2.82336543752534e-02,2.81917330172337e-02,lamp_kernel
1.956308e+02,8501,2.08307476387936e-08,2.82336038887823e-02,2.82336406372586e-02,2.81918266117137e-02,lamp_kernel
1.960947e+02,8521,2.07182021462858e-08,2.82335904569364e-02,2.82336270068661e-02,2.81919197633824e-02,lamp_kernel
1.965587e+02,8541,2.06114418971408e-08,2.82335771203560e-02,2.82336134819450e-02,2.81920124651738e-02,lamp_kernel
1.970227e+02,8561,2.05102016615068e-08,2.82335638781185e-02,2.82336000611049e-02,2.81921047273800e-02,lamp_kernel
1.974866e+02,8581,2.04158104866585e-08,2.82335507292402e-02,2.82335867457068e-02,2.81921965560372e-02,lamp_kernel
1.979506e+02,8601,2.03246813951693e-08,2.82335376726731e-02,2.82335735283748e-02,2.81922879541684e-02,lamp_kernel
1.984145e+02,8621,2.02334264062478e-08,2.82335247073253e-02,2.82335604020399e-02,2.81923789247700e-02,lamp_kernel
1.988785e+02,8641,2.01397624780472e-08,2.82335118321090e-02,2.82335473615867e-02,2.81924694708106e-02,lamp_kernel
1.993425e+02,8661,2.00443744656008e-08,2.82334990460051e-02,2.82335344072045e-02,2.81925595952330e-02,lamp_kernel
1.998064e+02,8681,1.99474125421290e-08,2.82334863481148e-02,2.82335215382592e-02,2.81926493009536e-02,lamp_kernel
2.002704e+02,8701,1.98515140231144e-08,2.82334737376597e-02,2.82335087586252e-02,2.81927385908623e-02,lamp_kernel
2.007343e+02,8721,1.97571814253914e-08,2.82334612139282e-02,2.82334960684772e-02,2.81928274678222e-02,lamp_kernel
2.011983e+02,8741,1.96626330361021e-08,2.82334487761937e-02,2.82334834639455e-02,2.81929159346698e-02,lamp_kernel
2.016623e+02,8761,1.95674556386354e-08,2.82334364236681e-02,2.82334709435131e-02,2.81930039942149e-02,lamp_kernel
2.021263e+02,8781,1.94739165566300e-08,2.82334241555065e-02,2.82334585103349e-02,2.81930916492420e-02,lamp_kernel
2.025906e+02,8801,1.93848838180106e-08,2.82334119708638e-02,2.82334461686255e-02,2.81931788917548e-02,lamp_kernel
2.030548e+02,8821,1.93014967912752e-08,2.82333998689462e-02,2.82334339196010e-02,2.81932657109915e-02,lamp_kernel
2.035188e+02,8841,1.92237613607641e-08,2.82333878490107e-02,2.82334217625289e-02,2.81933521092853e-02,lamp_kernel
2.039829e+02,8861,1.91485500501664e-08,2.82333759103123e-02,2.82334096911468e-02,2.81934379796690e-02,lamp_kernel
2.044469e+02,8881,1.90720583562871e-08,2.82333640520312e-02,2.82333976979231e-02,2.81935234605062e-02,lamp_kernel
2.049109e+02,8901,1.89909609963581e-08,2.82333522732576e-02,2.82333857760820e-02,2.81936085505718e-02,lamp_kernel
2.053749e+02,8921,1.89047158082083e-08,2.82333405730422e-02,2.82333739237175e-02,2.81936932105924e-02,lamp_kernel
2.058389e+02,8941,1.88155566543200e-08,2.82333289504992e-02,2.82333621438848e-02,2.81937774891493e-02,lamp_kernel
2.063029e+02,8961,1.87272886638533e-08,2.82333174048801e-02,2.82333504425481e-02,2.81938613888012e-02,lamp_kernel
2.067669e+02,8981,1.86427604608947e-08,2.82333059355811e-02,2.82333388241290e-02,2.81939449120846e-02,lamp_kernel
2.072309e+02,9001,1.85632295984372e-08,2.82332945420722e-02,2.82333272903160e-02,2.81940280452679e-02,lamp_kernel
2.076949e+02,9021,1.84877195760566e-08,2.82332832238080e-02,2.82333158388411e-02,2.81941107937637e-02,lamp_kernel
2.081589e+02,9041,1.84132025895819e-08,2.82332719801691e-02,2.82333044637434e-02,2.81941931736194e-02,lamp_kernel
2.086229e+02,9061,1.83386396583142e-08,2.82332608104639e-02,2.82332931624983e-02,2.81942751872804e-02,lamp_kernel
2.090870e+02,9081,1.82633699894701e-08,2.82332497139667e-02,2.82332819332145e-02,2.81943568371713e-02,lamp_kernel
2.095509e+02,9101,1.81892103581434e-08,2.82332386899566e-02,2.82332707783760e-02,2.81944381256958e-02,lamp_kernel
2.100150e+02,9121,1.81181702954448e-08,2.82332277377200e-02,2.82332597008144e-02,2.81945190552366e-02,lamp_kernel
2.104791e+02,9141,1.80508690992050e-08,2.82332168565297e-02,2.82332487008949e-02,2.81945996281547e-02,lamp_kernel
2.109431e+02,9161,1.79855407216555e-08,2.82332060456355e-02,2.82332377747520e-02,2.81946798385086e-02,lamp_kernel
2.114071e+02,9181,1.79196650440586e-08,2.82331953042833e-02,2.82332269171854e-02,2.81947596935994e-02,lamp_kernel
2.118711e+02,9201,1.78504632014126e-08,2.82331846317620e-02,2.82332161225820e-02,2.81948391991041e-02,lamp_kernel
2.123351e+02,9221,1.77762553376054e-08,2.82331740274510e-02,2.82332053873575e-02,2.81949183573024e-02,lamp_kernel
2.127991e+02,9241,1.76986817815141e-08,2.82331634908299e-02,2.82331947138854e-02,2.81949971704555e-02,lamp_kernel
2.132631e+02,9261,1.76229974907870e-08,2.82331530214434e-02,2.82331841109807e-02,2.81950756408046e-02,lamp_kernel
2.137271e+02,9281,1.75525436436423e-08,2.82331426188416e-02,2.82331735840881e-02,2.81951537705717e-02,lamp_kernel
2.141911e+02,9301,1.74909854191496e-08,2.82331322825204e-02,2.82331631391692e-02,2.81952315619587e-02,lamp_kernel
2.146550e+02,9321,1.74366081945423e-08,2.82331220118965e-02,2.82331527726159e-02,2.81953090171487e-02,lamp_kernel
2.151858e+02,9341,1.73847584551540e-08,2.82331118063184e-02,2.82331424755673e-02,2.81953861383062e-02,lamp_kernel
2.156499e+02,9361,1.73290389352958e-08,2.82331016651048e-02,2.82331322360563e-02,2.81954629275774e-02,lamp_kernel
2.161139e+02,9381,1.72654453596318e-08,2.82330915875856e-02,2.82331220463488e-02,2.81955393870907e-02,lamp_kernel
2.165778e+02,9401,1.71951544771151e-08,2.82330815731298e-02,2.82331119078896e-02,2.81956154964020e-02,lamp_kernel
2.170418e+02,9421,1.71230603942228e-08,2.82330716211575e-02,2.82331018287329e-02,2.81956912380307e-02,lamp_kernel
2.175057e+02,9441,1.70542625709693e-08,2.82330617311283e-02,2.82330918173342e-02,2.81957666550896e-02,lamp_kernel
2.179696e+02,9461,1.69915560161052e-08,2.82330519025307e-02,2.82330818781132e-02,2.81958417511285e-02,lamp_kernel
2.184336e+02,9481,1.69343448564551e-08,2.82330421348576e-02,2.82330720095112e-02,2.81959165281849e-02,lamp_kernel
2.188976e+02,9501,1.68792738689387e-08,2.82330324275957e-02,2.82330622050961e-02,2.81959909882792e-02,lamp_kernel
2.193615e+02,9521,1.68220197532399e-08,2.82330227802276e-02,2.82330524567233e-02,2.81960651334154e-02,lamp_kernel
2.198255e+02,9541,1.67604676164515e-08,2.82330131922393e-02,2.82330427601482e-02,2.81961389384132e-02,lamp_kernel
2.202895e+02,9561,1.66956431380359e-08,2.82330036631397e-02,2.82330331166887e-02,2.81962124312349e-02,lamp_kernel
2.207535e+02,9581,1.66298994240274e-08,2.82329941924630e-02,2.82330235300305e-02,2.81962856017075e-02,lamp_kernel
2.212174e+02,9601,1.65653695589766e-08,2.82329847797655e-02,2.82330140034929e-02,2.81963584456226e-02,lamp_kernel
2.216814e+02,9621,1.65033673803635e-08,2.82329754246047e-02,2.82330045389512e-02,2.81964309836098e-02,lamp_kernel
2.221453e+02,9641,1.64439678968950e-08,2.82329661265100e-02,2.82329951360672e-02,2.81965031981109e-02,lamp_kernel
2.226093e+02,9661,1.63864994599971e-08,2.82329568849631e-02,2.82329857931376e-02,2.81965751112831e-02,lamp_kernel
2.230732e+02,9681,1.63294669250018e-08,2.82329476993982e-02,2.82329765069590e-02,2.81966467255029e-02,lamp_kernel
2.235372e+02,9701,1.62713572107485e-08,2.82329385692268e-02,2.82329672742736e-02,2.81967180426249e-02,lamp_kernel
2.240011e+02,9721,1.62110643864274e-08,2.82329294938780e-02,2.82329580925594e-02,2.81967890644883e-02,lamp_kernel
2.244651e+02,9741,1.61485989826878e-08,2.82329204728357e-02,2.82329489613190e-02,2.81968597929180e-02,lamp_kernel
2.249291e+02,9761,1.60847726575458e-08,2.82329115056617e-02,2.82329398815461e-02,2.81969302297240e-02,lamp_kernel
2.253931e+02,9781,1.60229440882298e-08,2.82329025919892e-02,2.82329308587990e-02,2.81970003647040e-02,lamp_kernel
2.258570e+02,9801,1.59631346612889e-08,2.82328937314889e-02,2.82329218927862e-02,2.81970701939953e-02,lamp_kernel
2.263210e+02,9821,1.59050680651385e-08,2.82328849238253e-02,2.82329129826846e-02,2.81971397371619e-02,lamp_kernel
2.267850e+02,9841,1.58481080575526e-08,2.82328761686273e-02,2.82329041270008e-02,2.81972089959533e-02,lamp_kernel
2.272490e+02,9861,1.57914445337880e-08,2.82328674654708e-02,2.82328953238816e-02,2.81972779721049e-02,lamp_kernel
2.277130e+02,9881,1.57350504232253e-08,2.82328588138891e-02,2.82328865728125e-02,2.81973466673382e-02,lamp_kernel
2.281770e+02,9901,1.56788176889861e-08,2.82328502133978e-02,2.82328778731185e-02,2.81974150833606e-02,lamp_kernel
2.286410e+02,9921,1.56228325435576e-08,2.82328416635133e-02,2.82328692244680e-02,2.81974832118959e-02,lamp_kernel
2.291050e+02,9941,1.55669561580044e-08,2.82328331637693e-02,2.82328606261499e-02,2.81975510523974e-02,lamp_kernel
2.295690e+02,9961,1.55108173112764e-08,2.82328247137166e-02,2.82328520770601e-02,2.81976186189165e-02,lamp_kernel
2.300329e+02,9981,1.54539090114447e-08,2.82328163129266e-02,2.82328435758756e-02,2.81976859131052e-02,lamp_kernel
2.304969e+02,10001,1.53960199754582e-08,2.82328079609901e-02,2.82328351218143e-02,2.81977529366018e-02,lamp_kernel
2.309609e+02,10021,1.53377892465476e-08,2.82327996575186e-02,2.82328267156154e-02,2.81978196910316e-02,lamp_kernel
2.314249e+02,10041,1.52797503452278e-08,2.82327914021439e-02,2.82328183578515e-02,2.81978861780068e-02,lamp_kernel
2.318889e+02,10061,1.52224579283714e-08,2.82327831945120e-02,2.82328100491475e-02,2.81979523991267e-02,lamp_kernel
2.323529e+02,10081,1.51661769032232e-08,2.82327750342730e-02,2.82328017896205e-02,2.81980183559785e-02,lamp_kernel
2.328168e+02,10101,1.51100413697927e-08,2.82327669210765e-02,2.82327935773928e-02,2.81980840501366e-02,lamp_kernel
2.332808e+02,10121,1.50534882204216e-08,2.82327588545664e-02,2.82327854111147e-02,2.81981494831628e-02,lamp_kernel
2.337448e+02,10141,1.49960684381442e-08,2.82327508343849e-02,2.82327772896363e-02,2.81982146566067e-02,lamp_kernel
2.342089e+02,10161,1.49380172552887e-08,2.82327428601755e-02,2.82327692130162e-02,2.81982795720055e-02,lamp_kernel
2.346729e+02,10181,1.48800175299459e-08,2.82327349315769e-02,2.82327611820976e-02,2.81983442308840e-02,lamp_kernel
2.351369e+02,10201,1.48228105393211e-08,2.82327270482162e-02,2.82327531978155e-02,2.81984086347551e-02,lamp_kernel
2.356009e+02,10221,1.47666740133467e-08,2.82327192097028e-02,2.82327452602690e-02,2.81984727851194e-02,lamp_kernel
2.360649e+02,10241,1.47112490386543e-08,2.82327114156276e-02,2.82327373684161e-02,2.81985366834660e-02,lamp_kernel
2.365289e+02,10261,1.46559472572366e-08,2.82327036655764e-02,2.82327295208044e-02,2.81986003312722e-02,lamp_kernel
2.369929e+02,10281,1.46000215446836e-08,2.82326959591504e-02,2.82327217157173e-02,2.81986637300038e-02,lamp_kernel
2.374569e+02,10301,1.45428441630799e-08,2.82326882959795e-02,2.82327139516772e-02,2.81987268811151e-02,lamp_kernel
2.379208e+02,10321,1.44844031027472e-08,2.82326806757403e-02,2.82327062283395e-02,2.81987897860494e-02,lamp_kernel
2.383849e+02,10341,1.44252372200772e-08,2.82326730981421e-02,2.82326985463640e-02,2.81988524462386e-02,lamp_kernel
2.388488e+02,10361,1.43663437646036e-08,2.82326655629190e-02,2.82326909072443e-02,2.81989148631038e-02,lamp_kernel
2.393128e+02,10381,1.43086613881776e-08,2.82326580698086e-02,2.82326833123738e-02,2.81989770302751e-02,lamp_kernel
2.397768e+02,10401,1.42527487616737e-08,2.82326506185325e-02,2.82326757624596e-02,2.81990389476529e-02,lamp_kernel
2.402408e+02,10421,1.41978120658470e-08,2.82326432087885e-02,2.82326682557993e-02,2.81991006183021e-02,lamp_kernel
2.407048e+02,10441,1.41424445870250e-08,2.82326358402467e-02,2.82326607895812e-02,2.81991620513986e-02,lamp_kernel
2.411689e+02,10461,1.40855867718490e-08,2.82326285125525e-02,2.82326533615814e-02,2.81992232455116e-02,lamp_kernel
2.416329e+02,10481,1.40273310534418e-08,2.82326212253396e-02,2.82326459715970e-02,2.81992841929775e-02,lamp_kernel
2.420970e+02,10501,1.39683964039735e-08,2.82326139782407e-02,2.82326386205288e-02,2.81993449069319e-02,lamp_kernel
2.425610e+02,10521,1.39101852518444e-08,2.82326067709049e-02,2.82326313105000e-02,2.81994053887089e-02,lamp_kernel
2.430250e+02,10541,1.38540278309491e-08,2.82325996029997e-02,2.82326240435249e-02,2.81994656396329e-02,lamp_kernel
2.434893e+02,10561,1.37999181780509e-08,2.82325924742174e-02,2.82326168192853e-02,2.81995256610187e-02,lamp_kernel
2.439533e+02,10581,1.37471854856351e-08,2.82325853842721e-02,2.82326096363119e-02,2.81995854541714e-02,lamp_kernel
2.444173e+02,10601,1.36944114913528e-08,2.82325783328866e-02,2.82326024918253e-02,2.81996450203860e-02,lamp_kernel
2.448813e+02,10621,1.36405731876456e-08,2.82325713197934e-02,2.82325953837536e-02,2.81997043609476e-02,lamp_kernel
2.453453e+02,10641,1.35849300544530e-08,2.82325643447253e-02,2.82325883105228e-02,2.81997634771319e-02,lamp_kernel
2.458093e+02,10661,1.35279325081778e-08,2.82325574074152e-02,2.82325812726607e-02,2.81998223702040e-02,lamp_kernel
2.462733e+02,10681,1.34707103677012e-08,2.82325505075962e-02,2.82325742718935e-02,2.81998810409546e-02,lamp_kernel
2.467373e+02,10701,1.34138795657444e-08,2.82325436450000e-02,2.82325673090395e-02,2.81999394896780e-02,lamp_kernel
2.472014e+02,10721,1.33582529277428e-08,2.82325368193585e-02,2.82325603852645e-02,2.81999977190290e-02,lamp_kernel
2.476654e+02,10741,1.33042449323487e-08,2.82325300303985e-02,2.82325535010266e-02,2.82000557302354e-02,lamp_kernel
2.481294e+02,10761,1.32521544381062e-08,2.82325232778381e-02,2.82325466565709e-02,2.82001135245154e-02,lamp_kernel
2.485934e+02,10781,1.32019299248497e-08,2.82325165613822e-02,2.82325398515117e-02,2.82001711030787e-02,lamp_kernel
2.490574e+02,10801,1.31528438754410e-08,2.82325098807240e-02,2.82325330842585e-02,2.82002284671260e-02,lamp_kernel
2.495214e+02,10821,1.31038546859730e-08,2.82325032355510e-02,2.82325263526614e-02,2.82002856178489e-02,lamp_kernel
2.499854e+02,10841,1.30544791599906e-08,2.82324966255523e-02,2.82325196555572e-02,2.82003425564301e-02,lamp_kernel
2.504494e+02,10861,1.30041476971439e-08,2.82324900504360e-02,2.82325129916488e-02,2.82003992840429e-02,lamp_kernel
2.509134e+02,10881,1.29525659812867e-08,2.82324835099368e-02,2.82325063601519e-02,2.82004558018523e-02,lamp_kernel
2.513774e+02,10901,1.28998943151929e-08,2.82324770038177e-02,2.82324997611123e-02,2.82005121110143e-02,lamp_kernel
2.518415e+02,10921,1.28466404827117e-08,2.82324705318649e-02,2.82324931952120e-02,2.82005682126763e-02,lamp_kernel
2.523055e+02,10941,1.27935954877825e-08,2.82324640938762e-02,2.82324866636441e-02,2.82006241079777e-02,lamp_kernel
2.527695e+02,10961,1.27414254611676e-08,2.82324576896458e-02,2.82324801673783e-02,2.82006797980493e-02,lamp_kernel
2.532335e+02,10981,1.26905204936883e-08,2.82324513189548e-02,2.82324737068834e-02,2.82007352840140e-02,lamp_kernel
2.536976e+02,11001,1.26413255451788e-08,2.82324449815683e-02,2.82324672827099e-02,2.82007905665078e-02,lamp_kernel
2.541616e+02,11021,1.25935859922872e-08,2.82324386772345e-02,2.82324608941566e-02,2.82008456428113e-02,lamp_kernel
2.546256e+02,11041,1.25464228430331e-08,2.82324324056848e-02,2.82324545394042e-02,2.82009005183547e-02,lamp_kernel
2.550896e+02,11061,1.24987525948114e-08,2.82324261666426e-02,2.82324482162647e-02,2.82009551942278e-02,lamp_kernel
2.555536e+02,11081,1.24498022052495e-08,2.82324199598261e-02,2.82324419230925e-02,2.82010096715122e-02,lamp_kernel
2.560177e+02,11101,1.24001562525368e-08,2.82324137849601e-02,2.82324356606439e-02,2.82010639512815e-02,lamp_kernel
2.564817e+02,11121,1.23501835897436e-08,2.82324076417812e-02,2.82324294293059e-02,2.82011180346015e-02,lamp_kernel
2.569457e+02,11141,1.22999914989251e-08,2.82324015300443e-02,2.82324232290229e-02,2.82011719225305e-02,lamp_kernel
2.574098e+02,11161,1.22505844649873e-08,2.82323954495271e-02,2.82324170613444e-02,2.82012256066269e-02,lamp_kernel
2.578738e+02,11181,1.22026298402602e-08,2.82323894000241e-02,2.82324109272425e-02,2.82012790966900e-02,lamp_kernel
2.583379e+02,11201,1.21560923576826e-08,2.82323833813401e-02,2.82324048264596e-02,2.82013323945403e-02,lamp_kernel
2.588019e+02,11221,1.21102858995336e-08,2.82323773932833e-02,2.82323987575936e-02,2.82013854846875e-02,lamp_kernel
2.592659e+02,11241,1.20646710152077e-08,2.82323714356586e-02,2.82323927194975e-02,2.82014383731674e-02,lamp_kernel
2.597299e+02,11261,1.20184421946519e-08,2.82323655082648e-02,2.82323867105493e-02,2.82014910726913e-02,lamp_kernel
2.601939e+02,11281,1.19712713391717e-08,2.82323596108925e-02,2.82323807299608e-02,2.82015435842640e-02,lamp_kernel
2.606579e+02,11301,1.19233688374939e-08,2.82323537433267e-02,2.82323747778879e-02,2.82015959088830e-02,lamp_kernel
2.611219e+02,11321,1.18750520922903e-08,2.82323479053447e-02,2.82323688546681e-02,2.82016480475387e-02,lamp_kernel
2.615860e+02,11341,1.18269917534783e-08,2.82323420967163e-02,2.82323629612544e-02,2.82017000012144e-02,lamp_kernel
2.620500e+02,11361,1.17797813863005e-08,2.82323363172081e-02,2.82323570984602e-02,2.82017517708864e-02,lamp_kernel
2.625140e+02,11381,1.17336261285985e-08,2.82323305665843e-02,2.82323512664118e-02,2.82018033575236e-02,lamp_kernel
2.629780e+02,11401,1.16883234818635e-08,2.82323248446134e-02,2.82323454645204e-02,2.82018547620887e-02,lamp_kernel
2.634420e+02,11421,1.16435061523774e-08,2.82323191510694e-02,2.82323396919120e-02,2.82019059855372e-02,lamp_kernel
2.639061e+02,11441,1.15987098373186e-08,2.82323134857383e-02,2.82323339475538e-02,2.82019570288183e-02,lamp_kernel
2.643701e+02,11461,1.15537046574329e-08,2.82323078484213e-02,2.82323282308411e-02,2.82020078928746e-02,lamp_kernel
2.648341e+02,11481,1.15084266869222e-08,2.82323022389266e-02,2.82323225414694e-02,2.82020585786417e-02,lamp_kernel
2.652982e+02,11501,1.14630267058325e-08,2.82322966570780e-02,2.82323168795286e-02,2.82021090870490e-02,lamp_kernel
2.657622e+02,11521,1.14176545422349e-08,2.82322911027035e-02,2.82323112451110e-02,2.82021594190190e-02,lamp_kernel
2.662263e+02,11541,1.13726364919061e-08,2.82322855756333e-02,2.82323056386224e-02,2.82022095754680e-02,lamp_kernel
2.666903e+02,11561,1.13281135216749e-08,2.82322800756980e-02,2.82323000601421e-02,2.82022595573058e-02,lamp_kernel
2.671543e+02,11581,1.12841243197506e-08,2.82322746027211e-02,2.82322945095618e-02,2.82023093654358e-02,lamp_kernel
2.676184e+02,11601,1.12408012191407e-08,2.82322691565176e-02,2.82322889869301e-02,2.82023589866696e-02,lamp_kernel
2.680824e+02,11621,1.11976547158744e-08,2.82322637368937e-02,2.82322834911894e-02,2.82024084341292e-02,lamp_kernel
2.685464e+02,11641,1.11545157742923e-08,2.82322583436481e-02,2.82322780218404e-02,2.82024577106525e-02,lamp_kernel
2.690105e+02,11661,1.11112623387217e-08,2.82322529765731e-02,2.82322725784601e-02,2.82025068171176e-02,lamp_kernel
2.694745e+02,11681,1.10678343652718e-08,2.82322476354586e-02,2.82322671607323e-02,2.82025557543965e-02,lamp_kernel
2.699386e+02,11701,1.10244046308049e-08,2.82322423200955e-02,2.82322617687528e-02,2.82026045210918e-02,lamp_kernel
2.704026e+02,11721,1.09814690064732e-08,2.82322370302812e-02,2.82322564031939e-02,2.82026531182611e-02,lamp_kernel
2.708667e+02,11741,1.09391027944732e-08,2.82322317658234e-02,2.82322510639958e-02,2.82027015470475e-02,lamp_kernel
2.713307e+02,11761,1.08972426868351e-08,2.82322265265428e-02,2.82322457508679e-02,2.82027498067706e-02,lamp_kernel
2.717948e+02,11781,1.08558558946383e-08,2.82322213122770e-02,2.82322404635898e-02,2.82027979016674e-02,lamp_kernel
2.722588e+02,11801,1.08151024227070e-08,2.82322161228774e-02,2.82322352022951e-02,2.82028458325737e-02,lamp_kernel
2.727229e+02,11821,1.07750302691656e-08,2.82322109582024e-02,2.82322299669270e-02,2.82028936003202e-02,lamp_kernel
2.731869e+02,11841,1.07355155799384e-08,2.82322058181136e-02,2.82322247571285e-02,2.82029412057316e-02,lamp_kernel
2.736510e+02,11861,1.06965907649893e-08,2.82322007024663e-02,2.82322195728121e-02,2.82029886496270e-02,lamp_kernel
2.741150e+02,11881,1.06581046515422e-08,2.82321956111063e-02,2.82322144135570e-02,2.82030359328202e-02,lamp_kernel
2.745791e+02,11901,1.06200087282241e-08,2.82321905438670e-02,2.82322092791110e-02,2.82030830561192e-02,lamp_kernel
2.750432e+02,11921,1.05818707916669e-08,2.82321855005687e-02,2.82322041685318e-02,2.82031300203269e-02,lamp_kernel
2.755072e+02,11941,1.05434960322693e-08,2.82321804810272e-02,2.82321990812916e-02,2.82031768262406e-02,lamp_kernel
2.759713e+02,11961,1.05048576114547e-08,2.82321754850507e-02,2.82321940171513e-02,2.82032234746520e-02,lamp_kernel
2.764353e+02,11981,1.04663037399279e-08,2.82321705124521e-02,2.82321889765381e-02,2.82032699651454e-02,lamp_kernel
2.768994e+02,12001,1.04283645416827e-08,2.82321655630489e-02,2.82321839602046e-02,2.82033162729843e-02,lamp_kernel
2.773635e+02,12021,1.03912062853511e-08,2.82321606366712e-02,2.82321789682743e-02,2.82033624257760e-02,lamp_kernel
2.778275e+02,12041,1.03550971853817e-08,2.82321557331589e-02,2.82321740010603e-02,2.82034084242910e-02,lamp_kernel
2.782916e+02,12061,1.03197301384966e-08,2.82321508523661e-02,2.82321690578749e-02,2.82034542692948e-02,lamp_kernel
2.787557e+02,12081,1.02860488726998e-08,2.82321459941541e-02,2.82321641402442e-02,2.82034999615480e-02,lamp_kernel
2.792198e+02,12101,1.02530847731983e-08,2.82321411583916e-02,2.82321592463282e-02,2.82035455018057e-02,lamp_kernel
2.796838e+02,12121,1.02209077344211e-08,2.82321363449475e-02,2.82321543761191e-02,2.82035908793342e-02,lamp_kernel
2.801479e+02,12141,1.01895898493635e-08,2.82321315536953e-02,2.82321495296176e-02,2.82036361031787e-02,lamp_kernel
2.806119e+02,12161,1.01585683603744e-08,2.82321267845013e-02,2.82321447056971e-02,2.82036811773349e-02,lamp_kernel
2.810760e+02,12181,1.01277235273424e-08,2.82321220372283e-02,2.82321399040093e-02,2.82037261025386e-02,lamp_kernel
2.815401e+02,12201,1.00967798776738e-08,2.82321173117308e-02,2.82321351239227e-02,2.82037708795206e-02,lamp_kernel
2.820042e+02,12221,1.00662456386934e-08,2.82321126078564e-02,2.82321303661815e-02,2.82038155090070e-02,lamp_kernel
2.824683e+02,12241,1.00354601990508e-08,2.82321079254452e-02,2.82321256294603e-02,2.82038599846476e-02,lamp_kernel
2.829324e+02,12261,1.00042686599224e-08,2.82321032643348e-02,2.82321209133235e-02,2.82039043044082e-02,lamp_kernel
2.833965e+02,12281,9.97298181986440e-09,2.82320986243620e-02,2.82321162181562e-02,2.82039484789564e-02,lamp_kernel
2.838606e+02,12301,9.94186959412994e-09,2.82320940053702e-02,2.82321115442779e-02,2.82039925089984e-02,lamp_kernel
2.843247e+02,12321,9.91118900421192e-09,2.82320894072117e-02,2.82321068919943e-02,2.82040363952362e-02,lamp_kernel
2.847887e+02,12341,9.88125924980625e-09,2.82320848297450e-02,2.82321022617271e-02,2.82040801383669e-02,lamp_kernel
2.852528e+02,12361,9.85244225182148e-09,2.82320802728381e-02,2.82320976539829e-02,2.82041237390836e-02,lamp_kernel
2.857169e+02,12381,9.82499035024251e-09,2.82320757363669e-02,2.82320930690825e-02,2.82041671980747e-02,lamp_kernel
2.861809e+02,12401,9.79860705469276e-09,2.82320712202100e-02,2.82320885063816e-02,2.82042105160241e-02,lamp_kernel
2.866450e+02,12421,9.77292401733528e-09,2.82320667242511e-02,2.82320839651141e-02,2.82042536936121e-02,lamp_kernel
2.871091e+02,12441,9.74737659286940e-09,2.82320622483755e-02,2.82320794441691e-02,2.82042967315137e-02,lamp_kernel
2.875732e+02,12461,9.72148406881318e-09,2.82320577924685e-02,2.82320749425840e-02,2.82043396304003e-02,lamp_kernel
2.880373e+02,12481,9.69509112060077e-09,2.82320533564137e-02,2.82320704599681e-02,2.82043823909388e-02,lamp_kernel
2.885014e+02,12501,9.66778666469818e-09,2.82320489400899e-02,2.82320659954753e-02,2.82044250137916e-02,lamp_kernel
2.889655e+02,12521,9.64023540890417e-09,2.82320445433698e-02,2.82320615501508e-02,2.82044674996172e-02,lamp_kernel
2.894295e+02,12541,9.61232319541325e-09,2.82320401661181e-02,2.82320571236579e-02,2.82045098490696e-02,lamp_kernel
2.898936e+02,12561,9.58453765605275e-09,2.82320358081982e-02,2.82320527167202e-02,2.82045520627986e-02,lamp_kernel
2.903577e+02,12581,9.55739515829088e-09,2.82320314694678e-02,2.82320483301065e-02,2.82045941414499e-02,lamp_kernel
2.908218e+02,12601,9.53112834058621e-09,2.82320271497862e-02,2.82320439640864e-02,2.82046360629365e-02,lamp_kernel
2.912858e+02,12621,9.50583319268132e-09,2.82320228490154e-02,2.82320396186912e-02,2.82046778502796e-02,lamp_kernel
2.917499e+02,12641,9.48158190112278e-09,2.82320185670239e-02,2.82320352939170e-02,2.82047195045630e-02,lamp_kernel
2.922141e+02,12661,9.45814378421688e-09,2.82320143036866e-02,2.82320309892314e-02,2.82047610264161e-02,lamp_kernel
2.926782e+02,12681,9.43531675839136e-09,2.82320100588913e-02,2.82320267041658e-02,2.82048024164649e-02,lamp_kernel
2.931423e+02,12701,9.41277575286730e-09,2.82320058325315e-02,2.82320224380405e-02,2.82048436753311e-02,lamp_kernel
2.936064e+02,12721,9.39069073955694e-09,2.82320016245116e-02,2.82320181910594e-02,2.82048848036325e-02,lamp_kernel
2.940705e+02,12741,9.36845856031107e-09,2.82319974347391e-02,2.82320139620661e-02,2.82049258019831e-02,lamp_kernel
2.945346e+02,12761,9.34572045302243e-09,2.82319932631223e-02,2.82320097503359e-02,2.82049666709930e-02,lamp_kernel
2.949987e+02,12781,9.32238885942084e-09,2.82319891095636e-02,2.82320055556169e-02,2.82050074112687e-02,lamp_kernel
2.954628e+02,12801,9.29849328380504e-09,2.82319849739603e-02,2.82320013778584e-02,2.82050480234124e-02,lamp_kernel
2.959269e+02,12821,9.27414881378790e-09,2.82319808561986e-02,2.82319972171494e-02,2.82050885080231e-02,lamp_kernel
2.963909e+02,12841,9.24956869962464e-09,2.82319767561571e-02,2.82319930737450e-02,2.82051288656958e-02,lamp_kernel
2.968550e+02,12861,9.22516117521747e-09,2.82319726737099e-02,2.82319889482394e-02,2.82051690970218e-02,lamp_kernel
2.973191e+02,12881,9.20180677662353e-09,2.82319686087286e-02,2.82319848420575e-02,2.82052092025891e-02,lamp_kernel
2.977831e+02,12901,9.17911245702372e-09,2.82319645610885e-02,2.82319807543813e-02,2.82052491829818e-02,lamp_kernel
2.982472e+02,12921,9.15706534330185e-09,2.82319605306705e-02,2.82319766850691e-02,2.82052890387807e-02,lamp_kernel
2.987113e+02,12941,9.13546451934410e-09,2.82319565173607e-02,2.82319726336523e-02,2.82053287705629e-02,lamp_kernel
2.991754e+02,12961,9.11418888584347e-09,2.82319525210525e-02,2.82319685998107e-02,2.82053683775049e-02,lamp_kernel
2.996394e+02,12981,9.09320269416667e-09,2.82319485416455e-02,2.82319645833810e-02,2.82054078601126e-02,lamp_kernel
3.001035e+02,13001,9.07260086850739e-09,2.82319445790488e-02,2.82319605844397e-02,2.82054472204294e-02,lamp_kernel
3.005676e+02,13021,9.05268992981090e-09,2.82319406331742e-02,2.82319566034393e-02,2.82054864590184e-02,lamp_kernel
3.010317e+02,13041,9.03316371436731e-09,2.82319367039372e-02,2.82319526397552e-02,2.82055255764391e-02,lamp_kernel
3.014958e+02,13061,9.01388808270229e-09,2.82319327912555e-02,2.82319486930685e-02,2.82055645732479e-02,lamp_kernel
3.019599e+02,13081,8.99455872988427e-09,2.82319288950442e-02,2.82319447627574e-02,2.82056034499974e-02,lamp_kernel
3.024239e+02,13101,8.97512147763946e-09,2.82319250152145e-02,2.82319408486375e-02,2.82056422072375e-02,lamp_kernel
3.028880e+02,13121,8.95519401420020e-09,2.82319211516703e-02,2.82319369499384e-02,2.82056808455145e-02,lamp_kernel
3.033520e+02,13141,8.93471180589823e-09,2.82319173043112e-02,2.82319330664456e-02,2.82057193653714e-02,lamp_kernel
3.038161e+02,13161,8.91369553130240e-09,2.82319134730298e-02,2.82319291980885e-02,2.82057577589592e-02,lamp_kernel
3.042802e+02,13181,8.89250171165742e-09,2.82319096577176e-02,2.82319253453873e-02,2.82057960351147e-02,lamp_kernel
3.047443e+02,13201,8.87155148378800e-09,2.82319058582643e-02,2.82319215089748e-02,2.82058341945001e-02,lamp_kernel
3.052085e+02,13221,8.85101955028976e-09,2.82319020745642e-02,2.82319176890533e-02,2.82058722376452e-02,lamp_kernel
3.056725e+02,13241,8.83107315767984e-09,2.82318983065123e-02,2.82319138858130e-02,2.82059101650765e-02,lamp_kernel
3.061366e+02,13261,8.81185373848961e-09,2.82318945540110e-02,2.82319100994059e-02,2.82059479651795e-02,lamp_kernel
3.066008e+02,13281,8.79338565492001e-09,2.82318908169688e-02,2.82319063297834e-02,2.82059856451717e-02,lamp_kernel
3.070649e+02,13301,8.77549941343921e-09,2.82318870953004e-02,2.82319025765610e-02,2.82060232110893e-02,lamp_kernel
3.075290e+02,13321,8.75818129122979e-09,2.82318833889264e-02,2.82318988396353e-02,2.82060606634466e-02,lamp_kernel
3.079931e+02,13341,8.74102282600019e-09,2.82318796977748e-02,2.82318951182136e-02,2.82060980027541e-02,lamp_kernel
3.084572e+02,13361,8.72389962920274e-09,2.82318760217714e-02,2.82318914120024e-02,2.82061352295200e-02,lamp_kernel
3.089213e+02,13381,8.70655120191848e-09,2.82318723608444e-02,2.82318877204703e-02,2.82061723442489e-02,lamp_kernel
3.093854e+02,13401,8.68869451642538e-09,2.82318687149187e-02,2.82318840430428e-02,2.82062093474429e-02,lamp_kernel
3.098496e+02,13421,8.67024963117563e-09,2.82318650839117e-02,2.82318803794964e-02,2.82062462396008e-02,lamp_kernel
3.103137e+02,13441,8.65116198541924e-09,2.82318614677386e-02,2.82318767296499e-02,2.82062830212186e-02,lamp_kernel
3.107778e+02,13461,8.63176704101489e-09,2.82318578663123e-02,2.82318730940081e-02,2.82063196927894e-02,lamp_kernel
3.112419e+02,13481,8.61223539964684e-09,2.82318542795381e-02,2.82318694727772e-02,2.82063562548029e-02,lamp_kernel
3.117061e+02,13501,8.59288668916044e-09,2.82318507073211e-02,2.82318658664262e-02,2.82063927077464e-02,lamp_kernel
3.121702e+02,13521,8.57397445906960e-09,2.82318471495662e-02,2.82318622753074e-02,2.82064290521044e-02,lamp_kernel
3.126343e+02,13541,8.55574468486380e-09,2.82318436061796e-02,2.82318586997608e-02,2.82064652883581e-02,lamp_kernel
3.130985e+02,13561,8.53846415158060e-09,2.82318400770689e-02,2.82318551401647e-02,2.82065014169864e-02,lamp_kernel
3.135626e+02,13581,8.52198989429588e-09,2.82318365621493e-02,2.82318515961822e-02,2.82065374384651e-02,lamp_kernel
3.140268e+02,13601,8.50615158358627e-09,2.82318330613393e-02,2.82318480674310e-02,2.82065733532675e-02,lamp_kernel
3.144909e+02,13621,8.49085546228440e-09,2.82318295745679e-02,2.82318445536750e-02,2.82066091618642e-02,lamp_kernel
3.149551e+02,13641,8.47566656969483e-09,2.82318261017662e-02,2.82318410540779e-02,2.82066448542216e-02,lamp_kernel
3.154193e+02,13661,8.46030614900029e-09,2.82318226428704e-02,2.82318375680841e-02,2.82066804378290e-02,lamp_kernel
3.158834e+02,13681,8.44451265160438e-09,2.82318191978184e-02,2.82318340951701e-02,2.82067159166920e-02,lamp_kernel
3.163476e+02,13701,8.42823825044221e-09,2.82318157665474e-02,2.82318306351887e-02,2.82067512912700e-02,lamp_kernel
3.168117e+02,13721,8.41138587468147e-09,2.82318123489906e-02,2.82318271879018e-02,2.82067865592273e-02,lamp_kernel
3.172759e+02,13741,8.39412696572558e-09,2.82318089450786e-02,2.82318237535426e-02,2.82068217017474e-02,lamp_kernel
3.177400e+02,13761,8.37666849776316e-09,2.82318055547348e-02,2.82318203323994e-02,2.82068567414333e-02,lamp_kernel
3.182042e+02,13781,8.35941448856582e-09,2.82318021778817e-02,2.82318169251078e-02,2.82068916787334e-02,lamp_kernel
3.186684e+02,13801,8.34232354537343e-09,2.82317988144334e-02,2.82318135315086e-02,2.82069265140936e-02,lamp_kernel
3.191325e+02,13821,8.32551427903791e-09,2.82317954643062e-02,2.82318101517274e-02,2.82069612479575e-02,lamp_kernel
3.195966e+02,13841,8.30910986484311e-09,2.82317921274134e-02,2.82318067858948e-02,2.82069958807661e-02,lamp_kernel
3.200608e+02,13861,8.29325360148674e-09,2.82317888036723e-02,2.82318034341809e-02,2.82070304129575e-02,lamp_kernel
3.205249e+02,13881,8.27821267944288e-09,2.82317854930029e-02,2.82318000969772e-02,2.82070648449679e-02,lamp_kernel
3.209890e+02,13901,8.26361333875330e-09,2.82317821953307e-02,2.82317967735496e-02,2.82070991638965e-02,lamp_kernel
3.214532e+02,13921,8.24949069993559e-09,2.82317789105861e-02,2.82317934638906e-02,2.82071333829073e-02,lamp_kernel
3.219173e+02,13941,8.23577105899063e-09,2.82317756387073e-02,2.82317901678083e-02,2.82071675030885e-02,lamp_kernel
3.223814e+02,13961,8.22223562678380e-09,2.82317723796360e-02,2.82317868848585e-02,2.82072015248663e-02,lamp_kernel
3.228455e+02,13981,8.20855186758773e-09,2.82317691333155e-02,2.82317836143979e-02,2.82072354486641e-02,lamp_kernel
3.233096e+02,14001,8.19461165551683e-09,2.82317658996909e-02,2.82317803561808e-02,2.82072692749023e-02,lamp_kernel
3.237738e+02,14021,8.18074071218026e-09,2.82317626787074e-02,2.82317771107269e-02,2.82073030039999e-02,lamp_kernel
3.242379e+02,14041,8.16728747713110e-09,2.82317594703062e-02,2.82317738785922e-02,2.82073366363729e-02,lamp_kernel
3.247021e+02,14061,8.15354484811710e-09,2.82317562744238e-02,2.82317706584659e-02,2.82073701724350e-02,lamp_kernel
3.251663e+02,14081,8.13959064991529e-09,2.82317530909940e-02,2.82317674504188e-02,2.82074036125979e-02,lamp_kernel
3.256304e+02,14101,8.12554274732468e-09,2.82317499199475e-02,2.82317642545898e-02,2.82074369572708e-02,lamp_kernel
3.260946e+02,14121,8.11149727896280e-09,2.82317467612090e-02,2.82317610710730e-02,2.82074702068605e-02,lamp_kernel
3.265587e+02,14141,8.09764663870358e-09,2.82317436147024e-02,2.82317579001319e-02,2.82075033617719e-02,lamp_kernel
3.270228e+02,14161,8.08393595070447e-09,2.82317404803498e-02,2.82317547415916e-02,2.82075364224072e-02,lamp_kernel
3.274869e+02,14181,8.07049125281398e-09,2.82317373580794e-02,2.82317515956028e-02,2.82075693891665e-02,lamp_kernel
3.279511e+02,14201,8.05724421704901e-09,2.82317342478181e-02,2.82317484619718e-02,2.82076022624476e-02,lamp_kernel
3.284152e+02,14221,8.04435962017290e-09,2.82317311495007e-02,2.82317453409240e-02,2.82076350426464e-02,lamp_kernel
3.288793e+02,14241,8.03171582033859e-09,2.82317280630675e-02,2.82317422321854e-02,2.82076677301560e-02,lamp_kernel
3.293434e+02,14261,8.01938968007397e-09,2.82317249884627e-02,2.82317391358355e-02,2.82077003253679e-02,lamp_kernel
3.298076e+02,14281,8.00749226582584e-09,2.82317219256357e-02,2.82317360520197e-02,2.82077328286708e-02,lamp_kernel
3.302718e+02,14301,7.99560376764683e-09,2.82317188745377e-02,2.82317329799486e-02,2.82077652404520e-02,lamp_kernel
3.307359e+02,14321,7.98360969531619e-09,2.82317158351197e-02,2.82317299193713e-02,2.82077975601239e-02,lamp_kernel
3.312000e+02,14341,7.97158146925509e-09,2.82317128073343e-02,2.82317268703664e-02,2.82078297860170e-02,lamp_kernel
3.316642e+02,14361,7.95934678481945e-09,2.82317097911265e-02,2.82317238325748e-02,2.82078619192212e-02,lamp_kernel
3.321284e+02,14381,7.94675624130639e-09,2.82317067864410e-02,2.82317208056778e-02,2.82078939624473e-02,lamp_kernel
3.325925e+02,14401,7.93369855384942e-09,2.82317037932165e-02,2.82317177894176e-02,2.82079259160719e-02,lamp_kernel
3.330566e+02,14421,7.92019877305665e-09,2.82317008113915e-02,2.82317147837770e-02,2.82079577804689e-02,lamp_kernel
3.335208e+02,14441,7.90633870730019e-09,2.82316978408982e-02,2.82317117888325e-02,2.82079895560105e-02,lamp_kernel
3.339849e+02,14461,7.89229842796197e-09,2.82316948816714e-02,2.82317088048366e-02,2.82080212430668e-02,lamp_kernel
3.344491e+02,14481,7.87806464130305e-09,2.82316919336449e-02,2.82317058316997e-02,2.82080528420060e-02,lamp_kernel
3.349132e+02,14501,7.86379863396267e-09,2.82316889967528e-02,2.82317028696403e-02,2.82080843531938e-02,lamp_kernel
3.353774e+02,14521,7.84971469239026e-09,2.82316860709325e-02,2.82316999189738e-02,2.82081157769942e-02,lamp_kernel
3.358416e+02,14541,7.83592066580646e-09,2.82316831561263e-02,2.82316969798329e-02,2.82081471137694e-02,lamp_kernel
3.363058e+02,14561,7.82256645907005e-09,2.82316802522769e-02,2.82316940524248e-02,2.82081783638792e-02,lamp_kernel
3.367699e+02,14581,7.80965377746949e-09,2.82316773593334e-02,2.82316911367015e-02,2.82082095276818e-02,lamp_kernel
3.373234e+02,14601,7.79704043653455e-09,2.82316744772486e-02,2.82316882323649e-02,2.82082406055333e-02,lamp_kernel
3.377875e+02,14621,7.78464910868618e-09,2.82316716059761e-02,2.82316853392323e-02,2.82082715977878e-02,lamp_kernel
3.382517e+02,14641,7.77218083219207e-09,2.82316687454714e-02,2.82316824567318e-02,2.82083025047977e-02,lamp_kernel
3.387158e+02,14661,7.75942406633497e-09,2.82316658956931e-02,2.82316795844486e-02,2.82083333269136e-02,lamp_kernel
3.391799e+02,14681,7.74619644446082e-09,2.82316630565957e-02,2.82316767220158e-02,2.82083640644838e-02,lamp_kernel
3.396440e+02,14701,7.73234613564506e-09,2.82316602281308e-02,2.82316738691169e-02,2.82083947178548e-02,lamp_kernel
3.401081e+02,14721,7.71784540172664e-09,2.82316574102501e-02,2.82316710256548e-02,2.82084252873713e-02,lamp_kernel
3.405722e+02,14741,7.70276950710633e-09,2.82316546028970e-02,2.82316681917056e-02,2.82084557733763e-02,lamp_kernel
3.410364e+02,14761,7.68730732769405e-09,2.82316518060147e-02,2.82316653675458e-02,2.82084861762105e-02,lamp_kernel
3.415005e+02,14781,7.67170484391214e-09,2.82316490195417e-02,2.82316625535478e-02,2.82085164962130e-02,lamp_kernel
3.419646e+02,14801,7.65615170086959e-09,2.82316462434170e-02,2.82316597499850e-02,2.82085467337212e-02,lamp_kernel
3.424287e+02,14821,7.64086482563122e-09,2.82316434775792e-02,2.82316569571790e-02,2.82085768890705e-02,lamp_kernel
3.428928e+02,14841,7.62595847964667e-09,2.82316407219694e-02,2.82316541752722e-02,2.82086069625944e-02,lamp_kernel
3.433570e+02,14861,7.61142796721254e-09,2.82316379765330e-02,2.82316514042018e-02,2.82086369546251e-02,lamp_kernel
3.438211e+02,14881,7.59722716633817e-09,2.82316352412196e-02,2.82316486438361e-02,2.82086668649156e-02,lamp_kernel
3.442853e+02,14901,7.58328443011754e-09,2.82316325159836e-02,2.82316458940031e-02,2.82086966943682e-02,lamp_kernel
3.447494e+02,14921,7.56955906992893e-09,2.82316298007826e-02,2.82316431545885e-02,2.82087264433160e-02,lamp_kernel
3.452136e+02,14941,7.55583183886244e-09,2.82316270955779e-02,2.82316404251671e-02,2.82087561120839e-02,lamp_kernel
3.456777e+02,14961,7.54190655217080e-09,2.82316244003321e-02,2.82316377053550e-02,2.82087857009950e-02,lamp_kernel
3.461418e+02,14981,7.52771879044916e-09,2.82316217150070e-02,2.82316349950006e-02,2.82088152103707e-02,lamp_kernel
3.466059e+02,15001,7.51326768313391e-09,2.82316190395614e-02,2.82316322940612e-02,2.82088446405306e-02,lamp_kernel
3.470701e+02,15021,7.49857713032968e-09,2.82316163739526e-02,2.82316296025361e-02,2.82088739917928e-02,lamp_kernel
3.475342e+02,15041,7.48361000180683e-09,2.82316137181350e-02,2.82316269203143e-02,2.82089032644733e-02,lamp_kernel
3.479984e+02,15061,7.46837114536203e-09,2.82316110720581e-02,2.82316242473538e-02,2.82089324588871e-02,lamp_kernel
3.484625e+02,15081,7.45295445780678e-09,2.82316084356683e-02,2.82316215837667e-02,2.82089615753469e-02,lamp_kernel
3.489266e+02,15101,7.43740898718395e-09,2.82316058089142e-02,2.82316189295881e-02,2.82089906141639e-02,lamp_kernel
3.493908e+02,15121,7.42183117153326e-09,2.82316031917397e-02,2.82316162849321e-02,2.82090195756479e-02,lamp_kernel
3.498549e+02,15141,7.40627267458401e-09,2.82316005840930e-02,2.82316136498380e-02,2.82090484601069e-02,lamp_kernel
3.503191e+02,15161,7.39091863796318e-09,2.82315979859230e-02,2.82316110245812e-02,2.82090772678474e-02,lamp_kernel
3.507832e+02,15181,7.37571109459402e-09,2.82315953971795e-02,2.82316084090094e-02,2.82091059991740e-02,lamp_kernel
3.512474e+02,15201,7.36068405272019e-09,2.82315928178179e-02,2.82316058031379e-02,2.82091346543900e-02,lamp_kernel
3.517115e+02,15221,7.34588522722892e-09,2.82315902477925e-02,2.82316032070052e-02,2.82091632337970e-02,lamp_kernel
3.521757e+02,15241,7.33130488876695e-09,2.82315876870649e-02,2.82316006205558e-02,2.82091917376951e-02,lamp_kernel
3.526398e+02,15261,7.31698196904624e-09,2.82315851355957e-02,2.82315980438188e-02,2.82092201663826e-02,lamp_kernel
3.531040e+02,15281,7.30271799715527e-09,2.82315825933490e-02,2.82315954764084e-02,2.82092485201564e-02,lamp_kernel
3.535681e+02,15301,7.28842071848796e-09,2.82315800602883e-02,2.82315929181252e-02,2.82092767993119e-02,lamp_kernel
3.540322e+02,15321,7.27410486753665e-09,2.82315775363770e-02,2.82315903689587e-02,2.82093050041427e-02,lamp_kernel
3.544964e+02,15341,7.25972926120071e-09,2.82315750215778e-02,2.82315878287988e-02,2.82093331349413e-02,lamp_kernel
3.549605e+02,15361,7.24513167115795e-09,2.82315725158530e-02,2.82315852973217e-02,2.82093611919984e-02,lamp_kernel
3.554247e+02,15381,7.23031765680805e-09,2.82315700191612e-02,2.82315827744958e-02,2.82093891756031e-02,lamp_kernel
3.558889e+02,15401,7.21556717404789e-09,2.82315675314586e-02,2.82315802607712e-02,2.82094170860433e-02,lamp_kernel
3.563531e+02,15421,7.20073536217190e-09,2.82315650527003e-02,2.82315777558474e-02,2.82094449236052e-02,lamp_kernel
3.568172e+02,15441,7.18572234422753e-09,2.82315625828374e-02,2.82315752594994e-02,2.82094726880374e-02,lamp_kernel
3.572814e+02,15461,7.17057801732175e-09,2.82315601218229e-02,2.82315727717681e-02,2.82095003770463e-02,lamp_kernel
3.577455e+02,15481,7.15541850081732e-09,2.82315576696060e-02,2.82315702928076e-02,2.82095279940458e-02,lamp_kernel
3.582097e+02,15501,7.14053988591366e-09,2.82315552261413e-02,2.82315678230948e-02,2.82095555393161e-02,lamp_kernel
3.586739e+02,15521,7.12608925096402e-09,2.82315527913811e-02,2.82315653628416e-02,2.82095830131359e-02,lamp_kernel
3.591381e+02,15541,7.11251369270031e-09,2.82315503652842e-02,2.82315629127955e-02,2.82096104157827e-02,lamp_kernel
3.596022e+02,15561,7.09921351134588e-09,2.82315479478098e-02,2.82315604718576e-02,2.82096377475324e-02,lamp_kernel
3.600664e+02,15581,7.08617513216337e-09,2.82315455389244e-02,2.82315580399706e-02,2.82096650086595e-02,lamp_kernel
3.605306e+02,15601,7.07332179382735e-09,2.82315431385934e-02,2.82315556169644e-02,2.82096921994370e-02,lamp_kernel
3.609948e+02,15621,7.06059462432137e-09,2.82315407467875e-02,2.82315532027060e-02,2.82097193201369e-02,lamp_kernel
3.614589e+02,15641,7.04789587800825e-09,2.82315383634761e-02,2.82315507969922e-02,2.82097463710292e-02,lamp_kernel
3.619231e+02,15661,7.03498353174109e-09,2.82315359886277e-02,2.82315483993645e-02,2.82097733523831e-02,lamp_kernel
3.623873e+02,15681,7.02185565283275e-09,2.82315336222095e-02,2.82315460097868e-02,2.82098002644662e-02,lamp_kernel
3.628514e+02,15701,7.00890578425533e-09,2.82315312641855e-02,2.82315436289173e-02,2.82098271075447e-02,lamp_kernel
3.633156e+02,15721,6.99571440522710e-09,2.82315289145184e-02,2.82315412559787e-02,2.82098538818835e-02,lamp_kernel
3.637798e+02,15741,6.98223550157480e-09,2.82315265731634e-02,2.82315388908449e-02,2.82098805877460e-02,lamp_kernel
3.642439e+02,15761,6.96850279494959e-09,2.82315242400788e-02,2.82315365335339e-02,2.82099072253947e-02,lamp_kernel
3.647081e+02,15781,6.95458793720344e-09,2.82315219152208e-02,2.82315341841280e-02,2.82099337950903e-02,lamp_kernel
3.651722e+02,15801,6.94063638376929e-09,2.82315195985424e-02,2.82315318428371e-02,2.82099602934006e-02,lamp_kernel
3.656364e+02,15821,6.92669169931938e-09,2.82315172900007e-02,2.82315295096948e-02,2.82099867066810e-02,lamp_kernel
3.661006e+02,15841,6.91281620669797e-09,2.82315149895551e-02,2.82315271847709e-02,2.82100130528836e-02,lamp_kernel
3.665648e+02,15861,6.89921052040681e-09,2.82315126971660e-02,2.82315248683794e-02,2.82100393322637e-02,lamp_kernel
3.670289e+02,15881,6.88582079694905e-09,2.82315104127976e-02,2.82315225603895e-02,2.82100655450752e-02,lamp_kernel
3.674931e+02,15901,6.87269230293999e-09,2.82315081364167e-02,2.82315202608481e-02,2.82100916915110e-02,lamp_kernel
3.679573e+02,15921,6.85991061901753e-09,2.82315058679914e-02,2.82315179698740e-02,2.82101177705606e-02,lamp_kernel
3.684215e+02,15941,6.84737277858294e-09,2.82315036074930e-02,2.82315156872571e-02,2.82101437837982e-02,lamp_kernel
3.688857e+02,15961,6.83524593278373e-09,2.82315013548921e-02,2.82315134132627e-02,2.82101697314727e-02,lamp_kernel
3.693498e+02,15981,6.82311310452148e-09,2.82314991101594e-02,2.82315111471258e-02,2.82101956138316e-02,lamp_kernel
3.698140e+02,16001,6.81084558840944e-09,2.82314968732655e-02,2.82315088885903e-02,2.82102214311215e-02,lamp_kernel
3.702782e+02,16021,6.79831525902910e-09,2.82314946441782e-02,2.82315066373976e-02,2.82102471835873e-02,lamp_kernel
3.707423e+02,16041,6.78544559156118e-09,2.82314924228650e-02,2.82315043933804e-02,2.82102728714730e-02,lamp_kernel
3.712065e+02,16061,6.77240806276314e-09,2.82314902092909e-02,2.82315021568063e-02,2.82102984950215e-02,lamp_kernel
3.716707e+02,16081,6.75934385064016e-09,2.82314880034202e-02,2.82314999278884e-02,2.82103240544739e-02,lamp_kernel
3.721349e+02,16101,6.74614405421909e-09,2.82314858052132e-02,2.82314977063950e-02,2.82103495500708e-02,lamp_kernel
3.725991e+02,16121,6.73285618454845e-09,2.82314836146312e-02,2.82314954923713e-02,2.82103749820512e-02,lamp_kernel
3.730632e+02,16141,6.71962297679801e-09,2.82314814316354e-02,2.82314932860302e-02,2.82104003506529e-02,lamp_kernel
3.735275e+02,16161,6.70651175360494e-09,2.82314792561860e-02,2.82314910874507e-02,2.82104256561126e-02,lamp_kernel
3.739917e+02,16181,6.69360456725720e-09,2.82314770882455e-02,2.82314888967400e-02,2.82104508986660e-02,lamp_kernel
3.744559e+02,16201,6.68100905540446e-09,2.82314749277790e-02,2.82314867140532e-02,2.82104760785472e-02,lamp_kernel
3.749201e+02,16221,6.66869202795647e-09,2.82314727747519e-02,2.82314845392970e-02,2.82105011959898e-02,lamp_kernel
3.753842e+02,16241,6.65661439060568e-09,2.82314706291334e-02,2.82314823723718e-02,2.82105262512257e-02,lamp_kernel
3.758484e+02,16261,6.64474112014235e-09,2.82314684908950e-02,2.82314802131873e-02,2.82105512444857e-02,lamp_kernel
3.763126e+02,16281,6.63303934473134e-09,2.82314663600090e-02,2.82314780616576e-02,2.82105761759998e-02,lamp_kernel
3.767768e+02,16301,6.62153843825049e-09,2.82314642364491e-02,2.82314759178084e-02,2.82106010459968e-02,lamp_kernel
3.772410e+02,16321,6.61006626479234e-09,2.82314621201891e-02,2.82314737813098e-02,2.82106258547040e-02,lamp_kernel
3.777052e+02,16341,6.59858639774485e-09,2.82314600112032e-02,2.82314716520718e-02,2.82106506023481e-02,lamp_kernel
3.781693e+02,16361,6.58699004245740e-09,2.82314579094639e-02,2.82314695298748e-02,2.82106752891544e-02,lamp_kernel
3.786336e+02,16381,6.57523662599549e-09,2.82314558149416e-02,2.82314674146178e-02,2.82106999153471e-02,lamp_kernel
3.790978e+02,16401,6.56325169378751e-09,2.82314537276054e-02,2.82314653061384e-02,2.82107244811494e-02,lamp_kernel
3.795619e+02,16421,6.55107469371994e-09,2.82314516474203e-02,2.82314632044713e-02,2.82107489715711e-02,lamp_kernel
3.800262e+02,16441,6.53874483156307e-09,2.82314495743543e-02,2.82314611096536e-02,2.82107733995184e-02,lamp_kernel
3.804904e+02,16461,6.52639348722607e-09,2.82314475083710e-02,2.82314590218807e-02,2.82107977678016e-02,lamp_kernel
3.809546e+02,16481,6.51407158077670e-09,2.82314454494329e-02,2.82314569412050e-02,2.82108220766393e-02,lamp_kernel
3.814188e+02,16501,6.50185770990379e-09,2.82314433975071e-02,2.82314548677322e-02,2.82108463262489e-02,lamp_kernel
3.818830e+02,16521,6.48980202559037e-09,2.82314413525589e-02,2.82314528015160e-02,2.82108705168470e-02,lamp_kernel
3.823472e+02,16541,6.47807797620665e-09,2.82314393145568e-02,2.82314507428309e-02,2.82108946486490e-02,lamp_kernel
3.828114e+02,16561,6.46664114191076e-09,2.82314372834687e-02,2.82314486915666e-02,2.82109187218692e-02,lamp_kernel
3.832756e+02,16581,6.45545369610589e-09,2.82314352592668e-02,2.82314466476285e-02,2.82109427367210e-02,lamp_kernel
3.837398e+02,16601,6.44448915447900e-09,2.82314332419254e-02,2.82314446109440e-02,2.82109666934169e-02,lamp_kernel
3.842040e+02,16621,6.43372090318720e-09,2.82314312314147e-02,2.82314425814365e-02,2.82109905921680e-02,lamp_kernel
3.846682e+02,16641,6.42315732803376e-09,2.82314292277147e-02,2.82314405591009e-02,2.82110144331846e-02,lamp_kernel
3.851324e+02,16661,6.41263071052135e-09,2.82314272307999e-02,2.82314385436156e-02,2.82110382166762e-02,lamp_kernel
3.855966e+02,16681,6.40212666263613e-09,2.82314252406464e-02,2.82314365349314e-02,2.82110619319766e-02,lamp_kernel
3.860608e+02,16701,6.39158418846669e-09,2.82314232572291e-02,2.82314345329156e-02,2.82110855852247e-02,lamp_kernel
3.865250e+02,16721,6.38100062357823e-09,2.82314212805236e-02,2.82314325375392e-02,2.82111091771573e-02,lamp_kernel
3.869893e+02,16741,6.37018323904880e-09,2.82314193105015e-02,2.82314305484336e-02,2.82111327124774e-02,lamp_kernel
3.874535e+02,16761,6.35925139183590e-09,2.82314173471346e-02,2.82314285657813e-02,2.82111561913889e-02,lamp_kernel
3.879177e+02,16781,6.34820127667659e-09,2.82314153903922e-02,2.82314265895449e-02,2.82111796140949e-02,lamp_kernel
3.883819e+02,16801,6.33704423697727e-09,2.82314134402455e-02,2.82314246197156e-02,2.82112029753604e-02,lamp_kernel
3.888461e+02,16821,6.32584075004839e-09,2.82314114966593e-02,2.82314226563648e-02,2.82112262807390e-02,lamp_kernel
3.893103e+02,16841,6.31463458093956e-09,2.82314095596010e-02,2.82314206995372e-02,2.82112495305218e-02,lamp_kernel
3.897745e+02,16861,6.30355765665865e-09,2.82314076290415e-02,2.82314187494364e-02,2.82112727249079e-02,lamp_kernel
3.902387e+02,16881,6.29270528109391e-09,2.82314057049481e-02,2.82314168061978e-02,2.82112958640956e-02,lamp_kernel
3.907029e+02,16901,6.28221283459744e-09,2.82314037872919e-02,2.82314148700314e-02,2.82113189482823e-02,lamp_kernel
3.911671e+02,16921,6.27204252753892e-09,2.82314018760461e-02,2.82314129408437e-02,2.82113419776643e-02,lamp_kernel
3.916313e+02,16941,6.26216711956998e-09,2.82313999711854e-02,2.82314110185613e-02,2.82113649524372e-02,lamp_kernel
3.920955e+02,16961,6.25267643380031e-09,2.82313980726878e-02,2.82314091033208e-02,2.82113878727955e-02,lamp_kernel
3.925597e+02,16981,6.24343461307972e-09,2.82313961805299e-02,2.82314071948590e-02,2.82114107389328e-02,lamp_kernel
3.930239e+02,17001,6.23422719707674e-09,2.82313942946915e-02,2.82314052927774e-02,2.82114335510418e-02,lamp_kernel
3.934881e+02,17021,6.22499174721962e-09,2.82313924151512e-02,2.82314033969444e-02,2.82114563093146e-02,lamp_kernel
3.939523e+02,17041,6.21570181178660e-09,2.82313905418877e-02,2.82314015072920e-02,2.82114790139418e-02,lamp_kernel
3.944165e+02,17061,6.20626489628599e-09,2.82313886748789e-02,2.82313996236351e-02,2.82115016651137e-02,lamp_kernel
3.948807e+02,17081,6.19666715757610e-09,2.82313868141002e-02,2.82313977459247e-02,2.82115242630192e-02,lamp_kernel
3.953449e+02,17101,6.18738992106275e-09,2.82313849595262e-02,2.82313958749842e-02,2.82115468078469e-02,lamp_kernel
3.958091e+02,17121,6.17796360978229e-09,2.82313831111294e-02,2.82313940099581e-02,2.82115692997839e-02,lamp_kernel
3.962733e+02,17141,6.16842570274656e-09,2.82313812688817e-02,2.82313921508841e-02,2.82115917390169e-02,lamp_kernel
3.967375e+02,17161,6.15887635276520e-09,2.82313794327539e-02,2.82313902979099e-02,2.82116141257314e-02,lamp_kernel
3.972017e+02,17181,6.14944925100204e-09,2.82313776027156e-02,2.82313884512408e-02,2.82116364601123e-02,lamp_kernel
3.976659e+02,17201,6.14007019061148e-09,2.82313757787379e-02,2.82313866107170e-02,2.82116587423434e-02,lamp_kernel
3.981302e+02,17221,6.13086652697199e-09,2.82313739607953e-02,2.82313847765378e-02,2.82116809726078e-02,lamp_kernel
3.985944e+02,17241,6.12187503281279e-09,2.82313721488596e-02,2.82313829487399e-02,2.82117031510877e-02,lamp_kernel
3.990586e+02,17261,6.11318491768814e-09,2.82313703429061e-02,2.82313811274557e-02,2.82117252779645e-02,lamp_kernel
3.995229e+02,17281,6.10502376628038e-09,2.82313685429103e-02,2.82313793130625e-02,2.82117473534185e-02,lamp_kernel
3.999871e+02,17301,6.09723312103556e-09,2.82313667488528e-02,2.82313775052611e-02,2.82117693776296e-02,lamp_kernel
4.004514e+02,17321,6.08974967795174e-09,2.82313649607105e-02,2.82313757039169e-02,2.82117913507767e-02,lamp_kernel
4.009156e+02,17341,6.08260271399807e-09,2.82313631784658e-02,2.82313739090640e-02,2.82118132730376e-02,lamp_kernel
4.013798e+02,17361,6.07563193321965e-09,2.82313614020972e-02,2.82313721203979e-02,2.82118351445897e-02,lamp_kernel
4.018440e+02,17381,6.06869158081633e-09,2.82313596315855e-02,2.82313703376423e-02,2.82118569656094e-02,lamp_kernel
4.023082e+02,17401,6.06163516443247e-09,2.82313578669112e-02,2.82313685605195e-02,2.82118787362723e-02,lamp_kernel
4.027725e+02,17421,6.05443439183681e-09,2.82313561080539e-02,2.82313667889590e-02,2.82119004567532e-02,lamp_kernel
4.032367e+02,17441,6.04704437837808e-09,2.82313543549893e-02,2.82313650228573e-02,2.82119221272261e-02,lamp_kernel
4.037009e+02,17461,6.03944167727860e-09,2.82313526076953e-02,2.82313632621510e-02,2.82119437478640e-02,lamp_kernel
4.041651e+02,17481,6.03163532738343e-09,2.82313508661475e-02,2.82313615068317e-02,2.82119653164120e-02,lamp_kernel
4.046294e+02,17501,6.02370756195591e-09,2.82313491303211e-02,2.82313597570196e-02,2.82119868338501e-02,lamp_kernel
4.050937e+02,17521,6.01585347903833e-09,2.82313474001894e-02,2.82313580130321e-02,2.82120083019831e-02,lamp_kernel
4.055579e+02,17541,6.00798326510410e-09,2.82313456757259e-02,2.82313562746845e-02,2.82120297209812e-02,lamp_kernel
4.060221e+02,17561,6.00015416395805e-09,2.82313439569045e-02,2.82313545420513e-02,2.82120510910133e-02,lamp_kernel
4.064863e+02,17581,5.99243087866017e-09,2.82313422437016e-02,2.82313528152235e-02,2.82120724122483e-02,lamp_kernel
4.069506e+02,17601,5.98494757553578e-09,2.82313405360936e-02,2.82313510944139e-02,2.82120936848539e-02,lamp_kernel
4.074148e+02,17621,5.97786188495533e-09,2.82313388340550e-02,2.82313493798750e-02,2.82121149089971e-02,lamp_kernel
4.078790e+02,17641,5.97112811771252e-09,2.82313371375677e-02,2.82313476715084e-02,2.82121360848442e-02,lamp_kernel
4.083433e+02,17661,5.96468454027519e-09,2.82313354466105e-02,2.82313459691838e-02,2.82121572125605e-02,lamp_kernel
4.088076e+02,17681,5.95837797305496e-09,2.82313337611663e-02,2.82313442726139e-02,2.82121782923112e-02,lamp_kernel
4.092718e+02,17701,5.95219825128939e-09,2.82313320812152e-02,2.82313425817609e-02,2.82121993242600e-02,lamp_kernel
4.097361e+02,17721,5.94610564005485e-09,2.82313304067391e-02,2.82313408965365e-02,2.82122203085703e-02,lamp_kernel
4.102003e+02,17741,5.93995152978220e-09,2.82313287377221e-02,2.82313392166628e-02,2.82122412454046e-02,lamp_kernel
4.106646e+02,17761,5.93366852436003e-09,2.82313270741446e-02,2.82313375420011e-02,2.82122621349248e-02,lamp_kernel
4.111289e+02,17781,5.92719790576203e-09,2.82313254159866e-02,2.82313358724280e-02,2.82122829772921e-02,lamp_kernel
4.115931e+02,17801,5.92057928763078e-09,2.82313237632306e-02,2.82313342079958e-02,2.82123037726665e-02,lamp_kernel
4.120574e+02,17821,5.91398494136790e-09,2.82313221158539e-02,2.82313325489857e-02,2.82123245212079e-02,lamp_kernel
4.125216e+02,17841,5.90734651748829e-09,2.82313204738339e-02,2.82313308952546e-02,2.82123452230751e-02,lamp_kernel
4.129859e+02,17861,5.90064807767476e-09,2.82313188371501e-02,2.82313292467537e-02,2.82123658784265e-02,lamp_kernel
4.134501e+02,17881,5.89395098506150e-09,2.82313172057783e-02,2.82313276035673e-02,2.82123864874192e-02,lamp_kernel
4.139144e+02,17901,5.88732278984124e-09,2.82313155796943e-02,2.82313259657902e-02,2.82124070502104e-02,lamp_kernel
4.143786e+02,17921,5.88077436227263e-09,2.82313139588762e-02,2.82313243334196e-02,2.82124275669560e-02,lamp_kernel
4.148430e+02,17941,5.87433938921020e-09,2.82313123433001e-02,2.82313227064913e-02,2.82124480378114e-02,lamp_kernel
4.153073e+02,17961,5.86807312664321e-09,2.82313107329460e-02,2.82313210850827e-02,2.82124684629312e-02,lamp_kernel
4.157716e+02,17981,5.86205616501204e-09,2.82313091277914e-02,2.82313194693133e-02,2.82124888424695e-02,lamp_kernel
4.162359e+02,18001,5.85628003624525e-09,2.82313075278182e-02,2.82313178591502e-02,2.82125091765796e-02,lamp_kernel
4.167001e+02,18021,5.85076908823100e-09,2.82313059330065e-02,2.82313162546163e-02,2.82125294654142e-02,lamp_kernel
4.171644e+02,18041,5.84540947198736e-09,2.82313043433414e-02,2.82313146554960e-02,2.82125497091252e-02,lamp_kernel
4.176286e+02,18061,5.84011651883055e-09,2.82313027588033e-02,2.82313130616205e-02,2.82125699078640e-02,lamp_kernel
4.180929e+02,18081,5.83487925165315e-09,2.82313011793780e-02,2.82313114729558e-02,2.82125900617811e-02,lamp_kernel
4.185572e+02,18101,5.82967838522442e-09,2.82312996050501e-02,2.82313098894529e-02,2.82126101710266e-02,lamp_kernel
4.190215e+02,18121,5.82451145615297e-09,2.82312980358008e-02,2.82313083110883e-02,2.82126302357495e-02,lamp_kernel
4.194857e+02,18141,5.81930225645577e-09,2.82312964716144e-02,2.82313067377121e-02,2.82126502560987e-02,lamp_kernel
4.199500e+02,18161,5.81397537453842e-09,2.82312949124736e-02,2.82313051691740e-02,2.82126702322222e-02,lamp_kernel
4.204143e+02,18181,5.80847371735278e-09,2.82312933583594e-02,2.82313036053540e-02,2.82126901642671e-02,lamp_kernel
4.208785e+02,18201,5.80288724283665e-09,2.82312918092514e-02,2.82313020463907e-02,2.82127100523802e-02,lamp_kernel
4.213428e+02,18221,5.79731575183206e-09,2.82312902651316e-02,2.82313004924419e-02,2.82127298908404e-02,lamp_kernel
4.218071e+02,18241,5.79168677480686e-09,2.82312887259782e-02,2.82312989433582e-02,2.82127496843553e-02,lamp_kernel
4.222714e+02,18261,5.78605398983090e-09,2.82312871917688e-02,2.82312973992117e-02,2.82127694344159e-02,lamp_kernel
4.227356e+02,18281,5.78047063434970e-09,2.82312856624834e-02,2.82312958600765e-02,2.82127891411660e-02,lamp_kernel
4.231999e+02,18301,5.77502978362277e-09,2.82312841381005e-02,2.82312943260951e-02,2.82128088047490e-02,lamp_kernel
4.236641e+02,18321,5.76976258936939e-09,2.82312826186030e-02,2.82312927973056e-02,2.82128284253073e-02,lamp_kernel
4.241284e+02,18341,5.76468426385337e-09,2.82312811039679e-02,2.82312912737115e-02,2.82128480029832e-02,lamp_kernel
4.245927e+02,18361,5.75981463720650e-09,2.82312795941791e-02,2.82312897553320e-02,2.82128675379180e-02,lamp_kernel
4.250569e+02,18381,5.75519284062847e-09,2.82312780892191e-02,2.82312882422185e-02,2.82128870302526e-02,lamp_kernel
4.255212e+02,18401,5.75074488604847e-09,2.82312765890716e-02,2.82312867342242e-02,2.82129064801271e-02,lamp_kernel
4.259854e+02,18421,5.74642789827753e-09,2.82312750937210e-02,2.82312852312577e-02,2.82129258874745e-02,lamp_kernel
4.264497e+02,18441,5.74214286662071e-09,2.82312736031532e-02,2.82312837331305e-02,2.82129452442398e-02,lamp_kernel
4.269139e+02,18461,5.73787766631591e-09,2.82312721173526e-02,2.82312822398054e-02,2.82129645590080e-02,lamp_kernel
4.273781e+02,18481,5.73358525022963e-09,2.82312706363053e-02,2.82312807511858e-02,2.82129838319166e-02,lamp_kernel
4.278424e+02,18501,5.72920569016688e-09,2.82312691599962e-02,2.82312792671504e-02,2.82130030631026e-02,lamp_kernel
4.283067e+02,18521,5.72470686142326e-09,2.82312676884098e-02,2.82312777876274e-02,2.82130222527025e-02,lamp_kernel
4.287710e+02,18541,5.72013350800890e-09,2.82312662215290e-02,2.82312763126786e-02,2.82130414008518e-02,lamp_kernel
4.292353e+02,18561,5.71541917733721e-09,2.82312647593383e-02,2.82312748421712e-02,2.82130605076861e-02,lamp_kernel
4.296996e+02,18581,5.71056762635071e-09,2.82312633018186e-02,2.82312733760926e-02,2.82130795733396e-02,lamp_kernel
4.301638e+02,18601,5.70559930059880e-09,2.82312618489520e-02,2.82312719144612e-02,2.82130985979465e-02,lamp_kernel
4.306281e+02,18621,5.70056011051562e-09,2.82312604007194e-02,2.82312704573387e-02,2.82131175816404e-02,lamp_kernel
4.310923e+02,18641,5.69552558481926e-09,2.82312589571007e-02,2.82312690048383e-02,2.82131365245539e-02,lamp_kernel
4.315566e+02,18661,5.69054531054912e-09,2.82312575180761e-02,2.82312675570278e-02,2.82131554268195e-02,lamp_kernel
4.320208e+02,18681,5.68568153881536e-09,2.82312560836294e-02,2.82312661140007e-02,2.82131742885687e-02,lamp_kernel
4.324851e+02,18701,5.68112633125851e-09,2.82312546537406e-02,2.82312646760759e-02,2.82131931099329e-02,lamp_kernel
4.329494e+02,18721,5.67684859921253e-09,2.82312532283928e-02,2.82312632431815e-02,2.82132118910425e-02,lamp_kernel
4.334136e+02,18741,5.67275948190243e-09,2.82312518075696e-02,2.82312618151445e-02,2.82132306320277e-02,lamp_kernel
4.338779e+02,18761,5.66881877473630e-09,2.82312503912565e-02,2.82312603918795e-02,2.82132493330177e-02,lamp_kernel
4.343422e+02,18781,5.66514417371071e-09,2.82312489794384e-02,2.82312589735788e-02,2.82132679941418e-02,lamp_kernel
4.348065e+02,18801,5.66159973692964e-09,2.82312475721035e-02,2.82312575599910e-02,2.82132866155281e-02,lamp_kernel
4.352707e+02,18821,5.65811571776876e-09,2.82312461692362e-02,2.82312561509773e-02,2.82133051973046e-02,lamp_kernel
4.357350e+02,18841,5.65460455764769e-09,2.82312447708256e-02,2.82312547463726e-02,2.82133237395983e-02,lamp_kernel
4.361993e+02,18861,5.65117992196229e-09,2.82312433768579e-02,2.82312533463633e-02,2.82133422425363e-02,lamp_kernel
4.366635e+02,18881,5.64769567698577e-09,2.82312419873183e-02,2.82312519506770e-02,2.82133607062446e-02,lamp_kernel
4.371278e+02,18901,5.64405718977538e-09,2.82312406021933e-02,2.82312505591332e-02,2.82133791308490e-02,lamp_kernel
4.375920e+02,18921,5.64028942082221e-09,2.82312392214677e-02,2.82312491717607e-02,2.82133975164743e-02,lamp_kernel
4.380563e+02,18941,5.63636969977791e-09,2.82312378451259e-02,2.82312477885039e-02,2.82134158632456e-02,lamp_kernel
4.385206e+02,18961,5.63235874728253e-09,2.82312364731498e-02,2.82312464094519e-02,2.82134341712864e-02,lamp_kernel
4.389848e+02,18981,5.62831249616593e-09,2.82312351055230e-02,2.82312450346869e-02,2.82134524407206e-02,lamp_kernel
4.394491e+02,19001,5.62428050783772e-09,2.82312337422273e-02,2.82312436642782e-02,2.82134706716711e-02,lamp_kernel
4.399134e+02,19021,5.62036400158250e-09,2.82312323832466e-02,2.82312422983882e-02,2.82134888642604e-02,lamp_kernel
4.403776e+02,19041,5.61654027943035e-09,2.82312310285609e-02,2.82312409369569e-02,2.82135070186103e-02,lamp_kernel
4.408420e+02,19061,5.61290076430662e-09,2.82312296781558e-02,2.82312395801312e-02,2.82135251348424e-02,lamp_kernel
4.413062e+02,19081,5.60944871497444e-09,2.82312283320149e-02,2.82312382279004e-02,2.82135432130777e-02,lamp_kernel
4.417706e+02,19101,5.60617191052510e-09,2.82312269901215e-02,2.82312368802262e-02,2.82135612534365e-02,lamp_kernel
4.422349e+02,19121,5.60305330278182e-09,2.82312256524636e-02,2.82312355370666e-02,2.82135792560387e-02,lamp_kernel
4.426991e+02,19141,5.60015143028168e-09,2.82312243190269e-02,2.82312341985106e-02,2.82135972210038e-02,lamp_kernel
4.431634e+02,19161,5.59736964761748e-09,2.82312229897994e-02,2.82312328643756e-02,2.82136151484506e-02,lamp_kernel
4.436277e+02,19181,5.59462353523015e-09,2.82312216647663e-02,2.82312315344980e-02,2.82136330384976e-02,lamp_kernel
4.440920e+02,19201,5.59200075953013e-09,2.82312203439179e-02,2.82312302090226e-02,2.82136508907014e-02,lamp_kernel
4.445563e+02,19221,5.58938753657486e-09,2.82312190272391e-02,2.82312288877337e-02,2.82136687052171e-02,lamp_kernel
4.450206e+02,19241,5.58677478987003e-09,2.82312177147192e-02,2.82312275706046e-02,2.82136864826872e-02,lamp_kernel
4.454849e+02,19261,5.58410738986708e-09,2.82312164063444e-02,2.82312262575241e-02,2.82137042232281e-02,lamp_kernel
4.459492e+02,19281,5.58131609640780e-09,2.82312151021022e-02,2.82312249483577e-02,2.82137219269555e-02,lamp_kernel
4.464135e+02,19301,5.57839135009849e-09,2.82312138019761e-02,2.82312236430719e-02,2.82137395939853e-02,lamp_kernel
4.468778e+02,19321,5.57534023876937e-09,2.82312125059546e-02,2.82312223416678e-02,2.82137572244321e-02,lamp_kernel
4.473421e+02,19341,5.57218660404162e-09,2.82312112140205e-02,2.82312210441702e-02,2.82137748184106e-02,lamp_kernel
4.478064e+02,19361,5.56905834522526e-09,2.82312099261596e-02,2.82312197507906e-02,2.82137923760349e-02,lamp_kernel
4.482707e+02,19381,5.56589544532403e-09,2.82312086423552e-02,2.82312184614064e-02,2.82138098974183e-02,lamp_kernel
4.487350e+02,19401,5.56272289297799e-09,2.82312073625939e-02,2.82312171760483e-02,2.82138273826739e-02,lamp_kernel
4.491993e+02,19421,5.55958821358716e-09,2.82312060868567e-02,2.82312158947810e-02,2.82138448319144e-02,lamp_kernel
4.496636e+02,19441,5.55649927659452e-09,2.82312048151323e-02,2.82312146176072e-02,2.82138622452519e-02,lamp_kernel
4.501278e+02,19461,5.55352288695003e-09,2.82312035474038e-02,2.82312133446280e-02,2.82138796227982e-02,lamp_kernel
4.505921e+02,19481,5.55067965780144e-09,2.82312022836577e-02,2.82312120758660e-02,2.82138969646642e-02,lamp_kernel
4.510564e+02,19501,5.54794629753866e-09,2.82312010238810e-02,2.82312108112673e-02,2.82139142709608e-02,lamp_kernel
4.515207e+02,19521,5.54532515692858e-09,2.82311997680590e-02,2.82312095508212e-02,2.82139315417984e-02,lamp_kernel
4.519850e+02,19541,5.54277011712537e-09,2.82311985161818e-02,2.82312082944365e-02,2.82139487772866e-02,lamp_kernel
4.524494e+02,19561,5.54025992792823e-09,2.82311972682337e-02,2.82312070420600e-02,2.82139659775349e-02,lamp_kernel
4.529137e+02,19581,5.53775505382837e-09,2.82311960242062e-02,2.82312057936137e-02,2.82139831426522e-02,lamp_kernel
4.533781e+02,19601,5.53524604678695e-09,2.82311947840878e-02,2.82312045490689e-02,2.82140002727470e-02,lamp_kernel
4.538424e+02,19621,5.53274956280341e-09,2.82311935478638e-02,2.82312033084408e-02,2.82140173679273e-02,lamp_kernel
4.543067e+02,19641,5.53011934555178e-09,2.82311923155272e-02,2.82312020714641e-02,2.82140344283007e-02,lamp_kernel
4.547710e+02,19661,5.52740296456669e-09,2.82311910870626e-02,2.82312008382074e-02,2.82140514539742e-02,lamp_kernel
4.552353e+02,19681,5.52466224543262e-09,2.82311898624587e-02,2.82311996087685e-02,2.82140684388566e-02,lamp_kernel
4.556996e+02,19701,5.52178695457605e-09,2.82311886417026e-02,2.82311983829399e-02,2.82140853882953e-02,lamp_kernel
4.561639e+02,19721,5.51886677190540e-09,2.82311874247811e-02,2.82311971608669e-02,2.82141023033815e-02,lamp_kernel
4.566282e+02,19741,5.51588972047162e-09,2.82311862116794e-02,2.82311959425132e-02,2.82141191780468e-02,lamp_kernel
4.570925e+02,19761,5.51286069015539e-09,2.82311850023852e-02,2.82311947278754e-02,2.82141360162132e-02,lamp_kernel
4.575568e+02,19781,5.50986455438910e-09,2.82311837968815e-02,2.82311935170860e-02,2.82141528203865e-02,lamp_kernel
4.580211e+02,19801,5.50687103058823e-09,2.82311825951564e-02,2.82311923100799e-02,2.82141695906706e-02,lamp_kernel
4.584855e+02,19821,5.50396228251222e-09,2.82311813971936e-02,2.82311911069857e-02,2.82141863271687e-02,lamp_kernel
4.589499e+02,19841,5.50137886571037e-09,2.82311802029824e-02,2.82311899082169e-02,2.82142030299838e-02,lamp_kernel
4.594142e+02,19861,5.49896815612430e-09,2.82311790125039e-02,2.82311887134856e-02,2.82142196950588e-02,lamp_kernel
4.598785e+02,19881,5.49672124899109e-09,2.82311778257485e-02,2.82311875227663e-02,2.82142363261711e-02,lamp_kernel
4.603429e+02,19901,5.49455971027880e-09,2.82311766427024e-02,2.82311863359070e-02,2.82142529239267e-02,lamp_kernel
4.608072e+02,19921,5.49243073057656e-09,2.82311754633566e-02,2.82311851528053e-02,2.82142694884267e-02,lamp_kernel
4.612716e+02,19941,5.49031302008806e-09,2.82311742876963e-02,2.82311839734090e-02,2.82142860197718e-02,lamp_kernel
4.617360e+02,19961,5.48820612523257e-09,2.82311731157141e-02,2.82311827977100e-02,2.82143025180627e-02,lamp_kernel
4.622003e+02,19981,5.48606784872123e-09,2.82311719473965e-02,2.82311816256201e-02,2.82143189833988e-02,lamp_kernel
4.626647e+02,20001,5.48391601583423e-09,2.82311707827353e-02,2.82311804571628e-02,2.82143354158800e-02,lamp_kernel
4.631290e+02,20021,5.48184312855437e-09,2.82311696217203e-02,2.82311792924909e-02,2.82143518156053e-02,lamp_kernel
4.635934e+02,20041,5.47966527405094e-09,2.82311684643386e-02,2.82311781312672e-02,2.82143681826734e-02,lamp_kernel
4.640578e+02,20061,5.47735978834613e-09,2.82311673105805e-02,2.82311769734418e-02,2.82143845171827e-02,lamp_kernel
4.645221e+02,20081,5.47488553174297e-09,2.82311661604343e-02,2.82311758189307e-02,2.82144008192310e-02,lamp_kernel
4.649865e+02,20101,5.47226906689344e-09,2.82311650138864e-02,2.82311746677670e-02,2.82144170889159e-02,lamp_kernel
4.654508e+02,20121,5.46951105157468e-09,2.82311638709258e-02,2.82311735199408e-02,2.82144333263344e-02,lamp_kernel
4.659152e+02,20141,5.46665527317546e-09,2.82311627315394e-02,2.82311723755164e-02,2.82144495315834e-02,lamp_kernel
4.663796e+02,20161,5.46374343202052e-09,2.82311615957109e-02,2.82311712345510e-02,2.82144657047591e-02,lamp_kernel
4.668439e+02,20181,5.46081718092482e-09,2.82311604634308e-02,2.82311700971086e-02,2.82144818459574e-02,lamp_kernel
4.673083e+02,20201,5.45795420920093e-09,2.82311593346819e-02,2.82311689633090e-02,2.82144979552739e-02,lamp_kernel
4.677726e+02,20221,5.45511277728608e-09,2.82311582094542e-02,2.82311678330686e-02,2.82145140328040e-02,lamp_kernel
c_index=0.0,Sw=0.028231158209454196,Smin=0.028231158209454196,Smax=0.028231158209454196,Nw=58,pairs=190
