time(s),iter,infeas,ot_objective,primal,dual,solver
1.252430e-04,1,8.40618901987557e-01,3.53506571075704e-01,1.90704789333764e+00,1.03176128286846e-16,lamp_kernel
1.593570e+00,21,7.13101073861761e-02,2.79719074469855e-01,4.11506735034500e-01,6.32092191768913e-02,lamp_kernel
3.190470e+00,41,2.16758314484885e-02,2.12151231629170e-01,2.52210168883605e-01,6.74962309138925e-02,lamp_kernel
4.788297e+00,61,9.71968745785252e-03,1.63013313391240e-01,1.80976192966684e-01,6.87658705426148e-02,lamp_kernel
6.386491e+00,81,3.07372840156405e-03,1.31340959273592e-01,1.37021493073093e-01,7.06821879914037e-02,lamp_kernel
7.985138e+00,101,9.92063455166889e-04,1.12723227027608e-01,1.14556651862886e-01,7.24643189280397e-02,lamp_kernel
9.584076e+00,121,3.37276782664671e-04,1.01788407317041e-01,1.02411725942960e-01,7.38552143354088e-02,lamp_kernel
1.118327e+01,141,1.29568772388490e-04,9.51229664599934e-02,9.53624215109140e-02,7.48766783665017e-02,lamp_kernel
1.278261e+01,161,6.36125285442409e-05,9.08728728535473e-02,9.09904346779048e-02,7.56238416409434e-02,lamp_kernel
1.438219e+01,181,3.46559909521071e-05,8.80438401650602e-02,8.81078876351810e-02,7.61750254509209e-02,lamp_kernel
1.598181e+01,201,2.36287782869249e-05,8.60881774645711e-02,8.61318456278452e-02,7.65933116647375e-02,lamp_kernel
1.758155e+01,221,1.75329020218853e-05,8.46913539163150e-02,8.47237563375856e-02,7.69196132433272e-02,lamp_kernel
1.918136e+01,241,1.37594821795940e-05,8.36652704576543e-02,8.36906992507594e-02,7.71791881641142e-02,lamp_kernel
2.078123e+01,261,1.15295773519653e-05,8.28930220369393e-02,8.29143297600967e-02,7.73893231945752e-02,lamp_kernel
2.238115e+01,281,9.73192854711883e-06,8.22994262948795e-02,8.23174117971178e-02,7.75621703848109e-02,lamp_kernel
2.398114e+01,301,8.30273954140927e-06,8.18346532124554e-02,8.18499974414931e-02,7.77066222561102e-02,lamp_kernel
2.558116e+01,321,7.23966053280516e-06,8.14647620828386e-02,8.14781416437434e-02,7.78286976656044e-02,lamp_kernel
2.718116e+01,341,6.35144873136191e-06,8.11660837220874e-02,8.11778217855988e-02,7.79331861989183e-02,lamp_kernel
2.878122e+01,361,5.61788760826418e-06,8.09217700030858e-02,8.09321523779320e-02,7.80231848813734e-02,lamp_kernel
3.038131e+01,381,5.02174027826977e-06,8.07195982671968e-02,8.07288789067512e-02,7.81016130581587e-02,lamp_kernel
3.198136e+01,401,4.52375334103301e-06,8.05505427304594e-02,8.05589030441882e-02,7.81704937226476e-02,lamp_kernel
3.358144e+01,421,4.10496777907558e-06,8.04078393120039e-02,8.04154256713592e-02,7.82313994894581e-02,lamp_kernel
3.518149e+01,441,3.75281453963880e-06,8.02863455395097e-02,8.02932810871738e-02,7.82855396060148e-02,lamp_kernel
3.678155e+01,461,3.45447721696206e-06,8.01821002628571e-02,8.01884844556116e-02,7.83339264062347e-02,lamp_kernel
3.838160e+01,481,3.19742824904853e-06,8.00920175897072e-02,8.00979267322427e-02,7.83774197580953e-02,lamp_kernel
3.998166e+01,501,2.97328169353733e-06,8.00136657359955e-02,8.00191606350071e-02,7.84168716137997e-02,lamp_kernel
4.158173e+01,521,2.77539225570140e-06,7.99451098082419e-02,7.99502389893066e-02,7.84528694768906e-02,lamp_kernel
4.318177e+01,541,2.59323727334220e-06,7.98847950722974e-02,7.98895876141413e-02,7.84857805725760e-02,lamp_kernel
4.478190e+01,561,2.42602716159619e-06,7.98314616249187e-02,7.98359451470422e-02,7.85158884075171e-02,lamp_kernel
4.679424e+01,581,2.27488583801579e-06,7.97840798766180e-02,7.97882840756248e-02,7.85436153109018e-02,lamp_kernel
4.839443e+01,601,2.13791169365801e-06,7.97418022357524e-02,7.97457532938973e-02,7.85692329025250e-02,lamp_kernel
4.999451e+01,621,2.01227565008560e-06,7.97039258722719e-02,7.97076447434117e-02,7.85929550009410e-02,lamp_kernel
5.159457e+01,641,1.89881230967836e-06,7.96698642810620e-02,7.96733734614758e-02,7.86149406581724e-02,lamp_kernel
5.319465e+01,661,1.79626085427082e-06,7.96391249490069e-02,7.96424446048653e-02,7.86354343889429e-02,lamp_kernel
5.479473e+01,681,1.70311326247421e-06,7.96112920114268e-02,7.96144395219378e-02,7.86545986789135e-02,lamp_kernel
5.639472e+01,701,1.61738304120864e-06,7.95860123722873e-02,7.95890014454362e-02,7.86725566451133e-02,lamp_kernel
5.799484e+01,721,1.53991047592418e-06,7.95629847878564e-02,7.95658306845538e-02,7.86894363742523e-02,lamp_kernel
5.959492e+01,741,1.46966185928653e-06,7.95419509922258e-02,7.95446670629955e-02,7.87052975422012e-02,lamp_kernel
6.119499e+01,761,1.40564243292037e-06,7.95226886040751e-02,7.95252863610357e-02,7.87201652324324e-02,lamp_kernel
6.279504e+01,781,1.34597897940646e-06,7.95050053283778e-02,7.95074928217693e-02,7.87341752020752e-02,lamp_kernel
6.439510e+01,801,1.29212450074923e-06,7.94887342167803e-02,7.94911221821242e-02,7.87473782272477e-02,lamp_kernel
6.599520e+01,821,1.24220337199132e-06,7.94737297860682e-02,7.94760254925583e-02,7.87598673462881e-02,lamp_kernel
6.759527e+01,841,1.19562270770957e-06,7.94598647883471e-02,7.94620744094702e-02,7.87716963732558e-02,lamp_kernel
6.919532e+01,861,1.15154974875101e-06,7.94470275473473e-02,7.94491557175742e-02,7.87828944056115e-02,lamp_kernel
7.079545e+01,881,1.11016275114736e-06,7.94351197209594e-02,7.94371714041945e-02,7.87935259607671e-02,lamp_kernel
7.239552e+01,901,1.07081997248085e-06,7.94240544340143e-02,7.94260334081630e-02,7.88036335858620e-02,lamp_kernel
7.399571e+01,921,1.03395741807983e-06,7.94137547085938e-02,7.94156655573395e-02,7.88132555409067e-02,lamp_kernel
7.559590e+01,941,9.98577512810481e-07,7.94041521313260e-02,7.94059975947411e-02,7.88224377476283e-02,lamp_kernel
7.719601e+01,961,9.64530786393745e-07,7.93951857353303e-02,7.93969682772523e-02,7.88312068296767e-02,lamp_kernel
7.879611e+01,981,9.31752599402456e-07,7.93868010431223e-02,7.93885230079293e-02,7.88395918921478e-02,lamp_kernel
8.039623e+01,1001,9.00390270492608e-07,7.93789492510188e-02,7.93806132553472e-02,7.88476168261943e-02,lamp_kernel
8.199635e+01,1021,8.70616954393512e-07,7.93715865369415e-02,7.93731955174335e-02,7.88552927825921e-02,lamp_kernel
8.359642e+01,1041,8.42409383038161e-07,7.93646734598460e-02,7.93662303101426e-02,7.88626401978657e-02,lamp_kernel
8.519650e+01,1061,8.15156931458649e-07,7.93581744452341e-02,7.93596809304846e-02,7.88696870112322e-02,lamp_kernel
8.679661e+01,1081,7.88922363172317e-07,7.93520573418884e-02,7.93535153432352e-02,7.88764504655344e-02,lamp_kernel
8.839669e+01,1101,7.63702465055015e-07,7.93462930339332e-02,7.93477044265805e-02,7.88829399141046e-02,lamp_kernel
8.999683e+01,1121,7.39493017397436e-07,7.93408551052340e-02,7.93422217565874e-02,7.88891749191146e-02,lamp_kernel
9.159694e+01,1141,7.16229643973640e-07,7.93357195470123e-02,7.93370432055043e-02,7.88951610456642e-02,lamp_kernel
9.319709e+01,1161,6.94001722601024e-07,7.93308644995636e-02,7.93321470788052e-02,7.89009201830100e-02,lamp_kernel
9.479720e+01,1181,6.72531322808089e-07,7.93262700268618e-02,7.93275129268228e-02,7.89064703555615e-02,lamp_kernel
9.639732e+01,1201,6.52023536251604e-07,7.93219179185415e-02,7.93231229182200e-02,7.89118251204132e-02,lamp_kernel
9.799747e+01,1221,6.32411393646092e-07,7.93177915135912e-02,7.93189602682199e-02,7.89169831797157e-02,lamp_kernel
9.959767e+01,1241,6.13551389736133e-07,7.93138755455139e-02,7.93150094451145e-02,7.89219552904740e-02,lamp_kernel
1.011978e+02,1261,5.95374444641056e-07,7.93101560055073e-02,7.93112563124357e-02,7.89267499017813e-02,lamp_kernel
1.027981e+02,1281,5.77980058727413e-07,7.93066200200314e-02,7.93076881805290e-02,7.89313765806554e-02,lamp_kernel
1.043983e+02,1301,5.61416531263155e-07,7.93032557426020e-02,7.93042932921720e-02,7.89358531652931e-02,lamp_kernel
1.059987e+02,1321,5.45485248981986e-07,7.93000522578423e-02,7.93010603649322e-02,7.89401851038262e-02,lamp_kernel
1.075993e+02,1341,5.30402793878432e-07,7.92969994951457e-02,7.92979797284664e-02,7.89443835150406e-02,lamp_kernel
1.091999e+02,1361,5.16038005976505e-07,7.92940881518411e-02,7.92950418377078e-02,7.89484488281036e-02,lamp_kernel
1.108006e+02,1381,5.02301651797265e-07,7.92913096248476e-02,7.92922379246639e-02,7.89523875978629e-02,lamp_kernel
1.124014e+02,1401,4.88996953711859e-07,7.92886559488739e-02,7.92895596603801e-02,7.89562074015677e-02,lamp_kernel
1.140024e+02,1421,4.76127192567870e-07,7.92861197409037e-02,7.92869996679034e-02,7.89599118598092e-02,lamp_kernel
1.156036e+02,1441,4.63984352851600e-07,7.92836941506478e-02,7.92845516365589e-02,7.89635078521806e-02,lamp_kernel
1.172048e+02,1461,4.52494589098230e-07,7.92813728156097e-02,7.92822090673768e-02,7.89670000150832e-02,lamp_kernel
1.188063e+02,1481,4.41695277967706e-07,7.92791498203389e-02,7.92799661139822e-02,7.89703914014664e-02,lamp_kernel
1.204078e+02,1501,4.31332938462989e-07,7.92770196598665e-02,7.92778168029500e-02,7.89736856184662e-02,lamp_kernel
1.220096e+02,1521,4.21416323983032e-07,7.92749772065176e-02,7.92757560227821e-02,7.89768872964665e-02,lamp_kernel
1.236115e+02,1541,4.11879794299151e-07,7.92730176796021e-02,7.92737788714795e-02,7.89800025988693e-02,lamp_kernel
1.252135e+02,1561,4.02703208864045e-07,7.92711366180278e-02,7.92718808507284e-02,7.89830330115458e-02,lamp_kernel
1.268157e+02,1581,3.93861248785897e-07,7.92693298554402e-02,7.92700577473824e-02,7.89859847877165e-02,lamp_kernel
1.284179e+02,1601,3.85411879407107e-07,7.92675934974365e-02,7.92683057741642e-02,7.89888585183129e-02,lamp_kernel
1.300203e+02,1621,3.77457015843004e-07,7.92659239008090e-02,7.92666214762145e-02,7.89916540537086e-02,lamp_kernel
1.316229e+02,1641,3.69907176294199e-07,7.92643176546780e-02,7.92650012772832e-02,7.89943784726416e-02,lamp_kernel
1.332256e+02,1661,3.62682694922228e-07,7.92627715631972e-02,7.92634418342940e-02,7.89970351848664e-02,lamp_kernel
1.348283e+02,1681,3.55748438642422e-07,7.92612826296979e-02,7.92619400856491e-02,7.89996242517269e-02,lamp_kernel
1.364313e+02,1701,3.49259452139309e-07,7.92598480421936e-02,7.92604935058987e-02,7.90021506027960e-02,lamp_kernel
1.380343e+02,1721,3.43098615298941e-07,7.92584651600932e-02,7.92590992380032e-02,7.90046164588347e-02,lamp_kernel
1.396376e+02,1741,3.37171677551459e-07,7.92571315019939e-02,7.92577546263758e-02,7.90070233726377e-02,lamp_kernel
1.412410e+02,1761,3.31483867502036e-07,7.92558447344578e-02,7.92564573472418e-02,7.90093747656483e-02,lamp_kernel
1.428447e+02,1781,3.26105519403915e-07,7.92546026616755e-02,7.92552053347757e-02,7.90116709234421e-02,lamp_kernel
1.444485e+02,1801,3.21015152743919e-07,7.92534032159590e-02,7.92539964815918e-02,7.90139119588928e-02,lamp_kernel
1.460527e+02,1821,3.16067056901212e-07,7.92522444489837e-02,7.92528285700787e-02,7.90161001135601e-02,lamp_kernel
1.476571e+02,1841,3.11250875164291e-07,7.92511245236911e-02,7.92516997440377e-02,7.90182356643833e-02,lamp_kernel
1.492618e+02,1861,3.06529986079578e-07,7.92500417068070e-02,7.92506082025148e-02,7.90203236434713e-02,lamp_kernel
1.508667e+02,1881,3.01917175827511e-07,7.92489943619338e-02,7.92495523327425e-02,7.90223657780889e-02,lamp_kernel
1.524720e+02,1901,2.97397811099058e-07,7.92479809431635e-02,7.92485305617690e-02,7.90243634455245e-02,lamp_kernel
1.540776e+02,1921,2.92964510577725e-07,7.92469999891577e-02,7.92475414146147e-02,7.90263178955424e-02,lamp_kernel
1.556836e+02,1941,2.88627844012251e-07,7.92460501176574e-02,7.92465835285543e-02,7.90282292835127e-02,lamp_kernel
1.572901e+02,1961,2.84419074203136e-07,7.92451300204008e-02,7.92456556531026e-02,7.90300982786790e-02,lamp_kernel
1.588968e+02,1981,2.80304124730572e-07,7.92442384584072e-02,7.92447564863026e-02,7.90319278366003e-02,lamp_kernel
1.605040e+02,2001,2.76275376197448e-07,7.92433742575988e-02,7.92438848399949e-02,7.90337189309800e-02,lamp_kernel
1.621116e+02,2021,2.72316735607324e-07,7.92425363047298e-02,7.92430395711928e-02,7.90354713344670e-02,lamp_kernel
1.637197e+02,2041,2.68404197236315e-07,7.92417235436060e-02,7.92422195793370e-02,7.90371858675443e-02,lamp_kernel
1.653282e+02,2061,2.64556170793936e-07,7.92409349715705e-02,7.92414238957934e-02,7.90388651778877e-02,lamp_kernel
1.669373e+02,2081,2.60767699048227e-07,7.92401696362328e-02,7.92406515590102e-02,7.90405105208072e-02,lamp_kernel
1.685468e+02,2101,2.57052172360683e-07,7.92394266324227e-02,7.92399016885638e-02,7.90421231063428e-02,lamp_kernel
1.701568e+02,2121,2.53378619299089e-07,7.92387050993551e-02,7.92391733664311e-02,7.90437033733072e-02,lamp_kernel
1.717674e+02,2141,2.49746181323875e-07,7.92380042179884e-02,7.92384657719837e-02,7.90452515566921e-02,lamp_kernel
1.733785e+02,2161,2.46148397111406e-07,7.92373232085622e-02,7.92377781135202e-02,7.90467705008154e-02,lamp_kernel
1.749901e+02,2181,2.42590797686364e-07,7.92366613283008e-02,7.92371096584867e-02,7.90482598976863e-02,lamp_kernel
1.766024e+02,2201,2.39071425785463e-07,7.92360178692681e-02,7.92364596953298e-02,7.90497214933811e-02,lamp_kernel
1.782153e+02,2221,2.35578409894071e-07,7.92353921563710e-02,7.92358275270170e-02,7.90511563630072e-02,lamp_kernel
1.798288e+02,2241,2.32118050867547e-07,7.92347835454916e-02,7.92352125210748e-02,7.90525644769721e-02,lamp_kernel
1.814429e+02,2261,2.28694322175731e-07,7.92341914217443e-02,7.92346140699608e-02,7.90539450819620e-02,lamp_kernel
1.830688e+02,2281,2.25300054275691e-07,7.92336151978410e-02,7.92340315731371e-02,7.90552993470115e-02,lamp_kernel
1.846842e+02,2301,2.21938398499682e-07,7.92330543125717e-02,7.92334644752176e-02,7.90566284323686e-02,lamp_kernel
1.863000e+02,2321,2.18633587929291e-07,7.92325082293815e-02,7.92329122844325e-02,7.90579338437344e-02,lamp_kernel
1.879165e+02,2341,2.15384060993944e-07,7.92319764350329e-02,7.92323744846581e-02,7.90592159308740e-02,lamp_kernel
1.895336e+02,2361,2.12189782070344e-07,7.92314584383582e-02,7.92318505846612e-02,7.90604749079211e-02,lamp_kernel
1.911513e+02,2381,2.09015172800681e-07,7.92309537690918e-02,7.92313400484238e-02,7.90617120959288e-02,lamp_kernel
1.927697e+02,2401,2.05889537154345e-07,7.92304619767774e-02,7.92308424796462e-02,7.90629277313537e-02,lamp_kernel
1.943887e+02,2421,2.02849522802136e-07,7.92299826297384e-02,7.92303575143801e-02,7.90641219885521e-02,lamp_kernel
1.960082e+02,2441,1.99854226261966e-07,7.92295153141170e-02,7.92298846631743e-02,7.90652961736409e-02,lamp_kernel
1.976284e+02,2461,1.96904541296393e-07,7.92290596329699e-02,7.92294235307370e-02,7.90664508701727e-02,lamp_kernel
1.992491e+02,2481,1.94003367267713e-07,7.92286152054238e-02,7.92289737415535e-02,7.90675865104127e-02,lamp_kernel
2.008705e+02,2501,1.91152499859250e-07,7.92281816658772e-02,7.92285349333408e-02,7.90687027174856e-02,lamp_kernel
2.024925e+02,2521,1.88330981100237e-07,7.92277586632549e-02,7.92281067162915e-02,7.90698004389339e-02,lamp_kernel
2.041151e+02,2541,1.85562599940078e-07,7.92273458603027e-02,7.92276887971153e-02,7.90708805450266e-02,lamp_kernel
2.057383e+02,2561,1.82875746755089e-07,7.92269429329290e-02,7.92272809041889e-02,7.90719431277352e-02,lamp_kernel
2.073621e+02,2581,1.80235876308121e-07,7.92265495695811e-02,7.92268826621168e-02,7.90729885036615e-02,lamp_kernel
2.089865e+02,2601,1.77644723699772e-07,7.92261654706612e-02,7.92264937745076e-02,7.90740167500801e-02,lamp_kernel
2.106114e+02,2621,1.75101353320200e-07,7.92257903479739e-02,7.92261139514372e-02,7.90750284061668e-02,lamp_kernel
2.122369e+02,2641,1.72609943943264e-07,7.92254239242063e-02,7.92257429233151e-02,7.90760244258005e-02,lamp_kernel
2.138630e+02,2661,1.70170083694838e-07,7.92250659324357e-02,7.92253804224575e-02,7.90770054641142e-02,lamp_kernel
2.154896e+02,2681,1.67755359615857e-07,7.92247161156699e-02,7.92250261430587e-02,7.90779715656818e-02,lamp_kernel
2.171166e+02,2701,1.65382189653893e-07,7.92243742264060e-02,7.92246798679577e-02,7.90789230389389e-02,lamp_kernel
2.187444e+02,2721,1.63063149243708e-07,7.92240400262195e-02,7.92243413819705e-02,7.90798598230386e-02,lamp_kernel
2.203726e+02,2741,1.60763498047451e-07,7.92237132853710e-02,7.92240103911543e-02,7.90807826717759e-02,lamp_kernel
2.220014e+02,2761,1.58489450247035e-07,7.92233937824359e-02,7.92236866855689e-02,7.90816917375444e-02,lamp_kernel
2.236305e+02,2781,1.56231467967519e-07,7.92230813039543e-02,7.92233700341277e-02,7.90825867844416e-02,lamp_kernel
2.252601e+02,2801,1.54003851763750e-07,7.92227756440965e-02,7.92230602574295e-02,7.90834682844657e-02,lamp_kernel
2.268902e+02,2821,1.51807268232206e-07,7.92224766043475e-02,7.92227571581914e-02,7.90843363562162e-02,lamp_kernel
2.285207e+02,2841,1.49635306323998e-07,7.92221839932064e-02,7.92224605330642e-02,7.90851920873664e-02,lamp_kernel
2.301516e+02,2861,1.47492650240439e-07,7.92218976259015e-02,7.92221702059331e-02,7.90860353934716e-02,lamp_kernel
2.317829e+02,2881,1.45389908586758e-07,7.92216173241187e-02,7.92218860180896e-02,7.90868665659580e-02,lamp_kernel
2.334147e+02,2901,1.43328330934932e-07,7.92213429157416e-02,7.92216077997267e-02,7.90876856422882e-02,lamp_kernel
2.350470e+02,2921,1.41302086279969e-07,7.92210742346066e-02,7.92213353739046e-02,7.90884931175859e-02,lamp_kernel
2.366797e+02,2941,1.39322894680151e-07,7.92208111202668e-02,7.92210686018361e-02,7.90892895825451e-02,lamp_kernel
2.383127e+02,2961,1.37380313720649e-07,7.92205534177688e-02,7.92208073092691e-02,7.90900751627574e-02,lamp_kernel
2.399462e+02,2981,1.35475031865164e-07,7.92203009774374e-02,7.92205513478010e-02,7.90908500192501e-02,lamp_kernel
2.415801e+02,3001,1.33610841257575e-07,7.92200536546742e-02,7.92203005798415e-02,7.90916144824133e-02,lamp_kernel
2.432143e+02,3021,1.31795698222572e-07,7.92198113097574e-02,7.92200548803728e-02,7.90923688120888e-02,lamp_kernel
2.448489e+02,3041,1.30040688307372e-07,7.92195738076589e-02,7.92198141348540e-02,7.90931131564217e-02,lamp_kernel
2.464837e+02,3061,1.28326298217868e-07,7.92193410178629e-02,7.92195781767069e-02,7.90938475580338e-02,lamp_kernel
2.481188e+02,3081,1.26646573620176e-07,7.92191128141964e-02,7.92193468687542e-02,7.90945720682499e-02,lamp_kernel
2.497543e+02,3101,1.25011940730697e-07,7.92188890746643e-02,7.92191201082697e-02,7.90952867958190e-02,lamp_kernel
2.513902e+02,3121,1.23434857043055e-07,7.92186696812914e-02,7.92188978003005e-02,7.90959920274241e-02,lamp_kernel
2.530263e+02,3141,1.21911550380918e-07,7.92184545199721e-02,7.92186798237700e-02,7.90966877829478e-02,lamp_kernel
2.546626e+02,3161,1.20429965610364e-07,7.92182434803256e-02,7.92184660460181e-02,7.90973745781340e-02,lamp_kernel
2.562993e+02,3181,1.19005670835759e-07,7.92180364555568e-02,7.92182563890211e-02,7.90980525202675e-02,lamp_kernel
2.579361e+02,3201,1.17633272238559e-07,7.92178333423246e-02,7.92180507394696e-02,7.90987219680016e-02,lamp_kernel
2.595733e+02,3221,1.16305343335518e-07,7.92176340406107e-02,7.92178489836204e-02,7.90993830774778e-02,lamp_kernel
2.612107e+02,3241,1.15009631805829e-07,7.92174384535975e-02,7.92176510020128e-02,7.91000360009687e-02,lamp_kernel
2.628483e+02,3261,1.13747627203774e-07,7.92172464875541e-02,7.92174567036684e-02,7.91006808870949e-02,lamp_kernel
2.644861e+02,3281,1.12516584805073e-07,7.92170580517175e-02,7.92172659927518e-02,7.91013178713315e-02,lamp_kernel
2.661242e+02,3301,1.11307027199507e-07,7.92168730581880e-02,7.92170787638482e-02,7.91019469453825e-02,lamp_kernel
2.677624e+02,3321,1.10125612148159e-07,7.92166914218231e-02,7.92168949441193e-02,7.91025679559118e-02,lamp_kernel
2.694008e+02,3341,1.08958025887872e-07,7.92165130601387e-02,7.92167144246277e-02,7.91031813154396e-02,lamp_kernel
2.710393e+02,3361,1.07817010881703e-07,7.92163378932127e-02,7.92165371490006e-02,7.91037873449453e-02,lamp_kernel
2.726781e+02,3381,1.06704334494477e-07,7.92161658435945e-02,7.92163630430537e-02,7.91043861304018e-02,lamp_kernel
2.743170e+02,3401,1.05618964443163e-07,7.92159968362144e-02,7.92161920298096e-02,7.91049777553409e-02,lamp_kernel
2.759562e+02,3421,1.04566663743082e-07,7.92158307983023e-02,7.92160240471487e-02,7.91055624300412e-02,lamp_kernel
2.775955e+02,3441,1.03548701399978e-07,7.92156676593037e-02,7.92158590268617e-02,7.91061400651881e-02,lamp_kernel
2.792349e+02,3461,1.02545038497410e-07,7.92155073508041e-02,7.92156968635004e-02,7.91067106957682e-02,lamp_kernel
2.808745e+02,3481,1.01560539863748e-07,7.92153498064528e-02,7.92155374997048e-02,7.91072746945042e-02,lamp_kernel
2.825142e+02,3501,1.00589618703902e-07,7.92151949618909e-02,7.92153808607910e-02,7.91078322170710e-02,lamp_kernel
2.841540e+02,3521,9.96411372343226e-08,7.92150427546819e-02,7.92152269007006e-02,7.91083833301537e-02,lamp_kernel
2.857940e+02,3541,9.87105028964221e-08,7.92148931242440e-02,7.92150755503646e-02,7.91089281051889e-02,lamp_kernel
2.874340e+02,3561,9.78009131990853e-08,7.92147460117861e-02,7.92149267569010e-02,7.91094665889490e-02,lamp_kernel
2.890742e+02,3581,9.69226765582732e-08,7.92146013602448e-02,7.92147804822973e-02,7.91099990035249e-02,lamp_kernel
2.907146e+02,3601,9.60597206904151e-08,7.92144591142239e-02,7.92146366414543e-02,7.91105254043359e-02,lamp_kernel
2.923550e+02,3621,9.52099969436986e-08,7.92143192199380e-02,7.92144951768005e-02,7.91110458533364e-02,lamp_kernel
2.939956e+02,3641,9.43706546405480e-08,7.92141816251523e-02,7.92143560308328e-02,7.91115605259279e-02,lamp_kernel
2.956363e+02,3661,9.35434203312903e-08,7.92140462791336e-02,7.92142191560087e-02,7.91120695430317e-02,lamp_kernel
2.972769e+02,3681,9.27398583463577e-08,7.92139131325948e-02,7.92140845244132e-02,7.91125729088186e-02,lamp_kernel
2.989178e+02,3701,9.19548233484548e-08,7.92137821376450e-02,7.92139520786462e-02,7.91130706501174e-02,lamp_kernel
3.005587e+02,3721,9.11825478047253e-08,7.92136532477429e-02,7.92138217615076e-02,7.91135628074211e-02,lamp_kernel
3.021997e+02,3741,9.04254129666640e-08,7.92135264176500e-02,7.92136935321597e-02,7.91140492833440e-02,lamp_kernel
3.038407e+02,3761,8.96840808559344e-08,7.92134016033853e-02,7.92135673478448e-02,7.91145304662824e-02,lamp_kernel
3.054819e+02,3781,8.89586776912508e-08,7.92132787621845e-02,7.92134431660320e-02,7.91150060492014e-02,lamp_kernel
3.071232e+02,3801,8.82496400904148e-08,7.92131578524577e-02,7.92133209459383e-02,7.91154763872992e-02,lamp_kernel
3.087645e+02,3821,8.75560509624461e-08,7.92130388337499e-02,7.92132006454137e-02,7.91159416050972e-02,lamp_kernel
3.104059e+02,3841,8.68774320405060e-08,7.92129216667033e-02,7.92130822242167e-02,7.91164019525824e-02,lamp_kernel
3.120473e+02,3861,8.62174482819850e-08,7.92128063130222e-02,7.92129656508247e-02,7.91168573592033e-02,lamp_kernel
3.136888e+02,3881,8.55740449495528e-08,7.92126927354366e-02,7.92128508841704e-02,7.91173080316811e-02,lamp_kernel
3.153304e+02,3901,8.49478699893712e-08,7.92125808976687e-02,7.92127378891734e-02,7.91177540582948e-02,lamp_kernel
3.169720e+02,3921,8.43331690414884e-08,7.92124707643998e-02,7.92126266198804e-02,7.91181955097671e-02,lamp_kernel
3.186137e+02,3941,8.37254709943192e-08,7.92123623012423e-02,7.92125170336407e-02,7.91186324554038e-02,lamp_kernel
3.202554e+02,3961,8.31261043370348e-08,7.92122554747023e-02,7.92124090994159e-02,7.91190648631667e-02,lamp_kernel
3.218972e+02,3981,8.25339862404773e-08,7.92121502521598e-02,7.92123027825844e-02,7.91194928323743e-02,lamp_kernel
3.235391e+02,4001,8.19548864635018e-08,7.92120466018322e-02,7.92121980620271e-02,7.91199163626768e-02,lamp_kernel
3.251811e+02,4021,8.13936140412767e-08,7.92119444927518e-02,7.92120949156634e-02,7.91203355262435e-02,lamp_kernel
3.268230e+02,4041,8.08452752145924e-08,7.92118438947400e-02,7.92119933042709e-02,7.91207503870393e-02,lamp_kernel
3.284650e+02,4061,8.03063167708031e-08,7.92117447783793e-02,7.92118931918652e-02,7.91211610459837e-02,lamp_kernel
3.301071e+02,4081,7.97846033159551e-08,7.92116471149889e-02,7.92117945643002e-02,7.91215676348218e-02,lamp_kernel
3.317492e+02,4101,7.92832329076800e-08,7.92115508766050e-02,7.92116973993375e-02,7.91219701918439e-02,lamp_kernel
3.333913e+02,4121,7.87985801686289e-08,7.92114560359553e-02,7.92116016630048e-02,7.91223687997704e-02,lamp_kernel
3.350335e+02,4141,7.83328396252353e-08,7.92113625664358e-02,7.92115073327538e-02,7.91227634997135e-02,lamp_kernel
3.366757e+02,4161,7.78777955644165e-08,7.92112704420938e-02,7.92114143674483e-02,7.91231543451531e-02,lamp_kernel
3.383180e+02,4181,7.74329647964592e-08,7.92111796376037e-02,7.92113227408699e-02,7.91235413901660e-02,lamp_kernel
3.399603e+02,4201,7.69983795606756e-08,7.92110901282494e-02,7.92112324283620e-02,7.91239245906715e-02,lamp_kernel
3.416026e+02,4221,7.65701700107872e-08,7.92110018899052e-02,7.92111433986470e-02,7.91243039516940e-02,lamp_kernel
3.432450e+02,4241,7.61530853442629e-08,7.92109148990174e-02,7.92110556369483e-02,7.91246793796633e-02,lamp_kernel
3.448874e+02,4261,7.57437311601640e-08,7.92108291325881e-02,7.92109691139947e-02,7.91250511646067e-02,lamp_kernel
3.465298e+02,4281,7.53382742968040e-08,7.92107445681554e-02,7.92108838002402e-02,7.91254192650821e-02,lamp_kernel
3.481724e+02,4301,7.49374184131797e-08,7.92106611837803e-02,7.92107996750465e-02,7.91257837173075e-02,lamp_kernel
3.498150e+02,4321,7.45439138119986e-08,7.92105789580305e-02,7.92107167220639e-02,7.91261447532188e-02,lamp_kernel
3.514576e+02,4341,7.41576292574002e-08,7.92104978699627e-02,7.92106349201065e-02,7.91265023312695e-02,lamp_kernel
3.531001e+02,4361,7.37800529688638e-08,7.92104178991110e-02,7.92105542514590e-02,7.91268563011611e-02,lamp_kernel
3.547427e+02,4381,7.34117042756856e-08,7.92103390254722e-02,7.92104746970778e-02,7.91272070265304e-02,lamp_kernel
3.563854e+02,4401,7.30426022307191e-08,7.92102612294911e-02,7.92103962189620e-02,7.91275545513990e-02,lamp_kernel
3.580281e+02,4421,7.26752284749196e-08,7.92101844920471e-02,7.92103188025774e-02,7.91278988387304e-02,lamp_kernel
3.596707e+02,4441,7.23111509836530e-08,7.92101087944435e-02,7.92102424321250e-02,7.91282399110531e-02,lamp_kernel
3.613134e+02,4461,7.19506717812473e-08,7.92100341183951e-02,7.92101670898777e-02,7.91285778959535e-02,lamp_kernel
3.629561e+02,4481,7.15939428469604e-08,7.92099604460137e-02,7.92100927582284e-02,7.91289128507044e-02,lamp_kernel
3.645989e+02,4501,7.12355777041045e-08,7.92098877597999e-02,7.92100194097227e-02,7.91292447392406e-02,lamp_kernel
3.662417e+02,4521,7.08750266948663e-08,7.92098160426309e-02,7.92099470262222e-02,7.91295736508814e-02,lamp_kernel
3.678845e+02,4541,7.05135106405453e-08,7.92097452777502e-02,7.92098755932264e-02,7.91298996434069e-02,lamp_kernel
3.695274e+02,4561,7.01500186112220e-08,7.92096754487579e-02,7.92098050924673e-02,7.91302226884351e-02,lamp_kernel
3.711702e+02,4581,6.97898445541563e-08,7.92096065396006e-02,7.92097355176751e-02,7.91305428285395e-02,lamp_kernel
3.728131e+02,4601,6.94301684831533e-08,7.92095385345613e-02,7.92096668479213e-02,7.91308601683015e-02,lamp_kernel
3.744560e+02,4621,6.90686562804501e-08,7.92094714182523e-02,7.92095990635043e-02,7.91311747435762e-02,lamp_kernel
3.760989e+02,4641,6.87093510434506e-08,7.92094051756042e-02,7.92095321568270e-02,7.91314865949040e-02,lamp_kernel
3.777419e+02,4661,6.83501761895962e-08,7.92093397918581e-02,7.92094661092926e-02,7.91317957210692e-02,lamp_kernel
3.793848e+02,4681,6.79877121438997e-08,7.92092752525583e-02,7.92094009001258e-02,7.91321021430744e-02,lamp_kernel
3.810278e+02,4701,6.76271773575711e-08,7.92092115435430e-02,7.92093365248089e-02,7.91324059452330e-02,lamp_kernel
3.826707e+02,4721,6.72707252606736e-08,7.92091486509373e-02,7.92092729734468e-02,7.91327071606878e-02,lamp_kernel
3.843137e+02,4741,6.69107158111456e-08,7.92090865611463e-02,7.92092102183252e-02,7.91330058220254e-02,lamp_kernel
3.859567e+02,4761,6.65469727536343e-08,7.92090252608468e-02,7.92091482457949e-02,7.91333019612882e-02,lamp_kernel
3.875997e+02,4781,6.61806766840219e-08,7.92089647369814e-02,7.92090870449806e-02,7.91335956099838e-02,lamp_kernel
3.892427e+02,4801,6.58134968303798e-08,7.92089049767515e-02,7.92090266061684e-02,7.91338867990986e-02,lamp_kernel
3.908858e+02,4821,6.54468177863377e-08,7.92088459676124e-02,7.92089669193725e-02,7.91341755273640e-02,lamp_kernel
3.925289e+02,4841,6.50818515043689e-08,7.92087876972646e-02,7.92089079745334e-02,7.91344618284791e-02,lamp_kernel
3.941720e+02,4861,6.47152068074644e-08,7.92087301536501e-02,7.92088497533256e-02,7.91347457606830e-02,lamp_kernel
3.958151e+02,4881,6.43468587612667e-08,7.92086733249463e-02,7.92087922438806e-02,7.91350273486148e-02,lamp_kernel
3.974583e+02,4901,6.39776645393754e-08,7.92086171995593e-02,7.92087354361887e-02,7.91353065288428e-02,lamp_kernel
3.991014e+02,4921,6.36065465176967e-08,7.92085617661191e-02,7.92086793168881e-02,7.91355833296031e-02,lamp_kernel
4.007445e+02,4941,6.32316448535311e-08,7.92085070134777e-02,7.92086238713939e-02,7.91358578123946e-02,lamp_kernel
4.023877e+02,4961,6.28521979356812e-08,7.92084529306969e-02,7.92085690873602e-02,7.91361300348478e-02,lamp_kernel
4.040309e+02,4981,6.24699922771936e-08,7.92083995070509e-02,7.92085149573628e-02,7.91364000043797e-02,lamp_kernel
4.056740e+02,5001,6.20888532821703e-08,7.92083467320162e-02,7.92084614779480e-02,7.91366678022875e-02,lamp_kernel
4.073172e+02,5021,6.17060434563793e-08,7.92082945952713e-02,7.92084086337353e-02,7.91369334544327e-02,lamp_kernel
4.089604e+02,5041,6.13214785659315e-08,7.92082430866891e-02,7.92083564144416e-02,7.91371969862690e-02,lamp_kernel
4.106036e+02,5061,6.09344015695304e-08,7.92081921963349e-02,7.92083048087334e-02,7.91374584228500e-02,lamp_kernel
4.122469e+02,5081,6.05472881294268e-08,7.92081419144608e-02,7.92082538114379e-02,7.91377177865263e-02,lamp_kernel
4.138901e+02,5101,6.01610908090455e-08,7.92080922315038e-02,7.92082034147527e-02,7.91379750900888e-02,lamp_kernel
4.155333e+02,5121,5.97759103023435e-08,7.92080431380818e-02,7.92081536094816e-02,7.91382303716242e-02,lamp_kernel
4.172064e+02,5141,5.93896410751272e-08,7.92079946249864e-02,7.92081043825249e-02,7.91384836546575e-02,lamp_kernel
4.188497e+02,5161,5.90016198676118e-08,7.92079466831840e-02,7.92080557236235e-02,7.91387349149678e-02,lamp_kernel
4.204931e+02,5181,5.86126055390410e-08,7.92078993038104e-02,7.92080076253156e-02,7.91389841286268e-02,lamp_kernel
4.221363e+02,5201,5.82258627953840e-08,7.92078524781664e-02,7.92079600849353e-02,7.91392313218309e-02,lamp_kernel
4.237796e+02,5221,5.78402410740878e-08,7.92078061977163e-02,7.92079130918207e-02,7.91394765937950e-02,lamp_kernel
4.254228e+02,5241,5.74547329163389e-08,7.92077604540832e-02,7.92078666357329e-02,7.91397198608602e-02,lamp_kernel
4.270661e+02,5261,5.70699511727506e-08,7.92077152390471e-02,7.92078207095846e-02,7.91399612165399e-02,lamp_kernel
4.287094e+02,5281,5.66875110637717e-08,7.92076705445404e-02,7.92077753082933e-02,7.91402006269886e-02,lamp_kernel
4.303527e+02,5301,5.63076649932533e-08,7.92076263626467e-02,7.92077304244090e-02,7.91404381823068e-02,lamp_kernel
4.319959e+02,5321,5.59354964626314e-08,7.92075826855946e-02,7.92076860595551e-02,7.91406738292144e-02,lamp_kernel
4.336392e+02,5341,5.55674490143418e-08,7.92075395057596e-02,7.92076421995344e-02,7.91409076214426e-02,lamp_kernel
4.352826e+02,5361,5.52018590690362e-08,7.92074968156569e-02,7.92075988337877e-02,7.91411396313845e-02,lamp_kernel
4.369259e+02,5381,5.48394724463606e-08,7.92074546079414e-02,7.92075559563483e-02,7.91413698262330e-02,lamp_kernel
4.385693e+02,5401,5.44782167184388e-08,7.92074128754038e-02,7.92075135561768e-02,7.91415982568155e-02,lamp_kernel
4.402126e+02,5421,5.41184332968598e-08,7.92073716109672e-02,7.92074716268272e-02,7.91418249370330e-02,lamp_kernel
4.418559e+02,5441,5.37605100986081e-08,7.92073308076879e-02,7.92074301620728e-02,7.91420499337436e-02,lamp_kernel
4.434992e+02,5461,5.34036598926594e-08,7.92072904587476e-02,7.92073891536404e-02,7.91422732054315e-02,lamp_kernel
4.451425e+02,5481,5.30481108677987e-08,7.92072505574552e-02,7.92073485952605e-02,7.91424947751003e-02,lamp_kernel
4.467859e+02,5501,5.26932935926612e-08,7.92072110972412e-02,7.92073084793115e-02,7.91427145821796e-02,lamp_kernel
4.484293e+02,5521,5.23433664608008e-08,7.92071720716567e-02,7.92072688070293e-02,7.91429326050039e-02,lamp_kernel
4.500727e+02,5541,5.19964783665287e-08,7.92071334743726e-02,7.92072295686640e-02,7.91431489286306e-02,lamp_kernel
4.517161e+02,5561,5.16524939202328e-08,7.92070952991729e-02,7.92071907577493e-02,7.91433636598242e-02,lamp_kernel
4.533594e+02,5581,5.13127022594014e-08,7.92070575399567e-02,7.92071523705668e-02,7.91435768452839e-02,lamp_kernel
4.550028e+02,5601,5.09780325128526e-08,7.92070201907322e-02,7.92071144028417e-02,7.91437884873105e-02,lamp_kernel
4.566462e+02,5621,5.06469228550823e-08,7.92069832456178e-02,7.92070768458060e-02,7.91439985643896e-02,lamp_kernel
4.582896e+02,5641,5.03182099412123e-08,7.92069466988359e-02,7.92070396915324e-02,7.91442071470519e-02,lamp_kernel
4.599330e+02,5661,4.99925865396916e-08,7.92069105447159e-02,7.92070029356303e-02,7.91444142511021e-02,lamp_kernel
4.615764e+02,5681,4.96685082687383e-08,7.92068747776870e-02,7.92069665696749e-02,7.91446198921230e-02,lamp_kernel
4.632198e+02,5701,4.93478035195038e-08,7.92068393922787e-02,7.92069305915745e-02,7.91448240702525e-02,lamp_kernel
4.648632e+02,5721,4.90332356379788e-08,7.92068043831190e-02,7.92068950010644e-02,7.91450267999958e-02,lamp_kernel
4.665066e+02,5741,4.87212671112928e-08,7.92067697449289e-02,7.92068597863276e-02,7.91452281123682e-02,lamp_kernel
4.681501e+02,5761,4.84150655838195e-08,7.92067354725252e-02,7.92068249480353e-02,7.91454280221084e-02,lamp_kernel
4.697935e+02,5781,4.81133545717368e-08,7.92067015608165e-02,7.92067904787368e-02,7.91456265319959e-02,lamp_kernel
4.714369e+02,5801,4.78163660854655e-08,7.92066680047985e-02,7.92067563738566e-02,7.91458236364149e-02,lamp_kernel
4.730804e+02,5821,4.75265404799503e-08,7.92066347995556e-02,7.92067226329893e-02,7.91460193747778e-02,lamp_kernel
4.747239e+02,5841,4.72453911888406e-08,7.92066019402600e-02,7.92066892541038e-02,7.91462137431442e-02,lamp_kernel
4.763673e+02,5861,4.69682938830566e-08,7.92065694221631e-02,7.92066562239055e-02,7.91464067741341e-02,lamp_kernel
4.780108e+02,5881,4.66941225677421e-08,7.92065372406030e-02,7.92066235356515e-02,7.91465984878252e-02,lamp_kernel
4.796542e+02,5901,4.64218361784054e-08,7.92065053909954e-02,7.92065911828335e-02,7.91467888514341e-02,lamp_kernel
4.812977e+02,5921,4.61520767356788e-08,7.92064738688362e-02,7.92065591621340e-02,7.91469778803131e-02,lamp_kernel
4.829412e+02,5941,4.58850831260111e-08,7.92064426696960e-02,7.92065274695650e-02,7.91471656188599e-02,lamp_kernel
4.845848e+02,5961,4.56205353048974e-08,7.92064117892226e-02,7.92064961001828e-02,7.91473520939786e-02,lamp_kernel
4.862282e+02,5981,4.53593765383599e-08,7.92063812231356e-02,7.92064650514502e-02,7.91475372913795e-02,lamp_kernel
4.878717e+02,6001,4.51036044783174e-08,7.92063509672290e-02,7.92064343228533e-02,7.91477212113584e-02,lamp_kernel
4.895152e+02,6021,4.48526183250732e-08,7.92063210173640e-02,7.92064039091426e-02,7.91479039060445e-02,lamp_kernel
4.911587e+02,6041,4.46048316745309e-08,7.92062913694736e-02,7.92063738033196e-02,7.91480853731232e-02,lamp_kernel
4.928022e+02,6061,4.43598138228376e-08,7.92062620195557e-02,7.92063440005862e-02,7.91482655754498e-02,lamp_kernel
4.944458e+02,6081,4.41174874207901e-08,7.92062329636751e-02,7.92063144968640e-02,7.91484445812163e-02,lamp_kernel
4.960893e+02,6101,4.38806858510124e-08,7.92062041979636e-02,7.92062852935213e-02,7.91486223796870e-02,lamp_kernel
4.977327e+02,6121,4.36467082282630e-08,7.92061757186127e-02,7.92062563817582e-02,7.91487990083667e-02,lamp_kernel
4.993763e+02,6141,4.34178037487493e-08,7.92061475218785e-02,7.92062277619874e-02,7.91489744835402e-02,lamp_kernel
5.010198e+02,6161,4.31921480858729e-08,7.92061196040745e-02,7.92061994271509e-02,7.91491488164283e-02,lamp_kernel
5.026633e+02,6181,4.29713999299924e-08,7.92060919615782e-02,7.92061713766917e-02,7.91493220181063e-02,lamp_kernel
5.043068e+02,6201,4.27608180202539e-08,7.92060645908215e-02,7.92061436167602e-02,7.91494940995084e-02,lamp_kernel
5.059503e+02,6221,4.25539218245202e-08,7.92060374882950e-02,7.92061161318704e-02,7.91496650714274e-02,lamp_kernel
5.075939e+02,6241,4.23481767069722e-08,7.92060106505447e-02,7.92060889138841e-02,7.91498349445194e-02,lamp_kernel
5.092375e+02,6261,4.21435008552449e-08,7.92059840741706e-02,7.92060619592501e-02,7.91500037293041e-02,lamp_kernel
5.108810e+02,6281,4.19409275472187e-08,7.92059577558281e-02,7.92060352665334e-02,7.91501714361675e-02,lamp_kernel
5.125245e+02,6301,4.17415003473998e-08,7.92059316922224e-02,7.92060088343679e-02,7.91503380753649e-02,lamp_kernel
5.141681e+02,6321,4.15442059204179e-08,7.92059058801114e-02,7.92059826576386e-02,7.91505036570215e-02,lamp_kernel
5.158117e+02,6341,4.13490020780001e-08,7.92058803163043e-02,7.92059567330768e-02,7.91506681868048e-02,lamp_kernel
5.174553e+02,6361,4.11558998174716e-08,7.92058549976580e-02,7.92059310575597e-02,7.91508316559384e-02,lamp_kernel
5.190988e+02,6381,4.09641650072402e-08,7.92058299210779e-02,7.92059056266360e-02,7.91509940609714e-02,lamp_kernel
5.207424e+02,6401,4.07730537563574e-08,7.92058050835201e-02,7.92058804358869e-02,7.91511553946905e-02,lamp_kernel
5.223860e+02,6421,4.05857533607334e-08,7.92057804819826e-02,7.92058554882010e-02,7.91513156887744e-02,lamp_kernel
5.240296e+02,6441,4.03989904954145e-08,7.92057561135140e-02,7.92058307745773e-02,7.91514749017617e-02,lamp_kernel
5.256733e+02,6461,4.02120919823628e-08,7.92057319752042e-02,7.92058062908619e-02,7.91516331240765e-02,lamp_kernel
5.273170e+02,6481,4.00275921370951e-08,7.92057080641894e-02,7.92057820388743e-02,7.91517903676096e-02,lamp_kernel
5.289605e+02,6501,3.98437911263102e-08,7.92056843776477e-02,7.92057580126514e-02,7.91519466413866e-02,lamp_kernel
5.306042e+02,6521,3.96614247811518e-08,7.92056609128006e-02,7.92057342107745e-02,7.91521019476732e-02,lamp_kernel
5.322478e+02,6541,3.94803493229019e-08,7.92056376669099e-02,7.92057106302396e-02,7.91522563011539e-02,lamp_kernel
5.338914e+02,6561,3.92995317951939e-08,7.92056146372798e-02,7.92056872664421e-02,7.91524097114319e-02,lamp_kernel
5.355351e+02,6581,3.91186680463054e-08,7.92055918212544e-02,7.92056641161637e-02,7.91525621871003e-02,lamp_kernel
5.371787e+02,6601,3.89371522899881e-08,7.92055692162151e-02,7.92056411756665e-02,7.91527137366483e-02,lamp_kernel
5.388223e+02,6621,3.87549100500434e-08,7.92055468195849e-02,7.92056184422359e-02,7.91528643684629e-02,lamp_kernel
5.404659e+02,6641,3.85734221617143e-08,7.92055246288229e-02,7.92055959160674e-02,7.91530140908303e-02,lamp_kernel
5.421096e+02,6661,3.83941457217911e-08,7.92055026414274e-02,7.92055735973526e-02,7.91531629119376e-02,lamp_kernel
5.437532e+02,6681,3.82150803532063e-08,7.92054808549318e-02,7.92055514799276e-02,7.91533108398746e-02,lamp_kernel
5.453968e+02,6701,3.80379321965862e-08,7.92054592669067e-02,7.92055295645164e-02,7.91534578826339e-02,lamp_kernel
5.470405e+02,6721,3.78613516621119e-08,7.92054378749581e-02,7.92055078462307e-02,7.91536040481148e-02,lamp_kernel
5.486841e+02,6741,3.76847260141264e-08,7.92054166767280e-02,7.92054863215801e-02,7.91537493441216e-02,lamp_kernel
5.503278e+02,6761,3.75079862598448e-08,7.92053956698907e-02,7.92054649881114e-02,7.91538937783677e-02,lamp_kernel
5.519714e+02,6781,3.73344497954555e-08,7.92053748521559e-02,7.92054438496652e-02,7.91540373237961e-02,lamp_kernel
5.536151e+02,6801,3.71618266100102e-08,7.92053542212653e-02,7.92054228997510e-02,7.91541799400945e-02,lamp_kernel
5.552588e+02,6821,3.69886721419188e-08,7.92053337749940e-02,7.92054021334743e-02,7.91543217031002e-02,lamp_kernel
5.569025e+02,6841,3.68151423276104e-08,7.92053135111491e-02,7.92053815489302e-02,7.91544626261066e-02,lamp_kernel
5.585461e+02,6861,3.66422959917744e-08,7.92052934275685e-02,7.92053611459137e-02,7.91546027260863e-02,lamp_kernel
5.601897e+02,6881,3.64732706989960e-08,7.92052735221234e-02,7.92053409280942e-02,7.91547420102131e-02,lamp_kernel
5.618334e+02,6901,3.63039299106240e-08,7.92052537927129e-02,7.92053208857263e-02,7.91548804711554e-02,lamp_kernel
5.634771e+02,6921,3.61344297018693e-08,7.92052342372662e-02,7.92053010170276e-02,7.91550180482672e-02,lamp_kernel
5.651209e+02,6941,3.59658188875645e-08,7.92052148537444e-02,7.92052813218974e-02,7.91551548309473e-02,lamp_kernel
5.667646e+02,6961,3.57976507622174e-08,7.92051956401355e-02,7.92052617974983e-02,7.91552908267499e-02,lamp_kernel
5.684083e+02,6981,3.56304060273411e-08,7.92051765944591e-02,7.92052424427382e-02,7.91554260424843e-02,lamp_kernel
5.700520e+02,7001,3.54653811324085e-08,7.92051577147595e-02,7.92052232580574e-02,7.91555604848279e-02,lamp_kernel
5.716956e+02,7021,3.52995581454780e-08,7.92051389991113e-02,7.92052042359530e-02,7.91556941603817e-02,lamp_kernel
5.733393e+02,7041,3.51334969826231e-08,7.92051204456169e-02,7.92051853755623e-02,7.91558270756720e-02,lamp_kernel
5.749830e+02,7061,3.49697361334374e-08,7.92051020524026e-02,7.92051666797027e-02,7.91559591858118e-02,lamp_kernel
5.766266e+02,7081,3.48067480772303e-08,7.92050838176235e-02,7.92051481437067e-02,7.91560905409310e-02,lamp_kernel
5.782703e+02,7101,3.46454417141464e-08,7.92050657394617e-02,7.92051297674359e-02,7.91562211553810e-02,lamp_kernel
5.799140e+02,7121,3.44844987346405e-08,7.92050478161221e-02,7.92051115466587e-02,7.91563510353946e-02,lamp_kernel
5.815577e+02,7141,3.43236605452045e-08,7.92050300458373e-02,7.92050934791302e-02,7.91564801871359e-02,lamp_kernel
5.832015e+02,7161,3.41623081677562e-08,7.92050124268627e-02,7.92050755619615e-02,7.91566086166992e-02,lamp_kernel
5.848452e+02,7181,3.40005363873206e-08,7.92049949574799e-02,7.92050577936095e-02,7.91567363301120e-02,lamp_kernel
5.864889e+02,7201,3.38383843811019e-08,7.92049776359936e-02,7.92050401724513e-02,7.91568632929219e-02,lamp_kernel
5.881325e+02,7221,3.36765675278174e-08,7.92049604607337e-02,7.92050226981389e-02,7.91569895352379e-02,lamp_kernel
5.897763e+02,7241,3.35150387279221e-08,7.92049434300509e-02,7.92050053689360e-02,7.91571150487647e-02,lamp_kernel
5.914199e+02,7261,3.33553079474621e-08,7.92049265423225e-02,7.92049881860104e-02,7.91572398514548e-02,lamp_kernel
5.930637e+02,7281,3.31964703874405e-08,7.92049097959458e-02,7.92049711460872e-02,7.91573639629282e-02,lamp_kernel
5.947073e+02,7301,3.30385195629654e-08,7.92048931893422e-02,7.92049542475759e-02,7.91574873914342e-02,lamp_kernel
5.963511e+02,7321,3.28815417937132e-08,7.92048767209539e-02,7.92049374890782e-02,7.91576100949083e-02,lamp_kernel
5.979948e+02,7341,3.27253594236391e-08,7.92048603892452e-02,7.92049208687301e-02,7.91577321180544e-02,lamp_kernel
5.996385e+02,7361,3.25707580505461e-08,7.92048441927027e-02,7.92049043864700e-02,7.91578534779023e-02,lamp_kernel
6.012822e+02,7381,3.24174895177504e-08,7.92048281298332e-02,7.92048880403461e-02,7.91579741798342e-02,lamp_kernel
6.029260e+02,7401,3.22656101336234e-08,7.92048121991626e-02,7.92048718289883e-02,7.91580942091611e-02,lamp_kernel
6.045697e+02,7421,3.21151216060881e-08,7.92047963992409e-02,7.92048557509499e-02,7.91582135689780e-02,lamp_kernel
6.062134e+02,7441,3.19658116743649e-08,7.92047807286366e-02,7.92048398044071e-02,7.91583322870336e-02,lamp_kernel
6.078572e+02,7461,3.18185114207892e-08,7.92047651859355e-02,7.92048239894816e-02,7.91584503684793e-02,lamp_kernel
6.095009e+02,7481,3.16731893236265e-08,7.92047497697454e-02,7.92048083047227e-02,7.91585678184115e-02,lamp_kernel
6.111446e+02,7501,3.15292252671037e-08,7.92047344786943e-02,7.92047927476128e-02,7.91586846370738e-02,lamp_kernel
6.127884e+02,7521,3.13857663645318e-08,7.92047193114264e-02,7.92047773152196e-02,7.91588008327455e-02,lamp_kernel
6.144321e+02,7541,3.12429953356881e-08,7.92047042666072e-02,7.92047620065464e-02,7.91589164118965e-02,lamp_kernel
6.160759e+02,7561,3.11022099969421e-08,7.92046893429183e-02,7.92047468226732e-02,7.91590313794110e-02,lamp_kernel
6.177196e+02,7581,3.09628481002191e-08,7.92046745390607e-02,7.92047317612619e-02,7.91591457250175e-02,lamp_kernel
6.193633e+02,7601,3.08240187044514e-08,7.92046598537534e-02,7.92047168193851e-02,7.91592594339449e-02,lamp_kernel
6.210070e+02,7621,3.06865172525820e-08,7.92046452857332e-02,7.92047019972495e-02,7.91593725227429e-02,lamp_kernel
6.226507e+02,7641,3.05512464682743e-08,7.92046308337513e-02,7.92046872952747e-02,7.91594850053939e-02,lamp_kernel
6.242945e+02,7661,3.04172985747979e-08,7.92046164965812e-02,7.92046727105566e-02,7.91595969009738e-02,lamp_kernel
6.259382e+02,7681,3.02836391314492e-08,7.92046022730080e-02,7.92046582399684e-02,7.91597082008006e-02,lamp_kernel
6.275820e+02,7701,3.01506684810726e-08,7.92045881618363e-02,7.92046438830547e-02,7.91598189120041e-02,lamp_kernel
6.292258e+02,7721,3.00206627579648e-08,7.92045741618855e-02,7.92046296428413e-02,7.91599290499172e-02,lamp_kernel
6.308695e+02,7741,2.98920181461606e-08,7.92045602719923e-02,7.92046155152010e-02,7.91600386189756e-02,lamp_kernel
6.325132e+02,7761,2.97662940784413e-08,7.92045464910072e-02,7.92046015018661e-02,7.91601476235707e-02,lamp_kernel
6.341570e+02,7781,2.96418285980445e-08,7.92045328177998e-02,7.92045875986351e-02,7.91602560591682e-02,lamp_kernel
6.358007e+02,7801,2.95184180594865e-08,7.92045192512499e-02,7.92045738040111e-02,7.91603639172471e-02,lamp_kernel
6.374445e+02,7821,2.93981184935807e-08,7.92045057902570e-02,7.92045601206935e-02,7.91604711824325e-02,lamp_kernel
6.390883e+02,7841,2.92800622207994e-08,7.92044924337319e-02,7.92045465459895e-02,7.91605779008711e-02,lamp_kernel
6.407321e+02,7861,2.91655900607888e-08,7.92044791806023e-02,7.92045330813048e-02,7.91606840767298e-02,lamp_kernel
6.423759e+02,7881,2.90525836822141e-08,7.92044660298108e-02,7.92045197216670e-02,7.91607897141341e-02,lamp_kernel
6.440196e+02,7901,2.89407348575275e-08,7.92044529803095e-02,7.92045064654588e-02,7.91608948040833e-02,lamp_kernel
6.456634e+02,7921,2.88295234601426e-08,7.92044400310716e-02,7.92044933106920e-02,7.91609993437238e-02,lamp_kernel
6.473072e+02,7941,2.87188383045861e-08,7.92044271810777e-02,7.92044802561417e-02,7.91611033465059e-02,lamp_kernel
6.489510e+02,7961,2.86092083039024e-08,7.92044144293243e-02,7.92044673017820e-02,7.91612068273497e-02,lamp_kernel
6.505948e+02,7981,2.84998561239826e-08,7.92044017748229e-02,7.92044544451877e-02,7.91613097399885e-02,lamp_kernel
6.522387e+02,8001,2.83904238955781e-08,7.92043892165932e-02,7.92044416847171e-02,7.91614120767912e-02,lamp_kernel
6.538825e+02,8021,2.82812400181470e-08,7.92043767536733e-02,7.92044290200153e-02,7.91615138774472e-02,lamp_kernel
6.555263e+02,8041,2.81725618185656e-08,7.92043643851110e-02,7.92044164506056e-02,7.91616151729113e-02,lamp_kernel
6.571701e+02,8061,2.80658951991175e-08,7.92043521099666e-02,7.92044039783315e-02,7.91617159669341e-02,lamp_kernel
6.588140e+02,8081,2.79606962721807e-08,7.92043399273141e-02,7.92043916012617e-02,7.91618162601425e-02,lamp_kernel
6.604578e+02,8101,2.78584270989477e-08,7.92043278362362e-02,7.92043793211809e-02,7.91619160470571e-02,lamp_kernel
6.621017e+02,8121,2.77570875692425e-08,7.92043158358320e-02,7.92043671334919e-02,7.91620153436721e-02,lamp_kernel
6.637456e+02,8141,2.76564458641013e-08,7.92043039252073e-02,7.92043550368720e-02,7.91621141433524e-02,lamp_kernel
6.653894e+02,8161,2.75565923156029e-08,7.92042921034816e-02,7.92043430306077e-02,7.91622124399997e-02,lamp_kernel
6.670332e+02,8181,2.74575666791286e-08,7.92042803697883e-02,7.92043311139059e-02,7.91623102411972e-02,lamp_kernel
6.686770e+02,8201,2.73601090489016e-08,7.92042687232682e-02,7.92043192872751e-02,7.91624075667025e-02,lamp_kernel
6.703208e+02,8221,2.72637169125974e-08,7.92042571630741e-02,7.92043075489395e-02,7.91625044199785e-02,lamp_kernel
6.719646e+02,8241,2.71694864766850e-08,7.92042456883713e-02,7.92042959000901e-02,7.91626008044549e-02,lamp_kernel
6.736084e+02,8261,2.70761597782489e-08,7.92042342983323e-02,7.92042843375747e-02,7.91626967233411e-02,lamp_kernel
6.752523e+02,8281,2.69843263873159e-08,7.92042229921429e-02,7.92042728616688e-02,7.91627921758539e-02,lamp_kernel
6.768961e+02,8301,2.68938086506886e-08,7.92042117689966e-02,7.92042614712374e-02,7.91628871697262e-02,lamp_kernel
6.785400e+02,8321,2.68042034564384e-08,7.92042006281004e-02,7.92042501647425e-02,7.91629817082569e-02,lamp_kernel
6.801838e+02,8341,2.67170006082240e-08,7.92041895686683e-02,7.92042389441515e-02,7.91630757654116e-02,lamp_kernel
6.818276e+02,8361,2.66315185699154e-08,7.92041785899245e-02,7.92042278074290e-02,7.91631693622439e-02,lamp_kernel
6.834714e+02,8381,2.65478621386105e-08,7.92041676911035e-02,7.92042167540032e-02,7.91632625072516e-02,lamp_kernel
6.851153e+02,8401,2.64655091584117e-08,7.92041568714474e-02,7.92042057821511e-02,7.91633552101794e-02,lamp_kernel
6.867592e+02,8421,2.63836343575875e-08,7.92041461302107e-02,7.92041948896023e-02,7.91634474741686e-02,lamp_kernel
6.884030e+02,8441,2.63040368087760e-08,7.92041354666527e-02,7.92041840789406e-02,7.91635393023323e-02,lamp_kernel
6.900469e+02,8461,2.62253347716450e-08,7.92041248800458e-02,7.92041733468851e-02,7.91636306977530e-02,lamp_kernel
6.916907e+02,8481,2.61474890864564e-08,7.92041143696703e-02,7.92041626926437e-02,7.91637216634850e-02,lamp_kernel
6.933346e+02,8501,2.60698328189458e-08,7.92041039348112e-02,7.92041521142686e-02,7.91638122025533e-02,lamp_kernel
6.949784e+02,8521,2.59934620881812e-08,7.92040935747679e-02,7.92041416130851e-02,7.91639023179550e-02,lamp_kernel
6.966223e+02,8541,2.59166458742301e-08,7.92040832888457e-02,7.92041311851994e-02,7.91639920126589e-02,lamp_kernel
6.982661e+02,8561,2.58402272361488e-08,7.92040730763556e-02,7.92041208314806e-02,7.91640812846767e-02,lamp_kernel
6.999100e+02,8581,2.57641085878340e-08,7.92040629366211e-02,7.92041105510719e-02,7.91641701400362e-02,lamp_kernel
7.015538e+02,8601,2.56881507787998e-08,7.92040528689705e-02,7.92041003430442e-02,7.91642585834854e-02,lamp_kernel
7.031976e+02,8621,2.56124064539807e-08,7.92040428727415e-02,7.92040902068327e-02,7.91643466178840e-02,lamp_kernel
7.048415e+02,8641,2.55365386725591e-08,7.92040329472801e-02,7.92040801411607e-02,7.91644342460650e-02,lamp_kernel
7.064853e+02,8661,2.54610915778042e-08,7.92040230919367e-02,7.92040701463840e-02,7.91645214708351e-02,lamp_kernel
7.081292e+02,8681,2.53855229371407e-08,7.92040133060724e-02,7.92040602208619e-02,7.91646082949753e-02,lamp_kernel
7.097732e+02,8701,2.53102627018724e-08,7.92040035890535e-02,7.92040503647552e-02,7.91646947212412e-02,lamp_kernel
7.114171e+02,8721,2.52350784042435e-08,7.92039939402565e-02,7.92040405770106e-02,7.91647807523628e-02,lamp_kernel
7.130610e+02,8741,2.51602769948652e-08,7.92039843590607e-02,7.92040308575749e-02,7.91648663910453e-02,lamp_kernel
7.147049e+02,8761,2.50853403304089e-08,7.92039748448558e-02,7.92040212048801e-02,7.91649516396489e-02,lamp_kernel
7.163488e+02,8781,2.50105510320215e-08,7.92039653970384e-02,7.92040116188453e-02,7.91650364706408e-02,lamp_kernel
7.179926e+02,8801,2.49359278060603e-08,7.92039560150098e-02,7.92040020989060e-02,7.91651209173946e-02,lamp_kernel
7.196365e+02,8821,2.48624538679978e-08,7.92039466981806e-02,7.92039926462903e-02,7.91652049701583e-02,lamp_kernel
7.212804e+02,8841,2.47881488522087e-08,7.92039374459634e-02,7.92039832567505e-02,7.91652886373582e-02,lamp_kernel
7.229242e+02,8861,2.47130077233463e-08,7.92039282577840e-02,7.92039739297033e-02,7.91653719281801e-02,lamp_kernel
7.245681e+02,8881,2.46371834586855e-08,7.92039191330682e-02,7.92039646648573e-02,7.91654548451591e-02,lamp_kernel
7.262120e+02,8901,2.45614963685038e-08,7.92039100712537e-02,7.92039554631661e-02,7.91655373908074e-02,lamp_kernel
7.278559e+02,8921,2.44858721506356e-08,7.92039010717793e-02,7.92039463239311e-02,7.91656195622845e-02,lamp_kernel
7.294998e+02,8941,2.44108890261101e-08,7.92038921340940e-02,7.92039372476702e-02,7.91657013526136e-02,lamp_kernel
7.311436e+02,8961,2.43370520055840e-08,7.92038832576494e-02,7.92039282347679e-02,7.91657827785657e-02,lamp_kernel
7.327875e+02,8981,2.42639323179553e-08,7.92038744419070e-02,7.92039192838935e-02,7.91658638431064e-02,lamp_kernel
7.344314e+02,9001,2.41923818744385e-08,7.92038656863290e-02,7.92039103960838e-02,7.91659445424077e-02,lamp_kernel
7.360753e+02,9021,2.41211008961154e-08,7.92038569903868e-02,7.92039015684077e-02,7.91660248827023e-02,lamp_kernel
7.377192e+02,9041,2.40495836454099e-08,7.92038483535573e-02,7.92038927994078e-02,7.91661048687619e-02,lamp_kernel
7.393632e+02,9061,2.39772196487505e-08,7.92038397753234e-02,7.92038840874385e-02,7.91661845029233e-02,lamp_kernel
7.410071e+02,9081,2.39045696454936e-08,7.92038312551706e-02,7.92038754330218e-02,7.91662637875030e-02,lamp_kernel
7.426510e+02,9101,2.38315564285593e-08,7.92038227925939e-02,7.92038668355099e-02,7.91663427247968e-02,lamp_kernel
7.442949e+02,9121,2.37578229579940e-08,7.92038143870917e-02,7.92038582937415e-02,7.91664213170805e-02,lamp_kernel
7.459388e+02,9141,2.36834465729716e-08,7.92038060381663e-02,7.92038498073616e-02,7.91664995666097e-02,lamp_kernel
7.475827e+02,9161,2.36083071496194e-08,7.92037977453264e-02,7.92038413756571e-02,7.91665774707963e-02,lamp_kernel
7.492789e+02,9181,2.35323441020813e-08,7.92037895080870e-02,7.92038329980310e-02,7.91666550027341e-02,lamp_kernel
7.509228e+02,9201,2.34557323017351e-08,7.92037813259676e-02,7.92038246743259e-02,7.91667321742714e-02,lamp_kernel
7.525667e+02,9221,2.33785162243341e-08,7.92037731984911e-02,7.92038164041470e-02,7.91668090091188e-02,lamp_kernel
7.542106e+02,9241,2.33010043305923e-08,7.92037651251878e-02,7.92038081875946e-02,7.91668855127036e-02,lamp_kernel
7.558546e+02,9261,2.32227061868265e-08,7.92037571055900e-02,7.92038000232945e-02,7.91669616871619e-02,lamp_kernel
7.574985e+02,9281,2.31449335301038e-08,7.92037491392365e-02,7.92037919132100e-02,7.91670375346113e-02,lamp_kernel
7.591425e+02,9301,2.30666924529288e-08,7.92037412256723e-02,7.92037838550491e-02,7.91671130571511e-02,lamp_kernel
7.607864e+02,9321,2.29878345739165e-08,7.92037333644446e-02,7.92037758480847e-02,7.91671882568625e-02,lamp_kernel
7.624303e+02,9341,2.29083020309467e-08,7.92037255551055e-02,7.92037678917621e-02,7.91672631079758e-02,lamp_kernel
7.640742e+02,9361,2.28280850586321e-08,7.92037177972127e-02,7.92037599856209e-02,7.91673376356285e-02,lamp_kernel
7.657182e+02,9381,2.27472278534068e-08,7.92037100903269e-02,7.92037521293036e-02,7.91674118467924e-02,lamp_kernel
7.673621e+02,9401,2.26659690561796e-08,7.92037024340162e-02,7.92037443228191e-02,7.91674857434775e-02,lamp_kernel
7.690060e+02,9421,2.25845979653162e-08,7.92036948278519e-02,7.92037365662735e-02,7.91675593276764e-02,lamp_kernel
7.706500e+02,9441,2.25029610535211e-08,7.92036872714036e-02,7.92037288589527e-02,7.91676326012445e-02,lamp_kernel
7.722941e+02,9461,2.24207914516121e-08,7.92036797642569e-02,7.92037211999490e-02,7.91677055584224e-02,lamp_kernel
7.739381e+02,9481,2.23382547296479e-08,7.92036723059912e-02,7.92037135891479e-02,7.91677782068455e-02,lamp_kernel
7.755822e+02,9501,2.22556001156833e-08,7.92036648961966e-02,7.92037060265998e-02,7.91678505506466e-02,lamp_kernel
7.772262e+02,9521,2.21730814518868e-08,7.92036575344622e-02,7.92036985123633e-02,7.91679225881017e-02,lamp_kernel
7.788703e+02,9541,2.20900669123631e-08,7.92036502203844e-02,7.92036910448671e-02,7.91679943205624e-02,lamp_kernel
7.805143e+02,9561,2.20071892535535e-08,7.92036429535648e-02,7.92036836248819e-02,7.91680657541302e-02,lamp_kernel
7.821584e+02,9581,2.19241041366609e-08,7.92036357336048e-02,7.92036762513729e-02,7.91681368906663e-02,lamp_kernel
7.838025e+02,9601,2.18404764203145e-08,7.92036285601129e-02,7.92036689233293e-02,7.91682077320164e-02,lamp_kernel
7.854466e+02,9621,2.17563016031593e-08,7.92036214327001e-02,7.92036616403536e-02,7.91682782800107e-02,lamp_kernel
7.870906e+02,9641,2.16716016743239e-08,7.92036143509825e-02,7.92036544021028e-02,7.91683485364646e-02,lamp_kernel
7.887347e+02,9661,2.15864409943643e-08,7.92036073145796e-02,7.92036472083150e-02,7.91684185031779e-02,lamp_kernel
7.903787e+02,9681,2.15006714737031e-08,7.92036003231117e-02,7.92036400583372e-02,7.91684881819357e-02,lamp_kernel
7.920228e+02,9701,2.14145101126526e-08,7.92035933762063e-02,7.92036329521976e-02,7.91685575745079e-02,lamp_kernel
7.936669e+02,9721,2.13281279221504e-08,7.92035864734955e-02,7.92036258898446e-02,7.91686266826507e-02,lamp_kernel
7.953111e+02,9741,2.12412342063275e-08,7.92035796146110e-02,7.92036188703724e-02,7.91686955081049e-02,lamp_kernel
7.969552e+02,9761,2.11541884354301e-08,7.92035727991881e-02,7.92036118940809e-02,7.91687640525975e-02,lamp_kernel
7.985993e+02,9781,2.10674933393319e-08,7.92035660268719e-02,7.92036049615442e-02,7.91688323150642e-02,lamp_kernel
8.002433e+02,9801,2.09805190030538e-08,7.92035592973056e-02,7.92035980712413e-02,7.91689002960945e-02,lamp_kernel
8.018874e+02,9821,2.08931752049687e-08,7.92035526101328e-02,7.92035912226490e-02,7.91689680012854e-02,lamp_kernel
8.035315e+02,9841,2.08055509973961e-08,7.92035459650090e-02,7.92035844155876e-02,7.91690354323084e-02,lamp_kernel
8.051755e+02,9861,2.07178497616362e-08,7.92035393615869e-02,7.92035776500856e-02,7.91691025778488e-02,lamp_kernel
8.068196e+02,9881,2.06300086117759e-08,7.92035327995239e-02,7.92035709256840e-02,7.91691694452835e-02,lamp_kernel
8.084637e+02,9901,2.05419358065244e-08,7.92035262784817e-02,7.92035642418752e-02,7.91692360436009e-02,lamp_kernel
8.101078e+02,9921,2.04542492860011e-08,7.92035197981238e-02,7.92035575994645e-02,7.91693023744184e-02,lamp_kernel
8.117518e+02,9941,2.03662159124301e-08,7.92035133581178e-02,7.92035509967647e-02,7.91693684393400e-02,lamp_kernel
8.133959e+02,9961,2.02779523387831e-08,7.92035069581347e-02,7.92035444336624e-02,7.91694342399563e-02,lamp_kernel
8.150401e+02,9981,2.01897291712857e-08,7.92035005978460e-02,7.92035379103291e-02,7.91694997778462e-02,lamp_kernel
8.166842e+02,10001,2.01012639579561e-08,7.92034942769304e-02,7.92035314259216e-02,7.91695650545748e-02,lamp_kernel
8.183282e+02,10021,2.00132017104996e-08,7.92034879950673e-02,7.92035249813113e-02,7.91696300716958e-02,lamp_kernel
8.199723e+02,10041,1.99259812172515e-08,7.92034817519387e-02,7.92035185769912e-02,7.91696948080853e-02,lamp_kernel
8.216165e+02,10061,1.98387938628051e-08,7.92034755472326e-02,7.92035122111548e-02,7.91697592824160e-02,lamp_kernel
8.232606e+02,10081,1.97514680552858e-08,7.92034693806339e-02,7.92035058831700e-02,7.91698235019359e-02,lamp_kernel
8.249047e+02,10101,1.96639061153287e-08,7.92034632518379e-02,7.92034995925514e-02,7.91698874681478e-02,lamp_kernel
8.265488e+02,10121,1.95762489266816e-08,7.92034571605373e-02,7.92034933392523e-02,7.91699511748846e-02,lamp_kernel
8.281929e+02,10141,1.94882362218380e-08,7.92034511064301e-02,7.92034871224895e-02,7.91700146191078e-02,lamp_kernel
8.298371e+02,10161,1.93997911378570e-08,7.92034450892161e-02,7.92034809418208e-02,7.91700778146125e-02,lamp_kernel
8.314812e+02,10181,1.93112534458645e-08,7.92034391085999e-02,7.92034747975787e-02,7.91701407628534e-02,lamp_kernel
8.331253e+02,10201,1.92225072450881e-08,7.92034331642844e-02,7.92034686892521e-02,7.91702034652732e-02,lamp_kernel
8.347694e+02,10221,1.91336795634197e-08,7.92034272559808e-02,7.92034626167868e-02,7.91702659233039e-02,lamp_kernel
8.364136e+02,10241,1.90456812857950e-08,7.92034213833974e-02,7.92034565815744e-02,7.91703281383654e-02,lamp_kernel
8.380578e+02,10261,1.89575676573661e-08,7.92034155462513e-02,7.92034505815861e-02,7.91703900937610e-02,lamp_kernel
8.397020e+02,10281,1.88696526917071e-08,7.92034097442559e-02,7.92034446171158e-02,7.91704518047324e-02,lamp_kernel
8.413462e+02,10301,1.87826923158376e-08,7.92034039771305e-02,7.92034386892796e-02,7.91705132771162e-02,lamp_kernel
8.429903e+02,10321,1.86963254210441e-08,7.92033982445997e-02,7.92034327971348e-02,7.91705745122883e-02,lamp_kernel
8.446346e+02,10341,1.86099024636518e-08,7.92033925463852e-02,7.92034269392027e-02,7.91706355116135e-02,lamp_kernel
8.462787e+02,10361,1.85230796192826e-08,7.92033868822140e-02,7.92034211145749e-02,7.91706962764456e-02,lamp_kernel
8.479229e+02,10381,1.84362407545863e-08,7.92033812518179e-02,7.92034153236925e-02,7.91707568081286e-02,lamp_kernel
8.495670e+02,10401,1.83495101982398e-08,7.92033756549241e-02,7.92034095665127e-02,7.91708171079961e-02,lamp_kernel
8.512111e+02,10421,1.82630083472912e-08,7.92033700912708e-02,7.92034038429959e-02,7.91708771773712e-02,lamp_kernel
8.528553e+02,10441,1.81772316384101e-08,7.92033645605937e-02,7.92033981537955e-02,7.91709370175671e-02,lamp_kernel
8.544996e+02,10461,1.80914243823886e-08,7.92033590626312e-02,7.92033924972533e-02,7.91709966298866e-02,lamp_kernel
8.561438e+02,10481,1.80055083625789e-08,7.92033535971249e-02,7.92033868729663e-02,7.91710560137605e-02,lamp_kernel
8.577880e+02,10501,1.79200371076224e-08,7.92033481638184e-02,7.92033812817011e-02,7.91711151714529e-02,lamp_kernel
8.594321e+02,10521,1.78358648521831e-08,7.92033427624591e-02,7.92033757247837e-02,7.91711741051524e-02,lamp_kernel
8.610763e+02,10541,1.77521274974701e-08,7.92033373927930e-02,7.92033702003632e-02,7.91712328161220e-02,lamp_kernel
8.627205e+02,10561,1.76698921373590e-08,7.92033320545725e-02,7.92033647101642e-02,7.91712913056160e-02,lamp_kernel
8.643647e+02,10581,1.75890150440955e-08,7.92033267475517e-02,7.92033592536750e-02,7.91713495748788e-02,lamp_kernel
8.660089e+02,10601,1.75082750872275e-08,7.92033214714817e-02,7.92033538283901e-02,7.91714076251450e-02,lamp_kernel
8.676531e+02,10621,1.74279075122660e-08,7.92033162261236e-02,7.92033484345054e-02,7.91714654576406e-02,lamp_kernel
8.692973e+02,10641,1.73476862633617e-08,7.92033110112358e-02,7.92033430713612e-02,7.91715230735823e-02,lamp_kernel
8.709415e+02,10661,1.72673491325549e-08,7.92033058265787e-02,7.92033377382337e-02,7.91715804741774e-02,lamp_kernel
8.725857e+02,10681,1.71872943889585e-08,7.92033006719205e-02,7.92033324356269e-02,7.91716376606242e-02,lamp_kernel
8.742299e+02,10701,1.71074819508138e-08,7.92032955470219e-02,7.92033271632276e-02,7.91716946341120e-02,lamp_kernel
8.758741e+02,10721,1.70275452381237e-08,7.92032904516549e-02,7.92033219201302e-02,7.91717513958216e-02,lamp_kernel
8.775183e+02,10741,1.69477888329017e-08,7.92032853855881e-02,7.92033167066662e-02,7.91718079358614e-02,lamp_kernel
8.791625e+02,10761,1.68684093595202e-08,7.92032803485950e-02,7.92033115229725e-02,7.91718642658629e-02,lamp_kernel
8.808067e+02,10781,1.67891944978716e-08,7.92032753404490e-02,7.92033063684301e-02,7.91719203876078e-02,lamp_kernel
8.824508e+02,10801,1.67099885206536e-08,7.92032703609268e-02,7.92033012425279e-02,7.91719763022424e-02,lamp_kernel
8.840950e+02,10821,1.66307546739703e-08,7.92032654098068e-02,7.92032961449765e-02,7.91720320109038e-02,lamp_kernel
8.857392e+02,10841,1.65514996673978e-08,7.92032604868693e-02,7.92032910755684e-02,7.91720875147216e-02,lamp_kernel
8.873834e+02,10861,1.64724494940851e-08,7.92032555918957e-02,7.92032860345028e-02,7.91721428148164e-02,lamp_kernel
8.890276e+02,10881,1.63939277041562e-08,7.92032507246708e-02,7.92032810221624e-02,7.91721979123009e-02,lamp_kernel
8.906718e+02,10901,1.63156888897724e-08,7.92032458849813e-02,7.92032760378804e-02,7.91722528082797e-02,lamp_kernel
8.923160e+02,10921,1.62377424118102e-08,7.92032410726154e-02,7.92032710814621e-02,7.91723075038488e-02,lamp_kernel
8.939603e+02,10941,1.61607609155909e-08,7.92032362873631e-02,7.92032661539410e-02,7.91723620000975e-02,lamp_kernel
8.956045e+02,10961,1.60840528581260e-08,7.92032315290171e-02,7.92032612538314e-02,7.91724162981058e-02,lamp_kernel
8.972487e+02,10981,1.60078996360121e-08,7.92032267973687e-02,7.92032563814448e-02,7.91724703989465e-02,lamp_kernel
8.988930e+02,11001,1.59321317438312e-08,7.92032220922162e-02,7.92032515362662e-02,7.91725242963214e-02,lamp_kernel
9.005373e+02,11021,1.58569544306808e-08,7.92032174133575e-02,7.92032467184729e-02,7.91725779939959e-02,lamp_kernel
9.021816e+02,11041,1.57820183524396e-08,7.92032127605894e-02,7.92032419272160e-02,7.91726314977695e-02,lamp_kernel
9.038258e+02,11061,1.57072953704109e-08,7.92032081337152e-02,7.92032371622469e-02,7.91726848086837e-02,lamp_kernel
9.054701e+02,11081,1.56328775491198e-08,7.92032035325350e-02,7.92032324235356e-02,7.91727379277723e-02,lamp_kernel
9.071143e+02,11101,1.55589241485152e-08,7.92031989568557e-02,7.92032277111837e-02,7.91727908560617e-02,lamp_kernel
9.087585e+02,11121,1.54852803545381e-08,7.92031944064846e-02,7.92032230247121e-02,7.91728435945710e-02,lamp_kernel
9.104027e+02,11141,1.54119565821970e-08,7.92031898812268e-02,7.92032183639451e-02,7.91728961443120e-02,lamp_kernel
9.120470e+02,11161,1.53386586804386e-08,7.92031853808938e-02,7.92032137281508e-02,7.91729485062894e-02,lamp_kernel
9.136913e+02,11181,1.52657146985933e-08,7.92031809052976e-02,7.92032091177474e-02,7.91730006815008e-02,lamp_kernel
9.153355e+02,11201,1.51931382481048e-08,7.92031764542497e-02,7.92032045325716e-02,7.91730526709364e-02,lamp_kernel
9.169798e+02,11221,1.51208943278052e-08,7.92031720275661e-02,7.92031999723745e-02,7.91731044755796e-02,lamp_kernel
9.186241e+02,11241,1.50495504425047e-08,7.92031676250635e-02,7.92031954380219e-02,7.91731560964072e-02,lamp_kernel
9.202683e+02,11261,1.49790431451142e-08,7.92031632465608e-02,7.92031909292151e-02,7.91732075343885e-02,lamp_kernel
9.219125e+02,11281,1.49088790148365e-08,7.92031588918764e-02,7.92031864448609e-02,7.91732587904863e-02,lamp_kernel
9.235568e+02,11301,1.48391615741398e-08,7.92031545608315e-02,7.92031819849717e-02,7.91733098656566e-02,lamp_kernel
9.252010e+02,11321,1.47696871261179e-08,7.92031502532525e-02,7.92031775489976e-02,7.91733607608489e-02,lamp_kernel
9.268454e+02,11341,1.47006411468540e-08,7.92031459689597e-02,7.92031731371014e-02,7.91734114770059e-02,lamp_kernel
9.284897e+02,11361,1.46321950288957e-08,7.92031417077820e-02,7.92031687494290e-02,7.91734620150632e-02,lamp_kernel
9.301339e+02,11381,1.45643617811896e-08,7.92031374695451e-02,7.92031643858300e-02,7.91735123759509e-02,lamp_kernel
9.317782e+02,11401,1.44970183903583e-08,7.92031332540806e-02,7.92031600459087e-02,7.91735625605920e-02,lamp_kernel
9.334225e+02,11421,1.44303712901907e-08,7.92031290612174e-02,7.92031557298755e-02,7.91736125699031e-02,lamp_kernel
9.350668e+02,11441,1.43647711088601e-08,7.92031248907867e-02,7.92031514382096e-02,7.91736624034003e-02,lamp_kernel
9.367110e+02,11461,1.43000289224333e-08,7.92031207426270e-02,7.92031471704004e-02,7.91737120631047e-02,lamp_kernel
9.383553e+02,11481,1.42356586438658e-08,7.92031166165688e-02,7.92031429253800e-02,7.91737615352820e-02,lamp_kernel
9.399996e+02,11501,1.41716411323397e-08,7.92031125124524e-02,7.92031387029533e-02,7.91738108241289e-02,lamp_kernel
9.416439e+02,11521,1.41086285311920e-08,7.92031084301146e-02,7.92031345041624e-02,7.91738599423136e-02,lamp_kernel
9.432882e+02,11541,1.40463844489726e-08,7.92031043693947e-02,7.92031303284096e-02,7.91739088907144e-02,lamp_kernel
9.449324e+02,11561,1.39847814463470e-08,7.92031003301343e-02,7.92031261753013e-02,7.91739576702040e-02,lamp_kernel
9.465768e+02,11581,1.39237196116561e-08,7.92030963121767e-02,7.92031220444958e-02,7.91740062816486e-02,lamp_kernel
9.482210e+02,11601,1.38633509611199e-08,7.92030923153653e-02,7.92031179361175e-02,7.91740547259088e-02,lamp_kernel
9.498654e+02,11621,1.38037142687764e-08,7.92030883395436e-02,7.92031138500817e-02,7.91741029982578e-02,lamp_kernel
9.515097e+02,11641,1.37445925865382e-08,7.92030843845629e-02,7.92031097858386e-02,7.91741511045696e-02,lamp_kernel
9.531540e+02,11661,1.36859710482744e-08,7.92030804502690e-02,7.92031057432067e-02,7.91741990462691e-02,lamp_kernel
9.547983e+02,11681,1.36279310497664e-08,7.92030765365112e-02,7.92031017221857e-02,7.91742468241943e-02,lamp_kernel
9.564426e+02,11701,1.35705832339788e-08,7.92030726431396e-02,7.92030977228300e-02,7.91742944391763e-02,lamp_kernel
9.580869e+02,11721,1.35139258863328e-08,7.92030687700081e-02,7.92030937449905e-02,7.91743418920418e-02,lamp_kernel
9.597313e+02,11741,1.34580349236221e-08,7.92030649169700e-02,7.92030897886608e-02,7.91743891836106e-02,lamp_kernel
9.613756e+02,11761,1.34029712771489e-08,7.92030610838790e-02,7.92030858538071e-02,7.91744363146986e-02,lamp_kernel
9.630198e+02,11781,1.33485187750376e-08,7.92030572705942e-02,7.92030819398890e-02,7.91744832861146e-02,lamp_kernel
9.646640e+02,11801,1.32950416196795e-08,7.92030534769706e-02,7.92030780474347e-02,7.91745300986633e-02,lamp_kernel
9.663083e+02,11821,1.32424011166059e-08,7.92030497028673e-02,7.92030741760468e-02,7.91745767531430e-02,lamp_kernel
9.679526e+02,11841,1.31902118248233e-08,7.92030459481453e-02,7.92030703248743e-02,7.91746232503476e-02,lamp_kernel
9.695968e+02,11861,1.31383422056740e-08,7.92030422126645e-02,7.92030664935336e-02,7.91746695910652e-02,lamp_kernel
9.712411e+02,11881,1.30867814641559e-08,7.92030384962900e-02,7.92030626818701e-02,7.91747157760788e-02,lamp_kernel
9.728854e+02,11901,1.30355816114039e-08,7.92030347988860e-02,7.92030588898440e-02,7.91747618061660e-02,lamp_kernel
9.745297e+02,11921,1.29850901867287e-08,7.92030311203127e-02,7.92030551179579e-02,7.91748076820996e-02,lamp_kernel
9.761740e+02,11941,1.29348739156313e-08,7.92030274604420e-02,7.92030513652829e-02,7.91748534046472e-02,lamp_kernel
9.778183e+02,11961,1.28849108498557e-08,7.92030238191382e-02,7.92030476316428e-02,7.91748989745715e-02,lamp_kernel
9.794625e+02,11981,1.28353163018628e-08,7.92030201962722e-02,7.92030439171215e-02,7.91749443926295e-02,lamp_kernel
9.811067e+02,12001,1.27860638350653e-08,7.92030165917109e-02,7.92030402215371e-02,7.91749896595739e-02,lamp_kernel
9.827510e+02,12021,1.27375386433631e-08,7.92030130053295e-02,7.92030365454766e-02,7.91750347761526e-02,lamp_kernel
9.843953e+02,12041,1.26896334162078e-08,7.92030094369958e-02,7.92030328886097e-02,7.91750797431082e-02,lamp_kernel
9.860396e+02,12061,1.26422527602910e-08,7.92030058865882e-02,7.92030292506382e-02,7.91751245611780e-02,lamp_kernel
9.876838e+02,12081,1.25953296666194e-08,7.92030023539774e-02,7.92030256313092e-02,7.91751692310960e-02,lamp_kernel
9.893282e+02,12101,1.25491871740869e-08,7.92029988390417e-02,7.92030220310980e-02,7.91752137535898e-02,lamp_kernel
9.909724e+02,12121,1.25037958733585e-08,7.92029953416541e-02,7.92030184498230e-02,7.91752581293834e-02,lamp_kernel
9.926167e+02,12141,1.24588953619493e-08,7.92029918616974e-02,7.92030148868861e-02,7.91753023591953e-02,lamp_kernel
9.942610e+02,12161,1.24145445160430e-08,7.92029883990487e-02,7.92030113422729e-02,7.91753464437400e-02,lamp_kernel
9.959053e+02,12181,1.23706601835180e-08,7.92029849535895e-02,7.92030078157114e-02,7.91753903837270e-02,lamp_kernel
9.975496e+02,12201,1.23272782483166e-08,7.92029815251975e-02,7.92030043071456e-02,7.91754341798615e-02,lamp_kernel
9.991940e+02,12221,1.22843273708114e-08,7.92029781137586e-02,7.92030008163295e-02,7.91754778328437e-02,lamp_kernel
1.000838e+03,12241,1.22416895463790e-08,7.92029747191539e-02,7.92029973429262e-02,7.91755213433700e-02,lamp_kernel
1.002483e+03,12261,1.21996851781810e-08,7.92029713412702e-02,7.92029938874144e-02,7.91755647121319e-02,lamp_kernel
1.004127e+03,12281,1.21588176260648e-08,7.92029679799904e-02,7.92029904506077e-02,7.91756079398162e-02,lamp_kernel
1.005771e+03,12301,1.21187357999182e-08,7.92029646352043e-02,7.92029870317467e-02,7.91756510271061e-02,lamp_kernel
1.007416e+03,12321,1.20795857242367e-08,7.92029613067987e-02,7.92029836309881e-02,7.91756939746794e-02,lamp_kernel
1.009060e+03,12341,1.20412409570015e-08,7.92029579946603e-02,7.92029802479850e-02,7.91757367832107e-02,lamp_kernel
1.010704e+03,12361,1.20032249945609e-08,7.92029546986789e-02,7.92029768817466e-02,7.91757794533696e-02,lamp_kernel
1.012348e+03,12381,1.19655894424382e-08,7.92029514187473e-02,7.92029735322611e-02,7.91758219858215e-02,lamp_kernel
1.013993e+03,12401,1.19282960435251e-08,7.92029481547556e-02,7.92029701993477e-02,7.91758643812279e-02,lamp_kernel
1.015637e+03,12421,1.18912705573021e-08,7.92029449065967e-02,7.92029668827623e-02,7.91759066402458e-02,lamp_kernel
1.017282e+03,12441,1.18546454811684e-08,7.92029416741644e-02,7.92029635826435e-02,7.91759487635281e-02,lamp_kernel
1.018926e+03,12461,1.18184113930244e-08,7.92029384573530e-02,7.92029602988681e-02,7.91759907517242e-02,lamp_kernel
1.020570e+03,12481,1.17828813128821e-08,7.92029352560587e-02,7.92029570319109e-02,7.91760326054781e-02,lamp_kernel
1.022215e+03,12501,1.17478627041162e-08,7.92029320701767e-02,7.92029537813114e-02,7.91760743254310e-02,lamp_kernel
1.023859e+03,12521,1.17132219232929e-08,7.92029288996069e-02,7.92029505467221e-02,7.91761159122194e-02,lamp_kernel
1.025503e+03,12541,1.16793698899143e-08,7.92029257442439e-02,7.92029473287975e-02,7.91761573664762e-02,lamp_kernel
1.027148e+03,12561,1.16461165176811e-08,7.92029226039907e-02,7.92029441270890e-02,7.91761986888299e-02,lamp_kernel
1.028792e+03,12581,1.16133171486845e-08,7.92029194787447e-02,7.92029409412267e-02,7.91762398799056e-02,lamp_kernel
1.030436e+03,12601,1.15810812806540e-08,7.92029163684084e-02,7.92029377713156e-02,7.91762809403243e-02,lamp_kernel
1.032081e+03,12621,1.15492313253466e-08,7.92029132728833e-02,7.92029346169288e-02,7.91763218707027e-02,lamp_kernel
1.033725e+03,12641,1.15179012175441e-08,7.92029101920737e-02,7.92029314782183e-02,7.91763626675094e-02,lamp_kernel
1.035369e+03,12661,1.14869394274256e-08,7.92029071258792e-02,7.92029283548036e-02,7.91764033333578e-02,lamp_kernel
1.037014e+03,12681,1.14563024834175e-08,7.92029040742092e-02,7.92029252465137e-02,7.91764438484828e-02,lamp_kernel
1.038658e+03,12701,1.14261470104114e-08,7.92029010369663e-02,7.92029221535406e-02,7.91764842334278e-02,lamp_kernel
1.040303e+03,12721,1.13964784416361e-08,7.92028980140576e-02,7.92029190758017e-02,7.91765244914903e-02,lamp_kernel
1.041947e+03,12741,1.13673047502921e-08,7.92028950053896e-02,7.92029160132180e-02,7.91765646232649e-02,lamp_kernel
1.043591e+03,12761,1.13385780654322e-08,7.92028920108708e-02,7.92029129656097e-02,7.91766046293408e-02,lamp_kernel
1.045236e+03,12781,1.13111399890915e-08,7.92028890304099e-02,7.92029099344406e-02,7.91766445103053e-02,lamp_kernel
1.046880e+03,12801,1.12842904444292e-08,7.92028860639162e-02,7.92029069183266e-02,7.91766842667408e-02,lamp_kernel
1.048525e+03,12821,1.12581331448579e-08,7.92028831113012e-02,7.92029039173704e-02,7.91767238992271e-02,lamp_kernel
1.050169e+03,12841,1.12327233504171e-08,7.92028801724750e-02,7.92029009315845e-02,7.91767634083395e-02,lamp_kernel
1.051814e+03,12861,1.12080442206047e-08,7.92028772473493e-02,7.92028979608496e-02,7.91768027946508e-02,lamp_kernel
1.053458e+03,12881,1.11840438410343e-08,7.92028743358379e-02,7.92028950049833e-02,7.91768420580501e-02,lamp_kernel
1.055102e+03,12901,1.11606646267029e-08,7.92028714378523e-02,7.92028920637907e-02,7.91768811982224e-02,lamp_kernel
1.056747e+03,12921,1.11380325565244e-08,7.92028685533108e-02,7.92028891374231e-02,7.91769202165494e-02,lamp_kernel
1.058391e+03,12941,1.11160973367806e-08,7.92028656821257e-02,7.92028862256997e-02,7.91769591136616e-02,lamp_kernel
1.060036e+03,12961,1.10944621434149e-08,7.92028628242124e-02,7.92028833278025e-02,7.91769978907484e-02,lamp_kernel
1.061680e+03,12981,1.10730548646442e-08,7.92028599794865e-02,7.92028804435139e-02,7.91770365482824e-02,lamp_kernel
1.063324e+03,13001,1.10518762318044e-08,7.92028571478680e-02,7.92028775727554e-02,7.91770750869015e-02,lamp_kernel
1.064969e+03,13021,1.10314482309535e-08,7.92028543292755e-02,7.92028747164100e-02,7.91771135071513e-02,lamp_kernel
1.066613e+03,13041,1.10115780101429e-08,7.92028515236232e-02,7.92028718740358e-02,7.91771518095737e-02,lamp_kernel
1.068258e+03,13061,1.09921399401932e-08,7.92028487308328e-02,7.92028690453220e-02,7.91771899947084e-02,lamp_kernel
1.069902e+03,13081,1.09731656449831e-08,7.92028459508244e-02,7.92028662302474e-02,7.91772280624564e-02,lamp_kernel
1.071547e+03,13101,1.09545512182542e-08,7.92028431835211e-02,7.92028634285429e-02,7.91772660135195e-02,lamp_kernel
1.073191e+03,13121,1.09364126124803e-08,7.92028404288410e-02,7.92028606403410e-02,7.91773038489013e-02,lamp_kernel
1.074835e+03,13141,1.09183782080105e-08,7.92028376867089e-02,7.92028578648796e-02,7.91773415691286e-02,lamp_kernel
1.076480e+03,13161,1.09005048224205e-08,7.92028349570465e-02,7.92028551021856e-02,7.91773791706931e-02,lamp_kernel
1.078124e+03,13181,1.08828766952238e-08,7.92028322397785e-02,7.92028523523391e-02,7.91774166531959e-02,lamp_kernel
1.079769e+03,13201,1.08655112857868e-08,7.92028295348255e-02,7.92028496152932e-02,7.91774540221538e-02,lamp_kernel
1.081413e+03,13221,1.08484991621905e-08,7.92028268421173e-02,7.92028468911451e-02,7.91774912780142e-02,lamp_kernel
1.083058e+03,13241,1.08319399295005e-08,7.92028241615765e-02,7.92028441800013e-02,7.91775284213355e-02,lamp_kernel
1.084702e+03,13261,1.08156661410006e-08,7.92028214931286e-02,7.92028414814780e-02,7.91775654526436e-02,lamp_kernel
1.086347e+03,13281,1.07995134349665e-08,7.92028188367021e-02,7.92028387951998e-02,7.91776023724423e-02,lamp_kernel
1.087991e+03,13301,1.07837026277231e-08,7.92028161922228e-02,7.92028361215006e-02,7.91776391809900e-02,lamp_kernel
1.089636e+03,13321,1.07682493035001e-08,7.92028135596178e-02,7.92028334603365e-02,7.91776758694253e-02,lamp_kernel
1.091280e+03,13341,1.07534107035029e-08,7.92028109388204e-02,7.92028308121159e-02,7.91777124479099e-02,lamp_kernel
1.092925e+03,13361,1.07395651660818e-08,7.92028083297547e-02,7.92028281774624e-02,7.91777489169360e-02,lamp_kernel
1.094569e+03,13381,1.07261310045509e-08,7.92028057323536e-02,7.92028255552338e-02,7.91777852769926e-02,lamp_kernel
1.096214e+03,13401,1.07129404990480e-08,7.92028031465471e-02,7.92028229450500e-02,7.91778215285662e-02,lamp_kernel
1.097858e+03,13421,1.07001287588356e-08,7.92028005722649e-02,7.92028203470905e-02,7.91778576721401e-02,lamp_kernel
1.099503e+03,13441,1.06877653745060e-08,7.92027980094371e-02,7.92028177614141e-02,7.91778937081953e-02,lamp_kernel
1.101147e+03,13461,1.06758385780786e-08,7.92027954580014e-02,7.92028151879365e-02,7.91779296372096e-02,lamp_kernel
1.102792e+03,13481,1.06643276833631e-08,7.92027929178862e-02,7.92028126265481e-02,7.91779654596578e-02,lamp_kernel
1.104436e+03,13501,1.06528475279845e-08,7.92027903890249e-02,7.92028100764704e-02,7.91780011760123e-02,lamp_kernel
1.106081e+03,13521,1.06415855627428e-08,7.92027878713521e-02,7.92028075379845e-02,7.91780367867426e-02,lamp_kernel
1.107726e+03,13541,1.06306333105178e-08,7.92027853648037e-02,7.92028050111953e-02,7.91780722923157e-02,lamp_kernel
1.109370e+03,13561,1.06197851163179e-08,7.92027828693111e-02,7.92028024956543e-02,7.91781076931953e-02,lamp_kernel
1.111015e+03,13581,1.06093542376874e-08,7.92027803848131e-02,7.92027999918790e-02,7.91781429898428e-02,lamp_kernel
1.112659e+03,13601,1.05992811766428e-08,7.92027779112416e-02,7.92027974996915e-02,7.91781781827173e-02,lamp_kernel
1.114304e+03,13621,1.05894191469055e-08,7.92027754485383e-02,7.92027950187623e-02,7.91782132722745e-02,lamp_kernel
1.115948e+03,13641,1.05799626126494e-08,7.92027729966369e-02,7.92027925493844e-02,7.91782482584031e-02,lamp_kernel
1.117593e+03,13661,1.05709109438761e-08,7.92027705554750e-02,7.92027900914942e-02,7.91782831381129e-02,lamp_kernel
1.119237e+03,13681,1.05618996808757e-08,7.92027681249906e-02,7.92027876443561e-02,7.91783179158949e-02,lamp_kernel
1.120882e+03,13701,1.05529677865769e-08,7.92027657051244e-02,7.92027852079829e-02,7.91783525921942e-02,lamp_kernel
1.122527e+03,13721,1.05442848083496e-08,7.92027632958124e-02,7.92027827826240e-02,7.91783871674535e-02,lamp_kernel
1.124171e+03,13741,1.05359268718641e-08,7.92027608969976e-02,7.92027803683630e-02,7.91784216415022e-02,lamp_kernel
1.125816e+03,13761,1.05278924857068e-08,7.92027585086159e-02,7.92027779651329e-02,7.91784560147923e-02,lamp_kernel
1.127460e+03,13781,1.05200495036640e-08,7.92027561306123e-02,7.92027755726348e-02,7.91784902883708e-02,lamp_kernel
1.129105e+03,13801,1.05123712430712e-08,7.92027537629234e-02,7.92027731907557e-02,7.91785244626702e-02,lamp_kernel
1.130749e+03,13821,1.05047988850001e-08,7.92027514054940e-02,7.92027708193319e-02,7.91785585381205e-02,lamp_kernel
1.132394e+03,13841,1.04974559374850e-08,7.92027490582631e-02,7.92027684585306e-02,7.91785925151496e-02,lamp_kernel
1.134038e+03,13861,1.04902369841035e-08,7.92027467211751e-02,7.92027661081013e-02,7.91786263941826e-02,lamp_kernel
1.135683e+03,13881,1.04830122261740e-08,7.92027443941720e-02,7.92027637677462e-02,7.91786601756422e-02,lamp_kernel
1.137328e+03,13901,1.04759888987479e-08,7.92027420771980e-02,7.92027614377924e-02,7.91786938599492e-02,lamp_kernel
1.138972e+03,13921,1.04690679579160e-08,7.92027397701941e-02,7.92027591179980e-02,7.91787274475211e-02,lamp_kernel
1.140617e+03,13941,1.04622658754659e-08,7.92027374731072e-02,7.92027568083402e-02,7.91787609387739e-02,lamp_kernel
1.142261e+03,13961,1.04558425585964e-08,7.92027351858817e-02,7.92027545092438e-02,7.91787943341205e-02,lamp_kernel
1.143906e+03,13981,1.04497039386741e-08,7.92027329084612e-02,7.92027522204787e-02,7.91788276339723e-02,lamp_kernel
1.145551e+03,14001,1.04437752088036e-08,7.92027306407923e-02,7.92027499418528e-02,7.91788608387376e-02,lamp_kernel
1.147195e+03,14021,1.04382130121266e-08,7.92027283828209e-02,7.92027476736020e-02,7.91788939488228e-02,lamp_kernel
1.148840e+03,14041,1.04332219705245e-08,7.92027261344927e-02,7.92027454160499e-02,7.91789269646319e-02,lamp_kernel
1.150484e+03,14061,1.04286241124934e-08,7.92027238957530e-02,7.92027431688129e-02,7.91789598865665e-02,lamp_kernel
1.152129e+03,14081,1.04239779303366e-08,7.92027216665505e-02,7.92027409310239e-02,7.91789927150264e-02,lamp_kernel
1.153774e+03,14101,1.04193917220164e-08,7.92027194468344e-02,7.92027387028321e-02,7.91790254504084e-02,lamp_kernel
1.155418e+03,14121,1.04148382845762e-08,7.92027172365498e-02,7.92027364841323e-02,7.91790580931079e-02,lamp_kernel
1.157063e+03,14141,1.04102735453472e-08,7.92027150356460e-02,7.92027342747924e-02,7.91790906435174e-02,lamp_kernel
1.158707e+03,14161,1.04056802928602e-08,7.92027128440688e-02,7.92027320747264e-02,7.91791231020277e-02,lamp_kernel
1.160352e+03,14181,1.04011776713302e-08,7.92027106617733e-02,7.92027298841097e-02,7.91791554690270e-02,lamp_kernel
1.161997e+03,14201,1.03967134316112e-08,7.92027084887032e-02,7.92027277027892e-02,7.91791877429062e-02,lamp_kernel
1.163641e+03,14221,1.03922737471621e-08,7.92027063248103e-02,7.92027255306914e-02,7.91792199244908e-02,lamp_kernel
1.165286e+03,14241,1.03877681782059e-08,7.92027041700465e-02,7.92027233676009e-02,7.91792520157330e-02,lamp_kernel
1.166930e+03,14261,1.03833408903732e-08,7.92027020243601e-02,7.92027212137324e-02,7.91792840170126e-02,lamp_kernel
1.168575e+03,14281,1.03789994412965e-08,7.92026998877028e-02,7.92027190690518e-02,7.91793159287077e-02,lamp_kernel
1.170220e+03,14301,1.03747108940564e-08,7.92026977600258e-02,7.92027169334492e-02,7.91793477511934e-02,lamp_kernel
1.171864e+03,14321,1.03702865383189e-08,7.92026956412793e-02,7.92027148065260e-02,7.91793794848432e-02,lamp_kernel
1.173509e+03,14341,1.03658114067966e-08,7.92026935314194e-02,7.92027126883956e-02,7.91794111300285e-02,lamp_kernel
1.175153e+03,14361,1.03614438883103e-08,7.92026914303941e-02,7.92027105792988e-02,7.91794426871186e-02,lamp_kernel
1.176798e+03,14381,1.03569412602131e-08,7.92026893381590e-02,7.92027084787424e-02,7.91794741548815e-02,lamp_kernel
1.178534e+03,14401,1.03522421570728e-08,7.92026872546636e-02,7.92027063865627e-02,7.91795055341014e-02,lamp_kernel
1.180178e+03,14421,1.03475156032013e-08,7.92026851798649e-02,7.92027043030288e-02,7.91795368263552e-02,lamp_kernel
1.181823e+03,14441,1.03427734275804e-08,7.92026831137145e-02,7.92027022281144e-02,7.91795680320033e-02,lamp_kernel
1.183467e+03,14461,1.03380897527753e-08,7.92026810561666e-02,7.92027001619107e-02,7.91795991513632e-02,lamp_kernel
1.185112e+03,14481,1.03335049329189e-08,7.92026790071771e-02,7.92026981044481e-02,7.91796301780680e-02,lamp_kernel
1.186757e+03,14501,1.03290419080189e-08,7.92026769666973e-02,7.92026960557202e-02,7.91796611192780e-02,lamp_kernel
1.188401e+03,14521,1.03245877990032e-08,7.92026749346850e-02,7.92026940154762e-02,7.91796919753464e-02,lamp_kernel
1.190046e+03,14541,1.03199737201387e-08,7.92026729110952e-02,7.92026919833592e-02,7.91797227466239e-02,lamp_kernel
1.191691e+03,14561,1.03151349491644e-08,7.92026708958813e-02,7.92026899592028e-02,7.91797534326834e-02,lamp_kernel
1.193335e+03,14581,1.03103249690240e-08,7.92026688890013e-02,7.92026879434335e-02,7.91797840295254e-02,lamp_kernel
1.194980e+03,14601,1.03053927124703e-08,7.92026668904132e-02,7.92026859357302e-02,7.91798145426474e-02,lamp_kernel
1.196625e+03,14621,1.03003583539524e-08,7.92026649000695e-02,7.92026839360825e-02,7.91798449723927e-02,lamp_kernel
1.198269e+03,14641,1.02952693331724e-08,7.92026629179279e-02,7.92026819445359e-02,7.91798753182859e-02,lamp_kernel
1.199914e+03,14661,1.02899909972186e-08,7.92026609439476e-02,7.92026799608008e-02,7.91799055787826e-02,lamp_kernel
1.201559e+03,14681,1.02845339224535e-08,7.92026589780856e-02,7.92026779848536e-02,7.91799357569308e-02,lamp_kernel
1.203203e+03,14701,1.02789178050518e-08,7.92026570202967e-02,7.92026760166856e-02,7.91799658508614e-02,lamp_kernel
1.204848e+03,14721,1.02731323999452e-08,7.92026550705418e-02,7.92026740562387e-02,7.91799958616606e-02,lamp_kernel
1.206493e+03,14741,1.02672115011840e-08,7.92026531287799e-02,7.92026721035344e-02,7.91800257911366e-02,lamp_kernel
1.208137e+03,14761,1.02612984558569e-08,7.92026511949664e-02,7.92026701587931e-02,7.91800556396202e-02,lamp_kernel
1.209782e+03,14781,1.02554627633680e-08,7.92026492690614e-02,7.92026682221032e-02,7.91800854074393e-02,lamp_kernel
1.211427e+03,14801,1.02497504187734e-08,7.92026473510238e-02,7.92026662935087e-02,7.91801150949210e-02,lamp_kernel
1.213071e+03,14821,1.02438842838756e-08,7.92026454408132e-02,7.92026643724568e-02,7.91801447023900e-02,lamp_kernel
1.214716e+03,14841,1.02379089160728e-08,7.92026435383891e-02,7.92026624589898e-02,7.91801742301701e-02,lamp_kernel
1.216361e+03,14861,1.02318412880648e-08,7.92026416437126e-02,7.92026605530997e-02,7.91802036785823e-02,lamp_kernel
1.218005e+03,14881,1.02255701842847e-08,7.92026397567410e-02,7.92026586545385e-02,7.91802330474510e-02,lamp_kernel
1.219650e+03,14901,1.02191046601888e-08,7.92026378774389e-02,7.92026567632876e-02,7.91802623340395e-02,lamp_kernel
1.221295e+03,14921,1.02124362046584e-08,7.92026360057639e-02,7.92026548792886e-02,7.91802915422432e-02,lamp_kernel
1.222940e+03,14941,1.02055703877764e-08,7.92026341416764e-02,7.92026530025125e-02,7.91803206723767e-02,lamp_kernel
1.224584e+03,14961,1.01984866855135e-08,7.92026322851411e-02,7.92026511328858e-02,7.91803497247528e-02,lamp_kernel
1.226229e+03,14981,1.01913025248377e-08,7.92026304361166e-02,7.92026492705844e-02,7.91803786996827e-02,lamp_kernel
1.227874e+03,15001,1.01841117436534e-08,7.92026285945647e-02,7.92026474157433e-02,7.91804075974758e-02,lamp_kernel
1.229518e+03,15021,1.01768041441410e-08,7.92026267604470e-02,7.92026455681204e-02,7.91804364179083e-02,lamp_kernel
1.231163e+03,15041,1.01692727080354e-08,7.92026249337277e-02,7.92026437274823e-02,7.91804651610024e-02,lamp_kernel
1.232808e+03,15061,1.01614787087499e-08,7.92026231143682e-02,7.92026418937188e-02,7.91804938278845e-02,lamp_kernel
1.234452e+03,15081,1.01535100932869e-08,7.92026213023286e-02,7.92026400669524e-02,7.91805224188571e-02,lamp_kernel
1.236097e+03,15101,1.01453272223717e-08,7.92026194975769e-02,7.92026382470780e-02,7.91805509342220e-02,lamp_kernel
1.237742e+03,15121,1.01370192077195e-08,7.92026177000707e-02,7.92026364342178e-02,7.91805793742789e-02,lamp_kernel
1.239387e+03,15141,1.01285799157415e-08,7.92026159097764e-02,7.92026346283270e-02,7.91806077393256e-02,lamp_kernel
1.241031e+03,15161,1.01199970214880e-08,7.92026141266588e-02,7.92026328293474e-02,7.91806360296589e-02,lamp_kernel
1.242676e+03,15181,1.01113437582618e-08,7.92026123506798e-02,7.92026310373763e-02,7.91806642455740e-02,lamp_kernel
1.244321e+03,15201,1.01025342599719e-08,7.92026105818045e-02,7.92026292522203e-02,7.91806923873641e-02,lamp_kernel
1.245966e+03,15221,1.00934866415475e-08,7.92026088199948e-02,7.92026274736897e-02,7.91807204553213e-02,lamp_kernel
1.247610e+03,15241,1.00843551873334e-08,7.92026070652160e-02,7.92026257020352e-02,7.91807484497359e-02,lamp_kernel
1.249255e+03,15261,1.00752577608235e-08,7.92026053174349e-02,7.92026239374412e-02,7.91807763708968e-02,lamp_kernel
1.250900e+03,15281,1.00661821437760e-08,7.92026035766155e-02,7.92026221798492e-02,7.91808042190916e-02,lamp_kernel
1.252545e+03,15301,1.00568872291305e-08,7.92026018427221e-02,7.92026204287779e-02,7.91808319946056e-02,lamp_kernel
1.254189e+03,15321,1.00474216685938e-08,7.92026001157215e-02,7.92026186842842e-02,7.91808596977238e-02,lamp_kernel
1.255834e+03,15341,1.00377542227272e-08,7.92025983955762e-02,7.92026169462725e-02,7.91808873287289e-02,lamp_kernel
1.257479e+03,15361,1.00279120648326e-08,7.92025966822563e-02,7.92026152147634e-02,7.91809148831858e-02,lamp_kernel
1.259124e+03,15381,1.00178483806658e-08,7.92025949757230e-02,7.92026134896315e-02,7.91809423638375e-02,lamp_kernel
1.260768e+03,15401,1.00076421896196e-08,7.92025932759473e-02,7.92026117709938e-02,7.91809697732521e-02,lamp_kernel
1.262413e+03,15421,9.99719818474384e-09,7.92025915828918e-02,7.92026100586369e-02,7.91809971117061e-02,lamp_kernel
1.264058e+03,15441,9.98657297680221e-09,7.92025898965250e-02,7.92026083526337e-02,7.91810243794751e-02,lamp_kernel
1.265703e+03,15461,9.97577739664907e-09,7.92025882168131e-02,7.92026066529705e-02,7.91810515768330e-02,lamp_kernel
1.267348e+03,15481,9.96484571919697e-09,7.92025865437218e-02,7.92026049596764e-02,7.91810787040526e-02,lamp_kernel
1.268992e+03,15501,9.95371922422165e-09,7.92025848772216e-02,7.92026032726135e-02,7.91811057614045e-02,lamp_kernel
1.270637e+03,15521,9.94241866774861e-09,7.92025832172759e-02,7.92026015917833e-02,7.91811327491590e-02,lamp_kernel
1.272282e+03,15541,9.93111743806901e-09,7.92025815638567e-02,7.92025999174784e-02,7.91811596654483e-02,lamp_kernel
1.273927e+03,15561,9.91963757733573e-09,7.92025799169264e-02,7.92025982493323e-02,7.91811865116404e-02,lamp_kernel
1.275572e+03,15581,9.90797461944058e-09,7.92025782764593e-02,7.92025965873109e-02,7.91812132888379e-02,lamp_kernel
1.277216e+03,15601,9.89609752363025e-09,7.92025766424169e-02,7.92025949313186e-02,7.91812399975311e-02,lamp_kernel
1.278861e+03,15621,9.88400748903502e-09,7.92025750147722e-02,7.92025932813304e-02,7.91812666379830e-02,lamp_kernel
1.280506e+03,15641,9.87175086654030e-09,7.92025733934946e-02,7.92025916374014e-02,7.91812932104550e-02,lamp_kernel
1.282151e+03,15661,9.85938670650157e-09,7.92025717785485e-02,7.92025899996051e-02,7.91813197152070e-02,lamp_kernel
1.283796e+03,15681,9.84715877973272e-09,7.92025701699042e-02,7.92025883683626e-02,7.91813461524978e-02,lamp_kernel
1.285440e+03,15701,9.83479373766940e-09,7.92025685675312e-02,7.92025867431378e-02,7.91813725225847e-02,lamp_kernel
1.287085e+03,15721,9.82222493426557e-09,7.92025669714015e-02,7.92025851237798e-02,7.91813988257236e-02,lamp_kernel
1.288730e+03,15741,9.80949302236214e-09,7.92025653814798e-02,7.92025835103284e-02,7.91814250621694e-02,lamp_kernel
1.290375e+03,15761,9.79659196147319e-09,7.92025637977362e-02,7.92025819027424e-02,7.91814512321757e-02,lamp_kernel
1.292020e+03,15781,9.78351171753779e-09,7.92025622201459e-02,7.92025803009786e-02,7.91814773359947e-02,lamp_kernel
1.293665e+03,15801,9.77035348110231e-09,7.92025606486723e-02,7.92025787051873e-02,7.91815033738771e-02,lamp_kernel
1.295309e+03,15821,9.75715367006966e-09,7.92025590832886e-02,7.92025771154092e-02,7.91815293460727e-02,lamp_kernel
1.296954e+03,15841,9.74376800425045e-09,7.92025575239665e-02,7.92025755313491e-02,7.91815552528297e-02,lamp_kernel
1.298599e+03,15861,9.73023211721535e-09,7.92025559706739e-02,7.92025739530410e-02,7.91815810873661e-02,lamp_kernel
1.300244e+03,15881,9.71672897070190e-09,7.92025544233835e-02,7.92025723807955e-02,7.91816068566650e-02,lamp_kernel
1.301889e+03,15901,9.70309642880406e-09,7.92025528820639e-02,7.92025708142818e-02,7.91816325568162e-02,lamp_kernel
1.303534e+03,15921,9.68929098191877e-09,7.92025513466875e-02,7.92025692533916e-02,7.91816581864688e-02,lamp_kernel
1.305179e+03,15941,9.67527160307882e-09,7.92025498172261e-02,7.92025676980211e-02,7.91816837515670e-02,lamp_kernel
1.306823e+03,15961,9.66104931274460e-09,7.92025482936494e-02,7.92025661481603e-02,7.91817092527612e-02,lamp_kernel
1.308468e+03,15981,9.64668258680893e-09,7.92025467759304e-02,7.92025646038903e-02,7.91817346902062e-02,lamp_kernel
1.310113e+03,16001,9.63222041397538e-09,7.92025452640387e-02,7.92025630652711e-02,7.91817600635919e-02,lamp_kernel
1.311758e+03,16021,9.61765182757392e-09,7.92025437579473e-02,7.92025615322557e-02,7.91817853723492e-02,lamp_kernel
1.313403e+03,16041,9.60293737327587e-09,7.92025422576302e-02,7.92025600047448e-02,7.91818106181691e-02,lamp_kernel
1.315048e+03,16061,9.58806241314652e-09,7.92025407630558e-02,7.92025584826801e-02,7.91818358012870e-02,lamp_kernel
1.316693e+03,16081,9.57311514693590e-09,7.92025392742007e-02,7.92025569662011e-02,7.91818609219358e-02,lamp_kernel
1.318338e+03,16101,9.55810163748307e-09,7.92025377910323e-02,7.92025554552864e-02,7.91818859803482e-02,lamp_kernel
1.319983e+03,16121,9.54320374437033e-09,7.92025363135267e-02,7.92025539502481e-02,7.91819109767553e-02,lamp_kernel
1.321627e+03,16141,9.52817654269566e-09,7.92025348416571e-02,7.92025524506068e-02,7.91819359113876e-02,lamp_kernel
1.323272e+03,16161,9.51309032490778e-09,7.92025333753940e-02,7.92025509564630e-02,7.91819607844735e-02,lamp_kernel
1.324917e+03,16181,9.49801306299874e-09,7.92025319147118e-02,7.92025494679166e-02,7.91819855962412e-02,lamp_kernel
1.326562e+03,16201,9.48283293971502e-09,7.92025304595841e-02,7.92025479847346e-02,7.91820103469174e-02,lamp_kernel
1.328207e+03,16221,9.46774777471727e-09,7.92025290099831e-02,7.92025465072548e-02,7.91820350367273e-02,lamp_kernel
1.329852e+03,16241,9.45281681085484e-09,7.92025275658828e-02,7.92025450355607e-02,7.91820596624508e-02,lamp_kernel
1.331497e+03,16261,9.43794855219882e-09,7.92025261272576e-02,7.92025435694577e-02,7.91820842257446e-02,lamp_kernel
1.333142e+03,16281,9.42309811976371e-09,7.92025246940817e-02,7.92025421088368e-02,7.91821087288662e-02,lamp_kernel
1.334787e+03,16301,9.40823786675995e-09,7.92025232663280e-02,7.92025406536200e-02,7.91821331720369e-02,lamp_kernel
1.336431e+03,16321,9.39327617633694e-09,7.92025218439701e-02,7.92025392036115e-02,7.91821575554761e-02,lamp_kernel
1.338076e+03,16341,9.37833730892205e-09,7.92025204269831e-02,7.92025377590161e-02,7.91821818794031e-02,lamp_kernel
1.339721e+03,16361,9.36332369921603e-09,7.92025190153423e-02,7.92025363196287e-02,7.91822061440359e-02,lamp_kernel
1.341366e+03,16381,9.34824989457701e-09,7.92025176090224e-02,7.92025348854511e-02,7.91822303397950e-02,lamp_kernel
1.343011e+03,16401,9.33304105483188e-09,7.92025162079965e-02,7.92025334563178e-02,7.91822544760127e-02,lamp_kernel
1.344656e+03,16421,9.31766873665029e-09,7.92025148122393e-02,7.92025320321512e-02,7.91822785504718e-02,lamp_kernel
1.346301e+03,16441,9.30215595351350e-09,7.92025134217265e-02,7.92025306129693e-02,7.91823025661139e-02,lamp_kernel
1.347946e+03,16461,9.28660988709115e-09,7.92025120364354e-02,7.92025291989476e-02,7.91823265236103e-02,lamp_kernel
1.349591e+03,16481,9.27102626487245e-09,7.92025106563373e-02,7.92025277900496e-02,7.91823504231717e-02,lamp_kernel
1.351236e+03,16501,9.25539751821973e-09,7.92025092814099e-02,7.92025263862389e-02,7.91823742650085e-02,lamp_kernel
1.352881e+03,16521,9.23977802747024e-09,7.92025079116290e-02,7.92025249875917e-02,7.91823980493299e-02,lamp_kernel
1.354526e+03,16541,9.22416735482406e-09,7.92025065469695e-02,7.92025235940822e-02,7.91824217763442e-02,lamp_kernel
1.356171e+03,16561,9.20858561297561e-09,7.92025051874086e-02,7.92025222057247e-02,7.91824454462577e-02,lamp_kernel
1.357816e+03,16581,9.19298770360277e-09,7.92025038329193e-02,7.92025208224091e-02,7.91824690592777e-02,lamp_kernel
1.359461e+03,16601,9.17735075966546e-09,7.92025024834836e-02,7.92025194440749e-02,7.91824926156083e-02,lamp_kernel
1.361106e+03,16621,9.16185953493902e-09,7.92025011390687e-02,7.92025180710308e-02,7.91825161154540e-02,lamp_kernel
1.362751e+03,16641,9.14667147590060e-09,7.92024997996588e-02,7.92025167035520e-02,7.91825395590182e-02,lamp_kernel
1.364396e+03,16661,9.13143837442559e-09,7.92024984652282e-02,7.92025153409692e-02,7.91825629465026e-02,lamp_kernel
1.366041e+03,16681,9.11622273321422e-09,7.92024971357527e-02,7.92025139833738e-02,7.91825862781091e-02,lamp_kernel
1.367686e+03,16701,9.10093657763075e-09,7.92024958112075e-02,7.92025126305784e-02,7.91826095540371e-02,lamp_kernel
1.369331e+03,16721,9.08562309843455e-09,7.92024944915728e-02,7.92025112826429e-02,7.91826327744868e-02,lamp_kernel
1.370976e+03,16741,9.07028721175536e-09,7.92024931768248e-02,7.92025099395528e-02,7.91826559396557e-02,lamp_kernel
1.372621e+03,16761,9.05485508646105e-09,7.92024918669390e-02,7.92025086011470e-02,7.91826790497419e-02,lamp_kernel
1.374266e+03,16781,9.03933340701194e-09,7.92024905618934e-02,7.92025072674159e-02,7.91827021049412e-02,lamp_kernel
1.375911e+03,16801,9.02374738241782e-09,7.92024892616687e-02,7.92025059383867e-02,7.91827251054497e-02,lamp_kernel
1.377556e+03,16821,9.00806780767878e-09,7.92024879662379e-02,7.92025046139787e-02,7.91827480514616e-02,lamp_kernel
1.379201e+03,16841,8.99235186501266e-09,7.92024866755779e-02,7.92025032942742e-02,7.91827709431708e-02,lamp_kernel
1.380846e+03,16861,8.97649941079998e-09,7.92024853896729e-02,7.92025019790724e-02,7.91827937807700e-02,lamp_kernel
1.382491e+03,16881,8.96052038227052e-09,7.92024841084943e-02,7.92025006683631e-02,7.91828165644511e-02,lamp_kernel
1.384136e+03,16901,8.94443450667924e-09,7.92024828320252e-02,7.92024993621657e-02,7.91828392944049e-02,lamp_kernel
1.385781e+03,16921,8.92826240143725e-09,7.92024815602392e-02,7.92024980604922e-02,7.91828619706111e-02,lamp_kernel
1.387426e+03,16941,8.91202401469785e-09,7.92024802931151e-02,7.92024967633581e-02,7.91828845925673e-02,lamp_kernel
1.389071e+03,16961,8.89581907379059e-09,7.92024790306353e-02,7.92024954709300e-02,7.91829071613657e-02,lamp_kernel
1.390716e+03,16981,8.87953775139694e-09,7.92024777727759e-02,7.92024941829813e-02,7.91829296771935e-02,lamp_kernel
1.392361e+03,17001,8.86318952065623e-09,7.92024765195135e-02,7.92024928995058e-02,7.91829521402374e-02,lamp_kernel
1.394006e+03,17021,8.84688367013665e-09,7.92024752708298e-02,7.92024916206874e-02,7.91829745506829e-02,lamp_kernel
1.395651e+03,17041,8.83073783803197e-09,7.92024740267018e-02,7.92024903467204e-02,7.91829969087145e-02,lamp_kernel
1.397296e+03,17061,8.81453224853519e-09,7.92024727871107e-02,7.92024890771799e-02,7.91830192145165e-02,lamp_kernel
1.398941e+03,17081,8.79827558384768e-09,7.92024715520338e-02,7.92024878120592e-02,7.91830414682718e-02,lamp_kernel
1.400586e+03,17101,8.78195475338743e-09,7.92024703214504e-02,7.92024865513134e-02,7.91830636701621e-02,lamp_kernel
1.402232e+03,17121,8.76560699537597e-09,7.92024690953405e-02,7.92024852949914e-02,7.91830858203691e-02,lamp_kernel
1.403877e+03,17141,8.74940667020505e-09,7.92024678736837e-02,7.92024840433948e-02,7.91831079190734e-02,lamp_kernel
1.405522e+03,17161,8.73312844724421e-09,7.92024666564587e-02,7.92024827960862e-02,7.91831299664543e-02,lamp_kernel
1.407167e+03,17181,8.71683384149387e-09,7.92024654436445e-02,7.92024815531580e-02,7.91831519626905e-02,lamp_kernel
1.408812e+03,17201,8.70050384904074e-09,7.92024642352212e-02,7.92024803145554e-02,7.91831739079606e-02,lamp_kernel
1.410457e+03,17221,8.68410559751247e-09,7.92024630311722e-02,7.92024790802009e-02,7.91831958024408e-02,lamp_kernel
1.412102e+03,17241,8.66785478240432e-09,7.92024618314738e-02,7.92024778504695e-02,7.91832176463083e-02,lamp_kernel
1.413747e+03,17261,8.65172842566961e-09,7.92024606361060e-02,7.92024766252987e-02,7.91832394397379e-02,lamp_kernel
1.415392e+03,17281,8.63560588242099e-09,7.92024594450498e-02,7.92024754044466e-02,7.91832611829045e-02,lamp_kernel
1.417037e+03,17301,8.61951520022215e-09,7.92024582582873e-02,7.92024741879469e-02,7.91832828759822e-02,lamp_kernel
1.418682e+03,17321,8.60359774886725e-09,7.92024570757952e-02,7.92024729760380e-02,7.91833045191438e-02,lamp_kernel
1.420328e+03,17341,8.58775635451153e-09,7.92024558975579e-02,7.92024717685243e-02,7.91833261125618e-02,lamp_kernel
1.421973e+03,17361,8.57195986311113e-09,7.92024547235536e-02,7.92024705653266e-02,7.91833476564076e-02,lamp_kernel
1.423618e+03,17381,8.55623806947130e-09,7.92024535537638e-02,7.92024693664815e-02,7.91833691508519e-02,lamp_kernel
1.425263e+03,17401,8.54050927969642e-09,7.92024523881703e-02,7.92024681718198e-02,7.91833905960644e-02,lamp_kernel
1.426908e+03,17421,8.52474724223607e-09,7.92024512267528e-02,7.92024669812726e-02,7.91834119922146e-02,lamp_kernel
1.428553e+03,17441,8.50896427292637e-09,7.92024500694909e-02,7.92024657948423e-02,7.91834333394706e-02,lamp_kernel
1.430198e+03,17461,8.49320559262042e-09,7.92024489163679e-02,7.92024646125958e-02,7.91834546380000e-02,lamp_kernel
1.431843e+03,17481,8.47741859043907e-09,7.92024477673644e-02,7.92024634344165e-02,7.91834758879698e-02,lamp_kernel
1.433489e+03,17501,8.46169927601424e-09,7.92024466224641e-02,7.92024622604654e-02,7.91834970895460e-02,lamp_kernel
1.435134e+03,17521,8.44598775143460e-09,7.92024454816458e-02,7.92024610906108e-02,7.91835182428939e-02,lamp_kernel
1.436779e+03,17541,8.43028202403937e-09,7.92024443448908e-02,7.92024599248301e-02,7.91835393481781e-02,lamp_kernel
1.438424e+03,17561,8.41463147659202e-09,7.92024432121799e-02,7.92024587631956e-02,7.91835604055623e-02,lamp_kernel
1.440069e+03,17581,8.39931342664133e-09,7.92024420834992e-02,7.92024576062057e-02,7.91835814152098e-02,lamp_kernel
1.441714e+03,17601,8.38406860629422e-09,7.92024409588281e-02,7.92024564533608e-02,7.91836023772826e-02,lamp_kernel
1.443359e+03,17621,8.36895827768458e-09,7.92024398381452e-02,7.92024553047526e-02,7.91836232917071e-02,lamp_kernel
1.445004e+03,17641,8.35396270918693e-09,7.92024387214372e-02,7.92024541603314e-02,7.91836441559467e-02,lamp_kernel
1.446650e+03,17661,8.33909948249410e-09,7.92024376086837e-02,7.92024530201092e-02,7.91836649727868e-02,lamp_kernel
1.448295e+03,17681,8.32419691501024e-09,7.92024364998715e-02,7.92024518837557e-02,7.91836857427094e-02,lamp_kernel
1.449940e+03,17701,8.30926384318157e-09,7.92024353949768e-02,7.92024507512634e-02,7.91837064658735e-02,lamp_kernel
1.451585e+03,17721,8.29435018995701e-09,7.92024342939833e-02,7.92024496227080e-02,7.91837271424364e-02,lamp_kernel
1.453230e+03,17741,8.27951650774666e-09,7.92024331968773e-02,7.92024484981880e-02,7.91837477725559e-02,lamp_kernel
1.454875e+03,17761,8.26472951696553e-09,7.92024321036385e-02,7.92024473776215e-02,7.91837683563884e-02,lamp_kernel
1.456520e+03,17781,8.25004175891147e-09,7.92024310142476e-02,7.92024462610863e-02,7.91837888940893e-02,lamp_kernel
1.458166e+03,17801,8.23560481470021e-09,7.92024299286928e-02,7.92024451488507e-02,7.91838093858142e-02,lamp_kernel
1.459811e+03,17821,8.22132066096829e-09,7.92024288469530e-02,7.92024440407124e-02,7.91838298317171e-02,lamp_kernel
1.461456e+03,17841,8.20730938515079e-09,7.92024277690131e-02,7.92024429368784e-02,7.91838502319519e-02,lamp_kernel
1.463101e+03,17861,8.19334934444390e-09,7.92024266948547e-02,7.92024418369206e-02,7.91838705866715e-02,lamp_kernel
1.464746e+03,17881,8.17939898402487e-09,7.92024256244613e-02,7.92024407407456e-02,7.91838908960286e-02,lamp_kernel
1.466391e+03,17901,8.16566233815215e-09,7.92024245578168e-02,7.92024396487145e-02,7.91839111601745e-02,lamp_kernel
1.468037e+03,17921,8.15194509477988e-09,7.92024234949057e-02,7.92024385604527e-02,7.91839313787254e-02,lamp_kernel
1.469682e+03,17941,8.13816199076187e-09,7.92024224357072e-02,7.92024374757817e-02,7.91839515521559e-02,lamp_kernel
1.471327e+03,17961,8.12434643520389e-09,7.92024213802117e-02,7.92024363947538e-02,7.91839716808247e-02,lamp_kernel
1.472972e+03,17981,8.11058308103946e-09,7.92024203283932e-02,7.92024353174994e-02,7.91839917648813e-02,lamp_kernel
1.474617e+03,18001,8.09679811273034e-09,7.92024192802442e-02,7.92024342438745e-02,7.91840118044739e-02,lamp_kernel
1.476263e+03,18021,8.08300892818487e-09,7.92024182357451e-02,7.92024331738917e-02,7.91840317994021e-02,lamp_kernel
1.477908e+03,18041,8.06934771471972e-09,7.92024171948805e-02,7.92024321077799e-02,7.91840517472158e-02,lamp_kernel
1.479553e+03,18061,8.05581256573616e-09,7.92024161576314e-02,7.92024310455166e-02,7.91840716510214e-02,lamp_kernel
1.481198e+03,18081,8.04245991105952e-09,7.92024151239871e-02,7.92024299871953e-02,7.91840915109646e-02,lamp_kernel
1.482844e+03,18101,8.02941242359191e-09,7.92024140939276e-02,7.92024289330229e-02,7.91841113271906e-02,lamp_kernel
1.484489e+03,18121,8.01641977555215e-09,7.92024130674386e-02,7.92024278825223e-02,7.91841310998437e-02,lamp_kernel
1.486134e+03,18141,8.00341768504045e-09,7.92024120445036e-02,7.92024268355582e-02,7.91841508290678e-02,lamp_kernel
1.487779e+03,18161,7.99050250281263e-09,7.92024110251070e-02,7.92024257922932e-02,7.91841705150061e-02,lamp_kernel
1.489425e+03,18181,7.97769347230188e-09,7.92024100092345e-02,7.92024247527484e-02,7.91841901578010e-02,lamp_kernel
1.491070e+03,18201,7.96493013562399e-09,7.92024089968704e-02,7.92024237167965e-02,7.91842097575946e-02,lamp_kernel
1.492715e+03,18221,7.95224861822239e-09,7.92024079879986e-02,7.92024226844881e-02,7.91842293145281e-02,lamp_kernel
1.494360e+03,18241,7.93958945288952e-09,7.92024069826052e-02,7.92024216556994e-02,7.91842488287420e-02,lamp_kernel
1.496006e+03,18261,7.92691254414036e-09,7.92024059806739e-02,7.92024206303400e-02,7.91842683003767e-02,lamp_kernel
1.497651e+03,18281,7.91427385217571e-09,7.92024049821879e-02,7.92024196084965e-02,7.91842877295714e-02,lamp_kernel
1.499296e+03,18301,7.90181106827152e-09,7.92024039871338e-02,7.92024185904100e-02,7.91843071164650e-02,lamp_kernel
1.500941e+03,18321,7.88946285311883e-09,7.92024029954991e-02,7.92024175759547e-02,7.91843264611957e-02,lamp_kernel
1.502587e+03,18341,7.87725940979918e-09,7.92024020072646e-02,7.92024165651670e-02,7.91843457639012e-02,lamp_kernel
1.504232e+03,18361,7.86503586855013e-09,7.92024010224178e-02,7.92024155577301e-02,7.91843650246765e-02,lamp_kernel
1.505877e+03,18381,7.85284367969465e-09,7.92024000409432e-02,7.92024145537231e-02,7.91843842436805e-02,lamp_kernel
1.507523e+03,18401,7.84080779167188e-09,7.92023990628282e-02,7.92024135533647e-02,7.91844034210683e-02,lamp_kernel
1.509168e+03,18421,7.82887449557198e-09,7.92023980880531e-02,7.92024125565358e-02,7.91844225569753e-02,lamp_kernel
1.510813e+03,18441,7.81711325373965e-09,7.92023971166098e-02,7.92024115633566e-02,7.91844416515364e-02,lamp_kernel
1.512458e+03,18461,7.80545392393099e-09,7.92023961484806e-02,7.92024105736799e-02,7.91844607048855e-02,lamp_kernel
1.514104e+03,18481,7.79391152499698e-09,7.92023951836523e-02,7.92024095875202e-02,7.91844797171559e-02,lamp_kernel
1.515749e+03,18501,7.78241022227663e-09,7.92023942221092e-02,7.92024086047216e-02,7.91844986873418e-02,lamp_kernel
1.517394e+03,18521,7.77094240439399e-09,7.92023932638382e-02,7.92024076252570e-02,7.91845176164908e-02,lamp_kernel
1.519040e+03,18541,7.75948209333076e-09,7.92023923088241e-02,7.92024066490632e-02,7.91845365046483e-02,lamp_kernel
1.520685e+03,18561,7.74813442726762e-09,7.92023913570519e-02,7.92024056763195e-02,7.91845553506652e-02,lamp_kernel
1.522330e+03,18581,7.73690435047817e-09,7.92023904085129e-02,7.92024047070263e-02,7.91845741562796e-02,lamp_kernel
1.523976e+03,18601,7.72571941645799e-09,7.92023894631885e-02,7.92024037410311e-02,7.91845929216213e-02,lamp_kernel
1.525621e+03,18621,7.71459453395533e-09,7.92023885210667e-02,7.92024027783494e-02,7.91846116468196e-02,lamp_kernel
1.527266e+03,18641,7.70364810275799e-09,7.92023875821327e-02,7.92024018191854e-02,7.91846303320035e-02,lamp_kernel
1.528912e+03,18661,7.69287225939239e-09,7.92023866463714e-02,7.92024008635094e-02,7.91846489760607e-02,lamp_kernel
1.530557e+03,18681,7.68214156617600e-09,7.92023857137726e-02,7.92023999110793e-02,7.91846675802194e-02,lamp_kernel
1.532202e+03,18701,7.67141150581800e-09,7.92023847843211e-02,7.92023989617976e-02,7.91846861447540e-02,lamp_kernel
1.533847e+03,18721,7.66070497730588e-09,7.92023838580024e-02,7.92023980156923e-02,7.91847046697912e-02,lamp_kernel
1.535493e+03,18741,7.65003092650989e-09,7.92023829348048e-02,7.92023970727680e-02,7.91847231554568e-02,lamp_kernel
1.537138e+03,18761,7.63933461682952e-09,7.92023820147149e-02,7.92023961329104e-02,7.91847416018767e-02,lamp_kernel
1.538783e+03,18781,7.62862975097262e-09,7.92023810977178e-02,7.92023951961297e-02,7.91847600091757e-02,lamp_kernel
1.540429e+03,18801,7.61794316740046e-09,7.92023801838035e-02,7.92023942624656e-02,7.91847783774783e-02,lamp_kernel
1.542074e+03,18821,7.60725685323216e-09,7.92023792729559e-02,7.92023933318687e-02,7.91847967069084e-02,lamp_kernel
1.543719e+03,18841,7.59663149616032e-09,7.92023783651628e-02,7.92023924044390e-02,7.91848149975896e-02,lamp_kernel
1.545365e+03,18861,7.58608080407398e-09,7.92023774604125e-02,7.92023914801900e-02,7.91848332496443e-02,lamp_kernel
1.547010e+03,18881,7.57555362202023e-09,7.92023765586909e-02,7.92023905590133e-02,7.91848514631955e-02,lamp_kernel
1.548655e+03,18901,7.56501895110449e-09,7.92023756599840e-02,7.92023896408373e-02,7.91848696383648e-02,lamp_kernel
1.550301e+03,18921,7.55466009612021e-09,7.92023747642807e-02,7.92023887259899e-02,7.91848877738680e-02,lamp_kernel
1.551946e+03,18941,7.54431323133677e-09,7.92023738715708e-02,7.92023878141580e-02,7.91849058691857e-02,lamp_kernel
1.553591e+03,18961,7.53398060424435e-09,7.92023729818366e-02,7.92023869053282e-02,7.91849239246721e-02,lamp_kernel
1.555237e+03,18981,7.52362490449567e-09,7.92023720950669e-02,7.92023859994202e-02,7.91849419412197e-02,lamp_kernel
1.556882e+03,19001,7.51331958434891e-09,7.92023712112517e-02,7.92023850965598e-02,7.91849599200088e-02,lamp_kernel
1.558528e+03,19021,7.50367789170002e-09,7.92023703303774e-02,7.92023841978667e-02,7.91849778611585e-02,lamp_kernel
1.560173e+03,19041,7.49428720287404e-09,7.92023694524301e-02,7.92023833025646e-02,7.91849957647870e-02,lamp_kernel
1.561819e+03,19061,7.48486231513419e-09,7.92023685773992e-02,7.92023824101156e-02,7.91850136310118e-02,lamp_kernel
1.563464e+03,19081,7.47540208711180e-09,7.92023677052709e-02,7.92023815205039e-02,7.91850314599108e-02,lamp_kernel
1.565109e+03,19101,7.46591330118828e-09,7.92023668360320e-02,7.92023806337289e-02,7.91850492510214e-02,lamp_kernel
1.566755e+03,19121,7.45639865858267e-09,7.92023659696760e-02,7.92023797497890e-02,7.91850670050791e-02,lamp_kernel
1.568400e+03,19141,7.44691462663153e-09,7.92023651061873e-02,7.92023788687729e-02,7.91850847222003e-02,lamp_kernel
1.570046e+03,19161,7.43745928320700e-09,7.92023642455529e-02,7.92023779906642e-02,7.91851024024995e-02,lamp_kernel
1.571691e+03,19181,7.42801831676163e-09,7.92023633877610e-02,7.92023771154245e-02,7.91851200460920e-02,lamp_kernel
1.573337e+03,19201,7.41854214466841e-09,7.92023625328031e-02,7.92023762429537e-02,7.91851376530919e-02,lamp_kernel
1.574982e+03,19221,7.40907080096136e-09,7.92023616806622e-02,7.92023753733090e-02,7.91851552236131e-02,lamp_kernel
1.576627e+03,19241,7.39962232025130e-09,7.92023608313296e-02,7.92023745065147e-02,7.91851727577687e-02,lamp_kernel
1.578273e+03,19261,7.39038422652396e-09,7.92023599847937e-02,7.92023736429059e-02,7.91851902556718e-02,lamp_kernel
1.579918e+03,19281,7.38129139403246e-09,7.92023591410430e-02,7.92023727823508e-02,7.91852077174348e-02,lamp_kernel
1.581564e+03,19301,7.37235860957736e-09,7.92023583000635e-02,7.92023719248627e-02,7.91852251431697e-02,lamp_kernel
1.583209e+03,19321,7.36355924389328e-09,7.92023574618487e-02,7.92023710703859e-02,7.91852425329879e-02,lamp_kernel
1.584854e+03,19341,7.35480704245578e-09,7.92023566263816e-02,7.92023702187439e-02,7.91852598870004e-02,lamp_kernel
1.586500e+03,19361,7.34614917371679e-09,7.92023557936539e-02,7.92023693700156e-02,7.91852772053179e-02,lamp_kernel
1.588145e+03,19381,7.33751071191716e-09,7.92023549636529e-02,7.92023685240499e-02,7.91852944880502e-02,lamp_kernel
1.589791e+03,19401,7.32888309526055e-09,7.92023541363717e-02,7.92023676808242e-02,7.91853117353072e-02,lamp_kernel
1.591436e+03,19421,7.32026434786753e-09,7.92023533117912e-02,7.92023668403154e-02,7.91853289471981e-02,lamp_kernel
1.593082e+03,19441,7.31167281480163e-09,7.92023524899068e-02,7.92023660025530e-02,7.91853461238316e-02,lamp_kernel
1.594727e+03,19461,7.30317669904217e-09,7.92023516707056e-02,7.92023651676502e-02,7.91853632653159e-02,lamp_kernel
1.596372e+03,19481,7.29485881249730e-09,7.92023508541751e-02,7.92023643357475e-02,7.91853803717589e-02,lamp_kernel
1.598018e+03,19501,7.28658947349933e-09,7.92023500403061e-02,7.92023635065960e-02,7.91853974432682e-02,lamp_kernel
1.599663e+03,19521,7.27834771778063e-09,7.92023492290841e-02,7.92023626801425e-02,7.91854144799504e-02,lamp_kernel
1.601309e+03,19541,7.27016909907177e-09,7.92023484205050e-02,7.92023618564485e-02,7.91854314819123e-02,lamp_kernel
1.602954e+03,19561,7.26210014356141e-09,7.92023476145491e-02,7.92023610355805e-02,7.91854484492598e-02,lamp_kernel
1.604600e+03,19581,7.25399582556049e-09,7.92023468112137e-02,7.92023602172676e-02,7.91854653809644e-02,lamp_kernel
1.606245e+03,19601,7.24589616827486e-09,7.92023460104861e-02,7.92023594015711e-02,7.91854822779521e-02,lamp_kernel
1.607891e+03,19621,7.23774994414275e-09,7.92023452123528e-02,7.92023585883828e-02,7.91854991406467e-02,lamp_kernel
1.609536e+03,19641,7.22959218045315e-09,7.92023444168062e-02,7.92023577777598e-02,7.91855159691519e-02,lamp_kernel
1.611182e+03,19661,7.22139533550504e-09,7.92023436238339e-02,7.92023569696391e-02,7.91855327635719e-02,lamp_kernel
1.612827e+03,19681,7.21329899691618e-09,7.92023428334260e-02,7.92023561642683e-02,7.91855495238314e-02,lamp_kernel
1.614473e+03,19701,7.20534440453521e-09,7.92023420455728e-02,7.92023553617143e-02,7.91855662501915e-02,lamp_kernel
1.616118e+03,19721,7.19743877973023e-09,7.92023412602621e-02,7.92023545617933e-02,7.91855829427790e-02,lamp_kernel
1.617764e+03,19741,7.18962520586840e-09,7.92023404774828e-02,7.92023537645738e-02,7.91855996016967e-02,lamp_kernel
1.619409e+03,19761,7.18187877284460e-09,7.92023396972262e-02,7.92023529700011e-02,7.91856162270455e-02,lamp_kernel
1.621055e+03,19781,7.17413698276620e-09,7.92023389194844e-02,7.92023521779518e-02,7.91856328189274e-02,lamp_kernel
1.622700e+03,19801,7.16646187036561e-09,7.92023381442452e-02,7.92023513885282e-02,7.91856493774433e-02,lamp_kernel
1.624346e+03,19821,7.15874099206556e-09,7.92023373714957e-02,7.92023506015098e-02,7.91856659026936e-02,lamp_kernel
1.625992e+03,19841,7.15101251626077e-09,7.92023366012337e-02,7.92023498169649e-02,7.91856823947784e-02,lamp_kernel
1.627637e+03,19861,7.14329734828357e-09,7.92023358334412e-02,7.92023490349141e-02,7.91856988537977e-02,lamp_kernel
c_index=-0.07920233583344125,Sw=0.0,Smin=0.07920233583344125,Smax=0.07920233583344125,Nw=73,pairs=190
