time(s),iter,infeas,ot_objective,primal,dual,solver
1.307200e-04,1,7.72535298429963e-01,3.15989889977182e-01,1.66315721137089e+00,8.59391464320812e-17,lamp_kernel
1.585022e+00,21,7.55138121113081e-02,2.32786450737307e-01,3.64469417453477e-01,2.62907408474648e-02,lamp_kernel
3.174033e+00,41,3.41106009059931e-02,1.71687340228031e-01,2.31170301002829e-01,2.82669942304755e-02,lamp_kernel
4.764371e+00,61,1.43730058271731e-02,1.25887097895059e-01,1.50951122542114e-01,2.92625085162959e-02,lamp_kernel
6.355146e+00,81,5.68372918515281e-03,9.51340498804230e-02,1.05045485950012e-01,3.16413649772737e-02,lamp_kernel
7.946074e+00,101,2.32634925171727e-03,7.65184680746770e-02,8.05752169331841e-02,3.41506830831309e-02,lamp_kernel
9.537219e+00,121,7.66103742354738e-04,6.55244934519039e-02,6.68604452570773e-02,3.62110720651670e-02,lamp_kernel
1.112846e+01,141,3.39209050189692e-04,5.88809420147328e-02,5.94724636558349e-02,3.77761939124185e-02,lamp_kernel
1.271985e+01,161,1.41790643571375e-04,5.47067681061353e-02,5.49540263503695e-02,3.89328450930049e-02,lamp_kernel
1.431140e+01,181,7.08418435581266e-05,5.19749310686403e-02,5.20984669340211e-02,3.97895044053423e-02,lamp_kernel
1.590306e+01,201,4.27178029299364e-05,5.01167374860412e-02,5.01912299115212e-02,4.04350833596721e-02,lamp_kernel
1.749475e+01,221,2.85467910633577e-05,4.88088081715849e-02,4.88585888147857e-02,4.09291910487272e-02,lamp_kernel
1.908657e+01,241,2.00365232035576e-05,4.78603396448281e-02,4.78952798596623e-02,4.13145029732429e-02,lamp_kernel
2.067838e+01,261,1.59352513640077e-05,4.71545822122503e-02,4.71823705216510e-02,4.16194339619793e-02,lamp_kernel
2.227019e+01,281,1.22898434902427e-05,4.66174376638284e-02,4.66388690153392e-02,4.18656285624395e-02,lamp_kernel
2.386203e+01,301,1.04383594517736e-05,4.62004946801299e-02,4.62186973651994e-02,4.20681231501964e-02,lamp_kernel
2.545398e+01,321,8.56464338008020e-06,4.58711617289466e-02,4.58860969787721e-02,4.22364289102982e-02,lamp_kernel
2.704589e+01,341,7.29810324184362e-06,4.56070204799588e-02,4.56197471038626e-02,4.23780159003642e-02,lamp_kernel
2.863789e+01,361,6.41143855479563e-06,4.53922405444711e-02,4.54034209792314e-02,4.24986597636700e-02,lamp_kernel
3.022999e+01,381,5.64882102971157e-06,4.52154530758091e-02,4.52253036381214e-02,4.26026097684024e-02,lamp_kernel
3.182206e+01,401,5.09160839239242e-06,4.50683373003588e-02,4.50772161806553e-02,4.26929070258710e-02,lamp_kernel
3.341413e+01,421,4.62389249307578e-06,4.49446975898635e-02,4.49527608549039e-02,4.27719935724528e-02,lamp_kernel
3.500620e+01,441,4.15809687019256e-06,4.48398659368085e-02,4.48471169352213e-02,4.28417453238265e-02,lamp_kernel
3.659828e+01,461,3.87769140228548e-06,4.47502599189711e-02,4.47570219389723e-02,4.29039166543647e-02,lamp_kernel
3.819038e+01,481,3.49768542339182e-06,4.46731011793202e-02,4.46792005349257e-02,4.29596101754459e-02,lamp_kernel
3.978245e+01,501,3.25632038843046e-06,4.46062165383468e-02,4.46118949952720e-02,4.30097341814254e-02,lamp_kernel
4.137454e+01,521,3.04404828714663e-06,4.45478817692879e-02,4.45531900605537e-02,4.30550048170114e-02,lamp_kernel
4.296671e+01,541,2.78907909793076e-06,4.44967145241579e-02,4.45015781934622e-02,4.30961069664945e-02,lamp_kernel
4.455887e+01,561,2.65351362362831e-06,4.44515985401539e-02,4.44562258068275e-02,4.31336030774462e-02,lamp_kernel
4.656614e+01,581,2.42689630787936e-06,4.44116235013839e-02,4.44158555868369e-02,4.31679574485781e-02,lamp_kernel
4.815843e+01,601,2.33190576385674e-06,4.43760427553273e-02,4.43801091937775e-02,4.31994605351562e-02,lamp_kernel
4.975062e+01,621,2.17138153735171e-06,4.43442416167690e-02,4.43480281288615e-02,4.32285169459974e-02,lamp_kernel
5.134283e+01,641,2.05293448884766e-06,4.43157073695453e-02,4.43192873305671e-02,4.32553864393351e-02,lamp_kernel
5.293500e+01,661,1.97409347180706e-06,4.42900076728465e-02,4.42934501488344e-02,4.32802731361333e-02,lamp_kernel
5.452719e+01,681,1.80982799815228e-06,4.42667796931403e-02,4.42699357186855e-02,4.33033702939504e-02,lamp_kernel
5.611941e+01,701,1.76416637546393e-06,4.42457186411882e-02,4.42487950407979e-02,4.33249018928671e-02,lamp_kernel
5.771162e+01,721,1.64614174439649e-06,4.42265650736606e-02,4.42294356588221e-02,4.33450000611876e-02,lamp_kernel
5.930386e+01,741,1.58860215181167e-06,4.42090954919814e-02,4.42118657380918e-02,4.33637799867164e-02,lamp_kernel
6.089609e+01,761,1.52255358688013e-06,4.41931170535863e-02,4.41957721224764e-02,4.33813683650666e-02,lamp_kernel
6.248835e+01,781,1.42212126108640e-06,4.41784647163762e-02,4.41809446487417e-02,4.33978804299223e-02,lamp_kernel
6.408061e+01,801,1.39181563567515e-06,4.41649966489102e-02,4.41674237335309e-02,4.34134210718046e-02,lamp_kernel
6.567287e+01,821,1.31251445834988e-06,4.41525891063253e-02,4.41548779034724e-02,4.34280834922194e-02,lamp_kernel
6.726518e+01,841,1.27229243838896e-06,4.41411332054085e-02,4.41433518623420e-02,4.34419397759493e-02,lamp_kernel
6.885746e+01,861,1.22966327597522e-06,4.41305332840853e-02,4.41326776031670e-02,4.34550511604192e-02,lamp_kernel
7.044972e+01,881,1.17762516732571e-06,4.41207058890782e-02,4.41227594627408e-02,4.34674680535835e-02,lamp_kernel
7.204199e+01,901,1.13059737226244e-06,4.41115782382601e-02,4.41135498036199e-02,4.34792505629993e-02,lamp_kernel
7.363429e+01,921,1.08495464906233e-06,4.41030857607227e-02,4.41049777331043e-02,4.34904497367321e-02,lamp_kernel
7.522657e+01,941,1.04614484545333e-06,4.40951703935381e-02,4.40969946883659e-02,4.35011029885928e-02,lamp_kernel
7.681884e+01,961,1.01715853222308e-06,4.40877804442311e-02,4.40895541919654e-02,4.35112527193046e-02,lamp_kernel
7.841117e+01,981,9.88386320400615e-07,4.40808703256799e-02,4.40825938996764e-02,4.35209332463160e-02,lamp_kernel
8.000347e+01,1001,9.21786566335969e-07,4.40743996197450e-02,4.40760070553431e-02,4.35301791063756e-02,lamp_kernel
8.159577e+01,1021,9.06547212315810e-07,4.40683319096858e-02,4.40699127704986e-02,4.35390166917024e-02,lamp_kernel
8.318807e+01,1041,8.65623529766825e-07,4.40626340212977e-02,4.40641435183192e-02,4.35474619153718e-02,lamp_kernel
8.478035e+01,1061,8.45062868535467e-07,4.40572761660931e-02,4.40587498088941e-02,4.35555398000392e-02,lamp_kernel
8.637265e+01,1081,8.30672867168480e-07,4.40522318292443e-02,4.40536803783833e-02,4.35632859783304e-02,lamp_kernel
8.796496e+01,1101,7.69607615870633e-07,4.40474770289203e-02,4.40488190908720e-02,4.35707165754123e-02,lamp_kernel
8.955731e+01,1121,7.58164916870371e-07,4.40429897956353e-02,4.40443119035083e-02,4.35778499502766e-02,lamp_kernel
9.114974e+01,1141,7.28177867517265e-07,4.40387501444587e-02,4.40400199601284e-02,4.35847018222164e-02,lamp_kernel
9.274218e+01,1161,7.00878750860097e-07,4.40347401589686e-02,4.40359623697224e-02,4.35912881554463e-02,lamp_kernel
9.433454e+01,1181,6.93761486816057e-07,4.40309436029091e-02,4.40321534023911e-02,4.35976306312029e-02,lamp_kernel
9.592691e+01,1201,6.58041829400739e-07,4.40273453797676e-02,4.40284928903739e-02,4.36037341641926e-02,lamp_kernel
9.751926e+01,1221,6.33754885893519e-07,4.40239315171344e-02,4.40250366755314e-02,4.36096171105509e-02,lamp_kernel
9.911162e+01,1241,6.18286253022220e-07,4.40206894979883e-02,4.40217676817775e-02,4.36152906001042e-02,lamp_kernel
1.007040e+02,1261,5.97153301171203e-07,4.40176082117966e-02,4.40186495433899e-02,4.36207653490520e-02,lamp_kernel
1.022964e+02,1281,5.76872046956542e-07,4.40146773289006e-02,4.40156832935107e-02,4.36260518065142e-02,lamp_kernel
1.038888e+02,1301,5.69275661778249e-07,4.40118868807986e-02,4.40128795986329e-02,4.36311608241186e-02,lamp_kernel
1.054812e+02,1321,5.50763189065002e-07,4.40092275759797e-02,4.40101880112785e-02,4.36360986029424e-02,lamp_kernel
1.070735e+02,1341,5.30067617240033e-07,4.40066913079966e-02,4.40076156538142e-02,4.36408750211597e-02,lamp_kernel
1.086659e+02,1361,5.28471186565692e-07,4.40042710147215e-02,4.40051925766414e-02,4.36454990387181e-02,lamp_kernel
1.102583e+02,1381,4.96015784028770e-07,4.40019599351386e-02,4.40028249004761e-02,4.36499797586325e-02,lamp_kernel
1.118506e+02,1401,4.94034533006910e-07,4.39997512507637e-02,4.40006127611437e-02,4.36543184774180e-02,lamp_kernel
1.134430e+02,1421,4.91268799302193e-07,4.39976385561266e-02,4.39984952435476e-02,4.36585257077959e-02,lamp_kernel
1.150354e+02,1441,4.75664660449367e-07,4.39956164084362e-02,4.39964458849505e-02,4.36626076577886e-02,lamp_kernel
1.166278e+02,1461,4.74135671268678e-07,4.39936801548365e-02,4.39945069650593e-02,4.36665649175954e-02,lamp_kernel
1.182202e+02,1481,4.60823971659087e-07,4.39918252552215e-02,4.39926288521533e-02,4.36703980969560e-02,lamp_kernel
1.198127e+02,1501,4.44304946669209e-07,4.39900469820462e-02,4.39908217726689e-02,4.36741198622808e-02,lamp_kernel
1.214051e+02,1521,4.39366940189211e-07,4.39883408205490e-02,4.39891070001463e-02,4.36777326420840e-02,lamp_kernel
1.229975e+02,1541,4.41886053445564e-07,4.39867029458835e-02,4.39874735183767e-02,4.36812442321193e-02,lamp_kernel
1.245899e+02,1561,4.32179083047792e-07,4.39851301145857e-02,4.39858837598092e-02,4.36846597071230e-02,lamp_kernel
1.261823e+02,1581,4.27857945410313e-07,4.39836191616207e-02,4.39843652715311e-02,4.36879837768135e-02,lamp_kernel
1.277747e+02,1601,4.24915431008827e-07,4.39821667939335e-02,4.39829077726100e-02,4.36912193576547e-02,lamp_kernel
1.293672e+02,1621,4.05541418145066e-07,4.39807698542942e-02,4.39814770480589e-02,4.36943663389443e-02,lamp_kernel
1.309597e+02,1641,4.03757545457826e-07,4.39794255853697e-02,4.39801296683703e-02,4.36974290859178e-02,lamp_kernel
1.325522e+02,1661,4.02658649744946e-07,4.39781315431500e-02,4.39788337098675e-02,4.37004121515753e-02,lamp_kernel
1.341447e+02,1681,3.95620537847153e-07,4.39768853549926e-02,4.39775752484658e-02,4.37033182852405e-02,lamp_kernel
1.357372e+02,1701,3.98743753416302e-07,4.39756846840349e-02,4.39763800238534e-02,4.37061501328655e-02,lamp_kernel
1.373299e+02,1721,3.91239533271206e-07,4.39745273778705e-02,4.39752096316331e-02,4.37089127728569e-02,lamp_kernel
1.389225e+02,1741,3.77467924681254e-07,4.39734114936371e-02,4.39740697321073e-02,4.37116073050809e-02,lamp_kernel
1.405152e+02,1761,3.66500429209066e-07,4.39723351373603e-02,4.39729742504242e-02,4.37142367242288e-02,lamp_kernel
1.421081e+02,1781,3.69173318981551e-07,4.39712963861894e-02,4.39719401603085e-02,4.37168038648343e-02,lamp_kernel
1.437010e+02,1801,3.66862855573327e-07,4.39702934441682e-02,4.39709331892406e-02,4.37193088312952e-02,lamp_kernel
1.452941e+02,1821,3.65064534996109e-07,4.39693248065333e-02,4.39699614156472e-02,4.37217560144874e-02,lamp_kernel
1.468873e+02,1841,3.63275866025947e-07,4.39683891640264e-02,4.39690226540123e-02,4.37241475751320e-02,lamp_kernel
1.484807e+02,1861,3.47750742558254e-07,4.39674851403544e-02,4.39680915572227e-02,4.37264851621200e-02,lamp_kernel
1.500742e+02,1881,3.37343802150724e-07,4.39666112028631e-02,4.39671994718358e-02,4.37287699078840e-02,lamp_kernel
1.516680e+02,1901,3.38136717884985e-07,4.39657658681457e-02,4.39663555198256e-02,4.37310034852216e-02,lamp_kernel
1.532620e+02,1921,3.33556295760024e-07,4.39649479310384e-02,4.39655295952581e-02,4.37331884998838e-02,lamp_kernel
1.548564e+02,1941,3.32906498755829e-07,4.39641564292925e-02,4.39647369603791e-02,4.37353255963349e-02,lamp_kernel
1.564508e+02,1961,3.32811179660928e-07,4.39633904098734e-02,4.39639707747400e-02,4.37374154056620e-02,lamp_kernel
1.580457e+02,1981,3.25519783509463e-07,4.39626487879871e-02,4.39632164379259e-02,4.37394606265820e-02,lamp_kernel
1.596409e+02,2001,3.11238843717869e-07,4.39619304325758e-02,4.39624731790370e-02,4.37414624420807e-02,lamp_kernel
1.612363e+02,2021,3.05187593561681e-07,4.39612343242418e-02,4.39617665183743e-02,4.37434224458993e-02,lamp_kernel
1.628322e+02,2041,3.01685746727480e-07,4.39605595956533e-02,4.39610856831733e-02,4.37453410985641e-02,lamp_kernel
1.644285e+02,2061,2.99183429748426e-07,4.39599054588676e-02,4.39604271827817e-02,4.37472204492569e-02,lamp_kernel
1.660252e+02,2081,3.05483616881120e-07,4.39592711451832e-02,4.39598038555289e-02,4.37490617155594e-02,lamp_kernel
1.676223e+02,2101,3.01402866739237e-07,4.39586559080038e-02,4.39591815022303e-02,4.37508657442529e-02,lamp_kernel
1.692199e+02,2121,2.86673946453600e-07,4.39580590248114e-02,4.39585589343603e-02,4.37526334598148e-02,lamp_kernel
1.708179e+02,2141,2.75469014205037e-07,4.39574797643693e-02,4.39579601344634e-02,4.37543667811717e-02,lamp_kernel
1.724164e+02,2161,2.72938459952773e-07,4.39569173802028e-02,4.39573933374500e-02,4.37560657336243e-02,lamp_kernel
1.740154e+02,2181,2.71645041758982e-07,4.39563711742335e-02,4.39568448759841e-02,4.37577317447002e-02,lamp_kernel
1.756149e+02,2201,2.73773924439389e-07,4.39558405685399e-02,4.39563179826920e-02,4.37593663913655e-02,lamp_kernel
1.772149e+02,2221,2.71478746849094e-07,4.39553250881096e-02,4.39557984998708e-02,4.37609705519451e-02,lamp_kernel
1.788154e+02,2241,2.63152563446665e-07,4.39548242566390e-02,4.39552831489831e-02,4.37625447475168e-02,lamp_kernel
1.804165e+02,2261,2.52005934894986e-07,4.39543375151384e-02,4.39547769696992e-02,4.37640890160212e-02,lamp_kernel
1.820294e+02,2281,2.49365174852789e-07,4.39538642499069e-02,4.39542990994410e-02,4.37656041740770e-02,lamp_kernel
1.836315e+02,2301,2.45287542695101e-07,4.39534038943792e-02,4.39538316332314e-02,4.37670921518745e-02,lamp_kernel
1.852342e+02,2321,2.39100574945095e-07,4.39529559959698e-02,4.39533729458254e-02,4.37685535619314e-02,lamp_kernel
1.868375e+02,2341,2.39884240497861e-07,4.39525201896277e-02,4.39529385060598e-02,4.37699892191555e-02,lamp_kernel
1.884414e+02,2361,2.38512934596112e-07,4.39520961184396e-02,4.39525120435525e-02,4.37713995503070e-02,lamp_kernel
1.900458e+02,2381,2.33440151424529e-07,4.39516833798107e-02,4.39520904588713e-02,4.37727849951619e-02,lamp_kernel
1.916509e+02,2401,2.25718940528944e-07,4.39512815348050e-02,4.39516751494154e-02,4.37741467086492e-02,lamp_kernel
1.932565e+02,2421,2.19936670307851e-07,4.39508901561598e-02,4.39512736874956e-02,4.37754852867304e-02,lamp_kernel
1.948629e+02,2441,2.13160362892207e-07,4.39505088657174e-02,4.39508805803506e-02,4.37768007261482e-02,lamp_kernel
1.964699e+02,2461,2.12110163552079e-07,4.39501373347143e-02,4.39505072179823e-02,4.37780934835475e-02,lamp_kernel
1.980776e+02,2481,2.14242209005747e-07,4.39497752590554e-02,4.39501488602402e-02,4.37793639415627e-02,lamp_kernel
1.996861e+02,2501,2.11844328762201e-07,4.39494223389341e-02,4.39497917586325e-02,4.37806126936488e-02,lamp_kernel
2.012952e+02,2521,2.03925157237787e-07,4.39490782767436e-02,4.39494338867829e-02,4.37818407013943e-02,lamp_kernel
2.029051e+02,2541,1.97759038524048e-07,4.39487427816690e-02,4.39490876390687e-02,4.37830480202156e-02,lamp_kernel
2.045155e+02,2561,1.94920253125574e-07,4.39484155654576e-02,4.39487554725089e-02,4.37842356298205e-02,lamp_kernel
2.061267e+02,2581,1.91932926609207e-07,4.39480963355745e-02,4.39484310332474e-02,4.37854043836420e-02,lamp_kernel
2.077386e+02,2601,1.92051845316339e-07,4.39477848061203e-02,4.39481197111668e-02,4.37865546718645e-02,lamp_kernel
2.093513e+02,2621,1.90016978256522e-07,4.39474807254899e-02,4.39478120820818e-02,4.37876866046508e-02,lamp_kernel
2.109645e+02,2641,1.85269853390699e-07,4.39471838878817e-02,4.39475069663128e-02,4.37888006152409e-02,lamp_kernel
2.125785e+02,2661,1.79926872675368e-07,4.39468941042955e-02,4.39472078654965e-02,4.37898974785075e-02,lamp_kernel
2.141933e+02,2681,1.78250491815918e-07,4.39466111580339e-02,4.39469219959180e-02,4.37909775765475e-02,lamp_kernel
2.158086e+02,2701,1.76220604394996e-07,4.39463347974689e-02,4.39466420955821e-02,4.37920409556460e-02,lamp_kernel
2.174247e+02,2721,1.72338630013014e-07,4.39460647797639e-02,4.39463653083883e-02,4.37930876337637e-02,lamp_kernel
2.190415e+02,2741,1.71171495371700e-07,4.39458009154204e-02,4.39460994087649e-02,4.37941181496906e-02,lamp_kernel
2.206589e+02,2761,1.69837436207402e-07,4.39455430581221e-02,4.39458392250992e-02,4.37951331271352e-02,lamp_kernel
2.222768e+02,2781,1.66950229426692e-07,4.39452910506662e-02,4.39455821828563e-02,4.37961331694720e-02,lamp_kernel
2.238956e+02,2801,1.63023359244859e-07,4.39450446939638e-02,4.39453289783747e-02,4.37971184822442e-02,lamp_kernel
2.255148e+02,2821,1.60806050874037e-07,4.39448037777106e-02,4.39450841955210e-02,4.37980890918774e-02,lamp_kernel
2.271347e+02,2841,1.57766003026594e-07,4.39445681330302e-02,4.39448432495254e-02,4.37990452583987e-02,lamp_kernel
2.287550e+02,2861,1.55333726901481e-07,4.39443376405714e-02,4.39446085155997e-02,4.37999875929816e-02,lamp_kernel
2.303759e+02,2881,1.55710211896547e-07,4.39441121856556e-02,4.39443837172083e-02,4.38009163253641e-02,lamp_kernel
2.319974e+02,2901,1.55192379933027e-07,4.39438916177040e-02,4.39441622462477e-02,4.38018318389609e-02,lamp_kernel
2.336194e+02,2921,1.51956210161282e-07,4.39436757610483e-02,4.39439407462743e-02,4.38027342427798e-02,lamp_kernel
2.352419e+02,2941,1.47245056862177e-07,4.39434644572002e-02,4.39437212269934e-02,4.38036239118244e-02,lamp_kernel
2.368650e+02,2961,1.44846425441294e-07,4.39432575841322e-02,4.39435101711290e-02,4.38045011119330e-02,lamp_kernel
2.384886e+02,2981,1.42800041177570e-07,4.39430550356502e-02,4.39433040541085e-02,4.38053662250746e-02,lamp_kernel
2.401126e+02,3001,1.41760271731731e-07,4.39428566962951e-02,4.39431039015761e-02,4.38062194563326e-02,lamp_kernel
2.417371e+02,3021,1.42195236591052e-07,4.39426624447665e-02,4.39429104085507e-02,4.38070608883936e-02,lamp_kernel
2.433621e+02,3041,1.41018216009635e-07,4.39424721727553e-02,4.39427180840201e-02,4.38078905017108e-02,lamp_kernel
2.449875e+02,3061,1.37670945917895e-07,4.39422857848111e-02,4.39425258590185e-02,4.38087086752951e-02,lamp_kernel
2.466134e+02,3081,1.33770205554359e-07,4.39421031762354e-02,4.39423364482294e-02,4.38095158078649e-02,lamp_kernel
2.482396e+02,3101,1.32360877347635e-07,4.39419242215626e-02,4.39421550359331e-02,4.38103112764096e-02,lamp_kernel
2.498663e+02,3121,1.30944893698578e-07,4.39417487944729e-02,4.39419771396139e-02,4.38110962979942e-02,lamp_kernel
2.514933e+02,3141,1.29746479128226e-07,4.39415767977849e-02,4.39418030530991e-02,4.38118711133337e-02,lamp_kernel
2.531207e+02,3161,1.29561539470698e-07,4.39414081674331e-02,4.39416341002448e-02,4.38126359193646e-02,lamp_kernel
2.547485e+02,3181,1.28215142666915e-07,4.39412428456178e-02,4.39414664305474e-02,4.38133908171022e-02,lamp_kernel
2.563767e+02,3201,1.25428841361489e-07,4.39410807535515e-02,4.39412994796558e-02,4.38141358617608e-02,lamp_kernel
2.580052e+02,3221,1.22597976942877e-07,4.39409217904460e-02,4.39411355800146e-02,4.38148713278815e-02,lamp_kernel
2.596339e+02,3241,1.21712403198151e-07,4.39407658529010e-02,4.39409780981829e-02,4.38155973814883e-02,lamp_kernel
2.612630e+02,3261,1.20582777937778e-07,4.39406128507904e-02,4.39408231262022e-02,4.38163141914613e-02,lamp_kernel
2.628924e+02,3281,1.19107053449867e-07,4.39404627086969e-02,4.39406704107015e-02,4.38170220803064e-02,lamp_kernel
2.645220e+02,3301,1.18812919931203e-07,4.39403153610468e-02,4.39405225501337e-02,4.38177211408601e-02,lamp_kernel
2.661519e+02,3321,1.18006548459538e-07,4.39401707491737e-02,4.39403765320888e-02,4.38184114551657e-02,lamp_kernel
2.677820e+02,3341,1.16050656477483e-07,4.39400288173416e-02,4.39402311895210e-02,4.38190933189032e-02,lamp_kernel
2.694124e+02,3361,1.13452590060599e-07,4.39398895041507e-02,4.39400873457538e-02,4.38197668868137e-02,lamp_kernel
2.710431e+02,3381,1.12071782431524e-07,4.39397527364416e-02,4.39399481701560e-02,4.38204323023486e-02,lamp_kernel
2.726740e+02,3401,1.10896833380218e-07,4.39396184353188e-02,4.39398118201263e-02,4.38210895328430e-02,lamp_kernel
2.743051e+02,3421,1.09542337767092e-07,4.39394865307092e-02,4.39396775535117e-02,4.38217387729667e-02,lamp_kernel
2.759364e+02,3441,1.09844072519105e-07,4.39393569690517e-02,4.39395485180272e-02,4.38223801927036e-02,lamp_kernel
2.775679e+02,3461,1.09761478799395e-07,4.39392297056842e-02,4.39394211106306e-02,4.38230140166688e-02,lamp_kernel
2.791996e+02,3481,1.08267238426996e-07,4.39391046913104e-02,4.39392934905612e-02,4.38236402849805e-02,lamp_kernel
2.808314e+02,3501,1.05576550416355e-07,4.39389818679410e-02,4.39391659750994e-02,4.38242591611669e-02,lamp_kernel
2.824634e+02,3521,1.03631005556953e-07,4.39388611769159e-02,4.39390418913822e-02,4.38248707210263e-02,lamp_kernel
2.840957e+02,3541,1.02433940440385e-07,4.39387425673781e-02,4.39389211943708e-02,4.38254751114822e-02,lamp_kernel
2.857281e+02,3561,1.01100194870251e-07,4.39386259954012e-02,4.39388022965735e-02,4.38260721808238e-02,lamp_kernel
2.873606e+02,3581,1.01422750711714e-07,4.39385114170991e-02,4.39386882807527e-02,4.38266623673393e-02,lamp_kernel
2.889932e+02,3601,1.01819478079368e-07,4.39383987853451e-02,4.39385763408222e-02,4.38272457117360e-02,lamp_kernel
2.906260e+02,3621,1.00789468030811e-07,4.39382880527049e-02,4.39384638120235e-02,4.38278223803556e-02,lamp_kernel
2.922589e+02,3641,9.83994393994213e-08,4.39381791745091e-02,4.39383507660331e-02,4.38283925677411e-02,lamp_kernel
2.938919e+02,3661,9.64570730204849e-08,4.39380721075160e-02,4.39382403118906e-02,4.38289564030866e-02,lamp_kernel
2.955252e+02,3681,9.56609155472628e-08,4.39379668075788e-02,4.39381336235931e-02,4.38295139911939e-02,lamp_kernel
2.971585e+02,3701,9.46669307659322e-08,4.39378632319330e-02,4.39380283146106e-02,4.38300654135267e-02,lamp_kernel
2.987919e+02,3721,9.43415582044616e-08,4.39377613447217e-02,4.39379258600060e-02,4.38306107810518e-02,lamp_kernel
3.004253e+02,3741,9.43717649715765e-08,4.39376611181203e-02,4.39378256860800e-02,4.38311501673556e-02,lamp_kernel
3.020588e+02,3761,9.34829700733862e-08,4.39375625252394e-02,4.39377255432952e-02,4.38316837042085e-02,lamp_kernel
3.036924e+02,3781,9.17976365420264e-08,4.39374655308658e-02,4.39376256099928e-02,4.38322114859543e-02,lamp_kernel
3.053261e+02,3801,9.04774053799021e-08,4.39373700897866e-02,4.39375278666598e-02,4.38327334269891e-02,lamp_kernel
3.069599e+02,3821,9.03293196781502e-08,4.39372761550633e-02,4.39374336737008e-02,4.38332497355036e-02,lamp_kernel
3.085938e+02,3841,8.95475634715434e-08,4.39371836885684e-02,4.39373398439589e-02,4.38337604276372e-02,lamp_kernel
3.102278e+02,3861,8.84721901487655e-08,4.39370926643433e-02,4.39372469444696e-02,4.38342656950821e-02,lamp_kernel
3.118618e+02,3881,8.82671612845273e-08,4.39370030629427e-02,4.39371569855343e-02,4.38347655992687e-02,lamp_kernel
3.134959e+02,3901,8.77068359273284e-08,4.39369148630159e-02,4.39370678084974e-02,4.38352601993064e-02,lamp_kernel
3.151300e+02,3921,8.65172905831505e-08,4.39368280370713e-02,4.39369789081925e-02,4.38357496595527e-02,lamp_kernel
3.167642e+02,3941,8.51388063411031e-08,4.39367425528470e-02,4.39368910201311e-02,4.38362338638710e-02,lamp_kernel
3.183985e+02,3961,8.49479731194608e-08,4.39366583768707e-02,4.39368065113749e-02,4.38367130210051e-02,lamp_kernel
3.200328e+02,3981,8.43646066817411e-08,4.39365754771046e-02,4.39367225943191e-02,4.38371872772225e-02,lamp_kernel
3.216673e+02,4001,8.32841940413080e-08,4.39364938244267e-02,4.39366390575893e-02,4.38376567070327e-02,lamp_kernel
3.233017e+02,4021,8.32209398594868e-08,4.39364133937888e-02,4.39365585166471e-02,4.38381213836017e-02,lamp_kernel
3.249363e+02,4041,8.31433910906826e-08,4.39363341643627e-02,4.39364791519894e-02,4.38385813786245e-02,lamp_kernel
3.265708e+02,4061,8.22708173212445e-08,4.39362561173807e-02,4.39363995833903e-02,4.38390367622263e-02,lamp_kernel
3.282054e+02,4081,8.07456986673905e-08,4.39361792324346e-02,4.39363200389024e-02,4.38394875879143e-02,lamp_kernel
3.298400e+02,4101,8.00610073984498e-08,4.39361034852852e-02,4.39362430977703e-02,4.38399339014086e-02,lamp_kernel
3.314747e+02,4121,7.95691611873818e-08,4.39360288493869e-02,4.39361676041777e-02,4.38403757878865e-02,lamp_kernel
3.331095e+02,4141,7.87645606224047e-08,4.39359552997996e-02,4.39360926515068e-02,4.38408133005405e-02,lamp_kernel
3.347442e+02,4161,7.83552809833107e-08,4.39358828157502e-02,4.39360194537449e-02,4.38412463250781e-02,lamp_kernel
3.363791e+02,4181,7.84670790012410e-08,4.39358113795594e-02,4.39359482125104e-02,4.38416750987514e-02,lamp_kernel
3.380139e+02,4201,7.79007244904310e-08,4.39357409732994e-02,4.39358768186265e-02,4.38420996426164e-02,lamp_kernel
3.396488e+02,4221,7.66437549130386e-08,4.39356715764745e-02,4.39358052298651e-02,4.38425198480360e-02,lamp_kernel
3.412837e+02,4241,7.58498426097290e-08,4.39356031665961e-02,4.39357354355416e-02,4.38429358999624e-02,lamp_kernel
3.429186e+02,4261,7.56243479516045e-08,4.39355357217480e-02,4.39356675974701e-02,4.38433479510970e-02,lamp_kernel
3.445536e+02,4281,7.50302982434552e-08,4.39354692229398e-02,4.39356000627424e-02,4.38437560898173e-02,lamp_kernel
3.461886e+02,4301,7.41589399429708e-08,4.39354036547631e-02,4.39355329750682e-02,4.38441603714618e-02,lamp_kernel
3.478236e+02,4321,7.40122168621944e-08,4.39353390041232e-02,4.39354680685687e-02,4.38445608504030e-02,lamp_kernel
3.494587e+02,4341,7.35817077815295e-08,4.39352752577099e-02,4.39354035714224e-02,4.38449575774148e-02,lamp_kernel
3.510937e+02,4361,7.26128225740948e-08,4.39352123995380e-02,4.39353390236830e-02,4.38453505752325e-02,lamp_kernel
3.527288e+02,4381,7.17511014381316e-08,4.39351504101612e-02,4.39352755316144e-02,4.38457399276648e-02,lamp_kernel
3.543639e+02,4401,7.17527655748985e-08,4.39350892683888e-02,4.39352143927439e-02,4.38461256490180e-02,lamp_kernel
3.559990e+02,4421,7.15063356138896e-08,4.39350289545381e-02,4.39351536491622e-02,4.38465077825121e-02,lamp_kernel
3.576343e+02,4441,7.07900694069866e-08,4.39349694528981e-02,4.39350928984784e-02,4.38468864187693e-02,lamp_kernel
3.592695e+02,4461,7.02429705385476e-08,4.39349107516892e-02,4.39350332432241e-02,4.38472615256899e-02,lamp_kernel
3.609047e+02,4481,6.99474633354678e-08,4.39348528408525e-02,4.39349748170741e-02,4.38476331263484e-02,lamp_kernel
3.625399e+02,4501,6.92585506505919e-08,4.39347957095220e-02,4.39349164843997e-02,4.38480013234759e-02,lamp_kernel
3.641751e+02,4521,6.83755627030937e-08,4.39347393447065e-02,4.39348585798066e-02,4.38483661683483e-02,lamp_kernel
3.658103e+02,4541,6.82218562266574e-08,4.39346837313922e-02,4.39348026984550e-02,4.38487276779410e-02,lamp_kernel
3.674456e+02,4561,6.81404249545516e-08,4.39346288535096e-02,4.39347476785704e-02,4.38490859510198e-02,lamp_kernel
3.690808e+02,4581,6.75960213622610e-08,4.39345746952997e-02,4.39346925710151e-02,4.38494409571061e-02,lamp_kernel
3.707161e+02,4601,6.67593143455474e-08,4.39345212426951e-02,4.39346376593389e-02,4.38497928151386e-02,lamp_kernel
3.723514e+02,4621,6.63939602929314e-08,4.39344684839890e-02,4.39345842635189e-02,4.38501415821528e-02,lamp_kernel
3.739868e+02,4641,6.59614046941149e-08,4.39344164091378e-02,4.39345314343659e-02,4.38504872649967e-02,lamp_kernel
3.756221e+02,4661,6.53054033224367e-08,4.39343650080610e-02,4.39344788893366e-02,4.38508298403896e-02,lamp_kernel
3.772574e+02,4681,6.49705759643116e-08,4.39343142693709e-02,4.39344275667658e-02,4.38511694429476e-02,lamp_kernel
3.788927e+02,4701,6.49998218936358e-08,4.39342641806597e-02,4.39343775290544e-02,4.38515061143238e-02,lamp_kernel
3.805281e+02,4721,6.46780894816305e-08,4.39342147299292e-02,4.39343275172786e-02,4.38518398921643e-02,lamp_kernel
3.821635e+02,4741,6.39231723734535e-08,4.39341659066226e-02,4.39342773775277e-02,4.38521708135402e-02,lamp_kernel
3.837988e+02,4761,6.32887247578291e-08,4.39341177012753e-02,4.39342280658140e-02,4.38524988205768e-02,lamp_kernel
3.854342e+02,4781,6.29032815236384e-08,4.39340701043033e-02,4.39341797966959e-02,4.38528239917382e-02,lamp_kernel
3.870696e+02,4801,6.23960053875060e-08,4.39340231052175e-02,4.39341319130087e-02,4.38531463356637e-02,lamp_kernel
3.887049e+02,4821,6.18491435353068e-08,4.39339766928517e-02,4.39340845470109e-02,4.38534657116401e-02,lamp_kernel
3.903404e+02,4841,6.17961460737464e-08,4.39339308561226e-02,4.39340386178634e-02,4.38537823636462e-02,lamp_kernel
3.919759e+02,4861,6.16814881228583e-08,4.39338855845996e-02,4.39339931463968e-02,4.38540963747971e-02,lamp_kernel
3.936114e+02,4881,6.12053109621023e-08,4.39338408687251e-02,4.39339476001521e-02,4.38544077596942e-02,lamp_kernel
3.952468e+02,4901,6.04825376880413e-08,4.39337966998966e-02,4.39339021709326e-02,4.38547165557351e-02,lamp_kernel
3.968822e+02,4921,6.00791565083412e-08,4.39337530704152e-02,4.39338578380245e-02,4.38550227751349e-02,lamp_kernel
3.985177e+02,4941,5.97381996375139e-08,4.39337099730277e-02,4.39338141460675e-02,4.38553264563766e-02,lamp_kernel
4.001532e+02,4961,5.92623512896181e-08,4.39336674000844e-02,4.39337707433274e-02,4.38556276038828e-02,lamp_kernel
4.017886e+02,4981,5.90400196858722e-08,4.39336253428958e-02,4.39337282984311e-02,4.38559262401654e-02,lamp_kernel
4.034241e+02,5001,5.89891569921580e-08,4.39335837918667e-02,4.39336866587063e-02,4.38562224427756e-02,lamp_kernel
4.050596e+02,5021,5.87233940771478e-08,4.39335427373567e-02,4.39336451407520e-02,4.38565162436631e-02,lamp_kernel
4.066952e+02,5041,5.81364597151401e-08,4.39335021705445e-02,4.39336035504282e-02,4.38568076704598e-02,lamp_kernel
4.083307e+02,5061,5.75102853889052e-08,4.39334620836516e-02,4.39335623715960e-02,4.38570967567654e-02,lamp_kernel
4.099662e+02,5081,5.71055241142039e-08,4.39334224695259e-02,4.39335220516370e-02,4.38573835395440e-02,lamp_kernel
4.116017e+02,5101,5.67028401160811e-08,4.39333833211217e-02,4.39334822010219e-02,4.38576680444704e-02,lamp_kernel
4.132372e+02,5121,5.64029267259386e-08,4.39333446313291e-02,4.39334429882325e-02,4.38579502560710e-02,lamp_kernel
4.149021e+02,5141,5.64319661902677e-08,4.39333063931258e-02,4.39334048006690e-02,4.38582302449274e-02,lamp_kernel
4.165378e+02,5161,5.64389649761974e-08,4.39332685997464e-02,4.39333670194943e-02,4.38585080374198e-02,lamp_kernel
4.181734e+02,5181,5.61510827382782e-08,4.39332312446546e-02,4.39333291623858e-02,4.38587836441572e-02,lamp_kernel
4.198090e+02,5201,5.55445073563495e-08,4.39331943213472e-02,4.39332911813164e-02,4.38590570894148e-02,lamp_kernel
4.214445e+02,5221,5.49833050105633e-08,4.39331578231488e-02,4.39332537044786e-02,4.38593284143981e-02,lamp_kernel
4.230800e+02,5241,5.45013373919948e-08,4.39331217431131e-02,4.39332167839751e-02,4.38595976434067e-02,lamp_kernel
4.247155e+02,5261,5.40555418835466e-08,4.39330860740915e-02,4.39331803375636e-02,4.38598647586322e-02,lamp_kernel
4.263511e+02,5281,5.38866777229324e-08,4.39330508089705e-02,4.39331447779729e-02,4.38601297086897e-02,lamp_kernel
4.279866e+02,5301,5.39223048731832e-08,4.39330159410322e-02,4.39331099721622e-02,4.38603926163169e-02,lamp_kernel
4.296222e+02,5321,5.38805850961455e-08,4.39329814642410e-02,4.39330754226189e-02,4.38606533969280e-02,lamp_kernel
4.312578e+02,5341,5.35652739456814e-08,4.39329473732726e-02,4.39330407818026e-02,4.38609122020436e-02,lamp_kernel
4.328933e+02,5361,5.30449486211046e-08,4.39329136631907e-02,4.39330061643638e-02,4.38611689203947e-02,lamp_kernel
4.345289e+02,5381,5.25903490873147e-08,4.39328803289722e-02,4.39329720374027e-02,4.38614236877710e-02,lamp_kernel
4.361645e+02,5401,5.21251292106145e-08,4.39328473651936e-02,4.39329382623615e-02,4.38616765468546e-02,lamp_kernel
4.378001e+02,5421,5.17469053599176e-08,4.39328147660649e-02,4.39329050036761e-02,4.38619275153365e-02,lamp_kernel
4.394357e+02,5441,5.16256642413343e-08,4.39327825257267e-02,4.39328725519144e-02,4.38621766112324e-02,lamp_kernel
4.410713e+02,5461,5.16203607849642e-08,4.39327506385295e-02,4.39328406554689e-02,4.38624238618453e-02,lamp_kernel
4.427069e+02,5481,5.15234247069200e-08,4.39327190991217e-02,4.39328089470214e-02,4.38626692800013e-02,lamp_kernel
4.443425e+02,5501,5.11980817676627e-08,4.39326879023316e-02,4.39327771828898e-02,4.38629128394529e-02,lamp_kernel
4.459781e+02,5521,5.07336516521554e-08,4.39326570430337e-02,4.39327455137065e-02,4.38631545598673e-02,lamp_kernel
4.476137e+02,5541,5.02712854535802e-08,4.39326265161092e-02,4.39327141804957e-02,4.38633945163563e-02,lamp_kernel
4.492492e+02,5561,4.98136584088084e-08,4.39325963165281e-02,4.39326831828925e-02,4.38636327281199e-02,lamp_kernel
4.508848e+02,5581,4.95248227064982e-08,4.39325664394779e-02,4.39326528021631e-02,4.38638692135780e-02,lamp_kernel
4.525205e+02,5601,4.94254003581576e-08,4.39325368804461e-02,4.39326230697560e-02,4.38641039864571e-02,lamp_kernel
4.541561e+02,5621,4.94015494451458e-08,4.39325076352309e-02,4.39325937829490e-02,4.38643370365485e-02,lamp_kernel
4.557918e+02,5641,4.92744198257315e-08,4.39324786998293e-02,4.39325646258553e-02,4.38645683675843e-02,lamp_kernel
4.574274e+02,5661,4.89691459441400e-08,4.39324500702506e-02,4.39325354639321e-02,4.38647979841956e-02,lamp_kernel
4.590631e+02,5681,4.85510797547644e-08,4.39324217423108e-02,4.39325064069574e-02,4.38650259656507e-02,lamp_kernel
4.606987e+02,5701,4.81287090698565e-08,4.39323937115316e-02,4.39324776396372e-02,4.38652523265803e-02,lamp_kernel
4.623343e+02,5721,4.77445126896788e-08,4.39323659732025e-02,4.39324492313363e-02,4.38654770809029e-02,lamp_kernel
4.639700e+02,5741,4.75042446362638e-08,4.39323385225680e-02,4.39324213617161e-02,4.38657002526243e-02,lamp_kernel
4.656057e+02,5761,4.73706140817289e-08,4.39323113550579e-02,4.39323939611776e-02,4.38659218583352e-02,lamp_kernel
4.672413e+02,5781,4.72617158896578e-08,4.39322844664503e-02,4.39323668826704e-02,4.38661419137066e-02,lamp_kernel
4.688770e+02,5801,4.70644332505890e-08,4.39322578529451e-02,4.39323399251386e-02,4.38663604351003e-02,lamp_kernel
4.705126e+02,5821,4.67425483610479e-08,4.39322315111263e-02,4.39323130220085e-02,4.38665774388863e-02,lamp_kernel
4.721483e+02,5841,4.63603353755316e-08,4.39322054378175e-02,4.39322862821867e-02,4.38667929345892e-02,lamp_kernel
4.737839e+02,5861,4.59921719944979e-08,4.39321796298424e-02,4.39322598321985e-02,4.38670069379006e-02,lamp_kernel
4.754196e+02,5881,4.57067664528166e-08,4.39321540838054e-02,4.39322337884639e-02,4.38672194702690e-02,lamp_kernel
4.770553e+02,5901,4.55564964749192e-08,4.39321287959910e-02,4.39322082386048e-02,4.38674305467491e-02,lamp_kernel
4.786909e+02,5921,4.54756463367305e-08,4.39321037624655e-02,4.39321830640907e-02,4.38676401821879e-02,lamp_kernel
4.803266e+02,5941,4.53639846418829e-08,4.39320789793095e-02,4.39321580862161e-02,4.38678483590447e-02,lamp_kernel
4.819622e+02,5961,4.51374510007285e-08,4.39320544428476e-02,4.39321331547189e-02,4.38680550363067e-02,lamp_kernel
4.835978e+02,5981,4.47667403316066e-08,4.39320301497340e-02,4.39321082151502e-02,4.38682602278415e-02,lamp_kernel
4.852335e+02,6001,4.43188430756027e-08,4.39320060968779e-02,4.39320833812392e-02,4.38684640355259e-02,lamp_kernel
4.868692e+02,6021,4.38865811612151e-08,4.39319822812655e-02,4.39320588118372e-02,4.38686664758383e-02,lamp_kernel
4.885050e+02,6041,4.35687098168152e-08,4.39319586997885e-02,4.39320346760477e-02,4.38688675624488e-02,lamp_kernel
4.901406e+02,6061,4.34128616630908e-08,4.39319353491662e-02,4.39320110536533e-02,4.38690673088407e-02,lamp_kernel
4.917763e+02,6081,4.33641901347205e-08,4.39319122260117e-02,4.39319878456241e-02,4.38692657283128e-02,lamp_kernel
4.934120e+02,6101,4.33212364137351e-08,4.39318893270221e-02,4.39319648717307e-02,4.38694628218343e-02,lamp_kernel
4.950476e+02,6121,4.31924340982335e-08,4.39318666491855e-02,4.39319419692853e-02,4.38696585783155e-02,lamp_kernel
4.966833e+02,6141,4.29170655192885e-08,4.39318441899043e-02,4.39319190298091e-02,4.38698530325599e-02,lamp_kernel
4.983189e+02,6161,4.25280802090177e-08,4.39318219469022e-02,4.39318961084843e-02,4.38700462119630e-02,lamp_kernel
4.999546e+02,6181,4.20992934145135e-08,4.39317999179602e-02,4.39318733318125e-02,4.38702381194676e-02,lamp_kernel
5.015903e+02,6201,4.17279513853340e-08,4.39317781005806e-02,4.39318508668769e-02,4.38704287703500e-02,lamp_kernel
5.032260e+02,6221,4.14813248915355e-08,4.39317564917903e-02,4.39318288280130e-02,4.38706181823014e-02,lamp_kernel
5.048617e+02,6241,4.13535127514722e-08,4.39317350881910e-02,4.39318072015315e-02,4.38708063626286e-02,lamp_kernel
5.064973e+02,6261,4.12723640828483e-08,4.39317138862574e-02,4.39317858580887e-02,4.38709933213461e-02,lamp_kernel
5.081330e+02,6281,4.11670233604690e-08,4.39316928827372e-02,4.39317646708726e-02,4.38711790779659e-02,lamp_kernel
5.097687e+02,6301,4.09551718607190e-08,4.39316720749363e-02,4.39317434936395e-02,4.38713636397592e-02,lamp_kernel
5.114043e+02,6321,4.06333720665348e-08,4.39316514607562e-02,4.39317223182965e-02,4.38715470112481e-02,lamp_kernel
5.130401e+02,6341,4.02660881677325e-08,4.39316310384692e-02,4.39317012555302e-02,4.38717291883669e-02,lamp_kernel
5.146757e+02,6361,3.99437476877946e-08,4.39316108063627e-02,4.39316804613179e-02,4.38719102091932e-02,lamp_kernel
5.163114e+02,6381,3.97107119190163e-08,4.39315907624288e-02,4.39316600110100e-02,4.38720900623493e-02,lamp_kernel
5.179471e+02,6401,3.95703679663056e-08,4.39315709042621e-02,4.39316399081079e-02,4.38722687790973e-02,lamp_kernel
5.195828e+02,6421,3.94848615384345e-08,4.39315512291478e-02,4.39316200838853e-02,4.38724463288602e-02,lamp_kernel
5.212185e+02,6441,3.93900227614000e-08,4.39315317343061e-02,4.39316004236612e-02,4.38726227429289e-02,lamp_kernel
5.228542e+02,6461,3.92131785665491e-08,4.39315124171274e-02,4.39315807980970e-02,4.38727980547345e-02,lamp_kernel
5.244899e+02,6481,3.89274363625021e-08,4.39314932753020e-02,4.39315611579868e-02,4.38729722745420e-02,lamp_kernel
5.261256e+02,6501,3.85756523431730e-08,4.39314743067835e-02,4.39315415760182e-02,4.38731454124912e-02,lamp_kernel
5.277613e+02,6521,3.82327239751158e-08,4.39314555096387e-02,4.39315221808658e-02,4.38733174785957e-02,lamp_kernel
5.293971e+02,6541,3.79553771965019e-08,4.39314368818628e-02,4.39315030694454e-02,4.38734884606168e-02,lamp_kernel
5.310328e+02,6561,3.77624487331424e-08,4.39314184213003e-02,4.39314842724492e-02,4.38736583835595e-02,lamp_kernel
5.326685e+02,6581,3.76390030436377e-08,4.39314001256933e-02,4.39314657615743e-02,4.38738272641367e-02,lamp_kernel
5.343042e+02,6601,3.75581548084652e-08,4.39313819928348e-02,4.39314474877305e-02,4.38739950977570e-02,lamp_kernel
5.359399e+02,6621,3.74428239201843e-08,4.39313640207222e-02,4.39314293145009e-02,4.38741618869675e-02,lamp_kernel
5.375756e+02,6641,3.72476313716046e-08,4.39313462076050e-02,4.39314111610018e-02,4.38743276625918e-02,lamp_kernel
5.392114e+02,6661,3.69834776862221e-08,4.39313285519049e-02,4.39313930446636e-02,4.38744924280920e-02,lamp_kernel
5.408471e+02,6681,3.66891109116663e-08,4.39313110520482e-02,4.39313750314824e-02,4.38746561959081e-02,lamp_kernel
5.424828e+02,6701,3.64221193169685e-08,4.39312937063058e-02,4.39313572201530e-02,4.38748189773973e-02,lamp_kernel
5.441185e+02,6721,3.62016698339403e-08,4.39312765127291e-02,4.39313396421508e-02,4.38749807447636e-02,lamp_kernel
5.457542e+02,6741,3.60319846532411e-08,4.39312594692019e-02,4.39313223027220e-02,4.38751415396064e-02,lamp_kernel
5.473899e+02,6761,3.58949675503444e-08,4.39312425735749e-02,4.39313051681611e-02,4.38753013746513e-02,lamp_kernel
5.490256e+02,6781,3.57522920132655e-08,4.39312258238154e-02,4.39312881696002e-02,4.38754602584623e-02,lamp_kernel
5.506613e+02,6801,3.55660617716272e-08,4.39312092180973e-02,4.39312712391289e-02,4.38756181994742e-02,lamp_kernel
5.522971e+02,6821,3.53313321492644e-08,4.39311927548068e-02,4.39312543665107e-02,4.38757752018138e-02,lamp_kernel
5.539328e+02,6841,3.50747437413974e-08,4.39311764324809e-02,4.39312375967392e-02,4.38759312517927e-02,lamp_kernel
5.555685e+02,6861,3.48352781466887e-08,4.39311602496970e-02,4.39312209963689e-02,4.38760863839689e-02,lamp_kernel
5.572042e+02,6881,3.46274514649323e-08,4.39311442049851e-02,4.39312045892435e-02,4.38762406063848e-02,lamp_kernel
5.588399e+02,6901,3.44640923682350e-08,4.39311282967738e-02,4.39311883961623e-02,4.38763939267946e-02,lamp_kernel
5.604756e+02,6921,3.43288826831270e-08,4.39311125234005e-02,4.39311723870067e-02,4.38765463517310e-02,lamp_kernel
5.621115e+02,6941,3.42105121290564e-08,4.39310968831752e-02,4.39311565403637e-02,4.38766978905357e-02,lamp_kernel
5.637473e+02,6961,3.40620750481339e-08,4.39310813744575e-02,4.39311407727976e-02,4.38768485508823e-02,lamp_kernel
5.653830e+02,6981,3.38646067911752e-08,4.39310659957214e-02,4.39311250497112e-02,4.38769983261460e-02,lamp_kernel
5.670187e+02,7001,3.36290881704176e-08,4.39310507455614e-02,4.39311093888476e-02,4.38771471718207e-02,lamp_kernel
5.686544e+02,7021,3.33943098000042e-08,4.39310356226563e-02,4.39310938565298e-02,4.38772951619281e-02,lamp_kernel
5.702902e+02,7041,3.31752792823377e-08,4.39310206256841e-02,4.39310784776065e-02,4.38774423044071e-02,lamp_kernel
5.719259e+02,7061,3.29857943143274e-08,4.39310057532367e-02,4.39310632747302e-02,4.38775885964207e-02,lamp_kernel
5.735616e+02,7081,3.28288791866408e-08,4.39309910037822e-02,4.39310482516431e-02,4.38777340523659e-02,lamp_kernel
5.751973e+02,7101,3.26743686902856e-08,4.39309763756979e-02,4.39310333541193e-02,4.38778786822178e-02,lamp_kernel
5.768331e+02,7121,3.25115253548300e-08,4.39309618673570e-02,4.39310185618079e-02,4.38780224929624e-02,lamp_kernel
5.784688e+02,7141,3.23219047151695e-08,4.39309474772555e-02,4.39310038410409e-02,4.38781654915107e-02,lamp_kernel
5.801045e+02,7161,3.21273529752135e-08,4.39309332040872e-02,4.39309892286082e-02,4.38783076846995e-02,lamp_kernel
5.817402e+02,7181,3.19432988169147e-08,4.39309190467498e-02,4.39309747503124e-02,4.38784490792914e-02,lamp_kernel
5.833759e+02,7201,3.17853355330538e-08,4.39309050042552e-02,4.39309604323572e-02,4.38785896819738e-02,lamp_kernel
5.850117e+02,7221,3.16511698832452e-08,4.39308910756042e-02,4.39309462697447e-02,4.38787294993574e-02,lamp_kernel
5.866474e+02,7241,3.15293332205412e-08,4.39308772596735e-02,4.39309322413519e-02,4.38788685379769e-02,lamp_kernel
5.882832e+02,7261,3.13914756671587e-08,4.39308635551876e-02,4.39309182964664e-02,4.38790068042914e-02,lamp_kernel
5.899189e+02,7281,3.12255779092683e-08,4.39308499607603e-02,4.39309044127423e-02,4.38791443046878e-02,lamp_kernel
5.915547e+02,7301,3.10358009113213e-08,4.39308364749944e-02,4.39308905960383e-02,4.38792810454839e-02,lamp_kernel
5.931905e+02,7321,3.08336479264766e-08,4.39308230965802e-02,4.39308768651044e-02,4.38794170329312e-02,lamp_kernel
5.948263e+02,7341,3.06285729660131e-08,4.39308098243264e-02,4.39308632352354e-02,4.38795522732159e-02,lamp_kernel
5.964620e+02,7361,3.04539423114479e-08,4.39307966571289e-02,4.39308497635125e-02,4.38796867724591e-02,lamp_kernel
5.980979e+02,7381,3.03083703815342e-08,4.39307835938924e-02,4.39308364464239e-02,4.38798205367159e-02,lamp_kernel
5.997337e+02,7401,3.01777159647997e-08,4.39307706334654e-02,4.39308232581582e-02,4.38799535719748e-02,lamp_kernel
6.013694e+02,7421,3.00602295784281e-08,4.39307577746406e-02,4.39308101944576e-02,4.38800858841568e-02,lamp_kernel
6.030052e+02,7441,2.99341688806178e-08,4.39307450162029e-02,4.39307972161919e-02,4.38802174791169e-02,lamp_kernel
6.046410e+02,7461,2.97959338478179e-08,4.39307323570249e-02,4.39307843159560e-02,4.38803483626451e-02,lamp_kernel
6.062767e+02,7481,2.96489436388811e-08,4.39307197961357e-02,4.39307714987415e-02,4.38804785404696e-02,lamp_kernel
6.079125e+02,7501,2.94927780696575e-08,4.39307073327222e-02,4.39307587630023e-02,4.38806080182580e-02,lamp_kernel
6.095483e+02,7521,2.93428928056553e-08,4.39306949660418e-02,4.39307461349481e-02,4.38807368016196e-02,lamp_kernel
6.111841e+02,7541,2.92064439891769e-08,4.39306826953068e-02,4.39307336262701e-02,4.38808648961048e-02,lamp_kernel
6.128198e+02,7561,2.90787090323513e-08,4.39306705195760e-02,4.39307212277917e-02,4.38809923072065e-02,lamp_kernel
6.144556e+02,7581,2.89385140171125e-08,4.39306584377222e-02,4.39307089014622e-02,4.38811190403586e-02,lamp_kernel
6.160914e+02,7601,2.87792899132006e-08,4.39306464484841e-02,4.39306966345649e-02,4.38812451009371e-02,lamp_kernel
6.177272e+02,7621,2.86090074385228e-08,4.39306345505836e-02,4.39306844397213e-02,4.38813704942604e-02,lamp_kernel
6.193629e+02,7641,2.84396581233207e-08,4.39306227428426e-02,4.39306723366646e-02,4.38814952255910e-02,lamp_kernel
6.209986e+02,7661,2.82866969158495e-08,4.39306110242643e-02,4.39306603513485e-02,4.38816193001372e-02,lamp_kernel
6.226345e+02,7681,2.81642849852019e-08,4.39305993940250e-02,4.39306485076440e-02,4.38817427230536e-02,lamp_kernel
6.242703e+02,7701,2.80599093838860e-08,4.39305878514172e-02,4.39306367830234e-02,4.38818654994423e-02,lamp_kernel
6.259061e+02,7721,2.79609228547511e-08,4.39305763957504e-02,4.39306251547413e-02,4.38819876091103e-02,lamp_kernel
6.275419e+02,7741,2.78522854203688e-08,4.39305650262757e-02,4.39306135958218e-02,4.38821090732491e-02,lamp_kernel
6.291777e+02,7761,2.77245568973639e-08,4.39305537421493e-02,4.39306020889590e-02,4.38822299060804e-02,lamp_kernel
6.308135e+02,7781,2.75806391878183e-08,4.39305425424512e-02,4.39305906382935e-02,4.38823501124926e-02,lamp_kernel
6.324492e+02,7801,2.74351529784348e-08,4.39305314262325e-02,4.39305792683721e-02,4.38824696973227e-02,lamp_kernel
6.340850e+02,7821,2.72940562704882e-08,4.39305203925746e-02,4.39305679886660e-02,4.38825886653589e-02,lamp_kernel
6.357208e+02,7841,2.71651033061172e-08,4.39305094406264e-02,4.39305568118463e-02,4.38827070213407e-02,lamp_kernel
6.373567e+02,7861,2.70479914246312e-08,4.39304985696096e-02,4.39305457366066e-02,4.38828247699606e-02,lamp_kernel
6.389924e+02,7881,2.69371383857726e-08,4.39304877787850e-02,4.39305347524736e-02,4.38829419016932e-02,lamp_kernel
6.406282e+02,7901,2.68243555086817e-08,4.39304770674110e-02,4.39305238444259e-02,4.38830584221403e-02,lamp_kernel
6.422640e+02,7921,2.67038437757660e-08,4.39304664347063e-02,4.39305130015697e-02,4.38831743491892e-02,lamp_kernel
6.438999e+02,7941,2.65780152854293e-08,4.39304558798194e-02,4.39305022272598e-02,4.38832896873461e-02,lamp_kernel
6.455357e+02,7961,2.64433874591462e-08,4.39304454018553e-02,4.39304915145281e-02,4.38834044323791e-02,lamp_kernel
6.471716e+02,7981,2.63078319261144e-08,4.39304349999118e-02,4.39304808761993e-02,4.38835185925286e-02,lamp_kernel
6.488075e+02,8001,2.61795596170905e-08,4.39304246731437e-02,4.39304703257466e-02,4.38836321773285e-02,lamp_kernel
6.504433e+02,8021,2.60704905141389e-08,4.39304144208069e-02,4.39304598832122e-02,4.38837451910968e-02,lamp_kernel
6.520792e+02,8041,2.59823178146708e-08,4.39304042422686e-02,4.39304495509161e-02,4.38838576381080e-02,lamp_kernel
6.537150e+02,8061,2.59004247184091e-08,4.39303941369839e-02,4.39304393028241e-02,4.38839695225948e-02,lamp_kernel
6.553508e+02,8081,2.58148739920883e-08,4.39303841044294e-02,4.39304291210840e-02,4.38840808487488e-02,lamp_kernel
6.569867e+02,8101,2.57179404032362e-08,4.39303741440283e-02,4.39304189916475e-02,4.38841916207213e-02,lamp_kernel
6.586226e+02,8121,2.56019500345014e-08,4.39303642551041e-02,4.39304089004562e-02,4.38843018426236e-02,lamp_kernel
6.602584e+02,8141,2.54694193334830e-08,4.39303544368709e-02,4.39303988511125e-02,4.38844115185263e-02,lamp_kernel
6.618942e+02,8161,2.53277917294906e-08,4.39303446884880e-02,4.39303888557557e-02,4.38845206524601e-02,lamp_kernel
6.635300e+02,8181,2.51919250058081e-08,4.39303350091252e-02,4.39303789394650e-02,4.38846292484149e-02,lamp_kernel
6.651658e+02,8201,2.50750077215416e-08,4.39303253980339e-02,4.39303691244902e-02,4.38847373101582e-02,lamp_kernel
6.668016e+02,8221,2.49781520441683e-08,4.39303158545735e-02,4.39303594121304e-02,4.38848447939770e-02,lamp_kernel
6.684375e+02,8241,2.48956955012567e-08,4.39303063781928e-02,4.39303497919598e-02,4.38849517519742e-02,lamp_kernel
6.700733e+02,8261,2.48258885037297e-08,4.39302969683624e-02,4.39303402603981e-02,4.38850581879813e-02,lamp_kernel
6.717091e+02,8281,2.47607728871743e-08,4.39302876245243e-02,4.39303308030097e-02,4.38851641057937e-02,lamp_kernel
6.733450e+02,8301,2.46865595138632e-08,4.39302783460395e-02,4.39303213951096e-02,4.38852695091705e-02,lamp_kernel
6.749807e+02,8321,2.45972933985937e-08,4.39302691322098e-02,4.39303120256153e-02,4.38853743855253e-02,lamp_kernel
6.766166e+02,8341,2.44929744548703e-08,4.39302599823159e-02,4.39303026938073e-02,4.38854787397159e-02,lamp_kernel
6.782524e+02,8361,2.43807421248523e-08,4.39302508956831e-02,4.39302934114608e-02,4.38855825900614e-02,lamp_kernel
6.798882e+02,8381,2.42705536056999e-08,4.39302418717233e-02,4.39302841953515e-02,4.38856859409702e-02,lamp_kernel
6.815242e+02,8401,2.41728014760868e-08,4.39302329099353e-02,4.39302750631007e-02,4.38857887960176e-02,lamp_kernel
6.831600e+02,8421,2.40901844205417e-08,4.39302240098747e-02,4.39302660189703e-02,4.38858911587445e-02,lamp_kernel
6.847959e+02,8441,2.40223540040855e-08,4.39302151710907e-02,4.39302570619018e-02,4.38859930326597e-02,lamp_kernel
6.864317e+02,8461,2.39611083031865e-08,4.39302063930815e-02,4.39302481770908e-02,4.38860944212393e-02,lamp_kernel
6.880676e+02,8481,2.38914631847237e-08,4.39301976752715e-02,4.39302393378318e-02,4.38861953279278e-02,lamp_kernel
6.897034e+02,8501,2.38119264438053e-08,4.39301890170166e-02,4.39302305408787e-02,4.38862957561379e-02,lamp_kernel
6.913392e+02,8521,2.37233754313366e-08,4.39301804176569e-02,4.39302217871014e-02,4.38863957092491e-02,lamp_kernel
6.929750e+02,8541,2.36252131683511e-08,4.39301718765454e-02,4.39302130748120e-02,4.38864951906084e-02,lamp_kernel
6.946109e+02,8561,2.35251712960582e-08,4.39301633930816e-02,4.39302044168925e-02,4.38865941975842e-02,lamp_kernel
6.962467e+02,8581,2.34302376883818e-08,4.39301549667243e-02,4.39301958249875e-02,4.38866927394449e-02,lamp_kernel
6.978825e+02,8601,2.33443344077561e-08,4.39301465969754e-02,4.39301873054382e-02,4.38867908194588e-02,lamp_kernel
6.995183e+02,8621,2.32680353604760e-08,4.39301382833621e-02,4.39301788587727e-02,4.38868884408476e-02,lamp_kernel
7.011542e+02,8641,2.31983193708593e-08,4.39301300254154e-02,4.39301704792533e-02,4.38869856068039e-02,lamp_kernel
7.027900e+02,8661,2.31301683938826e-08,4.39301218226627e-02,4.39301621576572e-02,4.38870823204918e-02,lamp_kernel
7.044258e+02,8681,2.30613920301811e-08,4.39301136746279e-02,4.39301538896884e-02,4.38871785850466e-02,lamp_kernel
7.060617e+02,8701,2.29895248023422e-08,4.39301055808380e-02,4.39301456705745e-02,4.38872744035753e-02,lamp_kernel
7.076975e+02,8721,2.29160228069643e-08,4.39300975408313e-02,4.39301375023931e-02,4.38873697791560e-02,lamp_kernel
7.093333e+02,8741,2.28362495028492e-08,4.39300895541498e-02,4.39301293766008e-02,4.38874647080985e-02,lamp_kernel
7.109691e+02,8761,2.27555772996488e-08,4.39300816203440e-02,4.39301213021167e-02,4.38875591708705e-02,lamp_kernel
7.126049e+02,8781,2.26748073813131e-08,4.39300737389510e-02,4.39301132798750e-02,4.38876531878191e-02,lamp_kernel
7.142408e+02,8801,2.25976630739197e-08,4.39300659094866e-02,4.39301053158844e-02,4.38877467742516e-02,lamp_kernel
7.158766e+02,8821,2.25243600250857e-08,4.39300581314463e-02,4.39300974100163e-02,4.38878399133858e-02,lamp_kernel
7.175124e+02,8841,2.24541414486538e-08,4.39300504043090e-02,4.39300895604300e-02,4.38879326048117e-02,lamp_kernel
7.191482e+02,8861,2.23848830858178e-08,4.39300427275624e-02,4.39300817629088e-02,4.38880248748776e-02,lamp_kernel
7.207841e+02,8881,2.23158673388095e-08,4.39300351007131e-02,4.39300740157081e-02,4.38881167207298e-02,lamp_kernel
7.224199e+02,8901,2.22461739514341e-08,4.39300275233139e-02,4.39300663167757e-02,4.38882081503046e-02,lamp_kernel
7.240557e+02,8921,2.21752540916117e-08,4.39300199949508e-02,4.39300586647407e-02,4.38882991666825e-02,lamp_kernel
7.256916e+02,8941,2.21027606166140e-08,4.39300125152470e-02,4.39300510586209e-02,4.38883897682669e-02,lamp_kernel
7.273274e+02,8961,2.20318585452217e-08,4.39300050838277e-02,4.39300435035606e-02,4.38884799545441e-02,lamp_kernel
7.289632e+02,8981,2.19613321771949e-08,4.39299977003089e-02,4.39300359970561e-02,4.38885697265112e-02,lamp_kernel
7.305991e+02,9001,2.18913553604934e-08,4.39299903642804e-02,4.39300285390002e-02,4.38886590913564e-02,lamp_kernel
7.322350e+02,9021,2.18224249681926e-08,4.39299830753128e-02,4.39300211298300e-02,4.38887480550895e-02,lamp_kernel
7.338708e+02,9041,2.17545572165244e-08,4.39299758329760e-02,4.39300137691436e-02,4.38888366197343e-02,lamp_kernel
7.355066e+02,9061,2.16881752196127e-08,4.39299686368534e-02,4.39300064572623e-02,4.38889247908035e-02,lamp_kernel
7.371424e+02,9081,2.16212231299923e-08,4.39299614865565e-02,4.39299991902126e-02,4.38890125709049e-02,lamp_kernel
7.387783e+02,9101,2.15523557505587e-08,4.39299543817307e-02,4.39299919652941e-02,4.38890999577673e-02,lamp_kernel
7.404141e+02,9121,2.14806330589222e-08,4.39299473220328e-02,4.39299847805243e-02,4.38891869229767e-02,lamp_kernel
7.420500e+02,9141,2.14068931841699e-08,4.39299403071071e-02,4.39299776370091e-02,4.38892734832011e-02,lamp_kernel
7.436859e+02,9161,2.13329983189442e-08,4.39299333365705e-02,4.39299705376127e-02,4.38893596632674e-02,lamp_kernel
7.453728e+02,9181,2.12597236563169e-08,4.39299264100029e-02,4.39299634832668e-02,4.38894454656676e-02,lamp_kernel
7.470086e+02,9201,2.11889794546816e-08,4.39299195269580e-02,4.39299564768563e-02,4.38895308928727e-02,lamp_kernel
7.486444e+02,9221,2.11223380956657e-08,4.39299126869830e-02,4.39299495206703e-02,4.38896159473314e-02,lamp_kernel
7.502802e+02,9241,2.10599716711511e-08,4.39299058896490e-02,4.39299426145801e-02,4.38897006314717e-02,lamp_kernel
7.519161e+02,9261,2.10026028783943e-08,4.39298991345680e-02,4.39299357594579e-02,4.38897849476997e-02,lamp_kernel
7.535519e+02,9281,2.09483029311984e-08,4.39298924214079e-02,4.39299289516081e-02,4.38898688984016e-02,lamp_kernel
7.551877e+02,9301,2.08954042975623e-08,4.39298857498799e-02,4.39299221878341e-02,4.38899524859425e-02,lamp_kernel
7.568235e+02,9321,2.08418266894462e-08,4.39298791197223e-02,4.39299154642465e-02,4.38900357126675e-02,lamp_kernel
7.584593e+02,9341,2.07839833983398e-08,4.39298725306781e-02,4.39299087743336e-02,4.38901185809022e-02,lamp_kernel
7.600951e+02,9361,2.07194443593825e-08,4.39298659824724e-02,4.39299021135831e-02,4.38902010929524e-02,lamp_kernel
7.617308e+02,9381,2.06483427854019e-08,4.39298594748030e-02,4.39298954819249e-02,4.38902832511044e-02,lamp_kernel
7.633666e+02,9401,2.05726042560534e-08,4.39298530073319e-02,4.39298888823789e-02,4.38903650576257e-02,lamp_kernel
7.650024e+02,9421,2.04958104011441e-08,4.39298465796921e-02,4.39298823208240e-02,4.38904465147646e-02,lamp_kernel
7.666382e+02,9441,2.04209118822794e-08,4.39298401914915e-02,4.39298758020134e-02,4.38905276247508e-02,lamp_kernel
7.682741e+02,9461,2.03520259857333e-08,4.39298338423403e-02,4.39298693327371e-02,4.38906083897945e-02,lamp_kernel
7.699099e+02,9481,2.02899079114988e-08,4.39298275318514e-02,4.39298629139251e-02,4.38906888120879e-02,lamp_kernel
7.715457e+02,9501,2.02359554201359e-08,4.39298212596630e-02,4.39298565476529e-02,4.38907688938043e-02,lamp_kernel
7.731815e+02,9521,2.01864257503644e-08,4.39298150254423e-02,4.39298502270611e-02,4.38908486370987e-02,lamp_kernel
7.748173e+02,9541,2.01379848927999e-08,4.39298088288917e-02,4.39298439460381e-02,4.38909280441078e-02,lamp_kernel
7.764532e+02,9561,2.00871472956513e-08,4.39298026697455e-02,4.39298376982400e-02,4.38910071169507e-02,lamp_kernel
7.780890e+02,9581,2.00334167130257e-08,4.39297965477516e-02,4.39298314825492e-02,4.38910858574730e-02,lamp_kernel
7.797248e+02,9601,1.99752587481549e-08,4.39297904626670e-02,4.39298252960473e-02,4.38911642503033e-02,lamp_kernel
7.813606e+02,9621,1.99126989948355e-08,4.39297844142391e-02,4.39298191385260e-02,4.38912423153368e-02,lamp_kernel
7.829964e+02,9641,1.98467588562781e-08,4.39297784021993e-02,4.39298130114981e-02,4.38913200543766e-02,lamp_kernel
7.846322e+02,9661,1.97791885673507e-08,4.39297724262568e-02,4.39298069177247e-02,4.38913974688361e-02,lamp_kernel
7.862681e+02,9681,1.97135180628611e-08,4.39297664861044e-02,4.39298008630544e-02,4.38914745616033e-02,lamp_kernel
7.879039e+02,9701,1.96514354106222e-08,4.39297605814309e-02,4.39297948501195e-02,4.38915513293360e-02,lamp_kernel
7.895397e+02,9721,1.95919689694296e-08,4.39297547119257e-02,4.39297888769152e-02,4.38916277773887e-02,lamp_kernel
7.911756e+02,9741,1.95346510491170e-08,4.39297488772915e-02,4.39297829423285e-02,4.38917039097544e-02,lamp_kernel
7.928114e+02,9761,1.94801086863244e-08,4.39297430772455e-02,4.39297770471701e-02,4.38917797283828e-02,lamp_kernel
7.944472e+02,9781,1.94255674964534e-08,4.39297373115235e-02,4.39297711863378e-02,4.38918552352076e-02,lamp_kernel
7.960830e+02,9801,1.93696307064079e-08,4.39297315798696e-02,4.39297653571398e-02,4.38919304321466e-02,lamp_kernel
7.977188e+02,9821,1.93115573717283e-08,4.39297258820272e-02,4.39297595580276e-02,4.38920053211023e-02,lamp_kernel
7.993546e+02,9841,1.92511809212466e-08,4.39297202177390e-02,4.39297537884534e-02,4.38920799039619e-02,lamp_kernel
8.009904e+02,9861,1.91887848599580e-08,4.39297145867370e-02,4.39297480486435e-02,4.38921541825967e-02,lamp_kernel
8.026263e+02,9881,1.91247791070483e-08,4.39297089887429e-02,4.39297423390344e-02,4.38922281588637e-02,lamp_kernel
8.042622e+02,9901,1.90600657140822e-08,4.39297034234803e-02,4.39297366609230e-02,4.38923018346042e-02,lamp_kernel
8.058980e+02,9921,1.89959833730715e-08,4.39296978906808e-02,4.39297310163750e-02,4.38923752116455e-02,lamp_kernel
8.075339e+02,9941,1.89340835380478e-08,4.39296923900949e-02,4.39297254078465e-02,4.38924482917993e-02,lamp_kernel
8.091696e+02,9961,1.88743461831085e-08,4.39296869214879e-02,4.39297198350680e-02,4.38925210768636e-02,lamp_kernel
8.108054e+02,9981,1.88149729987319e-08,4.39296814846453e-02,4.39297142946888e-02,4.38925935686215e-02,lamp_kernel
8.124413e+02,10001,1.87562325324054e-08,4.39296760793600e-02,4.39297087869704e-02,4.38926657688420e-02,lamp_kernel
8.140771e+02,10021,1.86969558823264e-08,4.39296707054180e-02,4.39297033096602e-02,4.38927376739494e-02,lamp_kernel
8.157130e+02,10041,1.86372072218975e-08,4.39296653625928e-02,4.39296978626437e-02,4.38928092855826e-02,lamp_kernel
8.173487e+02,10061,1.85766702505435e-08,4.39296600506385e-02,4.39296924451235e-02,4.38928806020978e-02,lamp_kernel
8.189846e+02,10081,1.85154367451419e-08,4.39296547692940e-02,4.39296870569984e-02,4.38929516309014e-02,lamp_kernel
8.206204e+02,10101,1.84521227656947e-08,4.39296495182986e-02,4.39296816955944e-02,4.38930223769109e-02,lamp_kernel
8.222562e+02,10121,1.83865685412067e-08,4.39296442973916e-02,4.39296763603722e-02,4.38930928371742e-02,lamp_kernel
8.238920e+02,10141,1.83196500487771e-08,4.39296391063315e-02,4.39296710526179e-02,4.38931630175460e-02,lamp_kernel
8.255279e+02,10161,1.82529434460845e-08,4.39296339448950e-02,4.39296657748567e-02,4.38932329202478e-02,lamp_kernel
8.271637e+02,10181,1.81882853761769e-08,4.39296288128732e-02,4.39296605300824e-02,4.38933025469244e-02,lamp_kernel
8.287996e+02,10201,1.81260271435069e-08,4.39296237100642e-02,4.39296553187059e-02,4.38933718992085e-02,lamp_kernel
8.304354e+02,10221,1.80662099964260e-08,4.39296186362693e-02,4.39296501406002e-02,4.38934409787188e-02,lamp_kernel
8.320712e+02,10241,1.80083832432340e-08,4.39296135912847e-02,4.39296449947758e-02,4.38935097867179e-02,lamp_kernel
8.337070e+02,10261,1.79520811534810e-08,4.39296085748956e-02,4.39296398802057e-02,4.38935783247547e-02,lamp_kernel
8.353428e+02,10281,1.78964035551207e-08,4.39296035868836e-02,4.39296347951017e-02,4.38936465903242e-02,lamp_kernel
8.369786e+02,10301,1.78395013585528e-08,4.39295986270239e-02,4.39296297360144e-02,4.38937145884892e-02,lamp_kernel
8.386144e+02,10321,1.77800337793777e-08,4.39295936951001e-02,4.39296247003895e-02,4.38937823200634e-02,lamp_kernel
8.402503e+02,10341,1.77170846463496e-08,4.39295887908976e-02,4.39296196864146e-02,4.38938497883901e-02,lamp_kernel
8.418861e+02,10361,1.76504534489927e-08,4.39295839142162e-02,4.39296146935400e-02,4.38939169950013e-02,lamp_kernel
8.435219e+02,10381,1.75811012369903e-08,4.39295790648597e-02,4.39296097232453e-02,4.38939839414175e-02,lamp_kernel
8.451577e+02,10401,1.75109010622861e-08,4.39295742426404e-02,4.39296047786091e-02,4.38940506291469e-02,lamp_kernel
8.467936e+02,10421,1.74417804946259e-08,4.39295694473708e-02,4.39295998628052e-02,4.38941170596867e-02,lamp_kernel
8.484294e+02,10441,1.73755643046217e-08,4.39295646788595e-02,4.39295949788244e-02,4.38941832344621e-02,lamp_kernel
8.500652e+02,10461,1.73136474144466e-08,4.39295599369141e-02,4.39295901289067e-02,4.38942491548375e-02,lamp_kernel
8.517011e+02,10481,1.72538894876269e-08,4.39295552213363e-02,4.39295853091214e-02,4.38943148224470e-02,lamp_kernel
8.533369e+02,10501,1.71968636197160e-08,4.39295505319230e-02,4.39295805202649e-02,4.38943802387426e-02,lamp_kernel
8.549728e+02,10521,1.71403826947419e-08,4.39295458684781e-02,4.39295757583271e-02,4.38944454051645e-02,lamp_kernel
8.566086e+02,10541,1.70828081852088e-08,4.39295412308073e-02,4.39295710202564e-02,4.38945103231423e-02,lamp_kernel
8.582445e+02,10561,1.70231633674588e-08,4.39295366187215e-02,4.39295663041604e-02,4.38945749883659e-02,lamp_kernel
8.598803e+02,10581,1.69612487145181e-08,4.39295320320443e-02,4.39295616095148e-02,4.38946394047407e-02,lamp_kernel
8.615161e+02,10601,1.68971863373069e-08,4.39295274705944e-02,4.39295569363513e-02,4.38947035769563e-02,lamp_kernel
8.631520e+02,10621,1.68321597946652e-08,4.39295229341993e-02,4.39295522865612e-02,4.38947675063988e-02,lamp_kernel
8.647879e+02,10641,1.67672547946988e-08,4.39295184226806e-02,4.39295476618594e-02,4.38948311944436e-02,lamp_kernel
8.664237e+02,10661,1.67037473206209e-08,4.39295139358565e-02,4.39295430642893e-02,4.38948946424562e-02,lamp_kernel
8.680596e+02,10681,1.66418423925287e-08,4.39295094735474e-02,4.39295384940287e-02,4.38949578517920e-02,lamp_kernel
8.696954e+02,10701,1.65816684341630e-08,4.39295050355718e-02,4.39295339511202e-02,4.38950208237959e-02,lamp_kernel
8.713313e+02,10721,1.65203883941155e-08,4.39295006217541e-02,4.39295294304408e-02,4.38950835570312e-02,lamp_kernel
8.729671e+02,10741,1.64572183518565e-08,4.39294962319278e-02,4.39295249304569e-02,4.38951460479368e-02,lamp_kernel
8.746031e+02,10761,1.63939530428116e-08,4.39294918659322e-02,4.39295204541376e-02,4.38952083055235e-02,lamp_kernel
8.762390e+02,10781,1.63299994240118e-08,4.39294875236109e-02,4.39295160002924e-02,4.38952703310957e-02,lamp_kernel
8.778748e+02,10801,1.62657018602121e-08,4.39294832048058e-02,4.39295115693635e-02,4.38953321259478e-02,lamp_kernel
8.795107e+02,10821,1.62019201121493e-08,4.39294789093607e-02,4.39295071626940e-02,4.38953936913647e-02,lamp_kernel
8.811465e+02,10841,1.61394594324440e-08,4.39294746371020e-02,4.39295027815147e-02,4.38954550286219e-02,lamp_kernel
8.827824e+02,10861,1.60787313859770e-08,4.39294703878596e-02,4.39294984263732e-02,4.38955161389855e-02,lamp_kernel
8.844182e+02,10881,1.60196021596323e-08,4.39294661614577e-02,4.39294940968602e-02,4.38955770237128e-02,lamp_kernel
8.860541e+02,10901,1.59618564777705e-08,4.39294619577224e-02,4.39294897924265e-02,4.38956376840517e-02,lamp_kernel
8.876900e+02,10921,1.59049927534791e-08,4.39294577764865e-02,4.39294855120302e-02,4.38956981212412e-02,lamp_kernel
8.893258e+02,10941,1.58486155654101e-08,4.39294536175956e-02,4.39294812548272e-02,4.38957583365112e-02,lamp_kernel
8.909617e+02,10961,1.57915840433884e-08,4.39294494809020e-02,4.39294770186805e-02,4.38958183310822e-02,lamp_kernel
8.925975e+02,10981,1.57313820808637e-08,4.39294453662659e-02,4.39294727990627e-02,4.38958781061655e-02,lamp_kernel
8.942334e+02,11001,1.56696208032498e-08,4.39294412735518e-02,4.39294685986477e-02,4.38959376629635e-02,lamp_kernel
8.958692e+02,11021,1.56073370444851e-08,4.39294372026232e-02,4.39294644191070e-02,4.38959970026690e-02,lamp_kernel
8.975051e+02,11041,1.55441318668194e-08,4.39294331533338e-02,4.39294602595987e-02,4.38960561264670e-02,lamp_kernel
8.991409e+02,11061,1.54807868858822e-08,4.39294291255360e-02,4.39294561213383e-02,4.38961150355328e-02,lamp_kernel
9.007768e+02,11081,1.54178004138686e-08,4.39294251190705e-02,4.39294520050354e-02,4.38961737310342e-02,lamp_kernel
9.024127e+02,11101,1.53562254049479e-08,4.39294211337757e-02,4.39294479123645e-02,4.38962322141302e-02,lamp_kernel
9.040485e+02,11121,1.52962245027753e-08,4.39294171694923e-02,4.39294438434499e-02,4.38962904859719e-02,lamp_kernel
9.056844e+02,11141,1.52373479302198e-08,4.39294132260611e-02,4.39294397973481e-02,4.38963485477020e-02,lamp_kernel
9.073203e+02,11161,1.51796941308447e-08,4.39294093033326e-02,4.39294357740815e-02,4.38964064004553e-02,lamp_kernel
9.089562e+02,11181,1.51251917033649e-08,4.39294054011666e-02,4.39294317768727e-02,4.38964640453584e-02,lamp_kernel
9.105920e+02,11201,1.50745355506068e-08,4.39294015194292e-02,4.39294278067998e-02,4.38965214835290e-02,lamp_kernel
9.122279e+02,11221,1.50228161288350e-08,4.39293976579961e-02,4.39294238551770e-02,4.38965787157571e-02,lamp_kernel
9.138638e+02,11241,1.49692099601017e-08,4.39293938167420e-02,4.39294199204431e-02,4.38966357350399e-02,lamp_kernel
9.154997e+02,11261,1.49157689719349e-08,4.39293899955477e-02,4.39294160060570e-02,4.38966925451011e-02,lamp_kernel
9.171355e+02,11281,1.48631830183458e-08,4.39293861942836e-02,4.39294121130921e-02,4.38967491529592e-02,lamp_kernel
9.187714e+02,11301,1.48107146501128e-08,4.39293824128193e-02,4.39294082401321e-02,4.38968055540800e-02,lamp_kernel
9.204072e+02,11321,1.47586502454714e-08,4.39293786510220e-02,4.39294043875435e-02,4.38968617503418e-02,lamp_kernel
9.220431e+02,11341,1.47066765964265e-08,4.39293749087481e-02,4.39294005546366e-02,4.38969177417904e-02,lamp_kernel
9.236790e+02,11361,1.46549208505885e-08,4.39293711858614e-02,4.39293967414969e-02,4.38969735297332e-02,lamp_kernel
9.253149e+02,11381,1.46034727228827e-08,4.39293674822222e-02,4.39293929481410e-02,4.38970291209252e-02,lamp_kernel
9.269507e+02,11401,1.45519621792978e-08,4.39293637976949e-02,4.39293891737883e-02,4.38970845164055e-02,lamp_kernel
9.285866e+02,11421,1.45006762154416e-08,4.39293601321485e-02,4.39293854188081e-02,4.38971397172062e-02,lamp_kernel
9.302224e+02,11441,1.44517261068142e-08,4.39293564854535e-02,4.39293816867526e-02,4.38971947243516e-02,lamp_kernel
9.318583e+02,11461,1.44020907379520e-08,4.39293528574896e-02,4.39293779722333e-02,4.38972495388587e-02,lamp_kernel
9.334941e+02,11481,1.43522894309389e-08,4.39293492481297e-02,4.39293742760286e-02,4.38973041617377e-02,lamp_kernel
9.351300e+02,11501,1.43028009224491e-08,4.39293456572543e-02,4.39293705988538e-02,4.38973585939909e-02,lamp_kernel
9.367660e+02,11521,1.42559490340722e-08,4.39293420847424e-02,4.39293669446404e-02,4.38974128338591e-02,lamp_kernel
9.384019e+02,11541,1.42117354689310e-08,4.39293385304677e-02,4.39293633132649e-02,4.38974668839512e-02,lamp_kernel
9.400377e+02,11561,1.41687838737304e-08,4.39293349943121e-02,4.39293597022092e-02,4.38975207464056e-02,lamp_kernel
9.416736e+02,11581,1.41263541343268e-08,4.39293314761554e-02,4.39293561100624e-02,4.38975744221970e-02,lamp_kernel
9.433095e+02,11601,1.40833906265758e-08,4.39293279758829e-02,4.39293525348690e-02,4.38976279122939e-02,lamp_kernel
9.449454e+02,11621,1.40390957950560e-08,4.39293244933787e-02,4.39293489751223e-02,4.38976812155375e-02,lamp_kernel
9.465812e+02,11641,1.39928620655713e-08,4.39293210285369e-02,4.39293454296569e-02,4.38977343322296e-02,lamp_kernel
9.482172e+02,11661,1.39448384815053e-08,4.39293175812485e-02,4.39293418986237e-02,4.38977872661233e-02,lamp_kernel
9.498530e+02,11681,1.38980250793950e-08,4.39293141514034e-02,4.39293383871441e-02,4.38978400181601e-02,lamp_kernel
9.514889e+02,11701,1.38509517516769e-08,4.39293107388917e-02,4.39293348925447e-02,4.38978925892752e-02,lamp_kernel
9.531248e+02,11721,1.38042505836483e-08,4.39293073436015e-02,4.39293314158158e-02,4.38979449803972e-02,lamp_kernel
9.547606e+02,11741,1.37587070574133e-08,4.39293039654148e-02,4.39293279582092e-02,4.38979971924484e-02,lamp_kernel
9.563965e+02,11761,1.37148795581468e-08,4.39293006042102e-02,4.39293245205770e-02,4.38980492263444e-02,lamp_kernel
9.580324e+02,11781,1.36741043158925e-08,4.39292972598679e-02,4.39293211051298e-02,4.38981010829950e-02,lamp_kernel
9.596683e+02,11801,1.36380867471550e-08,4.39292939322651e-02,4.39293177147186e-02,4.38981527633033e-02,lamp_kernel
9.613042e+02,11821,1.36040373176579e-08,4.39292906212839e-02,4.39293143443611e-02,4.38982042681666e-02,lamp_kernel
9.629400e+02,11841,1.35683385595151e-08,4.39292873268125e-02,4.39293109876372e-02,4.38982555984764e-02,lamp_kernel
9.645759e+02,11861,1.35300870019927e-08,4.39292840487467e-02,4.39293076428674e-02,4.38983067506863e-02,lamp_kernel
9.662118e+02,11881,1.34890088576209e-08,4.39292807869876e-02,4.39293043094751e-02,4.38983577258578e-02,lamp_kernel
9.678477e+02,11901,1.34454480210661e-08,4.39292775414439e-02,4.39293009879689e-02,4.38984085289448e-02,lamp_kernel
9.694836e+02,11921,1.34030393883539e-08,4.39292743120256e-02,4.39292976845973e-02,4.38984591610403e-02,lamp_kernel
9.711195e+02,11941,1.33610548086004e-08,4.39292710986456e-02,4.39292943980035e-02,4.38985096230052e-02,lamp_kernel
9.727554e+02,11961,1.33200684364327e-08,4.39292679012112e-02,4.39292911290960e-02,4.38985599156947e-02,lamp_kernel
9.743913e+02,11981,1.32810423500871e-08,4.39292647196241e-02,4.39292878794542e-02,4.38986100399590e-02,lamp_kernel
9.760272e+02,12001,1.32442930349045e-08,4.39292615537779e-02,4.39292846495235e-02,4.38986599966417e-02,lamp_kernel
9.776631e+02,12021,1.32098342751981e-08,4.39292584035655e-02,4.39292814392211e-02,4.38987097865811e-02,lamp_kernel
9.792990e+02,12041,1.31771557079314e-08,4.39292552688705e-02,4.39292782475403e-02,4.38987594106100e-02,lamp_kernel
9.809349e+02,12061,1.31466250327162e-08,4.39292521495810e-02,4.39292750750106e-02,4.38988088695554e-02,lamp_kernel
9.825708e+02,12081,1.31150004509613e-08,4.39292490455888e-02,4.39292719158707e-02,4.38988581642391e-02,lamp_kernel
9.842068e+02,12101,1.30810194072051e-08,4.39292459567911e-02,4.39292687678160e-02,4.38989072954771e-02,lamp_kernel
9.858426e+02,12121,1.30443711197396e-08,4.39292428830899e-02,4.39292656302065e-02,4.38989562632349e-02,lamp_kernel
9.874785e+02,12141,1.30057599747258e-08,4.39292398244024e-02,4.39292625041878e-02,4.38990050659636e-02,lamp_kernel
9.891144e+02,12161,1.29679027646838e-08,4.39292367806419e-02,4.39292593944110e-02,4.38990537076910e-02,lamp_kernel
9.907503e+02,12181,1.29304154684165e-08,4.39292337517280e-02,4.39292563001257e-02,4.38991021892117e-02,lamp_kernel
9.923862e+02,12201,1.28940077214641e-08,4.39292307375713e-02,4.39292532224802e-02,4.38991505113153e-02,lamp_kernel
9.940221e+02,12221,1.28595371892322e-08,4.39292277380879e-02,4.39292501628862e-02,4.38991986747861e-02,lamp_kernel
9.956581e+02,12241,1.28269460740710e-08,4.39292247531840e-02,4.39292471211491e-02,4.38992466804032e-02,lamp_kernel
9.972941e+02,12261,1.27957759107829e-08,4.39292217827685e-02,4.39292440963783e-02,4.38992945289406e-02,lamp_kernel
9.989301e+02,12281,1.27655890637886e-08,4.39292188267429e-02,4.39292410877120e-02,4.38993422211673e-02,lamp_kernel
1.000566e+03,12301,1.27362377806778e-08,4.39292158850171e-02,4.39292380948027e-02,4.38993897578471e-02,lamp_kernel
1.002202e+03,12321,1.27073416332821e-08,4.39292129575015e-02,4.39292351168972e-02,4.38994371397393e-02,lamp_kernel
1.003838e+03,12341,1.26782145910722e-08,4.39292100441076e-02,4.39292321527108e-02,4.38994843675977e-02,lamp_kernel
1.005474e+03,12361,1.26476688024093e-08,4.39292071447528e-02,4.39292292000895e-02,4.38995314421712e-02,lamp_kernel
1.007110e+03,12381,1.26173750523883e-08,4.39292042593559e-02,4.39292262618656e-02,4.38995783642044e-02,lamp_kernel
1.008746e+03,12401,1.25871061544616e-08,4.39292013878305e-02,4.39292233375565e-02,4.38996251344370e-02,lamp_kernel
1.010382e+03,12421,1.25569607532331e-08,4.39291985300921e-02,4.39292204272497e-02,4.38996717536034e-02,lamp_kernel
1.012018e+03,12441,1.25275280504569e-08,4.39291956860506e-02,4.39292175318826e-02,4.38997182224339e-02,lamp_kernel
1.013654e+03,12461,1.24988134980642e-08,4.39291928556160e-02,4.39292146513749e-02,4.38997645416538e-02,lamp_kernel
1.015289e+03,12481,1.24709515388861e-08,4.39291900386946e-02,4.39292117858671e-02,4.38998107119840e-02,lamp_kernel
1.016925e+03,12501,1.24443141689419e-08,4.39291872352004e-02,4.39292089359220e-02,4.38998567327607e-02,lamp_kernel
1.018561e+03,12521,1.24184712394220e-08,4.39291844450492e-02,4.39292061007051e-02,4.38999026060011e-02,lamp_kernel
1.020197e+03,12541,1.23932161282238e-08,4.39291816681615e-02,4.39292032797770e-02,4.38999483324863e-02,lamp_kernel
1.021833e+03,12561,1.23683944132048e-08,4.39291789044654e-02,4.39292004727961e-02,4.38999939129188e-02,lamp_kernel
1.023469e+03,12581,1.23437760996533e-08,4.39291761538915e-02,4.39291976792921e-02,4.39000393479964e-02,lamp_kernel
1.025105e+03,12601,1.23193673361462e-08,4.39291734163708e-02,4.39291948992068e-02,4.39000846384126e-02,lamp_kernel
1.026741e+03,12621,1.22948274619255e-08,4.39291706918362e-02,4.39291921318789e-02,4.39001297848564e-02,lamp_kernel
1.028377e+03,12641,1.22700883162666e-08,4.39291679802157e-02,4.39291893771176e-02,4.39001747880124e-02,lamp_kernel
1.030013e+03,12661,1.22453135559430e-08,4.39291652814278e-02,4.39291866351268e-02,4.39002196485612e-02,lamp_kernel
1.031649e+03,12681,1.22209488885077e-08,4.39291625953992e-02,4.39291839066105e-02,4.39002643671789e-02,lamp_kernel
1.033285e+03,12701,1.21970894862843e-08,4.39291599220391e-02,4.39291811916438e-02,4.39003089445375e-02,lamp_kernel
1.034921e+03,12721,1.21733600759593e-08,4.39291572612656e-02,4.39291784894902e-02,4.39003533813049e-02,lamp_kernel
1.036557e+03,12741,1.21496125492765e-08,4.39291546129956e-02,4.39291757998087e-02,4.39003976781446e-02,lamp_kernel
1.038193e+03,12761,1.21261143705137e-08,4.39291519771476e-02,4.39291731229840e-02,4.39004418357160e-02,lamp_kernel
1.039829e+03,12781,1.21026191078073e-08,4.39291493536420e-02,4.39291704585067e-02,4.39004858546741e-02,lamp_kernel
1.041465e+03,12801,1.20792800857197e-08,4.39291467424080e-02,4.39291678065735e-02,4.39005297356703e-02,lamp_kernel
1.043101e+03,12821,1.20563845703122e-08,4.39291441433747e-02,4.39291651676144e-02,4.39005734793511e-02,lamp_kernel
1.044737e+03,12841,1.20340270210812e-08,4.39291415564748e-02,4.39291625417268e-02,4.39006170863598e-02,lamp_kernel
1.046373e+03,12861,1.20129906590649e-08,4.39291389816451e-02,4.39291599302134e-02,4.39006605527091e-02,lamp_kernel
1.048009e+03,12881,1.19924075471623e-08,4.39291364188189e-02,4.39291573314938e-02,4.39007038800565e-02,lamp_kernel
1.049645e+03,12901,1.19723176250714e-08,4.39291338679327e-02,4.39291547455742e-02,4.39007470726662e-02,lamp_kernel
1.051281e+03,12921,1.19527456914257e-08,4.39291313289224e-02,4.39291521724339e-02,4.39007901311654e-02,lamp_kernel
1.052917e+03,12941,1.19336568072624e-08,4.39291288017204e-02,4.39291496119443e-02,4.39008330561773e-02,lamp_kernel
1.054552e+03,12961,1.19150949796576e-08,4.39291262862594e-02,4.39291470641146e-02,4.39008758483215e-02,lamp_kernel
1.056189e+03,12981,1.18968476394179e-08,4.39291237824656e-02,4.39291445285006e-02,4.39009185082134e-02,lamp_kernel
1.057825e+03,13001,1.18788623642936e-08,4.39291212902711e-02,4.39291420049429e-02,4.39009610364651e-02,lamp_kernel
1.059461e+03,13021,1.18609510219873e-08,4.39291188096041e-02,4.39291394930417e-02,4.39010034336846e-02,lamp_kernel
1.061097e+03,13041,1.18425447164063e-08,4.39291163403916e-02,4.39291369917318e-02,4.39010457004761e-02,lamp_kernel
1.062733e+03,13061,1.18234830757229e-08,4.39291138825654e-02,4.39291345006654e-02,4.39010878374401e-02,lamp_kernel
1.064368e+03,13081,1.18040450241627e-08,4.39291114360571e-02,4.39291320202605e-02,4.39011298451737e-02,lamp_kernel
1.066004e+03,13101,1.17844511645608e-08,4.39291090008025e-02,4.39291295508376e-02,4.39011717242696e-02,lamp_kernel
1.067640e+03,13121,1.17650405951661e-08,4.39291065767369e-02,4.39291270929233e-02,4.39012134753177e-02,lamp_kernel
1.069276e+03,13141,1.17459937269471e-08,4.39291041637985e-02,4.39291246467705e-02,4.39012550989038e-02,lamp_kernel
1.070912e+03,13161,1.17277187992492e-08,4.39291017619286e-02,4.39291222130324e-02,4.39012965956107e-02,lamp_kernel
1.072548e+03,13181,1.17105220824253e-08,4.39290993710637e-02,4.39291197921793e-02,4.39013379660173e-02,lamp_kernel
1.074184e+03,13201,1.16943950993397e-08,4.39290969911428e-02,4.39291173841358e-02,4.39013792106990e-02,lamp_kernel
1.075820e+03,13221,1.16790941687406e-08,4.39290946221079e-02,4.39291149884187e-02,4.39014203302283e-02,lamp_kernel
1.077456e+03,13241,1.16645392135017e-08,4.39290922638921e-02,4.39291126048216e-02,4.39014613251735e-02,lamp_kernel
1.079092e+03,13261,1.16503458216396e-08,4.39290899164374e-02,4.39291102326161e-02,4.39015021960999e-02,lamp_kernel
1.080729e+03,13281,1.16361846131466e-08,4.39290875796810e-02,4.39291078711650e-02,4.39015429435691e-02,lamp_kernel
1.082365e+03,13301,1.16216291791785e-08,4.39290852535622e-02,4.39291055196641e-02,4.39015835681393e-02,lamp_kernel
1.084001e+03,13321,1.16064368296740e-08,4.39290829380177e-02,4.39291031776267e-02,4.39016240664471e-02,lamp_kernel
1.085637e+03,13341,1.15902296568373e-08,4.39290806329990e-02,4.39291008443456e-02,4.39016644388129e-02,lamp_kernel
1.087273e+03,13361,1.15729005861151e-08,4.39290783384412e-02,4.39290985195688e-02,4.39017046899566e-02,lamp_kernel
1.088909e+03,13381,1.15548286465862e-08,4.39290760542898e-02,4.39290962039031e-02,4.39017448204232e-02,lamp_kernel
1.090545e+03,13401,1.15363251493024e-08,4.39290737804878e-02,4.39290938978343e-02,4.39017848307545e-02,lamp_kernel
1.092181e+03,13421,1.15174944826163e-08,4.39290715169738e-02,4.39290916014828e-02,4.39018247214890e-02,lamp_kernel
1.093817e+03,13441,1.14987899558314e-08,4.39290692636896e-02,4.39290893155812e-02,4.39018644931619e-02,lamp_kernel
1.095453e+03,13461,1.14807265621580e-08,4.39290670205822e-02,4.39290870409744e-02,4.39019041463057e-02,lamp_kernel
1.097089e+03,13481,1.14634836916470e-08,4.39290647875852e-02,4.39290847779088e-02,4.39019436814493e-02,lamp_kernel
1.098725e+03,13501,1.14472025853530e-08,4.39290625646432e-02,4.39290825265754e-02,4.39019830991186e-02,lamp_kernel
1.100361e+03,13521,1.14320437317706e-08,4.39290603516969e-02,4.39290802871947e-02,4.39020223998363e-02,lamp_kernel
1.101997e+03,13541,1.14179987206561e-08,4.39290581486905e-02,4.39290780596962e-02,4.39020615841221e-02,lamp_kernel
1.103633e+03,13561,1.14045843526967e-08,4.39290559555698e-02,4.39290758431832e-02,4.39021006524922e-02,lamp_kernel
1.105269e+03,13581,1.13914563090520e-08,4.39290537722809e-02,4.39290736370013e-02,4.39021396054604e-02,lamp_kernel
1.106905e+03,13601,1.13783622229592e-08,4.39290515987715e-02,4.39290714406580e-02,4.39021784435369e-02,lamp_kernel
1.108541e+03,13621,1.13649140558040e-08,4.39290494349926e-02,4.39290692534279e-02,4.39022171672294e-02,lamp_kernel
1.110177e+03,13641,1.13506702941768e-08,4.39290472808912e-02,4.39290670744878e-02,4.39022557770423e-02,lamp_kernel
1.111813e+03,13661,1.13353146905890e-08,4.39290451364155e-02,4.39290649032347e-02,4.39022942734773e-02,lamp_kernel
1.113450e+03,13681,1.13188507855693e-08,4.39290430015136e-02,4.39290627396226e-02,4.39023326570329e-02,lamp_kernel
1.115086e+03,13701,1.13016986578905e-08,4.39290408761356e-02,4.39290605843342e-02,4.39023709282052e-02,lamp_kernel
1.116722e+03,13721,1.12842097331081e-08,4.39290387602290e-02,4.39290584379300e-02,4.39024090874867e-02,lamp_kernel
1.118358e+03,13741,1.12667318017318e-08,4.39290366537451e-02,4.39290563009676e-02,4.39024471353676e-02,lamp_kernel
1.119994e+03,13761,1.12497460322833e-08,4.39290345566284e-02,4.39290541742307e-02,4.39024850709816e-02,lamp_kernel
1.121630e+03,13781,1.12335497945956e-08,4.39290324688291e-02,4.39290520581880e-02,4.39025228843791e-02,lamp_kernel
1.123266e+03,13801,1.12183343483687e-08,4.39290303902949e-02,4.39290499531206e-02,4.39025605848195e-02,lamp_kernel
1.124902e+03,13821,1.12040443756912e-08,4.39290283209751e-02,4.39290478588816e-02,4.39025981759414e-02,lamp_kernel
1.126538e+03,13841,1.11906631666019e-08,4.39290262608119e-02,4.39290457753839e-02,4.39026356582194e-02,lamp_kernel
1.128174e+03,13861,1.11779499908798e-08,4.39290242097564e-02,4.39290437021589e-02,4.39026730321256e-02,lamp_kernel
1.129810e+03,13881,1.11654515074350e-08,4.39290221677545e-02,4.39290416383618e-02,4.39027102981293e-02,lamp_kernel
1.131446e+03,13901,1.11523912795011e-08,4.39290201347546e-02,4.39290395825871e-02,4.39027474566974e-02,lamp_kernel
1.133082e+03,13921,1.11385083184580e-08,4.39290181107045e-02,4.39290375343275e-02,4.39027845078965e-02,lamp_kernel
1.134718e+03,13941,1.11237035440813e-08,4.39290160955610e-02,4.39290354933671e-02,4.39028214525314e-02,lamp_kernel
1.136355e+03,13961,1.11078737348272e-08,4.39290140892777e-02,4.39290334594794e-02,4.39028582911108e-02,lamp_kernel
1.137991e+03,13981,1.10912796621785e-08,4.39290120918115e-02,4.39290314330759e-02,4.39028950240906e-02,lamp_kernel
1.139627e+03,14001,1.10742267762667e-08,4.39290101031202e-02,4.39290294146474e-02,4.39029316519242e-02,lamp_kernel
1.141263e+03,14021,1.10571448583548e-08,4.39290081231656e-02,4.39290274049049e-02,4.39029681750626e-02,lamp_kernel
1.142899e+03,14041,1.10403712323761e-08,4.39290061519017e-02,4.39290254043907e-02,4.39030045939539e-02,lamp_kernel
1.144535e+03,14061,1.10243802834606e-08,4.39290041892816e-02,4.39290234138852e-02,4.39030409090439e-02,lamp_kernel
1.146171e+03,14081,1.10090529579120e-08,4.39290022352621e-02,4.39290214331375e-02,4.39030771197901e-02,lamp_kernel
1.147807e+03,14101,1.09941283998708e-08,4.39290002897935e-02,4.39290194616431e-02,4.39031132273097e-02,lamp_kernel
1.149443e+03,14121,1.09793628096243e-08,4.39289983528232e-02,4.39290174989242e-02,4.39031492323572e-02,lamp_kernel
1.151079e+03,14141,1.09645014215040e-08,4.39289964243014e-02,4.39290155444866e-02,4.39031851353682e-02,lamp_kernel
1.152715e+03,14161,1.09496041069761e-08,4.39289945041707e-02,4.39290135983776e-02,4.39032209367763e-02,lamp_kernel
1.154352e+03,14181,1.09347059235395e-08,4.39289925923926e-02,4.39290116606197e-02,4.39032566370119e-02,lamp_kernel
1.155988e+03,14201,1.09191856872364e-08,4.39289906889138e-02,4.39290097300762e-02,4.39032922365036e-02,lamp_kernel
1.157624e+03,14221,1.09029963196871e-08,4.39289887936937e-02,4.39290078066247e-02,4.39033277356773e-02,lamp_kernel
1.159260e+03,14241,1.08863094468423e-08,4.39289869066912e-02,4.39290058905232e-02,4.39033631349565e-02,lamp_kernel
1.160896e+03,14261,1.08693013106699e-08,4.39289850278657e-02,4.39290039820385e-02,4.39033984347623e-02,lamp_kernel
1.162532e+03,14281,1.08522373585717e-08,4.39289831571778e-02,4.39290020815940e-02,4.39034336355136e-02,lamp_kernel
1.164168e+03,14301,1.08355191938860e-08,4.39289812945907e-02,4.39290001898533e-02,4.39034687376267e-02,lamp_kernel
1.165804e+03,14321,1.08195588201053e-08,4.39289794400597e-02,4.39289983074902e-02,4.39035037415152e-02,lamp_kernel
1.167441e+03,14341,1.08043286865257e-08,4.39289775935492e-02,4.39289964344210e-02,4.39035386475915e-02,lamp_kernel
1.169077e+03,14361,1.07895742724723e-08,4.39289757550136e-02,4.39289945701563e-02,4.39035734562645e-02,lamp_kernel
1.170713e+03,14381,1.07754344768405e-08,4.39289739244081e-02,4.39289927148934e-02,4.39036081679415e-02,lamp_kernel
1.172420e+03,14401,1.07615999019605e-08,4.39289721016902e-02,4.39289908680505e-02,4.39036427830274e-02,lamp_kernel
1.174056e+03,14421,1.07479178731828e-08,4.39289702868204e-02,4.39289890293216e-02,4.39036773019250e-02,lamp_kernel
1.175692e+03,14441,1.07337710914499e-08,4.39289684797489e-02,4.39289871975806e-02,4.39037117250347e-02,lamp_kernel
1.177328e+03,14461,1.07191989690668e-08,4.39289666804401e-02,4.39289853728605e-02,4.39037460527546e-02,lamp_kernel
1.178964e+03,14481,1.07038946969988e-08,4.39289648888540e-02,4.39289835545864e-02,4.39037802854810e-02,lamp_kernel
1.180601e+03,14501,1.06877914900878e-08,4.39289631049446e-02,4.39289817425958e-02,4.39038144233058e-02,lamp_kernel
1.182237e+03,14521,1.06709815779426e-08,4.39289613286737e-02,4.39289799370113e-02,4.39038484652187e-02,lamp_kernel
1.183873e+03,14541,1.06536601245739e-08,4.39289595600037e-02,4.39289781381358e-02,4.39038824133198e-02,lamp_kernel
1.185509e+03,14561,1.06361903773188e-08,4.39289577988889e-02,4.39289763465568e-02,4.39039162679964e-02,lamp_kernel
1.187145e+03,14581,1.06194089289057e-08,4.39289560452923e-02,4.39289745636962e-02,4.39039500263473e-02,lamp_kernel
1.188781e+03,14601,1.06029478831985e-08,4.39289542991738e-02,4.39289727888725e-02,4.39039836918850e-02,lamp_kernel
1.190417e+03,14621,1.05870817766668e-08,4.39289525604915e-02,4.39289710225225e-02,4.39040172651677e-02,lamp_kernel
1.192053e+03,14641,1.05717680996633e-08,4.39289508292060e-02,4.39289692645326e-02,4.39040507465743e-02,lamp_kernel
1.193689e+03,14661,1.05568800319755e-08,4.39289491052808e-02,4.39289675146452e-02,4.39040841364813e-02,lamp_kernel
1.195326e+03,14681,1.05422000431826e-08,4.39289473886816e-02,4.39289657724466e-02,4.39041174352633e-02,lamp_kernel
1.196962e+03,14701,1.05276164432317e-08,4.39289456793683e-02,4.39289640377021e-02,4.39041506432931e-02,lamp_kernel
1.198598e+03,14721,1.05128128846702e-08,4.39289439773088e-02,4.39289623098277e-02,4.39041837609411e-02,lamp_kernel
1.200234e+03,14741,1.04973280164585e-08,4.39289422824676e-02,4.39289605879836e-02,4.39042167885759e-02,lamp_kernel
1.201870e+03,14761,1.04809036504794e-08,4.39289405948057e-02,4.39289588716804e-02,4.39042497265644e-02,lamp_kernel
1.203506e+03,14781,1.04634889640490e-08,4.39289389142900e-02,4.39289571607966e-02,4.39042825752705e-02,lamp_kernel
1.205142e+03,14801,1.04451390627161e-08,4.39289372408830e-02,4.39289554553905e-02,4.39043153350572e-02,lamp_kernel
1.206778e+03,14821,1.04259895123920e-08,4.39289355745443e-02,4.39289537556584e-02,4.39043480062849e-02,lamp_kernel
1.208415e+03,14841,1.04063788678721e-08,4.39289339152363e-02,4.39289520621528e-02,4.39043805893122e-02,lamp_kernel
1.210051e+03,14861,1.03879715772143e-08,4.39289322629211e-02,4.39289503777385e-02,4.39044130840347e-02,lamp_kernel
1.211687e+03,14881,1.03704318041424e-08,4.39289306175607e-02,4.39289487017918e-02,4.39044454871445e-02,lamp_kernel
1.213323e+03,14901,1.03531519104206e-08,4.39289289791182e-02,4.39289470332161e-02,4.39044778031428e-02,lamp_kernel
1.214959e+03,14921,1.03361345355663e-08,4.39289273475556e-02,4.39289453719782e-02,4.39045100323805e-02,lamp_kernel
1.216595e+03,14941,1.03193659458051e-08,4.39289257228373e-02,4.39289437180184e-02,4.39045421752062e-02,lamp_kernel
1.218231e+03,14961,1.03027360235584e-08,4.39289241049319e-02,4.39289420711133e-02,4.39045742319670e-02,lamp_kernel
1.219867e+03,14981,1.02862338750303e-08,4.39289224938023e-02,4.39289404312068e-02,4.39046062030084e-02,lamp_kernel
1.221504e+03,15001,1.02698231481393e-08,4.39289208894160e-02,4.39289387982031e-02,4.39046380886734e-02,lamp_kernel
1.223140e+03,15021,1.02535278439276e-08,4.39289192917394e-02,4.39289371721102e-02,4.39046698893036e-02,lamp_kernel
1.224776e+03,15041,1.02371696777115e-08,4.39289177007414e-02,4.39289355525865e-02,4.39047016052389e-02,lamp_kernel
1.226412e+03,15061,1.02206940782530e-08,4.39289161163885e-02,4.39289339395030e-02,4.39047332368169e-02,lamp_kernel
1.228048e+03,15081,1.02041150804176e-08,4.39289145386426e-02,4.39289323328462e-02,4.39047647834646e-02,lamp_kernel
1.229684e+03,15101,1.01872364088669e-08,4.39289129674743e-02,4.39289307322444e-02,4.39047962456827e-02,lamp_kernel
1.231320e+03,15121,1.01700130289111e-08,4.39289114028501e-02,4.39289291375856e-02,4.39048276245546e-02,lamp_kernel
1.232957e+03,15141,1.01523647530263e-08,4.39289098447341e-02,4.39289275486941e-02,4.39048589126854e-02,lamp_kernel
1.234593e+03,15161,1.01342852648924e-08,4.39289082930987e-02,4.39289259655312e-02,4.39048901170471e-02,lamp_kernel
1.236229e+03,15181,1.01158385440508e-08,4.39289067479081e-02,4.39289243881728e-02,4.39049212391060e-02,lamp_kernel
1.237865e+03,15201,1.00969688838461e-08,4.39289052091311e-02,4.39289228164904e-02,4.39049522791873e-02,lamp_kernel
1.239501e+03,15221,1.00776948408669e-08,4.39289036767328e-02,4.39289212504815e-02,4.39049832376144e-02,lamp_kernel
1.241137e+03,15241,1.00581160265918e-08,4.39289021506850e-02,4.39289196902916e-02,4.39050141147089e-02,lamp_kernel
1.242774e+03,15261,1.00383851051704e-08,4.39289006309540e-02,4.39289181361533e-02,4.39050449107908e-02,lamp_kernel
1.244410e+03,15281,1.00185442117331e-08,4.39288991175095e-02,4.39289165881097e-02,4.39050756261786e-02,lamp_kernel
1.246046e+03,15301,9.99875022265573e-09,4.39288976103156e-02,4.39289150463986e-02,4.39051062611889e-02,lamp_kernel
1.247682e+03,15321,9.97913221685081e-09,4.39288961093404e-02,4.39289135112130e-02,4.39051368161366e-02,lamp_kernel
1.249318e+03,15341,9.95976938942225e-09,4.39288946145499e-02,4.39289119826570e-02,4.39051672913350e-02,lamp_kernel
1.250955e+03,15361,9.94071683977623e-09,4.39288931259119e-02,4.39289104607948e-02,4.39051976870959e-02,lamp_kernel
1.252591e+03,15381,9.92195517715945e-09,4.39288916433929e-02,4.39289089455587e-02,4.39052280037293e-02,lamp_kernel
1.254227e+03,15401,9.90345020710085e-09,4.39288901669631e-02,4.39289074368594e-02,4.39052582415435e-02,lamp_kernel
1.255863e+03,15421,9.88500109491105e-09,4.39288886965903e-02,4.39289059343146e-02,4.39052884008455e-02,lamp_kernel
1.257499e+03,15441,9.86654347990671e-09,4.39288872322434e-02,4.39289044377807e-02,4.39053184819402e-02,lamp_kernel
1.259135e+03,15461,9.84784389639925e-09,4.39288857738984e-02,4.39289029468269e-02,4.39053484851316e-02,lamp_kernel
1.260772e+03,15481,9.82873814105815e-09,4.39288843215256e-02,4.39289014611370e-02,4.39053784107215e-02,lamp_kernel
1.262408e+03,15501,9.80914894925511e-09,4.39288828751009e-02,4.39288999805522e-02,4.39054082590106e-02,lamp_kernel
1.264044e+03,15521,9.78908092811573e-09,4.39288814345971e-02,4.39288985050532e-02,4.39054380302976e-02,lamp_kernel
1.265680e+03,15541,9.76848866350635e-09,4.39288799999880e-02,4.39288970345348e-02,4.39054677248801e-02,lamp_kernel
1.267316e+03,15561,9.74736196968251e-09,4.39288785712427e-02,4.39288955689483e-02,4.39054973430537e-02,lamp_kernel
1.268953e+03,15581,9.72587586406532e-09,4.39288771483373e-02,4.39288941085748e-02,4.39055268851127e-02,lamp_kernel
1.270589e+03,15601,9.70428149746340e-09,4.39288757312360e-02,4.39288926538167e-02,4.39055563513500e-02,lamp_kernel
1.272225e+03,15621,9.68263314991500e-09,4.39288743199076e-02,4.39288912047373e-02,4.39055857420567e-02,lamp_kernel
1.273861e+03,15641,9.66113633339327e-09,4.39288729143228e-02,4.39288897616658e-02,4.39056150575225e-02,lamp_kernel
1.275497e+03,15661,9.63991442204715e-09,4.39288715144458e-02,4.39288883247815e-02,4.39056442979584e-02,lamp_kernel
1.277134e+03,15681,9.61901907129829e-09,4.39288701202431e-02,4.39288868941409e-02,4.39056734637030e-02,lamp_kernel
1.278770e+03,15701,9.59854820677733e-09,4.39288687316864e-02,4.39288854698865e-02,4.39057025550673e-02,lamp_kernel
1.280406e+03,15721,9.57846986873985e-09,4.39288673487453e-02,4.39288840519323e-02,4.39057315723354e-02,lamp_kernel
1.282042e+03,15741,9.55858402767632e-09,4.39288659713890e-02,4.39288826398986e-02,4.39057605157894e-02,lamp_kernel
1.283678e+03,15761,9.53877506682299e-09,4.39288645995953e-02,4.39288812335615e-02,4.39057893782648e-02,lamp_kernel
1.285315e+03,15781,9.51910609606868e-09,4.39288632333408e-02,4.39288798330078e-02,4.39058181665662e-02,lamp_kernel
1.286951e+03,15801,9.49921104123607e-09,4.39288618725992e-02,4.39288784375726e-02,4.39058468819234e-02,lamp_kernel
1.288587e+03,15821,9.47899694212187e-09,4.39288605173487e-02,4.39288770470723e-02,4.39058755246132e-02,lamp_kernel
1.290223e+03,15841,9.45844998384499e-09,4.39288591675671e-02,4.39288756614603e-02,4.39059040949103e-02,lamp_kernel
1.291860e+03,15861,9.43776458145222e-09,4.39288578232305e-02,4.39288742810519e-02,4.39059325930886e-02,lamp_kernel
1.293496e+03,15881,9.41692466782963e-09,4.39288564843118e-02,4.39288729057921e-02,4.39059610194202e-02,lamp_kernel
1.295132e+03,15901,9.39609563175794e-09,4.39288551507835e-02,4.39288715359416e-02,4.39059893741764e-02,lamp_kernel
1.296768e+03,15921,9.37535064518627e-09,4.39288538226204e-02,4.39288701716028e-02,4.39060176576265e-02,lamp_kernel
1.298405e+03,15941,9.35464054772414e-09,4.39288524997916e-02,4.39288688126592e-02,4.39060458700389e-02,lamp_kernel
1.300041e+03,15961,9.33416799667032e-09,4.39288511822679e-02,4.39288674594349e-02,4.39060740072268e-02,lamp_kernel
1.301677e+03,15981,9.31393988142492e-09,4.39288498700199e-02,4.39288661119126e-02,4.39061020726449e-02,lamp_kernel
1.303313e+03,16001,9.29395620252293e-09,4.39288485630178e-02,4.39288647700624e-02,4.39061300678417e-02,lamp_kernel
1.304949e+03,16021,9.27448803803688e-09,4.39288472612324e-02,4.39288634343280e-02,4.39061579930798e-02,lamp_kernel
1.306586e+03,16041,9.25549768741327e-09,4.39288459646383e-02,4.39288621046180e-02,4.39061858486203e-02,lamp_kernel
1.308222e+03,16061,9.23679150588184e-09,4.39288446732073e-02,4.39288607805667e-02,4.39062136347237e-02,lamp_kernel
1.309858e+03,16081,9.21851280811282e-09,4.39288433869193e-02,4.39288594624038e-02,4.39062413516487e-02,lamp_kernel
1.311494e+03,16101,9.20045065187573e-09,4.39288421057453e-02,4.39288581497325e-02,4.39062689996531e-02,lamp_kernel
1.313131e+03,16121,9.18245726120343e-09,4.39288408296664e-02,4.39288568422762e-02,4.39062965789926e-02,lamp_kernel
1.314767e+03,16141,9.16472184631267e-09,4.39288395586605e-02,4.39288555403429e-02,4.39063240899227e-02,lamp_kernel
1.316403e+03,16161,9.14723246894639e-09,4.39288382927014e-02,4.39288542438854e-02,4.39063515326964e-02,lamp_kernel
1.318040e+03,16181,9.13000292472335e-09,4.39288370317682e-02,4.39288529529068e-02,4.39063789075668e-02,lamp_kernel
1.319676e+03,16201,9.11341079230713e-09,4.39288357758389e-02,4.39288516680437e-02,4.39064062139855e-02,lamp_kernel
1.321312e+03,16221,9.09695057482122e-09,4.39288345248876e-02,4.39288503883887e-02,4.39064334520298e-02,lamp_kernel
1.322948e+03,16241,9.08050861586952e-09,4.39288332788886e-02,4.39288491137177e-02,4.39064606206165e-02,lamp_kernel
1.324585e+03,16261,9.06397438962203e-09,4.39288320378193e-02,4.39288478438156e-02,4.39064877223128e-02,lamp_kernel
1.326221e+03,16281,9.04740833144179e-09,4.39288308016530e-02,4.39288465787610e-02,4.39065147573648e-02,lamp_kernel
1.327857e+03,16301,9.03076596991094e-09,4.39288295703638e-02,4.39288453184504e-02,4.39065417260176e-02,lamp_kernel
1.329493e+03,16321,9.01402627283370e-09,4.39288283439244e-02,4.39288440628199e-02,4.39065686285151e-02,lamp_kernel
1.331130e+03,16341,8.99732282639192e-09,4.39288271223129e-02,4.39288428120805e-02,4.39065954650995e-02,lamp_kernel
1.332766e+03,16361,8.98044550111384e-09,4.39288259055033e-02,4.39288415658397e-02,4.39066222360124e-02,lamp_kernel
1.334402e+03,16381,8.96369965843963e-09,4.39288246934752e-02,4.39288403246098e-02,4.39066489414938e-02,lamp_kernel
1.336038e+03,16401,8.94692538901461e-09,4.39288234862032e-02,4.39288390880864e-02,4.39066755817826e-02,lamp_kernel
1.337675e+03,16421,8.93025140152967e-09,4.39288222836628e-02,4.39288378564695e-02,4.39067021571167e-02,lamp_kernel
1.339311e+03,16441,8.91372481061470e-09,4.39288210858366e-02,4.39288366298237e-02,4.39067286677326e-02,lamp_kernel
1.340947e+03,16461,8.89764610290237e-09,4.39288198927001e-02,4.39288354086488e-02,4.39067551138658e-02,lamp_kernel
1.342584e+03,16481,8.88189879535252e-09,4.39288187042286e-02,4.39288341927167e-02,4.39067814957506e-02,lamp_kernel
1.344220e+03,16501,8.86646613441848e-09,4.39288175204017e-02,4.39288329819780e-02,4.39068078136204e-02,lamp_kernel
1.345856e+03,16521,8.85119567767763e-09,4.39288163411936e-02,4.39288317761408e-02,4.39068340677070e-02,lamp_kernel
1.347492e+03,16541,8.83610730700853e-09,4.39288151665858e-02,4.39288305752216e-02,4.39068602582416e-02,lamp_kernel
1.349129e+03,16561,8.82112472276148e-09,4.39288139965502e-02,4.39288293790589e-02,4.39068863854540e-02,lamp_kernel
1.350765e+03,16581,8.80611368682591e-09,4.39288128310653e-02,4.39288281873974e-02,4.39069124495729e-02,lamp_kernel
1.352401e+03,16601,8.79100868875558e-09,4.39288116701092e-02,4.39288270001008e-02,4.39069384508258e-02,lamp_kernel
1.354038e+03,16621,8.77580765059665e-09,4.39288105136549e-02,4.39288258171385e-02,4.39069643894393e-02,lamp_kernel
1.355674e+03,16641,8.76041591582178e-09,4.39288093616877e-02,4.39288246383308e-02,4.39069902656387e-02,lamp_kernel
1.357310e+03,16661,8.74477811034598e-09,4.39288082141853e-02,4.39288234635588e-02,4.39070160796484e-02,lamp_kernel
1.358947e+03,16681,8.72888783555640e-09,4.39288070711260e-02,4.39288222927896e-02,4.39070418316914e-02,lamp_kernel
1.360583e+03,16701,8.71285432918642e-09,4.39288059324882e-02,4.39288211261922e-02,4.39070675207949e-02,lamp_kernel
1.362219e+03,16721,8.69671847548579e-09,4.39288047982556e-02,4.39288199638214e-02,4.39070931476320e-02,lamp_kernel
1.363856e+03,16741,8.68059406241663e-09,4.39288036684052e-02,4.39288188058529e-02,4.39071187131796e-02,lamp_kernel
1.365492e+03,16761,8.66452694026374e-09,4.39288025429167e-02,4.39288176523461e-02,4.39071442176570e-02,lamp_kernel
1.367128e+03,16781,8.64865539728121e-09,4.39288014217685e-02,4.39288165035206e-02,4.39071696612819e-02,lamp_kernel
1.368765e+03,16801,8.63306868460324e-09,4.39288003049417e-02,4.39288153595134e-02,4.39071950442709e-02,lamp_kernel
1.370401e+03,16821,8.61768507161002e-09,4.39287991924105e-02,4.39288142201558e-02,4.39072203668404e-02,lamp_kernel
1.372038e+03,16841,8.60254588221914e-09,4.39287980841517e-02,4.39288130854969e-02,4.39072456292045e-02,lamp_kernel
1.373674e+03,16861,8.58762023050776e-09,4.39287969801461e-02,4.39288119554635e-02,4.39072708315774e-02,lamp_kernel
1.375310e+03,16881,8.57292000616056e-09,4.39287958803686e-02,4.39288108300514e-02,4.39072959741716e-02,lamp_kernel
1.376947e+03,16901,8.55839339516162e-09,4.39287947847977e-02,4.39288097091486e-02,4.39073210571989e-02,lamp_kernel
1.378583e+03,16921,8.54727659961677e-09,4.39287936934117e-02,4.39288085983769e-02,4.39073460808699e-02,lamp_kernel
1.380219e+03,16941,8.53599460181750e-09,4.39287926061892e-02,4.39288074914806e-02,4.39073710418967e-02,lamp_kernel
1.381856e+03,16961,8.52442400092171e-09,4.39287915231153e-02,4.39288063882295e-02,4.39073959432985e-02,lamp_kernel
1.383492e+03,16981,8.51256291395563e-09,4.39287904441656e-02,4.39288052885962e-02,4.39074207859913e-02,lamp_kernel
1.385128e+03,17001,8.50035274995572e-09,4.39287893693247e-02,4.39288041924629e-02,4.39074455701821e-02,lamp_kernel
1.386765e+03,17021,8.48786494981703e-09,4.39287882985743e-02,4.39288030999359e-02,4.39074702960759e-02,lamp_kernel
1.388401e+03,17041,8.47522900012827e-09,4.39287872318974e-02,4.39288020112241e-02,4.39074949638780e-02,lamp_kernel
1.390038e+03,17061,8.46254864695461e-09,4.39287861692752e-02,4.39288009264896e-02,4.39075195737918e-02,lamp_kernel
1.391674e+03,17081,8.45002393476399e-09,4.39287851106897e-02,4.39287998460631e-02,4.39075441260203e-02,lamp_kernel
1.393310e+03,17101,8.43792793320825e-09,4.39287840561221e-02,4.39287987704022e-02,4.39075686207652e-02,lamp_kernel
1.394947e+03,17121,8.42640789837800e-09,4.39287830055544e-02,4.39287976997455e-02,4.39075930582274e-02,lamp_kernel
1.396583e+03,17141,8.41555931416430e-09,4.39287819589667e-02,4.39287966342398e-02,4.39076174386068e-02,lamp_kernel
1.398219e+03,17161,8.40509840586826e-09,4.39287809163396e-02,4.39287955733707e-02,4.39076417621024e-02,lamp_kernel
1.399856e+03,17181,8.39484761632075e-09,4.39287798776465e-02,4.39287945168020e-02,4.39076660289123e-02,lamp_kernel
1.401492e+03,17201,8.38491984095031e-09,4.39287788428701e-02,4.39287934647133e-02,4.39076902392336e-02,lamp_kernel
1.403128e+03,17221,8.37498364518918e-09,4.39287778119923e-02,4.39287924165085e-02,4.39077143902949e-02,lamp_kernel
1.404765e+03,17241,8.36474725404856e-09,4.39287767849869e-02,4.39287913716526e-02,4.39077384837869e-02,lamp_kernel
1.406401e+03,17261,8.35408338529179e-09,4.39287757618360e-02,4.39287903299058e-02,4.39077625213916e-02,lamp_kernel
1.408038e+03,17281,8.34302445452703e-09,4.39287747425178e-02,4.39287892913027e-02,4.39077865033025e-02,lamp_kernel
1.409674e+03,17301,8.33171872928459e-09,4.39287737270213e-02,4.39287882560910e-02,4.39078104297123e-02,lamp_kernel
1.411310e+03,17321,8.32022446721816e-09,4.39287727153213e-02,4.39287872243470e-02,4.39078343008128e-02,lamp_kernel
1.412947e+03,17341,8.30888392681309e-09,4.39287717074078e-02,4.39287861966575e-02,4.39078581167946e-02,lamp_kernel
1.414583e+03,17361,8.29772551804274e-09,4.39287707032595e-02,4.39287851730509e-02,4.39078818778478e-02,lamp_kernel
1.416219e+03,17381,8.28693630976439e-09,4.39287697028640e-02,4.39287841538409e-02,4.39079055841612e-02,lamp_kernel
1.417856e+03,17401,8.27659952295894e-09,4.39287687062053e-02,4.39287831391567e-02,4.39079292359233e-02,lamp_kernel
1.419492e+03,17421,8.26678050253518e-09,4.39287677132677e-02,4.39287821290964e-02,4.39079528333212e-02,lamp_kernel
1.421129e+03,17441,8.25740044592071e-09,4.39287667240302e-02,4.39287811235017e-02,4.39079763765413e-02,lamp_kernel
1.422765e+03,17461,8.24844759286990e-09,4.39287657384779e-02,4.39287801223372e-02,4.39079998657693e-02,lamp_kernel
1.424402e+03,17481,8.23982945404599e-09,4.39287647565918e-02,4.39287791254226e-02,4.39080233011901e-02,lamp_kernel
1.426038e+03,17501,8.23139236892538e-09,4.39287637783541e-02,4.39287781324720e-02,4.39080466829874e-02,lamp_kernel
1.427675e+03,17521,8.22276321759343e-09,4.39287628037430e-02,4.39287771428132e-02,4.39080700113443e-02,lamp_kernel
1.429311e+03,17541,8.21377293947945e-09,4.39287618327395e-02,4.39287761561323e-02,4.39080932864433e-02,lamp_kernel
1.430947e+03,17561,8.20434470940815e-09,4.39287608653211e-02,4.39287751722727e-02,4.39081165084656e-02,lamp_kernel
1.432584e+03,17581,8.19433699856963e-09,4.39287599014761e-02,4.39287741909760e-02,4.39081396769038e-02,lamp_kernel
1.434220e+03,17601,8.18385954762012e-09,4.39287589411851e-02,4.39287732124141e-02,4.39081627900114e-02,lamp_kernel
1.435857e+03,17621,8.17308752306319e-09,4.39287579844283e-02,4.39287722368727e-02,4.39081858505792e-02,lamp_kernel
1.437493e+03,17641,8.16207882333082e-09,4.39287570311935e-02,4.39287712644407e-02,4.39082088587854e-02,lamp_kernel
1.439130e+03,17661,8.15113865413076e-09,4.39287560814669e-02,4.39287702956363e-02,4.39082318148072e-02,lamp_kernel
1.440766e+03,17681,8.14054243582193e-09,4.39287551352311e-02,4.39287693309226e-02,4.39082547188215e-02,lamp_kernel
1.442402e+03,17701,8.13044133375661e-09,4.39287541924733e-02,4.39287683705502e-02,4.39082775710037e-02,lamp_kernel
1.444039e+03,17721,8.12111502945655e-09,4.39287532531745e-02,4.39287674149880e-02,4.39083003700977e-02,lamp_kernel
1.445675e+03,17741,8.11262712278855e-09,4.39287523173267e-02,4.39287664643387e-02,4.39083231164749e-02,lamp_kernel
1.447312e+03,17761,8.10468485910897e-09,4.39287513849062e-02,4.39287655180683e-02,4.39083458115485e-02,lamp_kernel
1.448948e+03,17781,8.09705249473858e-09,4.39287504558965e-02,4.39287645757491e-02,4.39083684554912e-02,lamp_kernel
1.450585e+03,17801,8.08958842971895e-09,4.39287495302860e-02,4.39287636371225e-02,4.39083910484752e-02,lamp_kernel
1.452221e+03,17821,8.08194954370569e-09,4.39287486080499e-02,4.39287627015656e-02,4.39084135906712e-02,lamp_kernel
1.453858e+03,17841,8.07401463168966e-09,4.39287476891734e-02,4.39287617688520e-02,4.39084360822498e-02,lamp_kernel
1.455494e+03,17861,8.06549857193943e-09,4.39287467736402e-02,4.39287608384682e-02,4.39084585233805e-02,lamp_kernel
1.457131e+03,17881,8.05637734099594e-09,4.39287458614323e-02,4.39287599103545e-02,4.39084809142321e-02,lamp_kernel
1.458767e+03,17901,8.04671688667100e-09,4.39287449525339e-02,4.39287589846099e-02,4.39085032549729e-02,lamp_kernel
1.460403e+03,17921,8.03682320409788e-09,4.39287440469309e-02,4.39287580617541e-02,4.39085255457700e-02,lamp_kernel
1.462040e+03,17941,8.02694683093117e-09,4.39287431446062e-02,4.39287571422067e-02,4.39085477858677e-02,lamp_kernel
1.463676e+03,17961,8.01721642134021e-09,4.39287422455489e-02,4.39287562261812e-02,4.39085699739049e-02,lamp_kernel
1.465313e+03,17981,8.00788815449106e-09,4.39287413497434e-02,4.39287553141088e-02,4.39085921124114e-02,lamp_kernel
1.466949e+03,18001,7.99919286891809e-09,4.39287404571758e-02,4.39287544063782e-02,4.39086142016449e-02,lamp_kernel
1.468586e+03,18021,7.99129848980900e-09,4.39287395678338e-02,4.39287535032698e-02,4.39086362417689e-02,lamp_kernel
1.470222e+03,18041,7.98410989528066e-09,4.39287386817045e-02,4.39287526046048e-02,4.39086582290584e-02,lamp_kernel
1.471859e+03,18061,7.97734532913387e-09,4.39287377987668e-02,4.39287517098708e-02,4.39086801673882e-02,lamp_kernel
1.473495e+03,18081,7.97079450653403e-09,4.39287369190126e-02,4.39287508186932e-02,4.39087020571112e-02,lamp_kernel
1.475132e+03,18101,7.96433628741222e-09,4.39287360424234e-02,4.39287499308420e-02,4.39087238983881e-02,lamp_kernel
1.476768e+03,18121,7.95768434819498e-09,4.39287351689805e-02,4.39287490457993e-02,4.39087456913789e-02,lamp_kernel
1.478405e+03,18141,7.95055447972710e-09,4.39287342986712e-02,4.39287481630567e-02,4.39087674362431e-02,lamp_kernel
1.480041e+03,18161,7.94281057302241e-09,4.39287334314787e-02,4.39287472823602e-02,4.39087891331389e-02,lamp_kernel
1.481678e+03,18181,7.93441176859237e-09,4.39287325673878e-02,4.39287464036232e-02,4.39088107822244e-02,lamp_kernel
1.483314e+03,18201,7.92552609009295e-09,4.39287317063817e-02,4.39287455271220e-02,4.39088323836569e-02,lamp_kernel
1.484951e+03,18221,7.91638628095058e-09,4.39287308484511e-02,4.39287446532532e-02,4.39088539375929e-02,lamp_kernel
1.486587e+03,18241,7.90707340724899e-09,4.39287299935785e-02,4.39287437821405e-02,4.39088754441881e-02,lamp_kernel
1.488224e+03,18261,7.89788051705236e-09,4.39287291417499e-02,4.39287429142812e-02,4.39088969035975e-02,lamp_kernel
1.489860e+03,18281,7.88896015284933e-09,4.39287282929541e-02,4.39287420499297e-02,4.39089183159757e-02,lamp_kernel
1.491497e+03,18301,7.88042139760267e-09,4.39287274471749e-02,4.39287411892605e-02,4.39089396814765e-02,lamp_kernel
1.493133e+03,18321,7.87234029334405e-09,4.39287266044063e-02,4.39287403323998e-02,4.39089610002530e-02,lamp_kernel
1.494770e+03,18341,7.86477439572483e-09,4.39287257646276e-02,4.39287394794276e-02,4.39089822724579e-02,lamp_kernel
1.496406e+03,18361,7.85760386239989e-09,4.39287249278281e-02,4.39287386301238e-02,4.39090034982427e-02,lamp_kernel
1.498043e+03,18381,7.85070214306928e-09,4.39287240939932e-02,4.39287377842535e-02,4.39090246777586e-02,lamp_kernel
1.499679e+03,18401,7.84383355723683e-09,4.39287232631111e-02,4.39287369413938e-02,4.39090458111564e-02,lamp_kernel
1.501316e+03,18421,7.83684159945490e-09,4.39287224351618e-02,4.39287361012518e-02,4.39090668985858e-02,lamp_kernel
1.502952e+03,18441,7.82959673937960e-09,4.39287216101365e-02,4.39287352635927e-02,4.39090879401957e-02,lamp_kernel
1.504589e+03,18461,7.82202604747887e-09,4.39287207880209e-02,4.39287344282752e-02,4.39091089361353e-02,lamp_kernel
1.506225e+03,18481,7.81412865954381e-09,4.39287199687981e-02,4.39287335952807e-02,4.39091298865519e-02,lamp_kernel
1.507862e+03,18501,7.80588586443171e-09,4.39287191524588e-02,4.39287327645673e-02,4.39091507915932e-02,lamp_kernel
1.509498e+03,18521,7.79734665461787e-09,4.39287183389869e-02,4.39287319362046e-02,4.39091716514056e-02,lamp_kernel
1.511135e+03,18541,7.78856990113805e-09,4.39287175283683e-02,4.39287311102809e-02,4.39091924661353e-02,lamp_kernel
1.512771e+03,18561,7.77965395272901e-09,4.39287167205945e-02,4.39287302869592e-02,4.39092132359278e-02,lamp_kernel
1.514408e+03,18581,7.77075065883212e-09,4.39287159156496e-02,4.39287294664885e-02,4.39092339609275e-02,lamp_kernel
1.516044e+03,18601,7.76223578968926e-09,4.39287151135239e-02,4.39287286495143e-02,4.39092546412788e-02,lamp_kernel
1.517681e+03,18621,7.75379398762023e-09,4.39287143142038e-02,4.39287278354731e-02,4.39092752771253e-02,lamp_kernel
1.519317e+03,18641,7.74541585776563e-09,4.39287135176735e-02,4.39287270243328e-02,4.39092958686098e-02,lamp_kernel
1.520954e+03,18661,7.73714060650816e-09,4.39287127239221e-02,4.39287262161508e-02,4.39093164158745e-02,lamp_kernel
1.522590e+03,18681,7.72893034887818e-09,4.39287119329426e-02,4.39287254108541e-02,4.39093369190615e-02,lamp_kernel
1.524227e+03,18701,7.72072986118999e-09,4.39287111447163e-02,4.39287246083276e-02,4.39093573783117e-02,lamp_kernel
1.525863e+03,18721,7.71250624315083e-09,4.39287103592323e-02,4.39287238085030e-02,4.39093777937655e-02,lamp_kernel
1.527500e+03,18741,7.70427520446168e-09,4.39287095764776e-02,4.39287230113948e-02,4.39093981655630e-02,lamp_kernel
1.529137e+03,18761,7.69599320502602e-09,4.39287087964389e-02,4.39287222169138e-02,4.39094184938435e-02,lamp_kernel
1.530773e+03,18781,7.68768031515098e-09,4.39287080191062e-02,4.39287214250848e-02,4.39094387787457e-02,lamp_kernel
1.532410e+03,18801,7.67929850787020e-09,4.39287072444666e-02,4.39287206358288e-02,4.39094590204077e-02,lamp_kernel
1.534046e+03,18821,7.67081827824801e-09,4.39287064725044e-02,4.39287198490785e-02,4.39094792189497e-02,lamp_kernel
1.535683e+03,18841,7.66224755823169e-09,4.39287057032094e-02,4.39287190648377e-02,4.39094993744610e-02,lamp_kernel
1.537319e+03,18861,7.65354550072436e-09,4.39287049365692e-02,4.39287182830226e-02,4.39095194871434e-02,lamp_kernel
1.538956e+03,18881,7.64469523265738e-09,4.39287041725693e-02,4.39287175035894e-02,4.39095395571328e-02,lamp_kernel
1.540593e+03,18901,7.63570162379302e-09,4.39287034111991e-02,4.39287167265359e-02,4.39095595845644e-02,lamp_kernel
1.542229e+03,18921,7.62658382861701e-09,4.39287026524493e-02,4.39287159518863e-02,4.39095795695730e-02,lamp_kernel
1.543866e+03,18941,7.61735062557321e-09,4.39287018963052e-02,4.39287151796410e-02,4.39095995122927e-02,lamp_kernel
1.545502e+03,18961,7.60802909085178e-09,4.39287011427548e-02,4.39287144098355e-02,4.39096194128569e-02,lamp_kernel
1.547139e+03,18981,7.59867166652477e-09,4.39287003917903e-02,4.39287136425533e-02,4.39096392713987e-02,lamp_kernel
1.548775e+03,19001,7.58929500839656e-09,4.39286996433990e-02,4.39287128778107e-02,4.39096590880505e-02,lamp_kernel
1.550412e+03,19021,7.57992634487669e-09,4.39286988975714e-02,4.39287121156458e-02,4.39096788629445e-02,lamp_kernel
1.552049e+03,19041,7.57063977199298e-09,4.39286981542936e-02,4.39287113561738e-02,4.39096985962119e-02,lamp_kernel
1.553685e+03,19061,7.56143032756730e-09,4.39286974135554e-02,4.39287105993760e-02,4.39097182879832e-02,lamp_kernel
1.555322e+03,19081,7.55225971231477e-09,4.39286966753466e-02,4.39287098451752e-02,4.39097379383888e-02,lamp_kernel
1.556958e+03,19101,7.54311384276729e-09,4.39286959396530e-02,4.39287090935328e-02,4.39097575475585e-02,lamp_kernel
1.558595e+03,19121,7.53392332887484e-09,4.39286952064685e-02,4.39287083443217e-02,4.39097771156216e-02,lamp_kernel
1.560231e+03,19141,7.52465952192903e-09,4.39286944757776e-02,4.39287075974762e-02,4.39097966427064e-02,lamp_kernel
1.561868e+03,19161,7.51526136491727e-09,4.39286937475703e-02,4.39287068528802e-02,4.39098161289413e-02,lamp_kernel
1.563504e+03,19181,7.50570140506867e-09,4.39286930218312e-02,4.39287061104703e-02,4.39098355744538e-02,lamp_kernel
1.565141e+03,19201,7.49598338599135e-09,4.39286922985547e-02,4.39287053702472e-02,4.39098549793708e-02,lamp_kernel
1.566778e+03,19221,7.48606925564835e-09,4.39286915777233e-02,4.39287046321272e-02,4.39098743438192e-02,lamp_kernel
1.568414e+03,19241,7.47599317395002e-09,4.39286908593288e-02,4.39287038961618e-02,4.39098936679245e-02,lamp_kernel
1.570051e+03,19261,7.46577756092209e-09,4.39286901433607e-02,4.39287031623795e-02,4.39099129518126e-02,lamp_kernel
1.571687e+03,19281,7.45552398522202e-09,4.39286894298090e-02,4.39287024309473e-02,4.39099321956082e-02,lamp_kernel
1.573324e+03,19301,7.44528506286690e-09,4.39286887186574e-02,4.39287017019408e-02,4.39099513994359e-02,lamp_kernel
1.574961e+03,19321,7.43510631060759e-09,4.39286880099058e-02,4.39287009754392e-02,4.39099705634194e-02,lamp_kernel
1.576597e+03,19341,7.42501264699829e-09,4.39286873035368e-02,4.39287002514686e-02,4.39099896870813e-02,lamp_kernel
1.578234e+03,19361,7.41499786579653e-09,4.39286865995444e-02,4.39286995300122e-02,4.39100087711347e-02,lamp_kernel
1.579870e+03,19381,7.40506979523935e-09,4.39286858979163e-02,4.39286988110712e-02,4.39100278157163e-02,lamp_kernel
1.581507e+03,19401,7.39524255812676e-09,4.39286851986440e-02,4.39286980946620e-02,4.39100468209480e-02,lamp_kernel
1.583144e+03,19421,7.38545445411038e-09,4.39286845017120e-02,4.39286973806612e-02,4.39100657869509e-02,lamp_kernel
1.584780e+03,19441,7.37564488700404e-09,4.39286838071156e-02,4.39286966689587e-02,4.39100847138464e-02,lamp_kernel
1.586417e+03,19461,7.36582035978283e-09,4.39286831148414e-02,4.39286959595522e-02,4.39101036017545e-02,lamp_kernel
1.588054e+03,19481,7.35592029079451e-09,4.39286824248802e-02,4.39286952523270e-02,4.39101224507955e-02,lamp_kernel
1.589690e+03,19501,7.34588891813831e-09,4.39286817372193e-02,4.39286945471731e-02,4.39101412610884e-02,lamp_kernel
1.591327e+03,19521,7.33568813563719e-09,4.39286810518460e-02,4.39286938440114e-02,4.39101600327527e-02,lamp_kernel
1.592963e+03,19541,7.32539259267257e-09,4.39286803687566e-02,4.39286931429684e-02,4.39101787659062e-02,lamp_kernel
1.594600e+03,19561,7.31499199753874e-09,4.39286796879315e-02,4.39286924440065e-02,4.39101974606674e-02,lamp_kernel
1.596237e+03,19581,7.30452065394586e-09,4.39286790093681e-02,4.39286917471828e-02,4.39102161171537e-02,lamp_kernel
1.597873e+03,19601,7.29398750221835e-09,4.39286783330563e-02,4.39286910525031e-02,4.39102347354820e-02,lamp_kernel
1.599510e+03,19621,7.28341322431033e-09,4.39286776589795e-02,4.39286903599866e-02,4.39102533157688e-02,lamp_kernel
1.601147e+03,19641,7.27280666616051e-09,4.39286769871397e-02,4.39286896696508e-02,4.39102718581305e-02,lamp_kernel
1.602783e+03,19661,7.26228061887875e-09,4.39286763175207e-02,4.39286889816762e-02,4.39102903626822e-02,lamp_kernel
1.604420e+03,19681,7.25179464546298e-09,4.39286756501138e-02,4.39286882959835e-02,4.39103088295392e-02,lamp_kernel
1.606056e+03,19701,7.24133992369625e-09,4.39286749849131e-02,4.39286876125516e-02,4.39103272588164e-02,lamp_kernel
1.607693e+03,19721,7.23092958358696e-09,4.39286743219066e-02,4.39286869313913e-02,4.39103456506279e-02,lamp_kernel
1.609330e+03,19741,7.22055782009307e-09,4.39286736610831e-02,4.39286862524812e-02,4.39103640050876e-02,lamp_kernel
1.610966e+03,19761,7.21028631195509e-09,4.39286730024368e-02,4.39286855759233e-02,4.39103823223085e-02,lamp_kernel
1.612603e+03,19781,7.20003887835137e-09,4.39286723459547e-02,4.39286849015714e-02,4.39104006024037e-02,lamp_kernel
1.614240e+03,19801,7.18971470806857e-09,4.39286716916320e-02,4.39286842292451e-02,4.39104188454855e-02,lamp_kernel
1.615876e+03,19821,7.17934214540539e-09,4.39286710394501e-02,4.39286835589753e-02,4.39104370516660e-02,lamp_kernel
1.617513e+03,19841,7.16886408652707e-09,4.39286703894100e-02,4.39286828906633e-02,4.39104552210565e-02,lamp_kernel
1.619150e+03,19861,7.15821869174960e-09,4.39286697414884e-02,4.39286822241780e-02,4.39104733537681e-02,lamp_kernel
1.620786e+03,19881,7.14751956555912e-09,4.39286690956858e-02,4.39286815597179e-02,4.39104914499115e-02,lamp_kernel
1.622423e+03,19901,7.13680121620644e-09,4.39286684519863e-02,4.39286808973275e-02,4.39105095095969e-02,lamp_kernel
1.624060e+03,19921,7.12599200596224e-09,4.39286678103865e-02,4.39286802368784e-02,4.39105275329337e-02,lamp_kernel
1.625696e+03,19941,7.11511230752392e-09,4.39286671708729e-02,4.39286795783924e-02,4.39105455200317e-02,lamp_kernel
1.627333e+03,19961,7.10426786830902e-09,4.39286665334427e-02,4.39286789220514e-02,4.39105634709993e-02,lamp_kernel
1.628970e+03,19981,7.09341072344978e-09,4.39286658980814e-02,4.39286782677571e-02,4.39105813859451e-02,lamp_kernel
1.630606e+03,20001,7.08259210447836e-09,4.39286652647832e-02,4.39286776155931e-02,4.39105992649770e-02,lamp_kernel
1.632243e+03,20021,7.07181524014734e-09,4.39286646335422e-02,4.39286769655591e-02,4.39106171082025e-02,lamp_kernel
1.633880e+03,20041,7.06111334728400e-09,4.39286640043464e-02,4.39286763177011e-02,4.39106349157292e-02,lamp_kernel
1.635516e+03,20061,7.05051641281775e-09,4.39286633771897e-02,4.39286756720652e-02,4.39106526876633e-02,lamp_kernel
1.637153e+03,20081,7.04004888083507e-09,4.39286627520601e-02,4.39286750286821e-02,4.39106704241113e-02,lamp_kernel
1.638790e+03,20101,7.02961371153849e-09,4.39286621289493e-02,4.39286743873741e-02,4.39106881251792e-02,lamp_kernel
1.640426e+03,20121,7.01922381602700e-09,4.39286615078509e-02,4.39286737481575e-02,4.39107057909722e-02,lamp_kernel
1.642063e+03,20141,7.00888297373142e-09,4.39286608887560e-02,4.39286731110300e-02,4.39107234203484e-02,lamp_kernel
1.643700e+03,20161,6.99852439354032e-09,4.39286602716495e-02,4.39286724758600e-02,4.39107410138772e-02,lamp_kernel
1.645337e+03,20181,6.98815650746671e-09,4.39286596565312e-02,4.39286718426619e-02,4.39107585712439e-02,lamp_kernel
1.646973e+03,20201,6.97768975370407e-09,4.39286590433829e-02,4.39286712112614e-02,4.39107760930265e-02,lamp_kernel
1.648610e+03,20221,6.96719182735589e-09,4.39286584322060e-02,4.39286705817779e-02,4.39107935800677e-02,lamp_kernel
1.650247e+03,20241,6.95667267772815e-09,4.39286578229854e-02,4.39286699542137e-02,4.39108110321221e-02,lamp_kernel
1.651883e+03,20261,6.94603881918706e-09,4.39286572157147e-02,4.39286693283994e-02,4.39108284495027e-02,lamp_kernel
1.653520e+03,20281,6.93533693422857e-09,4.39286566103877e-02,4.39286687044102e-02,4.39108458324530e-02,lamp_kernel
1.655157e+03,20301,6.92471082624248e-09,4.39286560069945e-02,4.39286680824869e-02,4.39108631810749e-02,lamp_kernel
1.656793e+03,20321,6.91435590598288e-09,4.39286554055289e-02,4.39286674629641e-02,4.39108804954698e-02,lamp_kernel
1.658430e+03,20341,6.90401392216155e-09,4.39286548059821e-02,4.39286668453827e-02,4.39108977757386e-02,lamp_kernel
1.660067e+03,20361,6.89373270466820e-09,4.39286542083475e-02,4.39286662298194e-02,4.39109150219436e-02,lamp_kernel
1.661704e+03,20381,6.88355984355670e-09,4.39286536126115e-02,4.39286656163437e-02,4.39109322340466e-02,lamp_kernel
1.663340e+03,20401,6.87351008311224e-09,4.39286530187721e-02,4.39286650049793e-02,4.39109494123254e-02,lamp_kernel
1.664977e+03,20421,6.86352057897376e-09,4.39286524268224e-02,4.39286643956096e-02,4.39109665568791e-02,lamp_kernel
1.666614e+03,20441,6.85358250139768e-09,4.39286518367477e-02,4.39286637882046e-02,4.39109836678068e-02,lamp_kernel
1.668250e+03,20461,6.84367008343068e-09,4.39286512485430e-02,4.39286631827144e-02,4.39110007452070e-02,lamp_kernel
1.669887e+03,20481,6.83379761699820e-09,4.39286506621997e-02,4.39286625791553e-02,4.39110177891780e-02,lamp_kernel
1.671524e+03,20501,6.82406433921925e-09,4.39286500777087e-02,4.39286619776911e-02,4.39110347998175e-02,lamp_kernel
1.673161e+03,20521,6.81464706054797e-09,4.39286494950677e-02,4.39286613786280e-02,4.39110517772234e-02,lamp_kernel
1.674797e+03,20541,6.80527794546413e-09,4.39286489142634e-02,4.39286607814857e-02,4.39110687214921e-02,lamp_kernel
1.676434e+03,20561,6.79595967064359e-09,4.39286483352879e-02,4.39286601862607e-02,4.39110856327208e-02,lamp_kernel
1.678071e+03,20581,6.78673033746929e-09,4.39286477581372e-02,4.39286595930157e-02,4.39111025110056e-02,lamp_kernel
1.679708e+03,20601,6.77762073587616e-09,4.39286471827992e-02,4.39286590017920e-02,4.39111193564426e-02,lamp_kernel
1.681344e+03,20621,6.76852890409972e-09,4.39286466092714e-02,4.39286584124096e-02,4.39111361691274e-02,lamp_kernel
1.682981e+03,20641,6.75939719741846e-09,4.39286460375422e-02,4.39286578247563e-02,4.39111529491550e-02,lamp_kernel
1.684618e+03,20661,6.75019774371632e-09,4.39286454676069e-02,4.39286572387789e-02,4.39111696942614e-02,lamp_kernel
1.686255e+03,20681,6.74095962700231e-09,4.39286448994575e-02,4.39286566545197e-02,4.39111864062087e-02,lamp_kernel
1.687891e+03,20701,6.73168392658817e-09,4.39286443330862e-02,4.39286560719732e-02,4.39112030857921e-02,lamp_kernel
1.689528e+03,20721,6.72237001654801e-09,4.39286437684866e-02,4.39286554911318e-02,4.39112197331055e-02,lamp_kernel
1.691275e+03,20741,6.71293553253616e-09,4.39286432056494e-02,4.39286549118425e-02,4.39112363482418e-02,lamp_kernel
1.692911e+03,20761,6.70339524615661e-09,4.39286426445698e-02,4.39286543341263e-02,4.39112529312947e-02,lamp_kernel
1.694548e+03,20781,6.69380927284093e-09,4.39286420852424e-02,4.39286537580826e-02,4.39112694823565e-02,lamp_kernel
1.696185e+03,20801,6.68426119763815e-09,4.39286415276565e-02,4.39286531838466e-02,4.39112860015193e-02,lamp_kernel
1.697822e+03,20821,6.67487563736742e-09,4.39286409718068e-02,4.39286526116301e-02,4.39113024888754e-02,lamp_kernel
1.699458e+03,20841,6.66581194707658e-09,4.39286404176875e-02,4.39286520417052e-02,4.39113189445161e-02,lamp_kernel
1.701095e+03,20861,6.65705307768919e-09,4.39286398652888e-02,4.39286514740326e-02,4.39113353685329e-02,lamp_kernel
1.702732e+03,20881,6.64851287378323e-09,4.39286393146056e-02,4.39286509084568e-02,4.39113517610165e-02,lamp_kernel
1.704368e+03,20901,6.64016732780262e-09,4.39286387656312e-02,4.39286503449292e-02,4.39113681220576e-02,lamp_kernel
1.706005e+03,20921,6.63191975111540e-09,4.39286382183550e-02,4.39286497832706e-02,4.39113844517463e-02,lamp_kernel
1.707642e+03,20941,6.62379176206884e-09,4.39286376727747e-02,4.39286492235166e-02,4.39114007501725e-02,lamp_kernel
1.709279e+03,20961,6.61567865409232e-09,4.39286371288768e-02,4.39286486654708e-02,4.39114170174259e-02,lamp_kernel
1.710915e+03,20981,6.60745320316743e-09,4.39286365866580e-02,4.39286481089083e-02,4.39114332535954e-02,lamp_kernel
1.712552e+03,21001,6.59906226893917e-09,4.39286360461101e-02,4.39286475537280e-02,4.39114494587702e-02,lamp_kernel
1.714189e+03,21021,6.59058003290320e-09,4.39286355072286e-02,4.39286470000550e-02,4.39114656330385e-02,lamp_kernel
1.715826e+03,21041,6.58190392966770e-09,4.39286349700018e-02,4.39286464476985e-02,4.39114817764890e-02,lamp_kernel
1.717462e+03,21061,6.57303040660368e-09,4.39286344344298e-02,4.39286458966527e-02,4.39114978892088e-02,lamp_kernel
1.719099e+03,21081,6.56405124108796e-09,4.39286339005018e-02,4.39286453470666e-02,4.39115139712860e-02,lamp_kernel
1.720736e+03,21101,6.55515760617674e-09,4.39286333682153e-02,4.39286447992711e-02,4.39115300228077e-02,lamp_kernel
1.722373e+03,21121,6.54651929368121e-09,4.39286328375595e-02,4.39286442535516e-02,4.39115460438607e-02,lamp_kernel
1.724010e+03,21141,6.53822343047285e-09,4.39286323085331e-02,4.39286437100587e-02,4.39115620336789e-02,lamp_kernel
1.725647e+03,21161,6.53010105430962e-09,4.39286317811256e-02,4.39286431684872e-02,4.39115779923563e-02,lamp_kernel
1.727285e+03,21181,6.52218242883594e-09,4.39286312553364e-02,4.39286426288892e-02,4.39115939208261e-02,lamp_kernel
1.728925e+03,21201,6.51457573047994e-09,4.39286307311519e-02,4.39286420914400e-02,4.39116098191736e-02,lamp_kernel
1.730565e+03,21221,6.50727642438311e-09,4.39286302085706e-02,4.39286415561300e-02,4.39116256873567e-02,lamp_kernel
1.732204e+03,21241,6.50019572338847e-09,4.39286296875849e-02,4.39286410227968e-02,4.39116415254534e-02,lamp_kernel
1.733844e+03,21261,6.49330512316026e-09,4.39286291681879e-02,4.39286404913838e-02,4.39116573336842e-02,lamp_kernel
1.735484e+03,21281,6.48655578773806e-09,4.39286286503733e-02,4.39286399617995e-02,4.39116731121334e-02,lamp_kernel
1.737123e+03,21301,6.47989417906368e-09,4.39286281341299e-02,4.39286394339393e-02,4.39116888608848e-02,lamp_kernel
1.738762e+03,21321,6.47325849676981e-09,4.39286276194550e-02,4.39286389076930e-02,4.39117045800222e-02,lamp_kernel
1.740401e+03,21341,6.46656274942409e-09,4.39286271063438e-02,4.39286383829055e-02,4.39117202696290e-02,lamp_kernel
1.742041e+03,21361,6.45981085604199e-09,4.39286265947861e-02,4.39286378595737e-02,4.39117359297881e-02,lamp_kernel
1.743680e+03,21381,6.45292389459101e-09,4.39286260847771e-02,4.39286373375551e-02,4.39117515605823e-02,lamp_kernel
1.745319e+03,21401,6.44588200262470e-09,4.39286255763139e-02,4.39286368168120e-02,4.39117671620942e-02,lamp_kernel
1.746959e+03,21421,6.43868527598674e-09,4.39286250693879e-02,4.39286362973362e-02,4.39117827344057e-02,lamp_kernel
1.748598e+03,21441,6.43142505734336e-09,4.39286245639934e-02,4.39286357792811e-02,4.39117982775988e-02,lamp_kernel
1.750238e+03,21461,6.42408767792575e-09,4.39286240601262e-02,4.39286352626188e-02,4.39118137917549e-02,lamp_kernel
1.751878e+03,21481,6.41675726470682e-09,4.39286235577809e-02,4.39286347474905e-02,4.39118292769551e-02,lamp_kernel
1.753518e+03,21501,6.40945252899651e-09,4.39286230569470e-02,4.39286342339184e-02,4.39118447332805e-02,lamp_kernel
1.755157e+03,21521,6.40217921748404e-09,4.39286225576278e-02,4.39286337219159e-02,4.39118601608117e-02,lamp_kernel
1.756797e+03,21541,6.39497943881389e-09,4.39286220598125e-02,4.39286332115454e-02,4.39118755596289e-02,lamp_kernel
1.758436e+03,21561,6.38793386281075e-09,4.39286215634944e-02,4.39286327029411e-02,4.39118909298122e-02,lamp_kernel
1.760075e+03,21581,6.38104744796809e-09,4.39286210686730e-02,4.39286321961110e-02,4.39119062714413e-02,lamp_kernel
1.761715e+03,21601,6.37423785384958e-09,4.39286205753359e-02,4.39286316908991e-02,4.39119215845956e-02,lamp_kernel
1.763354e+03,21621,6.36749326914017e-09,4.39286200834764e-02,4.39286311872782e-02,4.39119368693543e-02,lamp_kernel
1.764993e+03,21641,6.36088045511426e-09,4.39286195930960e-02,4.39286306853662e-02,4.39119521257961e-02,lamp_kernel
1.766632e+03,21661,6.35430193242943e-09,4.39286191041835e-02,4.39286301849819e-02,4.39119673539998e-02,lamp_kernel
c_index=0.0,Sw=0.04392861910418347,Smin=0.04392861910418347,Smax=0.04392861910418347,Nw=66,pairs=190
