time(s),iter,infeas,ot_objective,primal,dual,solver
1.169690e-04,1,6.77718733932702e-01,1.51364495660278e-01,1.09867127802634e+00,0.00000000000000e+00,lamp_kernel
3.595590e-01,21,8.20617346543619e-02,1.38248616504180e-01,2.52953484347660e-01,3.21288502297790e-02,lamp_kernel
7.183714e-01,41,4.85769132516207e-02,1.29850675869915e-01,1.97750878543429e-01,3.61780498061311e-02,lamp_kernel
1.077589e+00,61,3.25383616504046e-02,1.20957293109529e-01,1.66439008657869e-01,3.74160988108770e-02,lamp_kernel
1.437316e+00,81,1.92659323906933e-02,1.09585883726656e-01,1.36515563413100e-01,3.92036889144376e-02,lamp_kernel
1.797239e+00,101,7.79084961338656e-03,9.68833479467142e-02,1.07773300237583e-01,4.17231404799607e-02,lamp_kernel
2.157379e+00,121,3.60527500404419e-03,8.57738660006414e-02,9.08132743755692e-02,4.44087686582896e-02,lamp_kernel
2.517809e+00,141,1.03424705566564e-03,7.77252004199480e-02,7.91708580378050e-02,4.67569491198860e-02,lamp_kernel
2.878316e+00,161,3.24816404253504e-04,7.23753833066700e-02,7.28294076199534e-02,4.86229812531668e-02,lamp_kernel
3.238893e+00,181,1.38863408595832e-04,6.88389849198941e-02,6.90330864581856e-02,5.00574221046834e-02,lamp_kernel
3.599483e+00,201,7.38408800854399e-05,6.64449706050112e-02,6.65481844650072e-02,5.11668556444052e-02,lamp_kernel
3.960045e+00,221,4.81084541474370e-05,6.47730769866990e-02,6.48403223830872e-02,5.20378103339117e-02,lamp_kernel
4.320712e+00,241,3.42912982059717e-05,6.35653385444018e-02,6.36132704927754e-02,5.27251941013136e-02,lamp_kernel
4.681449e+00,261,2.63027033048973e-05,6.26615403899515e-02,6.26983059801407e-02,5.32810323008133e-02,lamp_kernel
5.042224e+00,281,2.05409034208526e-05,6.19619971958350e-02,6.19907090141045e-02,5.37388310190297e-02,lamp_kernel
5.402977e+00,301,1.67288409257621e-05,6.14040543531710e-02,6.14274377180932e-02,5.41189537604557e-02,lamp_kernel
5.763728e+00,321,1.47523126785775e-05,6.09472548217697e-02,6.09678754201924e-02,5.44384800614501e-02,lamp_kernel
6.124475e+00,341,1.32314477778763e-05,6.05650394978917e-02,6.05835342503502e-02,5.47095931394163e-02,lamp_kernel
6.485209e+00,361,1.20874253869496e-05,6.02397381678343e-02,6.02566338200822e-02,5.49418611180418e-02,lamp_kernel
6.845936e+00,381,1.11147246803141e-05,5.99592006799894e-02,5.99747367033374e-02,5.51422285292279e-02,lamp_kernel
7.206692e+00,401,1.01681687875969e-05,5.97147383415018e-02,5.97289512808444e-02,5.53164157631076e-02,lamp_kernel
7.567399e+00,421,9.12744872886277e-06,5.94999778338800e-02,5.95127360677219e-02,5.54683605020485e-02,lamp_kernel
7.928098e+00,441,8.10139210515736e-06,5.93101032317850e-02,5.93214272564925e-02,5.56018702773991e-02,lamp_kernel
8.288800e+00,461,7.10373222252751e-06,5.91413492292534e-02,5.91512787374366e-02,5.57196169000657e-02,lamp_kernel
8.649520e+00,481,6.13487466082829e-06,5.89907017894247e-02,5.89992770406080e-02,5.58240796246482e-02,lamp_kernel
9.010240e+00,501,5.25974092223694e-06,5.88557095079230e-02,5.88630615080960e-02,5.59172546371952e-02,lamp_kernel
9.370950e+00,521,4.51520303090563e-06,5.87343440232451e-02,5.87406553176520e-02,5.60006282612456e-02,lamp_kernel
9.731667e+00,541,3.88651088023156e-06,5.86249036332627e-02,5.86303361496331e-02,5.60755786958452e-02,lamp_kernel
1.009240e+01,561,3.37292569211159e-06,5.85259489627432e-02,5.85306635961517e-02,5.61430516277747e-02,lamp_kernel
1.045311e+01,581,2.96196548195981e-06,5.84362525551187e-02,5.84403927534779e-02,5.62040731368539e-02,lamp_kernel
1.081378e+01,601,2.63318530144526e-06,5.83547591663937e-02,5.83584397999226e-02,5.62594462772586e-02,lamp_kernel
1.125064e+01,621,2.37062841788403e-06,5.82805566408132e-02,5.82838702756093e-02,5.63099495909897e-02,lamp_kernel
1.161140e+01,641,2.15919066365058e-06,5.82128524756800e-02,5.82158705654239e-02,5.63559223252490e-02,lamp_kernel
1.197213e+01,661,1.98492634583122e-06,5.81509551896645e-02,5.81537296949213e-02,5.63980111503052e-02,lamp_kernel
1.233283e+01,681,1.83839228042690e-06,5.80942591299987e-02,5.80968288117689e-02,5.64367746091750e-02,lamp_kernel
1.269353e+01,701,1.71391578710660e-06,5.80422319658111e-02,5.80446276558935e-02,5.64724927412862e-02,lamp_kernel
1.305425e+01,721,1.60587547374503e-06,5.79944046917702e-02,5.79966493644519e-02,5.65053907914297e-02,lamp_kernel
1.341498e+01,741,1.50939030192109e-06,5.79503628562804e-02,5.79524726631939e-02,5.65358434167452e-02,lamp_kernel
1.377568e+01,761,1.42204559204839e-06,5.79097392961043e-02,5.79117270136732e-02,5.65640922343729e-02,lamp_kernel
1.413638e+01,781,1.34292512112008e-06,5.78722081834924e-02,5.78740853074551e-02,5.65903703278015e-02,lamp_kernel
1.449705e+01,801,1.27002188131829e-06,5.78374796314423e-02,5.78392548521669e-02,5.66148353558800e-02,lamp_kernel
1.485773e+01,821,1.20307743389730e-06,5.78052952759680e-02,5.78069769225800e-02,5.66376680504007e-02,lamp_kernel
1.521841e+01,841,1.14104323623414e-06,5.77754244692995e-02,5.77770194052848e-02,5.66589460052217e-02,lamp_kernel
1.557908e+01,861,1.08292840491198e-06,5.77476608483158e-02,5.77491745521157e-02,5.66788599777641e-02,lamp_kernel
1.593976e+01,881,1.02884811107571e-06,5.77218195408389e-02,5.77232576518794e-02,5.66975557532220e-02,lamp_kernel
1.630046e+01,901,9.78471908286996e-07,5.76977346233012e-02,5.76991023191147e-02,5.67151127225992e-02,lamp_kernel
1.666113e+01,921,9.31095011922182e-07,5.76752569050844e-02,5.76765583780638e-02,5.67316247522481e-02,lamp_kernel
1.702183e+01,941,8.86809745815676e-07,5.76542520901591e-02,5.76554916617466e-02,5.67471306393293e-02,lamp_kernel
1.738255e+01,961,8.45203221509940e-07,5.76345990463626e-02,5.76357804608700e-02,5.67617111873868e-02,lamp_kernel
1.774325e+01,981,8.06402570748299e-07,5.76161883637586e-02,5.76173155432009e-02,5.67754815713654e-02,lamp_kernel
1.810399e+01,1001,7.70241286773482e-07,5.75989210966221e-02,5.75999977302733e-02,5.67885063652834e-02,lamp_kernel
1.846472e+01,1021,7.36221729049854e-07,5.75827075848139e-02,5.75837366663522e-02,5.68008272004029e-02,lamp_kernel
1.882545e+01,1041,7.04298014505282e-07,5.75674665003530e-02,5.75684509593218e-02,5.68125079543495e-02,lamp_kernel
1.918618e+01,1061,6.74446881484401e-07,5.75531239604745e-02,5.75540666939024e-02,5.68235580707908e-02,lamp_kernel
1.954693e+01,1081,6.46450894211445e-07,5.75396127314880e-02,5.75405163324745e-02,5.68340127602194e-02,lamp_kernel
1.990767e+01,1101,6.20398928419804e-07,5.75268715781258e-02,5.75277387639999e-02,5.68439662580641e-02,lamp_kernel
2.026838e+01,1121,5.96038900594946e-07,5.75148446306891e-02,5.75156777664205e-02,5.68534367514981e-02,lamp_kernel
2.062912e+01,1141,5.73001118896096e-07,5.75034808493428e-02,5.75042817831507e-02,5.68624512558739e-02,lamp_kernel
2.098987e+01,1161,5.51207184477685e-07,5.74927335626600e-02,5.74935040331785e-02,5.68710452024918e-02,lamp_kernel
2.135064e+01,1181,5.30529126084517e-07,5.74825600180086e-02,5.74833015849954e-02,5.68792667688168e-02,lamp_kernel
2.171139e+01,1201,5.10936549529366e-07,5.74729210171116e-02,5.74736351978395e-02,5.68871286198796e-02,lamp_kernel
2.207217e+01,1221,4.92274258557615e-07,5.74637805786878e-02,5.74644686734984e-02,5.68946378330644e-02,lamp_kernel
2.243294e+01,1241,4.74688433922393e-07,5.74551056224324e-02,5.74557691359970e-02,5.69018326141033e-02,lamp_kernel
2.279372e+01,1261,4.57964272446853e-07,5.74468657140588e-02,5.74475058507994e-02,5.69087357093419e-02,lamp_kernel
2.315449e+01,1281,4.42220631878146e-07,5.74390328152809e-02,5.74396509457573e-02,5.69153446822184e-02,lamp_kernel
2.351527e+01,1301,4.27381559102410e-07,5.74315810628659e-02,5.74321784514718e-02,5.69216612830743e-02,lamp_kernel
2.387610e+01,1321,4.13395650930889e-07,5.74244865837073e-02,5.74250644229853e-02,5.69277268328786e-02,lamp_kernel
2.423693e+01,1341,4.00293955694272e-07,5.74177273095247e-02,5.74182868354167e-02,5.69335549606556e-02,lamp_kernel
2.459779e+01,1361,3.87911826815081e-07,5.74112828213551e-02,5.74118250396621e-02,5.69391540181997e-02,lamp_kernel
2.495868e+01,1381,3.76123863067358e-07,5.74051342111942e-02,5.74056599524326e-02,5.69445371245146e-02,lamp_kernel
2.531956e+01,1401,3.65043539032775e-07,5.73992639455102e-02,5.73997741988101e-02,5.69497232707304e-02,lamp_kernel
2.568047e+01,1421,3.54579475963586e-07,5.73936557538180e-02,5.73941513805812e-02,5.69547258430598e-02,lamp_kernel
2.604140e+01,1441,3.44615509691686e-07,5.73882945232530e-02,5.73887762225086e-02,5.69595511027292e-02,lamp_kernel
2.640236e+01,1461,3.35138346140173e-07,5.73831661986153e-02,5.73836346508100e-02,5.69642123473175e-02,lamp_kernel
2.676339e+01,1481,3.26122813173137e-07,5.73782577005784e-02,5.73787135509737e-02,5.69687134358453e-02,lamp_kernel
2.712447e+01,1501,3.17585961776309e-07,5.73735568448076e-02,5.73740007624987e-02,5.69730627431725e-02,lamp_kernel
2.748553e+01,1521,3.09471261955483e-07,5.73690522688388e-02,5.73694848439038e-02,5.69772696545551e-02,lamp_kernel
2.784663e+01,1541,3.01695754763037e-07,5.73647333705165e-02,5.73651550770746e-02,5.69813400936128e-02,lamp_kernel
2.820774e+01,1561,2.94222337146696e-07,5.73605902459616e-02,5.73610015062699e-02,5.69852800377211e-02,lamp_kernel
2.856889e+01,1581,2.87049864078357e-07,5.73566136357833e-02,5.73570148704984e-02,5.69890979786635e-02,lamp_kernel
2.893008e+01,1601,2.80175510434248e-07,5.73527948777508e-02,5.73531865035802e-02,5.69928000521504e-02,lamp_kernel
2.929129e+01,1621,2.73572824752215e-07,5.73491258593598e-02,5.73495082560377e-02,5.69963898813250e-02,lamp_kernel
2.965254e+01,1641,2.67233008526537e-07,5.73455989777922e-02,5.73459725127541e-02,5.69998688001244e-02,lamp_kernel
3.001385e+01,1661,2.61126196062256e-07,5.73422071029793e-02,5.73425721019150e-02,5.70032419699318e-02,lamp_kernel
3.037516e+01,1681,2.55241073109152e-07,5.73389435414312e-02,5.73393003142155e-02,5.70065072490422e-02,lamp_kernel
3.073653e+01,1701,2.49584694580294e-07,5.73358020059166e-02,5.73361508722856e-02,5.70096765044924e-02,lamp_kernel
3.109789e+01,1721,2.44121713180996e-07,5.73327765864072e-02,5.73331178166891e-02,5.70127511734850e-02,lamp_kernel
3.145929e+01,1741,2.38880293832230e-07,5.73298617224807e-02,5.73301956263721e-02,5.70157224970914e-02,lamp_kernel
3.182074e+01,1761,2.33857294755338e-07,5.73270521799303e-02,5.73273790627363e-02,5.70186056596011e-02,lamp_kernel
3.218222e+01,1781,2.28973033004027e-07,5.73243430278449e-02,5.73246630834908e-02,5.70214080832572e-02,lamp_kernel
3.254373e+01,1801,2.24256402076550e-07,5.73217296174442e-02,5.73220430802423e-02,5.70241325572027e-02,lamp_kernel
3.290531e+01,1821,2.19696975543009e-07,5.73192075637352e-02,5.73195146534238e-02,5.70267825030619e-02,lamp_kernel
3.326693e+01,1841,2.15313294461873e-07,5.73167727274235e-02,5.73170736896575e-02,5.70293620846865e-02,lamp_kernel
3.362860e+01,1861,2.11063455311180e-07,5.73144211985260e-02,5.73147162203879e-02,5.70318703078244e-02,lamp_kernel
3.399030e+01,1881,2.06930728754933e-07,5.73121492818080e-02,5.73124385269963e-02,5.70343109135550e-02,lamp_kernel
3.435205e+01,1901,2.02905493727336e-07,5.73099534824989e-02,5.73102371012639e-02,5.70366888505488e-02,lamp_kernel
3.471385e+01,1921,1.98981960003853e-07,5.73078304934428e-02,5.73081086279415e-02,5.70390065951178e-02,lamp_kernel
3.507570e+01,1941,1.95173917985671e-07,5.73057771834587e-02,5.73060499951237e-02,5.70412657613126e-02,lamp_kernel
3.543762e+01,1961,1.91463019550765e-07,5.73037905860173e-02,5.73040582106348e-02,5.70434713618463e-02,lamp_kernel
3.579958e+01,1981,1.87860562701710e-07,5.73018678890497e-02,5.73021304781981e-02,5.70456239449706e-02,lamp_kernel
3.616161e+01,2001,1.84364318044044e-07,5.73000064255993e-02,5.73002641277406e-02,5.70477247982132e-02,lamp_kernel
3.652372e+01,2021,1.80977003681172e-07,5.72982036647965e-02,5.72984566321920e-02,5.70497764919380e-02,lamp_kernel
3.688583e+01,2041,1.77671306085689e-07,5.72964572036923e-02,5.72967055504251e-02,5.70517803157073e-02,lamp_kernel
3.724805e+01,2061,1.74463183549015e-07,5.72947647597272e-02,5.72950086221863e-02,5.70537363436822e-02,lamp_kernel
3.761032e+01,2081,1.71331073990947e-07,5.72931241634795e-02,5.72933636479150e-02,5.70556464664648e-02,lamp_kernel
3.797263e+01,2101,1.68269260841843e-07,5.72915333520747e-02,5.72917685567460e-02,5.70575108022920e-02,lamp_kernel
3.833501e+01,2121,1.65307171916831e-07,5.72899903630885e-02,5.72902214273889e-02,5.70593289393875e-02,lamp_kernel
3.869745e+01,2141,1.62428491697329e-07,5.72884933286778e-02,5.72887203691950e-02,5.70611067435350e-02,lamp_kernel
3.905993e+01,2161,1.59603692694002e-07,5.72870404702270e-02,5.72872635622753e-02,5.70628464087584e-02,lamp_kernel
3.942246e+01,2181,1.56874898632019e-07,5.72856300933807e-02,5.72858493711549e-02,5.70645477686230e-02,lamp_kernel
3.978505e+01,2201,1.54250255729635e-07,5.72842605832636e-02,5.72844761923446e-02,5.70662126037808e-02,lamp_kernel
4.014769e+01,2221,1.51707248536201e-07,5.72829304001041e-02,5.72831424546015e-02,5.70678423034889e-02,lamp_kernel
4.051040e+01,2241,1.49261103255805e-07,5.72816380751607e-02,5.72818467104668e-02,5.70694387092473e-02,lamp_kernel
4.087315e+01,2261,1.46933239949497e-07,5.72803822068087e-02,5.72805875882564e-02,5.70710012741891e-02,lamp_kernel
4.123598e+01,2281,1.44698235029849e-07,5.72791614569337e-02,5.72793637143196e-02,5.70725312156014e-02,lamp_kernel
4.159884e+01,2301,1.42541797987262e-07,5.72779745475780e-02,5.72781737907231e-02,5.70740291742451e-02,lamp_kernel
4.196178e+01,2321,1.40455272962211e-07,5.72768202577134e-02,5.72770165843398e-02,5.70754935011467e-02,lamp_kernel
4.232483e+01,2341,1.38433946228845e-07,5.72756974202563e-02,5.72758909214975e-02,5.70769269244299e-02,lamp_kernel
4.268787e+01,2361,1.36462503758559e-07,5.72746049192877e-02,5.72747956648712e-02,5.70783313011804e-02,lamp_kernel
4.305096e+01,2381,1.34540725620273e-07,5.72735416873799e-02,5.72737297467259e-02,5.70797072938597e-02,lamp_kernel
4.341408e+01,2401,1.32686022324172e-07,5.72725067031158e-02,5.72726921699807e-02,5.70810568268372e-02,lamp_kernel
4.377727e+01,2421,1.30907733144575e-07,5.72714989887670e-02,5.72716819699615e-02,5.70823808821291e-02,lamp_kernel
4.414049e+01,2441,1.29167365388979e-07,5.72705176080764e-02,5.72706981566065e-02,5.70836803160102e-02,lamp_kernel
4.450380e+01,2461,1.27448921923753e-07,5.72695616641776e-02,5.72697398106890e-02,5.70849559690721e-02,lamp_kernel
4.486715e+01,2481,1.25762317226761e-07,5.72686302976569e-02,5.72688060866533e-02,5.70862084628025e-02,lamp_kernel
4.523057e+01,2501,1.24096388169612e-07,5.72677226846972e-02,5.72678961450788e-02,5.70874376051090e-02,lamp_kernel
4.559404e+01,2521,1.22461166702865e-07,5.72668380353328e-02,5.72670092100222e-02,5.70886427054874e-02,lamp_kernel
4.595760e+01,2541,1.20874866976480e-07,5.72659755918199e-02,5.72661445491994e-02,5.70898247371197e-02,lamp_kernel
4.677094e+01,2561,1.19346773235977e-07,5.72651346270790e-02,5.72653014485081e-02,5.70909856465456e-02,lamp_kernel
4.713472e+01,2581,1.17848323932232e-07,5.72643144432256e-02,5.72644791701410e-02,5.70921252410788e-02,lamp_kernel
4.749844e+01,2601,1.16366836265121e-07,5.72635143701939e-02,5.72636770263044e-02,5.70932444472340e-02,lamp_kernel
4.786224e+01,2621,1.14911224297954e-07,5.72627337644249e-02,5.72628943858991e-02,5.70943438391570e-02,lamp_kernel
4.822608e+01,2641,1.13484439785991e-07,5.72619720076237e-02,5.72621306347564e-02,5.70954240782410e-02,lamp_kernel
4.858997e+01,2661,1.12080611143617e-07,5.72612285055952e-02,5.72613851704737e-02,5.70964855697998e-02,lamp_kernel
4.895393e+01,2681,1.10689873065779e-07,5.72605026871331e-02,5.72606574080553e-02,5.70975254323768e-02,lamp_kernel
4.931795e+01,2701,1.09314224211629e-07,5.72597940029677e-02,5.72599468010251e-02,5.70985466201404e-02,lamp_kernel
4.968202e+01,2721,1.07965632830317e-07,5.72591019247727e-02,5.72592528377859e-02,5.70995509483875e-02,lamp_kernel
5.004619e+01,2741,1.06651184307707e-07,5.72584259442246e-02,5.72585750199180e-02,5.71005384249123e-02,lamp_kernel
5.041043e+01,2761,1.05362959741563e-07,5.72577655721078e-02,5.72579128471370e-02,5.71015096507619e-02,lamp_kernel
5.077471e+01,2781,1.04097169757095e-07,5.72571203374648e-02,5.72572658431886e-02,5.71024653464679e-02,lamp_kernel
5.113906e+01,2801,1.02854035614680e-07,5.72564897867972e-02,5.72566335548837e-02,5.71034054837016e-02,lamp_kernel
5.150348e+01,2821,1.01631317779895e-07,5.72558734832983e-02,5.72560155422850e-02,5.71043303158922e-02,lamp_kernel
5.186791e+01,2841,1.00433789662177e-07,5.72552710061294e-02,5.72554113912263e-02,5.71052398855017e-02,lamp_kernel
5.223238e+01,2861,9.92526938936434e-08,5.72546819497332e-02,5.72548206839092e-02,5.71061352482690e-02,lamp_kernel
5.259690e+01,2881,9.80829664380825e-08,5.72541059231783e-02,5.72542430223239e-02,5.71070168383291e-02,lamp_kernel
5.296148e+01,2901,9.69309398471277e-08,5.72535425495371e-02,5.72536780383943e-02,5.71078848141936e-02,lamp_kernel
5.332617e+01,2921,9.57963985890885e-08,5.72529914652946e-02,5.72531253683042e-02,5.71087394621607e-02,lamp_kernel
5.369091e+01,2941,9.46713213723393e-08,5.72524523197863e-02,5.72525846501770e-02,5.71095805978662e-02,lamp_kernel
5.405570e+01,2961,9.35633263618146e-08,5.72519247746622e-02,5.72520555563113e-02,5.71104080916157e-02,lamp_kernel
5.442056e+01,2981,9.24788533320624e-08,5.72514085033767e-02,5.72515377691630e-02,5.71112231520414e-02,lamp_kernel
5.478548e+01,3001,9.14158421398882e-08,5.72509031907052e-02,5.72510309706277e-02,5.71120262128512e-02,lamp_kernel
5.515047e+01,3021,9.03725504852942e-08,5.72504085322782e-02,5.72505348539006e-02,5.71128175320958e-02,lamp_kernel
5.551548e+01,3041,8.93496646746419e-08,5.72499242341425e-02,5.72500491259879e-02,5.71135970502135e-02,lamp_kernel
5.588060e+01,3061,8.83528665460336e-08,5.72494500123395e-02,5.72495735108729e-02,5.71143647790306e-02,lamp_kernel
5.624576e+01,3081,8.73780943466622e-08,5.72489855925061e-02,5.72491077285152e-02,5.71151214912907e-02,lamp_kernel
5.661097e+01,3101,8.64223030525836e-08,5.72485307094901e-02,5.72486515095060e-02,5.71158669460634e-02,lamp_kernel
5.697625e+01,3121,8.54764914229919e-08,5.72480851069875e-02,5.72482045849597e-02,5.71166011508956e-02,lamp_kernel
5.734159e+01,3141,8.45466314752152e-08,5.72476485371918e-02,5.72477667154174e-02,5.71173240955686e-02,lamp_kernel
5.770699e+01,3161,8.36359335550343e-08,5.72472207604614e-02,5.72473376657248e-02,5.71180350867369e-02,lamp_kernel
5.807244e+01,3181,8.27428007912665e-08,5.72468015450039e-02,5.72469172018574e-02,5.71187352631117e-02,lamp_kernel
5.843794e+01,3201,8.18678355921782e-08,5.72463906665693e-02,5.72465051004075e-02,5.71194257722186e-02,lamp_kernel
5.880348e+01,3221,8.10087693238339e-08,5.72459879081631e-02,5.72461011412091e-02,5.71201059081598e-02,lamp_kernel
5.916909e+01,3241,8.01703624447866e-08,5.72455930597648e-02,5.72457051208962e-02,5.71207764782811e-02,lamp_kernel
5.953474e+01,3261,7.93451412444352e-08,5.72452059180669e-02,5.72453168257144e-02,5.71214380622418e-02,lamp_kernel
5.990044e+01,3281,7.85287890145375e-08,5.72448262862174e-02,5.72449360527780e-02,5.71220908258420e-02,lamp_kernel
6.026623e+01,3301,7.77285233580110e-08,5.72444539735791e-02,5.72445626215383e-02,5.71227347936421e-02,lamp_kernel
6.063209e+01,3321,7.69388291198749e-08,5.72440887954950e-02,5.72441963396294e-02,5.71233702500124e-02,lamp_kernel
6.099801e+01,3341,7.61588266543928e-08,5.72437305730680e-02,5.72438370269247e-02,5.71239972452304e-02,lamp_kernel
6.136402e+01,3361,7.53929799373184e-08,5.72433791329474e-02,5.72434845163132e-02,5.71246160304559e-02,lamp_kernel
6.173007e+01,3381,7.46427353913064e-08,5.72430343071247e-02,5.72431386418080e-02,5.71252266757571e-02,lamp_kernel
6.209616e+01,3401,7.39071137604291e-08,5.72426959327356e-02,5.72427992391762e-02,5.71258293667702e-02,lamp_kernel
6.246229e+01,3421,7.31850085546085e-08,5.72423638518765e-02,5.72424661489675e-02,5.71264242697347e-02,lamp_kernel
6.282853e+01,3441,7.24725680337817e-08,5.72420379114233e-02,5.72421392126738e-02,5.71270111687864e-02,lamp_kernel
6.319484e+01,3461,7.17695655212059e-08,5.72417179628573e-02,5.72418182814596e-02,5.71275896700289e-02,lamp_kernel
6.356122e+01,3481,7.10807601276809e-08,5.72414038621042e-02,5.72415032179030e-02,5.71281609429319e-02,lamp_kernel
6.392761e+01,3501,7.04054413690712e-08,5.72410954693734e-02,5.72411938812201e-02,5.71287251203155e-02,lamp_kernel
6.429404e+01,3521,6.97385366687122e-08,5.72407926490059e-02,5.72408901286615e-02,5.71292823061272e-02,lamp_kernel
6.466058e+01,3541,6.90801574980234e-08,5.72404952693295e-02,5.72405918287109e-02,5.71298323985715e-02,lamp_kernel
6.502716e+01,3561,6.84388500201157e-08,5.72402032025186e-02,5.72402988654884e-02,5.71303757778381e-02,lamp_kernel
6.539379e+01,3581,6.78042696878563e-08,5.72399163244596e-02,5.72400111004209e-02,5.71309123164128e-02,lamp_kernel
6.576051e+01,3601,6.71758499897749e-08,5.72396345146240e-02,5.72397284121881e-02,5.71314421737772e-02,lamp_kernel
6.612726e+01,3621,6.65548587209619e-08,5.72393576559446e-02,5.72394506854949e-02,5.71319654128702e-02,lamp_kernel
6.649407e+01,3641,6.59441289390134e-08,5.72390856346923e-02,5.72391778105722e-02,5.71324815188408e-02,lamp_kernel
6.686093e+01,3661,6.53461583390055e-08,5.72388183403688e-02,5.72389096804128e-02,5.71329912120759e-02,lamp_kernel
6.722796e+01,3681,6.47587283476694e-08,5.72385556655922e-02,5.72386461845340e-02,5.71334942911881e-02,lamp_kernel
6.759496e+01,3701,6.41804621749260e-08,5.72382975059948e-02,5.72383872166433e-02,5.71339913573920e-02,lamp_kernel
6.796196e+01,3721,6.36070810510395e-08,5.72380437601198e-02,5.72381326693033e-02,5.71344826269936e-02,lamp_kernel
6.832903e+01,3741,6.30402230487604e-08,5.72377943293246e-02,5.72378824461611e-02,5.71349682215582e-02,lamp_kernel
6.869612e+01,3761,6.24778253447820e-08,5.72375491176881e-02,5.72376364484121e-02,5.71354482415433e-02,lamp_kernel
6.906328e+01,3781,6.19201047966433e-08,5.72373080319214e-02,5.72373945830706e-02,5.71359227812928e-02,lamp_kernel
6.943046e+01,3801,6.13734947191039e-08,5.72370709812811e-02,5.72371567683855e-02,5.71363918236135e-02,lamp_kernel
6.979769e+01,3821,6.08370568447978e-08,5.72368378774835e-02,5.72369229147618e-02,5.71368554987494e-02,lamp_kernel
7.016503e+01,3841,6.03159097682374e-08,5.72366086346277e-02,5.72366929434531e-02,5.71373139670722e-02,lamp_kernel
7.053239e+01,3861,5.98021289511828e-08,5.72363831691188e-02,5.72364667597878e-02,5.71377673148079e-02,lamp_kernel
7.089982e+01,3881,5.92985330719632e-08,5.72361613995935e-02,5.72362442863425e-02,5.71382155352238e-02,lamp_kernel
7.126729e+01,3901,5.88006064868913e-08,5.72359432468485e-02,5.72360254376019e-02,5.71386585568603e-02,lamp_kernel
7.163481e+01,3921,5.83054172008355e-08,5.72357286337687e-02,5.72358101323527e-02,5.71390967134940e-02,lamp_kernel
7.200238e+01,3941,5.78128637316425e-08,5.72355174852676e-02,5.72355982953665e-02,5.71395300839415e-02,lamp_kernel
7.236999e+01,3961,5.73270552525203e-08,5.72353097282199e-02,5.72353898592618e-02,5.71399586767784e-02,lamp_kernel
7.273768e+01,3981,5.68570603329013e-08,5.72351052914009e-02,5.72351847654897e-02,5.71403823629146e-02,lamp_kernel
7.310539e+01,4001,5.63962424874984e-08,5.72349041054251e-02,5.72349829353885e-02,5.71408006989144e-02,lamp_kernel
7.347321e+01,4021,5.59401608803384e-08,5.72347061026931e-02,5.72347842951513e-02,5.71412142143915e-02,lamp_kernel
7.384109e+01,4041,5.54889773170980e-08,5.72345112173363e-02,5.72345887791358e-02,5.71416228999551e-02,lamp_kernel
7.420898e+01,4061,5.50400632418145e-08,5.72343193851606e-02,5.72343963194736e-02,5.71420269367775e-02,lamp_kernel
7.457689e+01,4081,5.45938617118156e-08,5.72341305435979e-02,5.72342068542160e-02,5.71424267211703e-02,lamp_kernel
7.494484e+01,4101,5.41517843173714e-08,5.72339446316571e-02,5.72340203243450e-02,5.71428223258023e-02,lamp_kernel
7.531284e+01,4121,5.37199424456141e-08,5.72337615898754e-02,5.72338366789401e-02,5.71432134289981e-02,lamp_kernel
7.568091e+01,4141,5.32934657311085e-08,5.72335813602745e-02,5.72336558532153e-02,5.71436003834709e-02,lamp_kernel
7.604902e+01,4161,5.28712840771325e-08,5.72334038863140e-02,5.72334777891345e-02,5.71439831727044e-02,lamp_kernel
7.641714e+01,4181,5.24540554321840e-08,5.72332291128485e-02,5.72333024324721e-02,5.71443620400777e-02,lamp_kernel
7.678529e+01,4201,5.20399230646014e-08,5.72330569860899e-02,5.72331297268444e-02,5.71447369771917e-02,lamp_kernel
7.715350e+01,4221,5.16280029222865e-08,5.72328874535630e-02,5.72329596185407e-02,5.71451080391178e-02,lamp_kernel
7.752175e+01,4241,5.12199503987636e-08,5.72327204640709e-02,5.72327920586779e-02,5.71454749774790e-02,lamp_kernel
7.789001e+01,4261,5.08165048673532e-08,5.72325559676576e-02,5.72326269983335e-02,5.71458377257572e-02,lamp_kernel
7.825831e+01,4281,5.04227006003525e-08,5.72323939155673e-02,5.72324643957885e-02,5.71461968676345e-02,lamp_kernel
7.862671e+01,4301,5.00339200754327e-08,5.72322342602140e-02,5.72323041970026e-02,5.71465523199672e-02,lamp_kernel
7.899515e+01,4321,4.96482873362382e-08,5.72320769551514e-02,5.72321463529074e-02,5.71469041511975e-02,lamp_kernel
7.936359e+01,4341,4.92652461573444e-08,5.72319219550323e-02,5.72319908173781e-02,5.71472524721128e-02,lamp_kernel
7.973207e+01,4361,4.88872446132813e-08,5.72317692155809e-02,5.72318375495608e-02,5.71475972292314e-02,lamp_kernel
8.010059e+01,4381,4.85141221000372e-08,5.72316186935676e-02,5.72316865060016e-02,5.71479383317288e-02,lamp_kernel
8.046919e+01,4401,4.81505167469400e-08,5.72314703467718e-02,5.72315376509628e-02,5.71482758996708e-02,lamp_kernel
8.083782e+01,4421,4.77972789751650e-08,5.72313241339575e-02,5.72313909443971e-02,5.71486100676384e-02,lamp_kernel
8.120651e+01,4441,4.74477085181513e-08,5.72311800148453e-02,5.72312463366597e-02,5.71489410251049e-02,lamp_kernel
8.157522e+01,4461,4.70998256331539e-08,5.72310379500873e-02,5.72311037856354e-02,5.71492688338395e-02,lamp_kernel
8.194401e+01,4481,4.67538211091378e-08,5.72308979012403e-02,5.72309632531476e-02,5.71495935382846e-02,lamp_kernel
8.231282e+01,4501,4.64115562708855e-08,5.72307598307400e-02,5.72308247042337e-02,5.71499150921290e-02,lamp_kernel
8.268165e+01,4521,4.60756845177067e-08,5.72306237018793e-02,5.72306881058956e-02,5.71502335538431e-02,lamp_kernel
8.305056e+01,4541,4.57462422073954e-08,5.72304894787834e-02,5.72305534223094e-02,5.71505489088122e-02,lamp_kernel
8.341947e+01,4561,4.54202127121469e-08,5.72303571263866e-02,5.72304206141927e-02,5.71508613329618e-02,lamp_kernel
8.378841e+01,4581,4.50966681956525e-08,5.72302266104156e-02,5.72302896459752e-02,5.71511708676263e-02,lamp_kernel
8.415740e+01,4601,4.47749278840980e-08,5.72300978973603e-02,5.72301604831953e-02,5.71514775524451e-02,lamp_kernel
8.452645e+01,4621,4.44545607393931e-08,5.72299709544595e-02,5.72300330924893e-02,5.71517812375257e-02,lamp_kernel
8.489549e+01,4641,4.41363270271483e-08,5.72298457496812e-02,5.72299074428879e-02,5.71520820487210e-02,lamp_kernel
8.526460e+01,4661,4.38220370210294e-08,5.72297222517008e-02,5.72297835055969e-02,5.71523800632461e-02,lamp_kernel
8.563382e+01,4681,4.35091331679981e-08,5.72296004298812e-02,5.72296612464042e-02,5.71526753149883e-02,lamp_kernel
8.600302e+01,4701,4.32010948168218e-08,5.72294802542590e-02,5.72295406402098e-02,5.71529679068586e-02,lamp_kernel
8.637223e+01,4721,4.28955527105475e-08,5.72293616955272e-02,5.72294216543950e-02,5.71532578043256e-02,lamp_kernel
8.674151e+01,4741,4.25923073642842e-08,5.72292447250127e-02,5.72293042600080e-02,5.71535451155577e-02,lamp_kernel
8.711083e+01,4761,4.22904794091030e-08,5.72291293146669e-02,5.72291884277708e-02,5.71538298747683e-02,lamp_kernel
8.748018e+01,4781,4.19903162825331e-08,5.72290154370435e-02,5.72290741305832e-02,5.71541120814260e-02,lamp_kernel
8.784955e+01,4801,4.16907027142970e-08,5.72289030652889e-02,5.72289613400325e-02,5.71543916950720e-02,lamp_kernel
8.821893e+01,4821,4.13928300767078e-08,5.72287921731238e-02,5.72288500315047e-02,5.71546687526144e-02,lamp_kernel
8.858837e+01,4841,4.10967113737048e-08,5.72286827348290e-02,5.72287401792990e-02,5.71549433858050e-02,lamp_kernel
8.895783e+01,4861,4.08026228362683e-08,5.72285747252328e-02,5.72286317586294e-02,5.71552156188228e-02,lamp_kernel
8.932732e+01,4881,4.05157158563705e-08,5.72284681196952e-02,5.72285247520568e-02,5.71554854175413e-02,lamp_kernel
8.969688e+01,4901,4.02317631880211e-08,5.72283628940974e-02,5.72284191295535e-02,5.71557528931934e-02,lamp_kernel
9.006647e+01,4921,3.99497152751943e-08,5.72282590248265e-02,5.72283148660396e-02,5.71560180775126e-02,lamp_kernel
9.043607e+01,4941,3.96689813239059e-08,5.72281564887653e-02,5.72282119375720e-02,5.71562809837607e-02,lamp_kernel
9.080573e+01,4961,3.93925414775793e-08,5.72280552632777e-02,5.72281103256802e-02,5.71565414872429e-02,lamp_kernel
9.117537e+01,4981,3.91200449180220e-08,5.72279553261986e-02,5.72280100077088e-02,5.71567995950550e-02,lamp_kernel
9.154508e+01,5001,3.88503773706428e-08,5.72278566558229e-02,5.72279109603952e-02,5.71570553369410e-02,lamp_kernel
9.191481e+01,5021,3.85817406341789e-08,5.72277592308924e-02,5.72278131599676e-02,5.71573088393235e-02,lamp_kernel
9.228457e+01,5041,3.83141338282226e-08,5.72276630305872e-02,5.72277165856050e-02,5.71575602088845e-02,lamp_kernel
9.265435e+01,5061,3.80514452523199e-08,5.72275680345133e-02,5.72276212223483e-02,5.71578094693572e-02,lamp_kernel
9.302417e+01,5081,3.77941239924931e-08,5.72274742226948e-02,5.72275270508493e-02,5.71580564799745e-02,lamp_kernel
9.339402e+01,5101,3.75413868732124e-08,5.72273815755603e-02,5.72274340504421e-02,5.71583014101815e-02,lamp_kernel
9.376388e+01,5121,3.72912850905873e-08,5.72272900739378e-02,5.72273421992304e-02,5.71585441828032e-02,lamp_kernel
9.413378e+01,5141,3.70439916521510e-08,5.72271996990431e-02,5.72272514786720e-02,5.71587848460382e-02,lamp_kernel
9.450373e+01,5161,3.67989337942904e-08,5.72271104324679e-02,5.72271618695580e-02,5.71590235450991e-02,lamp_kernel
9.487372e+01,5181,3.65556369931418e-08,5.72270222561757e-02,5.72270733531886e-02,5.71592602759101e-02,lamp_kernel
9.524375e+01,5201,3.63151291998647e-08,5.72269351524916e-02,5.72269859133256e-02,5.71594950836699e-02,lamp_kernel
9.561383e+01,5221,3.60781401588217e-08,5.72268491040909e-02,5.72268995336647e-02,5.71597280041172e-02,lamp_kernel
9.598391e+01,5241,3.58444928493447e-08,5.72267640939959e-02,5.72268141969804e-02,5.71599590597485e-02,lamp_kernel
9.635402e+01,5261,3.56157951472199e-08,5.72266801055630e-02,5.72267298888767e-02,5.71601882727051e-02,lamp_kernel
9.672415e+01,5281,3.53907592442269e-08,5.72265971224801e-02,5.72266465912414e-02,5.71604156647791e-02,lamp_kernel
9.709435e+01,5301,3.51683184354932e-08,5.72265151287553e-02,5.72265642865916e-02,5.71606411189955e-02,lamp_kernel
9.746454e+01,5321,3.49481045817169e-08,5.72264341087081e-02,5.72264829587322e-02,5.71608645098540e-02,lamp_kernel
9.783473e+01,5341,3.47296654831801e-08,5.72263540469675e-02,5.72264025916602e-02,5.71610861501022e-02,lamp_kernel
9.820494e+01,5361,3.45131766402457e-08,5.72262749284620e-02,5.72263231705493e-02,5.71613060600983e-02,lamp_kernel
9.857521e+01,5381,3.42980869570059e-08,5.72261967384100e-02,5.72262446798476e-02,5.71615242598864e-02,lamp_kernel
9.894550e+01,5401,3.40844067892256e-08,5.72261194623181e-02,5.72261671050762e-02,5.71617407692027e-02,lamp_kernel
9.931584e+01,5421,3.38718550259282e-08,5.72260430859719e-02,5.72260904316278e-02,5.71619555142716e-02,lamp_kernel
9.968622e+01,5441,3.36613349541747e-08,5.72259675954332e-02,5.72260146468269e-02,5.71621685663251e-02,lamp_kernel
1.000567e+02,5461,3.34520414678563e-08,5.72258929770270e-02,5.72259397358728e-02,5.71623799869240e-02,lamp_kernel
1.004270e+02,5481,3.32450284000731e-08,5.72258192173417e-02,5.72258656868272e-02,5.71625897946124e-02,lamp_kernel
1.007974e+02,5501,3.30393033145328e-08,5.72257463032184e-02,5.72257924851440e-02,5.71627980076550e-02,lamp_kernel
1.011678e+02,5521,3.28349695910258e-08,5.72256742217518e-02,5.72257201180623e-02,5.71630046440425e-02,lamp_kernel
1.015383e+02,5541,3.26327864512467e-08,5.72256029602760e-02,5.72256485739773e-02,5.71632095939048e-02,lamp_kernel
1.019087e+02,5561,3.24331374787120e-08,5.72255325063668e-02,5.72255778410013e-02,5.71634129454592e-02,lamp_kernel
1.022792e+02,5581,3.22376821264431e-08,5.72254628478352e-02,5.72255079092646e-02,5.71636146737146e-02,lamp_kernel
1.026498e+02,5601,3.20456841304283e-08,5.72253939727156e-02,5.72254387657726e-02,5.71638147972659e-02,lamp_kernel
1.030203e+02,5621,3.18552735067718e-08,5.72253258692679e-02,5.72253703961714e-02,5.71640134335223e-02,lamp_kernel
1.033909e+02,5641,3.16680086489495e-08,5.72252585259708e-02,5.72253027911178e-02,5.71642105988952e-02,lamp_kernel
1.037615e+02,5661,3.14842142531563e-08,5.72251919315138e-02,5.72252359397553e-02,5.71644063095560e-02,lamp_kernel
1.041321e+02,5681,3.13029889409048e-08,5.72251260748003e-02,5.72251698297273e-02,5.71646005814406e-02,lamp_kernel
1.045520e+02,5701,3.11246898624076e-08,5.72250609449321e-02,5.72251044506349e-02,5.71647934302533e-02,lamp_kernel
1.049227e+02,5721,3.09480910604974e-08,5.72249965312155e-02,5.72250397900707e-02,5.71649848714717e-02,lamp_kernel
1.052934e+02,5741,3.07732785472703e-08,5.72249328231478e-02,5.72249758376522e-02,5.71651749203498e-02,lamp_kernel
1.056640e+02,5761,3.06001202875232e-08,5.72248698104222e-02,5.72249125828882e-02,5.71653635919230e-02,lamp_kernel
1.060347e+02,5781,3.04291576003829e-08,5.72248074829157e-02,5.72248500164122e-02,5.71655509010115e-02,lamp_kernel
1.064054e+02,5801,3.02598152620621e-08,5.72247458306909e-02,5.72247881274828e-02,5.71657368622241e-02,lamp_kernel
1.067762e+02,5821,3.00926388036260e-08,5.72246848439864e-02,5.72247269071011e-02,5.71659214536693e-02,lamp_kernel
1.071470e+02,5841,2.99274348416301e-08,5.72246245132190e-02,5.72246663454136e-02,5.71661046608265e-02,lamp_kernel
1.075178e+02,5861,2.97633736785974e-08,5.72245648289763e-02,5.72246064318483e-02,5.71662865635269e-02,lamp_kernel
1.078886e+02,5881,2.96008398853362e-08,5.72245057820144e-02,5.72245471576987e-02,5.71664671755702e-02,lamp_kernel
1.082594e+02,5901,2.94400934164819e-08,5.72244473632545e-02,5.72244885142495e-02,5.71666465105622e-02,lamp_kernel
1.086303e+02,5921,2.92807182642135e-08,5.72243895637768e-02,5.72244304919991e-02,5.71668245402218e-02,lamp_kernel
1.090011e+02,5941,2.91216237290908e-08,5.72243323748197e-02,5.72243730806616e-02,5.71670012760664e-02,lamp_kernel
1.093720e+02,5961,2.89644741857221e-08,5.72242757877776e-02,5.72243162739579e-02,5.71671767031108e-02,lamp_kernel
1.097429e+02,5981,2.88093628182263e-08,5.72242197941943e-02,5.72242600635619e-02,5.71673508418338e-02,lamp_kernel
1.101138e+02,6001,2.86551644910568e-08,5.72241643857636e-02,5.72242044395946e-02,5.71675237719107e-02,lamp_kernel
1.104848e+02,6021,2.85021914488258e-08,5.72241095543233e-02,5.72241493943306e-02,5.71676955058120e-02,lamp_kernel
1.108557e+02,6041,2.83499442951617e-08,5.72240552918524e-02,5.72240949190505e-02,5.71678660558381e-02,lamp_kernel
1.112267e+02,6061,2.81979826978571e-08,5.72240015904700e-02,5.72240410052580e-02,5.71680353575693e-02,lamp_kernel
1.115978e+02,6081,2.80473821514700e-08,5.72239484424306e-02,5.72239876467111e-02,5.71682034715526e-02,lamp_kernel
1.119688e+02,6101,2.78987191290821e-08,5.72238958401261e-02,5.72239348366072e-02,5.71683704267029e-02,lamp_kernel
1.123398e+02,6121,2.77509102584785e-08,5.72238437760729e-02,5.72238825659487e-02,5.71685362274311e-02,lamp_kernel
1.127109e+02,6141,2.76049474757673e-08,5.72237922429210e-02,5.72238308287718e-02,5.71687009047327e-02,lamp_kernel
1.130820e+02,6161,2.74623640622868e-08,5.72237412334405e-02,5.72237796199901e-02,5.71688644699268e-02,lamp_kernel
1.134531e+02,6181,2.73220047846205e-08,5.72236907405309e-02,5.72237289308880e-02,5.71690269341815e-02,lamp_kernel
1.138242e+02,6201,2.71824804921915e-08,5.72236407572084e-02,5.72236787525401e-02,5.71691883085165e-02,lamp_kernel
1.141954e+02,6221,2.70441707300511e-08,5.72235912766073e-02,5.72236290786114e-02,5.71693486038049e-02,lamp_kernel
1.145665e+02,6241,2.69061406721560e-08,5.72235422919809e-02,5.72235799010483e-02,5.71695078307765e-02,lamp_kernel
1.149377e+02,6261,2.67684445509896e-08,5.72234937966918e-02,5.72235312132893e-02,5.71696660000194e-02,lamp_kernel
1.153089e+02,6281,2.66331645570879e-08,5.72234457842162e-02,5.72234830117210e-02,5.71698231219827e-02,lamp_kernel
1.156801e+02,6301,2.65018537751938e-08,5.72233982481407e-02,5.72234352921010e-02,5.71699792069791e-02,lamp_kernel
1.160514e+02,6321,2.63716994727111e-08,5.72233511821552e-02,5.72233880441874e-02,5.71701342651862e-02,lamp_kernel
1.164226e+02,6341,2.62421838177068e-08,5.72233045800571e-02,5.72233412610539e-02,5.71702883066496e-02,lamp_kernel
1.167939e+02,6361,2.61141178457194e-08,5.72232584357479e-02,5.72232949377357e-02,5.71704412846462e-02,lamp_kernel
1.171652e+02,6381,2.59867180064904e-08,5.72232127432257e-02,5.72232490671356e-02,5.71705932378292e-02,lamp_kernel
1.175365e+02,6401,2.58605996722169e-08,5.72231674965919e-02,5.72232036442151e-02,5.71707442045410e-02,lamp_kernel
1.179078e+02,6421,2.57360288440821e-08,5.72231226900415e-02,5.72231586635412e-02,5.71708941943039e-02,lamp_kernel
1.182791e+02,6441,2.56119778940644e-08,5.72230783178661e-02,5.72231141179690e-02,5.71710432165187e-02,lamp_kernel
1.186504e+02,6461,2.54883892570237e-08,5.72230343744506e-02,5.72230700018028e-02,5.71711912804663e-02,lamp_kernel
1.190217e+02,6481,2.53654712493957e-08,5.72229908542717e-02,5.72230263098107e-02,5.71713383953098e-02,lamp_kernel
1.193931e+02,6501,2.52432006435738e-08,5.72229477518941e-02,5.72229830365246e-02,5.71714845280410e-02,lamp_kernel
1.197645e+02,6521,2.51218297213233e-08,5.72229050619715e-02,5.72229401769514e-02,5.71716296889638e-02,lamp_kernel
1.201359e+02,6541,2.50010552339768e-08,5.72228627792450e-02,5.72228977254078e-02,5.71717739254572e-02,lamp_kernel
1.205073e+02,6561,2.48808504781453e-08,5.72228208985377e-02,5.72228556766798e-02,5.71719172410030e-02,lamp_kernel
1.208786e+02,6581,2.47606091875609e-08,5.72227794147575e-02,5.72228140248278e-02,5.71720596523926e-02,lamp_kernel
1.212501e+02,6601,2.46404409338360e-08,5.72227383228943e-02,5.72227727649949e-02,5.71722011681118e-02,lamp_kernel
1.216215e+02,6621,2.45210473248126e-08,5.72226976180159e-02,5.72227318932296e-02,5.71723417965407e-02,lamp_kernel
1.219929e+02,6641,2.44028123227013e-08,5.72226572952692e-02,5.72226914052156e-02,5.71724815459555e-02,lamp_kernel
1.223644e+02,6661,2.42858526892174e-08,5.72226173498802e-02,5.72226512963418e-02,5.71726204245304e-02,lamp_kernel
1.227358e+02,6681,2.41696057939391e-08,5.72225777771468e-02,5.72226115611199e-02,5.71727584221166e-02,lamp_kernel
1.231073e+02,6701,2.40533881746460e-08,5.72225385724437e-02,5.72225721939693e-02,5.71728955547807e-02,lamp_kernel
1.234788e+02,6721,2.39375108159427e-08,5.72224997312168e-02,5.72225331907705e-02,5.71730318407422e-02,lamp_kernel
1.238503e+02,6741,2.38216418350764e-08,5.72224612489836e-02,5.72224945465770e-02,5.71731672390668e-02,lamp_kernel
1.242218e+02,6761,2.37059627433306e-08,5.72224231213309e-02,5.72224562572296e-02,5.71733017889937e-02,lamp_kernel
1.245934e+02,6781,2.35906220963764e-08,5.72223853439157e-02,5.72224183185927e-02,5.71734354292431e-02,lamp_kernel
1.249649e+02,6801,2.34764148435986e-08,5.72223479124612e-02,5.72223807275007e-02,5.71735682549617e-02,lamp_kernel
1.253365e+02,6821,2.33637377999244e-08,5.72223108227563e-02,5.72223434802972e-02,5.71737002735421e-02,lamp_kernel
1.257081e+02,6841,2.32524645211274e-08,5.72222740706563e-02,5.72223065726608e-02,5.71738314922883e-02,lamp_kernel
1.260796e+02,6861,2.31418251040944e-08,5.72222376520774e-02,5.72222699994316e-02,5.71739619184164e-02,lamp_kernel
1.264511e+02,6881,2.30329028734797e-08,5.72222015630016e-02,5.72222337581056e-02,5.71740915590562e-02,lamp_kernel
1.268227e+02,6901,2.29250598279475e-08,5.72221657994723e-02,5.72221978438347e-02,5.71742203971451e-02,lamp_kernel
1.271943e+02,6921,2.28183090120450e-08,5.72221303575883e-02,5.72221622527357e-02,5.71743484522116e-02,lamp_kernel
1.275659e+02,6941,2.27122450072798e-08,5.72220952335115e-02,5.72221269804040e-02,5.71744757407936e-02,lamp_kernel
1.279375e+02,6961,2.26077683817520e-08,5.72220604234605e-02,5.72220920243168e-02,5.71746022721142e-02,lamp_kernel
1.283091e+02,6981,2.25054870232383e-08,5.72220259237141e-02,5.72220573816028e-02,5.71747280528840e-02,lamp_kernel
1.286807e+02,7001,2.24036786448430e-08,5.72219917306014e-02,5.72220230461836e-02,5.71748530897348e-02,lamp_kernel
1.290524e+02,7021,2.23024871131998e-08,5.72219578405099e-02,5.72219890146478e-02,5.71749773815489e-02,lamp_kernel
1.294240e+02,7041,2.22016135283752e-08,5.72219242498807e-02,5.72219552830188e-02,5.71751008926313e-02,lamp_kernel
1.297957e+02,7061,2.21010411974271e-08,5.72218909552060e-02,5.72219218477654e-02,5.71752235805985e-02,lamp_kernel
1.301673e+02,7081,2.20010771995643e-08,5.72218579530322e-02,5.72218887058631e-02,5.71753454957478e-02,lamp_kernel
1.305390e+02,7101,2.19021416473340e-08,5.72218252399560e-02,5.72218558544960e-02,5.71754667010727e-02,lamp_kernel
1.309107e+02,7121,2.18038812124608e-08,5.72217928126227e-02,5.72218232898155e-02,5.71755872027318e-02,lamp_kernel
1.312823e+02,7141,2.17061351967709e-08,5.72217606677286e-02,5.72217910082933e-02,5.71757070068129e-02,lamp_kernel
1.316541e+02,7161,2.16090316746975e-08,5.72217288020177e-02,5.72217590068523e-02,5.71758261021676e-02,lamp_kernel
1.320258e+02,7181,2.15123569920072e-08,5.72216972122811e-02,5.72217272819850e-02,5.71759444760033e-02,lamp_kernel
1.323975e+02,7201,2.14164412877938e-08,5.72216658953552e-02,5.72216958309894e-02,5.71760621704735e-02,lamp_kernel
1.327692e+02,7221,2.13210678685840e-08,5.72216348481256e-02,5.72216646504480e-02,5.71761791913886e-02,lamp_kernel
1.331410e+02,7241,2.12259352715493e-08,5.72216040675180e-02,5.72216337368652e-02,5.71762955444928e-02,lamp_kernel
1.335128e+02,7261,2.11315294706847e-08,5.72215735505071e-02,5.72216030878951e-02,5.71764112354653e-02,lamp_kernel
1.338845e+02,7281,2.10377018662869e-08,5.72215432941086e-02,5.72215727003455e-02,5.71765262495640e-02,lamp_kernel
1.342563e+02,7301,2.09443551448276e-08,5.72215132953810e-02,5.72215425711390e-02,5.71766406006231e-02,lamp_kernel
1.346281e+02,7321,2.08512183330425e-08,5.72214835514235e-02,5.72215126969961e-02,5.71767542908570e-02,lamp_kernel
1.349999e+02,7341,2.07585116320493e-08,5.72214540593754e-02,5.72214830753637e-02,5.71768672695701e-02,lamp_kernel
1.353716e+02,7361,2.06666719950799e-08,5.72214248164226e-02,5.72214537040386e-02,5.71769796144275e-02,lamp_kernel
1.357434e+02,7381,2.05754208368288e-08,5.72213958197834e-02,5.72214245798496e-02,5.71770913314333e-02,lamp_kernel
1.361152e+02,7401,2.04844683587182e-08,5.72213670667183e-02,5.72213956996523e-02,5.71772023462200e-02,lamp_kernel
1.364870e+02,7421,2.03946813153825e-08,5.72213385545264e-02,5.72213670619573e-02,5.71773127263732e-02,lamp_kernel
1.368588e+02,7441,2.03056984855085e-08,5.72213102805438e-02,5.72213386635956e-02,5.71774224432395e-02,lamp_kernel
1.372307e+02,7461,2.02180345897638e-08,5.72212822421427e-02,5.72213105026589e-02,5.71775315070173e-02,lamp_kernel
1.376025e+02,7481,2.01305888312930e-08,5.72212544367305e-02,5.72212825750161e-02,5.71776399704819e-02,lamp_kernel
1.379744e+02,7501,2.00430644728696e-08,5.72212268617554e-02,5.72212548777006e-02,5.71777478385577e-02,lamp_kernel
1.383463e+02,7521,1.99557954399460e-08,5.72211995146961e-02,5.72212274086578e-02,5.71778551161155e-02,lamp_kernel
1.387181e+02,7541,1.98686967984475e-08,5.72211723930664e-02,5.72212001652826e-02,5.71779618079730e-02,lamp_kernel
1.390900e+02,7561,1.97818980668159e-08,5.72211454944153e-02,5.72211731453054e-02,5.71780679188954e-02,lamp_kernel
1.394619e+02,7581,1.96953461810572e-08,5.72211188163254e-02,5.72211463462344e-02,5.71781734285572e-02,lamp_kernel
1.398338e+02,7601,1.96087792294688e-08,5.72210923564090e-02,5.72211197653157e-02,5.71782782660079e-02,lamp_kernel
1.402058e+02,7621,1.95222472103062e-08,5.72210661123139e-02,5.72210934002673e-02,5.71783825304809e-02,lamp_kernel
1.405777e+02,7641,1.94365513849367e-08,5.72210400817181e-02,5.72210672498869e-02,5.71784862338365e-02,lamp_kernel
1.409496e+02,7661,1.93512826716457e-08,5.72210142623319e-02,5.72210413113131e-02,5.71785893805762e-02,lamp_kernel
1.413215e+02,7681,1.92660338216431e-08,5.72209886518930e-02,5.72210155817145e-02,5.71786919751530e-02,lamp_kernel
1.416936e+02,7701,1.91807047652972e-08,5.72209632481741e-02,5.72209900587237e-02,5.71787940219731e-02,lamp_kernel
1.420656e+02,7721,1.90958585800338e-08,5.72209380489742e-02,5.72209647409269e-02,5.71788955246005e-02,lamp_kernel
1.424375e+02,7741,1.90107877767602e-08,5.72209130521221e-02,5.72209396251638e-02,5.71789964726807e-02,lamp_kernel
1.428095e+02,7761,1.89255684894805e-08,5.72208882554746e-02,5.72209147093978e-02,5.71790968860323e-02,lamp_kernel
1.431815e+02,7781,1.88402015959647e-08,5.72208636569177e-02,5.72208899915162e-02,5.71791967688774e-02,lamp_kernel
1.435534e+02,7801,1.87545910701545e-08,5.72208392543647e-02,5.72208654692978e-02,5.71792961253933e-02,lamp_kernel
1.439254e+02,7821,1.86687994645201e-08,5.72208150457558e-02,5.72208411407705e-02,5.71793949597135e-02,lamp_kernel
1.442974e+02,7841,1.85830840543211e-08,5.72207910290601e-02,5.72208170042629e-02,5.71794932759283e-02,lamp_kernel
1.446694e+02,7861,1.84974166140867e-08,5.72207672022710e-02,5.72207930577289e-02,5.71795910780849e-02,lamp_kernel
1.450414e+02,7881,1.84115580556996e-08,5.72207435634076e-02,5.72207692988536e-02,5.71796883701887e-02,lamp_kernel
1.454134e+02,7901,1.83256835129857e-08,5.72207201105140e-02,5.72207457259256e-02,5.71797851562031e-02,lamp_kernel
1.457855e+02,7921,1.82401762365163e-08,5.72206968416636e-02,5.72207223375541e-02,5.71798814400508e-02,lamp_kernel
1.461575e+02,7941,1.81555997160662e-08,5.72206737549503e-02,5.72206991326208e-02,5.71799772256134e-02,lamp_kernel
1.465295e+02,7961,1.80713133686813e-08,5.72206508484944e-02,5.72206761083505e-02,5.71800725167327e-02,lamp_kernel
1.469016e+02,7981,1.79878998676276e-08,5.72206281204382e-02,5.72206532637000e-02,5.71801673172112e-02,lamp_kernel
1.472736e+02,8001,1.79051097319497e-08,5.72206055689497e-02,5.72206305964884e-02,5.71802616308117e-02,lamp_kernel
1.476456e+02,8021,1.78226000090604e-08,5.72205831922195e-02,5.72206081044272e-02,5.71803554612592e-02,lamp_kernel
1.480176e+02,8041,1.77405104328058e-08,5.72205609884603e-02,5.72205857859242e-02,5.71804488122400e-02,lamp_kernel
1.483897e+02,8061,1.76586410045050e-08,5.72205389559099e-02,5.72205636389378e-02,5.71805416874033e-02,lamp_kernel
1.487618e+02,8081,1.75783410923059e-08,5.72205170928248e-02,5.72205416636104e-02,5.71806340903609e-02,lamp_kernel
1.491339e+02,8101,1.74983718575302e-08,5.72204953974851e-02,5.72205198564908e-02,5.71807260246882e-02,lamp_kernel
1.495059e+02,8121,1.74184478983215e-08,5.72204738681945e-02,5.72204982154835e-02,5.71808174939242e-02,lamp_kernel
1.498780e+02,8141,1.73396600652904e-08,5.72204525032720e-02,5.72204767404323e-02,5.71809085015726e-02,lamp_kernel
1.502500e+02,8161,1.72622737268902e-08,5.72204313010626e-02,5.72204554300533e-02,5.71809990511012e-02,lamp_kernel
1.506221e+02,8181,1.71852925856159e-08,5.72204102599302e-02,5.72204342813176e-02,5.71810891459437e-02,lamp_kernel
1.509942e+02,8201,1.71082748062792e-08,5.72203893782602e-02,5.72204132919931e-02,5.71811787894990e-02,lamp_kernel
1.513663e+02,8221,1.70313341420507e-08,5.72203686544556e-02,5.72203924606418e-02,5.71812679779658e-02,lamp_kernel
1.517385e+02,8241,1.69544473654835e-08,5.72203480869434e-02,5.72203717856582e-02,5.71813567134129e-02,lamp_kernel
1.521106e+02,8261,1.68774568698700e-08,5.72203276741611e-02,5.72203512652595e-02,5.71814450076993e-02,lamp_kernel
1.524827e+02,8281,1.68006860170794e-08,5.72203074145766e-02,5.72203308983657e-02,5.71815328640891e-02,lamp_kernel
1.528549e+02,8301,1.67246344997241e-08,5.72202873066678e-02,5.72203106841530e-02,5.71816202858144e-02,lamp_kernel
1.532270e+02,8321,1.66492849068397e-08,5.72202673489363e-02,5.72202906210988e-02,5.71817072731368e-02,lamp_kernel
1.535992e+02,8341,1.65737994989278e-08,5.72202475398987e-02,5.72202707065486e-02,5.71817938237987e-02,lamp_kernel
1.539714e+02,8361,1.64984623060417e-08,5.72202278780904e-02,5.72202509394350e-02,5.71818799494341e-02,lamp_kernel
1.543435e+02,8381,1.64232951584128e-08,5.72202083620673e-02,5.72202313183442e-02,5.71819656531480e-02,lamp_kernel
1.547157e+02,8401,1.63480312137983e-08,5.72201889903979e-02,5.72202118414718e-02,5.71820509347878e-02,lamp_kernel
1.550879e+02,8421,1.62733570665023e-08,5.72201697616723e-02,5.72201925083676e-02,5.71821358000712e-02,lamp_kernel
1.554601e+02,8441,1.61989129131975e-08,5.72201506744943e-02,5.72201733171325e-02,5.71822201915124e-02,lamp_kernel
1.558323e+02,8461,1.61248154706775e-08,5.72201317274882e-02,5.72201542665539e-02,5.71823041697279e-02,lamp_kernel
1.562045e+02,8481,1.60506197906721e-08,5.72201129192919e-02,5.72201353546478e-02,5.71823877417460e-02,lamp_kernel
1.565767e+02,8501,1.59761996942925e-08,5.72200942485560e-02,5.72201165798884e-02,5.71824709104886e-02,lamp_kernel
1.569489e+02,8521,1.59016691996573e-08,5.72200757139568e-02,5.72200979411114e-02,5.71825536788495e-02,lamp_kernel
1.573211e+02,8541,1.58274186047943e-08,5.72200573141797e-02,5.72200794375478e-02,5.71826360496947e-02,lamp_kernel
1.576934e+02,8561,1.57536009756178e-08,5.72200390479269e-02,5.72200610681136e-02,5.71827180258632e-02,lamp_kernel
1.580656e+02,8581,1.56800385859738e-08,5.72200209139120e-02,5.72200428312741e-02,5.71827996101664e-02,lamp_kernel
1.584378e+02,8601,1.56066246758541e-08,5.72200029108720e-02,5.72200247256171e-02,5.71828808053895e-02,lamp_kernel
1.588100e+02,8621,1.55332981310235e-08,5.72199850375545e-02,5.72200067498046e-02,5.71829616142907e-02,lamp_kernel
1.591822e+02,8641,1.54601284882113e-08,5.72199672927215e-02,5.72199889026960e-02,5.71830420396027e-02,lamp_kernel
1.595545e+02,8661,1.53869711851948e-08,5.72199496751493e-02,5.72199711828655e-02,5.71831220840319e-02,lamp_kernel
1.599267e+02,8681,1.53141303938782e-08,5.72199321836281e-02,5.72199535895283e-02,5.71832017502595e-02,lamp_kernel
1.602990e+02,8701,1.52421417958023e-08,5.72199148169654e-02,5.72199361222409e-02,5.71832810409414e-02,lamp_kernel
1.606712e+02,8721,1.51706749266333e-08,5.72198975739816e-02,5.72199187793616e-02,5.71833599587087e-02,lamp_kernel
1.610434e+02,8741,1.50994703429627e-08,5.72198804535063e-02,5.72199015593574e-02,5.71834385061679e-02,lamp_kernel
1.614157e+02,8761,1.50301647661527e-08,5.72198634543883e-02,5.72198844633649e-02,5.71835166507420e-02,lamp_kernel
1.617880e+02,8781,1.49616650265777e-08,5.72198465754887e-02,5.72198674887172e-02,5.71835944175315e-02,lamp_kernel
1.621602e+02,8801,1.48932817600292e-08,5.72198298156803e-02,5.72198506333236e-02,5.71836718221300e-02,lamp_kernel
1.625326e+02,8821,1.48251047226989e-08,5.72198131738482e-02,5.72198338961945e-02,5.71837488483815e-02,lamp_kernel
1.629049e+02,8841,1.47582267305561e-08,5.72197966488933e-02,5.72198172777583e-02,5.71838255168022e-02,lamp_kernel
1.632772e+02,8861,1.46915128531200e-08,5.72197802397272e-02,5.72198007753404e-02,5.71839018304531e-02,lamp_kernel
1.636495e+02,8881,1.46250171398002e-08,5.72197639452735e-02,5.72197843879398e-02,5.71839777917734e-02,lamp_kernel
1.640218e+02,8901,1.45585534243949e-08,5.72197477644710e-02,5.72197681142351e-02,5.71840534031801e-02,lamp_kernel
1.643942e+02,8921,1.44921332761602e-08,5.72197316962659e-02,5.72197519531888e-02,5.71841286670680e-02,lamp_kernel
1.647665e+02,8941,1.44260247970693e-08,5.72197157396231e-02,5.72197359041404e-02,5.71842035858100e-02,lamp_kernel
1.651389e+02,8961,1.43601262768038e-08,5.72196998935120e-02,5.72197199659171e-02,5.71842781617576e-02,lamp_kernel
1.655112e+02,8981,1.42943474146969e-08,5.72196841569200e-02,5.72197041373803e-02,5.71843523972408e-02,lamp_kernel
1.658836e+02,9001,1.42286922517600e-08,5.72196685288433e-02,5.72196884175317e-02,5.71844262945686e-02,lamp_kernel
1.662560e+02,9021,1.41632630998058e-08,5.72196530082871e-02,5.72196728055194e-02,5.71844998560290e-02,lamp_kernel
1.666283e+02,9041,1.40979843810353e-08,5.72196375942716e-02,5.72196573002581e-02,5.71845730838895e-02,lamp_kernel
1.670007e+02,9061,1.40332832068108e-08,5.72196222858281e-02,5.72196419013761e-02,5.71846459574903e-02,lamp_kernel
1.673730e+02,9081,1.39691479267032e-08,5.72196070819957e-02,5.72196266078962e-02,5.71847184880768e-02,lamp_kernel
1.677454e+02,9101,1.39054045619071e-08,5.72195919818285e-02,5.72196114186294e-02,5.71847906919963e-02,lamp_kernel
1.681177e+02,9121,1.38418527206111e-08,5.72195769843889e-02,5.72195963323578e-02,5.71848625714345e-02,lamp_kernel
1.684901e+02,9141,1.37787234036201e-08,5.72195620887496e-02,5.72195813484771e-02,5.71849341285578e-02,lamp_kernel
1.688625e+02,9161,1.37161237008694e-08,5.72195472939923e-02,5.72195664662187e-02,5.71850053655132e-02,lamp_kernel
1.692349e+02,9181,1.36542697014598e-08,5.72195325992110e-02,5.72195516849787e-02,5.71850762844287e-02,lamp_kernel
1.696073e+02,9201,1.35934051785194e-08,5.72195180035141e-02,5.72195370042061e-02,5.71851468874136e-02,lamp_kernel
1.699796e+02,9221,1.35330595150853e-08,5.72195035060118e-02,5.72195224223534e-02,5.71852171765581e-02,lamp_kernel
1.703520e+02,9241,1.34729973641897e-08,5.72194891058298e-02,5.72195079382173e-02,5.71852871539347e-02,lamp_kernel
1.707244e+02,9261,1.34131306897165e-08,5.72194748021001e-02,5.72194935508067e-02,5.71853568215972e-02,lamp_kernel
1.710968e+02,9281,1.33544109624088e-08,5.72194605939657e-02,5.72194792605945e-02,5.71854261815814e-02,lamp_kernel
1.714692e+02,9301,1.32960412254239e-08,5.72194464805815e-02,5.72194650656219e-02,5.71854952359055e-02,lamp_kernel
1.718416e+02,9321,1.32395034918276e-08,5.72194324611097e-02,5.72194509671224e-02,5.71855639865701e-02,lamp_kernel
1.722140e+02,9341,1.31842032443665e-08,5.72194185347216e-02,5.72194369634362e-02,5.71856324355582e-02,lamp_kernel
1.725864e+02,9361,1.31293910179322e-08,5.72194047005987e-02,5.72194230526975e-02,5.71857005848356e-02,lamp_kernel
1.729588e+02,9381,1.30749447458157e-08,5.72193909579276e-02,5.72194092339221e-02,5.71857684363513e-02,lamp_kernel
1.733312e+02,9401,1.30205631678361e-08,5.72193773059099e-02,5.72193955058905e-02,5.71858359894133e-02,lamp_kernel
1.737036e+02,9421,1.29662755280223e-08,5.72193637437550e-02,5.72193818678530e-02,5.71859032422395e-02,lamp_kernel
1.740760e+02,9441,1.29123838744307e-08,5.72193502706741e-02,5.72193683194430e-02,5.71859701889581e-02,lamp_kernel
1.744484e+02,9461,1.28588069805931e-08,5.72193368858959e-02,5.72193548597757e-02,5.71860367977174e-02,lamp_kernel
1.748208e+02,9481,1.28054358331223e-08,5.72193235886521e-02,5.72193414879304e-02,5.71861031167986e-02,lamp_kernel
1.751932e+02,9501,1.27524074441868e-08,5.72193103781872e-02,5.72193282033431e-02,5.71861691500765e-02,lamp_kernel
1.755656e+02,9521,1.26999521250460e-08,5.72192972537469e-02,5.72193150055814e-02,5.71862348993795e-02,lamp_kernel
1.759380e+02,9541,1.26479450140614e-08,5.72192842145901e-02,5.72193018937297e-02,5.71863003665206e-02,lamp_kernel
1.763104e+02,9561,1.25965066258041e-08,5.72192712599876e-02,5.72192888672273e-02,5.71863655532971e-02,lamp_kernel
1.766828e+02,9581,1.25453686988305e-08,5.72192583892103e-02,5.72192759249700e-02,5.71864304614915e-02,lamp_kernel
1.770553e+02,9601,1.24945742711080e-08,5.72192456015407e-02,5.72192630663006e-02,5.71864950928707e-02,lamp_kernel
1.774277e+02,9621,1.24439017947570e-08,5.72192328962678e-02,5.72192502901983e-02,5.71865594491875e-02,lamp_kernel
1.778002e+02,9641,1.23933458197289e-08,5.72192202726918e-02,5.72192375959558e-02,5.71866235321790e-02,lamp_kernel
1.781726e+02,9661,1.23430567260992e-08,5.72192077301159e-02,5.72192249830864e-02,5.71866873435686e-02,lamp_kernel
1.785450e+02,9681,1.22929383238781e-08,5.72191952678524e-02,5.72192124507681e-02,5.71867508850649e-02,lamp_kernel
1.789175e+02,9701,1.22432339307539e-08,5.72191828852232e-02,5.72191999986626e-02,5.71868141583620e-02,lamp_kernel
1.792900e+02,9721,1.21939074137279e-08,5.72191705815542e-02,5.72191876260457e-02,5.71868771651405e-02,lamp_kernel
1.796625e+02,9741,1.21448948928456e-08,5.72191583561828e-02,5.72191753321652e-02,5.71869399070664e-02,lamp_kernel
1.800350e+02,9761,1.20961959653670e-08,5.72191462084460e-02,5.72191631163576e-02,5.71870023857922e-02,lamp_kernel
1.804075e+02,9781,1.20478243061380e-08,5.72191341376962e-02,5.72191509779946e-02,5.71870646029567e-02,lamp_kernel
1.807800e+02,9801,1.19995191010115e-08,5.72191221432883e-02,5.72191389160663e-02,5.71871265601852e-02,lamp_kernel
1.811524e+02,9821,1.19516289016213e-08,5.72191102245846e-02,5.72191269304222e-02,5.71871882552489e-02,lamp_kernel
1.815249e+02,9841,1.19040891587865e-08,5.72190983809543e-02,5.72191150203415e-02,5.71872496384755e-02,lamp_kernel
1.818974e+02,9861,1.18568257744807e-08,5.72190866117749e-02,5.72191031850979e-02,5.71873107669303e-02,lamp_kernel
1.822699e+02,9881,1.18098919425680e-08,5.72190749164275e-02,5.72190914241470e-02,5.71873716421835e-02,lamp_kernel
1.826423e+02,9901,1.17634178143064e-08,5.72190632943013e-02,5.72190797370598e-02,5.71874322657925e-02,lamp_kernel
1.830148e+02,9921,1.17176369984360e-08,5.72190517447909e-02,5.72190681235575e-02,5.71874926393021e-02,lamp_kernel
1.833873e+02,9941,1.16725601194276e-08,5.72190402673027e-02,5.72190565830615e-02,5.71875527642444e-02,lamp_kernel
1.837597e+02,9961,1.16278754019348e-08,5.72190288612418e-02,5.72190451145408e-02,5.71876126421391e-02,lamp_kernel
1.841322e+02,9981,1.15834244015126e-08,5.72190175260199e-02,5.72190337171859e-02,5.71876722735469e-02,lamp_kernel
1.845750e+02,10001,1.15394114606151e-08,5.72190062610617e-02,5.72190223907069e-02,5.71877316363961e-02,lamp_kernel
1.849475e+02,10021,1.14956118697979e-08,5.72189950657938e-02,5.72190111342165e-02,5.71877907568783e-02,lamp_kernel
1.853200e+02,10041,1.14519983958052e-08,5.72189839396488e-02,5.72189999471092e-02,5.71878496364629e-02,lamp_kernel
1.856925e+02,10061,1.14085381938265e-08,5.72189728820646e-02,5.72189888287768e-02,5.71879082766079e-02,lamp_kernel
1.860650e+02,10081,1.13652384780922e-08,5.72189618924836e-02,5.72189777786720e-02,5.71879666787594e-02,lamp_kernel
1.864375e+02,10101,1.13221501128850e-08,5.72189509703592e-02,5.72189667963192e-02,5.71880248443522e-02,lamp_kernel
1.868100e+02,10121,1.12792058604469e-08,5.72189401151445e-02,5.72189558810776e-02,5.71880827748094e-02,lamp_kernel
1.871825e+02,10141,1.12365824938423e-08,5.72189293263035e-02,5.72189450326582e-02,5.71881404715427e-02,lamp_kernel
1.875550e+02,10161,1.11942181333509e-08,5.72189186033032e-02,5.72189342504415e-02,5.71881979359529e-02,lamp_kernel
1.879275e+02,10181,1.11521281062334e-08,5.72189079456147e-02,5.72189235339201e-02,5.71882551426761e-02,lamp_kernel
1.883000e+02,10201,1.11104691643734e-08,5.72188973527158e-02,5.72189128827908e-02,5.71883121183794e-02,lamp_kernel
1.886725e+02,10221,1.10690087768442e-08,5.72188868240896e-02,5.72189022962118e-02,5.71883688660419e-02,lamp_kernel
1.890451e+02,10241,1.10278274315057e-08,5.72188763592261e-02,5.72188917737855e-02,5.71884253870195e-02,lamp_kernel
1.894175e+02,10261,1.09868872157823e-08,5.72188659576185e-02,5.72188813149523e-02,5.71884816826575e-02,lamp_kernel
1.897900e+02,10281,1.09462194587064e-08,5.72188556187673e-02,5.72188709192562e-02,5.71885377542909e-02,lamp_kernel
1.901625e+02,10301,1.09058574222113e-08,5.72188453421726e-02,5.72188605862439e-02,5.71885936032437e-02,lamp_kernel
1.905350e+02,10321,1.08656867903409e-08,5.72188351273470e-02,5.72188503152683e-02,5.71886492308299e-02,lamp_kernel
1.909075e+02,10341,1.08257471502126e-08,5.72188249738020e-02,5.72188401058962e-02,5.71887046383533e-02,lamp_kernel
1.912800e+02,10361,1.07861070184967e-08,5.72188148810599e-02,5.72188299577456e-02,5.71887598240578e-02,lamp_kernel
1.916526e+02,10381,1.07470284006544e-08,5.72188048486415e-02,5.72188198707036e-02,5.71888147825792e-02,lamp_kernel
1.920250e+02,10401,1.07086509769962e-08,5.72187948760771e-02,5.72188098444957e-02,5.71888695163909e-02,lamp_kernel
1.923976e+02,10421,1.06709778350504e-08,5.72187849628964e-02,5.72187998786559e-02,5.71889240282588e-02,lamp_kernel
1.927700e+02,10441,1.06342621977361e-08,5.72187751086400e-02,5.72187899730789e-02,5.71889783267334e-02,lamp_kernel
1.931426e+02,10461,1.05986284519755e-08,5.72187653128506e-02,5.72187801274811e-02,5.71890324130562e-02,lamp_kernel
1.935150e+02,10481,1.05635798949627e-08,5.72187555750769e-02,5.72187703407169e-02,5.71890862884590e-02,lamp_kernel
1.938876e+02,10501,1.05292339839132e-08,5.72187458948663e-02,5.72187606124981e-02,5.71891399541639e-02,lamp_kernel
1.942601e+02,10521,1.04951490583806e-08,5.72187362717796e-02,5.72187509417679e-02,5.71891934113843e-02,lamp_kernel
1.946326e+02,10541,1.04613153973113e-08,5.72187267053737e-02,5.72187413280697e-02,5.71892466460096e-02,lamp_kernel
1.950051e+02,10561,1.04275213198439e-08,5.72187171952127e-02,5.72187317706718e-02,5.71892996468065e-02,lamp_kernel
1.953776e+02,10581,1.03943041763857e-08,5.72187077408703e-02,5.72187222698989e-02,5.71893524429267e-02,lamp_kernel
1.957502e+02,10601,1.03617581838584e-08,5.72186983419145e-02,5.72187128254506e-02,5.71894050355454e-02,lamp_kernel
1.961227e+02,10621,1.03299514434008e-08,5.72186889979254e-02,5.72187034370025e-02,5.71894574258288e-02,lamp_kernel
1.964952e+02,10641,1.02984474204685e-08,5.72186797084840e-02,5.72186941035252e-02,5.71895096149344e-02,lamp_kernel
1.968678e+02,10661,1.02671432300122e-08,5.72186704731742e-02,5.72186848244588e-02,5.71895616040108e-02,lamp_kernel
1.972403e+02,10681,1.02359520532836e-08,5.72186612915864e-02,5.72186755992724e-02,5.71896133941980e-02,lamp_kernel
1.976129e+02,10701,1.02048088278338e-08,5.72186521633155e-02,5.72186664274698e-02,5.71896649866273e-02,lamp_kernel
1.979855e+02,10721,1.01738681882117e-08,5.72186430879590e-02,5.72186573088649e-02,5.71897163824216e-02,lamp_kernel
1.983581e+02,10741,1.01430626500566e-08,5.72186340651179e-02,5.72186482429642e-02,5.71897675826953e-02,lamp_kernel
1.987306e+02,10761,1.01123186289296e-08,5.72186250943953e-02,5.72186392292679e-02,5.71898185885543e-02,lamp_kernel
1.991032e+02,10781,1.00816256405668e-08,5.72186161754006e-02,5.72186302673710e-02,5.71898694010965e-02,lamp_kernel
1.994757e+02,10801,1.00511584598573e-08,5.72186073077493e-02,5.72186213571331e-02,5.71899200214115e-02,lamp_kernel
1.998482e+02,10821,1.00211710809917e-08,5.72185984910570e-02,5.72186124985247e-02,5.71899704354767e-02,lamp_kernel
2.002207e+02,10841,9.99142572647638e-09,5.72185897249413e-02,5.72186036908314e-02,5.71900206533996e-02,lamp_kernel
2.005933e+02,10861,9.96191102223515e-09,5.72185810090271e-02,5.72185949336619e-02,5.71900706824497e-02,lamp_kernel
2.009658e+02,10881,9.93254211982579e-09,5.72185723429402e-02,5.72185862265236e-02,5.71901205236839e-02,lamp_kernel
2.013384e+02,10901,9.90342208460840e-09,5.72185637263138e-02,5.72185775691936e-02,5.71901701781506e-02,lamp_kernel
2.017109e+02,10921,9.87457986537651e-09,5.72185551587791e-02,5.72185689613435e-02,5.71902196468912e-02,lamp_kernel
2.020834e+02,10941,9.84584859059234e-09,5.72185466399771e-02,5.72185604023813e-02,5.71902689309387e-02,lamp_kernel
2.024560e+02,10961,9.81717659551237e-09,5.72185381695459e-02,5.72185518918727e-02,5.71903180313190e-02,lamp_kernel
2.028286e+02,10981,9.78863720460223e-09,5.72185297471297e-02,5.72185434295645e-02,5.71903669490502e-02,lamp_kernel
2.032011e+02,11001,9.76027899485493e-09,5.72185213723774e-02,5.72185350151735e-02,5.71904156851431e-02,lamp_kernel
2.035737e+02,11021,9.73207342929399e-09,5.72185130449396e-02,5.72185266483103e-02,5.71904642406009e-02,lamp_kernel
2.039463e+02,11041,9.70410025527963e-09,5.72185047644679e-02,5.72185183287381e-02,5.71905126164196e-02,lamp_kernel
2.043188e+02,11061,9.67631821584552e-09,5.72184965306240e-02,5.72185100560608e-02,5.71905608135877e-02,lamp_kernel
2.046914e+02,11081,9.64897768042635e-09,5.72184883430642e-02,5.72185018302847e-02,5.71906088330870e-02,lamp_kernel
2.050639e+02,11101,9.62202050733908e-09,5.72184802014528e-02,5.72184936509929e-02,5.71906566758915e-02,lamp_kernel
2.054365e+02,11121,9.59544250995134e-09,5.72184721054574e-02,5.72184855178471e-02,5.71907043429685e-02,lamp_kernel
2.058090e+02,11141,9.56883280554016e-09,5.72184640547471e-02,5.72184774299421e-02,5.71907518236503e-02,lamp_kernel
2.061816e+02,11161,9.54230553636079e-09,5.72184560489930e-02,5.72184693871085e-02,5.71907991216422e-02,lamp_kernel
2.065542e+02,11181,9.51603462812460e-09,5.72184480878742e-02,5.72184613892686e-02,5.71908462468350e-02,lamp_kernel
2.069268e+02,11201,9.49006847777179e-09,5.72184401710641e-02,5.72184534361633e-02,5.71908932001681e-02,lamp_kernel
2.072994e+02,11221,9.46428004364110e-09,5.72184322982470e-02,5.72184455272995e-02,5.71909399825743e-02,lamp_kernel
2.076720e+02,11241,9.43861066946591e-09,5.72184244691071e-02,5.72184376622792e-02,5.71909865949792e-02,lamp_kernel
2.080446e+02,11261,9.41307107803471e-09,5.72184166833320e-02,5.72184298408052e-02,5.71910330383023e-02,lamp_kernel
2.084172e+02,11281,9.38748614782928e-09,5.72184089406071e-02,5.72184220623180e-02,5.71910793134560e-02,lamp_kernel
2.087898e+02,11301,9.36191042998490e-09,5.72184012406287e-02,5.72184143265901e-02,5.71911254213468e-02,lamp_kernel
2.091624e+02,11321,9.33625575937706e-09,5.72183935830930e-02,5.72184066331947e-02,5.71911713628743e-02,lamp_kernel
2.095350e+02,11341,9.31058524956178e-09,5.72183859676953e-02,5.72183989819151e-02,5.71912171389316e-02,lamp_kernel
2.099076e+02,11361,9.28533893376899e-09,5.72183783941357e-02,5.72183913730665e-02,5.71912627504056e-02,lamp_kernel
2.102802e+02,11381,9.26008740670613e-09,5.72183708621186e-02,5.72183838057531e-02,5.71913081981771e-02,lamp_kernel
2.106528e+02,11401,9.23490829569257e-09,5.72183633713522e-02,5.72183762797917e-02,5.71913534744764e-02,lamp_kernel
2.110255e+02,11421,9.20965234346856e-09,5.72183559215415e-02,5.72183687946785e-02,5.71913985877118e-02,lamp_kernel
2.113981e+02,11441,9.18440452358933e-09,5.72183485123960e-02,5.72183613502420e-02,5.71914435399402e-02,lamp_kernel
2.117707e+02,11461,9.15931991366865e-09,5.72183411436344e-02,5.72183539464174e-02,5.71914883320166e-02,lamp_kernel
2.121433e+02,11481,9.13428598273446e-09,5.72183338149688e-02,5.72183465827597e-02,5.71915329647901e-02,lamp_kernel
2.125159e+02,11501,9.10931753929508e-09,5.72183265261188e-02,5.72183392590091e-02,5.71915774391041e-02,lamp_kernel
2.128885e+02,11521,9.08441375966369e-09,5.72183192768055e-02,5.72183319748856e-02,5.71916217557957e-02,lamp_kernel
2.132612e+02,11541,9.05954535842466e-09,5.72183120667489e-02,5.72183247300683e-02,5.71916659156964e-02,lamp_kernel
2.136339e+02,11561,9.03466489187314e-09,5.72183048956796e-02,5.72183175242214e-02,5.71917099196315e-02,lamp_kernel
2.140065e+02,11581,9.01020710169666e-09,5.72182977633215e-02,5.72183103576764e-02,5.71917537568062e-02,lamp_kernel
2.143791e+02,11601,8.98578991235265e-09,5.72182906694064e-02,5.72183032296313e-02,5.71917974204767e-02,lamp_kernel
2.147517e+02,11621,8.96148626858745e-09,5.72182836136649e-02,5.72182961399185e-02,5.71918409292345e-02,lamp_kernel
2.151243e+02,11641,8.93721027850457e-09,5.72182765958349e-02,5.72182890881558e-02,5.71918842841210e-02,lamp_kernel
2.154970e+02,11661,8.91298611189545e-09,5.72182696156540e-02,5.72182820741147e-02,5.71919274873034e-02,lamp_kernel
2.158696e+02,11681,8.88890807470512e-09,5.72182626728581e-02,5.72182750976628e-02,5.71919705395725e-02,lamp_kernel
2.162422e+02,11701,8.86494374166278e-09,5.72182557671885e-02,5.72182681584962e-02,5.71920134417128e-02,lamp_kernel
2.166149e+02,11721,8.84115312504936e-09,5.72182488983917e-02,5.72182612564451e-02,5.71920561945035e-02,lamp_kernel
2.169875e+02,11741,8.81743663014721e-09,5.72182420662118e-02,5.72182543911146e-02,5.71920987987188e-02,lamp_kernel
2.173602e+02,11761,8.79374555761968e-09,5.72182352703968e-02,5.72182475621845e-02,5.71921412551274e-02,lamp_kernel
2.177328e+02,11781,8.76997228239258e-09,5.72182285106961e-02,5.72182407692538e-02,5.71921835644924e-02,lamp_kernel
2.181054e+02,11801,8.74610837445425e-09,5.72182217868651e-02,5.72182340120661e-02,5.71922257275722e-02,lamp_kernel
2.184780e+02,11821,8.72233201919337e-09,5.72182150986538e-02,5.72182272906206e-02,5.71922677451197e-02,lamp_kernel
2.188506e+02,11841,8.69860498867782e-09,5.72182084458201e-02,5.72182206046216e-02,5.71923096178827e-02,lamp_kernel
2.192233e+02,11861,8.67488243355398e-09,5.72182018281220e-02,5.72182139537643e-02,5.71923513466038e-02,lamp_kernel
2.195959e+02,11881,8.65140964822611e-09,5.72181952453194e-02,5.72182073381518e-02,5.71923929288853e-02,lamp_kernel
2.199686e+02,11901,8.62817418020648e-09,5.72181886971742e-02,5.72182007575283e-02,5.71924343652325e-02,lamp_kernel
2.203412e+02,11921,8.60500560545296e-09,5.72181821834519e-02,5.72181942114212e-02,5.71924756597775e-02,lamp_kernel
2.207139e+02,11941,8.58198847080213e-09,5.72181757039198e-02,5.72181876997161e-02,5.71925168132424e-02,lamp_kernel
2.210865e+02,11961,8.55902898781598e-09,5.72181692583431e-02,5.72181812220469e-02,5.71925578263448e-02,lamp_kernel
2.214591e+02,11981,8.53597220777694e-09,5.72181628464909e-02,5.72181747779663e-02,5.71925986997971e-02,lamp_kernel
2.218318e+02,12001,8.51309984879657e-09,5.72181564681364e-02,5.72181683676411e-02,5.71926394326377e-02,lamp_kernel
2.222045e+02,12021,8.49022733973456e-09,5.72181501230543e-02,5.72181619905880e-02,5.71926800251053e-02,lamp_kernel
2.225771e+02,12041,8.46727945827921e-09,5.72181438110177e-02,5.72181556464752e-02,5.71927204800559e-02,lamp_kernel
2.229498e+02,12061,8.44433034755574e-09,5.72181375318055e-02,5.72181493351850e-02,5.71927607981831e-02,lamp_kernel
2.233224e+02,12081,8.42151642375270e-09,5.72181312851996e-02,5.72181430566901e-02,5.71928009801757e-02,lamp_kernel
2.236951e+02,12101,8.39879920143773e-09,5.72181250709759e-02,5.72181368107126e-02,5.71928410267177e-02,lamp_kernel
2.240677e+02,12121,8.37601024078544e-09,5.72181188889179e-02,5.72181305968004e-02,5.71928809365052e-02,lamp_kernel
2.244404e+02,12141,8.35320089504187e-09,5.72181127388126e-02,5.72181244148125e-02,5.71929207101747e-02,lamp_kernel
2.248130e+02,12161,8.33038630685649e-09,5.72181066204433e-02,5.72181182645533e-02,5.71929603504717e-02,lamp_kernel
2.251857e+02,12181,8.30766027754179e-09,5.72181005336041e-02,5.72181121459479e-02,5.71929998580618e-02,lamp_kernel
2.255584e+02,12201,8.28488349485594e-09,5.72180944780756e-02,5.72181060585822e-02,5.71930392336063e-02,lamp_kernel
2.259310e+02,12221,8.26209733538418e-09,5.72180884536530e-02,5.72181000023094e-02,5.71930784777620e-02,lamp_kernel
2.263037e+02,12241,8.23929772061489e-09,5.72180824601281e-02,5.72180939769156e-02,5.71931175911815e-02,lamp_kernel
2.266763e+02,12261,8.21655536417970e-09,5.72180764972991e-02,5.72180879822975e-02,5.71931565675723e-02,lamp_kernel
2.270489e+02,12281,8.19381906269840e-09,5.72180705649568e-02,5.72180820181747e-02,5.71931954058134e-02,lamp_kernel
2.274216e+02,12301,8.17104526163365e-09,5.72180646629053e-02,5.72180760842903e-02,5.71932341152853e-02,lamp_kernel
2.277942e+02,12321,8.14824753540391e-09,5.72180587909398e-02,5.72180701804584e-02,5.71932726966234e-02,lamp_kernel
2.281669e+02,12341,8.12540933348094e-09,5.72180529488625e-02,5.72180643064582e-02,5.71933111462433e-02,lamp_kernel
2.285395e+02,12361,8.10254938363237e-09,5.72180471364752e-02,5.72180584621175e-02,5.71933494688014e-02,lamp_kernel
2.289122e+02,12381,8.07974726547712e-09,5.72180413535817e-02,5.72180526473515e-02,5.71933876651236e-02,lamp_kernel
2.292848e+02,12401,8.05691604723736e-09,5.72180355999876e-02,5.72180468618443e-02,5.71934257358288e-02,lamp_kernel
2.296575e+02,12421,8.03406194570494e-09,5.72180298755037e-02,5.72180411054152e-02,5.71934636815321e-02,lamp_kernel
2.300301e+02,12441,8.01145184996421e-09,5.72180241799350e-02,5.72180353782423e-02,5.71935015028446e-02,lamp_kernel
2.304027e+02,12461,7.98888610217012e-09,5.72180185130935e-02,5.72180296798587e-02,5.71935392003732e-02,lamp_kernel
2.307753e+02,12481,7.96629195000984e-09,5.72180128747897e-02,5.72180240099731e-02,5.71935767747211e-02,lamp_kernel
2.311480e+02,12501,7.94372251097816e-09,5.72180072648368e-02,5.72180183684729e-02,5.71936142264874e-02,lamp_kernel
2.315206e+02,12521,7.92113525347476e-09,5.72180016830514e-02,5.72180127551153e-02,5.71936515522831e-02,lamp_kernel
2.318933e+02,12541,7.89854493512288e-09,5.72179961292474e-02,5.72180071697349e-02,5.71936887550742e-02,lamp_kernel
2.322659e+02,12561,7.87603340192073e-09,5.72179906032442e-02,5.72180016122653e-02,5.71937258192903e-02,lamp_kernel
2.326386e+02,12581,7.85361416699306e-09,5.72179851048604e-02,5.72179960825442e-02,5.71937627634085e-02,lamp_kernel
2.330113e+02,12601,7.83126338786607e-09,5.72179796339141e-02,5.72179905803563e-02,5.71937995880083e-02,lamp_kernel
2.333839e+02,12621,7.80891561259708e-09,5.72179741902287e-02,5.72179851054334e-02,5.71938362936651e-02,lamp_kernel
2.337566e+02,12641,7.78668423711093e-09,5.72179687736307e-02,5.72179796577607e-02,5.71938728809511e-02,lamp_kernel
2.341293e+02,12661,7.76448859272475e-09,5.72179633839381e-02,5.72179742370433e-02,5.71939093504345e-02,lamp_kernel
2.345020e+02,12681,7.74232252168092e-09,5.72179580209824e-02,5.72179688431041e-02,5.71939457026801e-02,lamp_kernel
2.348746e+02,12701,7.72022814270708e-09,5.72179526845888e-02,5.72179634758272e-02,5.71939819337604e-02,lamp_kernel
2.352473e+02,12721,7.69815989518910e-09,5.72179473745840e-02,5.72179581349758e-02,5.71940180430807e-02,lamp_kernel
2.356199e+02,12741,7.67604407595079e-09,5.72179420908020e-02,5.72179528202806e-02,5.71940540368720e-02,lamp_kernel
2.359926e+02,12761,7.65401086542212e-09,5.72179368330704e-02,5.72179475317512e-02,5.71940899156844e-02,lamp_kernel
2.363653e+02,12781,7.63204185570633e-09,5.72179316012232e-02,5.72179422691960e-02,5.71941256800648e-02,lamp_kernel
2.367380e+02,12801,7.61005017231730e-09,5.72179263950938e-02,5.72179370323269e-02,5.71941613305570e-02,lamp_kernel
2.371107e+02,12821,7.58803344324091e-09,5.72179212145188e-02,5.72179318209772e-02,5.71941968677008e-02,lamp_kernel
2.374834e+02,12841,7.56602360891299e-09,5.72179160593345e-02,5.72179266350278e-02,5.71942322920329e-02,lamp_kernel
2.378561e+02,12861,7.54431891566463e-09,5.72179109293765e-02,5.72179214747313e-02,5.71942676040867e-02,lamp_kernel
2.382288e+02,12881,7.52264421147500e-09,5.72179058244841e-02,5.72179163395423e-02,5.71943028043919e-02,lamp_kernel
2.386015e+02,12901,7.50102086963974e-09,5.72179007444971e-02,5.72179112293304e-02,5.71943378934753e-02,lamp_kernel
2.389741e+02,12921,7.47940185840206e-09,5.72178956892578e-02,5.72179061438723e-02,5.71943728718600e-02,lamp_kernel
2.393468e+02,12941,7.45779207980046e-09,5.72178906586085e-02,5.72179010830171e-02,5.71944077400661e-02,lamp_kernel
2.397195e+02,12961,7.43615710271050e-09,5.72178856523958e-02,5.72178960465633e-02,5.71944424986106e-02,lamp_kernel
2.400922e+02,12981,7.41467977399939e-09,5.72178806704611e-02,5.72178910346079e-02,5.71944771480067e-02,lamp_kernel
2.404649e+02,13001,7.39347989284618e-09,5.72178757126493e-02,5.72178860471631e-02,5.71945116887651e-02,lamp_kernel
2.408375e+02,13021,7.37229072809960e-09,5.72178707788096e-02,5.72178810837055e-02,5.71945461213928e-02,lamp_kernel
2.412102e+02,13041,7.35114263441613e-09,5.72178658687908e-02,5.72178761441261e-02,5.71945804463939e-02,lamp_kernel
2.415829e+02,13061,7.32996519968951e-09,5.72178609824420e-02,5.72178712281758e-02,5.71946146642692e-02,lamp_kernel
2.419555e+02,13081,7.30891094146551e-09,5.72178561196137e-02,5.72178663359182e-02,5.71946487755168e-02,lamp_kernel
2.423282e+02,13101,7.28812429170194e-09,5.72178512801577e-02,5.72178614674069e-02,5.71946827806311e-02,lamp_kernel
2.427009e+02,13121,7.26740556616370e-09,5.72178464639281e-02,5.72178566222169e-02,5.71947166797454e-02,lamp_kernel
2.430736e+02,13141,7.24675655550444e-09,5.72178416707778e-02,5.72178518002036e-02,5.71947504672489e-02,lamp_kernel
2.434463e+02,13161,7.22613692489712e-09,5.72178369005623e-02,5.72178470011662e-02,5.71947841501452e-02,lamp_kernel
2.438189e+02,13181,7.20571210526280e-09,5.72178321531386e-02,5.72178422251930e-02,5.71948177289162e-02,lamp_kernel
2.441917e+02,13201,7.18582130760365e-09,5.72178274283607e-02,5.72178374726120e-02,5.71948512040411e-02,lamp_kernel
2.445643e+02,13221,7.16605392002080e-09,5.72178227260909e-02,5.72178327427115e-02,5.71948845759963e-02,lamp_kernel
2.449370e+02,13241,7.14650220080038e-09,5.72178180461863e-02,5.72178280354778e-02,5.71949178452550e-02,lamp_kernel
2.453097e+02,13261,7.12713270703579e-09,5.72178133885102e-02,5.72178233507273e-02,5.71949510122879e-02,lamp_kernel
2.456824e+02,13281,7.10800369394623e-09,5.72178087529215e-02,5.72178186884003e-02,5.71949840775623e-02,lamp_kernel
2.460551e+02,13301,7.08895521663269e-09,5.72178041392833e-02,5.72178140481363e-02,5.71950170415431e-02,lamp_kernel
2.464278e+02,13321,7.06990105576031e-09,5.72177995474555e-02,5.72178094296749e-02,5.71950499046923e-02,lamp_kernel
2.468005e+02,13341,7.05086666826840e-09,5.72177949773115e-02,5.72178048329249e-02,5.71950826674689e-02,lamp_kernel
2.471732e+02,13361,7.03183332025227e-09,5.72177904287097e-02,5.72178002577185e-02,5.71951153303293e-02,lamp_kernel
2.475459e+02,13381,7.01287071290362e-09,5.72177859015215e-02,5.72177957040246e-02,5.71951478937271e-02,lamp_kernel
2.479186e+02,13401,6.99400873659545e-09,5.72177813956112e-02,5.72177911717493e-02,5.71951803581134e-02,lamp_kernel
2.482913e+02,13421,6.97527296608363e-09,5.72177769108466e-02,5.72177866607960e-02,5.71952127239359e-02,lamp_kernel
2.486640e+02,13441,6.95656195451362e-09,5.72177724470971e-02,5.72177821708925e-02,5.71952449916403e-02,lamp_kernel
2.490367e+02,13461,6.93793860294438e-09,5.72177680042357e-02,5.72177777019996e-02,5.71952771616694e-02,lamp_kernel
2.494094e+02,13481,6.91931773645143e-09,5.72177635821357e-02,5.72177732538716e-02,5.71953092344631e-02,lamp_kernel
2.497820e+02,13501,6.90066785253294e-09,5.72177591806668e-02,5.72177688263341e-02,5.71953412104591e-02,lamp_kernel
2.501548e+02,13521,6.88196211721152e-09,5.72177547997003e-02,5.72177644192210e-02,5.71953730900922e-02,lamp_kernel
2.505274e+02,13541,6.86325708005249e-09,5.72177504391149e-02,5.72177600324899e-02,5.71954048737946e-02,lamp_kernel
2.509001e+02,13561,6.84453790979074e-09,5.72177460987809e-02,5.72177556659905e-02,5.71954365619960e-02,lamp_kernel
2.512728e+02,13581,6.82585707967209e-09,5.72177417785776e-02,5.72177513196754e-02,5.71954681551235e-02,lamp_kernel
2.516455e+02,13601,6.80717841241926e-09,5.72177374783794e-02,5.72177469933684e-02,5.71954996536017e-02,lamp_kernel
2.520182e+02,13621,6.78846573777640e-09,5.72177331980696e-02,5.72177426869023e-02,5.71955310578527e-02,lamp_kernel
2.523909e+02,13641,6.76974105149442e-09,5.72177289375255e-02,5.72177384001850e-02,5.71955623682959e-02,lamp_kernel
2.527636e+02,13661,6.75098721901359e-09,5.72177246966222e-02,5.72177341330678e-02,5.71955935840839e-02,lamp_kernel
2.531363e+02,13681,6.73223656499144e-09,5.72177204752434e-02,5.72177298854796e-02,5.71956247041533e-02,lamp_kernel
2.535090e+02,13701,6.71351303872745e-09,5.72177162732687e-02,5.72177256573334e-02,5.71956557316905e-02,lamp_kernel
2.538817e+02,13721,6.69485117796351e-09,5.72177120905819e-02,5.72177214485612e-02,5.71956866671052e-02,lamp_kernel
2.542544e+02,13741,6.67617487379618e-09,5.72177079270681e-02,5.72177172589419e-02,5.71957175108043e-02,lamp_kernel
2.546271e+02,13761,6.65751474664136e-09,5.72177037826088e-02,5.72177130883998e-02,5.71957482631926e-02,lamp_kernel
2.549998e+02,13781,6.63893537103487e-09,5.72176996570900e-02,5.72177089369109e-02,5.71957789246724e-02,lamp_kernel
2.553725e+02,13801,6.62050471625016e-09,5.72176955503942e-02,5.72177048044530e-02,5.71958094956437e-02,lamp_kernel
2.557452e+02,13821,6.60210910506379e-09,5.72176914624123e-02,5.72177006907580e-02,5.71958399765040e-02,lamp_kernel
2.561179e+02,13841,6.58372395448972e-09,5.72176873930294e-02,5.72176965956765e-02,5.71958703676488e-02,lamp_kernel
2.564906e+02,13861,6.56544239444492e-09,5.72176833421316e-02,5.72176925192249e-02,5.71959006694709e-02,lamp_kernel
2.568633e+02,13881,6.54722922499550e-09,5.72176793096135e-02,5.72176884612487e-02,5.71959308823612e-02,lamp_kernel
2.572360e+02,13901,6.52898794352331e-09,5.72176752953630e-02,5.72176844215008e-02,5.71959610067079e-02,lamp_kernel
2.576087e+02,13921,6.51075779362006e-09,5.72176712992648e-02,5.72176803999207e-02,5.71959910428973e-02,lamp_kernel
2.579814e+02,13941,6.49261116569004e-09,5.72176673212173e-02,5.72176763965081e-02,5.71960209913134e-02,lamp_kernel
2.583541e+02,13961,6.47471967482716e-09,5.72176633611095e-02,5.72176724113918e-02,5.71960508523378e-02,lamp_kernel
2.587268e+02,13981,6.45715362317440e-09,5.72176594188336e-02,5.72176684445623e-02,5.71960806263500e-02,lamp_kernel
2.590995e+02,14001,6.43979344269442e-09,5.72176554942847e-02,5.72176644957475e-02,5.71961103137275e-02,lamp_kernel
2.594722e+02,14021,6.42262177959436e-09,5.72176515873584e-02,5.72176605648189e-02,5.71961399148452e-02,lamp_kernel
2.598449e+02,14041,6.40574372843210e-09,5.72176476979487e-02,5.72176566518172e-02,5.71961694300761e-02,lamp_kernel
2.602176e+02,14061,6.38897050246143e-09,5.72176438259474e-02,5.72176527563706e-02,5.71961988597911e-02,lamp_kernel
2.605903e+02,14081,6.37222013908955e-09,5.72176399712563e-02,5.72176488782660e-02,5.71962282043590e-02,lamp_kernel
2.609630e+02,14101,6.35550972159851e-09,5.72176361337719e-02,5.72176450174240e-02,5.71962574641462e-02,lamp_kernel
2.613357e+02,14121,6.33879120798243e-09,5.72176323133919e-02,5.72176411736751e-02,5.71962866395173e-02,lamp_kernel
2.617084e+02,14141,6.32204374691488e-09,5.72176285100165e-02,5.72176373468903e-02,5.71963157308347e-02,lamp_kernel
2.620812e+02,14161,6.30531963884144e-09,5.72176247235381e-02,5.72176335370352e-02,5.71963447384587e-02,lamp_kernel
2.624539e+02,14181,6.28864979720672e-09,5.72176209538664e-02,5.72176297440626e-02,5.71963736627477e-02,lamp_kernel
2.628266e+02,14201,6.27199263723074e-09,5.72176172008983e-02,5.72176259678112e-02,5.71964025040577e-02,lamp_kernel
2.631993e+02,14221,6.25557515422237e-09,5.72176134645335e-02,5.72176222084983e-02,5.71964312627432e-02,lamp_kernel
2.635720e+02,14241,6.23935067241493e-09,5.72176097446787e-02,5.72176184659652e-02,5.71964599391563e-02,lamp_kernel
2.639447e+02,14261,6.22314252898294e-09,5.72176060412344e-02,5.72176147398653e-02,5.71964885336469e-02,lamp_kernel
2.643174e+02,14281,6.20691858981480e-09,5.72176023541032e-02,5.72176110300565e-02,5.71965170465638e-02,lamp_kernel
2.646901e+02,14301,6.19068221149635e-09,5.72175986831920e-02,5.72176073364503e-02,5.71965454782529e-02,lamp_kernel
2.650628e+02,14321,6.17446417708988e-09,5.72175950284019e-02,5.72176036589908e-02,5.71965738290586e-02,lamp_kernel
2.654356e+02,14341,6.15827714682790e-09,5.72175913896459e-02,5.72175999976088e-02,5.71966020993232e-02,lamp_kernel
2.658083e+02,14361,6.14218017369653e-09,5.72175877668240e-02,5.72175963522868e-02,5.71966302893874e-02,lamp_kernel
2.661810e+02,14381,6.12620594405103e-09,5.72175841598460e-02,5.72175927229801e-02,5.71966583995893e-02,lamp_kernel
2.665538e+02,14401,6.11025584441652e-09,5.72175805686166e-02,5.72175891094559e-02,5.71966864302658e-02,lamp_kernel
2.669265e+02,14421,6.09437264882009e-09,5.72175769930505e-02,5.72175855116885e-02,5.71967143817517e-02,lamp_kernel
2.672992e+02,14441,6.07859963991141e-09,5.72175734330465e-02,5.72175819296371e-02,5.71967422543798e-02,lamp_kernel
2.676720e+02,14461,6.06294556820880e-09,5.72175698885231e-02,5.72175783632327e-02,5.71967700484365e-02,lamp_kernel
2.680447e+02,14481,6.04734942983441e-09,5.72175663593899e-02,5.72175748122994e-02,5.71967977637026e-02,lamp_kernel
2.684174e+02,14501,6.03186425566772e-09,5.72175628455543e-02,5.72175712768188e-02,5.71968254011069e-02,lamp_kernel
2.687902e+02,14521,6.01642279824067e-09,5.72175593469284e-02,5.72175677566091e-02,5.71968529609746e-02,lamp_kernel
2.691629e+02,14541,6.00097711422614e-09,5.72175558634262e-02,5.72175642515171e-02,5.71968804436294e-02,lamp_kernel
2.695357e+02,14561,5.98557761656789e-09,5.72175523949572e-02,5.72175607615228e-02,5.71969078493929e-02,lamp_kernel
2.699084e+02,14581,5.97024578974006e-09,5.72175489414361e-02,5.72175572865711e-02,5.71969351785854e-02,lamp_kernel
2.702811e+02,14601,5.95514355756059e-09,5.72175455027820e-02,5.72175538268073e-02,5.71969624315251e-02,lamp_kernel
2.706539e+02,14621,5.94019044808967e-09,5.72175420789026e-02,5.72175503820266e-02,5.71969896085284e-02,lamp_kernel
2.710267e+02,14641,5.92545845802305e-09,5.72175386697150e-02,5.72175469522469e-02,5.71970167099102e-02,lamp_kernel
2.713994e+02,14661,5.91100049770513e-09,5.72175352751364e-02,5.72175435374591e-02,5.71970437355230e-02,lamp_kernel
2.717722e+02,14681,5.89657878722299e-09,5.72175318950814e-02,5.72175401372456e-02,5.71970706820831e-02,lamp_kernel
2.721449e+02,14701,5.88217388093629e-09,5.72175285294662e-02,5.72175367514954e-02,5.71970975539804e-02,lamp_kernel
2.725176e+02,14721,5.86777748611615e-09,5.72175251782113e-02,5.72175333801174e-02,5.71971243515229e-02,lamp_kernel
2.728903e+02,14741,5.85353457996872e-09,5.72175218412341e-02,5.72175300232316e-02,5.71971510750163e-02,lamp_kernel
2.732631e+02,14761,5.83943323518877e-09,5.72175185184511e-02,5.72175266807380e-02,5.71971777247653e-02,lamp_kernel
2.736358e+02,14781,5.82531514466077e-09,5.72175152097813e-02,5.72175233523340e-02,5.71972043010726e-02,lamp_kernel
2.740085e+02,14801,5.81123179717596e-09,5.72175119151474e-02,5.72175200380146e-02,5.71972308042389e-02,lamp_kernel
2.743813e+02,14821,5.79715864606496e-09,5.72175086344661e-02,5.72175167376621e-02,5.71972572345639e-02,lamp_kernel
2.747540e+02,14841,5.78315687820994e-09,5.72175053676608e-02,5.72175134512852e-02,5.71972835923453e-02,lamp_kernel
2.751267e+02,14861,5.76918582452771e-09,5.72175021146513e-02,5.72175101787472e-02,5.71973098778793e-02,lamp_kernel
2.754995e+02,14881,5.75522934786012e-09,5.72174988753605e-02,5.72175069199482e-02,5.71973360914605e-02,lamp_kernel
2.758723e+02,14901,5.74137634569113e-09,5.72174956497101e-02,5.72175036749343e-02,5.71973622333817e-02,lamp_kernel
2.762450e+02,14921,5.72768285984226e-09,5.72174924376256e-02,5.72175004437092e-02,5.71973883039345e-02,lamp_kernel
2.766178e+02,14941,5.71403885229800e-09,5.72174892390262e-02,5.72174972260383e-02,5.71974143034086e-02,lamp_kernel
2.769905e+02,14961,5.70049118877195e-09,5.72174860538398e-02,5.72174940219152e-02,5.71974402320923e-02,lamp_kernel
2.773632e+02,14981,5.68701072620731e-09,5.72174828819878e-02,5.72174908312204e-02,5.71974660902724e-02,lamp_kernel
2.777360e+02,15001,5.67369349238608e-09,5.72174797233956e-02,5.72174876540135e-02,5.71974918782339e-02,lamp_kernel
2.781087e+02,15021,5.66065981838934e-09,5.72174765779873e-02,5.72174844903869e-02,5.71975175962604e-02,lamp_kernel
2.784814e+02,15041,5.64785230453617e-09,5.72174734456968e-02,5.72174813401942e-02,5.71975432446342e-02,lamp_kernel
2.788541e+02,15061,5.63511492584722e-09,5.72174703264453e-02,5.72174782031386e-02,5.71975688236359e-02,lamp_kernel
2.792269e+02,15081,5.62234358174911e-09,5.72174672201582e-02,5.72174750789998e-02,5.71975943335443e-02,lamp_kernel
2.795996e+02,15101,5.60963705554325e-09,5.72174641267631e-02,5.72174719678437e-02,5.71976197746375e-02,lamp_kernel
2.799723e+02,15121,5.59696506856266e-09,5.72174610461897e-02,5.72174688695576e-02,5.71976451471912e-02,lamp_kernel
2.803451e+02,15141,5.58427847696247e-09,5.72174579783677e-02,5.72174657840024e-02,5.71976704514802e-02,lamp_kernel
2.807178e+02,15161,5.57162352648105e-09,5.72174549232240e-02,5.72174627111698e-02,5.71976956877779e-02,lamp_kernel
2.810905e+02,15181,5.55911925307146e-09,5.72174518806911e-02,5.72174596511585e-02,5.71977208563558e-02,lamp_kernel
2.814633e+02,15201,5.54664428197147e-09,5.72174488506953e-02,5.72174566037254e-02,5.71977459574844e-02,lamp_kernel
2.818360e+02,15221,5.53417817775776e-09,5.72174458331685e-02,5.72174535687737e-02,5.71977709914326e-02,lamp_kernel
2.822088e+02,15241,5.52171496408948e-09,5.72174428280407e-02,5.72174505462249e-02,5.71977959584678e-02,lamp_kernel
2.825815e+02,15261,5.50929668096481e-09,5.72174398352416e-02,5.72174475360677e-02,5.71978208588559e-02,lamp_kernel
2.829542e+02,15281,5.49686521221979e-09,5.72174368547121e-02,5.72174445381616e-02,5.71978456928617e-02,lamp_kernel
2.833269e+02,15301,5.48444548916187e-09,5.72174338863747e-02,5.72174415524641e-02,5.71978704607486e-02,lamp_kernel
2.836997e+02,15321,5.47212875838093e-09,5.72174309301648e-02,5.72174385790380e-02,5.71978951627782e-02,lamp_kernel
2.840724e+02,15341,5.46000913491486e-09,5.72174279860178e-02,5.72174356179503e-02,5.71979197992112e-02,lamp_kernel
2.844451e+02,15361,5.44793038050548e-09,5.72174250538659e-02,5.72174326689150e-02,5.71979443703067e-02,lamp_kernel
2.848179e+02,15381,5.43585417775587e-09,5.72174221336420e-02,5.72174297318111e-02,5.71979688763225e-02,lamp_kernel
2.851906e+02,15401,5.42375055376075e-09,5.72174192252844e-02,5.72174268065352e-02,5.71979933175148e-02,lamp_kernel
2.855633e+02,15421,5.41163152072104e-09,5.72174163287248e-02,5.72174238930358e-02,5.71980176941391e-02,lamp_kernel
2.859361e+02,15441,5.39952508192119e-09,5.72174134438962e-02,5.72174209912849e-02,5.71980420064488e-02,lamp_kernel
2.863089e+02,15461,5.38740141151085e-09,5.72174105707399e-02,5.72174181011823e-02,5.71980662546965e-02,lamp_kernel
2.867724e+02,15481,5.37531115916352e-09,5.72174077091918e-02,5.72174152227346e-02,5.71980904391333e-02,lamp_kernel
2.871452e+02,15501,5.36325260187721e-09,5.72174048591850e-02,5.72174123558725e-02,5.71981145600092e-02,lamp_kernel
2.875179e+02,15521,5.35122344556751e-09,5.72174020206562e-02,5.72174095005295e-02,5.71981386175724e-02,lamp_kernel
2.878907e+02,15541,5.33926396199526e-09,5.72173991935496e-02,5.72174066567061e-02,5.71981626120704e-02,lamp_kernel
2.882634e+02,15561,5.32749132008496e-09,5.72173963777948e-02,5.72174038244956e-02,5.71981865437489e-02,lamp_kernel
2.886361e+02,15581,5.31575214462037e-09,5.72173935733357e-02,5.72174010036277e-02,5.71982104128529e-02,lamp_kernel
2.890089e+02,15601,5.30407890376164e-09,5.72173907801093e-02,5.72173981940846e-02,5.71982342196257e-02,lamp_kernel
2.893816e+02,15621,5.29243505803223e-09,5.72173879980507e-02,5.72173953957503e-02,5.71982579643094e-02,lamp_kernel
2.897543e+02,15641,5.28092400556876e-09,5.72173852271090e-02,5.72173926087186e-02,5.71982816471450e-02,lamp_kernel
2.901270e+02,15661,5.26953094851799e-09,5.72173824672179e-02,5.72173898329025e-02,5.71983052683723e-02,lamp_kernel
2.904997e+02,15681,5.25814175425897e-09,5.72173797183178e-02,5.72173870680826e-02,5.71983288282295e-02,lamp_kernel
2.908724e+02,15701,5.24675250164182e-09,5.72173769803521e-02,5.72173843141972e-02,5.71983523269541e-02,lamp_kernel
2.912451e+02,15721,5.23543738268353e-09,5.72173742532602e-02,5.72173815712892e-02,5.71983757647819e-02,lamp_kernel
2.916179e+02,15741,5.22419226366565e-09,5.72173715369812e-02,5.72173788392919e-02,5.71983991419478e-02,lamp_kernel
2.919906e+02,15761,5.21308054220707e-09,5.72173688314597e-02,5.72173761182386e-02,5.71984224586855e-02,lamp_kernel
2.923633e+02,15781,5.20199327271035e-09,5.72173661366395e-02,5.72173734079207e-02,5.71984457152274e-02,lamp_kernel
2.927360e+02,15801,5.19090130693361e-09,5.72173634524613e-02,5.72173707082383e-02,5.71984689118047e-02,lamp_kernel
2.931087e+02,15821,5.17982038713845e-09,5.72173607788698e-02,5.72173680191580e-02,5.71984920486474e-02,lamp_kernel
2.934814e+02,15841,5.16878642457999e-09,5.72173581158053e-02,5.72173653406704e-02,5.71985151259843e-02,lamp_kernel
2.938542e+02,15861,5.15775062375770e-09,5.72173554632163e-02,5.72173626726557e-02,5.71985381440434e-02,lamp_kernel
2.942269e+02,15881,5.14675455101175e-09,5.72173528210421e-02,5.72173600151114e-02,5.71985611030513e-02,lamp_kernel
2.945996e+02,15901,5.13579846725115e-09,5.72173501892304e-02,5.72173573679854e-02,5.71985840032332e-02,lamp_kernel
2.949724e+02,15921,5.12484225395908e-09,5.72173475677247e-02,5.72173547311652e-02,5.71986068448135e-02,lamp_kernel
2.953451e+02,15941,5.11388362265466e-09,5.72173449564700e-02,5.72173521045927e-02,5.71986296280154e-02,lamp_kernel
2.957178e+02,15961,5.10296035834938e-09,5.72173423554136e-02,5.72173494882679e-02,5.71986523530610e-02,lamp_kernel
2.960905e+02,15981,5.09206992381531e-09,5.72173397645036e-02,5.72173468821353e-02,5.71986750201710e-02,lamp_kernel
2.964633e+02,16001,5.08114932465190e-09,5.72173371836810e-02,5.72173442860481e-02,5.71986976295654e-02,lamp_kernel
2.968360e+02,16021,5.07021372457805e-09,5.72173346128917e-02,5.72173416999732e-02,5.71987201814627e-02,lamp_kernel
2.972087e+02,16041,5.05925703556317e-09,5.72173320520895e-02,5.72173391238558e-02,5.71987426760807e-02,lamp_kernel
2.975815e+02,16061,5.04829402871924e-09,5.72173295012171e-02,5.72173365576595e-02,5.71987651136358e-02,lamp_kernel
2.979542e+02,16081,5.03732086787553e-09,5.72173269602239e-02,5.72173340013281e-02,5.71987874943436e-02,lamp_kernel
2.983269e+02,16101,5.02634982237419e-09,5.72173244290554e-02,5.72173314548244e-02,5.71988098184182e-02,lamp_kernel
2.986996e+02,16121,5.01537509421833e-09,5.72173219076644e-02,5.72173289180930e-02,5.71988320860731e-02,lamp_kernel
2.990723e+02,16141,5.00439244660442e-09,5.72173193959972e-02,5.72173263910744e-02,5.71988542975204e-02,lamp_kernel
2.994450e+02,16161,4.99339993262161e-09,5.72173168940028e-02,5.72173238737148e-02,5.71988764529713e-02,lamp_kernel
2.998178e+02,16181,4.98238016620274e-09,5.72173144016293e-02,5.72173213659381e-02,5.71988985526359e-02,lamp_kernel
3.001905e+02,16201,4.97136942645087e-09,5.72173119188274e-02,5.72173188677455e-02,5.71989205967233e-02,lamp_kernel
3.005632e+02,16221,4.96037316370233e-09,5.72173094455493e-02,5.72173163790970e-02,5.71989425854415e-02,lamp_kernel
3.009360e+02,16241,4.94944297707683e-09,5.72173069817409e-02,5.72173139000105e-02,5.71989645189976e-02,lamp_kernel
3.013087e+02,16261,4.93855783997983e-09,5.72173045273570e-02,5.72173114304114e-02,5.71989863975974e-02,lamp_kernel
3.016814e+02,16281,4.92767023001660e-09,5.72173020823465e-02,5.72173089701824e-02,5.71990082214459e-02,lamp_kernel
3.020541e+02,16301,4.91676212229402e-09,5.72172996466637e-02,5.72173065192524e-02,5.71990299907471e-02,lamp_kernel
3.024268e+02,16321,4.90583876028306e-09,5.72172972202529e-02,5.72173040775731e-02,5.71990517057040e-02,lamp_kernel
3.027996e+02,16341,4.89504049494147e-09,5.72172948030758e-02,5.72173016453023e-02,5.71990733665185e-02,lamp_kernel
3.031723e+02,16361,4.88428844872804e-09,5.72172923950767e-02,5.72172992222741e-02,5.71990949697607e-02,lamp_kernel
3.035450e+02,16381,4.87360665619375e-09,5.72172899962153e-02,5.72172968084819e-02,5.71991165099687e-02,lamp_kernel
3.039177e+02,16401,4.86296532714084e-09,5.72172876064369e-02,5.72172944038291e-02,5.71991379911377e-02,lamp_kernel
3.042904e+02,16421,4.85233958736234e-09,5.72172852256974e-02,5.72172920082371e-02,5.71991594190622e-02,lamp_kernel
3.046631e+02,16441,4.84182143215690e-09,5.72172828539545e-02,5.72172896217921e-02,5.71991807939387e-02,lamp_kernel
3.050358e+02,16461,4.83132167612069e-09,5.72172804911553e-02,5.72172872443164e-02,5.71992021159629e-02,lamp_kernel
3.054086e+02,16481,4.82081804888656e-09,5.72172781372567e-02,5.72172848757359e-02,5.71992233853293e-02,lamp_kernel
3.057813e+02,16501,4.81032109241157e-09,5.72172757922153e-02,5.72172825160220e-02,5.71992446022317e-02,lamp_kernel
3.061540e+02,16521,4.79986419910787e-09,5.72172734559803e-02,5.72172801651705e-02,5.71992657668629e-02,lamp_kernel
3.065267e+02,16541,4.78940060118873e-09,5.72172711285096e-02,5.72172778230740e-02,5.71992868794146e-02,lamp_kernel
3.068995e+02,16561,4.77890947570239e-09,5.72172688097621e-02,5.72172754896621e-02,5.71993079400778e-02,lamp_kernel
3.072722e+02,16581,4.76840999351661e-09,5.72172664996884e-02,5.72172731649123e-02,5.71993289439665e-02,lamp_kernel
3.076449e+02,16601,4.75793693696822e-09,5.72172641982467e-02,5.72172708488315e-02,5.71993498952958e-02,lamp_kernel
3.080176e+02,16621,4.74746227542256e-09,5.72172619053863e-02,5.72172685413298e-02,5.71993707953230e-02,lamp_kernel
3.083903e+02,16641,4.73701491836679e-09,5.72172596210738e-02,5.72172662424141e-02,5.71993916442350e-02,lamp_kernel
3.087630e+02,16661,4.72660545803934e-09,5.72172573452602e-02,5.72172639520502e-02,5.71994124422182e-02,lamp_kernel
3.091358e+02,16681,4.71625232024823e-09,5.72172550779020e-02,5.72172616702206e-02,5.71994331894577e-02,lamp_kernel
3.095085e+02,16701,4.70597599866853e-09,5.72172528189600e-02,5.72172593969145e-02,5.71994538861380e-02,lamp_kernel
3.098812e+02,16721,4.69572215109588e-09,5.72172505683865e-02,5.72172571320083e-02,5.71994745324428e-02,lamp_kernel
3.102539e+02,16741,4.68548640556931e-09,5.72172483261397e-02,5.72172548754541e-02,5.71994951285545e-02,lamp_kernel
3.106267e+02,16761,4.67532540894503e-09,5.72172460921803e-02,5.72172526272917e-02,5.71995156746551e-02,lamp_kernel
3.109994e+02,16781,4.66518737371848e-09,5.72172438664651e-02,5.72172503874057e-02,5.71995361709252e-02,lamp_kernel
3.113721e+02,16801,4.65506242790682e-09,5.72172416489552e-02,5.72172481557433e-02,5.71995566175452e-02,lamp_kernel
3.117448e+02,16821,4.64494417330401e-09,5.72172394396065e-02,5.72172459322514e-02,5.71995770146941e-02,lamp_kernel
3.121176e+02,16841,4.63485486124899e-09,5.72172372383764e-02,5.72172437169187e-02,5.71995973599456e-02,lamp_kernel
3.124903e+02,16861,4.62480070881085e-09,5.72172350452247e-02,5.72172415097134e-02,5.71996176556523e-02,lamp_kernel
3.128630e+02,16881,4.61473947293457e-09,5.72172328601142e-02,5.72172393105394e-02,5.71996379024409e-02,lamp_kernel
3.132357e+02,16901,4.60466593731489e-09,5.72172306830010e-02,5.72172371193456e-02,5.71996581004871e-02,lamp_kernel
3.136084e+02,16921,4.59459705105138e-09,5.72172285138499e-02,5.72172349361203e-02,5.71996782499658e-02,lamp_kernel
3.139812e+02,16941,4.58459478982268e-09,5.72172263526129e-02,5.72172327609022e-02,5.71996983510509e-02,lamp_kernel
3.143539e+02,16961,4.57463303139897e-09,5.72172241992557e-02,5.72172305936206e-02,5.71997184039155e-02,lamp_kernel
3.147266e+02,16981,4.56464238649992e-09,5.72172220537405e-02,5.72172284341406e-02,5.71997384087322e-02,lamp_kernel
3.150993e+02,17001,4.55464935241313e-09,5.72172199160229e-02,5.72172262824549e-02,5.71997583656723e-02,lamp_kernel
3.154720e+02,17021,4.54472101466970e-09,5.72172177860671e-02,5.72172241386213e-02,5.71997782749066e-02,lamp_kernel
3.158447e+02,17041,4.53481683360916e-09,5.72172156638353e-02,5.72172220025456e-02,5.71997981366051e-02,lamp_kernel
3.162174e+02,17061,4.52491678297091e-09,5.72172135492896e-02,5.72172198741618e-02,5.71998179509369e-02,lamp_kernel
3.165902e+02,17081,4.51503424474872e-09,5.72172114423886e-02,5.72172177534471e-02,5.71998377180702e-02,lamp_kernel
3.169629e+02,17101,4.50514132802358e-09,5.72172093430944e-02,5.72172156403247e-02,5.71998574381726e-02,lamp_kernel
3.173356e+02,17121,4.49524622040493e-09,5.72172072513733e-02,5.72172135347723e-02,5.71998771114107e-02,lamp_kernel
3.177083e+02,17141,4.48541666654898e-09,5.72172051671868e-02,5.72172114368462e-02,5.71998967379508e-02,lamp_kernel
3.180810e+02,17161,4.47563982688224e-09,5.72172030904947e-02,5.72172093464882e-02,5.71999163179577e-02,lamp_kernel
3.184537e+02,17181,4.46589141402495e-09,5.72172010212593e-02,5.72172072636266e-02,5.71999358515961e-02,lamp_kernel
3.188264e+02,17201,4.45616105824681e-09,5.72171989594454e-02,5.72172051882117e-02,5.71999553390292e-02,lamp_kernel
3.191992e+02,17221,4.44639878438233e-09,5.72171969050211e-02,5.72172031201418e-02,5.71999747804204e-02,lamp_kernel
3.195719e+02,17241,4.43666364307940e-09,5.72171948579433e-02,5.72172010594563e-02,5.71999941759258e-02,lamp_kernel
3.199446e+02,17261,4.42695136461941e-09,5.72171928181809e-02,5.72171990061182e-02,5.72000135196966e-02,lamp_kernel
3.203174e+02,17281,4.41729468684535e-09,5.72171907856888e-02,5.72171969601282e-02,5.72000328179432e-02,lamp_kernel
3.206901e+02,17301,4.40761343971069e-09,5.72171887604436e-02,5.72171949213506e-02,5.72000520708251e-02,lamp_kernel
3.210628e+02,17321,4.39791908599921e-09,5.72171867424003e-02,5.72171928897567e-02,5.72000712785012e-02,lamp_kernel
3.214355e+02,17341,4.38828472338595e-09,5.72171847315319e-02,5.72171908654215e-02,5.72000904411298e-02,lamp_kernel
3.218082e+02,17361,4.37868300198959e-09,5.72171827277963e-02,5.72171888482647e-02,5.72001095588681e-02,lamp_kernel
3.221809e+02,17381,4.36908290262961e-09,5.72171807311598e-02,5.72171868382094e-02,5.72001286318732e-02,lamp_kernel
3.225537e+02,17401,4.35946653200606e-09,5.72171787415905e-02,5.72171848351983e-02,5.72001476603006e-02,lamp_kernel
3.229264e+02,17421,4.34982703049502e-09,5.72171767590528e-02,5.72171828391867e-02,5.72001666443060e-02,lamp_kernel
3.232991e+02,17441,4.34019358907864e-09,5.72171747835103e-02,5.72171808501787e-02,5.72001855840437e-02,lamp_kernel
3.236718e+02,17461,4.33054576056632e-09,5.72171728149291e-02,5.72171788681118e-02,5.72002044796676e-02,lamp_kernel
3.240445e+02,17481,4.32089775210197e-09,5.72171708532787e-02,5.72171768929756e-02,5.72002233313309e-02,lamp_kernel
3.244172e+02,17501,4.31122147099078e-09,5.72171688985240e-02,5.72171749246956e-02,5.72002421391859e-02,lamp_kernel
3.247899e+02,17521,4.30156436794185e-09,5.72171669506319e-02,5.72171729633048e-02,5.72002609033843e-02,lamp_kernel
3.251626e+02,17541,4.29196485990562e-09,5.72171650095663e-02,5.72171710088212e-02,5.72002796240773e-02,lamp_kernel
3.255353e+02,17561,4.28243788568361e-09,5.72171630752930e-02,5.72171690612312e-02,5.72002983014151e-02,lamp_kernel
3.259080e+02,17581,4.27297714352727e-09,5.72171611477854e-02,5.72171671204995e-02,5.72003169355473e-02,lamp_kernel
3.262807e+02,17601,4.26355810615675e-09,5.72171592270055e-02,5.72171651865538e-02,5.72003355266230e-02,lamp_kernel
3.266535e+02,17621,4.25416598658257e-09,5.72171573129229e-02,5.72171632593430e-02,5.72003540747902e-02,lamp_kernel
3.270262e+02,17641,4.24479849433228e-09,5.72171554055042e-02,5.72171613388305e-02,5.72003725751228e-02,lamp_kernel
3.273989e+02,17661,4.23539660528955e-09,5.72171535047207e-02,5.72171594249052e-02,5.72003910320470e-02,lamp_kernel
3.277716e+02,17681,4.22600011823020e-09,5.72171516105375e-02,5.72171575175877e-02,5.72004094369041e-02,lamp_kernel
3.281443e+02,17701,4.21659594019313e-09,5.72171497229238e-02,5.72171556168290e-02,5.72004277985232e-02,lamp_kernel
3.285170e+02,17721,4.20720126438345e-09,5.72171478418444e-02,5.72171537226178e-02,5.72004461180069e-02,lamp_kernel
3.288898e+02,17741,4.19779561393409e-09,5.72171459672733e-02,5.72171518348996e-02,5.72004643954995e-02,lamp_kernel
3.292625e+02,17761,4.18840421437449e-09,5.72171440991764e-02,5.72171499536755e-02,5.72004826311444e-02,lamp_kernel
3.296352e+02,17781,4.17903829943257e-09,5.72171422375194e-02,5.72171480789270e-02,5.72005008250844e-02,lamp_kernel
c_index=-0.05721714223751941,Sw=0.0,Smin=0.05721714223751941,Smax=0.05721714223751941,Nw=69,pairs=190
