time(s),iter,infeas,ot_objective,dual
1.272947e-03,1,8.39413881762569e-01,0.00000000000000e+00,-6.00807227943205e+00,sinkhorn_cellsim
5.310233e-02,21,8.39413881762569e-01,2.68506392008586e-250,4.92560089927897e+01,sinkhorn_cellsim
1.048194e-01,41,8.39413881762570e-01,5.03965115700761e-170,1.04520090265012e+02,sinkhorn_cellsim
1.565543e-01,61,8.39413881762570e-01,9.45902389672305e-90,1.59784171537233e+02,sinkhorn_cellsim
2.083056e-01,81,8.39413881762569e-01,1.77530912996933e-09,2.15048252697935e+02,sinkhorn_cellsim
2.600625e-01,101,8.39413881762570e-01,4.24035642644865e-05,2.69795203493746e+02,sinkhorn_cellsim
3.118224e-01,121,8.38365768544540e-01,2.00718158680272e-04,3.24370834072085e+02,sinkhorn_cellsim
3.635799e-01,141,8.33592263904711e-01,1.61013640428006e-03,3.76616814683097e+02,sinkhorn_cellsim
4.153481e-01,161,8.23671989384323e-01,2.92981032597978e-03,4.25128971659969e+02,sinkhorn_cellsim
4.671226e-01,181,8.10092417343852e-01,5.00880864113762e-03,4.68341031178881e+02,sinkhorn_cellsim
5.188841e-01,201,7.99625718307729e-01,6.39652324855338e-03,5.06756280105074e+02,sinkhorn_cellsim
5.706556e-01,221,7.81994114301634e-01,1.00048207789029e-02,5.39868468581760e+02,sinkhorn_cellsim
6.224509e-01,241,7.71237922250271e-01,1.24649708287587e-02,5.68360969851548e+02,sinkhorn_cellsim
6.742399e-01,261,7.57328654133140e-01,1.52888452885806e-02,5.93435983309103e+02,sinkhorn_cellsim
7.260118e-01,281,7.43943964426407e-01,1.75643323071832e-02,6.15755707389508e+02,sinkhorn_cellsim
7.777852e-01,301,7.26273181635967e-01,2.13398962066445e-02,6.36336072590676e+02,sinkhorn_cellsim
8.295598e-01,321,7.15129405022865e-01,2.32638439744190e-02,6.54528181233428e+02,sinkhorn_cellsim
8.813532e-01,341,7.02461457876964e-01,2.50927856744190e-02,6.71563034414659e+02,sinkhorn_cellsim
9.331551e-01,361,6.81060125782235e-01,2.85401116202916e-02,6.87650480935690e+02,sinkhorn_cellsim
9.849531e-01,381,6.61419005095367e-01,3.10877357464661e-02,7.02733359493222e+02,sinkhorn_cellsim
1.036762e+00,401,6.41735646061280e-01,3.28287055060865e-02,7.16977541462356e+02,sinkhorn_cellsim
1.088579e+00,421,6.36132178048838e-01,3.43867146425775e-02,7.30542615446418e+02,sinkhorn_cellsim
1.140401e+00,441,6.22675775219291e-01,3.61343146630763e-02,7.43531392885771e+02,sinkhorn_cellsim
1.192218e+00,461,6.08210263888838e-01,3.83359932394989e-02,7.55948784725509e+02,sinkhorn_cellsim
1.244024e+00,481,5.93817212421342e-01,3.98831409021954e-02,7.67734434933130e+02,sinkhorn_cellsim
1.295848e+00,501,5.86406704812881e-01,4.05621906085512e-02,7.79248390182099e+02,sinkhorn_cellsim
1.347671e+00,521,5.72392959354006e-01,4.21918168640107e-02,7.90509798686719e+02,sinkhorn_cellsim
1.399502e+00,541,5.61227550597320e-01,4.42481180800119e-02,8.01410361930573e+02,sinkhorn_cellsim
1.451326e+00,561,5.47069465727385e-01,4.62102184983309e-02,8.11975900164042e+02,sinkhorn_cellsim
1.503147e+00,581,5.38909440073737e-01,4.67866470896876e-02,8.22231756294283e+02,sinkhorn_cellsim
1.554962e+00,601,5.29435599453885e-01,4.80724972763744e-02,8.32265147168726e+02,sinkhorn_cellsim
1.606783e+00,621,5.21629200986633e-01,4.92726368292811e-02,8.42055772597674e+02,sinkhorn_cellsim
1.658599e+00,641,5.05031115341263e-01,5.15469844136890e-02,8.51443416814736e+02,sinkhorn_cellsim
1.710411e+00,661,5.00757253517160e-01,5.28539785152286e-02,8.60619565094722e+02,sinkhorn_cellsim
1.762211e+00,681,4.93804276033872e-01,5.37294625221207e-02,8.69633828651410e+02,sinkhorn_cellsim
1.814013e+00,701,4.87046404234886e-01,5.46699547796885e-02,8.78474377059789e+02,sinkhorn_cellsim
1.865820e+00,721,4.80817651302752e-01,5.57516857786061e-02,8.87175451590298e+02,sinkhorn_cellsim
1.917618e+00,741,4.71770705498184e-01,5.71238803698380e-02,8.95711867193419e+02,sinkhorn_cellsim
1.969423e+00,761,4.66540774119809e-01,5.82225987231466e-02,9.04080652864739e+02,sinkhorn_cellsim
2.021228e+00,781,4.58974038645607e-01,5.91306817018035e-02,9.12290091197768e+02,sinkhorn_cellsim
2.073038e+00,801,4.50668624081855e-01,6.04243653847640e-02,9.20163978429558e+02,sinkhorn_cellsim
2.124840e+00,821,4.47779819552087e-01,6.07453112597550e-02,9.27854259730739e+02,sinkhorn_cellsim
2.176650e+00,841,4.44936631543958e-01,6.12971145574809e-02,9.35463773571236e+02,sinkhorn_cellsim
2.228452e+00,861,4.39136508723573e-01,6.22711360635902e-02,9.42892483262621e+02,sinkhorn_cellsim
2.280268e+00,881,4.27654484523740e-01,6.35241477311140e-02,9.50165165933833e+02,sinkhorn_cellsim
2.332096e+00,901,4.23970854805320e-01,6.40367564140205e-02,9.57179483879522e+02,sinkhorn_cellsim
2.383912e+00,921,4.16755221948778e-01,6.45032425807260e-02,9.64064398990881e+02,sinkhorn_cellsim
2.435737e+00,941,4.10742984434454e-01,6.54818143893618e-02,9.70770282572589e+02,sinkhorn_cellsim
2.487555e+00,961,4.03271785034785e-01,6.67900463986156e-02,9.77155588702450e+02,sinkhorn_cellsim
2.539381e+00,981,3.91688447311534e-01,6.85243440647724e-02,9.83213704943744e+02,sinkhorn_cellsim
2.591204e+00,1001,3.77889297033432e-01,6.98339669870267e-02,9.88943205753352e+02,sinkhorn_cellsim
2.643024e+00,1021,3.74904220899295e-01,7.02872749254979e-02,9.94445145397141e+02,sinkhorn_cellsim
2.694861e+00,1041,3.66280188423212e-01,7.20710137133351e-02,9.99774425300619e+02,sinkhorn_cellsim
2.746685e+00,1061,3.51936224423819e-01,7.39590479630367e-02,1.00466939835997e+03,sinkhorn_cellsim
2.798502e+00,1081,3.41759710423440e-01,7.47713649979436e-02,1.00932559722215e+03,sinkhorn_cellsim
2.850321e+00,1101,3.32580881701409e-01,7.60898793136702e-02,1.01378381175495e+03,sinkhorn_cellsim
2.902139e+00,1121,3.26208350938511e-01,7.64629355994939e-02,1.01804659709432e+03,sinkhorn_cellsim
2.953968e+00,1141,3.16168092561335e-01,7.71479319176338e-02,1.02214852590213e+03,sinkhorn_cellsim
3.005797e+00,1161,3.05896042054387e-01,7.85128144499062e-02,1.02605633711432e+03,sinkhorn_cellsim
3.057625e+00,1181,2.98043496499037e-01,7.92741702677314e-02,1.02973520013465e+03,sinkhorn_cellsim
3.109462e+00,1201,2.85513803487763e-01,8.03326549264943e-02,1.03321518558219e+03,sinkhorn_cellsim
3.161294e+00,1221,2.80800606589722e-01,8.09026258767098e-02,1.03651300190401e+03,sinkhorn_cellsim
3.213135e+00,1241,2.78334626471250e-01,8.18345320092956e-02,1.03973179098400e+03,sinkhorn_cellsim
3.264976e+00,1261,2.71771176705633e-01,8.24520531777778e-02,1.04281192996959e+03,sinkhorn_cellsim
3.316811e+00,1281,2.60538722534189e-01,8.34390632953923e-02,1.04567286740242e+03,sinkhorn_cellsim
3.368645e+00,1301,2.53958628285705e-01,8.42616618616283e-02,1.04834230879637e+03,sinkhorn_cellsim
3.420475e+00,1321,2.50450812409726e-01,8.48583005110453e-02,1.05086179138714e+03,sinkhorn_cellsim
3.472311e+00,1341,2.49062594355132e-01,8.51369914152301e-02,1.05332347235917e+03,sinkhorn_cellsim
3.524149e+00,1361,2.40387406045520e-01,8.57140829024579e-02,1.05569971428541e+03,sinkhorn_cellsim
3.575983e+00,1381,2.34957786976990e-01,8.62151935478328e-02,1.05797348188172e+03,sinkhorn_cellsim
3.627812e+00,1401,2.28872703727376e-01,8.70893807545464e-02,1.06013855845084e+03,sinkhorn_cellsim
3.679643e+00,1421,2.23229299141881e-01,8.73703318190331e-02,1.06219371333546e+03,sinkhorn_cellsim
3.731480e+00,1441,2.17827954235223e-01,8.78709691189854e-02,1.06414648700817e+03,sinkhorn_cellsim
3.783317e+00,1461,2.12450841750533e-01,8.81515142273736e-02,1.06600293816237e+03,sinkhorn_cellsim
3.835142e+00,1481,2.10387765683855e-01,8.82833809588724e-02,1.06781782938431e+03,sinkhorn_cellsim
3.886958e+00,1501,2.05618049040625e-01,8.86061356436145e-02,1.06958371824371e+03,sinkhorn_cellsim
3.938770e+00,1521,1.99283411035405e-01,8.87881583927121e-02,1.07130495532554e+03,sinkhorn_cellsim
3.990581e+00,1541,1.93015627532299e-01,8.90302061067187e-02,1.07297089946570e+03,sinkhorn_cellsim
4.042392e+00,1561,1.90965312336040e-01,8.92284792998924e-02,1.07459251378716e+03,sinkhorn_cellsim
4.094197e+00,1581,1.85548297864303e-01,8.98838887756788e-02,1.07614572545625e+03,sinkhorn_cellsim
4.146002e+00,1601,1.82089900072001e-01,9.02749928929251e-02,1.07759323951844e+03,sinkhorn_cellsim
4.197802e+00,1621,1.79284072740913e-01,9.03874432801157e-02,1.07900533078742e+03,sinkhorn_cellsim
4.249614e+00,1641,1.76021419223202e-01,9.05990002071856e-02,1.08039045088671e+03,sinkhorn_cellsim
4.301416e+00,1661,1.71383198649596e-01,9.09093566947233e-02,1.08174085152503e+03,sinkhorn_cellsim
4.353216e+00,1681,1.67781089351720e-01,9.10225932097723e-02,1.08304277007869e+03,sinkhorn_cellsim
4.405011e+00,1701,1.63253140949961e-01,9.12522298030874e-02,1.08431894771513e+03,sinkhorn_cellsim
4.456814e+00,1721,1.60061112877026e-01,9.16706888967362e-02,1.08555540328576e+03,sinkhorn_cellsim
4.508600e+00,1741,1.57535753851487e-01,9.19337146946088e-02,1.08673090669665e+03,sinkhorn_cellsim
4.560394e+00,1761,1.53705592099688e-01,9.22160163720587e-02,1.08785951815648e+03,sinkhorn_cellsim
4.612187e+00,1781,1.45677291389433e-01,9.31200608840540e-02,1.08886952406613e+03,sinkhorn_cellsim
4.663982e+00,1801,1.42562049346645e-01,9.33029845446787e-02,1.08983778440471e+03,sinkhorn_cellsim
4.715772e+00,1821,1.40638006932878e-01,9.34118222010650e-02,1.09078407536144e+03,sinkhorn_cellsim
4.767572e+00,1841,1.37038443177994e-01,9.36514281245870e-02,1.09168758924500e+03,sinkhorn_cellsim
4.819368e+00,1861,1.32205901077217e-01,9.41718251452500e-02,1.09254928677935e+03,sinkhorn_cellsim
4.871159e+00,1881,1.28544120068231e-01,9.43607913639681e-02,1.09336046456510e+03,sinkhorn_cellsim
4.922948e+00,1901,1.25634147629371e-01,9.44464772552248e-02,1.09414496972761e+03,sinkhorn_cellsim
4.974732e+00,1921,1.23530708989539e-01,9.45048276554256e-02,1.09491808890668e+03,sinkhorn_cellsim
5.026523e+00,1941,1.21611598609317e-01,9.48390840011880e-02,1.09565675445101e+03,sinkhorn_cellsim
5.078312e+00,1961,1.20670641958744e-01,9.48862335913606e-02,1.09638008699670e+03,sinkhorn_cellsim
5.130108e+00,1981,1.18480302868110e-01,9.50038389213357e-02,1.09708882745275e+03,sinkhorn_cellsim
5.181901e+00,2001,1.14181344370001e-01,9.53159511792854e-02,1.09775844619016e+03,sinkhorn_cellsim
5.233694e+00,2021,1.12155203207222e-01,9.53833621187494e-02,1.09840687527175e+03,sinkhorn_cellsim
5.285488e+00,2041,1.08775425202806e-01,9.56879983450587e-02,1.09902295189093e+03,sinkhorn_cellsim
5.337282e+00,2061,1.07392578829719e-01,9.58738570961009e-02,1.09961159666006e+03,sinkhorn_cellsim
5.389072e+00,2081,1.05637940182413e-01,9.60194190394921e-02,1.10018197645758e+03,sinkhorn_cellsim
5.440870e+00,2101,1.03523622442981e-01,9.61621550881813e-02,1.10073616166020e+03,sinkhorn_cellsim
5.492671e+00,2121,1.00683652989104e-01,9.62288758845105e-02,1.10126374467994e+03,sinkhorn_cellsim
5.544478e+00,2141,9.87787114051787e-02,9.64002129065470e-02,1.10177918073011e+03,sinkhorn_cellsim
5.596285e+00,2161,9.73756548395588e-02,9.64787905158158e-02,1.10227516496346e+03,sinkhorn_cellsim
5.648082e+00,2181,9.60401839153614e-02,9.65925687551561e-02,1.10276036677346e+03,sinkhorn_cellsim
5.699883e+00,2201,9.50779663959659e-02,9.66748506056848e-02,1.10323489061169e+03,sinkhorn_cellsim
5.751678e+00,2221,9.43320703183043e-02,9.66959375086851e-02,1.10370542445407e+03,sinkhorn_cellsim
5.803481e+00,2241,9.39869705680010e-02,9.67220445909969e-02,1.10416753203783e+03,sinkhorn_cellsim
5.855277e+00,2261,9.31212854059390e-02,9.67916128130617e-02,1.10462587499362e+03,sinkhorn_cellsim
5.907078e+00,2281,9.22649101739131e-02,9.68417962771184e-02,1.10507922067910e+03,sinkhorn_cellsim
5.958878e+00,2301,9.13361722548033e-02,9.68837086189069e-02,1.10552985876595e+03,sinkhorn_cellsim
6.010684e+00,2321,9.05029926503007e-02,9.69333269079846e-02,1.10597727827456e+03,sinkhorn_cellsim
6.062488e+00,2341,8.90523057484211e-02,9.70127983927695e-02,1.10640967469321e+03,sinkhorn_cellsim
6.114279e+00,2361,8.71363845530702e-02,9.71174702616354e-02,1.10683207213967e+03,sinkhorn_cellsim
6.166082e+00,2381,8.64725886846820e-02,9.71474310433690e-02,1.10724334087598e+03,sinkhorn_cellsim
6.217878e+00,2401,8.55883614089824e-02,9.72268423664543e-02,1.10765057939234e+03,sinkhorn_cellsim
6.269675e+00,2421,8.40995766306093e-02,9.73271219684120e-02,1.10804833664644e+03,sinkhorn_cellsim
6.321465e+00,2441,8.15967927230879e-02,9.74744484592748e-02,1.10842408224585e+03,sinkhorn_cellsim
6.373266e+00,2461,7.87293235860859e-02,9.76073838894318e-02,1.10878243660781e+03,sinkhorn_cellsim
6.425058e+00,2481,7.62047328309711e-02,9.77035303458227e-02,1.10911191899821e+03,sinkhorn_cellsim
6.476858e+00,2501,7.52402394102075e-02,9.78357352411885e-02,1.10943549749665e+03,sinkhorn_cellsim
6.528658e+00,2521,7.48734875100687e-02,9.78678682873792e-02,1.10974350946569e+03,sinkhorn_cellsim
6.580456e+00,2541,7.45549280793666e-02,9.79104273752511e-02,1.11004768044729e+03,sinkhorn_cellsim
6.632257e+00,2561,7.24725319521901e-02,9.80511301875198e-02,1.11034201200624e+03,sinkhorn_cellsim
6.684056e+00,2581,7.06931662498968e-02,9.81951755219899e-02,1.11062075875781e+03,sinkhorn_cellsim
6.735869e+00,2601,6.84068721400058e-02,9.83518481117103e-02,1.11088624752698e+03,sinkhorn_cellsim
6.787680e+00,2621,6.76103699412029e-02,9.84212999055661e-02,1.11113933794369e+03,sinkhorn_cellsim
6.839487e+00,2641,6.68718492155421e-02,9.84839719393209e-02,1.11138686184011e+03,sinkhorn_cellsim
6.891289e+00,2661,6.64167316770780e-02,9.84953683496140e-02,1.11163285968346e+03,sinkhorn_cellsim
6.943096e+00,2681,6.54644737332422e-02,9.85736438277441e-02,1.11187409439519e+03,sinkhorn_cellsim
6.994909e+00,2701,6.51419936611318e-02,9.85802893371346e-02,1.11211142680153e+03,sinkhorn_cellsim
7.046728e+00,2721,6.48713813748981e-02,9.85808226816868e-02,1.11234800762385e+03,sinkhorn_cellsim
7.098535e+00,2741,6.45583025673312e-02,9.85793547625448e-02,1.11258359537564e+03,sinkhorn_cellsim
7.150340e+00,2761,6.41698920167420e-02,9.85737250094361e-02,1.11281758865134e+03,sinkhorn_cellsim
7.202147e+00,2781,6.36759841224458e-02,9.85891701118774e-02,1.11305025523659e+03,sinkhorn_cellsim
7.253950e+00,2801,6.28086793170860e-02,9.86197605114833e-02,1.11328000318960e+03,sinkhorn_cellsim
7.305766e+00,2821,6.14674560676072e-02,9.86668017810875e-02,1.11350365211546e+03,sinkhorn_cellsim
7.357581e+00,2841,6.06674909880334e-02,9.86850584770900e-02,1.11372230634347e+03,sinkhorn_cellsim
7.409394e+00,2861,6.02178636510360e-02,9.86913447307989e-02,1.11393916285520e+03,sinkhorn_cellsim
7.461205e+00,2881,5.90086420022295e-02,9.87900986661210e-02,1.11415204329147e+03,sinkhorn_cellsim
7.513019e+00,2901,5.79869122094050e-02,9.88682140621916e-02,1.11434873061604e+03,sinkhorn_cellsim
7.564825e+00,2921,5.71963300822244e-02,9.88858098053311e-02,1.11454219141881e+03,sinkhorn_cellsim
7.616637e+00,2941,5.64151082678472e-02,9.88993042461366e-02,1.11473441325056e+03,sinkhorn_cellsim
7.668456e+00,2961,5.53914776206058e-02,9.89228981545726e-02,1.11492475306711e+03,sinkhorn_cellsim
7.720274e+00,2981,5.43898768588945e-02,9.89691155912707e-02,1.11510880454873e+03,sinkhorn_cellsim
7.772088e+00,3001,5.38725406218409e-02,9.89865167310027e-02,1.11528983409433e+03,sinkhorn_cellsim
7.823902e+00,3021,5.28580799351388e-02,9.90318984334669e-02,1.11546339609438e+03,sinkhorn_cellsim
7.875712e+00,3041,5.11557112189840e-02,9.91237615939043e-02,1.11563100890709e+03,sinkhorn_cellsim
7.927512e+00,3061,5.04783128576661e-02,9.91711163664302e-02,1.11579595394590e+03,sinkhorn_cellsim
7.979322e+00,3081,4.92617758409504e-02,9.93176945471968e-02,1.11595335312088e+03,sinkhorn_cellsim
8.031134e+00,3101,4.87403393329808e-02,9.93568146185000e-02,1.11610444728597e+03,sinkhorn_cellsim
8.082940e+00,3121,4.82261764891187e-02,9.93910129090767e-02,1.11624863593942e+03,sinkhorn_cellsim
8.134748e+00,3141,4.73637848447369e-02,9.94298432017937e-02,1.11638973704459e+03,sinkhorn_cellsim
8.186555e+00,3161,4.68888625654729e-02,9.94520519406995e-02,1.11652950854985e+03,sinkhorn_cellsim
8.238368e+00,3181,4.64935926950234e-02,9.94688972714759e-02,1.11666846879790e+03,sinkhorn_cellsim
8.290176e+00,3201,4.61237110838199e-02,9.95020911875128e-02,1.11680487082490e+03,sinkhorn_cellsim
8.341978e+00,3221,4.53832955611099e-02,9.95200735424452e-02,1.11693919563783e+03,sinkhorn_cellsim
8.393776e+00,3241,4.41882653552891e-02,9.95439527041404e-02,1.11707065864346e+03,sinkhorn_cellsim
8.445588e+00,3261,4.34940513178535e-02,9.95593076331460e-02,1.11720044925584e+03,sinkhorn_cellsim
8.497396e+00,3281,4.27872086931997e-02,9.95904408789584e-02,1.11732656891462e+03,sinkhorn_cellsim
8.549203e+00,3301,4.24324025004771e-02,9.96099728378695e-02,1.11744941690259e+03,sinkhorn_cellsim
8.601018e+00,3321,4.18288187764045e-02,9.96261328225841e-02,1.11757007114734e+03,sinkhorn_cellsim
8.652821e+00,3341,4.10702642923690e-02,9.96632144714061e-02,1.11768854988800e+03,sinkhorn_cellsim
8.704630e+00,3361,4.04811317736247e-02,9.97242363854958e-02,1.11780011724784e+03,sinkhorn_cellsim
8.756427e+00,3381,4.02450273719062e-02,9.97436457945432e-02,1.11791003252627e+03,sinkhorn_cellsim
8.808221e+00,3401,3.94855074521733e-02,9.97954647331772e-02,1.11801721857570e+03,sinkhorn_cellsim
8.860025e+00,3421,3.89305898904989e-02,9.98008145921892e-02,1.11811991647536e+03,sinkhorn_cellsim
8.911834e+00,3441,3.78207824563439e-02,9.98292460016184e-02,1.11821620651226e+03,sinkhorn_cellsim
8.963642e+00,3461,3.73445921452440e-02,9.98335539663351e-02,1.11831045048628e+03,sinkhorn_cellsim
9.015444e+00,3481,3.68831075926901e-02,9.98332030279878e-02,1.11840388788523e+03,sinkhorn_cellsim
9.067248e+00,3501,3.64170066675344e-02,9.98411719655112e-02,1.11849652522979e+03,sinkhorn_cellsim
9.119057e+00,3521,3.60024478956419e-02,9.98567245044467e-02,1.11858728737974e+03,sinkhorn_cellsim
9.170861e+00,3541,3.52474025363239e-02,9.98887268711709e-02,1.11867572295950e+03,sinkhorn_cellsim
9.222661e+00,3561,3.46652055037045e-02,9.99099083403390e-02,1.11876148198434e+03,sinkhorn_cellsim
9.274462e+00,3581,3.41025038408224e-02,9.99207301638720e-02,1.11884632689352e+03,sinkhorn_cellsim
9.326271e+00,3601,3.34192882835890e-02,9.99303595917353e-02,1.11893012373828e+03,sinkhorn_cellsim
9.378082e+00,3621,3.24696555991004e-02,9.99957408561217e-02,1.11901147795951e+03,sinkhorn_cellsim
9.429893e+00,3641,3.16117161601894e-02,9.99984825035217e-02,1.11909017163579e+03,sinkhorn_cellsim
9.481701e+00,3661,3.12018474528117e-02,1.00021110854776e-01,1.11916741226467e+03,sinkhorn_cellsim
9.533501e+00,3681,3.08840266585062e-02,1.00038856220577e-01,1.11924400013281e+03,sinkhorn_cellsim
9.585305e+00,3701,3.04724549181256e-02,1.00057336263518e-01,1.11932007544906e+03,sinkhorn_cellsim
9.637120e+00,3721,2.99263934519746e-02,1.00105785640301e-01,1.11939180124721e+03,sinkhorn_cellsim
9.688923e+00,3741,2.96247266231507e-02,1.00108499521547e-01,1.11946176251218e+03,sinkhorn_cellsim
9.740722e+00,3761,2.93341212025759e-02,1.00113588183099e-01,1.11953135675220e+03,sinkhorn_cellsim
9.792522e+00,3781,2.89767239933474e-02,1.00157848083507e-01,1.11959970091167e+03,sinkhorn_cellsim
9.844319e+00,3801,2.84899471574687e-02,1.00173636475172e-01,1.11966664222722e+03,sinkhorn_cellsim
9.896126e+00,3821,2.79830211375577e-02,1.00179778387317e-01,1.11973310654240e+03,sinkhorn_cellsim
9.947930e+00,3841,2.76699576768380e-02,1.00182988119457e-01,1.11979929121989e+03,sinkhorn_cellsim
9.999732e+00,3861,2.74641268447814e-02,1.00184636774821e-01,1.11986530989134e+03,sinkhorn_cellsim
1.005153e+01,3881,2.72777691650617e-02,1.00185511046187e-01,1.11993121132288e+03,sinkhorn_cellsim
1.010333e+01,3901,2.71093253753435e-02,1.00186133166654e-01,1.11999702071716e+03,sinkhorn_cellsim
1.015513e+01,3921,2.69555748317527e-02,1.00186768836492e-01,1.12006274803787e+03,sinkhorn_cellsim
1.020693e+01,3941,2.68119420524866e-02,1.00187937595477e-01,1.12012811403307e+03,sinkhorn_cellsim
1.025874e+01,3961,2.66563698306296e-02,1.00191742565835e-01,1.12019266887559e+03,sinkhorn_cellsim
1.031055e+01,3981,2.64681317566376e-02,1.00202087552109e-01,1.12025693764408e+03,sinkhorn_cellsim
1.036236e+01,4001,2.62505644017421e-02,1.00242863608754e-01,1.12032054827550e+03,sinkhorn_cellsim
1.041417e+01,4021,2.59921244494337e-02,1.00265566895972e-01,1.12038208930230e+03,sinkhorn_cellsim
1.046597e+01,4041,2.56288927795866e-02,1.00275705725096e-01,1.12044292817360e+03,sinkhorn_cellsim
1.051778e+01,4061,2.53783141292784e-02,1.00305243736517e-01,1.12050162714592e+03,sinkhorn_cellsim
1.056958e+01,4081,2.49885789119675e-02,1.00343411321723e-01,1.12055815112769e+03,sinkhorn_cellsim
1.062138e+01,4101,2.46356256729756e-02,1.00355860581751e-01,1.12061243833076e+03,sinkhorn_cellsim
1.067318e+01,4121,2.42825832250939e-02,1.00376218886524e-01,1.12066474522759e+03,sinkhorn_cellsim
1.072499e+01,4141,2.40615555237440e-02,1.00387513721464e-01,1.12071595403396e+03,sinkhorn_cellsim
1.077680e+01,4161,2.36437990074251e-02,1.00396058644901e-01,1.12076646211142e+03,sinkhorn_cellsim
1.082859e+01,4181,2.32317679387930e-02,1.00402553260585e-01,1.12081603729232e+03,sinkhorn_cellsim
1.088040e+01,4201,2.29019922898429e-02,1.00411770753171e-01,1.12086450275679e+03,sinkhorn_cellsim
1.093220e+01,4221,2.26024935248944e-02,1.00410300848294e-01,1.12091221390362e+03,sinkhorn_cellsim
1.098400e+01,4241,2.22204111743843e-02,1.00412221194600e-01,1.12095926905371e+03,sinkhorn_cellsim
1.103580e+01,4261,2.20478734035272e-02,1.00411231747161e-01,1.12100607429931e+03,sinkhorn_cellsim
1.108760e+01,4281,2.19031977136901e-02,1.00411518400109e-01,1.12105272011290e+03,sinkhorn_cellsim
1.113942e+01,4301,2.17373927582676e-02,1.00415172940334e-01,1.12109878733716e+03,sinkhorn_cellsim
1.119124e+01,4321,2.15277672496798e-02,1.00423425569927e-01,1.12114353792328e+03,sinkhorn_cellsim
1.124306e+01,4341,2.12562664821155e-02,1.00429743117594e-01,1.12118757046517e+03,sinkhorn_cellsim
1.129487e+01,4361,2.08742146836279e-02,1.00445154828209e-01,1.12123125943124e+03,sinkhorn_cellsim
1.134669e+01,4381,2.06004094979996e-02,1.00448819241764e-01,1.12127467824836e+03,sinkhorn_cellsim
1.139850e+01,4401,2.03895528796843e-02,1.00448983621210e-01,1.12131797809118e+03,sinkhorn_cellsim
1.145032e+01,4421,2.01820941350101e-02,1.00449432364383e-01,1.12136113906626e+03,sinkhorn_cellsim
1.150213e+01,4441,1.99485349431862e-02,1.00452270275867e-01,1.12140402415611e+03,sinkhorn_cellsim
1.155394e+01,4461,1.95793783390003e-02,1.00470040209636e-01,1.12144592663276e+03,sinkhorn_cellsim
1.160576e+01,4481,1.91326015171672e-02,1.00490747514997e-01,1.12148670283299e+03,sinkhorn_cellsim
1.165757e+01,4501,1.87845773946679e-02,1.00506647184530e-01,1.12152681199265e+03,sinkhorn_cellsim
1.170937e+01,4521,1.84821726207397e-02,1.00518810417303e-01,1.12156590306295e+03,sinkhorn_cellsim
1.176119e+01,4541,1.82427935800088e-02,1.00527041897545e-01,1.12160454156649e+03,sinkhorn_cellsim
1.181299e+01,4561,1.80084042366655e-02,1.00533527020447e-01,1.12164288035837e+03,sinkhorn_cellsim
1.186482e+01,4581,1.76502359349569e-02,1.00555831854762e-01,1.12168056363626e+03,sinkhorn_cellsim
1.191663e+01,4601,1.73311112635714e-02,1.00569999846431e-01,1.12171753078081e+03,sinkhorn_cellsim
1.196847e+01,4621,1.70681822186467e-02,1.00579066066767e-01,1.12175412162554e+03,sinkhorn_cellsim
1.202029e+01,4641,1.69133254549728e-02,1.00580441754267e-01,1.12179062010822e+03,sinkhorn_cellsim
1.207211e+01,4661,1.68131432259871e-02,1.00580421799927e-01,1.12182707820256e+03,sinkhorn_cellsim
1.212393e+01,4681,1.67295337520167e-02,1.00581858268146e-01,1.12186348001987e+03,sinkhorn_cellsim
1.217575e+01,4701,1.66502154142515e-02,1.00589685767090e-01,1.12189968427792e+03,sinkhorn_cellsim
1.222757e+01,4721,1.65784489445154e-02,1.00592942338752e-01,1.12193570660706e+03,sinkhorn_cellsim
1.227939e+01,4741,1.65115239303391e-02,1.00594265224908e-01,1.12197134479809e+03,sinkhorn_cellsim
1.233122e+01,4761,1.64483624215811e-02,1.00594345370124e-01,1.12200670605503e+03,sinkhorn_cellsim
1.238304e+01,4781,1.63696674090842e-02,1.00594817576243e-01,1.12204200596146e+03,sinkhorn_cellsim
1.243486e+01,4801,1.61832945783790e-02,1.00599253544607e-01,1.12207697012537e+03,sinkhorn_cellsim
1.248669e+01,4821,1.59468008730664e-02,1.00609371823986e-01,1.12211125733708e+03,sinkhorn_cellsim
1.253850e+01,4841,1.57769807895077e-02,1.00619508401200e-01,1.12214511260990e+03,sinkhorn_cellsim
1.259033e+01,4861,1.56316974062177e-02,1.00625005989775e-01,1.12217874870737e+03,sinkhorn_cellsim
1.264216e+01,4881,1.54593329970254e-02,1.00640880251665e-01,1.12221120179313e+03,sinkhorn_cellsim
1.269397e+01,4901,1.53239102451916e-02,1.00653487514669e-01,1.12224303433852e+03,sinkhorn_cellsim
1.274579e+01,4921,1.52061235184180e-02,1.00672310828206e-01,1.12227444201925e+03,sinkhorn_cellsim
1.279761e+01,4941,1.51017773507197e-02,1.00676775833037e-01,1.12230536314602e+03,sinkhorn_cellsim
1.284944e+01,4961,1.50032448592110e-02,1.00677135870163e-01,1.12233619340222e+03,sinkhorn_cellsim
1.290127e+01,4981,1.49008343328199e-02,1.00677492725481e-01,1.12236696070137e+03,sinkhorn_cellsim
1.295309e+01,5001,1.47102256489995e-02,1.00684452760562e-01,1.12239721082256e+03,sinkhorn_cellsim
1.300492e+01,5021,1.46256937111814e-02,1.00688814000868e-01,1.12242677758448e+03,sinkhorn_cellsim
1.305674e+01,5041,1.45471410192849e-02,1.00693362401414e-01,1.12245609130611e+03,sinkhorn_cellsim
1.310856e+01,5061,1.44741499577462e-02,1.00698087766568e-01,1.12248489472023e+03,sinkhorn_cellsim
1.316038e+01,5081,1.44161605690517e-02,1.00702366334723e-01,1.12251354153056e+03,sinkhorn_cellsim
1.321219e+01,5101,1.42914067550669e-02,1.00709862688194e-01,1.12254197219957e+03,sinkhorn_cellsim
1.326402e+01,5121,1.40652911760068e-02,1.00724504385817e-01,1.12256937813138e+03,sinkhorn_cellsim
1.331584e+01,5141,1.39337360233807e-02,1.00734133094848e-01,1.12259637535045e+03,sinkhorn_cellsim
1.336766e+01,5161,1.38484022255644e-02,1.00748037037955e-01,1.12262307643993e+03,sinkhorn_cellsim
1.341946e+01,5181,1.37816838590178e-02,1.00752203533715e-01,1.12264962987295e+03,sinkhorn_cellsim
1.347128e+01,5201,1.37081747254469e-02,1.00753601442993e-01,1.12267611864743e+03,sinkhorn_cellsim
1.352310e+01,5221,1.36405894136015e-02,1.00755600806260e-01,1.12270220128283e+03,sinkhorn_cellsim
1.357493e+01,5241,1.35941213637847e-02,1.00756437814939e-01,1.12272805242113e+03,sinkhorn_cellsim
1.362674e+01,5261,1.35464881258984e-02,1.00756124329106e-01,1.12275375669918e+03,sinkhorn_cellsim
1.367857e+01,5281,1.34969649393402e-02,1.00754591561022e-01,1.12277929783501e+03,sinkhorn_cellsim
1.373039e+01,5301,1.34491998281295e-02,1.00753508867459e-01,1.12280475374190e+03,sinkhorn_cellsim
1.378221e+01,5321,1.34059951833329e-02,1.00753363998939e-01,1.12283017163411e+03,sinkhorn_cellsim
1.383402e+01,5341,1.33654249854851e-02,1.00754028899524e-01,1.12285555571553e+03,sinkhorn_cellsim
1.388585e+01,5361,1.33254814598560e-02,1.00757958911536e-01,1.12288086654841e+03,sinkhorn_cellsim
1.393766e+01,5381,1.32839916109000e-02,1.00762550789373e-01,1.12290604792634e+03,sinkhorn_cellsim
1.398948e+01,5401,1.32395850897417e-02,1.00763508791722e-01,1.12293118197167e+03,sinkhorn_cellsim
1.404129e+01,5421,1.31289400598423e-02,1.00770470156398e-01,1.12295606600491e+03,sinkhorn_cellsim
1.409311e+01,5441,1.30340843034531e-02,1.00775144914067e-01,1.12298018547087e+03,sinkhorn_cellsim
1.414492e+01,5461,1.29567842881631e-02,1.00775921216543e-01,1.12300418203065e+03,sinkhorn_cellsim
1.419675e+01,5481,1.29005814427846e-02,1.00776730179300e-01,1.12302814206308e+03,sinkhorn_cellsim
1.424856e+01,5501,1.28558955179068e-02,1.00777680053888e-01,1.12305207289432e+03,sinkhorn_cellsim
1.430038e+01,5521,1.28182926634455e-02,1.00779038083779e-01,1.12307596817433e+03,sinkhorn_cellsim
1.435219e+01,5541,1.27575019981908e-02,1.00781917124650e-01,1.12309975581338e+03,sinkhorn_cellsim
1.440400e+01,5561,1.26554146653168e-02,1.00789127656248e-01,1.12312306845285e+03,sinkhorn_cellsim
1.445581e+01,5581,1.25864574341656e-02,1.00799279949787e-01,1.12314612441648e+03,sinkhorn_cellsim
1.450764e+01,5601,1.25314413706128e-02,1.00808021322666e-01,1.12316896630815e+03,sinkhorn_cellsim
1.455946e+01,5621,1.24860181288656e-02,1.00811528741246e-01,1.12319172599821e+03,sinkhorn_cellsim
1.461127e+01,5641,1.24536408865949e-02,1.00813261043647e-01,1.12321444509848e+03,sinkhorn_cellsim
1.466309e+01,5661,1.24334012284648e-02,1.00814380457085e-01,1.12323713369127e+03,sinkhorn_cellsim
1.471491e+01,5681,1.23812604310594e-02,1.00818119089695e-01,1.12325976016084e+03,sinkhorn_cellsim
1.476672e+01,5701,1.22869332489875e-02,1.00825711727075e-01,1.12328219126657e+03,sinkhorn_cellsim
1.481853e+01,5721,1.22715557154625e-02,1.00827212359882e-01,1.12330455977577e+03,sinkhorn_cellsim
1.487034e+01,5741,1.22560518740095e-02,1.00923415767240e-01,1.12332497379658e+03,sinkhorn_cellsim
1.492216e+01,5761,1.22405475610717e-02,1.00925212279020e-01,1.12334392302850e+03,sinkhorn_cellsim
1.497397e+01,5781,1.22250556957902e-02,1.00925878490707e-01,1.12336283973376e+03,sinkhorn_cellsim
1.502578e+01,5801,1.22091963105956e-02,1.00926418454488e-01,1.12338173961304e+03,sinkhorn_cellsim
1.507760e+01,5821,1.21928815753069e-02,1.00929601601686e-01,1.12340052985406e+03,sinkhorn_cellsim
1.512941e+01,5841,1.21749044783494e-02,1.00934759143703e-01,1.12341889645180e+03,sinkhorn_cellsim
1.518123e+01,5861,1.21537908635031e-02,1.00942078974970e-01,1.12343706684972e+03,sinkhorn_cellsim
1.523304e+01,5881,1.21274737382887e-02,1.00946132161294e-01,1.12345503681304e+03,sinkhorn_cellsim
1.528486e+01,5901,1.20937034724799e-02,1.00947394934548e-01,1.12347292193654e+03,sinkhorn_cellsim
1.533667e+01,5921,1.20515589746497e-02,1.00948195306889e-01,1.12349075941773e+03,sinkhorn_cellsim
1.538849e+01,5941,1.20030446926616e-02,1.00948982063765e-01,1.12350855745599e+03,sinkhorn_cellsim
1.544031e+01,5961,1.19524590532335e-02,1.00949715941353e-01,1.12352632004184e+03,sinkhorn_cellsim
1.549212e+01,5981,1.19037749507622e-02,1.00950291964666e-01,1.12354405222701e+03,sinkhorn_cellsim
1.554393e+01,6001,1.18590349189302e-02,1.00950678419477e-01,1.12356176017090e+03,sinkhorn_cellsim
1.559573e+01,6021,1.18186478054364e-02,1.00950921433083e-01,1.12357944948038e+03,sinkhorn_cellsim
1.564754e+01,6041,1.17820327701784e-02,1.00951084956169e-01,1.12359712411115e+03,sinkhorn_cellsim
1.569935e+01,6061,1.17484186150651e-02,1.00951219646326e-01,1.12361478635529e+03,sinkhorn_cellsim
1.575117e+01,6081,1.16984647565837e-02,1.00952154070834e-01,1.12363241519332e+03,sinkhorn_cellsim
1.580298e+01,6101,1.15899219678551e-02,1.00961079245737e-01,1.12364939604681e+03,sinkhorn_cellsim
1.585479e+01,6121,1.15697889194351e-02,1.00962733586110e-01,1.12366588813531e+03,sinkhorn_cellsim
1.590660e+01,6141,1.15501381350147e-02,1.00964710745280e-01,1.12368230337787e+03,sinkhorn_cellsim
1.595841e+01,6161,1.15310358486713e-02,1.00965624343393e-01,1.12369869459505e+03,sinkhorn_cellsim
1.601023e+01,6181,1.15125352865325e-02,1.00966304943781e-01,1.12371507026368e+03,sinkhorn_cellsim
1.606204e+01,6201,1.14853911347969e-02,1.00967455566342e-01,1.12373142223019e+03,sinkhorn_cellsim
1.611386e+01,6221,1.12972479736520e-02,1.00975607646194e-01,1.12374754858170e+03,sinkhorn_cellsim
1.616568e+01,6241,1.12105448279985e-02,1.00983130430247e-01,1.12376328025699e+03,sinkhorn_cellsim
1.621750e+01,6261,1.11323555285828e-02,1.01000919165734e-01,1.12377836341067e+03,sinkhorn_cellsim
1.626932e+01,6281,1.10675358853126e-02,1.01006109404067e-01,1.12379293120414e+03,sinkhorn_cellsim
1.632113e+01,6301,1.10047491435730e-02,1.01009668052686e-01,1.12380741978020e+03,sinkhorn_cellsim
1.637295e+01,6321,1.09513443743873e-02,1.01011998840313e-01,1.12382187024071e+03,sinkhorn_cellsim
1.642476e+01,6341,1.09062909637708e-02,1.01013437141357e-01,1.12383629847528e+03,sinkhorn_cellsim
1.647657e+01,6361,1.08682479146846e-02,1.01014418491577e-01,1.12385071114190e+03,sinkhorn_cellsim
1.653746e+01,6381,1.08349832488399e-02,1.01015183730205e-01,1.12386511124515e+03,sinkhorn_cellsim
1.658935e+01,6401,1.08037245289484e-02,1.01015850114795e-01,1.12387949987987e+03,sinkhorn_cellsim
1.664121e+01,6421,1.07718409627738e-02,1.01016486406959e-01,1.12389387633761e+03,sinkhorn_cellsim
1.669303e+01,6441,1.07388859949823e-02,1.01017150742765e-01,1.12390823755808e+03,sinkhorn_cellsim
1.674484e+01,6461,1.06964290347519e-02,1.01017897094767e-01,1.12392257789153e+03,sinkhorn_cellsim
1.679665e+01,6481,1.06574313918567e-02,1.01018746360691e-01,1.12393689113519e+03,sinkhorn_cellsim
1.684846e+01,6501,1.06195455191202e-02,1.01019658854510e-01,1.12395117496130e+03,sinkhorn_cellsim
1.690027e+01,6521,1.05776806690379e-02,1.01020574682929e-01,1.12396543218378e+03,sinkhorn_cellsim
1.695208e+01,6541,1.05361588053955e-02,1.01021476519335e-01,1.12397966671827e+03,sinkhorn_cellsim
1.700388e+01,6561,1.04966149705274e-02,1.01022485031890e-01,1.12399387935764e+03,sinkhorn_cellsim
1.705569e+01,6581,1.04585669608541e-02,1.01025542844887e-01,1.12400804954140e+03,sinkhorn_cellsim
1.710751e+01,6601,1.04195500135145e-02,1.01041021683104e-01,1.12402199537990e+03,sinkhorn_cellsim
1.715931e+01,6621,1.03821832077129e-02,1.01051815993638e-01,1.12403564111024e+03,sinkhorn_cellsim
1.721111e+01,6641,1.03482311579806e-02,1.01056087482181e-01,1.12404918326690e+03,sinkhorn_cellsim
1.726292e+01,6661,1.03139723010345e-02,1.01059041587822e-01,1.12406267126320e+03,sinkhorn_cellsim
1.731473e+01,6681,1.02801564751423e-02,1.01061439732418e-01,1.12407612121863e+03,sinkhorn_cellsim
1.736654e+01,6701,1.02475920455565e-02,1.01065280962823e-01,1.12408952397999e+03,sinkhorn_cellsim
1.741834e+01,6721,1.02164261727894e-02,1.01080544044705e-01,1.12410272936299e+03,sinkhorn_cellsim
1.747015e+01,6741,1.01864183089220e-02,1.01091044771197e-01,1.12411569095509e+03,sinkhorn_cellsim
1.752195e+01,6761,1.01570088834452e-02,1.01093594870229e-01,1.12412860200554e+03,sinkhorn_cellsim
1.757375e+01,6781,1.01276011472270e-02,1.01095061294562e-01,1.12414148815418e+03,sinkhorn_cellsim
1.762555e+01,6801,1.00982368604794e-02,1.01096351341666e-01,1.12415435246177e+03,sinkhorn_cellsim
1.767737e+01,6821,1.00687583361054e-02,1.01097579797609e-01,1.12416719636210e+03,sinkhorn_cellsim
1.772917e+01,6841,1.00388013466822e-02,1.01098759936882e-01,1.12418002083703e+03,sinkhorn_cellsim
1.778098e+01,6861,1.00086272931823e-02,1.01099875634776e-01,1.12419282689091e+03,sinkhorn_cellsim
1.783278e+01,6881,9.97883153173790e-03,1.01100906568858e-01,1.12420561570169e+03,sinkhorn_cellsim
1.788459e+01,6901,9.94982685455627e-03,1.01101841342287e-01,1.12421838850462e+03,sinkhorn_cellsim
1.793639e+01,6921,9.92153388291542e-03,1.01102680257955e-01,1.12423114624796e+03,sinkhorn_cellsim
1.798820e+01,6941,9.89291403359317e-03,1.01103467527977e-01,1.12424388856413e+03,sinkhorn_cellsim
1.804000e+01,6961,9.86100915554941e-03,1.01104863476566e-01,1.12425660594021e+03,sinkhorn_cellsim
1.809181e+01,6981,9.82043378255618e-03,1.01112333226908e-01,1.12426921359650e+03,sinkhorn_cellsim
1.814361e+01,7001,9.76771223258187e-03,1.01122597097498e-01,1.12428158225091e+03,sinkhorn_cellsim
1.819541e+01,7021,9.69479406164914e-03,1.01126708054707e-01,1.12429382552207e+03,sinkhorn_cellsim
1.824721e+01,7041,9.63362351782191e-03,1.01136778920907e-01,1.12430590549565e+03,sinkhorn_cellsim
1.829902e+01,7061,9.58013064912900e-03,1.01143451647616e-01,1.12431779004470e+03,sinkhorn_cellsim
1.835081e+01,7081,9.52941209065411e-03,1.01144852139299e-01,1.12432959284011e+03,sinkhorn_cellsim
1.840261e+01,7101,9.46598894201805e-03,1.01145794036668e-01,1.12434132968446e+03,sinkhorn_cellsim
1.845441e+01,7121,9.41111295328776e-03,1.01149167482274e-01,1.12435287606403e+03,sinkhorn_cellsim
1.850621e+01,7141,9.35920818596364e-03,1.01152344752367e-01,1.12436419509903e+03,sinkhorn_cellsim
1.855801e+01,7161,9.31048478626226e-03,1.01153292018528e-01,1.12437546073460e+03,sinkhorn_cellsim
1.860982e+01,7181,9.26903006035343e-03,1.01153815413847e-01,1.12438670382947e+03,sinkhorn_cellsim
1.866162e+01,7201,9.23442489323533e-03,1.01154291893504e-01,1.12439793088732e+03,sinkhorn_cellsim
1.871342e+01,7221,9.20612658464383e-03,1.01154755197062e-01,1.12440914592764e+03,sinkhorn_cellsim
1.876522e+01,7241,9.18226788848113e-03,1.01155199904533e-01,1.12442035169010e+03,sinkhorn_cellsim
1.881702e+01,7261,9.16101869205668e-03,1.01155619862022e-01,1.12443155010153e+03,sinkhorn_cellsim
1.886883e+01,7281,9.14185905828015e-03,1.01156012873633e-01,1.12444274252702e+03,sinkhorn_cellsim
1.892063e+01,7301,9.12379716928373e-03,1.01156407917149e-01,1.12445392922758e+03,sinkhorn_cellsim
1.897244e+01,7321,9.09276375176519e-03,1.01157596909357e-01,1.12446509030556e+03,sinkhorn_cellsim
1.902425e+01,7341,9.05248756289906e-03,1.01166613062457e-01,1.12447596369819e+03,sinkhorn_cellsim
1.907606e+01,7361,9.00271204387364e-03,1.01172688676581e-01,1.12448643030693e+03,sinkhorn_cellsim
1.912787e+01,7381,8.96974194339144e-03,1.01173547098210e-01,1.12449681915281e+03,sinkhorn_cellsim
1.917968e+01,7401,8.94300067467776e-03,1.01173640269056e-01,1.12450717870783e+03,sinkhorn_cellsim
1.923147e+01,7421,8.92017925412169e-03,1.01173547997781e-01,1.12451752066346e+03,sinkhorn_cellsim
1.928329e+01,7441,8.88248376758460e-03,1.01173701413362e-01,1.12452782831596e+03,sinkhorn_cellsim
1.933511e+01,7461,8.80293469328345e-03,1.01176261527798e-01,1.12453789555788e+03,sinkhorn_cellsim
1.938692e+01,7481,8.72327554697918e-03,1.01180401319592e-01,1.12454745656445e+03,sinkhorn_cellsim
1.943872e+01,7501,8.67760650056024e-03,1.01181871640830e-01,1.12455686257765e+03,sinkhorn_cellsim
1.949053e+01,7521,8.63379509845819e-03,1.01185760334651e-01,1.12456621322689e+03,sinkhorn_cellsim
1.954234e+01,7541,8.59782213199357e-03,1.01200262600657e-01,1.12457533654243e+03,sinkhorn_cellsim
1.959416e+01,7561,8.56514282178854e-03,1.01205818428313e-01,1.12458427804668e+03,sinkhorn_cellsim
1.964597e+01,7581,8.53443640336175e-03,1.01207125218823e-01,1.12459317973319e+03,sinkhorn_cellsim
1.969778e+01,7601,8.50594239944337e-03,1.01207580568500e-01,1.12460206474539e+03,sinkhorn_cellsim
1.974960e+01,7621,8.48132630991796e-03,1.01207719482829e-01,1.12461093868779e+03,sinkhorn_cellsim
1.980141e+01,7641,8.45883323385801e-03,1.01207702342486e-01,1.12461980357236e+03,sinkhorn_cellsim
1.985322e+01,7661,8.43755619685151e-03,1.01207603841263e-01,1.12462866003211e+03,sinkhorn_cellsim
1.990503e+01,7681,8.41616230751267e-03,1.01207464734161e-01,1.12463750791862e+03,sinkhorn_cellsim
1.995684e+01,7701,8.39531606780057e-03,1.01207307881066e-01,1.12464634649900e+03,sinkhorn_cellsim
2.000865e+01,7721,8.37324202926360e-03,1.01207148333082e-01,1.12465517461064e+03,sinkhorn_cellsim
2.006046e+01,7741,8.35140679135100e-03,1.01207005800503e-01,1.12466399086255e+03,sinkhorn_cellsim
2.011228e+01,7761,8.32871232741653e-03,1.01206918455468e-01,1.12467279373931e+03,sinkhorn_cellsim
2.016409e+01,7781,8.30454287768776e-03,1.01206946436849e-01,1.12468158153039e+03,sinkhorn_cellsim
2.021590e+01,7801,8.27909657320464e-03,1.01207146616433e-01,1.12469035260413e+03,sinkhorn_cellsim
2.026772e+01,7821,8.25670615008730e-03,1.01207519322709e-01,1.12469910661865e+03,sinkhorn_cellsim
2.031953e+01,7841,8.23666355785593e-03,1.01207986242389e-01,1.12470784555159e+03,sinkhorn_cellsim
2.037135e+01,7861,8.21606152518651e-03,1.01208451736199e-01,1.12471657270138e+03,sinkhorn_cellsim
2.042316e+01,7881,8.19485140003754e-03,1.01208876997871e-01,1.12472529071410e+03,sinkhorn_cellsim
2.047497e+01,7901,8.16772375554413e-03,1.01209855943301e-01,1.12473399206810e+03,sinkhorn_cellsim
2.052679e+01,7921,8.13612306672779e-03,1.01221663539213e-01,1.12474241089564e+03,sinkhorn_cellsim
2.057859e+01,7941,8.11303346225558e-03,1.01225178116722e-01,1.12475057519899e+03,sinkhorn_cellsim
2.063040e+01,7961,8.08737186681720e-03,1.01225599055478e-01,1.12475870943222e+03,sinkhorn_cellsim
2.068221e+01,7981,8.06019835675764e-03,1.01225828772709e-01,1.12476682755080e+03,sinkhorn_cellsim
2.073402e+01,8001,8.03246060968814e-03,1.01226058627515e-01,1.12477493407594e+03,sinkhorn_cellsim
2.078584e+01,8021,8.00467734005642e-03,1.01226311669453e-01,1.12478303070880e+03,sinkhorn_cellsim
2.083766e+01,8041,7.97684524061306e-03,1.01226610672788e-01,1.12479111732878e+03,sinkhorn_cellsim
2.088948e+01,8061,7.94800356738965e-03,1.01227053641829e-01,1.12479919078938e+03,sinkhorn_cellsim
2.094129e+01,8081,7.91646300015347e-03,1.01227949096680e-01,1.12480723960811e+03,sinkhorn_cellsim
2.099311e+01,8101,7.87892846392416e-03,1.01230172709521e-01,1.12481523216824e+03,sinkhorn_cellsim
2.104493e+01,8121,7.83239004149052e-03,1.01241229631666e-01,1.12482304922989e+03,sinkhorn_cellsim
2.109674e+01,8141,7.78045063996829e-03,1.01269751443004e-01,1.12483030130960e+03,sinkhorn_cellsim
2.114856e+01,8161,7.73736295883647e-03,1.01279505919114e-01,1.12483721579665e+03,sinkhorn_cellsim
2.120037e+01,8181,7.68733747642456e-03,1.01282116825648e-01,1.12484406068067e+03,sinkhorn_cellsim
2.125218e+01,8201,7.63001546180300e-03,1.01283561658413e-01,1.12485085970682e+03,sinkhorn_cellsim
2.130399e+01,8221,7.56716127043311e-03,1.01284656742710e-01,1.12485760762192e+03,sinkhorn_cellsim
2.135580e+01,8241,7.49737220444809e-03,1.01285531277166e-01,1.12486429636950e+03,sinkhorn_cellsim
2.140761e+01,8261,7.44075592192930e-03,1.01286177832641e-01,1.12487092946666e+03,sinkhorn_cellsim
2.145942e+01,8281,7.38051148463391e-03,1.01286967653277e-01,1.12487750600429e+03,sinkhorn_cellsim
2.151124e+01,8301,7.20498681923349e-03,1.01290782756145e-01,1.12488390353068e+03,sinkhorn_cellsim
2.156309e+01,8321,7.05351391888637e-03,1.01296349275621e-01,1.12489001191342e+03,sinkhorn_cellsim
2.161491e+01,8341,6.97240660637998e-03,1.01298043992563e-01,1.12489605610277e+03,sinkhorn_cellsim
2.166672e+01,8361,6.91655362294173e-03,1.01298497279731e-01,1.12490208625971e+03,sinkhorn_cellsim
2.171853e+01,8381,6.87318282159282e-03,1.01298618956872e-01,1.12490810663351e+03,sinkhorn_cellsim
2.177034e+01,8401,6.83493282711919e-03,1.01298607113968e-01,1.12491411905187e+03,sinkhorn_cellsim
2.182215e+01,8421,6.79889990046723e-03,1.01298533033583e-01,1.12492012468853e+03,sinkhorn_cellsim
2.187395e+01,8441,6.76665234231405e-03,1.01298432304263e-01,1.12492612436202e+03,sinkhorn_cellsim
2.192576e+01,8461,6.74070363594718e-03,1.01298326654950e-01,1.12493211864644e+03,sinkhorn_cellsim
2.197757e+01,8481,6.71944471693071e-03,1.01298233586267e-01,1.12493810789663e+03,sinkhorn_cellsim
2.202938e+01,8501,6.70050624935606e-03,1.01298173335484e-01,1.12494409220661e+03,sinkhorn_cellsim
2.208119e+01,8521,6.68315179766555e-03,1.01298175455246e-01,1.12495007130200e+03,sinkhorn_cellsim
2.213299e+01,8541,6.66748758419570e-03,1.01298283022297e-01,1.12495604439376e+03,sinkhorn_cellsim
2.218481e+01,8561,6.65213543444247e-03,1.01298544614457e-01,1.12496201014101e+03,sinkhorn_cellsim
2.223661e+01,8581,6.63702977391586e-03,1.01298979442043e-01,1.12496796705447e+03,sinkhorn_cellsim
2.228843e+01,8601,6.62212217834044e-03,1.01299531896811e-01,1.12497391447396e+03,sinkhorn_cellsim
2.234023e+01,8621,6.60759307086621e-03,1.01300086683583e-01,1.12497985328582e+03,sinkhorn_cellsim
2.239204e+01,8641,6.59455563358142e-03,1.01300552622898e-01,1.12498578538580e+03,sinkhorn_cellsim
2.244386e+01,8661,6.58308959908917e-03,1.01300907477912e-01,1.12499171254387e+03,sinkhorn_cellsim
2.249567e+01,8681,6.57317752956908e-03,1.01301178533059e-01,1.12499763572559e+03,sinkhorn_cellsim
2.254748e+01,8701,6.56210577143738e-03,1.01301438437026e-01,1.12500355444868e+03,sinkhorn_cellsim
2.259929e+01,8721,6.54859136227069e-03,1.01301901726695e-01,1.12500946412042e+03,sinkhorn_cellsim
2.265109e+01,8741,6.53982124920133e-03,1.01303178749801e-01,1.12501534738524e+03,sinkhorn_cellsim
2.270290e+01,8761,6.53117516749728e-03,1.01305788064368e-01,1.12502116991787e+03,sinkhorn_cellsim
2.275470e+01,8781,6.52311123462746e-03,1.01308144054576e-01,1.12502692877782e+03,sinkhorn_cellsim
2.280652e+01,8801,6.51547767926699e-03,1.01309617550792e-01,1.12503264795674e+03,sinkhorn_cellsim
2.285833e+01,8821,6.50821595787455e-03,1.01313266526608e-01,1.12503822974493e+03,sinkhorn_cellsim
2.291014e+01,8841,6.50189125719143e-03,1.01316279361784e-01,1.12504360888016e+03,sinkhorn_cellsim
2.296196e+01,8861,6.49703186755773e-03,1.01316821090356e-01,1.12504894490782e+03,sinkhorn_cellsim
2.301377e+01,8881,6.49206837863053e-03,1.01317013428593e-01,1.12505426972728e+03,sinkhorn_cellsim
2.306559e+01,8901,6.48689508278861e-03,1.01317131608066e-01,1.12505958693225e+03,sinkhorn_cellsim
2.311740e+01,8921,6.48149522230620e-03,1.01317214298516e-01,1.12506489816672e+03,sinkhorn_cellsim
2.316921e+01,8941,6.47584657029217e-03,1.01317276352601e-01,1.12507020443130e+03,sinkhorn_cellsim
2.322103e+01,8961,6.46992416964670e-03,1.01317325113950e-01,1.12507550642082e+03,sinkhorn_cellsim
2.327286e+01,8981,6.46369332753517e-03,1.01317365091284e-01,1.12508080465885e+03,sinkhorn_cellsim
2.332468e+01,9001,6.45697523492838e-03,1.01317406440040e-01,1.12508609942330e+03,sinkhorn_cellsim
2.337650e+01,9021,6.44737840883246e-03,1.01317569407198e-01,1.12509138869357e+03,sinkhorn_cellsim
2.342832e+01,9041,6.41484052288499e-03,1.01319340064169e-01,1.12509664058008e+03,sinkhorn_cellsim
2.348013e+01,9061,6.36202274445332e-03,1.01325360681397e-01,1.12510169835614e+03,sinkhorn_cellsim
2.353195e+01,9081,6.29591960563524e-03,1.01327131810008e-01,1.12510654244492e+03,sinkhorn_cellsim
2.358377e+01,9101,6.27330758353962e-03,1.01327473302403e-01,1.12511114982966e+03,sinkhorn_cellsim
2.363558e+01,9121,6.24198943863928e-03,1.01327764542082e-01,1.12511556605893e+03,sinkhorn_cellsim
2.368740e+01,9141,6.19774169394929e-03,1.01328000108089e-01,1.12511992906609e+03,sinkhorn_cellsim
2.373923e+01,9161,6.15031080231332e-03,1.01328335800586e-01,1.12512425228013e+03,sinkhorn_cellsim
2.379105e+01,9181,6.10282137377546e-03,1.01328613200499e-01,1.12512854924869e+03,sinkhorn_cellsim
2.384286e+01,9201,6.06027266462090e-03,1.01328874551299e-01,1.12513283271805e+03,sinkhorn_cellsim
2.389469e+01,9221,6.02179745021514e-03,1.01329196830332e-01,1.12513710511387e+03,sinkhorn_cellsim
2.394650e+01,9241,5.98558055041379e-03,1.01329619273133e-01,1.12514136539481e+03,sinkhorn_cellsim
2.399830e+01,9261,5.94579180193546e-03,1.01330152291061e-01,1.12514561200773e+03,sinkhorn_cellsim
2.405012e+01,9281,5.90389573352768e-03,1.01330775417469e-01,1.12514984401872e+03,sinkhorn_cellsim
2.410194e+01,9301,5.87105766032505e-03,1.01331448992196e-01,1.12515406149166e+03,sinkhorn_cellsim
2.415375e+01,9321,5.84441362667988e-03,1.01332135880745e-01,1.12515826516456e+03,sinkhorn_cellsim
2.420557e+01,9341,5.81865655404955e-03,1.01332814082321e-01,1.12516245583598e+03,sinkhorn_cellsim
2.425738e+01,9361,5.78987988122019e-03,1.01333473264971e-01,1.12516663398243e+03,sinkhorn_cellsim
2.430921e+01,9381,5.75934287418119e-03,1.01334104337206e-01,1.12517079977606e+03,sinkhorn_cellsim
2.436104e+01,9401,5.72719857404747e-03,1.01334693290680e-01,1.12517495334200e+03,sinkhorn_cellsim
2.441286e+01,9421,5.69461134034351e-03,1.01335223044322e-01,1.12517909501697e+03,sinkhorn_cellsim
2.446467e+01,9441,5.66152663701369e-03,1.01335679479494e-01,1.12518322546525e+03,sinkhorn_cellsim
2.451649e+01,9461,5.63047608759976e-03,1.01336055954523e-01,1.12518734564031e+03,sinkhorn_cellsim
2.456831e+01,9481,5.60389117849571e-03,1.01336353872014e-01,1.12519145665969e+03,sinkhorn_cellsim
2.462012e+01,9501,5.58324818017640e-03,1.01336580497003e-01,1.12519555966785e+03,sinkhorn_cellsim
2.467194e+01,9521,5.56373096229638e-03,1.01336746153610e-01,1.12519965573144e+03,sinkhorn_cellsim
2.472375e+01,9541,5.54520480074212e-03,1.01336862028764e-01,1.12520374577977e+03,sinkhorn_cellsim
2.477558e+01,9561,5.52791478429937e-03,1.01336938833029e-01,1.12520783058456e+03,sinkhorn_cellsim
2.482739e+01,9581,5.51128919498306e-03,1.01336986131384e-01,1.12521191076633e+03,sinkhorn_cellsim
2.487921e+01,9601,5.49528535562837e-03,1.01337012093255e-01,1.12521598681498e+03,sinkhorn_cellsim
2.493102e+01,9621,5.47990425267737e-03,1.01337023472461e-01,1.12522005911537e+03,sinkhorn_cellsim
2.498283e+01,9641,5.46607971575007e-03,1.01337025698018e-01,1.12522412797217e+03,sinkhorn_cellsim
2.503465e+01,9661,5.45318022724851e-03,1.01337023008636e-01,1.12522819363131e+03,sinkhorn_cellsim
2.508647e+01,9681,5.44136225075925e-03,1.01337018597617e-01,1.12523225629654e+03,sinkhorn_cellsim
2.513830e+01,9701,5.42958655138504e-03,1.01337014753132e-01,1.12523631614021e+03,sinkhorn_cellsim
2.519011e+01,9721,5.41786040782353e-03,1.01337012979923e-01,1.12524037330376e+03,sinkhorn_cellsim
2.524193e+01,9741,5.40674665478593e-03,1.01337014053743e-01,1.12524442786754e+03,sinkhorn_cellsim
2.529375e+01,9761,5.39607386548862e-03,1.01337017802195e-01,1.12524847970218e+03,sinkhorn_cellsim
2.534557e+01,9781,5.38408181918455e-03,1.01337021758070e-01,1.12525252783856e+03,sinkhorn_cellsim
2.539738e+01,9801,5.36746170665542e-03,1.01337015386392e-01,1.12525656801530e+03,sinkhorn_cellsim
2.544920e+01,9821,5.33477418295683e-03,1.01336960869897e-01,1.12526058551153e+03,sinkhorn_cellsim
2.550102e+01,9841,5.29360991179142e-03,1.01336773848052e-01,1.12526455183015e+03,sinkhorn_cellsim
2.555283e+01,9861,5.25205603851629e-03,1.01336439082863e-01,1.12526846198926e+03,sinkhorn_cellsim
2.560465e+01,9881,5.21110632588775e-03,1.01336082945445e-01,1.12527234495052e+03,sinkhorn_cellsim
2.565645e+01,9901,5.17504224641391e-03,1.01335810682252e-01,1.12527621727777e+03,sinkhorn_cellsim
2.570826e+01,9921,5.13807932274117e-03,1.01336063082831e-01,1.12528007594984e+03,sinkhorn_cellsim
2.576008e+01,9941,5.06778428006200e-03,1.01340596621872e-01,1.12528383668740e+03,sinkhorn_cellsim
2.581190e+01,9961,5.00430051088572e-03,1.01347655638576e-01,1.12528733713539e+03,sinkhorn_cellsim
2.586372e+01,9981,4.97080767220407e-03,1.01348493381422e-01,1.12529074800287e+03,sinkhorn_cellsim
2.591553e+01,10001,4.94235016184573e-03,1.01348336244314e-01,1.12529414450890e+03,sinkhorn_cellsim
2.596735e+01,10021,4.91841140744337e-03,1.01348193082728e-01,1.12529753383915e+03,sinkhorn_cellsim
2.601917e+01,10041,4.89855760894768e-03,1.01348082706753e-01,1.12530091795149e+03,sinkhorn_cellsim
2.607098e+01,10061,4.87941221391917e-03,1.01347978889344e-01,1.12530429764291e+03,sinkhorn_cellsim
2.612280e+01,10081,4.86119589883839e-03,1.01347866819225e-01,1.12530767326135e+03,sinkhorn_cellsim
2.617461e+01,10101,4.84369771080239e-03,1.01347739367088e-01,1.12531104492298e+03,sinkhorn_cellsim
2.622642e+01,10121,4.82695697325754e-03,1.01347593632454e-01,1.12531441260290e+03,sinkhorn_cellsim
2.627824e+01,10141,4.81092534930752e-03,1.01347429855583e-01,1.12531777619514e+03,sinkhorn_cellsim
2.633005e+01,10161,4.79553894532623e-03,1.01347251364257e-01,1.12532113557066e+03,sinkhorn_cellsim
2.638187e+01,10181,4.78072503908577e-03,1.01347064440877e-01,1.12532449063571e+03,sinkhorn_cellsim
2.643368e+01,10201,4.76693739625428e-03,1.01346877439287e-01,1.12532784137985e+03,sinkhorn_cellsim
2.648549e+01,10221,4.75389231785059e-03,1.01346699134664e-01,1.12533118789976e+03,sinkhorn_cellsim
2.653730e+01,10241,4.74139752628984e-03,1.01346536926276e-01,1.12533453039297e+03,sinkhorn_cellsim
2.658912e+01,10261,4.72927285701669e-03,1.01346395795743e-01,1.12533786912699e+03,sinkhorn_cellsim
2.664093e+01,10281,4.71745884754852e-03,1.01346281155715e-01,1.12534120437230e+03,sinkhorn_cellsim
2.669275e+01,10301,4.70603736674411e-03,1.01346259237401e-01,1.12534453580320e+03,sinkhorn_cellsim
2.674456e+01,10321,4.69504439942241e-03,1.01347417866161e-01,1.12534785269391e+03,sinkhorn_cellsim
2.679638e+01,10341,4.68422232309320e-03,1.01353001630524e-01,1.12535108620068e+03,sinkhorn_cellsim
2.684819e+01,10361,4.67357338717544e-03,1.01355520286053e-01,1.12535425301129e+03,sinkhorn_cellsim
2.690001e+01,10381,4.66326801270837e-03,1.01356120910043e-01,1.12535741228949e+03,sinkhorn_cellsim
2.695182e+01,10401,4.65305308073353e-03,1.01356364035806e-01,1.12536056876207e+03,sinkhorn_cellsim
2.700363e+01,10421,4.64323192187196e-03,1.01356497249581e-01,1.12536372295043e+03,sinkhorn_cellsim
2.705546e+01,10441,4.63400398733750e-03,1.01356584905494e-01,1.12536687506934e+03,sinkhorn_cellsim
2.710728e+01,10461,4.62502710189781e-03,1.01356650238540e-01,1.12537002526385e+03,sinkhorn_cellsim
2.715909e+01,10481,4.61627223637896e-03,1.01356703229737e-01,1.12537317365005e+03,sinkhorn_cellsim
2.721090e+01,10501,4.60823327494220e-03,1.01356748859047e-01,1.12537632032740e+03,sinkhorn_cellsim
2.726272e+01,10521,4.60109776541082e-03,1.01356789991346e-01,1.12537946538324e+03,sinkhorn_cellsim
2.731453e+01,10541,4.59410571000324e-03,1.01356828610673e-01,1.12538260888970e+03,sinkhorn_cellsim
2.736634e+01,10561,4.58702825318656e-03,1.01356866914353e-01,1.12538575087888e+03,sinkhorn_cellsim
2.741816e+01,10581,4.57969998943467e-03,1.01356910179646e-01,1.12538889123131e+03,sinkhorn_cellsim
2.746998e+01,10601,4.57135140585010e-03,1.01356977489916e-01,1.12539202921313e+03,sinkhorn_cellsim
2.752180e+01,10621,4.55900225690772e-03,1.01357137212538e-01,1.12539516175112e+03,sinkhorn_cellsim
2.757361e+01,10641,4.53735468544642e-03,1.01357544391973e-01,1.12539827924595e+03,sinkhorn_cellsim
2.762543e+01,10661,4.50465669861725e-03,1.01358125997961e-01,1.12540136779975e+03,sinkhorn_cellsim
2.767725e+01,10681,4.47471983847902e-03,1.01358362626838e-01,1.12540443090607e+03,sinkhorn_cellsim
2.772907e+01,10701,4.45230542296355e-03,1.01358331971224e-01,1.12540748334714e+03,sinkhorn_cellsim
2.778088e+01,10721,4.43432851952814e-03,1.01358303595852e-01,1.12541053188891e+03,sinkhorn_cellsim
2.783270e+01,10741,4.42010481982419e-03,1.01358321845017e-01,1.12541357794200e+03,sinkhorn_cellsim
2.788451e+01,10761,4.40847761373753e-03,1.01358372248824e-01,1.12541662053145e+03,sinkhorn_cellsim
2.793634e+01,10781,4.39923356715421e-03,1.01358456412356e-01,1.12541965551424e+03,sinkhorn_cellsim
2.798816e+01,10801,4.39242980996896e-03,1.01358586539179e-01,1.12542267470289e+03,sinkhorn_cellsim
2.803997e+01,10821,4.38657320021732e-03,1.01358732512417e-01,1.12542567407779e+03,sinkhorn_cellsim
2.809179e+01,10841,4.38136672916265e-03,1.01358851553827e-01,1.12542866196044e+03,sinkhorn_cellsim
2.814360e+01,10861,4.37643187315044e-03,1.01358946838673e-01,1.12543164621475e+03,sinkhorn_cellsim
2.819543e+01,10881,4.37163105824613e-03,1.01359026732661e-01,1.12543462907831e+03,sinkhorn_cellsim
2.824725e+01,10901,4.36693191812361e-03,1.01359094464577e-01,1.12543761098882e+03,sinkhorn_cellsim
2.829907e+01,10921,4.36232760157617e-03,1.01359152189265e-01,1.12544059209637e+03,sinkhorn_cellsim
2.835089e+01,10941,4.35785321473002e-03,1.01359201878130e-01,1.12544357248909e+03,sinkhorn_cellsim
2.840271e+01,10961,4.35375853421828e-03,1.01359245299820e-01,1.12544655222304e+03,sinkhorn_cellsim
2.845454e+01,10981,4.34998573864467e-03,1.01359283962239e-01,1.12544953133099e+03,sinkhorn_cellsim
2.850635e+01,11001,4.34641927229961e-03,1.01359319109746e-01,1.12545250982706e+03,sinkhorn_cellsim
2.855817e+01,11021,4.34293939672831e-03,1.01359351758871e-01,1.12545548770852e+03,sinkhorn_cellsim
2.860999e+01,11041,4.33957918430182e-03,1.01359382751367e-01,1.12545846495534e+03,sinkhorn_cellsim
2.866180e+01,11061,4.33613845862050e-03,1.01359412811159e-01,1.12546144152765e+03,sinkhorn_cellsim
2.871362e+01,11081,4.33250641346292e-03,1.01359442597976e-01,1.12546441736171e+03,sinkhorn_cellsim
2.876543e+01,11101,4.32872386922559e-03,1.01359472753166e-01,1.12546739236468e+03,sinkhorn_cellsim
2.881724e+01,11121,4.32477323308507e-03,1.01359503932641e-01,1.12547036640908e+03,sinkhorn_cellsim
2.886906e+01,11141,4.32026788581199e-03,1.01359536818890e-01,1.12547333932835e+03,sinkhorn_cellsim
2.892088e+01,11161,4.31499098604937e-03,1.01359572099905e-01,1.12547631091569e+03,sinkhorn_cellsim
2.897269e+01,11181,4.30877810562609e-03,1.01359610401899e-01,1.12547928092912e+03,sinkhorn_cellsim
2.902449e+01,11201,4.30149647656528e-03,1.01359652175220e-01,1.12548224910469e+03,sinkhorn_cellsim
2.907631e+01,11221,4.29307518211046e-03,1.01359697585916e-01,1.12548521517493e+03,sinkhorn_cellsim
2.912812e+01,11241,4.28355060833788e-03,1.01359746640360e-01,1.12548817887293e+03,sinkhorn_cellsim
2.917993e+01,11261,4.27454981882403e-03,1.01359800368858e-01,1.12549113984629e+03,sinkhorn_cellsim
2.923175e+01,11281,4.26514915888621e-03,1.01359865944779e-01,1.12549409720158e+03,sinkhorn_cellsim
2.928356e+01,11301,4.25231851615587e-03,1.01359972518990e-01,1.12549704776430e+03,sinkhorn_cellsim
2.933536e+01,11321,4.23141010707662e-03,1.01360174034867e-01,1.12549998194198e+03,sinkhorn_cellsim
2.938718e+01,11341,4.19774821060364e-03,1.01360347510730e-01,1.12550288613638e+03,sinkhorn_cellsim
2.943898e+01,11361,4.16739490084975e-03,1.01360191465922e-01,1.12550576397052e+03,sinkhorn_cellsim
2.949080e+01,11381,4.14184943810325e-03,1.01359886070522e-01,1.12550863004477e+03,sinkhorn_cellsim
2.954261e+01,11401,4.11971697054860e-03,1.01359659553788e-01,1.12551149120146e+03,sinkhorn_cellsim
2.959442e+01,11421,4.10209557118168e-03,1.01359532316958e-01,1.12551434928913e+03,sinkhorn_cellsim
2.964623e+01,11441,4.09051018233885e-03,1.01359467562346e-01,1.12551720472866e+03,sinkhorn_cellsim
2.969804e+01,11461,4.08012082360354e-03,1.01359432903389e-01,1.12552005745774e+03,sinkhorn_cellsim
2.974985e+01,11481,4.06947951337377e-03,1.01359406734525e-01,1.12552290704838e+03,sinkhorn_cellsim
2.980167e+01,11501,4.05633412720039e-03,1.01359373669035e-01,1.12552575226815e+03,sinkhorn_cellsim
2.985350e+01,11521,4.03705185049245e-03,1.01359316287462e-01,1.12552858918479e+03,sinkhorn_cellsim
2.990533e+01,11541,4.00349138011653e-03,1.01359204257123e-01,1.12553140676837e+03,sinkhorn_cellsim
2.995715e+01,11561,3.97535221914002e-03,1.01359028022056e-01,1.12553419099042e+03,sinkhorn_cellsim
3.000895e+01,11581,3.94220882410231e-03,1.01358881447909e-01,1.12553694811915e+03,sinkhorn_cellsim
3.006076e+01,11601,3.90878960998395e-03,1.01358856590645e-01,1.12553968989262e+03,sinkhorn_cellsim
3.011258e+01,11621,3.87307577213246e-03,1.01359007444330e-01,1.12554241078863e+03,sinkhorn_cellsim
3.016439e+01,11641,3.83552231417016e-03,1.01359301511545e-01,1.12554510069665e+03,sinkhorn_cellsim
3.021620e+01,11661,3.80291207975309e-03,1.01359527669178e-01,1.12554776840579e+03,sinkhorn_cellsim
3.026801e+01,11681,3.78167432197354e-03,1.01359606325523e-01,1.12555042817467e+03,sinkhorn_cellsim
3.031982e+01,11701,3.76738375213929e-03,1.01359597447159e-01,1.12555308495197e+03,sinkhorn_cellsim
3.037164e+01,11721,3.75400853908925e-03,1.01359573443494e-01,1.12555573899837e+03,sinkhorn_cellsim
3.042347e+01,11741,3.73839487263615e-03,1.01359626408524e-01,1.12555838709999e+03,sinkhorn_cellsim
3.047528e+01,11761,3.71072807849927e-03,1.01359923882550e-01,1.12556101858819e+03,sinkhorn_cellsim
3.052709e+01,11781,3.67697788550880e-03,1.01360484650917e-01,1.12556361832727e+03,sinkhorn_cellsim
3.057890e+01,11801,3.64948140769231e-03,1.01360901703254e-01,1.12556618956237e+03,sinkhorn_cellsim
3.063071e+01,11821,3.62909092015725e-03,1.01361174488398e-01,1.12556874038871e+03,sinkhorn_cellsim
3.068253e+01,11841,3.60995811026475e-03,1.01361467692542e-01,1.12557126803088e+03,sinkhorn_cellsim
3.073434e+01,11861,3.58791586920614e-03,1.01361621546210e-01,1.12557377823105e+03,sinkhorn_cellsim
3.078615e+01,11881,3.55520037704424e-03,1.01361662513723e-01,1.12557627190992e+03,sinkhorn_cellsim
3.083797e+01,11901,3.50910781902161e-03,1.01361754121924e-01,1.12557873456688e+03,sinkhorn_cellsim
3.088977e+01,11921,3.46980041204667e-03,1.01361951722465e-01,1.12558115808782e+03,sinkhorn_cellsim
3.094159e+01,11941,3.43831638572453e-03,1.01362179429706e-01,1.12558355205699e+03,sinkhorn_cellsim
3.099340e+01,11961,3.41049508052051e-03,1.01362320886114e-01,1.12558591559994e+03,sinkhorn_cellsim
3.104521e+01,11981,3.38343126234682e-03,1.01362265388966e-01,1.12558825077160e+03,sinkhorn_cellsim
3.109703e+01,12001,3.35777794797423e-03,1.01362188372347e-01,1.12559057035204e+03,sinkhorn_cellsim
3.114884e+01,12021,3.32966710979492e-03,1.01362310586232e-01,1.12559287827548e+03,sinkhorn_cellsim
3.120065e+01,12041,3.28446730348755e-03,1.01362895815283e-01,1.12559516199469e+03,sinkhorn_cellsim
3.125246e+01,12061,3.23577998224543e-03,1.01364183592983e-01,1.12559739338348e+03,sinkhorn_cellsim
3.130426e+01,12081,3.20119830863106e-03,1.01365393349469e-01,1.12559956919256e+03,sinkhorn_cellsim
3.135607e+01,12101,3.17136002652375e-03,1.01365802246605e-01,1.12560172123239e+03,sinkhorn_cellsim
3.140788e+01,12121,3.15187721561384e-03,1.01365760384383e-01,1.12560386674116e+03,sinkhorn_cellsim
3.145969e+01,12141,3.13421426628689e-03,1.01365607250645e-01,1.12560600943457e+03,sinkhorn_cellsim
3.151150e+01,12161,3.11856968454059e-03,1.01365454771319e-01,1.12560815001563e+03,sinkhorn_cellsim
3.156331e+01,12181,3.10555006937715e-03,1.01365322626196e-01,1.12561028850862e+03,sinkhorn_cellsim
3.161512e+01,12201,3.09434807216632e-03,1.01365205401536e-01,1.12561242450620e+03,sinkhorn_cellsim
3.166693e+01,12221,3.08305534503961e-03,1.01365092763270e-01,1.12561455679102e+03,sinkhorn_cellsim
3.171874e+01,12241,3.06894944275156e-03,1.01364973319421e-01,1.12561668174019e+03,sinkhorn_cellsim
3.177055e+01,12261,3.05763283756957e-03,1.01364836467874e-01,1.12561878941366e+03,sinkhorn_cellsim
3.182236e+01,12281,3.04680565686465e-03,1.01364708342133e-01,1.12562086520747e+03,sinkhorn_cellsim
3.187418e+01,12301,3.03697795535959e-03,1.01364673066605e-01,1.12562291220387e+03,sinkhorn_cellsim
3.192598e+01,12321,3.02707768383365e-03,1.01364735895705e-01,1.12562494640839e+03,sinkhorn_cellsim
3.197779e+01,12341,3.01756016362312e-03,1.01364843295963e-01,1.12562697407328e+03,sinkhorn_cellsim
3.202959e+01,12361,3.00820752308421e-03,1.01364962437990e-01,1.12562899633102e+03,sinkhorn_cellsim
3.208140e+01,12381,2.99916708893485e-03,1.01365080586681e-01,1.12563101363787e+03,sinkhorn_cellsim
3.213321e+01,12401,2.99061227108067e-03,1.01365192883655e-01,1.12563302642840e+03,sinkhorn_cellsim
3.218502e+01,12421,2.98240061850874e-03,1.01365297151642e-01,1.12563503514808e+03,sinkhorn_cellsim
3.223684e+01,12441,2.97454533918904e-03,1.01365392370943e-01,1.12563704023457e+03,sinkhorn_cellsim
3.228864e+01,12461,2.96707942220575e-03,1.01365478187194e-01,1.12563904210126e+03,sinkhorn_cellsim
3.234044e+01,12481,2.96062007061750e-03,1.01365554669317e-01,1.12564104112745e+03,sinkhorn_cellsim
3.239225e+01,12501,2.95442907656624e-03,1.01365622155955e-01,1.12564303765384e+03,sinkhorn_cellsim
3.244406e+01,12521,2.94851510864078e-03,1.01365681152137e-01,1.12564503198192e+03,sinkhorn_cellsim
3.249586e+01,12541,2.94323414644028e-03,1.01365732258257e-01,1.12564702437578e+03,sinkhorn_cellsim
3.254768e+01,12561,2.93850854125953e-03,1.01365776120381e-01,1.12564901506505e+03,sinkhorn_cellsim
3.259948e+01,12581,2.93406578100348e-03,1.01365813395484e-01,1.12565100424861e+03,sinkhorn_cellsim
3.265129e+01,12601,2.93012792615632e-03,1.01365844727734e-01,1.12565299209818e+03,sinkhorn_cellsim
3.270310e+01,12621,2.92639606688847e-03,1.01365870733479e-01,1.12565497876189e+03,sinkhorn_cellsim
3.275491e+01,12641,2.92318115685975e-03,1.01365891994345e-01,1.12565696436740e+03,sinkhorn_cellsim
3.280672e+01,12661,2.92075817360863e-03,1.01365909063104e-01,1.12565894902447e+03,sinkhorn_cellsim
3.285852e+01,12681,2.91842856924593e-03,1.01365922507014e-01,1.12566093282588e+03,sinkhorn_cellsim
3.291033e+01,12701,2.91617752801306e-03,1.01365933096100e-01,1.12566291584333e+03,sinkhorn_cellsim
3.296214e+01,12721,2.91395515881736e-03,1.01365942584238e-01,1.12566489810278e+03,sinkhorn_cellsim
3.301394e+01,12741,2.91156781735015e-03,1.01365956905827e-01,1.12566687947687e+03,sinkhorn_cellsim
3.306574e+01,12761,2.90824885569252e-03,1.01365998630415e-01,1.12566885924807e+03,sinkhorn_cellsim
3.311756e+01,12781,2.90219004102941e-03,1.01366145912937e-01,1.12567083454855e+03,sinkhorn_cellsim
3.316937e+01,12801,2.89431956075597e-03,1.01366557326317e-01,1.12567279699879e+03,sinkhorn_cellsim
3.322118e+01,12821,2.88034090342129e-03,1.01367119877927e-01,1.12567473574214e+03,sinkhorn_cellsim
3.327298e+01,12841,2.85977181418881e-03,1.01367333018263e-01,1.12567665327201e+03,sinkhorn_cellsim
3.332480e+01,12861,2.83912817938537e-03,1.01367250480512e-01,1.12567855923659e+03,sinkhorn_cellsim
3.337661e+01,12881,2.82216446767697e-03,1.01367102971235e-01,1.12568045918063e+03,sinkhorn_cellsim
3.342842e+01,12901,2.80869533399962e-03,1.01366964841748e-01,1.12568235579600e+03,sinkhorn_cellsim
3.348023e+01,12921,2.79821656936659e-03,1.01366847745326e-01,1.12568425046138e+03,sinkhorn_cellsim
3.353204e+01,12941,2.79047642302927e-03,1.01366750558895e-01,1.12568614390038e+03,sinkhorn_cellsim
3.358384e+01,12961,2.78461275614362e-03,1.01366670093923e-01,1.12568803650467e+03,sinkhorn_cellsim
3.363565e+01,12981,2.78002208173530e-03,1.01366603210802e-01,1.12568992849557e+03,sinkhorn_cellsim
3.368746e+01,13001,2.77653033132430e-03,1.01366547272104e-01,1.12569182000491e+03,sinkhorn_cellsim
3.373927e+01,13021,2.77381654237976e-03,1.01366500182071e-01,1.12569371111596e+03,sinkhorn_cellsim
3.379108e+01,13041,2.77156407202875e-03,1.01366460308316e-01,1.12569560188457e+03,sinkhorn_cellsim
3.384289e+01,13061,2.77007165200664e-03,1.01366426382423e-01,1.12569749235040e+03,sinkhorn_cellsim
3.389469e+01,13081,2.76893103764922e-03,1.01366397411749e-01,1.12569938254311e+03,sinkhorn_cellsim
3.394651e+01,13101,2.76781530707958e-03,1.01366372610082e-01,1.12570127248577e+03,sinkhorn_cellsim
3.399831e+01,13121,2.76672202911254e-03,1.01366351346049e-01,1.12570316219701e+03,sinkhorn_cellsim
3.405013e+01,13141,2.76564895130265e-03,1.01366333105649e-01,1.12570505169220e+03,sinkhorn_cellsim
3.410194e+01,13161,2.76459398223124e-03,1.01366317465224e-01,1.12570694098436e+03,sinkhorn_cellsim
3.415375e+01,13181,2.76355517507866e-03,1.01366304071913e-01,1.12570883008462e+03,sinkhorn_cellsim
3.420556e+01,13201,2.76253071273689e-03,1.01366292629325e-01,1.12571071900267e+03,sinkhorn_cellsim
3.425738e+01,13221,2.76151889472448e-03,1.01366282886846e-01,1.12571260774699e+03,sinkhorn_cellsim
3.430920e+01,13241,2.76051812589893e-03,1.01366274631519e-01,1.12571449632510e+03,sinkhorn_cellsim
3.436101e+01,13261,2.75952690674701e-03,1.01366267681682e-01,1.12571638474372e+03,sinkhorn_cellsim
3.441282e+01,13281,2.75854382524209e-03,1.01366261881937e-01,1.12571827300883e+03,sinkhorn_cellsim
3.446464e+01,13301,2.75756754994617e-03,1.01366257099043e-01,1.12572016112587e+03,sinkhorn_cellsim
3.451644e+01,13321,2.75659682434394e-03,1.01366253218550e-01,1.12572204909975e+03,sinkhorn_cellsim
3.456825e+01,13341,2.75563046206122e-03,1.01366250141970e-01,1.12572393693493e+03,sinkhorn_cellsim
3.462006e+01,13361,2.75466734300462e-03,1.01366247784407e-01,1.12572582463550e+03,sinkhorn_cellsim
3.467188e+01,13381,2.75370641012437e-03,1.01366246072532e-01,1.12572771220520e+03,sinkhorn_cellsim
3.472369e+01,13401,2.75274666681701e-03,1.01366244942875e-01,1.12572959964747e+03,sinkhorn_cellsim
3.477550e+01,13421,2.75178717468488e-03,1.01366244340355e-01,1.12573148696548e+03,sinkhorn_cellsim
3.482732e+01,13441,2.75082705145097e-03,1.01366244217043e-01,1.12573337416217e+03,sinkhorn_cellsim
3.487913e+01,13461,2.74986546778163e-03,1.01366244531122e-01,1.12573526124026e+03,sinkhorn_cellsim
3.493094e+01,13481,2.74890163894897e-03,1.01366245246153e-01,1.12573714820225e+03,sinkhorn_cellsim
3.498275e+01,13501,2.74793479363694e-03,1.01366246331006e-01,1.12573903505045e+03,sinkhorn_cellsim
3.504311e+01,13521,2.74696404732310e-03,1.01366247762153e-01,1.12574092178684e+03,sinkhorn_cellsim
3.509497e+01,13541,2.74598787805472e-03,1.01366249535421e-01,1.12574280841255e+03,sinkhorn_cellsim
3.514680e+01,13561,2.74500194852412e-03,1.01366251716720e-01,1.12574469492576e+03,sinkhorn_cellsim
3.519860e+01,13581,2.74399005758615e-03,1.01366254654458e-01,1.12574658131257e+03,sinkhorn_cellsim
3.525040e+01,13601,2.74288663557224e-03,1.01366259861451e-01,1.12574846750959e+03,sinkhorn_cellsim
3.530220e+01,13621,2.74142290493184e-03,1.01366273635023e-01,1.12575035324941e+03,sinkhorn_cellsim
3.535401e+01,13641,2.73852277576381e-03,1.01366321293971e-01,1.12575223744453e+03,sinkhorn_cellsim
3.540582e+01,13661,2.73033558096637e-03,1.01366493823000e-01,1.12575411603268e+03,sinkhorn_cellsim
3.545763e+01,13681,2.71629946736483e-03,1.01367002928975e-01,1.12575597775917e+03,sinkhorn_cellsim
3.550944e+01,13701,2.70690758220800e-03,1.01367851606469e-01,1.12575781062294e+03,sinkhorn_cellsim
3.556125e+01,13721,2.69488245658643e-03,1.01368476916372e-01,1.12575962341385e+03,sinkhorn_cellsim
3.561306e+01,13741,2.68166583210757e-03,1.01368715954458e-01,1.12576142977853e+03,sinkhorn_cellsim
3.566486e+01,13761,2.66869952385791e-03,1.01368796090191e-01,1.12576323339050e+03,sinkhorn_cellsim
3.571667e+01,13781,2.65437924892317e-03,1.01368922787721e-01,1.12576503292623e+03,sinkhorn_cellsim
3.576849e+01,13801,2.63432646471217e-03,1.01369399164732e-01,1.12576682083341e+03,sinkhorn_cellsim
3.582030e+01,13821,2.60568782075865e-03,1.01370650003386e-01,1.12576857737237e+03,sinkhorn_cellsim
3.587211e+01,13841,2.57055469478288e-03,1.01372181968708e-01,1.12577028398658e+03,sinkhorn_cellsim
3.592392e+01,13861,2.54192271963700e-03,1.01372901859864e-01,1.12577195153817e+03,sinkhorn_cellsim
3.597572e+01,13881,2.52249724470454e-03,1.01372954304797e-01,1.12577360041169e+03,sinkhorn_cellsim
3.602753e+01,13901,2.50302462529316e-03,1.01372769994779e-01,1.12577524153128e+03,sinkhorn_cellsim
3.607934e+01,13921,2.48585020237079e-03,1.01372538028624e-01,1.12577687921831e+03,sinkhorn_cellsim
3.613115e+01,13941,2.47083545385429e-03,1.01372318443715e-01,1.12577851513268e+03,sinkhorn_cellsim
3.618296e+01,13961,2.45765564554688e-03,1.01372126439296e-01,1.12578014996507e+03,sinkhorn_cellsim
3.623477e+01,13981,2.44615737961220e-03,1.01371962908727e-01,1.12578178404438e+03,sinkhorn_cellsim
3.628659e+01,14001,2.43824525238818e-03,1.01371824692578e-01,1.12578341754997e+03,sinkhorn_cellsim
3.633840e+01,14021,2.43146623322818e-03,1.01371708119806e-01,1.12578505058268e+03,sinkhorn_cellsim
3.639021e+01,14041,2.42510753118086e-03,1.01371610729467e-01,1.12578668316391e+03,sinkhorn_cellsim
3.644202e+01,14061,2.41889191700367e-03,1.01371534264262e-01,1.12578831511515e+03,sinkhorn_cellsim
3.649383e+01,14081,2.41181958639323e-03,1.01371495699403e-01,1.12578994551750e+03,sinkhorn_cellsim
3.654564e+01,14101,2.40016822491802e-03,1.01371567915686e-01,1.12579157062566e+03,sinkhorn_cellsim
3.659745e+01,14121,2.38463620941714e-03,1.01371980534817e-01,1.12579317772527e+03,sinkhorn_cellsim
3.664926e+01,14141,2.36970695378610e-03,1.01373016532033e-01,1.12579474124551e+03,sinkhorn_cellsim
3.670107e+01,14161,2.34469565416351e-03,1.01374122432069e-01,1.12579625441681e+03,sinkhorn_cellsim
3.675288e+01,14181,2.33186644116112e-03,1.01374547708322e-01,1.12579774309378e+03,sinkhorn_cellsim
3.680469e+01,14201,2.32646241585071e-03,1.01374535978100e-01,1.12579922287138e+03,sinkhorn_cellsim
3.685649e+01,14221,2.32090920729142e-03,1.01374416979590e-01,1.12580069834269e+03,sinkhorn_cellsim
3.690830e+01,14241,2.31534633964849e-03,1.01374305624498e-01,1.12580217150064e+03,sinkhorn_cellsim
3.696011e+01,14261,2.30986540422517e-03,1.01374223359055e-01,1.12580364337545e+03,sinkhorn_cellsim
3.701192e+01,14281,2.30449977857094e-03,1.01374167697987e-01,1.12580511445034e+03,sinkhorn_cellsim
3.706374e+01,14301,2.29934950316696e-03,1.01374133965071e-01,1.12580658484822e+03,sinkhorn_cellsim
3.711555e+01,14321,2.29375550894395e-03,1.01374124716848e-01,1.12580805419864e+03,sinkhorn_cellsim
3.716736e+01,14341,2.28586700066239e-03,1.01374167460585e-01,1.12580952064998e+03,sinkhorn_cellsim
3.721917e+01,14361,2.27055064966686e-03,1.01374352121229e-01,1.12581097769680e+03,sinkhorn_cellsim
3.727098e+01,14381,2.24694609010201e-03,1.01374751843364e-01,1.12581241144875e+03,sinkhorn_cellsim
3.732280e+01,14401,2.22440765406410e-03,1.01375061569716e-01,1.12581381635380e+03,sinkhorn_cellsim
3.737460e+01,14421,2.20267221432043e-03,1.01375082415001e-01,1.12581520664538e+03,sinkhorn_cellsim
3.742641e+01,14441,2.18411345787746e-03,1.01375021090661e-01,1.12581659286245e+03,sinkhorn_cellsim
3.747821e+01,14461,2.17029217034868e-03,1.01374985475153e-01,1.12581797780633e+03,sinkhorn_cellsim
3.753002e+01,14481,2.15937582870862e-03,1.01374983135587e-01,1.12581936209746e+03,sinkhorn_cellsim
3.758183e+01,14501,2.15036621965834e-03,1.01375002538444e-01,1.12582074592118e+03,sinkhorn_cellsim
3.763364e+01,14521,2.14272901028270e-03,1.01375034017458e-01,1.12582212935498e+03,sinkhorn_cellsim
3.768545e+01,14541,2.13664038119915e-03,1.01375071623577e-01,1.12582351243890e+03,sinkhorn_cellsim
3.773726e+01,14561,2.13183247298723e-03,1.01375111971456e-01,1.12582489519649e+03,sinkhorn_cellsim
3.778907e+01,14581,2.12828824187707e-03,1.01375153189728e-01,1.12582627764310e+03,sinkhorn_cellsim
3.784088e+01,14601,2.12494424332955e-03,1.01375194267690e-01,1.12582765978958e+03,sinkhorn_cellsim
3.789269e+01,14621,2.12157415548828e-03,1.01375234678647e-01,1.12582904164424e+03,sinkhorn_cellsim
3.794450e+01,14641,2.11817762141044e-03,1.01375274165570e-01,1.12583042321383e+03,sinkhorn_cellsim
3.799631e+01,14661,2.11478570863877e-03,1.01375312619056e-01,1.12583180450413e+03,sinkhorn_cellsim
3.804812e+01,14681,2.11136817042972e-03,1.01375350007953e-01,1.12583318552028e+03,sinkhorn_cellsim
3.809993e+01,14701,2.10792532384843e-03,1.01375386340239e-01,1.12583456626703e+03,sinkhorn_cellsim
3.815174e+01,14721,2.10449499643773e-03,1.01375421641382e-01,1.12583594674886e+03,sinkhorn_cellsim
3.820354e+01,14741,2.10108753219330e-03,1.01375455942767e-01,1.12583732697011e+03,sinkhorn_cellsim
3.825534e+01,14761,2.09766018962163e-03,1.01375489275905e-01,1.12583870693506e+03,sinkhorn_cellsim
3.830715e+01,14781,2.09421616011117e-03,1.01375521669863e-01,1.12584008664797e+03,sinkhorn_cellsim
3.835896e+01,14801,2.09076156772258e-03,1.01375553150492e-01,1.12584146611315e+03,sinkhorn_cellsim
3.841078e+01,14821,2.08751749946475e-03,1.01375583740560e-01,1.12584284533495e+03,sinkhorn_cellsim
3.846258e+01,14841,2.08428171719246e-03,1.01375613460330e-01,1.12584422431782e+03,sinkhorn_cellsim
3.851440e+01,14861,2.08104019057823e-03,1.01375642328290e-01,1.12584560306630e+03,sinkhorn_cellsim
3.856621e+01,14881,2.07779847489284e-03,1.01375670361880e-01,1.12584698158503e+03,sinkhorn_cellsim
3.861803e+01,14901,2.07458133149178e-03,1.01375697578165e-01,1.12584835987875e+03,sinkhorn_cellsim
3.866984e+01,14921,2.07137324240262e-03,1.01375723994360e-01,1.12584973795229e+03,sinkhorn_cellsim
3.872165e+01,14941,2.06817425145385e-03,1.01375749628262e-01,1.12585111581056e+03,sinkhorn_cellsim
3.877346e+01,14961,2.06499019501001e-03,1.01375774498532e-01,1.12585249345852e+03,sinkhorn_cellsim
3.882527e+01,14981,2.06183060600777e-03,1.01375798624877e-01,1.12585387090121e+03,sinkhorn_cellsim
3.887707e+01,15001,2.05874046662944e-03,1.01375822028115e-01,1.12585524814367e+03,sinkhorn_cellsim
3.892890e+01,15021,2.05573306661537e-03,1.01375844730156e-01,1.12585662519100e+03,sinkhorn_cellsim
3.898070e+01,15041,2.05279163811283e-03,1.01375866753920e-01,1.12585800204825e+03,sinkhorn_cellsim
3.903252e+01,15061,2.04986280183357e-03,1.01375888123181e-01,1.12585937872048e+03,sinkhorn_cellsim
3.908433e+01,15081,2.04694952434440e-03,1.01375908862386e-01,1.12586075521271e+03,sinkhorn_cellsim
3.913615e+01,15101,2.04405460426029e-03,1.01375928996438e-01,1.12586213152991e+03,sinkhorn_cellsim
3.918796e+01,15121,2.04118263350260e-03,1.01375948550468e-01,1.12586350767696e+03,sinkhorn_cellsim
3.923977e+01,15141,2.03834487473680e-03,1.01375967549605e-01,1.12586488365869e+03,sinkhorn_cellsim
3.929159e+01,15161,2.03554784432120e-03,1.01375986018751e-01,1.12586625947982e+03,sinkhorn_cellsim
3.934340e+01,15181,2.03277814336834e-03,1.01376003982365e-01,1.12586763514497e+03,sinkhorn_cellsim
3.939522e+01,15201,2.03004147060142e-03,1.01376021464276e-01,1.12586901065866e+03,sinkhorn_cellsim
3.944704e+01,15221,2.02734588600416e-03,1.01376038487517e-01,1.12587038602527e+03,sinkhorn_cellsim
3.949885e+01,15241,2.02468419025345e-03,1.01376055074181e-01,1.12587176124907e+03,sinkhorn_cellsim
3.955067e+01,15261,2.02205530942634e-03,1.01376071245324e-01,1.12587313633422e+03,sinkhorn_cellsim
3.960248e+01,15281,2.01947570201765e-03,1.01376087020932e-01,1.12587451128471e+03,sinkhorn_cellsim
3.965429e+01,15301,2.01695307417659e-03,1.01376102420075e-01,1.12587588610442e+03,sinkhorn_cellsim
3.970611e+01,15321,2.01446556182435e-03,1.01376117461738e-01,1.12587726079704e+03,sinkhorn_cellsim
3.975792e+01,15341,2.01202146045333e-03,1.01376132168236e-01,1.12587863536600e+03,sinkhorn_cellsim
3.980973e+01,15361,2.00961265095940e-03,1.01376146578911e-01,1.12588000981395e+03,sinkhorn_cellsim
3.986155e+01,15381,2.00723932142739e-03,1.01376160804797e-01,1.12588138414100e+03,sinkhorn_cellsim
3.991336e+01,15401,2.00490152381720e-03,1.01376175246579e-01,1.12588275833734e+03,sinkhorn_cellsim
3.996517e+01,15421,2.00259916419471e-03,1.01376191461617e-01,1.12588413235411e+03,sinkhorn_cellsim
4.001698e+01,15441,2.00033192524599e-03,1.01376215578158e-01,1.12588550598801e+03,sinkhorn_cellsim
4.006879e+01,15461,1.99809891586386e-03,1.01376271196138e-01,1.12588687843760e+03,sinkhorn_cellsim
4.012061e+01,15481,1.99590486366383e-03,1.01376440466739e-01,1.12588824677706e+03,sinkhorn_cellsim
4.017241e+01,15501,1.99381836475455e-03,1.01376916774930e-01,1.12588960267490e+03,sinkhorn_cellsim
4.022423e+01,15521,1.99176918137049e-03,1.01377735161239e-01,1.12589093529044e+03,sinkhorn_cellsim
4.027604e+01,15541,1.98975022124519e-03,1.01378382974912e-01,1.12589224930002e+03,sinkhorn_cellsim
4.032785e+01,15561,1.98771885025158e-03,1.01378659625988e-01,1.12589355758144e+03,sinkhorn_cellsim
4.037966e+01,15581,1.98563979814936e-03,1.01378752764787e-01,1.12589486479785e+03,sinkhorn_cellsim
4.043146e+01,15601,1.98349641965346e-03,1.01378784449633e-01,1.12589617158627e+03,sinkhorn_cellsim
4.048326e+01,15621,1.98126335170361e-03,1.01378796648730e-01,1.12589747794523e+03,sinkhorn_cellsim
4.053507e+01,15641,1.97893338910441e-03,1.01378801602527e-01,1.12589878379603e+03,sinkhorn_cellsim
4.058688e+01,15661,1.97647166474513e-03,1.01378802551957e-01,1.12590008903601e+03,sinkhorn_cellsim
4.063869e+01,15681,1.97377159266111e-03,1.01378800410038e-01,1.12590139353104e+03,sinkhorn_cellsim
4.069049e+01,15701,1.97068696795385e-03,1.01378796710275e-01,1.12590269706389e+03,sinkhorn_cellsim
4.074230e+01,15721,1.96684516556049e-03,1.01378798384834e-01,1.12590399911787e+03,sinkhorn_cellsim
4.079410e+01,15741,1.96265057066190e-03,1.01378833415281e-01,1.12590529803622e+03,sinkhorn_cellsim
4.084592e+01,15761,1.95764550957717e-03,1.01378992466731e-01,1.12590658833871e+03,sinkhorn_cellsim
4.089772e+01,15781,1.95164814796171e-03,1.01379419446980e-01,1.12590785709049e+03,sinkhorn_cellsim
4.094952e+01,15801,1.94384193074955e-03,1.01379976576411e-01,1.12590909477312e+03,sinkhorn_cellsim
4.100133e+01,15821,1.93001045693952e-03,1.01380512589203e-01,1.12591030921583e+03,sinkhorn_cellsim
4.105314e+01,15841,1.91347874798678e-03,1.01381500449142e-01,1.12591149986400e+03,sinkhorn_cellsim
4.110494e+01,15861,1.89895924365201e-03,1.01382766844633e-01,1.12591266019891e+03,sinkhorn_cellsim
4.115674e+01,15881,1.88155037931953e-03,1.01383387315140e-01,1.12591380193846e+03,sinkhorn_cellsim
4.120854e+01,15901,1.86307726364475e-03,1.01383467408108e-01,1.12591493720178e+03,sinkhorn_cellsim
4.126035e+01,15921,1.84666487770627e-03,1.01383391162216e-01,1.12591606971533e+03,sinkhorn_cellsim
4.131215e+01,15941,1.83343437513444e-03,1.01383297254046e-01,1.12591720055059e+03,sinkhorn_cellsim
4.136395e+01,15961,1.82289489397381e-03,1.01383215274235e-01,1.12591833019386e+03,sinkhorn_cellsim
4.141575e+01,15981,1.81375888096972e-03,1.01383148486484e-01,1.12591945893150e+03,sinkhorn_cellsim
4.146756e+01,16001,1.80530645430000e-03,1.01383095132649e-01,1.12592058694913e+03,sinkhorn_cellsim
4.151936e+01,16021,1.79730884588090e-03,1.01383052900823e-01,1.12592171437293e+03,sinkhorn_cellsim
4.157117e+01,16041,1.78984850943158e-03,1.01383019735939e-01,1.12592284129158e+03,sinkhorn_cellsim
4.162297e+01,16061,1.78278142654317e-03,1.01382993921771e-01,1.12592396776924e+03,sinkhorn_cellsim
4.167478e+01,16081,1.77606586447007e-03,1.01382974039762e-01,1.12592509385362e+03,sinkhorn_cellsim
4.172659e+01,16101,1.76967897280146e-03,1.01382958919909e-01,1.12592621958116e+03,sinkhorn_cellsim
4.177840e+01,16121,1.76359598315807e-03,1.01382947599979e-01,1.12592734498050e+03,sinkhorn_cellsim
4.183022e+01,16141,1.75779204157311e-03,1.01382939292228e-01,1.12592847007475e+03,sinkhorn_cellsim
4.188202e+01,16161,1.75224332546772e-03,1.01382933355414e-01,1.12592959488310e+03,sinkhorn_cellsim
4.193382e+01,16181,1.74692766961029e-03,1.01382929270837e-01,1.12593071942190e+03,sinkhorn_cellsim
4.198563e+01,16201,1.74182485707239e-03,1.01382926621820e-01,1.12593184370534e+03,sinkhorn_cellsim
4.203744e+01,16221,1.73691667030364e-03,1.01382925076753e-01,1.12593296774598e+03,sinkhorn_cellsim
4.208926e+01,16241,1.73218670517776e-03,1.01382924377370e-01,1.12593409155496e+03,sinkhorn_cellsim
4.214106e+01,16261,1.72761968874541e-03,1.01382924339959e-01,1.12593521514168e+03,sinkhorn_cellsim
4.219287e+01,16281,1.72319905989134e-03,1.01382924901539e-01,1.12593633851177e+03,sinkhorn_cellsim
4.224468e+01,16301,1.71889765109930e-03,1.01382926341875e-01,1.12593746165801e+03,sinkhorn_cellsim
4.229649e+01,16321,1.71465972249471e-03,1.01382930211728e-01,1.12593858452347e+03,sinkhorn_cellsim
4.234830e+01,16341,1.71047589756628e-03,1.01382943096334e-01,1.12593970685199e+03,sinkhorn_cellsim
4.240011e+01,16361,1.70522489624096e-03,1.01382991445216e-01,1.12594082759405e+03,sinkhorn_cellsim
4.245191e+01,16381,1.69668524100374e-03,1.01383174561263e-01,1.12594194269876e+03,sinkhorn_cellsim
4.250373e+01,16401,1.68384308939616e-03,1.01383787447056e-01,1.12594303886132e+03,sinkhorn_cellsim
4.255553e+01,16421,1.67115745620444e-03,1.01385181251394e-01,1.12594408997672e+03,sinkhorn_cellsim
4.260734e+01,16441,1.66383927113250e-03,1.01386792653628e-01,1.12594508816519e+03,sinkhorn_cellsim
4.265915e+01,16461,1.65738074669017e-03,1.01387813465525e-01,1.12594605908387e+03,sinkhorn_cellsim
4.271095e+01,16481,1.65188944436171e-03,1.01388436521071e-01,1.12594701899810e+03,sinkhorn_cellsim
4.276276e+01,16501,1.64622434131100e-03,1.01389256808805e-01,1.12594796560195e+03,sinkhorn_cellsim
4.281458e+01,16521,1.64181126198360e-03,1.01390621583441e-01,1.12594888779233e+03,sinkhorn_cellsim
4.286640e+01,16541,1.63820129302678e-03,1.01391797917481e-01,1.12594978649993e+03,sinkhorn_cellsim
4.291821e+01,16561,1.63426316311702e-03,1.01392253370470e-01,1.12595067488294e+03,sinkhorn_cellsim
4.297001e+01,16581,1.62995805515510e-03,1.01392306907796e-01,1.12595155982296e+03,sinkhorn_cellsim
4.302183e+01,16601,1.62537717835440e-03,1.01392242041037e-01,1.12595244322830e+03,sinkhorn_cellsim
4.307364e+01,16621,1.62075201180286e-03,1.01392161140857e-01,1.12595332570923e+03,sinkhorn_cellsim
4.312546e+01,16641,1.61611361402880e-03,1.01392089650080e-01,1.12595420752221e+03,sinkhorn_cellsim
4.317726e+01,16661,1.61136781229216e-03,1.01392030478448e-01,1.12595508879226e+03,sinkhorn_cellsim
4.322907e+01,16681,1.60679441129853e-03,1.01391981467515e-01,1.12595596958755e+03,sinkhorn_cellsim
4.328088e+01,16701,1.60275550215168e-03,1.01391940020000e-01,1.12595684994992e+03,sinkhorn_cellsim
4.333268e+01,16721,1.59879617118374e-03,1.01391904068528e-01,1.12595772990836e+03,sinkhorn_cellsim
4.338450e+01,16741,1.59477028484358e-03,1.01391872130469e-01,1.12595860948497e+03,sinkhorn_cellsim
4.343631e+01,16761,1.59068515530978e-03,1.01391843192497e-01,1.12595948869767e+03,sinkhorn_cellsim
4.348812e+01,16781,1.58654769310033e-03,1.01391816622380e-01,1.12596036756096e+03,sinkhorn_cellsim
4.353993e+01,16801,1.58236438499191e-03,1.01391792202518e-01,1.12596124608477e+03,sinkhorn_cellsim
4.359174e+01,16821,1.57814128664972e-03,1.01391770478673e-01,1.12596212426882e+03,sinkhorn_cellsim
4.364356e+01,16841,1.57388402808789e-03,1.01391754028452e-01,1.12596300208390e+03,sinkhorn_cellsim
4.369536e+01,16861,1.56959782847889e-03,1.01391751547772e-01,1.12596387941252e+03,sinkhorn_cellsim
4.374718e+01,16881,1.56528751593997e-03,1.01391790530205e-01,1.12596475586423e+03,sinkhorn_cellsim
4.379898e+01,16901,1.56095754550896e-03,1.01391954629772e-01,1.12596563022040e+03,sinkhorn_cellsim
4.385079e+01,16921,1.55661200134711e-03,1.01392477778805e-01,1.12596649892908e+03,sinkhorn_cellsim
4.390261e+01,16941,1.55225454705468e-03,1.01393868079896e-01,1.12596735324618e+03,sinkhorn_cellsim
4.395442e+01,16961,1.54788824555011e-03,1.01396582764615e-01,1.12596817948107e+03,sinkhorn_cellsim
4.400622e+01,16981,1.54351518330717e-03,1.01399850787740e-01,1.12596897295594e+03,sinkhorn_cellsim
4.405803e+01,17001,1.53913616797632e-03,1.01402253421040e-01,1.12596974628025e+03,sinkhorn_cellsim
4.410984e+01,17021,1.53475112988187e-03,1.01403582679871e-01,1.12597051164262e+03,sinkhorn_cellsim
4.416165e+01,17041,1.53036008798205e-03,1.01404292948260e-01,1.12597127357425e+03,sinkhorn_cellsim
4.421346e+01,17061,1.52596376445412e-03,1.01404719208965e-01,1.12597203334190e+03,sinkhorn_cellsim
4.426527e+01,17081,1.52156356898306e-03,1.01405015846831e-01,1.12597279142244e+03,sinkhorn_cellsim
4.431707e+01,17101,1.51716122546300e-03,1.01405246464975e-01,1.12597354809245e+03,sinkhorn_cellsim
4.436889e+01,17121,1.51275804855423e-03,1.01405438219151e-01,1.12597430353877e+03,sinkhorn_cellsim
4.442070e+01,17141,1.50835290841794e-03,1.01405605796516e-01,1.12597505785138e+03,sinkhorn_cellsim
4.447250e+01,17161,1.50393486600780e-03,1.01405765605805e-01,1.12597581088401e+03,sinkhorn_cellsim
4.452431e+01,17181,1.49945582058629e-03,1.01405959922311e-01,1.12597656167788e+03,sinkhorn_cellsim
4.457612e+01,17201,1.49474070399632e-03,1.01406322701483e-01,1.12597730650231e+03,sinkhorn_cellsim
4.462792e+01,17221,1.48932279826365e-03,1.01407145878344e-01,1.12597803504450e+03,sinkhorn_cellsim
4.467973e+01,17241,1.48276184105982e-03,1.01408420184339e-01,1.12597873564359e+03,sinkhorn_cellsim
4.473154e+01,17261,1.47589623601915e-03,1.01409369164436e-01,1.12597941581190e+03,sinkhorn_cellsim
4.478335e+01,17281,1.46934748260749e-03,1.01409765764186e-01,1.12598008967678e+03,sinkhorn_cellsim
4.483516e+01,17301,1.46308135560426e-03,1.01409898202085e-01,1.12598076186031e+03,sinkhorn_cellsim
4.488697e+01,17321,1.45704762480559e-03,1.01409943385986e-01,1.12598143308016e+03,sinkhorn_cellsim
4.493878e+01,17341,1.45119041550776e-03,1.01409966078084e-01,1.12598210336772e+03,sinkhorn_cellsim
4.499059e+01,17361,1.44544870158494e-03,1.01410000857679e-01,1.12598277230125e+03,sinkhorn_cellsim
4.504240e+01,17381,1.43969381469438e-03,1.01410113683762e-01,1.12598343802795e+03,sinkhorn_cellsim
4.509422e+01,17401,1.43354383863156e-03,1.01410484803967e-01,1.12598409430912e+03,sinkhorn_cellsim
4.514602e+01,17421,1.42598504404896e-03,1.01411333251735e-01,1.12598472827941e+03,sinkhorn_cellsim
4.519784e+01,17441,1.41514639954817e-03,1.01412382128183e-01,1.12598533313945e+03,sinkhorn_cellsim
4.524965e+01,17461,1.39928300139930e-03,1.01413413282922e-01,1.12598591340128e+03,sinkhorn_cellsim
4.530146e+01,17481,1.38123681948487e-03,1.01414708037740e-01,1.12598646480374e+03,sinkhorn_cellsim
4.535327e+01,17501,1.36634874188052e-03,1.01415716765305e-01,1.12598698881831e+03,sinkhorn_cellsim
4.540508e+01,17521,1.35441536837784e-03,1.01416066032607e-01,1.12598750021878e+03,sinkhorn_cellsim
4.545689e+01,17541,1.34209762838003e-03,1.01416100601548e-01,1.12598800775217e+03,sinkhorn_cellsim
4.550869e+01,17561,1.33069559675415e-03,1.01416049892787e-01,1.12598851381874e+03,sinkhorn_cellsim
4.556050e+01,17581,1.31991416721644e-03,1.01415985138649e-01,1.12598901899538e+03,sinkhorn_cellsim
4.561231e+01,17601,1.31039796201624e-03,1.01415924200709e-01,1.12598952346336e+03,sinkhorn_cellsim
4.566412e+01,17621,1.30139961269319e-03,1.01415870250745e-01,1.12599002730756e+03,sinkhorn_cellsim
4.571593e+01,17641,1.29257193062739e-03,1.01415822771597e-01,1.12599053058124e+03,sinkhorn_cellsim
4.576774e+01,17661,1.28393388622689e-03,1.01415780580109e-01,1.12599103332374e+03,sinkhorn_cellsim
4.581955e+01,17681,1.27549138021247e-03,1.01415742595733e-01,1.12599153556685e+03,sinkhorn_cellsim
4.587135e+01,17701,1.26724309995757e-03,1.01415707977141e-01,1.12599203733760e+03,sinkhorn_cellsim
4.592317e+01,17721,1.25918402495207e-03,1.01415676096715e-01,1.12599253865977e+03,sinkhorn_cellsim
4.597497e+01,17741,1.25130744059167e-03,1.01415646487207e-01,1.12599303955470e+03,sinkhorn_cellsim
4.602678e+01,17761,1.24360605796639e-03,1.01415618795220e-01,1.12599354004184e+03,sinkhorn_cellsim
4.607858e+01,17781,1.23607261340449e-03,1.01415592747196e-01,1.12599404013910e+03,sinkhorn_cellsim
4.613040e+01,17801,1.22871924530164e-03,1.01415568126107e-01,1.12599453986309e+03,sinkhorn_cellsim
4.618220e+01,17821,1.22164552772443e-03,1.01415544755858e-01,1.12599503922935e+03,sinkhorn_cellsim
4.623402e+01,17841,1.21470908074718e-03,1.01415522490881e-01,1.12599553825247e+03,sinkhorn_cellsim
4.628583e+01,17861,1.20789923817691e-03,1.01415501209148e-01,1.12599603694621e+03,sinkhorn_cellsim
4.633763e+01,17881,1.20121962432968e-03,1.01415480807442e-01,1.12599653532357e+03,sinkhorn_cellsim
4.638944e+01,17901,1.19468451046471e-03,1.01415461198443e-01,1.12599703339687e+03,sinkhorn_cellsim
4.644125e+01,17921,1.18826362503217e-03,1.01415442310411e-01,1.12599753117765e+03,sinkhorn_cellsim
4.649305e+01,17941,1.18199123932265e-03,1.01415424094464e-01,1.12599802867633e+03,sinkhorn_cellsim
4.654486e+01,17961,1.17583944715890e-03,1.01415406560680e-01,1.12599852590037e+03,sinkhorn_cellsim
4.659666e+01,17981,1.16977417473366e-03,1.01415389930686e-01,1.12599902284689e+03,sinkhorn_cellsim
4.664848e+01,18001,1.16374022073928e-03,1.01415375263429e-01,1.12599951947225e+03,sinkhorn_cellsim
4.670029e+01,18021,1.15751957342936e-03,1.01415366990136e-01,1.12600001556899e+03,sinkhorn_cellsim
4.675209e+01,18041,1.15025596814937e-03,1.01415382878692e-01,1.12600051027944e+03,sinkhorn_cellsim
4.680390e+01,18061,1.13908728941269e-03,1.01415488756609e-01,1.12600100036109e+03,sinkhorn_cellsim
4.685572e+01,18081,1.12381045334240e-03,1.01415868596593e-01,1.12600147616579e+03,sinkhorn_cellsim
4.690754e+01,18101,1.10531308539788e-03,1.01416698870517e-01,1.12600192398919e+03,sinkhorn_cellsim
4.695935e+01,18121,1.08643453707497e-03,1.01417665618322e-01,1.12600234706672e+03,sinkhorn_cellsim
4.701115e+01,18141,1.06747723378574e-03,1.01418453077856e-01,1.12600275753758e+03,sinkhorn_cellsim
4.706296e+01,18161,1.04896032135883e-03,1.01419268957300e-01,1.12600315263308e+03,sinkhorn_cellsim
4.711477e+01,18181,1.03003163306314e-03,1.01420303527660e-01,1.12600351996479e+03,sinkhorn_cellsim
4.716658e+01,18201,1.00794233049550e-03,1.01421083360220e-01,1.12600386291864e+03,sinkhorn_cellsim
4.721839e+01,18221,9.87384127419705e-04,1.01421346082144e-01,1.12600419705795e+03,sinkhorn_cellsim
4.727020e+01,18241,9.70792219204373e-04,1.01421347511992e-01,1.12600452882039e+03,sinkhorn_cellsim
4.732200e+01,18261,9.57355249316709e-04,1.01421275669406e-01,1.12600485949812e+03,sinkhorn_cellsim
4.737381e+01,18281,9.45310903883590e-04,1.01421196526273e-01,1.12600518945007e+03,sinkhorn_cellsim
4.742562e+01,18301,9.34287990818298e-04,1.01421127467916e-01,1.12600551886006e+03,sinkhorn_cellsim
4.747743e+01,18321,9.24078373933235e-04,1.01421071081473e-01,1.12600584784545e+03,sinkhorn_cellsim
4.752924e+01,18341,9.14602284531743e-04,1.01421026092863e-01,1.12600617648557e+03,sinkhorn_cellsim
4.758105e+01,18361,9.05815632200900e-04,1.01420990543203e-01,1.12600650483581e+03,sinkhorn_cellsim
4.763286e+01,18381,8.97542704265724e-04,1.01420962616153e-01,1.12600683293595e+03,sinkhorn_cellsim
4.768467e+01,18401,8.89726162438842e-04,1.01420940797457e-01,1.12600716081543e+03,sinkhorn_cellsim
4.773648e+01,18421,8.82366238207925e-04,1.01420923861545e-01,1.12600748849677e+03,sinkhorn_cellsim
4.778829e+01,18441,8.75381907898422e-04,1.01420910823762e-01,1.12600781599765e+03,sinkhorn_cellsim
4.784009e+01,18461,8.68794976174019e-04,1.01420900893649e-01,1.12600814333238e+03,sinkhorn_cellsim
4.789190e+01,18481,8.62475253818498e-04,1.01420893436319e-01,1.12600847051284e+03,sinkhorn_cellsim
4.794371e+01,18501,8.56448977482887e-04,1.01420887941747e-01,1.12600879754909e+03,sinkhorn_cellsim
4.799553e+01,18521,8.50649583583493e-04,1.01420884000593e-01,1.12600912444982e+03,sinkhorn_cellsim
4.804733e+01,18541,8.45221415871974e-04,1.01420881285422e-01,1.12600945122262e+03,sinkhorn_cellsim
4.809914e+01,18561,8.40230779841648e-04,1.01420879537603e-01,1.12600977787405e+03,sinkhorn_cellsim
4.815095e+01,18581,8.35476363178701e-04,1.01420878564559e-01,1.12601010440933e+03,sinkhorn_cellsim
4.820276e+01,18601,8.30852379176489e-04,1.01420878269108e-01,1.12601043083036e+03,sinkhorn_cellsim
4.825459e+01,18621,8.26404050187781e-04,1.01420878801021e-01,1.12601075712752e+03,sinkhorn_cellsim
4.830640e+01,18641,8.22287125317319e-04,1.01420881195643e-01,1.12601108324607e+03,sinkhorn_cellsim
4.835821e+01,18661,8.18026479359492e-04,1.01420889955510e-01,1.12601140895139e+03,sinkhorn_cellsim
4.841002e+01,18681,8.12767197456900e-04,1.01420923098441e-01,1.12601173330320e+03,sinkhorn_cellsim
4.846183e+01,18701,8.06323902858758e-04,1.01421046460546e-01,1.12601205283220e+03,sinkhorn_cellsim
4.851364e+01,18721,7.97751770085937e-04,1.01421437036899e-01,1.12601235768624e+03,sinkhorn_cellsim
4.856546e+01,18741,7.86014921632867e-04,1.01422223008400e-01,1.12601263539762e+03,sinkhorn_cellsim
4.861726e+01,18761,7.75703152423825e-04,1.01423003172565e-01,1.12601289108295e+03,sinkhorn_cellsim
4.866908e+01,18781,7.66740733404631e-04,1.01423441545474e-01,1.12601313867442e+03,sinkhorn_cellsim
4.872089e+01,18801,7.58347152578476e-04,1.01423648761506e-01,1.12601338397087e+03,sinkhorn_cellsim
4.877270e+01,18821,7.50147620794260e-04,1.01423755377884e-01,1.12601362841942e+03,sinkhorn_cellsim
4.882451e+01,18841,7.42364106476103e-04,1.01423816159504e-01,1.12601387243207e+03,sinkhorn_cellsim
4.887632e+01,18861,7.35083833983632e-04,1.01423851394032e-01,1.12601411615934e+03,sinkhorn_cellsim
4.892814e+01,18881,7.28049012395934e-04,1.01423870144044e-01,1.12601435966845e+03,sinkhorn_cellsim
4.897996e+01,18901,7.21280806805182e-04,1.01423877642608e-01,1.12601460299553e+03,sinkhorn_cellsim
4.903176e+01,18921,7.14766041389081e-04,1.01423877416960e-01,1.12601484616352e+03,sinkhorn_cellsim
4.908357e+01,18941,7.08518750531206e-04,1.01423871978669e-01,1.12601508918889e+03,sinkhorn_cellsim
4.913538e+01,18961,7.02516501294649e-04,1.01423863133285e-01,1.12601533208447e+03,sinkhorn_cellsim
4.918720e+01,18981,6.96726690598394e-04,1.01423852171843e-01,1.12601557486071e+03,sinkhorn_cellsim
4.923901e+01,19001,6.91169899559737e-04,1.01423840008737e-01,1.12601581752641e+03,sinkhorn_cellsim
4.929082e+01,19021,6.85845646238802e-04,1.01423827284664e-01,1.12601606008914e+03,sinkhorn_cellsim
4.934263e+01,19041,6.80701808796883e-04,1.01423814443213e-01,1.12601630255548e+03,sinkhorn_cellsim
4.939444e+01,19061,6.75722020950719e-04,1.01423801787170e-01,1.12601654493122e+03,sinkhorn_cellsim
4.944626e+01,19081,6.70897342471965e-04,1.01423789519455e-01,1.12601678722154e+03,sinkhorn_cellsim
4.949806e+01,19101,6.66214228007260e-04,1.01423777772601e-01,1.12601702943105e+03,sinkhorn_cellsim
4.954988e+01,19121,6.61664605945249e-04,1.01423766629873e-01,1.12601727156393e+03,sinkhorn_cellsim
4.960169e+01,19141,6.57303431745322e-04,1.01423756140303e-01,1.12601751362396e+03,sinkhorn_cellsim
4.965350e+01,19161,6.53168550713531e-04,1.01423746329385e-01,1.12601775561461e+03,sinkhorn_cellsim
4.970531e+01,19181,6.49139908811712e-04,1.01423737206645e-01,1.12601799753901e+03,sinkhorn_cellsim
4.975712e+01,19201,6.45211411382332e-04,1.01423728771000e-01,1.12601823940005e+03,sinkhorn_cellsim
4.980893e+01,19221,6.41383100609648e-04,1.01423721014548e-01,1.12601848120039e+03,sinkhorn_cellsim
4.986074e+01,19241,6.37665930792744e-04,1.01423713925246e-01,1.12601872294246e+03,sinkhorn_cellsim
4.991254e+01,19261,6.34119227982401e-04,1.01423707488809e-01,1.12601896462849e+03,sinkhorn_cellsim
4.996436e+01,19281,6.30679020179058e-04,1.01423701690036e-01,1.12601920626054e+03,sinkhorn_cellsim
5.001616e+01,19301,6.27323332644990e-04,1.01423696513775e-01,1.12601944784049e+03,sinkhorn_cellsim
5.006797e+01,19321,6.24049197377180e-04,1.01423691945593e-01,1.12601968937006e+03,sinkhorn_cellsim
5.011978e+01,19341,6.20872810413741e-04,1.01423687972268e-01,1.12601993085083e+03,sinkhorn_cellsim
5.017159e+01,19361,6.17812190960495e-04,1.01423684582164e-01,1.12602017228421e+03,sinkhorn_cellsim
5.022341e+01,19381,6.14859367154007e-04,1.01423681765481e-01,1.12602041367149e+03,sinkhorn_cellsim
5.027522e+01,19401,6.11979770860716e-04,1.01423679514493e-01,1.12602065501383e+03,sinkhorn_cellsim
5.032702e+01,19421,6.09163846459166e-04,1.01423677823718e-01,1.12602089631222e+03,sinkhorn_cellsim
5.037883e+01,19441,6.06420635810503e-04,1.01423676690082e-01,1.12602113756757e+03,sinkhorn_cellsim
5.043064e+01,19461,6.03844565979938e-04,1.01423676113060e-01,1.12602137878062e+03,sinkhorn_cellsim
5.048245e+01,19481,6.01438993878311e-04,1.01423676094835e-01,1.12602161995199e+03,sinkhorn_cellsim
5.053426e+01,19501,5.99092043217016e-04,1.01423676640425e-01,1.12602186108219e+03,sinkhorn_cellsim
5.058606e+01,19521,5.96810770222121e-04,1.01423677757860e-01,1.12602210217156e+03,sinkhorn_cellsim
5.063788e+01,19541,5.94690006477238e-04,1.01423679458326e-01,1.12602234322032e+03,sinkhorn_cellsim
5.068968e+01,19561,5.92712207516954e-04,1.01423681756339e-01,1.12602258422857e+03,sinkhorn_cellsim
5.074149e+01,19581,5.90831193356425e-04,1.01423684669923e-01,1.12602282519624e+03,sinkhorn_cellsim
5.079330e+01,19601,5.89039590010552e-04,1.01423688220797e-01,1.12602306612311e+03,sinkhorn_cellsim
5.084511e+01,19621,5.87290938453034e-04,1.01423692434560e-01,1.12602330700881e+03,sinkhorn_cellsim
5.089692e+01,19641,5.85577171274865e-04,1.01423697340889e-01,1.12602354785283e+03,sinkhorn_cellsim
5.094873e+01,19661,5.83924285123300e-04,1.01423702973726e-01,1.12602378865444e+03,sinkhorn_cellsim
5.100054e+01,19681,5.82277745366680e-04,1.01423709371462e-01,1.12602402941278e+03,sinkhorn_cellsim
5.105235e+01,19701,5.80684563091223e-04,1.01423716577109e-01,1.12602427012678e+03,sinkhorn_cellsim
5.110417e+01,19721,5.79101754102259e-04,1.01423724638449e-01,1.12602451079518e+03,sinkhorn_cellsim
5.115597e+01,19741,5.77513077637936e-04,1.01423733608145e-01,1.12602475141651e+03,sinkhorn_cellsim
5.120778e+01,19761,5.75923517516657e-04,1.01423743543818e-01,1.12602499198909e+03,sinkhorn_cellsim
5.125959e+01,19781,5.74346766360428e-04,1.01423754508057e-01,1.12602523251102e+03,sinkhorn_cellsim
5.131140e+01,19801,5.72785825375676e-04,1.01423766568365e-01,1.12602547298017e+03,sinkhorn_cellsim
5.136321e+01,19821,5.71311691684524e-04,1.01423779797001e-01,1.12602571339418e+03,sinkhorn_cellsim
5.141502e+01,19841,5.69907616231041e-04,1.01423794270730e-01,1.12602595375043e+03,sinkhorn_cellsim
5.146683e+01,19861,5.68486195914312e-04,1.01423810070409e-01,1.12602619404607e+03,sinkhorn_cellsim
5.151863e+01,19881,5.67064391842187e-04,1.01423827280453e-01,1.12602643427800e+03,sinkhorn_cellsim
5.157043e+01,19901,5.65614531292828e-04,1.01423845988094e-01,1.12602667444287e+03,sinkhorn_cellsim
5.162224e+01,19921,5.64134552669006e-04,1.01423866282460e-01,1.12602691453711e+03,sinkhorn_cellsim
5.167404e+01,19941,5.62633299000728e-04,1.01423888253416e-01,1.12602715455691e+03,sinkhorn_cellsim
5.172585e+01,19961,5.61101809182093e-04,1.01423911990183e-01,1.12602739449824e+03,sinkhorn_cellsim
5.177765e+01,19981,5.59537747192810e-04,1.01423937579711e-01,1.12602763435689e+03,sinkhorn_cellsim
5.182946e+01,20001,5.57950282472283e-04,1.01423965104791e-01,1.12602787412850e+03,sinkhorn_cellsim
5.188127e+01,20021,5.56340878788155e-04,1.01423994641953e-01,1.12602811380857e+03,sinkhorn_cellsim
5.193307e+01,20041,5.54681045100329e-04,1.01424026259135e-01,1.12602835339252e+03,sinkhorn_cellsim
5.198489e+01,20061,5.52995354924656e-04,1.01424060013204e-01,1.12602859287573e+03,sinkhorn_cellsim
5.203670e+01,20081,5.51277770922270e-04,1.01424095947330e-01,1.12602883225361e+03,sinkhorn_cellsim
5.208850e+01,20101,5.49668882810948e-04,1.01424134088376e-01,1.12602907152166e+03,sinkhorn_cellsim
5.214031e+01,20121,5.48139971429476e-04,1.01424174444298e-01,1.12602931067553e+03,sinkhorn_cellsim
5.219211e+01,20141,5.46627270090628e-04,1.01424217001762e-01,1.12602954971110e+03,sinkhorn_cellsim
5.224393e+01,20161,5.45404453268491e-04,1.01424261724036e-01,1.12602978862457e+03,sinkhorn_cellsim
5.229574e+01,20181,5.44210528222146e-04,1.01424308549303e-01,1.12603002741249e+03,sinkhorn_cellsim
5.234755e+01,20201,5.43008772546478e-04,1.01424357389543e-01,1.12603026607190e+03,sinkhorn_cellsim
5.239936e+01,20221,5.41847580878145e-04,1.01424408130064e-01,1.12603050460034e+03,sinkhorn_cellsim
5.245117e+01,20241,5.40702731248093e-04,1.01424460629788e-01,1.12603074299594e+03,sinkhorn_cellsim
5.250299e+01,20261,5.39560663753204e-04,1.01424514722348e-01,1.12603098125747e+03,sinkhorn_cellsim
5.255479e+01,20281,5.38437774589182e-04,1.01424570218010e-01,1.12603121938437e+03,sinkhorn_cellsim
5.260660e+01,20301,5.37291706970585e-04,1.01424626906412e-01,1.12603145737678e+03,sinkhorn_cellsim
5.265841e+01,20321,5.36165674300415e-04,1.01424684559993e-01,1.12603169523553e+03,sinkhorn_cellsim
5.271021e+01,20341,5.35226919173776e-04,1.01424742938056e-01,1.12603193296215e+03,sinkhorn_cellsim
5.276202e+01,20361,5.34341526185786e-04,1.01424801791276e-01,1.12603217055884e+03,sinkhorn_cellsim
5.281383e+01,20381,5.33472413937226e-04,1.01424860866446e-01,1.12603240802842e+03,sinkhorn_cellsim
5.286563e+01,20401,5.32701554987237e-04,1.01424919911321e-01,1.12603264537429e+03,sinkhorn_cellsim
5.291743e+01,20421,5.32102835414158e-04,1.01424978679295e-01,1.12603288260033e+03,sinkhorn_cellsim
5.296924e+01,20441,5.31540062191509e-04,1.01425036933793e-01,1.12603311971087e+03,sinkhorn_cellsim
5.302106e+01,20461,5.31090607818631e-04,1.01425094452153e-01,1.12603335671061e+03,sinkhorn_cellsim
5.307287e+01,20481,5.30854806049631e-04,1.01425151028941e-01,1.12603359360449e+03,sinkhorn_cellsim
5.312468e+01,20501,5.30644169649462e-04,1.01425206478546e-01,1.12603383039765e+03,sinkhorn_cellsim
5.317649e+01,20521,5.30433336383917e-04,1.01425260637096e-01,1.12603406709535e+03,sinkhorn_cellsim
5.322829e+01,20541,5.30222292682173e-04,1.01425313363605e-01,1.12603430370288e+03,sinkhorn_cellsim
5.328010e+01,20561,5.30011026676420e-04,1.01425364540456e-01,1.12603454022552e+03,sinkhorn_cellsim
5.333191e+01,20581,5.29799528353197e-04,1.01425414073252e-01,1.12603477666846e+03,sinkhorn_cellsim
5.338371e+01,20601,5.29587789577872e-04,1.01425461890104e-01,1.12603501303675e+03,sinkhorn_cellsim
5.343551e+01,20621,5.29375804188696e-04,1.01425507940483e-01,1.12603524933527e+03,sinkhorn_cellsim
5.348732e+01,20641,5.29163568030980e-04,1.01425552193715e-01,1.12603548556872e+03,sinkhorn_cellsim
5.353913e+01,20661,5.28951078988280e-04,1.01425594637214e-01,1.12603572174156e+03,sinkhorn_cellsim
5.359094e+01,20681,5.28738336960481e-04,1.01425635274566e-01,1.12603595785800e+03,sinkhorn_cellsim
5.364275e+01,20701,5.28525343894874e-04,1.01425674123526e-01,1.12603619392201e+03,sinkhorn_cellsim
5.370473e+01,20721,5.28312103726769e-04,1.01425711214009e-01,1.12603642993731e+03,sinkhorn_cellsim
5.375660e+01,20741,5.28098622352719e-04,1.01425746586127e-01,1.12603666590737e+03,sinkhorn_cellsim
5.380844e+01,20761,5.27884907588157e-04,1.01425780288330e-01,1.12603690183539e+03,sinkhorn_cellsim
5.386025e+01,20781,5.27670969092516e-04,1.01425812375666e-01,1.12603713772435e+03,sinkhorn_cellsim
5.391206e+01,20801,5.27456818330846e-04,1.01425842908198e-01,1.12603737357701e+03,sinkhorn_cellsim
5.396388e+01,20821,5.27242468463526e-04,1.01425871949572e-01,1.12603760939589e+03,sinkhorn_cellsim
5.401568e+01,20841,5.27027934298430e-04,1.01425899565771e-01,1.12603784518331e+03,sinkhorn_cellsim
5.406747e+01,20861,5.26813232197474e-04,1.01425925824015e-01,1.12603808094141e+03,sinkhorn_cellsim
5.411928e+01,20881,5.26598379987702e-04,1.01425950791837e-01,1.12603831667215e+03,sinkhorn_cellsim
5.417109e+01,20901,5.26383396901819e-04,1.01425974536300e-01,1.12603855237731e+03,sinkhorn_cellsim
5.422288e+01,20921,5.26168303452754e-04,1.01425997123355e-01,1.12603878805854e+03,sinkhorn_cellsim
5.427469e+01,20941,5.25953121379686e-04,1.01426018617330e-01,1.12603902371732e+03,sinkhorn_cellsim
5.432649e+01,20961,5.25737873545422e-04,1.01426039080521e-01,1.12603925935505e+03,sinkhorn_cellsim
5.437828e+01,20981,5.25522583872477e-04,1.01426058572892e-01,1.12603949497295e+03,sinkhorn_cellsim
5.443009e+01,21001,5.25307277237865e-04,1.01426077151852e-01,1.12603973057220e+03,sinkhorn_cellsim
5.448190e+01,21021,5.25091979402362e-04,1.01426094872115e-01,1.12603996615384e+03,sinkhorn_cellsim
5.453370e+01,21041,5.24876716926022e-04,1.01426111785605e-01,1.12604020171882e+03,sinkhorn_cellsim
5.458550e+01,21061,5.24661517100497e-04,1.01426127941431e-01,1.12604043726805e+03,sinkhorn_cellsim
5.463730e+01,21081,5.24446407799444e-04,1.01426143385894e-01,1.12604067280232e+03,sinkhorn_cellsim
5.468911e+01,21101,5.24231417229009e-04,1.01426158162524e-01,1.12604090832238e+03,sinkhorn_cellsim
5.474092e+01,21121,5.24016573116320e-04,1.01426172312158e-01,1.12604114382892e+03,sinkhorn_cellsim
5.479272e+01,21141,5.23801899549996e-04,1.01426185873019e-01,1.12604137932257e+03,sinkhorn_cellsim
5.484452e+01,21161,5.23587404500302e-04,1.01426198880863e-01,1.12604161480389e+03,sinkhorn_cellsim
5.489632e+01,21181,5.23373029418191e-04,1.01426211369159e-01,1.12604185027332e+03,sinkhorn_cellsim
5.494813e+01,21201,5.23158445490214e-04,1.01426223369585e-01,1.12604208573101e+03,sinkhorn_cellsim
5.499992e+01,21221,5.22942229054132e-04,1.01426234913596e-01,1.12604232117598e+03,sinkhorn_cellsim
5.505172e+01,21241,5.22718524808264e-04,1.01426246038446e-01,1.12604255660275e+03,sinkhorn_cellsim
5.510352e+01,21261,5.22463553087886e-04,1.01426256811256e-01,1.12604279198792e+03,sinkhorn_cellsim
5.515531e+01,21281,5.22085479442934e-04,1.01426267427699e-01,1.12604302723567e+03,sinkhorn_cellsim
5.520711e+01,21301,5.21204658738863e-04,1.01426278637074e-01,1.12604326196033e+03,sinkhorn_cellsim
5.525891e+01,21321,5.18362850451618e-04,1.01426293856972e-01,1.12604349465427e+03,sinkhorn_cellsim
5.531072e+01,21341,5.12182623926914e-04,1.01426332467039e-01,1.12604372000745e+03,sinkhorn_cellsim
5.536252e+01,21361,5.06862001194710e-04,1.01426501502890e-01,1.12604392503330e+03,sinkhorn_cellsim
5.541432e+01,21381,5.02898348253431e-04,1.01427024438718e-01,1.12604410025007e+03,sinkhorn_cellsim
5.546612e+01,21401,4.98137818548378e-04,1.01427717563280e-01,1.12604425879241e+03,sinkhorn_cellsim
5.551792e+01,21421,4.94279466977248e-04,1.01428229756875e-01,1.12604441365925e+03,sinkhorn_cellsim
5.556972e+01,21441,4.90265057510077e-04,1.01428557899983e-01,1.12604456791507e+03,sinkhorn_cellsim
5.562152e+01,21461,4.86128743857257e-04,1.01428782483650e-01,1.12604472195868e+03,sinkhorn_cellsim
5.567332e+01,21481,4.82063175262360e-04,1.01428951704823e-01,1.12604487585963e+03,sinkhorn_cellsim
5.572512e+01,21501,4.78196315857978e-04,1.01429088880000e-01,1.12604502964558e+03,sinkhorn_cellsim
5.577693e+01,21521,4.74464711579776e-04,1.01429205527720e-01,1.12604518333408e+03,sinkhorn_cellsim
5.582873e+01,21541,4.71017342828090e-04,1.01429307803817e-01,1.12604533693809e+03,sinkhorn_cellsim
5.588053e+01,21561,4.67734682105208e-04,1.01429399302174e-01,1.12604549046776e+03,sinkhorn_cellsim
5.593232e+01,21581,4.64654773286012e-04,1.01429482296427e-01,1.12604564393132e+03,sinkhorn_cellsim
5.598412e+01,21601,4.61786672691336e-04,1.01429558324740e-01,1.12604579733556e+03,sinkhorn_cellsim
5.603592e+01,21621,4.59140870195903e-04,1.01429628486201e-01,1.12604595068623e+03,sinkhorn_cellsim
5.608772e+01,21641,4.56602438155385e-04,1.01429693602056e-01,1.12604610398819e+03,sinkhorn_cellsim
5.613952e+01,21661,4.54150956707274e-04,1.01429754308932e-01,1.12604625724569e+03,sinkhorn_cellsim
5.619131e+01,21681,4.51783981228875e-04,1.01429811115436e-01,1.12604641046239e+03,sinkhorn_cellsim
5.624312e+01,21701,4.49498695923495e-04,1.01429864437981e-01,1.12604656364155e+03,sinkhorn_cellsim
5.629492e+01,21721,4.47292110628961e-04,1.01429914624288e-01,1.12604671678602e+03,sinkhorn_cellsim
5.634672e+01,21741,4.45161183984129e-04,1.01429961969312e-01,1.12604686989837e+03,sinkhorn_cellsim
5.639852e+01,21761,4.43105362321687e-04,1.01430006726424e-01,1.12604702298090e+03,sinkhorn_cellsim
5.645031e+01,21781,4.41122317687720e-04,1.01430049115482e-01,1.12604717603565e+03,sinkhorn_cellsim
5.650211e+01,21801,4.39207449136777e-04,1.01430089328831e-01,1.12604732906452e+03,sinkhorn_cellsim
5.655391e+01,21821,4.37357879245383e-04,1.01430127535917e-01,1.12604748206918e+03,sinkhorn_cellsim
5.660571e+01,21841,4.35567906448245e-04,1.01430163886874e-01,1.12604763505119e+03,sinkhorn_cellsim
5.665751e+01,21861,4.33835330090701e-04,1.01430198515423e-01,1.12604778801196e+03,sinkhorn_cellsim
5.670931e+01,21881,4.32162369417486e-04,1.01430231541198e-01,1.12604794095278e+03,sinkhorn_cellsim
5.676112e+01,21901,4.30542053906084e-04,1.01430263071688e-01,1.12604809387483e+03,sinkhorn_cellsim
5.681292e+01,21921,4.28972382773763e-04,1.01430293203849e-01,1.12604824677920e+03,sinkhorn_cellsim
5.686472e+01,21941,4.27451442322444e-04,1.01430322025455e-01,1.12604839966691e+03,sinkhorn_cellsim
5.691652e+01,21961,4.25977402499054e-04,1.01430349616246e-01,1.12604855253887e+03,sinkhorn_cellsim
5.696832e+01,21981,4.24548513140945e-04,1.01430376048907e-01,1.12604870539595e+03,sinkhorn_cellsim
5.702012e+01,22001,4.23163100233767e-04,1.01430401389907e-01,1.12604885823894e+03,sinkhorn_cellsim
5.707196e+01,22021,4.21819562169978e-04,1.01430425700210e-01,1.12604901106859e+03,sinkhorn_cellsim
5.712383e+01,22041,4.20518229310846e-04,1.01430449035900e-01,1.12604916388556e+03,sinkhorn_cellsim
5.717563e+01,22061,4.19298611251189e-04,1.01430471448717e-01,1.12604931669051e+03,sinkhorn_cellsim
5.722743e+01,22081,4.18123989319013e-04,1.01430492986517e-01,1.12604946948401e+03,sinkhorn_cellsim
5.727923e+01,22101,4.16987376285925e-04,1.01430513693679e-01,1.12604962226664e+03,sinkhorn_cellsim
5.733102e+01,22121,4.15884946407239e-04,1.01430533611452e-01,1.12604977503890e+03,sinkhorn_cellsim
5.738282e+01,22141,4.14814761182182e-04,1.01430552778269e-01,1.12604992780127e+03,sinkhorn_cellsim
5.743462e+01,22161,4.13775687564668e-04,1.01430571230009e-01,1.12605008055421e+03,sinkhorn_cellsim
5.748642e+01,22181,4.12766636902777e-04,1.01430589000244e-01,1.12605023329813e+03,sinkhorn_cellsim
5.753822e+01,22201,4.11786562975982e-04,1.01430606120429e-01,1.12605038603343e+03,sinkhorn_cellsim
5.759002e+01,22221,4.10835279664912e-04,1.01430622620108e-01,1.12605053876049e+03,sinkhorn_cellsim
5.764182e+01,22241,4.09921067399719e-04,1.01430638527061e-01,1.12605069147965e+03,sinkhorn_cellsim
5.769363e+01,22261,4.09095258383874e-04,1.01430653867454e-01,1.12605084419123e+03,sinkhorn_cellsim
5.774544e+01,22281,4.08312514588621e-04,1.01430668665967e-01,1.12605099689555e+03,sinkhorn_cellsim
5.779725e+01,22301,4.07576098193943e-04,1.01430682945912e-01,1.12605114959289e+03,sinkhorn_cellsim
5.784905e+01,22321,4.06873381578500e-04,1.01430696729334e-01,1.12605130228353e+03,sinkhorn_cellsim
5.790085e+01,22341,4.06196861406778e-04,1.01430710037103e-01,1.12605145496772e+03,sinkhorn_cellsim
5.795266e+01,22361,4.05561482572062e-04,1.01430722888998e-01,1.12605160764571e+03,sinkhorn_cellsim
5.800445e+01,22381,4.04969357627488e-04,1.01430735303782e-01,1.12605176031772e+03,sinkhorn_cellsim
5.805625e+01,22401,4.04404920780848e-04,1.01430747299275e-01,1.12605191298397e+03,sinkhorn_cellsim
5.810805e+01,22421,4.03861538426795e-04,1.01430758892418e-01,1.12605206564466e+03,sinkhorn_cellsim
5.815985e+01,22441,4.03345484553049e-04,1.01430770099346e-01,1.12605221829999e+03,sinkhorn_cellsim
5.821165e+01,22461,4.02844739320222e-04,1.01430780935498e-01,1.12605237095013e+03,sinkhorn_cellsim
5.826345e+01,22481,4.02358555589288e-04,1.01430791415930e-01,1.12605252359524e+03,sinkhorn_cellsim
5.831525e+01,22501,4.01898480667634e-04,1.01430801556400e-01,1.12605267623542e+03,sinkhorn_cellsim
5.836706e+01,22521,4.01486737967473e-04,1.01430811377646e-01,1.12605282887053e+03,sinkhorn_cellsim
5.841886e+01,22541,4.01126141850503e-04,1.01430820922576e-01,1.12605298149958e+03,sinkhorn_cellsim
5.847066e+01,22561,4.00769334580040e-04,1.01430830325849e-01,1.12605313411805e+03,sinkhorn_cellsim
5.852246e+01,22581,4.00397079723010e-04,1.01430840095497e-01,1.12605328670724e+03,sinkhorn_cellsim
5.857427e+01,22601,3.99974619094893e-04,1.01430852250309e-01,1.12605343919101e+03,sinkhorn_cellsim
5.862607e+01,22621,3.99267277030720e-04,1.01430874865651e-01,1.12605359126278e+03,sinkhorn_cellsim
5.867788e+01,22641,3.97034174336689e-04,1.01430939481385e-01,1.12605374171657e+03,sinkhorn_cellsim
5.872968e+01,22661,3.90763544782296e-04,1.01431156869855e-01,1.12605388621029e+03,sinkhorn_cellsim
5.878149e+01,22681,3.82857554502674e-04,1.01431786512928e-01,1.12605401329125e+03,sinkhorn_cellsim
5.883328e+01,22701,3.77909756560189e-04,1.01432884830172e-01,1.12605411150694e+03,sinkhorn_cellsim
5.888509e+01,22721,3.72638501461610e-04,1.01433827076737e-01,1.12605418982827e+03,sinkhorn_cellsim
5.893689e+01,22741,3.67598543966145e-04,1.01434313676629e-01,1.12605426239034e+03,sinkhorn_cellsim
5.898870e+01,22761,3.64335179762416e-04,1.01434528968089e-01,1.12605433387909e+03,sinkhorn_cellsim
5.904050e+01,22781,3.61449841239471e-04,1.01434630060613e-01,1.12605440510539e+03,sinkhorn_cellsim
5.909230e+01,22801,3.58882007277822e-04,1.01434685313512e-01,1.12605447620143e+03,sinkhorn_cellsim
5.914411e+01,22821,3.56329667633506e-04,1.01434721425605e-01,1.12605454720160e+03,sinkhorn_cellsim
5.919591e+01,22841,3.53795687848189e-04,1.01434749052604e-01,1.12605461812272e+03,sinkhorn_cellsim
5.924771e+01,22861,3.51480922599499e-04,1.01434772677907e-01,1.12605468897616e+03,sinkhorn_cellsim
5.929951e+01,22881,3.49360616022063e-04,1.01434794289977e-01,1.12605475977057e+03,sinkhorn_cellsim
5.935131e+01,22901,3.47259364939506e-04,1.01434814805342e-01,1.12605483051280e+03,sinkhorn_cellsim
5.940312e+01,22921,3.45168302941847e-04,1.01434834653293e-01,1.12605490120840e+03,sinkhorn_cellsim
5.945496e+01,22941,3.43095280079709e-04,1.01434854031911e-01,1.12605497186194e+03,sinkhorn_cellsim
5.950679e+01,22961,3.41046208577282e-04,1.01434873026751e-01,1.12605504247725e+03,sinkhorn_cellsim
5.955858e+01,22981,3.39025571373114e-04,1.01434891668401e-01,1.12605511305756e+03,sinkhorn_cellsim
5.961038e+01,23001,3.37036776908192e-04,1.01434909961259e-01,1.12605518360562e+03,sinkhorn_cellsim
5.966218e+01,23021,3.35082408922802e-04,1.01434927898188e-01,1.12605525412384e+03,sinkhorn_cellsim
5.971398e+01,23041,3.33164405552520e-04,1.01434945467981e-01,1.12605532461431e+03,sinkhorn_cellsim
5.976578e+01,23061,3.31284190830704e-04,1.01434962659098e-01,1.12605539507887e+03,sinkhorn_cellsim
5.981757e+01,23081,3.29442773655021e-04,1.01434979461441e-01,1.12605546551919e+03,sinkhorn_cellsim
5.986937e+01,23101,3.27640824200436e-04,1.01434995867102e-01,1.12605553593674e+03,sinkhorn_cellsim
5.992117e+01,23121,3.25878734216672e-04,1.01435011870576e-01,1.12605560633286e+03,sinkhorn_cellsim
5.997297e+01,23141,3.24156665561626e-04,1.01435027468684e-01,1.12605567670880e+03,sinkhorn_cellsim
6.002477e+01,23161,3.22474589834653e-04,1.01435042660399e-01,1.12605574706567e+03,sinkhorn_cellsim
6.007658e+01,23181,3.20832321220555e-04,1.01435057446589e-01,1.12605581740451e+03,sinkhorn_cellsim
6.012839e+01,23201,3.19229543910694e-04,1.01435071829773e-01,1.12605588772627e+03,sinkhorn_cellsim
6.018019e+01,23221,3.17665835180478e-04,1.01435085813875e-01,1.12605595803186e+03,sinkhorn_cellsim
6.023200e+01,23241,3.16140684879150e-04,1.01435099403999e-01,1.12605602832209e+03,sinkhorn_cellsim
6.028381e+01,23261,3.14653511946154e-04,1.01435112606223e-01,1.12605609859775e+03,sinkhorn_cellsim
6.033562e+01,23281,3.13203684925343e-04,1.01435125427432e-01,1.12605616885956e+03,sinkhorn_cellsim
6.038742e+01,23301,3.11792091482910e-04,1.01435137875148e-01,1.12605623910819e+03,sinkhorn_cellsim
6.043923e+01,23321,3.10417560493095e-04,1.01435149957404e-01,1.12605630934428e+03,sinkhorn_cellsim
6.049103e+01,23341,3.09078195139380e-04,1.01435161682629e-01,1.12605637956844e+03,sinkhorn_cellsim
6.054285e+01,23361,3.07773233024164e-04,1.01435173059536e-01,1.12605644978123e+03,sinkhorn_cellsim
6.059466e+01,23381,3.06501899167749e-04,1.01435184097047e-01,1.12605651998317e+03,sinkhorn_cellsim
6.064646e+01,23401,3.05263411246165e-04,1.01435194804216e-01,1.12605659017477e+03,sinkhorn_cellsim
6.069826e+01,23421,3.04056984000246e-04,1.01435205190169e-01,1.12605666035650e+03,sinkhorn_cellsim
6.075007e+01,23441,3.02881832930279e-04,1.01435215264041e-01,1.12605673052880e+03,sinkhorn_cellsim
6.080188e+01,23461,3.01737177398999e-04,1.01435225034951e-01,1.12605680069210e+03,sinkhorn_cellsim
6.085368e+01,23481,3.00622243196698e-04,1.01435234511944e-01,1.12605687084679e+03,sinkhorn_cellsim
6.090549e+01,23501,2.99536264653444e-04,1.01435243703976e-01,1.12605694099324e+03,sinkhorn_cellsim
6.095730e+01,23521,2.98478486395145e-04,1.01435252619874e-01,1.12605701113183e+03,sinkhorn_cellsim
6.100911e+01,23541,2.97448164731046e-04,1.01435261268330e-01,1.12605708126287e+03,sinkhorn_cellsim
6.106092e+01,23561,2.96444568825142e-04,1.01435269657871e-01,1.12605715138669e+03,sinkhorn_cellsim
6.111273e+01,23581,2.95466981530816e-04,1.01435277796854e-01,1.12605722150360e+03,sinkhorn_cellsim
6.116454e+01,23601,2.94517981297316e-04,1.01435285693445e-01,1.12605729161387e+03,sinkhorn_cellsim
6.121635e+01,23621,2.93601483120313e-04,1.01435293355627e-01,1.12605736171778e+03,sinkhorn_cellsim
6.126816e+01,23641,2.92708845736570e-04,1.01435300791173e-01,1.12605743181559e+03,sinkhorn_cellsim
6.131996e+01,23661,2.91839695066521e-04,1.01435308007660e-01,1.12605750190754e+03,sinkhorn_cellsim
6.137177e+01,23681,2.90999299594276e-04,1.01435315012456e-01,1.12605757199385e+03,sinkhorn_cellsim
6.142358e+01,23701,2.90186857697330e-04,1.01435321812722e-01,1.12605764207476e+03,sinkhorn_cellsim
6.147538e+01,23721,2.89404441136882e-04,1.01435328415408e-01,1.12605771215047e+03,sinkhorn_cellsim
6.152719e+01,23741,2.88649603840911e-04,1.01435334827262e-01,1.12605778222118e+03,sinkhorn_cellsim
6.157899e+01,23761,2.87917832695340e-04,1.01435341054817e-01,1.12605785228707e+03,sinkhorn_cellsim
6.163080e+01,23781,2.87214963710726e-04,1.01435347104412e-01,1.12605792234832e+03,sinkhorn_cellsim
6.168261e+01,23801,2.86548048423251e-04,1.01435352982179e-01,1.12605799240511e+03,sinkhorn_cellsim
6.173442e+01,23821,2.85922449714299e-04,1.01435358694052e-01,1.12605806245760e+03,sinkhorn_cellsim
6.178623e+01,23841,2.85319272393741e-04,1.01435364245769e-01,1.12605813250594e+03,sinkhorn_cellsim
6.183804e+01,23861,2.84734692589981e-04,1.01435369642881e-01,1.12605820255027e+03,sinkhorn_cellsim
6.188984e+01,23881,2.84166796950549e-04,1.01435374890752e-01,1.12605827259074e+03,sinkhorn_cellsim
6.194165e+01,23901,2.83633669996157e-04,1.01435379994560e-01,1.12605834262749e+03,sinkhorn_cellsim
6.199345e+01,23921,2.83143110099960e-04,1.01435384959306e-01,1.12605841266062e+03,sinkhorn_cellsim
6.204525e+01,23941,2.82670427377546e-04,1.01435389789824e-01,1.12605848269028e+03,sinkhorn_cellsim
6.209706e+01,23961,2.82213408463780e-04,1.01435394490770e-01,1.12605855271656e+03,sinkhorn_cellsim
6.214886e+01,23981,2.81794386030415e-04,1.01435399066640e-01,1.12605862273959e+03,sinkhorn_cellsim
6.220067e+01,24001,2.81430189144140e-04,1.01435403521775e-01,1.12605869275946e+03,sinkhorn_cellsim
6.225247e+01,24021,2.81112708739013e-04,1.01435407860355e-01,1.12605876277628e+03,sinkhorn_cellsim
6.230428e+01,24041,2.80828780372869e-04,1.01435412086412e-01,1.12605883279015e+03,sinkhorn_cellsim
6.235608e+01,24061,2.80555332978706e-04,1.01435416203838e-01,1.12605890280114e+03,sinkhorn_cellsim
6.240790e+01,24081,2.80335485741965e-04,1.01435420216374e-01,1.12605897280935e+03,sinkhorn_cellsim
6.245970e+01,24101,2.80123310086019e-04,1.01435424127635e-01,1.12605904281487e+03,sinkhorn_cellsim
6.251151e+01,24121,2.79936061934686e-04,1.01435427941100e-01,1.12605911281777e+03,sinkhorn_cellsim
6.256333e+01,24141,2.79797388998874e-04,1.01435431660123e-01,1.12605918281813e+03,sinkhorn_cellsim
6.261514e+01,24161,2.79681035811470e-04,1.01435435287931e-01,1.12605925281601e+03,sinkhorn_cellsim
6.266694e+01,24181,2.79584200613414e-04,1.01435438827636e-01,1.12605932281150e+03,sinkhorn_cellsim
6.271874e+01,24201,2.79525279831542e-04,1.01435442282237e-01,1.12605939280466e+03,sinkhorn_cellsim
6.277055e+01,24221,2.79519627383584e-04,1.01435445654615e-01,1.12605946279554e+03,sinkhorn_cellsim
6.282235e+01,24241,2.79514903199623e-04,1.01435448947554e-01,1.12605953278422e+03,sinkhorn_cellsim
6.287416e+01,24261,2.79510123809988e-04,1.01435452163728e-01,1.12605960277075e+03,sinkhorn_cellsim
6.292598e+01,24281,2.79505288652198e-04,1.01435455305716e-01,1.12605967275519e+03,sinkhorn_cellsim
6.297779e+01,24301,2.79500397171893e-04,1.01435458375999e-01,1.12605974273759e+03,sinkhorn_cellsim
6.302959e+01,24321,2.79495448827215e-04,1.01435461376968e-01,1.12605981271800e+03,sinkhorn_cellsim
6.308140e+01,24341,2.79490443089592e-04,1.01435464310924e-01,1.12605988269647e+03,sinkhorn_cellsim
6.313321e+01,24361,2.79485379435717e-04,1.01435467180083e-01,1.12605995267305e+03,sinkhorn_cellsim
6.318501e+01,24381,2.79480257353390e-04,1.01435469986577e-01,1.12606002264779e+03,sinkhorn_cellsim
6.323683e+01,24401,2.79475076351908e-04,1.01435472732463e-01,1.12606009262073e+03,sinkhorn_cellsim
6.328863e+01,24421,2.79469835946549e-04,1.01435475419719e-01,1.12606016259191e+03,sinkhorn_cellsim
6.334043e+01,24441,2.79464535667572e-04,1.01435478050249e-01,1.12606023256137e+03,sinkhorn_cellsim
6.339224e+01,24461,2.79459175054314e-04,1.01435480625889e-01,1.12606030252915e+03,sinkhorn_cellsim
6.344405e+01,24481,2.79453753668111e-04,1.01435483148404e-01,1.12606037249530e+03,sinkhorn_cellsim
6.349585e+01,24501,2.79448271077875e-04,1.01435485619495e-01,1.12606044245983e+03,sinkhorn_cellsim
6.354766e+01,24521,2.79442726873325e-04,1.01435488040804e-01,1.12606051242280e+03,sinkhorn_cellsim
6.359946e+01,24541,2.79437120652586e-04,1.01435490413905e-01,1.12606058238424e+03,sinkhorn_cellsim
6.365127e+01,24561,2.79431452030082e-04,1.01435492740320e-01,1.12606065234417e+03,sinkhorn_cellsim
6.370307e+01,24581,2.79425720646211e-04,1.01435495021512e-01,1.12606072230262e+03,sinkhorn_cellsim
6.375489e+01,24601,2.79419926151417e-04,1.01435497258893e-01,1.12606079225964e+03,sinkhorn_cellsim
6.380670e+01,24621,2.79414068205918e-04,1.01435499453820e-01,1.12606086221524e+03,sinkhorn_cellsim
6.385850e+01,24641,2.79408146508907e-04,1.01435501607605e-01,1.12606093216946e+03,sinkhorn_cellsim
6.391031e+01,24661,2.79402160749854e-04,1.01435503721506e-01,1.12606100212232e+03,sinkhorn_cellsim
6.396212e+01,24681,2.79396110654528e-04,1.01435505796738e-01,1.12606107207385e+03,sinkhorn_cellsim
6.401392e+01,24701,2.79389995973062e-04,1.01435507834474e-01,1.12606114202407e+03,sinkhorn_cellsim
6.406573e+01,24721,2.79383816456958e-04,1.01435509835843e-01,1.12606121197301e+03,sinkhorn_cellsim
6.411754e+01,24741,2.79377571882093e-04,1.01435511801930e-01,1.12606128192069e+03,sinkhorn_cellsim
6.416934e+01,24761,2.79371262061508e-04,1.01435513733787e-01,1.12606135186714e+03,sinkhorn_cellsim
6.422115e+01,24781,2.79364886814397e-04,1.01435515632423e-01,1.12606142181237e+03,sinkhorn_cellsim
6.427296e+01,24801,2.79358445984446e-04,1.01435517498813e-01,1.12606149175641e+03,sinkhorn_cellsim
6.432477e+01,24821,2.79351939433051e-04,1.01435519333897e-01,1.12606156169928e+03,sinkhorn_cellsim
6.437658e+01,24841,2.79345367048570e-04,1.01435521138580e-01,1.12606163164100e+03,sinkhorn_cellsim
6.442838e+01,24861,2.79338728742746e-04,1.01435522913735e-01,1.12606170158159e+03,sinkhorn_cellsim
6.448019e+01,24881,2.79332024455108e-04,1.01435524660208e-01,1.12606177152107e+03,sinkhorn_cellsim
6.453199e+01,24901,2.79325254132413e-04,1.01435526378809e-01,1.12606184145945e+03,sinkhorn_cellsim
6.458380e+01,24921,2.79318417765150e-04,1.01435528070325e-01,1.12606191139676e+03,sinkhorn_cellsim
6.463561e+01,24941,2.79311515356104e-04,1.01435529735509e-01,1.12606198133300e+03,sinkhorn_cellsim
6.468741e+01,24961,2.79304546937326e-04,1.01435531375096e-01,1.12606205126821e+03,sinkhorn_cellsim
6.473922e+01,24981,2.79297512565352e-04,1.01435532989786e-01,1.12606212120239e+03,sinkhorn_cellsim
6.479102e+01,25001,2.79290412327172e-04,1.01435534580263e-01,1.12606219113556e+03,sinkhorn_cellsim
6.484284e+01,25021,2.79283246314569e-04,1.01435536147179e-01,1.12606226106774e+03,sinkhorn_cellsim
6.489465e+01,25041,2.79276014680280e-04,1.01435537691172e-01,1.12606233099893e+03,sinkhorn_cellsim
6.494645e+01,25061,2.79268717572815e-04,1.01435539212850e-01,1.12606240092917e+03,sinkhorn_cellsim
6.499826e+01,25081,2.79261355191174e-04,1.01435540712807e-01,1.12606247085845e+03,sinkhorn_cellsim
6.505007e+01,25101,2.79253927748211e-04,1.01435542191611e-01,1.12606254078679e+03,sinkhorn_cellsim
6.510188e+01,25121,2.79246435477309e-04,1.01435543649814e-01,1.12606261071422e+03,sinkhorn_cellsim
6.515368e+01,25141,2.79238878673026e-04,1.01435545087948e-01,1.12606268064073e+03,sinkhorn_cellsim
6.520548e+01,25161,2.79231257614326e-04,1.01435546506527e-01,1.12606275056634e+03,sinkhorn_cellsim
6.525728e+01,25181,2.79223572638405e-04,1.01435547906046e-01,1.12606282049108e+03,sinkhorn_cellsim
6.530909e+01,25201,2.79215824102316e-04,1.01435549286987e-01,1.12606289041493e+03,sinkhorn_cellsim
6.536090e+01,25221,2.79208012398666e-04,1.01435550649814e-01,1.12606296033793e+03,sinkhorn_cellsim
6.541271e+01,25241,2.79200137936597e-04,1.01435551994973e-01,1.12606303026008e+03,sinkhorn_cellsim
6.546452e+01,25261,2.79192201160944e-04,1.01435553322899e-01,1.12606310018140e+03,sinkhorn_cellsim
6.551632e+01,25281,2.79184202543911e-04,1.01435554634006e-01,1.12606317010188e+03,sinkhorn_cellsim
6.556813e+01,25301,2.79176142608877e-04,1.01435555928706e-01,1.12606324002155e+03,sinkhorn_cellsim
6.561994e+01,25321,2.79168021871969e-04,1.01435557207385e-01,1.12606330994042e+03,sinkhorn_cellsim
6.567175e+01,25341,2.79159840903390e-04,1.01435558470422e-01,1.12606337985849e+03,sinkhorn_cellsim
6.572355e+01,25361,2.79151600293382e-04,1.01435559718182e-01,1.12606344977578e+03,sinkhorn_cellsim
6.577536e+01,25381,2.79143300678129e-04,1.01435560951022e-01,1.12606351969229e+03,sinkhorn_cellsim
6.582717e+01,25401,2.79134942709188e-04,1.01435562169281e-01,1.12606358960804e+03,sinkhorn_cellsim
6.587897e+01,25421,2.79126527055495e-04,1.01435563373290e-01,1.12606365952303e+03,sinkhorn_cellsim
6.593078e+01,25441,2.79118054454910e-04,1.01435564563371e-01,1.12606372943728e+03,sinkhorn_cellsim
6.598259e+01,25461,2.79109525637290e-04,1.01435565739831e-01,1.12606379935079e+03,sinkhorn_cellsim
6.603440e+01,25481,2.79100941386566e-04,1.01435566902972e-01,1.12606386926358e+03,sinkhorn_cellsim
6.608621e+01,25501,2.79092302494888e-04,1.01435568053081e-01,1.12606393917564e+03,sinkhorn_cellsim
6.613802e+01,25521,2.79083609803843e-04,1.01435569190441e-01,1.12606400908700e+03,sinkhorn_cellsim
6.618983e+01,25541,2.79074864172499e-04,1.01435570315320e-01,1.12606407899765e+03,sinkhorn_cellsim
6.624164e+01,25561,2.79066066499492e-04,1.01435571427985e-01,1.12606414890761e+03,sinkhorn_cellsim
6.629344e+01,25581,2.79057217696789e-04,1.01435572528686e-01,1.12606421881689e+03,sinkhorn_cellsim
6.634526e+01,25601,2.79048318717045e-04,1.01435573617670e-01,1.12606428872549e+03,sinkhorn_cellsim
6.639707e+01,25621,2.79039370543612e-04,1.01435574695177e-01,1.12606435863342e+03,sinkhorn_cellsim
6.644888e+01,25641,2.79030374175607e-04,1.01435575761434e-01,1.12606442854069e+03,sinkhorn_cellsim
6.650068e+01,25661,2.79021330647180e-04,1.01435576816666e-01,1.12606449844731e+03,sinkhorn_cellsim
6.655250e+01,25681,2.79012241017240e-04,1.01435577861088e-01,1.12606456835328e+03,sinkhorn_cellsim
6.660431e+01,25701,2.79003106375976e-04,1.01435578894909e-01,1.12606463825861e+03,sinkhorn_cellsim
6.665612e+01,25721,2.78993927838945e-04,1.01435579918332e-01,1.12606470816331e+03,sinkhorn_cellsim
6.670792e+01,25741,2.78984706539775e-04,1.01435580931553e-01,1.12606477806739e+03,sinkhorn_cellsim
6.675973e+01,25761,2.78975443645877e-04,1.01435581934759e-01,1.12606484797085e+03,sinkhorn_cellsim
6.681154e+01,25781,2.78966140342894e-04,1.01435582928136e-01,1.12606491787370e+03,sinkhorn_cellsim
6.686334e+01,25801,2.78956797847824e-04,1.01435583911860e-01,1.12606498777594e+03,sinkhorn_cellsim
6.691515e+01,25821,2.78947417400317e-04,1.01435584886105e-01,1.12606505767760e+03,sinkhorn_cellsim
6.696697e+01,25841,2.78938000247415e-04,1.01435585851035e-01,1.12606512757866e+03,sinkhorn_cellsim
6.701878e+01,25861,2.78928547690765e-04,1.01435586806813e-01,1.12606519747914e+03,sinkhorn_cellsim
6.707058e+01,25881,2.78919061015642e-04,1.01435587753594e-01,1.12606526737904e+03,sinkhorn_cellsim
6.712239e+01,25901,2.78909541559882e-04,1.01435588691530e-01,1.12606533727837e+03,sinkhorn_cellsim
6.717420e+01,25921,2.78899990656847e-04,1.01435589620767e-01,1.12606540717714e+03,sinkhorn_cellsim
6.722601e+01,25941,2.78890409677897e-04,1.01435590541446e-01,1.12606547707535e+03,sinkhorn_cellsim
6.727783e+01,25961,2.78880800010702e-04,1.01435591453708e-01,1.12606554697301e+03,sinkhorn_cellsim
6.732965e+01,25981,2.78871163041873e-04,1.01435592357680e-01,1.12606561687013e+03,sinkhorn_cellsim
6.738145e+01,26001,2.78861500203279e-04,1.01435593253496e-01,1.12606568676671e+03,sinkhorn_cellsim
6.743326e+01,26021,2.78851812915555e-04,1.01435594141277e-01,1.12606575666275e+03,sinkhorn_cellsim
6.748506e+01,26041,2.78842102640022e-04,1.01435595021146e-01,1.12606582655827e+03,sinkhorn_cellsim
6.753687e+01,26061,2.78832370833464e-04,1.01435595893219e-01,1.12606589645327e+03,sinkhorn_cellsim
6.758868e+01,26081,2.78822618968794e-04,1.01435596757608e-01,1.12606596634775e+03,sinkhorn_cellsim
6.764050e+01,26101,2.78812848548957e-04,1.01435597614425e-01,1.12606603624172e+03,sinkhorn_cellsim
6.769231e+01,26121,2.78803061054799e-04,1.01435598463773e-01,1.12606610613518e+03,sinkhorn_cellsim
6.774412e+01,26141,2.78793258015239e-04,1.01435599305758e-01,1.12606617602815e+03,sinkhorn_cellsim
6.779594e+01,26161,2.78783440952486e-04,1.01435600140480e-01,1.12606624592063e+03,sinkhorn_cellsim
6.784775e+01,26181,2.78773611381848e-04,1.01435600968032e-01,1.12606631581261e+03,sinkhorn_cellsim
6.789956e+01,26201,2.78763770856384e-04,1.01435601788510e-01,1.12606638570412e+03,sinkhorn_cellsim
6.795136e+01,26221,2.78753920910600e-04,1.01435602602005e-01,1.12606645559515e+03,sinkhorn_cellsim
6.800317e+01,26241,2.78744063098021e-04,1.01435603408602e-01,1.12606652548571e+03,sinkhorn_cellsim
6.805498e+01,26261,2.78734198971599e-04,1.01435604208387e-01,1.12606659537580e+03,sinkhorn_cellsim
6.810679e+01,26281,2.78724330099494e-04,1.01435605001444e-01,1.12606666526543e+03,sinkhorn_cellsim
6.815860e+01,26301,2.78714458034184e-04,1.01435605787853e-01,1.12606673515460e+03,sinkhorn_cellsim
6.821041e+01,26321,2.78704584344249e-04,1.01435606567689e-01,1.12606680504332e+03,sinkhorn_cellsim
6.826222e+01,26341,2.78694710591895e-04,1.01435607341030e-01,1.12606687493160e+03,sinkhorn_cellsim
6.831403e+01,26361,2.78684838334736e-04,1.01435608107944e-01,1.12606694481944e+03,sinkhorn_cellsim
6.836584e+01,26381,2.78674969144478e-04,1.01435608868506e-01,1.12606701470684e+03,sinkhorn_cellsim
6.841764e+01,26401,2.78665104582180e-04,1.01435609622783e-01,1.12606708459381e+03,sinkhorn_cellsim
6.846945e+01,26421,2.78655246195030e-04,1.01435610370840e-01,1.12606715448035e+03,sinkhorn_cellsim
6.852127e+01,26441,2.78645395538706e-04,1.01435611112741e-01,1.12606722436647e+03,sinkhorn_cellsim
6.857307e+01,26461,2.78635554166712e-04,1.01435611848552e-01,1.12606729425218e+03,sinkhorn_cellsim
6.862489e+01,26481,2.78625723611719e-04,1.01435612578330e-01,1.12606736413747e+03,sinkhorn_cellsim
6.867670e+01,26501,2.78615905412545e-04,1.01435613302136e-01,1.12606743402236e+03,sinkhorn_cellsim
6.872850e+01,26521,2.78606101086950e-04,1.01435614020023e-01,1.12606750390684e+03,sinkhorn_cellsim
6.878030e+01,26541,2.78596312154534e-04,1.01435614732050e-01,1.12606757379093e+03,sinkhorn_cellsim
6.883212e+01,26561,2.78586540122186e-04,1.01435615438270e-01,1.12606764367462e+03,sinkhorn_cellsim
6.888393e+01,26581,2.78576786483751e-04,1.01435616138736e-01,1.12606771355792e+03,sinkhorn_cellsim
6.893574e+01,26601,2.78567052725546e-04,1.01435616833499e-01,1.12606778344084e+03,sinkhorn_cellsim
6.898755e+01,26621,2.78557340303168e-04,1.01435617522605e-01,1.12606785332338e+03,sinkhorn_cellsim
6.903937e+01,26641,2.78547650682832e-04,1.01435618206104e-01,1.12606792320554e+03,sinkhorn_cellsim
6.909117e+01,26661,2.78537985307773e-04,1.01435618884046e-01,1.12606799308733e+03,sinkhorn_cellsim
6.914298e+01,26681,2.78528345590807e-04,1.01435619556469e-01,1.12606806296875e+03,sinkhorn_cellsim
6.919479e+01,26701,2.78518732960059e-04,1.01435620223427e-01,1.12606813284981e+03,sinkhorn_cellsim
6.924660e+01,26721,2.78509148784105e-04,1.01435620884954e-01,1.12606820273052e+03,sinkhorn_cellsim
6.929841e+01,26741,2.78499594455021e-04,1.01435621541098e-01,1.12606827261086e+03,sinkhorn_cellsim
6.935021e+01,26761,2.78490071322918e-04,1.01435622191897e-01,1.12606834249086e+03,sinkhorn_cellsim
6.940202e+01,26781,2.78480580721025e-04,1.01435622837393e-01,1.12606841237051e+03,sinkhorn_cellsim
6.945384e+01,26801,2.78471123972308e-04,1.01435623477625e-01,1.12606848224982e+03,sinkhorn_cellsim
6.950565e+01,26821,2.78461702360220e-04,1.01435624112627e-01,1.12606855212879e+03,sinkhorn_cellsim
6.955746e+01,26841,2.78452317173161e-04,1.01435624742444e-01,1.12606862200743e+03,sinkhorn_cellsim
6.960927e+01,26861,2.78442969650805e-04,1.01435625367105e-01,1.12606869188573e+03,sinkhorn_cellsim
6.966108e+01,26881,2.78433661029234e-04,1.01435625986649e-01,1.12606876176371e+03,sinkhorn_cellsim
6.971289e+01,26901,2.78424392513759e-04,1.01435626601111e-01,1.12606883164137e+03,sinkhorn_cellsim
6.976470e+01,26921,2.78415165284765e-04,1.01435627210525e-01,1.12606890151870e+03,sinkhorn_cellsim
6.981651e+01,26941,2.78405980502446e-04,1.01435627814924e-01,1.12606897139573e+03,sinkhorn_cellsim
6.986831e+01,26961,2.78396839304589e-04,1.01435628414341e-01,1.12606904127244e+03,sinkhorn_cellsim
6.992012e+01,26981,2.78387742796210e-04,1.01435629008809e-01,1.12606911114884e+03,sinkhorn_cellsim
6.997193e+01,27001,2.78378692056013e-04,1.01435629598359e-01,1.12606918102494e+03,sinkhorn_cellsim
7.002374e+01,27021,2.78369688153170e-04,1.01435630183022e-01,1.12606925090074e+03,sinkhorn_cellsim
7.007555e+01,27041,2.78360732114650e-04,1.01435630762831e-01,1.12606932077624e+03,sinkhorn_cellsim
7.012735e+01,27061,2.78351824934493e-04,1.01435631337813e-01,1.12606939065145e+03,sinkhorn_cellsim
7.017916e+01,27081,2.78342967606046e-04,1.01435631907999e-01,1.12606946052637e+03,sinkhorn_cellsim
7.023097e+01,27101,2.78334161076510e-04,1.01435632473419e-01,1.12606953040101e+03,sinkhorn_cellsim
7.028278e+01,27121,2.78325406258779e-04,1.01435633034101e-01,1.12606960027536e+03,sinkhorn_cellsim
7.033458e+01,27141,2.78316704052116e-04,1.01435633590073e-01,1.12606967014943e+03,sinkhorn_cellsim
7.038639e+01,27161,2.78308055324965e-04,1.01435634141365e-01,1.12606974002322e+03,sinkhorn_cellsim
7.043820e+01,27181,2.78299460906858e-04,1.01435634688004e-01,1.12606980989675e+03,sinkhorn_cellsim
7.049002e+01,27201,2.78290921600124e-04,1.01435635230017e-01,1.12606987977000e+03,sinkhorn_cellsim
7.054182e+01,27221,2.78282438169461e-04,1.01435635767433e-01,1.12606994964299e+03,sinkhorn_cellsim
7.059363e+01,27241,2.78274011337063e-04,1.01435636300279e-01,1.12607001951571e+03,sinkhorn_cellsim
7.064543e+01,27261,2.78265641750214e-04,1.01435636828582e-01,1.12607008938818e+03,sinkhorn_cellsim
7.069723e+01,27281,2.78257330005090e-04,1.01435637352372e-01,1.12607015926039e+03,sinkhorn_cellsim
7.074903e+01,27301,2.78249076554615e-04,1.01435637871677e-01,1.12607022913234e+03,sinkhorn_cellsim
7.080084e+01,27321,2.78240881657401e-04,1.01435638386528e-01,1.12607029900404e+03,sinkhorn_cellsim
7.085265e+01,27341,2.78232745251434e-04,1.01435638896964e-01,1.12607036887550e+03,sinkhorn_cellsim
7.090445e+01,27361,2.78224666709702e-04,1.01435639403026e-01,1.12607043874671e+03,sinkhorn_cellsim
7.095626e+01,27381,2.78216644410950e-04,1.01435639904774e-01,1.12607050861767e+03,sinkhorn_cellsim
7.100807e+01,27401,2.78208674991712e-04,1.01435640402290e-01,1.12607057848838e+03,sinkhorn_cellsim
7.105988e+01,27421,2.78200752000175e-04,1.01435640895703e-01,1.12607064835885e+03,sinkhorn_cellsim
7.111168e+01,27441,2.78192863473239e-04,1.01435641385225e-01,1.12607071822905e+03,sinkhorn_cellsim
7.116349e+01,27461,2.78184987587560e-04,1.01435641871209e-01,1.12607078809897e+03,sinkhorn_cellsim
7.121530e+01,27481,2.78177084968261e-04,1.01435642354270e-01,1.12607085796858e+03,sinkhorn_cellsim
7.126711e+01,27501,2.78169084834326e-04,1.01435642835491e-01,1.12607092783779e+03,sinkhorn_cellsim
7.131892e+01,27521,2.78160860273678e-04,1.01435643316786e-01,1.12607099770650e+03,sinkhorn_cellsim
7.137073e+01,27541,2.78152184017781e-04,1.01435643801553e-01,1.12607106757448e+03,sinkhorn_cellsim
7.142254e+01,27561,2.78142649397090e-04,1.01435644295859e-01,1.12607113744131e+03,sinkhorn_cellsim
7.147434e+01,27581,2.78131528967785e-04,1.01435644810521e-01,1.12607120730629e+03,sinkhorn_cellsim
7.152615e+01,27601,2.78117521919430e-04,1.01435645364874e-01,1.12607127716809e+03,sinkhorn_cellsim
7.157796e+01,27621,2.78098302792843e-04,1.01435645993448e-01,1.12607134702442e+03,sinkhorn_cellsim
7.162977e+01,27641,2.78069715972811e-04,1.01435646757951e-01,1.12607141687110e+03,sinkhorn_cellsim
7.168158e+01,27661,2.78024340103984e-04,1.01435647768590e-01,1.12607148670071e+03,sinkhorn_cellsim
7.173338e+01,27681,2.77948936320412e-04,1.01435649222071e-01,1.12607155650000e+03,sinkhorn_cellsim
7.178518e+01,27701,2.77819934394490e-04,1.01435651468964e-01,1.12607162624534e+03,sinkhorn_cellsim
7.183699e+01,27721,2.77595517523806e-04,1.01435655132453e-01,1.12607169589472e+03,sinkhorn_cellsim
7.188880e+01,27741,2.77201961870277e-04,1.01435661315107e-01,1.12607176537377e+03,sinkhorn_cellsim
7.194062e+01,27761,2.76510747110637e-04,1.01435671951298e-01,1.12607183455198e+03,sinkhorn_cellsim
7.199243e+01,27781,2.75302316877519e-04,1.01435690383866e-01,1.12607190320353e+03,sinkhorn_cellsim
7.204424e+01,27801,2.73362839456544e-04,1.01435722235231e-01,1.12607197094778e+03,sinkhorn_cellsim
7.209604e+01,27821,2.71544161737231e-04,1.01435776511345e-01,1.12607203717175e+03,sinkhorn_cellsim
7.214785e+01,27841,2.69373529006133e-04,1.01435866408404e-01,1.12607210096475e+03,sinkhorn_cellsim
7.219966e+01,27861,2.66762688247947e-04,1.01436008251827e-01,1.12607216115357e+03,sinkhorn_cellsim
7.225146e+01,27881,2.63709508771199e-04,1.01436215942834e-01,1.12607221657671e+03,sinkhorn_cellsim
7.230326e+01,27901,2.60418403114678e-04,1.01436490183627e-01,1.12607226662016e+03,sinkhorn_cellsim
7.235507e+01,27921,2.56595908962458e-04,1.01436809575255e-01,1.12607231166048e+03,sinkhorn_cellsim
7.240688e+01,27941,2.52857684138629e-04,1.01437135775777e-01,1.12607235290895e+03,sinkhorn_cellsim
7.245869e+01,27961,2.49103624396198e-04,1.01437431926955e-01,1.12607239175751e+03,sinkhorn_cellsim
7.251842e+01,27981,2.45445282256765e-04,1.01437677298208e-01,1.12607242926308e+03,sinkhorn_cellsim
7.257027e+01,28001,2.41741477254043e-04,1.01437868258193e-01,1.12607246605198e+03,sinkhorn_cellsim
7.262210e+01,28021,2.38259694743076e-04,1.01438011331423e-01,1.12607250244786e+03,sinkhorn_cellsim
7.267391e+01,28041,2.35098820587279e-04,1.01438116437310e-01,1.12607253860980e+03,sinkhorn_cellsim
7.272571e+01,28061,2.32220971542028e-04,1.01438193113483e-01,1.12607257461733e+03,sinkhorn_cellsim
7.277752e+01,28081,2.29595763457544e-04,1.01438249135160e-01,1.12607261051284e+03,sinkhorn_cellsim
7.282931e+01,28101,2.27103973703311e-04,1.01438290360793e-01,1.12607264632105e+03,sinkhorn_cellsim
7.288111e+01,28121,2.24839743522801e-04,1.01438321030750e-01,1.12607268205785e+03,sinkhorn_cellsim
7.293292e+01,28141,2.22686810889895e-04,1.01438344153688e-01,1.12607271773435e+03,sinkhorn_cellsim
7.298472e+01,28161,2.20615578113273e-04,1.01438361846574e-01,1.12607275335887e+03,sinkhorn_cellsim
7.303652e+01,28181,2.18632395101926e-04,1.01438375596983e-01,1.12607278893792e+03,sinkhorn_cellsim
7.308832e+01,28201,2.16726269885339e-04,1.01438386453520e-01,1.12607282447682e+03,sinkhorn_cellsim
7.314011e+01,28221,2.14901766180112e-04,1.01438395159948e-01,1.12607285998000e+03,sinkhorn_cellsim
7.319191e+01,28241,2.13175102891540e-04,1.01438402248248e-01,1.12607289545119e+03,sinkhorn_cellsim
7.324371e+01,28261,2.11526230188105e-04,1.01438408102735e-01,1.12607293089360e+03,sinkhorn_cellsim
7.329551e+01,28281,2.09940232294612e-04,1.01438413004171e-01,1.12607296631001e+03,sinkhorn_cellsim
7.334731e+01,28301,2.08416631497442e-04,1.01438417160155e-01,1.12607300170283e+03,sinkhorn_cellsim
7.339911e+01,28321,2.06962071482061e-04,1.01438420726144e-01,1.12607303707420e+03,sinkhorn_cellsim
7.345091e+01,28341,2.05567961397465e-04,1.01438423820074e-01,1.12607307242598e+03,sinkhorn_cellsim
7.350271e+01,28361,2.04226752787647e-04,1.01438426532587e-01,1.12607310775984e+03,sinkhorn_cellsim
7.355451e+01,28381,2.02929810658243e-04,1.01438428934251e-01,1.12607314307724e+03,sinkhorn_cellsim
7.360631e+01,28401,2.01675217082681e-04,1.01438431080698e-01,1.12607317837951e+03,sinkhorn_cellsim
7.365812e+01,28421,2.00461133066577e-04,1.01438433016323e-01,1.12607321366783e+03,sinkhorn_cellsim
7.370992e+01,28441,1.99285800768196e-04,1.01438434776940e-01,1.12607324894325e+03,sinkhorn_cellsim
7.376172e+01,28461,1.98147543753747e-04,1.01438436391761e-01,1.12607328420674e+03,sinkhorn_cellsim
7.381352e+01,28481,1.97044765817017e-04,1.01438437884844e-01,1.12607331945914e+03,sinkhorn_cellsim
7.386531e+01,28501,1.95975948860309e-04,1.01438439276174e-01,1.12607335470125e+03,sinkhorn_cellsim
7.391711e+01,28521,1.94939650166598e-04,1.01438440582484e-01,1.12607338993377e+03,sinkhorn_cellsim
7.396891e+01,28541,1.93934499344069e-04,1.01438441817890e-01,1.12607342515735e+03,sinkhorn_cellsim
7.402071e+01,28561,1.92959195004590e-04,1.01438442994370e-01,1.12607346037257e+03,sinkhorn_cellsim
7.407251e+01,28581,1.92012501397249e-04,1.01438444122145e-01,1.12607349557997e+03,sinkhorn_cellsim
7.412431e+01,28601,1.91093245029367e-04,1.01438445209968e-01,1.12607353078004e+03,sinkhorn_cellsim
7.417611e+01,28621,1.90200311355228e-04,1.01438446265374e-01,1.12607356597323e+03,sinkhorn_cellsim
7.422792e+01,28641,1.89332641551357e-04,1.01438447294861e-01,1.12607360115995e+03,sinkhorn_cellsim
7.427972e+01,28661,1.88489229445888e-04,1.01438448304052e-01,1.12607363634058e+03,sinkhorn_cellsim
7.433151e+01,28681,1.87669118512665e-04,1.01438449297807e-01,1.12607367151548e+03,sinkhorn_cellsim
7.438332e+01,28701,1.86871399111617e-04,1.01438450280344e-01,1.12607370668496e+03,sinkhorn_cellsim
7.443512e+01,28721,1.86095205798483e-04,1.01438451255318e-01,1.12607374184932e+03,sinkhorn_cellsim
7.448691e+01,28741,1.85339714849008e-04,1.01438452225888e-01,1.12607377700884e+03,sinkhorn_cellsim
7.453871e+01,28761,1.84604141868613e-04,1.01438453194793e-01,1.12607381216378e+03,sinkhorn_cellsim
7.459051e+01,28781,1.83887739589466e-04,1.01438454164394e-01,1.12607384731436e+03,sinkhorn_cellsim
7.464232e+01,28801,1.83189795769047e-04,1.01438455136714e-01,1.12607388246081e+03,sinkhorn_cellsim
7.469412e+01,28821,1.82509631263049e-04,1.01438456113493e-01,1.12607391760334e+03,sinkhorn_cellsim
7.474592e+01,28841,1.81846598169319e-04,1.01438457096209e-01,1.12607395274213e+03,sinkhorn_cellsim
7.479772e+01,28861,1.81200078118234e-04,1.01438458086113e-01,1.12607398787737e+03,sinkhorn_cellsim
7.484952e+01,28881,1.80573518571493e-04,1.01438459084250e-01,1.12607402300921e+03,sinkhorn_cellsim
7.490132e+01,28901,1.79964000977421e-04,1.01438460091488e-01,1.12607405813781e+03,sinkhorn_cellsim
7.495312e+01,28921,1.79369112641513e-04,1.01438461108530e-01,1.12607409326332e+03,sinkhorn_cellsim
7.500492e+01,28941,1.78789318989162e-04,1.01438462135944e-01,1.12607412838586e+03,sinkhorn_cellsim
7.505672e+01,28961,1.78229190337728e-04,1.01438463174164e-01,1.12607416350558e+03,sinkhorn_cellsim
7.510852e+01,28981,1.77683015096784e-04,1.01438464223518e-01,1.12607419862257e+03,sinkhorn_cellsim
7.516033e+01,29001,1.77149341618129e-04,1.01438465284230e-01,1.12607423373697e+03,sinkhorn_cellsim
7.521213e+01,29021,1.76628400968662e-04,1.01438466356437e-01,1.12607426884886e+03,sinkhorn_cellsim
7.526393e+01,29041,1.76119413629193e-04,1.01438467440198e-01,1.12607430395835e+03,sinkhorn_cellsim
7.531573e+01,29061,1.75621718830210e-04,1.01438468535504e-01,1.12607433906553e+03,sinkhorn_cellsim
7.536753e+01,29081,1.75138237501791e-04,1.01438469642283e-01,1.12607437417049e+03,sinkhorn_cellsim
7.541933e+01,29101,1.74672028975566e-04,1.01438470760412e-01,1.12607440927331e+03,sinkhorn_cellsim
7.547113e+01,29121,1.74218778617576e-04,1.01438471889717e-01,1.12607444437406e+03,sinkhorn_cellsim
7.552293e+01,29141,1.73780788055316e-04,1.01438473029991e-01,1.12607447947282e+03,sinkhorn_cellsim
7.557473e+01,29161,1.73355288575874e-04,1.01438474180982e-01,1.12607451456966e+03,sinkhorn_cellsim
7.562653e+01,29181,1.72940099977004e-04,1.01438475342415e-01,1.12607454966465e+03,sinkhorn_cellsim
7.567832e+01,29201,1.72533824570069e-04,1.01438476513984e-01,1.12607458475783e+03,sinkhorn_cellsim
7.573013e+01,29221,1.72137426801057e-04,1.01438477695366e-01,1.12607461984928e+03,sinkhorn_cellsim
7.578192e+01,29241,1.71763269816926e-04,1.01438478886216e-01,1.12607465493905e+03,sinkhorn_cellsim
7.583372e+01,29261,1.71405351792245e-04,1.01438480086173e-01,1.12607469002718e+03,sinkhorn_cellsim
7.588552e+01,29281,1.71056490938220e-04,1.01438481294865e-01,1.12607472511374e+03,sinkhorn_cellsim
7.593732e+01,29301,1.70719213155026e-04,1.01438482511910e-01,1.12607476019876e+03,sinkhorn_cellsim
7.598912e+01,29321,1.70393201520112e-04,1.01438483736919e-01,1.12607479528230e+03,sinkhorn_cellsim
7.604092e+01,29341,1.70077526610813e-04,1.01438484969497e-01,1.12607483036439e+03,sinkhorn_cellsim
7.609272e+01,29361,1.69768511925618e-04,1.01438486209243e-01,1.12607486544507e+03,sinkhorn_cellsim
7.614452e+01,29381,1.69467553299799e-04,1.01438487455759e-01,1.12607490052439e+03,sinkhorn_cellsim
7.619632e+01,29401,1.69182592553869e-04,1.01438488708643e-01,1.12607493560238e+03,sinkhorn_cellsim
7.624812e+01,29421,1.68905901585110e-04,1.01438489967494e-01,1.12607497067908e+03,sinkhorn_cellsim
7.629992e+01,29441,1.68642642862881e-04,1.01438491231915e-01,1.12607500575452e+03,sinkhorn_cellsim
7.635172e+01,29461,1.68385340968495e-04,1.01438492501508e-01,1.12607504082873e+03,sinkhorn_cellsim
7.640352e+01,29481,1.68132362556617e-04,1.01438493775883e-01,1.12607507590175e+03,sinkhorn_cellsim
7.645531e+01,29501,1.67883592402479e-04,1.01438495054653e-01,1.12607511097359e+03,sinkhorn_cellsim
7.650711e+01,29521,1.67640219278991e-04,1.01438496337436e-01,1.12607514604430e+03,sinkhorn_cellsim
7.655890e+01,29541,1.67402088905855e-04,1.01438497623857e-01,1.12607518111390e+03,sinkhorn_cellsim
7.661070e+01,29561,1.67167791156969e-04,1.01438498913548e-01,1.12607521618241e+03,sinkhorn_cellsim
7.666250e+01,29581,1.66938584895459e-04,1.01438500206146e-01,1.12607525124987e+03,sinkhorn_cellsim
7.671430e+01,29601,1.66713783730148e-04,1.01438501501296e-01,1.12607528631628e+03,sinkhorn_cellsim
7.676610e+01,29621,1.66492483862587e-04,1.01438502798652e-01,1.12607532138169e+03,sinkhorn_cellsim
7.681790e+01,29641,1.66274597842161e-04,1.01438504097873e-01,1.12607535644610e+03,sinkhorn_cellsim
7.686970e+01,29661,1.66060041187857e-04,1.01438505398630e-01,1.12607539150955e+03,sinkhorn_cellsim
7.692151e+01,29681,1.65848732271889e-04,1.01438506700600e-01,1.12607542657204e+03,sinkhorn_cellsim
7.697330e+01,29701,1.65640592200209e-04,1.01438508003465e-01,1.12607546163361e+03,sinkhorn_cellsim
7.702510e+01,29721,1.65435544714134e-04,1.01438509306925e-01,1.12607549669427e+03,sinkhorn_cellsim
7.707690e+01,29741,1.65233516077033e-04,1.01438510610677e-01,1.12607553175404e+03,sinkhorn_cellsim
7.712871e+01,29761,1.65034434994762e-04,1.01438511914435e-01,1.12607556681294e+03,sinkhorn_cellsim
7.718052e+01,29781,1.64838894328960e-04,1.01438513217917e-01,1.12607560187098e+03,sinkhorn_cellsim
7.723232e+01,29801,1.64648422881409e-04,1.01438514520853e-01,1.12607563692819e+03,sinkhorn_cellsim
7.728413e+01,29821,1.64461718868887e-04,1.01438515822975e-01,1.12607567198457e+03,sinkhorn_cellsim
7.733593e+01,29841,1.64280587019878e-04,1.01438517124033e-01,1.12607570704015e+03,sinkhorn_cellsim
7.738773e+01,29861,1.64103080448542e-04,1.01438518423778e-01,1.12607574209494e+03,sinkhorn_cellsim
7.743954e+01,29881,1.63927968022025e-04,1.01438519721971e-01,1.12607577714896e+03,sinkhorn_cellsim
7.749134e+01,29901,1.63755197973947e-04,1.01438521018380e-01,1.12607581220221e+03,sinkhorn_cellsim
7.754314e+01,29921,1.63585018044806e-04,1.01438522312783e-01,1.12607584725471e+03,sinkhorn_cellsim
7.759494e+01,29941,1.63417652944392e-04,1.01438523604966e-01,1.12607588230649e+03,sinkhorn_cellsim
7.764674e+01,29961,1.63254635823235e-04,1.01438524894723e-01,1.12607591735754e+03,sinkhorn_cellsim
7.769855e+01,29981,1.63093703382121e-04,1.01438526181852e-01,1.12607595240789e+03,sinkhorn_cellsim
7.775035e+01,30001,1.62934813325183e-04,1.01438527466161e-01,1.12607598745754e+03,sinkhorn_cellsim
7.780215e+01,30021,1.62777924642598e-04,1.01438528747465e-01,1.12607602250651e+03,sinkhorn_cellsim
7.785395e+01,30041,1.62625773934374e-04,1.01438530025588e-01,1.12607605755481e+03,sinkhorn_cellsim
7.790574e+01,30061,1.62482798145565e-04,1.01438531300357e-01,1.12607609260245e+03,sinkhorn_cellsim
7.795755e+01,30081,1.62341482880465e-04,1.01438532571608e-01,1.12607612764944e+03,sinkhorn_cellsim
7.800935e+01,30101,1.62203281210602e-04,1.01438533839184e-01,1.12607616269580e+03,sinkhorn_cellsim
7.806116e+01,30121,1.62069727696885e-04,1.01438535102935e-01,1.12607619774153e+03,sinkhorn_cellsim
7.811296e+01,30141,1.61942864586568e-04,1.01438536362713e-01,1.12607623278665e+03,sinkhorn_cellsim
7.816476e+01,30161,1.61822126043767e-04,1.01438537618382e-01,1.12607626783116e+03,sinkhorn_cellsim
7.821657e+01,30181,1.61718709796034e-04,1.01438538869810e-01,1.12607630287507e+03,sinkhorn_cellsim
7.826837e+01,30201,1.61617160533853e-04,1.01438540116868e-01,1.12607633791841e+03,sinkhorn_cellsim
7.832018e+01,30221,1.61519358428732e-04,1.01438541359436e-01,1.12607637296116e+03,sinkhorn_cellsim
7.837198e+01,30241,1.61438746677346e-04,1.01438542597399e-01,1.12607640800335e+03,sinkhorn_cellsim
7.842378e+01,30261,1.61362556578693e-04,1.01438543830643e-01,1.12607644304499e+03,sinkhorn_cellsim
7.847559e+01,30281,1.61287046927715e-04,1.01438545059067e-01,1.12607647808607e+03,sinkhorn_cellsim
7.852739e+01,30301,1.61212213084195e-04,1.01438546282570e-01,1.12607651312662e+03,sinkhorn_cellsim
7.857919e+01,30321,1.61138050372631e-04,1.01438547501055e-01,1.12607654816664e+03,sinkhorn_cellsim
7.863100e+01,30341,1.61070854816782e-04,1.01438548714433e-01,1.12607658320613e+03,sinkhorn_cellsim
7.868280e+01,30361,1.61009535860424e-04,1.01438549922618e-01,1.12607661824511e+03,sinkhorn_cellsim
7.873460e+01,30381,1.60948619557000e-04,1.01438551125529e-01,1.12607665328358e+03,sinkhorn_cellsim
7.878640e+01,30401,1.60888108397369e-04,1.01438552323088e-01,1.12607668832156e+03,sinkhorn_cellsim
7.883820e+01,30421,1.60828004648246e-04,1.01438553515222e-01,1.12607672335905e+03,sinkhorn_cellsim
7.889000e+01,30441,1.60768310358664e-04,1.01438554701863e-01,1.12607675839605e+03,sinkhorn_cellsim
7.894181e+01,30461,1.60709636026426e-04,1.01438555882944e-01,1.12607679343258e+03,sinkhorn_cellsim
7.899361e+01,30481,1.60652461897253e-04,1.01438557058408e-01,1.12607682846864e+03,sinkhorn_cellsim
7.904541e+01,30501,1.60595689802159e-04,1.01438558228194e-01,1.12607686350424e+03,sinkhorn_cellsim
7.909722e+01,30521,1.60539320900739e-04,1.01438559392250e-01,1.12607689853938e+03,sinkhorn_cellsim
7.914902e+01,30541,1.60483356181205e-04,1.01438560550526e-01,1.12607693357408e+03,sinkhorn_cellsim
7.920082e+01,30561,1.60427796467122e-04,1.01438561702973e-01,1.12607696860834e+03,sinkhorn_cellsim
7.925262e+01,30581,1.60372642426162e-04,1.01438562849547e-01,1.12607700364216e+03,sinkhorn_cellsim
7.930443e+01,30601,1.60317894576039e-04,1.01438563990210e-01,1.12607703867556e+03,sinkhorn_cellsim
7.935623e+01,30621,1.60263553296280e-04,1.01438565124922e-01,1.12607707370854e+03,sinkhorn_cellsim
7.940803e+01,30641,1.60209618818739e-04,1.01438566253648e-01,1.12607710874110e+03,sinkhorn_cellsim
7.945984e+01,30661,1.60156091246239e-04,1.01438567376358e-01,1.12607714377325e+03,sinkhorn_cellsim
7.951164e+01,30681,1.60102970552562e-04,1.01438568493021e-01,1.12607717880500e+03,sinkhorn_cellsim
7.956345e+01,30701,1.60050256597617e-04,1.01438569603611e-01,1.12607721383636e+03,sinkhorn_cellsim
7.961526e+01,30721,1.59997949102408e-04,1.01438570708103e-01,1.12607724886732e+03,sinkhorn_cellsim
7.966706e+01,30741,1.59946047699666e-04,1.01438571806477e-01,1.12607728389790e+03,sinkhorn_cellsim
7.971887e+01,30761,1.59894551889926e-04,1.01438572898711e-01,1.12607731892810e+03,sinkhorn_cellsim
7.977067e+01,30781,1.59843461094149e-04,1.01438573984791e-01,1.12607735395793e+03,sinkhorn_cellsim
7.982247e+01,30801,1.59792774600072e-04,1.01438575064698e-01,1.12607738898739e+03,sinkhorn_cellsim
7.987427e+01,30821,1.59742491636746e-04,1.01438576138422e-01,1.12607742401649e+03,sinkhorn_cellsim
7.992607e+01,30841,1.59692611311350e-04,1.01438577205952e-01,1.12607745904523e+03,sinkhorn_cellsim
7.997787e+01,30861,1.59643132665640e-04,1.01438578267280e-01,1.12607749407361e+03,sinkhorn_cellsim
8.002967e+01,30881,1.59594054639704e-04,1.01438579322397e-01,1.12607752910165e+03,sinkhorn_cellsim
8.008148e+01,30901,1.59545376095149e-04,1.01438580371296e-01,1.12607756412935e+03,sinkhorn_cellsim
8.013328e+01,30921,1.59497095830500e-04,1.01438581413978e-01,1.12607759915671e+03,sinkhorn_cellsim
8.018508e+01,30941,1.59449212553271e-04,1.01438582450439e-01,1.12607763418373e+03,sinkhorn_cellsim
8.023688e+01,30961,1.59401724908792e-04,1.01438583480680e-01,1.12607766921043e+03,sinkhorn_cellsim
8.028868e+01,30981,1.59354631473545e-04,1.01438584504701e-01,1.12607770423681e+03,sinkhorn_cellsim
8.034049e+01,31001,1.59307930757907e-04,1.01438585522505e-01,1.12607773926287e+03,sinkhorn_cellsim
8.039229e+01,31021,1.59261621207058e-04,1.01438586534097e-01,1.12607777428861e+03,sinkhorn_cellsim
8.044409e+01,31041,1.59215701213956e-04,1.01438587539482e-01,1.12607780931404e+03,sinkhorn_cellsim
8.049590e+01,31061,1.59170169112462e-04,1.01438588538668e-01,1.12607784433917e+03,sinkhorn_cellsim
8.054770e+01,31081,1.59125023169896e-04,1.01438589531661e-01,1.12607787936400e+03,sinkhorn_cellsim
8.059950e+01,31101,1.59080261621559e-04,1.01438590518476e-01,1.12607791438853e+03,sinkhorn_cellsim
8.065130e+01,31121,1.59035882613377e-04,1.01438591499118e-01,1.12607794941277e+03,sinkhorn_cellsim
8.070310e+01,31141,1.58991884275344e-04,1.01438592473605e-01,1.12607798443672e+03,sinkhorn_cellsim
8.075490e+01,31161,1.58948264629560e-04,1.01438593441950e-01,1.12607801946038e+03,sinkhorn_cellsim
8.080670e+01,31181,1.58905021640786e-04,1.01438594404170e-01,1.12607805448377e+03,sinkhorn_cellsim
8.085851e+01,31201,1.58862153162127e-04,1.01438595360287e-01,1.12607808950687e+03,sinkhorn_cellsim
8.091031e+01,31221,1.58819656857226e-04,1.01438596310327e-01,1.12607812452971e+03,sinkhorn_cellsim
8.096211e+01,31241,1.58777796132947e-04,1.01438597254331e-01,1.12607815955227e+03,sinkhorn_cellsim
8.101392e+01,31261,1.58739497935788e-04,1.01438598192355e-01,1.12607819457457e+03,sinkhorn_cellsim
8.106572e+01,31281,1.58702051797338e-04,1.01438599124481e-01,1.12607822959660e+03,sinkhorn_cellsim
8.111753e+01,31301,1.58674377314336e-04,1.01438600050852e-01,1.12607826461837e+03,sinkhorn_cellsim
8.116933e+01,31321,1.58653322234129e-04,1.01438600971703e-01,1.12607829963987e+03,sinkhorn_cellsim
8.122114e+01,31341,1.58632425704924e-04,1.01438601887439e-01,1.12607833466109e+03,sinkhorn_cellsim
8.127295e+01,31361,1.58611669768503e-04,1.01438602798771e-01,1.12607836968204e+03,sinkhorn_cellsim
8.132474e+01,31381,1.58591220258938e-04,1.01438603706945e-01,1.12607840470266e+03,sinkhorn_cellsim
8.137656e+01,31401,1.58570873284319e-04,1.01438604614178e-01,1.12607843972293e+03,sinkhorn_cellsim
8.142836e+01,31421,1.58550480085500e-04,1.01438605524401e-01,1.12607847474273e+03,sinkhorn_cellsim
8.148017e+01,31441,1.58530309027048e-04,1.01438606444625e-01,1.12607850976191e+03,sinkhorn_cellsim
8.153198e+01,31461,1.58509806532203e-04,1.01438607387334e-01,1.12607854478016e+03,sinkhorn_cellsim
8.158378e+01,31481,1.58491654370557e-04,1.01438608374805e-01,1.12607857979692e+03,sinkhorn_cellsim
8.163558e+01,31501,1.58472688306822e-04,1.01438609446777e-01,1.12607861481122e+03,sinkhorn_cellsim
8.168739e+01,31521,1.58453248682216e-04,1.01438610674152e-01,1.12607864982130e+03,sinkhorn_cellsim
8.173919e+01,31541,1.58428607113724e-04,1.01438612183412e-01,1.12607868482403e+03,sinkhorn_cellsim
8.179099e+01,31561,1.58391828814284e-04,1.01438614200117e-01,1.12607871981382e+03,sinkhorn_cellsim
8.184279e+01,31581,1.58332433324779e-04,1.01438617126191e-01,1.12607875478069e+03,sinkhorn_cellsim
8.189460e+01,31601,1.58232694309500e-04,1.01438621676837e-01,1.12607878970688e+03,sinkhorn_cellsim
8.194640e+01,31621,1.58061153433502e-04,1.01438629121486e-01,1.12607882456083e+03,sinkhorn_cellsim
8.199820e+01,31641,1.57762243044504e-04,1.01438641703064e-01,1.12607885928661e+03,sinkhorn_cellsim
8.205000e+01,31661,1.57238626611449e-04,1.01438663352423e-01,1.12607889378574e+03,sinkhorn_cellsim
8.210181e+01,31681,1.56470462143243e-04,1.01438700858810e-01,1.12607892788672e+03,sinkhorn_cellsim
8.215361e+01,31701,1.55566201679492e-04,1.01438765644937e-01,1.12607896129654e+03,sinkhorn_cellsim
8.220541e+01,31721,1.54604642156111e-04,1.01438876038514e-01,1.12607899353144e+03,sinkhorn_cellsim
8.225721e+01,31741,1.53273649051806e-04,1.01439058984448e-01,1.12607902383926e+03,sinkhorn_cellsim
8.230902e+01,31761,1.52276212793180e-04,1.01439347922775e-01,1.12607905116797e+03,sinkhorn_cellsim
8.236083e+01,31781,1.51305536858597e-04,1.01439770919493e-01,1.12607907429957e+03,sinkhorn_cellsim
8.241263e+01,31801,1.50206966261589e-04,1.01440326281028e-01,1.12607909226486e+03,sinkhorn_cellsim
8.246443e+01,31821,1.48964741889269e-04,1.01440960623019e-01,1.12607910490170e+03,sinkhorn_cellsim
8.251624e+01,31841,1.47767361342771e-04,1.01441580802718e-01,1.12607911305305e+03,sinkhorn_cellsim
8.256804e+01,31861,1.46452254750812e-04,1.01442102422314e-01,1.12607911811021e+03,sinkhorn_cellsim
8.261984e+01,31881,1.44925635625181e-04,1.01442488564718e-01,1.12607912134896e+03,sinkhorn_cellsim
8.267165e+01,31901,1.43275488080599e-04,1.01442747597131e-01,1.12607912361576e+03,sinkhorn_cellsim
8.272345e+01,31921,1.41808212110603e-04,1.01442908890109e-01,1.12607912537292e+03,sinkhorn_cellsim
8.277526e+01,31941,1.40316345312178e-04,1.01443003182837e-01,1.12607912684970e+03,sinkhorn_cellsim
8.282706e+01,31961,1.38884010481099e-04,1.01443054512490e-01,1.12607912815779e+03,sinkhorn_cellsim
8.287887e+01,31981,1.37437291957386e-04,1.01443079341423e-01,1.12607912935390e+03,sinkhorn_cellsim
8.293067e+01,32001,1.35957626819353e-04,1.01443088210726e-01,1.12607913046912e+03,sinkhorn_cellsim
8.298247e+01,32021,1.34465356809421e-04,1.01443087643913e-01,1.12607913152208e+03,sinkhorn_cellsim
8.303427e+01,32041,1.33009868956219e-04,1.01443081613578e-01,1.12607913252488e+03,sinkhorn_cellsim
8.308608e+01,32061,1.31546898247816e-04,1.01443072522892e-01,1.12607913348590e+03,sinkhorn_cellsim
8.313789e+01,32081,1.30113291523583e-04,1.01443061822150e-01,1.12607913441127e+03,sinkhorn_cellsim
8.318969e+01,32101,1.28725549340041e-04,1.01443050384989e-01,1.12607913530561e+03,sinkhorn_cellsim
8.324150e+01,32121,1.27403490316014e-04,1.01443038735344e-01,1.12607913617253e+03,sinkhorn_cellsim
8.329330e+01,32141,1.26172339344903e-04,1.01443027184141e-01,1.12607913701491e+03,sinkhorn_cellsim
8.334511e+01,32161,1.24969410618256e-04,1.01443015911927e-01,1.12607913783510e+03,sinkhorn_cellsim
8.339692e+01,32181,1.23789609446196e-04,1.01443005019127e-01,1.12607913863504e+03,sinkhorn_cellsim
8.344873e+01,32201,1.22644663200147e-04,1.01442994556869e-01,1.12607913941637e+03,sinkhorn_cellsim
8.350053e+01,32221,1.21529304663595e-04,1.01442984546003e-01,1.12607914018049e+03,sinkhorn_cellsim
8.355234e+01,32241,1.20453792332301e-04,1.01442974988943e-01,1.12607914092860e+03,sinkhorn_cellsim
8.360415e+01,32261,1.19404591724502e-04,1.01442965877061e-01,1.12607914166175e+03,sinkhorn_cellsim
8.365595e+01,32281,1.18420816730714e-04,1.01442957195330e-01,1.12607914238087e+03,sinkhorn_cellsim
8.370775e+01,32301,1.17460475001747e-04,1.01442948925251e-01,1.12607914308679e+03,sinkhorn_cellsim
8.375956e+01,32321,1.16515307061775e-04,1.01442941046670e-01,1.12607914378023e+03,sinkhorn_cellsim
8.381137e+01,32341,1.15580867162162e-04,1.01442933538927e-01,1.12607914446186e+03,sinkhorn_cellsim
8.386318e+01,32361,1.14661141689974e-04,1.01442926381553e-01,1.12607914513229e+03,sinkhorn_cellsim
8.391498e+01,32381,1.13755475331933e-04,1.01442919554687e-01,1.12607914579207e+03,sinkhorn_cellsim
8.396678e+01,32401,1.12859655295475e-04,1.01442913039314e-01,1.12607914644169e+03,sinkhorn_cellsim
8.401858e+01,32421,1.11997707577234e-04,1.01442906817398e-01,1.12607914708163e+03,sinkhorn_cellsim
8.407039e+01,32441,1.11154946374335e-04,1.01442900871924e-01,1.12607914771231e+03,sinkhorn_cellsim
8.412220e+01,32461,1.10331768183293e-04,1.01442895186912e-01,1.12607914833413e+03,sinkhorn_cellsim
8.417400e+01,32481,1.09514946465090e-04,1.01442889747393e-01,1.12607914894746e+03,sinkhorn_cellsim
8.422580e+01,32501,1.08704654162377e-04,1.01442884539369e-01,1.12607914955265e+03,sinkhorn_cellsim
8.427762e+01,32521,1.07901048084452e-04,1.01442879549769e-01,1.12607915015001e+03,sinkhorn_cellsim
8.432945e+01,32541,1.07108478495969e-04,1.01442874766394e-01,1.12607915073986e+03,sinkhorn_cellsim
8.438126e+01,32561,1.06328875144882e-04,1.01442870177863e-01,1.12607915132248e+03,sinkhorn_cellsim
8.443306e+01,32581,1.05555873266774e-04,1.01442865773557e-01,1.12607915189813e+03,sinkhorn_cellsim
8.448487e+01,32601,1.04790581899526e-04,1.01442861543578e-01,1.12607915246707e+03,sinkhorn_cellsim
8.453668e+01,32621,1.04035069275159e-04,1.01442857478683e-01,1.12607915302954e+03,sinkhorn_cellsim
8.458848e+01,32641,1.03286269172583e-04,1.01442853570252e-01,1.12607915358577e+03,sinkhorn_cellsim
8.464029e+01,32661,1.02544277760549e-04,1.01442849810231e-01,1.12607915413596e+03,sinkhorn_cellsim
8.469210e+01,32681,1.01810917127918e-04,1.01442846191096e-01,1.12607915468032e+03,sinkhorn_cellsim
8.474390e+01,32701,1.01086159724097e-04,1.01442842705821e-01,1.12607915521905e+03,sinkhorn_cellsim
8.479571e+01,32721,1.00372014746432e-04,1.01442839347828e-01,1.12607915575233e+03,sinkhorn_cellsim
8.484751e+01,32741,9.96730778644252e-05,1.01442836110965e-01,1.12607915628033e+03,sinkhorn_cellsim
8.489931e+01,32761,9.89821699870416e-05,1.01442832989470e-01,1.12607915680323e+03,sinkhorn_cellsim
8.495111e+01,32781,9.82999803572876e-05,1.01442829977943e-01,1.12607915732117e+03,sinkhorn_cellsim
8.500291e+01,32801,9.76278249760776e-05,1.01442827071320e-01,1.12607915783432e+03,sinkhorn_cellsim
8.505472e+01,32821,9.69626033042834e-05,1.01442824264849e-01,1.12607915834282e+03,sinkhorn_cellsim
8.510653e+01,32841,9.63043017691412e-05,1.01442821554071e-01,1.12607915884681e+03,sinkhorn_cellsim
8.515834e+01,32861,9.56538962793361e-05,1.01442818934789e-01,1.12607915934642e+03,sinkhorn_cellsim
8.521014e+01,32881,9.50098974947907e-05,1.01442816403059e-01,1.12607915984177e+03,sinkhorn_cellsim
8.526194e+01,32901,9.43723049450116e-05,1.01442813955169e-01,1.12607916033300e+03,sinkhorn_cellsim
8.531375e+01,32921,9.37411127433272e-05,1.01442811587619e-01,1.12607916082022e+03,sinkhorn_cellsim
8.536555e+01,32941,9.31163100210975e-05,1.01442809297116e-01,1.12607916130354e+03,sinkhorn_cellsim
8.541736e+01,32961,9.24978812823381e-05,1.01442807080545e-01,1.12607916178307e+03,sinkhorn_cellsim
8.546917e+01,32981,9.18888642770180e-05,1.01442804934970e-01,1.12607916225891e+03,sinkhorn_cellsim
8.552098e+01,33001,9.12905321358326e-05,1.01442802857616e-01,1.12607916273118e+03,sinkhorn_cellsim
8.557278e+01,33021,9.06983385375989e-05,1.01442800845858e-01,1.12607916319995e+03,sinkhorn_cellsim
8.562459e+01,33041,9.01120808189279e-05,1.01442798897212e-01,1.12607916366533e+03,sinkhorn_cellsim
8.567640e+01,33061,8.95317357595304e-05,1.01442797009322e-01,1.12607916412741e+03,sinkhorn_cellsim
8.572820e+01,33081,8.89577801399651e-05,1.01442795179965e-01,1.12607916458627e+03,sinkhorn_cellsim
8.578001e+01,33101,8.83914210490902e-05,1.01442793407020e-01,1.12607916504199e+03,sinkhorn_cellsim
8.583181e+01,33121,8.78326715683085e-05,1.01442791688482e-01,1.12607916549466e+03,sinkhorn_cellsim
8.588362e+01,33141,8.72797965561894e-05,1.01442790022443e-01,1.12607916594436e+03,sinkhorn_cellsim
8.593543e+01,33161,8.67341858071872e-05,1.01442788407089e-01,1.12607916639115e+03,sinkhorn_cellsim
8.598723e+01,33181,8.61986418077777e-05,1.01442786840696e-01,1.12607916683512e+03,sinkhorn_cellsim
8.603904e+01,33201,8.56683867976628e-05,1.01442785321622e-01,1.12607916727633e+03,sinkhorn_cellsim
8.609084e+01,33221,8.51432677694417e-05,1.01442783848301e-01,1.12607916771486e+03,sinkhorn_cellsim
8.614265e+01,33241,8.46232587518187e-05,1.01442782419245e-01,1.12607916815076e+03,sinkhorn_cellsim
8.619446e+01,33261,8.41083321218339e-05,1.01442781033028e-01,1.12607916858410e+03,sinkhorn_cellsim
8.624627e+01,33281,8.35987438167423e-05,1.01442779688294e-01,1.12607916901494e+03,sinkhorn_cellsim
8.629807e+01,33301,8.30941913859141e-05,1.01442778383745e-01,1.12607916944335e+03,sinkhorn_cellsim
8.634988e+01,33321,8.25946160177075e-05,1.01442777118141e-01,1.12607916986938e+03,sinkhorn_cellsim
8.640169e+01,33341,8.20999849915287e-05,1.01442775890295e-01,1.12607917029308e+03,sinkhorn_cellsim
8.645349e+01,33361,8.16103028024980e-05,1.01442774699073e-01,1.12607917071452e+03,sinkhorn_cellsim
8.650530e+01,33381,8.11258584016446e-05,1.01442773543387e-01,1.12607917113374e+03,sinkhorn_cellsim
8.655710e+01,33401,8.06463438929385e-05,1.01442772422196e-01,1.12607917155079e+03,sinkhorn_cellsim
8.660891e+01,33421,8.01715993200293e-05,1.01442771334499e-01,1.12607917196573e+03,sinkhorn_cellsim
8.666073e+01,33441,7.97015887055773e-05,1.01442770279341e-01,1.12607917237861e+03,sinkhorn_cellsim
8.671254e+01,33461,7.92367653942653e-05,1.01442769255798e-01,1.12607917278946e+03,sinkhorn_cellsim
8.676434e+01,33481,7.87766130574265e-05,1.01442768262988e-01,1.12607917319835e+03,sinkhorn_cellsim
8.681615e+01,33501,7.83211255339631e-05,1.01442767300062e-01,1.12607917360530e+03,sinkhorn_cellsim
8.686796e+01,33521,7.78706779944333e-05,1.01442766366201e-01,1.12607917401037e+03,sinkhorn_cellsim
8.691977e+01,33541,7.74251195203044e-05,1.01442765460621e-01,1.12607917441359e+03,sinkhorn_cellsim
8.697157e+01,33561,7.69840335900277e-05,1.01442764582563e-01,1.12607917481501e+03,sinkhorn_cellsim
8.702337e+01,33581,7.65475110808638e-05,1.01442763731301e-01,1.12607917521466e+03,sinkhorn_cellsim
8.707518e+01,33601,7.61167383577678e-05,1.01442762906129e-01,1.12607917561259e+03,sinkhorn_cellsim
8.712698e+01,33621,7.56903293576339e-05,1.01442762106370e-01,1.12607917600883e+03,sinkhorn_cellsim
8.717880e+01,33641,7.52681443361288e-05,1.01442761331375e-01,1.12607917640342e+03,sinkhorn_cellsim
8.723060e+01,33661,7.48501461348633e-05,1.01442760580509e-01,1.12607917679640e+03,sinkhorn_cellsim
8.728240e+01,33681,7.44362974349729e-05,1.01442759853163e-01,1.12607917718779e+03,sinkhorn_cellsim
8.733420e+01,33701,7.40265607893158e-05,1.01442759148749e-01,1.12607917757763e+03,sinkhorn_cellsim
8.738601e+01,33721,7.36208986684672e-05,1.01442758466699e-01,1.12607917796596e+03,sinkhorn_cellsim
8.743782e+01,33741,7.32193287950396e-05,1.01442757806462e-01,1.12607917835280e+03,sinkhorn_cellsim
8.748963e+01,33761,7.28218016469754e-05,1.01442757167505e-01,1.12607917873820e+03,sinkhorn_cellsim
8.754143e+01,33781,7.24284419324066e-05,1.01442756549315e-01,1.12607917912217e+03,sinkhorn_cellsim
8.759324e+01,33801,7.20394740739680e-05,1.01442755951391e-01,1.12607917950475e+03,sinkhorn_cellsim
8.764505e+01,33821,7.16564236617135e-05,1.01442755373250e-01,1.12607917988596e+03,sinkhorn_cellsim
8.769686e+01,33841,7.12781264879039e-05,1.01442754814424e-01,1.12607918026584e+03,sinkhorn_cellsim
8.774867e+01,33861,7.09037190509088e-05,1.01442754274461e-01,1.12607918064441e+03,sinkhorn_cellsim
8.780047e+01,33881,7.05331709366905e-05,1.01442753752916e-01,1.12607918102169e+03,sinkhorn_cellsim
8.785228e+01,33901,7.01662765242410e-05,1.01442753249364e-01,1.12607918139773e+03,sinkhorn_cellsim
8.790408e+01,33921,6.98029999766375e-05,1.01442752763391e-01,1.12607918177253e+03,sinkhorn_cellsim
8.795588e+01,33941,6.94433056026625e-05,1.01442752294592e-01,1.12607918214612e+03,sinkhorn_cellsim
8.800770e+01,33961,6.90872665943166e-05,1.01442751842578e-01,1.12607918251853e+03,sinkhorn_cellsim
8.805950e+01,33981,6.87349546853645e-05,1.01442751406967e-01,1.12607918288979e+03,sinkhorn_cellsim
8.811130e+01,34001,6.83864086786115e-05,1.01442750987388e-01,1.12607918325991e+03,sinkhorn_cellsim
8.816312e+01,34021,6.80414600049973e-05,1.01442750583484e-01,1.12607918362891e+03,sinkhorn_cellsim
8.821492e+01,34041,6.76998932587275e-05,1.01442750194903e-01,1.12607918399683e+03,sinkhorn_cellsim
8.826673e+01,34061,6.73617016526046e-05,1.01442749821307e-01,1.12607918436367e+03,sinkhorn_cellsim
8.831854e+01,34081,6.70269815861730e-05,1.01442749462362e-01,1.12607918472947e+03,sinkhorn_cellsim
8.837034e+01,34101,6.66955293699621e-05,1.01442749117746e-01,1.12607918509423e+03,sinkhorn_cellsim
8.842214e+01,34121,6.63673317817077e-05,1.01442748787145e-01,1.12607918545799e+03,sinkhorn_cellsim
8.847395e+01,34141,6.60423376599257e-05,1.01442748470256e-01,1.12607918582076e+03,sinkhorn_cellsim
8.852575e+01,34161,6.57205104011154e-05,1.01442748166776e-01,1.12607918618256e+03,sinkhorn_cellsim
8.857755e+01,34181,6.54018177611571e-05,1.01442747876416e-01,1.12607918654340e+03,sinkhorn_cellsim
8.862936e+01,34201,6.50862277176224e-05,1.01442747598892e-01,1.12607918690332e+03,sinkhorn_cellsim
8.868117e+01,34221,6.47737084927389e-05,1.01442747333928e-01,1.12607918726231e+03,sinkhorn_cellsim
8.873297e+01,34241,6.44642285544666e-05,1.01442747081251e-01,1.12607918762041e+03,sinkhorn_cellsim
8.878477e+01,34261,6.41577566170963e-05,1.01442746840603e-01,1.12607918797762e+03,sinkhorn_cellsim
8.883658e+01,34281,6.38542616403898e-05,1.01442746611723e-01,1.12607918833397e+03,sinkhorn_cellsim
8.888839e+01,34301,6.35538903394177e-05,1.01442746394360e-01,1.12607918868947e+03,sinkhorn_cellsim
8.894020e+01,34321,6.32565245538038e-05,1.01442746188271e-01,1.12607918904413e+03,sinkhorn_cellsim
8.899200e+01,34341,6.29622097920937e-05,1.01442745993217e-01,1.12607918939798e+03,sinkhorn_cellsim
8.904380e+01,34361,6.26707741962566e-05,1.01442745808959e-01,1.12607918975102e+03,sinkhorn_cellsim
8.909561e+01,34381,6.23821873114657e-05,1.01442745635276e-01,1.12607919010328e+03,sinkhorn_cellsim
8.914741e+01,34401,6.20964189300171e-05,1.01442745471936e-01,1.12607919045476e+03,sinkhorn_cellsim
8.919922e+01,34421,6.18134391320957e-05,1.01442745318728e-01,1.12607919080548e+03,sinkhorn_cellsim
8.925102e+01,34441,6.15332202925459e-05,1.01442745175436e-01,1.12607919115545e+03,sinkhorn_cellsim
8.930283e+01,34461,6.12558456951858e-05,1.01442745041851e-01,1.12607919150469e+03,sinkhorn_cellsim
8.935463e+01,34481,6.09813070465392e-05,1.01442744917766e-01,1.12607919185322e+03,sinkhorn_cellsim
8.940644e+01,34501,6.07094425343324e-05,1.01442744802989e-01,1.12607919220103e+03,sinkhorn_cellsim
8.945825e+01,34521,6.04402234416391e-05,1.01442744697315e-01,1.12607919254815e+03,sinkhorn_cellsim
8.951006e+01,34541,6.01736290340367e-05,1.01442744600558e-01,1.12607919289459e+03,sinkhorn_cellsim
8.956186e+01,34561,5.99096375317328e-05,1.01442744512531e-01,1.12607919324036e+03,sinkhorn_cellsim
8.961367e+01,34581,5.96482085527865e-05,1.01442744433051e-01,1.12607919358547e+03,sinkhorn_cellsim
8.966547e+01,34601,5.93893145011354e-05,1.01442744361936e-01,1.12607919392993e+03,sinkhorn_cellsim
8.971728e+01,34621,5.91329369909993e-05,1.01442744299012e-01,1.12607919427376e+03,sinkhorn_cellsim
8.976909e+01,34641,5.88790619786994e-05,1.01442744244106e-01,1.12607919461697e+03,sinkhorn_cellsim
8.982090e+01,34661,5.86276420288677e-05,1.01442744197050e-01,1.12607919495956e+03,sinkhorn_cellsim
8.987271e+01,34681,5.83787437564043e-05,1.01442744157682e-01,1.12607919530156e+03,sinkhorn_cellsim
8.992451e+01,34701,5.81323311806256e-05,1.01442744125836e-01,1.12607919564295e+03,sinkhorn_cellsim
8.997631e+01,34721,5.78883455105256e-05,1.01442744101354e-01,1.12607919598377e+03,sinkhorn_cellsim
9.002812e+01,34741,5.76467273124129e-05,1.01442744084084e-01,1.12607919632402e+03,sinkhorn_cellsim
9.007993e+01,34761,5.74074375775046e-05,1.01442744073872e-01,1.12607919666370e+03,sinkhorn_cellsim
9.013173e+01,34781,5.71704510728562e-05,1.01442744070569e-01,1.12607919700283e+03,sinkhorn_cellsim
9.018355e+01,34801,5.69357428469802e-05,1.01442744074030e-01,1.12607919734142e+03,sinkhorn_cellsim
9.023536e+01,34821,5.67032882197286e-05,1.01442744084111e-01,1.12607919767948e+03,sinkhorn_cellsim
9.028716e+01,34841,5.64730627813576e-05,1.01442744100669e-01,1.12607919801701e+03,sinkhorn_cellsim
9.033897e+01,34861,5.62451485315212e-05,1.01442744123572e-01,1.12607919835403e+03,sinkhorn_cellsim
9.039078e+01,34881,5.60198451122106e-05,1.01442744152681e-01,1.12607919869053e+03,sinkhorn_cellsim
9.044260e+01,34901,5.57968134357024e-05,1.01442744187864e-01,1.12607919902654e+03,sinkhorn_cellsim
9.049442e+01,34921,5.55760819331884e-05,1.01442744228993e-01,1.12607919936206e+03,sinkhorn_cellsim
9.054624e+01,34941,5.53583194603212e-05,1.01442744275942e-01,1.12607919969710e+03,sinkhorn_cellsim
9.059804e+01,34961,5.51436412432825e-05,1.01442744328582e-01,1.12607920003167e+03,sinkhorn_cellsim
9.064985e+01,34981,5.49311014169208e-05,1.01442744386794e-01,1.12607920036576e+03,sinkhorn_cellsim
9.070166e+01,35001,5.47206016343516e-05,1.01442744450455e-01,1.12607920069940e+03,sinkhorn_cellsim
9.075347e+01,35021,5.45125399218145e-05,1.01442744519451e-01,1.12607920103259e+03,sinkhorn_cellsim
9.080528e+01,35041,5.43065415969231e-05,1.01442744593664e-01,1.12607920136533e+03,sinkhorn_cellsim
9.085709e+01,35061,5.41025181009286e-05,1.01442744672981e-01,1.12607920169764e+03,sinkhorn_cellsim
9.090890e+01,35081,5.39004473627495e-05,1.01442744757292e-01,1.12607920202952e+03,sinkhorn_cellsim
9.096071e+01,35101,5.37003743042197e-05,1.01442744846485e-01,1.12607920236098e+03,sinkhorn_cellsim
9.101252e+01,35121,5.35023073488821e-05,1.01442744940456e-01,1.12607920269202e+03,sinkhorn_cellsim
9.106432e+01,35141,5.33061310297260e-05,1.01442745039101e-01,1.12607920302265e+03,sinkhorn_cellsim
9.111613e+01,35161,5.31118242623958e-05,1.01442745142313e-01,1.12607920335288e+03,sinkhorn_cellsim
9.116793e+01,35181,5.29193662295721e-05,1.01442745249992e-01,1.12607920368271e+03,sinkhorn_cellsim
9.121974e+01,35201,5.27287363713671e-05,1.01442745362042e-01,1.12607920401216e+03,sinkhorn_cellsim
9.127154e+01,35221,5.25399143722273e-05,1.01442745478360e-01,1.12607920434122e+03,sinkhorn_cellsim
9.133080e+01,35241,5.23528801856628e-05,1.01442745598854e-01,1.12607920466991e+03,sinkhorn_cellsim
9.138266e+01,35261,5.21676140147861e-05,1.01442745723431e-01,1.12607920499822e+03,sinkhorn_cellsim
9.143450e+01,35281,5.19840962979905e-05,1.01442745851996e-01,1.12607920532617e+03,sinkhorn_cellsim
9.148630e+01,35301,5.18023077247506e-05,1.01442745984462e-01,1.12607920565376e+03,sinkhorn_cellsim
9.153810e+01,35321,5.16222969470268e-05,1.01442746120736e-01,1.12607920598099e+03,sinkhorn_cellsim
9.158992e+01,35341,5.14445396479178e-05,1.01442746260735e-01,1.12607920630788e+03,sinkhorn_cellsim
9.164172e+01,35361,5.12688862879749e-05,1.01442746404370e-01,1.12607920663443e+03,sinkhorn_cellsim
9.169352e+01,35381,5.10948917184603e-05,1.01442746551560e-01,1.12607920696063e+03,sinkhorn_cellsim
9.174533e+01,35401,5.09225352272100e-05,1.01442746702220e-01,1.12607920728651e+03,sinkhorn_cellsim
9.179712e+01,35421,5.07517986615479e-05,1.01442746856272e-01,1.12607920761206e+03,sinkhorn_cellsim
9.184892e+01,35441,5.05828593287820e-05,1.01442747013634e-01,1.12607920793728e+03,sinkhorn_cellsim
9.190072e+01,35461,5.04156586379114e-05,1.01442747174228e-01,1.12607920826219e+03,sinkhorn_cellsim
9.195252e+01,35481,5.02500221359049e-05,1.01442747337979e-01,1.12607920858679e+03,sinkhorn_cellsim
9.200432e+01,35501,5.00859325774967e-05,1.01442747504813e-01,1.12607920891108e+03,sinkhorn_cellsim
9.205613e+01,35521,4.99233729234297e-05,1.01442747674652e-01,1.12607920923506e+03,sinkhorn_cellsim
9.210793e+01,35541,4.97623263689278e-05,1.01442747847426e-01,1.12607920955875e+03,sinkhorn_cellsim
9.215973e+01,35561,4.96027982833666e-05,1.01442748023065e-01,1.12607920988215e+03,sinkhorn_cellsim
9.221154e+01,35581,4.94449260409084e-05,1.01442748201498e-01,1.12607921020525e+03,sinkhorn_cellsim
9.226334e+01,35601,4.92885169505182e-05,1.01442748382655e-01,1.12607921052808e+03,sinkhorn_cellsim
9.231515e+01,35621,4.91335840818656e-05,1.01442748566472e-01,1.12607921085062e+03,sinkhorn_cellsim
9.236696e+01,35641,4.89812781047393e-05,1.01442748752880e-01,1.12607921117288e+03,sinkhorn_cellsim
9.241876e+01,35661,4.88310979354875e-05,1.01442748941814e-01,1.12607921149488e+03,sinkhorn_cellsim
9.247056e+01,35681,4.86827344934525e-05,1.01442749133212e-01,1.12607921181660e+03,sinkhorn_cellsim
9.252237e+01,35701,4.85366926411874e-05,1.01442749327011e-01,1.12607921213806e+03,sinkhorn_cellsim
9.257417e+01,35721,4.83920686186840e-05,1.01442749523150e-01,1.12607921245926e+03,sinkhorn_cellsim
9.262598e+01,35741,4.82488007867604e-05,1.01442749721566e-01,1.12607921278021e+03,sinkhorn_cellsim
9.267778e+01,35761,4.81072895672373e-05,1.01442749922203e-01,1.12607921310090e+03,sinkhorn_cellsim
9.272959e+01,35781,4.79671352122004e-05,1.01442750125000e-01,1.12607921342135e+03,sinkhorn_cellsim
9.278139e+01,35801,4.78288885556998e-05,1.01442750329902e-01,1.12607921374155e+03,sinkhorn_cellsim
9.283318e+01,35821,4.76930681895710e-05,1.01442750536853e-01,1.12607921406151e+03,sinkhorn_cellsim
9.288498e+01,35841,4.75588969656624e-05,1.01442750745796e-01,1.12607921438123e+03,sinkhorn_cellsim
9.293678e+01,35861,4.74259616855772e-05,1.01442750956679e-01,1.12607921470071e+03,sinkhorn_cellsim
9.298859e+01,35881,4.72956341316431e-05,1.01442751169448e-01,1.12607921501997e+03,sinkhorn_cellsim
9.304038e+01,35901,4.71668902011725e-05,1.01442751384050e-01,1.12607921533900e+03,sinkhorn_cellsim
9.309218e+01,35921,4.70401052030937e-05,1.01442751600436e-01,1.12607921565780e+03,sinkhorn_cellsim
9.314398e+01,35941,4.69153727953183e-05,1.01442751818552e-01,1.12607921597638e+03,sinkhorn_cellsim
9.319577e+01,35961,4.67933773580844e-05,1.01442752038353e-01,1.12607921629475e+03,sinkhorn_cellsim
9.324758e+01,35981,4.66725110238699e-05,1.01442752259789e-01,1.12607921661290e+03,sinkhorn_cellsim
9.329938e+01,36001,4.65543380358483e-05,1.01442752482810e-01,1.12607921693084e+03,sinkhorn_cellsim
9.335118e+01,36021,4.64377190808748e-05,1.01442752707373e-01,1.12607921724857e+03,sinkhorn_cellsim
9.340298e+01,36041,4.63221831238006e-05,1.01442752933429e-01,1.12607921756610e+03,sinkhorn_cellsim
9.345478e+01,36061,4.62077180901258e-05,1.01442753160935e-01,1.12607921788342e+03,sinkhorn_cellsim
9.350659e+01,36081,4.60943120340503e-05,1.01442753389847e-01,1.12607921820054e+03,sinkhorn_cellsim
9.355839e+01,36101,4.59819531998268e-05,1.01442753620119e-01,1.12607921851747e+03,sinkhorn_cellsim
9.361019e+01,36121,4.58706299647759e-05,1.01442753851708e-01,1.12607921883420e+03,sinkhorn_cellsim
9.366199e+01,36141,4.57603308752056e-05,1.01442754084578e-01,1.12607921915074e+03,sinkhorn_cellsim
9.371379e+01,36161,4.56510446180945e-05,1.01442754318683e-01,1.12607921946710e+03,sinkhorn_cellsim
9.376559e+01,36181,4.55427600239679e-05,1.01442754553983e-01,1.12607921978327e+03,sinkhorn_cellsim
9.381740e+01,36201,4.54354660820220e-05,1.01442754790439e-01,1.12607922009925e+03,sinkhorn_cellsim
9.386920e+01,36221,4.53294103640940e-05,1.01442755028015e-01,1.12607922041505e+03,sinkhorn_cellsim
9.392100e+01,36241,4.52243528932648e-05,1.01442755266668e-01,1.12607922073068e+03,sinkhorn_cellsim
9.397280e+01,36261,4.51202522668908e-05,1.01442755506361e-01,1.12607922104613e+03,sinkhorn_cellsim
9.402460e+01,36281,4.50172912130118e-05,1.01442755747059e-01,1.12607922136141e+03,sinkhorn_cellsim
9.407640e+01,36301,4.49153338232118e-05,1.01442755988728e-01,1.12607922167651e+03,sinkhorn_cellsim
9.412820e+01,36321,4.48143615056446e-05,1.01442756231329e-01,1.12607922199145e+03,sinkhorn_cellsim
9.418000e+01,36341,4.47143027993491e-05,1.01442756474829e-01,1.12607922230622e+03,sinkhorn_cellsim
9.423179e+01,36361,4.46151477967772e-05,1.01442756719191e-01,1.12607922262083e+03,sinkhorn_cellsim
9.428360e+01,36381,4.45170869115754e-05,1.01442756964385e-01,1.12607922293528e+03,sinkhorn_cellsim
9.433540e+01,36401,4.44206108283392e-05,1.01442757210376e-01,1.12607922324957e+03,sinkhorn_cellsim
9.438720e+01,36421,4.43260972138974e-05,1.01442757457133e-01,1.12607922356370e+03,sinkhorn_cellsim
9.443900e+01,36441,4.42340356044813e-05,1.01442757704623e-01,1.12607922387767e+03,sinkhorn_cellsim
9.449081e+01,36461,4.41427995355686e-05,1.01442757952817e-01,1.12607922419149e+03,sinkhorn_cellsim
9.454261e+01,36481,4.40523751027045e-05,1.01442758201681e-01,1.12607922450517e+03,sinkhorn_cellsim
9.459441e+01,36501,4.39627536037858e-05,1.01442758451188e-01,1.12607922481869e+03,sinkhorn_cellsim
9.464621e+01,36521,4.38739264657771e-05,1.01442758701307e-01,1.12607922513207e+03,sinkhorn_cellsim
9.469801e+01,36541,4.37858852126812e-05,1.01442758952008e-01,1.12607922544530e+03,sinkhorn_cellsim
9.474982e+01,36561,4.36986214955670e-05,1.01442759203268e-01,1.12607922575839e+03,sinkhorn_cellsim
9.480161e+01,36581,4.36121270399703e-05,1.01442759455052e-01,1.12607922607134e+03,sinkhorn_cellsim
9.485341e+01,36601,4.35263937090827e-05,1.01442759707336e-01,1.12607922638415e+03,sinkhorn_cellsim
9.490521e+01,36621,4.34414134557356e-05,1.01442759960094e-01,1.12607922669683e+03,sinkhorn_cellsim
9.495701e+01,36641,4.33571783316136e-05,1.01442760213298e-01,1.12607922700937e+03,sinkhorn_cellsim
9.500880e+01,36661,4.32736805033281e-05,1.01442760466924e-01,1.12607922732177e+03,sinkhorn_cellsim
9.506061e+01,36681,4.31909122224228e-05,1.01442760720946e-01,1.12607922763405e+03,sinkhorn_cellsim
9.511241e+01,36701,4.31088658353483e-05,1.01442760975337e-01,1.12607922794619e+03,sinkhorn_cellsim
9.516421e+01,36721,4.30275637291530e-05,1.01442761230077e-01,1.12607922825821e+03,sinkhorn_cellsim
9.521600e+01,36741,4.29470463151035e-05,1.01442761485137e-01,1.12607922857010e+03,sinkhorn_cellsim
9.526780e+01,36761,4.28672441514324e-05,1.01442761740498e-01,1.12607922888187e+03,sinkhorn_cellsim
9.531960e+01,36781,4.27883797792817e-05,1.01442761996135e-01,1.12607922919351e+03,sinkhorn_cellsim
9.537140e+01,36801,4.27106105296550e-05,1.01442762252022e-01,1.12607922950503e+03,sinkhorn_cellsim
9.542320e+01,36821,4.26338062535428e-05,1.01442762508143e-01,1.12607922981643e+03,sinkhorn_cellsim
9.547500e+01,36841,4.25581386908159e-05,1.01442762764474e-01,1.12607923012772e+03,sinkhorn_cellsim
9.552680e+01,36861,4.24834638698968e-05,1.01442763020992e-01,1.12607923043889e+03,sinkhorn_cellsim
9.557859e+01,36881,4.24096023691869e-05,1.01442763277675e-01,1.12607923074994e+03,sinkhorn_cellsim
9.563040e+01,36901,4.23363800958551e-05,1.01442763534508e-01,1.12607923106088e+03,sinkhorn_cellsim
9.568221e+01,36921,4.22638429537167e-05,1.01442763791466e-01,1.12607923137171e+03,sinkhorn_cellsim
9.573401e+01,36941,4.21920732977254e-05,1.01442764048531e-01,1.12607923168243e+03,sinkhorn_cellsim
9.578582e+01,36961,4.21209218043437e-05,1.01442764305682e-01,1.12607923199304e+03,sinkhorn_cellsim
9.583762e+01,36981,4.20503821374859e-05,1.01442764562902e-01,1.12607923230354e+03,sinkhorn_cellsim
9.588942e+01,37001,4.19804480300166e-05,1.01442764820172e-01,1.12607923261393e+03,sinkhorn_cellsim
9.594122e+01,37021,4.19111133030836e-05,1.01442765077474e-01,1.12607923292422e+03,sinkhorn_cellsim
9.599303e+01,37041,4.18423718383135e-05,1.01442765334789e-01,1.12607923323441e+03,sinkhorn_cellsim
9.604483e+01,37061,4.17746010344366e-05,1.01442765592099e-01,1.12607923354450e+03,sinkhorn_cellsim
9.609664e+01,37081,4.17077333741608e-05,1.01442765849387e-01,1.12607923385448e+03,sinkhorn_cellsim
9.614844e+01,37101,4.16416017435645e-05,1.01442766106639e-01,1.12607923416437e+03,sinkhorn_cellsim
9.620024e+01,37121,4.15763004455025e-05,1.01442766363834e-01,1.12607923447415e+03,sinkhorn_cellsim
9.625205e+01,37141,4.15115546490350e-05,1.01442766620958e-01,1.12607923478384e+03,sinkhorn_cellsim
9.630385e+01,37161,4.14474114129494e-05,1.01442766877997e-01,1.12607923509344e+03,sinkhorn_cellsim
9.635565e+01,37181,4.13840092852179e-05,1.01442767134933e-01,1.12607923540294e+03,sinkhorn_cellsim
9.640745e+01,37201,4.13212755104635e-05,1.01442767391750e-01,1.12607923571234e+03,sinkhorn_cellsim
9.645924e+01,37221,4.12590723033891e-05,1.01442767648434e-01,1.12607923602166e+03,sinkhorn_cellsim
9.651105e+01,37241,4.11973943362560e-05,1.01442767904972e-01,1.12607923633088e+03,sinkhorn_cellsim
9.656285e+01,37261,4.11366900299482e-05,1.01442768161347e-01,1.12607923664002e+03,sinkhorn_cellsim
9.661466e+01,37281,4.10766154678926e-05,1.01442768417545e-01,1.12607923694907e+03,sinkhorn_cellsim
9.666647e+01,37301,4.10170461996467e-05,1.01442768673554e-01,1.12607923725802e+03,sinkhorn_cellsim
9.671827e+01,37321,4.09579772008865e-05,1.01442768929361e-01,1.12607923756690e+03,sinkhorn_cellsim
9.677007e+01,37341,4.08994034875663e-05,1.01442769184949e-01,1.12607923787569e+03,sinkhorn_cellsim
9.682188e+01,37361,4.08413679526392e-05,1.01442769440308e-01,1.12607923818439e+03,sinkhorn_cellsim
9.687368e+01,37381,4.07838652133973e-05,1.01442769695425e-01,1.12607923849301e+03,sinkhorn_cellsim
9.692548e+01,37401,4.07268424667604e-05,1.01442769950286e-01,1.12607923880155e+03,sinkhorn_cellsim
9.697728e+01,37421,4.06709095552425e-05,1.01442770204881e-01,1.12607923911001e+03,sinkhorn_cellsim
9.702910e+01,37441,4.06167584037159e-05,1.01442770459197e-01,1.12607923941839e+03,sinkhorn_cellsim
9.708093e+01,37461,4.05633481517169e-05,1.01442770713221e-01,1.12607923972669e+03,sinkhorn_cellsim
9.713273e+01,37481,4.05104747488986e-05,1.01442770966943e-01,1.12607924003491e+03,sinkhorn_cellsim
9.718453e+01,37501,4.04587672272439e-05,1.01442771220353e-01,1.12607924034305e+03,sinkhorn_cellsim
9.723633e+01,37521,4.04084951258340e-05,1.01442771473437e-01,1.12607924065112e+03,sinkhorn_cellsim
9.728814e+01,37541,4.03597740793891e-05,1.01442771726186e-01,1.12607924095912e+03,sinkhorn_cellsim
9.733994e+01,37561,4.03114780862087e-05,1.01442771978590e-01,1.12607924126704e+03,sinkhorn_cellsim
9.739174e+01,37581,4.02640947204884e-05,1.01442772230637e-01,1.12607924157488e+03,sinkhorn_cellsim
9.744354e+01,37601,4.02183892174269e-05,1.01442772482318e-01,1.12607924188266e+03,sinkhorn_cellsim
9.749534e+01,37621,4.01741775107473e-05,1.01442772733622e-01,1.12607924219036e+03,sinkhorn_cellsim
9.754716e+01,37641,4.01307079983885e-05,1.01442772984541e-01,1.12607924249800e+03,sinkhorn_cellsim
9.759895e+01,37661,4.00883521155020e-05,1.01442773235065e-01,1.12607924280556e+03,sinkhorn_cellsim
9.765075e+01,37681,4.00467037998250e-05,1.01442773485183e-01,1.12607924311306e+03,sinkhorn_cellsim
9.770256e+01,37701,4.00054175154399e-05,1.01442773734890e-01,1.12607924342049e+03,sinkhorn_cellsim
9.775436e+01,37721,3.99644895583637e-05,1.01442773984173e-01,1.12607924372785e+03,sinkhorn_cellsim
9.780616e+01,37741,3.99240975175967e-05,1.01442774233024e-01,1.12607924403514e+03,sinkhorn_cellsim
9.785798e+01,37761,3.98841333972074e-05,1.01442774481437e-01,1.12607924434237e+03,sinkhorn_cellsim
9.790978e+01,37781,3.98445145551160e-05,1.01442774729402e-01,1.12607924464954e+03,sinkhorn_cellsim
9.796159e+01,37801,3.98052374911095e-05,1.01442774976911e-01,1.12607924495664e+03,sinkhorn_cellsim
9.801339e+01,37821,3.97663224468748e-05,1.01442775223956e-01,1.12607924526368e+03,sinkhorn_cellsim
9.806520e+01,37841,3.97278226421668e-05,1.01442775470530e-01,1.12607924557066e+03,sinkhorn_cellsim
9.811700e+01,37861,3.96896534639158e-05,1.01442775716623e-01,1.12607924587757e+03,sinkhorn_cellsim
9.816880e+01,37881,3.96518115905451e-05,1.01442775962231e-01,1.12607924618443e+03,sinkhorn_cellsim
9.822060e+01,37901,3.96142937379018e-05,1.01442776207346e-01,1.12607924649122e+03,sinkhorn_cellsim
9.827240e+01,37921,3.95771009399032e-05,1.01442776451959e-01,1.12607924679796e+03,sinkhorn_cellsim
9.832421e+01,37941,3.95406319255410e-05,1.01442776696066e-01,1.12607924710464e+03,sinkhorn_cellsim
9.837601e+01,37961,3.95044813822300e-05,1.01442776939659e-01,1.12607924741126e+03,sinkhorn_cellsim
9.842781e+01,37981,3.94686384440586e-05,1.01442777182729e-01,1.12607924771782e+03,sinkhorn_cellsim
9.847961e+01,38001,3.94331000425288e-05,1.01442777425273e-01,1.12607924802433e+03,sinkhorn_cellsim
9.853141e+01,38021,3.93978631497742e-05,1.01442777667282e-01,1.12607924833078e+03,sinkhorn_cellsim
9.858321e+01,38041,3.93629247774064e-05,1.01442777908754e-01,1.12607924863718e+03,sinkhorn_cellsim
9.863501e+01,38061,3.93282819553975e-05,1.01442778149678e-01,1.12607924894352e+03,sinkhorn_cellsim
9.868682e+01,38081,3.92939317645857e-05,1.01442778390052e-01,1.12607924924981e+03,sinkhorn_cellsim
9.873862e+01,38101,3.92598713132140e-05,1.01442778629868e-01,1.12607924955605e+03,sinkhorn_cellsim
9.879043e+01,38121,3.92263615389965e-05,1.01442778869122e-01,1.12607924986223e+03,sinkhorn_cellsim
9.884223e+01,38141,3.91933686160187e-05,1.01442779107810e-01,1.12607925016836e+03,sinkhorn_cellsim
9.889403e+01,38161,3.91623107962954e-05,1.01442779345923e-01,1.12607925047445e+03,sinkhorn_cellsim
9.894583e+01,38181,3.91327262010054e-05,1.01442779583458e-01,1.12607925078048e+03,sinkhorn_cellsim
9.899764e+01,38201,3.91048332801709e-05,1.01442779820410e-01,1.12607925108646e+03,sinkhorn_cellsim
9.904944e+01,38221,3.90803441632501e-05,1.01442780056775e-01,1.12607925139239e+03,sinkhorn_cellsim
9.910124e+01,38241,3.90575859297901e-05,1.01442780292546e-01,1.12607925169828e+03,sinkhorn_cellsim
9.915304e+01,38261,3.90356428976878e-05,1.01442780527720e-01,1.12607925200411e+03,sinkhorn_cellsim
9.920484e+01,38281,3.90155144693951e-05,1.01442780762292e-01,1.12607925230990e+03,sinkhorn_cellsim
9.925664e+01,38301,3.89967473290246e-05,1.01442780996259e-01,1.12607925261564e+03,sinkhorn_cellsim
9.930845e+01,38321,3.89795853663556e-05,1.01442781229616e-01,1.12607925292134e+03,sinkhorn_cellsim
9.936026e+01,38341,3.89654786261672e-05,1.01442781462356e-01,1.12607925322699e+03,sinkhorn_cellsim
9.941206e+01,38361,3.89555100673286e-05,1.01442781694482e-01,1.12607925353260e+03,sinkhorn_cellsim
9.946386e+01,38381,3.89467727724618e-05,1.01442781925983e-01,1.12607925383816e+03,sinkhorn_cellsim
9.951567e+01,38401,3.89380950862816e-05,1.01442782156856e-01,1.12607925414367e+03,sinkhorn_cellsim
9.956747e+01,38421,3.89294765763780e-05,1.01442782387103e-01,1.12607925444915e+03,sinkhorn_cellsim
9.961927e+01,38441,3.89209571249361e-05,1.01442782616715e-01,1.12607925475458e+03,sinkhorn_cellsim
9.967107e+01,38461,3.89125854853529e-05,1.01442782845691e-01,1.12607925505997e+03,sinkhorn_cellsim
9.972288e+01,38481,3.89043789615754e-05,1.01442783074026e-01,1.12607925536531e+03,sinkhorn_cellsim
9.977468e+01,38501,3.88975265064911e-05,1.01442783301719e-01,1.12607925567062e+03,sinkhorn_cellsim
9.982648e+01,38521,3.88921675272119e-05,1.01442783528766e-01,1.12607925597588e+03,sinkhorn_cellsim
9.987828e+01,38541,3.88870381694100e-05,1.01442783755162e-01,1.12607925628110e+03,sinkhorn_cellsim
9.993008e+01,38561,3.88834486809404e-05,1.01442783980907e-01,1.12607925658629e+03,sinkhorn_cellsim
9.998189e+01,38581,3.88801238062321e-05,1.01442784205996e-01,1.12607925689143e+03,sinkhorn_cellsim
1.000337e+02,38601,3.88768203662478e-05,1.01442784430428e-01,1.12607925719653e+03,sinkhorn_cellsim
1.000855e+02,38621,3.88735382312159e-05,1.01442784654198e-01,1.12607925750160e+03,sinkhorn_cellsim
1.001373e+02,38641,3.88702772637218e-05,1.01442784877307e-01,1.12607925780663e+03,sinkhorn_cellsim
1.001891e+02,38661,3.88674316890943e-05,1.01442785099747e-01,1.12607925811162e+03,sinkhorn_cellsim
1.002409e+02,38681,3.88653262417490e-05,1.01442785321522e-01,1.12607925841657e+03,sinkhorn_cellsim
1.002927e+02,38701,3.88637495839863e-05,1.01442785542628e-01,1.12607925872149e+03,sinkhorn_cellsim
1.003445e+02,38721,3.88621820908805e-05,1.01442785763059e-01,1.12607925902637e+03,sinkhorn_cellsim
1.003963e+02,38741,3.88606237198734e-05,1.01442785982816e-01,1.12607925933121e+03,sinkhorn_cellsim
1.004481e+02,38761,3.88590744332951e-05,1.01442786201897e-01,1.12607925963602e+03,sinkhorn_cellsim
1.004999e+02,38781,3.88575341909856e-05,1.01442786420298e-01,1.12607925994079e+03,sinkhorn_cellsim
1.005517e+02,38801,3.88560029473303e-05,1.01442786638019e-01,1.12607926024553e+03,sinkhorn_cellsim
1.006035e+02,38821,3.88544806685669e-05,1.01442786855059e-01,1.12607926055024e+03,sinkhorn_cellsim
1.006553e+02,38841,3.88529915153670e-05,1.01442787071412e-01,1.12607926085491e+03,sinkhorn_cellsim
1.007071e+02,38861,3.88516703825244e-05,1.01442787287081e-01,1.12607926115955e+03,sinkhorn_cellsim
1.007589e+02,38881,3.88506325598616e-05,1.01442787502063e-01,1.12607926146415e+03,sinkhorn_cellsim
1.008107e+02,38901,3.88506325610034e-05,1.01442787716357e-01,1.12607926176872e+03,sinkhorn_cellsim
1.008625e+02,38921,3.88506325600777e-05,1.01442787929959e-01,1.12607926207326e+03,sinkhorn_cellsim
1.009144e+02,38941,3.88506325569972e-05,1.01442788142870e-01,1.12607926237777e+03,sinkhorn_cellsim
1.009662e+02,38961,3.88506325545999e-05,1.01442788355086e-01,1.12607926268225e+03,sinkhorn_cellsim
1.010180e+02,38981,3.88506325597171e-05,1.01442788566613e-01,1.12607926298669e+03,sinkhorn_cellsim
1.010698e+02,39001,3.88506325594506e-05,1.01442788777440e-01,1.12607926329111e+03,sinkhorn_cellsim
1.011216e+02,39021,3.88506325589363e-05,1.01442788987572e-01,1.12607926359549e+03,sinkhorn_cellsim
1.011734e+02,39041,3.88506325581713e-05,1.01442789197007e-01,1.12607926389984e+03,sinkhorn_cellsim
1.012252e+02,39061,3.88506325567964e-05,1.01442789405743e-01,1.12607926420417e+03,sinkhorn_cellsim
1.012770e+02,39081,3.88506325592801e-05,1.01442789613780e-01,1.12607926450846e+03,sinkhorn_cellsim
1.013288e+02,39101,3.88506325578265e-05,1.01442789821116e-01,1.12607926481273e+03,sinkhorn_cellsim
1.013806e+02,39121,3.88506325564117e-05,1.01442790027752e-01,1.12607926511697e+03,sinkhorn_cellsim
1.014324e+02,39141,3.88506325558556e-05,1.01442790233685e-01,1.12607926542118e+03,sinkhorn_cellsim
1.014842e+02,39161,3.88506325522611e-05,1.01442790438916e-01,1.12607926572536e+03,sinkhorn_cellsim
1.015360e+02,39181,3.88506325528309e-05,1.01442790643444e-01,1.12607926602951e+03,sinkhorn_cellsim
1.015878e+02,39201,3.88506325510559e-05,1.01442790847268e-01,1.12607926633363e+03,sinkhorn_cellsim
1.016396e+02,39221,3.88506325506387e-05,1.01442791050388e-01,1.12607926663773e+03,sinkhorn_cellsim
1.016914e+02,39241,3.88506325548674e-05,1.01442791252805e-01,1.12607926694181e+03,sinkhorn_cellsim
1.017432e+02,39261,3.88506325529424e-05,1.01442791454515e-01,1.12607926724585e+03,sinkhorn_cellsim
1.017950e+02,39281,3.88506325500152e-05,1.01442791655520e-01,1.12607926754987e+03,sinkhorn_cellsim
1.018468e+02,39301,3.88506325521726e-05,1.01442791855820e-01,1.12607926785386e+03,sinkhorn_cellsim
1.018986e+02,39321,3.88506325544142e-05,1.01442792055413e-01,1.12607926815783e+03,sinkhorn_cellsim
1.019504e+02,39341,3.88506325509124e-05,1.01442792254299e-01,1.12607926846178e+03,sinkhorn_cellsim
1.020022e+02,39361,3.88506325488113e-05,1.01442792452479e-01,1.12607926876569e+03,sinkhorn_cellsim
1.020540e+02,39381,3.88506325471637e-05,1.01442792649954e-01,1.12607926906959e+03,sinkhorn_cellsim
1.021058e+02,39401,3.88506325477354e-05,1.01442792846722e-01,1.12607926937346e+03,sinkhorn_cellsim
1.021577e+02,39421,3.88506325474677e-05,1.01442793042783e-01,1.12607926967730e+03,sinkhorn_cellsim
1.022095e+02,39441,3.88506325487364e-05,1.01442793238138e-01,1.12607926998112e+03,sinkhorn_cellsim
1.022613e+02,39461,3.88506325480999e-05,1.01442793432786e-01,1.12607927028492e+03,sinkhorn_cellsim
1.023131e+02,39481,3.88506325486690e-05,1.01442793626729e-01,1.12607927058870e+03,sinkhorn_cellsim
1.023649e+02,39501,3.88506325498743e-05,1.01442793819965e-01,1.12607927089245e+03,sinkhorn_cellsim
1.024167e+02,39521,3.88506325478179e-05,1.01442794012495e-01,1.12607927119618e+03,sinkhorn_cellsim
1.024685e+02,39541,3.88506325450575e-05,1.01442794204319e-01,1.12607927149988e+03,sinkhorn_cellsim
1.025203e+02,39561,3.88506325449533e-05,1.01442794395438e-01,1.12607927180357e+03,sinkhorn_cellsim
1.025721e+02,39581,3.88506325456730e-05,1.01442794585850e-01,1.12607927210723e+03,sinkhorn_cellsim
1.026239e+02,39601,3.88506325443397e-05,1.01442794775559e-01,1.12607927241087e+03,sinkhorn_cellsim
1.026757e+02,39621,3.88506325454245e-05,1.01442794964564e-01,1.12607927271449e+03,sinkhorn_cellsim
1.027275e+02,39641,3.88506325446450e-05,1.01442795152864e-01,1.12607927301809e+03,sinkhorn_cellsim
1.027793e+02,39661,3.88506325445354e-05,1.01442795340461e-01,1.12607927332167e+03,sinkhorn_cellsim
1.028311e+02,39681,3.88506325469396e-05,1.01442795527355e-01,1.12607927362522e+03,sinkhorn_cellsim
1.028829e+02,39701,3.88506325439840e-05,1.01442795713546e-01,1.12607927392876e+03,sinkhorn_cellsim
1.029347e+02,39721,3.88506325434912e-05,1.01442795899036e-01,1.12607927423228e+03,sinkhorn_cellsim
1.029865e+02,39741,3.88506325420285e-05,1.01442796083824e-01,1.12607927453577e+03,sinkhorn_cellsim
1.030383e+02,39761,3.88506325438935e-05,1.01442796267911e-01,1.12607927483925e+03,sinkhorn_cellsim
1.030902e+02,39781,3.88506325388643e-05,1.01442796451298e-01,1.12607927514271e+03,sinkhorn_cellsim
1.031420e+02,39801,3.88506325420663e-05,1.01442796633987e-01,1.12607927544614e+03,sinkhorn_cellsim
1.031938e+02,39821,3.88506325404843e-05,1.01442796815977e-01,1.12607927574956e+03,sinkhorn_cellsim
1.032456e+02,39841,3.88506325467671e-05,1.01442796997270e-01,1.12607927605296e+03,sinkhorn_cellsim
1.032974e+02,39861,3.88506325392433e-05,1.01442797177863e-01,1.12607927635634e+03,sinkhorn_cellsim
1.033492e+02,39881,3.88506325409715e-05,1.01442797357763e-01,1.12607927665970e+03,sinkhorn_cellsim
1.034010e+02,39901,3.88506325382829e-05,1.01442797536965e-01,1.12607927696305e+03,sinkhorn_cellsim
1.034528e+02,39921,3.88506325435205e-05,1.01442797715475e-01,1.12607927726637e+03,sinkhorn_cellsim
1.035046e+02,39941,3.88506325365650e-05,1.01442797893289e-01,1.12607927756968e+03,sinkhorn_cellsim
1.035564e+02,39961,3.88506325362373e-05,1.01442798070412e-01,1.12607927787297e+03,sinkhorn_cellsim
1.036082e+02,39981,3.88506325412582e-05,1.01442798246844e-01,1.12607927817625e+03,sinkhorn_cellsim
1.036600e+02,40001,3.88506325413195e-05,1.01442798422585e-01,1.12607927847950e+03,sinkhorn_cellsim
1.037118e+02,40021,3.88506325409734e-05,1.01442798597636e-01,1.12607927878274e+03,sinkhorn_cellsim
1.037636e+02,40041,3.88506325391417e-05,1.01442798771998e-01,1.12607927908597e+03,sinkhorn_cellsim
1.038154e+02,40061,3.88506325432268e-05,1.01442798945673e-01,1.12607927938917e+03,sinkhorn_cellsim
1.038673e+02,40081,3.88506325404481e-05,1.01442799118661e-01,1.12607927969236e+03,sinkhorn_cellsim
1.039191e+02,40101,3.88506325436761e-05,1.01442799290964e-01,1.12607927999553e+03,sinkhorn_cellsim
1.039709e+02,40121,3.88506325390476e-05,1.01442799462582e-01,1.12607928029869e+03,sinkhorn_cellsim
1.040227e+02,40141,3.88506325408686e-05,1.01442799633518e-01,1.12607928060183e+03,sinkhorn_cellsim
1.040745e+02,40161,3.88506325384955e-05,1.01442799803771e-01,1.12607928090496e+03,sinkhorn_cellsim
1.041263e+02,40181,3.88506325394859e-05,1.01442799973345e-01,1.12607928120807e+03,sinkhorn_cellsim
1.041781e+02,40201,3.88506325390787e-05,1.01442800142238e-01,1.12607928151116e+03,sinkhorn_cellsim
1.042299e+02,40221,3.88506325390753e-05,1.01442800310453e-01,1.12607928181424e+03,sinkhorn_cellsim
1.042817e+02,40241,3.88506325381138e-05,1.01442800477992e-01,1.12607928211731e+03,sinkhorn_cellsim
1.043335e+02,40261,3.88506325387436e-05,1.01442800644855e-01,1.12607928242036e+03,sinkhorn_cellsim
1.043853e+02,40281,3.88506325399978e-05,1.01442800811043e-01,1.12607928272339e+03,sinkhorn_cellsim
1.044371e+02,40301,3.88506325356198e-05,1.01442800976557e-01,1.12607928302641e+03,sinkhorn_cellsim
1.044889e+02,40321,3.88506325383733e-05,1.01442801141401e-01,1.12607928332942e+03,sinkhorn_cellsim
1.045407e+02,40341,3.88506325352754e-05,1.01442801305574e-01,1.12607928363241e+03,sinkhorn_cellsim
1.045925e+02,40361,3.88506325390426e-05,1.01442801469079e-01,1.12607928393539e+03,sinkhorn_cellsim
1.046444e+02,40381,3.88506325343855e-05,1.01442801631915e-01,1.12607928423835e+03,sinkhorn_cellsim
1.046962e+02,40401,3.88506325392608e-05,1.01442801794086e-01,1.12607928454130e+03,sinkhorn_cellsim
1.047480e+02,40421,3.88506325344152e-05,1.01442801955590e-01,1.12607928484424e+03,sinkhorn_cellsim
1.047998e+02,40441,3.88506325343676e-05,1.01442802116433e-01,1.12607928514716e+03,sinkhorn_cellsim
1.048516e+02,40461,3.88506325361852e-05,1.01442802276613e-01,1.12607928545007e+03,sinkhorn_cellsim
1.049034e+02,40481,3.88506325340861e-05,1.01442802436133e-01,1.12607928575297e+03,sinkhorn_cellsim
1.049552e+02,40501,3.88506325363356e-05,1.01442802594995e-01,1.12607928605586e+03,sinkhorn_cellsim
1.050070e+02,40521,3.88506325351034e-05,1.01442802753197e-01,1.12607928635873e+03,sinkhorn_cellsim
1.050588e+02,40541,3.88506325350952e-05,1.01442802910745e-01,1.12607928666159e+03,sinkhorn_cellsim
1.051106e+02,40561,3.88506325349680e-05,1.01442803067638e-01,1.12607928696443e+03,sinkhorn_cellsim
1.051624e+02,40581,3.88506325367979e-05,1.01442803223880e-01,1.12607928726727e+03,sinkhorn_cellsim
1.052142e+02,40601,3.88506325367626e-05,1.01442803379470e-01,1.12607928757009e+03,sinkhorn_cellsim
1.052660e+02,40621,3.88506325348894e-05,1.01442803534408e-01,1.12607928787290e+03,sinkhorn_cellsim
1.053178e+02,40641,3.88506325337188e-05,1.01442803688700e-01,1.12607928817570e+03,sinkhorn_cellsim
1.053696e+02,40661,3.88506325352777e-05,1.01442803842345e-01,1.12607928847848e+03,sinkhorn_cellsim
1.054214e+02,40681,3.88506325359516e-05,1.01442803995345e-01,1.12607928878126e+03,sinkhorn_cellsim
1.054733e+02,40701,3.88506325325058e-05,1.01442804147701e-01,1.12607928908402e+03,sinkhorn_cellsim
1.055251e+02,40721,3.88506325336898e-05,1.01442804299417e-01,1.12607928938677e+03,sinkhorn_cellsim
1.055769e+02,40741,3.88506325341867e-05,1.01442804450492e-01,1.12607928968951e+03,sinkhorn_cellsim
1.056287e+02,40761,3.88506325335080e-05,1.01442804600928e-01,1.12607928999224e+03,sinkhorn_cellsim
1.056805e+02,40781,3.88506325292606e-05,1.01442804750728e-01,1.12607929029496e+03,sinkhorn_cellsim
1.057323e+02,40801,3.88506325359385e-05,1.01442804899893e-01,1.12607929059767e+03,sinkhorn_cellsim
1.057841e+02,40821,3.88506325318438e-05,1.01442805048425e-01,1.12607929090036e+03,sinkhorn_cellsim
1.058359e+02,40841,3.88506325297144e-05,1.01442805196324e-01,1.12607929120305e+03,sinkhorn_cellsim
1.058877e+02,40861,3.88506325315406e-05,1.01442805343594e-01,1.12607929150572e+03,sinkhorn_cellsim
1.059395e+02,40881,3.88506325331602e-05,1.01442805490236e-01,1.12607929180839e+03,sinkhorn_cellsim
1.059913e+02,40901,3.88506325332068e-05,1.01442805636252e-01,1.12607929211104e+03,sinkhorn_cellsim
1.060431e+02,40921,3.88506325318952e-05,1.01442805781643e-01,1.12607929241368e+03,sinkhorn_cellsim
1.060950e+02,40941,3.88506325304176e-05,1.01442805926409e-01,1.12607929271632e+03,sinkhorn_cellsim
1.061468e+02,40961,3.88506325347977e-05,1.01442806070557e-01,1.12607929301894e+03,sinkhorn_cellsim
1.061986e+02,40981,3.88506325294874e-05,1.01442806214082e-01,1.12607929332156e+03,sinkhorn_cellsim
1.062504e+02,41001,3.88506325350864e-05,1.01442806356992e-01,1.12607929362416e+03,sinkhorn_cellsim
1.063022e+02,41021,3.88506325303595e-05,1.01442806499284e-01,1.12607929392676e+03,sinkhorn_cellsim
1.063540e+02,41041,3.88506325273666e-05,1.01442806640963e-01,1.12607929422934e+03,sinkhorn_cellsim
1.064058e+02,41061,3.88506325319629e-05,1.01442806782030e-01,1.12607929453192e+03,sinkhorn_cellsim
1.064576e+02,41081,3.88506325294210e-05,1.01442806922484e-01,1.12607929483448e+03,sinkhorn_cellsim
1.065094e+02,41101,3.88506325312454e-05,1.01442807062331e-01,1.12607929513704e+03,sinkhorn_cellsim
1.065612e+02,41121,3.88506325339500e-05,1.01442807201572e-01,1.12607929543959e+03,sinkhorn_cellsim
1.066130e+02,41141,3.88506325273075e-05,1.01442807340205e-01,1.12607929574213e+03,sinkhorn_cellsim
1.066648e+02,41161,3.88506325317258e-05,1.01442807478236e-01,1.12607929604466e+03,sinkhorn_cellsim
1.067166e+02,41181,3.88506325311123e-05,1.01442807615666e-01,1.12607929634718e+03,sinkhorn_cellsim
1.067685e+02,41201,3.88506325298590e-05,1.01442807752495e-01,1.12607929664969e+03,sinkhorn_cellsim
1.068203e+02,41221,3.88506325310506e-05,1.01442807888727e-01,1.12607929695220e+03,sinkhorn_cellsim
1.068721e+02,41241,3.88506325290950e-05,1.01442808024362e-01,1.12607929725469e+03,sinkhorn_cellsim
1.069239e+02,41261,3.88506325289471e-05,1.01442808159403e-01,1.12607929755718e+03,sinkhorn_cellsim
1.069757e+02,41281,3.88506325270515e-05,1.01442808293852e-01,1.12607929785966e+03,sinkhorn_cellsim
1.070275e+02,41301,3.88506325318632e-05,1.01442808427711e-01,1.12607929816213e+03,sinkhorn_cellsim
1.070793e+02,41321,3.88506325317618e-05,1.01442808560981e-01,1.12607929846459e+03,sinkhorn_cellsim
1.071311e+02,41341,3.88506325341015e-05,1.01442808693664e-01,1.12607929876705e+03,sinkhorn_cellsim
1.071829e+02,41361,3.88506325279216e-05,1.01442808825759e-01,1.12607929906949e+03,sinkhorn_cellsim
1.072348e+02,41381,3.88506325279126e-05,1.01442808957275e-01,1.12607929937193e+03,sinkhorn_cellsim
1.072866e+02,41401,3.88506325318095e-05,1.01442809088210e-01,1.12607929967436e+03,sinkhorn_cellsim
1.073384e+02,41421,3.88506325286468e-05,1.01442809218562e-01,1.12607929997679e+03,sinkhorn_cellsim
1.073902e+02,41441,3.88506325296888e-05,1.01442809348339e-01,1.12607930027920e+03,sinkhorn_cellsim
1.074420e+02,41461,3.88506325285173e-05,1.01442809477540e-01,1.12607930058161e+03,sinkhorn_cellsim
1.074938e+02,41481,3.88506325313002e-05,1.01442809606167e-01,1.12607930088401e+03,sinkhorn_cellsim
1.075456e+02,41501,3.88506325306972e-05,1.01442809734222e-01,1.12607930118640e+03,sinkhorn_cellsim
1.075974e+02,41521,3.88506325289739e-05,1.01442809861707e-01,1.12607930148879e+03,sinkhorn_cellsim
1.076492e+02,41541,3.88506325293409e-05,1.01442809988625e-01,1.12607930179117e+03,sinkhorn_cellsim
1.077010e+02,41561,3.88506325328015e-05,1.01442810114976e-01,1.12607930209354e+03,sinkhorn_cellsim
1.077528e+02,41581,3.88506325311598e-05,1.01442810240763e-01,1.12607930239590e+03,sinkhorn_cellsim
1.078046e+02,41601,3.88506325280612e-05,1.01442810365987e-01,1.12607930269826e+03,sinkhorn_cellsim
1.078564e+02,41621,3.88506325323553e-05,1.01442810490651e-01,1.12607930300061e+03,sinkhorn_cellsim
1.079083e+02,41641,3.88506325277078e-05,1.01442810614756e-01,1.12607930330296e+03,sinkhorn_cellsim
1.079601e+02,41661,3.88506325314146e-05,1.01442810738305e-01,1.12607930360529e+03,sinkhorn_cellsim
1.080119e+02,41681,3.88506325309771e-05,1.01442810861299e-01,1.12607930390762e+03,sinkhorn_cellsim
1.080637e+02,41701,3.88506325294827e-05,1.01442810983739e-01,1.12607930420995e+03,sinkhorn_cellsim
1.081155e+02,41721,3.88506325294203e-05,1.01442811105629e-01,1.12607930451226e+03,sinkhorn_cellsim
1.081673e+02,41741,3.88506325327099e-05,1.01442811226971e-01,1.12607930481458e+03,sinkhorn_cellsim
1.082191e+02,41761,3.88506325282935e-05,1.01442811347764e-01,1.12607930511688e+03,sinkhorn_cellsim
1.082709e+02,41781,3.88506325266517e-05,1.01442811468012e-01,1.12607930541918e+03,sinkhorn_cellsim
1.083227e+02,41801,3.88506325287729e-05,1.01442811587717e-01,1.12607930572147e+03,sinkhorn_cellsim
1.083745e+02,41821,3.88506325280009e-05,1.01442811706882e-01,1.12607930602376e+03,sinkhorn_cellsim
1.084263e+02,41841,3.88506325304122e-05,1.01442811825506e-01,1.12607930632604e+03,sinkhorn_cellsim
1.084781e+02,41861,3.88506325277715e-05,1.01442811943592e-01,1.12607930662831e+03,sinkhorn_cellsim
1.085300e+02,41881,3.88506325277511e-05,1.01442812061144e-01,1.12607930693058e+03,sinkhorn_cellsim
1.085818e+02,41901,3.88506325245860e-05,1.01442812178160e-01,1.12607930723284e+03,sinkhorn_cellsim
1.086336e+02,41921,3.88506325289808e-05,1.01442812294646e-01,1.12607930753509e+03,sinkhorn_cellsim
1.086854e+02,41941,3.88506325271328e-05,1.01442812410600e-01,1.12607930783735e+03,sinkhorn_cellsim
1.087372e+02,41961,3.88506325292782e-05,1.01442812526028e-01,1.12607930813959e+03,sinkhorn_cellsim
1.087890e+02,41981,3.88506325298819e-05,1.01442812640929e-01,1.12607930844183e+03,sinkhorn_cellsim
1.088408e+02,42001,3.88506325259058e-05,1.01442812755307e-01,1.12607930874406e+03,sinkhorn_cellsim
1.088926e+02,42021,3.88506325252193e-05,1.01442812869161e-01,1.12607930904629e+03,sinkhorn_cellsim
1.089444e+02,42041,3.88506325262871e-05,1.01442812982495e-01,1.12607930934851e+03,sinkhorn_cellsim
1.089962e+02,42061,3.88506325278243e-05,1.01442813095311e-01,1.12607930965073e+03,sinkhorn_cellsim
1.090480e+02,42081,3.88506325285540e-05,1.01442813207611e-01,1.12607930995294e+03,sinkhorn_cellsim
1.090998e+02,42101,3.88506325239525e-05,1.01442813319394e-01,1.12607931025515e+03,sinkhorn_cellsim
1.091516e+02,42121,3.88506325303824e-05,1.01442813430667e-01,1.12607931055735e+03,sinkhorn_cellsim
1.092034e+02,42141,3.88506325270528e-05,1.01442813541427e-01,1.12607931085954e+03,sinkhorn_cellsim
1.092552e+02,42161,3.88506325265151e-05,1.01442813651678e-01,1.12607931116174e+03,sinkhorn_cellsim
1.093071e+02,42181,3.88506325239152e-05,1.01442813761422e-01,1.12607931146392e+03,sinkhorn_cellsim
1.093589e+02,42201,3.88506325274378e-05,1.01442813870663e-01,1.12607931176610e+03,sinkhorn_cellsim
1.094107e+02,42221,3.88506325289492e-05,1.01442813979399e-01,1.12607931206828e+03,sinkhorn_cellsim
1.094625e+02,42241,3.88506325310522e-05,1.01442814087634e-01,1.12607931237045e+03,sinkhorn_cellsim
1.095143e+02,42261,3.88506325263143e-05,1.01442814195369e-01,1.12607931267262e+03,sinkhorn_cellsim
1.095661e+02,42281,3.88506325295375e-05,1.01442814302607e-01,1.12607931297478e+03,sinkhorn_cellsim
1.096179e+02,42301,3.88506325257410e-05,1.01442814409348e-01,1.12607931327693e+03,sinkhorn_cellsim
1.096697e+02,42321,3.88506325273023e-05,1.01442814515596e-01,1.12607931357909e+03,sinkhorn_cellsim
1.097215e+02,42341,3.88506325278967e-05,1.01442814621352e-01,1.12607931388123e+03,sinkhorn_cellsim
1.097733e+02,42361,3.88506325282543e-05,1.01442814726618e-01,1.12607931418338e+03,sinkhorn_cellsim
1.098251e+02,42381,3.88506325298835e-05,1.01442814831397e-01,1.12607931448552e+03,sinkhorn_cellsim
1.098769e+02,42401,3.88506325279461e-05,1.01442814935688e-01,1.12607931478765e+03,sinkhorn_cellsim
1.099287e+02,42421,3.88506325279760e-05,1.01442815039495e-01,1.12607931508978e+03,sinkhorn_cellsim
1.099805e+02,42441,3.88506325276075e-05,1.01442815142819e-01,1.12607931539190e+03,sinkhorn_cellsim
1.100323e+02,42461,3.88506325239229e-05,1.01442815245662e-01,1.12607931569403e+03,sinkhorn_cellsim
1.100842e+02,42481,3.88506325299626e-05,1.01442815348028e-01,1.12607931599614e+03,sinkhorn_cellsim
1.101449e+02,42501,3.88506325289552e-05,1.01442815449916e-01,1.12607931629825e+03,sinkhorn_cellsim
1.101967e+02,42521,3.88506325297466e-05,1.01442815551329e-01,1.12607931660036e+03,sinkhorn_cellsim
1.102485e+02,42541,3.88506325301281e-05,1.01442815652269e-01,1.12607931690247e+03,sinkhorn_cellsim
1.103003e+02,42561,3.88506325220917e-05,1.01442815752735e-01,1.12607931720457e+03,sinkhorn_cellsim
1.103521e+02,42581,3.88506325238250e-05,1.01442815852735e-01,1.12607931750666e+03,sinkhorn_cellsim
1.104039e+02,42601,3.88506325241648e-05,1.01442815952265e-01,1.12607931780875e+03,sinkhorn_cellsim
1.104557e+02,42621,3.88506325266071e-05,1.01442816051332e-01,1.12607931811084e+03,sinkhorn_cellsim
1.105075e+02,42641,3.88506325253108e-05,1.01442816149932e-01,1.12607931841293e+03,sinkhorn_cellsim
1.105593e+02,42661,3.88506325287492e-05,1.01442816248072e-01,1.12607931871501e+03,sinkhorn_cellsim
1.106111e+02,42681,3.88506325283715e-05,1.01442816345750e-01,1.12607931901708e+03,sinkhorn_cellsim
1.106629e+02,42701,3.88506325247175e-05,1.01442816442970e-01,1.12607931931916e+03,sinkhorn_cellsim
1.107147e+02,42721,3.88506325276907e-05,1.01442816539735e-01,1.12607931962122e+03,sinkhorn_cellsim
1.107665e+02,42741,3.88506325340580e-05,1.01442816636045e-01,1.12607931992329e+03,sinkhorn_cellsim
1.108183e+02,42761,3.88506325288036e-05,1.01442816731899e-01,1.12607932022535e+03,sinkhorn_cellsim
1.108701e+02,42781,3.88506325253292e-05,1.01442816827303e-01,1.12607932052741e+03,sinkhorn_cellsim
1.109219e+02,42801,3.88506325270337e-05,1.01442816922260e-01,1.12607932082946e+03,sinkhorn_cellsim
1.109737e+02,42821,3.88506325247423e-05,1.01442817016766e-01,1.12607932113151e+03,sinkhorn_cellsim
1.110255e+02,42841,3.88506325261846e-05,1.01442817110829e-01,1.12607932143356e+03,sinkhorn_cellsim
1.110773e+02,42861,3.88506325250752e-05,1.01442817204447e-01,1.12607932173561e+03,sinkhorn_cellsim
1.111291e+02,42881,3.88506325294357e-05,1.01442817297624e-01,1.12607932203765e+03,sinkhorn_cellsim
1.111809e+02,42901,3.88506325240672e-05,1.01442817390358e-01,1.12607932233968e+03,sinkhorn_cellsim
1.112327e+02,42921,3.88506325256818e-05,1.01442817482656e-01,1.12607932264172e+03,sinkhorn_cellsim
1.112845e+02,42941,3.88506325260361e-05,1.01442817574516e-01,1.12607932294375e+03,sinkhorn_cellsim
1.113363e+02,42961,3.88506325293124e-05,1.01442817665943e-01,1.12607932324577e+03,sinkhorn_cellsim
1.113881e+02,42981,3.88506325261191e-05,1.01442817756934e-01,1.12607932354780e+03,sinkhorn_cellsim
1.114399e+02,43001,3.88506325286081e-05,1.01442817847495e-01,1.12607932384982e+03,sinkhorn_cellsim
1.114917e+02,43021,3.88506325273741e-05,1.01442817937627e-01,1.12607932415184e+03,sinkhorn_cellsim
1.115436e+02,43041,3.88506325254558e-05,1.01442818027330e-01,1.12607932445385e+03,sinkhorn_cellsim
1.115954e+02,43061,3.88506325267685e-05,1.01442818116608e-01,1.12607932475586e+03,sinkhorn_cellsim
1.116472e+02,43081,3.88506325279149e-05,1.01442818205461e-01,1.12607932505787e+03,sinkhorn_cellsim
1.116990e+02,43101,3.88506325253594e-05,1.01442818293891e-01,1.12607932535987e+03,sinkhorn_cellsim
1.117508e+02,43121,3.88506325253943e-05,1.01442818381901e-01,1.12607932566188e+03,sinkhorn_cellsim
1.118026e+02,43141,3.88506325271369e-05,1.01442818469493e-01,1.12607932596388e+03,sinkhorn_cellsim
1.118544e+02,43161,3.88506325267317e-05,1.01442818556666e-01,1.12607932626587e+03,sinkhorn_cellsim
1.119062e+02,43181,3.88506325230768e-05,1.01442818643424e-01,1.12607932656787e+03,sinkhorn_cellsim
1.119580e+02,43201,3.88506325285591e-05,1.01442818729769e-01,1.12607932686986e+03,sinkhorn_cellsim
1.120098e+02,43221,3.88506325262622e-05,1.01442818815701e-01,1.12607932717184e+03,sinkhorn_cellsim
1.120616e+02,43241,3.88506325246457e-05,1.01442818901223e-01,1.12607932747383e+03,sinkhorn_cellsim
1.121134e+02,43261,3.88506325266624e-05,1.01442818986336e-01,1.12607932777581e+03,sinkhorn_cellsim
1.121652e+02,43281,3.88506325266352e-05,1.01442819071043e-01,1.12607932807779e+03,sinkhorn_cellsim
1.122170e+02,43301,3.88506325248900e-05,1.01442819155344e-01,1.12607932837977e+03,sinkhorn_cellsim
1.122688e+02,43321,3.88506325289704e-05,1.01442819239243e-01,1.12607932868174e+03,sinkhorn_cellsim
1.123206e+02,43341,3.88506325244195e-05,1.01442819322738e-01,1.12607932898371e+03,sinkhorn_cellsim
1.123724e+02,43361,3.88506325248900e-05,1.01442819405834e-01,1.12607932928568e+03,sinkhorn_cellsim
1.124242e+02,43381,3.88506325308085e-05,1.01442819488533e-01,1.12607932958765e+03,sinkhorn_cellsim
1.124760e+02,43401,3.88506325254717e-05,1.01442819570833e-01,1.12607932988961e+03,sinkhorn_cellsim
1.125278e+02,43421,3.88506325279807e-05,1.01442819652739e-01,1.12607933019157e+03,sinkhorn_cellsim
1.125796e+02,43441,3.88506325282727e-05,1.01442819734253e-01,1.12607933049353e+03,sinkhorn_cellsim
1.126313e+02,43461,3.88506325249077e-05,1.01442819815373e-01,1.12607933079548e+03,sinkhorn_cellsim
1.126832e+02,43481,3.88506325251422e-05,1.01442819896104e-01,1.12607933109744e+03,sinkhorn_cellsim
1.127349e+02,43501,3.88506325254808e-05,1.01442819976448e-01,1.12607933139939e+03,sinkhorn_cellsim
1.127868e+02,43521,3.88506325255625e-05,1.01442820056404e-01,1.12607933170134e+03,sinkhorn_cellsim
1.128385e+02,43541,3.88506325260841e-05,1.01442820135976e-01,1.12607933200328e+03,sinkhorn_cellsim
1.128903e+02,43561,3.88506325308323e-05,1.01442820215165e-01,1.12607933230523e+03,sinkhorn_cellsim
1.129421e+02,43581,3.88506325282395e-05,1.01442820293971e-01,1.12607933260717e+03,sinkhorn_cellsim
1.129939e+02,43601,3.88506325260739e-05,1.01442820372397e-01,1.12607933290911e+03,sinkhorn_cellsim
1.130457e+02,43621,3.88506325266258e-05,1.01442820450446e-01,1.12607933321104e+03,sinkhorn_cellsim
1.130975e+02,43641,3.88506325267093e-05,1.01442820528118e-01,1.12607933351298e+03,sinkhorn_cellsim
1.131493e+02,43661,3.88506325239414e-05,1.01442820605414e-01,1.12607933381491e+03,sinkhorn_cellsim
1.132011e+02,43681,3.88506325280247e-05,1.01442820682339e-01,1.12607933411684e+03,sinkhorn_cellsim
1.132529e+02,43701,3.88506325270090e-05,1.01442820758889e-01,1.12607933441877e+03,sinkhorn_cellsim
1.133047e+02,43721,3.88506325284113e-05,1.01442820835071e-01,1.12607933472069e+03,sinkhorn_cellsim
1.133565e+02,43741,3.88506325285085e-05,1.01442820910884e-01,1.12607933502262e+03,sinkhorn_cellsim
1.134083e+02,43761,3.88506325257616e-05,1.01442820986329e-01,1.12607933532454e+03,sinkhorn_cellsim
1.134601e+02,43781,3.88506325243576e-05,1.01442821061409e-01,1.12607933562646e+03,sinkhorn_cellsim
1.135119e+02,43801,3.88506325246660e-05,1.01442821136125e-01,1.12607933592838e+03,sinkhorn_cellsim
1.135637e+02,43821,3.88506325317832e-05,1.01442821210481e-01,1.12607933623029e+03,sinkhorn_cellsim
1.136155e+02,43841,3.88506325267924e-05,1.01442821284474e-01,1.12607933653220e+03,sinkhorn_cellsim
1.136673e+02,43861,3.88506325256659e-05,1.01442821358108e-01,1.12607933683412e+03,sinkhorn_cellsim
1.137192e+02,43881,3.88506325288905e-05,1.01442821431386e-01,1.12607933713603e+03,sinkhorn_cellsim
1.137710e+02,43901,3.88506325273253e-05,1.01442821504307e-01,1.12607933743793e+03,sinkhorn_cellsim
1.138228e+02,43921,3.88506325276771e-05,1.01442821576875e-01,1.12607933773984e+03,sinkhorn_cellsim
1.138746e+02,43941,3.88506325203735e-05,1.01442821649088e-01,1.12607933804174e+03,sinkhorn_cellsim
1.139264e+02,43961,3.88506325281335e-05,1.01442821720953e-01,1.12607933834364e+03,sinkhorn_cellsim
1.139782e+02,43981,3.88506325264516e-05,1.01442821792466e-01,1.12607933864554e+03,sinkhorn_cellsim
1.140300e+02,44001,3.88506325261722e-05,1.01442821863631e-01,1.12607933894744e+03,sinkhorn_cellsim
1.140818e+02,44021,3.88506325265663e-05,1.01442821934450e-01,1.12607933924934e+03,sinkhorn_cellsim
1.141336e+02,44041,3.88506325251302e-05,1.01442822004925e-01,1.12607933955123e+03,sinkhorn_cellsim
1.141854e+02,44061,3.88506325280647e-05,1.01442822075056e-01,1.12607933985312e+03,sinkhorn_cellsim
1.142372e+02,44081,3.88506325235638e-05,1.01442822144844e-01,1.12607934015501e+03,sinkhorn_cellsim
1.142890e+02,44101,3.88506325285022e-05,1.01442822214293e-01,1.12607934045690e+03,sinkhorn_cellsim
1.143408e+02,44121,3.88506325302795e-05,1.01442822283403e-01,1.12607934075879e+03,sinkhorn_cellsim
1.143926e+02,44141,3.88506325273780e-05,1.01442822352174e-01,1.12607934106068e+03,sinkhorn_cellsim
1.144444e+02,44161,3.88506325281121e-05,1.01442822420610e-01,1.12607934136256e+03,sinkhorn_cellsim
1.144962e+02,44181,3.88506325243434e-05,1.01442822488712e-01,1.12607934166444e+03,sinkhorn_cellsim
1.145480e+02,44201,3.88506325197216e-05,1.01442822556479e-01,1.12607934196632e+03,sinkhorn_cellsim
1.145998e+02,44221,3.88506325227342e-05,1.01442822623918e-01,1.12607934226820e+03,sinkhorn_cellsim
1.146516e+02,44241,3.88506325297692e-05,1.01442822691027e-01,1.12607934257008e+03,sinkhorn_cellsim
1.147034e+02,44261,3.88506325278382e-05,1.01442822757806e-01,1.12607934287195e+03,sinkhorn_cellsim
1.147552e+02,44281,3.88506325259100e-05,1.01442822824257e-01,1.12607934317383e+03,sinkhorn_cellsim
1.148070e+02,44301,3.88506325270141e-05,1.01442822890385e-01,1.12607934347570e+03,sinkhorn_cellsim
1.148588e+02,44321,3.88506325261708e-05,1.01442822956187e-01,1.12607934377757e+03,sinkhorn_cellsim
1.149106e+02,44341,3.88506325293492e-05,1.01442823021669e-01,1.12607934407944e+03,sinkhorn_cellsim
1.149624e+02,44361,3.88506325276724e-05,1.01442823086828e-01,1.12607934438131e+03,sinkhorn_cellsim
1.150142e+02,44381,3.88506325243872e-05,1.01442823151667e-01,1.12607934468317e+03,sinkhorn_cellsim
1.150660e+02,44401,3.88506325210691e-05,1.01442823216187e-01,1.12607934498504e+03,sinkhorn_cellsim
1.151178e+02,44421,3.88506325250510e-05,1.01442823280393e-01,1.12607934528690e+03,sinkhorn_cellsim
1.151696e+02,44441,3.88506325236835e-05,1.01442823344283e-01,1.12607934558876e+03,sinkhorn_cellsim
1.152214e+02,44461,3.88506325253330e-05,1.01442823407858e-01,1.12607934589063e+03,sinkhorn_cellsim
1.152732e+02,44481,3.88506325273880e-05,1.01442823471122e-01,1.12607934619248e+03,sinkhorn_cellsim
1.153250e+02,44501,3.88506325196669e-05,1.01442823534072e-01,1.12607934649434e+03,sinkhorn_cellsim
1.153768e+02,44521,3.88506325260686e-05,1.01442823596717e-01,1.12607934679620e+03,sinkhorn_cellsim
1.154286e+02,44541,3.88506325249792e-05,1.01442823659051e-01,1.12607934709805e+03,sinkhorn_cellsim
1.154804e+02,44561,3.88506325282128e-05,1.01442823721078e-01,1.12607934739991e+03,sinkhorn_cellsim
1.155322e+02,44581,3.88506325302640e-05,1.01442823782802e-01,1.12607934770176e+03,sinkhorn_cellsim
1.155840e+02,44601,3.88506325268339e-05,1.01442823844218e-01,1.12607934800361e+03,sinkhorn_cellsim
1.156358e+02,44621,3.88506325259282e-05,1.01442823905334e-01,1.12607934830546e+03,sinkhorn_cellsim
1.156876e+02,44641,3.88506325249464e-05,1.01442823966148e-01,1.12607934860731e+03,sinkhorn_cellsim
1.157394e+02,44661,3.88506325264546e-05,1.01442824026663e-01,1.12607934890915e+03,sinkhorn_cellsim
1.157912e+02,44681,3.88506325231835e-05,1.01442824086878e-01,1.12607934921100e+03,sinkhorn_cellsim
1.158430e+02,44701,3.88506325240774e-05,1.01442824146798e-01,1.12607934951284e+03,sinkhorn_cellsim
1.158948e+02,44721,3.88506325276072e-05,1.01442824206421e-01,1.12607934981469e+03,sinkhorn_cellsim
1.159466e+02,44741,3.88506325253014e-05,1.01442824265750e-01,1.12607935011653e+03,sinkhorn_cellsim
1.159984e+02,44761,3.88506325303298e-05,1.01442824324786e-01,1.12607935041837e+03,sinkhorn_cellsim
1.160503e+02,44781,3.88506325238278e-05,1.01442824383529e-01,1.12607935072021e+03,sinkhorn_cellsim
1.161021e+02,44801,3.88506325252880e-05,1.01442824441984e-01,1.12607935102205e+03,sinkhorn_cellsim
1.161538e+02,44821,3.88506325215615e-05,1.01442824500147e-01,1.12607935132388e+03,sinkhorn_cellsim
1.162056e+02,44841,3.88506325279317e-05,1.01442824558026e-01,1.12607935162572e+03,sinkhorn_cellsim
1.162574e+02,44861,3.88506325273934e-05,1.01442824615616e-01,1.12607935192755e+03,sinkhorn_cellsim
1.163092e+02,44881,3.88506325251755e-05,1.01442824672921e-01,1.12607935222939e+03,sinkhorn_cellsim
1.163610e+02,44901,3.88506325325882e-05,1.01442824729944e-01,1.12607935253122e+03,sinkhorn_cellsim
1.164129e+02,44921,3.88506325272447e-05,1.01442824786684e-01,1.12607935283305e+03,sinkhorn_cellsim
1.164647e+02,44941,3.88506325269558e-05,1.01442824843142e-01,1.12607935313488e+03,sinkhorn_cellsim
1.165165e+02,44961,3.88506325253272e-05,1.01442824899321e-01,1.12607935343671e+03,sinkhorn_cellsim
1.165683e+02,44981,3.88506325264335e-05,1.01442824955221e-01,1.12607935373854e+03,sinkhorn_cellsim
1.166201e+02,45001,3.88506325245288e-05,1.01442825010844e-01,1.12607935404037e+03,sinkhorn_cellsim
1.166719e+02,45021,3.88506325237227e-05,1.01442825066192e-01,1.12607935434219e+03,sinkhorn_cellsim
1.167237e+02,45041,3.88506325229854e-05,1.01442825121265e-01,1.12607935464402e+03,sinkhorn_cellsim
1.167755e+02,45061,3.88506325268534e-05,1.01442825176064e-01,1.12607935494584e+03,sinkhorn_cellsim
1.168273e+02,45081,3.88506325311541e-05,1.01442825230592e-01,1.12607935524766e+03,sinkhorn_cellsim
1.168791e+02,45101,3.88506325250998e-05,1.01442825284848e-01,1.12607935554948e+03,sinkhorn_cellsim
1.169309e+02,45121,3.88506325283867e-05,1.01442825338836e-01,1.12607935585130e+03,sinkhorn_cellsim
1.169827e+02,45141,3.88506325231459e-05,1.01442825392554e-01,1.12607935615312e+03,sinkhorn_cellsim
1.170345e+02,45161,3.88506325236798e-05,1.01442825446006e-01,1.12607935645494e+03,sinkhorn_cellsim
1.170863e+02,45181,3.88506325246124e-05,1.01442825499192e-01,1.12607935675676e+03,sinkhorn_cellsim
1.171381e+02,45201,3.88506325266092e-05,1.01442825552114e-01,1.12607935705858e+03,sinkhorn_cellsim
1.171899e+02,45221,3.88506325220457e-05,1.01442825604772e-01,1.12607935736039e+03,sinkhorn_cellsim
1.172417e+02,45241,3.88506325271663e-05,1.01442825657169e-01,1.12607935766221e+03,sinkhorn_cellsim
1.172935e+02,45261,3.88506325265895e-05,1.01442825709304e-01,1.12607935796402e+03,sinkhorn_cellsim
1.173453e+02,45281,3.88506325234402e-05,1.01442825761179e-01,1.12607935826583e+03,sinkhorn_cellsim
1.173972e+02,45301,3.88506325233778e-05,1.01442825812797e-01,1.12607935856765e+03,sinkhorn_cellsim
1.174490e+02,45321,3.88506325270956e-05,1.01442825864157e-01,1.12607935886946e+03,sinkhorn_cellsim
1.175008e+02,45341,3.88506325238739e-05,1.01442825915262e-01,1.12607935917127e+03,sinkhorn_cellsim
1.175526e+02,45361,3.88506325293393e-05,1.01442825966112e-01,1.12607935947308e+03,sinkhorn_cellsim
1.176044e+02,45381,3.88506325238818e-05,1.01442826016708e-01,1.12607935977489e+03,sinkhorn_cellsim
1.176562e+02,45401,3.88506325267657e-05,1.01442826067052e-01,1.12607936007669e+03,sinkhorn_cellsim
1.177080e+02,45421,3.88506325288445e-05,1.01442826117145e-01,1.12607936037850e+03,sinkhorn_cellsim
1.177598e+02,45441,3.88506325247646e-05,1.01442826166987e-01,1.12607936068031e+03,sinkhorn_cellsim
1.178116e+02,45461,3.88506325242260e-05,1.01442826216580e-01,1.12607936098211e+03,sinkhorn_cellsim
1.178634e+02,45481,3.88506325249509e-05,1.01442826265927e-01,1.12607936128392e+03,sinkhorn_cellsim
1.179152e+02,45501,3.88506325259710e-05,1.01442826315027e-01,1.12607936158572e+03,sinkhorn_cellsim
1.179670e+02,45521,3.88506325259853e-05,1.01442826363881e-01,1.12607936188752e+03,sinkhorn_cellsim
1.180188e+02,45541,3.88506325278453e-05,1.01442826412493e-01,1.12607936218932e+03,sinkhorn_cellsim
1.180706e+02,45561,3.88506325264233e-05,1.01442826460859e-01,1.12607936249113e+03,sinkhorn_cellsim
1.181224e+02,45581,3.88506325280458e-05,1.01442826508986e-01,1.12607936279293e+03,sinkhorn_cellsim
1.181742e+02,45601,3.88506325254415e-05,1.01442826556870e-01,1.12607936309473e+03,sinkhorn_cellsim
1.182260e+02,45621,3.88506325287993e-05,1.01442826604516e-01,1.12607936339652e+03,sinkhorn_cellsim
1.182778e+02,45641,3.88506325256808e-05,1.01442826651923e-01,1.12607936369832e+03,sinkhorn_cellsim
1.183296e+02,45661,3.88506325237919e-05,1.01442826699092e-01,1.12607936400012e+03,sinkhorn_cellsim
1.183814e+02,45681,3.88506325267568e-05,1.01442826746026e-01,1.12607936430192e+03,sinkhorn_cellsim
1.184332e+02,45701,3.88506325263597e-05,1.01442826792725e-01,1.12607936460371e+03,sinkhorn_cellsim
1.184850e+02,45721,3.88506325257109e-05,1.01442826839189e-01,1.12607936490551e+03,sinkhorn_cellsim
1.185368e+02,45741,3.88506325285898e-05,1.01442826885422e-01,1.12607936520730e+03,sinkhorn_cellsim
1.185886e+02,45761,3.88506325261113e-05,1.01442826931423e-01,1.12607936550909e+03,sinkhorn_cellsim
1.186404e+02,45781,3.88506325292615e-05,1.01442826977193e-01,1.12607936581089e+03,sinkhorn_cellsim
1.186922e+02,45801,3.88506325250058e-05,1.01442827022733e-01,1.12607936611268e+03,sinkhorn_cellsim
1.187441e+02,45821,3.88506325258912e-05,1.01442827068045e-01,1.12607936641447e+03,sinkhorn_cellsim
1.187959e+02,45841,3.88506325249512e-05,1.01442827113129e-01,1.12607936671626e+03,sinkhorn_cellsim
1.188477e+02,45861,3.88506325219261e-05,1.01442827157987e-01,1.12607936701805e+03,sinkhorn_cellsim
1.188995e+02,45881,3.88506325248799e-05,1.01442827202622e-01,1.12607936731984e+03,sinkhorn_cellsim
1.189513e+02,45901,3.88506325266090e-05,1.01442827247032e-01,1.12607936762163e+03,sinkhorn_cellsim
1.190031e+02,45921,3.88506325284738e-05,1.01442827291218e-01,1.12607936792342e+03,sinkhorn_cellsim
1.190549e+02,45941,3.88506325292245e-05,1.01442827335183e-01,1.12607936822521e+03,sinkhorn_cellsim
1.191067e+02,45961,3.88506325284134e-05,1.01442827378927e-01,1.12607936852699e+03,sinkhorn_cellsim
1.191585e+02,45981,3.88506325292125e-05,1.01442827422451e-01,1.12607936882878e+03,sinkhorn_cellsim
1.192103e+02,46001,3.88506325259788e-05,1.01442827465756e-01,1.12607936913056e+03,sinkhorn_cellsim
1.192621e+02,46021,3.88506325279217e-05,1.01442827508845e-01,1.12607936943235e+03,sinkhorn_cellsim
1.193139e+02,46041,3.88506325247525e-05,1.01442827551715e-01,1.12607936973413e+03,sinkhorn_cellsim
1.193657e+02,46061,3.88506325277156e-05,1.01442827594371e-01,1.12607937003592e+03,sinkhorn_cellsim
1.194175e+02,46081,3.88506325277047e-05,1.01442827636813e-01,1.12607937033770e+03,sinkhorn_cellsim
1.194693e+02,46101,3.88506325237502e-05,1.01442827679039e-01,1.12607937063948e+03,sinkhorn_cellsim
1.195211e+02,46121,3.88506325258143e-05,1.01442827721055e-01,1.12607937094127e+03,sinkhorn_cellsim
1.195729e+02,46141,3.88506325261467e-05,1.01442827762859e-01,1.12607937124305e+03,sinkhorn_cellsim
1.196247e+02,46161,3.88506325269797e-05,1.01442827804452e-01,1.12607937154483e+03,sinkhorn_cellsim
1.196765e+02,46181,3.88506325281761e-05,1.01442827845837e-01,1.12607937184661e+03,sinkhorn_cellsim
1.197284e+02,46201,3.88506325306632e-05,1.01442827887012e-01,1.12607937214839e+03,sinkhorn_cellsim
1.197802e+02,46221,3.88506325256071e-05,1.01442827927979e-01,1.12607937245017e+03,sinkhorn_cellsim
1.198320e+02,46241,3.88506325249043e-05,1.01442827968742e-01,1.12607937275195e+03,sinkhorn_cellsim
1.198838e+02,46261,3.88506325223932e-05,1.01442828009297e-01,1.12607937305372e+03,sinkhorn_cellsim
1.199356e+02,46281,3.88506325278439e-05,1.01442828049651e-01,1.12607937335550e+03,sinkhorn_cellsim
1.199874e+02,46301,3.88506325237874e-05,1.01442828089798e-01,1.12607937365728e+03,sinkhorn_cellsim
1.200392e+02,46321,3.88506325250225e-05,1.01442828129744e-01,1.12607937395905e+03,sinkhorn_cellsim
1.200910e+02,46341,3.88506325266713e-05,1.01442828169489e-01,1.12607937426083e+03,sinkhorn_cellsim
1.201428e+02,46361,3.88506325249862e-05,1.01442828209032e-01,1.12607937456261e+03,sinkhorn_cellsim
1.201946e+02,46381,3.88506325239220e-05,1.01442828248378e-01,1.12607937486438e+03,sinkhorn_cellsim
1.202464e+02,46401,3.88506325270806e-05,1.01442828287524e-01,1.12607937516616e+03,sinkhorn_cellsim
1.202982e+02,46421,3.88506325288948e-05,1.01442828326473e-01,1.12607937546793e+03,sinkhorn_cellsim
1.203500e+02,46441,3.88506325231988e-05,1.01442828365225e-01,1.12607937576970e+03,sinkhorn_cellsim
1.204018e+02,46461,3.88506325287444e-05,1.01442828403782e-01,1.12607937607148e+03,sinkhorn_cellsim
1.204536e+02,46481,3.88506325241474e-05,1.01442828442142e-01,1.12607937637325e+03,sinkhorn_cellsim
1.205054e+02,46501,3.88506325263403e-05,1.01442828480310e-01,1.12607937667502e+03,sinkhorn_cellsim
1.205573e+02,46521,3.88506325257084e-05,1.01442828518285e-01,1.12607937697679e+03,sinkhorn_cellsim
1.206091e+02,46541,3.88506325227977e-05,1.01442828556068e-01,1.12607937727856e+03,sinkhorn_cellsim
1.206609e+02,46561,3.88506325288356e-05,1.01442828593661e-01,1.12607937758033e+03,sinkhorn_cellsim
1.207127e+02,46581,3.88506325264082e-05,1.01442828631063e-01,1.12607937788210e+03,sinkhorn_cellsim
1.207645e+02,46601,3.88506325251581e-05,1.01442828668275e-01,1.12607937818387e+03,sinkhorn_cellsim
1.208163e+02,46621,3.88506325316090e-05,1.01442828705301e-01,1.12607937848564e+03,sinkhorn_cellsim
1.208681e+02,46641,3.88506325199190e-05,1.01442828742137e-01,1.12607937878741e+03,sinkhorn_cellsim
1.209199e+02,46661,3.88506325261963e-05,1.01442828778789e-01,1.12607937908918e+03,sinkhorn_cellsim
1.209717e+02,46681,3.88506325248606e-05,1.01442828815254e-01,1.12607937939095e+03,sinkhorn_cellsim
1.210235e+02,46701,3.88506325263108e-05,1.01442828851536e-01,1.12607937969271e+03,sinkhorn_cellsim
1.210753e+02,46721,3.88506325247427e-05,1.01442828887634e-01,1.12607937999448e+03,sinkhorn_cellsim
1.211271e+02,46741,3.88506325241968e-05,1.01442828923548e-01,1.12607938029625e+03,sinkhorn_cellsim
1.211789e+02,46761,3.88506325253827e-05,1.01442828959281e-01,1.12607938059801e+03,sinkhorn_cellsim
1.212307e+02,46781,3.88506325237452e-05,1.01442828994833e-01,1.12607938089978e+03,sinkhorn_cellsim
1.212826e+02,46801,3.88506325269085e-05,1.01442829030206e-01,1.12607938120155e+03,sinkhorn_cellsim
1.213344e+02,46821,3.88506325264128e-05,1.01442829065399e-01,1.12607938150331e+03,sinkhorn_cellsim
1.213862e+02,46841,3.88506325270018e-05,1.01442829100413e-01,1.12607938180508e+03,sinkhorn_cellsim
1.214380e+02,46861,3.88506325262303e-05,1.01442829135250e-01,1.12607938210684e+03,sinkhorn_cellsim
1.214898e+02,46881,3.88506325262401e-05,1.01442829169911e-01,1.12607938240860e+03,sinkhorn_cellsim
1.215416e+02,46901,3.88506325259382e-05,1.01442829204396e-01,1.12607938271037e+03,sinkhorn_cellsim
1.215934e+02,46921,3.88506325263949e-05,1.01442829238706e-01,1.12607938301213e+03,sinkhorn_cellsim
1.216452e+02,46941,3.88506325277928e-05,1.01442829272841e-01,1.12607938331389e+03,sinkhorn_cellsim
1.216970e+02,46961,3.88506325239276e-05,1.01442829306804e-01,1.12607938361566e+03,sinkhorn_cellsim
1.217488e+02,46981,3.88506325240022e-05,1.01442829340594e-01,1.12607938391742e+03,sinkhorn_cellsim
1.218006e+02,47001,3.88506325252660e-05,1.01442829374215e-01,1.12607938421918e+03,sinkhorn_cellsim
1.218524e+02,47021,3.88506325238776e-05,1.01442829407662e-01,1.12607938452094e+03,sinkhorn_cellsim
1.219042e+02,47041,3.88506325256929e-05,1.01442829440941e-01,1.12607938482270e+03,sinkhorn_cellsim
1.219560e+02,47061,3.88506325257366e-05,1.01442829474052e-01,1.12607938512446e+03,sinkhorn_cellsim
1.220079e+02,47081,3.88506325219821e-05,1.01442829506992e-01,1.12607938542622e+03,sinkhorn_cellsim
1.220597e+02,47101,3.88506325219075e-05,1.01442829539767e-01,1.12607938572798e+03,sinkhorn_cellsim
1.221115e+02,47121,3.88506325280032e-05,1.01442829572376e-01,1.12607938602974e+03,sinkhorn_cellsim
1.221633e+02,47141,3.88506325279019e-05,1.01442829604818e-01,1.12607938633150e+03,sinkhorn_cellsim
1.222151e+02,47161,3.88506325260532e-05,1.01442829637096e-01,1.12607938663326e+03,sinkhorn_cellsim
1.222669e+02,47181,3.88506325245525e-05,1.01442829669209e-01,1.12607938693502e+03,sinkhorn_cellsim
1.223187e+02,47201,3.88506325253764e-05,1.01442829701160e-01,1.12607938723678e+03,sinkhorn_cellsim
1.223705e+02,47221,3.88506325246031e-05,1.01442829732948e-01,1.12607938753853e+03,sinkhorn_cellsim
1.224223e+02,47241,3.88506325228465e-05,1.01442829764574e-01,1.12607938784029e+03,sinkhorn_cellsim
1.224741e+02,47261,3.88506325228651e-05,1.01442829796040e-01,1.12607938814205e+03,sinkhorn_cellsim
1.225259e+02,47281,3.88506325245735e-05,1.01442829827346e-01,1.12607938844381e+03,sinkhorn_cellsim
1.225777e+02,47301,3.88506325283986e-05,1.01442829858493e-01,1.12607938874556e+03,sinkhorn_cellsim
1.226295e+02,47321,3.88506325296244e-05,1.01442829889481e-01,1.12607938904732e+03,sinkhorn_cellsim
1.226813e+02,47341,3.88506325247913e-05,1.01442829920311e-01,1.12607938934907e+03,sinkhorn_cellsim
1.227332e+02,47361,3.88506325249431e-05,1.01442829950984e-01,1.12607938965083e+03,sinkhorn_cellsim
1.227850e+02,47381,3.88506325275348e-05,1.01442829981503e-01,1.12607938995258e+03,sinkhorn_cellsim
1.228368e+02,47401,3.88506325267634e-05,1.01442830011865e-01,1.12607939025434e+03,sinkhorn_cellsim
1.228886e+02,47421,3.88506325296700e-05,1.01442830042073e-01,1.12607939055609e+03,sinkhorn_cellsim
1.229404e+02,47441,3.88506325266713e-05,1.01442830072126e-01,1.12607939085785e+03,sinkhorn_cellsim
1.229922e+02,47461,3.88506325259600e-05,1.01442830102027e-01,1.12607939115960e+03,sinkhorn_cellsim
1.230440e+02,47481,3.88506325265596e-05,1.01442830131776e-01,1.12607939146136e+03,sinkhorn_cellsim
1.230958e+02,47501,3.88506325289613e-05,1.01442830161374e-01,1.12607939176311e+03,sinkhorn_cellsim
1.231476e+02,47521,3.88506325236990e-05,1.01442830190819e-01,1.12607939206486e+03,sinkhorn_cellsim
1.231994e+02,47541,3.88506325267537e-05,1.01442830220115e-01,1.12607939236662e+03,sinkhorn_cellsim
1.232512e+02,47561,3.88506325236649e-05,1.01442830249262e-01,1.12607939266837e+03,sinkhorn_cellsim
1.233030e+02,47581,3.88506325241096e-05,1.01442830278260e-01,1.12607939297012e+03,sinkhorn_cellsim
1.233549e+02,47601,3.88506325260506e-05,1.01442830307113e-01,1.12607939327188e+03,sinkhorn_cellsim
1.234067e+02,47621,3.88506325293615e-05,1.01442830335816e-01,1.12607939357363e+03,sinkhorn_cellsim
1.234585e+02,47641,3.88506325265954e-05,1.01442830364374e-01,1.12607939387538e+03,sinkhorn_cellsim
1.235103e+02,47661,3.88506325256779e-05,1.01442830392786e-01,1.12607939417713e+03,sinkhorn_cellsim
1.235621e+02,47681,3.88506325276312e-05,1.01442830421053e-01,1.12607939447888e+03,sinkhorn_cellsim
1.236139e+02,47701,3.88506325253200e-05,1.01442830449175e-01,1.12607939478063e+03,sinkhorn_cellsim
1.236657e+02,47721,3.88506325268087e-05,1.01442830477155e-01,1.12607939508238e+03,sinkhorn_cellsim
1.237175e+02,47741,3.88506325260626e-05,1.01442830504991e-01,1.12607939538413e+03,sinkhorn_cellsim
1.237693e+02,47761,3.88506325295245e-05,1.01442830532687e-01,1.12607939568588e+03,sinkhorn_cellsim
1.238211e+02,47781,3.88506325251495e-05,1.01442830560239e-01,1.12607939598763e+03,sinkhorn_cellsim
1.238729e+02,47801,3.88506325225958e-05,1.01442830587652e-01,1.12607939628938e+03,sinkhorn_cellsim
1.239247e+02,47821,3.88506325266670e-05,1.01442830614925e-01,1.12607939659113e+03,sinkhorn_cellsim
1.239765e+02,47841,3.88506325249928e-05,1.01442830642059e-01,1.12607939689288e+03,sinkhorn_cellsim
1.240283e+02,47861,3.88506325243947e-05,1.01442830669054e-01,1.12607939719463e+03,sinkhorn_cellsim
1.240802e+02,47881,3.88506325257213e-05,1.01442830695910e-01,1.12607939749638e+03,sinkhorn_cellsim
1.241320e+02,47901,3.88506325289035e-05,1.01442830722632e-01,1.12607939779813e+03,sinkhorn_cellsim
1.241838e+02,47921,3.88506325236548e-05,1.01442830749215e-01,1.12607939809988e+03,sinkhorn_cellsim
1.242356e+02,47941,3.88506325283267e-05,1.01442830775663e-01,1.12607939840163e+03,sinkhorn_cellsim
1.242874e+02,47961,3.88506325253734e-05,1.01442830801976e-01,1.12607939870337e+03,sinkhorn_cellsim
1.243392e+02,47981,3.88506325221569e-05,1.01442830828153e-01,1.12607939900512e+03,sinkhorn_cellsim
1.243910e+02,48001,3.88506325259250e-05,1.01442830854199e-01,1.12607939930687e+03,sinkhorn_cellsim
1.244428e+02,48021,3.88506325215381e-05,1.01442830880109e-01,1.12607939960862e+03,sinkhorn_cellsim
1.244946e+02,48041,3.88506325225960e-05,1.01442830905889e-01,1.12607939991036e+03,sinkhorn_cellsim
1.245465e+02,48061,3.88506325311057e-05,1.01442830931538e-01,1.12607940021211e+03,sinkhorn_cellsim
1.245983e+02,48081,3.88506325231913e-05,1.01442830957053e-01,1.12607940051386e+03,sinkhorn_cellsim
1.246501e+02,48101,3.88506325278888e-05,1.01442830982440e-01,1.12607940081560e+03,sinkhorn_cellsim
1.247019e+02,48121,3.88506325238005e-05,1.01442831007695e-01,1.12607940111735e+03,sinkhorn_cellsim
1.247537e+02,48141,3.88506325260131e-05,1.01442831032823e-01,1.12607940141910e+03,sinkhorn_cellsim
1.248055e+02,48161,3.88506325240540e-05,1.01442831057821e-01,1.12607940172084e+03,sinkhorn_cellsim
1.248573e+02,48181,3.88506325251200e-05,1.01442831082692e-01,1.12607940202259e+03,sinkhorn_cellsim
1.249091e+02,48201,3.88506325247777e-05,1.01442831107435e-01,1.12607940232433e+03,sinkhorn_cellsim
1.249609e+02,48221,3.88506325284900e-05,1.01442831132052e-01,1.12607940262608e+03,sinkhorn_cellsim
1.250127e+02,48241,3.88506325256146e-05,1.01442831156543e-01,1.12607940292782e+03,sinkhorn_cellsim
1.250645e+02,48261,3.88506325263692e-05,1.01442831180909e-01,1.12607940322957e+03,sinkhorn_cellsim
1.251164e+02,48281,3.88506325271142e-05,1.01442831205149e-01,1.12607940353131e+03,sinkhorn_cellsim
1.251682e+02,48301,3.88506325298614e-05,1.01442831229267e-01,1.12607940383306e+03,sinkhorn_cellsim
1.252200e+02,48321,3.88506325260238e-05,1.01442831253259e-01,1.12607940413480e+03,sinkhorn_cellsim
1.252718e+02,48341,3.88506325263806e-05,1.01442831277130e-01,1.12607940443655e+03,sinkhorn_cellsim
1.253236e+02,48361,3.88506325244918e-05,1.01442831300878e-01,1.12607940473829e+03,sinkhorn_cellsim
1.253754e+02,48381,3.88506325265797e-05,1.01442831324504e-01,1.12607940504004e+03,sinkhorn_cellsim
1.254272e+02,48401,3.88506325242565e-05,1.01442831348010e-01,1.12607940534178e+03,sinkhorn_cellsim
1.254790e+02,48421,3.88506325242019e-05,1.01442831371395e-01,1.12607940564352e+03,sinkhorn_cellsim
1.255308e+02,48441,3.88506325266630e-05,1.01442831394662e-01,1.12607940594527e+03,sinkhorn_cellsim
1.255826e+02,48461,3.88506325234527e-05,1.01442831417807e-01,1.12607940624701e+03,sinkhorn_cellsim
1.256344e+02,48481,3.88506325237459e-05,1.01442831440835e-01,1.12607940654875e+03,sinkhorn_cellsim
1.256862e+02,48501,3.88506325265240e-05,1.01442831463746e-01,1.12607940685050e+03,sinkhorn_cellsim
1.257380e+02,48521,3.88506325262259e-05,1.01442831486539e-01,1.12607940715224e+03,sinkhorn_cellsim
1.257899e+02,48541,3.88506325269679e-05,1.01442831509214e-01,1.12607940745398e+03,sinkhorn_cellsim
1.258417e+02,48561,3.88506325281305e-05,1.01442831531774e-01,1.12607940775572e+03,sinkhorn_cellsim
1.258935e+02,48581,3.88506325278580e-05,1.01442831554217e-01,1.12607940805747e+03,sinkhorn_cellsim
1.259453e+02,48601,3.88506325258859e-05,1.01442831576547e-01,1.12607940835921e+03,sinkhorn_cellsim
1.259971e+02,48621,3.88506325248919e-05,1.01442831598760e-01,1.12607940866095e+03,sinkhorn_cellsim
1.260489e+02,48641,3.88506325258403e-05,1.01442831620861e-01,1.12607940896269e+03,sinkhorn_cellsim
1.261007e+02,48661,3.88506325270194e-05,1.01442831642848e-01,1.12607940926443e+03,sinkhorn_cellsim
1.261525e+02,48681,3.88506325264211e-05,1.01442831664722e-01,1.12607940956618e+03,sinkhorn_cellsim
1.262043e+02,48701,3.88506325266490e-05,1.01442831686484e-01,1.12607940986792e+03,sinkhorn_cellsim
1.262561e+02,48721,3.88506325231689e-05,1.01442831708135e-01,1.12607941016966e+03,sinkhorn_cellsim
1.263079e+02,48741,3.88506325248942e-05,1.01442831729674e-01,1.12607941047140e+03,sinkhorn_cellsim
1.263597e+02,48761,3.88506325255886e-05,1.01442831751104e-01,1.12607941077314e+03,sinkhorn_cellsim
1.264116e+02,48781,3.88506325246364e-05,1.01442831772423e-01,1.12607941107488e+03,sinkhorn_cellsim
1.264634e+02,48801,3.88506325248919e-05,1.01442831793633e-01,1.12607941137662e+03,sinkhorn_cellsim
1.265152e+02,48821,3.88506325258027e-05,1.01442831814733e-01,1.12607941167836e+03,sinkhorn_cellsim
1.265670e+02,48841,3.88506325254613e-05,1.01442831835725e-01,1.12607941198010e+03,sinkhorn_cellsim
1.266188e+02,48861,3.88506325220617e-05,1.01442831856610e-01,1.12607941228184e+03,sinkhorn_cellsim
1.266706e+02,48881,3.88506325237836e-05,1.01442831877388e-01,1.12607941258358e+03,sinkhorn_cellsim
1.267224e+02,48901,3.88506325243932e-05,1.01442831898060e-01,1.12607941288532e+03,sinkhorn_cellsim
1.267742e+02,48921,3.88506325238985e-05,1.01442831918624e-01,1.12607941318706e+03,sinkhorn_cellsim
1.268260e+02,48941,3.88506325223370e-05,1.01442831939084e-01,1.12607941348880e+03,sinkhorn_cellsim
1.268778e+02,48961,3.88506325224130e-05,1.01442831959437e-01,1.12607941379054e+03,sinkhorn_cellsim
1.269296e+02,48981,3.88506325255151e-05,1.01442831979688e-01,1.12607941409228e+03,sinkhorn_cellsim
1.269814e+02,49001,3.88506325271850e-05,1.01442831999834e-01,1.12607941439402e+03,sinkhorn_cellsim
1.270333e+02,49021,3.88506325245566e-05,1.01442832019876e-01,1.12607941469576e+03,sinkhorn_cellsim
1.270851e+02,49041,3.88506325242450e-05,1.01442832039816e-01,1.12607941499750e+03,sinkhorn_cellsim
1.271369e+02,49061,3.88506325242880e-05,1.01442832059652e-01,1.12607941529924e+03,sinkhorn_cellsim
1.271887e+02,49081,3.88506325250940e-05,1.01442832079388e-01,1.12607941560098e+03,sinkhorn_cellsim
1.272405e+02,49101,3.88506325252206e-05,1.01442832099022e-01,1.12607941590272e+03,sinkhorn_cellsim
1.272923e+02,49121,3.88506325276397e-05,1.01442832118554e-01,1.12607941620445e+03,sinkhorn_cellsim
1.273441e+02,49141,3.88506325246795e-05,1.01442832137987e-01,1.12607941650619e+03,sinkhorn_cellsim
1.273959e+02,49161,3.88506325263194e-05,1.01442832157320e-01,1.12607941680793e+03,sinkhorn_cellsim
1.274477e+02,49181,3.88506325234639e-05,1.01442832176552e-01,1.12607941710967e+03,sinkhorn_cellsim
1.274995e+02,49201,3.88506325243733e-05,1.01442832195687e-01,1.12607941741141e+03,sinkhorn_cellsim
1.275513e+02,49221,3.88506325287311e-05,1.01442832214724e-01,1.12607941771315e+03,sinkhorn_cellsim
1.276032e+02,49241,3.88506325235595e-05,1.01442832233661e-01,1.12607941801488e+03,sinkhorn_cellsim
1.276550e+02,49261,3.88506325181499e-05,1.01442832252500e-01,1.12607941831662e+03,sinkhorn_cellsim
1.277068e+02,49281,3.88506325225532e-05,1.01442832271246e-01,1.12607941861836e+03,sinkhorn_cellsim
1.277586e+02,49301,3.88506325306240e-05,1.01442832289894e-01,1.12607941892010e+03,sinkhorn_cellsim
1.278104e+02,49321,3.88506325295486e-05,1.01442832308446e-01,1.12607941922184e+03,sinkhorn_cellsim
1.278622e+02,49341,3.88506325249399e-05,1.01442832326901e-01,1.12607941952357e+03,sinkhorn_cellsim
1.279140e+02,49361,3.88506325277088e-05,1.01442832345263e-01,1.12607941982531e+03,sinkhorn_cellsim
1.279658e+02,49381,3.88506325249557e-05,1.01442832363530e-01,1.12607942012705e+03,sinkhorn_cellsim
1.280176e+02,49401,3.88506325273549e-05,1.01442832381703e-01,1.12607942042878e+03,sinkhorn_cellsim
1.280694e+02,49421,3.88506325281584e-05,1.01442832399783e-01,1.12607942073052e+03,sinkhorn_cellsim
1.281212e+02,49441,3.88506325288606e-05,1.01442832417770e-01,1.12607942103226e+03,sinkhorn_cellsim
1.281730e+02,49461,3.88506325306075e-05,1.01442832435664e-01,1.12607942133400e+03,sinkhorn_cellsim
1.282249e+02,49481,3.88506325281293e-05,1.01442832453465e-01,1.12607942163573e+03,sinkhorn_cellsim
1.282767e+02,49501,3.88506325233209e-05,1.01442832471175e-01,1.12607942193747e+03,sinkhorn_cellsim
1.283285e+02,49521,3.88506325280008e-05,1.01442832488795e-01,1.12607942223921e+03,sinkhorn_cellsim
1.283803e+02,49541,3.88506325263154e-05,1.01442832506324e-01,1.12607942254094e+03,sinkhorn_cellsim
1.284321e+02,49561,3.88506325260332e-05,1.01442832523761e-01,1.12607942284268e+03,sinkhorn_cellsim
1.284839e+02,49581,3.88506325256873e-05,1.01442832541110e-01,1.12607942314441e+03,sinkhorn_cellsim
1.285357e+02,49601,3.88506325275942e-05,1.01442832558370e-01,1.12607942344615e+03,sinkhorn_cellsim
1.285875e+02,49621,3.88506325295340e-05,1.01442832575541e-01,1.12607942374789e+03,sinkhorn_cellsim
1.286393e+02,49641,3.88506325271187e-05,1.01442832592622e-01,1.12607942404962e+03,sinkhorn_cellsim
1.287008e+02,49661,3.88506325253605e-05,1.01442832609616e-01,1.12607942435136e+03,sinkhorn_cellsim
1.287527e+02,49681,3.88506325263246e-05,1.01442832626523e-01,1.12607942465309e+03,sinkhorn_cellsim
1.288045e+02,49701,3.88506325259173e-05,1.01442832643342e-01,1.12607942495483e+03,sinkhorn_cellsim
1.288563e+02,49721,3.88506325252652e-05,1.01442832660075e-01,1.12607942525657e+03,sinkhorn_cellsim
1.289082e+02,49741,3.88506325260593e-05,1.01442832676721e-01,1.12607942555830e+03,sinkhorn_cellsim
1.289600e+02,49761,3.88506325268423e-05,1.01442832693282e-01,1.12607942586004e+03,sinkhorn_cellsim
1.290117e+02,49781,3.88506325291719e-05,1.01442832709759e-01,1.12607942616177e+03,sinkhorn_cellsim
1.290635e+02,49801,3.88506325249881e-05,1.01442832726149e-01,1.12607942646351e+03,sinkhorn_cellsim
1.291153e+02,49821,3.88506325279150e-05,1.01442832742456e-01,1.12607942676524e+03,sinkhorn_cellsim
1.291672e+02,49841,3.88506325265457e-05,1.01442832758679e-01,1.12607942706698e+03,sinkhorn_cellsim
1.292189e+02,49861,3.88506325233456e-05,1.01442832774816e-01,1.12607942736871e+03,sinkhorn_cellsim
1.292707e+02,49881,3.88506325272064e-05,1.01442832790873e-01,1.12607942767045e+03,sinkhorn_cellsim
1.293225e+02,49901,3.88506325289709e-05,1.01442832806846e-01,1.12607942797218e+03,sinkhorn_cellsim
1.293743e+02,49921,3.88506325245140e-05,1.01442832822736e-01,1.12607942827392e+03,sinkhorn_cellsim
1.294261e+02,49941,3.88506325266833e-05,1.01442832838545e-01,1.12607942857565e+03,sinkhorn_cellsim
1.294779e+02,49961,3.88506325264107e-05,1.01442832854272e-01,1.12607942887739e+03,sinkhorn_cellsim
1.295297e+02,49981,3.88506325251559e-05,1.01442832869919e-01,1.12607942917912e+03,sinkhorn_cellsim
1.295815e+02,50001,3.88506325265512e-05,1.01442832885484e-01,1.12607942948086e+03,sinkhorn_cellsim
1.296333e+02,50021,3.88506325252181e-05,1.01442832900970e-01,1.12607942978259e+03,sinkhorn_cellsim
1.296851e+02,50041,3.88506325252747e-05,1.01442832916375e-01,1.12607943008433e+03,sinkhorn_cellsim
1.297369e+02,50061,3.88506325262244e-05,1.01442832931701e-01,1.12607943038606e+03,sinkhorn_cellsim
1.297887e+02,50081,3.88506325272574e-05,1.01442832946949e-01,1.12607943068779e+03,sinkhorn_cellsim
1.298405e+02,50101,3.88506325242815e-05,1.01442832962117e-01,1.12607943098953e+03,sinkhorn_cellsim
1.298923e+02,50121,3.88506325246117e-05,1.01442832977207e-01,1.12607943129126e+03,sinkhorn_cellsim
1.299442e+02,50141,3.88506325210173e-05,1.01442832992219e-01,1.12607943159300e+03,sinkhorn_cellsim
1.299960e+02,50161,3.88506325256668e-05,1.01442833007156e-01,1.12607943189473e+03,sinkhorn_cellsim
1.300478e+02,50181,3.88506325215473e-05,1.01442833022013e-01,1.12607943219646e+03,sinkhorn_cellsim
1.300996e+02,50201,3.88506325222319e-05,1.01442833036794e-01,1.12607943249820e+03,sinkhorn_cellsim
1.301514e+02,50221,3.88506325249054e-05,1.01442833051500e-01,1.12607943279993e+03,sinkhorn_cellsim
1.302032e+02,50241,3.88506325273169e-05,1.01442833066129e-01,1.12607943310167e+03,sinkhorn_cellsim
1.302550e+02,50261,3.88506325244474e-05,1.01442833080683e-01,1.12607943340340e+03,sinkhorn_cellsim
1.303068e+02,50281,3.88506325244568e-05,1.01442833095162e-01,1.12607943370513e+03,sinkhorn_cellsim
1.303586e+02,50301,3.88506325246056e-05,1.01442833109567e-01,1.12607943400687e+03,sinkhorn_cellsim
1.304104e+02,50321,3.88506325244139e-05,1.01442833123896e-01,1.12607943430860e+03,sinkhorn_cellsim
1.304622e+02,50341,3.88506325217867e-05,1.01442833138151e-01,1.12607943461033e+03,sinkhorn_cellsim
1.305140e+02,50361,3.88506325265692e-05,1.01442833152335e-01,1.12607943491207e+03,sinkhorn_cellsim
1.305658e+02,50381,3.88506325232882e-05,1.01442833166443e-01,1.12607943521380e+03,sinkhorn_cellsim
1.306176e+02,50401,3.88506325277160e-05,1.01442833180480e-01,1.12607943551553e+03,sinkhorn_cellsim
1.306694e+02,50421,3.88506325268822e-05,1.01442833194445e-01,1.12607943581727e+03,sinkhorn_cellsim
1.307212e+02,50441,3.88506325263075e-05,1.01442833208336e-01,1.12607943611900e+03,sinkhorn_cellsim
1.307730e+02,50461,3.88506325274240e-05,1.01442833222156e-01,1.12607943642073e+03,sinkhorn_cellsim
1.308247e+02,50481,3.88506325265797e-05,1.01442833235906e-01,1.12607943672247e+03,sinkhorn_cellsim
1.308765e+02,50501,3.88506325269700e-05,1.01442833249583e-01,1.12607943702420e+03,sinkhorn_cellsim
1.309283e+02,50521,3.88506325270949e-05,1.01442833263191e-01,1.12607943732593e+03,sinkhorn_cellsim
1.309801e+02,50541,3.88506325270515e-05,1.01442833276728e-01,1.12607943762766e+03,sinkhorn_cellsim
1.310319e+02,50561,3.88506325227407e-05,1.01442833290195e-01,1.12607943792940e+03,sinkhorn_cellsim
1.310837e+02,50581,3.88506325269519e-05,1.01442833303594e-01,1.12607943823113e+03,sinkhorn_cellsim
1.311356e+02,50601,3.88506325262744e-05,1.01442833316922e-01,1.12607943853286e+03,sinkhorn_cellsim
1.311874e+02,50621,3.88506325280034e-05,1.01442833330182e-01,1.12607943883460e+03,sinkhorn_cellsim
1.312392e+02,50641,3.88506325239274e-05,1.01442833343373e-01,1.12607943913633e+03,sinkhorn_cellsim
1.312909e+02,50661,3.88506325230555e-05,1.01442833356495e-01,1.12607943943806e+03,sinkhorn_cellsim
1.313427e+02,50681,3.88506325227559e-05,1.01442833369550e-01,1.12607943973979e+03,sinkhorn_cellsim
1.313945e+02,50701,3.88506325245105e-05,1.01442833382539e-01,1.12607944004153e+03,sinkhorn_cellsim
1.314463e+02,50721,3.88506325255093e-05,1.01442833395460e-01,1.12607944034326e+03,sinkhorn_cellsim
1.314981e+02,50741,3.88506325246001e-05,1.01442833408314e-01,1.12607944064499e+03,sinkhorn_cellsim
1.315499e+02,50761,3.88506325295490e-05,1.01442833421103e-01,1.12607944094672e+03,sinkhorn_cellsim
1.316017e+02,50781,3.88506325281399e-05,1.01442833433824e-01,1.12607944124846e+03,sinkhorn_cellsim
1.316535e+02,50801,3.88506325225419e-05,1.01442833446479e-01,1.12607944155019e+03,sinkhorn_cellsim
1.317053e+02,50821,3.88506325251015e-05,1.01442833459070e-01,1.12607944185192e+03,sinkhorn_cellsim
1.317571e+02,50841,3.88506325266191e-05,1.01442833471596e-01,1.12607944215365e+03,sinkhorn_cellsim
1.318089e+02,50861,3.88506325246980e-05,1.01442833484056e-01,1.12607944245538e+03,sinkhorn_cellsim
1.318607e+02,50881,3.88506325237857e-05,1.01442833496454e-01,1.12607944275712e+03,sinkhorn_cellsim
1.319125e+02,50901,3.88506325254297e-05,1.01442833508785e-01,1.12607944305885e+03,sinkhorn_cellsim
1.319643e+02,50921,3.88506325287657e-05,1.01442833521055e-01,1.12607944336058e+03,sinkhorn_cellsim
1.320161e+02,50941,3.88506325280503e-05,1.01442833533261e-01,1.12607944366231e+03,sinkhorn_cellsim
1.320679e+02,50961,3.88506325288395e-05,1.01442833545403e-01,1.12607944396404e+03,sinkhorn_cellsim
1.321197e+02,50981,3.88506325244274e-05,1.01442833557483e-01,1.12607944426578e+03,sinkhorn_cellsim
1.321715e+02,51001,3.88506325255941e-05,1.01442833569499e-01,1.12607944456751e+03,sinkhorn_cellsim
1.322233e+02,51021,3.88506325268698e-05,1.01442833581455e-01,1.12607944486924e+03,sinkhorn_cellsim
1.322751e+02,51041,3.88506325248801e-05,1.01442833593348e-01,1.12607944517097e+03,sinkhorn_cellsim
1.323269e+02,51061,3.88506325275798e-05,1.01442833605180e-01,1.12607944547270e+03,sinkhorn_cellsim
1.323787e+02,51081,3.88506325243366e-05,1.01442833616951e-01,1.12607944577443e+03,sinkhorn_cellsim
1.324305e+02,51101,3.88506325230775e-05,1.01442833628660e-01,1.12607944607616e+03,sinkhorn_cellsim
1.324824e+02,51121,3.88506325220960e-05,1.01442833640310e-01,1.12607944637790e+03,sinkhorn_cellsim
1.325342e+02,51141,3.88506325243978e-05,1.01442833651900e-01,1.12607944667963e+03,sinkhorn_cellsim
1.325860e+02,51161,3.88506325275078e-05,1.01442833663429e-01,1.12607944698136e+03,sinkhorn_cellsim
1.326378e+02,51181,3.88506325245498e-05,1.01442833674898e-01,1.12607944728309e+03,sinkhorn_cellsim
1.326896e+02,51201,3.88506325288741e-05,1.01442833686310e-01,1.12607944758482e+03,sinkhorn_cellsim
1.327414e+02,51221,3.88506325266290e-05,1.01442833697660e-01,1.12607944788655e+03,sinkhorn_cellsim
1.327932e+02,51241,3.88506325264057e-05,1.01442833708953e-01,1.12607944818828e+03,sinkhorn_cellsim
1.328450e+02,51261,3.88506325229378e-05,1.01442833720187e-01,1.12607944849002e+03,sinkhorn_cellsim
1.328968e+02,51281,3.88506325269440e-05,1.01442833731364e-01,1.12607944879175e+03,sinkhorn_cellsim
1.329486e+02,51301,3.88506325298879e-05,1.01442833742483e-01,1.12607944909348e+03,sinkhorn_cellsim
1.330004e+02,51321,3.88506325257556e-05,1.01442833753543e-01,1.12607944939521e+03,sinkhorn_cellsim
1.330522e+02,51341,3.88506325265817e-05,1.01442833764548e-01,1.12607944969694e+03,sinkhorn_cellsim
1.331040e+02,51361,3.88506325271721e-05,1.01442833775493e-01,1.12607944999867e+03,sinkhorn_cellsim
1.331558e+02,51381,3.88506325268784e-05,1.01442833786384e-01,1.12607945030040e+03,sinkhorn_cellsim
1.332076e+02,51401,3.88506325260919e-05,1.01442833797218e-01,1.12607945060213e+03,sinkhorn_cellsim
1.332594e+02,51421,3.88506325251225e-05,1.01442833807995e-01,1.12607945090386e+03,sinkhorn_cellsim
1.333112e+02,51441,3.88506325232131e-05,1.01442833818717e-01,1.12607945120559e+03,sinkhorn_cellsim
1.333630e+02,51461,3.88506325228870e-05,1.01442833829384e-01,1.12607945150733e+03,sinkhorn_cellsim
1.334148e+02,51481,3.88506325250148e-05,1.01442833839996e-01,1.12607945180906e+03,sinkhorn_cellsim
1.334666e+02,51501,3.88506325212884e-05,1.01442833850552e-01,1.12607945211079e+03,sinkhorn_cellsim
1.335184e+02,51521,3.88506325285604e-05,1.01442833861056e-01,1.12607945241252e+03,sinkhorn_cellsim
1.335702e+02,51541,3.88506325258864e-05,1.01442833871503e-01,1.12607945271425e+03,sinkhorn_cellsim
1.336220e+02,51561,3.88506325258492e-05,1.01442833881896e-01,1.12607945301598e+03,sinkhorn_cellsim
1.336738e+02,51581,3.88506325274966e-05,1.01442833892236e-01,1.12607945331771e+03,sinkhorn_cellsim
1.337256e+02,51601,3.88506325227850e-05,1.01442833902522e-01,1.12607945361944e+03,sinkhorn_cellsim
1.337774e+02,51621,3.88506325245044e-05,1.01442833912757e-01,1.12607945392117e+03,sinkhorn_cellsim
1.338292e+02,51641,3.88506325260341e-05,1.01442833922936e-01,1.12607945422290e+03,sinkhorn_cellsim
1.338810e+02,51661,3.88506325246619e-05,1.01442833933063e-01,1.12607945452463e+03,sinkhorn_cellsim
1.339328e+02,51681,3.88506325238970e-05,1.01442833943139e-01,1.12607945482636e+03,sinkhorn_cellsim
1.339846e+02,51701,3.88506325261118e-05,1.01442833953162e-01,1.12607945512809e+03,sinkhorn_cellsim
1.340364e+02,51721,3.88506325284297e-05,1.01442833963134e-01,1.12607945542982e+03,sinkhorn_cellsim
1.340882e+02,51741,3.88506325227038e-05,1.01442833973053e-01,1.12607945573155e+03,sinkhorn_cellsim
1.341400e+02,51761,3.88506325235173e-05,1.01442833982922e-01,1.12607945603329e+03,sinkhorn_cellsim
1.341918e+02,51781,3.88506325257279e-05,1.01442833992738e-01,1.12607945633502e+03,sinkhorn_cellsim
1.342437e+02,51801,3.88506325239197e-05,1.01442834002505e-01,1.12607945663675e+03,sinkhorn_cellsim
1.342955e+02,51821,3.88506325243925e-05,1.01442834012221e-01,1.12607945693848e+03,sinkhorn_cellsim
1.343473e+02,51841,3.88506325242834e-05,1.01442834021887e-01,1.12607945724021e+03,sinkhorn_cellsim
1.343991e+02,51861,3.88506325300707e-05,1.01442834031504e-01,1.12607945754194e+03,sinkhorn_cellsim
1.344509e+02,51881,3.88506325291148e-05,1.01442834041070e-01,1.12607945784367e+03,sinkhorn_cellsim
1.345027e+02,51901,3.88506325295664e-05,1.01442834050586e-01,1.12607945814540e+03,sinkhorn_cellsim
1.345545e+02,51921,3.88506325234845e-05,1.01442834060052e-01,1.12607945844713e+03,sinkhorn_cellsim
1.346063e+02,51941,3.88506325257845e-05,1.01442834069470e-01,1.12607945874886e+03,sinkhorn_cellsim
1.346581e+02,51961,3.88506325224558e-05,1.01442834078839e-01,1.12607945905059e+03,sinkhorn_cellsim
1.347099e+02,51981,3.88506325218018e-05,1.01442834088160e-01,1.12607945935232e+03,sinkhorn_cellsim
1.347617e+02,52001,3.88506325241815e-05,1.01442834097433e-01,1.12607945965405e+03,sinkhorn_cellsim
1.348135e+02,52021,3.88506325260573e-05,1.01442834106658e-01,1.12607945995578e+03,sinkhorn_cellsim
1.348653e+02,52041,3.88506325249593e-05,1.01442834115835e-01,1.12607946025751e+03,sinkhorn_cellsim
1.349171e+02,52061,3.88506325244143e-05,1.01442834124964e-01,1.12607946055924e+03,sinkhorn_cellsim
1.349689e+02,52081,3.88506325263241e-05,1.01442834134046e-01,1.12607946086097e+03,sinkhorn_cellsim
1.350207e+02,52101,3.88506325277591e-05,1.01442834143082e-01,1.12607946116270e+03,sinkhorn_cellsim
1.350725e+02,52121,3.88506325266723e-05,1.01442834152070e-01,1.12607946146443e+03,sinkhorn_cellsim
1.351243e+02,52141,3.88506325298884e-05,1.01442834161012e-01,1.12607946176616e+03,sinkhorn_cellsim
1.351762e+02,52161,3.88506325210664e-05,1.01442834169906e-01,1.12607946206789e+03,sinkhorn_cellsim
1.352280e+02,52181,3.88506325249716e-05,1.01442834178756e-01,1.12607946236962e+03,sinkhorn_cellsim
1.352798e+02,52201,3.88506325264708e-05,1.01442834187560e-01,1.12607946267135e+03,sinkhorn_cellsim
1.353316e+02,52221,3.88506325235422e-05,1.01442834196317e-01,1.12607946297308e+03,sinkhorn_cellsim
1.353834e+02,52241,3.88506325252800e-05,1.01442834205031e-01,1.12607946327481e+03,sinkhorn_cellsim
1.354352e+02,52261,3.88506325264004e-05,1.01442834213699e-01,1.12607946357654e+03,sinkhorn_cellsim
1.354870e+02,52281,3.88506325252670e-05,1.01442834222322e-01,1.12607946387827e+03,sinkhorn_cellsim
1.355388e+02,52301,3.88506325272091e-05,1.01442834230900e-01,1.12607946418000e+03,sinkhorn_cellsim
1.355906e+02,52321,3.88506325266582e-05,1.01442834239433e-01,1.12607946448173e+03,sinkhorn_cellsim
1.356424e+02,52341,3.88506325251591e-05,1.01442834247923e-01,1.12607946478346e+03,sinkhorn_cellsim
1.356942e+02,52361,3.88506325263115e-05,1.01442834256368e-01,1.12607946508519e+03,sinkhorn_cellsim
1.357460e+02,52381,3.88506325267695e-05,1.01442834264770e-01,1.12607946538692e+03,sinkhorn_cellsim
1.357978e+02,52401,3.88506325280699e-05,1.01442834273129e-01,1.12607946568864e+03,sinkhorn_cellsim
1.358496e+02,52421,3.88506325293823e-05,1.01442834281444e-01,1.12607946599037e+03,sinkhorn_cellsim
1.359014e+02,52441,3.88506325257891e-05,1.01442834289715e-01,1.12607946629210e+03,sinkhorn_cellsim
1.359533e+02,52461,3.88506325232830e-05,1.01442834297944e-01,1.12607946659383e+03,sinkhorn_cellsim
1.360051e+02,52481,3.88506325225872e-05,1.01442834306130e-01,1.12607946689556e+03,sinkhorn_cellsim
1.360569e+02,52501,3.88506325243023e-05,1.01442834314274e-01,1.12607946719729e+03,sinkhorn_cellsim
1.361087e+02,52521,3.88506325261929e-05,1.01442834322377e-01,1.12607946749902e+03,sinkhorn_cellsim
1.361605e+02,52541,3.88506325282920e-05,1.01442834330437e-01,1.12607946780075e+03,sinkhorn_cellsim
1.362123e+02,52561,3.88506325247449e-05,1.01442834338454e-01,1.12607946810248e+03,sinkhorn_cellsim
1.362641e+02,52581,3.88506325207303e-05,1.01442834346430e-01,1.12607946840421e+03,sinkhorn_cellsim
1.363159e+02,52601,3.88506325257050e-05,1.01442834354367e-01,1.12607946870594e+03,sinkhorn_cellsim
1.363677e+02,52621,3.88506325226019e-05,1.01442834362261e-01,1.12607946900767e+03,sinkhorn_cellsim
1.364195e+02,52641,3.88506325299822e-05,1.01442834370116e-01,1.12607946930940e+03,sinkhorn_cellsim
1.364713e+02,52661,3.88506325295634e-05,1.01442834377928e-01,1.12607946961113e+03,sinkhorn_cellsim
1.365231e+02,52681,3.88506325209839e-05,1.01442834385698e-01,1.12607946991286e+03,sinkhorn_cellsim
1.365749e+02,52701,3.88506325244662e-05,1.01442834393431e-01,1.12607947021459e+03,sinkhorn_cellsim
1.366267e+02,52721,3.88506325240524e-05,1.01442834401122e-01,1.12607947051632e+03,sinkhorn_cellsim
1.366785e+02,52741,3.88506325235039e-05,1.01442834408774e-01,1.12607947081805e+03,sinkhorn_cellsim
1.367303e+02,52761,3.88506325304417e-05,1.01442834416389e-01,1.12607947111977e+03,sinkhorn_cellsim
1.367821e+02,52781,3.88506325224384e-05,1.01442834423960e-01,1.12607947142150e+03,sinkhorn_cellsim
1.368339e+02,52801,3.88506325231364e-05,1.01442834431493e-01,1.12607947172323e+03,sinkhorn_cellsim
1.368857e+02,52821,3.88506325239333e-05,1.01442834438988e-01,1.12607947202496e+03,sinkhorn_cellsim
1.369375e+02,52841,3.88506325251936e-05,1.01442834446445e-01,1.12607947232669e+03,sinkhorn_cellsim
1.369893e+02,52861,3.88506325227899e-05,1.01442834453862e-01,1.12607947262842e+03,sinkhorn_cellsim
1.370411e+02,52881,3.88506325259635e-05,1.01442834461241e-01,1.12607947293015e+03,sinkhorn_cellsim
1.370929e+02,52901,3.88506325269308e-05,1.01442834468581e-01,1.12607947323188e+03,sinkhorn_cellsim
1.371448e+02,52921,3.88506325249368e-05,1.01442834475883e-01,1.12607947353361e+03,sinkhorn_cellsim
1.371966e+02,52941,3.88506325276329e-05,1.01442834483149e-01,1.12607947383534e+03,sinkhorn_cellsim
1.372484e+02,52961,3.88506325259721e-05,1.01442834490376e-01,1.12607947413707e+03,sinkhorn_cellsim
1.373002e+02,52981,3.88506325255975e-05,1.01442834497565e-01,1.12607947443880e+03,sinkhorn_cellsim
1.373520e+02,53001,3.88506325260041e-05,1.01442834504718e-01,1.12607947474053e+03,sinkhorn_cellsim
1.374038e+02,53021,3.88506325249139e-05,1.01442834511833e-01,1.12607947504225e+03,sinkhorn_cellsim
1.374556e+02,53041,3.88506325233844e-05,1.01442834518910e-01,1.12607947534398e+03,sinkhorn_cellsim
1.375074e+02,53061,3.88506325240191e-05,1.01442834525952e-01,1.12607947564571e+03,sinkhorn_cellsim
1.375592e+02,53081,3.88506325249855e-05,1.01442834532957e-01,1.12607947594744e+03,sinkhorn_cellsim
1.376110e+02,53101,3.88506325271492e-05,1.01442834539928e-01,1.12607947624917e+03,sinkhorn_cellsim
1.376628e+02,53121,3.88506325259873e-05,1.01442834546860e-01,1.12607947655090e+03,sinkhorn_cellsim
1.377146e+02,53141,3.88506325247157e-05,1.01442834553757e-01,1.12607947685263e+03,sinkhorn_cellsim
1.377664e+02,53161,3.88506325280336e-05,1.01442834560619e-01,1.12607947715436e+03,sinkhorn_cellsim
1.378182e+02,53181,3.88506325259044e-05,1.01442834567443e-01,1.12607947745609e+03,sinkhorn_cellsim
1.378700e+02,53201,3.88506325234680e-05,1.01442834574234e-01,1.12607947775782e+03,sinkhorn_cellsim
1.379218e+02,53221,3.88506325238910e-05,1.01442834580988e-01,1.12607947805954e+03,sinkhorn_cellsim
1.379736e+02,53241,3.88506325238105e-05,1.01442834587708e-01,1.12607947836127e+03,sinkhorn_cellsim
1.380254e+02,53261,3.88506325259686e-05,1.01442834594394e-01,1.12607947866300e+03,sinkhorn_cellsim
1.380772e+02,53281,3.88506325232062e-05,1.01442834601044e-01,1.12607947896473e+03,sinkhorn_cellsim
1.381291e+02,53301,3.88506325258365e-05,1.01442834607661e-01,1.12607947926646e+03,sinkhorn_cellsim
1.381809e+02,53321,3.88506325307044e-05,1.01442834614243e-01,1.12607947956819e+03,sinkhorn_cellsim
1.382327e+02,53341,3.88506325298611e-05,1.01442834620792e-01,1.12607947986992e+03,sinkhorn_cellsim
1.382845e+02,53361,3.88506325233770e-05,1.01442834627304e-01,1.12607948017165e+03,sinkhorn_cellsim
1.383363e+02,53381,3.88506325262502e-05,1.01442834633785e-01,1.12607948047338e+03,sinkhorn_cellsim
1.383881e+02,53401,3.88506325261098e-05,1.01442834640231e-01,1.12607948077510e+03,sinkhorn_cellsim
1.384399e+02,53421,3.88506325230660e-05,1.01442834646643e-01,1.12607948107683e+03,sinkhorn_cellsim
1.384917e+02,53441,3.88506325254366e-05,1.01442834653024e-01,1.12607948137856e+03,sinkhorn_cellsim
1.385435e+02,53461,3.88506325244630e-05,1.01442834659370e-01,1.12607948168029e+03,sinkhorn_cellsim
1.385953e+02,53481,3.88506325279262e-05,1.01442834665685e-01,1.12607948198202e+03,sinkhorn_cellsim
1.386471e+02,53501,3.88506325256516e-05,1.01442834671965e-01,1.12607948228375e+03,sinkhorn_cellsim
1.386989e+02,53521,3.88506325257761e-05,1.01442834678214e-01,1.12607948258548e+03,sinkhorn_cellsim
1.387507e+02,53541,3.88506325263317e-05,1.01442834684430e-01,1.12607948288721e+03,sinkhorn_cellsim
1.388026e+02,53561,3.88506325282958e-05,1.01442834690614e-01,1.12607948318893e+03,sinkhorn_cellsim
1.388544e+02,53581,3.88506325290003e-05,1.01442834696766e-01,1.12607948349066e+03,sinkhorn_cellsim
1.389062e+02,53601,3.88506325266356e-05,1.01442834702886e-01,1.12607948379239e+03,sinkhorn_cellsim
1.389580e+02,53621,3.88506325257569e-05,1.01442834708973e-01,1.12607948409412e+03,sinkhorn_cellsim
1.390098e+02,53641,3.88506325248950e-05,1.01442834715029e-01,1.12607948439585e+03,sinkhorn_cellsim
1.390616e+02,53661,3.88506325222818e-05,1.01442834721055e-01,1.12607948469758e+03,sinkhorn_cellsim
1.391135e+02,53681,3.88506325238271e-05,1.01442834727049e-01,1.12607948499931e+03,sinkhorn_cellsim
1.391653e+02,53701,3.88506325260427e-05,1.01442834733013e-01,1.12607948530104e+03,sinkhorn_cellsim
1.392171e+02,53721,3.88506325266917e-05,1.01442834738945e-01,1.12607948560276e+03,sinkhorn_cellsim
1.392689e+02,53741,3.88506325282629e-05,1.01442834744846e-01,1.12607948590449e+03,sinkhorn_cellsim
1.393207e+02,53761,3.88506325250683e-05,1.01442834750717e-01,1.12607948620622e+03,sinkhorn_cellsim
1.393725e+02,53781,3.88506325267461e-05,1.01442834756557e-01,1.12607948650795e+03,sinkhorn_cellsim
1.394243e+02,53801,3.88506325255842e-05,1.01442834762367e-01,1.12607948680968e+03,sinkhorn_cellsim
1.394761e+02,53821,3.88506325251289e-05,1.01442834768146e-01,1.12607948711141e+03,sinkhorn_cellsim
1.395279e+02,53841,3.88506325210553e-05,1.01442834773896e-01,1.12607948741314e+03,sinkhorn_cellsim
1.395797e+02,53861,3.88506325236797e-05,1.01442834779616e-01,1.12607948771486e+03,sinkhorn_cellsim
1.396315e+02,53881,3.88506325258616e-05,1.01442834785308e-01,1.12607948801659e+03,sinkhorn_cellsim
1.396833e+02,53901,3.88506325235186e-05,1.01442834790968e-01,1.12607948831832e+03,sinkhorn_cellsim
1.397352e+02,53921,3.88506325290168e-05,1.01442834796600e-01,1.12607948862005e+03,sinkhorn_cellsim
1.397869e+02,53941,3.88506325257652e-05,1.01442834802202e-01,1.12607948892178e+03,sinkhorn_cellsim
1.398387e+02,53961,3.88506325242025e-05,1.01442834807775e-01,1.12607948922351e+03,sinkhorn_cellsim
1.398905e+02,53981,3.88506325261216e-05,1.01442834813321e-01,1.12607948952524e+03,sinkhorn_cellsim
1.399423e+02,54001,3.88506325231835e-05,1.01442834818836e-01,1.12607948982696e+03,sinkhorn_cellsim
1.399941e+02,54021,3.88506325251750e-05,1.01442834824323e-01,1.12607949012869e+03,sinkhorn_cellsim
1.400460e+02,54041,3.88506325231516e-05,1.01442834829782e-01,1.12607949043042e+03,sinkhorn_cellsim
1.400978e+02,54061,3.88506325277333e-05,1.01442834835212e-01,1.12607949073215e+03,sinkhorn_cellsim
1.401496e+02,54081,3.88506325260177e-05,1.01442834840615e-01,1.12607949103388e+03,sinkhorn_cellsim
1.402014e+02,54101,3.88506325242587e-05,1.01442834845988e-01,1.12607949133561e+03,sinkhorn_cellsim
1.402532e+02,54121,3.88506325293608e-05,1.01442834851336e-01,1.12607949163734e+03,sinkhorn_cellsim
1.403050e+02,54141,3.88506325257641e-05,1.01442834856654e-01,1.12607949193906e+03,sinkhorn_cellsim
1.403568e+02,54161,3.88506325235436e-05,1.01442834861944e-01,1.12607949224079e+03,sinkhorn_cellsim
1.404086e+02,54181,3.88506325278782e-05,1.01442834867209e-01,1.12607949254252e+03,sinkhorn_cellsim
1.404604e+02,54201,3.88506325197206e-05,1.01442834872444e-01,1.12607949284425e+03,sinkhorn_cellsim
1.405122e+02,54221,3.88506325254381e-05,1.01442834877654e-01,1.12607949314598e+03,sinkhorn_cellsim
1.405640e+02,54241,3.88506325300145e-05,1.01442834882837e-01,1.12607949344771e+03,sinkhorn_cellsim
1.406158e+02,54261,3.88506325240006e-05,1.01442834887992e-01,1.12607949374943e+03,sinkhorn_cellsim
1.406676e+02,54281,3.88506325238295e-05,1.01442834893120e-01,1.12607949405116e+03,sinkhorn_cellsim
1.407194e+02,54301,3.88506325248372e-05,1.01442834898222e-01,1.12607949435289e+03,sinkhorn_cellsim
1.407712e+02,54321,3.88506325261136e-05,1.01442834903299e-01,1.12607949465462e+03,sinkhorn_cellsim
1.408230e+02,54341,3.88506325260014e-05,1.01442834908348e-01,1.12607949495635e+03,sinkhorn_cellsim
1.408748e+02,54361,3.88506325285992e-05,1.01442834913371e-01,1.12607949525808e+03,sinkhorn_cellsim
1.409266e+02,54381,3.88506325273819e-05,1.01442834918368e-01,1.12607949555980e+03,sinkhorn_cellsim
1.409784e+02,54401,3.88506325261248e-05,1.01442834923339e-01,1.12607949586153e+03,sinkhorn_cellsim
1.410302e+02,54421,3.88506325308519e-05,1.01442834928284e-01,1.12607949616326e+03,sinkhorn_cellsim
1.410820e+02,54441,3.88506325256742e-05,1.01442834933203e-01,1.12607949646499e+03,sinkhorn_cellsim
1.411338e+02,54461,3.88506325260995e-05,1.01442834938097e-01,1.12607949676672e+03,sinkhorn_cellsim
1.411856e+02,54481,3.88506325257923e-05,1.01442834942967e-01,1.12607949706845e+03,sinkhorn_cellsim
1.412374e+02,54501,3.88506325212794e-05,1.01442834947809e-01,1.12607949737017e+03,sinkhorn_cellsim
1.412892e+02,54521,3.88506325249002e-05,1.01442834952628e-01,1.12607949767190e+03,sinkhorn_cellsim
1.413410e+02,54541,3.88506325241971e-05,1.01442834957421e-01,1.12607949797363e+03,sinkhorn_cellsim
1.413928e+02,54561,3.88506325271154e-05,1.01442834962191e-01,1.12607949827536e+03,sinkhorn_cellsim
1.414446e+02,54581,3.88506325239901e-05,1.01442834966934e-01,1.12607949857709e+03,sinkhorn_cellsim
1.414964e+02,54601,3.88506325254024e-05,1.01442834971654e-01,1.12607949887882e+03,sinkhorn_cellsim
1.415482e+02,54621,3.88506325271821e-05,1.01442834976349e-01,1.12607949918054e+03,sinkhorn_cellsim
1.416000e+02,54641,3.88506325258277e-05,1.01442834981019e-01,1.12607949948227e+03,sinkhorn_cellsim
1.416518e+02,54661,3.88506325261627e-05,1.01442834985665e-01,1.12607949978400e+03,sinkhorn_cellsim
1.417036e+02,54681,3.88506325250431e-05,1.01442834990287e-01,1.12607950008573e+03,sinkhorn_cellsim
1.417554e+02,54701,3.88506325246824e-05,1.01442834994885e-01,1.12607950038746e+03,sinkhorn_cellsim
1.418072e+02,54721,3.88506325256292e-05,1.01442834999460e-01,1.12607950068919e+03,sinkhorn_cellsim
1.418590e+02,54741,3.88506325239658e-05,1.01442835004011e-01,1.12607950099091e+03,sinkhorn_cellsim
1.419108e+02,54761,3.88506325282593e-05,1.01442835008539e-01,1.12607950129264e+03,sinkhorn_cellsim
1.419626e+02,54781,3.88506325283036e-05,1.01442835013042e-01,1.12607950159437e+03,sinkhorn_cellsim
1.420144e+02,54801,3.88506325221482e-05,1.01442835017520e-01,1.12607950189610e+03,sinkhorn_cellsim
1.420662e+02,54821,3.88506325260230e-05,1.01442835021979e-01,1.12607950219783e+03,sinkhorn_cellsim
1.421180e+02,54841,3.88506325228559e-05,1.01442835026412e-01,1.12607950249956e+03,sinkhorn_cellsim
1.421699e+02,54861,3.88506325214589e-05,1.01442835030823e-01,1.12607950280128e+03,sinkhorn_cellsim
1.422217e+02,54881,3.88506325214787e-05,1.01442835035211e-01,1.12607950310301e+03,sinkhorn_cellsim
1.422735e+02,54901,3.88506325266606e-05,1.01442835039577e-01,1.12607950340474e+03,sinkhorn_cellsim
1.423253e+02,54921,3.88506325256928e-05,1.01442835043919e-01,1.12607950370647e+03,sinkhorn_cellsim
1.423771e+02,54941,3.88506325252278e-05,1.01442835048239e-01,1.12607950400820e+03,sinkhorn_cellsim
1.424289e+02,54961,3.88506325246906e-05,1.01442835052536e-01,1.12607950430992e+03,sinkhorn_cellsim
1.424807e+02,54981,3.88506325269613e-05,1.01442835056813e-01,1.12607950461165e+03,sinkhorn_cellsim
1.425325e+02,55001,3.88506325251577e-05,1.01442835061066e-01,1.12607950491338e+03,sinkhorn_cellsim
1.425843e+02,55021,3.88506325268813e-05,1.01442835065297e-01,1.12607950521511e+03,sinkhorn_cellsim
1.426361e+02,55041,3.88506325247974e-05,1.01442835069506e-01,1.12607950551684e+03,sinkhorn_cellsim
1.426879e+02,55061,3.88506325251091e-05,1.01442835073694e-01,1.12607950581857e+03,sinkhorn_cellsim
1.427397e+02,55081,3.88506325249462e-05,1.01442835077859e-01,1.12607950612029e+03,sinkhorn_cellsim
1.427915e+02,55101,3.88506325259568e-05,1.01442835082004e-01,1.12607950642202e+03,sinkhorn_cellsim
1.428433e+02,55121,3.88506325257666e-05,1.01442835086127e-01,1.12607950672375e+03,sinkhorn_cellsim
1.428951e+02,55141,3.88506325261324e-05,1.01442835090227e-01,1.12607950702548e+03,sinkhorn_cellsim
1.429469e+02,55161,3.88506325291262e-05,1.01442835094309e-01,1.12607950732721e+03,sinkhorn_cellsim
1.429987e+02,55181,3.88506325276113e-05,1.01442835098368e-01,1.12607950762893e+03,sinkhorn_cellsim
1.430505e+02,55201,3.88506325228314e-05,1.01442835102404e-01,1.12607950793066e+03,sinkhorn_cellsim
1.431023e+02,55221,3.88506325261151e-05,1.01442835106421e-01,1.12607950823239e+03,sinkhorn_cellsim
1.431541e+02,55241,3.88506325246491e-05,1.01442835110417e-01,1.12607950853412e+03,sinkhorn_cellsim
1.432059e+02,55261,3.88506325251223e-05,1.01442835114393e-01,1.12607950883585e+03,sinkhorn_cellsim
1.432577e+02,55281,3.88506325239304e-05,1.01442835118347e-01,1.12607950913758e+03,sinkhorn_cellsim
1.433095e+02,55301,3.88506325260755e-05,1.01442835122282e-01,1.12607950943930e+03,sinkhorn_cellsim
1.433613e+02,55321,3.88506325217285e-05,1.01442835126194e-01,1.12607950974103e+03,sinkhorn_cellsim
1.434131e+02,55341,3.88506325226442e-05,1.01442835130088e-01,1.12607951004276e+03,sinkhorn_cellsim
1.434649e+02,55361,3.88506325245331e-05,1.01442835133962e-01,1.12607951034449e+03,sinkhorn_cellsim
1.435167e+02,55381,3.88506325236099e-05,1.01442835137815e-01,1.12607951064622e+03,sinkhorn_cellsim
1.435685e+02,55401,3.88506325222555e-05,1.01442835141648e-01,1.12607951094794e+03,sinkhorn_cellsim
1.436203e+02,55421,3.88506325261951e-05,1.01442835145462e-01,1.12607951124967e+03,sinkhorn_cellsim
1.436721e+02,55441,3.88506325245243e-05,1.01442835149255e-01,1.12607951155140e+03,sinkhorn_cellsim
1.437239e+02,55461,3.88506325261240e-05,1.01442835153030e-01,1.12607951185313e+03,sinkhorn_cellsim
1.437757e+02,55481,3.88506325241962e-05,1.01442835156783e-01,1.12607951215486e+03,sinkhorn_cellsim
1.438276e+02,55501,3.88506325237202e-05,1.01442835160519e-01,1.12607951245658e+03,sinkhorn_cellsim
1.438793e+02,55521,3.88506325233514e-05,1.01442835164234e-01,1.12607951275831e+03,sinkhorn_cellsim
1.439312e+02,55541,3.88506325267186e-05,1.01442835167931e-01,1.12607951306004e+03,sinkhorn_cellsim
1.439830e+02,55561,3.88506325250700e-05,1.01442835171608e-01,1.12607951336177e+03,sinkhorn_cellsim
1.440348e+02,55581,3.88506325203491e-05,1.01442835175265e-01,1.12607951366350e+03,sinkhorn_cellsim
1.440866e+02,55601,3.88506325236490e-05,1.01442835178905e-01,1.12607951396522e+03,sinkhorn_cellsim
1.441384e+02,55621,3.88506325265969e-05,1.01442835182525e-01,1.12607951426695e+03,sinkhorn_cellsim
1.441902e+02,55641,3.88506325279646e-05,1.01442835186127e-01,1.12607951456868e+03,sinkhorn_cellsim
1.442420e+02,55661,3.88506325271020e-05,1.01442835189710e-01,1.12607951487041e+03,sinkhorn_cellsim
1.442938e+02,55681,3.88506325232715e-05,1.01442835193273e-01,1.12607951517214e+03,sinkhorn_cellsim
1.443456e+02,55701,3.88506325274028e-05,1.01442835196819e-01,1.12607951547386e+03,sinkhorn_cellsim
1.443974e+02,55721,3.88506325237016e-05,1.01442835200346e-01,1.12607951577559e+03,sinkhorn_cellsim
1.444492e+02,55741,3.88506325238556e-05,1.01442835203856e-01,1.12607951607732e+03,sinkhorn_cellsim
1.445010e+02,55761,3.88506325237801e-05,1.01442835207346e-01,1.12607951637905e+03,sinkhorn_cellsim
1.445528e+02,55781,3.88506325269871e-05,1.01442835210820e-01,1.12607951668078e+03,sinkhorn_cellsim
1.446046e+02,55801,3.88506325275670e-05,1.01442835214274e-01,1.12607951698250e+03,sinkhorn_cellsim
1.446564e+02,55821,3.88506325280005e-05,1.01442835217711e-01,1.12607951728423e+03,sinkhorn_cellsim
1.447082e+02,55841,3.88506325269149e-05,1.01442835221130e-01,1.12607951758596e+03,sinkhorn_cellsim
1.447600e+02,55861,3.88506325267816e-05,1.01442835224532e-01,1.12607951788769e+03,sinkhorn_cellsim
1.448118e+02,55881,3.88506325298591e-05,1.01442835227916e-01,1.12607951818942e+03,sinkhorn_cellsim
1.448636e+02,55901,3.88506325287929e-05,1.01442835231283e-01,1.12607951849114e+03,sinkhorn_cellsim
1.449154e+02,55921,3.88506325290610e-05,1.01442835234631e-01,1.12607951879287e+03,sinkhorn_cellsim
1.449672e+02,55941,3.88506325270174e-05,1.01442835237961e-01,1.12607951909460e+03,sinkhorn_cellsim
1.450190e+02,55961,3.88506325226697e-05,1.01442835241275e-01,1.12607951939633e+03,sinkhorn_cellsim
1.450708e+02,55981,3.88506325255245e-05,1.01442835244572e-01,1.12607951969806e+03,sinkhorn_cellsim
1.451226e+02,56001,3.88506325265883e-05,1.01442835247852e-01,1.12607951999978e+03,sinkhorn_cellsim
1.451744e+02,56021,3.88506325266591e-05,1.01442835251115e-01,1.12607952030151e+03,sinkhorn_cellsim
1.452262e+02,56041,3.88506325262237e-05,1.01442835254360e-01,1.12607952060324e+03,sinkhorn_cellsim
1.452780e+02,56061,3.88506325266478e-05,1.01442835257590e-01,1.12607952090497e+03,sinkhorn_cellsim
1.453298e+02,56081,3.88506325243841e-05,1.01442835260802e-01,1.12607952120670e+03,sinkhorn_cellsim
1.453816e+02,56101,3.88506325274455e-05,1.01442835263999e-01,1.12607952150842e+03,sinkhorn_cellsim
1.454334e+02,56121,3.88506325263733e-05,1.01442835267178e-01,1.12607952181015e+03,sinkhorn_cellsim
1.454852e+02,56141,3.88506325267034e-05,1.01442835270340e-01,1.12607952211188e+03,sinkhorn_cellsim
1.455370e+02,56161,3.88506325217048e-05,1.01442835273485e-01,1.12607952241361e+03,sinkhorn_cellsim
1.455888e+02,56181,3.88506325262254e-05,1.01442835276615e-01,1.12607952271534e+03,sinkhorn_cellsim
1.456406e+02,56201,3.88506325282686e-05,1.01442835279730e-01,1.12607952301706e+03,sinkhorn_cellsim
1.456924e+02,56221,3.88506325249644e-05,1.01442835282827e-01,1.12607952331879e+03,sinkhorn_cellsim
1.457442e+02,56241,3.88506325254193e-05,1.01442835285908e-01,1.12607952362052e+03,sinkhorn_cellsim
1.457960e+02,56261,3.88506325276550e-05,1.01442835288974e-01,1.12607952392225e+03,sinkhorn_cellsim
1.458478e+02,56281,3.88506325270693e-05,1.01442835292023e-01,1.12607952422398e+03,sinkhorn_cellsim
1.458996e+02,56301,3.88506325245616e-05,1.01442835295058e-01,1.12607952452570e+03,sinkhorn_cellsim
1.459514e+02,56321,3.88506325266171e-05,1.01442835298075e-01,1.12607952482743e+03,sinkhorn_cellsim
1.460032e+02,56341,3.88506325254857e-05,1.01442835301077e-01,1.12607952512916e+03,sinkhorn_cellsim
1.460551e+02,56361,3.88506325257849e-05,1.01442835304065e-01,1.12607952543089e+03,sinkhorn_cellsim
1.461069e+02,56381,3.88506325271449e-05,1.01442835307036e-01,1.12607952573262e+03,sinkhorn_cellsim
1.461587e+02,56401,3.88506325212732e-05,1.01442835309992e-01,1.12607952603434e+03,sinkhorn_cellsim
1.462105e+02,56421,3.88506325213349e-05,1.01442835312932e-01,1.12607952633607e+03,sinkhorn_cellsim
1.462623e+02,56441,3.88506325238414e-05,1.01442835315857e-01,1.12607952663780e+03,sinkhorn_cellsim
1.463141e+02,56461,3.88506325233112e-05,1.01442835318768e-01,1.12607952693953e+03,sinkhorn_cellsim
1.463659e+02,56481,3.88506325265968e-05,1.01442835321664e-01,1.12607952724126e+03,sinkhorn_cellsim
1.464177e+02,56501,3.88506325275394e-05,1.01442835324544e-01,1.12607952754298e+03,sinkhorn_cellsim
1.464695e+02,56521,3.88506325265702e-05,1.01442835327409e-01,1.12607952784471e+03,sinkhorn_cellsim
1.465213e+02,56541,3.88506325272216e-05,1.01442835330260e-01,1.12607952814644e+03,sinkhorn_cellsim
1.465731e+02,56561,3.88506325254800e-05,1.01442835333095e-01,1.12607952844817e+03,sinkhorn_cellsim
1.466249e+02,56581,3.88506325286938e-05,1.01442835335916e-01,1.12607952874989e+03,sinkhorn_cellsim
1.466767e+02,56601,3.88506325281595e-05,1.01442835338723e-01,1.12607952905162e+03,sinkhorn_cellsim
1.467285e+02,56621,3.88506325266111e-05,1.01442835341514e-01,1.12607952935335e+03,sinkhorn_cellsim
1.467803e+02,56641,3.88506325233266e-05,1.01442835344292e-01,1.12607952965508e+03,sinkhorn_cellsim
1.468321e+02,56661,3.88506325232658e-05,1.01442835347054e-01,1.12607952995681e+03,sinkhorn_cellsim
1.468839e+02,56681,3.88506325278397e-05,1.01442835349804e-01,1.12607953025853e+03,sinkhorn_cellsim
1.469357e+02,56701,3.88506325233439e-05,1.01442835352537e-01,1.12607953056026e+03,sinkhorn_cellsim
1.469875e+02,56721,3.88506325271991e-05,1.01442835355257e-01,1.12607953086199e+03,sinkhorn_cellsim
1.470393e+02,56741,3.88506325239922e-05,1.01442835357963e-01,1.12607953116372e+03,sinkhorn_cellsim
1.470911e+02,56761,3.88506325257473e-05,1.01442835360655e-01,1.12607953146545e+03,sinkhorn_cellsim
1.471429e+02,56781,3.88506325272092e-05,1.01442835363334e-01,1.12607953176717e+03,sinkhorn_cellsim
1.471947e+02,56801,3.88506325235285e-05,1.01442835365997e-01,1.12607953206890e+03,sinkhorn_cellsim
1.472465e+02,56821,3.88506325213028e-05,1.01442835368648e-01,1.12607953237063e+03,sinkhorn_cellsim
1.472983e+02,56841,3.88506325265792e-05,1.01442835371285e-01,1.12607953267236e+03,sinkhorn_cellsim
1.473501e+02,56861,3.88506325248977e-05,1.01442835373907e-01,1.12607953297409e+03,sinkhorn_cellsim
1.474019e+02,56881,3.88506325266640e-05,1.01442835376517e-01,1.12607953327581e+03,sinkhorn_cellsim
1.474537e+02,56901,3.88506325226125e-05,1.01442835379113e-01,1.12607953357754e+03,sinkhorn_cellsim
1.475162e+02,56921,3.88506325260224e-05,1.01442835381696e-01,1.12607953387927e+03,sinkhorn_cellsim
1.475681e+02,56941,3.88506325238324e-05,1.01442835384264e-01,1.12607953418100e+03,sinkhorn_cellsim
1.476199e+02,56961,3.88506325231446e-05,1.01442835386820e-01,1.12607953448272e+03,sinkhorn_cellsim
1.476717e+02,56981,3.88506325254091e-05,1.01442835389363e-01,1.12607953478445e+03,sinkhorn_cellsim
1.477235e+02,57001,3.88506325222126e-05,1.01442835391892e-01,1.12607953508618e+03,sinkhorn_cellsim
1.477753e+02,57021,3.88506325294869e-05,1.01442835394409e-01,1.12607953538791e+03,sinkhorn_cellsim
1.478271e+02,57041,3.88506325212413e-05,1.01442835396910e-01,1.12607953568964e+03,sinkhorn_cellsim
1.478789e+02,57061,3.88506325226317e-05,1.01442835399401e-01,1.12607953599136e+03,sinkhorn_cellsim
1.479307e+02,57081,3.88506325269206e-05,1.01442835401879e-01,1.12607953629309e+03,sinkhorn_cellsim
1.479825e+02,57101,3.88506325256882e-05,1.01442835404344e-01,1.12607953659482e+03,sinkhorn_cellsim
1.480343e+02,57121,3.88506325245617e-05,1.01442835406795e-01,1.12607953689655e+03,sinkhorn_cellsim
1.480861e+02,57141,3.88506325224340e-05,1.01442835409233e-01,1.12607953719828e+03,sinkhorn_cellsim
1.481379e+02,57161,3.88506325259240e-05,1.01442835411661e-01,1.12607953750000e+03,sinkhorn_cellsim
1.481897e+02,57181,3.88506325262211e-05,1.01442835414075e-01,1.12607953780173e+03,sinkhorn_cellsim
1.482415e+02,57201,3.88506325286604e-05,1.01442835416476e-01,1.12607953810346e+03,sinkhorn_cellsim
1.482932e+02,57221,3.88506325250369e-05,1.01442835418864e-01,1.12607953840519e+03,sinkhorn_cellsim
1.483450e+02,57241,3.88506325261034e-05,1.01442835421241e-01,1.12607953870691e+03,sinkhorn_cellsim
1.483968e+02,57261,3.88506325279040e-05,1.01442835423605e-01,1.12607953900864e+03,sinkhorn_cellsim
1.484486e+02,57281,3.88506325275401e-05,1.01442835425957e-01,1.12607953931037e+03,sinkhorn_cellsim
1.485004e+02,57301,3.88506325286100e-05,1.01442835428298e-01,1.12607953961210e+03,sinkhorn_cellsim
1.485522e+02,57321,3.88506325245947e-05,1.01442835430625e-01,1.12607953991383e+03,sinkhorn_cellsim
1.486040e+02,57341,3.88506325286060e-05,1.01442835432941e-01,1.12607954021555e+03,sinkhorn_cellsim
1.486558e+02,57361,3.88506325263249e-05,1.01442835435244e-01,1.12607954051728e+03,sinkhorn_cellsim
1.487076e+02,57381,3.88506325251737e-05,1.01442835437535e-01,1.12607954081901e+03,sinkhorn_cellsim
1.487594e+02,57401,3.88506325232450e-05,1.01442835439815e-01,1.12607954112074e+03,sinkhorn_cellsim
1.488112e+02,57421,3.88506325243031e-05,1.01442835442083e-01,1.12607954142247e+03,sinkhorn_cellsim
1.488630e+02,57441,3.88506325264723e-05,1.01442835444339e-01,1.12607954172419e+03,sinkhorn_cellsim
1.489148e+02,57461,3.88506325275060e-05,1.01442835446585e-01,1.12607954202592e+03,sinkhorn_cellsim
1.489666e+02,57481,3.88506325255937e-05,1.01442835448817e-01,1.12607954232765e+03,sinkhorn_cellsim
1.490184e+02,57501,3.88506325218181e-05,1.01442835451037e-01,1.12607954262938e+03,sinkhorn_cellsim
1.490701e+02,57521,3.88506325260553e-05,1.01442835453247e-01,1.12607954293110e+03,sinkhorn_cellsim
1.491219e+02,57541,3.88506325262473e-05,1.01442835455446e-01,1.12607954323283e+03,sinkhorn_cellsim
1.491737e+02,57561,3.88506325256754e-05,1.01442835457633e-01,1.12607954353456e+03,sinkhorn_cellsim
1.492255e+02,57581,3.88506325282031e-05,1.01442835459810e-01,1.12607954383629e+03,sinkhorn_cellsim
1.492773e+02,57601,3.88506325271622e-05,1.01442835461974e-01,1.12607954413802e+03,sinkhorn_cellsim
1.493291e+02,57621,3.88506325239318e-05,1.01442835464126e-01,1.12607954443974e+03,sinkhorn_cellsim
1.493809e+02,57641,3.88506325232363e-05,1.01442835466268e-01,1.12607954474147e+03,sinkhorn_cellsim
1.494327e+02,57661,3.88506325218659e-05,1.01442835468399e-01,1.12607954504320e+03,sinkhorn_cellsim
1.494845e+02,57681,3.88506325251047e-05,1.01442835470519e-01,1.12607954534493e+03,sinkhorn_cellsim
1.495363e+02,57701,3.88506325241167e-05,1.01442835472629e-01,1.12607954564665e+03,sinkhorn_cellsim
1.495881e+02,57721,3.88506325269375e-05,1.01442835474727e-01,1.12607954594838e+03,sinkhorn_cellsim
1.496399e+02,57741,3.88506325246877e-05,1.01442835476813e-01,1.12607954625011e+03,sinkhorn_cellsim
1.496917e+02,57761,3.88506325258261e-05,1.01442835478889e-01,1.12607954655184e+03,sinkhorn_cellsim
1.497435e+02,57781,3.88506325267579e-05,1.01442835480955e-01,1.12607954685357e+03,sinkhorn_cellsim
1.497953e+02,57801,3.88506325265639e-05,1.01442835483010e-01,1.12607954715529e+03,sinkhorn_cellsim
1.498471e+02,57821,3.88506325252410e-05,1.01442835485054e-01,1.12607954745702e+03,sinkhorn_cellsim
1.498989e+02,57841,3.88506325294266e-05,1.01442835487089e-01,1.12607954775875e+03,sinkhorn_cellsim
1.499506e+02,57861,3.88506325294034e-05,1.01442835489112e-01,1.12607954806048e+03,sinkhorn_cellsim
1.500024e+02,57881,3.88506325290103e-05,1.01442835491124e-01,1.12607954836221e+03,sinkhorn_cellsim
1.500542e+02,57901,3.88506325226163e-05,1.01442835493125e-01,1.12607954866393e+03,sinkhorn_cellsim
1.501060e+02,57921,3.88506325205857e-05,1.01442835495117e-01,1.12607954896566e+03,sinkhorn_cellsim
1.501578e+02,57941,3.88506325263897e-05,1.01442835497100e-01,1.12607954926739e+03,sinkhorn_cellsim
1.502096e+02,57961,3.88506325255060e-05,1.01442835499071e-01,1.12607954956912e+03,sinkhorn_cellsim
1.502614e+02,57981,3.88506325272474e-05,1.01442835501032e-01,1.12607954987084e+03,sinkhorn_cellsim
1.503132e+02,58001,3.88506325249060e-05,1.01442835502982e-01,1.12607955017257e+03,sinkhorn_cellsim
1.503650e+02,58021,3.88506325250717e-05,1.01442835504923e-01,1.12607955047430e+03,sinkhorn_cellsim
1.504168e+02,58041,3.88506325259242e-05,1.01442835506854e-01,1.12607955077603e+03,sinkhorn_cellsim
1.504686e+02,58061,3.88506325226487e-05,1.01442835508774e-01,1.12607955107776e+03,sinkhorn_cellsim
1.505204e+02,58081,3.88506325245647e-05,1.01442835510685e-01,1.12607955137948e+03,sinkhorn_cellsim
1.505722e+02,58101,3.88506325254276e-05,1.01442835512586e-01,1.12607955168121e+03,sinkhorn_cellsim
1.506240e+02,58121,3.88506325209158e-05,1.01442835514476e-01,1.12607955198294e+03,sinkhorn_cellsim
1.506758e+02,58141,3.88506325239409e-05,1.01442835516358e-01,1.12607955228467e+03,sinkhorn_cellsim
1.507276e+02,58161,3.88506325228260e-05,1.01442835518230e-01,1.12607955258639e+03,sinkhorn_cellsim
1.507794e+02,58181,3.88506325238829e-05,1.01442835520092e-01,1.12607955288812e+03,sinkhorn_cellsim
1.508311e+02,58201,3.88506325239313e-05,1.01442835521944e-01,1.12607955318985e+03,sinkhorn_cellsim
1.508829e+02,58221,3.88506325218392e-05,1.01442835523787e-01,1.12607955349158e+03,sinkhorn_cellsim
1.509347e+02,58241,3.88506325237399e-05,1.01442835525620e-01,1.12607955379331e+03,sinkhorn_cellsim
1.509865e+02,58261,3.88506325266371e-05,1.01442835527444e-01,1.12607955409503e+03,sinkhorn_cellsim
1.510383e+02,58281,3.88506325272765e-05,1.01442835529259e-01,1.12607955439676e+03,sinkhorn_cellsim
1.510901e+02,58301,3.88506325269378e-05,1.01442835531063e-01,1.12607955469849e+03,sinkhorn_cellsim
1.511419e+02,58321,3.88506325266297e-05,1.01442835532858e-01,1.12607955500022e+03,sinkhorn_cellsim
1.511937e+02,58341,3.88506325258528e-05,1.01442835534644e-01,1.12607955530194e+03,sinkhorn_cellsim
1.512455e+02,58361,3.88506325275751e-05,1.01442835536421e-01,1.12607955560367e+03,sinkhorn_cellsim
1.512973e+02,58381,3.88506325252074e-05,1.01442835538188e-01,1.12607955590540e+03,sinkhorn_cellsim
1.513491e+02,58401,3.88506325297283e-05,1.01442835539948e-01,1.12607955620713e+03,sinkhorn_cellsim
1.514009e+02,58421,3.88506325293854e-05,1.01442835541697e-01,1.12607955650886e+03,sinkhorn_cellsim
1.514527e+02,58441,3.88506325267380e-05,1.01442835543437e-01,1.12607955681058e+03,sinkhorn_cellsim
1.515044e+02,58461,3.88506325234140e-05,1.01442835545168e-01,1.12607955711231e+03,sinkhorn_cellsim
1.515562e+02,58481,3.88506325261310e-05,1.01442835546891e-01,1.12607955741404e+03,sinkhorn_cellsim
1.516080e+02,58501,3.88506325266018e-05,1.01442835548604e-01,1.12607955771577e+03,sinkhorn_cellsim
1.516598e+02,58521,3.88506325249929e-05,1.01442835550308e-01,1.12607955801749e+03,sinkhorn_cellsim
1.517116e+02,58541,3.88506325254364e-05,1.01442835552005e-01,1.12607955831922e+03,sinkhorn_cellsim
1.517634e+02,58561,3.88506325214516e-05,1.01442835553691e-01,1.12607955862095e+03,sinkhorn_cellsim
1.518152e+02,58581,3.88506325242633e-05,1.01442835555369e-01,1.12607955892268e+03,sinkhorn_cellsim
1.518670e+02,58601,3.88506325237112e-05,1.01442835557040e-01,1.12607955922440e+03,sinkhorn_cellsim
1.519188e+02,58621,3.88506325223813e-05,1.01442835558700e-01,1.12607955952613e+03,sinkhorn_cellsim
1.519706e+02,58641,3.88506325228507e-05,1.01442835560353e-01,1.12607955982786e+03,sinkhorn_cellsim
1.520224e+02,58661,3.88506325267997e-05,1.01442835561997e-01,1.12607956012959e+03,sinkhorn_cellsim
1.520742e+02,58681,3.88506325265830e-05,1.01442835563632e-01,1.12607956043132e+03,sinkhorn_cellsim
1.521260e+02,58701,3.88506325209668e-05,1.01442835565258e-01,1.12607956073304e+03,sinkhorn_cellsim
1.521778e+02,58721,3.88506325253372e-05,1.01442835566877e-01,1.12607956103477e+03,sinkhorn_cellsim
1.522296e+02,58741,3.88506325248675e-05,1.01442835568487e-01,1.12607956133650e+03,sinkhorn_cellsim
1.522813e+02,58761,3.88506325250287e-05,1.01442835570089e-01,1.12607956163823e+03,sinkhorn_cellsim
1.523331e+02,58781,3.88506325274495e-05,1.01442835571683e-01,1.12607956193995e+03,sinkhorn_cellsim
1.523849e+02,58801,3.88506325267004e-05,1.01442835573268e-01,1.12607956224168e+03,sinkhorn_cellsim
1.524367e+02,58821,3.88506325277529e-05,1.01442835574846e-01,1.12607956254341e+03,sinkhorn_cellsim
1.524885e+02,58841,3.88506325254399e-05,1.01442835576414e-01,1.12607956284514e+03,sinkhorn_cellsim
1.525403e+02,58861,3.88506325267690e-05,1.01442835577974e-01,1.12607956314687e+03,sinkhorn_cellsim
1.525922e+02,58881,3.88506325244292e-05,1.01442835579527e-01,1.12607956344859e+03,sinkhorn_cellsim
1.526439e+02,58901,3.88506325241504e-05,1.01442835581071e-01,1.12607956375032e+03,sinkhorn_cellsim
1.526957e+02,58921,3.88506325295037e-05,1.01442835582610e-01,1.12607956405205e+03,sinkhorn_cellsim
1.527475e+02,58941,3.88506325223758e-05,1.01442835584136e-01,1.12607956435378e+03,sinkhorn_cellsim
1.527993e+02,58961,3.88506325276643e-05,1.01442835585658e-01,1.12607956465550e+03,sinkhorn_cellsim
1.528511e+02,58981,3.88506325279709e-05,1.01442835587171e-01,1.12607956495723e+03,sinkhorn_cellsim
1.529029e+02,59001,3.88506325239346e-05,1.01442835588675e-01,1.12607956525896e+03,sinkhorn_cellsim
1.529547e+02,59021,3.88506325285903e-05,1.01442835590173e-01,1.12607956556069e+03,sinkhorn_cellsim
1.530065e+02,59041,3.88506325278461e-05,1.01442835591663e-01,1.12607956586242e+03,sinkhorn_cellsim
1.530583e+02,59061,3.88506325292653e-05,1.01442835593145e-01,1.12607956616414e+03,sinkhorn_cellsim
1.531101e+02,59081,3.88506325232475e-05,1.01442835594617e-01,1.12607956646587e+03,sinkhorn_cellsim
1.531619e+02,59101,3.88506325284750e-05,1.01442835596085e-01,1.12607956676760e+03,sinkhorn_cellsim
1.532137e+02,59121,3.88506325265371e-05,1.01442835597544e-01,1.12607956706933e+03,sinkhorn_cellsim
1.532655e+02,59141,3.88506325241717e-05,1.01442835598995e-01,1.12607956737105e+03,sinkhorn_cellsim
1.533173e+02,59161,3.88506325262799e-05,1.01442835600438e-01,1.12607956767278e+03,sinkhorn_cellsim
1.533691e+02,59181,3.88506325211002e-05,1.01442835601874e-01,1.12607956797451e+03,sinkhorn_cellsim
1.534209e+02,59201,3.88506325242652e-05,1.01442835603304e-01,1.12607956827624e+03,sinkhorn_cellsim
1.534727e+02,59221,3.88506325304665e-05,1.01442835604727e-01,1.12607956857797e+03,sinkhorn_cellsim
1.535245e+02,59241,3.88506325259144e-05,1.01442835606140e-01,1.12607956887969e+03,sinkhorn_cellsim
1.535763e+02,59261,3.88506325230429e-05,1.01442835607547e-01,1.12607956918142e+03,sinkhorn_cellsim
1.536281e+02,59281,3.88506325244467e-05,1.01442835608946e-01,1.12607956948315e+03,sinkhorn_cellsim
1.536799e+02,59301,3.88506325295507e-05,1.01442835610341e-01,1.12607956978488e+03,sinkhorn_cellsim
1.537316e+02,59321,3.88506325271023e-05,1.01442835611725e-01,1.12607957008660e+03,sinkhorn_cellsim
1.537834e+02,59341,3.88506325243460e-05,1.01442835613102e-01,1.12607957038833e+03,sinkhorn_cellsim
1.538352e+02,59361,3.88506325258000e-05,1.01442835614474e-01,1.12607957069006e+03,sinkhorn_cellsim
1.538870e+02,59381,3.88506325267108e-05,1.01442835615838e-01,1.12607957099179e+03,sinkhorn_cellsim
1.539388e+02,59401,3.88506325223884e-05,1.01442835617194e-01,1.12607957129352e+03,sinkhorn_cellsim
1.539906e+02,59421,3.88506325264100e-05,1.01442835618544e-01,1.12607957159524e+03,sinkhorn_cellsim
1.540424e+02,59441,3.88506325268019e-05,1.01442835619887e-01,1.12607957189697e+03,sinkhorn_cellsim
1.540942e+02,59461,3.88506325266902e-05,1.01442835621222e-01,1.12607957219870e+03,sinkhorn_cellsim
1.541460e+02,59481,3.88506325260483e-05,1.01442835622551e-01,1.12607957250043e+03,sinkhorn_cellsim
1.541978e+02,59501,3.88506325256034e-05,1.01442835623874e-01,1.12607957280215e+03,sinkhorn_cellsim
1.542496e+02,59521,3.88506325248119e-05,1.01442835625188e-01,1.12607957310388e+03,sinkhorn_cellsim
1.543014e+02,59541,3.88506325235795e-05,1.01442835626496e-01,1.12607957340561e+03,sinkhorn_cellsim
1.543532e+02,59561,3.88506325236300e-05,1.01442835627798e-01,1.12607957370734e+03,sinkhorn_cellsim
1.544050e+02,59581,3.88506325282420e-05,1.01442835629094e-01,1.12607957400906e+03,sinkhorn_cellsim
1.544568e+02,59601,3.88506325275024e-05,1.01442835630382e-01,1.12607957431079e+03,sinkhorn_cellsim
1.545086e+02,59621,3.88506325293745e-05,1.01442835631664e-01,1.12607957461252e+03,sinkhorn_cellsim
1.545604e+02,59641,3.88506325234384e-05,1.01442835632938e-01,1.12607957491425e+03,sinkhorn_cellsim
1.546122e+02,59661,3.88506325302553e-05,1.01442835634207e-01,1.12607957521598e+03,sinkhorn_cellsim
1.546641e+02,59681,3.88506325259353e-05,1.01442835635468e-01,1.12607957551770e+03,sinkhorn_cellsim
1.547159e+02,59701,3.88506325260770e-05,1.01442835636724e-01,1.12607957581943e+03,sinkhorn_cellsim
1.547677e+02,59721,3.88506325257227e-05,1.01442835637973e-01,1.12607957612116e+03,sinkhorn_cellsim
1.548195e+02,59741,3.88506325263609e-05,1.01442835639215e-01,1.12607957642289e+03,sinkhorn_cellsim
1.548713e+02,59761,3.88506325266226e-05,1.01442835640451e-01,1.12607957672461e+03,sinkhorn_cellsim
1.549231e+02,59781,3.88506325272468e-05,1.01442835641680e-01,1.12607957702634e+03,sinkhorn_cellsim
1.549749e+02,59801,3.88506325253367e-05,1.01442835642904e-01,1.12607957732807e+03,sinkhorn_cellsim
1.550267e+02,59821,3.88506325275171e-05,1.01442835644121e-01,1.12607957762980e+03,sinkhorn_cellsim
1.550785e+02,59841,3.88506325251227e-05,1.01442835645330e-01,1.12607957793152e+03,sinkhorn_cellsim
1.551303e+02,59861,3.88506325251897e-05,1.01442835646535e-01,1.12607957823325e+03,sinkhorn_cellsim
1.551821e+02,59881,3.88506325233768e-05,1.01442835647732e-01,1.12607957853498e+03,sinkhorn_cellsim
1.552339e+02,59901,3.88506325225842e-05,1.01442835648925e-01,1.12607957883671e+03,sinkhorn_cellsim
1.552857e+02,59921,3.88506325273431e-05,1.01442835650111e-01,1.12607957913844e+03,sinkhorn_cellsim
1.553375e+02,59941,3.88506325249871e-05,1.01442835651290e-01,1.12607957944016e+03,sinkhorn_cellsim
1.553893e+02,59961,3.88506325296515e-05,1.01442835652464e-01,1.12607957974189e+03,sinkhorn_cellsim
1.554411e+02,59981,3.88506325253943e-05,1.01442835653631e-01,1.12607958004362e+03,sinkhorn_cellsim
1.554929e+02,60001,3.88506325293877e-05,1.01442835654793e-01,1.12607958034535e+03,sinkhorn_cellsim
1.555447e+02,60021,3.88506325253959e-05,1.01442835655947e-01,1.12607958064707e+03,sinkhorn_cellsim
1.555965e+02,60041,3.88506325223794e-05,1.01442835657096e-01,1.12607958094880e+03,sinkhorn_cellsim
1.556483e+02,60061,3.88506325254791e-05,1.01442835658240e-01,1.12607958125053e+03,sinkhorn_cellsim
1.557001e+02,60081,3.88506325256535e-05,1.01442835659378e-01,1.12607958155226e+03,sinkhorn_cellsim
1.557519e+02,60101,3.88506325292371e-05,1.01442835660511e-01,1.12607958185399e+03,sinkhorn_cellsim
1.558037e+02,60121,3.88506325244382e-05,1.01442835661636e-01,1.12607958215571e+03,sinkhorn_cellsim
1.558555e+02,60141,3.88506325271759e-05,1.01442835662757e-01,1.12607958245744e+03,sinkhorn_cellsim
1.559073e+02,60161,3.88506325266125e-05,1.01442835663871e-01,1.12607958275917e+03,sinkhorn_cellsim
1.559591e+02,60181,3.88506325270320e-05,1.01442835664980e-01,1.12607958306090e+03,sinkhorn_cellsim
1.560109e+02,60201,3.88506325243108e-05,1.01442835666082e-01,1.12607958336262e+03,sinkhorn_cellsim
1.560627e+02,60221,3.88506325239431e-05,1.01442835667179e-01,1.12607958366435e+03,sinkhorn_cellsim
1.561145e+02,60241,3.88506325223986e-05,1.01442835668269e-01,1.12607958396608e+03,sinkhorn_cellsim
1.561663e+02,60261,3.88506325276014e-05,1.01442835669356e-01,1.12607958426781e+03,sinkhorn_cellsim
1.562181e+02,60281,3.88506325266346e-05,1.01442835670436e-01,1.12607958456953e+03,sinkhorn_cellsim
1.562699e+02,60301,3.88506325246403e-05,1.01442835671511e-01,1.12607958487126e+03,sinkhorn_cellsim
1.563217e+02,60321,3.88506325232782e-05,1.01442835672579e-01,1.12607958517299e+03,sinkhorn_cellsim
1.563735e+02,60341,3.88506325242470e-05,1.01442835673643e-01,1.12607958547472e+03,sinkhorn_cellsim
1.564253e+02,60361,3.88506325257384e-05,1.01442835674701e-01,1.12607958577645e+03,sinkhorn_cellsim
1.564771e+02,60381,3.88506325268701e-05,1.01442835675753e-01,1.12607958607817e+03,sinkhorn_cellsim
1.565289e+02,60401,3.88506325230609e-05,1.01442835676800e-01,1.12607958637990e+03,sinkhorn_cellsim
1.565807e+02,60421,3.88506325248751e-05,1.01442835677842e-01,1.12607958668163e+03,sinkhorn_cellsim
1.566325e+02,60441,3.88506325282952e-05,1.01442835678879e-01,1.12607958698336e+03,sinkhorn_cellsim
1.566844e+02,60461,3.88506325220328e-05,1.01442835679909e-01,1.12607958728508e+03,sinkhorn_cellsim
1.567362e+02,60481,3.88506325224544e-05,1.01442835680934e-01,1.12607958758681e+03,sinkhorn_cellsim
1.567880e+02,60501,3.88506325248386e-05,1.01442835681956e-01,1.12607958788854e+03,sinkhorn_cellsim
1.568398e+02,60521,3.88506325262050e-05,1.01442835682970e-01,1.12607958819027e+03,sinkhorn_cellsim
1.568916e+02,60541,3.88506325284880e-05,1.01442835683981e-01,1.12607958849200e+03,sinkhorn_cellsim
1.569434e+02,60561,3.88506325264494e-05,1.01442835684985e-01,1.12607958879372e+03,sinkhorn_cellsim
1.569952e+02,60581,3.88506325250600e-05,1.01442835685984e-01,1.12607958909545e+03,sinkhorn_cellsim
1.570470e+02,60601,3.88506325298921e-05,1.01442835686979e-01,1.12607958939718e+03,sinkhorn_cellsim
1.570988e+02,60621,3.88506325264528e-05,1.01442835687968e-01,1.12607958969891e+03,sinkhorn_cellsim
1.571506e+02,60641,3.88506325233817e-05,1.01442835688950e-01,1.12607959000063e+03,sinkhorn_cellsim
1.572024e+02,60661,3.88506325248451e-05,1.01442835689930e-01,1.12607959030236e+03,sinkhorn_cellsim
1.572542e+02,60681,3.88506325271648e-05,1.01442835690904e-01,1.12607959060409e+03,sinkhorn_cellsim
1.573060e+02,60701,3.88506325275764e-05,1.01442835691873e-01,1.12607959090582e+03,sinkhorn_cellsim
1.573578e+02,60721,3.88506325232446e-05,1.01442835692837e-01,1.12607959120754e+03,sinkhorn_cellsim
1.574096e+02,60741,3.88506325249678e-05,1.01442835693796e-01,1.12607959150927e+03,sinkhorn_cellsim
1.574614e+02,60761,3.88506325202877e-05,1.01442835694749e-01,1.12607959181100e+03,sinkhorn_cellsim
1.575132e+02,60781,3.88506325267781e-05,1.01442835695699e-01,1.12607959211273e+03,sinkhorn_cellsim
1.575650e+02,60801,3.88506325255937e-05,1.01442835696643e-01,1.12607959241446e+03,sinkhorn_cellsim
1.576168e+02,60821,3.88506325252687e-05,1.01442835697582e-01,1.12607959271618e+03,sinkhorn_cellsim
1.576686e+02,60841,3.88506325242164e-05,1.01442835698516e-01,1.12607959301791e+03,sinkhorn_cellsim
1.577204e+02,60861,3.88506325235401e-05,1.01442835699445e-01,1.12607959331964e+03,sinkhorn_cellsim
1.577722e+02,60881,3.88506325247071e-05,1.01442835700371e-01,1.12607959362137e+03,sinkhorn_cellsim
1.578240e+02,60901,3.88506325283125e-05,1.01442835701291e-01,1.12607959392309e+03,sinkhorn_cellsim
1.578758e+02,60921,3.88506325312692e-05,1.01442835702207e-01,1.12607959422482e+03,sinkhorn_cellsim
1.579276e+02,60941,3.88506325295257e-05,1.01442835703117e-01,1.12607959452655e+03,sinkhorn_cellsim
1.579794e+02,60961,3.88506325246728e-05,1.01442835704023e-01,1.12607959482828e+03,sinkhorn_cellsim
1.580312e+02,60981,3.88506325262399e-05,1.01442835704924e-01,1.12607959513000e+03,sinkhorn_cellsim
1.580830e+02,61001,3.88506325260541e-05,1.01442835705819e-01,1.12607959543173e+03,sinkhorn_cellsim
1.581348e+02,61021,3.88506325223945e-05,1.01442835706711e-01,1.12607959573346e+03,sinkhorn_cellsim
1.581866e+02,61041,3.88506325206302e-05,1.01442835707598e-01,1.12607959603519e+03,sinkhorn_cellsim
1.582384e+02,61061,3.88506325257584e-05,1.01442835708481e-01,1.12607959633692e+03,sinkhorn_cellsim
1.582902e+02,61081,3.88506325270251e-05,1.01442835709359e-01,1.12607959663864e+03,sinkhorn_cellsim
1.583420e+02,61101,3.88506325261149e-05,1.01442835710233e-01,1.12607959694037e+03,sinkhorn_cellsim
1.583938e+02,61121,3.88506325256237e-05,1.01442835711102e-01,1.12607959724210e+03,sinkhorn_cellsim
1.584456e+02,61141,3.88506325272145e-05,1.01442835711966e-01,1.12607959754383e+03,sinkhorn_cellsim
1.584974e+02,61161,3.88506325278878e-05,1.01442835712827e-01,1.12607959784555e+03,sinkhorn_cellsim
1.585492e+02,61181,3.88506325242813e-05,1.01442835713682e-01,1.12607959814728e+03,sinkhorn_cellsim
1.586010e+02,61201,3.88506325238202e-05,1.01442835714533e-01,1.12607959844901e+03,sinkhorn_cellsim
1.586528e+02,61221,3.88506325284873e-05,1.01442835715381e-01,1.12607959875074e+03,sinkhorn_cellsim
1.587046e+02,61241,3.88506325250589e-05,1.01442835716223e-01,1.12607959905246e+03,sinkhorn_cellsim
1.587564e+02,61261,3.88506325247817e-05,1.01442835717061e-01,1.12607959935419e+03,sinkhorn_cellsim
1.588082e+02,61281,3.88506325284383e-05,1.01442835717895e-01,1.12607959965592e+03,sinkhorn_cellsim
1.588600e+02,61301,3.88506325286648e-05,1.01442835718725e-01,1.12607959995765e+03,sinkhorn_cellsim
1.589118e+02,61321,3.88506325229226e-05,1.01442835719549e-01,1.12607960025938e+03,sinkhorn_cellsim
1.589636e+02,61341,3.88506325234195e-05,1.01442835720370e-01,1.12607960056110e+03,sinkhorn_cellsim
1.590154e+02,61361,3.88506325264667e-05,1.01442835721187e-01,1.12607960086283e+03,sinkhorn_cellsim
1.590672e+02,61381,3.88506325258914e-05,1.01442835722000e-01,1.12607960116456e+03,sinkhorn_cellsim
1.591190e+02,61401,3.88506325240540e-05,1.01442835722808e-01,1.12607960146629e+03,sinkhorn_cellsim
1.591708e+02,61421,3.88506325283252e-05,1.01442835723613e-01,1.12607960176801e+03,sinkhorn_cellsim
1.592226e+02,61441,3.88506325278520e-05,1.01442835724413e-01,1.12607960206974e+03,sinkhorn_cellsim
1.592744e+02,61461,3.88506325264038e-05,1.01442835725209e-01,1.12607960237147e+03,sinkhorn_cellsim
1.593262e+02,61481,3.88506325279661e-05,1.01442835726001e-01,1.12607960267320e+03,sinkhorn_cellsim
1.593780e+02,61501,3.88506325268450e-05,1.01442835726789e-01,1.12607960297493e+03,sinkhorn_cellsim
1.594298e+02,61521,3.88506325247679e-05,1.01442835727571e-01,1.12607960327665e+03,sinkhorn_cellsim
1.594816e+02,61541,3.88506325233246e-05,1.01442835728350e-01,1.12607960357838e+03,sinkhorn_cellsim
1.595334e+02,61561,3.88506325286641e-05,1.01442835729127e-01,1.12607960388011e+03,sinkhorn_cellsim
1.595852e+02,61581,3.88506325235169e-05,1.01442835729898e-01,1.12607960418184e+03,sinkhorn_cellsim
1.596369e+02,61601,3.88506325217536e-05,1.01442835730665e-01,1.12607960448356e+03,sinkhorn_cellsim
1.596887e+02,61621,3.88506325266315e-05,1.01442835731430e-01,1.12607960478529e+03,sinkhorn_cellsim
1.597405e+02,61641,3.88506325229012e-05,1.01442835732188e-01,1.12607960508702e+03,sinkhorn_cellsim
1.597923e+02,61661,3.88506325236518e-05,1.01442835732945e-01,1.12607960538875e+03,sinkhorn_cellsim
1.598441e+02,61681,3.88506325238477e-05,1.01442835733696e-01,1.12607960569047e+03,sinkhorn_cellsim
1.598959e+02,61701,3.88506325241273e-05,1.01442835734444e-01,1.12607960599220e+03,sinkhorn_cellsim
1.599477e+02,61721,3.88506325267022e-05,1.01442835735189e-01,1.12607960629393e+03,sinkhorn_cellsim
1.599995e+02,61741,3.88506325237160e-05,1.01442835735929e-01,1.12607960659566e+03,sinkhorn_cellsim
1.600513e+02,61761,3.88506325308135e-05,1.01442835736667e-01,1.12607960689739e+03,sinkhorn_cellsim
1.601031e+02,61781,3.88506325228456e-05,1.01442835737398e-01,1.12607960719911e+03,sinkhorn_cellsim
1.601549e+02,61801,3.88506325249628e-05,1.01442835738127e-01,1.12607960750084e+03,sinkhorn_cellsim
1.602067e+02,61821,3.88506325259397e-05,1.01442835738852e-01,1.12607960780257e+03,sinkhorn_cellsim
1.602585e+02,61841,3.88506325248764e-05,1.01442835739574e-01,1.12607960810430e+03,sinkhorn_cellsim
1.603103e+02,61861,3.88506325248147e-05,1.01442835740291e-01,1.12607960840602e+03,sinkhorn_cellsim
1.603621e+02,61881,3.88506325230059e-05,1.01442835741005e-01,1.12607960870775e+03,sinkhorn_cellsim
1.604139e+02,61901,3.88506325254950e-05,1.01442835741716e-01,1.12607960900948e+03,sinkhorn_cellsim
1.604657e+02,61921,3.88506325241141e-05,1.01442835742422e-01,1.12607960931121e+03,sinkhorn_cellsim
1.605175e+02,61941,3.88506325300994e-05,1.01442835743126e-01,1.12607960961293e+03,sinkhorn_cellsim
1.605693e+02,61961,3.88506325253232e-05,1.01442835743825e-01,1.12607960991466e+03,sinkhorn_cellsim
1.606211e+02,61981,3.88506325272079e-05,1.01442835744521e-01,1.12607961021639e+03,sinkhorn_cellsim
1.606729e+02,62001,3.88506325239429e-05,1.01442835745212e-01,1.12607961051812e+03,sinkhorn_cellsim
1.607247e+02,62021,3.88506325270065e-05,1.01442835745902e-01,1.12607961081985e+03,sinkhorn_cellsim
1.607765e+02,62041,3.88506325273730e-05,1.01442835746587e-01,1.12607961112157e+03,sinkhorn_cellsim
1.608283e+02,62061,3.88506325296394e-05,1.01442835747269e-01,1.12607961142330e+03,sinkhorn_cellsim
1.608801e+02,62081,3.88506325274103e-05,1.01442835747946e-01,1.12607961172503e+03,sinkhorn_cellsim
1.609319e+02,62101,3.88506325272611e-05,1.01442835748622e-01,1.12607961202676e+03,sinkhorn_cellsim
1.609837e+02,62121,3.88506325279572e-05,1.01442835749293e-01,1.12607961232848e+03,sinkhorn_cellsim
1.610355e+02,62141,3.88506325256698e-05,1.01442835749959e-01,1.12607961263021e+03,sinkhorn_cellsim
1.610873e+02,62161,3.88506325254087e-05,1.01442835750624e-01,1.12607961293194e+03,sinkhorn_cellsim
1.611391e+02,62181,3.88506325246778e-05,1.01442835751284e-01,1.12607961323367e+03,sinkhorn_cellsim
1.611909e+02,62201,3.88506325243350e-05,1.01442835751941e-01,1.12607961353539e+03,sinkhorn_cellsim
1.612427e+02,62221,3.88506325253104e-05,1.01442835752596e-01,1.12607961383712e+03,sinkhorn_cellsim
1.612945e+02,62241,3.88506325259913e-05,1.01442835753246e-01,1.12607961413885e+03,sinkhorn_cellsim
1.613463e+02,62261,3.88506325230266e-05,1.01442835753892e-01,1.12607961444058e+03,sinkhorn_cellsim
1.613981e+02,62281,3.88506325272152e-05,1.01442835754538e-01,1.12607961474231e+03,sinkhorn_cellsim
1.614499e+02,62301,3.88506325250060e-05,1.01442835755177e-01,1.12607961504403e+03,sinkhorn_cellsim
1.615017e+02,62321,3.88506325265991e-05,1.01442835755815e-01,1.12607961534576e+03,sinkhorn_cellsim
1.615535e+02,62341,3.88506325234797e-05,1.01442835756448e-01,1.12607961564749e+03,sinkhorn_cellsim
1.616053e+02,62361,3.88506325269789e-05,1.01442835757080e-01,1.12607961594922e+03,sinkhorn_cellsim
1.616571e+02,62381,3.88506325239728e-05,1.01442835757707e-01,1.12607961625094e+03,sinkhorn_cellsim
1.617088e+02,62401,3.88506325282632e-05,1.01442835758332e-01,1.12607961655267e+03,sinkhorn_cellsim
1.617606e+02,62421,3.88506325259804e-05,1.01442835758953e-01,1.12607961685440e+03,sinkhorn_cellsim
1.618124e+02,62441,3.88506325268666e-05,1.01442835759570e-01,1.12607961715613e+03,sinkhorn_cellsim
1.618642e+02,62461,3.88506325276353e-05,1.01442835760185e-01,1.12607961745785e+03,sinkhorn_cellsim
1.619161e+02,62481,3.88506325243932e-05,1.01442835760796e-01,1.12607961775958e+03,sinkhorn_cellsim
1.619679e+02,62501,3.88506325246786e-05,1.01442835761403e-01,1.12607961806131e+03,sinkhorn_cellsim
1.620196e+02,62521,3.88506325266093e-05,1.01442835762010e-01,1.12607961836304e+03,sinkhorn_cellsim
1.620714e+02,62541,3.88506325260441e-05,1.01442835762611e-01,1.12607961866477e+03,sinkhorn_cellsim
1.621232e+02,62561,3.88506325243242e-05,1.01442835763210e-01,1.12607961896649e+03,sinkhorn_cellsim
1.621750e+02,62581,3.88506325260332e-05,1.01442835763806e-01,1.12607961926822e+03,sinkhorn_cellsim
1.622268e+02,62601,3.88506325286814e-05,1.01442835764400e-01,1.12607961956995e+03,sinkhorn_cellsim
1.622786e+02,62621,3.88506325267186e-05,1.01442835764990e-01,1.12607961987168e+03,sinkhorn_cellsim
1.623304e+02,62641,3.88506325281995e-05,1.01442835765576e-01,1.12607962017340e+03,sinkhorn_cellsim
1.623822e+02,62661,3.88506325240178e-05,1.01442835766159e-01,1.12607962047513e+03,sinkhorn_cellsim
1.624340e+02,62681,3.88506325276755e-05,1.01442835766740e-01,1.12607962077686e+03,sinkhorn_cellsim
1.624858e+02,62701,3.88506325235380e-05,1.01442835767317e-01,1.12607962107859e+03,sinkhorn_cellsim
1.625376e+02,62721,3.88506325242945e-05,1.01442835767891e-01,1.12607962138031e+03,sinkhorn_cellsim
1.625894e+02,62741,3.88506325266771e-05,1.01442835768464e-01,1.12607962168204e+03,sinkhorn_cellsim
1.626412e+02,62761,3.88506325233130e-05,1.01442835769032e-01,1.12607962198377e+03,sinkhorn_cellsim
1.626930e+02,62781,3.88506325264470e-05,1.01442835769599e-01,1.12607962228550e+03,sinkhorn_cellsim
1.627448e+02,62801,3.88506325266908e-05,1.01442835770162e-01,1.12607962258723e+03,sinkhorn_cellsim
1.627966e+02,62821,3.88506325264777e-05,1.01442835770722e-01,1.12607962288895e+03,sinkhorn_cellsim
1.628484e+02,62841,3.88506325235882e-05,1.01442835771279e-01,1.12607962319068e+03,sinkhorn_cellsim
1.629002e+02,62861,3.88506325239731e-05,1.01442835771833e-01,1.12607962349241e+03,sinkhorn_cellsim
1.629520e+02,62881,3.88506325268573e-05,1.01442835772385e-01,1.12607962379414e+03,sinkhorn_cellsim
1.630038e+02,62901,3.88506325262205e-05,1.01442835772933e-01,1.12607962409586e+03,sinkhorn_cellsim
1.630556e+02,62921,3.88506325254362e-05,1.01442835773479e-01,1.12607962439759e+03,sinkhorn_cellsim
1.631074e+02,62941,3.88506325239509e-05,1.01442835774022e-01,1.12607962469932e+03,sinkhorn_cellsim
1.631592e+02,62961,3.88506325230015e-05,1.01442835774563e-01,1.12607962500105e+03,sinkhorn_cellsim
1.632110e+02,62981,3.88506325240938e-05,1.01442835775100e-01,1.12607962530277e+03,sinkhorn_cellsim
1.632628e+02,63001,3.88506325268677e-05,1.01442835775635e-01,1.12607962560450e+03,sinkhorn_cellsim
1.633146e+02,63021,3.88506325270963e-05,1.01442835776167e-01,1.12607962590623e+03,sinkhorn_cellsim
1.633664e+02,63041,3.88506325254954e-05,1.01442835776695e-01,1.12607962620796e+03,sinkhorn_cellsim
1.634182e+02,63061,3.88506325263336e-05,1.01442835777222e-01,1.12607962650969e+03,sinkhorn_cellsim
1.634700e+02,63081,3.88506325240731e-05,1.01442835777745e-01,1.12607962681141e+03,sinkhorn_cellsim
1.635218e+02,63101,3.88506325259865e-05,1.01442835778266e-01,1.12607962711314e+03,sinkhorn_cellsim
1.635736e+02,63121,3.88506325314380e-05,1.01442835778786e-01,1.12607962741487e+03,sinkhorn_cellsim
1.636254e+02,63141,3.88506325249045e-05,1.01442835779300e-01,1.12607962771660e+03,sinkhorn_cellsim
1.636772e+02,63161,3.88506325261377e-05,1.01442835779814e-01,1.12607962801832e+03,sinkhorn_cellsim
1.637290e+02,63181,3.88506325240255e-05,1.01442835780324e-01,1.12607962832005e+03,sinkhorn_cellsim
1.637808e+02,63201,3.88506325258045e-05,1.01442835780832e-01,1.12607962862178e+03,sinkhorn_cellsim
1.638326e+02,63221,3.88506325242794e-05,1.01442835781337e-01,1.12607962892351e+03,sinkhorn_cellsim
1.638844e+02,63241,3.88506325251305e-05,1.01442835781840e-01,1.12607962922523e+03,sinkhorn_cellsim
1.639362e+02,63261,3.88506325269199e-05,1.01442835782339e-01,1.12607962952696e+03,sinkhorn_cellsim
1.639880e+02,63281,3.88506325240550e-05,1.01442835782836e-01,1.12607962982869e+03,sinkhorn_cellsim
1.640398e+02,63301,3.88506325248443e-05,1.01442835783331e-01,1.12607963013042e+03,sinkhorn_cellsim
1.640916e+02,63321,3.88506325261528e-05,1.01442835783824e-01,1.12607963043215e+03,sinkhorn_cellsim
1.641434e+02,63341,3.88506325271509e-05,1.01442835784314e-01,1.12607963073387e+03,sinkhorn_cellsim
1.641952e+02,63361,3.88506325264936e-05,1.01442835784802e-01,1.12607963103560e+03,sinkhorn_cellsim
1.642470e+02,63381,3.88506325291486e-05,1.01442835785286e-01,1.12607963133733e+03,sinkhorn_cellsim
1.642988e+02,63401,3.88506325273206e-05,1.01442835785768e-01,1.12607963163906e+03,sinkhorn_cellsim
1.643506e+02,63421,3.88506325266495e-05,1.01442835786248e-01,1.12607963194078e+03,sinkhorn_cellsim
1.644024e+02,63441,3.88506325251172e-05,1.01442835786725e-01,1.12607963224251e+03,sinkhorn_cellsim
1.644542e+02,63461,3.88506325264156e-05,1.01442835787200e-01,1.12607963254424e+03,sinkhorn_cellsim
1.645060e+02,63481,3.88506325268243e-05,1.01442835787673e-01,1.12607963284597e+03,sinkhorn_cellsim
1.645578e+02,63501,3.88506325262184e-05,1.01442835788143e-01,1.12607963314769e+03,sinkhorn_cellsim
1.646096e+02,63521,3.88506325235936e-05,1.01442835788610e-01,1.12607963344942e+03,sinkhorn_cellsim
1.646614e+02,63541,3.88506325249589e-05,1.01442835789075e-01,1.12607963375115e+03,sinkhorn_cellsim
1.647132e+02,63561,3.88506325293732e-05,1.01442835789538e-01,1.12607963405288e+03,sinkhorn_cellsim
1.647649e+02,63581,3.88506325233765e-05,1.01442835789998e-01,1.12607963435461e+03,sinkhorn_cellsim
1.648168e+02,63601,3.88506325273006e-05,1.01442835790456e-01,1.12607963465633e+03,sinkhorn_cellsim
1.648686e+02,63621,3.88506325258757e-05,1.01442835790912e-01,1.12607963495806e+03,sinkhorn_cellsim
1.649206e+02,63641,3.88506325256694e-05,1.01442835791364e-01,1.12607963525979e+03,sinkhorn_cellsim
1.649724e+02,63661,3.88506325226897e-05,1.01442835791815e-01,1.12607963556152e+03,sinkhorn_cellsim
1.650242e+02,63681,3.88506325292222e-05,1.01442835792265e-01,1.12607963586324e+03,sinkhorn_cellsim
1.650760e+02,63701,3.88506325283109e-05,1.01442835792712e-01,1.12607963616497e+03,sinkhorn_cellsim
1.651278e+02,63721,3.88506325265112e-05,1.01442835793155e-01,1.12607963646670e+03,sinkhorn_cellsim
1.651796e+02,63741,3.88506325269707e-05,1.01442835793597e-01,1.12607963676843e+03,sinkhorn_cellsim
1.652314e+02,63761,3.88506325235230e-05,1.01442835794035e-01,1.12607963707015e+03,sinkhorn_cellsim
1.652832e+02,63781,3.88506325302761e-05,1.01442835794474e-01,1.12607963737188e+03,sinkhorn_cellsim
1.653350e+02,63801,3.88506325247137e-05,1.01442835794908e-01,1.12607963767361e+03,sinkhorn_cellsim
1.653868e+02,63821,3.88506325230110e-05,1.01442835795340e-01,1.12607963797534e+03,sinkhorn_cellsim
1.654386e+02,63841,3.88506325261141e-05,1.01442835795772e-01,1.12607963827707e+03,sinkhorn_cellsim
1.654904e+02,63861,3.88506325244374e-05,1.01442835796199e-01,1.12607963857879e+03,sinkhorn_cellsim
1.655423e+02,63881,3.88506325259040e-05,1.01442835796626e-01,1.12607963888052e+03,sinkhorn_cellsim
1.655941e+02,63901,3.88506325229356e-05,1.01442835797049e-01,1.12607963918225e+03,sinkhorn_cellsim
1.656459e+02,63921,3.88506325220199e-05,1.01442835797470e-01,1.12607963948398e+03,sinkhorn_cellsim
1.656977e+02,63941,3.88506325252494e-05,1.01442835797892e-01,1.12607963978570e+03,sinkhorn_cellsim
1.657495e+02,63961,3.88506325244170e-05,1.01442835798308e-01,1.12607964008743e+03,sinkhorn_cellsim
1.658013e+02,63981,3.88506325268448e-05,1.01442835798724e-01,1.12607964038916e+03,sinkhorn_cellsim
1.658531e+02,64001,3.88506325293273e-05,1.01442835799137e-01,1.12607964069089e+03,sinkhorn_cellsim
1.659049e+02,64021,3.88506325212214e-05,1.01442835799547e-01,1.12607964099261e+03,sinkhorn_cellsim
1.659573e+02,64041,3.88506325242187e-05,1.01442835799956e-01,1.12607964129434e+03,sinkhorn_cellsim
1.660091e+02,64061,3.88506325231807e-05,1.01442835800364e-01,1.12607964159607e+03,sinkhorn_cellsim
1.660609e+02,64081,3.88506325290904e-05,1.01442835800768e-01,1.12607964189780e+03,sinkhorn_cellsim
1.661127e+02,64101,3.88506325265168e-05,1.01442835801171e-01,1.12607964219953e+03,sinkhorn_cellsim
1.661645e+02,64121,3.88506325255694e-05,1.01442835801571e-01,1.12607964250125e+03,sinkhorn_cellsim
1.662163e+02,64141,3.88506325251897e-05,1.01442835801969e-01,1.12607964280298e+03,sinkhorn_cellsim
1.662681e+02,64161,3.88506325241293e-05,1.01442835802366e-01,1.12607964310471e+03,sinkhorn_cellsim
1.663301e+02,64181,3.88506325241320e-05,1.01442835802760e-01,1.12607964340644e+03,sinkhorn_cellsim
1.663819e+02,64201,3.88506325245484e-05,1.01442835803152e-01,1.12607964370816e+03,sinkhorn_cellsim
1.664337e+02,64221,3.88506325254978e-05,1.01442835803543e-01,1.12607964400989e+03,sinkhorn_cellsim
1.664855e+02,64241,3.88506325257853e-05,1.01442835803932e-01,1.12607964431162e+03,sinkhorn_cellsim
1.665373e+02,64261,3.88506325215370e-05,1.01442835804318e-01,1.12607964461335e+03,sinkhorn_cellsim
1.665891e+02,64281,3.88506325259381e-05,1.01442835804702e-01,1.12607964491507e+03,sinkhorn_cellsim
1.666409e+02,64301,3.88506325247668e-05,1.01442835805084e-01,1.12607964521680e+03,sinkhorn_cellsim
1.666927e+02,64321,3.88506325260852e-05,1.01442835805465e-01,1.12607964551853e+03,sinkhorn_cellsim
1.667445e+02,64341,3.88506325273190e-05,1.01442835805844e-01,1.12607964582026e+03,sinkhorn_cellsim
1.667963e+02,64361,3.88506325305676e-05,1.01442835806222e-01,1.12607964612199e+03,sinkhorn_cellsim
1.668481e+02,64381,3.88506325251114e-05,1.01442835806595e-01,1.12607964642371e+03,sinkhorn_cellsim
1.668998e+02,64401,3.88506325246564e-05,1.01442835806966e-01,1.12607964672544e+03,sinkhorn_cellsim
1.669516e+02,64421,3.88506325305698e-05,1.01442835807338e-01,1.12607964702717e+03,sinkhorn_cellsim
1.670034e+02,64441,3.88506325267421e-05,1.01442835807707e-01,1.12607964732890e+03,sinkhorn_cellsim
1.670552e+02,64461,3.88506325254599e-05,1.01442835808073e-01,1.12607964763062e+03,sinkhorn_cellsim
1.671070e+02,64481,3.88506325271709e-05,1.01442835808439e-01,1.12607964793235e+03,sinkhorn_cellsim
1.671588e+02,64501,3.88506325278408e-05,1.01442835808802e-01,1.12607964823408e+03,sinkhorn_cellsim
1.672106e+02,64521,3.88506325255893e-05,1.01442835809163e-01,1.12607964853581e+03,sinkhorn_cellsim
1.672624e+02,64541,3.88506325258311e-05,1.01442835809522e-01,1.12607964883753e+03,sinkhorn_cellsim
1.673142e+02,64561,3.88506325257538e-05,1.01442835809881e-01,1.12607964913926e+03,sinkhorn_cellsim
1.673660e+02,64581,3.88506325268205e-05,1.01442835810237e-01,1.12607964944099e+03,sinkhorn_cellsim
1.674178e+02,64601,3.88506325263460e-05,1.01442835810590e-01,1.12607964974272e+03,sinkhorn_cellsim
1.674696e+02,64621,3.88506325262371e-05,1.01442835810943e-01,1.12607965004445e+03,sinkhorn_cellsim
1.675214e+02,64641,3.88506325253389e-05,1.01442835811293e-01,1.12607965034617e+03,sinkhorn_cellsim
1.675731e+02,64661,3.88506325260509e-05,1.01442835811642e-01,1.12607965064790e+03,sinkhorn_cellsim
1.676249e+02,64681,3.88506325227004e-05,1.01442835811987e-01,1.12607965094963e+03,sinkhorn_cellsim
1.676767e+02,64701,3.88506325244773e-05,1.01442835812333e-01,1.12607965125136e+03,sinkhorn_cellsim
1.677285e+02,64721,3.88506325231569e-05,1.01442835812675e-01,1.12607965155308e+03,sinkhorn_cellsim
1.677803e+02,64741,3.88506325253512e-05,1.01442835813017e-01,1.12607965185481e+03,sinkhorn_cellsim
1.678321e+02,64761,3.88506325252129e-05,1.01442835813357e-01,1.12607965215654e+03,sinkhorn_cellsim
1.678839e+02,64781,3.88506325258173e-05,1.01442835813695e-01,1.12607965245827e+03,sinkhorn_cellsim
1.679357e+02,64801,3.88506325260647e-05,1.01442835814031e-01,1.12607965275999e+03,sinkhorn_cellsim
1.679875e+02,64821,3.88506325289766e-05,1.01442835814366e-01,1.12607965306172e+03,sinkhorn_cellsim
1.680393e+02,64841,3.88506325275957e-05,1.01442835814699e-01,1.12607965336345e+03,sinkhorn_cellsim
1.680911e+02,64861,3.88506325257973e-05,1.01442835815030e-01,1.12607965366518e+03,sinkhorn_cellsim
1.681429e+02,64881,3.88506325244503e-05,1.01442835815358e-01,1.12607965396690e+03,sinkhorn_cellsim
1.681946e+02,64901,3.88506325271165e-05,1.01442835815687e-01,1.12607965426863e+03,sinkhorn_cellsim
1.682464e+02,64921,3.88506325293287e-05,1.01442835816013e-01,1.12607965457036e+03,sinkhorn_cellsim
1.682982e+02,64941,3.88506325229586e-05,1.01442835816336e-01,1.12607965487209e+03,sinkhorn_cellsim
1.683500e+02,64961,3.88506325251042e-05,1.01442835816659e-01,1.12607965517382e+03,sinkhorn_cellsim
1.684018e+02,64981,3.88506325255320e-05,1.01442835816980e-01,1.12607965547554e+03,sinkhorn_cellsim
1.684536e+02,65001,3.88506325243262e-05,1.01442835817299e-01,1.12607965577727e+03,sinkhorn_cellsim
1.685054e+02,65021,3.88506325287048e-05,1.01442835817618e-01,1.12607965607900e+03,sinkhorn_cellsim
1.685572e+02,65041,3.88506325285403e-05,1.01442835817934e-01,1.12607965638073e+03,sinkhorn_cellsim
1.686090e+02,65061,3.88506325239309e-05,1.01442835818247e-01,1.12607965668245e+03,sinkhorn_cellsim
1.686608e+02,65081,3.88506325278376e-05,1.01442835818561e-01,1.12607965698418e+03,sinkhorn_cellsim
1.687126e+02,65101,3.88506325270267e-05,1.01442835818872e-01,1.12607965728591e+03,sinkhorn_cellsim
1.687643e+02,65121,3.88506325256938e-05,1.01442835819182e-01,1.12607965758764e+03,sinkhorn_cellsim
1.688161e+02,65141,3.88506325272120e-05,1.01442835819491e-01,1.12607965788937e+03,sinkhorn_cellsim
1.688679e+02,65161,3.88506325234604e-05,1.01442835819796e-01,1.12607965819109e+03,sinkhorn_cellsim
1.689197e+02,65181,3.88506325228571e-05,1.01442835820101e-01,1.12607965849282e+03,sinkhorn_cellsim
1.689715e+02,65201,3.88506325227194e-05,1.01442835820404e-01,1.12607965879455e+03,sinkhorn_cellsim
1.690233e+02,65221,3.88506325255276e-05,1.01442835820705e-01,1.12607965909628e+03,sinkhorn_cellsim
1.690751e+02,65241,3.88506325260198e-05,1.01442835821007e-01,1.12607965939800e+03,sinkhorn_cellsim
1.691269e+02,65261,3.88506325237514e-05,1.01442835821305e-01,1.12607965969973e+03,sinkhorn_cellsim
1.691787e+02,65281,3.88506325232850e-05,1.01442835821602e-01,1.12607966000146e+03,sinkhorn_cellsim
1.692305e+02,65301,3.88506325225810e-05,1.01442835821897e-01,1.12607966030319e+03,sinkhorn_cellsim
1.692823e+02,65321,3.88506325293945e-05,1.01442835822193e-01,1.12607966060491e+03,sinkhorn_cellsim
1.693341e+02,65341,3.88506325268672e-05,1.01442835822485e-01,1.12607966090664e+03,sinkhorn_cellsim
1.693859e+02,65361,3.88506325238704e-05,1.01442835822775e-01,1.12607966120837e+03,sinkhorn_cellsim
1.694377e+02,65381,3.88506325244661e-05,1.01442835823064e-01,1.12607966151010e+03,sinkhorn_cellsim
1.694895e+02,65401,3.88506325247473e-05,1.01442835823353e-01,1.12607966181183e+03,sinkhorn_cellsim
1.695413e+02,65421,3.88506325257078e-05,1.01442835823640e-01,1.12607966211355e+03,sinkhorn_cellsim
1.695930e+02,65441,3.88506325249589e-05,1.01442835823926e-01,1.12607966241528e+03,sinkhorn_cellsim
1.696448e+02,65461,3.88506325232475e-05,1.01442835824208e-01,1.12607966271701e+03,sinkhorn_cellsim
1.696966e+02,65481,3.88506325245081e-05,1.01442835824491e-01,1.12607966301874e+03,sinkhorn_cellsim
1.697484e+02,65501,3.88506325266703e-05,1.01442835824772e-01,1.12607966332046e+03,sinkhorn_cellsim
1.698002e+02,65521,3.88506325252969e-05,1.01442835825052e-01,1.12607966362219e+03,sinkhorn_cellsim
1.698520e+02,65541,3.88506325253089e-05,1.01442835825328e-01,1.12607966392392e+03,sinkhorn_cellsim
1.699038e+02,65561,3.88506325249158e-05,1.01442835825605e-01,1.12607966422565e+03,sinkhorn_cellsim
1.699556e+02,65581,3.88506325222965e-05,1.01442835825880e-01,1.12607966452737e+03,sinkhorn_cellsim
1.700074e+02,65601,3.88506325236968e-05,1.01442835826154e-01,1.12607966482910e+03,sinkhorn_cellsim
1.700592e+02,65621,3.88506325273416e-05,1.01442835826427e-01,1.12607966513083e+03,sinkhorn_cellsim
1.701110e+02,65641,3.88506325258335e-05,1.01442835826698e-01,1.12607966543256e+03,sinkhorn_cellsim
1.701628e+02,65661,3.88506325256248e-05,1.01442835826967e-01,1.12607966573428e+03,sinkhorn_cellsim
1.702146e+02,65681,3.88506325265544e-05,1.01442835827235e-01,1.12607966603601e+03,sinkhorn_cellsim
1.702664e+02,65701,3.88506325255033e-05,1.01442835827501e-01,1.12607966633774e+03,sinkhorn_cellsim
1.703182e+02,65721,3.88506325279020e-05,1.01442835827767e-01,1.12607966663947e+03,sinkhorn_cellsim
1.703700e+02,65741,3.88506325249537e-05,1.01442835828030e-01,1.12607966694120e+03,sinkhorn_cellsim
1.704218e+02,65761,3.88506325265184e-05,1.01442835828294e-01,1.12607966724292e+03,sinkhorn_cellsim
1.704736e+02,65781,3.88506325226482e-05,1.01442835828555e-01,1.12607966754465e+03,sinkhorn_cellsim
1.705254e+02,65801,3.88506325280187e-05,1.01442835828816e-01,1.12607966784638e+03,sinkhorn_cellsim
1.705772e+02,65821,3.88506325262100e-05,1.01442835829074e-01,1.12607966814811e+03,sinkhorn_cellsim
1.706289e+02,65841,3.88506325241388e-05,1.01442835829330e-01,1.12607966844983e+03,sinkhorn_cellsim
1.706807e+02,65861,3.88506325233678e-05,1.01442835829586e-01,1.12607966875156e+03,sinkhorn_cellsim
1.707325e+02,65881,3.88506325271335e-05,1.01442835829842e-01,1.12607966905329e+03,sinkhorn_cellsim
1.707843e+02,65901,3.88506325269328e-05,1.01442835830095e-01,1.12607966935502e+03,sinkhorn_cellsim
1.708361e+02,65921,3.88506325269028e-05,1.01442835830348e-01,1.12607966965674e+03,sinkhorn_cellsim
1.708879e+02,65941,3.88506325270729e-05,1.01442835830598e-01,1.12607966995847e+03,sinkhorn_cellsim
1.709397e+02,65961,3.88506325270117e-05,1.01442835830848e-01,1.12607967026020e+03,sinkhorn_cellsim
1.709915e+02,65981,3.88506325263330e-05,1.01442835831096e-01,1.12607967056193e+03,sinkhorn_cellsim
1.710433e+02,66001,3.88506325261777e-05,1.01442835831343e-01,1.12607967086366e+03,sinkhorn_cellsim
1.710951e+02,66021,3.88506325267386e-05,1.01442835831588e-01,1.12607967116538e+03,sinkhorn_cellsim
1.711469e+02,66041,3.88506325300739e-05,1.01442835831834e-01,1.12607967146711e+03,sinkhorn_cellsim
1.711987e+02,66061,3.88506325247565e-05,1.01442835832076e-01,1.12607967176884e+03,sinkhorn_cellsim
1.712505e+02,66081,3.88506325258641e-05,1.01442835832318e-01,1.12607967207057e+03,sinkhorn_cellsim
1.713023e+02,66101,3.88506325260272e-05,1.01442835832559e-01,1.12607967237229e+03,sinkhorn_cellsim
1.713541e+02,66121,3.88506325263061e-05,1.01442835832798e-01,1.12607967267402e+03,sinkhorn_cellsim
1.714059e+02,66141,3.88506325274777e-05,1.01442835833037e-01,1.12607967297575e+03,sinkhorn_cellsim
1.714577e+02,66161,3.88506325268227e-05,1.01442835833273e-01,1.12607967327748e+03,sinkhorn_cellsim
1.715095e+02,66181,3.88506325271484e-05,1.01442835833509e-01,1.12607967357920e+03,sinkhorn_cellsim
1.715613e+02,66201,3.88506325220821e-05,1.01442835833742e-01,1.12607967388093e+03,sinkhorn_cellsim
1.716132e+02,66221,3.88506325247455e-05,1.01442835833976e-01,1.12607967418266e+03,sinkhorn_cellsim
1.716650e+02,66241,3.88506325259610e-05,1.01442835834209e-01,1.12607967448439e+03,sinkhorn_cellsim
1.717168e+02,66261,3.88506325263122e-05,1.01442835834440e-01,1.12607967478612e+03,sinkhorn_cellsim
1.717686e+02,66281,3.88506325260377e-05,1.01442835834669e-01,1.12607967508784e+03,sinkhorn_cellsim
1.718203e+02,66301,3.88506325288167e-05,1.01442835834899e-01,1.12607967538957e+03,sinkhorn_cellsim
1.718722e+02,66321,3.88506325258772e-05,1.01442835835126e-01,1.12607967569130e+03,sinkhorn_cellsim
1.719239e+02,66341,3.88506325244246e-05,1.01442835835352e-01,1.12607967599303e+03,sinkhorn_cellsim
1.719757e+02,66361,3.88506325285319e-05,1.01442835835579e-01,1.12607967629475e+03,sinkhorn_cellsim
1.720276e+02,66381,3.88506325247564e-05,1.01442835835801e-01,1.12607967659648e+03,sinkhorn_cellsim
1.720794e+02,66401,3.88506325220919e-05,1.01442835836024e-01,1.12607967689821e+03,sinkhorn_cellsim
1.721312e+02,66421,3.88506325257961e-05,1.01442835836246e-01,1.12607967719994e+03,sinkhorn_cellsim
1.721830e+02,66441,3.88506325270129e-05,1.01442835836467e-01,1.12607967750166e+03,sinkhorn_cellsim
1.722348e+02,66461,3.88506325224096e-05,1.01442835836685e-01,1.12607967780339e+03,sinkhorn_cellsim
1.722866e+02,66481,3.88506325282812e-05,1.01442835836905e-01,1.12607967810512e+03,sinkhorn_cellsim
1.723384e+02,66501,3.88506325259021e-05,1.01442835837122e-01,1.12607967840685e+03,sinkhorn_cellsim
1.723902e+02,66521,3.88506325274689e-05,1.01442835837338e-01,1.12607967870858e+03,sinkhorn_cellsim
1.724420e+02,66541,3.88506325227891e-05,1.01442835837552e-01,1.12607967901030e+03,sinkhorn_cellsim
1.724938e+02,66561,3.88506325262018e-05,1.01442835837767e-01,1.12607967931203e+03,sinkhorn_cellsim
1.725456e+02,66581,3.88506325223480e-05,1.01442835837978e-01,1.12607967961376e+03,sinkhorn_cellsim
1.725974e+02,66601,3.88506325251226e-05,1.01442835838191e-01,1.12607967991549e+03,sinkhorn_cellsim
1.726492e+02,66621,3.88506325290033e-05,1.01442835838402e-01,1.12607968021721e+03,sinkhorn_cellsim
1.727010e+02,66641,3.88506325286834e-05,1.01442835838611e-01,1.12607968051894e+03,sinkhorn_cellsim
1.727528e+02,66661,3.88506325244624e-05,1.01442835838819e-01,1.12607968082067e+03,sinkhorn_cellsim
1.728046e+02,66681,3.88506325304245e-05,1.01442835839029e-01,1.12607968112240e+03,sinkhorn_cellsim
1.728564e+02,66701,3.88506325269089e-05,1.01442835839235e-01,1.12607968142412e+03,sinkhorn_cellsim
1.729082e+02,66721,3.88506325277041e-05,1.01442835839438e-01,1.12607968172585e+03,sinkhorn_cellsim
1.729599e+02,66741,3.88506325268340e-05,1.01442835839644e-01,1.12607968202758e+03,sinkhorn_cellsim
1.730118e+02,66761,3.88506325243943e-05,1.01442835839846e-01,1.12607968232931e+03,sinkhorn_cellsim
1.730636e+02,66781,3.88506325261754e-05,1.01442835840048e-01,1.12607968263104e+03,sinkhorn_cellsim
1.731154e+02,66801,3.88506325246248e-05,1.01442835840249e-01,1.12607968293276e+03,sinkhorn_cellsim
1.731672e+02,66821,3.88506325232021e-05,1.01442835840449e-01,1.12607968323449e+03,sinkhorn_cellsim
1.732190e+02,66841,3.88506325223787e-05,1.01442835840648e-01,1.12607968353622e+03,sinkhorn_cellsim
1.732708e+02,66861,3.88506325221270e-05,1.01442835840846e-01,1.12607968383795e+03,sinkhorn_cellsim
1.733226e+02,66881,3.88506325244220e-05,1.01442835841043e-01,1.12607968413967e+03,sinkhorn_cellsim
1.733744e+02,66901,3.88506325262869e-05,1.01442835841240e-01,1.12607968444140e+03,sinkhorn_cellsim
1.734262e+02,66921,3.88506325275945e-05,1.01442835841435e-01,1.12607968474313e+03,sinkhorn_cellsim
1.734780e+02,66941,3.88506325274607e-05,1.01442835841630e-01,1.12607968504486e+03,sinkhorn_cellsim
1.735298e+02,66961,3.88506325222516e-05,1.01442835841821e-01,1.12607968534658e+03,sinkhorn_cellsim
1.735816e+02,66981,3.88506325246029e-05,1.01442835842013e-01,1.12607968564831e+03,sinkhorn_cellsim
1.736334e+02,67001,3.88506325271318e-05,1.01442835842205e-01,1.12607968595004e+03,sinkhorn_cellsim
1.736852e+02,67021,3.88506325216062e-05,1.01442835842394e-01,1.12607968625177e+03,sinkhorn_cellsim
1.737370e+02,67041,3.88506325251567e-05,1.01442835842584e-01,1.12607968655350e+03,sinkhorn_cellsim
1.737888e+02,67061,3.88506325243984e-05,1.01442835842771e-01,1.12607968685522e+03,sinkhorn_cellsim
1.738406e+02,67081,3.88506325260597e-05,1.01442835842959e-01,1.12607968715695e+03,sinkhorn_cellsim
1.738924e+02,67101,3.88506325233476e-05,1.01442835843144e-01,1.12607968745868e+03,sinkhorn_cellsim
1.739442e+02,67121,3.88506325244123e-05,1.01442835843330e-01,1.12607968776041e+03,sinkhorn_cellsim
1.739960e+02,67141,3.88506325254097e-05,1.01442835843515e-01,1.12607968806213e+03,sinkhorn_cellsim
1.740478e+02,67161,3.88506325275917e-05,1.01442835843699e-01,1.12607968836386e+03,sinkhorn_cellsim
1.740996e+02,67181,3.88506325236611e-05,1.01442835843879e-01,1.12607968866559e+03,sinkhorn_cellsim
1.741514e+02,67201,3.88506325266861e-05,1.01442835844063e-01,1.12607968896732e+03,sinkhorn_cellsim
1.742032e+02,67221,3.88506325290641e-05,1.01442835844244e-01,1.12607968926904e+03,sinkhorn_cellsim
1.742550e+02,67241,3.88506325230913e-05,1.01442835844421e-01,1.12607968957077e+03,sinkhorn_cellsim
1.743068e+02,67261,3.88506325265265e-05,1.01442835844601e-01,1.12607968987250e+03,sinkhorn_cellsim
1.743586e+02,67281,3.88506325293872e-05,1.01442835844779e-01,1.12607969017423e+03,sinkhorn_cellsim
1.744104e+02,67301,3.88506325260100e-05,1.01442835844956e-01,1.12607969047596e+03,sinkhorn_cellsim
1.744622e+02,67321,3.88506325257465e-05,1.01442835845131e-01,1.12607969077768e+03,sinkhorn_cellsim
1.745140e+02,67341,3.88506325242137e-05,1.01442835845306e-01,1.12607969107941e+03,sinkhorn_cellsim
1.745658e+02,67361,3.88506325266316e-05,1.01442835845482e-01,1.12607969138114e+03,sinkhorn_cellsim
1.746176e+02,67381,3.88506325249404e-05,1.01442835845655e-01,1.12607969168287e+03,sinkhorn_cellsim
1.746694e+02,67401,3.88506325254747e-05,1.01442835845827e-01,1.12607969198459e+03,sinkhorn_cellsim
1.747212e+02,67421,3.88506325230466e-05,1.01442835845998e-01,1.12607969228632e+03,sinkhorn_cellsim
1.747730e+02,67441,3.88506325253091e-05,1.01442835846170e-01,1.12607969258805e+03,sinkhorn_cellsim
1.748248e+02,67461,3.88506325215344e-05,1.01442835846338e-01,1.12607969288978e+03,sinkhorn_cellsim
1.748766e+02,67481,3.88506325271210e-05,1.01442835846508e-01,1.12607969319150e+03,sinkhorn_cellsim
1.749285e+02,67501,3.88506325292694e-05,1.01442835846677e-01,1.12607969349323e+03,sinkhorn_cellsim
1.749802e+02,67521,3.88506325257793e-05,1.01442835846843e-01,1.12607969379496e+03,sinkhorn_cellsim
1.750321e+02,67541,3.88506325274675e-05,1.01442835847011e-01,1.12607969409669e+03,sinkhorn_cellsim
1.750839e+02,67561,3.88506325253705e-05,1.01442835847176e-01,1.12607969439842e+03,sinkhorn_cellsim
1.751357e+02,67581,3.88506325283506e-05,1.01442835847340e-01,1.12607969470014e+03,sinkhorn_cellsim
1.751875e+02,67601,3.88506325238836e-05,1.01442835847503e-01,1.12607969500187e+03,sinkhorn_cellsim
1.752393e+02,67621,3.88506325272006e-05,1.01442835847666e-01,1.12607969530360e+03,sinkhorn_cellsim
1.752911e+02,67641,3.88506325240730e-05,1.01442835847828e-01,1.12607969560533e+03,sinkhorn_cellsim
1.753429e+02,67661,3.88506325290750e-05,1.01442835847991e-01,1.12607969590705e+03,sinkhorn_cellsim
1.753947e+02,67681,3.88506325272781e-05,1.01442835848151e-01,1.12607969620878e+03,sinkhorn_cellsim
1.754465e+02,67701,3.88506325244494e-05,1.01442835848310e-01,1.12607969651051e+03,sinkhorn_cellsim
1.754983e+02,67721,3.88506325287413e-05,1.01442835848470e-01,1.12607969681224e+03,sinkhorn_cellsim
1.755501e+02,67741,3.88506325279005e-05,1.01442835848627e-01,1.12607969711396e+03,sinkhorn_cellsim
1.756019e+02,67761,3.88506325271013e-05,1.01442835848785e-01,1.12607969741569e+03,sinkhorn_cellsim
1.756537e+02,67781,3.88506325264347e-05,1.01442835848942e-01,1.12607969771742e+03,sinkhorn_cellsim
1.757055e+02,67801,3.88506325254770e-05,1.01442835849096e-01,1.12607969801915e+03,sinkhorn_cellsim
1.757573e+02,67821,3.88506325288943e-05,1.01442835849252e-01,1.12607969832088e+03,sinkhorn_cellsim
1.758091e+02,67841,3.88506325262600e-05,1.01442835849405e-01,1.12607969862260e+03,sinkhorn_cellsim
1.758609e+02,67861,3.88506325247579e-05,1.01442835849559e-01,1.12607969892433e+03,sinkhorn_cellsim
1.759127e+02,67881,3.88506325278764e-05,1.01442835849711e-01,1.12607969922606e+03,sinkhorn_cellsim
1.759645e+02,67901,3.88506325260199e-05,1.01442835849862e-01,1.12607969952779e+03,sinkhorn_cellsim
1.760163e+02,67921,3.88506325283133e-05,1.01442835850014e-01,1.12607969982951e+03,sinkhorn_cellsim
1.760681e+02,67941,3.88506325240730e-05,1.01442835850163e-01,1.12607970013124e+03,sinkhorn_cellsim
1.761199e+02,67961,3.88506325223518e-05,1.01442835850313e-01,1.12607970043297e+03,sinkhorn_cellsim
1.761717e+02,67981,3.88506325274503e-05,1.01442835850462e-01,1.12607970073470e+03,sinkhorn_cellsim
1.762235e+02,68001,3.88506325247083e-05,1.01442835850609e-01,1.12607970103642e+03,sinkhorn_cellsim
1.762753e+02,68021,3.88506325237816e-05,1.01442835850756e-01,1.12607970133815e+03,sinkhorn_cellsim
1.763271e+02,68041,3.88506325262810e-05,1.01442835850903e-01,1.12607970163988e+03,sinkhorn_cellsim
1.763789e+02,68061,3.88506325269446e-05,1.01442835851048e-01,1.12607970194161e+03,sinkhorn_cellsim
1.764307e+02,68081,3.88506325250710e-05,1.01442835851193e-01,1.12607970224334e+03,sinkhorn_cellsim
1.764825e+02,68101,3.88506325251821e-05,1.01442835851337e-01,1.12607970254506e+03,sinkhorn_cellsim
1.765343e+02,68121,3.88506325231535e-05,1.01442835851480e-01,1.12607970284679e+03,sinkhorn_cellsim
1.765861e+02,68141,3.88506325255522e-05,1.01442835851623e-01,1.12607970314852e+03,sinkhorn_cellsim
1.766379e+02,68161,3.88506325239046e-05,1.01442835851765e-01,1.12607970345025e+03,sinkhorn_cellsim
1.766897e+02,68181,3.88506325287521e-05,1.01442835851908e-01,1.12607970375197e+03,sinkhorn_cellsim
1.767415e+02,68201,3.88506325269880e-05,1.01442835852047e-01,1.12607970405370e+03,sinkhorn_cellsim
1.767933e+02,68221,3.88506325259288e-05,1.01442835852187e-01,1.12607970435543e+03,sinkhorn_cellsim
1.768451e+02,68241,3.88506325249002e-05,1.01442835852326e-01,1.12607970465716e+03,sinkhorn_cellsim
1.768969e+02,68261,3.88506325255069e-05,1.01442835852465e-01,1.12607970495888e+03,sinkhorn_cellsim
1.769487e+02,68281,3.88506325279894e-05,1.01442835852602e-01,1.12607970526061e+03,sinkhorn_cellsim
1.770005e+02,68301,3.88506325268803e-05,1.01442835852740e-01,1.12607970556234e+03,sinkhorn_cellsim
1.770523e+02,68321,3.88506325243029e-05,1.01442835852875e-01,1.12607970586407e+03,sinkhorn_cellsim
1.771041e+02,68341,3.88506325265059e-05,1.01442835853011e-01,1.12607970616579e+03,sinkhorn_cellsim
1.771559e+02,68361,3.88506325264434e-05,1.01442835853146e-01,1.12607970646752e+03,sinkhorn_cellsim
1.772077e+02,68381,3.88506325282881e-05,1.01442835853280e-01,1.12607970676925e+03,sinkhorn_cellsim
1.772595e+02,68401,3.88506325236018e-05,1.01442835853413e-01,1.12607970707098e+03,sinkhorn_cellsim
1.773113e+02,68421,3.88506325264168e-05,1.01442835853547e-01,1.12607970737271e+03,sinkhorn_cellsim
1.773631e+02,68441,3.88506325267773e-05,1.01442835853679e-01,1.12607970767443e+03,sinkhorn_cellsim
1.774149e+02,68461,3.88506325238570e-05,1.01442835853810e-01,1.12607970797616e+03,sinkhorn_cellsim
1.774667e+02,68481,3.88506325271736e-05,1.01442835853940e-01,1.12607970827789e+03,sinkhorn_cellsim
1.775185e+02,68501,3.88506325276321e-05,1.01442835854071e-01,1.12607970857962e+03,sinkhorn_cellsim
1.775703e+02,68521,3.88506325260363e-05,1.01442835854200e-01,1.12607970888134e+03,sinkhorn_cellsim
1.776221e+02,68541,3.88506325267437e-05,1.01442835854329e-01,1.12607970918307e+03,sinkhorn_cellsim
1.776739e+02,68561,3.88506325259789e-05,1.01442835854457e-01,1.12607970948480e+03,sinkhorn_cellsim
1.777257e+02,68581,3.88506325290509e-05,1.01442835854585e-01,1.12607970978653e+03,sinkhorn_cellsim
1.777775e+02,68601,3.88506325308127e-05,1.01442835854712e-01,1.12607971008825e+03,sinkhorn_cellsim
1.778293e+02,68621,3.88506325266899e-05,1.01442835854837e-01,1.12607971038998e+03,sinkhorn_cellsim
1.778811e+02,68641,3.88506325266518e-05,1.01442835854963e-01,1.12607971069171e+03,sinkhorn_cellsim
1.779329e+02,68661,3.88506325228253e-05,1.01442835855087e-01,1.12607971099344e+03,sinkhorn_cellsim
1.779847e+02,68681,3.88506325243087e-05,1.01442835855212e-01,1.12607971129517e+03,sinkhorn_cellsim
1.780365e+02,68701,3.88506325274969e-05,1.01442835855337e-01,1.12607971159689e+03,sinkhorn_cellsim
1.780883e+02,68721,3.88506325280500e-05,1.01442835855459e-01,1.12607971189862e+03,sinkhorn_cellsim
1.781401e+02,68741,3.88506325229847e-05,1.01442835855581e-01,1.12607971220035e+03,sinkhorn_cellsim
1.781919e+02,68761,3.88506325281168e-05,1.01442835855703e-01,1.12607971250208e+03,sinkhorn_cellsim
1.782437e+02,68781,3.88506325240355e-05,1.01442835855823e-01,1.12607971280380e+03,sinkhorn_cellsim
1.782955e+02,68801,3.88506325262351e-05,1.01442835855945e-01,1.12607971310553e+03,sinkhorn_cellsim
1.783473e+02,68821,3.88506325254478e-05,1.01442835856064e-01,1.12607971340726e+03,sinkhorn_cellsim
1.783991e+02,68841,3.88506325263160e-05,1.01442835856184e-01,1.12607971370899e+03,sinkhorn_cellsim
1.784509e+02,68861,3.88506325280256e-05,1.01442835856303e-01,1.12607971401071e+03,sinkhorn_cellsim
1.785027e+02,68881,3.88506325262111e-05,1.01442835856420e-01,1.12607971431244e+03,sinkhorn_cellsim
1.785545e+02,68901,3.88506325258413e-05,1.01442835856538e-01,1.12607971461417e+03,sinkhorn_cellsim
1.786063e+02,68921,3.88506325256143e-05,1.01442835856655e-01,1.12607971491590e+03,sinkhorn_cellsim
1.786581e+02,68941,3.88506325273746e-05,1.01442835856772e-01,1.12607971521763e+03,sinkhorn_cellsim
1.787099e+02,68961,3.88506325255752e-05,1.01442835856887e-01,1.12607971551935e+03,sinkhorn_cellsim
1.787617e+02,68981,3.88506325267325e-05,1.01442835857002e-01,1.12607971582108e+03,sinkhorn_cellsim
1.788135e+02,69001,3.88506325284933e-05,1.01442835857117e-01,1.12607971612281e+03,sinkhorn_cellsim
1.788653e+02,69021,3.88506325268347e-05,1.01442835857230e-01,1.12607971642454e+03,sinkhorn_cellsim
1.789172e+02,69041,3.88506325263256e-05,1.01442835857344e-01,1.12607971672626e+03,sinkhorn_cellsim
1.789689e+02,69061,3.88506325229783e-05,1.01442835857456e-01,1.12607971702799e+03,sinkhorn_cellsim
1.790207e+02,69081,3.88506325243982e-05,1.01442835857568e-01,1.12607971732972e+03,sinkhorn_cellsim
1.790725e+02,69101,3.88506325295591e-05,1.01442835857681e-01,1.12607971763145e+03,sinkhorn_cellsim
1.791243e+02,69121,3.88506325250233e-05,1.01442835857791e-01,1.12607971793317e+03,sinkhorn_cellsim
1.791761e+02,69141,3.88506325254261e-05,1.01442835857901e-01,1.12607971823490e+03,sinkhorn_cellsim
1.792279e+02,69161,3.88506325243689e-05,1.01442835858011e-01,1.12607971853663e+03,sinkhorn_cellsim
1.792798e+02,69181,3.88506325246964e-05,1.01442835858121e-01,1.12607971883836e+03,sinkhorn_cellsim
1.793315e+02,69201,3.88506325321371e-05,1.01442835858231e-01,1.12607971914009e+03,sinkhorn_cellsim
1.793834e+02,69221,3.88506325280872e-05,1.01442835858338e-01,1.12607971944181e+03,sinkhorn_cellsim
1.794352e+02,69241,3.88506325284339e-05,1.01442835858446e-01,1.12607971974354e+03,sinkhorn_cellsim
1.794870e+02,69261,3.88506325253645e-05,1.01442835858553e-01,1.12607972004527e+03,sinkhorn_cellsim
1.795388e+02,69281,3.88506325241971e-05,1.01442835858660e-01,1.12607972034700e+03,sinkhorn_cellsim
1.795906e+02,69301,3.88506325267103e-05,1.01442835858766e-01,1.12607972064872e+03,sinkhorn_cellsim
1.796424e+02,69321,3.88506325264075e-05,1.01442835858871e-01,1.12607972095045e+03,sinkhorn_cellsim
1.796942e+02,69341,3.88506325256005e-05,1.01442835858976e-01,1.12607972125218e+03,sinkhorn_cellsim
1.797460e+02,69361,3.88506325253451e-05,1.01442835859080e-01,1.12607972155391e+03,sinkhorn_cellsim
1.797978e+02,69381,3.88506325216560e-05,1.01442835859184e-01,1.12607972185563e+03,sinkhorn_cellsim
1.798496e+02,69401,3.88506325254563e-05,1.01442835859288e-01,1.12607972215736e+03,sinkhorn_cellsim
1.799014e+02,69421,3.88506325234181e-05,1.01442835859391e-01,1.12607972245909e+03,sinkhorn_cellsim
1.799532e+02,69441,3.88506325264389e-05,1.01442835859493e-01,1.12607972276082e+03,sinkhorn_cellsim
1.800050e+02,69461,3.88506325242726e-05,1.01442835859594e-01,1.12607972306255e+03,sinkhorn_cellsim
1.800568e+02,69481,3.88506325200191e-05,1.01442835859695e-01,1.12607972336427e+03,sinkhorn_cellsim
1.801086e+02,69501,3.88506325246615e-05,1.01442835859796e-01,1.12607972366600e+03,sinkhorn_cellsim
1.801604e+02,69521,3.88506325243271e-05,1.01442835859897e-01,1.12607972396773e+03,sinkhorn_cellsim
1.802122e+02,69541,3.88506325288533e-05,1.01442835859997e-01,1.12607972426946e+03,sinkhorn_cellsim
1.802640e+02,69561,3.88506325255027e-05,1.01442835860096e-01,1.12607972457118e+03,sinkhorn_cellsim
1.803158e+02,69581,3.88506325235926e-05,1.01442835860194e-01,1.12607972487291e+03,sinkhorn_cellsim
1.803676e+02,69601,3.88506325245275e-05,1.01442835860293e-01,1.12607972517464e+03,sinkhorn_cellsim
1.804194e+02,69621,3.88506325245330e-05,1.01442835860391e-01,1.12607972547637e+03,sinkhorn_cellsim
1.804712e+02,69641,3.88506325219992e-05,1.01442835860488e-01,1.12607972577809e+03,sinkhorn_cellsim
1.805230e+02,69661,3.88506325273688e-05,1.01442835860586e-01,1.12607972607982e+03,sinkhorn_cellsim
1.805748e+02,69681,3.88506325247387e-05,1.01442835860680e-01,1.12607972638155e+03,sinkhorn_cellsim
1.806266e+02,69701,3.88506325227265e-05,1.01442835860776e-01,1.12607972668328e+03,sinkhorn_cellsim
1.806784e+02,69721,3.88506325273934e-05,1.01442835860872e-01,1.12607972698500e+03,sinkhorn_cellsim
1.807302e+02,69741,3.88506325257418e-05,1.01442835860967e-01,1.12607972728673e+03,sinkhorn_cellsim
1.807820e+02,69761,3.88506325258153e-05,1.01442835861061e-01,1.12607972758846e+03,sinkhorn_cellsim
1.808338e+02,69781,3.88506325266015e-05,1.01442835861155e-01,1.12607972789019e+03,sinkhorn_cellsim
1.808856e+02,69801,3.88506325259926e-05,1.01442835861248e-01,1.12607972819192e+03,sinkhorn_cellsim
1.809374e+02,69821,3.88506325268996e-05,1.01442835861341e-01,1.12607972849364e+03,sinkhorn_cellsim
1.809892e+02,69841,3.88506325278569e-05,1.01442835861434e-01,1.12607972879537e+03,sinkhorn_cellsim
1.810410e+02,69861,3.88506325248869e-05,1.01442835861525e-01,1.12607972909710e+03,sinkhorn_cellsim
1.810928e+02,69881,3.88506325284669e-05,1.01442835861617e-01,1.12607972939883e+03,sinkhorn_cellsim
1.811446e+02,69901,3.88506325257941e-05,1.01442835861707e-01,1.12607972970055e+03,sinkhorn_cellsim
1.811964e+02,69921,3.88506325248550e-05,1.01442835861798e-01,1.12607973000228e+03,sinkhorn_cellsim
1.812482e+02,69941,3.88506325240872e-05,1.01442835861887e-01,1.12607973030401e+03,sinkhorn_cellsim
1.813000e+02,69961,3.88506325288209e-05,1.01442835861978e-01,1.12607973060574e+03,sinkhorn_cellsim
1.813518e+02,69981,3.88506325250154e-05,1.01442835862067e-01,1.12607973090747e+03,sinkhorn_cellsim
1.814036e+02,70001,3.88506325276169e-05,1.01442835862156e-01,1.12607973120919e+03,sinkhorn_cellsim
1.814554e+02,70021,3.88506325287046e-05,1.01442835862244e-01,1.12607973151092e+03,sinkhorn_cellsim
1.815072e+02,70041,3.88506325250298e-05,1.01442835862332e-01,1.12607973181265e+03,sinkhorn_cellsim
1.815590e+02,70061,3.88506325248992e-05,1.01442835862419e-01,1.12607973211438e+03,sinkhorn_cellsim
1.816108e+02,70081,3.88506325270151e-05,1.01442835862507e-01,1.12607973241610e+03,sinkhorn_cellsim
1.816626e+02,70101,3.88506325251139e-05,1.01442835862592e-01,1.12607973271783e+03,sinkhorn_cellsim
1.817144e+02,70121,3.88506325253832e-05,1.01442835862679e-01,1.12607973301956e+03,sinkhorn_cellsim
1.817662e+02,70141,3.88506325302428e-05,1.01442835862765e-01,1.12607973332129e+03,sinkhorn_cellsim
1.818180e+02,70161,3.88506325281962e-05,1.01442835862850e-01,1.12607973362301e+03,sinkhorn_cellsim
1.818698e+02,70181,3.88506325265159e-05,1.01442835862934e-01,1.12607973392474e+03,sinkhorn_cellsim
1.819216e+02,70201,3.88506325232559e-05,1.01442835863018e-01,1.12607973422647e+03,sinkhorn_cellsim
1.819734e+02,70221,3.88506325285852e-05,1.01442835863103e-01,1.12607973452820e+03,sinkhorn_cellsim
1.820252e+02,70241,3.88506325222476e-05,1.01442835863185e-01,1.12607973482992e+03,sinkhorn_cellsim
1.820770e+02,70261,3.88506325297430e-05,1.01442835863269e-01,1.12607973513165e+03,sinkhorn_cellsim
1.821288e+02,70281,3.88506325252185e-05,1.01442835863351e-01,1.12607973543338e+03,sinkhorn_cellsim
1.821806e+02,70301,3.88506325259963e-05,1.01442835863433e-01,1.12607973573511e+03,sinkhorn_cellsim
1.822324e+02,70321,3.88506325213177e-05,1.01442835863514e-01,1.12607973603684e+03,sinkhorn_cellsim
1.822842e+02,70341,3.88506325233122e-05,1.01442835863596e-01,1.12607973633856e+03,sinkhorn_cellsim
1.823360e+02,70361,3.88506325257776e-05,1.01442835863678e-01,1.12607973664029e+03,sinkhorn_cellsim
1.823878e+02,70381,3.88506325240094e-05,1.01442835863757e-01,1.12607973694202e+03,sinkhorn_cellsim
1.824396e+02,70401,3.88506325253085e-05,1.01442835863838e-01,1.12607973724375e+03,sinkhorn_cellsim
1.824914e+02,70421,3.88506325258322e-05,1.01442835863918e-01,1.12607973754547e+03,sinkhorn_cellsim
1.825432e+02,70441,3.88506325264433e-05,1.01442835863997e-01,1.12607973784720e+03,sinkhorn_cellsim
1.825950e+02,70461,3.88506325305145e-05,1.01442835864076e-01,1.12607973814893e+03,sinkhorn_cellsim
1.826468e+02,70481,3.88506325253069e-05,1.01442835864154e-01,1.12607973845066e+03,sinkhorn_cellsim
1.826986e+02,70501,3.88506325261803e-05,1.01442835864233e-01,1.12607973875238e+03,sinkhorn_cellsim
1.827504e+02,70521,3.88506325239082e-05,1.01442835864310e-01,1.12607973905411e+03,sinkhorn_cellsim
1.828022e+02,70541,3.88506325232689e-05,1.01442835864387e-01,1.12607973935584e+03,sinkhorn_cellsim
1.828540e+02,70561,3.88506325228667e-05,1.01442835864464e-01,1.12607973965757e+03,sinkhorn_cellsim
1.829058e+02,70581,3.88506325245228e-05,1.01442835864541e-01,1.12607973995930e+03,sinkhorn_cellsim
1.829576e+02,70601,3.88506325246566e-05,1.01442835864617e-01,1.12607974026102e+03,sinkhorn_cellsim
1.830094e+02,70621,3.88506325281624e-05,1.01442835864693e-01,1.12607974056275e+03,sinkhorn_cellsim
1.830612e+02,70641,3.88506325227477e-05,1.01442835864768e-01,1.12607974086448e+03,sinkhorn_cellsim
1.831131e+02,70661,3.88506325259252e-05,1.01442835864843e-01,1.12607974116621e+03,sinkhorn_cellsim
1.831648e+02,70681,3.88506325262977e-05,1.01442835864917e-01,1.12607974146793e+03,sinkhorn_cellsim
1.832166e+02,70701,3.88506325251081e-05,1.01442835864991e-01,1.12607974176966e+03,sinkhorn_cellsim
1.832684e+02,70721,3.88506325245018e-05,1.01442835865066e-01,1.12607974207139e+03,sinkhorn_cellsim
1.833203e+02,70741,3.88506325281265e-05,1.01442835865139e-01,1.12607974237312e+03,sinkhorn_cellsim
1.833721e+02,70761,3.88506325248905e-05,1.01442835865212e-01,1.12607974267484e+03,sinkhorn_cellsim
1.834239e+02,70781,3.88506325227577e-05,1.01442835865284e-01,1.12607974297657e+03,sinkhorn_cellsim
1.834757e+02,70801,3.88506325274516e-05,1.01442835865357e-01,1.12607974327830e+03,sinkhorn_cellsim
1.835275e+02,70821,3.88506325288450e-05,1.01442835865430e-01,1.12607974358003e+03,sinkhorn_cellsim
1.835793e+02,70841,3.88506325241177e-05,1.01442835865500e-01,1.12607974388176e+03,sinkhorn_cellsim
1.836311e+02,70861,3.88506325268118e-05,1.01442835865573e-01,1.12607974418348e+03,sinkhorn_cellsim
1.836829e+02,70881,3.88506325259102e-05,1.01442835865643e-01,1.12607974448521e+03,sinkhorn_cellsim
1.837347e+02,70901,3.88506325277638e-05,1.01442835865714e-01,1.12607974478694e+03,sinkhorn_cellsim
1.837865e+02,70921,3.88506325250852e-05,1.01442835865783e-01,1.12607974508867e+03,sinkhorn_cellsim
1.838383e+02,70941,3.88506325263581e-05,1.01442835865854e-01,1.12607974539039e+03,sinkhorn_cellsim
1.838901e+02,70961,3.88506325215451e-05,1.01442835865922e-01,1.12607974569212e+03,sinkhorn_cellsim
1.839419e+02,70981,3.88506325207475e-05,1.01442835865991e-01,1.12607974599385e+03,sinkhorn_cellsim
1.839937e+02,71001,3.88506325225683e-05,1.01442835866060e-01,1.12607974629558e+03,sinkhorn_cellsim
1.840455e+02,71021,3.88506325248109e-05,1.01442835866129e-01,1.12607974659730e+03,sinkhorn_cellsim
1.840973e+02,71041,3.88506325303630e-05,1.01442835866198e-01,1.12607974689903e+03,sinkhorn_cellsim
1.841491e+02,71061,3.88506325243393e-05,1.01442835866265e-01,1.12607974720076e+03,sinkhorn_cellsim
1.842009e+02,71081,3.88506325213975e-05,1.01442835866331e-01,1.12607974750249e+03,sinkhorn_cellsim
1.842527e+02,71101,3.88506325273805e-05,1.01442835866400e-01,1.12607974780422e+03,sinkhorn_cellsim
1.843045e+02,71121,3.88506325250407e-05,1.01442835866467e-01,1.12607974810594e+03,sinkhorn_cellsim
1.843563e+02,71141,3.88506325252298e-05,1.01442835866532e-01,1.12607974840767e+03,sinkhorn_cellsim
1.844081e+02,71161,3.88506325253195e-05,1.01442835866599e-01,1.12607974870940e+03,sinkhorn_cellsim
1.844599e+02,71181,3.88506325266623e-05,1.01442835866664e-01,1.12607974901113e+03,sinkhorn_cellsim
1.845117e+02,71201,3.88506325249925e-05,1.01442835866730e-01,1.12607974931285e+03,sinkhorn_cellsim
1.845635e+02,71221,3.88506325255784e-05,1.01442835866795e-01,1.12607974961458e+03,sinkhorn_cellsim
1.846153e+02,71241,3.88506325229225e-05,1.01442835866859e-01,1.12607974991631e+03,sinkhorn_cellsim
1.846671e+02,71261,3.88506325204306e-05,1.01442835866923e-01,1.12607975021804e+03,sinkhorn_cellsim
1.847189e+02,71281,3.88506325253800e-05,1.01442835866987e-01,1.12607975051976e+03,sinkhorn_cellsim
1.847707e+02,71301,3.88506325246877e-05,1.01442835867050e-01,1.12607975082149e+03,sinkhorn_cellsim
1.848225e+02,71321,3.88506325271489e-05,1.01442835867115e-01,1.12607975112322e+03,sinkhorn_cellsim
1.848743e+02,71341,3.88506325260676e-05,1.01442835867177e-01,1.12607975142495e+03,sinkhorn_cellsim
1.849261e+02,71361,3.88506325220627e-05,1.01442835867239e-01,1.12607975172668e+03,sinkhorn_cellsim
1.849779e+02,71381,3.88506325241616e-05,1.01442835867303e-01,1.12607975202840e+03,sinkhorn_cellsim
1.850297e+02,71401,3.88506325267979e-05,1.01442835867364e-01,1.12607975233013e+03,sinkhorn_cellsim
1.850815e+02,71421,3.88506325250323e-05,1.01442835867426e-01,1.12607975263186e+03,sinkhorn_cellsim
1.851417e+02,71441,3.88506325267790e-05,1.01442835867488e-01,1.12607975293359e+03,sinkhorn_cellsim
1.851936e+02,71461,3.88506325275901e-05,1.01442835867550e-01,1.12607975323531e+03,sinkhorn_cellsim
1.852454e+02,71481,3.88506325262958e-05,1.01442835867610e-01,1.12607975353704e+03,sinkhorn_cellsim
1.852972e+02,71501,3.88506325222485e-05,1.01442835867670e-01,1.12607975383877e+03,sinkhorn_cellsim
1.853490e+02,71521,3.88506325268027e-05,1.01442835867732e-01,1.12607975414050e+03,sinkhorn_cellsim
1.854008e+02,71541,3.88506325267651e-05,1.01442835867791e-01,1.12607975444222e+03,sinkhorn_cellsim
1.854526e+02,71561,3.88506325248712e-05,1.01442835867850e-01,1.12607975474395e+03,sinkhorn_cellsim
1.855044e+02,71581,3.88506325249986e-05,1.01442835867909e-01,1.12607975504568e+03,sinkhorn_cellsim
1.855562e+02,71601,3.88506325293440e-05,1.01442835867969e-01,1.12607975534741e+03,sinkhorn_cellsim
1.856080e+02,71621,3.88506325229471e-05,1.01442835868027e-01,1.12607975564913e+03,sinkhorn_cellsim
1.856598e+02,71641,3.88506325236118e-05,1.01442835868086e-01,1.12607975595086e+03,sinkhorn_cellsim
1.857116e+02,71661,3.88506325255128e-05,1.01442835868144e-01,1.12607975625259e+03,sinkhorn_cellsim
1.857634e+02,71681,3.88506325239581e-05,1.01442835868202e-01,1.12607975655432e+03,sinkhorn_cellsim
1.858152e+02,71701,3.88506325267775e-05,1.01442835868259e-01,1.12607975685605e+03,sinkhorn_cellsim
1.858670e+02,71721,3.88506325243686e-05,1.01442835868317e-01,1.12607975715777e+03,sinkhorn_cellsim
1.859188e+02,71741,3.88506325239688e-05,1.01442835868374e-01,1.12607975745950e+03,sinkhorn_cellsim
1.859706e+02,71761,3.88506325257175e-05,1.01442835868430e-01,1.12607975776123e+03,sinkhorn_cellsim
1.860224e+02,71781,3.88506325229765e-05,1.01442835868486e-01,1.12607975806296e+03,sinkhorn_cellsim
1.860742e+02,71801,3.88506325233558e-05,1.01442835868542e-01,1.12607975836468e+03,sinkhorn_cellsim
1.861260e+02,71821,3.88506325238827e-05,1.01442835868598e-01,1.12607975866641e+03,sinkhorn_cellsim
1.861777e+02,71841,3.88506325269077e-05,1.01442835868655e-01,1.12607975896814e+03,sinkhorn_cellsim
1.862295e+02,71861,3.88506325247947e-05,1.01442835868708e-01,1.12607975926987e+03,sinkhorn_cellsim
1.862813e+02,71881,3.88506325250059e-05,1.01442835868764e-01,1.12607975957160e+03,sinkhorn_cellsim
1.863331e+02,71901,3.88506325277300e-05,1.01442835868820e-01,1.12607975987332e+03,sinkhorn_cellsim
1.863849e+02,71921,3.88506325234550e-05,1.01442835868873e-01,1.12607976017505e+03,sinkhorn_cellsim
1.864367e+02,71941,3.88506325268334e-05,1.01442835868927e-01,1.12607976047678e+03,sinkhorn_cellsim
1.864885e+02,71961,3.88506325235155e-05,1.01442835868981e-01,1.12607976077851e+03,sinkhorn_cellsim
1.865403e+02,71981,3.88506325243647e-05,1.01442835869034e-01,1.12607976108023e+03,sinkhorn_cellsim
1.865921e+02,72001,3.88506325244471e-05,1.01442835869088e-01,1.12607976138196e+03,sinkhorn_cellsim
1.866439e+02,72021,3.88506325239546e-05,1.01442835869140e-01,1.12607976168369e+03,sinkhorn_cellsim
1.866957e+02,72041,3.88506325257700e-05,1.01442835869194e-01,1.12607976198542e+03,sinkhorn_cellsim
1.867475e+02,72061,3.88506325268103e-05,1.01442835869246e-01,1.12607976228714e+03,sinkhorn_cellsim
1.867993e+02,72081,3.88506325280288e-05,1.01442835869300e-01,1.12607976258887e+03,sinkhorn_cellsim
1.868511e+02,72101,3.88506325234603e-05,1.01442835869350e-01,1.12607976289060e+03,sinkhorn_cellsim
1.869029e+02,72121,3.88506325259476e-05,1.01442835869402e-01,1.12607976319233e+03,sinkhorn_cellsim
1.869547e+02,72141,3.88506325254514e-05,1.01442835869454e-01,1.12607976349405e+03,sinkhorn_cellsim
1.870065e+02,72161,3.88506325240549e-05,1.01442835869505e-01,1.12607976379578e+03,sinkhorn_cellsim
1.870583e+02,72181,3.88506325288191e-05,1.01442835869557e-01,1.12607976409751e+03,sinkhorn_cellsim
1.871101e+02,72201,3.88506325270493e-05,1.01442835869607e-01,1.12607976439924e+03,sinkhorn_cellsim
1.871619e+02,72221,3.88506325265231e-05,1.01442835869657e-01,1.12607976470097e+03,sinkhorn_cellsim
1.872136e+02,72241,3.88506325266247e-05,1.01442835869708e-01,1.12607976500269e+03,sinkhorn_cellsim
1.872654e+02,72261,3.88506325259059e-05,1.01442835869758e-01,1.12607976530442e+03,sinkhorn_cellsim
1.873172e+02,72281,3.88506325263222e-05,1.01442835869807e-01,1.12607976560615e+03,sinkhorn_cellsim
1.873690e+02,72301,3.88506325260147e-05,1.01442835869856e-01,1.12607976590788e+03,sinkhorn_cellsim
1.874208e+02,72321,3.88506325271977e-05,1.01442835869906e-01,1.12607976620960e+03,sinkhorn_cellsim
1.874726e+02,72341,3.88506325224445e-05,1.01442835869954e-01,1.12607976651133e+03,sinkhorn_cellsim
1.875244e+02,72361,3.88506325245502e-05,1.01442835870003e-01,1.12607976681306e+03,sinkhorn_cellsim
1.875762e+02,72381,3.88506325251022e-05,1.01442835870051e-01,1.12607976711479e+03,sinkhorn_cellsim
1.876280e+02,72401,3.88506325261112e-05,1.01442835870100e-01,1.12607976741651e+03,sinkhorn_cellsim
1.876798e+02,72421,3.88506325262092e-05,1.01442835870148e-01,1.12607976771824e+03,sinkhorn_cellsim
1.877316e+02,72441,3.88506325271521e-05,1.01442835870196e-01,1.12607976801997e+03,sinkhorn_cellsim
1.877834e+02,72461,3.88506325265899e-05,1.01442835870243e-01,1.12607976832170e+03,sinkhorn_cellsim
1.878352e+02,72481,3.88506325246205e-05,1.01442835870290e-01,1.12607976862343e+03,sinkhorn_cellsim
1.878870e+02,72501,3.88506325227199e-05,1.01442835870336e-01,1.12607976892515e+03,sinkhorn_cellsim
1.879388e+02,72521,3.88506325252475e-05,1.01442835870383e-01,1.12607976922688e+03,sinkhorn_cellsim
1.879906e+02,72541,3.88506325262372e-05,1.01442835870430e-01,1.12607976952861e+03,sinkhorn_cellsim
1.880424e+02,72561,3.88506325234215e-05,1.01442835870476e-01,1.12607976983034e+03,sinkhorn_cellsim
1.880942e+02,72581,3.88506325241732e-05,1.01442835870522e-01,1.12607977013206e+03,sinkhorn_cellsim
1.881460e+02,72601,3.88506325261229e-05,1.01442835870569e-01,1.12607977043379e+03,sinkhorn_cellsim
1.881978e+02,72621,3.88506325257891e-05,1.01442835870614e-01,1.12607977073552e+03,sinkhorn_cellsim
1.882496e+02,72641,3.88506325251561e-05,1.01442835870658e-01,1.12607977103725e+03,sinkhorn_cellsim
1.883014e+02,72661,3.88506325275201e-05,1.01442835870704e-01,1.12607977133897e+03,sinkhorn_cellsim
1.883532e+02,72681,3.88506325262127e-05,1.01442835870749e-01,1.12607977164070e+03,sinkhorn_cellsim
1.884050e+02,72701,3.88506325281221e-05,1.01442835870794e-01,1.12607977194243e+03,sinkhorn_cellsim
1.884568e+02,72721,3.88506325233634e-05,1.01442835870837e-01,1.12607977224416e+03,sinkhorn_cellsim
1.885086e+02,72741,3.88506325191333e-05,1.01442835870880e-01,1.12607977254589e+03,sinkhorn_cellsim
1.885604e+02,72761,3.88506325242052e-05,1.01442835870925e-01,1.12607977284761e+03,sinkhorn_cellsim
1.886121e+02,72781,3.88506325232311e-05,1.01442835870969e-01,1.12607977314934e+03,sinkhorn_cellsim
1.886639e+02,72801,3.88506325270041e-05,1.01442835871014e-01,1.12607977345107e+03,sinkhorn_cellsim
1.887157e+02,72821,3.88506325248151e-05,1.01442835871056e-01,1.12607977375280e+03,sinkhorn_cellsim
1.887675e+02,72841,3.88506325287016e-05,1.01442835871100e-01,1.12607977405452e+03,sinkhorn_cellsim
1.888193e+02,72861,3.88506325252378e-05,1.01442835871142e-01,1.12607977435625e+03,sinkhorn_cellsim
1.888711e+02,72881,3.88506325275895e-05,1.01442835871185e-01,1.12607977465798e+03,sinkhorn_cellsim
1.889229e+02,72901,3.88506325259731e-05,1.01442835871227e-01,1.12607977495971e+03,sinkhorn_cellsim
1.889747e+02,72921,3.88506325248265e-05,1.01442835871270e-01,1.12607977526143e+03,sinkhorn_cellsim
1.890265e+02,72941,3.88506325259939e-05,1.01442835871312e-01,1.12607977556316e+03,sinkhorn_cellsim
1.890783e+02,72961,3.88506325287245e-05,1.01442835871354e-01,1.12607977586489e+03,sinkhorn_cellsim
1.891301e+02,72981,3.88506325222617e-05,1.01442835871394e-01,1.12607977616662e+03,sinkhorn_cellsim
1.891819e+02,73001,3.88506325294514e-05,1.01442835871437e-01,1.12607977646835e+03,sinkhorn_cellsim
1.892337e+02,73021,3.88506325238949e-05,1.01442835871477e-01,1.12607977677007e+03,sinkhorn_cellsim
1.892855e+02,73041,3.88506325247662e-05,1.01442835871518e-01,1.12607977707180e+03,sinkhorn_cellsim
1.893372e+02,73061,3.88506325239106e-05,1.01442835871559e-01,1.12607977737353e+03,sinkhorn_cellsim
1.893890e+02,73081,3.88506325225850e-05,1.01442835871599e-01,1.12607977767526e+03,sinkhorn_cellsim
1.894408e+02,73101,3.88506325271657e-05,1.01442835871641e-01,1.12607977797698e+03,sinkhorn_cellsim
1.894926e+02,73121,3.88506325279700e-05,1.01442835871681e-01,1.12607977827871e+03,sinkhorn_cellsim
1.895444e+02,73141,3.88506325273729e-05,1.01442835871720e-01,1.12607977858044e+03,sinkhorn_cellsim
1.895962e+02,73161,3.88506325258834e-05,1.01442835871760e-01,1.12607977888217e+03,sinkhorn_cellsim
1.896480e+02,73181,3.88506325225096e-05,1.01442835871799e-01,1.12607977918389e+03,sinkhorn_cellsim
1.896998e+02,73201,3.88506325220938e-05,1.01442835871838e-01,1.12607977948562e+03,sinkhorn_cellsim
1.897516e+02,73221,3.88506325248032e-05,1.01442835871878e-01,1.12607977978735e+03,sinkhorn_cellsim
1.898034e+02,73241,3.88506325283514e-05,1.01442835871917e-01,1.12607978008908e+03,sinkhorn_cellsim
1.898552e+02,73261,3.88506325231444e-05,1.01442835871955e-01,1.12607978039081e+03,sinkhorn_cellsim
1.899070e+02,73281,3.88506325316830e-05,1.01442835871995e-01,1.12607978069253e+03,sinkhorn_cellsim
1.899588e+02,73301,3.88506325220073e-05,1.01442835872032e-01,1.12607978099426e+03,sinkhorn_cellsim
1.900106e+02,73321,3.88506325234565e-05,1.01442835872069e-01,1.12607978129599e+03,sinkhorn_cellsim
1.900624e+02,73341,3.88506325276784e-05,1.01442835872109e-01,1.12607978159772e+03,sinkhorn_cellsim
1.901142e+02,73361,3.88506325258711e-05,1.01442835872147e-01,1.12607978189944e+03,sinkhorn_cellsim
1.901660e+02,73381,3.88506325296939e-05,1.01442835872184e-01,1.12607978220117e+03,sinkhorn_cellsim
1.902177e+02,73401,3.88506325252953e-05,1.01442835872221e-01,1.12607978250290e+03,sinkhorn_cellsim
1.902695e+02,73421,3.88506325231479e-05,1.01442835872258e-01,1.12607978280463e+03,sinkhorn_cellsim
1.903213e+02,73441,3.88506325269036e-05,1.01442835872296e-01,1.12607978310635e+03,sinkhorn_cellsim
1.903731e+02,73461,3.88506325283385e-05,1.01442835872333e-01,1.12607978340808e+03,sinkhorn_cellsim
1.904249e+02,73481,3.88506325239261e-05,1.01442835872368e-01,1.12607978370981e+03,sinkhorn_cellsim
1.904767e+02,73501,3.88506325276131e-05,1.01442835872405e-01,1.12607978401154e+03,sinkhorn_cellsim
1.905285e+02,73521,3.88506325278776e-05,1.01442835872442e-01,1.12607978431327e+03,sinkhorn_cellsim
1.905803e+02,73541,3.88506325280065e-05,1.01442835872478e-01,1.12607978461499e+03,sinkhorn_cellsim
1.906321e+02,73561,3.88506325259325e-05,1.01442835872513e-01,1.12607978491672e+03,sinkhorn_cellsim
1.906839e+02,73581,3.88506325265224e-05,1.01442835872549e-01,1.12607978521845e+03,sinkhorn_cellsim
1.907357e+02,73601,3.88506325236430e-05,1.01442835872584e-01,1.12607978552018e+03,sinkhorn_cellsim
1.907875e+02,73621,3.88506325261300e-05,1.01442835872620e-01,1.12607978582190e+03,sinkhorn_cellsim
1.908393e+02,73641,3.88506325253427e-05,1.01442835872655e-01,1.12607978612363e+03,sinkhorn_cellsim
1.908911e+02,73661,3.88506325285758e-05,1.01442835872691e-01,1.12607978642536e+03,sinkhorn_cellsim
1.909429e+02,73681,3.88506325253050e-05,1.01442835872725e-01,1.12607978672709e+03,sinkhorn_cellsim
1.909947e+02,73701,3.88506325258536e-05,1.01442835872759e-01,1.12607978702881e+03,sinkhorn_cellsim
1.910465e+02,73721,3.88506325284699e-05,1.01442835872794e-01,1.12607978733054e+03,sinkhorn_cellsim
1.910983e+02,73741,3.88506325265552e-05,1.01442835872828e-01,1.12607978763227e+03,sinkhorn_cellsim
1.911501e+02,73761,3.88506325249823e-05,1.01442835872863e-01,1.12607978793400e+03,sinkhorn_cellsim
1.912019e+02,73781,3.88506325257757e-05,1.01442835872897e-01,1.12607978823573e+03,sinkhorn_cellsim
1.912537e+02,73801,3.88506325281868e-05,1.01442835872930e-01,1.12607978853745e+03,sinkhorn_cellsim
1.913055e+02,73821,3.88506325225744e-05,1.01442835872963e-01,1.12607978883918e+03,sinkhorn_cellsim
1.913572e+02,73841,3.88506325259693e-05,1.01442835872997e-01,1.12607978914091e+03,sinkhorn_cellsim
1.914090e+02,73861,3.88506325261995e-05,1.01442835873030e-01,1.12607978944264e+03,sinkhorn_cellsim
1.914608e+02,73881,3.88506325252971e-05,1.01442835873064e-01,1.12607978974436e+03,sinkhorn_cellsim
1.915126e+02,73901,3.88506325275042e-05,1.01442835873097e-01,1.12607979004609e+03,sinkhorn_cellsim
1.915644e+02,73921,3.88506325288482e-05,1.01442835873130e-01,1.12607979034782e+03,sinkhorn_cellsim
1.916162e+02,73941,3.88506325298285e-05,1.01442835873163e-01,1.12607979064955e+03,sinkhorn_cellsim
1.916680e+02,73961,3.88506325272523e-05,1.01442835873194e-01,1.12607979095127e+03,sinkhorn_cellsim
1.917198e+02,73981,3.88506325264712e-05,1.01442835873226e-01,1.12607979125300e+03,sinkhorn_cellsim
1.917716e+02,74001,3.88506325279958e-05,1.01442835873259e-01,1.12607979155473e+03,sinkhorn_cellsim
1.918234e+02,74021,3.88506325294760e-05,1.01442835873291e-01,1.12607979185646e+03,sinkhorn_cellsim
1.918752e+02,74041,3.88506325245855e-05,1.01442835873322e-01,1.12607979215819e+03,sinkhorn_cellsim
1.919270e+02,74061,3.88506325254193e-05,1.01442835873354e-01,1.12607979245991e+03,sinkhorn_cellsim
1.919788e+02,74081,3.88506325250673e-05,1.01442835873386e-01,1.12607979276164e+03,sinkhorn_cellsim
1.920306e+02,74101,3.88506325248799e-05,1.01442835873417e-01,1.12607979306337e+03,sinkhorn_cellsim
1.920824e+02,74121,3.88506325218759e-05,1.01442835873447e-01,1.12607979336510e+03,sinkhorn_cellsim
1.921342e+02,74141,3.88506325249614e-05,1.01442835873478e-01,1.12607979366682e+03,sinkhorn_cellsim
1.921860e+02,74161,3.88506325232720e-05,1.01442835873509e-01,1.12607979396855e+03,sinkhorn_cellsim
1.922378e+02,74181,3.88506325268286e-05,1.01442835873541e-01,1.12607979427028e+03,sinkhorn_cellsim
1.922896e+02,74201,3.88506325240519e-05,1.01442835873571e-01,1.12607979457201e+03,sinkhorn_cellsim
1.923414e+02,74221,3.88506325232273e-05,1.01442835873601e-01,1.12607979487373e+03,sinkhorn_cellsim
1.923932e+02,74241,3.88506325263571e-05,1.01442835873632e-01,1.12607979517546e+03,sinkhorn_cellsim
1.924450e+02,74261,3.88506325239793e-05,1.01442835873661e-01,1.12607979547719e+03,sinkhorn_cellsim
1.924968e+02,74281,3.88506325287269e-05,1.01442835873692e-01,1.12607979577892e+03,sinkhorn_cellsim
1.925486e+02,74301,3.88506325261304e-05,1.01442835873722e-01,1.12607979608064e+03,sinkhorn_cellsim
1.926004e+02,74321,3.88506325281373e-05,1.01442835873751e-01,1.12607979638237e+03,sinkhorn_cellsim
1.926522e+02,74341,3.88506325253349e-05,1.01442835873781e-01,1.12607979668410e+03,sinkhorn_cellsim
1.927040e+02,74361,3.88506325290220e-05,1.01442835873810e-01,1.12607979698583e+03,sinkhorn_cellsim
1.927558e+02,74381,3.88506325261492e-05,1.01442835873839e-01,1.12607979728756e+03,sinkhorn_cellsim
1.928076e+02,74401,3.88506325253459e-05,1.01442835873868e-01,1.12607979758928e+03,sinkhorn_cellsim
1.928594e+02,74421,3.88506325237785e-05,1.01442835873897e-01,1.12607979789101e+03,sinkhorn_cellsim
1.929112e+02,74441,3.88506325242754e-05,1.01442835873925e-01,1.12607979819274e+03,sinkhorn_cellsim
1.929629e+02,74461,3.88506325272499e-05,1.01442835873953e-01,1.12607979849447e+03,sinkhorn_cellsim
1.930147e+02,74481,3.88506325280996e-05,1.01442835873983e-01,1.12607979879619e+03,sinkhorn_cellsim
1.930665e+02,74501,3.88506325221257e-05,1.01442835874010e-01,1.12607979909792e+03,sinkhorn_cellsim
1.931183e+02,74521,3.88506325242603e-05,1.01442835874039e-01,1.12607979939965e+03,sinkhorn_cellsim
1.931702e+02,74541,3.88506325244241e-05,1.01442835874067e-01,1.12607979970138e+03,sinkhorn_cellsim
1.932220e+02,74561,3.88506325240492e-05,1.01442835874094e-01,1.12607980000310e+03,sinkhorn_cellsim
1.932738e+02,74581,3.88506325262913e-05,1.01442835874122e-01,1.12607980030483e+03,sinkhorn_cellsim
1.933256e+02,74601,3.88506325295798e-05,1.01442835874151e-01,1.12607980060656e+03,sinkhorn_cellsim
1.933774e+02,74621,3.88506325256188e-05,1.01442835874178e-01,1.12607980090829e+03,sinkhorn_cellsim
1.934292e+02,74641,3.88506325235183e-05,1.01442835874204e-01,1.12607980121002e+03,sinkhorn_cellsim
1.934810e+02,74661,3.88506325256346e-05,1.01442835874232e-01,1.12607980151174e+03,sinkhorn_cellsim
1.935328e+02,74681,3.88506325281298e-05,1.01442835874259e-01,1.12607980181347e+03,sinkhorn_cellsim
1.935846e+02,74701,3.88506325250391e-05,1.01442835874285e-01,1.12607980211520e+03,sinkhorn_cellsim
1.936364e+02,74721,3.88506325206197e-05,1.01442835874312e-01,1.12607980241693e+03,sinkhorn_cellsim
1.936882e+02,74741,3.88506325265960e-05,1.01442835874339e-01,1.12607980271865e+03,sinkhorn_cellsim
1.937400e+02,74761,3.88506325254168e-05,1.01442835874366e-01,1.12607980302038e+03,sinkhorn_cellsim
1.937918e+02,74781,3.88506325244340e-05,1.01442835874392e-01,1.12607980332211e+03,sinkhorn_cellsim
1.938436e+02,74801,3.88506325230353e-05,1.01442835874418e-01,1.12607980362384e+03,sinkhorn_cellsim
1.938954e+02,74821,3.88506325271821e-05,1.01442835874445e-01,1.12607980392556e+03,sinkhorn_cellsim
1.939472e+02,74841,3.88506325260209e-05,1.01442835874471e-01,1.12607980422729e+03,sinkhorn_cellsim
1.939990e+02,74861,3.88506325248936e-05,1.01442835874496e-01,1.12607980452902e+03,sinkhorn_cellsim
1.940508e+02,74881,3.88506325243394e-05,1.01442835874521e-01,1.12607980483075e+03,sinkhorn_cellsim
1.941026e+02,74901,3.88506325276291e-05,1.01442835874548e-01,1.12607980513248e+03,sinkhorn_cellsim
1.941544e+02,74921,3.88506325285606e-05,1.01442835874573e-01,1.12607980543420e+03,sinkhorn_cellsim
1.942062e+02,74941,3.88506325257167e-05,1.01442835874598e-01,1.12607980573593e+03,sinkhorn_cellsim
1.942580e+02,74961,3.88506325234305e-05,1.01442835874623e-01,1.12607980603766e+03,sinkhorn_cellsim
1.943098e+02,74981,3.88506325266074e-05,1.01442835874648e-01,1.12607980633939e+03,sinkhorn_cellsim
1.943616e+02,75001,3.88506325280051e-05,1.01442835874674e-01,1.12607980664111e+03,sinkhorn_cellsim
1.944134e+02,75021,3.88506325277357e-05,1.01442835874699e-01,1.12607980694284e+03,sinkhorn_cellsim
1.944652e+02,75041,3.88506325227936e-05,1.01442835874722e-01,1.12607980724457e+03,sinkhorn_cellsim
1.945170e+02,75061,3.88506325265358e-05,1.01442835874748e-01,1.12607980754630e+03,sinkhorn_cellsim
1.945688e+02,75081,3.88506325259078e-05,1.01442835874772e-01,1.12607980784802e+03,sinkhorn_cellsim
1.946206e+02,75101,3.88506325296382e-05,1.01442835874797e-01,1.12607980814975e+03,sinkhorn_cellsim
1.946724e+02,75121,3.88506325228793e-05,1.01442835874819e-01,1.12607980845148e+03,sinkhorn_cellsim
1.947242e+02,75141,3.88506325258786e-05,1.01442835874844e-01,1.12607980875321e+03,sinkhorn_cellsim
1.947760e+02,75161,3.88506325289271e-05,1.01442835874869e-01,1.12607980905494e+03,sinkhorn_cellsim
1.948278e+02,75181,3.88506325246744e-05,1.01442835874892e-01,1.12607980935666e+03,sinkhorn_cellsim
1.948796e+02,75201,3.88506325238774e-05,1.01442835874916e-01,1.12607980965839e+03,sinkhorn_cellsim
1.949314e+02,75221,3.88506325238969e-05,1.01442835874938e-01,1.12607980996012e+03,sinkhorn_cellsim
1.949832e+02,75241,3.88506325289630e-05,1.01442835874963e-01,1.12607981026185e+03,sinkhorn_cellsim
1.950350e+02,75261,3.88506325303403e-05,1.01442835874987e-01,1.12607981056357e+03,sinkhorn_cellsim
1.950868e+02,75281,3.88506325208770e-05,1.01442835875009e-01,1.12607981086530e+03,sinkhorn_cellsim
1.951385e+02,75301,3.88506325214721e-05,1.01442835875032e-01,1.12607981116703e+03,sinkhorn_cellsim
1.951903e+02,75321,3.88506325251450e-05,1.01442835875056e-01,1.12607981146876e+03,sinkhorn_cellsim
1.952421e+02,75341,3.88506325277919e-05,1.01442835875079e-01,1.12607981177048e+03,sinkhorn_cellsim
1.952940e+02,75361,3.88506325239818e-05,1.01442835875101e-01,1.12607981207221e+03,sinkhorn_cellsim
1.953458e+02,75381,3.88506325248048e-05,1.01442835875123e-01,1.12607981237394e+03,sinkhorn_cellsim
1.953976e+02,75401,3.88506325257678e-05,1.01442835875146e-01,1.12607981267567e+03,sinkhorn_cellsim
1.954493e+02,75421,3.88506325225039e-05,1.01442835875168e-01,1.12607981297740e+03,sinkhorn_cellsim
1.955012e+02,75441,3.88506325257985e-05,1.01442835875191e-01,1.12607981327912e+03,sinkhorn_cellsim
1.955529e+02,75461,3.88506325262712e-05,1.01442835875213e-01,1.12607981358085e+03,sinkhorn_cellsim
1.956048e+02,75481,3.88506325277914e-05,1.01442835875236e-01,1.12607981388258e+03,sinkhorn_cellsim
1.956566e+02,75501,3.88506325280007e-05,1.01442835875258e-01,1.12607981418431e+03,sinkhorn_cellsim
1.957084e+02,75521,3.88506325210953e-05,1.01442835875279e-01,1.12607981448603e+03,sinkhorn_cellsim
1.957602e+02,75541,3.88506325257664e-05,1.01442835875301e-01,1.12607981478776e+03,sinkhorn_cellsim
1.958120e+02,75561,3.88506325248909e-05,1.01442835875322e-01,1.12607981508949e+03,sinkhorn_cellsim
1.958637e+02,75581,3.88506325239594e-05,1.01442835875344e-01,1.12607981539122e+03,sinkhorn_cellsim
1.959155e+02,75601,3.88506325263424e-05,1.01442835875366e-01,1.12607981569294e+03,sinkhorn_cellsim
1.959673e+02,75621,3.88506325287397e-05,1.01442835875388e-01,1.12607981599467e+03,sinkhorn_cellsim
1.960191e+02,75641,3.88506325247244e-05,1.01442835875408e-01,1.12607981629640e+03,sinkhorn_cellsim
1.960709e+02,75661,3.88506325249986e-05,1.01442835875429e-01,1.12607981659813e+03,sinkhorn_cellsim
1.961227e+02,75681,3.88506325274472e-05,1.01442835875451e-01,1.12607981689986e+03,sinkhorn_cellsim
1.961745e+02,75701,3.88506325252019e-05,1.01442835875471e-01,1.12607981720158e+03,sinkhorn_cellsim
1.962263e+02,75721,3.88506325251357e-05,1.01442835875492e-01,1.12607981750331e+03,sinkhorn_cellsim
1.962781e+02,75741,3.88506325232525e-05,1.01442835875512e-01,1.12607981780504e+03,sinkhorn_cellsim
1.963299e+02,75761,3.88506325235687e-05,1.01442835875533e-01,1.12607981810677e+03,sinkhorn_cellsim
1.963817e+02,75781,3.88506325255636e-05,1.01442835875554e-01,1.12607981840849e+03,sinkhorn_cellsim
1.964335e+02,75801,3.88506325232246e-05,1.01442835875573e-01,1.12607981871022e+03,sinkhorn_cellsim
1.964853e+02,75821,3.88506325260887e-05,1.01442835875595e-01,1.12607981901195e+03,sinkhorn_cellsim
1.965371e+02,75841,3.88506325286488e-05,1.01442835875615e-01,1.12607981931368e+03,sinkhorn_cellsim
1.965889e+02,75861,3.88506325261059e-05,1.01442835875635e-01,1.12607981961540e+03,sinkhorn_cellsim
1.966407e+02,75881,3.88506325263291e-05,1.01442835875654e-01,1.12607981991713e+03,sinkhorn_cellsim
1.966925e+02,75901,3.88506325244916e-05,1.01442835875675e-01,1.12607982021886e+03,sinkhorn_cellsim
1.967443e+02,75921,3.88506325285517e-05,1.01442835875695e-01,1.12607982052059e+03,sinkhorn_cellsim
1.967961e+02,75941,3.88506325239691e-05,1.01442835875714e-01,1.12607982082232e+03,sinkhorn_cellsim
1.968479e+02,75961,3.88506325257936e-05,1.01442835875733e-01,1.12607982112404e+03,sinkhorn_cellsim
1.968997e+02,75981,3.88506325223311e-05,1.01442835875753e-01,1.12607982142577e+03,sinkhorn_cellsim
1.969515e+02,76001,3.88506325276348e-05,1.01442835875773e-01,1.12607982172750e+03,sinkhorn_cellsim
1.970033e+02,76021,3.88506325256701e-05,1.01442835875791e-01,1.12607982202923e+03,sinkhorn_cellsim
1.970551e+02,76041,3.88506325278018e-05,1.01442835875811e-01,1.12607982233095e+03,sinkhorn_cellsim
1.971069e+02,76061,3.88506325226694e-05,1.01442835875830e-01,1.12607982263268e+03,sinkhorn_cellsim
1.971587e+02,76081,3.88506325258525e-05,1.01442835875849e-01,1.12607982293441e+03,sinkhorn_cellsim
1.972105e+02,76101,3.88506325257582e-05,1.01442835875868e-01,1.12607982323614e+03,sinkhorn_cellsim
1.972623e+02,76121,3.88506325243573e-05,1.01442835875886e-01,1.12607982353786e+03,sinkhorn_cellsim
1.973141e+02,76141,3.88506325255376e-05,1.01442835875906e-01,1.12607982383959e+03,sinkhorn_cellsim
1.973659e+02,76161,3.88506325251384e-05,1.01442835875924e-01,1.12607982414132e+03,sinkhorn_cellsim
1.974177e+02,76181,3.88506325217487e-05,1.01442835875942e-01,1.12607982444305e+03,sinkhorn_cellsim
1.974695e+02,76201,3.88506325276426e-05,1.01442835875961e-01,1.12607982474477e+03,sinkhorn_cellsim
1.975213e+02,76221,3.88506325267203e-05,1.01442835875979e-01,1.12607982504650e+03,sinkhorn_cellsim
1.975731e+02,76241,3.88506325272068e-05,1.01442835875998e-01,1.12607982534823e+03,sinkhorn_cellsim
1.976249e+02,76261,3.88506325261612e-05,1.01442835876016e-01,1.12607982564996e+03,sinkhorn_cellsim
1.976767e+02,76281,3.88506325257517e-05,1.01442835876033e-01,1.12607982595169e+03,sinkhorn_cellsim
1.977285e+02,76301,3.88506325286725e-05,1.01442835876052e-01,1.12607982625341e+03,sinkhorn_cellsim
1.977803e+02,76321,3.88506325268192e-05,1.01442835876069e-01,1.12607982655514e+03,sinkhorn_cellsim
1.978321e+02,76341,3.88506325236554e-05,1.01442835876087e-01,1.12607982685687e+03,sinkhorn_cellsim
1.978839e+02,76361,3.88506325267803e-05,1.01442835876106e-01,1.12607982715860e+03,sinkhorn_cellsim
1.979357e+02,76381,3.88506325295009e-05,1.01442835876123e-01,1.12607982746032e+03,sinkhorn_cellsim
1.979875e+02,76401,3.88506325263192e-05,1.01442835876140e-01,1.12607982776205e+03,sinkhorn_cellsim
1.980393e+02,76421,3.88506325241064e-05,1.01442835876158e-01,1.12607982806378e+03,sinkhorn_cellsim
1.980911e+02,76441,3.88506325253045e-05,1.01442835876175e-01,1.12607982836551e+03,sinkhorn_cellsim
1.981429e+02,76461,3.88506325264253e-05,1.01442835876193e-01,1.12607982866723e+03,sinkhorn_cellsim
1.981947e+02,76481,3.88506325263488e-05,1.01442835876210e-01,1.12607982896896e+03,sinkhorn_cellsim
1.982464e+02,76501,3.88506325239985e-05,1.01442835876226e-01,1.12607982927069e+03,sinkhorn_cellsim
1.982983e+02,76521,3.88506325256617e-05,1.01442835876243e-01,1.12607982957242e+03,sinkhorn_cellsim
1.983501e+02,76541,3.88506325246839e-05,1.01442835876260e-01,1.12607982987415e+03,sinkhorn_cellsim
1.984019e+02,76561,3.88506325286919e-05,1.01442835876278e-01,1.12607983017587e+03,sinkhorn_cellsim
1.984537e+02,76581,3.88506325291015e-05,1.01442835876294e-01,1.12607983047760e+03,sinkhorn_cellsim
1.985054e+02,76601,3.88506325242137e-05,1.01442835876310e-01,1.12607983077933e+03,sinkhorn_cellsim
1.985572e+02,76621,3.88506325231094e-05,1.01442835876326e-01,1.12607983108106e+03,sinkhorn_cellsim
1.986090e+02,76641,3.88506325263122e-05,1.01442835876343e-01,1.12607983138278e+03,sinkhorn_cellsim
1.986608e+02,76661,3.88506325254153e-05,1.01442835876360e-01,1.12607983168451e+03,sinkhorn_cellsim
1.987126e+02,76681,3.88506325272867e-05,1.01442835876377e-01,1.12607983198624e+03,sinkhorn_cellsim
1.987644e+02,76701,3.88506325270520e-05,1.01442835876393e-01,1.12607983228797e+03,sinkhorn_cellsim
1.988162e+02,76721,3.88506325254143e-05,1.01442835876409e-01,1.12607983258969e+03,sinkhorn_cellsim
1.988680e+02,76741,3.88506325195075e-05,1.01442835876423e-01,1.12607983289142e+03,sinkhorn_cellsim
1.989198e+02,76761,3.88506325274806e-05,1.01442835876441e-01,1.12607983319315e+03,sinkhorn_cellsim
1.989716e+02,76781,3.88506325260074e-05,1.01442835876456e-01,1.12607983349488e+03,sinkhorn_cellsim
1.990234e+02,76801,3.88506325292533e-05,1.01442835876474e-01,1.12607983379661e+03,sinkhorn_cellsim
1.990752e+02,76821,3.88506325271069e-05,1.01442835876488e-01,1.12607983409833e+03,sinkhorn_cellsim
1.991270e+02,76841,3.88506325205066e-05,1.01442835876503e-01,1.12607983440006e+03,sinkhorn_cellsim
1.991788e+02,76861,3.88506325254098e-05,1.01442835876519e-01,1.12607983470179e+03,sinkhorn_cellsim
1.992306e+02,76881,3.88506325253297e-05,1.01442835876535e-01,1.12607983500352e+03,sinkhorn_cellsim
1.992824e+02,76901,3.88506325239127e-05,1.01442835876549e-01,1.12607983530524e+03,sinkhorn_cellsim
1.993342e+02,76921,3.88506325216859e-05,1.01442835876565e-01,1.12607983560697e+03,sinkhorn_cellsim
1.993860e+02,76941,3.88506325216058e-05,1.01442835876580e-01,1.12607983590870e+03,sinkhorn_cellsim
1.994378e+02,76961,3.88506325253160e-05,1.01442835876597e-01,1.12607983621043e+03,sinkhorn_cellsim
1.994896e+02,76981,3.88506325300740e-05,1.01442835876613e-01,1.12607983651215e+03,sinkhorn_cellsim
1.995414e+02,77001,3.88506325225038e-05,1.01442835876626e-01,1.12607983681388e+03,sinkhorn_cellsim
1.995932e+02,77021,3.88506325274690e-05,1.01442835876641e-01,1.12607983711561e+03,sinkhorn_cellsim
1.996450e+02,77041,3.88506325280655e-05,1.01442835876656e-01,1.12607983741734e+03,sinkhorn_cellsim
1.996968e+02,77061,3.88506325241414e-05,1.01442835876670e-01,1.12607983771907e+03,sinkhorn_cellsim
1.997486e+02,77081,3.88506325266440e-05,1.01442835876686e-01,1.12607983802079e+03,sinkhorn_cellsim
1.998004e+02,77101,3.88506325255305e-05,1.01442835876701e-01,1.12607983832252e+03,sinkhorn_cellsim
1.998522e+02,77121,3.88506325260483e-05,1.01442835876716e-01,1.12607983862425e+03,sinkhorn_cellsim
1.999040e+02,77141,3.88506325288184e-05,1.01442835876731e-01,1.12607983892598e+03,sinkhorn_cellsim
1.999558e+02,77161,3.88506325232923e-05,1.01442835876743e-01,1.12607983922770e+03,sinkhorn_cellsim
2.000076e+02,77181,3.88506325261592e-05,1.01442835876759e-01,1.12607983952943e+03,sinkhorn_cellsim
2.000594e+02,77201,3.88506325283562e-05,1.01442835876774e-01,1.12607983983116e+03,sinkhorn_cellsim
2.001112e+02,77221,3.88506325285885e-05,1.01442835876788e-01,1.12607984013289e+03,sinkhorn_cellsim
2.001630e+02,77241,3.88506325295156e-05,1.01442835876802e-01,1.12607984043461e+03,sinkhorn_cellsim
2.002148e+02,77261,3.88506325241297e-05,1.01442835876815e-01,1.12607984073634e+03,sinkhorn_cellsim
2.002666e+02,77281,3.88506325264962e-05,1.01442835876829e-01,1.12607984103807e+03,sinkhorn_cellsim
2.003184e+02,77301,3.88506325246526e-05,1.01442835876843e-01,1.12607984133980e+03,sinkhorn_cellsim
2.003702e+02,77321,3.88506325221601e-05,1.01442835876857e-01,1.12607984164153e+03,sinkhorn_cellsim
2.004220e+02,77341,3.88506325263065e-05,1.01442835876871e-01,1.12607984194325e+03,sinkhorn_cellsim
2.004738e+02,77361,3.88506325246091e-05,1.01442835876885e-01,1.12607984224498e+03,sinkhorn_cellsim
2.005256e+02,77381,3.88506325271669e-05,1.01442835876898e-01,1.12607984254671e+03,sinkhorn_cellsim
2.005774e+02,77401,3.88506325247457e-05,1.01442835876912e-01,1.12607984284844e+03,sinkhorn_cellsim
2.006292e+02,77421,3.88506325240245e-05,1.01442835876926e-01,1.12607984315016e+03,sinkhorn_cellsim
2.006810e+02,77441,3.88506325280664e-05,1.01442835876940e-01,1.12607984345189e+03,sinkhorn_cellsim
2.007328e+02,77461,3.88506325237007e-05,1.01442835876953e-01,1.12607984375362e+03,sinkhorn_cellsim
2.007846e+02,77481,3.88506325248610e-05,1.01442835876966e-01,1.12607984405535e+03,sinkhorn_cellsim
2.008364e+02,77501,3.88506325278754e-05,1.01442835876980e-01,1.12607984435707e+03,sinkhorn_cellsim
2.008882e+02,77521,3.88506325239094e-05,1.01442835876992e-01,1.12607984465880e+03,sinkhorn_cellsim
2.009400e+02,77541,3.88506325244885e-05,1.01442835877006e-01,1.12607984496053e+03,sinkhorn_cellsim
2.009918e+02,77561,3.88506325298517e-05,1.01442835877020e-01,1.12607984526226e+03,sinkhorn_cellsim
2.010436e+02,77581,3.88506325267381e-05,1.01442835877032e-01,1.12607984556399e+03,sinkhorn_cellsim
2.010954e+02,77601,3.88506325254969e-05,1.01442835877045e-01,1.12607984586571e+03,sinkhorn_cellsim
2.011472e+02,77621,3.88506325288436e-05,1.01442835877058e-01,1.12607984616744e+03,sinkhorn_cellsim
2.011990e+02,77641,3.88506325274806e-05,1.01442835877070e-01,1.12607984646917e+03,sinkhorn_cellsim
2.012508e+02,77661,3.88506325265477e-05,1.01442835877083e-01,1.12607984677090e+03,sinkhorn_cellsim
2.013026e+02,77681,3.88506325236045e-05,1.01442835877096e-01,1.12607984707262e+03,sinkhorn_cellsim
2.013544e+02,77701,3.88506325310362e-05,1.01442835877109e-01,1.12607984737435e+03,sinkhorn_cellsim
2.014062e+02,77721,3.88506325259709e-05,1.01442835877121e-01,1.12607984767608e+03,sinkhorn_cellsim
2.014580e+02,77741,3.88506325251626e-05,1.01442835877133e-01,1.12607984797781e+03,sinkhorn_cellsim
2.015098e+02,77761,3.88506325256274e-05,1.01442835877146e-01,1.12607984827953e+03,sinkhorn_cellsim
2.015616e+02,77781,3.88506325256779e-05,1.01442835877158e-01,1.12607984858126e+03,sinkhorn_cellsim
2.016134e+02,77801,3.88506325251754e-05,1.01442835877170e-01,1.12607984888299e+03,sinkhorn_cellsim
2.016652e+02,77821,3.88506325247216e-05,1.01442835877183e-01,1.12607984918472e+03,sinkhorn_cellsim
2.017170e+02,77841,3.88506325252876e-05,1.01442835877196e-01,1.12607984948645e+03,sinkhorn_cellsim
2.017688e+02,77861,3.88506325267359e-05,1.01442835877207e-01,1.12607984978817e+03,sinkhorn_cellsim
2.018206e+02,77881,3.88506325248777e-05,1.01442835877220e-01,1.12607985008990e+03,sinkhorn_cellsim
2.018724e+02,77901,3.88506325266394e-05,1.01442835877231e-01,1.12607985039163e+03,sinkhorn_cellsim
2.019242e+02,77921,3.88506325260477e-05,1.01442835877244e-01,1.12607985069336e+03,sinkhorn_cellsim
2.019760e+02,77941,3.88506325299099e-05,1.01442835877257e-01,1.12607985099508e+03,sinkhorn_cellsim
2.020278e+02,77961,3.88506325269439e-05,1.01442835877268e-01,1.12607985129681e+03,sinkhorn_cellsim
2.020796e+02,77981,3.88506325239883e-05,1.01442835877278e-01,1.12607985159854e+03,sinkhorn_cellsim
2.021314e+02,78001,3.88506325244080e-05,1.01442835877291e-01,1.12607985190027e+03,sinkhorn_cellsim
2.021832e+02,78021,3.88506325261952e-05,1.01442835877303e-01,1.12607985220199e+03,sinkhorn_cellsim
2.022350e+02,78041,3.88506325231714e-05,1.01442835877314e-01,1.12607985250372e+03,sinkhorn_cellsim
2.022867e+02,78061,3.88506325267640e-05,1.01442835877325e-01,1.12607985280545e+03,sinkhorn_cellsim
2.023385e+02,78081,3.88506325261979e-05,1.01442835877337e-01,1.12607985310718e+03,sinkhorn_cellsim
2.023903e+02,78101,3.88506325242214e-05,1.01442835877347e-01,1.12607985340890e+03,sinkhorn_cellsim
2.024421e+02,78121,3.88506325263391e-05,1.01442835877360e-01,1.12607985371063e+03,sinkhorn_cellsim
2.024939e+02,78141,3.88506325239675e-05,1.01442835877370e-01,1.12607985401236e+03,sinkhorn_cellsim
2.025457e+02,78161,3.88506325254467e-05,1.01442835877382e-01,1.12607985431409e+03,sinkhorn_cellsim
2.025975e+02,78181,3.88506325270449e-05,1.01442835877394e-01,1.12607985461582e+03,sinkhorn_cellsim
2.026493e+02,78201,3.88506325224807e-05,1.01442835877404e-01,1.12607985491754e+03,sinkhorn_cellsim
2.027011e+02,78221,3.88506325262250e-05,1.01442835877416e-01,1.12607985521927e+03,sinkhorn_cellsim
2.027529e+02,78241,3.88506325253716e-05,1.01442835877426e-01,1.12607985552100e+03,sinkhorn_cellsim
2.028047e+02,78261,3.88506325237837e-05,1.01442835877437e-01,1.12607985582273e+03,sinkhorn_cellsim
2.028565e+02,78281,3.88506325263336e-05,1.01442835877449e-01,1.12607985612445e+03,sinkhorn_cellsim
2.029083e+02,78301,3.88506325278418e-05,1.01442835877460e-01,1.12607985642618e+03,sinkhorn_cellsim
2.029601e+02,78321,3.88506325255213e-05,1.01442835877470e-01,1.12607985672791e+03,sinkhorn_cellsim
2.030119e+02,78341,3.88506325256954e-05,1.01442835877481e-01,1.12607985702964e+03,sinkhorn_cellsim
2.030637e+02,78361,3.88506325262429e-05,1.01442835877492e-01,1.12607985733136e+03,sinkhorn_cellsim
2.031155e+02,78381,3.88506325258110e-05,1.01442835877502e-01,1.12607985763309e+03,sinkhorn_cellsim
2.031673e+02,78401,3.88506325235259e-05,1.01442835877512e-01,1.12607985793482e+03,sinkhorn_cellsim
2.032191e+02,78421,3.88506325260252e-05,1.01442835877524e-01,1.12607985823655e+03,sinkhorn_cellsim
2.032709e+02,78441,3.88506325255773e-05,1.01442835877534e-01,1.12607985853828e+03,sinkhorn_cellsim
2.033227e+02,78461,3.88506325261591e-05,1.01442835877545e-01,1.12607985884000e+03,sinkhorn_cellsim
2.033745e+02,78481,3.88506325267871e-05,1.01442835877555e-01,1.12607985914173e+03,sinkhorn_cellsim
2.034263e+02,78501,3.88506325219093e-05,1.01442835877565e-01,1.12607985944346e+03,sinkhorn_cellsim
2.034781e+02,78521,3.88506325285515e-05,1.01442835877577e-01,1.12607985974519e+03,sinkhorn_cellsim
2.035299e+02,78541,3.88506325251324e-05,1.01442835877585e-01,1.12607986004691e+03,sinkhorn_cellsim
2.035817e+02,78561,3.88506325266663e-05,1.01442835877596e-01,1.12607986034864e+03,sinkhorn_cellsim
2.036335e+02,78581,3.88506325215465e-05,1.01442835877605e-01,1.12607986065037e+03,sinkhorn_cellsim
2.036853e+02,78601,3.88506325252301e-05,1.01442835877615e-01,1.12607986095210e+03,sinkhorn_cellsim
2.037371e+02,78621,3.88506325288086e-05,1.01442835877627e-01,1.12607986125382e+03,sinkhorn_cellsim
2.037889e+02,78641,3.88506325224989e-05,1.01442835877636e-01,1.12607986155555e+03,sinkhorn_cellsim
2.038407e+02,78661,3.88506325255957e-05,1.01442835877646e-01,1.12607986185728e+03,sinkhorn_cellsim
2.038925e+02,78681,3.88506325252694e-05,1.01442835877656e-01,1.12607986215901e+03,sinkhorn_cellsim
2.039522e+02,78701,3.88506325285697e-05,1.01442835877666e-01,1.12607986246074e+03,sinkhorn_cellsim
2.040041e+02,78721,3.88506325244890e-05,1.01442835877675e-01,1.12607986276246e+03,sinkhorn_cellsim
2.040559e+02,78741,3.88506325269888e-05,1.01442835877685e-01,1.12607986306419e+03,sinkhorn_cellsim
2.041077e+02,78761,3.88506325250082e-05,1.01442835877695e-01,1.12607986336592e+03,sinkhorn_cellsim
2.041595e+02,78781,3.88506325245491e-05,1.01442835877703e-01,1.12607986366765e+03,sinkhorn_cellsim
2.042113e+02,78801,3.88506325241276e-05,1.01442835877714e-01,1.12607986396937e+03,sinkhorn_cellsim
2.042631e+02,78821,3.88506325266912e-05,1.01442835877724e-01,1.12607986427110e+03,sinkhorn_cellsim
2.043149e+02,78841,3.88506325265767e-05,1.01442835877733e-01,1.12607986457283e+03,sinkhorn_cellsim
2.043667e+02,78861,3.88506325233896e-05,1.01442835877742e-01,1.12607986487456e+03,sinkhorn_cellsim
2.044185e+02,78881,3.88506325221047e-05,1.01442835877751e-01,1.12607986517628e+03,sinkhorn_cellsim
2.044703e+02,78901,3.88506325236151e-05,1.01442835877761e-01,1.12607986547801e+03,sinkhorn_cellsim
2.045221e+02,78921,3.88506325236743e-05,1.01442835877770e-01,1.12607986577974e+03,sinkhorn_cellsim
2.045739e+02,78941,3.88506325268314e-05,1.01442835877780e-01,1.12607986608147e+03,sinkhorn_cellsim
2.046257e+02,78961,3.88506325264196e-05,1.01442835877789e-01,1.12607986638320e+03,sinkhorn_cellsim
2.046775e+02,78981,3.88506325272665e-05,1.01442835877798e-01,1.12607986668492e+03,sinkhorn_cellsim
2.047292e+02,79001,3.88506325300266e-05,1.01442835877808e-01,1.12607986698665e+03,sinkhorn_cellsim
2.047810e+02,79021,3.88506325306547e-05,1.01442835877817e-01,1.12607986728838e+03,sinkhorn_cellsim
2.048328e+02,79041,3.88506325228537e-05,1.01442835877825e-01,1.12607986759011e+03,sinkhorn_cellsim
2.048846e+02,79061,3.88506325275317e-05,1.01442835877835e-01,1.12607986789183e+03,sinkhorn_cellsim
2.049364e+02,79081,3.88506325292996e-05,1.01442835877844e-01,1.12607986819356e+03,sinkhorn_cellsim
2.049882e+02,79101,3.88506325229046e-05,1.01442835877851e-01,1.12607986849529e+03,sinkhorn_cellsim
2.050400e+02,79121,3.88506325242863e-05,1.01442835877860e-01,1.12607986879702e+03,sinkhorn_cellsim
2.050918e+02,79141,3.88506325268536e-05,1.01442835877869e-01,1.12607986909874e+03,sinkhorn_cellsim
2.051436e+02,79161,3.88506325268070e-05,1.01442835877879e-01,1.12607986940047e+03,sinkhorn_cellsim
2.051954e+02,79181,3.88506325277091e-05,1.01442835877887e-01,1.12607986970220e+03,sinkhorn_cellsim
2.052472e+02,79201,3.88506325269503e-05,1.01442835877896e-01,1.12607987000393e+03,sinkhorn_cellsim
2.052990e+02,79221,3.88506325257305e-05,1.01442835877904e-01,1.12607987030566e+03,sinkhorn_cellsim
2.053507e+02,79241,3.88506325254476e-05,1.01442835877914e-01,1.12607987060738e+03,sinkhorn_cellsim
2.054025e+02,79261,3.88506325267185e-05,1.01442835877922e-01,1.12607987090911e+03,sinkhorn_cellsim
2.054543e+02,79281,3.88506325274491e-05,1.01442835877931e-01,1.12607987121084e+03,sinkhorn_cellsim
2.055061e+02,79301,3.88506325239262e-05,1.01442835877938e-01,1.12607987151257e+03,sinkhorn_cellsim
2.055579e+02,79321,3.88506325261615e-05,1.01442835877948e-01,1.12607987181429e+03,sinkhorn_cellsim
2.056097e+02,79341,3.88506325264441e-05,1.01442835877955e-01,1.12607987211602e+03,sinkhorn_cellsim
2.056615e+02,79361,3.88506325254552e-05,1.01442835877964e-01,1.12607987241775e+03,sinkhorn_cellsim
2.057133e+02,79381,3.88506325248747e-05,1.01442835877971e-01,1.12607987271948e+03,sinkhorn_cellsim
2.057651e+02,79401,3.88506325222203e-05,1.01442835877980e-01,1.12607987302120e+03,sinkhorn_cellsim
2.058169e+02,79421,3.88506325285305e-05,1.01442835877989e-01,1.12607987332293e+03,sinkhorn_cellsim
2.058687e+02,79441,3.88506325247882e-05,1.01442835877996e-01,1.12607987362466e+03,sinkhorn_cellsim
2.059205e+02,79461,3.88506325244933e-05,1.01442835878004e-01,1.12607987392639e+03,sinkhorn_cellsim
2.059723e+02,79481,3.88506325271093e-05,1.01442835878012e-01,1.12607987422812e+03,sinkhorn_cellsim
2.060241e+02,79501,3.88506325293162e-05,1.01442835878021e-01,1.12607987452984e+03,sinkhorn_cellsim
2.060758e+02,79521,3.88506325305923e-05,1.01442835878030e-01,1.12607987483157e+03,sinkhorn_cellsim
2.061276e+02,79541,3.88506325286247e-05,1.01442835878038e-01,1.12607987513330e+03,sinkhorn_cellsim
2.061794e+02,79561,3.88506325232971e-05,1.01442835878044e-01,1.12607987543503e+03,sinkhorn_cellsim
2.062312e+02,79581,3.88506325239142e-05,1.01442835878052e-01,1.12607987573675e+03,sinkhorn_cellsim
2.062830e+02,79601,3.88506325277274e-05,1.01442835878061e-01,1.12607987603848e+03,sinkhorn_cellsim
2.063348e+02,79621,3.88506325268454e-05,1.01442835878068e-01,1.12607987634021e+03,sinkhorn_cellsim
2.063866e+02,79641,3.88506325270713e-05,1.01442835878076e-01,1.12607987664194e+03,sinkhorn_cellsim
2.064384e+02,79661,3.88506325251991e-05,1.01442835878083e-01,1.12607987694366e+03,sinkhorn_cellsim
2.064902e+02,79681,3.88506325240154e-05,1.01442835878091e-01,1.12607987724539e+03,sinkhorn_cellsim
2.065420e+02,79701,3.88506325266516e-05,1.01442835878099e-01,1.12607987754712e+03,sinkhorn_cellsim
2.065938e+02,79721,3.88506325253937e-05,1.01442835878107e-01,1.12607987784885e+03,sinkhorn_cellsim
2.066456e+02,79741,3.88506325249430e-05,1.01442835878114e-01,1.12607987815058e+03,sinkhorn_cellsim
2.066974e+02,79761,3.88506325259792e-05,1.01442835878122e-01,1.12607987845230e+03,sinkhorn_cellsim
2.067492e+02,79781,3.88506325249161e-05,1.01442835878130e-01,1.12607987875403e+03,sinkhorn_cellsim
2.068010e+02,79801,3.88506325242718e-05,1.01442835878136e-01,1.12607987905576e+03,sinkhorn_cellsim
2.068527e+02,79821,3.88506325283128e-05,1.01442835878146e-01,1.12607987935749e+03,sinkhorn_cellsim
2.069045e+02,79841,3.88506325231177e-05,1.01442835878151e-01,1.12607987965921e+03,sinkhorn_cellsim
2.069563e+02,79861,3.88506325260821e-05,1.01442835878159e-01,1.12607987996094e+03,sinkhorn_cellsim
2.070081e+02,79881,3.88506325267554e-05,1.01442835878166e-01,1.12607988026267e+03,sinkhorn_cellsim
2.070599e+02,79901,3.88506325263697e-05,1.01442835878173e-01,1.12607988056440e+03,sinkhorn_cellsim
2.071117e+02,79921,3.88506325274466e-05,1.01442835878181e-01,1.12607988086612e+03,sinkhorn_cellsim
2.071635e+02,79941,3.88506325265192e-05,1.01442835878189e-01,1.12607988116785e+03,sinkhorn_cellsim
2.072153e+02,79961,3.88506325237007e-05,1.01442835878194e-01,1.12607988146958e+03,sinkhorn_cellsim
2.072671e+02,79981,3.88506325254251e-05,1.01442835878203e-01,1.12607988177131e+03,sinkhorn_cellsim
2.073189e+02,80001,3.88506325256170e-05,1.01442835878210e-01,1.12607988207303e+03,sinkhorn_cellsim
2.073707e+02,80021,3.88506325230065e-05,1.01442835878215e-01,1.12607988237476e+03,sinkhorn_cellsim
2.074225e+02,80041,3.88506325260652e-05,1.01442835878224e-01,1.12607988267649e+03,sinkhorn_cellsim
2.074743e+02,80061,3.88506325287566e-05,1.01442835878231e-01,1.12607988297822e+03,sinkhorn_cellsim
2.075261e+02,80081,3.88506325272670e-05,1.01442835878238e-01,1.12607988327995e+03,sinkhorn_cellsim
2.075779e+02,80101,3.88506325245571e-05,1.01442835878244e-01,1.12607988358167e+03,sinkhorn_cellsim
2.076296e+02,80121,3.88506325232348e-05,1.01442835878251e-01,1.12607988388340e+03,sinkhorn_cellsim
2.076814e+02,80141,3.88506325249302e-05,1.01442835878257e-01,1.12607988418513e+03,sinkhorn_cellsim
2.077332e+02,80161,3.88506325238167e-05,1.01442835878265e-01,1.12607988448686e+03,sinkhorn_cellsim
2.077850e+02,80181,3.88506325247620e-05,1.01442835878272e-01,1.12607988478858e+03,sinkhorn_cellsim
2.078368e+02,80201,3.88506325251502e-05,1.01442835878278e-01,1.12607988509031e+03,sinkhorn_cellsim
2.078886e+02,80221,3.88506325279132e-05,1.01442835878285e-01,1.12607988539204e+03,sinkhorn_cellsim
2.079404e+02,80241,3.88506325285788e-05,1.01442835878292e-01,1.12607988569377e+03,sinkhorn_cellsim
2.079922e+02,80261,3.88506325237019e-05,1.01442835878298e-01,1.12607988599549e+03,sinkhorn_cellsim
2.080440e+02,80281,3.88506325263449e-05,1.01442835878306e-01,1.12607988629722e+03,sinkhorn_cellsim
2.080958e+02,80301,3.88506325241966e-05,1.01442835878311e-01,1.12607988659895e+03,sinkhorn_cellsim
2.081476e+02,80321,3.88506325266783e-05,1.01442835878319e-01,1.12607988690068e+03,sinkhorn_cellsim
2.081994e+02,80341,3.88506325282209e-05,1.01442835878325e-01,1.12607988720241e+03,sinkhorn_cellsim
2.082512e+02,80361,3.88506325262828e-05,1.01442835878331e-01,1.12607988750413e+03,sinkhorn_cellsim
2.083030e+02,80381,3.88506325279481e-05,1.01442835878338e-01,1.12607988780586e+03,sinkhorn_cellsim
2.083547e+02,80401,3.88506325281393e-05,1.01442835878344e-01,1.12607988810759e+03,sinkhorn_cellsim
2.084065e+02,80421,3.88506325255856e-05,1.01442835878351e-01,1.12607988840932e+03,sinkhorn_cellsim
2.084583e+02,80441,3.88506325281186e-05,1.01442835878358e-01,1.12607988871104e+03,sinkhorn_cellsim
2.085101e+02,80461,3.88506325254784e-05,1.01442835878364e-01,1.12607988901277e+03,sinkhorn_cellsim
2.085619e+02,80481,3.88506325267483e-05,1.01442835878369e-01,1.12607988931450e+03,sinkhorn_cellsim
2.086137e+02,80501,3.88506325260696e-05,1.01442835878376e-01,1.12607988961623e+03,sinkhorn_cellsim
2.086655e+02,80521,3.88506325259696e-05,1.01442835878382e-01,1.12607988991795e+03,sinkhorn_cellsim
2.087173e+02,80541,3.88506325241359e-05,1.01442835878388e-01,1.12607989021968e+03,sinkhorn_cellsim
2.087691e+02,80561,3.88506325237078e-05,1.01442835878394e-01,1.12607989052141e+03,sinkhorn_cellsim
2.088209e+02,80581,3.88506325255367e-05,1.01442835878401e-01,1.12607989082314e+03,sinkhorn_cellsim
2.088727e+02,80601,3.88506325277338e-05,1.01442835878406e-01,1.12607989112487e+03,sinkhorn_cellsim
2.089245e+02,80621,3.88506325243980e-05,1.01442835878413e-01,1.12607989142659e+03,sinkhorn_cellsim
2.089763e+02,80641,3.88506325278285e-05,1.01442835878420e-01,1.12607989172832e+03,sinkhorn_cellsim
2.090281e+02,80661,3.88506325256426e-05,1.01442835878424e-01,1.12607989203005e+03,sinkhorn_cellsim
2.090798e+02,80681,3.88506325249323e-05,1.01442835878430e-01,1.12607989233178e+03,sinkhorn_cellsim
2.091316e+02,80701,3.88506325249310e-05,1.01442835878436e-01,1.12607989263350e+03,sinkhorn_cellsim
2.091834e+02,80721,3.88506325250157e-05,1.01442835878443e-01,1.12607989293523e+03,sinkhorn_cellsim
2.092352e+02,80741,3.88506325276190e-05,1.01442835878449e-01,1.12607989323696e+03,sinkhorn_cellsim
2.092870e+02,80761,3.88506325272799e-05,1.01442835878454e-01,1.12607989353869e+03,sinkhorn_cellsim
2.093388e+02,80781,3.88506325262479e-05,1.01442835878460e-01,1.12607989384041e+03,sinkhorn_cellsim
2.093906e+02,80801,3.88506325248824e-05,1.01442835878465e-01,1.12607989414214e+03,sinkhorn_cellsim
2.094424e+02,80821,3.88506325253725e-05,1.01442835878472e-01,1.12607989444387e+03,sinkhorn_cellsim
2.094942e+02,80841,3.88506325290825e-05,1.01442835878478e-01,1.12607989474560e+03,sinkhorn_cellsim
2.095460e+02,80861,3.88506325292604e-05,1.01442835878484e-01,1.12607989504733e+03,sinkhorn_cellsim
2.095978e+02,80881,3.88506325252480e-05,1.01442835878489e-01,1.12607989534905e+03,sinkhorn_cellsim
2.096496e+02,80901,3.88506325256997e-05,1.01442835878494e-01,1.12607989565078e+03,sinkhorn_cellsim
2.097014e+02,80921,3.88506325287528e-05,1.01442835878501e-01,1.12607989595251e+03,sinkhorn_cellsim
2.097532e+02,80941,3.88506325285608e-05,1.01442835878506e-01,1.12607989625424e+03,sinkhorn_cellsim
2.098050e+02,80961,3.88506325279529e-05,1.01442835878513e-01,1.12607989655596e+03,sinkhorn_cellsim
2.098568e+02,80981,3.88506325265509e-05,1.01442835878517e-01,1.12607989685769e+03,sinkhorn_cellsim
2.099086e+02,81001,3.88506325239958e-05,1.01442835878523e-01,1.12607989715942e+03,sinkhorn_cellsim
2.099604e+02,81021,3.88506325272729e-05,1.01442835878528e-01,1.12607989746115e+03,sinkhorn_cellsim
2.100122e+02,81041,3.88506325247331e-05,1.01442835878534e-01,1.12607989776287e+03,sinkhorn_cellsim
2.100640e+02,81061,3.88506325259992e-05,1.01442835878539e-01,1.12607989806460e+03,sinkhorn_cellsim
2.101158e+02,81081,3.88506325218552e-05,1.01442835878544e-01,1.12607989836633e+03,sinkhorn_cellsim
2.101675e+02,81101,3.88506325277770e-05,1.01442835878550e-01,1.12607989866806e+03,sinkhorn_cellsim
2.102193e+02,81121,3.88506325226266e-05,1.01442835878554e-01,1.12607989896979e+03,sinkhorn_cellsim
2.102711e+02,81141,3.88506325261043e-05,1.01442835878560e-01,1.12607989927151e+03,sinkhorn_cellsim
2.103229e+02,81161,3.88506325248543e-05,1.01442835878566e-01,1.12607989957324e+03,sinkhorn_cellsim
2.103747e+02,81181,3.88506325273499e-05,1.01442835878571e-01,1.12607989987497e+03,sinkhorn_cellsim
2.104265e+02,81201,3.88506325267649e-05,1.01442835878577e-01,1.12607990017670e+03,sinkhorn_cellsim
2.104783e+02,81221,3.88506325264530e-05,1.01442835878582e-01,1.12607990047842e+03,sinkhorn_cellsim
2.105301e+02,81241,3.88506325275636e-05,1.01442835878587e-01,1.12607990078015e+03,sinkhorn_cellsim
2.105819e+02,81261,3.88506325206429e-05,1.01442835878591e-01,1.12607990108188e+03,sinkhorn_cellsim
2.106337e+02,81281,3.88506325284071e-05,1.01442835878597e-01,1.12607990138361e+03,sinkhorn_cellsim
2.106855e+02,81301,3.88506325221084e-05,1.01442835878601e-01,1.12607990168533e+03,sinkhorn_cellsim
2.107373e+02,81321,3.88506325261565e-05,1.01442835878607e-01,1.12607990198706e+03,sinkhorn_cellsim
2.107891e+02,81341,3.88506325269193e-05,1.01442835878612e-01,1.12607990228879e+03,sinkhorn_cellsim
2.108409e+02,81361,3.88506325269938e-05,1.01442835878617e-01,1.12607990259052e+03,sinkhorn_cellsim
2.108927e+02,81381,3.88506325244723e-05,1.01442835878622e-01,1.12607990289225e+03,sinkhorn_cellsim
2.109445e+02,81401,3.88506325280659e-05,1.01442835878628e-01,1.12607990319397e+03,sinkhorn_cellsim
2.109963e+02,81421,3.88506325256950e-05,1.01442835878633e-01,1.12607990349570e+03,sinkhorn_cellsim
2.110481e+02,81441,3.88506325287174e-05,1.01442835878637e-01,1.12607990379743e+03,sinkhorn_cellsim
2.110999e+02,81461,3.88506325237946e-05,1.01442835878642e-01,1.12607990409916e+03,sinkhorn_cellsim
2.111517e+02,81481,3.88506325240376e-05,1.01442835878647e-01,1.12607990440088e+03,sinkhorn_cellsim
2.112035e+02,81501,3.88506325264015e-05,1.01442835878653e-01,1.12607990470261e+03,sinkhorn_cellsim
2.112553e+02,81521,3.88506325270193e-05,1.01442835878658e-01,1.12607990500434e+03,sinkhorn_cellsim
2.113071e+02,81541,3.88506325288654e-05,1.01442835878662e-01,1.12607990530607e+03,sinkhorn_cellsim
2.113589e+02,81561,3.88506325258926e-05,1.01442835878666e-01,1.12607990560779e+03,sinkhorn_cellsim
2.114107e+02,81581,3.88506325244470e-05,1.01442835878671e-01,1.12607990590952e+03,sinkhorn_cellsim
2.114624e+02,81601,3.88506325274825e-05,1.01442835878677e-01,1.12607990621125e+03,sinkhorn_cellsim
2.115142e+02,81621,3.88506325265983e-05,1.01442835878681e-01,1.12607990651298e+03,sinkhorn_cellsim
2.115660e+02,81641,3.88506325281256e-05,1.01442835878686e-01,1.12607990681471e+03,sinkhorn_cellsim
2.116178e+02,81661,3.88506325235009e-05,1.01442835878690e-01,1.12607990711643e+03,sinkhorn_cellsim
2.116696e+02,81681,3.88506325253042e-05,1.01442835878695e-01,1.12607990741816e+03,sinkhorn_cellsim
2.117214e+02,81701,3.88506325258958e-05,1.01442835878700e-01,1.12607990771989e+03,sinkhorn_cellsim
2.117732e+02,81721,3.88506325255994e-05,1.01442835878704e-01,1.12607990802162e+03,sinkhorn_cellsim
2.118250e+02,81741,3.88506325262968e-05,1.01442835878710e-01,1.12607990832334e+03,sinkhorn_cellsim
2.118768e+02,81761,3.88506325260547e-05,1.01442835878713e-01,1.12607990862507e+03,sinkhorn_cellsim
2.119286e+02,81781,3.88506325251889e-05,1.01442835878718e-01,1.12607990892680e+03,sinkhorn_cellsim
2.119804e+02,81801,3.88506325255906e-05,1.01442835878723e-01,1.12607990922853e+03,sinkhorn_cellsim
2.120322e+02,81821,3.88506325294778e-05,1.01442835878727e-01,1.12607990953025e+03,sinkhorn_cellsim
2.120840e+02,81841,3.88506325265578e-05,1.01442835878732e-01,1.12607990983198e+03,sinkhorn_cellsim
2.121358e+02,81861,3.88506325265923e-05,1.01442835878736e-01,1.12607991013371e+03,sinkhorn_cellsim
2.121876e+02,81881,3.88506325253960e-05,1.01442835878740e-01,1.12607991043544e+03,sinkhorn_cellsim
2.122394e+02,81901,3.88506325274611e-05,1.01442835878745e-01,1.12607991073716e+03,sinkhorn_cellsim
2.122912e+02,81921,3.88506325287226e-05,1.01442835878750e-01,1.12607991103889e+03,sinkhorn_cellsim
2.123430e+02,81941,3.88506325254978e-05,1.01442835878754e-01,1.12607991134062e+03,sinkhorn_cellsim
2.123948e+02,81961,3.88506325245370e-05,1.01442835878758e-01,1.12607991164235e+03,sinkhorn_cellsim
2.124466e+02,81981,3.88506325290327e-05,1.01442835878763e-01,1.12607991194408e+03,sinkhorn_cellsim
2.124984e+02,82001,3.88506325250336e-05,1.01442835878766e-01,1.12607991224580e+03,sinkhorn_cellsim
2.125502e+02,82021,3.88506325266155e-05,1.01442835878771e-01,1.12607991254753e+03,sinkhorn_cellsim
2.126020e+02,82041,3.88506325245035e-05,1.01442835878774e-01,1.12607991284926e+03,sinkhorn_cellsim
2.126538e+02,82061,3.88506325249363e-05,1.01442835878779e-01,1.12607991315099e+03,sinkhorn_cellsim
2.127055e+02,82081,3.88506325276831e-05,1.01442835878784e-01,1.12607991345271e+03,sinkhorn_cellsim
2.127573e+02,82101,3.88506325271214e-05,1.01442835878788e-01,1.12607991375444e+03,sinkhorn_cellsim
2.128091e+02,82121,3.88506325244437e-05,1.01442835878792e-01,1.12607991405617e+03,sinkhorn_cellsim
2.128609e+02,82141,3.88506325250207e-05,1.01442835878797e-01,1.12607991435790e+03,sinkhorn_cellsim
2.129127e+02,82161,3.88506325241838e-05,1.01442835878800e-01,1.12607991465962e+03,sinkhorn_cellsim
2.129645e+02,82181,3.88506325275967e-05,1.01442835878805e-01,1.12607991496135e+03,sinkhorn_cellsim
2.130163e+02,82201,3.88506325222492e-05,1.01442835878808e-01,1.12607991526308e+03,sinkhorn_cellsim
2.130681e+02,82221,3.88506325278458e-05,1.01442835878813e-01,1.12607991556481e+03,sinkhorn_cellsim
2.131199e+02,82241,3.88506325270224e-05,1.01442835878817e-01,1.12607991586654e+03,sinkhorn_cellsim
2.131717e+02,82261,3.88506325210682e-05,1.01442835878819e-01,1.12607991616826e+03,sinkhorn_cellsim
2.132235e+02,82281,3.88506325235119e-05,1.01442835878825e-01,1.12607991646999e+03,sinkhorn_cellsim
2.132753e+02,82301,3.88506325244243e-05,1.01442835878828e-01,1.12607991677172e+03,sinkhorn_cellsim
2.133271e+02,82321,3.88506325224946e-05,1.01442835878832e-01,1.12607991707345e+03,sinkhorn_cellsim
2.133789e+02,82341,3.88506325298576e-05,1.01442835878838e-01,1.12607991737517e+03,sinkhorn_cellsim
2.134307e+02,82361,3.88506325291255e-05,1.01442835878841e-01,1.12607991767690e+03,sinkhorn_cellsim
2.134825e+02,82381,3.88506325325259e-05,1.01442835878846e-01,1.12607991797863e+03,sinkhorn_cellsim
2.135343e+02,82401,3.88506325258714e-05,1.01442835878848e-01,1.12607991828036e+03,sinkhorn_cellsim
2.135861e+02,82421,3.88506325262956e-05,1.01442835878852e-01,1.12607991858208e+03,sinkhorn_cellsim
2.136379e+02,82441,3.88506325262983e-05,1.01442835878856e-01,1.12607991888381e+03,sinkhorn_cellsim
2.136897e+02,82461,3.88506325278185e-05,1.01442835878861e-01,1.12607991918554e+03,sinkhorn_cellsim
2.137414e+02,82481,3.88506325281500e-05,1.01442835878865e-01,1.12607991948727e+03,sinkhorn_cellsim
2.137932e+02,82501,3.88506325273784e-05,1.01442835878868e-01,1.12607991978900e+03,sinkhorn_cellsim
2.138450e+02,82521,3.88506325284787e-05,1.01442835878872e-01,1.12607992009072e+03,sinkhorn_cellsim
2.138968e+02,82541,3.88506325284239e-05,1.01442835878876e-01,1.12607992039245e+03,sinkhorn_cellsim
2.139486e+02,82561,3.88506325289110e-05,1.01442835878880e-01,1.12607992069418e+03,sinkhorn_cellsim
2.140004e+02,82581,3.88506325292369e-05,1.01442835878883e-01,1.12607992099591e+03,sinkhorn_cellsim
2.140522e+02,82601,3.88506325248821e-05,1.01442835878886e-01,1.12607992129763e+03,sinkhorn_cellsim
2.141040e+02,82621,3.88506325251571e-05,1.01442835878890e-01,1.12607992159936e+03,sinkhorn_cellsim
2.141558e+02,82641,3.88506325197981e-05,1.01442835878892e-01,1.12607992190109e+03,sinkhorn_cellsim
2.142076e+02,82661,3.88506325260261e-05,1.01442835878897e-01,1.12607992220282e+03,sinkhorn_cellsim
2.142594e+02,82681,3.88506325228989e-05,1.01442835878900e-01,1.12607992250454e+03,sinkhorn_cellsim
2.143112e+02,82701,3.88506325226551e-05,1.01442835878903e-01,1.12607992280627e+03,sinkhorn_cellsim
2.143630e+02,82721,3.88506325269025e-05,1.01442835878908e-01,1.12607992310800e+03,sinkhorn_cellsim
2.144148e+02,82741,3.88506325249067e-05,1.01442835878911e-01,1.12607992340973e+03,sinkhorn_cellsim
2.144666e+02,82761,3.88506325238260e-05,1.01442835878916e-01,1.12607992371146e+03,sinkhorn_cellsim
2.145184e+02,82781,3.88506325241406e-05,1.01442835878918e-01,1.12607992401318e+03,sinkhorn_cellsim
2.145702e+02,82801,3.88506325244833e-05,1.01442835878922e-01,1.12607992431491e+03,sinkhorn_cellsim
2.146220e+02,82821,3.88506325282220e-05,1.01442835878926e-01,1.12607992461664e+03,sinkhorn_cellsim
2.146738e+02,82841,3.88506325287704e-05,1.01442835878930e-01,1.12607992491837e+03,sinkhorn_cellsim
2.147256e+02,82861,3.88506325270735e-05,1.01442835878933e-01,1.12607992522009e+03,sinkhorn_cellsim
2.147774e+02,82881,3.88506325253814e-05,1.01442835878936e-01,1.12607992552182e+03,sinkhorn_cellsim
2.148292e+02,82901,3.88506325246352e-05,1.01442835878940e-01,1.12607992582355e+03,sinkhorn_cellsim
2.148810e+02,82921,3.88506325254266e-05,1.01442835878944e-01,1.12607992612528e+03,sinkhorn_cellsim
2.149328e+02,82941,3.88506325239623e-05,1.01442835878947e-01,1.12607992642700e+03,sinkhorn_cellsim
2.149846e+02,82961,3.88506325287807e-05,1.01442835878951e-01,1.12607992672873e+03,sinkhorn_cellsim
2.150364e+02,82981,3.88506325259188e-05,1.01442835878953e-01,1.12607992703046e+03,sinkhorn_cellsim
2.150882e+02,83001,3.88506325237509e-05,1.01442835878957e-01,1.12607992733219e+03,sinkhorn_cellsim
2.151400e+02,83021,3.88506325214807e-05,1.01442835878959e-01,1.12607992763392e+03,sinkhorn_cellsim
2.151918e+02,83041,3.88506325209688e-05,1.01442835878963e-01,1.12607992793564e+03,sinkhorn_cellsim
2.152436e+02,83061,3.88506325307265e-05,1.01442835878967e-01,1.12607992823737e+03,sinkhorn_cellsim
2.152954e+02,83081,3.88506325240773e-05,1.01442835878970e-01,1.12607992853910e+03,sinkhorn_cellsim
2.153472e+02,83101,3.88506325253264e-05,1.01442835878973e-01,1.12607992884083e+03,sinkhorn_cellsim
2.153990e+02,83121,3.88506325279036e-05,1.01442835878977e-01,1.12607992914255e+03,sinkhorn_cellsim
2.154507e+02,83141,3.88506325288364e-05,1.01442835878980e-01,1.12607992944428e+03,sinkhorn_cellsim
2.155025e+02,83161,3.88506325248043e-05,1.01442835878983e-01,1.12607992974601e+03,sinkhorn_cellsim
2.155543e+02,83181,3.88506325265653e-05,1.01442835878987e-01,1.12607993004774e+03,sinkhorn_cellsim
2.156061e+02,83201,3.88506325268843e-05,1.01442835878990e-01,1.12607993034946e+03,sinkhorn_cellsim
2.156579e+02,83221,3.88506325227911e-05,1.01442835878992e-01,1.12607993065119e+03,sinkhorn_cellsim
2.157097e+02,83241,3.88506325287518e-05,1.01442835878996e-01,1.12607993095292e+03,sinkhorn_cellsim
2.157615e+02,83261,3.88506325235702e-05,1.01442835878999e-01,1.12607993125465e+03,sinkhorn_cellsim
2.158133e+02,83281,3.88506325263521e-05,1.01442835879002e-01,1.12607993155637e+03,sinkhorn_cellsim
2.158651e+02,83301,3.88506325280814e-05,1.01442835879006e-01,1.12607993185810e+03,sinkhorn_cellsim
2.159169e+02,83321,3.88506325271442e-05,1.01442835879009e-01,1.12607993215983e+03,sinkhorn_cellsim
2.159687e+02,83341,3.88506325265018e-05,1.01442835879012e-01,1.12607993246156e+03,sinkhorn_cellsim
2.160205e+02,83361,3.88506325259668e-05,1.01442835879014e-01,1.12607993276329e+03,sinkhorn_cellsim
2.160723e+02,83381,3.88506325256510e-05,1.01442835879017e-01,1.12607993306501e+03,sinkhorn_cellsim
2.161241e+02,83401,3.88506325250043e-05,1.01442835879020e-01,1.12607993336674e+03,sinkhorn_cellsim
2.161759e+02,83421,3.88506325272129e-05,1.01442835879024e-01,1.12607993366847e+03,sinkhorn_cellsim
2.162277e+02,83441,3.88506325250683e-05,1.01442835879026e-01,1.12607993397020e+03,sinkhorn_cellsim
2.162795e+02,83461,3.88506325273346e-05,1.01442835879030e-01,1.12607993427192e+03,sinkhorn_cellsim
2.163313e+02,83481,3.88506325283929e-05,1.01442835879033e-01,1.12607993457365e+03,sinkhorn_cellsim
2.163831e+02,83501,3.88506325270044e-05,1.01442835879036e-01,1.12607993487538e+03,sinkhorn_cellsim
2.164349e+02,83521,3.88506325273219e-05,1.01442835879039e-01,1.12607993517711e+03,sinkhorn_cellsim
2.164867e+02,83541,3.88506325269557e-05,1.01442835879042e-01,1.12607993547884e+03,sinkhorn_cellsim
2.165385e+02,83561,3.88506325282677e-05,1.01442835879044e-01,1.12607993578056e+03,sinkhorn_cellsim
2.165903e+02,83581,3.88506325268217e-05,1.01442835879048e-01,1.12607993608229e+03,sinkhorn_cellsim
2.166421e+02,83601,3.88506325246518e-05,1.01442835879050e-01,1.12607993638402e+03,sinkhorn_cellsim
2.166939e+02,83621,3.88506325243752e-05,1.01442835879053e-01,1.12607993668575e+03,sinkhorn_cellsim
2.167457e+02,83641,3.88506325279742e-05,1.01442835879057e-01,1.12607993698747e+03,sinkhorn_cellsim
2.167975e+02,83661,3.88506325236652e-05,1.01442835879058e-01,1.12607993728920e+03,sinkhorn_cellsim
2.168493e+02,83681,3.88506325247129e-05,1.01442835879061e-01,1.12607993759093e+03,sinkhorn_cellsim
2.169011e+02,83701,3.88506325240365e-05,1.01442835879064e-01,1.12607993789266e+03,sinkhorn_cellsim
2.169529e+02,83721,3.88506325271154e-05,1.01442835879068e-01,1.12607993819438e+03,sinkhorn_cellsim
2.170047e+02,83741,3.88506325281945e-05,1.01442835879070e-01,1.12607993849611e+03,sinkhorn_cellsim
2.170565e+02,83761,3.88506325250738e-05,1.01442835879073e-01,1.12607993879784e+03,sinkhorn_cellsim
2.171083e+02,83781,3.88506325236947e-05,1.01442835879075e-01,1.12607993909957e+03,sinkhorn_cellsim
2.171601e+02,83801,3.88506325262014e-05,1.01442835879079e-01,1.12607993940130e+03,sinkhorn_cellsim
2.172119e+02,83821,3.88506325283450e-05,1.01442835879081e-01,1.12607993970302e+03,sinkhorn_cellsim
2.172637e+02,83841,3.88506325215280e-05,1.01442835879083e-01,1.12607994000475e+03,sinkhorn_cellsim
2.173155e+02,83861,3.88506325209828e-05,1.01442835879086e-01,1.12607994030648e+03,sinkhorn_cellsim
2.173672e+02,83881,3.88506325303121e-05,1.01442835879090e-01,1.12607994060821e+03,sinkhorn_cellsim
2.174190e+02,83901,3.88506325278979e-05,1.01442835879093e-01,1.12607994090993e+03,sinkhorn_cellsim
2.174708e+02,83921,3.88506325214298e-05,1.01442835879094e-01,1.12607994121166e+03,sinkhorn_cellsim
2.175226e+02,83941,3.88506325268900e-05,1.01442835879098e-01,1.12607994151339e+03,sinkhorn_cellsim
2.175744e+02,83961,3.88506325255290e-05,1.01442835879100e-01,1.12607994181512e+03,sinkhorn_cellsim
2.176262e+02,83981,3.88506325243426e-05,1.01442835879102e-01,1.12607994211684e+03,sinkhorn_cellsim
2.176780e+02,84001,3.88506325259424e-05,1.01442835879105e-01,1.12607994241857e+03,sinkhorn_cellsim
2.177298e+02,84021,3.88506325253844e-05,1.01442835879108e-01,1.12607994272030e+03,sinkhorn_cellsim
2.177816e+02,84041,3.88506325254074e-05,1.01442835879110e-01,1.12607994302203e+03,sinkhorn_cellsim
2.178334e+02,84061,3.88506325228123e-05,1.01442835879113e-01,1.12607994332375e+03,sinkhorn_cellsim
2.178852e+02,84081,3.88506325275019e-05,1.01442835879116e-01,1.12607994362548e+03,sinkhorn_cellsim
2.179370e+02,84101,3.88506325239497e-05,1.01442835879118e-01,1.12607994392721e+03,sinkhorn_cellsim
2.179888e+02,84121,3.88506325252712e-05,1.01442835879121e-01,1.12607994422894e+03,sinkhorn_cellsim
2.180406e+02,84141,3.88506325258868e-05,1.01442835879123e-01,1.12607994453067e+03,sinkhorn_cellsim
2.180924e+02,84161,3.88506325264404e-05,1.01442835879127e-01,1.12607994483239e+03,sinkhorn_cellsim
2.181442e+02,84181,3.88506325261368e-05,1.01442835879129e-01,1.12607994513412e+03,sinkhorn_cellsim
2.181960e+02,84201,3.88506325202850e-05,1.01442835879130e-01,1.12607994543585e+03,sinkhorn_cellsim
2.182478e+02,84221,3.88506325246330e-05,1.01442835879133e-01,1.12607994573758e+03,sinkhorn_cellsim
2.182996e+02,84241,3.88506325232790e-05,1.01442835879135e-01,1.12607994603930e+03,sinkhorn_cellsim
2.183514e+02,84261,3.88506325265843e-05,1.01442835879139e-01,1.12607994634103e+03,sinkhorn_cellsim
2.184032e+02,84281,3.88506325211446e-05,1.01442835879140e-01,1.12607994664276e+03,sinkhorn_cellsim
2.184550e+02,84301,3.88506325263306e-05,1.01442835879143e-01,1.12607994694449e+03,sinkhorn_cellsim
2.185068e+02,84321,3.88506325277073e-05,1.01442835879146e-01,1.12607994724621e+03,sinkhorn_cellsim
2.185586e+02,84341,3.88506325292793e-05,1.01442835879148e-01,1.12607994754794e+03,sinkhorn_cellsim
2.186104e+02,84361,3.88506325253652e-05,1.01442835879150e-01,1.12607994784967e+03,sinkhorn_cellsim
2.186622e+02,84381,3.88506325273182e-05,1.01442835879153e-01,1.12607994815140e+03,sinkhorn_cellsim
2.187140e+02,84401,3.88506325257656e-05,1.01442835879156e-01,1.12607994845313e+03,sinkhorn_cellsim
2.187658e+02,84421,3.88506325232239e-05,1.01442835879158e-01,1.12607994875485e+03,sinkhorn_cellsim
2.188176e+02,84441,3.88506325269574e-05,1.01442835879160e-01,1.12607994905658e+03,sinkhorn_cellsim
2.188694e+02,84461,3.88506325272673e-05,1.01442835879162e-01,1.12607994935831e+03,sinkhorn_cellsim
2.189212e+02,84481,3.88506325264586e-05,1.01442835879165e-01,1.12607994966004e+03,sinkhorn_cellsim
2.189730e+02,84501,3.88506325253485e-05,1.01442835879166e-01,1.12607994996176e+03,sinkhorn_cellsim
2.190248e+02,84521,3.88506325263131e-05,1.01442835879169e-01,1.12607995026349e+03,sinkhorn_cellsim
2.190766e+02,84541,3.88506325242908e-05,1.01442835879171e-01,1.12607995056522e+03,sinkhorn_cellsim
2.191284e+02,84561,3.88506325251465e-05,1.01442835879173e-01,1.12607995086695e+03,sinkhorn_cellsim
2.191802e+02,84581,3.88506325274426e-05,1.01442835879176e-01,1.12607995116867e+03,sinkhorn_cellsim
2.192320e+02,84601,3.88506325243795e-05,1.01442835879178e-01,1.12607995147040e+03,sinkhorn_cellsim
2.192838e+02,84621,3.88506325205870e-05,1.01442835879179e-01,1.12607995177213e+03,sinkhorn_cellsim
2.193356e+02,84641,3.88506325259655e-05,1.01442835879183e-01,1.12607995207386e+03,sinkhorn_cellsim
2.193874e+02,84661,3.88506325207755e-05,1.01442835879184e-01,1.12607995237559e+03,sinkhorn_cellsim
2.194392e+02,84681,3.88506325297448e-05,1.01442835879188e-01,1.12607995267731e+03,sinkhorn_cellsim
2.194909e+02,84701,3.88506325252845e-05,1.01442835879189e-01,1.12607995297904e+03,sinkhorn_cellsim
2.195427e+02,84721,3.88506325275144e-05,1.01442835879192e-01,1.12607995328077e+03,sinkhorn_cellsim
2.195945e+02,84741,3.88506325229529e-05,1.01442835879193e-01,1.12607995358250e+03,sinkhorn_cellsim
2.196463e+02,84761,3.88506325256675e-05,1.01442835879196e-01,1.12607995388422e+03,sinkhorn_cellsim
2.196981e+02,84781,3.88506325249069e-05,1.01442835879198e-01,1.12607995418595e+03,sinkhorn_cellsim
2.197499e+02,84801,3.88506325250033e-05,1.01442835879200e-01,1.12607995448768e+03,sinkhorn_cellsim
2.198017e+02,84821,3.88506325231238e-05,1.01442835879202e-01,1.12607995478941e+03,sinkhorn_cellsim
2.198535e+02,84841,3.88506325237220e-05,1.01442835879204e-01,1.12607995509113e+03,sinkhorn_cellsim
2.199053e+02,84861,3.88506325253110e-05,1.01442835879207e-01,1.12607995539286e+03,sinkhorn_cellsim
2.199571e+02,84881,3.88506325214598e-05,1.01442835879209e-01,1.12607995569459e+03,sinkhorn_cellsim
2.200089e+02,84901,3.88506325266526e-05,1.01442835879211e-01,1.12607995599632e+03,sinkhorn_cellsim
2.200607e+02,84921,3.88506325243506e-05,1.01442835879212e-01,1.12607995629805e+03,sinkhorn_cellsim
2.201125e+02,84941,3.88506325297943e-05,1.01442835879216e-01,1.12607995659977e+03,sinkhorn_cellsim
2.201643e+02,84961,3.88506325281460e-05,1.01442835879217e-01,1.12607995690150e+03,sinkhorn_cellsim
2.202161e+02,84981,3.88506325237377e-05,1.01442835879219e-01,1.12607995720323e+03,sinkhorn_cellsim
2.202679e+02,85001,3.88506325208933e-05,1.01442835879220e-01,1.12607995750496e+03,sinkhorn_cellsim
2.203197e+02,85021,3.88506325253815e-05,1.01442835879223e-01,1.12607995780668e+03,sinkhorn_cellsim
2.203715e+02,85041,3.88506325225122e-05,1.01442835879224e-01,1.12607995810841e+03,sinkhorn_cellsim
2.204235e+02,85061,3.88506325275220e-05,1.01442835879228e-01,1.12607995841014e+03,sinkhorn_cellsim
2.204753e+02,85081,3.88506325244154e-05,1.01442835879229e-01,1.12607995871187e+03,sinkhorn_cellsim
2.205271e+02,85101,3.88506325227654e-05,1.01442835879230e-01,1.12607995901359e+03,sinkhorn_cellsim
2.205789e+02,85121,3.88506325255122e-05,1.01442835879233e-01,1.12607995931532e+03,sinkhorn_cellsim
2.206307e+02,85141,3.88506325290783e-05,1.01442835879236e-01,1.12607995961705e+03,sinkhorn_cellsim
2.206825e+02,85161,3.88506325282356e-05,1.01442835879238e-01,1.12607995991878e+03,sinkhorn_cellsim
2.207343e+02,85181,3.88506325273892e-05,1.01442835879239e-01,1.12607996022051e+03,sinkhorn_cellsim
2.207861e+02,85201,3.88506325204018e-05,1.01442835879239e-01,1.12607996052223e+03,sinkhorn_cellsim
2.208379e+02,85221,3.88506325232961e-05,1.01442835879243e-01,1.12607996082396e+03,sinkhorn_cellsim
2.208897e+02,85241,3.88506325294838e-05,1.01442835879245e-01,1.12607996112569e+03,sinkhorn_cellsim
2.209415e+02,85261,3.88506325264641e-05,1.01442835879247e-01,1.12607996142742e+03,sinkhorn_cellsim
2.209933e+02,85281,3.88506325253395e-05,1.01442835879249e-01,1.12607996172914e+03,sinkhorn_cellsim
2.210451e+02,85301,3.88506325266117e-05,1.01442835879251e-01,1.12607996203087e+03,sinkhorn_cellsim
2.210969e+02,85321,3.88506325270636e-05,1.01442835879252e-01,1.12607996233260e+03,sinkhorn_cellsim
2.211487e+02,85341,3.88506325242584e-05,1.01442835879253e-01,1.12607996263433e+03,sinkhorn_cellsim
2.212005e+02,85361,3.88506325250543e-05,1.01442835879256e-01,1.12607996293605e+03,sinkhorn_cellsim
2.212523e+02,85381,3.88506325249132e-05,1.01442835879258e-01,1.12607996323778e+03,sinkhorn_cellsim
2.213041e+02,85401,3.88506325272326e-05,1.01442835879261e-01,1.12607996353951e+03,sinkhorn_cellsim
2.213559e+02,85421,3.88506325285910e-05,1.01442835879261e-01,1.12607996384124e+03,sinkhorn_cellsim
2.214077e+02,85441,3.88506325269134e-05,1.01442835879263e-01,1.12607996414297e+03,sinkhorn_cellsim
2.214595e+02,85461,3.88506325280783e-05,1.01442835879266e-01,1.12607996444469e+03,sinkhorn_cellsim
2.215113e+02,85481,3.88506325224689e-05,1.01442835879267e-01,1.12607996474642e+03,sinkhorn_cellsim
2.215631e+02,85501,3.88506325318276e-05,1.01442835879271e-01,1.12607996504815e+03,sinkhorn_cellsim
2.216149e+02,85521,3.88506325249502e-05,1.01442835879270e-01,1.12607996534988e+03,sinkhorn_cellsim
2.216667e+02,85541,3.88506325255924e-05,1.01442835879273e-01,1.12607996565160e+03,sinkhorn_cellsim
2.217185e+02,85561,3.88506325231538e-05,1.01442835879275e-01,1.12607996595333e+03,sinkhorn_cellsim
2.217703e+02,85581,3.88506325266190e-05,1.01442835879277e-01,1.12607996625506e+03,sinkhorn_cellsim
2.218221e+02,85601,3.88506325226392e-05,1.01442835879277e-01,1.12607996655679e+03,sinkhorn_cellsim
2.218739e+02,85621,3.88506325236861e-05,1.01442835879279e-01,1.12607996685851e+03,sinkhorn_cellsim
2.219257e+02,85641,3.88506325275426e-05,1.01442835879282e-01,1.12607996716024e+03,sinkhorn_cellsim
2.219775e+02,85661,3.88506325214375e-05,1.01442835879282e-01,1.12607996746197e+03,sinkhorn_cellsim
2.220292e+02,85681,3.88506325280945e-05,1.01442835879285e-01,1.12607996776370e+03,sinkhorn_cellsim
2.220810e+02,85701,3.88506325252426e-05,1.01442835879287e-01,1.12607996806542e+03,sinkhorn_cellsim
2.221328e+02,85721,3.88506325229959e-05,1.01442835879288e-01,1.12607996836715e+03,sinkhorn_cellsim
2.221846e+02,85741,3.88506325261292e-05,1.01442835879290e-01,1.12607996866888e+03,sinkhorn_cellsim
2.222364e+02,85761,3.88506325240927e-05,1.01442835879292e-01,1.12607996897061e+03,sinkhorn_cellsim
2.222882e+02,85781,3.88506325241490e-05,1.01442835879293e-01,1.12607996927234e+03,sinkhorn_cellsim
2.223400e+02,85801,3.88506325221236e-05,1.01442835879294e-01,1.12607996957406e+03,sinkhorn_cellsim
2.223918e+02,85821,3.88506325294601e-05,1.01442835879297e-01,1.12607996987579e+03,sinkhorn_cellsim
2.224436e+02,85841,3.88506325237418e-05,1.01442835879297e-01,1.12607997017752e+03,sinkhorn_cellsim
2.224954e+02,85861,3.88506325245366e-05,1.01442835879300e-01,1.12607997047925e+03,sinkhorn_cellsim
2.225472e+02,85881,3.88506325288389e-05,1.01442835879303e-01,1.12607997078097e+03,sinkhorn_cellsim
2.225990e+02,85901,3.88506325239322e-05,1.01442835879303e-01,1.12607997108270e+03,sinkhorn_cellsim
2.226508e+02,85921,3.88506325279672e-05,1.01442835879305e-01,1.12607997138443e+03,sinkhorn_cellsim
2.227026e+02,85941,3.88506325264426e-05,1.01442835879307e-01,1.12607997168616e+03,sinkhorn_cellsim
2.227635e+02,85961,3.88506325264079e-05,1.01442835879308e-01,1.12607997198789e+03,sinkhorn_cellsim
2.228153e+02,85981,3.88506325238027e-05,1.01442835879310e-01,1.12607997228961e+03,sinkhorn_cellsim
2.228671e+02,86001,3.88506325233747e-05,1.01442835879311e-01,1.12607997259134e+03,sinkhorn_cellsim
2.229189e+02,86021,3.88506325248546e-05,1.01442835879313e-01,1.12607997289307e+03,sinkhorn_cellsim
2.229707e+02,86041,3.88506325279423e-05,1.01442835879315e-01,1.12607997319480e+03,sinkhorn_cellsim
2.230225e+02,86061,3.88506325214523e-05,1.01442835879315e-01,1.12607997349652e+03,sinkhorn_cellsim
2.230743e+02,86081,3.88506325266064e-05,1.01442835879318e-01,1.12607997379825e+03,sinkhorn_cellsim
2.231261e+02,86101,3.88506325245081e-05,1.01442835879320e-01,1.12607997409998e+03,sinkhorn_cellsim
2.231779e+02,86121,3.88506325243543e-05,1.01442835879320e-01,1.12607997440171e+03,sinkhorn_cellsim
2.232297e+02,86141,3.88506325294256e-05,1.01442835879324e-01,1.12607997470343e+03,sinkhorn_cellsim
2.232814e+02,86161,3.88506325291440e-05,1.01442835879326e-01,1.12607997500516e+03,sinkhorn_cellsim
2.233332e+02,86181,3.88506325223437e-05,1.01442835879324e-01,1.12607997530689e+03,sinkhorn_cellsim
2.233850e+02,86201,3.88506325231272e-05,1.01442835879327e-01,1.12607997560862e+03,sinkhorn_cellsim
2.234368e+02,86221,3.88506325244354e-05,1.01442835879329e-01,1.12607997591034e+03,sinkhorn_cellsim
2.234886e+02,86241,3.88506325236568e-05,1.01442835879329e-01,1.12607997621207e+03,sinkhorn_cellsim
2.235404e+02,86261,3.88506325241896e-05,1.01442835879331e-01,1.12607997651380e+03,sinkhorn_cellsim
2.235922e+02,86281,3.88506325238679e-05,1.01442835879333e-01,1.12607997681553e+03,sinkhorn_cellsim
2.236440e+02,86301,3.88506325229432e-05,1.01442835879334e-01,1.12607997711726e+03,sinkhorn_cellsim
2.236958e+02,86321,3.88506325259218e-05,1.01442835879337e-01,1.12607997741898e+03,sinkhorn_cellsim
2.237475e+02,86341,3.88506325279881e-05,1.01442835879338e-01,1.12607997772071e+03,sinkhorn_cellsim
2.237993e+02,86361,3.88506325244874e-05,1.01442835879338e-01,1.12607997802244e+03,sinkhorn_cellsim
2.238511e+02,86381,3.88506325230858e-05,1.01442835879340e-01,1.12607997832417e+03,sinkhorn_cellsim
2.239029e+02,86401,3.88506325259619e-05,1.01442835879342e-01,1.12607997862589e+03,sinkhorn_cellsim
2.239547e+02,86421,3.88506325236868e-05,1.01442835879342e-01,1.12607997892762e+03,sinkhorn_cellsim
2.240065e+02,86441,3.88506325263061e-05,1.01442835879345e-01,1.12607997922935e+03,sinkhorn_cellsim
2.240583e+02,86461,3.88506325264277e-05,1.01442835879347e-01,1.12607997953108e+03,sinkhorn_cellsim
2.241101e+02,86481,3.88506325220144e-05,1.01442835879347e-01,1.12607997983280e+03,sinkhorn_cellsim
2.241619e+02,86501,3.88506325196682e-05,1.01442835879348e-01,1.12607998013453e+03,sinkhorn_cellsim
2.242137e+02,86521,3.88506325241729e-05,1.01442835879350e-01,1.12607998043626e+03,sinkhorn_cellsim
2.242655e+02,86541,3.88506325233527e-05,1.01442835879351e-01,1.12607998073799e+03,sinkhorn_cellsim
2.243173e+02,86561,3.88506325223166e-05,1.01442835879352e-01,1.12607998103972e+03,sinkhorn_cellsim
2.243691e+02,86581,3.88506325247326e-05,1.01442835879354e-01,1.12607998134144e+03,sinkhorn_cellsim
2.244208e+02,86601,3.88506325194319e-05,1.01442835879355e-01,1.12607998164317e+03,sinkhorn_cellsim
2.244726e+02,86621,3.88506325251311e-05,1.01442835879358e-01,1.12607998194490e+03,sinkhorn_cellsim
2.245244e+02,86641,3.88506325243082e-05,1.01442835879358e-01,1.12607998224663e+03,sinkhorn_cellsim
2.245762e+02,86661,3.88506325252359e-05,1.01442835879360e-01,1.12607998254835e+03,sinkhorn_cellsim
2.246280e+02,86681,3.88506325235237e-05,1.01442835879360e-01,1.12607998285008e+03,sinkhorn_cellsim
2.246798e+02,86701,3.88506325240835e-05,1.01442835879363e-01,1.12607998315181e+03,sinkhorn_cellsim
2.247316e+02,86721,3.88506325242065e-05,1.01442835879363e-01,1.12607998345354e+03,sinkhorn_cellsim
2.247834e+02,86741,3.88506325237224e-05,1.01442835879365e-01,1.12607998375526e+03,sinkhorn_cellsim
2.248352e+02,86761,3.88506325243156e-05,1.01442835879367e-01,1.12607998405699e+03,sinkhorn_cellsim
2.248870e+02,86781,3.88506325240369e-05,1.01442835879368e-01,1.12607998435872e+03,sinkhorn_cellsim
2.249387e+02,86801,3.88506325262201e-05,1.01442835879369e-01,1.12607998466045e+03,sinkhorn_cellsim
2.249905e+02,86821,3.88506325242176e-05,1.01442835879370e-01,1.12607998496218e+03,sinkhorn_cellsim
2.250423e+02,86841,3.88506325242776e-05,1.01442835879371e-01,1.12607998526390e+03,sinkhorn_cellsim
2.250941e+02,86861,3.88506325304805e-05,1.01442835879374e-01,1.12607998556563e+03,sinkhorn_cellsim
2.251459e+02,86881,3.88506325280283e-05,1.01442835879375e-01,1.12607998586736e+03,sinkhorn_cellsim
2.251977e+02,86901,3.88506325253263e-05,1.01442835879376e-01,1.12607998616909e+03,sinkhorn_cellsim
2.252495e+02,86921,3.88506325202647e-05,1.01442835879376e-01,1.12607998647081e+03,sinkhorn_cellsim
2.253013e+02,86941,3.88506325253174e-05,1.01442835879378e-01,1.12607998677254e+03,sinkhorn_cellsim
2.253531e+02,86961,3.88506325261595e-05,1.01442835879380e-01,1.12607998707427e+03,sinkhorn_cellsim
2.254049e+02,86981,3.88506325240103e-05,1.01442835879380e-01,1.12607998737600e+03,sinkhorn_cellsim
2.254567e+02,87001,3.88506325224153e-05,1.01442835879381e-01,1.12607998767772e+03,sinkhorn_cellsim
2.255085e+02,87021,3.88506325260590e-05,1.01442835879383e-01,1.12607998797945e+03,sinkhorn_cellsim
2.255602e+02,87041,3.88506325277826e-05,1.01442835879386e-01,1.12607998828118e+03,sinkhorn_cellsim
2.256120e+02,87061,3.88506325215535e-05,1.01442835879385e-01,1.12607998858291e+03,sinkhorn_cellsim
2.256638e+02,87081,3.88506325281181e-05,1.01442835879387e-01,1.12607998888464e+03,sinkhorn_cellsim
2.257156e+02,87101,3.88506325240638e-05,1.01442835879388e-01,1.12607998918636e+03,sinkhorn_cellsim
2.257674e+02,87121,3.88506325229425e-05,1.01442835879389e-01,1.12607998948809e+03,sinkhorn_cellsim
2.258192e+02,87141,3.88506325270231e-05,1.01442835879391e-01,1.12607998978982e+03,sinkhorn_cellsim
2.258710e+02,87161,3.88506325224462e-05,1.01442835879392e-01,1.12607999009155e+03,sinkhorn_cellsim
2.259228e+02,87181,3.88506325260532e-05,1.01442835879393e-01,1.12607999039327e+03,sinkhorn_cellsim
2.259746e+02,87201,3.88506325276824e-05,1.01442835879395e-01,1.12607999069500e+03,sinkhorn_cellsim
2.260264e+02,87221,3.88506325268913e-05,1.01442835879396e-01,1.12607999099673e+03,sinkhorn_cellsim
2.260782e+02,87241,3.88506325210604e-05,1.01442835879396e-01,1.12607999129846e+03,sinkhorn_cellsim
2.261299e+02,87261,3.88506325220032e-05,1.01442835879398e-01,1.12607999160018e+03,sinkhorn_cellsim
2.261817e+02,87281,3.88506325267393e-05,1.01442835879399e-01,1.12607999190191e+03,sinkhorn_cellsim
2.262335e+02,87301,3.88506325249017e-05,1.01442835879399e-01,1.12607999220364e+03,sinkhorn_cellsim
2.262853e+02,87321,3.88506325285253e-05,1.01442835879402e-01,1.12607999250537e+03,sinkhorn_cellsim
2.263371e+02,87341,3.88506325249896e-05,1.01442835879402e-01,1.12607999280710e+03,sinkhorn_cellsim
2.263889e+02,87361,3.88506325288106e-05,1.01442835879405e-01,1.12607999310882e+03,sinkhorn_cellsim
2.264407e+02,87381,3.88506325236922e-05,1.01442835879405e-01,1.12607999341055e+03,sinkhorn_cellsim
2.264925e+02,87401,3.88506325232256e-05,1.01442835879406e-01,1.12607999371228e+03,sinkhorn_cellsim
2.265443e+02,87421,3.88506325264741e-05,1.01442835879407e-01,1.12607999401401e+03,sinkhorn_cellsim
2.265961e+02,87441,3.88506325266329e-05,1.01442835879408e-01,1.12607999431573e+03,sinkhorn_cellsim
2.266479e+02,87461,3.88506325243619e-05,1.01442835879409e-01,1.12607999461746e+03,sinkhorn_cellsim
2.266996e+02,87481,3.88506325265734e-05,1.01442835879410e-01,1.12607999491919e+03,sinkhorn_cellsim
2.267514e+02,87501,3.88506325219056e-05,1.01442835879410e-01,1.12607999522092e+03,sinkhorn_cellsim
2.268032e+02,87521,3.88506325238807e-05,1.01442835879413e-01,1.12607999552264e+03,sinkhorn_cellsim
2.268550e+02,87541,3.88506325208087e-05,1.01442835879413e-01,1.12607999582437e+03,sinkhorn_cellsim
2.269068e+02,87561,3.88506325261564e-05,1.01442835879416e-01,1.12607999612610e+03,sinkhorn_cellsim
2.269586e+02,87581,3.88506325234740e-05,1.01442835879415e-01,1.12607999642783e+03,sinkhorn_cellsim
2.270104e+02,87601,3.88506325223609e-05,1.01442835879416e-01,1.12607999672955e+03,sinkhorn_cellsim
2.270622e+02,87621,3.88506325215894e-05,1.01442835879417e-01,1.12607999703128e+03,sinkhorn_cellsim
2.271140e+02,87641,3.88506325246170e-05,1.01442835879418e-01,1.12607999733301e+03,sinkhorn_cellsim
2.271658e+02,87661,3.88506325228269e-05,1.01442835879420e-01,1.12607999763474e+03,sinkhorn_cellsim
2.272176e+02,87681,3.88506325237059e-05,1.01442835879422e-01,1.12607999793647e+03,sinkhorn_cellsim
2.272694e+02,87701,3.88506325214225e-05,1.01442835879421e-01,1.12607999823819e+03,sinkhorn_cellsim
2.273212e+02,87721,3.88506325243175e-05,1.01442835879424e-01,1.12607999853992e+03,sinkhorn_cellsim
2.273729e+02,87741,3.88506325202590e-05,1.01442835879423e-01,1.12607999884165e+03,sinkhorn_cellsim
2.274247e+02,87761,3.88506325213649e-05,1.01442835879425e-01,1.12607999914338e+03,sinkhorn_cellsim
2.274765e+02,87781,3.88506325236761e-05,1.01442835879426e-01,1.12607999944510e+03,sinkhorn_cellsim
2.275283e+02,87801,3.88506325240720e-05,1.01442835879427e-01,1.12607999974683e+03,sinkhorn_cellsim
2.275801e+02,87821,3.88506325220624e-05,1.01442835879427e-01,1.12608000004856e+03,sinkhorn_cellsim
2.276319e+02,87841,3.88506325289757e-05,1.01442835879430e-01,1.12608000035029e+03,sinkhorn_cellsim
2.276837e+02,87861,3.88506325257185e-05,1.01442835879430e-01,1.12608000065201e+03,sinkhorn_cellsim
2.277355e+02,87881,3.88506325246899e-05,1.01442835879432e-01,1.12608000095374e+03,sinkhorn_cellsim
2.277873e+02,87901,3.88506325266993e-05,1.01442835879433e-01,1.12608000125547e+03,sinkhorn_cellsim
2.278391e+02,87921,3.88506325255231e-05,1.01442835879434e-01,1.12608000155720e+03,sinkhorn_cellsim
2.278909e+02,87941,3.88506325243673e-05,1.01442835879435e-01,1.12608000185893e+03,sinkhorn_cellsim
2.279427e+02,87961,3.88506325235737e-05,1.01442835879435e-01,1.12608000216065e+03,sinkhorn_cellsim
2.279945e+02,87981,3.88506325262265e-05,1.01442835879437e-01,1.12608000246238e+03,sinkhorn_cellsim
2.280462e+02,88001,3.88506325218080e-05,1.01442835879436e-01,1.12608000276411e+03,sinkhorn_cellsim
2.280980e+02,88021,3.88506325228003e-05,1.01442835879438e-01,1.12608000306584e+03,sinkhorn_cellsim
2.281498e+02,88041,3.88506325213282e-05,1.01442835879438e-01,1.12608000336756e+03,sinkhorn_cellsim
2.282016e+02,88061,3.88506325234966e-05,1.01442835879439e-01,1.12608000366929e+03,sinkhorn_cellsim
2.282534e+02,88081,3.88506325246177e-05,1.01442835879442e-01,1.12608000397102e+03,sinkhorn_cellsim
2.283052e+02,88101,3.88506325239000e-05,1.01442835879442e-01,1.12608000427275e+03,sinkhorn_cellsim
2.283570e+02,88121,3.88506325208958e-05,1.01442835879443e-01,1.12608000457447e+03,sinkhorn_cellsim
2.284088e+02,88141,3.88506325247668e-05,1.01442835879444e-01,1.12608000487620e+03,sinkhorn_cellsim
2.284606e+02,88161,3.88506325223561e-05,1.01442835879445e-01,1.12608000517793e+03,sinkhorn_cellsim
2.285124e+02,88181,3.88506325269084e-05,1.01442835879446e-01,1.12608000547966e+03,sinkhorn_cellsim
2.285642e+02,88201,3.88506325260885e-05,1.01442835879448e-01,1.12608000578139e+03,sinkhorn_cellsim
2.286159e+02,88221,3.88506325246462e-05,1.01442835879448e-01,1.12608000608311e+03,sinkhorn_cellsim
2.286677e+02,88241,3.88506325251644e-05,1.01442835879449e-01,1.12608000638484e+03,sinkhorn_cellsim
2.287195e+02,88261,3.88506325208161e-05,1.01442835879449e-01,1.12608000668657e+03,sinkhorn_cellsim
2.287713e+02,88281,3.88506325254511e-05,1.01442835879451e-01,1.12608000698830e+03,sinkhorn_cellsim
2.288231e+02,88301,3.88506325211076e-05,1.01442835879451e-01,1.12608000729002e+03,sinkhorn_cellsim
2.288749e+02,88321,3.88506325239106e-05,1.01442835879453e-01,1.12608000759175e+03,sinkhorn_cellsim
2.289267e+02,88341,3.88506325242860e-05,1.01442835879454e-01,1.12608000789348e+03,sinkhorn_cellsim
2.289785e+02,88361,3.88506325254492e-05,1.01442835879454e-01,1.12608000819521e+03,sinkhorn_cellsim
2.290303e+02,88381,3.88506325237336e-05,1.01442835879455e-01,1.12608000849693e+03,sinkhorn_cellsim
2.290821e+02,88401,3.88506325224485e-05,1.01442835879455e-01,1.12608000879866e+03,sinkhorn_cellsim
2.291339e+02,88421,3.88506325247523e-05,1.01442835879457e-01,1.12608000910039e+03,sinkhorn_cellsim
2.291857e+02,88441,3.88506325221992e-05,1.01442835879457e-01,1.12608000940212e+03,sinkhorn_cellsim
2.292375e+02,88461,3.88506325230165e-05,1.01442835879458e-01,1.12608000970385e+03,sinkhorn_cellsim
2.292893e+02,88481,3.88506325247358e-05,1.01442835879460e-01,1.12608001000557e+03,sinkhorn_cellsim
2.293410e+02,88501,3.88506325222275e-05,1.01442835879460e-01,1.12608001030730e+03,sinkhorn_cellsim
2.293928e+02,88521,3.88506325221000e-05,1.01442835879461e-01,1.12608001060903e+03,sinkhorn_cellsim
2.294446e+02,88541,3.88506325267797e-05,1.01442835879462e-01,1.12608001091076e+03,sinkhorn_cellsim
2.294964e+02,88561,3.88506325231361e-05,1.01442835879462e-01,1.12608001121248e+03,sinkhorn_cellsim
2.295482e+02,88581,3.88506325226122e-05,1.01442835879464e-01,1.12608001151421e+03,sinkhorn_cellsim
2.296000e+02,88601,3.88506325254380e-05,1.01442835879464e-01,1.12608001181594e+03,sinkhorn_cellsim
2.296518e+02,88621,3.88506325217984e-05,1.01442835879465e-01,1.12608001211767e+03,sinkhorn_cellsim
2.297036e+02,88641,3.88506325190357e-05,1.01442835879466e-01,1.12608001241939e+03,sinkhorn_cellsim
2.297554e+02,88661,3.88506325234962e-05,1.01442835879467e-01,1.12608001272112e+03,sinkhorn_cellsim
2.298072e+02,88681,3.88506325234084e-05,1.01442835879468e-01,1.12608001302285e+03,sinkhorn_cellsim
2.298590e+02,88701,3.88506325209133e-05,1.01442835879468e-01,1.12608001332458e+03,sinkhorn_cellsim
2.299108e+02,88721,3.88506325185753e-05,1.01442835879468e-01,1.12608001362631e+03,sinkhorn_cellsim
2.299626e+02,88741,3.88506325213376e-05,1.01442835879470e-01,1.12608001392803e+03,sinkhorn_cellsim
2.300144e+02,88761,3.88506325254112e-05,1.01442835879472e-01,1.12608001422976e+03,sinkhorn_cellsim
2.300662e+02,88781,3.88506325263157e-05,1.01442835879472e-01,1.12608001453149e+03,sinkhorn_cellsim
2.301180e+02,88801,3.88506325239472e-05,1.01442835879473e-01,1.12608001483322e+03,sinkhorn_cellsim
2.301698e+02,88821,3.88506325266759e-05,1.01442835879473e-01,1.12608001513494e+03,sinkhorn_cellsim
2.302216e+02,88841,3.88506325195007e-05,1.01442835879474e-01,1.12608001543667e+03,sinkhorn_cellsim
2.302734e+02,88861,3.88506325210577e-05,1.01442835879475e-01,1.12608001573840e+03,sinkhorn_cellsim
2.303252e+02,88881,3.88506325232768e-05,1.01442835879476e-01,1.12608001604013e+03,sinkhorn_cellsim
2.303769e+02,88901,3.88506325185047e-05,1.01442835879476e-01,1.12608001634185e+03,sinkhorn_cellsim
2.304287e+02,88921,3.88506325216403e-05,1.01442835879478e-01,1.12608001664358e+03,sinkhorn_cellsim
2.304805e+02,88941,3.88506325224518e-05,1.01442835879478e-01,1.12608001694531e+03,sinkhorn_cellsim
2.305323e+02,88961,3.88506325233817e-05,1.01442835879478e-01,1.12608001724704e+03,sinkhorn_cellsim
2.305841e+02,88981,3.88506325246858e-05,1.01442835879481e-01,1.12608001754877e+03,sinkhorn_cellsim
2.306359e+02,89001,3.88506325195859e-05,1.01442835879480e-01,1.12608001785049e+03,sinkhorn_cellsim
2.306877e+02,89021,3.88506325192074e-05,1.01442835879481e-01,1.12608001815222e+03,sinkhorn_cellsim
2.307395e+02,89041,3.88506325195705e-05,1.01442835879482e-01,1.12608001845395e+03,sinkhorn_cellsim
2.307913e+02,89061,3.88506325199258e-05,1.01442835879483e-01,1.12608001875568e+03,sinkhorn_cellsim
2.308431e+02,89081,3.88506325205674e-05,1.01442835879483e-01,1.12608001905740e+03,sinkhorn_cellsim
2.308949e+02,89101,3.88506325217917e-05,1.01442835879483e-01,1.12608001935913e+03,sinkhorn_cellsim
2.309467e+02,89121,3.88506325227595e-05,1.01442835879485e-01,1.12608001966086e+03,sinkhorn_cellsim
2.309985e+02,89141,3.88506325245179e-05,1.01442835879487e-01,1.12608001996259e+03,sinkhorn_cellsim
2.310503e+02,89161,3.88506325187664e-05,1.01442835879486e-01,1.12608002026431e+03,sinkhorn_cellsim
2.311021e+02,89181,3.88506325214861e-05,1.01442835879487e-01,1.12608002056604e+03,sinkhorn_cellsim
2.311539e+02,89201,3.88506325175764e-05,1.01442835879488e-01,1.12608002086777e+03,sinkhorn_cellsim
2.312057e+02,89221,3.88506325237632e-05,1.01442835879489e-01,1.12608002116950e+03,sinkhorn_cellsim
2.312575e+02,89241,3.88506325193838e-05,1.01442835879489e-01,1.12608002147123e+03,sinkhorn_cellsim
2.313093e+02,89261,3.88506325195435e-05,1.01442835879490e-01,1.12608002177295e+03,sinkhorn_cellsim
2.313611e+02,89281,3.88506325179906e-05,1.01442835879490e-01,1.12608002207468e+03,sinkhorn_cellsim
2.314129e+02,89301,3.88506325205770e-05,1.01442835879492e-01,1.12608002237641e+03,sinkhorn_cellsim
2.314647e+02,89321,3.88506325221623e-05,1.01442835879493e-01,1.12608002267814e+03,sinkhorn_cellsim
2.315165e+02,89341,3.88506325243745e-05,1.01442835879494e-01,1.12608002297986e+03,sinkhorn_cellsim
2.315683e+02,89361,3.88506325190111e-05,1.01442835879492e-01,1.12608002328159e+03,sinkhorn_cellsim
2.316201e+02,89381,3.88506325285477e-05,1.01442835879496e-01,1.12608002358332e+03,sinkhorn_cellsim
2.316719e+02,89401,3.88506325219896e-05,1.01442835879495e-01,1.12608002388505e+03,sinkhorn_cellsim
2.317237e+02,89421,3.88506325203634e-05,1.01442835879495e-01,1.12608002418677e+03,sinkhorn_cellsim
2.317755e+02,89441,3.88506325199930e-05,1.01442835879496e-01,1.12608002448850e+03,sinkhorn_cellsim
2.318273e+02,89461,3.88506325203840e-05,1.01442835879497e-01,1.12608002479023e+03,sinkhorn_cellsim
2.318791e+02,89481,3.88506325221547e-05,1.01442835879498e-01,1.12608002509196e+03,sinkhorn_cellsim
2.319309e+02,89501,3.88506325216164e-05,1.01442835879498e-01,1.12608002539368e+03,sinkhorn_cellsim
2.319827e+02,89521,3.88506325204294e-05,1.01442835879499e-01,1.12608002569541e+03,sinkhorn_cellsim
2.320345e+02,89541,3.88506325206400e-05,1.01442835879500e-01,1.12608002599714e+03,sinkhorn_cellsim
2.320863e+02,89561,3.88506325198419e-05,1.01442835879501e-01,1.12608002629887e+03,sinkhorn_cellsim
2.321381e+02,89581,3.88506325226223e-05,1.01442835879502e-01,1.12608002660060e+03,sinkhorn_cellsim
2.321899e+02,89601,3.88506325182776e-05,1.01442835879501e-01,1.12608002690232e+03,sinkhorn_cellsim
2.322417e+02,89621,3.88506325207588e-05,1.01442835879503e-01,1.12608002720405e+03,sinkhorn_cellsim
2.322935e+02,89641,3.88506325206211e-05,1.01442835879503e-01,1.12608002750578e+03,sinkhorn_cellsim
2.323453e+02,89661,3.88506325223212e-05,1.01442835879504e-01,1.12608002780751e+03,sinkhorn_cellsim
2.323971e+02,89681,3.88506325202350e-05,1.01442835879504e-01,1.12608002810923e+03,sinkhorn_cellsim
2.324489e+02,89701,3.88506325191700e-05,1.01442835879505e-01,1.12608002841096e+03,sinkhorn_cellsim
2.325007e+02,89721,3.88506325199168e-05,1.01442835879506e-01,1.12608002871269e+03,sinkhorn_cellsim
2.325525e+02,89741,3.88506325199131e-05,1.01442835879506e-01,1.12608002901442e+03,sinkhorn_cellsim
2.326043e+02,89761,3.88506325216135e-05,1.01442835879508e-01,1.12608002931614e+03,sinkhorn_cellsim
2.326561e+02,89781,3.88506325246917e-05,1.01442835879508e-01,1.12608002961787e+03,sinkhorn_cellsim
2.327079e+02,89801,3.88506325190869e-05,1.01442835879507e-01,1.12608002991960e+03,sinkhorn_cellsim
2.327596e+02,89821,3.88506325210123e-05,1.01442835879509e-01,1.12608003022133e+03,sinkhorn_cellsim
2.328114e+02,89841,3.88506325226538e-05,1.01442835879510e-01,1.12608003052306e+03,sinkhorn_cellsim
2.328632e+02,89861,3.88506325169336e-05,1.01442835879510e-01,1.12608003082478e+03,sinkhorn_cellsim
2.329150e+02,89881,3.88506325184811e-05,1.01442835879510e-01,1.12608003112651e+03,sinkhorn_cellsim
2.329668e+02,89901,3.88506325190176e-05,1.01442835879511e-01,1.12608003142824e+03,sinkhorn_cellsim
2.330186e+02,89921,3.88506325183414e-05,1.01442835879512e-01,1.12608003172997e+03,sinkhorn_cellsim
2.330704e+02,89941,3.88506325209861e-05,1.01442835879513e-01,1.12608003203169e+03,sinkhorn_cellsim
2.331222e+02,89961,3.88506325195869e-05,1.01442835879512e-01,1.12608003233342e+03,sinkhorn_cellsim
2.331740e+02,89981,3.88506325164087e-05,1.01442835879513e-01,1.12608003263515e+03,sinkhorn_cellsim
2.332258e+02,90001,3.88506325159214e-05,1.01442835879514e-01,1.12608003293688e+03,sinkhorn_cellsim
2.332776e+02,90021,3.88506325193660e-05,1.01442835879515e-01,1.12608003323860e+03,sinkhorn_cellsim
2.333294e+02,90041,3.88506325203483e-05,1.01442835879515e-01,1.12608003354033e+03,sinkhorn_cellsim
2.333812e+02,90061,3.88506325198030e-05,1.01442835879516e-01,1.12608003384206e+03,sinkhorn_cellsim
2.334330e+02,90081,3.88506325168211e-05,1.01442835879517e-01,1.12608003414379e+03,sinkhorn_cellsim
2.334848e+02,90101,3.88506325205368e-05,1.01442835879517e-01,1.12608003444552e+03,sinkhorn_cellsim
2.335366e+02,90121,3.88506325184719e-05,1.01442835879518e-01,1.12608003474724e+03,sinkhorn_cellsim
2.335884e+02,90141,3.88506325214989e-05,1.01442835879519e-01,1.12608003504897e+03,sinkhorn_cellsim
2.336402e+02,90161,3.88506325200629e-05,1.01442835879520e-01,1.12608003535070e+03,sinkhorn_cellsim
2.336920e+02,90181,3.88506325150841e-05,1.01442835879519e-01,1.12608003565243e+03,sinkhorn_cellsim
2.337438e+02,90201,3.88506325156005e-05,1.01442835879520e-01,1.12608003595415e+03,sinkhorn_cellsim
2.337956e+02,90221,3.88506325147219e-05,1.01442835879520e-01,1.12608003625588e+03,sinkhorn_cellsim
2.338474e+02,90241,3.88506325178580e-05,1.01442835879522e-01,1.12608003655761e+03,sinkhorn_cellsim
2.338992e+02,90261,3.88506325168899e-05,1.01442835879523e-01,1.12608003685934e+03,sinkhorn_cellsim
2.339510e+02,90281,3.88506325152724e-05,1.01442835879522e-01,1.12608003716106e+03,sinkhorn_cellsim
2.340028e+02,90301,3.88506325181080e-05,1.01442835879524e-01,1.12608003746279e+03,sinkhorn_cellsim
2.340546e+02,90321,3.88506325120100e-05,1.01442835879522e-01,1.12608003776452e+03,sinkhorn_cellsim
2.341064e+02,90341,3.88506325154394e-05,1.01442835879524e-01,1.12608003806625e+03,sinkhorn_cellsim
2.341582e+02,90361,3.88506325168317e-05,1.01442835879524e-01,1.12608003836798e+03,sinkhorn_cellsim
2.342099e+02,90381,3.88506325105992e-05,1.01442835879524e-01,1.12608003866970e+03,sinkhorn_cellsim
2.342617e+02,90401,3.88506325137317e-05,1.01442835879525e-01,1.12608003897143e+03,sinkhorn_cellsim
2.343135e+02,90421,3.88506325168799e-05,1.01442835879526e-01,1.12608003927316e+03,sinkhorn_cellsim
2.343653e+02,90441,3.88506325173991e-05,1.01442835879527e-01,1.12608003957489e+03,sinkhorn_cellsim
2.344171e+02,90461,3.88506325170724e-05,1.01442835879527e-01,1.12608003987661e+03,sinkhorn_cellsim
2.344689e+02,90481,3.88506325138401e-05,1.01442835879528e-01,1.12608004017834e+03,sinkhorn_cellsim
2.345207e+02,90501,3.88506325135887e-05,1.01442835879528e-01,1.12608004048007e+03,sinkhorn_cellsim
2.345725e+02,90521,3.88506325178658e-05,1.01442835879530e-01,1.12608004078180e+03,sinkhorn_cellsim
2.346243e+02,90541,3.88506325113097e-05,1.01442835879529e-01,1.12608004108352e+03,sinkhorn_cellsim
2.346761e+02,90561,3.88506325145936e-05,1.01442835879531e-01,1.12608004138525e+03,sinkhorn_cellsim
2.347279e+02,90581,3.88506325148127e-05,1.01442835879530e-01,1.12608004168698e+03,sinkhorn_cellsim
2.347797e+02,90601,3.88506325150552e-05,1.01442835879532e-01,1.12608004198871e+03,sinkhorn_cellsim
2.348315e+02,90621,3.88506325108092e-05,1.01442835879530e-01,1.12608004229044e+03,sinkhorn_cellsim
2.348833e+02,90641,3.88506325106990e-05,1.01442835879531e-01,1.12608004259216e+03,sinkhorn_cellsim
2.349351e+02,90661,3.88506325167624e-05,1.01442835879532e-01,1.12608004289389e+03,sinkhorn_cellsim
2.349869e+02,90681,3.88506325129814e-05,1.01442835879532e-01,1.12608004319562e+03,sinkhorn_cellsim
2.350387e+02,90701,3.88506325143599e-05,1.01442835879534e-01,1.12608004349735e+03,sinkhorn_cellsim
2.350905e+02,90721,3.88506325078107e-05,1.01442835879534e-01,1.12608004379907e+03,sinkhorn_cellsim
2.351423e+02,90741,3.88506325124418e-05,1.01442835879534e-01,1.12608004410080e+03,sinkhorn_cellsim
2.351941e+02,90761,3.88506325147622e-05,1.01442835879535e-01,1.12608004440253e+03,sinkhorn_cellsim
2.352459e+02,90781,3.88506325143132e-05,1.01442835879535e-01,1.12608004470426e+03,sinkhorn_cellsim
2.352977e+02,90801,3.88506325116136e-05,1.01442835879536e-01,1.12608004500598e+03,sinkhorn_cellsim
2.353495e+02,90821,3.88506325118959e-05,1.01442835879537e-01,1.12608004530771e+03,sinkhorn_cellsim
2.354013e+02,90841,3.88506325114559e-05,1.01442835879536e-01,1.12608004560944e+03,sinkhorn_cellsim
2.354531e+02,90861,3.88506325065182e-05,1.01442835879537e-01,1.12608004591117e+03,sinkhorn_cellsim
2.355049e+02,90881,3.88506325101035e-05,1.01442835879537e-01,1.12608004621290e+03,sinkhorn_cellsim
2.355566e+02,90901,3.88506325111547e-05,1.01442835879539e-01,1.12608004651462e+03,sinkhorn_cellsim
2.356085e+02,90921,3.88506325120310e-05,1.01442835879539e-01,1.12608004681635e+03,sinkhorn_cellsim
2.356603e+02,90941,3.88506325070316e-05,1.01442835879539e-01,1.12608004711808e+03,sinkhorn_cellsim
2.357121e+02,90961,3.88506325123450e-05,1.01442835879540e-01,1.12608004741981e+03,sinkhorn_cellsim
2.357639e+02,90981,3.88506325122458e-05,1.01442835879541e-01,1.12608004772153e+03,sinkhorn_cellsim
2.358156e+02,91001,3.88506325131437e-05,1.01442835879541e-01,1.12608004802326e+03,sinkhorn_cellsim
2.358674e+02,91021,3.88506325119809e-05,1.01442835879541e-01,1.12608004832499e+03,sinkhorn_cellsim
2.359192e+02,91041,3.88506325090471e-05,1.01442835879541e-01,1.12608004862672e+03,sinkhorn_cellsim
2.359710e+02,91061,3.88506325125671e-05,1.01442835879543e-01,1.12608004892844e+03,sinkhorn_cellsim
2.360228e+02,91081,3.88506325043766e-05,1.01442835879542e-01,1.12608004923017e+03,sinkhorn_cellsim
2.360746e+02,91101,3.88506325069420e-05,1.01442835879542e-01,1.12608004953190e+03,sinkhorn_cellsim
2.361264e+02,91121,3.88506325067525e-05,1.01442835879543e-01,1.12608004983363e+03,sinkhorn_cellsim
2.361782e+02,91141,3.88506325094780e-05,1.01442835879544e-01,1.12608005013536e+03,sinkhorn_cellsim
2.362300e+02,91161,3.88506325078505e-05,1.01442835879544e-01,1.12608005043708e+03,sinkhorn_cellsim
2.362818e+02,91181,3.88506325085270e-05,1.01442835879545e-01,1.12608005073881e+03,sinkhorn_cellsim
2.363336e+02,91201,3.88506325046970e-05,1.01442835879544e-01,1.12608005104054e+03,sinkhorn_cellsim
2.363854e+02,91221,3.88506325087073e-05,1.01442835879546e-01,1.12608005134227e+03,sinkhorn_cellsim
2.364372e+02,91241,3.88506325056165e-05,1.01442835879546e-01,1.12608005164399e+03,sinkhorn_cellsim
2.364890e+02,91261,3.88506325052574e-05,1.01442835879546e-01,1.12608005194572e+03,sinkhorn_cellsim
2.365408e+02,91281,3.88506325028012e-05,1.01442835879546e-01,1.12608005224745e+03,sinkhorn_cellsim
2.365926e+02,91301,3.88506325028210e-05,1.01442835879547e-01,1.12608005254918e+03,sinkhorn_cellsim
2.366444e+02,91321,3.88506325045251e-05,1.01442835879548e-01,1.12608005285090e+03,sinkhorn_cellsim
2.366962e+02,91341,3.88506325024129e-05,1.01442835879548e-01,1.12608005315263e+03,sinkhorn_cellsim
2.367480e+02,91361,3.88506324986301e-05,1.01442835879547e-01,1.12608005345436e+03,sinkhorn_cellsim
2.367998e+02,91381,3.88506325030390e-05,1.01442835879549e-01,1.12608005375609e+03,sinkhorn_cellsim
2.368516e+02,91401,3.88506325015646e-05,1.01442835879549e-01,1.12608005405782e+03,sinkhorn_cellsim
2.369034e+02,91421,3.88506324997813e-05,1.01442835879550e-01,1.12608005435954e+03,sinkhorn_cellsim
2.369552e+02,91441,3.88506325018422e-05,1.01442835879550e-01,1.12608005466127e+03,sinkhorn_cellsim
2.370070e+02,91461,3.88506325011444e-05,1.01442835879551e-01,1.12608005496300e+03,sinkhorn_cellsim
2.370588e+02,91481,3.88506325035059e-05,1.01442835879551e-01,1.12608005526473e+03,sinkhorn_cellsim
2.371106e+02,91501,3.88506325036015e-05,1.01442835879552e-01,1.12608005556645e+03,sinkhorn_cellsim
2.371624e+02,91521,3.88506325038573e-05,1.01442835879552e-01,1.12608005586818e+03,sinkhorn_cellsim
2.372142e+02,91541,3.88506324988563e-05,1.01442835879552e-01,1.12608005616991e+03,sinkhorn_cellsim
2.372660e+02,91561,3.88506325028874e-05,1.01442835879553e-01,1.12608005647164e+03,sinkhorn_cellsim
2.373178e+02,91581,3.88506324999382e-05,1.01442835879553e-01,1.12608005677336e+03,sinkhorn_cellsim
2.373696e+02,91601,3.88506325023701e-05,1.01442835879554e-01,1.12608005707509e+03,sinkhorn_cellsim
2.374214e+02,91621,3.88506324992176e-05,1.01442835879553e-01,1.12608005737682e+03,sinkhorn_cellsim
2.374732e+02,91641,3.88506324995900e-05,1.01442835879555e-01,1.12608005767855e+03,sinkhorn_cellsim
2.375250e+02,91661,3.88506324942830e-05,1.01442835879554e-01,1.12608005798027e+03,sinkhorn_cellsim
2.375768e+02,91681,3.88506324978509e-05,1.01442835879555e-01,1.12608005828200e+03,sinkhorn_cellsim
2.376286e+02,91701,3.88506324946171e-05,1.01442835879555e-01,1.12608005858373e+03,sinkhorn_cellsim
2.376804e+02,91721,3.88506324987237e-05,1.01442835879556e-01,1.12608005888546e+03,sinkhorn_cellsim
2.377322e+02,91741,3.88506324925165e-05,1.01442835879555e-01,1.12608005918719e+03,sinkhorn_cellsim
2.377840e+02,91761,3.88506324939967e-05,1.01442835879557e-01,1.12608005948891e+03,sinkhorn_cellsim
2.378357e+02,91781,3.88506324999526e-05,1.01442835879558e-01,1.12608005979064e+03,sinkhorn_cellsim
2.378875e+02,91801,3.88506324903825e-05,1.01442835879556e-01,1.12608006009237e+03,sinkhorn_cellsim
2.379394e+02,91821,3.88506324954382e-05,1.01442835879558e-01,1.12608006039410e+03,sinkhorn_cellsim
2.379912e+02,91841,3.88506324974409e-05,1.01442835879558e-01,1.12608006069582e+03,sinkhorn_cellsim
2.380430e+02,91861,3.88506324943598e-05,1.01442835879558e-01,1.12608006099755e+03,sinkhorn_cellsim
2.380948e+02,91881,3.88506324931508e-05,1.01442835879559e-01,1.12608006129928e+03,sinkhorn_cellsim
2.381465e+02,91901,3.88506324958668e-05,1.01442835879560e-01,1.12608006160101e+03,sinkhorn_cellsim
2.381983e+02,91921,3.88506324894464e-05,1.01442835879559e-01,1.12608006190273e+03,sinkhorn_cellsim
2.382502e+02,91941,3.88506324884223e-05,1.01442835879559e-01,1.12608006220446e+03,sinkhorn_cellsim
2.383020e+02,91961,3.88506324905949e-05,1.01442835879560e-01,1.12608006250619e+03,sinkhorn_cellsim
2.383538e+02,91981,3.88506324903799e-05,1.01442835879561e-01,1.12608006280792e+03,sinkhorn_cellsim
2.384055e+02,92001,3.88506324941346e-05,1.01442835879562e-01,1.12608006310965e+03,sinkhorn_cellsim
2.384573e+02,92021,3.88506324883589e-05,1.01442835879562e-01,1.12608006341137e+03,sinkhorn_cellsim
2.385091e+02,92041,3.88506324854756e-05,1.01442835879562e-01,1.12608006371310e+03,sinkhorn_cellsim
2.385609e+02,92061,3.88506324826327e-05,1.01442835879561e-01,1.12608006401483e+03,sinkhorn_cellsim
2.386127e+02,92081,3.88506324860627e-05,1.01442835879563e-01,1.12608006431656e+03,sinkhorn_cellsim
2.386645e+02,92101,3.88506324855478e-05,1.01442835879563e-01,1.12608006461828e+03,sinkhorn_cellsim
2.387163e+02,92121,3.88506324840798e-05,1.01442835879563e-01,1.12608006492001e+03,sinkhorn_cellsim
2.387681e+02,92141,3.88506324798842e-05,1.01442835879563e-01,1.12608006522174e+03,sinkhorn_cellsim
2.388199e+02,92161,3.88506324859176e-05,1.01442835879563e-01,1.12608006552347e+03,sinkhorn_cellsim
2.388717e+02,92181,3.88506324844412e-05,1.01442835879564e-01,1.12608006582519e+03,sinkhorn_cellsim
2.389235e+02,92201,3.88506324830096e-05,1.01442835879565e-01,1.12608006612692e+03,sinkhorn_cellsim
2.389753e+02,92221,3.88506324838457e-05,1.01442835879565e-01,1.12608006642865e+03,sinkhorn_cellsim
2.390271e+02,92241,3.88506324816802e-05,1.01442835879565e-01,1.12608006673038e+03,sinkhorn_cellsim
2.390789e+02,92261,3.88506324793554e-05,1.01442835879565e-01,1.12608006703211e+03,sinkhorn_cellsim
2.391307e+02,92281,3.88506324800547e-05,1.01442835879566e-01,1.12608006733383e+03,sinkhorn_cellsim
2.391825e+02,92301,3.88506324777936e-05,1.01442835879566e-01,1.12608006763556e+03,sinkhorn_cellsim
2.392343e+02,92321,3.88506324815595e-05,1.01442835879567e-01,1.12608006793729e+03,sinkhorn_cellsim
2.392861e+02,92341,3.88506324788034e-05,1.01442835879567e-01,1.12608006823902e+03,sinkhorn_cellsim
2.393379e+02,92361,3.88506324736421e-05,1.01442835879567e-01,1.12608006854074e+03,sinkhorn_cellsim
2.393897e+02,92381,3.88506324770048e-05,1.01442835879568e-01,1.12608006884247e+03,sinkhorn_cellsim
2.394415e+02,92401,3.88506324743970e-05,1.01442835879568e-01,1.12608006914420e+03,sinkhorn_cellsim
2.394933e+02,92421,3.88506324740359e-05,1.01442835879568e-01,1.12608006944593e+03,sinkhorn_cellsim
2.395451e+02,92441,3.88506324746315e-05,1.01442835879568e-01,1.12608006974765e+03,sinkhorn_cellsim
2.395969e+02,92461,3.88506324731669e-05,1.01442835879569e-01,1.12608007004938e+03,sinkhorn_cellsim
2.396487e+02,92481,3.88506324735780e-05,1.01442835879568e-01,1.12608007035111e+03,sinkhorn_cellsim
2.397005e+02,92501,3.88506324729083e-05,1.01442835879570e-01,1.12608007065284e+03,sinkhorn_cellsim
2.397523e+02,92521,3.88506324725706e-05,1.01442835879570e-01,1.12608007095457e+03,sinkhorn_cellsim
2.398041e+02,92541,3.88506324688180e-05,1.01442835879570e-01,1.12608007125629e+03,sinkhorn_cellsim
2.398559e+02,92561,3.88506324705211e-05,1.01442835879570e-01,1.12608007155802e+03,sinkhorn_cellsim
2.399077e+02,92581,3.88506324694312e-05,1.01442835879571e-01,1.12608007185975e+03,sinkhorn_cellsim
2.399595e+02,92601,3.88506324696905e-05,1.01442835879571e-01,1.12608007216148e+03,sinkhorn_cellsim
2.400112e+02,92621,3.88506324683328e-05,1.01442835879572e-01,1.12608007246320e+03,sinkhorn_cellsim
2.400630e+02,92641,3.88506324691230e-05,1.01442835879573e-01,1.12608007276493e+03,sinkhorn_cellsim
2.401148e+02,92661,3.88506324617122e-05,1.01442835879571e-01,1.12608007306666e+03,sinkhorn_cellsim
2.401666e+02,92681,3.88506324660115e-05,1.01442835879572e-01,1.12608007336839e+03,sinkhorn_cellsim
2.402184e+02,92701,3.88506324659971e-05,1.01442835879573e-01,1.12608007367011e+03,sinkhorn_cellsim
2.402702e+02,92721,3.88506324643987e-05,1.01442835879573e-01,1.12608007397184e+03,sinkhorn_cellsim
2.403220e+02,92741,3.88506324634189e-05,1.01442835879573e-01,1.12608007427357e+03,sinkhorn_cellsim
2.403738e+02,92761,3.88506324596078e-05,1.01442835879573e-01,1.12608007457530e+03,sinkhorn_cellsim
2.404256e+02,92781,3.88506324581972e-05,1.01442835879573e-01,1.12608007487703e+03,sinkhorn_cellsim
2.404774e+02,92801,3.88506324594944e-05,1.01442835879574e-01,1.12608007517875e+03,sinkhorn_cellsim
2.405292e+02,92821,3.88506324586101e-05,1.01442835879574e-01,1.12608007548048e+03,sinkhorn_cellsim
2.405810e+02,92841,3.88506324580896e-05,1.01442835879575e-01,1.12608007578221e+03,sinkhorn_cellsim
2.406328e+02,92861,3.88506324584304e-05,1.01442835879576e-01,1.12608007608394e+03,sinkhorn_cellsim
2.406846e+02,92881,3.88506324558170e-05,1.01442835879576e-01,1.12608007638566e+03,sinkhorn_cellsim
2.407364e+02,92901,3.88506324567803e-05,1.01442835879577e-01,1.12608007668739e+03,sinkhorn_cellsim
2.407882e+02,92921,3.88506324500824e-05,1.01442835879576e-01,1.12608007698912e+03,sinkhorn_cellsim
2.408400e+02,92941,3.88506324482492e-05,1.01442835879575e-01,1.12608007729085e+03,sinkhorn_cellsim
2.408918e+02,92961,3.88506324517114e-05,1.01442835879577e-01,1.12608007759257e+03,sinkhorn_cellsim
2.409436e+02,92981,3.88506324472687e-05,1.01442835879576e-01,1.12608007789430e+03,sinkhorn_cellsim
2.409954e+02,93001,3.88506324508221e-05,1.01442835879577e-01,1.12608007819603e+03,sinkhorn_cellsim
2.410472e+02,93021,3.88506324440698e-05,1.01442835879577e-01,1.12608007849776e+03,sinkhorn_cellsim
2.410990e+02,93041,3.88506324450693e-05,1.01442835879577e-01,1.12608007879949e+03,sinkhorn_cellsim
2.411508e+02,93061,3.88506324438200e-05,1.01442835879578e-01,1.12608007910121e+03,sinkhorn_cellsim
2.412026e+02,93081,3.88506324412955e-05,1.01442835879578e-01,1.12608007940294e+03,sinkhorn_cellsim
2.412544e+02,93101,3.88506324398907e-05,1.01442835879578e-01,1.12608007970467e+03,sinkhorn_cellsim
2.413062e+02,93121,3.88506324376867e-05,1.01442835879579e-01,1.12608008000640e+03,sinkhorn_cellsim
2.413580e+02,93141,3.88506324401511e-05,1.01442835879578e-01,1.12608008030812e+03,sinkhorn_cellsim
2.414098e+02,93161,3.88506324348833e-05,1.01442835879579e-01,1.12608008060985e+03,sinkhorn_cellsim
2.414616e+02,93181,3.88506324379487e-05,1.01442835879580e-01,1.12608008091158e+03,sinkhorn_cellsim
2.415134e+02,93201,3.88506324370093e-05,1.01442835879580e-01,1.12608008121331e+03,sinkhorn_cellsim
2.415750e+02,93221,3.88506324317308e-05,1.01442835879579e-01,1.12608008151503e+03,sinkhorn_cellsim
2.416269e+02,93241,3.88506324295658e-05,1.01442835879579e-01,1.12608008181676e+03,sinkhorn_cellsim
2.416787e+02,93261,3.88506324251831e-05,1.01442835879579e-01,1.12608008211849e+03,sinkhorn_cellsim
2.417305e+02,93281,3.88506324305759e-05,1.01442835879581e-01,1.12608008242022e+03,sinkhorn_cellsim
2.417823e+02,93301,3.88506324274391e-05,1.01442835879581e-01,1.12608008272195e+03,sinkhorn_cellsim
2.418341e+02,93321,3.88506324218732e-05,1.01442835879580e-01,1.12608008302367e+03,sinkhorn_cellsim
2.418859e+02,93341,3.88506324264082e-05,1.01442835879581e-01,1.12608008332540e+03,sinkhorn_cellsim
2.419377e+02,93361,3.88506324238857e-05,1.01442835879583e-01,1.12608008362713e+03,sinkhorn_cellsim
2.419895e+02,93381,3.88506324232512e-05,1.01442835879582e-01,1.12608008392886e+03,sinkhorn_cellsim
2.420412e+02,93401,3.88506324219901e-05,1.01442835879582e-01,1.12608008423058e+03,sinkhorn_cellsim
2.420930e+02,93421,3.88506324139793e-05,1.01442835879582e-01,1.12608008453231e+03,sinkhorn_cellsim
2.421448e+02,93441,3.88506324147479e-05,1.01442835879582e-01,1.12608008483404e+03,sinkhorn_cellsim
2.421966e+02,93461,3.88506324122375e-05,1.01442835879583e-01,1.12608008513577e+03,sinkhorn_cellsim
2.422484e+02,93481,3.88506324135578e-05,1.01442835879584e-01,1.12608008543749e+03,sinkhorn_cellsim
2.423002e+02,93501,3.88506324133397e-05,1.01442835879584e-01,1.12608008573922e+03,sinkhorn_cellsim
2.423520e+02,93521,3.88506324082939e-05,1.01442835879584e-01,1.12608008604095e+03,sinkhorn_cellsim
2.424038e+02,93541,3.88506324057753e-05,1.01442835879583e-01,1.12608008634268e+03,sinkhorn_cellsim
2.424556e+02,93561,3.88506324086899e-05,1.01442835879585e-01,1.12608008664440e+03,sinkhorn_cellsim
2.425074e+02,93581,3.88506324026387e-05,1.01442835879585e-01,1.12608008694613e+03,sinkhorn_cellsim
2.425591e+02,93601,3.88506324035901e-05,1.01442835879585e-01,1.12608008724786e+03,sinkhorn_cellsim
2.426109e+02,93621,3.88506323990291e-05,1.01442835879584e-01,1.12608008754959e+03,sinkhorn_cellsim
2.426627e+02,93641,3.88506323982858e-05,1.01442835879584e-01,1.12608008785132e+03,sinkhorn_cellsim
2.427145e+02,93661,3.88506323982062e-05,1.01442835879585e-01,1.12608008815304e+03,sinkhorn_cellsim
2.427663e+02,93681,3.88506323934006e-05,1.01442835879585e-01,1.12608008845477e+03,sinkhorn_cellsim
2.428181e+02,93701,3.88506323923028e-05,1.01442835879586e-01,1.12608008875650e+03,sinkhorn_cellsim
2.428699e+02,93721,3.88506323903618e-05,1.01442835879587e-01,1.12608008905823e+03,sinkhorn_cellsim
2.429217e+02,93741,3.88506323878569e-05,1.01442835879586e-01,1.12608008935995e+03,sinkhorn_cellsim
2.429735e+02,93761,3.88506323809043e-05,1.01442835879585e-01,1.12608008966168e+03,sinkhorn_cellsim
2.430253e+02,93781,3.88506323826305e-05,1.01442835879586e-01,1.12608008996341e+03,sinkhorn_cellsim
2.430771e+02,93801,3.88506323808477e-05,1.01442835879587e-01,1.12608009026514e+03,sinkhorn_cellsim
2.431288e+02,93821,3.88506323765679e-05,1.01442835879587e-01,1.12608009056686e+03,sinkhorn_cellsim
2.431806e+02,93841,3.88506323767372e-05,1.01442835879587e-01,1.12608009086859e+03,sinkhorn_cellsim
2.432324e+02,93861,3.88506323824493e-05,1.01442835879589e-01,1.12608009117032e+03,sinkhorn_cellsim
2.432842e+02,93881,3.88506323730649e-05,1.01442835879588e-01,1.12608009147205e+03,sinkhorn_cellsim
2.433360e+02,93901,3.88506323719254e-05,1.01442835879588e-01,1.12608009177378e+03,sinkhorn_cellsim
2.433878e+02,93921,3.88506323662076e-05,1.01442835879588e-01,1.12608009207550e+03,sinkhorn_cellsim
2.434396e+02,93941,3.88506323658969e-05,1.01442835879589e-01,1.12608009237723e+03,sinkhorn_cellsim
2.434914e+02,93961,3.88506323663572e-05,1.01442835879590e-01,1.12608009267896e+03,sinkhorn_cellsim
2.435432e+02,93981,3.88506323581954e-05,1.01442835879589e-01,1.12608009298069e+03,sinkhorn_cellsim
2.435950e+02,94001,3.88506323537653e-05,1.01442835879589e-01,1.12608009328241e+03,sinkhorn_cellsim
2.436467e+02,94021,3.88506323539023e-05,1.01442835879589e-01,1.12608009358414e+03,sinkhorn_cellsim
2.436985e+02,94041,3.88506323556711e-05,1.01442835879591e-01,1.12608009388587e+03,sinkhorn_cellsim
2.437503e+02,94061,3.88506323511145e-05,1.01442835879590e-01,1.12608009418760e+03,sinkhorn_cellsim
2.438021e+02,94081,3.88506323490531e-05,1.01442835879589e-01,1.12608009448932e+03,sinkhorn_cellsim
2.438539e+02,94101,3.88506323441639e-05,1.01442835879589e-01,1.12608009479105e+03,sinkhorn_cellsim
2.439057e+02,94121,3.88506323406632e-05,1.01442835879590e-01,1.12608009509278e+03,sinkhorn_cellsim
2.439575e+02,94141,3.88506323398994e-05,1.01442835879591e-01,1.12608009539451e+03,sinkhorn_cellsim
2.440093e+02,94161,3.88506323412117e-05,1.01442835879592e-01,1.12608009569624e+03,sinkhorn_cellsim
2.440611e+02,94181,3.88506323306323e-05,1.01442835879591e-01,1.12608009599796e+03,sinkhorn_cellsim
2.441128e+02,94201,3.88506323300789e-05,1.01442835879592e-01,1.12608009629969e+03,sinkhorn_cellsim
2.441646e+02,94221,3.88506323265654e-05,1.01442835879592e-01,1.12608009660142e+03,sinkhorn_cellsim
2.442164e+02,94241,3.88506323247301e-05,1.01442835879592e-01,1.12608009690315e+03,sinkhorn_cellsim
2.442682e+02,94261,3.88506323214508e-05,1.01442835879592e-01,1.12608009720487e+03,sinkhorn_cellsim
2.443200e+02,94281,3.88506323207171e-05,1.01442835879593e-01,1.12608009750660e+03,sinkhorn_cellsim
2.443718e+02,94301,3.88506323136065e-05,1.01442835879592e-01,1.12608009780833e+03,sinkhorn_cellsim
2.444236e+02,94321,3.88506323112042e-05,1.01442835879593e-01,1.12608009811006e+03,sinkhorn_cellsim
2.444754e+02,94341,3.88506323057479e-05,1.01442835879592e-01,1.12608009841178e+03,sinkhorn_cellsim
2.445271e+02,94361,3.88506323017001e-05,1.01442835879593e-01,1.12608009871351e+03,sinkhorn_cellsim
2.445789e+02,94381,3.88506323016333e-05,1.01442835879593e-01,1.12608009901524e+03,sinkhorn_cellsim
2.446307e+02,94401,3.88506322968844e-05,1.01442835879593e-01,1.12608009931697e+03,sinkhorn_cellsim
2.446825e+02,94421,3.88506322908335e-05,1.01442835879593e-01,1.12608009961870e+03,sinkhorn_cellsim
2.447343e+02,94441,3.88506322862637e-05,1.01442835879592e-01,1.12608009992042e+03,sinkhorn_cellsim
2.447861e+02,94461,3.88506322869167e-05,1.01442835879594e-01,1.12608010022215e+03,sinkhorn_cellsim
2.448379e+02,94481,3.88506322814149e-05,1.01442835879594e-01,1.12608010052388e+03,sinkhorn_cellsim
2.448897e+02,94501,3.88506322817387e-05,1.01442835879594e-01,1.12608010082561e+03,sinkhorn_cellsim
2.449415e+02,94521,3.88506322715092e-05,1.01442835879593e-01,1.12608010112733e+03,sinkhorn_cellsim
2.449933e+02,94541,3.88506322665299e-05,1.01442835879594e-01,1.12608010142906e+03,sinkhorn_cellsim
2.450451e+02,94561,3.88506322688294e-05,1.01442835879595e-01,1.12608010173079e+03,sinkhorn_cellsim
2.450969e+02,94581,3.88506322619963e-05,1.01442835879594e-01,1.12608010203252e+03,sinkhorn_cellsim
2.451487e+02,94601,3.88506322564910e-05,1.01442835879595e-01,1.12608010233424e+03,sinkhorn_cellsim
2.452005e+02,94621,3.88506322546756e-05,1.01442835879595e-01,1.12608010263597e+03,sinkhorn_cellsim
2.452523e+02,94641,3.88506322497535e-05,1.01442835879595e-01,1.12608010293770e+03,sinkhorn_cellsim
2.453041e+02,94661,3.88506322423621e-05,1.01442835879595e-01,1.12608010323943e+03,sinkhorn_cellsim
2.453559e+02,94681,3.88506322417013e-05,1.01442835879596e-01,1.12608010354116e+03,sinkhorn_cellsim
2.454077e+02,94701,3.88506322358851e-05,1.01442835879596e-01,1.12608010384288e+03,sinkhorn_cellsim
2.454594e+02,94721,3.88506322312597e-05,1.01442835879595e-01,1.12608010414461e+03,sinkhorn_cellsim
2.455112e+02,94741,3.88506322283746e-05,1.01442835879596e-01,1.12608010444634e+03,sinkhorn_cellsim
2.455630e+02,94761,3.88506322213301e-05,1.01442835879596e-01,1.12608010474807e+03,sinkhorn_cellsim
2.456148e+02,94781,3.88506322154261e-05,1.01442835879595e-01,1.12608010504979e+03,sinkhorn_cellsim
2.456666e+02,94801,3.88506322122358e-05,1.01442835879597e-01,1.12608010535152e+03,sinkhorn_cellsim
2.457184e+02,94821,3.88506322128941e-05,1.01442835879598e-01,1.12608010565325e+03,sinkhorn_cellsim
2.457702e+02,94841,3.88506322027484e-05,1.01442835879596e-01,1.12608010595498e+03,sinkhorn_cellsim
2.458220e+02,94861,3.88506321985003e-05,1.01442835879597e-01,1.12608010625670e+03,sinkhorn_cellsim
2.458738e+02,94881,3.88506321926929e-05,1.01442835879597e-01,1.12608010655843e+03,sinkhorn_cellsim
2.459256e+02,94901,3.88506321869765e-05,1.01442835879597e-01,1.12608010686016e+03,sinkhorn_cellsim
2.459774e+02,94921,3.88506321770144e-05,1.01442835879596e-01,1.12608010716189e+03,sinkhorn_cellsim
2.460292e+02,94941,3.88506321728625e-05,1.01442835879597e-01,1.12608010746361e+03,sinkhorn_cellsim
2.460810e+02,94961,3.88506321702197e-05,1.01442835879597e-01,1.12608010776534e+03,sinkhorn_cellsim
2.461328e+02,94981,3.88506321681659e-05,1.01442835879598e-01,1.12608010806707e+03,sinkhorn_cellsim
2.461846e+02,95001,3.88506321612449e-05,1.01442835879597e-01,1.12608010836880e+03,sinkhorn_cellsim
2.462364e+02,95021,3.88506321523010e-05,1.01442835879597e-01,1.12608010867053e+03,sinkhorn_cellsim
2.462882e+02,95041,3.88506321489808e-05,1.01442835879598e-01,1.12608010897225e+03,sinkhorn_cellsim
2.463400e+02,95061,3.88506321443182e-05,1.01442835879599e-01,1.12608010927398e+03,sinkhorn_cellsim
2.463918e+02,95081,3.88506321389286e-05,1.01442835879600e-01,1.12608010957571e+03,sinkhorn_cellsim
2.464435e+02,95101,3.88506321257022e-05,1.01442835879598e-01,1.12608010987744e+03,sinkhorn_cellsim
2.464953e+02,95121,3.88506321157612e-05,1.01442835879598e-01,1.12608011017916e+03,sinkhorn_cellsim
2.465471e+02,95141,3.88506321134748e-05,1.01442835879598e-01,1.12608011048089e+03,sinkhorn_cellsim
2.465989e+02,95161,3.88506321098951e-05,1.01442835879598e-01,1.12608011078262e+03,sinkhorn_cellsim
2.466507e+02,95181,3.88506321008106e-05,1.01442835879598e-01,1.12608011108435e+03,sinkhorn_cellsim
2.467025e+02,95201,3.88506320950536e-05,1.01442835879598e-01,1.12608011138607e+03,sinkhorn_cellsim
2.467543e+02,95221,3.88506320891146e-05,1.01442835879599e-01,1.12608011168780e+03,sinkhorn_cellsim
2.468061e+02,95241,3.88506320863281e-05,1.01442835879600e-01,1.12608011198953e+03,sinkhorn_cellsim
2.468579e+02,95261,3.88506320779717e-05,1.01442835879600e-01,1.12608011229126e+03,sinkhorn_cellsim
2.469097e+02,95281,3.88506320711502e-05,1.01442835879600e-01,1.12608011259299e+03,sinkhorn_cellsim
2.469615e+02,95301,3.88506320606078e-05,1.01442835879599e-01,1.12608011289471e+03,sinkhorn_cellsim
2.470133e+02,95321,3.88506320525320e-05,1.01442835879599e-01,1.12608011319644e+03,sinkhorn_cellsim
2.470651e+02,95341,3.88506320449251e-05,1.01442835879599e-01,1.12608011349817e+03,sinkhorn_cellsim
2.471169e+02,95361,3.88506320402417e-05,1.01442835879599e-01,1.12608011379990e+03,sinkhorn_cellsim
2.471687e+02,95381,3.88506320335061e-05,1.01442835879600e-01,1.12608011410162e+03,sinkhorn_cellsim
2.472205e+02,95401,3.88506320242864e-05,1.01442835879600e-01,1.12608011440335e+03,sinkhorn_cellsim
2.472723e+02,95421,3.88506320206222e-05,1.01442835879600e-01,1.12608011470508e+03,sinkhorn_cellsim
2.473241e+02,95441,3.88506320145027e-05,1.01442835879601e-01,1.12608011500681e+03,sinkhorn_cellsim
2.473759e+02,95461,3.88506320023240e-05,1.01442835879600e-01,1.12608011530853e+03,sinkhorn_cellsim
2.474277e+02,95481,3.88506319893264e-05,1.01442835879600e-01,1.12608011561026e+03,sinkhorn_cellsim
2.474795e+02,95501,3.88506319835490e-05,1.01442835879602e-01,1.12608011591199e+03,sinkhorn_cellsim
2.475313e+02,95521,3.88506319737772e-05,1.01442835879600e-01,1.12608011621372e+03,sinkhorn_cellsim
2.475831e+02,95541,3.88506319667276e-05,1.01442835879600e-01,1.12608011651545e+03,sinkhorn_cellsim
2.476349e+02,95561,3.88506319596901e-05,1.01442835879602e-01,1.12608011681717e+03,sinkhorn_cellsim
2.476866e+02,95581,3.88506319496982e-05,1.01442835879601e-01,1.12608011711890e+03,sinkhorn_cellsim
2.477384e+02,95601,3.88506319421741e-05,1.01442835879601e-01,1.12608011742063e+03,sinkhorn_cellsim
2.477902e+02,95621,3.88506319304027e-05,1.01442835879600e-01,1.12608011772236e+03,sinkhorn_cellsim
2.478420e+02,95641,3.88506319232159e-05,1.01442835879602e-01,1.12608011802408e+03,sinkhorn_cellsim
2.478938e+02,95661,3.88506319183712e-05,1.01442835879602e-01,1.12608011832581e+03,sinkhorn_cellsim
2.479456e+02,95681,3.88506319032788e-05,1.01442835879602e-01,1.12608011862754e+03,sinkhorn_cellsim
2.479974e+02,95701,3.88506318955869e-05,1.01442835879602e-01,1.12608011892927e+03,sinkhorn_cellsim
2.480492e+02,95721,3.88506318834183e-05,1.01442835879601e-01,1.12608011923099e+03,sinkhorn_cellsim
2.481010e+02,95741,3.88506318724805e-05,1.01442835879602e-01,1.12608011953272e+03,sinkhorn_cellsim
2.481528e+02,95761,3.88506318619741e-05,1.01442835879601e-01,1.12608011983445e+03,sinkhorn_cellsim
2.482046e+02,95781,3.88506318565407e-05,1.01442835879602e-01,1.12608012013618e+03,sinkhorn_cellsim
2.482564e+02,95801,3.88506318457356e-05,1.01442835879601e-01,1.12608012043790e+03,sinkhorn_cellsim
2.483082e+02,95821,3.88506318329454e-05,1.01442835879601e-01,1.12608012073963e+03,sinkhorn_cellsim
2.483600e+02,95841,3.88506318218903e-05,1.01442835879601e-01,1.12608012104136e+03,sinkhorn_cellsim
2.484118e+02,95861,3.88506318147990e-05,1.01442835879602e-01,1.12608012134309e+03,sinkhorn_cellsim
2.484636e+02,95881,3.88506318010536e-05,1.01442835879602e-01,1.12608012164482e+03,sinkhorn_cellsim
2.485154e+02,95901,3.88506317874548e-05,1.01442835879602e-01,1.12608012194654e+03,sinkhorn_cellsim
2.485672e+02,95921,3.88506317740306e-05,1.01442835879602e-01,1.12608012224827e+03,sinkhorn_cellsim
2.486189e+02,95941,3.88506317646512e-05,1.01442835879602e-01,1.12608012255000e+03,sinkhorn_cellsim
2.486707e+02,95961,3.88506317500434e-05,1.01442835879603e-01,1.12608012285173e+03,sinkhorn_cellsim
2.487225e+02,95981,3.88506317396413e-05,1.01442835879603e-01,1.12608012315345e+03,sinkhorn_cellsim
2.487743e+02,96001,3.88506317264881e-05,1.01442835879602e-01,1.12608012345518e+03,sinkhorn_cellsim
2.488261e+02,96021,3.88506317134860e-05,1.01442835879602e-01,1.12608012375691e+03,sinkhorn_cellsim
2.488779e+02,96041,3.88506317043584e-05,1.01442835879602e-01,1.12608012405864e+03,sinkhorn_cellsim
2.489297e+02,96061,3.88506316924223e-05,1.01442835879603e-01,1.12608012436036e+03,sinkhorn_cellsim
2.489815e+02,96081,3.88506316789342e-05,1.01442835879604e-01,1.12608012466209e+03,sinkhorn_cellsim
2.490333e+02,96101,3.88506316647731e-05,1.01442835879603e-01,1.12608012496382e+03,sinkhorn_cellsim
2.490851e+02,96121,3.88506316552259e-05,1.01442835879603e-01,1.12608012526555e+03,sinkhorn_cellsim
2.491369e+02,96141,3.88506316345370e-05,1.01442835879602e-01,1.12608012556728e+03,sinkhorn_cellsim
2.491887e+02,96161,3.88506316229068e-05,1.01442835879603e-01,1.12608012586900e+03,sinkhorn_cellsim
2.492405e+02,96181,3.88506316102470e-05,1.01442835879604e-01,1.12608012617073e+03,sinkhorn_cellsim
2.492923e+02,96201,3.88506315946115e-05,1.01442835879604e-01,1.12608012647246e+03,sinkhorn_cellsim
2.493441e+02,96221,3.88506315803448e-05,1.01442835879603e-01,1.12608012677419e+03,sinkhorn_cellsim
2.493959e+02,96241,3.88506315691106e-05,1.01442835879604e-01,1.12608012707591e+03,sinkhorn_cellsim
2.494477e+02,96261,3.88506315498372e-05,1.01442835879602e-01,1.12608012737764e+03,sinkhorn_cellsim
2.494995e+02,96281,3.88506315335050e-05,1.01442835879601e-01,1.12608012767937e+03,sinkhorn_cellsim
2.495513e+02,96301,3.88506315220308e-05,1.01442835879603e-01,1.12608012798110e+03,sinkhorn_cellsim
2.496031e+02,96321,3.88506315052069e-05,1.01442835879603e-01,1.12608012828282e+03,sinkhorn_cellsim
2.496549e+02,96341,3.88506314911671e-05,1.01442835879604e-01,1.12608012858455e+03,sinkhorn_cellsim
2.497066e+02,96361,3.88506314736916e-05,1.01442835879604e-01,1.12608012888628e+03,sinkhorn_cellsim
2.497584e+02,96381,3.88506314537950e-05,1.01442835879603e-01,1.12608012918801e+03,sinkhorn_cellsim
2.498102e+02,96401,3.88506314367774e-05,1.01442835879604e-01,1.12608012948974e+03,sinkhorn_cellsim
2.498620e+02,96421,3.88506314185387e-05,1.01442835879603e-01,1.12608012979146e+03,sinkhorn_cellsim
2.499138e+02,96441,3.88506314023647e-05,1.01442835879603e-01,1.12608013009319e+03,sinkhorn_cellsim
2.499656e+02,96461,3.88506313841458e-05,1.01442835879603e-01,1.12608013039492e+03,sinkhorn_cellsim
2.500174e+02,96481,3.88506313676969e-05,1.01442835879603e-01,1.12608013069665e+03,sinkhorn_cellsim
2.500692e+02,96501,3.88506313495122e-05,1.01442835879602e-01,1.12608013099837e+03,sinkhorn_cellsim
2.501210e+02,96521,3.88506313262477e-05,1.01442835879601e-01,1.12608013130010e+03,sinkhorn_cellsim
2.501728e+02,96541,3.88506313144256e-05,1.01442835879604e-01,1.12608013160183e+03,sinkhorn_cellsim
2.502246e+02,96561,3.88506312929564e-05,1.01442835879603e-01,1.12608013190356e+03,sinkhorn_cellsim
2.502764e+02,96581,3.88506312715310e-05,1.01442835879602e-01,1.12608013220528e+03,sinkhorn_cellsim
2.503282e+02,96601,3.88506312579422e-05,1.01442835879603e-01,1.12608013250701e+03,sinkhorn_cellsim
2.503800e+02,96621,3.88506312360697e-05,1.01442835879604e-01,1.12608013280874e+03,sinkhorn_cellsim
2.504318e+02,96641,3.88506312199885e-05,1.01442835879604e-01,1.12608013311047e+03,sinkhorn_cellsim
2.504836e+02,96661,3.88506311946597e-05,1.01442835879603e-01,1.12608013341219e+03,sinkhorn_cellsim
2.505354e+02,96681,3.88506311765777e-05,1.01442835879604e-01,1.12608013371392e+03,sinkhorn_cellsim
2.505871e+02,96701,3.88506311547697e-05,1.01442835879604e-01,1.12608013401565e+03,sinkhorn_cellsim
2.506389e+02,96721,3.88506311333186e-05,1.01442835879603e-01,1.12608013431738e+03,sinkhorn_cellsim
2.506908e+02,96741,3.88506311133678e-05,1.01442835879603e-01,1.12608013461911e+03,sinkhorn_cellsim
2.507425e+02,96761,3.88506310908674e-05,1.01442835879604e-01,1.12608013492083e+03,sinkhorn_cellsim
2.507943e+02,96781,3.88506310667934e-05,1.01442835879602e-01,1.12608013522256e+03,sinkhorn_cellsim
2.508461e+02,96801,3.88506310460153e-05,1.01442835879603e-01,1.12608013552429e+03,sinkhorn_cellsim
2.508979e+02,96821,3.88506310162201e-05,1.01442835879602e-01,1.12608013582602e+03,sinkhorn_cellsim
2.509497e+02,96841,3.88506309966615e-05,1.01442835879602e-01,1.12608013612774e+03,sinkhorn_cellsim
2.510015e+02,96861,3.88506309724540e-05,1.01442835879603e-01,1.12608013642947e+03,sinkhorn_cellsim
2.510533e+02,96881,3.88506309483602e-05,1.01442835879603e-01,1.12608013673120e+03,sinkhorn_cellsim
2.511051e+02,96901,3.88506309150095e-05,1.01442835879601e-01,1.12608013703293e+03,sinkhorn_cellsim
2.511569e+02,96921,3.88506308968138e-05,1.01442835879603e-01,1.12608013733465e+03,sinkhorn_cellsim
2.512087e+02,96941,3.88506308717905e-05,1.01442835879603e-01,1.12608013763638e+03,sinkhorn_cellsim
2.512605e+02,96961,3.88506308463714e-05,1.01442835879603e-01,1.12608013793811e+03,sinkhorn_cellsim
2.513123e+02,96981,3.88506308227060e-05,1.01442835879603e-01,1.12608013823984e+03,sinkhorn_cellsim
2.513641e+02,97001,3.88506307928036e-05,1.01442835879602e-01,1.12608013854157e+03,sinkhorn_cellsim
2.514159e+02,97021,3.88506307703769e-05,1.01442835879603e-01,1.12608013884329e+03,sinkhorn_cellsim
2.514677e+02,97041,3.88506307397267e-05,1.01442835879603e-01,1.12608013914502e+03,sinkhorn_cellsim
2.515195e+02,97061,3.88506307118782e-05,1.01442835879602e-01,1.12608013944675e+03,sinkhorn_cellsim
2.515713e+02,97081,3.88506306790135e-05,1.01442835879601e-01,1.12608013974848e+03,sinkhorn_cellsim
2.516231e+02,97101,3.88506306546074e-05,1.01442835879602e-01,1.12608014005020e+03,sinkhorn_cellsim
2.516749e+02,97121,3.88506306231733e-05,1.01442835879601e-01,1.12608014035193e+03,sinkhorn_cellsim
2.517266e+02,97141,3.88506305912517e-05,1.01442835879601e-01,1.12608014065366e+03,sinkhorn_cellsim
2.517784e+02,97161,3.88506305632754e-05,1.01442835879601e-01,1.12608014095539e+03,sinkhorn_cellsim
2.518302e+02,97181,3.88506305353870e-05,1.01442835879601e-01,1.12608014125711e+03,sinkhorn_cellsim
2.518820e+02,97201,3.88506305010593e-05,1.01442835879601e-01,1.12608014155884e+03,sinkhorn_cellsim
2.519339e+02,97221,3.88506304727166e-05,1.01442835879601e-01,1.12608014186057e+03,sinkhorn_cellsim
2.519857e+02,97241,3.88506304381596e-05,1.01442835879601e-01,1.12608014216230e+03,sinkhorn_cellsim
2.520375e+02,97261,3.88506304048514e-05,1.01442835879601e-01,1.12608014246402e+03,sinkhorn_cellsim
2.520893e+02,97281,3.88506303715183e-05,1.01442835879600e-01,1.12608014276575e+03,sinkhorn_cellsim
2.521411e+02,97301,3.88506303421005e-05,1.01442835879601e-01,1.12608014306748e+03,sinkhorn_cellsim
2.521928e+02,97321,3.88506303071609e-05,1.01442835879601e-01,1.12608014336921e+03,sinkhorn_cellsim
2.522446e+02,97341,3.88506302725649e-05,1.01442835879601e-01,1.12608014367094e+03,sinkhorn_cellsim
2.522964e+02,97361,3.88506302402640e-05,1.01442835879601e-01,1.12608014397266e+03,sinkhorn_cellsim
2.523482e+02,97381,3.88506302040217e-05,1.01442835879600e-01,1.12608014427439e+03,sinkhorn_cellsim
2.524000e+02,97401,3.88506301648558e-05,1.01442835879600e-01,1.12608014457612e+03,sinkhorn_cellsim
2.524518e+02,97421,3.88506301275144e-05,1.01442835879599e-01,1.12608014487785e+03,sinkhorn_cellsim
2.525036e+02,97441,3.88506300893644e-05,1.01442835879600e-01,1.12608014517957e+03,sinkhorn_cellsim
2.525554e+02,97461,3.88506300502328e-05,1.01442835879599e-01,1.12608014548130e+03,sinkhorn_cellsim
2.526072e+02,97481,3.88506300139397e-05,1.01442835879599e-01,1.12608014578303e+03,sinkhorn_cellsim
2.526590e+02,97501,3.88506299731690e-05,1.01442835879599e-01,1.12608014608476e+03,sinkhorn_cellsim
2.527108e+02,97521,3.88506299317893e-05,1.01442835879599e-01,1.12608014638648e+03,sinkhorn_cellsim
2.527626e+02,97541,3.88506298884071e-05,1.01442835879597e-01,1.12608014668821e+03,sinkhorn_cellsim
2.528144e+02,97561,3.88506298477678e-05,1.01442835879597e-01,1.12608014698994e+03,sinkhorn_cellsim
2.528662e+02,97581,3.88506298058024e-05,1.01442835879598e-01,1.12608014729167e+03,sinkhorn_cellsim
2.529180e+02,97601,3.88506297633545e-05,1.01442835879598e-01,1.12608014759339e+03,sinkhorn_cellsim
2.529698e+02,97621,3.88506297235482e-05,1.01442835879598e-01,1.12608014789512e+03,sinkhorn_cellsim
2.530216e+02,97641,3.88506296760763e-05,1.01442835879597e-01,1.12608014819685e+03,sinkhorn_cellsim
2.530734e+02,97661,3.88506296328632e-05,1.01442835879597e-01,1.12608014849858e+03,sinkhorn_cellsim
2.531252e+02,97681,3.88506295858812e-05,1.01442835879597e-01,1.12608014880031e+03,sinkhorn_cellsim
2.531770e+02,97701,3.88506295416078e-05,1.01442835879597e-01,1.12608014910203e+03,sinkhorn_cellsim
2.532288e+02,97721,3.88506294963186e-05,1.01442835879596e-01,1.12608014940376e+03,sinkhorn_cellsim
2.532806e+02,97741,3.88506294468514e-05,1.01442835879596e-01,1.12608014970549e+03,sinkhorn_cellsim
2.533324e+02,97761,3.88506293970701e-05,1.01442835879595e-01,1.12608015000722e+03,sinkhorn_cellsim
2.533842e+02,97781,3.88506293472950e-05,1.01442835879595e-01,1.12608015030894e+03,sinkhorn_cellsim
2.534360e+02,97801,3.88506292999585e-05,1.01442835879595e-01,1.12608015061067e+03,sinkhorn_cellsim
2.534878e+02,97821,3.88506292507050e-05,1.01442835879595e-01,1.12608015091240e+03,sinkhorn_cellsim
2.535396e+02,97841,3.88506291999203e-05,1.01442835879595e-01,1.12608015121413e+03,sinkhorn_cellsim
2.535914e+02,97861,3.88506291494846e-05,1.01442835879595e-01,1.12608015151585e+03,sinkhorn_cellsim
2.536431e+02,97881,3.88506290985432e-05,1.01442835879595e-01,1.12608015181758e+03,sinkhorn_cellsim
2.536949e+02,97901,3.88506290420830e-05,1.01442835879594e-01,1.12608015211931e+03,sinkhorn_cellsim
2.537467e+02,97921,3.88506289875970e-05,1.01442835879594e-01,1.12608015242104e+03,sinkhorn_cellsim
2.537985e+02,97941,3.88506289265662e-05,1.01442835879593e-01,1.12608015272276e+03,sinkhorn_cellsim
2.538503e+02,97961,3.88506288677193e-05,1.01442835879592e-01,1.12608015302449e+03,sinkhorn_cellsim
2.539021e+02,97981,3.88506288132643e-05,1.01442835879593e-01,1.12608015332622e+03,sinkhorn_cellsim
2.539539e+02,98001,3.88506287573121e-05,1.01442835879594e-01,1.12608015362795e+03,sinkhorn_cellsim
2.540057e+02,98021,3.88506286964190e-05,1.01442835879592e-01,1.12608015392967e+03,sinkhorn_cellsim
2.540575e+02,98041,3.88506286341122e-05,1.01442835879591e-01,1.12608015423140e+03,sinkhorn_cellsim
2.541093e+02,98061,3.88506285768212e-05,1.01442835879592e-01,1.12608015453313e+03,sinkhorn_cellsim
2.541611e+02,98081,3.88506285195786e-05,1.01442835879591e-01,1.12608015483486e+03,sinkhorn_cellsim
2.542129e+02,98101,3.88506284507973e-05,1.01442835879590e-01,1.12608015513659e+03,sinkhorn_cellsim
2.542647e+02,98121,3.88506283856464e-05,1.01442835879589e-01,1.12608015543831e+03,sinkhorn_cellsim
2.543165e+02,98141,3.88506283227863e-05,1.01442835879589e-01,1.12608015574004e+03,sinkhorn_cellsim
2.543683e+02,98161,3.88506282588071e-05,1.01442835879590e-01,1.12608015604177e+03,sinkhorn_cellsim
2.544201e+02,98181,3.88506281918392e-05,1.01442835879589e-01,1.12608015634350e+03,sinkhorn_cellsim
2.544719e+02,98201,3.88506281211890e-05,1.01442835879588e-01,1.12608015664522e+03,sinkhorn_cellsim
2.545237e+02,98221,3.88506280534423e-05,1.01442835879588e-01,1.12608015694695e+03,sinkhorn_cellsim
2.545755e+02,98241,3.88506279832557e-05,1.01442835879588e-01,1.12608015724868e+03,sinkhorn_cellsim
2.546273e+02,98261,3.88506279134993e-05,1.01442835879587e-01,1.12608015755041e+03,sinkhorn_cellsim
2.546791e+02,98281,3.88506278423895e-05,1.01442835879587e-01,1.12608015785213e+03,sinkhorn_cellsim
2.547309e+02,98301,3.88506277698750e-05,1.01442835879587e-01,1.12608015815386e+03,sinkhorn_cellsim
2.547827e+02,98321,3.88506276957001e-05,1.01442835879586e-01,1.12608015845559e+03,sinkhorn_cellsim
2.548345e+02,98341,3.88506276193085e-05,1.01442835879585e-01,1.12608015875732e+03,sinkhorn_cellsim
2.548863e+02,98361,3.88506275441634e-05,1.01442835879585e-01,1.12608015905904e+03,sinkhorn_cellsim
2.549381e+02,98381,3.88506274666258e-05,1.01442835879585e-01,1.12608015936077e+03,sinkhorn_cellsim
2.549899e+02,98401,3.88506273865067e-05,1.01442835879585e-01,1.12608015966250e+03,sinkhorn_cellsim
2.550417e+02,98421,3.88506273054680e-05,1.01442835879584e-01,1.12608015996423e+03,sinkhorn_cellsim
2.550935e+02,98441,3.88506272311271e-05,1.01442835879585e-01,1.12608016026595e+03,sinkhorn_cellsim
2.551453e+02,98461,3.88506271430857e-05,1.01442835879583e-01,1.12608016056768e+03,sinkhorn_cellsim
2.551971e+02,98481,3.88506270542356e-05,1.01442835879582e-01,1.12608016086941e+03,sinkhorn_cellsim
2.552489e+02,98501,3.88506269721419e-05,1.01442835879582e-01,1.12608016117114e+03,sinkhorn_cellsim
2.553007e+02,98521,3.88506268889400e-05,1.01442835879583e-01,1.12608016147287e+03,sinkhorn_cellsim
2.553525e+02,98541,3.88506267976118e-05,1.01442835879581e-01,1.12608016177459e+03,sinkhorn_cellsim
2.554043e+02,98561,3.88506267073431e-05,1.01442835879580e-01,1.12608016207632e+03,sinkhorn_cellsim
2.554561e+02,98581,3.88506266170306e-05,1.01442835879580e-01,1.12608016237805e+03,sinkhorn_cellsim
2.555079e+02,98601,3.88506265238160e-05,1.01442835879578e-01,1.12608016267978e+03,sinkhorn_cellsim
2.555597e+02,98621,3.88506264277775e-05,1.01442835879578e-01,1.12608016298150e+03,sinkhorn_cellsim
2.556115e+02,98641,3.88506263336941e-05,1.01442835879578e-01,1.12608016328323e+03,sinkhorn_cellsim
2.556633e+02,98661,3.88506262316086e-05,1.01442835879576e-01,1.12608016358496e+03,sinkhorn_cellsim
2.557151e+02,98681,3.88506261407160e-05,1.01442835879577e-01,1.12608016388669e+03,sinkhorn_cellsim
2.557669e+02,98701,3.88506260365294e-05,1.01442835879576e-01,1.12608016418841e+03,sinkhorn_cellsim
2.558187e+02,98721,3.88506259353294e-05,1.01442835879575e-01,1.12608016449014e+03,sinkhorn_cellsim
2.558705e+02,98741,3.88506258330015e-05,1.01442835879575e-01,1.12608016479187e+03,sinkhorn_cellsim
2.559223e+02,98761,3.88506257306343e-05,1.01442835879575e-01,1.12608016509360e+03,sinkhorn_cellsim
2.559741e+02,98781,3.88506256240311e-05,1.01442835879574e-01,1.12608016539532e+03,sinkhorn_cellsim
2.560259e+02,98801,3.88506255118411e-05,1.01442835879572e-01,1.12608016569705e+03,sinkhorn_cellsim
2.560777e+02,98821,3.88506253983765e-05,1.01442835879570e-01,1.12608016599878e+03,sinkhorn_cellsim
2.561295e+02,98841,3.88506252948305e-05,1.01442835879571e-01,1.12608016630051e+03,sinkhorn_cellsim
2.561813e+02,98861,3.88506251788255e-05,1.01442835879570e-01,1.12608016660223e+03,sinkhorn_cellsim
2.562331e+02,98881,3.88506250677402e-05,1.01442835879570e-01,1.12608016690396e+03,sinkhorn_cellsim
2.562849e+02,98901,3.88506249468554e-05,1.01442835879570e-01,1.12608016720569e+03,sinkhorn_cellsim
2.563367e+02,98921,3.88506248298492e-05,1.01442835879569e-01,1.12608016750742e+03,sinkhorn_cellsim
2.563885e+02,98941,3.88506247105134e-05,1.01442835879569e-01,1.12608016780914e+03,sinkhorn_cellsim
2.564403e+02,98961,3.88506245858462e-05,1.01442835879567e-01,1.12608016811087e+03,sinkhorn_cellsim
2.564921e+02,98981,3.88506244602632e-05,1.01442835879567e-01,1.12608016841260e+03,sinkhorn_cellsim
2.565439e+02,99001,3.88506243370983e-05,1.01442835879566e-01,1.12608016871433e+03,sinkhorn_cellsim
2.565957e+02,99021,3.88506242101201e-05,1.01442835879565e-01,1.12608016901605e+03,sinkhorn_cellsim
2.566475e+02,99041,3.88506240745810e-05,1.01442835879563e-01,1.12608016931778e+03,sinkhorn_cellsim
2.566993e+02,99061,3.88506239423750e-05,1.01442835879562e-01,1.12608016961951e+03,sinkhorn_cellsim
2.567511e+02,99081,3.88506238103438e-05,1.01442835879561e-01,1.12608016992124e+03,sinkhorn_cellsim
2.568029e+02,99101,3.88506236752866e-05,1.01442835879561e-01,1.12608017022296e+03,sinkhorn_cellsim
2.568547e+02,99121,3.88506235340347e-05,1.01442835879559e-01,1.12608017052469e+03,sinkhorn_cellsim
2.569065e+02,99141,3.88506233942491e-05,1.01442835879559e-01,1.12608017082642e+03,sinkhorn_cellsim
2.569583e+02,99161,3.88506232475323e-05,1.01442835879557e-01,1.12608017112815e+03,sinkhorn_cellsim
2.570101e+02,99181,3.88506231064173e-05,1.01442835879557e-01,1.12608017142988e+03,sinkhorn_cellsim
2.570619e+02,99201,3.88506229608874e-05,1.01442835879556e-01,1.12608017173160e+03,sinkhorn_cellsim
2.571137e+02,99221,3.88506228093941e-05,1.01442835879555e-01,1.12608017203333e+03,sinkhorn_cellsim
2.571655e+02,99241,3.88506226575415e-05,1.01442835879554e-01,1.12608017233506e+03,sinkhorn_cellsim
2.572173e+02,99261,3.88506225052657e-05,1.01442835879553e-01,1.12608017263678e+03,sinkhorn_cellsim
2.572691e+02,99281,3.88506223406192e-05,1.01442835879551e-01,1.12608017293851e+03,sinkhorn_cellsim
2.573209e+02,99301,3.88506221878628e-05,1.01442835879550e-01,1.12608017324024e+03,sinkhorn_cellsim
2.573727e+02,99321,3.88506220248194e-05,1.01442835879550e-01,1.12608017354197e+03,sinkhorn_cellsim
2.574245e+02,99341,3.88506218588448e-05,1.01442835879548e-01,1.12608017384370e+03,sinkhorn_cellsim
2.574763e+02,99361,3.88506216930940e-05,1.01442835879548e-01,1.12608017414542e+03,sinkhorn_cellsim
2.575281e+02,99381,3.88506215196186e-05,1.01442835879546e-01,1.12608017444715e+03,sinkhorn_cellsim
2.575799e+02,99401,3.88506213452190e-05,1.01442835879544e-01,1.12608017474888e+03,sinkhorn_cellsim
2.576317e+02,99421,3.88506211764766e-05,1.01442835879544e-01,1.12608017505061e+03,sinkhorn_cellsim
2.576835e+02,99441,3.88506209957205e-05,1.01442835879541e-01,1.12608017535233e+03,sinkhorn_cellsim
2.577353e+02,99461,3.88506208151657e-05,1.01442835879541e-01,1.12608017565406e+03,sinkhorn_cellsim
2.577871e+02,99481,3.88506206343733e-05,1.01442835879541e-01,1.12608017595579e+03,sinkhorn_cellsim
2.578389e+02,99501,3.88506204482117e-05,1.01442835879538e-01,1.12608017625752e+03,sinkhorn_cellsim
2.578907e+02,99521,3.88506202555960e-05,1.01442835879538e-01,1.12608017655924e+03,sinkhorn_cellsim
2.579425e+02,99541,3.88506200672675e-05,1.01442835879536e-01,1.12608017686097e+03,sinkhorn_cellsim
2.579943e+02,99561,3.88506198692825e-05,1.01442835879535e-01,1.12608017716270e+03,sinkhorn_cellsim
2.580461e+02,99581,3.88506196798499e-05,1.01442835879534e-01,1.12608017746443e+03,sinkhorn_cellsim
2.580979e+02,99601,3.88506194725209e-05,1.01442835879532e-01,1.12608017776615e+03,sinkhorn_cellsim
2.581497e+02,99621,3.88506192700169e-05,1.01442835879531e-01,1.12608017806788e+03,sinkhorn_cellsim
2.582015e+02,99641,3.88506190613732e-05,1.01442835879529e-01,1.12608017836961e+03,sinkhorn_cellsim
2.582533e+02,99661,3.88506188538595e-05,1.01442835879529e-01,1.12608017867134e+03,sinkhorn_cellsim
2.583051e+02,99681,3.88506186346700e-05,1.01442835879527e-01,1.12608017897306e+03,sinkhorn_cellsim
2.583569e+02,99701,3.88506184184662e-05,1.01442835879526e-01,1.12608017927479e+03,sinkhorn_cellsim
2.584087e+02,99721,3.88506181953577e-05,1.01442835879524e-01,1.12608017957652e+03,sinkhorn_cellsim
2.584605e+02,99741,3.88506179744809e-05,1.01442835879523e-01,1.12608017987824e+03,sinkhorn_cellsim
2.585122e+02,99761,3.88506177437630e-05,1.01442835879521e-01,1.12608018017997e+03,sinkhorn_cellsim
2.585640e+02,99781,3.88506175171123e-05,1.01442835879521e-01,1.12608018048170e+03,sinkhorn_cellsim
2.586158e+02,99801,3.88506172823740e-05,1.01442835879518e-01,1.12608018078343e+03,sinkhorn_cellsim
2.586676e+02,99821,3.88506170438118e-05,1.01442835879517e-01,1.12608018108515e+03,sinkhorn_cellsim
2.587194e+02,99841,3.88506167980970e-05,1.01442835879514e-01,1.12608018138688e+03,sinkhorn_cellsim
2.587712e+02,99861,3.88506165513429e-05,1.01442835879512e-01,1.12608018168861e+03,sinkhorn_cellsim
2.588230e+02,99881,3.88506163034709e-05,1.01442835879511e-01,1.12608018199034e+03,sinkhorn_cellsim
2.588748e+02,99901,3.88506160441666e-05,1.01442835879508e-01,1.12608018229206e+03,sinkhorn_cellsim
2.589266e+02,99921,3.88506157922136e-05,1.01442835879508e-01,1.12608018259379e+03,sinkhorn_cellsim
2.589784e+02,99941,3.88506155329560e-05,1.01442835879506e-01,1.12608018289552e+03,sinkhorn_cellsim
2.590302e+02,99961,3.88506152623975e-05,1.01442835879504e-01,1.12608018319725e+03,sinkhorn_cellsim
2.590820e+02,99981,3.88506149958029e-05,1.01442835879503e-01,1.12608018349897e+03,sinkhorn_cellsim
c_index=-0.10144283587949902,Sw=0.0,Smin=0.10144283587949902,Smax=0.10144283587949902,Nw=93,pairs=190
