time(s),iter,infeas,ot_objective,dual
1.322152e-02,1,7.98340141633204e-01,6.95425100241404e-33,-7.91113830916754e+00,sinkhorn_cellsim
7.057013e-01,21,7.98340141633204e-01,3.19366441318368e-07,4.11388075775146e+01,sinkhorn_cellsim
1.398092e+00,41,7.97656398401978e-01,1.81213236732174e-05,8.99291664704563e+01,sinkhorn_cellsim
2.090477e+00,61,7.91086070785127e-01,2.47557108119835e-04,1.37134783080280e+02,sinkhorn_cellsim
2.783089e+00,81,7.76314132052150e-01,9.90947274264530e-04,1.79603830999837e+02,sinkhorn_cellsim
3.475987e+00,101,7.55152729386579e-01,2.21308036585519e-03,2.14762058198346e+02,sinkhorn_cellsim
4.169042e+00,121,7.38188752458774e-01,3.34720174324062e-03,2.43881040792783e+02,sinkhorn_cellsim
4.862171e+00,141,7.20823628386421e-01,4.33211708665588e-03,2.68506070166429e+02,sinkhorn_cellsim
5.555379e+00,161,7.06817543301650e-01,5.15939518386377e-03,2.90287550976948e+02,sinkhorn_cellsim
6.248589e+00,181,6.94252449173004e-01,5.94348400551606e-03,3.10249655757912e+02,sinkhorn_cellsim
6.941829e+00,201,6.80117701007144e-01,6.76547462962238e-03,3.28752233351117e+02,sinkhorn_cellsim
7.635061e+00,221,6.66277437939475e-01,7.43238943603104e-03,3.46056934635936e+02,sinkhorn_cellsim
8.328260e+00,241,6.52073634385902e-01,8.07762056801425e-03,3.62438929525169e+02,sinkhorn_cellsim
9.021445e+00,261,6.35279472330044e-01,8.75659250890870e-03,3.77960090064453e+02,sinkhorn_cellsim
9.714600e+00,281,6.17661768091514e-01,9.36346686684323e-03,3.92717820503532e+02,sinkhorn_cellsim
1.040779e+01,301,6.02510969870886e-01,9.90315918706168e-03,4.06822468960805e+02,sinkhorn_cellsim
1.110101e+01,321,5.85286577118759e-01,1.04769477303188e-02,4.20257167220188e+02,sinkhorn_cellsim
1.179425e+01,341,5.70552726685539e-01,1.10244649306959e-02,4.33101834603749e+02,sinkhorn_cellsim
1.248749e+01,361,5.51672287505759e-01,1.16484492062178e-02,4.45311338140997e+02,sinkhorn_cellsim
1.318077e+01,381,5.34066383463012e-01,1.22802596389504e-02,4.56930446614386e+02,sinkhorn_cellsim
1.387409e+01,401,5.13638423757828e-01,1.29580176606848e-02,4.67951113882390e+02,sinkhorn_cellsim
1.456744e+01,421,4.91783274190729e-01,1.37262117067414e-02,4.78365130802510e+02,sinkhorn_cellsim
1.526087e+01,441,4.73437859213263e-01,1.43759517105032e-02,4.88147808912109e+02,sinkhorn_cellsim
1.595424e+01,461,4.55445604449697e-01,1.50343127088099e-02,4.97372546530362e+02,sinkhorn_cellsim
1.664767e+01,481,4.32192360429199e-01,1.57439384877868e-02,5.06048757193086e+02,sinkhorn_cellsim
1.734110e+01,501,4.12764464744984e-01,1.64701976219481e-02,5.14135644251413e+02,sinkhorn_cellsim
1.803451e+01,521,3.94287872077896e-01,1.71703770575722e-02,5.21711616559444e+02,sinkhorn_cellsim
1.872797e+01,541,3.77538361622915e-01,1.78147786955655e-02,5.28751056763291e+02,sinkhorn_cellsim
1.942141e+01,561,3.60049075132999e-01,1.84557599925589e-02,5.35368292862038e+02,sinkhorn_cellsim
2.011492e+01,581,3.46086433258492e-01,1.89993191662487e-02,5.41562577716759e+02,sinkhorn_cellsim
2.080840e+01,601,3.31091883870247e-01,1.95129445652995e-02,5.47396606067048e+02,sinkhorn_cellsim
2.150191e+01,621,3.17144324130883e-01,2.01092048139116e-02,5.52891805476830e+02,sinkhorn_cellsim
2.219536e+01,641,3.02755370961688e-01,2.06820153343056e-02,5.58037309912153e+02,sinkhorn_cellsim
2.288886e+01,661,2.89998446050269e-01,2.12559565471986e-02,5.62829554519351e+02,sinkhorn_cellsim
2.358235e+01,681,2.76507374820820e-01,2.17766930889141e-02,5.67302995158467e+02,sinkhorn_cellsim
2.427589e+01,701,2.64525692928814e-01,2.22442718176512e-02,5.71476455690874e+02,sinkhorn_cellsim
2.496944e+01,721,2.56158874280547e-01,2.27373151565391e-02,5.75367496671171e+02,sinkhorn_cellsim
2.566294e+01,741,2.47623260639304e-01,2.32293630101003e-02,5.79006931512539e+02,sinkhorn_cellsim
2.635644e+01,761,2.38270812386975e-01,2.36336740456771e-02,5.82419889889320e+02,sinkhorn_cellsim
2.705000e+01,781,2.28377978490048e-01,2.40555527725318e-02,5.85613693835930e+02,sinkhorn_cellsim
2.774354e+01,801,2.19369830852192e-01,2.44285643754122e-02,5.88610236845700e+02,sinkhorn_cellsim
2.843707e+01,821,2.11812432726926e-01,2.47425477561870e-02,5.91423432875711e+02,sinkhorn_cellsim
2.913062e+01,841,2.03776130098637e-01,2.50613905616492e-02,5.94085489423279e+02,sinkhorn_cellsim
2.982419e+01,861,1.97523960650137e-01,2.52906077338605e-02,5.96607208220706e+02,sinkhorn_cellsim
3.051774e+01,881,1.90681493855449e-01,2.56933931097844e-02,5.98960298026391e+02,sinkhorn_cellsim
3.121131e+01,901,1.83584714096352e-01,2.59361979010551e-02,6.01173264502063e+02,sinkhorn_cellsim
3.190481e+01,921,1.78567228262369e-01,2.62472868849587e-02,6.03240865004579e+02,sinkhorn_cellsim
3.259832e+01,941,1.71531336444252e-01,2.66119425448512e-02,6.05175323032194e+02,sinkhorn_cellsim
3.329183e+01,961,1.65740308808641e-01,2.68647031804528e-02,6.06979197411225e+02,sinkhorn_cellsim
3.398534e+01,981,1.60949584107072e-01,2.70916381933425e-02,6.08691320102028e+02,sinkhorn_cellsim
3.467887e+01,1001,1.56564463657288e-01,2.72984888179912e-02,6.10302158387831e+02,sinkhorn_cellsim
3.537240e+01,1021,1.52321508516819e-01,2.75848962180187e-02,6.11813837817584e+02,sinkhorn_cellsim
3.606595e+01,1041,1.47896506837720e-01,2.78107712481206e-02,6.13230542337762e+02,sinkhorn_cellsim
3.675954e+01,1061,1.44013922828517e-01,2.80362602309786e-02,6.14551125803607e+02,sinkhorn_cellsim
3.745311e+01,1081,1.39663198673420e-01,2.82301842969073e-02,6.15783519335572e+02,sinkhorn_cellsim
3.814670e+01,1101,1.35402669490814e-01,2.83906213467095e-02,6.16933946663593e+02,sinkhorn_cellsim
3.884029e+01,1121,1.31706698758277e-01,2.85573261266969e-02,6.18027725146000e+02,sinkhorn_cellsim
3.953390e+01,1141,1.28176125385764e-01,2.86948368062402e-02,6.19053313263339e+02,sinkhorn_cellsim
4.022752e+01,1161,1.24807025912840e-01,2.88090474252533e-02,6.20032706345158e+02,sinkhorn_cellsim
4.092113e+01,1181,1.22202738967787e-01,2.89372105243837e-02,6.20960264230381e+02,sinkhorn_cellsim
4.161475e+01,1201,1.19570939564939e-01,2.90848271055209e-02,6.21850280608213e+02,sinkhorn_cellsim
4.230836e+01,1221,1.16944448903600e-01,2.92043852130030e-02,6.22697934627370e+02,sinkhorn_cellsim
4.300196e+01,1241,1.14339781159282e-01,2.92996638917987e-02,6.23504432994500e+02,sinkhorn_cellsim
4.369562e+01,1261,1.11295060159046e-01,2.94140768355679e-02,6.24268004423827e+02,sinkhorn_cellsim
4.438926e+01,1281,1.09394506747358e-01,2.94757815848107e-02,6.25001563968821e+02,sinkhorn_cellsim
4.508290e+01,1301,1.06853064967677e-01,2.95946022428580e-02,6.25703566449636e+02,sinkhorn_cellsim
4.577648e+01,1321,1.04580629582471e-01,2.96386208505591e-02,6.26375568718007e+02,sinkhorn_cellsim
4.647007e+01,1341,1.02255700314072e-01,2.97179188938016e-02,6.27019818611500e+02,sinkhorn_cellsim
4.716368e+01,1361,9.97928999385243e-02,2.97915953614894e-02,6.27637642091827e+02,sinkhorn_cellsim
4.785724e+01,1381,9.77701641225297e-02,2.98914505627703e-02,6.28227356505645e+02,sinkhorn_cellsim
4.855084e+01,1401,9.59185052594563e-02,2.99550683750218e-02,6.28788819820208e+02,sinkhorn_cellsim
4.924444e+01,1421,9.36964901892328e-02,3.00547291007859e-02,6.29324620336596e+02,sinkhorn_cellsim
4.993804e+01,1441,9.18565585040491e-02,3.01539812889604e-02,6.29833166793959e+02,sinkhorn_cellsim
5.063164e+01,1461,8.97810147007623e-02,3.02257706778449e-02,6.30313795293261e+02,sinkhorn_cellsim
5.132525e+01,1481,8.78505736950234e-02,3.03181101258364e-02,6.30770714815265e+02,sinkhorn_cellsim
5.201885e+01,1501,8.59041530136778e-02,3.03857901398185e-02,6.31206981984742e+02,sinkhorn_cellsim
5.271245e+01,1521,8.37887225142957e-02,3.04429047472445e-02,6.31624997996080e+02,sinkhorn_cellsim
5.340604e+01,1541,8.17582298297547e-02,3.05154369086416e-02,6.32024649090077e+02,sinkhorn_cellsim
5.409965e+01,1561,8.03611365983284e-02,3.05750436783815e-02,6.32406745905723e+02,sinkhorn_cellsim
5.479322e+01,1581,7.88187632333414e-02,3.06318542808837e-02,6.32773514435448e+02,sinkhorn_cellsim
5.548679e+01,1601,7.74180933960100e-02,3.07038614566342e-02,6.33120590266329e+02,sinkhorn_cellsim
5.618039e+01,1621,7.58688472858757e-02,3.07393985754377e-02,6.33452078532279e+02,sinkhorn_cellsim
5.687393e+01,1641,7.42517498734007e-02,3.08006044390868e-02,6.33767446963135e+02,sinkhorn_cellsim
5.756745e+01,1661,7.28154512656267e-02,3.08348245127013e-02,6.34069789426546e+02,sinkhorn_cellsim
5.826098e+01,1681,7.14291848886965e-02,3.08867395807796e-02,6.34358340752829e+02,sinkhorn_cellsim
5.895446e+01,1701,7.01973628352394e-02,3.09243495739146e-02,6.34636788429311e+02,sinkhorn_cellsim
5.964792e+01,1721,6.86791049263026e-02,3.09627503789819e-02,6.34902990940975e+02,sinkhorn_cellsim
6.034140e+01,1741,6.73200861191778e-02,3.09940030710425e-02,6.35155678564394e+02,sinkhorn_cellsim
6.103489e+01,1761,6.57436269586661e-02,3.10264604950218e-02,6.35396643092116e+02,sinkhorn_cellsim
6.172835e+01,1781,6.43045152053931e-02,3.10663277741457e-02,6.35625415542641e+02,sinkhorn_cellsim
6.242184e+01,1801,6.30164318861864e-02,3.11012071764154e-02,6.35843776001130e+02,sinkhorn_cellsim
6.311532e+01,1821,6.17625662273871e-02,3.11296208128208e-02,6.36053751623762e+02,sinkhorn_cellsim
6.380886e+01,1841,6.05073512072227e-02,3.11542863079106e-02,6.36256707394412e+02,sinkhorn_cellsim
6.450235e+01,1861,5.92851422693475e-02,3.11928900695525e-02,6.36451274874353e+02,sinkhorn_cellsim
6.519588e+01,1881,5.81986299211258e-02,3.12269564062020e-02,6.36637357144950e+02,sinkhorn_cellsim
6.588939e+01,1901,5.69274621285569e-02,3.12604295856022e-02,6.36816186417846e+02,sinkhorn_cellsim
6.658288e+01,1921,5.58529274290397e-02,3.13045656802033e-02,6.36987306224792e+02,sinkhorn_cellsim
6.727639e+01,1941,5.49877866934796e-02,3.13328703999155e-02,6.37151116809687e+02,sinkhorn_cellsim
6.796988e+01,1961,5.39540047404311e-02,3.13584780228278e-02,6.37307839957083e+02,sinkhorn_cellsim
6.866336e+01,1981,5.29521664989493e-02,3.13778427325906e-02,6.37459464661532e+02,sinkhorn_cellsim
6.935682e+01,2001,5.19120788646955e-02,3.14064181815518e-02,6.37606363532704e+02,sinkhorn_cellsim
7.005033e+01,2021,5.08483323705047e-02,3.14473875654278e-02,6.37746928005930e+02,sinkhorn_cellsim
7.074384e+01,2041,4.98952509138610e-02,3.14756755270210e-02,6.37880916782047e+02,sinkhorn_cellsim
7.143733e+01,2061,4.89317988771172e-02,3.14965404252000e-02,6.38010320731595e+02,sinkhorn_cellsim
7.213083e+01,2081,4.80234110607802e-02,3.15184532979135e-02,6.38134925537690e+02,sinkhorn_cellsim
7.282432e+01,2101,4.70436469395695e-02,3.15391760570269e-02,6.38255065550500e+02,sinkhorn_cellsim
7.351785e+01,2121,4.62085257105821e-02,3.15554163499622e-02,6.38371320842948e+02,sinkhorn_cellsim
7.421135e+01,2141,4.54276940728120e-02,3.15766880926304e-02,6.38483908936223e+02,sinkhorn_cellsim
7.490486e+01,2161,4.45733354648973e-02,3.15963651759412e-02,6.38592620964797e+02,sinkhorn_cellsim
7.559835e+01,2181,4.36394387039159e-02,3.16185321026953e-02,6.38697235969072e+02,sinkhorn_cellsim
7.629187e+01,2201,4.27334724573355e-02,3.16407436947945e-02,6.38797732661073e+02,sinkhorn_cellsim
7.698536e+01,2221,4.20236296033002e-02,3.16614198758825e-02,6.38894533441727e+02,sinkhorn_cellsim
7.767887e+01,2241,4.13510644840924e-02,3.16835674836954e-02,6.38987903140029e+02,sinkhorn_cellsim
7.837237e+01,2261,4.07013960378791e-02,3.17052603046318e-02,6.39077606893840e+02,sinkhorn_cellsim
7.906585e+01,2281,4.01107850296082e-02,3.17214860665700e-02,6.39164419360552e+02,sinkhorn_cellsim
7.975932e+01,2301,3.95610982381612e-02,3.17353314602703e-02,6.39248612265925e+02,sinkhorn_cellsim
8.045280e+01,2321,3.89733931913011e-02,3.17532839536274e-02,6.39329806690748e+02,sinkhorn_cellsim
8.114626e+01,2341,3.82559582992956e-02,3.17730739164731e-02,6.39407641542729e+02,sinkhorn_cellsim
8.183973e+01,2361,3.76175452190332e-02,3.17937044066590e-02,6.39481988338174e+02,sinkhorn_cellsim
8.253321e+01,2381,3.70628641367997e-02,3.18098033582827e-02,6.39553709456199e+02,sinkhorn_cellsim
8.322667e+01,2401,3.64420516494544e-02,3.18279845919772e-02,6.39622860676783e+02,sinkhorn_cellsim
8.392019e+01,2421,3.58111857641265e-02,3.18432095212735e-02,6.39689417638172e+02,sinkhorn_cellsim
8.461366e+01,2441,3.52606861623625e-02,3.18571090951647e-02,6.39753761160179e+02,sinkhorn_cellsim
8.530715e+01,2461,3.47275842515975e-02,3.18669504837134e-02,6.39816166340936e+02,sinkhorn_cellsim
8.600063e+01,2481,3.41663100538840e-02,3.18784893048280e-02,6.39876778029152e+02,sinkhorn_cellsim
8.669413e+01,2501,3.35998046809864e-02,3.18910651410641e-02,6.39935338401990e+02,sinkhorn_cellsim
8.738762e+01,2521,3.30907387955216e-02,3.19064667158653e-02,6.39991720769829e+02,sinkhorn_cellsim
8.808112e+01,2541,3.26028444574709e-02,3.19183939117527e-02,6.40046404325029e+02,sinkhorn_cellsim
8.877461e+01,2561,3.20204393136682e-02,3.19314930545389e-02,6.40099540597796e+02,sinkhorn_cellsim
8.946807e+01,2581,3.14181312840973e-02,3.19476308998856e-02,6.40150721175594e+02,sinkhorn_cellsim
9.016155e+01,2601,3.08092011540019e-02,3.19698710593530e-02,6.40199684792665e+02,sinkhorn_cellsim
9.085500e+01,2621,3.03385211358177e-02,3.19843098368170e-02,6.40246839668695e+02,sinkhorn_cellsim
9.154847e+01,2641,2.99024757636641e-02,3.19969347944245e-02,6.40292668249619e+02,sinkhorn_cellsim
9.224194e+01,2661,2.94741062856461e-02,3.20086355959835e-02,6.40337216995270e+02,sinkhorn_cellsim
9.293541e+01,2681,2.89482518990072e-02,3.20234999375682e-02,6.40380242540771e+02,sinkhorn_cellsim
9.362887e+01,2701,2.84403194015109e-02,3.20382476262383e-02,6.40421315680617e+02,sinkhorn_cellsim
9.432232e+01,2721,2.79318226851053e-02,3.20493232747798e-02,6.40461015743869e+02,sinkhorn_cellsim
9.501577e+01,2741,2.74342957655243e-02,3.20581811991198e-02,6.40499478418275e+02,sinkhorn_cellsim
9.570920e+01,2761,2.69321749280489e-02,3.20681023819403e-02,6.40536781621837e+02,sinkhorn_cellsim
9.640283e+01,2781,2.64708677846227e-02,3.20793230729590e-02,6.40572874296845e+02,sinkhorn_cellsim
9.709632e+01,2801,2.60020772440837e-02,3.20912176223878e-02,6.40607727098637e+02,sinkhorn_cellsim
9.778973e+01,2821,2.55292233701842e-02,3.21025359459398e-02,6.40641287412836e+02,sinkhorn_cellsim
9.848318e+01,2841,2.50777316024237e-02,3.21134547326994e-02,6.40673727797511e+02,sinkhorn_cellsim
9.917663e+01,2861,2.46539479446729e-02,3.21228627161130e-02,6.40705131046952e+02,sinkhorn_cellsim
9.987007e+01,2881,2.42352604430613e-02,3.21338887559203e-02,6.40735459841565e+02,sinkhorn_cellsim
1.005635e+02,2901,2.38368437409028e-02,3.21423872006248e-02,6.40764665771176e+02,sinkhorn_cellsim
1.012569e+02,2921,2.34243810648680e-02,3.21492932993002e-02,6.40792936260976e+02,sinkhorn_cellsim
1.019504e+02,2941,2.29773421203906e-02,3.21564386761551e-02,6.40820289744366e+02,sinkhorn_cellsim
1.026438e+02,2961,2.25577714805215e-02,3.21642402467213e-02,6.40846711123121e+02,sinkhorn_cellsim
1.033373e+02,2981,2.21411496197915e-02,3.21714351713789e-02,6.40872184016431e+02,sinkhorn_cellsim
1.040308e+02,3001,2.17336110461922e-02,3.21773032265781e-02,6.40896939179074e+02,sinkhorn_cellsim
1.047242e+02,3021,2.13212539602842e-02,3.21851326581787e-02,6.40920926418638e+02,sinkhorn_cellsim
1.054176e+02,3041,2.09267410616179e-02,3.21907822271967e-02,6.40944158292729e+02,sinkhorn_cellsim
1.061111e+02,3061,2.05282904460323e-02,3.21950048781696e-02,6.40966794124761e+02,sinkhorn_cellsim
1.068045e+02,3081,2.01564330820723e-02,3.22000755400418e-02,6.40988835087600e+02,sinkhorn_cellsim
1.074980e+02,3101,1.98044448300211e-02,3.22045291520444e-02,6.41010412938752e+02,sinkhorn_cellsim
1.081914e+02,3121,1.94650540592130e-02,3.22090973473870e-02,6.41031569663829e+02,sinkhorn_cellsim
1.088848e+02,3141,1.91207769799198e-02,3.22279904631561e-02,6.41051601407849e+02,sinkhorn_cellsim
1.095782e+02,3161,1.87837810956282e-02,3.22333683838901e-02,6.41070038523452e+02,sinkhorn_cellsim
1.102716e+02,3181,1.84365331100069e-02,3.22395472132391e-02,6.41087907207517e+02,sinkhorn_cellsim
1.109651e+02,3201,1.80744218631197e-02,3.22459375313055e-02,6.41105233893749e+02,sinkhorn_cellsim
1.116586e+02,3221,1.76866205209407e-02,3.22526195140870e-02,6.41122050812206e+02,sinkhorn_cellsim
1.123520e+02,3241,1.73019530840284e-02,3.22621539564124e-02,6.41138193614655e+02,sinkhorn_cellsim
1.130454e+02,3261,1.69715887094666e-02,3.22694666376422e-02,6.41153763690265e+02,sinkhorn_cellsim
1.137388e+02,3281,1.66626939254747e-02,3.22764827499330e-02,6.41168862845342e+02,sinkhorn_cellsim
1.144323e+02,3301,1.63634547156226e-02,3.22856356154987e-02,6.41183363028136e+02,sinkhorn_cellsim
1.151257e+02,3321,1.60607111353889e-02,3.22921497057816e-02,6.41197182119321e+02,sinkhorn_cellsim
1.158191e+02,3341,1.57524675825628e-02,3.22982396416069e-02,6.41210322918372e+02,sinkhorn_cellsim
1.165126e+02,3361,1.54480560754525e-02,3.23034701394952e-02,6.41222952898810e+02,sinkhorn_cellsim
1.172060e+02,3381,1.51608694598710e-02,3.23097304425122e-02,6.41235080203055e+02,sinkhorn_cellsim
1.178995e+02,3401,1.48788769631035e-02,3.23141636902146e-02,6.41246789887621e+02,sinkhorn_cellsim
1.185929e+02,3421,1.45895327969976e-02,3.23184084030570e-02,6.41258176612892e+02,sinkhorn_cellsim
1.192863e+02,3441,1.42992475629054e-02,3.23227712081463e-02,6.41269230923672e+02,sinkhorn_cellsim
1.199797e+02,3461,1.40163545094762e-02,3.23270973673672e-02,6.41279958716699e+02,sinkhorn_cellsim
1.206731e+02,3481,1.37392745553688e-02,3.23312169100242e-02,6.41290374272790e+02,sinkhorn_cellsim
1.213666e+02,3501,1.34607843984903e-02,3.23353873721610e-02,6.41300479351351e+02,sinkhorn_cellsim
1.220600e+02,3521,1.31900198840938e-02,3.23396810969974e-02,6.41310273487803e+02,sinkhorn_cellsim
1.227534e+02,3541,1.29232191064264e-02,3.23442545198778e-02,6.41319751608278e+02,sinkhorn_cellsim
1.234468e+02,3561,1.26627787066804e-02,3.23491916838049e-02,6.41328853226887e+02,sinkhorn_cellsim
1.241402e+02,3581,1.24021616016253e-02,3.23538415249580e-02,6.41337651567275e+02,sinkhorn_cellsim
1.248336e+02,3601,1.21546391296496e-02,3.23584560142361e-02,6.41346148257170e+02,sinkhorn_cellsim
1.255271e+02,3621,1.19303883375042e-02,3.23626368236304e-02,6.41354367444650e+02,sinkhorn_cellsim
1.262205e+02,3641,1.17141206596878e-02,3.23663527695805e-02,6.41362349983129e+02,sinkhorn_cellsim
1.269139e+02,3661,1.15054581639452e-02,3.23700798337882e-02,6.41370052300937e+02,sinkhorn_cellsim
1.276073e+02,3681,1.13014972391286e-02,3.23736295655689e-02,6.41377470784610e+02,sinkhorn_cellsim
1.283007e+02,3701,1.11140724533798e-02,3.23777197666959e-02,6.41384437921686e+02,sinkhorn_cellsim
1.289941e+02,3721,1.09390555339616e-02,3.23800792005768e-02,6.41391145834998e+02,sinkhorn_cellsim
1.296875e+02,3741,1.07689370823630e-02,3.23822706724963e-02,6.41397699462997e+02,sinkhorn_cellsim
1.303809e+02,3761,1.06019630064159e-02,3.23844929936424e-02,6.41404104025595e+02,sinkhorn_cellsim
1.310743e+02,3781,1.04407979396886e-02,3.23867938705695e-02,6.41410356103548e+02,sinkhorn_cellsim
1.317677e+02,3801,1.02856079565755e-02,3.23889348804501e-02,6.41416473729033e+02,sinkhorn_cellsim
1.324612e+02,3821,1.01303328583627e-02,3.23911845957581e-02,6.41422463349543e+02,sinkhorn_cellsim
1.331546e+02,3841,9.96389646739743e-03,3.23937027928115e-02,6.41428307710137e+02,sinkhorn_cellsim
1.338480e+02,3861,9.80681366623039e-03,3.23963573758041e-02,6.41434004006550e+02,sinkhorn_cellsim
1.345414e+02,3881,9.66502494475549e-03,3.23991188294075e-02,6.41439551053655e+02,sinkhorn_cellsim
1.352348e+02,3901,9.52897568187214e-03,3.24014474538658e-02,6.41444969355906e+02,sinkhorn_cellsim
1.359283e+02,3921,9.39712463609314e-03,3.24036900958827e-02,6.41450274974441e+02,sinkhorn_cellsim
1.366217e+02,3941,9.26541198305227e-03,3.24077972058411e-02,6.41455406874516e+02,sinkhorn_cellsim
1.373151e+02,3961,9.13643204991048e-03,3.24105929715680e-02,6.41460330789919e+02,sinkhorn_cellsim
1.380085e+02,3981,9.01183556802520e-03,3.24133396832712e-02,6.41465091025896e+02,sinkhorn_cellsim
1.387019e+02,4001,8.88629988127232e-03,3.24160230597335e-02,6.41469675891277e+02,sinkhorn_cellsim
1.393954e+02,4021,8.75773485572393e-03,3.24183429703859e-02,6.41474140150709e+02,sinkhorn_cellsim
1.400888e+02,4041,8.62696595201708e-03,3.24206888713628e-02,6.41478500528172e+02,sinkhorn_cellsim
1.407822e+02,4061,8.49269985559123e-03,3.24232663027162e-02,6.41482752563839e+02,sinkhorn_cellsim
1.414756e+02,4081,8.35331409107352e-03,3.24259957661285e-02,6.41486894115538e+02,sinkhorn_cellsim
1.421690e+02,4101,8.20656323406784e-03,3.24288738680713e-02,6.41490910409087e+02,sinkhorn_cellsim
1.428624e+02,4121,8.07513220024422e-03,3.24317758883799e-02,6.41494813498247e+02,sinkhorn_cellsim
1.435559e+02,4141,7.95166209558582e-03,3.24346306459731e-02,6.41498616317851e+02,sinkhorn_cellsim
1.442493e+02,4161,7.83285368921031e-03,3.24373691520465e-02,6.41502319434457e+02,sinkhorn_cellsim
1.449427e+02,4181,7.71680078657765e-03,3.24398655337479e-02,6.41505921983194e+02,sinkhorn_cellsim
1.456363e+02,4201,7.59759146498406e-03,3.24420746260453e-02,6.41509422208016e+02,sinkhorn_cellsim
1.463297e+02,4221,7.48175750205541e-03,3.24440698669888e-02,6.41512818343968e+02,sinkhorn_cellsim
1.470231e+02,4241,7.36915516830273e-03,3.24459993980928e-02,6.41516127635192e+02,sinkhorn_cellsim
1.477165e+02,4261,7.25901083069138e-03,3.24479107264340e-02,6.41519361103472e+02,sinkhorn_cellsim
1.484100e+02,4281,7.14647506657492e-03,3.24498511927652e-02,6.41522514884209e+02,sinkhorn_cellsim
1.491034e+02,4301,7.03417301472561e-03,3.24518502242627e-02,6.41525567927360e+02,sinkhorn_cellsim
1.497968e+02,4321,6.91950511441007e-03,3.24537681251337e-02,6.41528522407638e+02,sinkhorn_cellsim
1.504903e+02,4341,6.80189158543712e-03,3.24556371021437e-02,6.41531390205963e+02,sinkhorn_cellsim
1.511837e+02,4361,6.68061305252123e-03,3.24574900281340e-02,6.41534162196079e+02,sinkhorn_cellsim
1.518771e+02,4381,6.57464966080468e-03,3.24591374280462e-02,6.41536849439377e+02,sinkhorn_cellsim
1.525705e+02,4401,6.47888069403691e-03,3.24606359044079e-02,6.41539467425502e+02,sinkhorn_cellsim
1.532640e+02,4421,6.38381146117239e-03,3.24620348002963e-02,6.41542022919701e+02,sinkhorn_cellsim
1.539575e+02,4441,6.29081241258531e-03,3.24633660500122e-02,6.41544517966639e+02,sinkhorn_cellsim
1.546509e+02,4461,6.19819326617801e-03,3.24646684400173e-02,6.41546953585191e+02,sinkhorn_cellsim
1.553443e+02,4481,6.10547425545351e-03,3.24659289523496e-02,6.41549330405681e+02,sinkhorn_cellsim
1.560378e+02,4501,6.01369201778875e-03,3.24671019500992e-02,6.41551647661282e+02,sinkhorn_cellsim
1.567312e+02,4521,5.92274065239957e-03,3.24682660101962e-02,6.41553903211312e+02,sinkhorn_cellsim
1.574246e+02,4541,5.83385704638677e-03,3.24695448831696e-02,6.41556091325732e+02,sinkhorn_cellsim
1.581180e+02,4561,5.74613257372985e-03,3.24709110352679e-02,6.41558210726308e+02,sinkhorn_cellsim
1.588115e+02,4581,5.66027125744951e-03,3.24723252578408e-02,6.41560265176227e+02,sinkhorn_cellsim
1.595049e+02,4601,5.57583913403565e-03,3.24737423251038e-02,6.41562259806323e+02,sinkhorn_cellsim
1.601984e+02,4621,5.49261795134193e-03,3.24751030772145e-02,6.41564206476517e+02,sinkhorn_cellsim
1.608918e+02,4641,5.41138577800325e-03,3.24764023256032e-02,6.41566112518077e+02,sinkhorn_cellsim
1.615853e+02,4661,5.33259688253321e-03,3.24776467744027e-02,6.41567982907334e+02,sinkhorn_cellsim
1.622787e+02,4681,5.25573299206878e-03,3.24788473417032e-02,6.41569820741383e+02,sinkhorn_cellsim
1.629722e+02,4701,5.18103124282789e-03,3.24800349222228e-02,6.41571626112397e+02,sinkhorn_cellsim
1.636656e+02,4721,5.10862982632790e-03,3.24812813126899e-02,6.41573391984277e+02,sinkhorn_cellsim
1.643590e+02,4741,5.03775764641221e-03,3.24825299604781e-02,6.41575113300061e+02,sinkhorn_cellsim
1.650525e+02,4761,4.96866843898997e-03,3.24837073567115e-02,6.41576798551225e+02,sinkhorn_cellsim
1.657459e+02,4781,4.90152746067088e-03,3.24848370498475e-02,6.41578454653002e+02,sinkhorn_cellsim
1.664394e+02,4801,4.83612190188052e-03,3.24859231172341e-02,6.41580085559219e+02,sinkhorn_cellsim
1.671328e+02,4821,4.77255563014151e-03,3.24869687105349e-02,6.41581693946277e+02,sinkhorn_cellsim
1.678262e+02,4841,4.71048363997641e-03,3.24884149280396e-02,6.41583266367193e+02,sinkhorn_cellsim
1.685197e+02,4861,4.64996463604477e-03,3.24897702695544e-02,6.41584765172129e+02,sinkhorn_cellsim
1.692132e+02,4881,4.59057852493905e-03,3.24907391658466e-02,6.41586238646131e+02,sinkhorn_cellsim
1.699067e+02,4901,4.53218401520362e-03,3.24917130769938e-02,6.41587678200612e+02,sinkhorn_cellsim
1.706001e+02,4921,4.47460730906486e-03,3.24927044693371e-02,6.41589086003202e+02,sinkhorn_cellsim
1.712936e+02,4941,4.41757735129180e-03,3.24937298280713e-02,6.41590469129450e+02,sinkhorn_cellsim
1.719870e+02,4961,4.36092990859706e-03,3.24947533330791e-02,6.41591828370372e+02,sinkhorn_cellsim
1.726804e+02,4981,4.30400739187563e-03,3.24957575697428e-02,6.41593164999346e+02,sinkhorn_cellsim
1.733739e+02,5001,4.24576958127539e-03,3.24967386861919e-02,6.41594479584041e+02,sinkhorn_cellsim
1.740673e+02,5021,4.18685580413375e-03,3.24977097998208e-02,6.41595770432188e+02,sinkhorn_cellsim
1.747608e+02,5041,4.12744105736938e-03,3.24986714443270e-02,6.41597035235816e+02,sinkhorn_cellsim
1.754542e+02,5061,4.07160569600278e-03,3.24995974299659e-02,6.41598274660091e+02,sinkhorn_cellsim
1.761476e+02,5081,4.01734391352773e-03,3.25004942739801e-02,6.41599491006641e+02,sinkhorn_cellsim
1.768411e+02,5101,3.96388341738543e-03,3.25013952489801e-02,6.41600685544719e+02,sinkhorn_cellsim
1.775345e+02,5121,3.90438668757762e-03,3.25023802942659e-02,6.41601853185582e+02,sinkhorn_cellsim
1.782280e+02,5141,3.84964405233367e-03,3.25033886649533e-02,6.41602986692654e+02,sinkhorn_cellsim
1.789214e+02,5161,3.79687068577601e-03,3.25042417611202e-02,6.41604099507541e+02,sinkhorn_cellsim
1.796149e+02,5181,3.74586177651097e-03,3.25050310900887e-02,6.41605197769980e+02,sinkhorn_cellsim
1.803083e+02,5201,3.69618963406294e-03,3.25057983056237e-02,6.41606282682884e+02,sinkhorn_cellsim
1.810018e+02,5221,3.64796989654932e-03,3.25065808346054e-02,6.41607353541539e+02,sinkhorn_cellsim
1.816952e+02,5241,3.60086843765206e-03,3.25074666455727e-02,6.41608405262702e+02,sinkhorn_cellsim
1.823887e+02,5261,3.55440239967123e-03,3.25085789058108e-02,6.41609429613756e+02,sinkhorn_cellsim
1.830821e+02,5281,3.50861755214148e-03,3.25098401939348e-02,6.41610426602101e+02,sinkhorn_cellsim
1.837756e+02,5301,3.46348641056441e-03,3.25110246619929e-02,6.41611401294755e+02,sinkhorn_cellsim
1.844690e+02,5321,3.41891774751662e-03,3.25120679184449e-02,6.41612357238942e+02,sinkhorn_cellsim
1.851625e+02,5341,3.37452095117072e-03,3.25129998834927e-02,6.41613296372667e+02,sinkhorn_cellsim
1.858559e+02,5361,3.32975112346505e-03,3.25138554887256e-02,6.41614219907351e+02,sinkhorn_cellsim
1.865494e+02,5381,3.28445904920082e-03,3.25146573058476e-02,6.41615128727821e+02,sinkhorn_cellsim
1.872428e+02,5401,3.23903573702174e-03,3.25154166928524e-02,6.41616023549068e+02,sinkhorn_cellsim
1.879363e+02,5421,3.19429680138611e-03,3.25161383955727e-02,6.41616904825695e+02,sinkhorn_cellsim
1.886297e+02,5441,3.15008975246377e-03,3.25168250935458e-02,6.41617772597634e+02,sinkhorn_cellsim
1.893232e+02,5461,3.10651412806254e-03,3.25174796637924e-02,6.41618627086889e+02,sinkhorn_cellsim
1.900166e+02,5481,3.06332343068885e-03,3.25181066307706e-02,6.41619469258399e+02,sinkhorn_cellsim
1.907101e+02,5501,3.02135922660561e-03,3.25187105779033e-02,6.41620299451004e+02,sinkhorn_cellsim
1.914036e+02,5521,2.98006061154181e-03,3.25192925554360e-02,6.41621117054988e+02,sinkhorn_cellsim
1.920970e+02,5541,2.93936031358107e-03,3.25198543637284e-02,6.41621923202752e+02,sinkhorn_cellsim
1.927905e+02,5561,2.89934427611416e-03,3.25204043122963e-02,6.41622719556027e+02,sinkhorn_cellsim
1.934840e+02,5581,2.86002211674753e-03,3.25209518377687e-02,6.41623505366887e+02,sinkhorn_cellsim
1.941774e+02,5601,2.82141927292225e-03,3.25214965874518e-02,6.41624278785101e+02,sinkhorn_cellsim
1.948709e+02,5621,2.78332648939098e-03,3.25220246847612e-02,6.41625040480235e+02,sinkhorn_cellsim
1.955643e+02,5641,2.74625646296460e-03,3.25225370146896e-02,6.41625792454471e+02,sinkhorn_cellsim
1.962578e+02,5661,2.70995625518244e-03,3.25230443178509e-02,6.41626535381896e+02,sinkhorn_cellsim
1.969513e+02,5681,2.67455639174652e-03,3.25235381002332e-02,6.41627270106730e+02,sinkhorn_cellsim
1.976447e+02,5701,2.64032513923072e-03,3.25240069407478e-02,6.41627998228526e+02,sinkhorn_cellsim
1.983381e+02,5721,2.60770594589232e-03,3.25244569836168e-02,6.41628720603810e+02,sinkhorn_cellsim
1.990316e+02,5741,2.57618368041506e-03,3.25248950264611e-02,6.41629437535043e+02,sinkhorn_cellsim
1.997250e+02,5761,2.54542710652392e-03,3.25253237570012e-02,6.41630149180862e+02,sinkhorn_cellsim
2.004185e+02,5781,2.51524106697665e-03,3.25257440079506e-02,6.41630855643531e+02,sinkhorn_cellsim
2.011119e+02,5801,2.48542976647395e-03,3.25261562060467e-02,6.41631556961351e+02,sinkhorn_cellsim
2.018054e+02,5821,2.45577369765274e-03,3.25265611407506e-02,6.41632253041577e+02,sinkhorn_cellsim
2.024988e+02,5841,2.42604845478191e-03,3.25269606317903e-02,6.41632943518845e+02,sinkhorn_cellsim
2.031923e+02,5861,2.39614970891454e-03,3.25273744826890e-02,6.41633627303766e+02,sinkhorn_cellsim
2.038858e+02,5881,2.36646372719658e-03,3.25289988342791e-02,6.41634272408977e+02,sinkhorn_cellsim
2.045792e+02,5901,2.33707037853486e-03,3.25312992229932e-02,6.41634749759863e+02,sinkhorn_cellsim
2.052727e+02,5921,2.30778262468866e-03,3.25321040816953e-02,6.41635166572448e+02,sinkhorn_cellsim
2.059661e+02,5941,2.28020653087878e-03,3.25328337033361e-02,6.41635561112916e+02,sinkhorn_cellsim
2.066596e+02,5961,2.25411784874186e-03,3.25335803096679e-02,6.41635938906452e+02,sinkhorn_cellsim
2.073530e+02,5981,2.22824085581801e-03,3.25342136156994e-02,6.41636304538142e+02,sinkhorn_cellsim
2.080465e+02,6001,2.20255493047973e-03,3.25347144833424e-02,6.41636661673076e+02,sinkhorn_cellsim
2.087400e+02,6021,2.17711299233365e-03,3.25351327251416e-02,6.41637012211507e+02,sinkhorn_cellsim
2.094334e+02,6041,2.15198473075749e-03,3.25355040179173e-02,6.41637357184682e+02,sinkhorn_cellsim
2.101269e+02,6061,2.12732348195472e-03,3.25358460662829e-02,6.41637697233684e+02,sinkhorn_cellsim
2.108204e+02,6081,2.10317963923560e-03,3.25361681830723e-02,6.41638032684510e+02,sinkhorn_cellsim
2.115139e+02,6101,2.07949756498930e-03,3.25364778745034e-02,6.41638363323238e+02,sinkhorn_cellsim
2.122073e+02,6121,2.05627903022100e-03,3.25367862060910e-02,6.41638687663968e+02,sinkhorn_cellsim
2.129008e+02,6141,2.03345939435070e-03,3.25371043844286e-02,6.41639002337657e+02,sinkhorn_cellsim
2.135942e+02,6161,2.01093645239941e-03,3.25374194253668e-02,6.41639304901282e+02,sinkhorn_cellsim
2.142877e+02,6181,1.98871620176549e-03,3.25377073354752e-02,6.41639596083321e+02,sinkhorn_cellsim
2.149812e+02,6201,1.96690650616189e-03,3.25379602234360e-02,6.41639875956495e+02,sinkhorn_cellsim
2.156746e+02,6221,1.94518708069774e-03,3.25381828683306e-02,6.41640144219589e+02,sinkhorn_cellsim
2.163680e+02,6241,1.92356848675172e-03,3.25383977960853e-02,6.41640402907066e+02,sinkhorn_cellsim
2.170615e+02,6261,1.90202749603057e-03,3.25386255408780e-02,6.41640654384149e+02,sinkhorn_cellsim
2.177550e+02,6281,1.88065480559114e-03,3.25388693613468e-02,6.41640899515171e+02,sinkhorn_cellsim
2.184484e+02,6301,1.85929070736709e-03,3.25391252462845e-02,6.41641137895907e+02,sinkhorn_cellsim
2.191418e+02,6321,1.83792023109315e-03,3.25393922511039e-02,6.41641368970863e+02,sinkhorn_cellsim
2.198353e+02,6341,1.81639913636436e-03,3.25396762505496e-02,6.41641593246704e+02,sinkhorn_cellsim
2.205287e+02,6361,1.79482385900008e-03,3.25399847046047e-02,6.41641811798713e+02,sinkhorn_cellsim
2.212222e+02,6381,1.77341413667070e-03,3.25403211480240e-02,6.41642025235387e+02,sinkhorn_cellsim
2.219156e+02,6401,1.75203338564565e-03,3.25406842224974e-02,6.41642233640376e+02,sinkhorn_cellsim
2.226090e+02,6421,1.73073314334734e-03,3.25410666334300e-02,6.41642436921330e+02,sinkhorn_cellsim
2.233025e+02,6441,1.70968075498359e-03,3.25414553723893e-02,6.41642635099023e+02,sinkhorn_cellsim
2.239959e+02,6461,1.68912945286864e-03,3.25418359956035e-02,6.41642828427971e+02,sinkhorn_cellsim
2.246893e+02,6481,1.66899874064424e-03,3.25421979753028e-02,6.41643017342734e+02,sinkhorn_cellsim
2.253827e+02,6501,1.64924516424043e-03,3.25425366184722e-02,6.41643202332135e+02,sinkhorn_cellsim
2.260762e+02,6521,1.62983718983401e-03,3.25428516480619e-02,6.41643383846749e+02,sinkhorn_cellsim
2.267696e+02,6541,1.61073775342282e-03,3.25431450513780e-02,6.41643562264063e+02,sinkhorn_cellsim
2.274631e+02,6561,1.59196298558920e-03,3.25434195980434e-02,6.41643737889174e+02,sinkhorn_cellsim
2.281565e+02,6581,1.57355861002340e-03,3.25436780821619e-02,6.41643910968227e+02,sinkhorn_cellsim
2.288500e+02,6601,1.55553172110417e-03,3.25439229950728e-02,6.41644081702774e+02,sinkhorn_cellsim
2.295434e+02,6621,1.53780762677513e-03,3.25441564138789e-02,6.41644250261023e+02,sinkhorn_cellsim
2.302369e+02,6641,1.52038340844206e-03,3.25443799965278e-02,6.41644416785535e+02,sinkhorn_cellsim
2.309303e+02,6661,1.50326308516531e-03,3.25445950298783e-02,6.41644581398141e+02,sinkhorn_cellsim
2.316238e+02,6681,1.48642637862997e-03,3.25448025008041e-02,6.41644744202928e+02,sinkhorn_cellsim
2.323173e+02,6701,1.46989955418257e-03,3.25450031716858e-02,6.41644905287995e+02,sinkhorn_cellsim
2.330107e+02,6721,1.45367221912597e-03,3.25451976492296e-02,6.41645064726393e+02,sinkhorn_cellsim
2.337042e+02,6741,1.43772135955065e-03,3.25453864413873e-02,6.41645222576483e+02,sinkhorn_cellsim
2.343976e+02,6761,1.42203547493291e-03,3.25455700010762e-02,6.41645378881832e+02,sinkhorn_cellsim
2.350910e+02,6781,1.40661988048410e-03,3.25457487571051e-02,6.41645533670822e+02,sinkhorn_cellsim
2.357845e+02,6801,1.39148568217587e-03,3.25459231323140e-02,6.41645686956276e+02,sinkhorn_cellsim
2.364779e+02,6821,1.37667989439769e-03,3.25460935471492e-02,6.41645838735856e+02,sinkhorn_cellsim
2.371713e+02,6841,1.36210813356440e-03,3.25462604055692e-02,6.41645988994356e+02,sinkhorn_cellsim
2.378648e+02,6861,1.34775110159525e-03,3.25464240627580e-02,6.41646137709172e+02,sinkhorn_cellsim
2.385582e+02,6881,1.33358251020901e-03,3.25465847833386e-02,6.41646284859214e+02,sinkhorn_cellsim
2.392517e+02,6901,1.31959696403270e-03,3.25467427111548e-02,6.41646430435100e+02,sinkhorn_cellsim
2.399451e+02,6921,1.30581570868299e-03,3.25468978774906e-02,6.41646574445547e+02,sinkhorn_cellsim
2.406385e+02,6941,1.29220242038771e-03,3.25470502774208e-02,6.41646716912344e+02,sinkhorn_cellsim
2.413320e+02,6961,1.27871991291019e-03,3.25472000900240e-02,6.41646857839076e+02,sinkhorn_cellsim
2.420255e+02,6981,1.26515346010929e-03,3.25473483100637e-02,6.41646997106703e+02,sinkhorn_cellsim
2.427190e+02,7001,1.25111949068720e-03,3.25474983264626e-02,6.41647134162195e+02,sinkhorn_cellsim
2.434124e+02,7021,1.23752472421950e-03,3.25476566047159e-02,6.41647267429009e+02,sinkhorn_cellsim
2.441058e+02,7041,1.22375138599735e-03,3.25478216382636e-02,6.41647394777882e+02,sinkhorn_cellsim
2.447993e+02,7061,1.21072129767555e-03,3.25479781709599e-02,6.41647516469851e+02,sinkhorn_cellsim
2.454927e+02,7081,1.19801260537558e-03,3.25481224022548e-02,6.41647634788240e+02,sinkhorn_cellsim
2.461861e+02,7101,1.18544240752158e-03,3.25482586362546e-02,6.41647751195630e+02,sinkhorn_cellsim
2.468796e+02,7121,1.17305122663095e-03,3.25483893276251e-02,6.41647866242591e+02,sinkhorn_cellsim
2.475730e+02,7141,1.16085034236208e-03,3.25485155493678e-02,6.41647980144431e+02,sinkhorn_cellsim
2.482665e+02,7161,1.14895804813526e-03,3.25486379531582e-02,6.41648093009595e+02,sinkhorn_cellsim
2.489599e+02,7181,1.13727862944636e-03,3.25487570109801e-02,6.41648204906084e+02,sinkhorn_cellsim
2.496533e+02,7201,1.12583201187287e-03,3.25488730728681e-02,6.41648315882862e+02,sinkhorn_cellsim
2.503468e+02,7221,1.11458013292176e-03,3.25489863981599e-02,6.41648425978221e+02,sinkhorn_cellsim
2.510402e+02,7241,1.10351853787730e-03,3.25490971804392e-02,6.41648535223642e+02,sinkhorn_cellsim
2.517336e+02,7261,1.09259486416390e-03,3.25492055664965e-02,6.41648643645810e+02,sinkhorn_cellsim
2.524270e+02,7281,1.08180746253326e-03,3.25493116696421e-02,6.41648751267827e+02,sinkhorn_cellsim
2.531205e+02,7301,1.07117394939314e-03,3.25494155786116e-02,6.41648858110015e+02,sinkhorn_cellsim
2.538139e+02,7321,1.06065685795131e-03,3.25495173634819e-02,6.41648964190519e+02,sinkhorn_cellsim
2.545073e+02,7341,1.05024947509691e-03,3.25496170797811e-02,6.41649069525767e+02,sinkhorn_cellsim
2.552008e+02,7361,1.03996980307409e-03,3.25497147716836e-02,6.41649174130829e+02,sinkhorn_cellsim
2.558942e+02,7381,1.02982251846437e-03,3.25498104748547e-02,6.41649278019676e+02,sinkhorn_cellsim
2.565877e+02,7401,1.01981037667318e-03,3.25499042192536e-02,6.41649381205342e+02,sinkhorn_cellsim
2.572811e+02,7421,1.00992206990814e-03,3.25499960319525e-02,6.41649483699998e+02,sinkhorn_cellsim
2.579746e+02,7441,1.00018245518241e-03,3.25500859398995e-02,6.41649585514945e+02,sinkhorn_cellsim
2.586680e+02,7461,9.90570294711649e-04,3.25501739724485e-02,6.41649686660545e+02,sinkhorn_cellsim
2.593614e+02,7481,9.81111368274453e-04,3.25502601634792e-02,6.41649787146109e+02,sinkhorn_cellsim
2.600549e+02,7501,9.71765973506955e-04,3.25503445529606e-02,6.41649886979770e+02,sinkhorn_cellsim
2.607483e+02,7521,9.62557684559077e-04,3.25504271878681e-02,6.41649986168361e+02,sinkhorn_cellsim
2.614417e+02,7541,9.53454114381686e-04,3.25505081224240e-02,6.41650084717313e+02,sinkhorn_cellsim
2.621352e+02,7561,9.44455166642278e-04,3.25505874176579e-02,6.41650182630606e+02,sinkhorn_cellsim
2.628286e+02,7581,9.35601014078918e-04,3.25506651403149e-02,6.41650279910779e+02,sinkhorn_cellsim
2.635220e+02,7601,9.26932382212175e-04,3.25507413611313e-02,6.41650376559017e+02,sinkhorn_cellsim
2.642155e+02,7621,9.18458484343017e-04,3.25508161525075e-02,6.41650472575329e+02,sinkhorn_cellsim
2.649089e+02,7641,9.10115506312451e-04,3.25508895856484e-02,6.41650567958819e+02,sinkhorn_cellsim
2.656024e+02,7661,9.01908427584432e-04,3.25509617273039e-02,6.41650662708059e+02,sinkhorn_cellsim
2.662958e+02,7681,8.93837656292550e-04,3.25510326363650e-02,6.41650756821546e+02,sinkhorn_cellsim
2.669893e+02,7701,8.85895320664844e-04,3.25511023607044e-02,6.41650850298216e+02,sinkhorn_cellsim
2.676827e+02,7721,8.78096247650654e-04,3.25511709347633e-02,6.41650943137992e+02,sinkhorn_cellsim
2.683761e+02,7741,8.70406456432690e-04,3.25512383783909e-02,6.41651035342309e+02,sinkhorn_cellsim
2.690696e+02,7761,8.62811626925333e-04,3.25513046973233e-02,6.41651126914557e+02,sinkhorn_cellsim
2.697630e+02,7781,8.55317119870105e-04,3.25513698853909e-02,6.41651217860414e+02,sinkhorn_cellsim
2.704564e+02,7801,8.47912455780186e-04,3.25514339282019e-02,6.41651308188010e+02,sinkhorn_cellsim
2.711498e+02,7821,8.40596690589670e-04,3.25514968077165e-02,6.41651397907930e+02,sinkhorn_cellsim
2.718433e+02,7841,8.33407868594145e-04,3.25515585069839e-02,6.41651487033068e+02,sinkhorn_cellsim
2.725367e+02,7861,8.26374810653151e-04,3.25516190143248e-02,6.41651575578344e+02,sinkhorn_cellsim
2.732301e+02,7881,8.19454918144169e-04,3.25516783264507e-02,6.41651663560346e+02,sinkhorn_cellsim
2.739236e+02,7901,8.12680692252045e-04,3.25517364502739e-02,6.41651750996930e+02,sinkhorn_cellsim
2.746170e+02,7921,8.06060594057876e-04,3.25517934034061e-02,6.41651837906806e+02,sinkhorn_cellsim
2.753104e+02,7941,7.99532354593128e-04,3.25518492135511e-02,6.41651924309147e+02,sinkhorn_cellsim
2.760039e+02,7961,7.93093626850868e-04,3.25519039170929e-02,6.41652010223229e+02,sinkhorn_cellsim
2.766973e+02,7981,7.86740883993617e-04,3.25519575572316e-02,6.41652095668116e+02,sinkhorn_cellsim
2.773907e+02,8001,7.80471372151563e-04,3.25520101819988e-02,6.41652180662395e+02,sinkhorn_cellsim
2.780842e+02,8021,7.74306821384229e-04,3.25520618424182e-02,6.41652265223969e+02,sinkhorn_cellsim
2.787776e+02,8041,7.68237429484541e-04,3.25521125910035e-02,6.41652349369899e+02,sinkhorn_cellsim
2.794710e+02,8061,7.62267470519354e-04,3.25521624806771e-02,6.41652433116299e+02,sinkhorn_cellsim
2.801645e+02,8081,7.56399955950843e-04,3.25522115641181e-02,6.41652516478278e+02,sinkhorn_cellsim
2.808579e+02,8101,7.50625262161087e-04,3.25522598934781e-02,6.41652599469923e+02,sinkhorn_cellsim
2.815514e+02,8121,7.44939460243419e-04,3.25523075203608e-02,6.41652682104302e+02,sinkhorn_cellsim
2.822448e+02,8141,7.39360661516255e-04,3.25523544959533e-02,6.41652764393498e+02,sinkhorn_cellsim
2.829382e+02,8161,7.33884605058859e-04,3.25524008711965e-02,6.41652846348643e+02,sinkhorn_cellsim
2.836317e+02,8181,7.28524806603664e-04,3.25524466969119e-02,6.41652927979950e+02,sinkhorn_cellsim
2.843251e+02,8201,7.23248150250223e-04,3.25524920238262e-02,6.41653009296748e+02,sinkhorn_cellsim
2.850185e+02,8221,7.18049953602704e-04,3.25525369024751e-02,6.41653090307499e+02,sinkhorn_cellsim
2.857120e+02,8241,7.12933167311466e-04,3.25525813829887e-02,6.41653171019813e+02,sinkhorn_cellsim
2.864054e+02,8261,7.07894090680834e-04,3.25526255147977e-02,6.41653251440450e+02,sinkhorn_cellsim
2.870989e+02,8281,7.02943157233911e-04,3.25526693463028e-02,6.41653331575324e+02,sinkhorn_cellsim
2.877923e+02,8301,6.98102336616065e-04,3.25527129245763e-02,6.41653411429502e+02,sinkhorn_cellsim
2.884857e+02,8321,6.93350019264838e-04,3.25527562951658e-02,6.41653491007214e+02,sinkhorn_cellsim
2.891792e+02,8341,6.88694484518887e-04,3.25527995020815e-02,6.41653570311866e+02,sinkhorn_cellsim
2.898726e+02,8361,6.84179720150598e-04,3.25528425880699e-02,6.41653649346048e+02,sinkhorn_cellsim
2.905661e+02,8381,6.79764048605050e-04,3.25528855952778e-02,6.41653728111552e+02,sinkhorn_cellsim
2.912595e+02,8401,6.75452059413408e-04,3.25529285664389e-02,6.41653806609371e+02,sinkhorn_cellsim
2.919529e+02,8421,6.71233011169120e-04,3.25529715467026e-02,6.41653884839672e+02,sinkhorn_cellsim
2.926463e+02,8441,6.67126877660437e-04,3.25530145861977e-02,6.41653962801733e+02,sinkhorn_cellsim
2.933397e+02,8461,6.63111769872099e-04,3.25530577433355e-02,6.41654040493812e+02,sinkhorn_cellsim
2.940331e+02,8481,6.59178800522531e-04,3.25531010886835e-02,6.41654117912952e+02,sinkhorn_cellsim
2.947266e+02,8501,6.55339327245566e-04,3.25531447089274e-02,6.41654195054690e+02,sinkhorn_cellsim
2.954200e+02,8521,6.51590998140880e-04,3.25531887099577e-02,6.41654271912712e+02,sinkhorn_cellsim
2.961135e+02,8541,6.47911400519046e-04,3.25532332174978e-02,6.41654348478460e+02,sinkhorn_cellsim
2.968069e+02,8561,6.44298148694774e-04,3.25532783730281e-02,6.41654424740808e+02,sinkhorn_cellsim
2.975004e+02,8581,6.40760435967944e-04,3.25533243225591e-02,6.41654500685917e+02,sinkhorn_cellsim
2.981938e+02,8601,6.37287939280021e-04,3.25533711967001e-02,6.41654576297459e+02,sinkhorn_cellsim
2.988872e+02,8621,6.33882331834249e-04,3.25534190832523e-02,6.41654651557362e+02,sinkhorn_cellsim
2.995806e+02,8641,6.30539698804877e-04,3.25534679980207e-02,6.41654726447149e+02,sinkhorn_cellsim
3.002741e+02,8661,6.27258519325902e-04,3.25535178636839e-02,6.41654800949731e+02,sinkhorn_cellsim
3.009675e+02,8681,6.24023584229724e-04,3.25535685067266e-02,6.41654875051331e+02,sinkhorn_cellsim
3.016610e+02,8701,6.20835477057065e-04,3.25536196764770e-02,6.41654948743078e+02,sinkhorn_cellsim
3.023544e+02,8721,6.17704451319624e-04,3.25536710807129e-02,6.41655022021889e+02,sinkhorn_cellsim
3.030478e+02,8741,6.14651435894875e-04,3.25537224255144e-02,6.41655094890506e+02,sinkhorn_cellsim
3.037412e+02,8761,6.11672180715187e-04,3.25537734474096e-02,6.41655167356813e+02,sinkhorn_cellsim
3.044347e+02,8781,6.08757055768586e-04,3.25538239317859e-02,6.41655239432721e+02,sinkhorn_cellsim
3.051282e+02,8801,6.05899494280220e-04,3.25538737180699e-02,6.41655311132927e+02,sinkhorn_cellsim
3.058216e+02,8821,6.03093256508796e-04,3.25539226957961e-02,6.41655382473767e+02,sinkhorn_cellsim
3.065150e+02,8841,6.00335410320116e-04,3.25539707961482e-02,6.41655453472282e+02,sinkhorn_cellsim
3.072085e+02,8861,5.97631295731727e-04,3.25540179823601e-02,6.41655524145526e+02,sinkhorn_cellsim
3.079019e+02,8881,5.94981748895596e-04,3.25540642408920e-02,6.41655594510101e+02,sinkhorn_cellsim
3.085953e+02,8901,5.92378718772340e-04,3.25541095741745e-02,6.41655664581869e+02,sinkhorn_cellsim
3.092888e+02,8921,5.89816066138322e-04,3.25541539950685e-02,6.41655734375790e+02,sinkhorn_cellsim
3.099822e+02,8941,5.87282608174653e-04,3.25541975228677e-02,6.41655803905862e+02,sinkhorn_cellsim
3.106756e+02,8961,5.84783499439476e-04,3.25542401805724e-02,6.41655873185102e+02,sinkhorn_cellsim
3.113690e+02,8981,5.82334440090886e-04,3.25542819931454e-02,6.41655942225565e+02,sinkhorn_cellsim
3.120625e+02,9001,5.79914283744360e-04,3.25543229865029e-02,6.41656011038378e+02,sinkhorn_cellsim
3.127559e+02,9021,5.77514593099515e-04,3.25543631870445e-02,6.41656079633766e+02,sinkhorn_cellsim
3.134494e+02,9041,5.75143148265855e-04,3.25544026215655e-02,6.41656148021082e+02,sinkhorn_cellsim
3.141429e+02,9061,5.72797530899878e-04,3.25544413174637e-02,6.41656216208817e+02,sinkhorn_cellsim
3.148364e+02,9081,5.70496386149345e-04,3.25544793031751e-02,6.41656284204592e+02,sinkhorn_cellsim
3.155298e+02,9101,5.68232612961759e-04,3.25545166088234e-02,6.41656352015139e+02,sinkhorn_cellsim
3.162232e+02,9121,5.65990769522326e-04,3.25545532670974e-02,6.41656419646236e+02,sinkhorn_cellsim
3.169167e+02,9141,5.63763673225634e-04,3.25545893143909e-02,6.41656487102625e+02,sinkhorn_cellsim
3.176101e+02,9161,5.61564875931420e-04,3.25546247922669e-02,6.41656554387880e+02,sinkhorn_cellsim
3.183035e+02,9181,5.59388968481843e-04,3.25546597492947e-02,6.41656621504218e+02,sinkhorn_cellsim
3.189970e+02,9201,5.57219127512629e-04,3.25546942432982e-02,6.41656688452264e+02,sinkhorn_cellsim
3.196904e+02,9221,5.55052962056966e-04,3.25547283439648e-02,6.41656755230744e+02,sinkhorn_cellsim
3.203838e+02,9241,5.52893842581523e-04,3.25547621356221e-02,6.41656821836132e+02,sinkhorn_cellsim
3.210772e+02,9261,5.50726919400658e-04,3.25547957197204e-02,6.41656888262267e+02,sinkhorn_cellsim
3.217707e+02,9281,5.48540441247447e-04,3.25548292161507e-02,6.41656954500021e+02,sinkhorn_cellsim
3.224641e+02,9301,5.46319059752451e-04,3.25548627620355e-02,6.41657020537117e+02,sinkhorn_cellsim
3.231576e+02,9321,5.44089082290616e-04,3.25548965061938e-02,6.41657086358257e+02,sinkhorn_cellsim
3.238510e+02,9341,5.41863042343807e-04,3.25549305975467e-02,6.41657151945747e+02,sinkhorn_cellsim
3.245444e+02,9361,5.39684669480540e-04,3.25549651667965e-02,6.41657217280728e+02,sinkhorn_cellsim
3.252379e+02,9381,5.37555526091471e-04,3.25550003032073e-02,6.41657282345001e+02,sinkhorn_cellsim
3.259313e+02,9401,5.35450869629252e-04,3.25550360316281e-02,6.41657347123150e+02,sinkhorn_cellsim
3.266247e+02,9421,5.33376988866861e-04,3.25550722972572e-02,6.41657411604517e+02,sinkhorn_cellsim
3.273181e+02,9441,5.31330039880120e-04,3.25551089647194e-02,6.41657475784508e+02,sinkhorn_cellsim
3.280116e+02,9461,5.29381477303711e-04,3.25551458333071e-02,6.41657539664953e+02,sinkhorn_cellsim
3.287050e+02,9481,5.27442365728971e-04,3.25551826641052e-02,6.41657603253545e+02,sinkhorn_cellsim
3.293985e+02,9501,5.25501624559441e-04,3.25552192108732e-02,6.41657666562641e+02,sinkhorn_cellsim
3.300919e+02,9521,5.23569817647051e-04,3.25552552468230e-02,6.41657729607771e+02,sinkhorn_cellsim
3.307853e+02,9541,5.21677376571600e-04,3.25552905826609e-02,6.41657792406160e+02,sinkhorn_cellsim
3.314788e+02,9561,5.19836078340005e-04,3.25553250750525e-02,6.41657854975457e+02,sinkhorn_cellsim
3.321722e+02,9581,5.18029606993097e-04,3.25553586272369e-02,6.41657917332743e+02,sinkhorn_cellsim
3.328656e+02,9601,5.16244582359977e-04,3.25553911845111e-02,6.41657979493849e+02,sinkhorn_cellsim
3.335591e+02,9621,5.14525805495019e-04,3.25554227271336e-02,6.41658041472947e+02,sinkhorn_cellsim
3.342525e+02,9641,5.12909786051929e-04,3.25554532625324e-02,6.41658103282349e+02,sinkhorn_cellsim
3.349460e+02,9661,5.11372987273759e-04,3.25554828179727e-02,6.41658164932465e+02,sinkhorn_cellsim
3.356394e+02,9681,5.09904569772085e-04,3.25555114342589e-02,6.41658226431856e+02,sinkhorn_cellsim
3.363328e+02,9701,5.08458208776238e-04,3.25555391606572e-02,6.41658287787351e+02,sinkhorn_cellsim
3.370262e+02,9721,5.07031709917846e-04,3.25555660510003e-02,6.41658349004179e+02,sinkhorn_cellsim
3.377197e+02,9741,5.05618876101792e-04,3.25555921608114e-02,6.41658410086117e+02,sinkhorn_cellsim
3.384131e+02,9761,5.04219644273092e-04,3.25556175452580e-02,6.41658471035631e+02,sinkhorn_cellsim
3.391066e+02,9781,5.02841536585702e-04,3.25556422577256e-02,6.41658531854006e+02,sinkhorn_cellsim
3.398000e+02,9801,5.01493302811937e-04,3.25556663488550e-02,6.41658592541471e+02,sinkhorn_cellsim
3.404934e+02,9821,5.00164435700477e-04,3.25556898660013e-02,6.41658653097318e+02,sinkhorn_cellsim
3.411868e+02,9841,4.98855643170743e-04,3.25557128540550e-02,6.41658713519993e+02,sinkhorn_cellsim
3.418803e+02,9861,4.97562951249398e-04,3.25557353675730e-02,6.41658773806973e+02,sinkhorn_cellsim
3.425737e+02,9881,4.96279736024945e-04,3.25557575898992e-02,6.41658833952476e+02,sinkhorn_cellsim
3.432671e+02,9901,4.95004207241028e-04,3.25557809707087e-02,6.41658893924506e+02,sinkhorn_cellsim
3.439605e+02,9921,4.93733106863608e-04,3.25558188155099e-02,6.41658953448039e+02,sinkhorn_cellsim
3.446540e+02,9941,4.92466383205570e-04,3.25559757321598e-02,6.41659010231906e+02,sinkhorn_cellsim
3.453474e+02,9961,4.91202431501521e-04,3.25565028267501e-02,6.41659054750432e+02,sinkhorn_cellsim
3.460409e+02,9981,4.89938869535599e-04,3.25568782268516e-02,6.41659086066224e+02,sinkhorn_cellsim
3.467343e+02,10001,4.88678516363346e-04,3.25569570856261e-02,6.41659114695510e+02,sinkhorn_cellsim
3.474277e+02,10021,4.87421876349493e-04,3.25569766719538e-02,6.41659142819695e+02,sinkhorn_cellsim
3.481211e+02,10041,4.86162894205218e-04,3.25569909904320e-02,6.41659170644748e+02,sinkhorn_cellsim
3.488146e+02,10061,4.84901866499632e-04,3.25570063163824e-02,6.41659198224729e+02,sinkhorn_cellsim
3.495080e+02,10081,4.83640108381049e-04,3.25570226305393e-02,6.41659225583048e+02,sinkhorn_cellsim
3.502015e+02,10101,4.82378287945370e-04,3.25570394426428e-02,6.41659252732739e+02,sinkhorn_cellsim
3.508949e+02,10121,4.81120609541706e-04,3.25570564141548e-02,6.41659279682774e+02,sinkhorn_cellsim
3.515884e+02,10141,4.79863378618808e-04,3.25570733486018e-02,6.41659306440315e+02,sinkhorn_cellsim
3.522818e+02,10161,4.78614393155039e-04,3.25570901379540e-02,6.41659333011601e+02,sinkhorn_cellsim
3.529753e+02,10181,4.77376046653370e-04,3.25571067259981e-02,6.41659359402343e+02,sinkhorn_cellsim
3.536687e+02,10201,4.76144409176054e-04,3.25571230867432e-02,6.41659385617905e+02,sinkhorn_cellsim
3.543622e+02,10221,4.74923703247494e-04,3.25571392119231e-02,6.41659411663409e+02,sinkhorn_cellsim
3.550556e+02,10241,4.73708203387327e-04,3.25571551036677e-02,6.41659437543779e+02,sinkhorn_cellsim
3.557490e+02,10261,4.72502202805722e-04,3.25571707700964e-02,6.41659463263769e+02,sinkhorn_cellsim
3.564424e+02,10281,4.71305217921389e-04,3.25571862225879e-02,6.41659488827970e+02,sinkhorn_cellsim
3.571358e+02,10301,4.70112778139674e-04,3.25572014740435e-02,6.41659514240815e+02,sinkhorn_cellsim
3.578293e+02,10321,4.68926420465140e-04,3.25572165377675e-02,6.41659539506575e+02,sinkhorn_cellsim
3.585227e+02,10341,4.67755447691743e-04,3.25572314267441e-02,6.41659564629359e+02,sinkhorn_cellsim
3.592161e+02,10361,4.66601751195324e-04,3.25572461531930e-02,6.41659589613114e+02,sinkhorn_cellsim
3.599096e+02,10381,4.65459482095501e-04,3.25572607283185e-02,6.41659614461621e+02,sinkhorn_cellsim
3.606030e+02,10401,4.64332039265917e-04,3.25572751622015e-02,6.41659639178498e+02,sinkhorn_cellsim
3.612964e+02,10421,4.63221199520426e-04,3.25572894637912e-02,6.41659663767206e+02,sinkhorn_cellsim
3.619899e+02,10441,4.62126381534414e-04,3.25573036409708e-02,6.41659688231051e+02,sinkhorn_cellsim
3.626833e+02,10461,4.61045543248943e-04,3.25573177006647e-02,6.41659712573191e+02,sinkhorn_cellsim
3.633768e+02,10481,4.59980653797106e-04,3.25573316489707e-02,6.41659736796644e+02,sinkhorn_cellsim
3.640702e+02,10501,4.58943767056326e-04,3.25573454913023e-02,6.41659760904297e+02,sinkhorn_cellsim
3.647636e+02,10521,4.57923174907580e-04,3.25573592325246e-02,6.41659784898913e+02,sinkhorn_cellsim
3.654571e+02,10541,4.56912226215763e-04,3.25573728770759e-02,6.41659808783137e+02,sinkhorn_cellsim
3.661505e+02,10561,4.55911429984674e-04,3.25573864290748e-02,6.41659832559511e+02,sinkhorn_cellsim
3.668439e+02,10581,4.54921385821675e-04,3.25573998924011e-02,6.41659856230475e+02,sinkhorn_cellsim
3.675374e+02,10601,4.53995827599715e-04,3.25574132707567e-02,6.41659879798380e+02,sinkhorn_cellsim
3.682308e+02,10621,4.53103931444912e-04,3.25574265677065e-02,6.41659903265490e+02,sinkhorn_cellsim
3.689242e+02,10641,4.52217746622424e-04,3.25574397866992e-02,6.41659926633993e+02,sinkhorn_cellsim
3.696177e+02,10661,4.51335798255396e-04,3.25574529310740e-02,6.41659949906005e+02,sinkhorn_cellsim
3.703111e+02,10681,4.50464177144265e-04,3.25574660040573e-02,6.41659973083575e+02,sinkhorn_cellsim
3.710046e+02,10701,4.49605055906841e-04,3.25574790087474e-02,6.41659996168691e+02,sinkhorn_cellsim
3.716980e+02,10721,4.48751667496360e-04,3.25574919481006e-02,6.41660019163285e+02,sinkhorn_cellsim
3.723914e+02,10741,4.47905087008514e-04,3.25575048249103e-02,6.41660042069236e+02,sinkhorn_cellsim
3.730849e+02,10761,4.47063646817691e-04,3.25575176417911e-02,6.41660064888373e+02,sinkhorn_cellsim
3.737783e+02,10781,4.46240978663466e-04,3.25575304011647e-02,6.41660087622479e+02,sinkhorn_cellsim
3.744717e+02,10801,4.45428339078876e-04,3.25575431052482e-02,6.41660110273294e+02,sinkhorn_cellsim
3.751652e+02,10821,4.44621156594271e-04,3.25575557560498e-02,6.41660132842515e+02,sinkhorn_cellsim
3.758586e+02,10841,4.43821162112369e-04,3.25575683553668e-02,6.41660155331800e+02,sinkhorn_cellsim
3.765521e+02,10861,4.43031624233305e-04,3.25575809047915e-02,6.41660177742766e+02,sinkhorn_cellsim
3.772456e+02,10881,4.42250146316583e-04,3.25575934057193e-02,6.41660200076994e+02,sinkhorn_cellsim
3.779390e+02,10901,4.41477270343495e-04,3.25576058593613e-02,6.41660222336026e+02,sinkhorn_cellsim
3.786324e+02,10921,4.40711970899754e-04,3.25576182667615e-02,6.41660244521364e+02,sinkhorn_cellsim
3.793259e+02,10941,4.39954616109877e-04,3.25576306288120e-02,6.41660266634477e+02,sinkhorn_cellsim
3.800193e+02,10961,4.39204584761644e-04,3.25576429462732e-02,6.41660288676793e+02,sinkhorn_cellsim
3.807127e+02,10981,4.38479252963343e-04,3.25576552197889e-02,6.41660310649704e+02,sinkhorn_cellsim
3.814062e+02,11001,4.37772177475185e-04,3.25576674499000e-02,6.41660332554564e+02,sinkhorn_cellsim
3.820996e+02,11021,4.37077462784473e-04,3.25576796370560e-02,6.41660354392692e+02,sinkhorn_cellsim
3.827930e+02,11041,4.36391110827549e-04,3.25576917816161e-02,6.41660376165365e+02,sinkhorn_cellsim
3.834864e+02,11061,4.35710803908868e-04,3.25577038838466e-02,6.41660397873828e+02,sinkhorn_cellsim
3.841799e+02,11081,4.35035585183118e-04,3.25577159439076e-02,6.41660419519285e+02,sinkhorn_cellsim
3.848733e+02,11101,4.34361087589227e-04,3.25577279618316e-02,6.41660441102904e+02,sinkhorn_cellsim
3.855667e+02,11121,4.33687236495616e-04,3.25577399374916e-02,6.41660462625816e+02,sinkhorn_cellsim
3.862602e+02,11141,4.33014020365127e-04,3.25577518705611e-02,6.41660484089112e+02,sinkhorn_cellsim
3.869536e+02,11161,4.32343004088190e-04,3.25577637604653e-02,6.41660505493848e+02,sinkhorn_cellsim
3.876470e+02,11181,4.31678141226142e-04,3.25577756063276e-02,6.41660526841039e+02,sinkhorn_cellsim
3.883405e+02,11201,4.31016227903759e-04,3.25577874069121e-02,6.41660548131662e+02,sinkhorn_cellsim
3.890339e+02,11221,4.30358368993583e-04,3.25577991605669e-02,6.41660569366652e+02,sinkhorn_cellsim
3.897274e+02,11241,4.29703101178895e-04,3.25578108651671e-02,6.41660590546903e+02,sinkhorn_cellsim
3.904209e+02,11261,4.29048193085741e-04,3.25578225180698e-02,6.41660611673266e+02,sinkhorn_cellsim
3.911143e+02,11281,4.28393519724873e-04,3.25578341160752e-02,6.41660632746545e+02,sinkhorn_cellsim
3.918077e+02,11301,4.27738757789412e-04,3.25578456554036e-02,6.41660653767500e+02,sinkhorn_cellsim
3.925011e+02,11321,4.27083985456366e-04,3.25578571316858e-02,6.41660674736838e+02,sinkhorn_cellsim
3.931946e+02,11341,4.26429567864198e-04,3.25578685399729e-02,6.41660695655218e+02,sinkhorn_cellsim
3.938880e+02,11361,4.25782308160065e-04,3.25578798747637e-02,6.41660716523243e+02,sinkhorn_cellsim
3.945814e+02,11381,4.25137336569022e-04,3.25578911300511e-02,6.41660737341458e+02,sinkhorn_cellsim
3.952749e+02,11401,4.24491563808543e-04,3.25579022993840e-02,6.41660758110351e+02,sinkhorn_cellsim
3.959683e+02,11421,4.23844413342300e-04,3.25579133759474e-02,6.41660778830348e+02,sinkhorn_cellsim
3.966617e+02,11441,4.23197289419184e-04,3.25579243526503e-02,6.41660799501810e+02,sinkhorn_cellsim
3.973552e+02,11461,4.22550123218165e-04,3.25579352222284e-02,6.41660820125036e+02,sinkhorn_cellsim
3.980486e+02,11481,4.21901942202852e-04,3.25579459773481e-02,6.41660840700256e+02,sinkhorn_cellsim
3.987420e+02,11501,4.21252161028124e-04,3.25579566107154e-02,6.41660861227638e+02,sinkhorn_cellsim
3.994354e+02,11521,4.20598426517334e-04,3.25579671151817e-02,6.41660881707283e+02,sinkhorn_cellsim
4.001289e+02,11541,4.19945629617114e-04,3.25579774838466e-02,6.41660902139232e+02,sinkhorn_cellsim
4.008223e+02,11561,4.19292696607091e-04,3.25579877101516e-02,6.41660922523466e+02,sinkhorn_cellsim
4.015157e+02,11581,4.18634562384668e-04,3.25579977879659e-02,6.41660942859914e+02,sinkhorn_cellsim
4.022092e+02,11601,4.17971216255892e-04,3.25580077116602e-02,6.41660963148457e+02,sinkhorn_cellsim
4.029026e+02,11621,4.17302322767082e-04,3.25580174761680e-02,6.41660983388937e+02,sinkhorn_cellsim
4.035961e+02,11641,4.16628299441839e-04,3.25580270770353e-02,6.41661003581166e+02,sinkhorn_cellsim
4.042895e+02,11661,4.15948574233868e-04,3.25580365104577e-02,6.41661023724939e+02,sinkhorn_cellsim
4.049830e+02,11681,4.15263415612322e-04,3.25580457733052e-02,6.41661043820040e+02,sinkhorn_cellsim
4.056764e+02,11701,4.14572793962145e-04,3.25580548631359e-02,6.41661063866259e+02,sinkhorn_cellsim
4.063698e+02,11721,4.13874937019610e-04,3.25580637782033e-02,6.41661083863405e+02,sinkhorn_cellsim
4.070633e+02,11741,4.13173892475934e-04,3.25580725174512e-02,6.41661103811317e+02,sinkhorn_cellsim
4.077567e+02,11761,4.12466228004569e-04,3.25580810805048e-02,6.41661123709880e+02,sinkhorn_cellsim
4.084501e+02,11781,4.11760985795429e-04,3.25580894676565e-02,6.41661143559034e+02,sinkhorn_cellsim
4.091436e+02,11801,4.11056253756141e-04,3.25580976798462e-02,6.41661163358792e+02,sinkhorn_cellsim
4.098370e+02,11821,4.10350604956330e-04,3.25581057186396e-02,6.41661183109244e+02,sinkhorn_cellsim
4.105305e+02,11841,4.09642403875267e-04,3.25581135862029e-02,6.41661202810573e+02,sinkhorn_cellsim
4.112239e+02,11861,4.08927006203889e-04,3.25581212852747e-02,6.41661222463055e+02,sinkhorn_cellsim
4.119174e+02,11881,4.08204663906314e-04,3.25581288191361e-02,6.41661242067071e+02,sinkhorn_cellsim
4.126108e+02,11901,4.07477908778859e-04,3.25581361915753e-02,6.41661261623103e+02,sinkhorn_cellsim
4.133043e+02,11921,4.06749224220512e-04,3.25581434068492e-02,6.41661281131739e+02,sinkhorn_cellsim
4.139977e+02,11941,4.06016652066804e-04,3.25581504696411e-02,6.41661300593667e+02,sinkhorn_cellsim
4.146911e+02,11961,4.05286728356190e-04,3.25581573850119e-02,6.41661320009669e+02,sinkhorn_cellsim
4.153846e+02,11981,4.04561709818111e-04,3.25581641583458e-02,6.41661339380615e+02,sinkhorn_cellsim
4.160780e+02,12001,4.03835503954070e-04,3.25581707952911e-02,6.41661358707452e+02,sinkhorn_cellsim
4.167715e+02,12021,4.03109672240641e-04,3.25581773016954e-02,6.41661377991191e+02,sinkhorn_cellsim
4.174649e+02,12041,4.02385241483942e-04,3.25581836835371e-02,6.41661397232891e+02,sinkhorn_cellsim
4.181583e+02,12061,4.01665004985464e-04,3.25581899468546e-02,6.41661416433648e+02,sinkhorn_cellsim
4.188518e+02,12081,4.00950244341778e-04,3.25581960976742e-02,6.41661435594578e+02,sinkhorn_cellsim
4.195452e+02,12101,4.00238890302159e-04,3.25582021419374e-02,6.41661454716801e+02,sinkhorn_cellsim
4.202387e+02,12121,3.99532643856244e-04,3.25582080854344e-02,6.41661473801424e+02,sinkhorn_cellsim
4.209321e+02,12141,3.98834880598112e-04,3.25582139337395e-02,6.41661492849534e+02,sinkhorn_cellsim
4.216255e+02,12161,3.98144478848983e-04,3.25582196921549e-02,6.41661511862175e+02,sinkhorn_cellsim
4.223190e+02,12181,3.97462890717164e-04,3.25582253656603e-02,6.41661530840348e+02,sinkhorn_cellsim
4.230124e+02,12201,3.96790196565171e-04,3.25582309588740e-02,6.41661549784993e+02,sinkhorn_cellsim
4.237058e+02,12221,3.96125647379507e-04,3.25582364760220e-02,6.41661568696984e+02,sinkhorn_cellsim
4.243993e+02,12241,3.95468851662780e-04,3.25582419209181e-02,6.41661587577128e+02,sinkhorn_cellsim
4.250927e+02,12261,3.94824566293393e-04,3.25582472969528e-02,6.41661606426155e+02,sinkhorn_cellsim
4.257862e+02,12281,3.94198371336538e-04,3.25582526070931e-02,6.41661625244720e+02,sinkhorn_cellsim
4.264796e+02,12301,3.93581185708135e-04,3.25582578538890e-02,6.41661644033403e+02,sinkhorn_cellsim
4.271731e+02,12321,3.92973692313547e-04,3.25582630394907e-02,6.41661662792709e+02,sinkhorn_cellsim
4.278665e+02,12341,3.92374403813139e-04,3.25582681656704e-02,6.41661681523070e+02,sinkhorn_cellsim
4.285599e+02,12361,3.91784449685632e-04,3.25582732338530e-02,6.41661700224854e+02,sinkhorn_cellsim
4.292534e+02,12381,3.91202921869487e-04,3.25582782451466e-02,6.41661718898361e+02,sinkhorn_cellsim
4.299468e+02,12401,3.90631532574759e-04,3.25582832003857e-02,6.41661737543837e+02,sinkhorn_cellsim
4.306402e+02,12421,3.90070914391873e-04,3.25582881001668e-02,6.41661756161475e+02,sinkhorn_cellsim
4.313337e+02,12441,3.89520992104147e-04,3.25582929448959e-02,6.41661774751424e+02,sinkhorn_cellsim
4.320271e+02,12461,3.88979334013895e-04,3.25582977348307e-02,6.41661793313790e+02,sinkhorn_cellsim
4.327205e+02,12481,3.88450464026326e-04,3.25583024701247e-02,6.41661811848650e+02,sinkhorn_cellsim
4.334140e+02,12501,3.87934111552680e-04,3.25583071508721e-02,6.41661830356053e+02,sinkhorn_cellsim
4.341075e+02,12521,3.87429547961325e-04,3.25583117771490e-02,6.41661848836026e+02,sinkhorn_cellsim
4.348010e+02,12541,3.86932546342598e-04,3.25583163490532e-02,6.41661867288583e+02,sinkhorn_cellsim
4.354944e+02,12561,3.86440503549128e-04,3.25583208667401e-02,6.41661885713728e+02,sinkhorn_cellsim
4.361879e+02,12581,3.85952014017625e-04,3.25583253304551e-02,6.41661904111458e+02,sinkhorn_cellsim
4.368813e+02,12601,3.85467444150007e-04,3.25583297405597e-02,6.41661922481771e+02,sinkhorn_cellsim
4.375747e+02,12621,3.84984301211914e-04,3.25583340975542e-02,6.41661940824666e+02,sinkhorn_cellsim
4.382682e+02,12641,3.84502435776501e-04,3.25583384020922e-02,6.41661959140148e+02,sinkhorn_cellsim
4.389616e+02,12661,3.84027525845561e-04,3.25583426549896e-02,6.41661977428230e+02,sinkhorn_cellsim
4.396550e+02,12681,3.83558792776752e-04,3.25583468572277e-02,6.41661995688934e+02,sinkhorn_cellsim
4.403485e+02,12701,3.83096660193592e-04,3.25583510099481e-02,6.41662013922292e+02,sinkhorn_cellsim
4.410419e+02,12721,3.82639111425914e-04,3.25583551144422e-02,6.41662032128347e+02,sinkhorn_cellsim
4.417353e+02,12741,3.82180230524427e-04,3.25583591721342e-02,6.41662050307152e+02,sinkhorn_cellsim
4.424288e+02,12761,3.81720847866141e-04,3.25583631845596e-02,6.41662068458769e+02,sinkhorn_cellsim
4.431222e+02,12781,3.81263436792551e-04,3.25583671533379e-02,6.41662086583268e+02,sinkhorn_cellsim
4.438157e+02,12801,3.80808766991491e-04,3.25583710801429e-02,6.41662104680726e+02,sinkhorn_cellsim
4.445091e+02,12821,3.80353296670939e-04,3.25583749666701e-02,6.41662122751222e+02,sinkhorn_cellsim
4.452026e+02,12841,3.79895348703005e-04,3.25583788146044e-02,6.41662140794836e+02,sinkhorn_cellsim
4.458960e+02,12861,3.79434263177258e-04,3.25583826255847e-02,6.41662158811650e+02,sinkhorn_cellsim
4.465895e+02,12881,3.78969990863178e-04,3.25583864011745e-02,6.41662176801737e+02,sinkhorn_cellsim
4.472829e+02,12901,3.78506491649601e-04,3.25583901428316e-02,6.41662194765167e+02,sinkhorn_cellsim
4.479763e+02,12921,3.78047288377011e-04,3.25583938518827e-02,6.41662212701998e+02,sinkhorn_cellsim
4.486698e+02,12941,3.77590939877157e-04,3.25583975295039e-02,6.41662230612277e+02,sinkhorn_cellsim
4.493632e+02,12961,3.77138031622747e-04,3.25584011767031e-02,6.41662248496039e+02,sinkhorn_cellsim
4.500566e+02,12981,3.76685673374612e-04,3.25584047943125e-02,6.41662266353301e+02,sinkhorn_cellsim
4.507501e+02,13001,3.76230154285795e-04,3.25584083829819e-02,6.41662284184069e+02,sinkhorn_cellsim
4.514435e+02,13021,3.75770279854816e-04,3.25584119431826e-02,6.41662301988329e+02,sinkhorn_cellsim
4.521370e+02,13041,3.75306255589769e-04,3.25584154752128e-02,6.41662319766053e+02,sinkhorn_cellsim
4.528304e+02,13061,3.74841029674510e-04,3.25584189792111e-02,6.41662337517200e+02,sinkhorn_cellsim
4.535238e+02,13081,3.74373001110198e-04,3.25584224551729e-02,6.41662355241713e+02,sinkhorn_cellsim
4.542173e+02,13101,3.73902737938803e-04,3.25584259029712e-02,6.41662372939528e+02,sinkhorn_cellsim
4.549107e+02,13121,3.73430452487079e-04,3.25584293223816e-02,6.41662390610571e+02,sinkhorn_cellsim
4.556041e+02,13141,3.72957012392036e-04,3.25584327131059e-02,6.41662408254765e+02,sinkhorn_cellsim
4.562975e+02,13161,3.72485562485787e-04,3.25584360748025e-02,6.41662425872030e+02,sinkhorn_cellsim
4.570028e+02,13181,3.72016798206587e-04,3.25584394071126e-02,6.41662443462293e+02,sinkhorn_cellsim
4.576963e+02,13201,3.71550801636558e-04,3.25584427096882e-02,6.41662461025484e+02,sinkhorn_cellsim
4.583898e+02,13221,3.71086216346678e-04,3.25584459822179e-02,6.41662478561549e+02,sinkhorn_cellsim
4.590832e+02,13241,3.70629362025458e-04,3.25584492244512e-02,6.41662496070447e+02,sinkhorn_cellsim
4.597767e+02,13261,3.70170879802727e-04,3.25584524362198e-02,6.41662513552160e+02,sinkhorn_cellsim
4.604701e+02,13281,3.69711240188089e-04,3.25584556174550e-02,6.41662531006694e+02,sinkhorn_cellsim
4.611636e+02,13301,3.69249628347045e-04,3.25584587682002e-02,6.41662548434082e+02,sinkhorn_cellsim
4.618569e+02,13321,3.68787127776116e-04,3.25584618886231e-02,6.41662565834389e+02,sinkhorn_cellsim
4.625504e+02,13341,3.68322990531401e-04,3.25584649790162e-02,6.41662583207715e+02,sinkhorn_cellsim
4.632438e+02,13361,3.67857415562457e-04,3.25584680397996e-02,6.41662600554192e+02,sinkhorn_cellsim
4.639372e+02,13381,3.67390916859459e-04,3.25584710715152e-02,6.41662617873990e+02,sinkhorn_cellsim
4.646306e+02,13401,3.66923797144710e-04,3.25584740748168e-02,6.41662635167314e+02,sinkhorn_cellsim
4.653241e+02,13421,3.66455740489209e-04,3.25584770504574e-02,6.41662652434400e+02,sinkhorn_cellsim
4.660175e+02,13441,3.65987515526436e-04,3.25584799992723e-02,6.41662669675516e+02,sinkhorn_cellsim
4.667109e+02,13461,3.65518644199514e-04,3.25584829221600e-02,6.41662686890959e+02,sinkhorn_cellsim
4.674043e+02,13481,3.65054157051097e-04,3.25584858200596e-02,6.41662704081047e+02,sinkhorn_cellsim
4.680977e+02,13501,3.64589054110892e-04,3.25584886939289e-02,6.41662721246114e+02,sinkhorn_cellsim
4.687912e+02,13521,3.64123451810905e-04,3.25584915447212e-02,6.41662738386508e+02,sinkhorn_cellsim
4.694846e+02,13541,3.63657791298850e-04,3.25584943733607e-02,6.41662755502581e+02,sinkhorn_cellsim
4.701780e+02,13561,3.63192540317296e-04,3.25584971807218e-02,6.41662772594686e+02,sinkhorn_cellsim
4.708715e+02,13581,3.62729882535836e-04,3.25584999676060e-02,6.41662789663168e+02,sinkhorn_cellsim
4.715649e+02,13601,3.62272947032890e-04,3.25585027347235e-02,6.41662806708361e+02,sinkhorn_cellsim
4.722583e+02,13621,3.61822319834440e-04,3.25585054826751e-02,6.41662823730583e+02,sinkhorn_cellsim
4.729518e+02,13641,3.61375587653215e-04,3.25585082119342e-02,6.41662840730131e+02,sinkhorn_cellsim
4.736453e+02,13661,3.60934253152084e-04,3.25585109228352e-02,6.41662857707278e+02,sinkhorn_cellsim
4.743387e+02,13681,3.60495082842732e-04,3.25585136155595e-02,6.41662874662272e+02,sinkhorn_cellsim
4.750321e+02,13701,3.60057174628829e-04,3.25585162901252e-02,6.41662891595334e+02,sinkhorn_cellsim
4.757255e+02,13721,3.59624294520242e-04,3.25585189463801e-02,6.41662908506659e+02,sinkhorn_cellsim
4.764190e+02,13741,3.59195584233507e-04,3.25585215839940e-02,6.41662925396413e+02,sinkhorn_cellsim
4.771124e+02,13761,3.58773998258809e-04,3.25585242024552e-02,6.41662942264742e+02,sinkhorn_cellsim
4.778058e+02,13781,3.58361857143711e-04,3.25585268010707e-02,6.41662959111766e+02,sinkhorn_cellsim
4.784992e+02,13801,3.57950648435251e-04,3.25585293789651e-02,6.41662975937586e+02,sinkhorn_cellsim
4.791926e+02,13821,3.57540882610423e-04,3.25585319350875e-02,6.41662992742287e+02,sinkhorn_cellsim
4.798861e+02,13841,3.57133853659249e-04,3.25585344682193e-02,6.41663009525940e+02,sinkhorn_cellsim
4.805795e+02,13861,3.56728508136942e-04,3.25585369769867e-02,6.41663026288607e+02,sinkhorn_cellsim
4.812729e+02,13881,3.56329574381392e-04,3.25585394598773e-02,6.41663043030340e+02,sinkhorn_cellsim
4.819664e+02,13901,3.55931888634913e-04,3.25585419152608e-02,6.41663059751192e+02,sinkhorn_cellsim
4.826598e+02,13921,3.55536941120250e-04,3.25585443414166e-02,6.41663076451212e+02,sinkhorn_cellsim
4.833532e+02,13941,3.55143718408046e-04,3.25585467365612e-02,6.41663093130451e+02,sinkhorn_cellsim
4.840467e+02,13961,3.54752999298317e-04,3.25585490988835e-02,6.41663109788968e+02,sinkhorn_cellsim
4.847401e+02,13981,3.54369605491298e-04,3.25585514265834e-02,6.41663126426826e+02,sinkhorn_cellsim
4.854335e+02,14001,3.53995055848593e-04,3.25585537179105e-02,6.41663143044100e+02,sinkhorn_cellsim
4.861269e+02,14021,3.53622415346273e-04,3.25585559712056e-02,6.41663159640874e+02,sinkhorn_cellsim
4.868204e+02,14041,3.53252406162507e-04,3.25585581849453e-02,6.41663176217249e+02,sinkhorn_cellsim
4.875138e+02,14061,3.52884066859258e-04,3.25585603577808e-02,6.41663192773337e+02,sinkhorn_cellsim
4.882072e+02,14081,3.52513836003158e-04,3.25585624885771e-02,6.41663209309268e+02,sinkhorn_cellsim
4.889006e+02,14101,3.52141778094150e-04,3.25585645764490e-02,6.41663225825189e+02,sinkhorn_cellsim
4.895940e+02,14121,3.51774149796588e-04,3.25585666207881e-02,6.41663242321264e+02,sinkhorn_cellsim
4.902875e+02,14141,3.51404910303933e-04,3.25585686212846e-02,6.41663258797676e+02,sinkhorn_cellsim
4.909809e+02,14161,3.51035780939039e-04,3.25585705779417e-02,6.41663275254624e+02,sinkhorn_cellsim
4.916743e+02,14181,3.50667508839683e-04,3.25585724910774e-02,6.41663291692324e+02,sinkhorn_cellsim
4.923677e+02,14201,3.50298358660735e-04,3.25585743613202e-02,6.41663308111007e+02,sinkhorn_cellsim
4.930612e+02,14221,3.49928235571925e-04,3.25585761895912e-02,6.41663324510918e+02,sinkhorn_cellsim
4.937546e+02,14241,3.49557513061767e-04,3.25585779770807e-02,6.41663340892310e+02,sinkhorn_cellsim
4.944480e+02,14261,3.49187183462000e-04,3.25585797252124e-02,6.41663357255444e+02,sinkhorn_cellsim
4.951415e+02,14281,3.48820409380525e-04,3.25585814356032e-02,6.41663373600581e+02,sinkhorn_cellsim
4.958349e+02,14301,3.48462938599917e-04,3.25585831100165e-02,6.41663389927984e+02,sinkhorn_cellsim
4.965284e+02,14321,3.48108689294780e-04,3.25585847503146e-02,6.41663406237905e+02,sinkhorn_cellsim
4.972219e+02,14341,3.47755130899123e-04,3.25585863584082e-02,6.41663422530585e+02,sinkhorn_cellsim
4.979153e+02,14361,3.47403869043112e-04,3.25585879362075e-02,6.41663438806248e+02,sinkhorn_cellsim
4.986087e+02,14381,3.47054327245445e-04,3.25585894855799e-02,6.41663455065097e+02,sinkhorn_cellsim
4.993022e+02,14401,3.46706067199832e-04,3.25585910083109e-02,6.41663471307305e+02,sinkhorn_cellsim
4.999956e+02,14421,3.46359553488798e-04,3.25585925060721e-02,6.41663487533016e+02,sinkhorn_cellsim
5.006891e+02,14441,3.46016434271818e-04,3.25585939803977e-02,6.41663503742342e+02,sinkhorn_cellsim
5.013825e+02,14461,3.45678442430001e-04,3.25585954326688e-02,6.41663519935353e+02,sinkhorn_cellsim
5.020759e+02,14481,3.45342635090486e-04,3.25585968641054e-02,6.41663536112085e+02,sinkhorn_cellsim
5.027693e+02,14501,3.45007660980176e-04,3.25585982757652e-02,6.41663552272533e+02,sinkhorn_cellsim
5.034627e+02,14521,3.44674505553901e-04,3.25585996685506e-02,6.41663568416652e+02,sinkhorn_cellsim
5.041562e+02,14541,3.44342159711922e-04,3.25586010432169e-02,6.41663584544358e+02,sinkhorn_cellsim
5.048496e+02,14561,3.44010892357973e-04,3.25586024003878e-02,6.41663600655533e+02,sinkhorn_cellsim
5.055430e+02,14581,3.43679998880609e-04,3.25586037405706e-02,6.41663616750021e+02,sinkhorn_cellsim
5.062365e+02,14601,3.43349768121078e-04,3.25586050641740e-02,6.41663632827636e+02,sinkhorn_cellsim
5.069299e+02,14621,3.43018608798343e-04,3.25586063715256e-02,6.41663648888165e+02,sinkhorn_cellsim
5.076234e+02,14641,3.42686165741322e-04,3.25586076628884e-02,6.41663664931370e+02,sinkhorn_cellsim
5.083168e+02,14661,3.42353069419309e-04,3.25586089384762e-02,6.41663680956994e+02,sinkhorn_cellsim
5.090102e+02,14681,3.42020713340432e-04,3.25586101984685e-02,6.41663696964764e+02,sinkhorn_cellsim
5.097037e+02,14701,3.41686019580732e-04,3.25586114430229e-02,6.41663712954401e+02,sinkhorn_cellsim
5.103971e+02,14721,3.41351183164478e-04,3.25586126722878e-02,6.41663728925617e+02,sinkhorn_cellsim
5.110905e+02,14741,3.41023297120949e-04,3.25586138864134e-02,6.41663744878127e+02,sinkhorn_cellsim
5.117840e+02,14761,3.40701682707110e-04,3.25586150855612e-02,6.41663760811652e+02,sinkhorn_cellsim
5.124774e+02,14781,3.40388875895269e-04,3.25586162699161e-02,6.41663776725923e+02,sinkhorn_cellsim
5.131708e+02,14801,3.40075328033030e-04,3.25586174396943e-02,6.41663792620688e+02,sinkhorn_cellsim
5.138642e+02,14821,3.39761431462354e-04,3.25586185951560e-02,6.41663808495717e+02,sinkhorn_cellsim
5.145577e+02,14841,3.39444035175914e-04,3.25586197366107e-02,6.41663824350803e+02,sinkhorn_cellsim
5.152511e+02,14861,3.39120416239155e-04,3.25586208644320e-02,6.41663840185774e+02,sinkhorn_cellsim
5.159446e+02,14881,3.38792448620023e-04,3.25586219790628e-02,6.41663856000490e+02,sinkhorn_cellsim
5.166380e+02,14901,3.38458820133625e-04,3.25586230810241e-02,6.41663871794849e+02,sinkhorn_cellsim
5.173315e+02,14921,3.38120498014056e-04,3.25586241709206e-02,6.41663887568793e+02,sinkhorn_cellsim
5.180249e+02,14941,3.37786891286064e-04,3.25586252494462e-02,6.41663903322310e+02,sinkhorn_cellsim
5.187183e+02,14961,3.37451515055087e-04,3.25586263173843e-02,6.41663919055433e+02,sinkhorn_cellsim
5.194117e+02,14981,3.37114415407477e-04,3.25586273756084e-02,6.41663934768246e+02,sinkhorn_cellsim
5.201052e+02,15001,3.36773472482954e-04,3.25586284250771e-02,6.41663950460884e+02,sinkhorn_cellsim
5.207987e+02,15021,3.36430382136804e-04,3.25586294668262e-02,6.41663966133532e+02,sinkhorn_cellsim
5.214921e+02,15041,3.36083571170158e-04,3.25586305019585e-02,6.41663981786427e+02,sinkhorn_cellsim
5.221855e+02,15061,3.35732826020760e-04,3.25586315316293e-02,6.41663997419856e+02,sinkhorn_cellsim
5.228790e+02,15081,3.35379066404789e-04,3.25586325570280e-02,6.41664013034155e+02,sinkhorn_cellsim
5.235724e+02,15101,3.35026117159968e-04,3.25586335793574e-02,6.41664028629705e+02,sinkhorn_cellsim
5.242658e+02,15121,3.34678283135618e-04,3.25586345998099e-02,6.41664044206929e+02,sinkhorn_cellsim
5.249593e+02,15141,3.34331706172749e-04,3.25586356195415e-02,6.41664059766292e+02,sinkhorn_cellsim
5.256527e+02,15161,3.33990675938350e-04,3.25586366396467e-02,6.41664075308288e+02,sinkhorn_cellsim
5.263461e+02,15181,3.33650186428346e-04,3.25586376611289e-02,6.41664090833444e+02,sinkhorn_cellsim
5.270396e+02,15201,3.33311297288917e-04,3.25586386848761e-02,6.41664106342308e+02,sinkhorn_cellsim
5.277330e+02,15221,3.32974141176332e-04,3.25586397116339e-02,6.41664121835445e+02,sinkhorn_cellsim
5.284264e+02,15241,3.32638970588671e-04,3.25586407419853e-02,6.41664137313432e+02,sinkhorn_cellsim
5.291198e+02,15261,3.32305877724632e-04,3.25586417763314e-02,6.41664152776847e+02,sinkhorn_cellsim
5.298133e+02,15281,3.31975467664366e-04,3.25586428148761e-02,6.41664168226269e+02,sinkhorn_cellsim
5.305067e+02,15301,3.31648294631683e-04,3.25586438576183e-02,6.41664183662267e+02,sinkhorn_cellsim
5.312002e+02,15321,3.31325051976592e-04,3.25586449043479e-02,6.41664199085398e+02,sinkhorn_cellsim
5.318936e+02,15341,3.31006163823077e-04,3.25586459546471e-02,6.41664214496198e+02,sinkhorn_cellsim
5.325870e+02,15361,3.30692046200430e-04,3.25586470078982e-02,6.41664229895181e+02,sinkhorn_cellsim
5.332805e+02,15381,3.30383044553599e-04,3.25586480632965e-02,6.41664245282833e+02,sinkhorn_cellsim
5.339739e+02,15401,3.30079433960441e-04,3.25586491198675e-02,6.41664260659613e+02,sinkhorn_cellsim
5.346673e+02,15421,3.29785003438039e-04,3.25586501764880e-02,6.41664276025944e+02,sinkhorn_cellsim
5.353608e+02,15441,3.29501363303400e-04,3.25586512319111e-02,6.41664291382217e+02,sinkhorn_cellsim
5.360542e+02,15461,3.29224362841232e-04,3.25586522847933e-02,6.41664306728791e+02,sinkhorn_cellsim
5.367476e+02,15481,3.28953311854526e-04,3.25586533337219e-02,6.41664322065986e+02,sinkhorn_cellsim
5.374411e+02,15501,3.28688133002648e-04,3.25586543772438e-02,6.41664337394095e+02,sinkhorn_cellsim
5.381345e+02,15521,3.28429003152285e-04,3.25586554138927e-02,6.41664352713373e+02,sinkhorn_cellsim
5.388279e+02,15541,3.28175980738919e-04,3.25586564422163e-02,6.41664368024048e+02,sinkhorn_cellsim
5.395214e+02,15561,3.27929137282779e-04,3.25586574607992e-02,6.41664383326315e+02,sinkhorn_cellsim
5.402148e+02,15581,3.27688658055682e-04,3.25586584682847e-02,6.41664398620346e+02,sinkhorn_cellsim
5.409083e+02,15601,3.27453880736505e-04,3.25586594633911e-02,6.41664413906286e+02,sinkhorn_cellsim
5.416017e+02,15621,3.27225055757280e-04,3.25586604449282e-02,6.41664429184256e+02,sinkhorn_cellsim
5.422951e+02,15641,3.27004281872766e-04,3.25586614118049e-02,6.41664444454355e+02,sinkhorn_cellsim
5.429886e+02,15661,3.26787590520684e-04,3.25586623630367e-02,6.41664459716666e+02,sinkhorn_cellsim
5.436820e+02,15681,3.26576483903901e-04,3.25586632977480e-02,6.41664474971249e+02,sinkhorn_cellsim
5.443755e+02,15701,3.26369643537712e-04,3.25586642151710e-02,6.41664490218150e+02,sinkhorn_cellsim
5.450689e+02,15721,3.26165923941189e-04,3.25586651146417e-02,6.41664505457399e+02,sinkhorn_cellsim
5.457623e+02,15741,3.25965636021651e-04,3.25586659955929e-02,6.41664520689009e+02,sinkhorn_cellsim
5.464558e+02,15761,3.25768955430357e-04,3.25586668575451e-02,6.41664535912980e+02,sinkhorn_cellsim
5.471492e+02,15781,3.25574561619371e-04,3.25586677000969e-02,6.41664551129296e+02,sinkhorn_cellsim
5.478427e+02,15801,3.25382193643200e-04,3.25586685229129e-02,6.41664566337928e+02,sinkhorn_cellsim
5.485361e+02,15821,3.25191666085304e-04,3.25586693257121e-02,6.41664581538832e+02,sinkhorn_cellsim
5.492295e+02,15841,3.25004578522246e-04,3.25586701082572e-02,6.41664596731950e+02,sinkhorn_cellsim
5.499230e+02,15861,3.24818853282737e-04,3.25586708703427e-02,6.41664611917207e+02,sinkhorn_cellsim
5.506164e+02,15881,3.24636174776021e-04,3.25586716117864e-02,6.41664627094516e+02,sinkhorn_cellsim
5.513098e+02,15901,3.24454271719556e-04,3.25586723324199e-02,6.41664642263771e+02,sinkhorn_cellsim
5.520033e+02,15921,3.24272590538426e-04,3.25586730320836e-02,6.41664657424852e+02,sinkhorn_cellsim
5.526967e+02,15941,3.24090859677219e-04,3.25586737106201e-02,6.41664672577620e+02,sinkhorn_cellsim
5.533901e+02,15961,3.23908801130629e-04,3.25586743678729e-02,6.41664687721922e+02,sinkhorn_cellsim
5.540836e+02,15981,3.23727916905916e-04,3.25586750036848e-02,6.41664702857585e+02,sinkhorn_cellsim
5.547770e+02,16001,3.23549828108221e-04,3.25586756178987e-02,6.41664717984420e+02,sinkhorn_cellsim
5.554705e+02,16021,3.23374294403275e-04,3.25586762103601e-02,6.41664733102217e+02,sinkhorn_cellsim
5.561639e+02,16041,3.23196722378406e-04,3.25586767809218e-02,6.41664748210753e+02,sinkhorn_cellsim
5.568574e+02,16061,3.23016836252317e-04,3.25586773294481e-02,6.41664763309784e+02,sinkhorn_cellsim
5.575508e+02,16081,3.22836415189558e-04,3.25586778558234e-02,6.41664778399049e+02,sinkhorn_cellsim
5.582442e+02,16101,3.22657113430799e-04,3.25586783599569e-02,6.41664793478271e+02,sinkhorn_cellsim
5.589377e+02,16121,3.22477378828731e-04,3.25586788417926e-02,6.41664808547155e+02,sinkhorn_cellsim
5.596311e+02,16141,3.22295874091266e-04,3.25586793013163e-02,6.41664823605391e+02,sinkhorn_cellsim
5.603245e+02,16161,3.22111641765638e-04,3.25586797385632e-02,6.41664838652656e+02,sinkhorn_cellsim
5.610180e+02,16181,3.21926889601195e-04,3.25586801536255e-02,6.41664853688613e+02,sinkhorn_cellsim
5.617114e+02,16201,3.21738960225642e-04,3.25586805466587e-02,6.41664868712910e+02,sinkhorn_cellsim
5.624049e+02,16221,3.21545526638165e-04,3.25586809178858e-02,6.41664883725189e+02,sinkhorn_cellsim
5.630983e+02,16241,3.21346374219752e-04,3.25586812676014e-02,6.41664898725080e+02,sinkhorn_cellsim
5.637917e+02,16261,3.21141296575169e-04,3.25586815961729e-02,6.41664913712207e+02,sinkhorn_cellsim
5.644851e+02,16281,3.20930098072101e-04,3.25586819040408e-02,6.41664928686187e+02,sinkhorn_cellsim
5.651786e+02,16301,3.20712596367520e-04,3.25586821917162e-02,6.41664943646636e+02,sinkhorn_cellsim
5.658720e+02,16321,3.20488624893409e-04,3.25586824597765e-02,6.41664958593167e+02,sinkhorn_cellsim
5.665654e+02,16341,3.20258035309221e-04,3.25586827088596e-02,6.41664973525394e+02,sinkhorn_cellsim
5.672589e+02,16361,3.20020699901772e-04,3.25586829396577e-02,6.41664988442933e+02,sinkhorn_cellsim
5.679523e+02,16381,3.19776513918666e-04,3.25586831529084e-02,6.41665003345407e+02,sinkhorn_cellsim
5.686458e+02,16401,3.19525397789600e-04,3.25586833493850e-02,6.41665018232446e+02,sinkhorn_cellsim
5.693393e+02,16421,3.19267299249069e-04,3.25586835298897e-02,6.41665033103690e+02,sinkhorn_cellsim
5.700328e+02,16441,3.19002781839659e-04,3.25586836952428e-02,6.41665047958792e+02,sinkhorn_cellsim
5.707262e+02,16461,3.18732786730934e-04,3.25586838462773e-02,6.41665062797417e+02,sinkhorn_cellsim
5.714196e+02,16481,3.18455666346065e-04,3.25586839838306e-02,6.41665077619251e+02,sinkhorn_cellsim
5.721131e+02,16501,3.18173204401762e-04,3.25586841087406e-02,6.41665092423996e+02,sinkhorn_cellsim
5.728065e+02,16521,3.17883860125512e-04,3.25586842218436e-02,6.41665107211377e+02,sinkhorn_cellsim
5.734999e+02,16541,3.17587684346321e-04,3.25586843239739e-02,6.41665121981141e+02,sinkhorn_cellsim
5.741934e+02,16561,3.17284865741388e-04,3.25586844159640e-02,6.41665136733058e+02,sinkhorn_cellsim
5.748868e+02,16581,3.16975625088951e-04,3.25586844986519e-02,6.41665151466925e+02,sinkhorn_cellsim
5.755802e+02,16601,3.16660214837071e-04,3.25586845728851e-02,6.41665166182566e+02,sinkhorn_cellsim
5.762737e+02,16621,3.16343445218363e-04,3.25586846395303e-02,6.41665180879830e+02,sinkhorn_cellsim
5.769671e+02,16641,3.16025048911842e-04,3.25586846994824e-02,6.41665195558594e+02,sinkhorn_cellsim
5.776605e+02,16661,3.15701653849082e-04,3.25586847536763e-02,6.41665210218764e+02,sinkhorn_cellsim
5.783540e+02,16681,3.15375119968172e-04,3.25586848030986e-02,6.41665224860273e+02,sinkhorn_cellsim
5.790475e+02,16701,3.15049905985049e-04,3.25586848487999e-02,6.41665239483080e+02,sinkhorn_cellsim
5.797409e+02,16721,3.14728468373505e-04,3.25586848919064e-02,6.41665254087173e+02,sinkhorn_cellsim
5.804343e+02,16741,3.14408650620434e-04,3.25586849336312e-02,6.41665268672569e+02,sinkhorn_cellsim
5.811278e+02,16761,3.14085321814525e-04,3.25586849752823e-02,6.41665283239309e+02,sinkhorn_cellsim
5.818212e+02,16781,3.13759435981826e-04,3.25586850182728e-02,6.41665297787461e+02,sinkhorn_cellsim
5.825147e+02,16801,3.13430495572536e-04,3.25586850641237e-02,6.41665312317122e+02,sinkhorn_cellsim
5.832081e+02,16821,3.13098780068229e-04,3.25586851144676e-02,6.41665326828412e+02,sinkhorn_cellsim
5.839015e+02,16841,3.12765509497527e-04,3.25586851710463e-02,6.41665341321476e+02,sinkhorn_cellsim
5.845950e+02,16861,3.12431444157365e-04,3.25586852357071e-02,6.41665355796482e+02,sinkhorn_cellsim
5.852884e+02,16881,3.12095774195039e-04,3.25586853103949e-02,6.41665370253621e+02,sinkhorn_cellsim
5.859818e+02,16901,3.11761092476158e-04,3.25586853971387e-02,6.41665384693103e+02,sinkhorn_cellsim
5.866753e+02,16921,3.11429116354839e-04,3.25586854980390e-02,6.41665399115156e+02,sinkhorn_cellsim
5.873687e+02,16941,3.11110202576851e-04,3.25586856152473e-02,6.41665413520022e+02,sinkhorn_cellsim
5.880621e+02,16961,3.10793798787660e-04,3.25586857509488e-02,6.41665427907956e+02,sinkhorn_cellsim
5.887555e+02,16981,3.10475380740660e-04,3.25586859073374e-02,6.41665442279221e+02,sinkhorn_cellsim
5.894489e+02,17001,3.10155211548765e-04,3.25586860865959e-02,6.41665456634084e+02,sinkhorn_cellsim
5.901424e+02,17021,3.09833549484116e-04,3.25586862908709e-02,6.41665470972814e+02,sinkhorn_cellsim
5.908358e+02,17041,3.09510816875799e-04,3.25586865222517e-02,6.41665485295676e+02,sinkhorn_cellsim
5.915292e+02,17061,3.09188937794902e-04,3.25586867827505e-02,6.41665499602927e+02,sinkhorn_cellsim
5.922226e+02,17081,3.08866108410927e-04,3.25586870742817e-02,6.41665513894813e+02,sinkhorn_cellsim
5.929161e+02,17101,3.08542532904179e-04,3.25586873986480e-02,6.41665528171564e+02,sinkhorn_cellsim
5.936095e+02,17121,3.08218386939677e-04,3.25586877575255e-02,6.41665542433393e+02,sinkhorn_cellsim
5.943029e+02,17141,3.07893814013296e-04,3.25586881524534e-02,6.41665556680486e+02,sinkhorn_cellsim
5.949964e+02,17161,3.07568922414069e-04,3.25586885848276e-02,6.41665570913008e+02,sinkhorn_cellsim
5.956898e+02,17181,3.07243782884308e-04,3.25586890558948e-02,6.41665585131091e+02,sinkhorn_cellsim
5.963832e+02,17201,3.06918532150341e-04,3.25586895667513e-02,6.41665599334839e+02,sinkhorn_cellsim
5.970767e+02,17221,3.06593314847290e-04,3.25586901183416e-02,6.41665613524321e+02,sinkhorn_cellsim
5.977701e+02,17241,3.06269797109273e-04,3.25586907114619e-02,6.41665627699574e+02,sinkhorn_cellsim
5.984635e+02,17261,3.05949222411830e-04,3.25586913467604e-02,6.41665641860599e+02,sinkhorn_cellsim
5.991570e+02,17281,3.05627967203345e-04,3.25586920247420e-02,6.41665656007362e+02,sinkhorn_cellsim
5.998504e+02,17301,3.05305524886154e-04,3.25586927457725e-02,6.41665670139795e+02,sinkhorn_cellsim
6.005439e+02,17321,3.04982888310811e-04,3.25586935100791e-02,6.41665684257795e+02,sinkhorn_cellsim
6.012373e+02,17341,3.04659517040549e-04,3.25586943177551e-02,6.41665698361227e+02,sinkhorn_cellsim
6.019307e+02,17361,3.04334465156347e-04,3.25586951687594e-02,6.41665712449923e+02,sinkhorn_cellsim
6.026242e+02,17381,3.04007668969695e-04,3.25586960629173e-02,6.41665726523689e+02,sinkhorn_cellsim
6.033177e+02,17401,3.03678701909019e-04,3.25586969999190e-02,6.41665740582303e+02,sinkhorn_cellsim
6.040111e+02,17421,3.03347274806960e-04,3.25586979793160e-02,6.41665754625519e+02,sinkhorn_cellsim
6.047045e+02,17441,3.03013136377356e-04,3.25586990005182e-02,6.41665768653073e+02,sinkhorn_cellsim
6.053979e+02,17461,3.02677244867434e-04,3.25587000627891e-02,6.41665782664681e+02,sinkhorn_cellsim
6.060914e+02,17481,3.02343782810977e-04,3.25587011652412e-02,6.41665796660047e+02,sinkhorn_cellsim
6.067848e+02,17501,3.02009112364975e-04,3.25587023068324e-02,6.41665810638868e+02,sinkhorn_cellsim
6.074783e+02,17521,3.01671605738313e-04,3.25587034863628e-02,6.41665824600831e+02,sinkhorn_cellsim
6.081717e+02,17541,3.01336437583847e-04,3.25587047024738e-02,6.41665838545625e+02,sinkhorn_cellsim
6.088651e+02,17561,3.01000391107747e-04,3.25587059536503e-02,6.41665852472937e+02,sinkhorn_cellsim
6.095586e+02,17581,3.00661750489921e-04,3.25587072382261e-02,6.41665866382462e+02,sinkhorn_cellsim
6.102520e+02,17601,3.00320742081450e-04,3.25587085543942e-02,6.41665880273900e+02,sinkhorn_cellsim
6.109454e+02,17621,2.99981133223133e-04,3.25587099002174e-02,6.41665894146963e+02,sinkhorn_cellsim
6.116389e+02,17641,2.99639036351363e-04,3.25587112736485e-02,6.41665908001372e+02,sinkhorn_cellsim
6.123323e+02,17661,2.99292812581700e-04,3.25587126725509e-02,6.41665921836862e+02,sinkhorn_cellsim
6.130258e+02,17681,2.98945392243985e-04,3.25587140947220e-02,6.41665935653182e+02,sinkhorn_cellsim
6.137192e+02,17701,2.98598889778763e-04,3.25587155379211e-02,6.41665949450092e+02,sinkhorn_cellsim
6.144126e+02,17721,2.98251879690223e-04,3.25587169998964e-02,6.41665963227364e+02,sinkhorn_cellsim
6.151060e+02,17741,2.97900713283760e-04,3.25587184784110e-02,6.41665976984780e+02,sinkhorn_cellsim
6.157995e+02,17761,2.97548020666929e-04,3.25587199712704e-02,6.41665990722132e+02,sinkhorn_cellsim
6.164929e+02,17781,2.97190570293672e-04,3.25587214763407e-02,6.41666004439214e+02,sinkhorn_cellsim
6.171864e+02,17801,2.96826706309301e-04,3.25587229915691e-02,6.41666018135829e+02,sinkhorn_cellsim
6.178798e+02,17821,2.96456106210897e-04,3.25587245149907e-02,6.41666031811776e+02,sinkhorn_cellsim
6.185733e+02,17841,2.96079859279266e-04,3.25587260447340e-02,6.41666045466858e+02,sinkhorn_cellsim
6.192667e+02,17861,2.95700188946041e-04,3.25587275790183e-02,6.41666059100872e+02,sinkhorn_cellsim
6.199601e+02,17881,2.95316540424322e-04,3.25587291161400e-02,6.41666072713615e+02,sinkhorn_cellsim
6.206535e+02,17901,2.94929567551834e-04,3.25587306544596e-02,6.41666086304877e+02,sinkhorn_cellsim
6.213470e+02,17921,2.94535384218585e-04,3.25587321923750e-02,6.41666099874447e+02,sinkhorn_cellsim
6.220404e+02,17941,2.94135476493091e-04,3.25587337282973e-02,6.41666113422110e+02,sinkhorn_cellsim
6.227339e+02,17961,2.93730283780169e-04,3.25587352606222e-02,6.41666126947648e+02,sinkhorn_cellsim
6.234273e+02,17981,2.93317793985574e-04,3.25587367877000e-02,6.41666140450846e+02,sinkhorn_cellsim
6.241208e+02,18001,2.92897695425056e-04,3.25587383078111e-02,6.41666153931492e+02,sinkhorn_cellsim
6.248142e+02,18021,2.92477033985556e-04,3.25587398191427e-02,6.41666167389376e+02,sinkhorn_cellsim
6.255076e+02,18041,2.92052683591372e-04,3.25587413197751e-02,6.41666180824301e+02,sinkhorn_cellsim
6.262011e+02,18061,2.91624779930463e-04,3.25587428076729e-02,6.41666194236079e+02,sinkhorn_cellsim
6.268946e+02,18081,2.91191558475543e-04,3.25587442806881e-02,6.41666207624535e+02,sinkhorn_cellsim
6.275881e+02,18101,2.90751119024398e-04,3.25587457365712e-02,6.41666220989513e+02,sinkhorn_cellsim
6.282815e+02,18121,2.90304326007549e-04,3.25587471729951e-02,6.41666234330874e+02,sinkhorn_cellsim
6.289749e+02,18141,2.89851565690117e-04,3.25587485875847e-02,6.41666247648500e+02,sinkhorn_cellsim
6.296684e+02,18161,2.89392613067840e-04,3.25587499779588e-02,6.41666260942292e+02,sinkhorn_cellsim
6.303618e+02,18181,2.88927546299353e-04,3.25587513417753e-02,6.41666274212177e+02,sinkhorn_cellsim
6.310553e+02,18201,2.88458077599665e-04,3.25587526767847e-02,6.41666287458100e+02,sinkhorn_cellsim
6.317487e+02,18221,2.87990664334528e-04,3.25587539808830e-02,6.41666300680032e+02,sinkhorn_cellsim
6.324422e+02,18241,2.87521213884424e-04,3.25587552521676e-02,6.41666313877962e+02,sinkhorn_cellsim
6.331356e+02,18261,2.87049264737414e-04,3.25587564889906e-02,6.41666327051901e+02,sinkhorn_cellsim
6.338290e+02,18281,2.86580565357576e-04,3.25587576900065e-02,6.41666340201878e+02,sinkhorn_cellsim
6.345224e+02,18301,2.86108695626905e-04,3.25587588542183e-02,6.41666353327939e+02,sinkhorn_cellsim
6.352159e+02,18321,2.85635302433772e-04,3.25587599810126e-02,6.41666366430148e+02,sinkhorn_cellsim
6.359093e+02,18341,2.85158367553344e-04,3.25587610701905e-02,6.41666379508580e+02,sinkhorn_cellsim
6.366028e+02,18361,2.84678289672853e-04,3.25587621219868e-02,6.41666392563326e+02,sinkhorn_cellsim
6.372962e+02,18381,2.84196534006521e-04,3.25587631370844e-02,6.41666405594484e+02,sinkhorn_cellsim
6.379896e+02,18401,2.83715118179355e-04,3.25587641166157e-02,6.41666418602165e+02,sinkhorn_cellsim
6.386830e+02,18421,2.83234111664346e-04,3.25587650621599e-02,6.41666431586482e+02,sinkhorn_cellsim
6.393765e+02,18441,2.82752468869744e-04,3.25587659757300e-02,6.41666444547559e+02,sinkhorn_cellsim
6.400699e+02,18461,2.82272019618052e-04,3.25587668597538e-02,6.41666457485518e+02,sinkhorn_cellsim
6.407634e+02,18481,2.81790094548120e-04,3.25587677170469e-02,6.41666470400487e+02,sinkhorn_cellsim
6.414568e+02,18501,2.81307962837474e-04,3.25587685507807e-02,6.41666483292591e+02,sinkhorn_cellsim
6.421503e+02,18521,2.80824260360870e-04,3.25587693644448e-02,6.41666496161954e+02,sinkhorn_cellsim
6.428437e+02,18541,2.80349330313194e-04,3.25587701618042e-02,6.41666509008694e+02,sinkhorn_cellsim
6.435371e+02,18561,2.79882121043961e-04,3.25587709468516e-02,6.41666521832924e+02,sinkhorn_cellsim
6.442306e+02,18581,2.79416422667607e-04,3.25587717237567e-02,6.41666534634747e+02,sinkhorn_cellsim
6.449240e+02,18601,2.78950941469567e-04,3.25587724968122e-02,6.41666547414257e+02,sinkhorn_cellsim
6.456175e+02,18621,2.78485373969044e-04,3.25587732703768e-02,6.41666560171534e+02,sinkhorn_cellsim
6.463109e+02,18641,2.78020678973544e-04,3.25587740488162e-02,6.41666572906643e+02,sinkhorn_cellsim
6.470043e+02,18661,2.77559723376670e-04,3.25587748364435e-02,6.41666585619635e+02,sinkhorn_cellsim
6.476977e+02,18681,2.77099522929247e-04,3.25587756374577e-02,6.41666598310541e+02,sinkhorn_cellsim
6.483912e+02,18701,2.76641468712606e-04,3.25587764558845e-02,6.41666610979375e+02,sinkhorn_cellsim
6.490846e+02,18721,2.76186328227442e-04,3.25587772955167e-02,6.41666623626131e+02,sinkhorn_cellsim
6.497780e+02,18741,2.75732245964748e-04,3.25587781598569e-02,6.41666636250786e+02,sinkhorn_cellsim
6.504715e+02,18761,2.75278599597321e-04,3.25587790520639e-02,6.41666648853294e+02,sinkhorn_cellsim
6.511650e+02,18781,2.74825867063333e-04,3.25587799749036e-02,6.41666661433596e+02,sinkhorn_cellsim
6.518584e+02,18801,2.74372172243660e-04,3.25587809307038e-02,6.41666673991613e+02,sinkhorn_cellsim
6.525519e+02,18821,2.73920040255111e-04,3.25587819213157e-02,6.41666686527252e+02,sinkhorn_cellsim
6.532453e+02,18841,2.73468646001220e-04,3.25587829480859e-02,6.41666699040412e+02,sinkhorn_cellsim
6.539387e+02,18861,2.73018350678813e-04,3.25587840118312e-02,6.41666711530979e+02,sinkhorn_cellsim
6.546322e+02,18881,2.72570009364383e-04,3.25587851128275e-02,6.41666723998836e+02,sinkhorn_cellsim
6.553256e+02,18901,2.72121344514472e-04,3.25587862508074e-02,6.41666736443868e+02,sinkhorn_cellsim
6.560190e+02,18921,2.71672856429082e-04,3.25587874249666e-02,6.41666748865959e+02,sinkhorn_cellsim
6.567125e+02,18941,2.71224170825638e-04,3.25587886339845e-02,6.41666761265002e+02,sinkhorn_cellsim
6.574059e+02,18961,2.70773289696039e-04,3.25587898760516e-02,6.41666773640905e+02,sinkhorn_cellsim
6.580994e+02,18981,2.70320645809485e-04,3.25587911489094e-02,6.41666785993590e+02,sinkhorn_cellsim
6.587928e+02,19001,2.69866697549498e-04,3.25587924498981e-02,6.41666798323000e+02,sinkhorn_cellsim
6.594862e+02,19021,2.69411652867229e-04,3.25587937760122e-02,6.41666810629104e+02,sinkhorn_cellsim
6.601797e+02,19041,2.68953584156916e-04,3.25587951239631e-02,6.41666822911896e+02,sinkhorn_cellsim
6.608731e+02,19061,2.68494298941363e-04,3.25587964902436e-02,6.41666835171405e+02,sinkhorn_cellsim
6.615666e+02,19081,2.68033971678643e-04,3.25587978711961e-02,6.41666847407690e+02,sinkhorn_cellsim
6.622600e+02,19101,2.67574935544610e-04,3.25587992630801e-02,6.41666859620846e+02,sinkhorn_cellsim
6.629534e+02,19121,2.67113705890647e-04,3.25588006621371e-02,6.41666871811002e+02,sinkhorn_cellsim
6.636469e+02,19141,2.66651644342749e-04,3.25588020646517e-02,6.41666883978325e+02,sinkhorn_cellsim
6.643403e+02,19161,2.66190553014700e-04,3.25588034670054e-02,6.41666896123015e+02,sinkhorn_cellsim
6.650337e+02,19181,2.65729402851725e-04,3.25588048657250e-02,6.41666908245306e+02,sinkhorn_cellsim
6.657272e+02,19201,2.65266799208032e-04,3.25588062575215e-02,6.41666920345464e+02,sinkhorn_cellsim
6.664207e+02,19221,2.64806876386515e-04,3.25588076393201e-02,6.41666932423783e+02,sinkhorn_cellsim
6.671141e+02,19241,2.64350513711320e-04,3.25588090082825e-02,6.41666944480585e+02,sinkhorn_cellsim
6.678076e+02,19261,2.63895958468810e-04,3.25588103618191e-02,6.41666956516214e+02,sinkhorn_cellsim
6.685010e+02,19281,2.63443822758906e-04,3.25588116975941e-02,6.41666968531033e+02,sinkhorn_cellsim
6.691945e+02,19301,2.63000686317830e-04,3.25588130135233e-02,6.41666980525423e+02,sinkhorn_cellsim
6.698879e+02,19321,2.62558966419322e-04,3.25588143077653e-02,6.41666992499778e+02,sinkhorn_cellsim
6.705813e+02,19341,2.62121962125060e-04,3.25588155787081e-02,6.41667004454501e+02,sinkhorn_cellsim
6.712748e+02,19361,2.61688027476826e-04,3.25588168249515e-02,6.41667016390005e+02,sinkhorn_cellsim
6.719682e+02,19381,2.61255833833176e-04,3.25588180452862e-02,6.41667028306710e+02,sinkhorn_cellsim
6.726616e+02,19401,2.60825746573093e-04,3.25588192386745e-02,6.41667040205037e+02,sinkhorn_cellsim
6.733550e+02,19421,2.60398291538222e-04,3.25588204042244e-02,6.41667052085414e+02,sinkhorn_cellsim
6.740485e+02,19441,2.59973123526320e-04,3.25588215411710e-02,6.41667063948271e+02,sinkhorn_cellsim
6.747419e+02,19461,2.59553764268056e-04,3.25588226488542e-02,6.41667075794042e+02,sinkhorn_cellsim
6.754354e+02,19481,2.59136843560342e-04,3.25588237267026e-02,6.41667087623166e+02,sinkhorn_cellsim
6.761289e+02,19501,2.58722777907455e-04,3.25588247742162e-02,6.41667099436084e+02,sinkhorn_cellsim
6.768223e+02,19521,2.58312700453496e-04,3.25588257909548e-02,6.41667111233244e+02,sinkhorn_cellsim
6.775157e+02,19541,2.57908832515940e-04,3.25588267765297e-02,6.41667123015099e+02,sinkhorn_cellsim
6.782092e+02,19561,2.57510990189749e-04,3.25588277305985e-02,6.41667134782113e+02,sinkhorn_cellsim
6.789026e+02,19581,2.57121769063767e-04,3.25588286528625e-02,6.41667146534754e+02,sinkhorn_cellsim
6.795960e+02,19601,2.56739448775505e-04,3.25588295430692e-02,6.41667158273499e+02,sinkhorn_cellsim
6.802895e+02,19621,2.56362428524971e-04,3.25588304010138e-02,6.41667169998836e+02,sinkhorn_cellsim
6.809829e+02,19641,2.55990979202894e-04,3.25588312265476e-02,6.41667181711260e+02,sinkhorn_cellsim
6.816763e+02,19661,2.55625654213989e-04,3.25588320195845e-02,6.41667193411272e+02,sinkhorn_cellsim
6.823698e+02,19681,2.55266888990672e-04,3.25588327801083e-02,6.41667205099382e+02,sinkhorn_cellsim
6.830632e+02,19701,2.54914913065373e-04,3.25588335081818e-02,6.41667216776103e+02,sinkhorn_cellsim
6.837566e+02,19721,2.54569787907073e-04,3.25588342039525e-02,6.41667228441953e+02,sinkhorn_cellsim
6.844501e+02,19741,2.54232144890572e-04,3.25588348676597e-02,6.41667240097448e+02,sinkhorn_cellsim
6.851435e+02,19761,2.53902568304175e-04,3.25588354996374e-02,6.41667251743104e+02,sinkhorn_cellsim
6.858369e+02,19781,2.53582920630093e-04,3.25588361003174e-02,6.41667263379429e+02,sinkhorn_cellsim
6.865304e+02,19801,2.53272816341887e-04,3.25588366702268e-02,6.41667275006927e+02,sinkhorn_cellsim
6.872238e+02,19821,2.52970593429656e-04,3.25588372099864e-02,6.41667286626088e+02,sinkhorn_cellsim
6.879173e+02,19841,2.52678215885755e-04,3.25588377203044e-02,6.41667298237390e+02,sinkhorn_cellsim
6.886107e+02,19861,2.52395796533035e-04,3.25588382019692e-02,6.41667309841292e+02,sinkhorn_cellsim
6.893042e+02,19881,2.52123716876226e-04,3.25588386558385e-02,6.41667321438237e+02,sinkhorn_cellsim
6.899977e+02,19901,2.51860984711591e-04,3.25588390828310e-02,6.41667333028644e+02,sinkhorn_cellsim
6.906912e+02,19921,2.51607769230661e-04,3.25588394839111e-02,6.41667344612910e+02,sinkhorn_cellsim
6.913846e+02,19941,2.51362203817642e-04,3.25588398600792e-02,6.41667356191406e+02,sinkhorn_cellsim
6.920780e+02,19961,2.51124804518815e-04,3.25588402123566e-02,6.41667367764477e+02,sinkhorn_cellsim
6.927714e+02,19981,2.50895356971244e-04,3.25588405417745e-02,6.41667379332442e+02,sinkhorn_cellsim
6.934648e+02,20001,2.50673936967864e-04,3.25588408493608e-02,6.41667390895590e+02,sinkhorn_cellsim
6.941583e+02,20021,2.50464436287865e-04,3.25588411361293e-02,6.41667402454182e+02,sinkhorn_cellsim
6.948518e+02,20041,2.50263561044563e-04,3.25588414030699e-02,6.41667414008451e+02,sinkhorn_cellsim
6.955452e+02,20061,2.50071064676610e-04,3.25588416511377e-02,6.41667425558602e+02,sinkhorn_cellsim
6.962386e+02,20081,2.49884781754723e-04,3.25588418812476e-02,6.41667437104812e+02,sinkhorn_cellsim
6.969320e+02,20101,2.49706073362326e-04,3.25588420942659e-02,6.41667448647228e+02,sinkhorn_cellsim
6.976255e+02,20121,2.49534852865859e-04,3.25588422910058e-02,6.41667460185973e+02,sinkhorn_cellsim
6.983189e+02,20141,2.49371938049953e-04,3.25588424722226e-02,6.41667471721141e+02,sinkhorn_cellsim
6.990124e+02,20161,2.49216739616286e-04,3.25588426386123e-02,6.41667483252802e+02,sinkhorn_cellsim
6.997058e+02,20181,2.49070360869329e-04,3.25588427908091e-02,6.41667494780998e+02,sinkhorn_cellsim
7.003992e+02,20201,2.48928509326380e-04,3.25588429293851e-02,6.41667506305749e+02,sinkhorn_cellsim
7.010927e+02,20221,2.48790352747694e-04,3.25588430548518e-02,6.41667517827051e+02,sinkhorn_cellsim
7.017861e+02,20241,2.48656071518990e-04,3.25588431676604e-02,6.41667529344876e+02,sinkhorn_cellsim
7.024796e+02,20261,2.48525608242391e-04,3.25588432682059e-02,6.41667540859174e+02,sinkhorn_cellsim
7.031730e+02,20281,2.48397781976154e-04,3.25588433568300e-02,6.41667552369873e+02,sinkhorn_cellsim
7.038664e+02,20301,2.48272726003176e-04,3.25588434338258e-02,6.41667563876883e+02,sinkhorn_cellsim
7.045599e+02,20321,2.48150519980594e-04,3.25588434994443e-02,6.41667575380091e+02,sinkhorn_cellsim
7.052533e+02,20341,2.48031113443325e-04,3.25588435538989e-02,6.41667586879367e+02,sinkhorn_cellsim
7.059468e+02,20361,2.47916054903766e-04,3.25588435973755e-02,6.41667598374564e+02,sinkhorn_cellsim
7.066402e+02,20381,2.47803339551142e-04,3.25588436300392e-02,6.41667609865517e+02,sinkhorn_cellsim
7.073336e+02,20401,2.47690945772862e-04,3.25588436520437e-02,6.41667621352047e+02,sinkhorn_cellsim
7.080270e+02,20421,2.47579792761233e-04,3.25588436635421e-02,6.41667632833963e+02,sinkhorn_cellsim
7.087205e+02,20441,2.47470592533942e-04,3.25588436646978e-02,6.41667644311060e+02,sinkhorn_cellsim
7.094140e+02,20461,2.47362282848396e-04,3.25588436556958e-02,6.41667655783123e+02,sinkhorn_cellsim
7.101075e+02,20481,2.47255010440324e-04,3.25588436367559e-02,6.41667667249932e+02,sinkhorn_cellsim
7.108009e+02,20501,2.47148764367970e-04,3.25588436081442e-02,6.41667678711260e+02,sinkhorn_cellsim
7.114944e+02,20521,2.47043499737043e-04,3.25588435701866e-02,6.41667690166876e+02,sinkhorn_cellsim
7.121878e+02,20541,2.46937441112411e-04,3.25588435232819e-02,6.41667701616551e+02,sinkhorn_cellsim
7.128813e+02,20561,2.46830632262395e-04,3.25588434679136e-02,6.41667713060057e+02,sinkhorn_cellsim
7.135747e+02,20581,2.46721392960704e-04,3.25588434046597e-02,6.41667724497173e+02,sinkhorn_cellsim
7.142682e+02,20601,2.46610464766493e-04,3.25588433342043e-02,6.41667735927683e+02,sinkhorn_cellsim
7.149616e+02,20621,2.46496177990217e-04,3.25588432573449e-02,6.41667747351387e+02,sinkhorn_cellsim
7.156550e+02,20641,2.46378485481412e-04,3.25588431749974e-02,6.41667758768093e+02,sinkhorn_cellsim
7.163485e+02,20661,2.46257375222535e-04,3.25588430881987e-02,6.41667770177628e+02,sinkhorn_cellsim
7.170419e+02,20681,2.46132870863485e-04,3.25588429981072e-02,6.41667781579837e+02,sinkhorn_cellsim
7.177353e+02,20701,2.46005031413822e-04,3.25588429059976e-02,6.41667792974584e+02,sinkhorn_cellsim
7.184287e+02,20721,2.45873950081324e-04,3.25588428132541e-02,6.41667804361754e+02,sinkhorn_cellsim
7.191222e+02,20741,2.45739752183172e-04,3.25588427213595e-02,6.41667815741253e+02,sinkhorn_cellsim
7.198156e+02,20761,2.45603184863458e-04,3.25588426318807e-02,6.41667827113008e+02,sinkhorn_cellsim
7.205090e+02,20781,2.45465227074562e-04,3.25588425464503e-02,6.41667838476967e+02,sinkhorn_cellsim
7.212024e+02,20801,2.45327929408309e-04,3.25588424667490e-02,6.41667849833100e+02,sinkhorn_cellsim
7.218959e+02,20821,2.45188017806510e-04,3.25588423944815e-02,6.41667861181392e+02,sinkhorn_cellsim
7.225893e+02,20841,2.45045725364138e-04,3.25588423313557e-02,6.41667872521846e+02,sinkhorn_cellsim
7.232828e+02,20861,2.44901297906394e-04,3.25588422790599e-02,6.41667883854479e+02,sinkhorn_cellsim
7.239762e+02,20881,2.44755966036061e-04,3.25588422392405e-02,6.41667895179317e+02,sinkhorn_cellsim
7.246697e+02,20901,2.44609074646454e-04,3.25588422134823e-02,6.41667906496398e+02,sinkhorn_cellsim
7.253631e+02,20921,2.44460698584363e-04,3.25588422032913e-02,6.41667917805763e+02,sinkhorn_cellsim
7.260565e+02,20941,2.44311051407692e-04,3.25588422100790e-02,6.41667929107454e+02,sinkhorn_cellsim
7.267500e+02,20961,2.44160327216821e-04,3.25588422351522e-02,6.41667940401518e+02,sinkhorn_cellsim
7.274434e+02,20981,2.44009007235382e-04,3.25588422797045e-02,6.41667951687994e+02,sinkhorn_cellsim
7.281369e+02,21001,2.43859245166624e-04,3.25588423448141e-02,6.41667962966919e+02,sinkhorn_cellsim
7.288303e+02,21021,2.43710662517558e-04,3.25588424314425e-02,6.41667974238323e+02,sinkhorn_cellsim
7.295237e+02,21041,2.43565404849102e-04,3.25588425404382e-02,6.41667985502229e+02,sinkhorn_cellsim
7.302171e+02,21061,2.43421083648091e-04,3.25588426725436e-02,6.41667996758649e+02,sinkhorn_cellsim
7.309105e+02,21081,2.43277668800410e-04,3.25588428284033e-02,6.41668008007585e+02,sinkhorn_cellsim
7.316040e+02,21101,2.43133805664679e-04,3.25588430085754e-02,6.41668019249028e+02,sinkhorn_cellsim
7.322974e+02,21121,2.42989480141568e-04,3.25588432135426e-02,6.41668030482959e+02,sinkhorn_cellsim
7.329908e+02,21141,2.42844655909275e-04,3.25588434437265e-02,6.41668041709347e+02,sinkhorn_cellsim
7.336842e+02,21161,2.42699276788919e-04,3.25588436994983e-02,6.41668052928149e+02,sinkhorn_cellsim
7.343777e+02,21181,2.42553269343252e-04,3.25588439811922e-02,6.41668064139314e+02,sinkhorn_cellsim
7.350711e+02,21201,2.42408895536843e-04,3.25588442891142e-02,6.41668075342778e+02,sinkhorn_cellsim
7.357645e+02,21221,2.42266670922265e-04,3.25588446235536e-02,6.41668086538470e+02,sinkhorn_cellsim
7.364579e+02,21241,2.42123754782664e-04,3.25588449847866e-02,6.41668097726312e+02,sinkhorn_cellsim
7.371514e+02,21261,2.41980632292199e-04,3.25588453730815e-02,6.41668108906216e+02,sinkhorn_cellsim
7.378448e+02,21281,2.41836613821612e-04,3.25588457887006e-02,6.41668120078092e+02,sinkhorn_cellsim
7.385383e+02,21301,2.41691558796137e-04,3.25588462318957e-02,6.41668131241846e+02,sinkhorn_cellsim
7.392317e+02,21321,2.41545338201900e-04,3.25588467029059e-02,6.41668142397381e+02,sinkhorn_cellsim
7.399251e+02,21341,2.41399336617396e-04,3.25588472019487e-02,6.41668153544601e+02,sinkhorn_cellsim
7.406186e+02,21361,2.41255703995662e-04,3.25588477292088e-02,6.41668164683414e+02,sinkhorn_cellsim
7.413120e+02,21381,2.41113545316203e-04,3.25588482848266e-02,6.41668175813729e+02,sinkhorn_cellsim
7.420054e+02,21401,2.40974420917915e-04,3.25588488688834e-02,6.41668186935464e+02,sinkhorn_cellsim
7.426988e+02,21421,2.40834744057528e-04,3.25588494813860e-02,6.41668198048545e+02,sinkhorn_cellsim
7.433923e+02,21441,2.40696027517191e-04,3.25588501222506e-02,6.41668209152906e+02,sinkhorn_cellsim
7.440857e+02,21461,2.40556513420443e-04,3.25588507912867e-02,6.41668220248496e+02,sinkhorn_cellsim
7.447791e+02,21481,2.40416400116568e-04,3.25588514881830e-02,6.41668231335275e+02,sinkhorn_cellsim
7.454725e+02,21501,2.40277024196457e-04,3.25588522124928e-02,6.41668242413218e+02,sinkhorn_cellsim
7.461660e+02,21521,2.40140155787401e-04,3.25588529636232e-02,6.41668253482315e+02,sinkhorn_cellsim
7.468595e+02,21541,2.40001926576720e-04,3.25588537408274e-02,6.41668264542573e+02,sinkhorn_cellsim
7.475530e+02,21561,2.39863662023467e-04,3.25588545431988e-02,6.41668275594013e+02,sinkhorn_cellsim
7.482464e+02,21581,2.39724849709749e-04,3.25588553696709e-02,6.41668286636672e+02,sinkhorn_cellsim
7.489399e+02,21601,2.39585120464235e-04,3.25588562190177e-02,6.41668297670603e+02,sinkhorn_cellsim
7.496333e+02,21621,2.39444241633578e-04,3.25588570898630e-02,6.41668308695873e+02,sinkhorn_cellsim
7.503268e+02,21641,2.39301886705460e-04,3.25588579806887e-02,6.41668319712559e+02,sinkhorn_cellsim
7.510202e+02,21661,2.39158149978908e-04,3.25588588898507e-02,6.41668330720752e+02,sinkhorn_cellsim
7.517136e+02,21681,2.39013009964401e-04,3.25588598155951e-02,6.41668341720550e+02,sinkhorn_cellsim
7.524071e+02,21701,2.38869925919306e-04,3.25588607560790e-02,6.41668352712059e+02,sinkhorn_cellsim
7.531005e+02,21721,2.38727835032755e-04,3.25588617093935e-02,6.41668363695389e+02,sinkhorn_cellsim
7.537939e+02,21741,2.38584980135138e-04,3.25588626735881e-02,6.41668374670653e+02,sinkhorn_cellsim
7.544873e+02,21761,2.38440198514563e-04,3.25588636466932e-02,6.41668385637965e+02,sinkhorn_cellsim
7.551808e+02,21781,2.38293437394406e-04,3.25588646267485e-02,6.41668396597437e+02,sinkhorn_cellsim
7.558742e+02,21801,2.38144750172392e-04,3.25588656118255e-02,6.41668407549176e+02,sinkhorn_cellsim
7.565677e+02,21821,2.37994188028445e-04,3.25588666000511e-02,6.41668418493286e+02,sinkhorn_cellsim
7.572611e+02,21841,2.37841812853653e-04,3.25588675896304e-02,6.41668429429862e+02,sinkhorn_cellsim
7.579545e+02,21861,2.37687672524909e-04,3.25588685788644e-02,6.41668440358994e+02,sinkhorn_cellsim
7.586479e+02,21881,2.37531764179335e-04,3.25588695661686e-02,6.41668451280762e+02,sinkhorn_cellsim
7.593414e+02,21901,2.37374330747640e-04,3.25588705500872e-02,6.41668462195236e+02,sinkhorn_cellsim
7.600348e+02,21921,2.37215314601999e-04,3.25588715293039e-02,6.41668473102478e+02,sinkhorn_cellsim
7.607283e+02,21941,2.37054709353664e-04,3.25588725026512e-02,6.41668484002542e+02,sinkhorn_cellsim
7.614217e+02,21961,2.36892552518298e-04,3.25588734691158e-02,6.41668494895469e+02,sinkhorn_cellsim
7.621151e+02,21981,2.36728883548209e-04,3.25588744278408e-02,6.41668505781296e+02,sinkhorn_cellsim
7.628086e+02,22001,2.36563743410771e-04,3.25588753781263e-02,6.41668516660051e+02,sinkhorn_cellsim
7.635020e+02,22021,2.36397175056273e-04,3.25588763194262e-02,6.41668527531752e+02,sinkhorn_cellsim
7.641955e+02,22041,2.36229223735207e-04,3.25588772513435e-02,6.41668538396415e+02,sinkhorn_cellsim
7.648889e+02,22061,2.36060768013917e-04,3.25588781736218e-02,6.41668549254048e+02,sinkhorn_cellsim
7.655823e+02,22081,2.35893613493506e-04,3.25588790861359e-02,6.41668560104653e+02,sinkhorn_cellsim
7.662758e+02,22101,2.35725907064526e-04,3.25588799888802e-02,6.41668570948229e+02,sinkhorn_cellsim
7.669692e+02,22121,2.35556816556493e-04,3.25588808819542e-02,6.41668581784772e+02,sinkhorn_cellsim
7.676626e+02,22141,2.35386404580724e-04,3.25588817655473e-02,6.41668592614270e+02,sinkhorn_cellsim
7.683561e+02,22161,2.35214732726205e-04,3.25588826399220e-02,6.41668603436712e+02,sinkhorn_cellsim
7.690495e+02,22181,2.35041860417955e-04,3.25588835053948e-02,6.41668614252080e+02,sinkhorn_cellsim
7.697430e+02,22201,2.34867843724400e-04,3.25588843623166e-02,6.41668625060353e+02,sinkhorn_cellsim
7.704364e+02,22221,2.34692734170076e-04,3.25588852110531e-02,6.41668635861505e+02,sinkhorn_cellsim
7.711299e+02,22241,2.34516577620181e-04,3.25588860519635e-02,6.41668646655508e+02,sinkhorn_cellsim
7.718233e+02,22261,2.34339413300745e-04,3.25588868853793e-02,6.41668657442325e+02,sinkhorn_cellsim
7.725168e+02,22281,2.34161535237428e-04,3.25588877115857e-02,6.41668668221919e+02,sinkhorn_cellsim
7.732102e+02,22301,2.33983864280359e-04,3.25588885308001e-02,6.41668678994242e+02,sinkhorn_cellsim
7.739037e+02,22321,2.33805278661354e-04,3.25588893431550e-02,6.41668689759245e+02,sinkhorn_cellsim
7.745971e+02,22341,2.33625726337257e-04,3.25588901486836e-02,6.41668700516871e+02,sinkhorn_cellsim
7.752906e+02,22361,2.33445205753398e-04,3.25588909473042e-02,6.41668711267056e+02,sinkhorn_cellsim
7.759840e+02,22381,2.33263707684857e-04,3.25588917388118e-02,6.41668722009734e+02,sinkhorn_cellsim
7.766774e+02,22401,2.33081215715795e-04,3.25588925228705e-02,6.41668732744829e+02,sinkhorn_cellsim
7.773709e+02,22421,2.32897706792994e-04,3.25588932990097e-02,6.41668743472263e+02,sinkhorn_cellsim
7.780643e+02,22441,2.32713151831031e-04,3.25588940666260e-02,6.41668754191951e+02,sinkhorn_cellsim
7.787577e+02,22461,2.32527516247016e-04,3.25588948249857e-02,6.41668764903802e+02,sinkhorn_cellsim
7.794512e+02,22481,2.32340760419129e-04,3.25588955732341e-02,6.41668775607721e+02,sinkhorn_cellsim
7.801446e+02,22501,2.32152839962016e-04,3.25588963104057e-02,6.41668786303609e+02,sinkhorn_cellsim
7.808380e+02,22521,2.31963705817041e-04,3.25588970354387e-02,6.41668796991359e+02,sinkhorn_cellsim
7.815315e+02,22541,2.31773304086866e-04,3.25588977471906e-02,6.41668807670861e+02,sinkhorn_cellsim
7.822249e+02,22561,2.31581575594865e-04,3.25588984444563e-02,6.41668818341998e+02,sinkhorn_cellsim
7.829183e+02,22581,2.31388455184163e-04,3.25588991259870e-02,6.41668829004647e+02,sinkhorn_cellsim
7.836118e+02,22601,2.31193950154535e-04,3.25588997905089e-02,6.41668839658679e+02,sinkhorn_cellsim
7.843052e+02,22621,2.30998971253480e-04,3.25589004367414e-02,6.41668850303956e+02,sinkhorn_cellsim
7.849987e+02,22641,2.30802284089290e-04,3.25589010634150e-02,6.41668860940332e+02,sinkhorn_cellsim
7.856921e+02,22661,2.30603792115220e-04,3.25589016692862e-02,6.41668871567648e+02,sinkhorn_cellsim
7.863856e+02,22681,2.30403385022404e-04,3.25589022531520e-02,6.41668882185736e+02,sinkhorn_cellsim
7.870790e+02,22701,2.30201216961213e-04,3.25589028138612e-02,6.41668892794412e+02,sinkhorn_cellsim
7.877725e+02,22721,2.29997538306986e-04,3.25589033503241e-02,6.41668903393480e+02,sinkhorn_cellsim
7.884659e+02,22741,2.29791680411699e-04,3.25589038615182e-02,6.41668913982723e+02,sinkhorn_cellsim
7.891593e+02,22761,2.29583475157818e-04,3.25589043464954e-02,6.41668924561906e+02,sinkhorn_cellsim
7.898530e+02,22781,2.29372495340417e-04,3.25589048043836e-02,6.41668935130775e+02,sinkhorn_cellsim
7.905465e+02,22801,2.29158496969916e-04,3.25589052343905e-02,6.41668945689051e+02,sinkhorn_cellsim
7.912399e+02,22821,2.28941331843366e-04,3.25589056358053e-02,6.41668956236430e+02,sinkhorn_cellsim
7.919334e+02,22841,2.28721457711572e-04,3.25589060080008e-02,6.41668966772585e+02,sinkhorn_cellsim
7.926268e+02,22861,2.28497635154647e-04,3.25589063504363e-02,6.41668977297160e+02,sinkhorn_cellsim
7.933202e+02,22881,2.28270567348298e-04,3.25589066626610e-02,6.41668987809773e+02,sinkhorn_cellsim
7.940137e+02,22901,2.28044898353369e-04,3.25589069443220e-02,6.41668998310014e+02,sinkhorn_cellsim
7.947071e+02,22921,2.27815702281334e-04,3.25589071951700e-02,6.41669008797445e+02,sinkhorn_cellsim
7.954006e+02,22941,2.27582049099953e-04,3.25589074150721e-02,6.41669019271604e+02,sinkhorn_cellsim
7.960941e+02,22961,2.27343267819898e-04,3.25589076040236e-02,6.41669029732002e+02,sinkhorn_cellsim
7.967875e+02,22981,2.27100216089640e-04,3.25589077621637e-02,6.41669040178131e+02,sinkhorn_cellsim
7.974810e+02,23001,2.26854519614681e-04,3.25589078897934e-02,6.41669050609461e+02,sinkhorn_cellsim
7.981744e+02,23021,2.26602275496797e-04,3.25589079873942e-02,6.41669061025450e+02,sinkhorn_cellsim
7.988678e+02,23041,2.26343106962361e-04,3.25589080556472e-02,6.41669071425542e+02,sinkhorn_cellsim
7.995613e+02,23061,2.26080917042497e-04,3.25589080954525e-02,6.41669081809180e+02,sinkhorn_cellsim
8.002547e+02,23081,2.25824534392268e-04,3.25589081079466e-02,6.41669092175802e+02,sinkhorn_cellsim
8.009481e+02,23101,2.25562572614640e-04,3.25589080945165e-02,6.41669102524856e+02,sinkhorn_cellsim
8.016415e+02,23121,2.25300427940516e-04,3.25589080568100e-02,6.41669112855801e+02,sinkhorn_cellsim
8.023350e+02,23141,2.25035522667052e-04,3.25589079967424e-02,6.41669123168116e+02,sinkhorn_cellsim
8.030284e+02,23161,2.24765991901322e-04,3.25589079164927e-02,6.41669133461305e+02,sinkhorn_cellsim
8.037218e+02,23181,2.24488152537187e-04,3.25589078184972e-02,6.41669143734903e+02,sinkhorn_cellsim
8.044153e+02,23201,2.24206862735178e-04,3.25589077054328e-02,6.41669153988485e+02,sinkhorn_cellsim
8.051087e+02,23221,2.23919097371557e-04,3.25589075801943e-02,6.41669164221668e+02,sinkhorn_cellsim
8.058021e+02,23241,2.23627319290895e-04,3.25589074458631e-02,6.41669174434117e+02,sinkhorn_cellsim
8.064956e+02,23261,2.23338567925039e-04,3.25589073056719e-02,6.41669184625550e+02,sinkhorn_cellsim
8.071890e+02,23281,2.23050584052938e-04,3.25589071629637e-02,6.41669194795741e+02,sinkhorn_cellsim
8.078825e+02,23301,2.22757682801320e-04,3.25589070211485e-02,6.41669204944523e+02,sinkhorn_cellsim
8.085759e+02,23321,2.22459640458191e-04,3.25589068836552e-02,6.41669215071786e+02,sinkhorn_cellsim
8.092694e+02,23341,2.22157489958822e-04,3.25589067538913e-02,6.41669225177483e+02,sinkhorn_cellsim
8.099628e+02,23361,2.21851700001750e-04,3.25589066351982e-02,6.41669235261626e+02,sinkhorn_cellsim
8.106563e+02,23381,2.21543014895941e-04,3.25589065308148e-02,6.41669245324288e+02,sinkhorn_cellsim
8.113497e+02,23401,2.21227985160147e-04,3.25589064438442e-02,6.41669255365598e+02,sinkhorn_cellsim
8.120431e+02,23421,2.20908705872652e-04,3.25589063772266e-02,6.41669265385740e+02,sinkhorn_cellsim
8.127365e+02,23441,2.20583379523978e-04,3.25589063337207e-02,6.41669275384951e+02,sinkhorn_cellsim
8.134300e+02,23461,2.20251464187217e-04,3.25589063158876e-02,6.41669285363516e+02,sinkhorn_cellsim
8.141234e+02,23481,2.19913409606717e-04,3.25589063260851e-02,6.41669295321764e+02,sinkhorn_cellsim
8.148168e+02,23501,2.19569776668494e-04,3.25589063664618e-02,6.41669305260061e+02,sinkhorn_cellsim
8.155103e+02,23521,2.19222595819787e-04,3.25589064389595e-02,6.41669315178812e+02,sinkhorn_cellsim
8.162037e+02,23541,2.18873410004042e-04,3.25589065453179e-02,6.41669325078447e+02,sinkhorn_cellsim
8.168972e+02,23561,2.18521314879726e-04,3.25589066870785e-02,6.41669334959418e+02,sinkhorn_cellsim
8.175906e+02,23581,2.18166486631220e-04,3.25589068655922e-02,6.41669344822199e+02,sinkhorn_cellsim
8.182840e+02,23601,2.17810112802831e-04,3.25589070820265e-02,6.41669354667269e+02,sinkhorn_cellsim
8.189775e+02,23621,2.17451594257155e-04,3.25589073373699e-02,6.41669364495118e+02,sinkhorn_cellsim
8.196710e+02,23641,2.17090905652059e-04,3.25589076324376e-02,6.41669374306231e+02,sinkhorn_cellsim
8.203645e+02,23661,2.16728958382998e-04,3.25589079678722e-02,6.41669384101089e+02,sinkhorn_cellsim
8.210579e+02,23681,2.16367192441718e-04,3.25589083441458e-02,6.41669393880161e+02,sinkhorn_cellsim
8.217513e+02,23701,2.16004877958233e-04,3.25589087615570e-02,6.41669403643901e+02,sinkhorn_cellsim
8.224447e+02,23721,2.15642409238472e-04,3.25589092202280e-02,6.41669413392740e+02,sinkhorn_cellsim
8.231382e+02,23741,2.15280237215489e-04,3.25589097200978e-02,6.41669423127087e+02,sinkhorn_cellsim
8.238316e+02,23761,2.14918764524297e-04,3.25589102609166e-02,6.41669432847323e+02,sinkhorn_cellsim
8.245251e+02,23781,2.14558343577163e-04,3.25589108422374e-02,6.41669442553800e+02,sinkhorn_cellsim
8.252185e+02,23801,2.14199275847568e-04,3.25589114634077e-02,6.41669452246837e+02,sinkhorn_cellsim
8.259119e+02,23821,2.13842347754573e-04,3.25589121235617e-02,6.41669461926722e+02,sinkhorn_cellsim
8.266054e+02,23841,2.13489589789233e-04,3.25589128216155e-02,6.41669471593711e+02,sinkhorn_cellsim
8.272988e+02,23861,2.13140231154602e-04,3.25589135562597e-02,6.41669481248026e+02,sinkhorn_cellsim
8.279922e+02,23881,2.12792666863058e-04,3.25589143259593e-02,6.41669490889858e+02,sinkhorn_cellsim
8.286857e+02,23901,2.12447450006139e-04,3.25589151289538e-02,6.41669500519368e+02,sinkhorn_cellsim
8.293791e+02,23921,2.12104052918123e-04,3.25589159632632e-02,6.41669510136688e+02,sinkhorn_cellsim
8.300726e+02,23941,2.11762823886321e-04,3.25589168266970e-02,6.41669519741925e+02,sinkhorn_cellsim
8.307660e+02,23961,2.11425936796717e-04,3.25589177168686e-02,6.41669529335160e+02,sinkhorn_cellsim
8.314594e+02,23981,2.11091202288672e-04,3.25589186312153e-02,6.41669538916454e+02,sinkhorn_cellsim
8.321529e+02,24001,2.10757942299143e-04,3.25589195670211e-02,6.41669548485847e+02,sinkhorn_cellsim
8.328463e+02,24021,2.10426009463086e-04,3.25589205214460e-02,6.41669558043364e+02,sinkhorn_cellsim
8.335398e+02,24041,2.10095680290221e-04,3.25589214915597e-02,6.41669567589015e+02,sinkhorn_cellsim
8.342332e+02,24061,2.09767828714329e-04,3.25589224743761e-02,6.41669577122799e+02,sinkhorn_cellsim
8.349266e+02,24081,2.09441146110818e-04,3.25589234668928e-02,6.41669586644707e+02,sinkhorn_cellsim
8.356201e+02,24101,2.09115575571646e-04,3.25589244661287e-02,6.41669596154724e+02,sinkhorn_cellsim
8.363135e+02,24121,2.08791130683228e-04,3.25589254691644e-02,6.41669605652827e+02,sinkhorn_cellsim
8.370069e+02,24141,2.08469616946584e-04,3.25589264731788e-02,6.41669615138997e+02,sinkhorn_cellsim
8.377004e+02,24161,2.08149984033604e-04,3.25589274754846e-02,6.41669624613210e+02,sinkhorn_cellsim
8.383938e+02,24181,2.07832993265904e-04,3.25589284735578e-02,6.41669634075446e+02,sinkhorn_cellsim
8.390872e+02,24201,2.07518645306214e-04,3.25589294650643e-02,6.41669643525689e+02,sinkhorn_cellsim
8.397807e+02,24221,2.07205365208649e-04,3.25589304478796e-02,6.41669652963928e+02,sinkhorn_cellsim
8.404741e+02,24241,2.06893864487133e-04,3.25589314201011e-02,6.41669662390157e+02,sinkhorn_cellsim
8.411675e+02,24261,2.06590311173129e-04,3.25589323800574e-02,6.41669671804378e+02,sinkhorn_cellsim
8.418610e+02,24281,2.06295294094715e-04,3.25589333263072e-02,6.41669681206602e+02,sinkhorn_cellsim
8.425545e+02,24301,2.06002544729618e-04,3.25589342576339e-02,6.41669690596847e+02,sinkhorn_cellsim
8.432479e+02,24321,2.05713594790706e-04,3.25589351730349e-02,6.41669699975140e+02,sinkhorn_cellsim
8.439414e+02,24341,2.05428206994746e-04,3.25589360717052e-02,6.41669709341515e+02,sinkhorn_cellsim
8.446348e+02,24361,2.05143665657302e-04,3.25589369530178e-02,6.41669718696016e+02,sinkhorn_cellsim
8.453282e+02,24381,2.04860832979178e-04,3.25589378165001e-02,6.41669728038693e+02,sinkhorn_cellsim
8.460217e+02,24401,2.04579192275163e-04,3.25589386618105e-02,6.41669737369602e+02,sinkhorn_cellsim
8.467151e+02,24421,2.04300244961662e-04,3.25589394887127e-02,6.41669746688804e+02,sinkhorn_cellsim
8.474085e+02,24441,2.04024016812357e-04,3.25589402970491e-02,6.41669755996363e+02,sinkhorn_cellsim
8.481020e+02,24461,2.03748214713966e-04,3.25589410867190e-02,6.41669765292348e+02,sinkhorn_cellsim
8.487954e+02,24481,2.03473941990696e-04,3.25589418576564e-02,6.41669774576826e+02,sinkhorn_cellsim
8.494888e+02,24501,2.03200040581861e-04,3.25589426098107e-02,6.41669783849864e+02,sinkhorn_cellsim
8.501823e+02,24521,2.02927790389985e-04,3.25589433431315e-02,6.41669793111530e+02,sinkhorn_cellsim
8.508757e+02,24541,2.02657206652881e-04,3.25589440575569e-02,6.41669802361886e+02,sinkhorn_cellsim
8.515691e+02,24561,2.02387396420203e-04,3.25589447530074e-02,6.41669811600991e+02,sinkhorn_cellsim
8.522626e+02,24581,2.02119603706536e-04,3.25589454293813e-02,6.41669820828899e+02,sinkhorn_cellsim
8.529560e+02,24601,2.01855445079728e-04,3.25589460865577e-02,6.41669830045659e+02,sinkhorn_cellsim
8.536494e+02,24621,2.01593826871477e-04,3.25589467244008e-02,6.41669839251314e+02,sinkhorn_cellsim
8.543429e+02,24641,2.01333896356224e-04,3.25589473427708e-02,6.41669848445899e+02,sinkhorn_cellsim
8.550363e+02,24661,2.01074079789884e-04,3.25589479415351e-02,6.41669857629443e+02,sinkhorn_cellsim
8.557297e+02,24681,2.00816896844833e-04,3.25589485205858e-02,6.41669866801968e+02,sinkhorn_cellsim
8.564232e+02,24701,2.00561767664832e-04,3.25589490798572e-02,6.41669875963491e+02,sinkhorn_cellsim
8.571166e+02,24721,2.00308911152411e-04,3.25589496193443e-02,6.41669885114024e+02,sinkhorn_cellsim
8.578101e+02,24741,2.00056284794919e-04,3.25589501391244e-02,6.41669894253572e+02,sinkhorn_cellsim
8.585036e+02,24761,1.99803323711039e-04,3.25589506393758e-02,6.41669903382138e+02,sinkhorn_cellsim
8.591970e+02,24781,1.99552308282613e-04,3.25589511203964e-02,6.41669912499724e+02,sinkhorn_cellsim
8.598904e+02,24801,1.99305348811132e-04,3.25589515826215e-02,6.41669921606330e+02,sinkhorn_cellsim
8.605839e+02,24821,1.99061348704402e-04,3.25589520266361e-02,6.41669930701958e+02,sinkhorn_cellsim
8.612773e+02,24841,1.98824954426976e-04,3.25589524531882e-02,6.41669939786612e+02,sinkhorn_cellsim
8.619708e+02,24861,1.98590871672298e-04,3.25589528631932e-02,6.41669948860302e+02,sinkhorn_cellsim
8.626642e+02,24881,1.98357903505354e-04,3.25589532577396e-02,6.41669957923043e+02,sinkhorn_cellsim
8.633577e+02,24901,1.98126232725006e-04,3.25589536380867e-02,6.41669966974861e+02,sinkhorn_cellsim
8.640511e+02,24921,1.97894598005035e-04,3.25589540056596e-02,6.41669976015787e+02,sinkhorn_cellsim
8.647445e+02,24941,1.97663280205785e-04,3.25589543620416e-02,6.41669985045866e+02,sinkhorn_cellsim
8.654380e+02,24961,1.97431930546017e-04,3.25589547089609e-02,6.41669994065154e+02,sinkhorn_cellsim
8.661314e+02,24981,1.97201714308957e-04,3.25589550482772e-02,6.41670003073716e+02,sinkhorn_cellsim
8.668248e+02,25001,1.96972251210098e-04,3.25589553819626e-02,6.41670012071628e+02,sinkhorn_cellsim
8.675183e+02,25021,1.96745597541238e-04,3.25589557120844e-02,6.41670021058980e+02,sinkhorn_cellsim
8.682118e+02,25041,1.96523451685770e-04,3.25589560407845e-02,6.41670030035868e+02,sinkhorn_cellsim
8.689052e+02,25061,1.96303431706409e-04,3.25589563702594e-02,6.41670039002394e+02,sinkhorn_cellsim
8.695986e+02,25081,1.96085412347347e-04,3.25589567027403e-02,6.41670047958668e+02,sinkhorn_cellsim
8.702920e+02,25101,1.95867940627350e-04,3.25589570404758e-02,6.41670056904798e+02,sinkhorn_cellsim
8.709855e+02,25121,1.95651650623279e-04,3.25589573857125e-02,6.41670065840894e+02,sinkhorn_cellsim
8.716789e+02,25141,1.95439160160769e-04,3.25589577406805e-02,6.41670074767059e+02,sinkhorn_cellsim
8.723723e+02,25161,1.95230166740211e-04,3.25589581075812e-02,6.41670083683387e+02,sinkhorn_cellsim
8.730657e+02,25181,1.95022230776504e-04,3.25589584885728e-02,6.41670092589961e+02,sinkhorn_cellsim
8.737592e+02,25201,1.94816547068669e-04,3.25589588857649e-02,6.41670101486844e+02,sinkhorn_cellsim
8.744526e+02,25221,1.94611067791102e-04,3.25589593012080e-02,6.41670110374083e+02,sinkhorn_cellsim
8.751460e+02,25241,1.94406229759929e-04,3.25589597368915e-02,6.41670119251696e+02,sinkhorn_cellsim
8.758395e+02,25261,1.94202321705931e-04,3.25589601947361e-02,6.41670128119677e+02,sinkhorn_cellsim
8.765329e+02,25281,1.93997372669243e-04,3.25589606765928e-02,6.41670136977988e+02,sinkhorn_cellsim
8.772264e+02,25301,1.93791491807821e-04,3.25589611842402e-02,6.41670145826556e+02,sinkhorn_cellsim
8.779198e+02,25321,1.93584824794424e-04,3.25589617193808e-02,6.41670154665276e+02,sinkhorn_cellsim
8.786133e+02,25341,1.93377291197723e-04,3.25589622836367e-02,6.41670163494001e+02,sinkhorn_cellsim
8.793067e+02,25361,1.93167927256292e-04,3.25589628785468e-02,6.41670172312548e+02,sinkhorn_cellsim
8.800001e+02,25381,1.92957180307346e-04,3.25589635055580e-02,6.41670181120693e+02,sinkhorn_cellsim
8.806936e+02,25401,1.92744501307120e-04,3.25589641660177e-02,6.41670189918173e+02,sinkhorn_cellsim
8.813871e+02,25421,1.92529052332500e-04,3.25589648611635e-02,6.41670198704683e+02,sinkhorn_cellsim
8.820806e+02,25441,1.92310494581239e-04,3.25589655921084e-02,6.41670207479881e+02,sinkhorn_cellsim
8.827740e+02,25461,1.92089073971092e-04,3.25589663598276e-02,6.41670216243384e+02,sinkhorn_cellsim
8.834675e+02,25481,1.91865223390524e-04,3.25589671651407e-02,6.41670224994776e+02,sinkhorn_cellsim
8.841609e+02,25501,1.91639174542872e-04,3.25589680086932e-02,6.41670233733606e+02,sinkhorn_cellsim
8.848543e+02,25521,1.91409110733297e-04,3.25589688909400e-02,6.41670242459392e+02,sinkhorn_cellsim
8.855478e+02,25541,1.91173722853903e-04,3.25589698121281e-02,6.41670251171627e+02,sinkhorn_cellsim
8.862412e+02,25561,1.90934700811949e-04,3.25589707722797e-02,6.41670259869781e+02,sinkhorn_cellsim
8.869347e+02,25581,1.90690383144949e-04,3.25589717711843e-02,6.41670268553306e+02,sinkhorn_cellsim
8.876281e+02,25601,1.90439444638116e-04,3.25589728083899e-02,6.41670277221648e+02,sinkhorn_cellsim
8.883216e+02,25621,1.90181826119796e-04,3.25589738832041e-02,6.41670285874243e+02,sinkhorn_cellsim
8.890150e+02,25641,1.89917000812376e-04,3.25589749947035e-02,6.41670294510537e+02,sinkhorn_cellsim
8.897084e+02,25661,1.89644939751417e-04,3.25589761417473e-02,6.41670303129983e+02,sinkhorn_cellsim
8.904018e+02,25681,1.89368384010133e-04,3.25589773230052e-02,6.41670311732056e+02,sinkhorn_cellsim
8.910953e+02,25701,1.89084926745015e-04,3.25589785369901e-02,6.41670320316262e+02,sinkhorn_cellsim
8.917887e+02,25721,1.88795720118278e-04,3.25589797820972e-02,6.41670328882141e+02,sinkhorn_cellsim
8.924822e+02,25741,1.88500251408468e-04,3.25589810566526e-02,6.41670337429282e+02,sinkhorn_cellsim
8.931756e+02,25761,1.88197392891441e-04,3.25589823589593e-02,6.41670345957328e+02,sinkhorn_cellsim
8.938690e+02,25781,1.87890609499508e-04,3.25589836873454e-02,6.41670354465985e+02,sinkhorn_cellsim
8.945625e+02,25801,1.87577917345075e-04,3.25589850402046e-02,6.41670362955027e+02,sinkhorn_cellsim
8.952559e+02,25821,1.87259278057693e-04,3.25589864160309e-02,6.41670371424301e+02,sinkhorn_cellsim
8.959493e+02,25841,1.86935595428508e-04,3.25589878134356e-02,6.41670379873733e+02,sinkhorn_cellsim
8.966427e+02,25861,1.86607357216238e-04,3.25589892311547e-02,6.41670388303325e+02,sinkhorn_cellsim
8.973362e+02,25881,1.86276651445243e-04,3.25589906680344e-02,6.41670396713161e+02,sinkhorn_cellsim
8.980296e+02,25901,1.85943271155391e-04,3.25589921230020e-02,6.41670405103400e+02,sinkhorn_cellsim
8.987231e+02,25921,1.85606286410485e-04,3.25589935950223e-02,6.41670413474271e+02,sinkhorn_cellsim
8.994165e+02,25941,1.85267012364714e-04,3.25589950830380e-02,6.41670421826074e+02,sinkhorn_cellsim
9.001099e+02,25961,1.84924472676496e-04,3.25589965859105e-02,6.41670430159165e+02,sinkhorn_cellsim
9.008034e+02,25981,1.84582731639937e-04,3.25589981023501e-02,6.41670438473952e+02,sinkhorn_cellsim
9.014968e+02,26001,1.84244605487888e-04,3.25589996308578e-02,6.41670446770886e+02,sinkhorn_cellsim
9.021902e+02,26021,1.83907422396361e-04,3.25590011696728e-02,6.41670455050450e+02,sinkhorn_cellsim
9.028836e+02,26041,1.83570895202114e-04,3.25590027167349e-02,6.41670463313151e+02,sinkhorn_cellsim
9.035771e+02,26061,1.83236323711049e-04,3.25590042696647e-02,6.41670471559513e+02,sinkhorn_cellsim
9.042705e+02,26081,1.82901133325811e-04,3.25590058257622e-02,6.41670479790066e+02,sinkhorn_cellsim
9.049639e+02,26101,1.82565447935574e-04,3.25590073820234e-02,6.41670488005339e+02,sinkhorn_cellsim
9.056574e+02,26121,1.82229868638251e-04,3.25590089351744e-02,6.41670496205860e+02,sinkhorn_cellsim
9.063508e+02,26141,1.81895167465879e-04,3.25590104817199e-02,6.41670504392143e+02,sinkhorn_cellsim
9.070443e+02,26161,1.81561531350710e-04,3.25590120180039e-02,6.41670512564690e+02,sinkhorn_cellsim
9.077377e+02,26181,1.81230596465147e-04,3.25590135402756e-02,6.41670520723989e+02,sinkhorn_cellsim
9.084312e+02,26201,1.80903231977553e-04,3.25590150447595e-02,6.41670528870507e+02,sinkhorn_cellsim
9.091246e+02,26221,1.80579497221266e-04,3.25590165277261e-02,6.41670537004695e+02,sinkhorn_cellsim
9.098180e+02,26241,1.80260614750879e-04,3.25590179855581e-02,6.41670545126983e+02,sinkhorn_cellsim
9.105115e+02,26261,1.79946250305764e-04,3.25590194148120e-02,6.41670553237783e+02,sinkhorn_cellsim
9.112049e+02,26281,1.79636003279401e-04,3.25590208122706e-02,6.41670561337490e+02,sinkhorn_cellsim
9.118984e+02,26301,1.79330123387945e-04,3.25590221749883e-02,6.41670569426479e+02,sinkhorn_cellsim
9.125918e+02,26321,1.79029875082421e-04,3.25590235003251e-02,6.41670577505110e+02,sinkhorn_cellsim
9.132853e+02,26341,1.78734290891014e-04,3.25590247859713e-02,6.41670585573725e+02,sinkhorn_cellsim
9.139787e+02,26361,1.78444283448609e-04,3.25590260299645e-02,6.41670593632651e+02,sinkhorn_cellsim
9.146721e+02,26381,1.78158800140115e-04,3.25590272306935e-02,6.41670601682203e+02,sinkhorn_cellsim
9.153656e+02,26401,1.77879486826589e-04,3.25590283868972e-02,6.41670609722678e+02,sinkhorn_cellsim
9.160591e+02,26421,1.77604881682750e-04,3.25590294976557e-02,6.41670617754361e+02,sinkhorn_cellsim
9.167526e+02,26441,1.77340233739551e-04,3.25590305623725e-02,6.41670625777524e+02,sinkhorn_cellsim
9.174460e+02,26461,1.77083790320454e-04,3.25590315807549e-02,6.41670633792429e+02,sinkhorn_cellsim
9.181394e+02,26481,1.76833387304566e-04,3.25590325527881e-02,6.41670641799321e+02,sinkhorn_cellsim
9.188329e+02,26501,1.76590059360640e-04,3.25590334787080e-02,6.41670649798437e+02,sinkhorn_cellsim
9.195263e+02,26521,1.76352847394793e-04,3.25590343589701e-02,6.41670657790000e+02,sinkhorn_cellsim
9.202197e+02,26541,1.76122471306821e-04,3.25590351942213e-02,6.41670665774226e+02,sinkhorn_cellsim
9.209132e+02,26561,1.75898036382012e-04,3.25590359852687e-02,6.41670673751314e+02,sinkhorn_cellsim
9.216066e+02,26581,1.75679454723992e-04,3.25590367330533e-02,6.41670681721457e+02,sinkhorn_cellsim
9.223000e+02,26601,1.75465431605059e-04,3.25590374386227e-02,6.41670689684835e+02,sinkhorn_cellsim
9.229935e+02,26621,1.75256644923169e-04,3.25590381031091e-02,6.41670697641621e+02,sinkhorn_cellsim
9.236869e+02,26641,1.75052404410948e-04,3.25590387277099e-02,6.41670705591976e+02,sinkhorn_cellsim
9.243803e+02,26661,1.74853543115310e-04,3.25590393136711e-02,6.41670713536051e+02,sinkhorn_cellsim
9.250738e+02,26681,1.74661008635834e-04,3.25590398622760e-02,6.41670721473992e+02,sinkhorn_cellsim
9.257672e+02,26701,1.74474249724383e-04,3.25590403748357e-02,6.41670729405935e+02,sinkhorn_cellsim
9.264607e+02,26721,1.74291702349661e-04,3.25590408526844e-02,6.41670737332009e+02,sinkhorn_cellsim
9.271541e+02,26741,1.74114447598139e-04,3.25590412971766e-02,6.41670745252338e+02,sinkhorn_cellsim
9.278476e+02,26761,1.73940571829017e-04,3.25590417096875e-02,6.41670753167041e+02,sinkhorn_cellsim
9.285410e+02,26781,1.73769808702326e-04,3.25590420916134e-02,6.41670761076231e+02,sinkhorn_cellsim
9.292344e+02,26801,1.73602070198250e-04,3.25590424443750e-02,6.41670768980021e+02,sinkhorn_cellsim
9.299279e+02,26821,1.73437278839453e-04,3.25590427694199e-02,6.41670776878519e+02,sinkhorn_cellsim
9.306214e+02,26841,1.73275872184099e-04,3.25590430682238e-02,6.41670784771834e+02,sinkhorn_cellsim
9.313148e+02,26861,1.73119525878423e-04,3.25590433422931e-02,6.41670792660071e+02,sinkhorn_cellsim
9.320082e+02,26881,1.72968355420578e-04,3.25590435931623e-02,6.41670800543339e+02,sinkhorn_cellsim
9.327017e+02,26901,1.72819531190294e-04,3.25590438223938e-02,6.41670808421743e+02,sinkhorn_cellsim
9.333951e+02,26921,1.72674128480674e-04,3.25590440315699e-02,6.41670816295392e+02,sinkhorn_cellsim
9.340885e+02,26941,1.72532209578413e-04,3.25590442222886e-02,6.41670824164390e+02,sinkhorn_cellsim
9.347820e+02,26961,1.72395388661812e-04,3.25590443961526e-02,6.41670832028844e+02,sinkhorn_cellsim
9.354754e+02,26981,1.72262544058797e-04,3.25590445547583e-02,6.41670839888859e+02,sinkhorn_cellsim
9.361689e+02,27001,1.72132823842829e-04,3.25590446996837e-02,6.41670847744534e+02,sinkhorn_cellsim
9.368623e+02,27021,1.72005822837736e-04,3.25590448324736e-02,6.41670855595969e+02,sinkhorn_cellsim
9.375558e+02,27041,1.71881617476139e-04,3.25590449546262e-02,6.41670863443254e+02,sinkhorn_cellsim
9.382492e+02,27061,1.71759562532079e-04,3.25590450675792e-02,6.41670871286475e+02,sinkhorn_cellsim
9.389426e+02,27081,1.71639604528390e-04,3.25590451726961e-02,6.41670879125709e+02,sinkhorn_cellsim
9.396361e+02,27101,1.71521931135858e-04,3.25590452712552e-02,6.41670886961025e+02,sinkhorn_cellsim
9.403297e+02,27121,1.71406274041138e-04,3.25590453644384e-02,6.41670894792478e+02,sinkhorn_cellsim
9.410231e+02,27141,1.71292552871196e-04,3.25590454533252e-02,6.41670902620114e+02,sinkhorn_cellsim
9.417166e+02,27161,1.71180699970255e-04,3.25590455388866e-02,6.41670910443966e+02,sinkhorn_cellsim
9.424100e+02,27181,1.71071774142207e-04,3.25590456219822e-02,6.41670918264051e+02,sinkhorn_cellsim
9.431035e+02,27201,1.70964569222983e-04,3.25590457033612e-02,6.41670926080376e+02,sinkhorn_cellsim
9.437969e+02,27221,1.70859151713336e-04,3.25590457836649e-02,6.41670933892930e+02,sinkhorn_cellsim
9.444904e+02,27241,1.70756357881990e-04,3.25590458634306e-02,6.41670941701692e+02,sinkhorn_cellsim
9.451838e+02,27261,1.70657401822417e-04,3.25590459431002e-02,6.41670949506626e+02,sinkhorn_cellsim
9.458773e+02,27281,1.70559980405034e-04,3.25590460230268e-02,6.41670957307684e+02,sinkhorn_cellsim
9.465707e+02,27301,1.70464259437755e-04,3.25590461034850e-02,6.41670965104808e+02,sinkhorn_cellsim
9.472642e+02,27321,1.70369570309615e-04,3.25590461846820e-02,6.41670972897930e+02,sinkhorn_cellsim
9.479576e+02,27341,1.70275275770737e-04,3.25590462667666e-02,6.41670980686972e+02,sinkhorn_cellsim
9.486510e+02,27361,1.70181322536523e-04,3.25590463498408e-02,6.41670988471852e+02,sinkhorn_cellsim
9.493445e+02,27381,1.70087340710564e-04,3.25590464339692e-02,6.41670996252483e+02,sinkhorn_cellsim
9.500379e+02,27401,1.69993958863610e-04,3.25590465191875e-02,6.41671004028777e+02,sinkhorn_cellsim
9.507314e+02,27421,1.69900036477930e-04,3.25590466055116e-02,6.41671011800644e+02,sinkhorn_cellsim
9.514248e+02,27441,1.69805472285355e-04,3.25590466929435e-02,6.41671019567997e+02,sinkhorn_cellsim
9.521183e+02,27461,1.69710337975819e-04,3.25590467814780e-02,6.41671027330754e+02,sinkhorn_cellsim
9.528117e+02,27481,1.69614765548629e-04,3.25590468711049e-02,6.41671035088839e+02,sinkhorn_cellsim
9.535051e+02,27501,1.69518970943079e-04,3.25590469618151e-02,6.41671042842184e+02,sinkhorn_cellsim
9.541986e+02,27521,1.69424105181640e-04,3.25590470535992e-02,6.41671050590734e+02,sinkhorn_cellsim
9.548921e+02,27541,1.69330343586753e-04,3.25590471464506e-02,6.41671058334443e+02,sinkhorn_cellsim
9.555855e+02,27561,1.69236666549658e-04,3.25590472403653e-02,6.41671066073280e+02,sinkhorn_cellsim
9.562790e+02,27581,1.69141973112713e-04,3.25590473353402e-02,6.41671073807229e+02,sinkhorn_cellsim
9.569724e+02,27601,1.69046355877120e-04,3.25590474313742e-02,6.41671081536291e+02,sinkhorn_cellsim
9.576659e+02,27621,1.68949930959638e-04,3.25590475284654e-02,6.41671089260481e+02,sinkhorn_cellsim
9.583593e+02,27641,1.68852836649039e-04,3.25590476266110e-02,6.41671096979834e+02,sinkhorn_cellsim
9.590527e+02,27661,1.68755790257896e-04,3.25590477258051e-02,6.41671104694401e+02,sinkhorn_cellsim
9.597462e+02,27681,1.68658444854230e-04,3.25590478260386e-02,6.41671112404250e+02,sinkhorn_cellsim
9.604396e+02,27701,1.68560933402864e-04,3.25590479272972e-02,6.41671120109466e+02,sinkhorn_cellsim
9.611331e+02,27721,1.68463462378369e-04,3.25590480295613e-02,6.41671127810150e+02,sinkhorn_cellsim
9.618266e+02,27741,1.68366247947609e-04,3.25590481328041e-02,6.41671135506417e+02,sinkhorn_cellsim
9.625200e+02,27761,1.68269512667824e-04,3.25590482369918e-02,6.41671143198399e+02,sinkhorn_cellsim
9.632135e+02,27781,1.68173482049904e-04,3.25590483420817e-02,6.41671150886236e+02,sinkhorn_cellsim
9.639069e+02,27801,1.68078381063403e-04,3.25590484480231e-02,6.41671158570081e+02,sinkhorn_cellsim
9.646004e+02,27821,1.67984806106893e-04,3.25590485547533e-02,6.41671166250095e+02,sinkhorn_cellsim
9.652938e+02,27841,1.67892850875103e-04,3.25590486622002e-02,6.41671173926445e+02,sinkhorn_cellsim
9.659873e+02,27861,1.67803538607950e-04,3.25590487702786e-02,6.41671181599304e+02,sinkhorn_cellsim
9.666807e+02,27881,1.67715939029729e-04,3.25590488788921e-02,6.41671189268846e+02,sinkhorn_cellsim
9.673741e+02,27901,1.67630431766090e-04,3.25590489879291e-02,6.41671196935246e+02,sinkhorn_cellsim
9.680676e+02,27921,1.67548372754459e-04,3.25590490972650e-02,6.41671204598677e+02,sinkhorn_cellsim
9.687610e+02,27941,1.67468310383534e-04,3.25590492067599e-02,6.41671212259308e+02,sinkhorn_cellsim
9.694544e+02,27961,1.67390369645374e-04,3.25590493162601e-02,6.41671219917303e+02,sinkhorn_cellsim
9.701479e+02,27981,1.67314937830112e-04,3.25590494255966e-02,6.41671227572818e+02,sinkhorn_cellsim
9.708413e+02,28001,1.67242588404747e-04,3.25590495345862e-02,6.41671235225999e+02,sinkhorn_cellsim
9.715347e+02,28021,1.67172498665212e-04,3.25590496430317e-02,6.41671242876986e+02,sinkhorn_cellsim
9.722281e+02,28041,1.67104699075347e-04,3.25590497507234e-02,6.41671250525901e+02,sinkhorn_cellsim
9.729215e+02,28061,1.67039194943720e-04,3.25590498574387e-02,6.41671258172861e+02,sinkhorn_cellsim
9.736150e+02,28081,1.66975967564195e-04,3.25590499629440e-02,6.41671265817965e+02,sinkhorn_cellsim
9.743084e+02,28101,1.66914975660113e-04,3.25590500669957e-02,6.41671273461302e+02,sinkhorn_cellsim
9.750018e+02,28121,1.66856157093146e-04,3.25590501693426e-02,6.41671281102947e+02,sinkhorn_cellsim
9.756953e+02,28141,1.66799430756403e-04,3.25590502697248e-02,6.41671288742961e+02,sinkhorn_cellsim
9.763887e+02,28161,1.66744698635839e-04,3.25590503678765e-02,6.41671296381393e+02,sinkhorn_cellsim
9.770822e+02,28181,1.66691847970834e-04,3.25590504635283e-02,6.41671304018279e+02,sinkhorn_cellsim
9.777756e+02,28201,1.66640753459609e-04,3.25590505564074e-02,6.41671311653642e+02,sinkhorn_cellsim
9.784691e+02,28221,1.66591279492799e-04,3.25590506462396e-02,6.41671319287495e+02,sinkhorn_cellsim
9.791625e+02,28241,1.66543282376613e-04,3.25590507327508e-02,6.41671326919840e+02,sinkhorn_cellsim
9.798560e+02,28261,1.66496612527989e-04,3.25590508156691e-02,6.41671334550666e+02,sinkhorn_cellsim
9.805494e+02,28281,1.66451116631907e-04,3.25590508947270e-02,6.41671342179957e+02,sinkhorn_cellsim
9.812428e+02,28301,1.66406639730406e-04,3.25590509696633e-02,6.41671349807687e+02,sinkhorn_cellsim
9.819362e+02,28321,1.66363027271855e-04,3.25590510402260e-02,6.41671357433820e+02,sinkhorn_cellsim
9.826297e+02,28341,1.66320127089313e-04,3.25590511061754e-02,6.41671365058319e+02,sinkhorn_cellsim
9.833231e+02,28361,1.66277791309411e-04,3.25590511672859e-02,6.41671372681137e+02,sinkhorn_cellsim
9.840166e+02,28381,1.66235878223975e-04,3.25590512233519e-02,6.41671380302226e+02,sinkhorn_cellsim
9.847100e+02,28401,1.66194254048934e-04,3.25590512741891e-02,6.41671387921536e+02,sinkhorn_cellsim
9.854034e+02,28421,1.66152794651456e-04,3.25590513196410e-02,6.41671395539013e+02,sinkhorn_cellsim
9.860968e+02,28441,1.66111387138626e-04,3.25590513595816e-02,6.41671403154604e+02,sinkhorn_cellsim
9.867903e+02,28461,1.66069931367112e-04,3.25590513939216e-02,6.41671410768259e+02,sinkhorn_cellsim
9.874837e+02,28481,1.66028341277910e-04,3.25590514226108e-02,6.41671418379928e+02,sinkhorn_cellsim
9.881772e+02,28501,1.65986546092940e-04,3.25590514456450e-02,6.41671425989567e+02,sinkhorn_cellsim
9.888707e+02,28521,1.65944491282484e-04,3.25590514630697e-02,6.41671433597136e+02,sinkhorn_cellsim
9.895641e+02,28541,1.65902404645856e-04,3.25590514749830e-02,6.41671441202601e+02,sinkhorn_cellsim
9.902575e+02,28561,1.65860887125696e-04,3.25590514815395e-02,6.41671448805936e+02,sinkhorn_cellsim
9.909509e+02,28581,1.65820071540388e-04,3.25590514829538e-02,6.41671456407124e+02,sinkhorn_cellsim
9.916444e+02,28601,1.65778779729488e-04,3.25590514795000e-02,6.41671464006156e+02,sinkhorn_cellsim
9.923378e+02,28621,1.65737056367842e-04,3.25590514715129e-02,6.41671471603033e+02,sinkhorn_cellsim
9.930312e+02,28641,1.65694960840261e-04,3.25590514593865e-02,6.41671479197764e+02,sinkhorn_cellsim
9.937247e+02,28661,1.65652565949489e-04,3.25590514435707e-02,6.41671486790370e+02,sinkhorn_cellsim
9.944181e+02,28681,1.65610110605686e-04,3.25590514245674e-02,6.41671494380881e+02,sinkhorn_cellsim
9.951115e+02,28701,1.65568518394142e-04,3.25590514029235e-02,6.41671501969336e+02,sinkhorn_cellsim
9.958050e+02,28721,1.65526817450592e-04,3.25590513792245e-02,6.41671509555782e+02,sinkhorn_cellsim
9.964984e+02,28741,1.65485121753260e-04,3.25590513540836e-02,6.41671517140275e+02,sinkhorn_cellsim
9.971918e+02,28761,1.65443547204397e-04,3.25590513281339e-02,6.41671524722875e+02,sinkhorn_cellsim
9.978852e+02,28781,1.65402209010677e-04,3.25590513020158e-02,6.41671532303650e+02,sinkhorn_cellsim
9.985786e+02,28801,1.65361219112845e-04,3.25590512763661e-02,6.41671539882670e+02,sinkhorn_cellsim
9.992721e+02,28821,1.65321615595118e-04,3.25590512518072e-02,6.41671547460007e+02,sinkhorn_cellsim
9.999655e+02,28841,1.65283740911111e-04,3.25590512289347e-02,6.41671555035735e+02,sinkhorn_cellsim
1.000659e+03,28861,1.65246342981829e-04,3.25590512083083e-02,6.41671562609926e+02,sinkhorn_cellsim
1.001352e+03,28881,1.65209511207707e-04,3.25590511904419e-02,6.41671570182654e+02,sinkhorn_cellsim
1.002046e+03,28901,1.65173320902306e-04,3.25590511757960e-02,6.41671577753984e+02,sinkhorn_cellsim
1.002739e+03,28921,1.65137832313265e-04,3.25590511647688e-02,6.41671585323982e+02,sinkhorn_cellsim
1.003433e+03,28941,1.65103090041426e-04,3.25590511576946e-02,6.41671592892704e+02,sinkhorn_cellsim
1.004126e+03,28961,1.65069122748703e-04,3.25590511548377e-02,6.41671600460203e+02,sinkhorn_cellsim
1.004820e+03,28981,1.65035943201637e-04,3.25590511563921e-02,6.41671608026523e+02,sinkhorn_cellsim
1.005513e+03,29001,1.65003548580253e-04,3.25590511624803e-02,6.41671615591702e+02,sinkhorn_cellsim
1.006207e+03,29021,1.64971921030563e-04,3.25590511731553e-02,6.41671623155769e+02,sinkhorn_cellsim
1.006900e+03,29041,1.64941028396756e-04,3.25590511884019e-02,6.41671630718744e+02,sinkhorn_cellsim
1.007593e+03,29061,1.64910825116791e-04,3.25590512081410e-02,6.41671638280640e+02,sinkhorn_cellsim
1.008287e+03,29081,1.64881253208098e-04,3.25590512322328e-02,6.41671645841459e+02,sinkhorn_cellsim
1.008980e+03,29101,1.64852243344517e-04,3.25590512604821e-02,6.41671653401196e+02,sinkhorn_cellsim
1.009674e+03,29121,1.64823715945799e-04,3.25590512926419e-02,6.41671660959836e+02,sinkhorn_cellsim
1.010367e+03,29141,1.64795582314757e-04,3.25590513284199e-02,6.41671668517358e+02,sinkhorn_cellsim
1.011061e+03,29161,1.64767745751442e-04,3.25590513674832e-02,6.41671676073729e+02,sinkhorn_cellsim
1.011754e+03,29181,1.64740102648627e-04,3.25590514094624e-02,6.41671683628909e+02,sinkhorn_cellsim
1.012448e+03,29201,1.64712543587284e-04,3.25590514539576e-02,6.41671691182852e+02,sinkhorn_cellsim
1.013141e+03,29221,1.64684954391029e-04,3.25590515005413e-02,6.41671698735501e+02,sinkhorn_cellsim
1.013834e+03,29241,1.64657217190184e-04,3.25590515487636e-02,6.41671706286793e+02,sinkhorn_cellsim
1.014528e+03,29261,1.64629211464176e-04,3.25590515981565e-02,6.41671713836660e+02,sinkhorn_cellsim
1.015221e+03,29281,1.64600815090147e-04,3.25590516482352e-02,6.41671721385023e+02,sinkhorn_cellsim
1.015915e+03,29301,1.64571905422624e-04,3.25590516985038e-02,6.41671728931802e+02,sinkhorn_cellsim
1.016608e+03,29321,1.64542360393576e-04,3.25590517484565e-02,6.41671736476907e+02,sinkhorn_cellsim
1.017302e+03,29341,1.64512059660354e-04,3.25590517975816e-02,6.41671744020244e+02,sinkhorn_cellsim
1.017995e+03,29361,1.64480885806219e-04,3.25590518453631e-02,6.41671751561718e+02,sinkhorn_cellsim
1.018688e+03,29381,1.64448725606218e-04,3.25590518912859e-02,6.41671759101227e+02,sinkhorn_cellsim
1.019382e+03,29401,1.64415471336675e-04,3.25590519348362e-02,6.41671766638667e+02,sinkhorn_cellsim
1.020075e+03,29421,1.64381022153971e-04,3.25590519755059e-02,6.41671774173933e+02,sinkhorn_cellsim
1.020769e+03,29441,1.64345285517252e-04,3.25590520127969e-02,6.41671781706920e+02,sinkhorn_cellsim
1.021462e+03,29461,1.64308178634309e-04,3.25590520462248e-02,6.41671789237523e+02,sinkhorn_cellsim
1.022156e+03,29481,1.64269629904245e-04,3.25590520753233e-02,6.41671796765639e+02,sinkhorn_cellsim
1.022849e+03,29501,1.64229580331319e-04,3.25590520996498e-02,6.41671804291168e+02,sinkhorn_cellsim
1.023542e+03,29521,1.64187984872295e-04,3.25590521187910e-02,6.41671811814013e+02,sinkhorn_cellsim
1.024236e+03,29541,1.64144813654910e-04,3.25590521323693e-02,6.41671819334086e+02,sinkhorn_cellsim
1.024929e+03,29561,1.64100053041097e-04,3.25590521400503e-02,6.41671826851304e+02,sinkhorn_cellsim
1.025623e+03,29581,1.64053706461262e-04,3.25590521415488e-02,6.41671834365591e+02,sinkhorn_cellsim
1.026316e+03,29601,1.64005795002311e-04,3.25590521366378e-02,6.41671841876884e+02,sinkhorn_cellsim
1.027010e+03,29621,1.63956475565348e-04,3.25590521251540e-02,6.41671849385126e+02,sinkhorn_cellsim
1.027703e+03,29641,1.63907563845676e-04,3.25590521070066e-02,6.41671856890276e+02,sinkhorn_cellsim
1.028397e+03,29661,1.63857131228963e-04,3.25590520821827e-02,6.41671864392301e+02,sinkhorn_cellsim
1.029090e+03,29681,1.63805247854990e-04,3.25590520507528e-02,6.41671871891182e+02,sinkhorn_cellsim
1.029783e+03,29701,1.63752436455661e-04,3.25590520128742e-02,6.41671879386914e+02,sinkhorn_cellsim
1.030477e+03,29721,1.63699234994520e-04,3.25590519687956e-02,6.41671886879501e+02,sinkhorn_cellsim
1.031170e+03,29741,1.63645662773465e-04,3.25590519188554e-02,6.41671894368963e+02,sinkhorn_cellsim
1.031864e+03,29761,1.63591016647692e-04,3.25590518634815e-02,6.41671901855329e+02,sinkhorn_cellsim
1.032557e+03,29781,1.63535305419360e-04,3.25590518031864e-02,6.41671909338639e+02,sinkhorn_cellsim
1.033251e+03,29801,1.63478684356555e-04,3.25590517385624e-02,6.41671916818945e+02,sinkhorn_cellsim
1.033944e+03,29821,1.63421313751763e-04,3.25590516702734e-02,6.41671924296304e+02,sinkhorn_cellsim
1.034637e+03,29841,1.63363356217485e-04,3.25590515990442e-02,6.41671931770782e+02,sinkhorn_cellsim
1.035331e+03,29861,1.63304973915655e-04,3.25590515256493e-02,6.41671939242452e+02,sinkhorn_cellsim
1.036024e+03,29881,1.63246570058694e-04,3.25590514508991e-02,6.41671946711389e+02,sinkhorn_cellsim
1.036718e+03,29901,1.63188064302885e-04,3.25590513756273e-02,6.41671954177670e+02,sinkhorn_cellsim
1.037411e+03,29921,1.63129551080795e-04,3.25590513006756e-02,6.41671961641375e+02,sinkhorn_cellsim
1.038105e+03,29941,1.63071162972372e-04,3.25590512268800e-02,6.41671969102581e+02,sinkhorn_cellsim
1.038798e+03,29961,1.63013020125397e-04,3.25590511550558e-02,6.41671976561365e+02,sinkhorn_cellsim
1.039492e+03,29981,1.62955228549947e-04,3.25590510859861e-02,6.41671984017798e+02,sinkhorn_cellsim
1.040185e+03,30001,1.62897878761950e-04,3.25590510204077e-02,6.41671991471948e+02,sinkhorn_cellsim
1.040878e+03,30021,1.62841397994074e-04,3.25590509590030e-02,6.41671998923876e+02,sinkhorn_cellsim
1.041572e+03,30041,1.62785525767800e-04,3.25590509023886e-02,6.41672006373637e+02,sinkhorn_cellsim
1.042265e+03,30061,1.62730285785802e-04,3.25590508511097e-02,6.41672013821277e+02,sinkhorn_cellsim
1.042959e+03,30081,1.62676724651128e-04,3.25590508056318e-02,6.41672021266835e+02,sinkhorn_cellsim
1.043652e+03,30101,1.62624597034508e-04,3.25590507663401e-02,6.41672028710342e+02,sinkhorn_cellsim
1.044345e+03,30121,1.62573137830239e-04,3.25590507335324e-02,6.41672036151818e+02,sinkhorn_cellsim
1.045039e+03,30141,1.62522305901945e-04,3.25590507074196e-02,6.41672043591277e+02,sinkhorn_cellsim
1.045732e+03,30161,1.62472048623931e-04,3.25590506881260e-02,6.41672051028723e+02,sinkhorn_cellsim
1.046426e+03,30181,1.62422303440455e-04,3.25590506756871e-02,6.41672058464154e+02,sinkhorn_cellsim
1.047119e+03,30201,1.62373217707488e-04,3.25590506700525e-02,6.41672065897556e+02,sinkhorn_cellsim
1.047813e+03,30221,1.62324564459137e-04,3.25590506710878e-02,6.41672073328911e+02,sinkhorn_cellsim
1.048506e+03,30241,1.62276209280690e-04,3.25590506785751e-02,6.41672080758193e+02,sinkhorn_cellsim
1.049199e+03,30261,1.62228063394455e-04,3.25590506922166e-02,6.41672088185371e+02,sinkhorn_cellsim
1.049893e+03,30281,1.62180035808976e-04,3.25590507116383e-02,6.41672095610408e+02,sinkhorn_cellsim
1.050586e+03,30301,1.62132034495045e-04,3.25590507363906e-02,6.41672103033260e+02,sinkhorn_cellsim
1.051280e+03,30321,1.62083967390476e-04,3.25590507659550e-02,6.41672110453881e+02,sinkhorn_cellsim
1.051973e+03,30341,1.62035743160806e-04,3.25590507997466e-02,6.41672117872220e+02,sinkhorn_cellsim
1.052667e+03,30361,1.61987271711314e-04,3.25590508371167e-02,6.41672125288221e+02,sinkhorn_cellsim
1.053360e+03,30381,1.61938464515506e-04,3.25590508773615e-02,6.41672132701826e+02,sinkhorn_cellsim
1.054054e+03,30401,1.61889234677842e-04,3.25590509197253e-02,6.41672140112973e+02,sinkhorn_cellsim
1.054747e+03,30421,1.61839496816450e-04,3.25590509634066e-02,6.41672147521599e+02,sinkhorn_cellsim
1.055440e+03,30441,1.61789166793620e-04,3.25590510075656e-02,6.41672154927632e+02,sinkhorn_cellsim
1.056134e+03,30461,1.61738161327575e-04,3.25590510513324e-02,6.41672162331003e+02,sinkhorn_cellsim
1.056827e+03,30481,1.61686397524389e-04,3.25590510938145e-02,6.41672169731635e+02,sinkhorn_cellsim
1.057521e+03,30501,1.61633792422034e-04,3.25590511341062e-02,6.41672177129450e+02,sinkhorn_cellsim
1.058214e+03,30521,1.61580262554140e-04,3.25590511712973e-02,6.41672184524362e+02,sinkhorn_cellsim
1.058908e+03,30541,1.61525723640221e-04,3.25590512044843e-02,6.41672191916285e+02,sinkhorn_cellsim
1.059601e+03,30561,1.61470090404057e-04,3.25590512327798e-02,6.41672199305126e+02,sinkhorn_cellsim
1.060295e+03,30581,1.61413276585722e-04,3.25590512553226e-02,6.41672206690789e+02,sinkhorn_cellsim
1.060988e+03,30601,1.61355195171991e-04,3.25590512712887e-02,6.41672214073173e+02,sinkhorn_cellsim
1.061681e+03,30621,1.61295758847595e-04,3.25590512799008e-02,6.41672221452171e+02,sinkhorn_cellsim
1.062375e+03,30641,1.61234880671147e-04,3.25590512804376e-02,6.41672228827676e+02,sinkhorn_cellsim
1.063068e+03,30661,1.61172474969678e-04,3.25590512722428e-02,6.41672236199573e+02,sinkhorn_cellsim
1.063762e+03,30681,1.61108458398212e-04,3.25590512547320e-02,6.41672243567748e+02,sinkhorn_cellsim
1.064455e+03,30701,1.61042751146188e-04,3.25590512274005e-02,6.41672250932082e+02,sinkhorn_cellsim
1.065149e+03,30721,1.60975278216465e-04,3.25590511898271e-02,6.41672258292457e+02,sinkhorn_cellsim
1.065842e+03,30741,1.60905970723671e-04,3.25590511416781e-02,6.41672265648754e+02,sinkhorn_cellsim
1.066535e+03,30761,1.60835190907189e-04,3.25590510827096e-02,6.41672273000852e+02,sinkhorn_cellsim
1.067229e+03,30781,1.60763870410081e-04,3.25590510127664e-02,6.41672280348635e+02,sinkhorn_cellsim
1.067922e+03,30801,1.60690403542851e-04,3.25590509317806e-02,6.41672287691987e+02,sinkhorn_cellsim
1.068616e+03,30821,1.60614767562860e-04,3.25590508397686e-02,6.41672295030797e+02,sinkhorn_cellsim
1.069309e+03,30841,1.60536949836703e-04,3.25590507368235e-02,6.41672302364955e+02,sinkhorn_cellsim
1.070003e+03,30861,1.60456948240321e-04,3.25590506231102e-02,6.41672309694360e+02,sinkhorn_cellsim
1.070696e+03,30881,1.60375228252985e-04,3.25590504988554e-02,6.41672317018912e+02,sinkhorn_cellsim
1.071389e+03,30901,1.60291930948661e-04,3.25590503643391e-02,6.41672324338520e+02,sinkhorn_cellsim
1.072083e+03,30921,1.60206424998278e-04,3.25590502198846e-02,6.41672331653096e+02,sinkhorn_cellsim
1.072776e+03,30941,1.60118756033928e-04,3.25590500658473e-02,6.41672338962561e+02,sinkhorn_cellsim
1.073470e+03,30961,1.60028978523128e-04,3.25590499026070e-02,6.41672346266842e+02,sinkhorn_cellsim
1.074163e+03,30981,1.59937155209621e-04,3.25590497305563e-02,6.41672353565872e+02,sinkhorn_cellsim
1.074857e+03,31001,1.59843356575535e-04,3.25590495500947e-02,6.41672360859589e+02,sinkhorn_cellsim
1.075550e+03,31021,1.59747660332763e-04,3.25590493616217e-02,6.41672368147943e+02,sinkhorn_cellsim
1.076244e+03,31041,1.59650150965080e-04,3.25590491655308e-02,6.41672375430885e+02,sinkhorn_cellsim
1.076937e+03,31061,1.59550919374395e-04,3.25590489622075e-02,6.41672382708379e+02,sinkhorn_cellsim
1.077631e+03,31081,1.59450062577492e-04,3.25590487520284e-02,6.41672389980391e+02,sinkhorn_cellsim
1.078324e+03,31101,1.59347683462449e-04,3.25590485353608e-02,6.41672397246898e+02,sinkhorn_cellsim
1.079017e+03,31121,1.59244678181047e-04,3.25590483125637e-02,6.41672404507884e+02,sinkhorn_cellsim
1.079711e+03,31141,1.59140572630513e-04,3.25590480839925e-02,6.41672411763341e+02,sinkhorn_cellsim
1.080404e+03,31161,1.59036842222978e-04,3.25590478500015e-02,6.41672419013268e+02,sinkhorn_cellsim
1.081098e+03,31181,1.58934699495078e-04,3.25590476109494e-02,6.41672426257674e+02,sinkhorn_cellsim
1.081791e+03,31201,1.58831665471857e-04,3.25590473672008e-02,6.41672433496575e+02,sinkhorn_cellsim
1.082485e+03,31221,1.58729283566588e-04,3.25590471191338e-02,6.41672440729995e+02,sinkhorn_cellsim
1.083178e+03,31241,1.58626773183605e-04,3.25590468671420e-02,6.41672447957966e+02,sinkhorn_cellsim
1.083871e+03,31261,1.58523672144195e-04,3.25590466116369e-02,6.41672455180528e+02,sinkhorn_cellsim
1.084565e+03,31281,1.58420075648778e-04,3.25590463530519e-02,6.41672462397727e+02,sinkhorn_cellsim
1.085258e+03,31301,1.58316076636747e-04,3.25590460918421e-02,6.41672469609616e+02,sinkhorn_cellsim
1.085952e+03,31321,1.58211764870130e-04,3.25590458284875e-02,6.41672476816253e+02,sinkhorn_cellsim
1.086645e+03,31341,1.58107226027689e-04,3.25590455634906e-02,6.41672484017701e+02,sinkhorn_cellsim
1.087339e+03,31361,1.58002540920759e-04,3.25590452973770e-02,6.41672491214026e+02,sinkhorn_cellsim
1.088032e+03,31381,1.57897784854484e-04,3.25590450306957e-02,6.41672498405300e+02,sinkhorn_cellsim
1.088726e+03,31401,1.57793178598714e-04,3.25590447640159e-02,6.41672505591593e+02,sinkhorn_cellsim
1.089419e+03,31421,1.57689692820117e-04,3.25590444979266e-02,6.41672512772978e+02,sinkhorn_cellsim
1.090112e+03,31441,1.57586243317496e-04,3.25590442330349e-02,6.41672519949529e+02,sinkhorn_cellsim
1.090806e+03,31461,1.57482842923557e-04,3.25590439699631e-02,6.41672527121318e+02,sinkhorn_cellsim
1.091499e+03,31481,1.57379543489783e-04,3.25590437093478e-02,6.41672534288419e+02,sinkhorn_cellsim
1.092193e+03,31501,1.57276391195204e-04,3.25590434518358e-02,6.41672541450900e+02,sinkhorn_cellsim
1.092886e+03,31521,1.57174038007554e-04,3.25590431980815e-02,6.41672548608830e+02,sinkhorn_cellsim
1.093580e+03,31541,1.57072736394756e-04,3.25590429487436e-02,6.41672555762274e+02,sinkhorn_cellsim
1.094273e+03,31561,1.56971750792501e-04,3.25590427044799e-02,6.41672562911295e+02,sinkhorn_cellsim
1.094966e+03,31581,1.56871241353951e-04,3.25590424659427e-02,6.41672570055953e+02,sinkhorn_cellsim
1.095660e+03,31601,1.56771622856258e-04,3.25590422337730e-02,6.41672577196302e+02,sinkhorn_cellsim
1.096353e+03,31621,1.56673006272458e-04,3.25590420085935e-02,6.41672584332396e+02,sinkhorn_cellsim
1.097047e+03,31641,1.56574751072952e-04,3.25590417910019e-02,6.41672591464283e+02,sinkhorn_cellsim
1.097740e+03,31661,1.56476851521314e-04,3.25590415815639e-02,6.41672598592007e+02,sinkhorn_cellsim
1.098434e+03,31681,1.56379299702531e-04,3.25590413808049e-02,6.41672605715609e+02,sinkhorn_cellsim
1.099127e+03,31701,1.56282085522386e-04,3.25590411892024e-02,6.41672612835124e+02,sinkhorn_cellsim
1.099821e+03,31721,1.56185196624247e-04,3.25590410071787e-02,6.41672619950584e+02,sinkhorn_cellsim
1.100514e+03,31741,1.56088618258054e-04,3.25590408350946e-02,6.41672627062016e+02,sinkhorn_cellsim
1.101207e+03,31761,1.55992333142568e-04,3.25590406732432e-02,6.41672634169442e+02,sinkhorn_cellsim
1.101901e+03,31781,1.55896321338768e-04,3.25590405218441e-02,6.41672641272879e+02,sinkhorn_cellsim
1.102594e+03,31801,1.55800560200159e-04,3.25590403810413e-02,6.41672648372338e+02,sinkhorn_cellsim
1.103288e+03,31821,1.55705024385826e-04,3.25590402509000e-02,6.41672655467829e+02,sinkhorn_cellsim
1.103981e+03,31841,1.55609685996243e-04,3.25590401314055e-02,6.41672662559353e+02,sinkhorn_cellsim
1.104675e+03,31861,1.55515938784543e-04,3.25590400224647e-02,6.41672669646907e+02,sinkhorn_cellsim
1.105368e+03,31881,1.55422994811171e-04,3.25590399239082e-02,6.41672676730484e+02,sinkhorn_cellsim
1.106061e+03,31901,1.55329980295790e-04,3.25590398354944e-02,6.41672683810075e+02,sinkhorn_cellsim
1.106755e+03,31921,1.55236874899768e-04,3.25590397569146e-02,6.41672690885662e+02,sinkhorn_cellsim
1.107448e+03,31941,1.55143657139531e-04,3.25590396878010e-02,6.41672697957228e+02,sinkhorn_cellsim
1.108142e+03,31961,1.55050305272803e-04,3.25590396277336e-02,6.41672705024752e+02,sinkhorn_cellsim
1.108835e+03,31981,1.54956798263745e-04,3.25590395762509e-02,6.41672712088211e+02,sinkhorn_cellsim
1.109529e+03,32001,1.54863116754581e-04,3.25590395328596e-02,6.41672719147580e+02,sinkhorn_cellsim
1.110222e+03,32021,1.54769244057551e-04,3.25590394970455e-02,6.41672726202833e+02,sinkhorn_cellsim
1.110916e+03,32041,1.54675167107381e-04,3.25590394682852e-02,6.41672733253946e+02,sinkhorn_cellsim
1.111609e+03,32061,1.54580877363628e-04,3.25590394460571e-02,6.41672740300894e+02,sinkhorn_cellsim
1.112302e+03,32081,1.54486371638691e-04,3.25590394298529e-02,6.41672747343654e+02,sinkhorn_cellsim
1.112996e+03,32101,1.54391652818310e-04,3.25590394191876e-02,6.41672754382208e+02,sinkhorn_cellsim
1.113689e+03,32121,1.54296730460247e-04,3.25590394136092e-02,6.41672761416538e+02,sinkhorn_cellsim
1.114383e+03,32141,1.54201621257128e-04,3.25590394127065e-02,6.41672768446632e+02,sinkhorn_cellsim
1.115076e+03,32161,1.54107055975393e-04,3.25590394161161e-02,6.41672775472481e+02,sinkhorn_cellsim
1.115770e+03,32181,1.54014209513295e-04,3.25590394235257e-02,6.41672782494082e+02,sinkhorn_cellsim
1.116463e+03,32201,1.53922969472445e-04,3.25590394346791e-02,6.41672789511438e+02,sinkhorn_cellsim
1.117157e+03,32221,1.53833035291005e-04,3.25590394493744e-02,6.41672796524557e+02,sinkhorn_cellsim
1.117850e+03,32241,1.53743774395047e-04,3.25590394674646e-02,6.41672803533454e+02,sinkhorn_cellsim
1.118543e+03,32261,1.53659076356389e-04,3.25590394888529e-02,6.41672810538149e+02,sinkhorn_cellsim
1.119237e+03,32281,1.53578868941631e-04,3.25590395134895e-02,6.41672817538669e+02,sinkhorn_cellsim
1.119930e+03,32301,1.53504321097985e-04,3.25590395413640e-02,6.41672824535048e+02,sinkhorn_cellsim
1.120624e+03,32321,1.53433920576643e-04,3.25590395724996e-02,6.41672831527325e+02,sinkhorn_cellsim
1.121317e+03,32341,1.53364766280234e-04,3.25590396069442e-02,6.41672838515547e+02,sinkhorn_cellsim
1.122011e+03,32361,1.53295753965797e-04,3.25590396447634e-02,6.41672845499764e+02,sinkhorn_cellsim
1.122704e+03,32381,1.53228703155195e-04,3.25590396860325e-02,6.41672852480034e+02,sinkhorn_cellsim
1.123398e+03,32401,1.53161673308979e-04,3.25590397308292e-02,6.41672859456419e+02,sinkhorn_cellsim
1.124091e+03,32421,1.53094139010492e-04,3.25590397792276e-02,6.41672866428987e+02,sinkhorn_cellsim
1.124784e+03,32441,1.53026140683881e-04,3.25590398312930e-02,6.41672873397810e+02,sinkhorn_cellsim
1.125478e+03,32461,1.52958033513609e-04,3.25590398870781e-02,6.41672880362966e+02,sinkhorn_cellsim
1.126171e+03,32481,1.52889276345375e-04,3.25590399466200e-02,6.41672887324533e+02,sinkhorn_cellsim
1.126865e+03,32501,1.52819930897051e-04,3.25590400099391e-02,6.41672894282597e+02,sinkhorn_cellsim
1.127558e+03,32521,1.52750075100706e-04,3.25590400770397e-02,6.41672901237244e+02,sinkhorn_cellsim
1.128252e+03,32541,1.52679872146830e-04,3.25590401479108e-02,6.41672908188564e+02,sinkhorn_cellsim
1.128945e+03,32561,1.52610403797509e-04,3.25590402225280e-02,6.41672915136648e+02,sinkhorn_cellsim
1.129639e+03,32581,1.52542718888453e-04,3.25590403008578e-02,6.41672922081586e+02,sinkhorn_cellsim
1.130332e+03,32601,1.52475569699954e-04,3.25590403828591e-02,6.41672929023472e+02,sinkhorn_cellsim
1.131025e+03,32621,1.52408340869674e-04,3.25590404684891e-02,6.41672935962395e+02,sinkhorn_cellsim
1.131719e+03,32641,1.52341032131550e-04,3.25590405577060e-02,6.41672942898444e+02,sinkhorn_cellsim
1.132412e+03,32661,1.52273700108903e-04,3.25590406504732e-02,6.41672949831703e+02,sinkhorn_cellsim
1.133106e+03,32681,1.52206415879289e-04,3.25590407467630e-02,6.41672956762253e+02,sinkhorn_cellsim
1.133799e+03,32701,1.52139469095957e-04,3.25590408465575e-02,6.41672963690167e+02,sinkhorn_cellsim
1.134493e+03,32721,1.52073159310247e-04,3.25590409498537e-02,6.41672970615513e+02,sinkhorn_cellsim
1.135186e+03,32741,1.52007021200275e-04,3.25590410566621e-02,6.41672977538351e+02,sinkhorn_cellsim
1.135880e+03,32761,1.51941087716137e-04,3.25590411670082e-02,6.41672984458728e+02,sinkhorn_cellsim
1.136573e+03,32781,1.51875405659361e-04,3.25590412809316e-02,6.41672991376686e+02,sinkhorn_cellsim
1.137267e+03,32801,1.51809955070620e-04,3.25590413984844e-02,6.41672998292252e+02,sinkhorn_cellsim
1.137960e+03,32821,1.51745511437208e-04,3.25590415197280e-02,6.41673005205445e+02,sinkhorn_cellsim
1.138653e+03,32841,1.51682231894514e-04,3.25590416447300e-02,6.41673012116269e+02,sinkhorn_cellsim
1.139347e+03,32861,1.51619920053597e-04,3.25590417735596e-02,6.41673019024716e+02,sinkhorn_cellsim
1.140040e+03,32881,1.51559618557252e-04,3.25590419062825e-02,6.41673025930769e+02,sinkhorn_cellsim
1.140734e+03,32901,1.51499686088901e-04,3.25590420429549e-02,6.41673032834396e+02,sinkhorn_cellsim
1.141427e+03,32921,1.51439856467781e-04,3.25590421836169e-02,6.41673039735553e+02,sinkhorn_cellsim
1.142121e+03,32941,1.51380039702924e-04,3.25590423282861e-02,6.41673046634186e+02,sinkhorn_cellsim
1.142814e+03,32961,1.51320133579671e-04,3.25590424769508e-02,6.41673053530229e+02,sinkhorn_cellsim
1.143508e+03,32981,1.51260043791609e-04,3.25590426295622e-02,6.41673060423608e+02,sinkhorn_cellsim
1.144201e+03,33001,1.51199761275795e-04,3.25590427860289e-02,6.41673067314238e+02,sinkhorn_cellsim
1.144894e+03,33021,1.51143445129334e-04,3.25590429462091e-02,6.41673074202026e+02,sinkhorn_cellsim
1.145588e+03,33041,1.51088037477308e-04,3.25590431099061e-02,6.41673081086871e+02,sinkhorn_cellsim
1.146281e+03,33061,1.51033190201256e-04,3.25590432768631e-02,6.41673087968669e+02,sinkhorn_cellsim
1.146975e+03,33081,1.50977780025802e-04,3.25590434467600e-02,6.41673094847307e+02,sinkhorn_cellsim
1.147668e+03,33101,1.50921648307924e-04,3.25590436192099e-02,6.41673101722672e+02,sinkhorn_cellsim
1.148362e+03,33121,1.50864634967853e-04,3.25590437937610e-02,6.41673108594644e+02,sinkhorn_cellsim
1.149055e+03,33141,1.50806580039197e-04,3.25590439698955e-02,6.41673115463106e+02,sinkhorn_cellsim
1.149748e+03,33161,1.50747325262546e-04,3.25590441470355e-02,6.41673122327937e+02,sinkhorn_cellsim
1.150442e+03,33181,1.50686715655088e-04,3.25590443245457e-02,6.41673129189020e+02,sinkhorn_cellsim
1.151135e+03,33201,1.50624601138572e-04,3.25590445017443e-02,6.41673136046237e+02,sinkhorn_cellsim
1.151829e+03,33221,1.50560838127526e-04,3.25590446779090e-02,6.41673142899474e+02,sinkhorn_cellsim
1.152522e+03,33241,1.50495291184472e-04,3.25590448522927e-02,6.41673149748621e+02,sinkhorn_cellsim
1.153216e+03,33261,1.50428086243987e-04,3.25590450241325e-02,6.41673156593570e+02,sinkhorn_cellsim
1.153909e+03,33281,1.50359779688312e-04,3.25590451926679e-02,6.41673163434223e+02,sinkhorn_cellsim
1.154603e+03,33301,1.50290187577934e-04,3.25590453571540e-02,6.41673170270482e+02,sinkhorn_cellsim
1.155296e+03,33321,1.50218359073247e-04,3.25590455168778e-02,6.41673177102260e+02,sinkhorn_cellsim
1.155989e+03,33341,1.50144217008485e-04,3.25590456711744e-02,6.41673183929476e+02,sinkhorn_cellsim
1.156683e+03,33361,1.50067701381252e-04,3.25590458194408e-02,6.41673190752055e+02,sinkhorn_cellsim
1.157376e+03,33381,1.49988960274395e-04,3.25590459611515e-02,6.41673197569932e+02,sinkhorn_cellsim
1.158070e+03,33401,1.49907915603234e-04,3.25590460958683e-02,6.41673204383050e+02,sinkhorn_cellsim
1.158763e+03,33421,1.49824434339149e-04,3.25590462232534e-02,6.41673211191363e+02,sinkhorn_cellsim
1.159457e+03,33441,1.49738623654701e-04,3.25590463430735e-02,6.41673217994834e+02,sinkhorn_cellsim
1.160150e+03,33461,1.49650646495765e-04,3.25590464552073e-02,6.41673224793438e+02,sinkhorn_cellsim
1.160844e+03,33481,1.49560548013020e-04,3.25590465596461e-02,6.41673231587159e+02,sinkhorn_cellsim
1.161537e+03,33501,1.49469059231871e-04,3.25590466564929e-02,6.41673238375997e+02,sinkhorn_cellsim
1.162230e+03,33521,1.49377244079195e-04,3.25590467459593e-02,6.41673245159963e+02,sinkhorn_cellsim
1.162924e+03,33541,1.49284234071188e-04,3.25590468283573e-02,6.41673251939081e+02,sinkhorn_cellsim
1.163617e+03,33561,1.49190204251955e-04,3.25590469040906e-02,6.41673258713389e+02,sinkhorn_cellsim
1.164311e+03,33581,1.49095975746409e-04,3.25590469736436e-02,6.41673265482940e+02,sinkhorn_cellsim
1.165004e+03,33601,1.49002740137932e-04,3.25590470375661e-02,6.41673272247802e+02,sinkhorn_cellsim
1.165698e+03,33621,1.48908918250940e-04,3.25590470964615e-02,6.41673279008056e+02,sinkhorn_cellsim
1.166391e+03,33641,1.48814147202977e-04,3.25590471509668e-02,6.41673285763797e+02,sinkhorn_cellsim
1.167084e+03,33661,1.48718641949767e-04,3.25590472017404e-02,6.41673292515134e+02,sinkhorn_cellsim
1.167778e+03,33681,1.48622727639180e-04,3.25590472494432e-02,6.41673299262189e+02,sinkhorn_cellsim
1.168471e+03,33701,1.48527955993767e-04,3.25590472947242e-02,6.41673306005095e+02,sinkhorn_cellsim
1.169165e+03,33721,1.48433972284632e-04,3.25590473382056e-02,6.41673312743996e+02,sinkhorn_cellsim
1.169858e+03,33741,1.48340713333813e-04,3.25590473804692e-02,6.41673319479044e+02,sinkhorn_cellsim
1.170552e+03,33761,1.48249552515477e-04,3.25590474220457e-02,6.41673326210399e+02,sinkhorn_cellsim
1.171245e+03,33781,1.48159740705608e-04,3.25590474634051e-02,6.41673332938227e+02,sinkhorn_cellsim
1.171939e+03,33801,1.48071497567681e-04,3.25590475049489e-02,6.41673339662698e+02,sinkhorn_cellsim
1.172632e+03,33821,1.47984044671915e-04,3.25590475470059e-02,6.41673346383984e+02,sinkhorn_cellsim
1.173325e+03,33841,1.47897549263960e-04,3.25590475898291e-02,6.41673353102255e+02,sinkhorn_cellsim
1.174019e+03,33861,1.47812170886390e-04,3.25590476335951e-02,6.41673359817681e+02,sinkhorn_cellsim
1.174712e+03,33881,1.47728053951923e-04,3.25590476784066e-02,6.41673366530430e+02,sinkhorn_cellsim
1.175406e+03,33901,1.47645326864793e-04,3.25590477242947e-02,6.41673373240662e+02,sinkhorn_cellsim
1.176099e+03,33921,1.47564258294284e-04,3.25590477712243e-02,6.41673379948532e+02,sinkhorn_cellsim
1.176793e+03,33941,1.47485317754359e-04,3.25590478191003e-02,6.41673386654188e+02,sinkhorn_cellsim
1.177486e+03,33961,1.47409040758002e-04,3.25590478677753e-02,6.41673393357769e+02,sinkhorn_cellsim
1.178180e+03,33981,1.47334428094100e-04,3.25590479170563e-02,6.41673400059404e+02,sinkhorn_cellsim
1.178873e+03,34001,1.47261700568372e-04,3.25590479667140e-02,6.41673406759211e+02,sinkhorn_cellsim
1.179566e+03,34021,1.47190856740596e-04,3.25590480164906e-02,6.41673413457299e+02,sinkhorn_cellsim
1.180260e+03,34041,1.47121695084618e-04,3.25590480661074e-02,6.41673420153766e+02,sinkhorn_cellsim
1.180953e+03,34061,1.47054211237330e-04,3.25590481152732e-02,6.41673426848697e+02,sinkhorn_cellsim
1.181647e+03,34081,1.46988387796002e-04,3.25590481636907e-02,6.41673433542169e+02,sinkhorn_cellsim
1.182340e+03,34101,1.46924195177372e-04,3.25590482110638e-02,6.41673440234246e+02,sinkhorn_cellsim
1.183034e+03,34121,1.46861592523077e-04,3.25590482571020e-02,6.41673446924982e+02,sinkhorn_cellsim
1.183727e+03,34141,1.46800528628064e-04,3.25590483015269e-02,6.41673453614420e+02,sinkhorn_cellsim
1.184420e+03,34161,1.46740942869085e-04,3.25590483440745e-02,6.41673460302594e+02,sinkhorn_cellsim
1.185114e+03,34181,1.46682766143500e-04,3.25590483845003e-02,6.41673466989528e+02,sinkhorn_cellsim
1.185807e+03,34201,1.46625921772883e-04,3.25590484225806e-02,6.41673473675237e+02,sinkhorn_cellsim
1.186501e+03,34221,1.46570326398474e-04,3.25590484581150e-02,6.41673480359728e+02,sinkhorn_cellsim
1.187194e+03,34241,1.46515890833263e-04,3.25590484909275e-02,6.41673487042998e+02,sinkhorn_cellsim
1.187888e+03,34261,1.46462520886316e-04,3.25590485208675e-02,6.41673493725038e+02,sinkhorn_cellsim
1.188581e+03,34281,1.46410206674756e-04,3.25590485478105e-02,6.41673500405830e+02,sinkhorn_cellsim
1.189275e+03,34301,1.46358874860315e-04,3.25590485716571e-02,6.41673507085352e+02,sinkhorn_cellsim
1.189968e+03,34321,1.46308304698974e-04,3.25590485923333e-02,6.41673513763571e+02,sinkhorn_cellsim
1.190661e+03,34341,1.46258698311784e-04,3.25590486097908e-02,6.41673520440451e+02,sinkhorn_cellsim
1.191355e+03,34361,1.46209787120115e-04,3.25590486240045e-02,6.41673527115950e+02,sinkhorn_cellsim
1.192048e+03,34381,1.46161306563052e-04,3.25590486349730e-02,6.41673533790020e+02,sinkhorn_cellsim
1.192742e+03,34401,1.46113145487376e-04,3.25590486427169e-02,6.41673540462608e+02,sinkhorn_cellsim
1.193435e+03,34421,1.46065329652830e-04,3.25590486472786e-02,6.41673547133657e+02,sinkhorn_cellsim
1.194129e+03,34441,1.46017898884716e-04,3.25590486487200e-02,6.41673553803103e+02,sinkhorn_cellsim
1.194822e+03,34461,1.45970736814325e-04,3.25590486471217e-02,6.41673560470882e+02,sinkhorn_cellsim
1.195516e+03,34481,1.45923439515754e-04,3.25590486425826e-02,6.41673567136922e+02,sinkhorn_cellsim
1.196209e+03,34501,1.45876255698136e-04,3.25590486352165e-02,6.41673573801153e+02,sinkhorn_cellsim
1.196903e+03,34521,1.45829202998793e-04,3.25590486251532e-02,6.41673580463498e+02,sinkhorn_cellsim
1.197596e+03,34541,1.45782806153228e-04,3.25590486125338e-02,6.41673587123877e+02,sinkhorn_cellsim
1.198289e+03,34561,1.45736997111793e-04,3.25590485975114e-02,6.41673593782212e+02,sinkhorn_cellsim
1.198983e+03,34581,1.45690689904058e-04,3.25590485802476e-02,6.41673600438419e+02,sinkhorn_cellsim
1.199676e+03,34601,1.45643834743825e-04,3.25590485609101e-02,6.41673607092416e+02,sinkhorn_cellsim
1.200370e+03,34621,1.45596561276885e-04,3.25590485396712e-02,6.41673613744117e+02,sinkhorn_cellsim
1.201063e+03,34641,1.45549219106174e-04,3.25590485167028e-02,6.41673620393438e+02,sinkhorn_cellsim
1.201757e+03,34661,1.45502497924846e-04,3.25590484921755e-02,6.41673627040293e+02,sinkhorn_cellsim
1.202450e+03,34681,1.45455199745659e-04,3.25590484662532e-02,6.41673633684596e+02,sinkhorn_cellsim
1.203144e+03,34701,1.45407435097512e-04,3.25590484390903e-02,6.41673640326263e+02,sinkhorn_cellsim
1.203837e+03,34721,1.45358318121200e-04,3.25590484108265e-02,6.41673646965209e+02,sinkhorn_cellsim
1.204530e+03,34741,1.45308417791377e-04,3.25590483815836e-02,6.41673653601351e+02,sinkhorn_cellsim
1.205224e+03,34761,1.45257198192216e-04,3.25590483514607e-02,6.41673660234604e+02,sinkhorn_cellsim
1.205917e+03,34781,1.45205808626795e-04,3.25590483205296e-02,6.41673666864888e+02,sinkhorn_cellsim
1.206611e+03,34801,1.45155041221513e-04,3.25590482888303e-02,6.41673673492121e+02,sinkhorn_cellsim
1.207304e+03,34821,1.45104229897727e-04,3.25590482563688e-02,6.41673680116222e+02,sinkhorn_cellsim
1.207998e+03,34841,1.45052014143535e-04,3.25590482231109e-02,6.41673686737113e+02,sinkhorn_cellsim
1.208691e+03,34861,1.44998361861338e-04,3.25590481889830e-02,6.41673693354714e+02,sinkhorn_cellsim
1.209384e+03,34881,1.44943271377502e-04,3.25590481538668e-02,6.41673699968947e+02,sinkhorn_cellsim
1.210078e+03,34901,1.44887144493349e-04,3.25590481176007e-02,6.41673706579735e+02,sinkhorn_cellsim
1.210771e+03,34921,1.44830708527934e-04,3.25590480799790e-02,6.41673713187000e+02,sinkhorn_cellsim
1.211465e+03,34941,1.44772934740228e-04,3.25590480407539e-02,6.41673719790667e+02,sinkhorn_cellsim
1.212158e+03,34961,1.44714215792388e-04,3.25590479996381e-02,6.41673726390659e+02,sinkhorn_cellsim
1.212852e+03,34981,1.44654103452648e-04,3.25590479563087e-02,6.41673732986902e+02,sinkhorn_cellsim
1.213545e+03,35001,1.44592151172156e-04,3.25590479104134e-02,6.41673739579323e+02,sinkhorn_cellsim
1.214238e+03,35021,1.44528337011966e-04,3.25590478615761e-02,6.41673746167848e+02,sinkhorn_cellsim
1.214932e+03,35041,1.44462642522310e-04,3.25590478094057e-02,6.41673752752409e+02,sinkhorn_cellsim
1.215625e+03,35061,1.44395053707171e-04,3.25590477535049e-02,6.41673759332937e+02,sinkhorn_cellsim
1.216319e+03,35081,1.44325649050282e-04,3.25590476934792e-02,6.41673765909369e+02,sinkhorn_cellsim
1.217012e+03,35101,1.44254833207997e-04,3.25590476289484e-02,6.41673772481643e+02,sinkhorn_cellsim
1.217706e+03,35121,1.44182086672086e-04,3.25590475595558e-02,6.41673779049702e+02,sinkhorn_cellsim
1.218399e+03,35141,1.44107426581440e-04,3.25590474849792e-02,6.41673785613497e+02,sinkhorn_cellsim
1.219093e+03,35161,1.44030905182510e-04,3.25590474049418e-02,6.41673792172980e+02,sinkhorn_cellsim
1.219786e+03,35181,1.43952974272171e-04,3.25590473192202e-02,6.41673798728114e+02,sinkhorn_cellsim
1.220480e+03,35201,1.43873605779575e-04,3.25590472276546e-02,6.41673805278865e+02,sinkhorn_cellsim
1.221173e+03,35221,1.43792540104858e-04,3.25590471301556e-02,6.41673811825210e+02,sinkhorn_cellsim
1.221866e+03,35241,1.43709846043181e-04,3.25590470267091e-02,6.41673818367130e+02,sinkhorn_cellsim
1.222560e+03,35261,1.43625605135559e-04,3.25590469173814e-02,6.41673824904618e+02,sinkhorn_cellsim
1.223253e+03,35281,1.43539911501450e-04,3.25590468023212e-02,6.41673831437673e+02,sinkhorn_cellsim
1.223947e+03,35301,1.43452871372942e-04,3.25590466817590e-02,6.41673837966304e+02,sinkhorn_cellsim
1.224640e+03,35321,1.43365135411274e-04,3.25590465560064e-02,6.41673844490527e+02,sinkhorn_cellsim
1.225334e+03,35341,1.43276344106214e-04,3.25590464254505e-02,6.41673851010367e+02,sinkhorn_cellsim
1.226027e+03,35361,1.43186996836404e-04,3.25590462905492e-02,6.41673857525859e+02,sinkhorn_cellsim
1.226720e+03,35381,1.43096949339797e-04,3.25590461518232e-02,6.41673864037043e+02,sinkhorn_cellsim
1.227414e+03,35401,1.43006302582418e-04,3.25590460098459e-02,6.41673870543969e+02,sinkhorn_cellsim
1.228107e+03,35421,1.42915352752662e-04,3.25590458652346e-02,6.41673877046692e+02,sinkhorn_cellsim
1.228801e+03,35441,1.42824026159435e-04,3.25590457186370e-02,6.41673883545274e+02,sinkhorn_cellsim
1.229494e+03,35461,1.42732477677157e-04,3.25590455707216e-02,6.41673890039784e+02,sinkhorn_cellsim
1.230188e+03,35481,1.42640862024623e-04,3.25590454221622e-02,6.41673896530294e+02,sinkhorn_cellsim
1.230881e+03,35501,1.42549332123537e-04,3.25590452736292e-02,6.41673903016883e+02,sinkhorn_cellsim
1.231575e+03,35521,1.42458037531698e-04,3.25590451257756e-02,6.41673909499631e+02,sinkhorn_cellsim
1.232268e+03,35541,1.42367123023334e-04,3.25590449792277e-02,6.41673915978624e+02,sinkhorn_cellsim
1.232961e+03,35561,1.42276727312816e-04,3.25590448345738e-02,6.41673922453948e+02,sinkhorn_cellsim
1.233655e+03,35581,1.42186981952171e-04,3.25590446923576e-02,6.41673928925691e+02,sinkhorn_cellsim
1.234348e+03,35601,1.42098010380711e-04,3.25590445530693e-02,6.41673935393943e+02,sinkhorn_cellsim
1.235042e+03,35621,1.42009927161333e-04,3.25590444171418e-02,6.41673941858794e+02,sinkhorn_cellsim
1.235735e+03,35641,1.41922837378163e-04,3.25590442849463e-02,6.41673948320334e+02,sinkhorn_cellsim
1.236429e+03,35661,1.41836836181356e-04,3.25590441567890e-02,6.41673954778651e+02,sinkhorn_cellsim
1.237122e+03,35681,1.41752008522035e-04,3.25590440329122e-02,6.41673961233832e+02,sinkhorn_cellsim
1.237815e+03,35701,1.41668429004068e-04,3.25590439134939e-02,6.41673967685965e+02,sinkhorn_cellsim
1.238509e+03,35721,1.41586161888942e-04,3.25590437986498e-02,6.41673974135133e+02,sinkhorn_cellsim
1.239202e+03,35741,1.41505261232852e-04,3.25590436884372e-02,6.41673980581416e+02,sinkhorn_cellsim
1.239896e+03,35761,1.41425771139590e-04,3.25590435828573e-02,6.41673987024894e+02,sinkhorn_cellsim
1.240589e+03,35781,1.41347726143253e-04,3.25590434818628e-02,6.41673993465642e+02,sinkhorn_cellsim
1.241283e+03,35801,1.41271151667359e-04,3.25590433853605e-02,6.41673999903733e+02,sinkhorn_cellsim
1.241976e+03,35821,1.41196064601168e-04,3.25590432932184e-02,6.41674006339237e+02,sinkhorn_cellsim
1.242669e+03,35841,1.41122473925845e-04,3.25590432052711e-02,6.41674012772218e+02,sinkhorn_cellsim
1.243363e+03,35861,1.41050381430683e-04,3.25590431213275e-02,6.41674019202741e+02,sinkhorn_cellsim
1.244056e+03,35881,1.40979816187314e-04,3.25590430411746e-02,6.41674025630865e+02,sinkhorn_cellsim
1.244750e+03,35901,1.40911444716633e-04,3.25590429645850e-02,6.41674032056646e+02,sinkhorn_cellsim
1.245443e+03,35921,1.40844497713077e-04,3.25590428913224e-02,6.41674038480140e+02,sinkhorn_cellsim
1.246137e+03,35941,1.40778955732643e-04,3.25590428211465e-02,6.41674044901396e+02,sinkhorn_cellsim
1.246830e+03,35961,1.40714798005109e-04,3.25590427538199e-02,6.41674051320464e+02,sinkhorn_cellsim
1.247523e+03,35981,1.40652566843716e-04,3.25590426891095e-02,6.41674057737390e+02,sinkhorn_cellsim
1.248217e+03,36001,1.40591789958146e-04,3.25590426267945e-02,6.41674064152217e+02,sinkhorn_cellsim
1.248910e+03,36021,1.40532270235995e-04,3.25590425666667e-02,6.41674070564988e+02,sinkhorn_cellsim
1.249604e+03,36041,1.40473979964613e-04,3.25590425085359e-02,6.41674076975741e+02,sinkhorn_cellsim
1.250297e+03,36061,1.40416889347710e-04,3.25590424522309e-02,6.41674083384514e+02,sinkhorn_cellsim
1.250991e+03,36081,1.40360966701765e-04,3.25590423976023e-02,6.41674089791341e+02,sinkhorn_cellsim
1.251684e+03,36101,1.40306260276420e-04,3.25590423445224e-02,6.41674096196256e+02,sinkhorn_cellsim
1.252377e+03,36121,1.40253775469406e-04,3.25590422928863e-02,6.41674102599289e+02,sinkhorn_cellsim
1.253071e+03,36141,1.40203688329482e-04,3.25590422426122e-02,6.41674109000468e+02,sinkhorn_cellsim
1.253764e+03,36161,1.40154739233281e-04,3.25590421936395e-02,6.41674115399820e+02,sinkhorn_cellsim
1.254458e+03,36181,1.40106707877299e-04,3.25590421459286e-02,6.41674121797368e+02,sinkhorn_cellsim
1.255151e+03,36201,1.40059664966655e-04,3.25590420994595e-02,6.41674128193133e+02,sinkhorn_cellsim
1.255845e+03,36221,1.40013875679207e-04,3.25590420542292e-02,6.41674134587135e+02,sinkhorn_cellsim
1.256538e+03,36241,1.39968888853876e-04,3.25590420102499e-02,6.41674140979391e+02,sinkhorn_cellsim
1.257232e+03,36261,1.39924658968944e-04,3.25590419675478e-02,6.41674147369918e+02,sinkhorn_cellsim
1.257925e+03,36281,1.39881850122328e-04,3.25590419261599e-02,6.41674153758728e+02,sinkhorn_cellsim
1.258618e+03,36301,1.39839898245344e-04,3.25590418861323e-02,6.41674160145834e+02,sinkhorn_cellsim
1.259312e+03,36321,1.39799061208866e-04,3.25590418475184e-02,6.41674166531249e+02,sinkhorn_cellsim
1.260005e+03,36341,1.39759057169716e-04,3.25590418103776e-02,6.41674172914982e+02,sinkhorn_cellsim
1.260699e+03,36361,1.39720013556890e-04,3.25590417747729e-02,6.41674179297044e+02,sinkhorn_cellsim
1.261392e+03,36381,1.39681366695943e-04,3.25590417407698e-02,6.41674185677445e+02,sinkhorn_cellsim
1.262086e+03,36401,1.39643070525493e-04,3.25590417084361e-02,6.41674192056193e+02,sinkhorn_cellsim
1.262779e+03,36421,1.39605714619009e-04,3.25590416778402e-02,6.41674198433297e+02,sinkhorn_cellsim
1.263473e+03,36441,1.39569303805846e-04,3.25590416490503e-02,6.41674204808767e+02,sinkhorn_cellsim
1.264166e+03,36461,1.39533017001690e-04,3.25590416221339e-02,6.41674211182609e+02,sinkhorn_cellsim
1.264859e+03,36481,1.39496817959200e-04,3.25590415971579e-02,6.41674217554833e+02,sinkhorn_cellsim
1.265553e+03,36501,1.39460865773235e-04,3.25590415741869e-02,6.41674223925444e+02,sinkhorn_cellsim
1.266246e+03,36521,1.39425354615528e-04,3.25590415532849e-02,6.41674230294447e+02,sinkhorn_cellsim
1.266940e+03,36541,1.39389801725259e-04,3.25590415345120e-02,6.41674236661849e+02,sinkhorn_cellsim
1.267633e+03,36561,1.39354261169102e-04,3.25590415179265e-02,6.41674243027651e+02,sinkhorn_cellsim
1.268327e+03,36581,1.39319511690224e-04,3.25590415035827e-02,6.41674249391855e+02,sinkhorn_cellsim
1.269020e+03,36601,1.39284842197237e-04,3.25590414915301e-02,6.41674255754459e+02,sinkhorn_cellsim
1.269713e+03,36621,1.39249946630343e-04,3.25590414818142e-02,6.41674262115460e+02,sinkhorn_cellsim
1.270407e+03,36641,1.39214805294521e-04,3.25590414744737e-02,6.41674268474853e+02,sinkhorn_cellsim
1.271100e+03,36661,1.39182981223936e-04,3.25590414695400e-02,6.41674274832628e+02,sinkhorn_cellsim
1.271794e+03,36681,1.39153281080355e-04,3.25590414670374e-02,6.41674281188775e+02,sinkhorn_cellsim
1.272487e+03,36701,1.39123550851682e-04,3.25590414669803e-02,6.41674287543280e+02,sinkhorn_cellsim
1.273181e+03,36721,1.39093777913250e-04,3.25590414693739e-02,6.41674293896128e+02,sinkhorn_cellsim
1.273874e+03,36741,1.39064829811273e-04,3.25590414742125e-02,6.41674300247301e+02,sinkhorn_cellsim
1.274568e+03,36761,1.39035680553393e-04,3.25590414814797e-02,6.41674306596778e+02,sinkhorn_cellsim
1.275261e+03,36781,1.39006297509219e-04,3.25590414911474e-02,6.41674312944538e+02,sinkhorn_cellsim
1.275954e+03,36801,1.38976644286350e-04,3.25590415031775e-02,6.41674319290557e+02,sinkhorn_cellsim
1.276648e+03,36821,1.38946680841032e-04,3.25590415175218e-02,6.41674325634812e+02,sinkhorn_cellsim
1.277341e+03,36841,1.38916594874801e-04,3.25590415341230e-02,6.41674331977275e+02,sinkhorn_cellsim
1.278035e+03,36861,1.38886406944237e-04,3.25590415529175e-02,6.41674338317921e+02,sinkhorn_cellsim
1.278728e+03,36881,1.38856142741509e-04,3.25590415738369e-02,6.41674344656721e+02,sinkhorn_cellsim
1.279422e+03,36901,1.38825612568767e-04,3.25590415968118e-02,6.41674350993646e+02,sinkhorn_cellsim
1.280115e+03,36921,1.38794531042426e-04,3.25590416217734e-02,6.41674357328667e+02,sinkhorn_cellsim
1.280809e+03,36941,1.38762832687944e-04,3.25590416486592e-02,6.41674363661751e+02,sinkhorn_cellsim
1.281502e+03,36961,1.38730591363350e-04,3.25590416774151e-02,6.41674369992867e+02,sinkhorn_cellsim
1.282195e+03,36981,1.38698235874216e-04,3.25590417079996e-02,6.41674376321978e+02,sinkhorn_cellsim
1.282889e+03,37001,1.38665398699172e-04,3.25590417403878e-02,6.41674382649046e+02,sinkhorn_cellsim
1.283582e+03,37021,1.38631658618329e-04,3.25590417745739e-02,6.41674388974031e+02,sinkhorn_cellsim
1.284276e+03,37041,1.38597513490961e-04,3.25590418105751e-02,6.41674395296887e+02,sinkhorn_cellsim
1.284969e+03,37061,1.38563119106745e-04,3.25590418484318e-02,6.41674401617568e+02,sinkhorn_cellsim
1.285663e+03,37081,1.38528087189994e-04,3.25590418882103e-02,6.41674407936019e+02,sinkhorn_cellsim
1.286356e+03,37101,1.38491737830315e-04,3.25590419300027e-02,6.41674414252182e+02,sinkhorn_cellsim
1.287049e+03,37121,1.38454194631049e-04,3.25590419739259e-02,6.41674420565994e+02,sinkhorn_cellsim
1.287743e+03,37141,1.38415670174210e-04,3.25590420201191e-02,6.41674426877387e+02,sinkhorn_cellsim
1.288436e+03,37161,1.38375645184133e-04,3.25590420687416e-02,6.41674433186288e+02,sinkhorn_cellsim
1.289130e+03,37181,1.38333986870620e-04,3.25590421199690e-02,6.41674439492615e+02,sinkhorn_cellsim
1.289823e+03,37201,1.38290622127738e-04,3.25590421739876e-02,6.41674445796287e+02,sinkhorn_cellsim
1.290517e+03,37221,1.38245481273713e-04,3.25590422309888e-02,6.41674452097213e+02,sinkhorn_cellsim
1.291210e+03,37241,1.38198498910913e-04,3.25590422911632e-02,6.41674458395302e+02,sinkhorn_cellsim
1.291903e+03,37261,1.38149614813165e-04,3.25590423546932e-02,6.41674464690457e+02,sinkhorn_cellsim
1.292597e+03,37281,1.38098774867579e-04,3.25590424217475e-02,6.41674470982579e+02,sinkhorn_cellsim
1.293290e+03,37301,1.38045931967268e-04,3.25590424924712e-02,6.41674477271568e+02,sinkhorn_cellsim
1.293984e+03,37321,1.37991046913471e-04,3.25590425669826e-02,6.41674483557324e+02,sinkhorn_cellsim
1.294677e+03,37341,1.37934089191407e-04,3.25590426453646e-02,6.41674489839745e+02,sinkhorn_cellsim
1.295371e+03,37361,1.37876345522726e-04,3.25590427276604e-02,6.41674496118731e+02,sinkhorn_cellsim
1.296064e+03,37381,1.37817182347403e-04,3.25590428138676e-02,6.41674502394186e+02,sinkhorn_cellsim
1.296757e+03,37401,1.37756069374442e-04,3.25590429039368e-02,6.41674508666015e+02,sinkhorn_cellsim
1.297451e+03,37421,1.37693023371941e-04,3.25590429977685e-02,6.41674514934126e+02,sinkhorn_cellsim
1.298144e+03,37441,1.37628070729093e-04,3.25590430952121e-02,6.41674521198434e+02,sinkhorn_cellsim
1.298838e+03,37461,1.37561246831663e-04,3.25590431960675e-02,6.41674527458855e+02,sinkhorn_cellsim
1.299531e+03,37481,1.37492595152545e-04,3.25590433000877e-02,6.41674533715313e+02,sinkhorn_cellsim
1.300225e+03,37501,1.37422166077025e-04,3.25590434069820e-02,6.41674539967736e+02,sinkhorn_cellsim
1.300918e+03,37521,1.37350148836585e-04,3.25590435164215e-02,6.41674546216055e+02,sinkhorn_cellsim
1.301612e+03,37541,1.37276992869281e-04,3.25590436280464e-02,6.41674552460209e+02,sinkhorn_cellsim
1.302305e+03,37561,1.37202724898125e-04,3.25590437414720e-02,6.41674558700139e+02,sinkhorn_cellsim
1.302998e+03,37581,1.37128072893501e-04,3.25590438562977e-02,6.41674564935789e+02,sinkhorn_cellsim
1.303692e+03,37601,1.37052396372518e-04,3.25590439721165e-02,6.41674571167110e+02,sinkhorn_cellsim
1.304385e+03,37621,1.36975776223407e-04,3.25590440885220e-02,6.41674577394052e+02,sinkhorn_cellsim
1.305079e+03,37641,1.36898103240478e-04,3.25590442051202e-02,6.41674583616570e+02,sinkhorn_cellsim
1.305772e+03,37661,1.36820764448591e-04,3.25590443215351e-02,6.41674589834617e+02,sinkhorn_cellsim
1.306466e+03,37681,1.36744882037045e-04,3.25590444374190e-02,6.41674596048152e+02,sinkhorn_cellsim
1.307159e+03,37701,1.36667822082073e-04,3.25590445524598e-02,6.41674602257132e+02,sinkhorn_cellsim
1.307853e+03,37721,1.36589624770410e-04,3.25590446663873e-02,6.41674608461515e+02,sinkhorn_cellsim
1.308546e+03,37741,1.36511103071776e-04,3.25590447789795e-02,6.41674614661260e+02,sinkhorn_cellsim
1.309239e+03,37761,1.36431704322591e-04,3.25590448900678e-02,6.41674620856325e+02,sinkhorn_cellsim
1.309933e+03,37781,1.36351009261674e-04,3.25590449995405e-02,6.41674627046669e+02,sinkhorn_cellsim
1.310626e+03,37801,1.36269535510795e-04,3.25590451073459e-02,6.41674633232250e+02,sinkhorn_cellsim
1.311320e+03,37821,1.36187111878181e-04,3.25590452134939e-02,6.41674639413028e+02,sinkhorn_cellsim
1.312013e+03,37841,1.36103660047144e-04,3.25590453180567e-02,6.41674645588961e+02,sinkhorn_cellsim
1.312707e+03,37861,1.36018838402757e-04,3.25590454211668e-02,6.41674651760007e+02,sinkhorn_cellsim
1.313400e+03,37881,1.35932892787615e-04,3.25590455230175e-02,6.41674657926125e+02,sinkhorn_cellsim
1.314093e+03,37901,1.35845320590596e-04,3.25590456238566e-02,6.41674664087273e+02,sinkhorn_cellsim
1.314787e+03,37921,1.35757052626683e-04,3.25590457239834e-02,6.41674670243408e+02,sinkhorn_cellsim
1.315480e+03,37941,1.35667544861155e-04,3.25590458237420e-02,6.41674676394489e+02,sinkhorn_cellsim
1.316174e+03,37961,1.35576194180388e-04,3.25590459235144e-02,6.41674682540471e+02,sinkhorn_cellsim
1.316867e+03,37981,1.35483252450408e-04,3.25590460237118e-02,6.41674688681311e+02,sinkhorn_cellsim
1.317561e+03,38001,1.35388358851524e-04,3.25590461247655e-02,6.41674694816965e+02,sinkhorn_cellsim
1.318254e+03,38021,1.35291440568589e-04,3.25590462271163e-02,6.41674700947387e+02,sinkhorn_cellsim
1.318948e+03,38041,1.35192455381848e-04,3.25590463312045e-02,6.41674707072531e+02,sinkhorn_cellsim
1.319641e+03,38061,1.35091477988293e-04,3.25590464374586e-02,6.41674713192351e+02,sinkhorn_cellsim
1.320334e+03,38081,1.34990107478749e-04,3.25590465462856e-02,6.41674719306799e+02,sinkhorn_cellsim
1.321028e+03,38101,1.34886617015911e-04,3.25590466580603e-02,6.41674725415829e+02,sinkhorn_cellsim
1.321721e+03,38121,1.34781900188274e-04,3.25590467731155e-02,6.41674731519392e+02,sinkhorn_cellsim
1.322415e+03,38141,1.34675182470561e-04,3.25590468917343e-02,6.41674737617442e+02,sinkhorn_cellsim
1.323108e+03,38161,1.34566267876478e-04,3.25590470141442e-02,6.41674743709933e+02,sinkhorn_cellsim
1.323802e+03,38181,1.34455180239592e-04,3.25590471405106e-02,6.41674749796821e+02,sinkhorn_cellsim
1.324495e+03,38201,1.34342052199216e-04,3.25590472709349e-02,6.41674755878064e+02,sinkhorn_cellsim
1.325189e+03,38221,1.34227197494976e-04,3.25590474054520e-02,6.41674761953624e+02,sinkhorn_cellsim
1.325882e+03,38241,1.34110310668433e-04,3.25590475440309e-02,6.41674768023464e+02,sinkhorn_cellsim
1.326576e+03,38261,1.33991897984000e-04,3.25590476865789e-02,6.41674774087555e+02,sinkhorn_cellsim
1.327269e+03,38281,1.33872723540481e-04,3.25590478329435e-02,6.41674780145871e+02,sinkhorn_cellsim
1.327962e+03,38301,1.33751741397376e-04,3.25590479829192e-02,6.41674786198392e+02,sinkhorn_cellsim
1.328656e+03,38321,1.33629051449084e-04,3.25590481362553e-02,6.41674792245104e+02,sinkhorn_cellsim
1.329349e+03,38341,1.33505087483039e-04,3.25590482926631e-02,6.41674798286001e+02,sinkhorn_cellsim
1.330043e+03,38361,1.33381029173865e-04,3.25590484518252e-02,6.41674804321083e+02,sinkhorn_cellsim
1.330736e+03,38381,1.33256111145204e-04,3.25590486134046e-02,6.41674810350357e+02,sinkhorn_cellsim
1.331430e+03,38401,1.33129915740413e-04,3.25590487770555e-02,6.41674816373839e+02,sinkhorn_cellsim
1.332123e+03,38421,1.33002595496255e-04,3.25590489424302e-02,6.41674822391549e+02,sinkhorn_cellsim
1.332816e+03,38441,1.32874490953072e-04,3.25590491091903e-02,6.41674828403516e+02,sinkhorn_cellsim
1.333510e+03,38461,1.32745542617241e-04,3.25590492770141e-02,6.41674834409776e+02,sinkhorn_cellsim
1.334203e+03,38481,1.32616922477442e-04,3.25590494456037e-02,6.41674840410370e+02,sinkhorn_cellsim
1.334897e+03,38501,1.32488579008855e-04,3.25590496146919e-02,6.41674846405347e+02,sinkhorn_cellsim
1.335590e+03,38521,1.32360293085603e-04,3.25590497840475e-02,6.41674852394760e+02,sinkhorn_cellsim
1.336284e+03,38541,1.32232114398717e-04,3.25590499534799e-02,6.41674858378669e+02,sinkhorn_cellsim
1.336977e+03,38561,1.32103701807687e-04,3.25590501228418e-02,6.41674864357139e+02,sinkhorn_cellsim
1.337671e+03,38581,1.31975210565559e-04,3.25590502920326e-02,6.41674870330241e+02,sinkhorn_cellsim
1.338364e+03,38601,1.31846794978657e-04,3.25590504609978e-02,6.41674876298052e+02,sinkhorn_cellsim
1.339057e+03,38621,1.31719193408768e-04,3.25590506297314e-02,6.41674882260652e+02,sinkhorn_cellsim
1.339751e+03,38641,1.31592224343555e-04,3.25590507982739e-02,6.41674888218131e+02,sinkhorn_cellsim
1.340444e+03,38661,1.31465954272132e-04,3.25590509667120e-02,6.41674894170580e+02,sinkhorn_cellsim
1.341138e+03,38681,1.31340309159772e-04,3.25590511351754e-02,6.41674900118098e+02,sinkhorn_cellsim
1.341831e+03,38701,1.31215443108931e-04,3.25590513038355e-02,6.41674906060791e+02,sinkhorn_cellsim
1.342525e+03,38721,1.31091705770196e-04,3.25590514729019e-02,6.41674911998768e+02,sinkhorn_cellsim
1.343218e+03,38741,1.30969499878573e-04,3.25590516426173e-02,6.41674917932145e+02,sinkhorn_cellsim
1.343911e+03,38761,1.30851465207195e-04,3.25590518132554e-02,6.41674923861040e+02,sinkhorn_cellsim
1.344605e+03,38781,1.30738612180207e-04,3.25590519851151e-02,6.41674929785577e+02,sinkhorn_cellsim
1.345298e+03,38801,1.30628451894072e-04,3.25590521585155e-02,6.41674935705882e+02,sinkhorn_cellsim
1.345992e+03,38821,1.30519636457147e-04,3.25590523337918e-02,6.41674941622083e+02,sinkhorn_cellsim
1.346685e+03,38841,1.30412238801897e-04,3.25590525112894e-02,6.41674947534308e+02,sinkhorn_cellsim
1.347379e+03,38861,1.30306344274155e-04,3.25590526913589e-02,6.41674953442685e+02,sinkhorn_cellsim
1.348072e+03,38881,1.30202153334499e-04,3.25590528743509e-02,6.41674959347339e+02,sinkhorn_cellsim
1.348766e+03,38901,1.30099666842393e-04,3.25590530606112e-02,6.41674965248392e+02,sinkhorn_cellsim
1.349459e+03,38921,1.29999049706377e-04,3.25590532504757e-02,6.41674971145962e+02,sinkhorn_cellsim
1.350152e+03,38941,1.29900860680412e-04,3.25590534442663e-02,6.41674977040159e+02,sinkhorn_cellsim
1.350846e+03,38961,1.29804802097969e-04,3.25590536422867e-02,6.41674982931089e+02,sinkhorn_cellsim
1.351539e+03,38981,1.29710731535442e-04,3.25590538448193e-02,6.41674988818848e+02,sinkhorn_cellsim
1.352233e+03,39001,1.29618720350049e-04,3.25590540521205e-02,6.41674994703527e+02,sinkhorn_cellsim
1.352926e+03,39021,1.29528282329017e-04,3.25590542644197e-02,6.41675000585205e+02,sinkhorn_cellsim
1.353620e+03,39041,1.29439371426963e-04,3.25590544819152e-02,6.41675006463956e+02,sinkhorn_cellsim
1.354313e+03,39061,1.29352046639884e-04,3.25590547047738e-02,6.41675012339845e+02,sinkhorn_cellsim
1.355006e+03,39081,1.29266423723532e-04,3.25590549331275e-02,6.41675018212927e+02,sinkhorn_cellsim
1.355700e+03,39101,1.29182684185896e-04,3.25590551670732e-02,6.41675024083253e+02,sinkhorn_cellsim
1.356393e+03,39121,1.29100358366702e-04,3.25590554066723e-02,6.41675029950865e+02,sinkhorn_cellsim
1.357087e+03,39141,1.29020113221235e-04,3.25590556519472e-02,6.41675035815801e+02,sinkhorn_cellsim
1.357780e+03,39161,1.28942980283899e-04,3.25590559028845e-02,6.41675041678093e+02,sinkhorn_cellsim
1.358474e+03,39181,1.28867941857265e-04,3.25590561594330e-02,6.41675047537769e+02,sinkhorn_cellsim
1.359167e+03,39201,1.28795695920176e-04,3.25590564215035e-02,6.41675053394854e+02,sinkhorn_cellsim
1.359861e+03,39221,1.28724828179026e-04,3.25590566889705e-02,6.41675059249369e+02,sinkhorn_cellsim
1.360554e+03,39241,1.28654826595684e-04,3.25590569616721e-02,6.41675065101336e+02,sinkhorn_cellsim
1.361247e+03,39261,1.28585499884445e-04,3.25590572394128e-02,6.41675070950772e+02,sinkhorn_cellsim
1.361941e+03,39281,1.28516840896806e-04,3.25590575219625e-02,6.41675076797696e+02,sinkhorn_cellsim
1.362634e+03,39301,1.28448817544248e-04,3.25590578090618e-02,6.41675082642124e+02,sinkhorn_cellsim
1.363328e+03,39321,1.28381380084358e-04,3.25590581004226e-02,6.41675088484075e+02,sinkhorn_cellsim
1.364021e+03,39341,1.28314506508581e-04,3.25590583957323e-02,6.41675094323564e+02,sinkhorn_cellsim
1.364715e+03,39361,1.28248177974700e-04,3.25590586946576e-02,6.41675100160607e+02,sinkhorn_cellsim
1.365408e+03,39381,1.28182861245237e-04,3.25590589968483e-02,6.41675105995221e+02,sinkhorn_cellsim
1.366102e+03,39401,1.28118429298387e-04,3.25590593019440e-02,6.41675111827419e+02,sinkhorn_cellsim
1.366795e+03,39421,1.28055311619623e-04,3.25590596095781e-02,6.41675117657215e+02,sinkhorn_cellsim
1.367489e+03,39441,1.27993140192829e-04,3.25590599193862e-02,6.41675123484621e+02,sinkhorn_cellsim
1.368182e+03,39461,1.27931230574512e-04,3.25590602310113e-02,6.41675129309644e+02,sinkhorn_cellsim
1.368875e+03,39481,1.27870072330872e-04,3.25590605441130e-02,6.41675135132291e+02,sinkhorn_cellsim
1.369569e+03,39501,1.27809711777540e-04,3.25590608583730e-02,6.41675140952562e+02,sinkhorn_cellsim
1.370262e+03,39521,1.27750408217443e-04,3.25590611735046e-02,6.41675146770454e+02,sinkhorn_cellsim
1.370956e+03,39541,1.27691585758546e-04,3.25590614892594e-02,6.41675152585959e+02,sinkhorn_cellsim
1.371649e+03,39561,1.27633154355872e-04,3.25590618054345e-02,6.41675158399059e+02,sinkhorn_cellsim
1.372343e+03,39581,1.27574639799286e-04,3.25590621218792e-02,6.41675164209731e+02,sinkhorn_cellsim
1.373036e+03,39601,1.27515988685850e-04,3.25590624385001e-02,6.41675170017945e+02,sinkhorn_cellsim
1.373730e+03,39621,1.27457272963192e-04,3.25590627552656e-02,6.41675175823660e+02,sinkhorn_cellsim
1.374423e+03,39641,1.27398906118409e-04,3.25590630722103e-02,6.41675181626825e+02,sinkhorn_cellsim
1.375116e+03,39661,1.27340570766508e-04,3.25590633894339e-02,6.41675187427382e+02,sinkhorn_cellsim
1.375810e+03,39681,1.27282010058977e-04,3.25590637071051e-02,6.41675193225261e+02,sinkhorn_cellsim
1.376503e+03,39701,1.27222880961440e-04,3.25590640254574e-02,6.41675199020383e+02,sinkhorn_cellsim
1.377197e+03,39721,1.27163064181003e-04,3.25590643447872e-02,6.41675204812657e+02,sinkhorn_cellsim
1.377890e+03,39741,1.27102432273548e-04,3.25590646654489e-02,6.41675210601983e+02,sinkhorn_cellsim
1.378584e+03,39761,1.27041064607519e-04,3.25590649878505e-02,6.41675216388253e+02,sinkhorn_cellsim
1.379277e+03,39781,1.26978974252893e-04,3.25590653124425e-02,6.41675222171349e+02,sinkhorn_cellsim
1.379970e+03,39801,1.26916251601344e-04,3.25590656397128e-02,6.41675227951146e+02,sinkhorn_cellsim
1.380664e+03,39821,1.26852412411468e-04,3.25590659701739e-02,6.41675233727513e+02,sinkhorn_cellsim
1.381357e+03,39841,1.26787886532073e-04,3.25590663043530e-02,6.41675239500313e+02,sinkhorn_cellsim
1.382051e+03,39861,1.26722372986095e-04,3.25590666427785e-02,6.41675245269405e+02,sinkhorn_cellsim
1.382744e+03,39881,1.26655702601879e-04,3.25590669859684e-02,6.41675251034649e+02,sinkhorn_cellsim
1.383438e+03,39901,1.26587053848590e-04,3.25590673344142e-02,6.41675256795903e+02,sinkhorn_cellsim
1.384131e+03,39921,1.26516339768947e-04,3.25590676885682e-02,6.41675262553027e+02,sinkhorn_cellsim
1.384824e+03,39941,1.26443490175088e-04,3.25590680488274e-02,6.41675268305888e+02,sinkhorn_cellsim
1.385518e+03,39961,1.26368454314341e-04,3.25590684155202e-02,6.41675274054356e+02,sinkhorn_cellsim
1.386211e+03,39981,1.26291203240927e-04,3.25590687888888e-02,6.41675279798314e+02,sinkhorn_cellsim
1.386905e+03,40001,1.26211731904044e-04,3.25590691690794e-02,6.41675285537653e+02,sinkhorn_cellsim
1.387598e+03,40021,1.26130060764232e-04,3.25590695561248e-02,6.41675291272277e+02,sinkhorn_cellsim
1.388292e+03,40041,1.26046236966795e-04,3.25590699499358e-02,6.41675297002105e+02,sinkhorn_cellsim
1.388985e+03,40061,1.25960334947076e-04,3.25590703502897e-02,6.41675302727075e+02,sinkhorn_cellsim
1.389679e+03,40081,1.25874084763598e-04,3.25590707568237e-02,6.41675308447139e+02,sinkhorn_cellsim
1.390372e+03,40101,1.25786906625111e-04,3.25590711690296e-02,6.41675314162269e+02,sinkhorn_cellsim
1.391066e+03,40121,1.25698072663384e-04,3.25590715862524e-02,6.41675319872458e+02,sinkhorn_cellsim
1.391759e+03,40141,1.25607744035181e-04,3.25590720076926e-02,6.41675325577715e+02,sinkhorn_cellsim
1.392452e+03,40161,1.25516101210872e-04,3.25590724324117e-02,6.41675331278072e+02,sinkhorn_cellsim
1.393146e+03,40181,1.25423341216814e-04,3.25590728593427e-02,6.41675336973578e+02,sinkhorn_cellsim
1.393839e+03,40201,1.25329833345849e-04,3.25590732873039e-02,6.41675342664301e+02,sinkhorn_cellsim
1.394533e+03,40221,1.25235683289989e-04,3.25590737150166e-02,6.41675348350326e+02,sinkhorn_cellsim
1.395226e+03,40241,1.25141070289725e-04,3.25590741411266e-02,6.41675354031753e+02,sinkhorn_cellsim
1.395920e+03,40261,1.25046379269220e-04,3.25590745642294e-02,6.41675359708695e+02,sinkhorn_cellsim
1.396613e+03,40281,1.24952261737131e-04,3.25590749828960e-02,6.41675365381277e+02,sinkhorn_cellsim
1.397307e+03,40301,1.24858661975439e-04,3.25590753957015e-02,6.41675371049634e+02,sinkhorn_cellsim
1.398000e+03,40321,1.24765479419890e-04,3.25590758012543e-02,6.41675376713908e+02,sinkhorn_cellsim
1.398693e+03,40341,1.24672920121269e-04,3.25590761982243e-02,6.41675382374244e+02,sinkhorn_cellsim
1.399387e+03,40361,1.24581286224964e-04,3.25590765853694e-02,6.41675388030793e+02,sinkhorn_cellsim
1.400080e+03,40381,1.24491251618580e-04,3.25590769615591e-02,6.41675393683702e+02,sinkhorn_cellsim
1.400774e+03,40401,1.24402312933260e-04,3.25590773257955e-02,6.41675399333119e+02,sinkhorn_cellsim
1.401467e+03,40421,1.24314610376969e-04,3.25590776772302e-02,6.41675404979187e+02,sinkhorn_cellsim
1.402161e+03,40441,1.24228318659046e-04,3.25590780151750e-02,6.41675410622040e+02,sinkhorn_cellsim
1.402854e+03,40461,1.24143481212968e-04,3.25590783391093e-02,6.41675416261809e+02,sinkhorn_cellsim
1.403547e+03,40481,1.24060163518728e-04,3.25590786486818e-02,6.41675421898612e+02,sinkhorn_cellsim
1.404241e+03,40501,1.23978489392167e-04,3.25590789437078e-02,6.41675427532556e+02,sinkhorn_cellsim
1.404934e+03,40521,1.23898455764813e-04,3.25590792241616e-02,6.41675433163738e+02,sinkhorn_cellsim
1.405628e+03,40541,1.23820583760376e-04,3.25590794901670e-02,6.41675438792240e+02,sinkhorn_cellsim
1.406321e+03,40561,1.23744501014173e-04,3.25590797419825e-02,6.41675444418134e+02,sinkhorn_cellsim
1.407015e+03,40581,1.23669967625652e-04,3.25590799799870e-02,6.41675450041473e+02,sinkhorn_cellsim
1.407708e+03,40601,1.23596945211609e-04,3.25590802046623e-02,6.41675455662301e+02,sinkhorn_cellsim
1.408402e+03,40621,1.23525250218031e-04,3.25590804165759e-02,6.41675461280645e+02,sinkhorn_cellsim
1.409095e+03,40641,1.23455052991034e-04,3.25590806163650e-02,6.41675466896521e+02,sinkhorn_cellsim
1.409788e+03,40661,1.23386297494007e-04,3.25590808047196e-02,6.41675472509928e+02,sinkhorn_cellsim
1.410482e+03,40681,1.23318659624256e-04,3.25590809823673e-02,6.41675478120856e+02,sinkhorn_cellsim
1.411175e+03,40701,1.23251900263167e-04,3.25590811500611e-02,6.41675483729283e+02,sinkhorn_cellsim
1.411869e+03,40721,1.23185882929035e-04,3.25590813085683e-02,6.41675489335174e+02,sinkhorn_cellsim
1.412562e+03,40741,1.23120465934951e-04,3.25590814586584e-02,6.41675494938485e+02,sinkhorn_cellsim
1.413256e+03,40761,1.23055504746468e-04,3.25590816010988e-02,6.41675500539165e+02,sinkhorn_cellsim
1.413949e+03,40781,1.22990854238272e-04,3.25590817366457e-02,6.41675506137153e+02,sinkhorn_cellsim
1.414643e+03,40801,1.22926370911480e-04,3.25590818660410e-02,6.41675511732383e+02,sinkhorn_cellsim
1.415336e+03,40821,1.22861914985470e-04,3.25590819900088e-02,6.41675517324783e+02,sinkhorn_cellsim
1.416030e+03,40841,1.22797378871544e-04,3.25590821092526e-02,6.41675522914280e+02,sinkhorn_cellsim
1.416723e+03,40861,1.22732711620675e-04,3.25590822244543e-02,6.41675528500793e+02,sinkhorn_cellsim
1.417416e+03,40881,1.22667907010306e-04,3.25590823362723e-02,6.41675534084246e+02,sinkhorn_cellsim
1.418110e+03,40901,1.22602688871688e-04,3.25590824453416e-02,6.41675539664558e+02,sinkhorn_cellsim
1.418803e+03,40921,1.22537804364367e-04,3.25590825522724e-02,6.41675545241652e+02,sinkhorn_cellsim
1.419497e+03,40941,1.22472718799810e-04,3.25590826576503e-02,6.41675550815453e+02,sinkhorn_cellsim
1.420190e+03,40961,1.22406990532497e-04,3.25590827620353e-02,6.41675556385889e+02,sinkhorn_cellsim
1.420884e+03,40981,1.22340656196047e-04,3.25590828659612e-02,6.41675561952893e+02,sinkhorn_cellsim
1.421577e+03,41001,1.22275418673459e-04,3.25590829699351e-02,6.41675567516404e+02,sinkhorn_cellsim
1.422271e+03,41021,1.22209434758987e-04,3.25590830744367e-02,6.41675573076368e+02,sinkhorn_cellsim
1.422964e+03,41041,1.22142633257060e-04,3.25590831799177e-02,6.41675578632739e+02,sinkhorn_cellsim
1.423657e+03,41061,1.22075017821509e-04,3.25590832868011e-02,6.41675584185479e+02,sinkhorn_cellsim
1.424351e+03,41081,1.22007394782331e-04,3.25590833954817e-02,6.41675589734560e+02,sinkhorn_cellsim
1.425044e+03,41101,1.21939691258751e-04,3.25590835063252e-02,6.41675595279964e+02,sinkhorn_cellsim
1.425738e+03,41121,1.21871483483768e-04,3.25590836196700e-02,6.41675600821686e+02,sinkhorn_cellsim
1.426431e+03,41141,1.21803400996223e-04,3.25590837358269e-02,6.41675606359731e+02,sinkhorn_cellsim
1.427125e+03,41161,1.21734751599075e-04,3.25590838550798e-02,6.41675611894115e+02,sinkhorn_cellsim
1.427818e+03,41181,1.21666678458936e-04,3.25590839776890e-02,6.41675617424868e+02,sinkhorn_cellsim
1.428512e+03,41201,1.21600542459076e-04,3.25590841038906e-02,6.41675622952031e+02,sinkhorn_cellsim
1.429205e+03,41221,1.21534196902564e-04,3.25590842338999e-02,6.41675628475656e+02,sinkhorn_cellsim
1.429899e+03,41241,1.21467432233110e-04,3.25590843679121e-02,6.41675633995808e+02,sinkhorn_cellsim
1.430592e+03,41261,1.21400364420048e-04,3.25590845061048e-02,6.41675639512561e+02,sinkhorn_cellsim
1.431285e+03,41281,1.21333967743845e-04,3.25590846486388e-02,6.41675645025998e+02,sinkhorn_cellsim
1.431979e+03,41301,1.21267672498493e-04,3.25590847956608e-02,6.41675650536211e+02,sinkhorn_cellsim
1.432672e+03,41321,1.21201383687325e-04,3.25590849473026e-02,6.41675656043299e+02,sinkhorn_cellsim
1.433366e+03,41341,1.21135214266160e-04,3.25590851036843e-02,6.41675661547366e+02,sinkhorn_cellsim
1.434059e+03,41361,1.21069474627321e-04,3.25590852649129e-02,6.41675667048516e+02,sinkhorn_cellsim
1.434753e+03,41381,1.21004139420933e-04,3.25590854310846e-02,6.41675672546858e+02,sinkhorn_cellsim
1.435446e+03,41401,1.20939208460959e-04,3.25590856022832e-02,6.41675678042499e+02,sinkhorn_cellsim
1.436140e+03,41421,1.20874768091036e-04,3.25590857785825e-02,6.41675683535545e+02,sinkhorn_cellsim
1.436833e+03,41441,1.20810894143728e-04,3.25590859600445e-02,6.41675689026095e+02,sinkhorn_cellsim
1.437526e+03,41461,1.20747650420190e-04,3.25590861467209e-02,6.41675694514244e+02,sinkhorn_cellsim
1.438220e+03,41481,1.20685087357511e-04,3.25590863386533e-02,6.41675700000080e+02,sinkhorn_cellsim
1.438913e+03,41501,1.20623240924213e-04,3.25590865358731e-02,6.41675705483681e+02,sinkhorn_cellsim
1.439607e+03,41521,1.20562141903175e-04,3.25590867384033e-02,6.41675710965115e+02,sinkhorn_cellsim
1.440300e+03,41541,1.20503034759403e-04,3.25590869462576e-02,6.41675716444440e+02,sinkhorn_cellsim
1.440994e+03,41561,1.20444570859576e-04,3.25590871594432e-02,6.41675721921700e+02,sinkhorn_cellsim
1.441687e+03,41581,1.20386728657398e-04,3.25590873779610e-02,6.41675727396928e+02,sinkhorn_cellsim
1.442381e+03,41601,1.20329469830748e-04,3.25590876018066e-02,6.41675732870144e+02,sinkhorn_cellsim
1.443074e+03,41621,1.20272739606080e-04,3.25590878309716e-02,6.41675738341354e+02,sinkhorn_cellsim
1.443767e+03,41641,1.20216467269619e-04,3.25590880654441e-02,6.41675743810548e+02,sinkhorn_cellsim
1.444461e+03,41661,1.20160566818655e-04,3.25590883052097e-02,6.41675749277705e+02,sinkhorn_cellsim
1.445154e+03,41681,1.20104937761297e-04,3.25590885502515e-02,6.41675754742789e+02,sinkhorn_cellsim
1.445848e+03,41701,1.20049466023318e-04,3.25590888005495e-02,6.41675760205750e+02,sinkhorn_cellsim
1.446541e+03,41721,1.19994024957492e-04,3.25590890560800e-02,6.41675765666524e+02,sinkhorn_cellsim
1.447235e+03,41741,1.19938476450004e-04,3.25590893168137e-02,6.41675771125034e+02,sinkhorn_cellsim
1.447928e+03,41761,1.19882672101907e-04,3.25590895827135e-02,6.41675776581190e+02,sinkhorn_cellsim
1.448622e+03,41781,1.19826507355850e-04,3.25590898537318e-02,6.41675782034888e+02,sinkhorn_cellsim
1.449315e+03,41801,1.19769959478068e-04,3.25590901298058e-02,6.41675787486014e+02,sinkhorn_cellsim
1.450009e+03,41821,1.19712670161141e-04,3.25590904108523e-02,6.41675792934440e+02,sinkhorn_cellsim
1.450702e+03,41841,1.19654461487532e-04,3.25590906967638e-02,6.41675798380028e+02,sinkhorn_cellsim
1.451395e+03,41861,1.19595666209413e-04,3.25590909874000e-02,6.41675803822631e+02,sinkhorn_cellsim
1.452089e+03,41881,1.19535889180291e-04,3.25590912825832e-02,6.41675809262089e+02,sinkhorn_cellsim
1.452782e+03,41901,1.19475400294261e-04,3.25590915820894e-02,6.41675814698236e+02,sinkhorn_cellsim
1.453476e+03,41921,1.19414892072535e-04,3.25590918856424e-02,6.41675820130898e+02,sinkhorn_cellsim
1.454169e+03,41941,1.19352892966995e-04,3.25590921929059e-02,6.41675825559893e+02,sinkhorn_cellsim
1.454863e+03,41961,1.19289263527216e-04,3.25590925034774e-02,6.41675830985035e+02,sinkhorn_cellsim
1.455556e+03,41981,1.19224439205435e-04,3.25590928168828e-02,6.41675836406132e+02,sinkhorn_cellsim
1.456250e+03,42001,1.19158121325166e-04,3.25590931325716e-02,6.41675841822989e+02,sinkhorn_cellsim
1.456943e+03,42021,1.19089864765639e-04,3.25590934499142e-02,6.41675847235411e+02,sinkhorn_cellsim
1.457636e+03,42041,1.19019114581666e-04,3.25590937682014e-02,6.41675852643197e+02,sinkhorn_cellsim
1.458330e+03,42061,1.18946320204727e-04,3.25590940866463e-02,6.41675858046153e+02,sinkhorn_cellsim
1.459023e+03,42081,1.18872101379998e-04,3.25590944043876e-02,6.41675863444081e+02,sinkhorn_cellsim
1.459717e+03,42101,1.18795550390424e-04,3.25590947204964e-02,6.41675868836787e+02,sinkhorn_cellsim
1.460410e+03,42121,1.18716604128258e-04,3.25590950339858e-02,6.41675874224082e+02,sinkhorn_cellsim
1.461104e+03,42141,1.18636306979722e-04,3.25590953438240e-02,6.41675879605781e+02,sinkhorn_cellsim
1.461797e+03,42161,1.18554879008122e-04,3.25590956489455e-02,6.41675884981703e+02,sinkhorn_cellsim
1.462491e+03,42181,1.18471017705262e-04,3.25590959482703e-02,6.41675890351675e+02,sinkhorn_cellsim
1.463184e+03,42201,1.18384291842096e-04,3.25590962407194e-02,6.41675895715529e+02,sinkhorn_cellsim
1.463877e+03,42221,1.18296400547841e-04,3.25590965252330e-02,6.41675901073107e+02,sinkhorn_cellsim
1.464571e+03,42241,1.18206062032632e-04,3.25590968007900e-02,6.41675906424256e+02,sinkhorn_cellsim
1.465264e+03,42261,1.18112841081209e-04,3.25590970664238e-02,6.41675911768835e+02,sinkhorn_cellsim
1.465958e+03,42281,1.18016732638547e-04,3.25590973212398e-02,6.41675917106710e+02,sinkhorn_cellsim
1.466651e+03,42301,1.17917737782606e-04,3.25590975644289e-02,6.41675922437757e+02,sinkhorn_cellsim
1.467345e+03,42321,1.17815863800083e-04,3.25590977952804e-02,6.41675927761863e+02,sinkhorn_cellsim
1.468038e+03,42341,1.17711486550746e-04,3.25590980131902e-02,6.41675933078925e+02,sinkhorn_cellsim
1.468732e+03,42361,1.17604573943339e-04,3.25590982176680e-02,6.41675938388855e+02,sinkhorn_cellsim
1.469425e+03,42381,1.17494795154809e-04,3.25590984083386e-02,6.41675943691572e+02,sinkhorn_cellsim
1.470119e+03,42401,1.17382193065679e-04,3.25590985849447e-02,6.41675948987012e+02,sinkhorn_cellsim
1.470812e+03,42421,1.17266821016505e-04,3.25590987473413e-02,6.41675954275125e+02,sinkhorn_cellsim
1.471505e+03,42441,1.17148744293752e-04,3.25590988954926e-02,6.41675959555871e+02,sinkhorn_cellsim
1.472199e+03,42461,1.17028041564880e-04,3.25590990294632e-02,6.41675964829231e+02,sinkhorn_cellsim
1.472892e+03,42481,1.16904806207990e-04,3.25590991494098e-02,6.41675970095196e+02,sinkhorn_cellsim
1.473586e+03,42501,1.16779147384487e-04,3.25590992555702e-02,6.41675975353776e+02,sinkhorn_cellsim
1.474279e+03,42521,1.16651190806824e-04,3.25590993482527e-02,6.41675980604996e+02,sinkhorn_cellsim
1.474973e+03,42541,1.16521079081917e-04,3.25590994278243e-02,6.41675985848896e+02,sinkhorn_cellsim
1.475666e+03,42561,1.16389025695059e-04,3.25590994947010e-02,6.41675991085534e+02,sinkhorn_cellsim
1.476359e+03,42581,1.16256230244274e-04,3.25590995493346e-02,6.41675996314980e+02,sinkhorn_cellsim
1.477053e+03,42601,1.16121804193484e-04,3.25590995922065e-02,6.41676001537321e+02,sinkhorn_cellsim
1.477746e+03,42621,1.15985881816660e-04,3.25590996238165e-02,6.41676006752658e+02,sinkhorn_cellsim
1.478440e+03,42641,1.15848683169650e-04,3.25590996446779e-02,6.41676011961101e+02,sinkhorn_cellsim
1.479133e+03,42661,1.15710453009169e-04,3.25590996553094e-02,6.41676017162775e+02,sinkhorn_cellsim
1.479827e+03,42681,1.15571728260167e-04,3.25590996562343e-02,6.41676022357812e+02,sinkhorn_cellsim
1.480520e+03,42701,1.15432347830217e-04,3.25590996479754e-02,6.41676027546355e+02,sinkhorn_cellsim
1.481213e+03,42721,1.15292835164242e-04,3.25590996310546e-02,6.41676032728551e+02,sinkhorn_cellsim
1.481907e+03,42741,1.15153387421802e-04,3.25590996059926e-02,6.41676037904553e+02,sinkhorn_cellsim
1.482600e+03,42761,1.15013976405850e-04,3.25590995733107e-02,6.41676043074518e+02,sinkhorn_cellsim
1.483294e+03,42781,1.14875693575563e-04,3.25590995335308e-02,6.41676048238605e+02,sinkhorn_cellsim
1.483987e+03,42801,1.14739170538513e-04,3.25590994871790e-02,6.41676053396971e+02,sinkhorn_cellsim
1.484681e+03,42821,1.14604006924168e-04,3.25590994347873e-02,6.41676058549774e+02,sinkhorn_cellsim
1.485374e+03,42841,1.14470199249259e-04,3.25590993768967e-02,6.41676063697169e+02,sinkhorn_cellsim
1.486068e+03,42861,1.14337985520833e-04,3.25590993140589e-02,6.41676068839309e+02,sinkhorn_cellsim
1.486761e+03,42881,1.14206914972766e-04,3.25590992468391e-02,6.41676073976342e+02,sinkhorn_cellsim
1.487454e+03,42901,1.14077005624657e-04,3.25590991758170e-02,6.41676079108408e+02,sinkhorn_cellsim
1.488148e+03,42921,1.13948341567637e-04,3.25590991015874e-02,6.41676084235646e+02,sinkhorn_cellsim
1.488841e+03,42941,1.13820992208617e-04,3.25590990247610e-02,6.41676089358186e+02,sinkhorn_cellsim
1.489535e+03,42961,1.13696715880195e-04,3.25590989459619e-02,6.41676094476152e+02,sinkhorn_cellsim
1.490228e+03,42981,1.13576160896517e-04,3.25590988658278e-02,6.41676099589659e+02,sinkhorn_cellsim
1.490922e+03,43001,1.13457421207028e-04,3.25590987850051e-02,6.41676104698819e+02,sinkhorn_cellsim
1.491615e+03,43021,1.13340347759850e-04,3.25590987041471e-02,6.41676109803732e+02,sinkhorn_cellsim
1.492308e+03,43041,1.13224948698174e-04,3.25590986239090e-02,6.41676114904495e+02,sinkhorn_cellsim
1.493002e+03,43061,1.13111221720022e-04,3.25590985449434e-02,6.41676120001194e+02,sinkhorn_cellsim
1.493695e+03,43081,1.12999155061607e-04,3.25590984678953e-02,6.41676125093912e+02,sinkhorn_cellsim
1.494389e+03,43101,1.12888728493683e-04,3.25590983933977e-02,6.41676130182722e+02,sinkhorn_cellsim
1.495082e+03,43121,1.12779998891781e-04,3.25590983220656e-02,6.41676135267693e+02,sinkhorn_cellsim
1.495776e+03,43141,1.12675266986801e-04,3.25590982544938e-02,6.41676140348888e+02,sinkhorn_cellsim
1.496469e+03,43161,1.12573666642088e-04,3.25590981912517e-02,6.41676145426364e+02,sinkhorn_cellsim
1.497163e+03,43181,1.12476522849450e-04,3.25590981328819e-02,6.41676150500176e+02,sinkhorn_cellsim
1.497856e+03,43201,1.12381657714808e-04,3.25590980798981e-02,6.41676155570373e+02,sinkhorn_cellsim
1.498549e+03,43221,1.12288396621153e-04,3.25590980327851e-02,6.41676160637002e+02,sinkhorn_cellsim
1.499243e+03,43241,1.12196658620296e-04,3.25590979919981e-02,6.41676165700105e+02,sinkhorn_cellsim
1.499936e+03,43261,1.12107016018913e-04,3.25590979579673e-02,6.41676170759725e+02,sinkhorn_cellsim
1.500630e+03,43281,1.12019494346087e-04,3.25590979310982e-02,6.41676175815902e+02,sinkhorn_cellsim
1.501323e+03,43301,1.11933109249191e-04,3.25590979117758e-02,6.41676180868674e+02,sinkhorn_cellsim
1.502017e+03,43321,1.11847771067056e-04,3.25590979003705e-02,6.41676185918076e+02,sinkhorn_cellsim
1.502710e+03,43341,1.11763386763625e-04,3.25590978972405e-02,6.41676190964145e+02,sinkhorn_cellsim
1.503403e+03,43361,1.11679860594472e-04,3.25590979027390e-02,6.41676196006912e+02,sinkhorn_cellsim
1.504097e+03,43381,1.11599455431488e-04,3.25590979172183e-02,6.41676201046408e+02,sinkhorn_cellsim
1.504790e+03,43401,1.11520923504393e-04,3.25590979410351e-02,6.41676206082661e+02,sinkhorn_cellsim
1.505484e+03,43421,1.11446254805410e-04,3.25590979745549e-02,6.41676211115695e+02,sinkhorn_cellsim
1.506177e+03,43441,1.11373328926656e-04,3.25590980181558e-02,6.41676216145528e+02,sinkhorn_cellsim
1.506871e+03,43461,1.11302029587885e-04,3.25590980722317e-02,6.41676221172175e+02,sinkhorn_cellsim
1.507564e+03,43481,1.11231896931488e-04,3.25590981371957e-02,6.41676226195646e+02,sinkhorn_cellsim
1.508258e+03,43501,1.11162282396599e-04,3.25590982134794e-02,6.41676231215942e+02,sinkhorn_cellsim
1.508951e+03,43521,1.11093341732716e-04,3.25590983015351e-02,6.41676236233057e+02,sinkhorn_cellsim
1.509645e+03,43541,1.11025387783256e-04,3.25590984018345e-02,6.41676241246979e+02,sinkhorn_cellsim
1.510338e+03,43561,1.10957596184609e-04,3.25590985148674e-02,6.41676246257686e+02,sinkhorn_cellsim
1.511031e+03,43581,1.10889973844910e-04,3.25590986411380e-02,6.41676251265150e+02,sinkhorn_cellsim
1.511725e+03,43601,1.10822378927844e-04,3.25590987811636e-02,6.41676256269332e+02,sinkhorn_cellsim
1.512418e+03,43621,1.10754592699095e-04,3.25590989354681e-02,6.41676261270186e+02,sinkhorn_cellsim
1.513112e+03,43641,1.10686493543464e-04,3.25590991045785e-02,6.41676266267659e+02,sinkhorn_cellsim
1.513805e+03,43661,1.10617956606321e-04,3.25590992890193e-02,6.41676271261688e+02,sinkhorn_cellsim
1.514499e+03,43681,1.10548853887484e-04,3.25590994893066e-02,6.41676276252204e+02,sinkhorn_cellsim
1.515192e+03,43701,1.10479187434635e-04,3.25590997059418e-02,6.41676281239134e+02,sinkhorn_cellsim
1.515885e+03,43721,1.10409002504514e-04,3.25590999394054e-02,6.41676286222395e+02,sinkhorn_cellsim
1.516579e+03,43741,1.10339101269451e-04,3.25591001901513e-02,6.41676291201902e+02,sinkhorn_cellsim
1.517272e+03,43761,1.10268195183934e-04,3.25591004586001e-02,6.41676296177564e+02,sinkhorn_cellsim
1.517966e+03,43781,1.10196237861954e-04,3.25591007451327e-02,6.41676301149287e+02,sinkhorn_cellsim
1.518659e+03,43801,1.10122911975276e-04,3.25591010500864e-02,6.41676306116976e+02,sinkhorn_cellsim
1.519353e+03,43821,1.10047935057855e-04,3.25591013737464e-02,6.41676311080530e+02,sinkhorn_cellsim
1.520046e+03,43841,1.09971184620303e-04,3.25591017163431e-02,6.41676316039849e+02,sinkhorn_cellsim
1.520740e+03,43861,1.09893003255156e-04,3.25591020780457e-02,6.41676320994831e+02,sinkhorn_cellsim
1.521433e+03,43881,1.09813196956662e-04,3.25591024589572e-02,6.41676325945372e+02,sinkhorn_cellsim
1.522126e+03,43901,1.09732011560418e-04,3.25591028591091e-02,6.41676330891370e+02,sinkhorn_cellsim
1.522820e+03,43921,1.09649003181539e-04,3.25591032784562e-02,6.41676335832721e+02,sinkhorn_cellsim
1.523513e+03,43941,1.09563656426298e-04,3.25591037168711e-02,6.41676340769322e+02,sinkhorn_cellsim
1.524207e+03,43961,1.09475845300228e-04,3.25591041741385e-02,6.41676345701071e+02,sinkhorn_cellsim
1.524900e+03,43981,1.09385580321877e-04,3.25591046499474e-02,6.41676350627865e+02,sinkhorn_cellsim
1.525594e+03,44001,1.09292728649480e-04,3.25591051438862e-02,6.41676355549604e+02,sinkhorn_cellsim
1.526287e+03,44021,1.09197203491860e-04,3.25591056554341e-02,6.41676360466191e+02,sinkhorn_cellsim
1.526980e+03,44041,1.09098976546042e-04,3.25591061839537e-02,6.41676365377531e+02,sinkhorn_cellsim
1.527674e+03,44061,1.08998612357896e-04,3.25591067286850e-02,6.41676370283533e+02,sinkhorn_cellsim
1.528367e+03,44081,1.08895617831861e-04,3.25591072887369e-02,6.41676375184109e+02,sinkhorn_cellsim
1.529061e+03,44101,1.08790038468308e-04,3.25591078630821e-02,6.41676380079179e+02,sinkhorn_cellsim
1.529754e+03,44121,1.08682401385553e-04,3.25591084505521e-02,6.41676384968668e+02,sinkhorn_cellsim
1.530448e+03,44141,1.08572905690459e-04,3.25591090498338e-02,6.41676389852508e+02,sinkhorn_cellsim
1.531141e+03,44161,1.08461224402161e-04,3.25591096594695e-02,6.41676394730643e+02,sinkhorn_cellsim
1.531834e+03,44181,1.08347971154777e-04,3.25591102778584e-02,6.41676399603024e+02,sinkhorn_cellsim
1.532528e+03,44201,1.08233100527520e-04,3.25591109032616e-02,6.41676404469611e+02,sinkhorn_cellsim
1.533221e+03,44221,1.08116496935940e-04,3.25591115338124e-02,6.41676409330380e+02,sinkhorn_cellsim
1.533915e+03,44241,1.08000679492702e-04,3.25591121675254e-02,6.41676414185315e+02,sinkhorn_cellsim
1.534608e+03,44261,1.07883222989959e-04,3.25591128023159e-02,6.41676419034414e+02,sinkhorn_cellsim
1.535302e+03,44281,1.07764148708494e-04,3.25591134360159e-02,6.41676423877686e+02,sinkhorn_cellsim
1.535995e+03,44301,1.07643509548637e-04,3.25591140663980e-02,6.41676428715152e+02,sinkhorn_cellsim
1.536689e+03,44321,1.07522175400125e-04,3.25591146912003e-02,6.41676433546844e+02,sinkhorn_cellsim
1.537382e+03,44341,1.07402356002333e-04,3.25591153081523e-02,6.41676438372808e+02,sinkhorn_cellsim
1.538075e+03,44361,1.07283461239885e-04,3.25591159150029e-02,6.41676443193096e+02,sinkhorn_cellsim
1.538769e+03,44381,1.07164170559726e-04,3.25591165095493e-02,6.41676448007770e+02,sinkhorn_cellsim
1.539462e+03,44401,1.07045413650257e-04,3.25591170896660e-02,6.41676452816902e+02,sinkhorn_cellsim
1.540156e+03,44421,1.06928871389085e-04,3.25591176533292e-02,6.41676457620568e+02,sinkhorn_cellsim
1.540849e+03,44441,1.06813427720955e-04,3.25591181986445e-02,6.41676462418851e+02,sinkhorn_cellsim
1.541543e+03,44461,1.06697876513154e-04,3.25591187238683e-02,6.41676467211837e+02,sinkhorn_cellsim
1.542236e+03,44481,1.06583003144289e-04,3.25591192274276e-02,6.41676471999615e+02,sinkhorn_cellsim
1.542930e+03,44501,1.06468627852753e-04,3.25591197079372e-02,6.41676476782276e+02,sinkhorn_cellsim
1.543623e+03,44521,1.06355120478370e-04,3.25591201642115e-02,6.41676481559914e+02,sinkhorn_cellsim
1.544316e+03,44541,1.06243409593441e-04,3.25591205952746e-02,6.41676486332620e+02,sinkhorn_cellsim
1.545010e+03,44561,1.06132237535097e-04,3.25591210003645e-02,6.41676491100487e+02,sinkhorn_cellsim
1.545703e+03,44581,1.06021288215275e-04,3.25591213789363e-02,6.41676495863605e+02,sinkhorn_cellsim
1.546397e+03,44601,1.05911113825981e-04,3.25591217306597e-02,6.41676500622064e+02,sinkhorn_cellsim
1.547090e+03,44621,1.05802271644191e-04,3.25591220554147e-02,6.41676505375952e+02,sinkhorn_cellsim
1.547784e+03,44641,1.05694896724280e-04,3.25591223532842e-02,6.41676510125355e+02,sinkhorn_cellsim
1.548477e+03,44661,1.05589879204406e-04,3.25591226245444e-02,6.41676514870357e+02,sinkhorn_cellsim
1.549170e+03,44681,1.05485811231002e-04,3.25591228696527e-02,6.41676519611041e+02,sinkhorn_cellsim
1.549864e+03,44701,1.05382603147098e-04,3.25591230892346e-02,6.41676524347489e+02,sinkhorn_cellsim
1.550557e+03,44721,1.05281372915281e-04,3.25591232840689e-02,6.41676529079778e+02,sinkhorn_cellsim
1.551251e+03,44741,1.05182591282811e-04,3.25591234550718e-02,6.41676533807987e+02,sinkhorn_cellsim
1.551944e+03,44761,1.05085164218780e-04,3.25591236032812e-02,6.41676538532192e+02,sinkhorn_cellsim
1.552638e+03,44781,1.04989126745145e-04,3.25591237298387e-02,6.41676543252468e+02,sinkhorn_cellsim
1.553331e+03,44801,1.04898017406627e-04,3.25591238359746e-02,6.41676547968888e+02,sinkhorn_cellsim
1.554025e+03,44821,1.04808181611117e-04,3.25591239229892e-02,6.41676552681525e+02,sinkhorn_cellsim
1.554718e+03,44841,1.04719104432055e-04,3.25591239922388e-02,6.41676557390449e+02,sinkhorn_cellsim
1.555411e+03,44861,1.04630761285555e-04,3.25591240451168e-02,6.41676562095733e+02,sinkhorn_cellsim
1.556105e+03,44881,1.04544055686129e-04,3.25591240830409e-02,6.41676566797443e+02,sinkhorn_cellsim
1.556798e+03,44901,1.04458319010401e-04,3.25591241074376e-02,6.41676571495647e+02,sinkhorn_cellsim
1.557492e+03,44921,1.04373394731640e-04,3.25591241197287e-02,6.41676576190412e+02,sinkhorn_cellsim
1.558185e+03,44941,1.04289179754608e-04,3.25591241213183e-02,6.41676580881803e+02,sinkhorn_cellsim
1.558879e+03,44961,1.04205473857151e-04,3.25591241135824e-02,6.41676585569883e+02,sinkhorn_cellsim
1.559572e+03,44981,1.04122701824203e-04,3.25591240978566e-02,6.41676590254712e+02,sinkhorn_cellsim
1.560266e+03,45001,1.04040370945569e-04,3.25591240754287e-02,6.41676594936350e+02,sinkhorn_cellsim
1.560959e+03,45021,1.03958430832860e-04,3.25591240475293e-02,6.41676599614854e+02,sinkhorn_cellsim
1.561652e+03,45041,1.03876839914459e-04,3.25591240153253e-02,6.41676604290278e+02,sinkhorn_cellsim
1.562346e+03,45061,1.03795557139075e-04,3.25591239799144e-02,6.41676608962674e+02,sinkhorn_cellsim
1.563039e+03,45081,1.03714542214965e-04,3.25591239423188e-02,6.41676613632088e+02,sinkhorn_cellsim
1.563733e+03,45101,1.03633755834221e-04,3.25591239034839e-02,6.41676618298566e+02,sinkhorn_cellsim
1.564426e+03,45121,1.03553159851218e-04,3.25591238642742e-02,6.41676622962148e+02,sinkhorn_cellsim
1.565120e+03,45141,1.03472717473281e-04,3.25591238254717e-02,6.41676627622871e+02,sinkhorn_cellsim
1.565813e+03,45161,1.03392393457547e-04,3.25591237877765e-02,6.41676632280769e+02,sinkhorn_cellsim
1.566507e+03,45181,1.03312154317306e-04,3.25591237518062e-02,6.41676636935868e+02,sinkhorn_cellsim
1.567200e+03,45201,1.03232036774440e-04,3.25591237180986e-02,6.41676641588193e+02,sinkhorn_cellsim
1.567893e+03,45221,1.03151954655191e-04,3.25591236871131e-02,6.41676646237764e+02,sinkhorn_cellsim
1.568587e+03,45241,1.03072311586748e-04,3.25591236592343e-02,6.41676650884595e+02,sinkhorn_cellsim
1.569280e+03,45261,1.02993831544242e-04,3.25591236347768e-02,6.41676655528700e+02,sinkhorn_cellsim
1.569974e+03,45281,1.02917460304626e-04,3.25591236139894e-02,6.41676660170086e+02,sinkhorn_cellsim
1.570667e+03,45301,1.02841824674052e-04,3.25591235970620e-02,6.41676664808758e+02,sinkhorn_cellsim
1.571361e+03,45321,1.02766914354962e-04,3.25591235841299e-02,6.41676669444721e+02,sinkhorn_cellsim
1.572054e+03,45341,1.02693045609121e-04,3.25591235752818e-02,6.41676674077974e+02,sinkhorn_cellsim
1.572748e+03,45361,1.02620159673312e-04,3.25591235705664e-02,6.41676678708520e+02,sinkhorn_cellsim
1.573441e+03,45381,1.02546999388897e-04,3.25591235699986e-02,6.41676683336358e+02,sinkhorn_cellsim
1.574134e+03,45401,1.02473634289112e-04,3.25591235735661e-02,6.41676687961492e+02,sinkhorn_cellsim
1.574828e+03,45421,1.02400691208084e-04,3.25591235812373e-02,6.41676692583926e+02,sinkhorn_cellsim
1.575521e+03,45441,1.02328639106128e-04,3.25591235929646e-02,6.41676697203665e+02,sinkhorn_cellsim
1.576215e+03,45461,1.02257207648953e-04,3.25591236086916e-02,6.41676701820722e+02,sinkhorn_cellsim
1.576908e+03,45481,1.02185845986021e-04,3.25591236283561e-02,6.41676706435112e+02,sinkhorn_cellsim
1.577602e+03,45501,1.02114379186275e-04,3.25591236518941e-02,6.41676711046855e+02,sinkhorn_cellsim
1.578295e+03,45521,1.02042882618057e-04,3.25591236792420e-02,6.41676715655977e+02,sinkhorn_cellsim
1.578988e+03,45541,1.01971439432411e-04,3.25591237103381e-02,6.41676720262511e+02,sinkhorn_cellsim
1.579682e+03,45561,1.01900139477946e-04,3.25591237451236e-02,6.41676724866494e+02,sinkhorn_cellsim
1.580375e+03,45581,1.01829109450494e-04,3.25591237835419e-02,6.41676729467970e+02,sinkhorn_cellsim
1.581069e+03,45601,1.01758479568756e-04,3.25591238255366e-02,6.41676734066989e+02,sinkhorn_cellsim
1.581762e+03,45621,1.01688502254109e-04,3.25591238710509e-02,6.41676738663604e+02,sinkhorn_cellsim
1.582456e+03,45641,1.01619698522628e-04,3.25591239200260e-02,6.41676743257874e+02,sinkhorn_cellsim
1.583149e+03,45661,1.01551780191464e-04,3.25591239723960e-02,6.41676747849858e+02,sinkhorn_cellsim
1.583843e+03,45681,1.01484915850351e-04,3.25591240280877e-02,6.41676752439622e+02,sinkhorn_cellsim
1.584536e+03,45701,1.01418717947027e-04,3.25591240870167e-02,6.41676757027227e+02,sinkhorn_cellsim
1.585230e+03,45721,1.01354370768706e-04,3.25591241490846e-02,6.41676761612737e+02,sinkhorn_cellsim
1.585923e+03,45741,1.01291528860758e-04,3.25591242141776e-02,6.41676766196213e+02,sinkhorn_cellsim
1.586616e+03,45761,1.01230718521066e-04,3.25591242821636e-02,6.41676770777713e+02,sinkhorn_cellsim
1.587310e+03,45781,1.01170929892827e-04,3.25591243528915e-02,6.41676775357291e+02,sinkhorn_cellsim
1.588003e+03,45801,1.01111794309511e-04,3.25591244261892e-02,6.41676779934994e+02,sinkhorn_cellsim
1.588697e+03,45821,1.01053282322380e-04,3.25591245018652e-02,6.41676784510864e+02,sinkhorn_cellsim
1.589390e+03,45841,1.00995386320547e-04,3.25591245797055e-02,6.41676789084934e+02,sinkhorn_cellsim
1.590084e+03,45861,1.00938109888508e-04,3.25591246594775e-02,6.41676793657232e+02,sinkhorn_cellsim
1.590777e+03,45881,1.00881708269544e-04,3.25591247409289e-02,6.41676798227774e+02,sinkhorn_cellsim
1.591471e+03,45901,1.00825914517023e-04,3.25591248237896e-02,6.41676802796569e+02,sinkhorn_cellsim
1.592164e+03,45921,1.00771305543489e-04,3.25591249077737e-02,6.41676807363615e+02,sinkhorn_cellsim
1.592857e+03,45941,1.00718195551232e-04,3.25591249925822e-02,6.41676811928902e+02,sinkhorn_cellsim
1.593551e+03,45961,1.00666155492555e-04,3.25591250779044e-02,6.41676816492411e+02,sinkhorn_cellsim
1.594244e+03,45981,1.00614642949180e-04,3.25591251634211e-02,6.41676821054113e+02,sinkhorn_cellsim
1.594938e+03,46001,1.00563386520594e-04,3.25591252488075e-02,6.41676825613972e+02,sinkhorn_cellsim
1.595631e+03,46021,1.00512414630368e-04,3.25591253337357e-02,6.41676830171942e+02,sinkhorn_cellsim
1.596325e+03,46041,1.00461805866663e-04,3.25591254178772e-02,6.41676834727973e+02,sinkhorn_cellsim
1.597018e+03,46061,1.00412387379401e-04,3.25591255009081e-02,6.41676839282004e+02,sinkhorn_cellsim
1.597712e+03,46081,1.00364242521605e-04,3.25591255825088e-02,6.41676843833972e+02,sinkhorn_cellsim
1.598405e+03,46101,1.00315920059278e-04,3.25591256623703e-02,6.41676848383809e+02,sinkhorn_cellsim
1.599099e+03,46121,1.00267308078198e-04,3.25591257401948e-02,6.41676852931440e+02,sinkhorn_cellsim
1.599792e+03,46141,1.00218341576534e-04,3.25591258156995e-02,6.41676857476792e+02,sinkhorn_cellsim
1.600485e+03,46161,1.00169092294624e-04,3.25591258886197e-02,6.41676862019786e+02,sinkhorn_cellsim
1.601179e+03,46181,1.00119247689748e-04,3.25591259587114e-02,6.41676866560345e+02,sinkhorn_cellsim
1.601872e+03,46201,1.00068723855400e-04,3.25591260257531e-02,6.41676871098393e+02,sinkhorn_cellsim
1.602566e+03,46221,1.00017602093104e-04,3.25591260895500e-02,6.41676875633854e+02,sinkhorn_cellsim
1.603259e+03,46241,9.99659558572064e-05,3.25591261499338e-02,6.41676880166656e+02,sinkhorn_cellsim
1.603953e+03,46261,9.99134900953968e-05,3.25591262067673e-02,6.41676884696730e+02,sinkhorn_cellsim
1.604646e+03,46281,9.98609016487878e-05,3.25591262599444e-02,6.41676889224012e+02,sinkhorn_cellsim
1.605340e+03,46301,9.98073340667652e-05,3.25591263093921e-02,6.41676893748446e+02,sinkhorn_cellsim
1.606033e+03,46321,9.97529148988005e-05,3.25591263550723e-02,6.41676898269978e+02,sinkhorn_cellsim
1.606726e+03,46341,9.96980639564584e-05,3.25591263969812e-02,6.41676902788565e+02,sinkhorn_cellsim
1.607420e+03,46361,9.96422191360772e-05,3.25591264351504e-02,6.41676907304170e+02,sinkhorn_cellsim
1.608113e+03,46381,9.95858171746540e-05,3.25591264696469e-02,6.41676911816765e+02,sinkhorn_cellsim
1.608807e+03,46401,9.95287327650045e-05,3.25591265005708e-02,6.41676916326329e+02,sinkhorn_cellsim
1.609500e+03,46421,9.94717037035325e-05,3.25591265280565e-02,6.41676920832851e+02,sinkhorn_cellsim
1.610194e+03,46441,9.94147866833116e-05,3.25591265522679e-02,6.41676925336328e+02,sinkhorn_cellsim
1.610887e+03,46461,9.93602743508802e-05,3.25591265733972e-02,6.41676929836766e+02,sinkhorn_cellsim
1.611581e+03,46481,9.93084839770287e-05,3.25591265916612e-02,6.41676934334178e+02,sinkhorn_cellsim
1.612274e+03,46501,9.92568200527456e-05,3.25591266072970e-02,6.41676938828585e+02,sinkhorn_cellsim
1.612967e+03,46521,9.92050022562881e-05,3.25591266205569e-02,6.41676943320017e+02,sinkhorn_cellsim
1.613661e+03,46541,9.91532517047527e-05,3.25591266317050e-02,6.41676947808508e+02,sinkhorn_cellsim
1.614354e+03,46561,9.91010295673235e-05,3.25591266410089e-02,6.41676952294099e+02,sinkhorn_cellsim
1.615048e+03,46581,9.90483955062875e-05,3.25591266487356e-02,6.41676956776835e+02,sinkhorn_cellsim
1.615741e+03,46601,9.89954084539181e-05,3.25591266551447e-02,6.41676961256768e+02,sinkhorn_cellsim
1.616435e+03,46621,9.89421254844284e-05,3.25591266604825e-02,6.41676965733948e+02,sinkhorn_cellsim
1.617128e+03,46641,9.88886007920307e-05,3.25591266649756e-02,6.41676970208432e+02,sinkhorn_cellsim
1.617822e+03,46661,9.88349598193328e-05,3.25591266688271e-02,6.41676974680273e+02,sinkhorn_cellsim
1.618515e+03,46681,9.87820561739075e-05,3.25591266722103e-02,6.41676979149529e+02,sinkhorn_cellsim
1.619208e+03,46701,9.87293085811764e-05,3.25591266752652e-02,6.41676983616253e+02,sinkhorn_cellsim
1.619902e+03,46721,9.86766504782204e-05,3.25591266780970e-02,6.41676988080499e+02,sinkhorn_cellsim
1.620595e+03,46741,9.86240578282812e-05,3.25591266807723e-02,6.41676992542316e+02,sinkhorn_cellsim
1.621289e+03,46761,9.85726437985495e-05,3.25591266833207e-02,6.41676997001753e+02,sinkhorn_cellsim
1.621982e+03,46781,9.85213758150143e-05,3.25591266857345e-02,6.41677001458853e+02,sinkhorn_cellsim
1.622676e+03,46801,9.84730733531967e-05,3.25591266879704e-02,6.41677005913657e+02,sinkhorn_cellsim
1.623369e+03,46821,9.84253701866243e-05,3.25591266899541e-02,6.41677010366199e+02,sinkhorn_cellsim
1.624063e+03,46841,9.83780926193406e-05,3.25591266915824e-02,6.41677014816514e+02,sinkhorn_cellsim
1.624756e+03,46861,9.83328998531259e-05,3.25591266927305e-02,6.41677019264629e+02,sinkhorn_cellsim
1.625449e+03,46881,9.82883970438547e-05,3.25591266932554e-02,6.41677023710570e+02,sinkhorn_cellsim
1.626143e+03,46901,9.82446701059903e-05,3.25591266930042e-02,6.41677028154359e+02,sinkhorn_cellsim
1.626836e+03,46921,9.82016639891183e-05,3.25591266918204e-02,6.41677032596017e+02,sinkhorn_cellsim
1.627530e+03,46941,9.81584211115204e-05,3.25591266895479e-02,6.41677037035562e+02,sinkhorn_cellsim
1.628223e+03,46961,9.81149643420272e-05,3.25591266860413e-02,6.41677041473011e+02,sinkhorn_cellsim
1.628917e+03,46981,9.80714126136603e-05,3.25591266811681e-02,6.41677045908380e+02,sinkhorn_cellsim
1.629610e+03,47001,9.80275861031155e-05,3.25591266748171e-02,6.41677050341688e+02,sinkhorn_cellsim
1.630304e+03,47021,9.79834505521993e-05,3.25591266669012e-02,6.41677054772951e+02,sinkhorn_cellsim
1.630997e+03,47041,9.79390484653149e-05,3.25591266573628e-02,6.41677059202189e+02,sinkhorn_cellsim
1.631690e+03,47061,9.78944502304131e-05,3.25591266461760e-02,6.41677063629423e+02,sinkhorn_cellsim
1.632384e+03,47081,9.78499931532013e-05,3.25591266333494e-02,6.41677068054677e+02,sinkhorn_cellsim
1.633077e+03,47101,9.78056029741081e-05,3.25591266189283e-02,6.41677072477975e+02,sinkhorn_cellsim
1.633771e+03,47121,9.77618622058018e-05,3.25591266029937e-02,6.41677076899348e+02,sinkhorn_cellsim
1.634464e+03,47141,9.77178856105655e-05,3.25591265856650e-02,6.41677081318828e+02,sinkhorn_cellsim
1.635158e+03,47161,9.76737589414031e-05,3.25591265670968e-02,6.41677085736450e+02,sinkhorn_cellsim
1.635851e+03,47181,9.76302706522060e-05,3.25591265474788e-02,6.41677090152255e+02,sinkhorn_cellsim
1.636544e+03,47201,9.75865555556881e-05,3.25591265270348e-02,6.41677094566284e+02,sinkhorn_cellsim
1.637238e+03,47221,9.75425750980457e-05,3.25591265060180e-02,6.41677098978585e+02,sinkhorn_cellsim
1.637931e+03,47241,9.74983838549230e-05,3.25591264847109e-02,6.41677103389208e+02,sinkhorn_cellsim
1.638625e+03,47261,9.74540446696169e-05,3.25591264634196e-02,6.41677107798204e+02,sinkhorn_cellsim
1.639318e+03,47281,9.74097524941748e-05,3.25591264424712e-02,6.41677112205632e+02,sinkhorn_cellsim
1.640012e+03,47301,9.73659679157687e-05,3.25591264222097e-02,6.41677116611550e+02,sinkhorn_cellsim
1.640705e+03,47321,9.73229654371287e-05,3.25591264029907e-02,6.41677121016019e+02,sinkhorn_cellsim
1.641399e+03,47341,9.72802358530115e-05,3.25591263851767e-02,6.41677125419103e+02,sinkhorn_cellsim
1.642092e+03,47361,9.72376790130928e-05,3.25591263691315e-02,6.41677129820868e+02,sinkhorn_cellsim
1.642786e+03,47381,9.71953830470480e-05,3.25591263552155e-02,6.41677134221380e+02,sinkhorn_cellsim
1.643479e+03,47401,9.71539017501855e-05,3.25591263437791e-02,6.41677138620706e+02,sinkhorn_cellsim
1.644173e+03,47421,9.71128589203081e-05,3.25591263351578e-02,6.41677143018912e+02,sinkhorn_cellsim
1.644866e+03,47441,9.70724120345758e-05,3.25591263296671e-02,6.41677147416066e+02,sinkhorn_cellsim
1.645559e+03,47461,9.70327648116525e-05,3.25591263275972e-02,6.41677151812231e+02,sinkhorn_cellsim
1.646253e+03,47481,9.69938724030216e-05,3.25591263292087e-02,6.41677156207472e+02,sinkhorn_cellsim
1.646946e+03,47501,9.69557310083292e-05,3.25591263347290e-02,6.41677160601849e+02,sinkhorn_cellsim
1.647640e+03,47521,9.69186923676010e-05,3.25591263443488e-02,6.41677164995420e+02,sinkhorn_cellsim
1.648333e+03,47541,9.68827996112857e-05,3.25591263582219e-02,6.41677169388239e+02,sinkhorn_cellsim
1.649027e+03,47561,9.68478776781399e-05,3.25591263764608e-02,6.41677173780358e+02,sinkhorn_cellsim
1.649720e+03,47581,9.68135936350803e-05,3.25591263991395e-02,6.41677178171824e+02,sinkhorn_cellsim
1.650413e+03,47601,9.67799857113904e-05,3.25591264262913e-02,6.41677182562680e+02,sinkhorn_cellsim
1.651107e+03,47621,9.67470301725608e-05,3.25591264579124e-02,6.41677186952963e+02,sinkhorn_cellsim
1.651800e+03,47641,9.67154304906527e-05,3.25591264939626e-02,6.41677191342707e+02,sinkhorn_cellsim
1.652494e+03,47661,9.66845454086300e-05,3.25591265343672e-02,6.41677195731942e+02,sinkhorn_cellsim
1.653187e+03,47681,9.66542656261875e-05,3.25591265790219e-02,6.41677200120691e+02,sinkhorn_cellsim
1.653881e+03,47701,9.66247266793190e-05,3.25591266277947e-02,6.41677204508974e+02,sinkhorn_cellsim
1.654574e+03,47721,9.65964754411386e-05,3.25591266805295e-02,6.41677208896807e+02,sinkhorn_cellsim
1.655268e+03,47741,9.65695551166489e-05,3.25591267370505e-02,6.41677213284200e+02,sinkhorn_cellsim
1.655961e+03,47761,9.65440786963139e-05,3.25591267971648e-02,6.41677217671159e+02,sinkhorn_cellsim
1.656654e+03,47781,9.65196378866386e-05,3.25591268606676e-02,6.41677222057684e+02,sinkhorn_cellsim
1.657348e+03,47801,9.64958528763376e-05,3.25591269273438e-02,6.41677226443775e+02,sinkhorn_cellsim
1.658041e+03,47821,9.64726328255290e-05,3.25591269969726e-02,6.41677230829423e+02,sinkhorn_cellsim
1.658735e+03,47841,9.64503746218071e-05,3.25591270693296e-02,6.41677235214618e+02,sinkhorn_cellsim
1.659428e+03,47861,9.64288189331401e-05,3.25591271441897e-02,6.41677239599343e+02,sinkhorn_cellsim
1.660122e+03,47881,9.64081210034087e-05,3.25591272213300e-02,6.41677243983581e+02,sinkhorn_cellsim
1.660815e+03,47901,9.63887044204607e-05,3.25591273005307e-02,6.41677248367306e+02,sinkhorn_cellsim
1.661509e+03,47921,9.63699535344659e-05,3.25591273815783e-02,6.41677252750492e+02,sinkhorn_cellsim
1.662202e+03,47941,9.63518492529418e-05,3.25591274642659e-02,6.41677257133107e+02,sinkhorn_cellsim
1.662895e+03,47961,9.63343327924585e-05,3.25591275483951e-02,6.41677261515115e+02,sinkhorn_cellsim
1.663589e+03,47981,9.63169021087981e-05,3.25591276337766e-02,6.41677265896477e+02,sinkhorn_cellsim
1.664282e+03,48001,9.62997264049558e-05,3.25591277202314e-02,6.41677270277147e+02,sinkhorn_cellsim
1.664976e+03,48021,9.62825392466409e-05,3.25591278075911e-02,6.41677274657080e+02,sinkhorn_cellsim
1.665669e+03,48041,9.62650830757190e-05,3.25591278956981e-02,6.41677279036221e+02,sinkhorn_cellsim
1.666363e+03,48061,9.62472793805540e-05,3.25591279844059e-02,6.41677283414514e+02,sinkhorn_cellsim
1.667056e+03,48081,9.62293608702573e-05,3.25591280735798e-02,6.41677287791900e+02,sinkhorn_cellsim
1.667750e+03,48101,9.62116373476935e-05,3.25591281630966e-02,6.41677292168312e+02,sinkhorn_cellsim
1.668443e+03,48121,9.61951351525652e-05,3.25591282528437e-02,6.41677296543683e+02,sinkhorn_cellsim
1.669136e+03,48141,9.61779763875547e-05,3.25591283427210e-02,6.41677300917939e+02,sinkhorn_cellsim
1.669830e+03,48161,9.61600199691963e-05,3.25591284326380e-02,6.41677305291004e+02,sinkhorn_cellsim
1.670523e+03,48181,9.61411836941465e-05,3.25591285225159e-02,6.41677309662797e+02,sinkhorn_cellsim
1.671217e+03,48201,9.61213863827430e-05,3.25591286122866e-02,6.41677314033235e+02,sinkhorn_cellsim
1.671910e+03,48221,9.61005484743421e-05,3.25591287018918e-02,6.41677318402233e+02,sinkhorn_cellsim
1.672604e+03,48241,9.60785927161189e-05,3.25591287912842e-02,6.41677322769700e+02,sinkhorn_cellsim
1.673297e+03,48261,9.60554449332715e-05,3.25591288804252e-02,6.41677327135546e+02,sinkhorn_cellsim
1.673991e+03,48281,9.60310349009904e-05,3.25591289692860e-02,6.41677331499679e+02,sinkhorn_cellsim
1.674684e+03,48301,9.60052972857073e-05,3.25591290578473e-02,6.41677335862005e+02,sinkhorn_cellsim
1.675377e+03,48321,9.59781726365045e-05,3.25591291460988e-02,6.41677340222432e+02,sinkhorn_cellsim
1.676071e+03,48341,9.59496084089312e-05,3.25591292340371e-02,6.41677344580868e+02,sinkhorn_cellsim
1.676764e+03,48361,9.59195600176911e-05,3.25591293216684e-02,6.41677348937221e+02,sinkhorn_cellsim
1.677458e+03,48381,9.58883172751015e-05,3.25591294090053e-02,6.41677353291404e+02,sinkhorn_cellsim
1.678151e+03,48401,9.58558441428491e-05,3.25591294960671e-02,6.41677357643333e+02,sinkhorn_cellsim
1.678845e+03,48421,9.58230499302522e-05,3.25591295828791e-02,6.41677361992927e+02,sinkhorn_cellsim
1.679538e+03,48441,9.57887424527979e-05,3.25591296694722e-02,6.41677366340111e+02,sinkhorn_cellsim
1.680232e+03,48461,9.57528508430262e-05,3.25591297558806e-02,6.41677370684817e+02,sinkhorn_cellsim
1.680925e+03,48481,9.57153870047181e-05,3.25591298421429e-02,6.41677375026982e+02,sinkhorn_cellsim
1.681618e+03,48501,9.56767973016533e-05,3.25591299282988e-02,6.41677379366551e+02,sinkhorn_cellsim
1.682312e+03,48521,9.56370954300954e-05,3.25591300143885e-02,6.41677383703477e+02,sinkhorn_cellsim
1.683005e+03,48541,9.55959041764916e-05,3.25591301004526e-02,6.41677388037718e+02,sinkhorn_cellsim
1.683699e+03,48561,9.55532707587034e-05,3.25591301865280e-02,6.41677392369244e+02,sinkhorn_cellsim
1.684392e+03,48581,9.55094572811205e-05,3.25591302726492e-02,6.41677396698028e+02,sinkhorn_cellsim
1.685086e+03,48601,9.54653973793543e-05,3.25591303588453e-02,6.41677401024054e+02,sinkhorn_cellsim
1.685779e+03,48621,9.54209941044295e-05,3.25591304451384e-02,6.41677405347307e+02,sinkhorn_cellsim
1.686473e+03,48641,9.53760420745666e-05,3.25591305315442e-02,6.41677409667783e+02,sinkhorn_cellsim
1.687166e+03,48661,9.53298208267813e-05,3.25591306180690e-02,6.41677413985479e+02,sinkhorn_cellsim
1.687859e+03,48681,9.52823878581353e-05,3.25591307047106e-02,6.41677418300396e+02,sinkhorn_cellsim
1.688553e+03,48701,9.52338007160401e-05,3.25591307914571e-02,6.41677422612538e+02,sinkhorn_cellsim
1.689246e+03,48721,9.51841157528011e-05,3.25591308782881e-02,6.41677426921908e+02,sinkhorn_cellsim
1.689940e+03,48741,9.51333870046133e-05,3.25591309651745e-02,6.41677431228512e+02,sinkhorn_cellsim
1.690633e+03,48761,9.50816652818667e-05,3.25591310520810e-02,6.41677435532354e+02,sinkhorn_cellsim
1.691327e+03,48781,9.50289974877461e-05,3.25591311389673e-02,6.41677439833436e+02,sinkhorn_cellsim
1.692020e+03,48801,9.49754261995942e-05,3.25591312257909e-02,6.41677444131756e+02,sinkhorn_cellsim
1.692714e+03,48821,9.49209895295575e-05,3.25591313125102e-02,6.41677448427313e+02,sinkhorn_cellsim
1.693407e+03,48841,9.48657212602922e-05,3.25591313990888e-02,6.41677452720100e+02,sinkhorn_cellsim
1.694100e+03,48861,9.48096512234826e-05,3.25591314854987e-02,6.41677457010109e+02,sinkhorn_cellsim
1.694794e+03,48881,9.47528059086628e-05,3.25591315717255e-02,6.41677461297326e+02,sinkhorn_cellsim
1.695487e+03,48901,9.46953428590744e-05,3.25591316577733e-02,6.41677465581738e+02,sinkhorn_cellsim
1.696181e+03,48921,9.46375769586534e-05,3.25591317436688e-02,6.41677469863327e+02,sinkhorn_cellsim
1.696874e+03,48941,9.45792797100949e-05,3.25591318294670e-02,6.41677474142075e+02,sinkhorn_cellsim
1.697568e+03,48961,9.45206720870694e-05,3.25591319152548e-02,6.41677478417964e+02,sinkhorn_cellsim
1.698261e+03,48981,9.44614191464546e-05,3.25591320011558e-02,6.41677482690972e+02,sinkhorn_cellsim
1.698954e+03,49001,9.44018317948901e-05,3.25591320873341e-02,6.41677486961082e+02,sinkhorn_cellsim
1.699648e+03,49021,9.43416644520851e-05,3.25591321739957e-02,6.41677491228276e+02,sinkhorn_cellsim
1.700341e+03,49041,9.42809098381780e-05,3.25591322613921e-02,6.41677495492536e+02,sinkhorn_cellsim
1.701035e+03,49061,9.42195893420215e-05,3.25591323498189e-02,6.41677499753848e+02,sinkhorn_cellsim
1.701728e+03,49081,9.41578307367192e-05,3.25591324396183e-02,6.41677504012202e+02,sinkhorn_cellsim
1.702422e+03,49101,9.40956969800300e-05,3.25591325311746e-02,6.41677508267586e+02,sinkhorn_cellsim
1.703115e+03,49121,9.40330662603698e-05,3.25591326249130e-02,6.41677512519995e+02,sinkhorn_cellsim
1.703809e+03,49141,9.39699656868880e-05,3.25591327212952e-02,6.41677516769423e+02,sinkhorn_cellsim
1.704502e+03,49161,9.39064233678951e-05,3.25591328208140e-02,6.41677521015869e+02,sinkhorn_cellsim
1.705196e+03,49181,9.38424678218930e-05,3.25591329239870e-02,6.41677525259332e+02,sinkhorn_cellsim
1.705889e+03,49201,9.37783791868768e-05,3.25591330313495e-02,6.41677529499814e+02,sinkhorn_cellsim
1.706583e+03,49221,9.37158122487067e-05,3.25591331434455e-02,6.41677533737316e+02,sinkhorn_cellsim
1.707276e+03,49241,9.36532718257514e-05,3.25591332608207e-02,6.41677537971841e+02,sinkhorn_cellsim
1.707969e+03,49261,9.35904104226450e-05,3.25591333840126e-02,6.41677542203391e+02,sinkhorn_cellsim
1.708663e+03,49281,9.35278695346909e-05,3.25591335135406e-02,6.41677546431969e+02,sinkhorn_cellsim
1.709356e+03,49301,9.34652416357638e-05,3.25591336498980e-02,6.41677550657575e+02,sinkhorn_cellsim
1.710050e+03,49321,9.34023055953601e-05,3.25591337935416e-02,6.41677554880210e+02,sinkhorn_cellsim
1.710743e+03,49341,9.33390698827618e-05,3.25591339448836e-02,6.41677559099872e+02,sinkhorn_cellsim
1.711437e+03,49361,9.32755422143265e-05,3.25591341042838e-02,6.41677563316559e+02,sinkhorn_cellsim
1.712130e+03,49381,9.32117299427697e-05,3.25591342720405e-02,6.41677567530268e+02,sinkhorn_cellsim
1.712824e+03,49401,9.31479141130696e-05,3.25591344483849e-02,6.41677571740994e+02,sinkhorn_cellsim
1.713517e+03,49421,9.30847876954460e-05,3.25591346334736e-02,6.41677575948733e+02,sinkhorn_cellsim
1.714211e+03,49441,9.30213914858816e-05,3.25591348273841e-02,6.41677580153479e+02,sinkhorn_cellsim
1.714904e+03,49461,9.29577284223934e-05,3.25591350301113e-02,6.41677584355229e+02,sinkhorn_cellsim
1.715597e+03,49481,9.28938043481445e-05,3.25591352415632e-02,6.41677588553980e+02,sinkhorn_cellsim
1.716291e+03,49501,9.28296289693591e-05,3.25591354615601e-02,6.41677592749729e+02,sinkhorn_cellsim
1.716984e+03,49521,9.27660759559128e-05,3.25591356898337e-02,6.41677596942478e+02,sinkhorn_cellsim
1.717678e+03,49541,9.27032243575066e-05,3.25591359260282e-02,6.41677601132232e+02,sinkhorn_cellsim
1.718371e+03,49561,9.26400950789840e-05,3.25591361697037e-02,6.41677605318999e+02,sinkhorn_cellsim
1.719065e+03,49581,9.25767078059045e-05,3.25591364203389e-02,6.41677609502791e+02,sinkhorn_cellsim
1.719758e+03,49601,9.25130905340415e-05,3.25591366773379e-02,6.41677613683626e+02,sinkhorn_cellsim
1.720452e+03,49621,9.24492800309757e-05,3.25591369400367e-02,6.41677617861526e+02,sinkhorn_cellsim
1.721145e+03,49641,9.23853220664016e-05,3.25591372077131e-02,6.41677622036520e+02,sinkhorn_cellsim
1.721839e+03,49661,9.23216152988554e-05,3.25591374795929e-02,6.41677626208643e+02,sinkhorn_cellsim
1.722532e+03,49681,9.22588194581556e-05,3.25591377548652e-02,6.41677630377932e+02,sinkhorn_cellsim
1.723225e+03,49701,9.21960989537470e-05,3.25591380326907e-02,6.41677634544436e+02,sinkhorn_cellsim
1.723919e+03,49721,9.21334243157223e-05,3.25591383122148e-02,6.41677638708205e+02,sinkhorn_cellsim
1.724612e+03,49741,9.20709907432134e-05,3.25591385925807e-02,6.41677642869297e+02,sinkhorn_cellsim
1.725306e+03,49761,9.20088860920907e-05,3.25591388729397e-02,6.41677647027773e+02,sinkhorn_cellsim
1.725999e+03,49781,9.19473884563444e-05,3.25591391524636e-02,6.41677651183702e+02,sinkhorn_cellsim
1.726693e+03,49801,9.18864132657000e-05,3.25591394303552e-02,6.41677655337156e+02,sinkhorn_cellsim
1.727386e+03,49821,9.18266015679170e-05,3.25591397058588e-02,6.41677659488209e+02,sinkhorn_cellsim
1.728080e+03,49841,9.17678553866224e-05,3.25591399782665e-02,6.41677663636940e+02,sinkhorn_cellsim
1.728773e+03,49861,9.17096632379690e-05,3.25591402469261e-02,6.41677667783430e+02,sinkhorn_cellsim
1.729466e+03,49881,9.16521213439814e-05,3.25591405112456e-02,6.41677671927761e+02,sinkhorn_cellsim
1.730160e+03,49901,9.15953221740507e-05,3.25591407706970e-02,6.41677676070017e+02,sinkhorn_cellsim
1.730853e+03,49921,9.15394799302595e-05,3.25591410248164e-02,6.41677680210280e+02,sinkhorn_cellsim
1.731547e+03,49941,9.14846147271635e-05,3.25591412732053e-02,6.41677684348632e+02,sinkhorn_cellsim
1.732240e+03,49961,9.14306143127648e-05,3.25591415155283e-02,6.41677688485152e+02,sinkhorn_cellsim
1.732934e+03,49981,9.13775162306092e-05,3.25591417515095e-02,6.41677692619917e+02,sinkhorn_cellsim
1.733627e+03,50001,9.13253767973725e-05,3.25591419809304e-02,6.41677696752998e+02,sinkhorn_cellsim
1.734320e+03,50021,9.12744302800426e-05,3.25591422036241e-02,6.41677700884463e+02,sinkhorn_cellsim
1.735014e+03,50041,9.12247764959949e-05,3.25591424194701e-02,6.41677705014375e+02,sinkhorn_cellsim
1.735707e+03,50061,9.11762931206663e-05,3.25591426283899e-02,6.41677709142786e+02,sinkhorn_cellsim
1.736401e+03,50081,9.11289762719752e-05,3.25591428303411e-02,6.41677713269746e+02,sinkhorn_cellsim
1.737094e+03,50101,9.10828092666497e-05,3.25591430253132e-02,6.41677717395294e+02,sinkhorn_cellsim
1.737788e+03,50121,9.10377611684128e-05,3.25591432133220e-02,6.41677721519461e+02,sinkhorn_cellsim
1.738481e+03,50141,9.09937870325175e-05,3.25591433944057e-02,6.41677725642269e+02,sinkhorn_cellsim
1.739175e+03,50161,9.09508283300199e-05,3.25591435686224e-02,6.41677729763733e+02,sinkhorn_cellsim
1.739868e+03,50181,9.09094703881974e-05,3.25591437360457e-02,6.41677733883854e+02,sinkhorn_cellsim
1.740561e+03,50201,9.08704114981765e-05,3.25591438967627e-02,6.41677738002628e+02,sinkhorn_cellsim
1.741255e+03,50221,9.08324586011154e-05,3.25591440508734e-02,6.41677742120038e+02,sinkhorn_cellsim
1.741948e+03,50241,9.07951088156919e-05,3.25591441984871e-02,6.41677746236059e+02,sinkhorn_cellsim
1.742642e+03,50261,9.07584027282411e-05,3.25591443397222e-02,6.41677750350655e+02,sinkhorn_cellsim
1.743335e+03,50281,9.07224833863431e-05,3.25591444747073e-02,6.41677754463783e+02,sinkhorn_cellsim
1.744029e+03,50301,9.06867740941468e-05,3.25591446035783e-02,6.41677758575389e+02,sinkhorn_cellsim
1.744722e+03,50321,9.06511373578593e-05,3.25591447264795e-02,6.41677762685410e+02,sinkhorn_cellsim
1.745415e+03,50341,9.06154318003160e-05,3.25591448435642e-02,6.41677766793774e+02,sinkhorn_cellsim
1.746109e+03,50361,9.05795133858713e-05,3.25591449549932e-02,6.41677770900404e+02,sinkhorn_cellsim
1.746802e+03,50381,9.05432367024637e-05,3.25591450609367e-02,6.41677775005213e+02,sinkhorn_cellsim
1.747496e+03,50401,9.05068363463288e-05,3.25591451615731e-02,6.41677779108107e+02,sinkhorn_cellsim
1.748189e+03,50421,9.04699510297587e-05,3.25591452570906e-02,6.41677783208987e+02,sinkhorn_cellsim
1.748883e+03,50441,9.04322360275834e-05,3.25591453476863e-02,6.41677787307748e+02,sinkhorn_cellsim
1.749576e+03,50461,9.03935571406665e-05,3.25591454335669e-02,6.41677791404282e+02,sinkhorn_cellsim
1.750270e+03,50481,9.03537856437329e-05,3.25591455149478e-02,6.41677795498475e+02,sinkhorn_cellsim
1.750963e+03,50501,9.03127998539051e-05,3.25591455920542e-02,6.41677799590214e+02,sinkhorn_cellsim
1.751656e+03,50521,9.02704867132513e-05,3.25591456651200e-02,6.41677803679382e+02,sinkhorn_cellsim
1.752350e+03,50541,9.02267585689849e-05,3.25591457343873e-02,6.41677807765863e+02,sinkhorn_cellsim
1.753043e+03,50561,9.01826227601631e-05,3.25591458001049e-02,6.41677811849542e+02,sinkhorn_cellsim
1.753737e+03,50581,9.01384288850732e-05,3.25591458625289e-02,6.41677815930307e+02,sinkhorn_cellsim
1.754430e+03,50601,9.00951634677624e-05,3.25591459219191e-02,6.41677820008050e+02,sinkhorn_cellsim
1.755124e+03,50621,9.00524745672092e-05,3.25591459785386e-02,6.41677824082669e+02,sinkhorn_cellsim
1.755817e+03,50641,9.00094025089341e-05,3.25591460326506e-02,6.41677828154067e+02,sinkhorn_cellsim
1.756510e+03,50661,8.99654957788585e-05,3.25591460845161e-02,6.41677832222156e+02,sinkhorn_cellsim
1.757204e+03,50681,8.99219516530414e-05,3.25591461343915e-02,6.41677836286857e+02,sinkhorn_cellsim
1.757897e+03,50701,8.98773892945372e-05,3.25591461825242e-02,6.41677840348099e+02,sinkhorn_cellsim
1.758591e+03,50721,8.98313706775122e-05,3.25591462291498e-02,6.41677844405824e+02,sinkhorn_cellsim
1.759284e+03,50741,8.97841889868136e-05,3.25591462744883e-02,6.41677848459984e+02,sinkhorn_cellsim
1.759978e+03,50761,8.97354125730380e-05,3.25591463187399e-02,6.41677852510542e+02,sinkhorn_cellsim
1.760671e+03,50781,8.96855040738683e-05,3.25591463620821e-02,6.41677856557474e+02,sinkhorn_cellsim
1.761365e+03,50801,8.96339186240609e-05,3.25591464046669e-02,6.41677860600765e+02,sinkhorn_cellsim
1.762058e+03,50821,8.95806606834445e-05,3.25591464466156e-02,6.41677864640412e+02,sinkhorn_cellsim
1.762751e+03,50841,8.95258030391665e-05,3.25591464880184e-02,6.41677868676424e+02,sinkhorn_cellsim
1.763445e+03,50861,8.94696682096738e-05,3.25591465289322e-02,6.41677872708816e+02,sinkhorn_cellsim
1.764138e+03,50881,8.94119605535274e-05,3.25591465693788e-02,6.41677876737613e+02,sinkhorn_cellsim
1.764832e+03,50901,8.93527544561792e-05,3.25591466093445e-02,6.41677880762848e+02,sinkhorn_cellsim
1.765525e+03,50921,8.92926239053718e-05,3.25591466487809e-02,6.41677884784558e+02,sinkhorn_cellsim
1.766219e+03,50941,8.92310944786589e-05,3.25591466876063e-02,6.41677888802788e+02,sinkhorn_cellsim
1.766912e+03,50961,8.91682530415248e-05,3.25591467257060e-02,6.41677892817583e+02,sinkhorn_cellsim
1.767606e+03,50981,8.91043380783882e-05,3.25591467629362e-02,6.41677896828993e+02,sinkhorn_cellsim
1.768299e+03,51001,8.90399316481610e-05,3.25591467991272e-02,6.41677900837070e+02,sinkhorn_cellsim
1.768992e+03,51021,8.89748501909306e-05,3.25591468340844e-02,6.41677904841864e+02,sinkhorn_cellsim
1.769686e+03,51041,8.89086673176933e-05,3.25591468675950e-02,6.41677908843429e+02,sinkhorn_cellsim
1.770379e+03,51061,8.88414871537000e-05,3.25591468994301e-02,6.41677912841816e+02,sinkhorn_cellsim
1.771073e+03,51081,8.87734149805925e-05,3.25591469293494e-02,6.41677916837077e+02,sinkhorn_cellsim
1.771766e+03,51101,8.87045569142390e-05,3.25591469571048e-02,6.41677920829262e+02,sinkhorn_cellsim
1.772460e+03,51121,8.86350197300519e-05,3.25591469824449e-02,6.41677924818423e+02,sinkhorn_cellsim
1.773153e+03,51141,8.85649108120131e-05,3.25591470051189e-02,6.41677928804609e+02,sinkhorn_cellsim
1.773847e+03,51161,8.84943381770039e-05,3.25591470248799e-02,6.41677932787872e+02,sinkhorn_cellsim
1.774540e+03,51181,8.84234105441025e-05,3.25591470414892e-02,6.41677936768262e+02,sinkhorn_cellsim
1.775233e+03,51201,8.83522373683275e-05,3.25591470547191e-02,6.41677940745832e+02,sinkhorn_cellsim
1.775927e+03,51221,8.82809461836930e-05,3.25591470643556e-02,6.41677944720635e+02,sinkhorn_cellsim
1.776620e+03,51241,8.82100771848344e-05,3.25591470702019e-02,6.41677948692728e+02,sinkhorn_cellsim
1.777314e+03,51261,8.81394470781702e-05,3.25591470720814e-02,6.41677952662167e+02,sinkhorn_cellsim
1.778007e+03,51281,8.80690724654232e-05,3.25591470698384e-02,6.41677956629013e+02,sinkhorn_cellsim
1.778701e+03,51301,8.79990571724746e-05,3.25591470633400e-02,6.41677960593328e+02,sinkhorn_cellsim
1.779394e+03,51321,8.79295036434596e-05,3.25591470524786e-02,6.41677964555177e+02,sinkhorn_cellsim
1.780088e+03,51341,8.78605119757810e-05,3.25591470371718e-02,6.41677968514627e+02,sinkhorn_cellsim
1.780781e+03,51361,8.77921787987901e-05,3.25591470173625e-02,6.41677972471746e+02,sinkhorn_cellsim
1.781474e+03,51381,8.77245960365387e-05,3.25591469930193e-02,6.41677976426604e+02,sinkhorn_cellsim
1.782168e+03,51401,8.76578495889516e-05,3.25591469641353e-02,6.41677980379270e+02,sinkhorn_cellsim
1.782861e+03,51421,8.75920180104328e-05,3.25591469307288e-02,6.41677984329813e+02,sinkhorn_cellsim
1.783555e+03,51441,8.75271711801248e-05,3.25591468928394e-02,6.41677988278301e+02,sinkhorn_cellsim
1.784248e+03,51461,8.74633691156017e-05,3.25591468505286e-02,6.41677992224799e+02,sinkhorn_cellsim
1.784942e+03,51481,8.74007337664019e-05,3.25591468038774e-02,6.41677996169371e+02,sinkhorn_cellsim
1.785635e+03,51501,8.73391981236522e-05,3.25591467529841e-02,6.41678000112075e+02,sinkhorn_cellsim
1.786329e+03,51521,8.72787693840317e-05,3.25591466979622e-02,6.41678004052963e+02,sinkhorn_cellsim
1.787022e+03,51541,8.72194622644310e-05,3.25591466389397e-02,6.41678007992085e+02,sinkhorn_cellsim
1.787716e+03,51561,8.71613217403733e-05,3.25591465760561e-02,6.41678011929482e+02,sinkhorn_cellsim
1.788409e+03,51581,8.71043870643313e-05,3.25591465094612e-02,6.41678015865190e+02,sinkhorn_cellsim
1.789102e+03,51601,8.70485782135378e-05,3.25591464393138e-02,6.41678019799237e+02,sinkhorn_cellsim
1.789796e+03,51621,8.69938567435785e-05,3.25591463657808e-02,6.41678023731643e+02,sinkhorn_cellsim
1.790489e+03,51641,8.69401732520167e-05,3.25591462890353e-02,6.41678027662423e+02,sinkhorn_cellsim
1.791183e+03,51661,8.68874684749247e-05,3.25591462092567e-02,6.41678031591583e+02,sinkhorn_cellsim
1.791876e+03,51681,8.68356745370532e-05,3.25591461266291e-02,6.41678035519122e+02,sinkhorn_cellsim
1.792570e+03,51701,8.67847163596129e-05,3.25591460413422e-02,6.41678039445034e+02,sinkhorn_cellsim
1.793263e+03,51721,8.67350645741075e-05,3.25591459535891e-02,6.41678043369305e+02,sinkhorn_cellsim
1.793956e+03,51741,8.66866897191774e-05,3.25591458635680e-02,6.41678047291915e+02,sinkhorn_cellsim
1.794650e+03,51761,8.66395914877535e-05,3.25591457714796e-02,6.41678051212840e+02,sinkhorn_cellsim
1.795343e+03,51781,8.65934597166140e-05,3.25591456775283e-02,6.41678055132052e+02,sinkhorn_cellsim
1.796037e+03,51801,8.65497257291850e-05,3.25591455819196e-02,6.41678059049519e+02,sinkhorn_cellsim
1.796730e+03,51821,8.65077310954326e-05,3.25591454848607e-02,6.41678062965204e+02,sinkhorn_cellsim
1.797424e+03,51841,8.64660846068935e-05,3.25591453865581e-02,6.41678066879069e+02,sinkhorn_cellsim
1.798117e+03,51861,8.64244360927642e-05,3.25591452872157e-02,6.41678070791076e+02,sinkhorn_cellsim
1.798810e+03,51881,8.63827103196464e-05,3.25591451870321e-02,6.41678074701182e+02,sinkhorn_cellsim
1.799504e+03,51901,8.63408375800315e-05,3.25591450861990e-02,6.41678078609348e+02,sinkhorn_cellsim
1.800197e+03,51921,8.62987540167400e-05,3.25591449848965e-02,6.41678082515530e+02,sinkhorn_cellsim
1.800891e+03,51941,8.62564017613050e-05,3.25591448832895e-02,6.41678086419688e+02,sinkhorn_cellsim
1.801584e+03,51961,8.62137288877665e-05,3.25591447815242e-02,6.41678090321780e+02,sinkhorn_cellsim
1.802278e+03,51981,8.61710915021872e-05,3.25591446797235e-02,6.41678094221767e+02,sinkhorn_cellsim
1.802971e+03,52001,8.61280475848042e-05,3.25591445779816e-02,6.41678098119608e+02,sinkhorn_cellsim
1.803664e+03,52021,8.60845520528192e-05,3.25591444763615e-02,6.41678102015264e+02,sinkhorn_cellsim
1.804358e+03,52041,8.60407870645016e-05,3.25591443748896e-02,6.41678105908696e+02,sinkhorn_cellsim
1.805051e+03,52061,8.59970434985869e-05,3.25591442735532e-02,6.41678109799868e+02,sinkhorn_cellsim
1.805745e+03,52081,8.59533520784485e-05,3.25591441722972e-02,6.41678113688741e+02,sinkhorn_cellsim
1.806438e+03,52101,8.59099654564253e-05,3.25591440710234e-02,6.41678117575280e+02,sinkhorn_cellsim
1.807132e+03,52121,8.58662728991923e-05,3.25591439695898e-02,6.41678121459448e+02,sinkhorn_cellsim
1.807825e+03,52141,8.58220082627967e-05,3.25591438678116e-02,6.41678125341209e+02,sinkhorn_cellsim
1.808519e+03,52161,8.57771566956985e-05,3.25591437654653e-02,6.41678129220529e+02,sinkhorn_cellsim
1.809212e+03,52181,8.57321932393152e-05,3.25591436622913e-02,6.41678133097375e+02,sinkhorn_cellsim
1.809906e+03,52201,8.56867592852352e-05,3.25591435580020e-02,6.41678136971713e+02,sinkhorn_cellsim
1.810599e+03,52221,8.56409542231248e-05,3.25591434522877e-02,6.41678140843514e+02,sinkhorn_cellsim
1.811292e+03,52241,8.55956885075440e-05,3.25591433448277e-02,6.41678144712749e+02,sinkhorn_cellsim
1.811986e+03,52261,8.55497878337670e-05,3.25591432353006e-02,6.41678148579393e+02,sinkhorn_cellsim
1.812679e+03,52281,8.55036412143545e-05,3.25591431233954e-02,6.41678152443424e+02,sinkhorn_cellsim
1.813373e+03,52301,8.54581847023573e-05,3.25591430088239e-02,6.41678156304823e+02,sinkhorn_cellsim
1.814066e+03,52321,8.54132670238084e-05,3.25591428913359e-02,6.41678160163575e+02,sinkhorn_cellsim
1.814760e+03,52341,8.53684639077608e-05,3.25591427707290e-02,6.41678164019671e+02,sinkhorn_cellsim
1.815453e+03,52361,8.53243252966185e-05,3.25591426468620e-02,6.41678167873106e+02,sinkhorn_cellsim
1.816147e+03,52381,8.52809302336431e-05,3.25591425196653e-02,6.41678171723879e+02,sinkhorn_cellsim
1.816840e+03,52401,8.52374392096967e-05,3.25591423891502e-02,6.41678175571994e+02,sinkhorn_cellsim
1.817533e+03,52421,8.51943574391780e-05,3.25591422554165e-02,6.41678179417459e+02,sinkhorn_cellsim
1.818227e+03,52441,8.51514804089461e-05,3.25591421186547e-02,6.41678183260286e+02,sinkhorn_cellsim
1.818920e+03,52461,8.51080280432765e-05,3.25591419791491e-02,6.41678187100489e+02,sinkhorn_cellsim
1.819614e+03,52481,8.50639004592236e-05,3.25591418372757e-02,6.41678190938085e+02,sinkhorn_cellsim
1.820307e+03,52501,8.50196818308779e-05,3.25591416934969e-02,6.41678194773089e+02,sinkhorn_cellsim
1.821001e+03,52521,8.49758725438891e-05,3.25591415483544e-02,6.41678198605519e+02,sinkhorn_cellsim
1.821694e+03,52541,8.49331935543616e-05,3.25591414024591e-02,6.41678202435390e+02,sinkhorn_cellsim
1.822388e+03,52561,8.48929728486274e-05,3.25591412564773e-02,6.41678206262713e+02,sinkhorn_cellsim
1.823081e+03,52581,8.48528130387098e-05,3.25591411111182e-02,6.41678210087497e+02,sinkhorn_cellsim
1.823774e+03,52601,8.48120730117086e-05,3.25591409671175e-02,6.41678213909744e+02,sinkhorn_cellsim
1.824468e+03,52621,8.47705068585835e-05,3.25591408252215e-02,6.41678217729450e+02,sinkhorn_cellsim
1.825161e+03,52641,8.47279562073821e-05,3.25591406861720e-02,6.41678221546605e+02,sinkhorn_cellsim
1.825855e+03,52661,8.46840108605032e-05,3.25591405506908e-02,6.41678225361189e+02,sinkhorn_cellsim
1.826548e+03,52681,8.46386093341500e-05,3.25591404194651e-02,6.41678229173175e+02,sinkhorn_cellsim
1.827242e+03,52701,8.45916906169760e-05,3.25591402931361e-02,6.41678232982528e+02,sinkhorn_cellsim
1.827935e+03,52721,8.45431945660613e-05,3.25591401722868e-02,6.41678236789203e+02,sinkhorn_cellsim
1.828629e+03,52741,8.44930624557453e-05,3.25591400574336e-02,6.41678240593146e+02,sinkhorn_cellsim
1.829322e+03,52761,8.44412376967007e-05,3.25591399490192e-02,6.41678244394298e+02,sinkhorn_cellsim
1.830015e+03,52781,8.43876667155384e-05,3.25591398474071e-02,6.41678248192590e+02,sinkhorn_cellsim
1.830709e+03,52801,8.43342920191442e-05,3.25591397528786e-02,6.41678251987948e+02,sinkhorn_cellsim
1.831402e+03,52821,8.42809361635050e-05,3.25591396656317e-02,6.41678255780292e+02,sinkhorn_cellsim
1.832096e+03,52841,8.42262044302296e-05,3.25591395857811e-02,6.41678259569539e+02,sinkhorn_cellsim
1.832789e+03,52861,8.41720937520279e-05,3.25591395133599e-02,6.41678263355602e+02,sinkhorn_cellsim
1.833483e+03,52881,8.41163454128502e-05,3.25591394483233e-02,6.41678267138397e+02,sinkhorn_cellsim
1.834176e+03,52901,8.40589603978800e-05,3.25591393905521e-02,6.41678270917836e+02,sinkhorn_cellsim
1.834870e+03,52921,8.40010410386509e-05,3.25591393398609e-02,6.41678274693837e+02,sinkhorn_cellsim
1.835563e+03,52941,8.39420740149389e-05,3.25591392960026e-02,6.41678278466321e+02,sinkhorn_cellsim
1.836256e+03,52961,8.38838169914052e-05,3.25591392586781e-02,6.41678282235217e+02,sinkhorn_cellsim
1.836950e+03,52981,8.38251098013147e-05,3.25591392275451e-02,6.41678286000459e+02,sinkhorn_cellsim
1.837643e+03,53001,8.37655436037991e-05,3.25591392022275e-02,6.41678289761993e+02,sinkhorn_cellsim
1.838337e+03,53021,8.37051753725869e-05,3.25591391823269e-02,6.41678293519774e+02,sinkhorn_cellsim
1.839030e+03,53041,8.36437563929598e-05,3.25591391674329e-02,6.41678297273772e+02,sinkhorn_cellsim
1.839724e+03,53061,8.35817782505499e-05,3.25591391571359e-02,6.41678301023967e+02,sinkhorn_cellsim
1.840417e+03,53081,8.35211024885149e-05,3.25591391510369e-02,6.41678304770356e+02,sinkhorn_cellsim
1.841111e+03,53101,8.34594673775756e-05,3.25591391487595e-02,6.41678308512948e+02,sinkhorn_cellsim
1.841804e+03,53121,8.33968960361178e-05,3.25591391499596e-02,6.41678312251768e+02,sinkhorn_cellsim
1.842497e+03,53141,8.33369529552766e-05,3.25591391543349e-02,6.41678315986857e+02,sinkhorn_cellsim
1.843191e+03,53161,8.32779930830316e-05,3.25591391616314e-02,6.41678319718269e+02,sinkhorn_cellsim
1.843884e+03,53181,8.32184714162416e-05,3.25591391716500e-02,6.41678323446072e+02,sinkhorn_cellsim
1.844578e+03,53201,8.31590155978936e-05,3.25591391842487e-02,6.41678327170348e+02,sinkhorn_cellsim
1.845271e+03,53221,8.31002055841795e-05,3.25591391993433e-02,6.41678330891191e+02,sinkhorn_cellsim
1.845965e+03,53241,8.30411097625033e-05,3.25591392169064e-02,6.41678334608704e+02,sinkhorn_cellsim
1.846658e+03,53261,8.29816401412822e-05,3.25591392369624e-02,6.41678338323002e+02,sinkhorn_cellsim
1.847352e+03,53281,8.29216544903522e-05,3.25591392595815e-02,6.41678342034207e+02,sinkhorn_cellsim
1.848045e+03,53301,8.28616683951958e-05,3.25591392848709e-02,6.41678345742445e+02,sinkhorn_cellsim
1.848738e+03,53321,8.28018725636461e-05,3.25591393129650e-02,6.41678349447848e+02,sinkhorn_cellsim
1.849432e+03,53341,8.27420665757037e-05,3.25591393440147e-02,6.41678353150551e+02,sinkhorn_cellsim
1.850125e+03,53361,8.26820613849393e-05,3.25591393781760e-02,6.41678356850688e+02,sinkhorn_cellsim
1.850819e+03,53381,8.26221684248654e-05,3.25591394155982e-02,6.41678360548394e+02,sinkhorn_cellsim
1.851512e+03,53401,8.25630040898893e-05,3.25591394564155e-02,6.41678364243798e+02,sinkhorn_cellsim
1.852206e+03,53421,8.25036908365095e-05,3.25591395007351e-02,6.41678367937030e+02,sinkhorn_cellsim
1.852899e+03,53441,8.24442739130048e-05,3.25591395486316e-02,6.41678371628210e+02,sinkhorn_cellsim
1.853593e+03,53461,8.23849173295591e-05,3.25591396001398e-02,6.41678375317453e+02,sinkhorn_cellsim
1.854286e+03,53481,8.23259194345259e-05,3.25591396552532e-02,6.41678379004867e+02,sinkhorn_cellsim
1.854979e+03,53501,8.22673951068892e-05,3.25591397139189e-02,6.41678382690551e+02,sinkhorn_cellsim
1.855673e+03,53521,8.22091516455786e-05,3.25591397760408e-02,6.41678386374593e+02,sinkhorn_cellsim
1.856366e+03,53541,8.21513925304769e-05,3.25591398414807e-02,6.41678390057074e+02,sinkhorn_cellsim
1.857060e+03,53561,8.20943346800641e-05,3.25591399100597e-02,6.41678393738065e+02,sinkhorn_cellsim
1.857753e+03,53581,8.20388816803061e-05,3.25591399815664e-02,6.41678397417624e+02,sinkhorn_cellsim
1.858447e+03,53601,8.19850819603455e-05,3.25591400557608e-02,6.41678401095801e+02,sinkhorn_cellsim
1.859140e+03,53621,8.19319925490990e-05,3.25591401323798e-02,6.41678404772635e+02,sinkhorn_cellsim
1.859834e+03,53641,8.18800107490755e-05,3.25591402111464e-02,6.41678408448157e+02,sinkhorn_cellsim
1.860527e+03,53661,8.18291339742928e-05,3.25591402917743e-02,6.41678412122386e+02,sinkhorn_cellsim
1.861220e+03,53681,8.17789370110243e-05,3.25591403739751e-02,6.41678415795333e+02,sinkhorn_cellsim
1.861914e+03,53701,8.17295751107533e-05,3.25591404574657e-02,6.41678419467000e+02,sinkhorn_cellsim
1.862607e+03,53721,8.16805094296312e-05,3.25591405419728e-02,6.41678423137380e+02,sinkhorn_cellsim
1.863301e+03,53741,8.16317761416337e-05,3.25591406272389e-02,6.41678426806459e+02,sinkhorn_cellsim
1.863994e+03,53761,8.15832313068015e-05,3.25591407130281e-02,6.41678430474215e+02,sinkhorn_cellsim
1.864688e+03,53781,8.15348381118326e-05,3.25591407991278e-02,6.41678434140622e+02,sinkhorn_cellsim
1.865381e+03,53801,8.14868993015825e-05,3.25591408853554e-02,6.41678437805645e+02,sinkhorn_cellsim
1.866074e+03,53821,8.14400555504722e-05,3.25591409715584e-02,6.41678441469245e+02,sinkhorn_cellsim
1.866768e+03,53841,8.13937470730752e-05,3.25591410576191e-02,6.41678445131380e+02,sinkhorn_cellsim
1.867461e+03,53861,8.13473334487634e-05,3.25591411434546e-02,6.41678448792002e+02,sinkhorn_cellsim
1.868155e+03,53881,8.13005046512031e-05,3.25591412290188e-02,6.41678452451061e+02,sinkhorn_cellsim
1.868848e+03,53901,8.12532421901876e-05,3.25591413143033e-02,6.41678456108506e+02,sinkhorn_cellsim
1.869542e+03,53921,8.12072236314267e-05,3.25591413993368e-02,6.41678459764284e+02,sinkhorn_cellsim
1.870235e+03,53941,8.11625435730160e-05,3.25591414841843e-02,6.41678463418341e+02,sinkhorn_cellsim
1.870929e+03,53961,8.11173709533983e-05,3.25591415689474e-02,6.41678467070624e+02,sinkhorn_cellsim
1.871622e+03,53981,8.10715878406977e-05,3.25591416537599e-02,6.41678470721081e+02,sinkhorn_cellsim
1.872316e+03,54001,8.10258103407337e-05,3.25591417387877e-02,6.41678474369663e+02,sinkhorn_cellsim
1.873009e+03,54021,8.09795219613250e-05,3.25591418242235e-02,6.41678478016322e+02,sinkhorn_cellsim
1.873702e+03,54041,8.09349321776807e-05,3.25591419102833e-02,6.41678481661015e+02,sinkhorn_cellsim
1.874396e+03,54061,8.08921404658483e-05,3.25591419972021e-02,6.41678485303702e+02,sinkhorn_cellsim
1.875089e+03,54081,8.08507715420054e-05,3.25591420852266e-02,6.41678488944348e+02,sinkhorn_cellsim
1.875783e+03,54101,8.08090845262517e-05,3.25591421746097e-02,6.41678492582922e+02,sinkhorn_cellsim
1.876476e+03,54121,8.07675556656370e-05,3.25591422656029e-02,6.41678496219399e+02,sinkhorn_cellsim
1.877170e+03,54141,8.07273651420170e-05,3.25591423584489e-02,6.41678499853759e+02,sinkhorn_cellsim
1.877863e+03,54161,8.06868629828118e-05,3.25591424533733e-02,6.41678503485989e+02,sinkhorn_cellsim
1.878557e+03,54181,8.06457747761026e-05,3.25591425505770e-02,6.41678507116078e+02,sinkhorn_cellsim
1.879250e+03,54201,8.06039480701739e-05,3.25591426502271e-02,6.41678510744024e+02,sinkhorn_cellsim
1.879943e+03,54221,8.05617889233763e-05,3.25591427524507e-02,6.41678514369828e+02,sinkhorn_cellsim
1.880637e+03,54241,8.05188170934169e-05,3.25591428573264e-02,6.41678517993495e+02,sinkhorn_cellsim
1.881330e+03,54261,8.04750387100504e-05,3.25591429648802e-02,6.41678521615037e+02,sinkhorn_cellsim
1.882024e+03,54281,8.04304660025008e-05,3.25591430750789e-02,6.41678525234466e+02,sinkhorn_cellsim
1.882717e+03,54301,8.03851168663852e-05,3.25591431878287e-02,6.41678528851799e+02,sinkhorn_cellsim
1.883411e+03,54321,8.03392840985333e-05,3.25591433029714e-02,6.41678532467056e+02,sinkhorn_cellsim
1.884104e+03,54341,8.02927563726164e-05,3.25591434202873e-02,6.41678536080257e+02,sinkhorn_cellsim
1.884797e+03,54361,8.02455196468852e-05,3.25591435394939e-02,6.41678539691423e+02,sinkhorn_cellsim
1.885491e+03,54381,8.01976053003807e-05,3.25591436602517e-02,6.41678543300578e+02,sinkhorn_cellsim
1.886184e+03,54401,8.01490466890794e-05,3.25591437821690e-02,6.41678546907740e+02,sinkhorn_cellsim
1.886878e+03,54421,8.01005398472087e-05,3.25591439048078e-02,6.41678550512932e+02,sinkhorn_cellsim
1.887571e+03,54441,8.00517226645863e-05,3.25591440276915e-02,6.41678554116169e+02,sinkhorn_cellsim
1.888265e+03,54461,8.00024277293123e-05,3.25591441503135e-02,6.41678557717469e+02,sinkhorn_cellsim
1.888958e+03,54481,7.99525509006552e-05,3.25591442721472e-02,6.41678561316842e+02,sinkhorn_cellsim
1.889652e+03,54501,7.99021240937411e-05,3.25591443926537e-02,6.41678564914298e+02,sinkhorn_cellsim
1.890345e+03,54521,7.98512761792308e-05,3.25591445112925e-02,6.41678568509842e+02,sinkhorn_cellsim
1.891038e+03,54541,7.98006205686439e-05,3.25591446275290e-02,6.41678572103473e+02,sinkhorn_cellsim
1.891732e+03,54561,7.97495478217590e-05,3.25591447408434e-02,6.41678575695190e+02,sinkhorn_cellsim
1.892425e+03,54581,7.96986259255512e-05,3.25591448507390e-02,6.41678579284984e+02,sinkhorn_cellsim
1.893119e+03,54601,7.96478695130978e-05,3.25591449567465e-02,6.41678582872843e+02,sinkhorn_cellsim
1.893812e+03,54621,7.95974568309946e-05,3.25591450584324e-02,6.41678586458754e+02,sinkhorn_cellsim
1.894506e+03,54641,7.95492756309913e-05,3.25591451554018e-02,6.41678590042698e+02,sinkhorn_cellsim
1.895199e+03,54661,7.95022695204117e-05,3.25591452473033e-02,6.41678593624655e+02,sinkhorn_cellsim
1.895893e+03,54681,7.94554088470718e-05,3.25591453338311e-02,6.41678597204602e+02,sinkhorn_cellsim
1.896586e+03,54701,7.94086967938259e-05,3.25591454147281e-02,6.41678600782516e+02,sinkhorn_cellsim
1.897279e+03,54721,7.93620455619424e-05,3.25591454897870e-02,6.41678604358371e+02,sinkhorn_cellsim
1.897973e+03,54741,7.93158181905160e-05,3.25591455588525e-02,6.41678607932144e+02,sinkhorn_cellsim
1.898666e+03,54761,7.92691957099546e-05,3.25591456218205e-02,6.41678611503811e+02,sinkhorn_cellsim
1.899360e+03,54781,7.92221588634069e-05,3.25591456786412e-02,6.41678615073351e+02,sinkhorn_cellsim
1.900053e+03,54801,7.91747625844578e-05,3.25591457293169e-02,6.41678618640744e+02,sinkhorn_cellsim
1.900747e+03,54821,7.91278947806461e-05,3.25591457739027e-02,6.41678622205973e+02,sinkhorn_cellsim
1.901440e+03,54841,7.90808016403513e-05,3.25591458125085e-02,6.41678625769025e+02,sinkhorn_cellsim
1.902134e+03,54861,7.90334651940728e-05,3.25591458452953e-02,6.41678629329889e+02,sinkhorn_cellsim
1.902827e+03,54881,7.89856656422564e-05,3.25591458724773e-02,6.41678632888559e+02,sinkhorn_cellsim
1.903520e+03,54901,7.89374473271787e-05,3.25591458943195e-02,6.41678636445034e+02,sinkhorn_cellsim
1.904214e+03,54921,7.88889392419870e-05,3.25591459111355e-02,6.41678639999314e+02,sinkhorn_cellsim
1.904907e+03,54941,7.88400620745416e-05,3.25591459232874e-02,6.41678643551405e+02,sinkhorn_cellsim
1.905601e+03,54961,7.87921852190898e-05,3.25591459311810e-02,6.41678647101317e+02,sinkhorn_cellsim
1.906294e+03,54981,7.87448477214566e-05,3.25591459352637e-02,6.41678650649062e+02,sinkhorn_cellsim
1.906988e+03,55001,7.86979317432706e-05,3.25591459360202e-02,6.41678654194656e+02,sinkhorn_cellsim
1.907681e+03,55021,7.86508499557354e-05,3.25591459339684e-02,6.41678657738116e+02,sinkhorn_cellsim
1.908374e+03,55041,7.86035936943853e-05,3.25591459296533e-02,6.41678661279461e+02,sinkhorn_cellsim
1.909068e+03,55061,7.85561283265611e-05,3.25591459236432e-02,6.41678664818711e+02,sinkhorn_cellsim
1.909761e+03,55081,7.85085323725037e-05,3.25591459165233e-02,6.41678668355888e+02,sinkhorn_cellsim
1.910455e+03,55101,7.84606628130439e-05,3.25591459088898e-02,6.41678671891009e+02,sinkhorn_cellsim
1.911148e+03,55121,7.84124813165172e-05,3.25591459013450e-02,6.41678675424094e+02,sinkhorn_cellsim
1.911842e+03,55141,7.83639846985157e-05,3.25591458944909e-02,6.41678678955156e+02,sinkhorn_cellsim
1.912535e+03,55161,7.83152453262067e-05,3.25591458889255e-02,6.41678682484208e+02,sinkhorn_cellsim
1.913229e+03,55181,7.82667212472757e-05,3.25591458852369e-02,6.41678686011257e+02,sinkhorn_cellsim
1.913922e+03,55201,7.82190389730221e-05,3.25591458839994e-02,6.41678689536304e+02,sinkhorn_cellsim
1.914615e+03,55221,7.81717749971226e-05,3.25591458857699e-02,6.41678693059345e+02,sinkhorn_cellsim
1.915309e+03,55241,7.81243853617858e-05,3.25591458910851e-02,6.41678696580367e+02,sinkhorn_cellsim
1.916002e+03,55261,7.80766651165831e-05,3.25591459004583e-02,6.41678700099353e+02,sinkhorn_cellsim
1.916696e+03,55281,7.80285906019803e-05,3.25591459143774e-02,6.41678703616274e+02,sinkhorn_cellsim
1.917389e+03,55301,7.79801273001892e-05,3.25591459333033e-02,6.41678707131094e+02,sinkhorn_cellsim
1.918083e+03,55321,7.79314873417151e-05,3.25591459576678e-02,6.41678710643769e+02,sinkhorn_cellsim
1.918776e+03,55341,7.78830506543133e-05,3.25591459878725e-02,6.41678714154245e+02,sinkhorn_cellsim
1.919470e+03,55361,7.78361245069724e-05,3.25591460242866e-02,6.41678717662461e+02,sinkhorn_cellsim
1.920163e+03,55381,7.77902696292753e-05,3.25591460672456e-02,6.41678721168344e+02,sinkhorn_cellsim
1.920856e+03,55401,7.77440037609750e-05,3.25591461170483e-02,6.41678724671816e+02,sinkhorn_cellsim
1.921550e+03,55421,7.76972458709811e-05,3.25591461739558e-02,6.41678728172791e+02,sinkhorn_cellsim
1.922243e+03,55441,7.76499088293607e-05,3.25591462381886e-02,6.41678731671175e+02,sinkhorn_cellsim
1.922937e+03,55461,7.76020340473122e-05,3.25591463099217e-02,6.41678735166871e+02,sinkhorn_cellsim
1.923630e+03,55481,7.75554880777618e-05,3.25591463892819e-02,6.41678738659775e+02,sinkhorn_cellsim
1.924324e+03,55501,7.75088556430206e-05,3.25591464763446e-02,6.41678742149782e+02,sinkhorn_cellsim
1.925017e+03,55521,7.74619082512858e-05,3.25591465711294e-02,6.41678745636783e+02,sinkhorn_cellsim
1.925711e+03,55541,7.74151263677531e-05,3.25591466735954e-02,6.41678749120672e+02,sinkhorn_cellsim
1.926404e+03,55561,7.73674328830503e-05,3.25591467836379e-02,6.41678752601342e+02,sinkhorn_cellsim
1.927097e+03,55581,7.73191833115980e-05,3.25591469010851e-02,6.41678756078691e+02,sinkhorn_cellsim
1.927791e+03,55601,7.72699103933670e-05,3.25591470256955e-02,6.41678759552623e+02,sinkhorn_cellsim
1.928484e+03,55621,7.72196695656766e-05,3.25591471571573e-02,6.41678763023047e+02,sinkhorn_cellsim
1.929178e+03,55641,7.71683922097394e-05,3.25591472950863e-02,6.41678766489884e+02,sinkhorn_cellsim
1.929871e+03,55661,7.71163498182003e-05,3.25591474390298e-02,6.41678769953063e+02,sinkhorn_cellsim
1.930565e+03,55681,7.70631031442004e-05,3.25591475884699e-02,6.41678773412528e+02,sinkhorn_cellsim
1.931258e+03,55701,7.70090485148255e-05,3.25591477428272e-02,6.41678776868234e+02,sinkhorn_cellsim
1.931952e+03,55721,7.69539934770519e-05,3.25591479014697e-02,6.41678780320153e+02,sinkhorn_cellsim
1.932645e+03,55741,7.68977564534972e-05,3.25591480637225e-02,6.41678783768273e+02,sinkhorn_cellsim
1.933338e+03,55761,7.68403854425465e-05,3.25591482288789e-02,6.41678787212596e+02,sinkhorn_cellsim
1.934032e+03,55781,7.67820633980909e-05,3.25591483962129e-02,6.41678790653144e+02,sinkhorn_cellsim
1.934725e+03,55801,7.67231802218814e-05,3.25591485649940e-02,6.41678794089955e+02,sinkhorn_cellsim
1.935419e+03,55821,7.66643154250337e-05,3.25591487345011e-02,6.41678797523080e+02,sinkhorn_cellsim
1.936112e+03,55841,7.66062354497339e-05,3.25591489040377e-02,6.41678800952592e+02,sinkhorn_cellsim
1.936806e+03,55861,7.65494135280552e-05,3.25591490729457e-02,6.41678804378574e+02,sinkhorn_cellsim
1.937499e+03,55881,7.64932369554444e-05,3.25591492406174e-02,6.41678807801125e+02,sinkhorn_cellsim
1.938193e+03,55901,7.64378532740638e-05,3.25591494065088e-02,6.41678811220355e+02,sinkhorn_cellsim
1.938886e+03,55921,7.63820051270589e-05,3.25591495701473e-02,6.41678814636385e+02,sinkhorn_cellsim
1.939579e+03,55941,7.63255591769759e-05,3.25591497311370e-02,6.41678818049346e+02,sinkhorn_cellsim
1.940273e+03,55961,7.62686365101024e-05,3.25591498891649e-02,6.41678821459374e+02,sinkhorn_cellsim
1.940966e+03,55981,7.62113678812284e-05,3.25591500439994e-02,6.41678824866613e+02,sinkhorn_cellsim
1.941660e+03,56001,7.61540240178728e-05,3.25591501954914e-02,6.41678828271208e+02,sinkhorn_cellsim
1.942353e+03,56021,7.60966213111755e-05,3.25591503435679e-02,6.41678831673307e+02,sinkhorn_cellsim
1.943047e+03,56041,7.60392869987781e-05,3.25591504882271e-02,6.41678835073058e+02,sinkhorn_cellsim
1.943740e+03,56061,7.59827255217986e-05,3.25591506295315e-02,6.41678838470606e+02,sinkhorn_cellsim
1.944434e+03,56081,7.59266199127980e-05,3.25591507675973e-02,6.41678841866095e+02,sinkhorn_cellsim
1.945127e+03,56101,7.58709970044592e-05,3.25591509025872e-02,6.41678845259663e+02,sinkhorn_cellsim
1.945820e+03,56121,7.58159100366970e-05,3.25591510347001e-02,6.41678848651444e+02,sinkhorn_cellsim
1.946514e+03,56141,7.57614228976132e-05,3.25591511641637e-02,6.41678852041564e+02,sinkhorn_cellsim
1.947207e+03,56161,7.57076703656767e-05,3.25591512912234e-02,6.41678855430144e+02,sinkhorn_cellsim
1.947901e+03,56181,7.56546976298850e-05,3.25591514161383e-02,6.41678858817297e+02,sinkhorn_cellsim
1.948594e+03,56201,7.56026511517261e-05,3.25591515391729e-02,6.41678862203125e+02,sinkhorn_cellsim
1.949288e+03,56221,7.55515983312177e-05,3.25591516605943e-02,6.41678865587724e+02,sinkhorn_cellsim
1.949981e+03,56241,7.55020143332846e-05,3.25591517806660e-02,6.41678868971182e+02,sinkhorn_cellsim
1.950674e+03,56261,7.54535819804060e-05,3.25591518996472e-02,6.41678872353577e+02,sinkhorn_cellsim
1.951368e+03,56281,7.54062808291214e-05,3.25591520177910e-02,6.41678875734979e+02,sinkhorn_cellsim
1.952061e+03,56301,7.53599362190799e-05,3.25591521353433e-02,6.41678879115449e+02,sinkhorn_cellsim
1.952755e+03,56321,7.53145553166126e-05,3.25591522525430e-02,6.41678882495040e+02,sinkhorn_cellsim
1.953448e+03,56341,7.52701370177484e-05,3.25591523696232e-02,6.41678885873798e+02,sinkhorn_cellsim
1.954142e+03,56361,7.52267392925483e-05,3.25591524868118e-02,6.41678889251760e+02,sinkhorn_cellsim
1.954835e+03,56381,7.51842913196021e-05,3.25591526043325e-02,6.41678892628956e+02,sinkhorn_cellsim
1.955529e+03,56401,7.51427641728611e-05,3.25591527224063e-02,6.41678896005410e+02,sinkhorn_cellsim
1.956222e+03,56421,7.51021219861064e-05,3.25591528412540e-02,6.41678899381139e+02,sinkhorn_cellsim
1.956916e+03,56441,7.50623226737890e-05,3.25591529610954e-02,6.41678902756153e+02,sinkhorn_cellsim
1.957609e+03,56461,7.50237136969273e-05,3.25591530821517e-02,6.41678906130456e+02,sinkhorn_cellsim
1.958302e+03,56481,7.49868298521863e-05,3.25591532046465e-02,6.41678909504049e+02,sinkhorn_cellsim
1.958996e+03,56501,7.49506294298826e-05,3.25591533288051e-02,6.41678912876925e+02,sinkhorn_cellsim
1.959689e+03,56521,7.49150350417296e-05,3.25591534548563e-02,6.41678916249072e+02,sinkhorn_cellsim
1.960383e+03,56541,7.48799783947021e-05,3.25591535830302e-02,6.41678919620476e+02,sinkhorn_cellsim
1.961076e+03,56561,7.48453897706874e-05,3.25591537135593e-02,6.41678922991117e+02,sinkhorn_cellsim
1.961770e+03,56581,7.48111985415413e-05,3.25591538466765e-02,6.41678926360970e+02,sinkhorn_cellsim
1.962463e+03,56601,7.47773336686876e-05,3.25591539826139e-02,6.41678929730008e+02,sinkhorn_cellsim
1.963157e+03,56621,7.47437241995000e-05,3.25591541216012e-02,6.41678933098201e+02,sinkhorn_cellsim
1.963850e+03,56641,7.47102997315349e-05,3.25591542638621e-02,6.41678936465514e+02,sinkhorn_cellsim
1.964543e+03,56661,7.46769909087022e-05,3.25591544096132e-02,6.41678939831911e+02,sinkhorn_cellsim
1.965237e+03,56681,7.46437298983893e-05,3.25591545590605e-02,6.41678943197351e+02,sinkhorn_cellsim
1.965930e+03,56701,7.46104508726893e-05,3.25591547123936e-02,6.41678946561795e+02,sinkhorn_cellsim
1.966624e+03,56721,7.45771453372400e-05,3.25591548697851e-02,6.41678949925200e+02,sinkhorn_cellsim
1.967317e+03,56741,7.45437715358080e-05,3.25591550313840e-02,6.41678953287520e+02,sinkhorn_cellsim
1.968011e+03,56761,7.45101991571931e-05,3.25591551973117e-02,6.41678956648711e+02,sinkhorn_cellsim
1.968704e+03,56781,7.44764847783789e-05,3.25591553676587e-02,6.41678960008728e+02,sinkhorn_cellsim
1.969398e+03,56801,7.44425397466202e-05,3.25591555424792e-02,6.41678963367524e+02,sinkhorn_cellsim
1.970091e+03,56821,7.44082499549367e-05,3.25591557217872e-02,6.41678966725056e+02,sinkhorn_cellsim
1.970784e+03,56841,7.43735769349925e-05,3.25591559055529e-02,6.41678970081280e+02,sinkhorn_cellsim
1.971490e+03,56861,7.43384879287152e-05,3.25591560936990e-02,6.41678973436152e+02,sinkhorn_cellsim
1.972184e+03,56881,7.43029791717439e-05,3.25591562860997e-02,6.41678976789631e+02,sinkhorn_cellsim
1.972877e+03,56901,7.42684264615712e-05,3.25591564825779e-02,6.41678980141680e+02,sinkhorn_cellsim
1.973571e+03,56921,7.42345608782941e-05,3.25591566829066e-02,6.41678983492261e+02,sinkhorn_cellsim
1.974264e+03,56941,7.42006885282575e-05,3.25591568868077e-02,6.41678986841341e+02,sinkhorn_cellsim
1.974957e+03,56961,7.41670326572300e-05,3.25591570939578e-02,6.41678990188888e+02,sinkhorn_cellsim
1.975651e+03,56981,7.41341552866755e-05,3.25591573039897e-02,6.41678993534875e+02,sinkhorn_cellsim
1.976344e+03,57001,7.41019601471011e-05,3.25591575164990e-02,6.41678996879275e+02,sinkhorn_cellsim
1.977038e+03,57021,7.40702141568349e-05,3.25591577310511e-02,6.41679000222064e+02,sinkhorn_cellsim
1.977731e+03,57041,7.40381365120615e-05,3.25591579471889e-02,6.41679003563220e+02,sinkhorn_cellsim
1.978425e+03,57061,7.40053736422122e-05,3.25591581644424e-02,6.41679006902723e+02,sinkhorn_cellsim
1.979118e+03,57081,7.39718951425087e-05,3.25591583823381e-02,6.41679010240553e+02,sinkhorn_cellsim
1.979812e+03,57101,7.39376706971447e-05,3.25591586004086e-02,6.41679013576689e+02,sinkhorn_cellsim
1.980505e+03,57121,7.39026695608380e-05,3.25591588182041e-02,6.41679016911111e+02,sinkhorn_cellsim
1.981198e+03,57141,7.38668599690518e-05,3.25591590353008e-02,6.41679020243797e+02,sinkhorn_cellsim
1.981892e+03,57161,7.38305767284326e-05,3.25591592513100e-02,6.41679023574720e+02,sinkhorn_cellsim
1.982585e+03,57181,7.37943313889515e-05,3.25591594658863e-02,6.41679026903852e+02,sinkhorn_cellsim
1.983279e+03,57201,7.37580209280039e-05,3.25591596787338e-02,6.41679030231160e+02,sinkhorn_cellsim
1.983972e+03,57221,7.37209984228176e-05,3.25591598896107e-02,6.41679033556605e+02,sinkhorn_cellsim
1.984665e+03,57241,7.36830593173367e-05,3.25591600983328e-02,6.41679036880144e+02,sinkhorn_cellsim
1.985359e+03,57261,7.36444509068919e-05,3.25591603047752e-02,6.41679040201725e+02,sinkhorn_cellsim
1.986052e+03,57281,7.36049043706984e-05,3.25591605088699e-02,6.41679043521290e+02,sinkhorn_cellsim
1.986746e+03,57301,7.35643018452575e-05,3.25591607106068e-02,6.41679046838775e+02,sinkhorn_cellsim
1.987439e+03,57321,7.35224134121233e-05,3.25591609100280e-02,6.41679050154105e+02,sinkhorn_cellsim
1.988133e+03,57341,7.34791033492098e-05,3.25591611072231e-02,6.41679053467201e+02,sinkhorn_cellsim
1.988826e+03,57361,7.34343921003993e-05,3.25591613023225e-02,6.41679056777974e+02,sinkhorn_cellsim
1.989520e+03,57381,7.33884855752260e-05,3.25591614954921e-02,6.41679060086329e+02,sinkhorn_cellsim
1.990213e+03,57401,7.33412208393532e-05,3.25591616869224e-02,6.41679063392163e+02,sinkhorn_cellsim
1.990906e+03,57421,7.32923360641086e-05,3.25591618768226e-02,6.41679066695367e+02,sinkhorn_cellsim
1.991600e+03,57441,7.32421051107817e-05,3.25591620654103e-02,6.41679069995827e+02,sinkhorn_cellsim
1.992293e+03,57461,7.31899840258712e-05,3.25591622529025e-02,6.41679073293426e+02,sinkhorn_cellsim
1.992987e+03,57481,7.31359096472240e-05,3.25591624395068e-02,6.41679076588042e+02,sinkhorn_cellsim
1.993680e+03,57501,7.30804763673505e-05,3.25591626254139e-02,6.41679079879551e+02,sinkhorn_cellsim
1.994374e+03,57521,7.30241603567942e-05,3.25591628107877e-02,6.41679083167831e+02,sinkhorn_cellsim
1.995067e+03,57541,7.29659647944133e-05,3.25591629957596e-02,6.41679086452759e+02,sinkhorn_cellsim
1.995760e+03,57561,7.29064804500767e-05,3.25591631804208e-02,6.41679089734217e+02,sinkhorn_cellsim
1.996454e+03,57581,7.28460669901421e-05,3.25591633648177e-02,6.41679093012090e+02,sinkhorn_cellsim
1.997147e+03,57601,7.27848196870604e-05,3.25591635489482e-02,6.41679096286272e+02,sinkhorn_cellsim
1.997841e+03,57621,7.27217781410519e-05,3.25591637327578e-02,6.41679099556665e+02,sinkhorn_cellsim
1.998534e+03,57641,7.26572032600845e-05,3.25591639161402e-02,6.41679102823181e+02,sinkhorn_cellsim
1.999228e+03,57661,7.25906060092354e-05,3.25591640989374e-02,6.41679106085744e+02,sinkhorn_cellsim
1.999921e+03,57681,7.25224149137769e-05,3.25591642809420e-02,6.41679109344295e+02,sinkhorn_cellsim
2.000615e+03,57701,7.24539703832762e-05,3.25591644619033e-02,6.41679112598786e+02,sinkhorn_cellsim
2.001308e+03,57721,7.23843375281850e-05,3.25591646415320e-02,6.41679115849188e+02,sinkhorn_cellsim
2.002002e+03,57741,7.23133338403404e-05,3.25591648195078e-02,6.41679119095491e+02,sinkhorn_cellsim
2.002695e+03,57761,7.22411241857949e-05,3.25591649954904e-02,6.41679122337701e+02,sinkhorn_cellsim
2.003388e+03,57781,7.21683955668983e-05,3.25591651691292e-02,6.41679125575841e+02,sinkhorn_cellsim
2.004082e+03,57801,7.20963658090493e-05,3.25591653400743e-02,6.41679128809956e+02,sinkhorn_cellsim
2.004775e+03,57821,7.20249775657977e-05,3.25591655079896e-02,6.41679132040104e+02,sinkhorn_cellsim
2.005469e+03,57841,7.19534903607334e-05,3.25591656725628e-02,6.41679135266363e+02,sinkhorn_cellsim
2.006162e+03,57861,7.18820582866315e-05,3.25591658335186e-02,6.41679138488824e+02,sinkhorn_cellsim
2.006855e+03,57881,7.18096020313266e-05,3.25591659906281e-02,6.41679141707591e+02,sinkhorn_cellsim
2.007549e+03,57901,7.17362016147384e-05,3.25591661437196e-02,6.41679144922781e+02,sinkhorn_cellsim
2.008242e+03,57921,7.16623600659550e-05,3.25591662926844e-02,6.41679148134520e+02,sinkhorn_cellsim
2.008936e+03,57941,7.15879568186798e-05,3.25591664374840e-02,6.41679151342938e+02,sinkhorn_cellsim
2.009629e+03,57961,7.15134139722579e-05,3.25591665781537e-02,6.41679154548174e+02,sinkhorn_cellsim
2.010323e+03,57981,7.14396725203501e-05,3.25591667148031e-02,6.41679157750365e+02,sinkhorn_cellsim
2.011016e+03,58001,7.13665937575752e-05,3.25591668476167e-02,6.41679160949649e+02,sinkhorn_cellsim
2.011710e+03,58021,7.12937421661256e-05,3.25591669768482e-02,6.41679164146163e+02,sinkhorn_cellsim
2.012403e+03,58041,7.12212303741214e-05,3.25591671028187e-02,6.41679167340036e+02,sinkhorn_cellsim
2.013096e+03,58061,7.11490525276109e-05,3.25591672259056e-02,6.41679170531394e+02,sinkhorn_cellsim
2.013790e+03,58081,7.10778838934602e-05,3.25591673465352e-02,6.41679173720352e+02,sinkhorn_cellsim
2.014483e+03,58101,7.10074913742439e-05,3.25591674651719e-02,6.41679176907018e+02,sinkhorn_cellsim
2.015177e+03,58121,7.09376198323228e-05,3.25591675823049e-02,6.41679180091489e+02,sinkhorn_cellsim
2.015870e+03,58141,7.08683563576550e-05,3.25591676984362e-02,6.41679183273849e+02,sinkhorn_cellsim
2.016564e+03,58161,7.07997645132271e-05,3.25591678140657e-02,6.41679186454174e+02,sinkhorn_cellsim
2.017257e+03,58181,7.07319512421211e-05,3.25591679296761e-02,6.41679189632525e+02,sinkhorn_cellsim
2.017951e+03,58201,7.06648992217807e-05,3.25591680457198e-02,6.41679192808955e+02,sinkhorn_cellsim
2.018644e+03,58221,7.05988960561791e-05,3.25591681626019e-02,6.41679195983501e+02,sinkhorn_cellsim
2.019337e+03,58241,7.05339440312737e-05,3.25591682806677e-02,6.41679199156194e+02,sinkhorn_cellsim
2.020031e+03,58261,7.04697750028111e-05,3.25591684001876e-02,6.41679202327051e+02,sinkhorn_cellsim
2.020724e+03,58281,7.04066637290707e-05,3.25591685213440e-02,6.41679205496081e+02,sinkhorn_cellsim
2.021418e+03,58301,7.03450078919850e-05,3.25591686442208e-02,6.41679208663285e+02,sinkhorn_cellsim
2.022111e+03,58321,7.02840764607839e-05,3.25591687687927e-02,6.41679211828653e+02,sinkhorn_cellsim
2.022805e+03,58341,7.02250494705550e-05,3.25591688949170e-02,6.41679214992172e+02,sinkhorn_cellsim
2.023498e+03,58361,7.01675128410955e-05,3.25591690223281e-02,6.41679218153820e+02,sinkhorn_cellsim
2.024192e+03,58381,7.01113953037751e-05,3.25591691506344e-02,6.41679221313570e+02,sinkhorn_cellsim
2.024885e+03,58401,7.00567231303595e-05,3.25591692793187e-02,6.41679224471390e+02,sinkhorn_cellsim
2.025578e+03,58421,7.00030106141058e-05,3.25591694077417e-02,6.41679227627246e+02,sinkhorn_cellsim
2.026272e+03,58441,6.99497151375139e-05,3.25591695351479e-02,6.41679230781098e+02,sinkhorn_cellsim
2.026965e+03,58461,6.98971740073377e-05,3.25591696606765e-02,6.41679233932906e+02,sinkhorn_cellsim
2.027659e+03,58481,6.98468737550488e-05,3.25591697833757e-02,6.41679237082626e+02,sinkhorn_cellsim
2.028352e+03,58501,6.97973975842620e-05,3.25591699022190e-02,6.41679240230213e+02,sinkhorn_cellsim
2.029046e+03,58521,6.97480605509492e-05,3.25591700161244e-02,6.41679243375618e+02,sinkhorn_cellsim
2.029739e+03,58541,6.96984615499380e-05,3.25591701239773e-02,6.41679246518794e+02,sinkhorn_cellsim
2.030432e+03,58561,6.96492456720584e-05,3.25591702246537e-02,6.41679249659689e+02,sinkhorn_cellsim
2.031126e+03,58581,6.96013882361233e-05,3.25591703170444e-02,6.41679252798250e+02,sinkhorn_cellsim
2.031819e+03,58601,6.95537988610801e-05,3.25591704000791e-02,6.41679255934423e+02,sinkhorn_cellsim
2.032513e+03,58621,6.95059846477949e-05,3.25591704727494e-02,6.41679259068151e+02,sinkhorn_cellsim
2.033206e+03,58641,6.94580683919168e-05,3.25591705341306e-02,6.41679262199375e+02,sinkhorn_cellsim
2.033900e+03,58661,6.94095431578485e-05,3.25591705833999e-02,6.41679265328034e+02,sinkhorn_cellsim
2.034593e+03,58681,6.93600751765939e-05,3.25591706198532e-02,6.41679268454063e+02,sinkhorn_cellsim
2.035287e+03,58701,6.93103232924220e-05,3.25591706429151e-02,6.41679271577396e+02,sinkhorn_cellsim
2.035980e+03,58721,6.92597089440124e-05,3.25591706521494e-02,6.41679274697965e+02,sinkhorn_cellsim
2.036673e+03,58741,6.92080290146370e-05,3.25591706472613e-02,6.41679277815698e+02,sinkhorn_cellsim
2.037367e+03,58761,6.91552119768411e-05,3.25591706280998e-02,6.41679280930524e+02,sinkhorn_cellsim
2.038060e+03,58781,6.91011567470352e-05,3.25591705946535e-02,6.41679284042369e+02,sinkhorn_cellsim
2.038754e+03,58801,6.90460681948008e-05,3.25591705470452e-02,6.41679287151160e+02,sinkhorn_cellsim
2.039447e+03,58821,6.89896352794803e-05,3.25591704855237e-02,6.41679290256822e+02,sinkhorn_cellsim
2.040141e+03,58841,6.89318499426952e-05,3.25591704104537e-02,6.41679293359285e+02,sinkhorn_cellsim
2.040834e+03,58861,6.88730410004848e-05,3.25591703223049e-02,6.41679296458479e+02,sinkhorn_cellsim
2.041527e+03,58881,6.88136164564143e-05,3.25591702216392e-02,6.41679299554339e+02,sinkhorn_cellsim
2.042221e+03,58901,6.87536613138090e-05,3.25591701090999e-02,6.41679302646801e+02,sinkhorn_cellsim
2.042914e+03,58921,6.86929772552485e-05,3.25591699853996e-02,6.41679305735812e+02,sinkhorn_cellsim
2.043608e+03,58941,6.86311859191286e-05,3.25591698513097e-02,6.41679308821321e+02,sinkhorn_cellsim
2.044301e+03,58961,6.85687461299151e-05,3.25591697076502e-02,6.41679311903285e+02,sinkhorn_cellsim
2.044995e+03,58981,6.85074863011254e-05,3.25591695552821e-02,6.41679314981669e+02,sinkhorn_cellsim
2.045688e+03,59001,6.84470731007516e-05,3.25591693950990e-02,6.41679318056449e+02,sinkhorn_cellsim
2.046382e+03,59021,6.83860903112288e-05,3.25591692280210e-02,6.41679321127605e+02,sinkhorn_cellsim
2.047075e+03,59041,6.83244396856255e-05,3.25591690549907e-02,6.41679324195130e+02,sinkhorn_cellsim
2.047768e+03,59061,6.82622565585501e-05,3.25591688769660e-02,6.41679327259022e+02,sinkhorn_cellsim
2.048462e+03,59081,6.81997581764811e-05,3.25591686949192e-02,6.41679330319292e+02,sinkhorn_cellsim
2.049155e+03,59101,6.81367943893388e-05,3.25591685098306e-02,6.41679333375954e+02,sinkhorn_cellsim
2.049849e+03,59121,6.80732869272801e-05,3.25591683226871e-02,6.41679336429034e+02,sinkhorn_cellsim
2.050542e+03,59141,6.80098271296880e-05,3.25591681344762e-02,6.41679339478562e+02,sinkhorn_cellsim
2.051236e+03,59161,6.79476229281870e-05,3.25591679461832e-02,6.41679342524576e+02,sinkhorn_cellsim
2.051929e+03,59181,6.78859943650259e-05,3.25591677587856e-02,6.41679345567118e+02,sinkhorn_cellsim
2.052623e+03,59201,6.78244014318573e-05,3.25591675732476e-02,6.41679348606234e+02,sinkhorn_cellsim
2.053316e+03,59221,6.77636567631419e-05,3.25591673905133e-02,6.41679351641974e+02,sinkhorn_cellsim
2.054009e+03,59241,6.77028082470267e-05,3.25591672114994e-02,6.41679354674390e+02,sinkhorn_cellsim
2.054703e+03,59261,6.76419117651642e-05,3.25591670370888e-02,6.41679357703535e+02,sinkhorn_cellsim
2.055396e+03,59281,6.75822293360576e-05,3.25591668681214e-02,6.41679360729462e+02,sinkhorn_cellsim
2.056090e+03,59301,6.75224965532739e-05,3.25591667053857e-02,6.41679363752223e+02,sinkhorn_cellsim
2.056783e+03,59321,6.74626298979511e-05,3.25591665496127e-02,6.41679366771870e+02,sinkhorn_cellsim
2.057477e+03,59341,6.74026771557530e-05,3.25591664014660e-02,6.41679369788449e+02,sinkhorn_cellsim
2.058170e+03,59361,6.73427046915747e-05,3.25591662615365e-02,6.41679372802006e+02,sinkhorn_cellsim
2.058863e+03,59381,6.72826105970037e-05,3.25591661303367e-02,6.41679375812580e+02,sinkhorn_cellsim
2.059557e+03,59401,6.72223801208445e-05,3.25591660082961e-02,6.41679378820207e+02,sinkhorn_cellsim
2.060250e+03,59421,6.71621646368873e-05,3.25591658957583e-02,6.41679381824917e+02,sinkhorn_cellsim
2.060944e+03,59441,6.71029170119818e-05,3.25591657929802e-02,6.41679384826733e+02,sinkhorn_cellsim
2.061637e+03,59461,6.70443477407915e-05,3.25591657001321e-02,6.41679387825673e+02,sinkhorn_cellsim
2.062331e+03,59481,6.69857439839228e-05,3.25591656172993e-02,6.41679390821750e+02,sinkhorn_cellsim
2.063024e+03,59501,6.69268733813864e-05,3.25591655444874e-02,6.41679393814969e+02,sinkhorn_cellsim
2.063718e+03,59521,6.68678837876371e-05,3.25591654816254e-02,6.41679396805330e+02,sinkhorn_cellsim
2.064411e+03,59541,6.68090630924081e-05,3.25591654285721e-02,6.41679399792825e+02,sinkhorn_cellsim
2.065105e+03,59561,6.67497515107866e-05,3.25591653851235e-02,6.41679402777444e+02,sinkhorn_cellsim
2.065798e+03,59581,6.66900680832154e-05,3.25591653510193e-02,6.41679405759170e+02,sinkhorn_cellsim
2.066491e+03,59601,6.66299095263889e-05,3.25591653259511e-02,6.41679408737981e+02,sinkhorn_cellsim
2.067185e+03,59621,6.65691875089608e-05,3.25591653095695e-02,6.41679411713853e+02,sinkhorn_cellsim
2.067878e+03,59641,6.65077244413629e-05,3.25591653014921e-02,6.41679414686758e+02,sinkhorn_cellsim
2.068572e+03,59661,6.64454656801221e-05,3.25591653013090e-02,6.41679417656667e+02,sinkhorn_cellsim
2.069265e+03,59681,6.63823611867153e-05,3.25591653085899e-02,6.41679420623548e+02,sinkhorn_cellsim
2.069959e+03,59701,6.63183664461049e-05,3.25591653228891e-02,6.41679423587369e+02,sinkhorn_cellsim
2.070652e+03,59721,6.62534434063489e-05,3.25591653437494e-02,6.41679426548098e+02,sinkhorn_cellsim
2.071345e+03,59741,6.61875614142299e-05,3.25591653707059e-02,6.41679429505706e+02,sinkhorn_cellsim
2.072039e+03,59761,6.61206981436554e-05,3.25591654032888e-02,6.41679432460163e+02,sinkhorn_cellsim
2.072732e+03,59781,6.60528542860052e-05,3.25591654410244e-02,6.41679435411444e+02,sinkhorn_cellsim
2.073426e+03,59801,6.59841838804264e-05,3.25591654834354e-02,6.41679438359526e+02,sinkhorn_cellsim
2.074119e+03,59821,6.59148250385947e-05,3.25591655300421e-02,6.41679441304391e+02,sinkhorn_cellsim
2.074813e+03,59841,6.58444557769597e-05,3.25591655803615e-02,6.41679444246024e+02,sinkhorn_cellsim
2.075506e+03,59861,6.57731091337375e-05,3.25591656339067e-02,6.41679447184417e+02,sinkhorn_cellsim
2.076200e+03,59881,6.57008301146238e-05,3.25591656901869e-02,6.41679450119568e+02,sinkhorn_cellsim
2.076893e+03,59901,6.56276757413091e-05,3.25591657487059e-02,6.41679453051480e+02,sinkhorn_cellsim
2.077586e+03,59921,6.55537148543618e-05,3.25591658089621e-02,6.41679455980162e+02,sinkhorn_cellsim
2.078280e+03,59941,6.54790276486273e-05,3.25591658704499e-02,6.41679458905632e+02,sinkhorn_cellsim
2.078973e+03,59961,6.54037048813630e-05,3.25591659326593e-02,6.41679461827913e+02,sinkhorn_cellsim
2.079667e+03,59981,6.53278467987751e-05,3.25591659950781e-02,6.41679464747034e+02,sinkhorn_cellsim
2.080360e+03,60001,6.52516578925095e-05,3.25591660571938e-02,6.41679467663033e+02,sinkhorn_cellsim
2.081054e+03,60021,6.51752388598152e-05,3.25591661184982e-02,6.41679470575952e+02,sinkhorn_cellsim
2.081747e+03,60041,6.50988038127186e-05,3.25591661784891e-02,6.41679473485838e+02,sinkhorn_cellsim
2.082441e+03,60061,6.50224791648458e-05,3.25591662366756e-02,6.41679476392745e+02,sinkhorn_cellsim
2.083134e+03,60081,6.49464854588883e-05,3.25591662925825e-02,6.41679479296727e+02,sinkhorn_cellsim
2.083827e+03,60101,6.48713959177080e-05,3.25591663457551e-02,6.41679482197844e+02,sinkhorn_cellsim
2.084521e+03,60121,6.47965235957640e-05,3.25591663957625e-02,6.41679485096154e+02,sinkhorn_cellsim
2.085214e+03,60141,6.47219340237119e-05,3.25591664422036e-02,6.41679487991718e+02,sinkhorn_cellsim
2.085908e+03,60161,6.46477171665757e-05,3.25591664847091e-02,6.41679490884594e+02,sinkhorn_cellsim
2.086601e+03,60181,6.45739529115197e-05,3.25591665229452e-02,6.41679493774836e+02,sinkhorn_cellsim
2.087295e+03,60201,6.45007092195524e-05,3.25591665566152e-02,6.41679496662495e+02,sinkhorn_cellsim
2.087988e+03,60221,6.44280645291995e-05,3.25591665854607e-02,6.41679499547618e+02,sinkhorn_cellsim
2.088682e+03,60241,6.43565941464196e-05,3.25591666092630e-02,6.41679502430243e+02,sinkhorn_cellsim
2.089375e+03,60261,6.42860998098433e-05,3.25591666278412e-02,6.41679505310400e+02,sinkhorn_cellsim
2.090068e+03,60281,6.42164419335448e-05,3.25591666410521e-02,6.41679508188114e+02,sinkhorn_cellsim
2.090762e+03,60301,6.41487373761144e-05,3.25591666487879e-02,6.41679511063398e+02,sinkhorn_cellsim
2.091455e+03,60321,6.40819598357216e-05,3.25591666509744e-02,6.41679513936256e+02,sinkhorn_cellsim
2.092149e+03,60341,6.40160371601591e-05,3.25591666475689e-02,6.41679516806684e+02,sinkhorn_cellsim
2.092842e+03,60361,6.39508339791093e-05,3.25591666385583e-02,6.41679519674667e+02,sinkhorn_cellsim
2.093536e+03,60381,6.38863813638112e-05,3.25591666239564e-02,6.41679522540182e+02,sinkhorn_cellsim
2.094229e+03,60401,6.38223629011158e-05,3.25591666038033e-02,6.41679525403197e+02,sinkhorn_cellsim
2.094923e+03,60421,6.37589761542229e-05,3.25591665781640e-02,6.41679528263671e+02,sinkhorn_cellsim
2.095616e+03,60441,6.36960357304802e-05,3.25591665471269e-02,6.41679531121558e+02,sinkhorn_cellsim
2.096309e+03,60461,6.36335200695517e-05,3.25591665108050e-02,6.41679533976805e+02,sinkhorn_cellsim
2.097003e+03,60481,6.35712068257732e-05,3.25591664693363e-02,6.41679536829354e+02,sinkhorn_cellsim
2.097696e+03,60501,6.35100536180768e-05,3.25591664228845e-02,6.41679539679143e+02,sinkhorn_cellsim
2.098390e+03,60521,6.34497696832965e-05,3.25591663716410e-02,6.41679542526109e+02,sinkhorn_cellsim
2.099083e+03,60541,6.33895364327050e-05,3.25591663158272e-02,6.41679545370188e+02,sinkhorn_cellsim
2.099777e+03,60561,6.33295502847253e-05,3.25591662556952e-02,6.41679548211316e+02,sinkhorn_cellsim
2.100470e+03,60581,6.32694838528227e-05,3.25591661915316e-02,6.41679551049432e+02,sinkhorn_cellsim
2.101164e+03,60601,6.32103261402487e-05,3.25591661236586e-02,6.41679553884478e+02,sinkhorn_cellsim
2.101857e+03,60621,6.31520289130379e-05,3.25591660524352e-02,6.41679556716400e+02,sinkhorn_cellsim
2.102550e+03,60641,6.30933013510141e-05,3.25591659782593e-02,6.41679559545152e+02,sinkhorn_cellsim
2.103244e+03,60661,6.30339200435974e-05,3.25591659015663e-02,6.41679562370693e+02,sinkhorn_cellsim
2.103937e+03,60681,6.29744524188975e-05,3.25591658228303e-02,6.41679565192992e+02,sinkhorn_cellsim
2.104631e+03,60701,6.29172145096709e-05,3.25591657425610e-02,6.41679568012025e+02,sinkhorn_cellsim
2.105324e+03,60721,6.28594409356078e-05,3.25591656613024e-02,6.41679570827778e+02,sinkhorn_cellsim
2.106018e+03,60741,6.28012121692605e-05,3.25591655796277e-02,6.41679573640249e+02,sinkhorn_cellsim
2.106711e+03,60761,6.27422601841400e-05,3.25591654981357e-02,6.41679576449443e+02,sinkhorn_cellsim
2.107405e+03,60781,6.26827814542529e-05,3.25591654174433e-02,6.41679579255377e+02,sinkhorn_cellsim
2.108098e+03,60801,6.26239099082759e-05,3.25591653381807e-02,6.41679582058077e+02,sinkhorn_cellsim
2.108791e+03,60821,6.25645470914125e-05,3.25591652609829e-02,6.41679584857580e+02,sinkhorn_cellsim
2.109485e+03,60841,6.25046612339418e-05,3.25591651864812e-02,6.41679587653930e+02,sinkhorn_cellsim
2.110178e+03,60861,6.24443793494484e-05,3.25591651152961e-02,6.41679590447182e+02,sinkhorn_cellsim
2.110872e+03,60881,6.23848569892440e-05,3.25591650480272e-02,6.41679593237398e+02,sinkhorn_cellsim
2.111565e+03,60901,6.23250807402956e-05,3.25591649852464e-02,6.41679596024645e+02,sinkhorn_cellsim
2.112259e+03,60921,6.22649245912828e-05,3.25591649274894e-02,6.41679598809000e+02,sinkhorn_cellsim
2.112952e+03,60941,6.22046117130050e-05,3.25591648752477e-02,6.41679601590542e+02,sinkhorn_cellsim
2.113645e+03,60961,6.21439796575528e-05,3.25591648289632e-02,6.41679604369356e+02,sinkhorn_cellsim
2.114339e+03,60981,6.20833936550219e-05,3.25591647890208e-02,6.41679607145530e+02,sinkhorn_cellsim
2.115032e+03,61001,6.20227879414233e-05,3.25591647557463e-02,6.41679609919155e+02,sinkhorn_cellsim
2.115726e+03,61021,6.19620868547658e-05,3.25591647294003e-02,6.41679612690323e+02,sinkhorn_cellsim
2.116419e+03,61041,6.19015035268599e-05,3.25591647101778e-02,6.41679615459130e+02,sinkhorn_cellsim
2.117113e+03,61061,6.18418056520753e-05,3.25591646982053e-02,6.41679618225670e+02,sinkhorn_cellsim
2.117806e+03,61081,6.17826442909912e-05,3.25591646935424e-02,6.41679620990039e+02,sinkhorn_cellsim
2.118500e+03,61101,6.17238097015804e-05,3.25591646961818e-02,6.41679623752333e+02,sinkhorn_cellsim
2.119193e+03,61121,6.16655745894426e-05,3.25591647060515e-02,6.41679626512648e+02,sinkhorn_cellsim
2.119886e+03,61141,6.16088173022346e-05,3.25591647230187e-02,6.41679629271079e+02,sinkhorn_cellsim
2.120580e+03,61161,6.15535379773543e-05,3.25591647468922e-02,6.41679632027721e+02,sinkhorn_cellsim
2.121273e+03,61181,6.14994413211170e-05,3.25591647774281e-02,6.41679634782668e+02,sinkhorn_cellsim
2.121967e+03,61201,6.14462495980991e-05,3.25591648143348e-02,6.41679637536012e+02,sinkhorn_cellsim
2.122660e+03,61221,6.13940198075511e-05,3.25591648572788e-02,6.41679640287846e+02,sinkhorn_cellsim
2.123354e+03,61241,6.13428168449574e-05,3.25591649058901e-02,6.41679643038260e+02,sinkhorn_cellsim
2.124047e+03,61261,6.12928168155190e-05,3.25591649597698e-02,6.41679645787342e+02,sinkhorn_cellsim
2.124741e+03,61281,6.12444650470589e-05,3.25591650184958e-02,6.41679648535181e+02,sinkhorn_cellsim
2.125434e+03,61301,6.11977597527321e-05,3.25591650816287e-02,6.41679651281860e+02,sinkhorn_cellsim
2.126128e+03,61321,6.11522334653599e-05,3.25591651487199e-02,6.41679654027462e+02,sinkhorn_cellsim
2.126821e+03,61341,6.11085066444118e-05,3.25591652193159e-02,6.41679656772067e+02,sinkhorn_cellsim
2.127514e+03,61361,6.10667768732092e-05,3.25591652929646e-02,6.41679659515751e+02,sinkhorn_cellsim
2.128208e+03,61381,6.10277017465815e-05,3.25591653692213e-02,6.41679662258588e+02,sinkhorn_cellsim
2.128901e+03,61401,6.09900030040855e-05,3.25591654476523e-02,6.41679665000645e+02,sinkhorn_cellsim
2.129595e+03,61421,6.09545262273833e-05,3.25591655278406e-02,6.41679667741990e+02,sinkhorn_cellsim
2.130288e+03,61441,6.09201079235739e-05,3.25591656093868e-02,6.41679670482683e+02,sinkhorn_cellsim
2.130982e+03,61461,6.08866713315607e-05,3.25591656919156e-02,6.41679673222782e+02,sinkhorn_cellsim
2.131675e+03,61481,6.08543488670899e-05,3.25591657750756e-02,6.41679675962338e+02,sinkhorn_cellsim
2.132369e+03,61501,6.08230102220270e-05,3.25591658585411e-02,6.41679678701400e+02,sinkhorn_cellsim
2.133062e+03,61521,6.07926191539888e-05,3.25591659420150e-02,6.41679681440011e+02,sinkhorn_cellsim
2.133755e+03,61541,6.07632868347366e-05,3.25591660252275e-02,6.41679684178212e+02,sinkhorn_cellsim
2.134449e+03,61561,6.07352170179888e-05,3.25591661079367e-02,6.41679686916037e+02,sinkhorn_cellsim
2.135142e+03,61581,6.07087242852638e-05,3.25591661899290e-02,6.41679689653517e+02,sinkhorn_cellsim
2.135836e+03,61601,6.06832834641218e-05,3.25591662710174e-02,6.41679692390679e+02,sinkhorn_cellsim
2.136529e+03,61621,6.06586284591912e-05,3.25591663510410e-02,6.41679695127546e+02,sinkhorn_cellsim
2.137223e+03,61641,6.06347354312905e-05,3.25591664298637e-02,6.41679697864138e+02,sinkhorn_cellsim
2.137916e+03,61661,6.06115786400703e-05,3.25591665073728e-02,6.41679700600470e+02,sinkhorn_cellsim
2.138610e+03,61681,6.05891558380151e-05,3.25591665834778e-02,6.41679703336555e+02,sinkhorn_cellsim
2.139303e+03,61701,6.05676839654326e-05,3.25591666581069e-02,6.41679706072404e+02,sinkhorn_cellsim
2.139996e+03,61721,6.05469225520499e-05,3.25591667312092e-02,6.41679708808022e+02,sinkhorn_cellsim
2.140690e+03,61741,6.05267359834133e-05,3.25591668027480e-02,6.41679711543415e+02,sinkhorn_cellsim
2.141383e+03,61761,6.05070913315385e-05,3.25591668727035e-02,6.41679714278582e+02,sinkhorn_cellsim
2.142077e+03,61781,6.04879546966221e-05,3.25591669410698e-02,6.41679717013524e+02,sinkhorn_cellsim
2.142770e+03,61801,6.04692912677691e-05,3.25591670078517e-02,6.41679719748237e+02,sinkhorn_cellsim
2.143464e+03,61821,6.04510654040206e-05,3.25591670730660e-02,6.41679722482715e+02,sinkhorn_cellsim
2.144157e+03,61841,6.04332686087001e-05,3.25591671367384e-02,6.41679725216951e+02,sinkhorn_cellsim
2.144851e+03,61861,6.04159893276898e-05,3.25591671989029e-02,6.41679727950933e+02,sinkhorn_cellsim
2.145544e+03,61881,6.03990466018423e-05,3.25591672596014e-02,6.41679730684651e+02,sinkhorn_cellsim
2.146238e+03,61901,6.03826560363732e-05,3.25591673188811e-02,6.41679733418091e+02,sinkhorn_cellsim
2.146931e+03,61921,6.03666367599420e-05,3.25591673767956e-02,6.41679736151235e+02,sinkhorn_cellsim
2.147624e+03,61941,6.03513547930681e-05,3.25591674334018e-02,6.41679738884067e+02,sinkhorn_cellsim
2.148318e+03,61961,6.03364667970612e-05,3.25591674887618e-02,6.41679741616566e+02,sinkhorn_cellsim
2.149011e+03,61981,6.03217548208216e-05,3.25591675429408e-02,6.41679744348711e+02,sinkhorn_cellsim
2.149705e+03,62001,6.03073330231565e-05,3.25591675960066e-02,6.41679747080478e+02,sinkhorn_cellsim
2.150398e+03,62021,6.02939105535229e-05,3.25591676480299e-02,6.41679749811840e+02,sinkhorn_cellsim
2.151092e+03,62041,6.02815362108337e-05,3.25591676990836e-02,6.41679752542772e+02,sinkhorn_cellsim
2.151785e+03,62061,6.02697246014594e-05,3.25591677492421e-02,6.41679755273243e+02,sinkhorn_cellsim
2.152478e+03,62081,6.02577660422250e-05,3.25591677985820e-02,6.41679758003223e+02,sinkhorn_cellsim
2.153172e+03,62101,6.02456972103145e-05,3.25591678471818e-02,6.41679760732679e+02,sinkhorn_cellsim
2.153865e+03,62121,6.02338219609584e-05,3.25591678951218e-02,6.41679763461577e+02,sinkhorn_cellsim
2.154559e+03,62141,6.02216820068933e-05,3.25591679424830e-02,6.41679766189883e+02,sinkhorn_cellsim
2.155252e+03,62161,6.02100867134887e-05,3.25591679893496e-02,6.41679768917559e+02,sinkhorn_cellsim
2.155946e+03,62181,6.01984581824294e-05,3.25591680358065e-02,6.41679771644569e+02,sinkhorn_cellsim
2.156639e+03,62201,6.01868536978198e-05,3.25591680819407e-02,6.41679774370875e+02,sinkhorn_cellsim
2.157333e+03,62221,6.01750770010954e-05,3.25591681278428e-02,6.41679777096437e+02,sinkhorn_cellsim
2.158026e+03,62241,6.01633596903686e-05,3.25591681736044e-02,6.41679779821219e+02,sinkhorn_cellsim
2.158720e+03,62261,6.01510878651309e-05,3.25591682193207e-02,6.41679782545181e+02,sinkhorn_cellsim
2.159413e+03,62281,6.01382335245793e-05,3.25591682650904e-02,6.41679785268288e+02,sinkhorn_cellsim
2.160106e+03,62301,6.01256692462489e-05,3.25591683110157e-02,6.41679787990502e+02,sinkhorn_cellsim
2.160800e+03,62321,6.01145539570968e-05,3.25591683572031e-02,6.41679790711790e+02,sinkhorn_cellsim
2.161493e+03,62341,6.01031033750931e-05,3.25591684037636e-02,6.41679793432121e+02,sinkhorn_cellsim
2.162187e+03,62361,6.00912677662711e-05,3.25591684508138e-02,6.41679796151464e+02,sinkhorn_cellsim
2.162880e+03,62381,6.00788822409870e-05,3.25591684984759e-02,6.41679798869794e+02,sinkhorn_cellsim
2.163574e+03,62401,6.00659399945859e-05,3.25591685468781e-02,6.41679801587088e+02,sinkhorn_cellsim
2.164267e+03,62421,6.00524389579362e-05,3.25591685961555e-02,6.41679804303329e+02,sinkhorn_cellsim
2.164961e+03,62441,6.00383821013961e-05,3.25591686464509e-02,6.41679807018502e+02,sinkhorn_cellsim
2.165654e+03,62461,6.00237776498405e-05,3.25591686979136e-02,6.41679809732599e+02,sinkhorn_cellsim
2.166347e+03,62481,6.00086392419178e-05,3.25591687507014e-02,6.41679812445615e+02,sinkhorn_cellsim
2.167041e+03,62501,5.99929859506311e-05,3.25591688049790e-02,6.41679815157551e+02,sinkhorn_cellsim
2.167734e+03,62521,5.99768422218267e-05,3.25591688609191e-02,6.41679817868414e+02,sinkhorn_cellsim
2.168428e+03,62541,5.99602667040745e-05,3.25591689187014e-02,6.41679820578214e+02,sinkhorn_cellsim
2.169121e+03,62561,5.99433913376906e-05,3.25591689785123e-02,6.41679823286966e+02,sinkhorn_cellsim
2.169815e+03,62581,5.99261224781319e-05,3.25591690405437e-02,6.41679825994692e+02,sinkhorn_cellsim
2.170508e+03,62601,5.99086435521230e-05,3.25591691049924e-02,6.41679828701413e+02,sinkhorn_cellsim
2.171202e+03,62621,5.98909581762060e-05,3.25591691720586e-02,6.41679831407159e+02,sinkhorn_cellsim
2.171895e+03,62641,5.98731384799527e-05,3.25591692419439e-02,6.41679834111957e+02,sinkhorn_cellsim
2.172588e+03,62661,5.98551471190956e-05,3.25591693148504e-02,6.41679836815842e+02,sinkhorn_cellsim
2.173282e+03,62681,5.98369606017945e-05,3.25591693909785e-02,6.41679839518845e+02,sinkhorn_cellsim
2.173975e+03,62701,5.98186297654802e-05,3.25591694705251e-02,6.41679842221003e+02,sinkhorn_cellsim
2.174669e+03,62721,5.98002047837521e-05,3.25591695536817e-02,6.41679844922348e+02,sinkhorn_cellsim
2.175362e+03,62741,5.97817343604618e-05,3.25591696406321e-02,6.41679847622915e+02,sinkhorn_cellsim
2.176056e+03,62761,5.97632649681375e-05,3.25591697315500e-02,6.41679850322738e+02,sinkhorn_cellsim
2.176749e+03,62781,5.97448401839723e-05,3.25591698265993e-02,6.41679853021847e+02,sinkhorn_cellsim
2.177443e+03,62801,5.97265000579806e-05,3.25591699259296e-02,6.41679855720273e+02,sinkhorn_cellsim
2.178136e+03,62821,5.97082806207368e-05,3.25591700296763e-02,6.41679858418044e+02,sinkhorn_cellsim
2.178829e+03,62841,5.96902134756780e-05,3.25591701379588e-02,6.41679861115183e+02,sinkhorn_cellsim
2.179523e+03,62861,5.96723254983924e-05,3.25591702508789e-02,6.41679863811715e+02,sinkhorn_cellsim
2.180216e+03,62881,5.96546386414148e-05,3.25591703685194e-02,6.41679866507657e+02,sinkhorn_cellsim
2.180910e+03,62901,5.96371698513464e-05,3.25591704909443e-02,6.41679869203027e+02,sinkhorn_cellsim
2.181603e+03,62921,5.96199310499476e-05,3.25591706181957e-02,6.41679871897839e+02,sinkhorn_cellsim
2.182297e+03,62941,5.96029292391695e-05,3.25591707502949e-02,6.41679874592103e+02,sinkhorn_cellsim
2.182990e+03,62961,5.95861666467358e-05,3.25591708872413e-02,6.41679877285828e+02,sinkhorn_cellsim
2.183684e+03,62981,5.95696409363611e-05,3.25591710290100e-02,6.41679879979018e+02,sinkhorn_cellsim
2.184377e+03,63001,5.95534782402380e-05,3.25591711755548e-02,6.41679882671677e+02,sinkhorn_cellsim
2.185070e+03,63021,5.95376274096385e-05,3.25591713268040e-02,6.41679885363806e+02,sinkhorn_cellsim
2.185764e+03,63041,5.95219891594639e-05,3.25591714826629e-02,6.41679888055402e+02,sinkhorn_cellsim
2.186457e+03,63061,5.95065440924216e-05,3.25591716430125e-02,6.41679890746462e+02,sinkhorn_cellsim
2.187151e+03,63081,5.94912699376233e-05,3.25591718077097e-02,6.41679893436979e+02,sinkhorn_cellsim
2.187844e+03,63101,5.94761418975177e-05,3.25591719765875e-02,6.41679896126947e+02,sinkhorn_cellsim
2.188538e+03,63121,5.94611329746308e-05,3.25591721494555e-02,6.41679898816356e+02,sinkhorn_cellsim
2.189231e+03,63141,5.94462142910782e-05,3.25591723261006e-02,6.41679901505195e+02,sinkhorn_cellsim
2.189925e+03,63161,5.94313553827044e-05,3.25591725062887e-02,6.41679904193451e+02,sinkhorn_cellsim
2.190618e+03,63181,5.94165244526521e-05,3.25591726897639e-02,6.41679906881110e+02,sinkhorn_cellsim
2.191311e+03,63201,5.94016886275439e-05,3.25591728762522e-02,6.41679909568158e+02,sinkhorn_cellsim
2.192005e+03,63221,5.93868141634181e-05,3.25591730654613e-02,6.41679912254577e+02,sinkhorn_cellsim
2.192698e+03,63241,5.93718666456626e-05,3.25591732570840e-02,6.41679914940350e+02,sinkhorn_cellsim
2.193392e+03,63261,5.93568111453433e-05,3.25591734507993e-02,6.41679917625457e+02,sinkhorn_cellsim
2.194085e+03,63281,5.93420871996611e-05,3.25591736462756e-02,6.41679920309879e+02,sinkhorn_cellsim
2.194779e+03,63301,5.93284821834892e-05,3.25591738431720e-02,6.41679922993592e+02,sinkhorn_cellsim
2.195472e+03,63321,5.93146550852192e-05,3.25591740411419e-02,6.41679925676574e+02,sinkhorn_cellsim
2.196166e+03,63341,5.93005068577690e-05,3.25591742398347e-02,6.41679928358801e+02,sinkhorn_cellsim
2.196859e+03,63361,5.92860024603792e-05,3.25591744388989e-02,6.41679931040247e+02,sinkhorn_cellsim
2.197552e+03,63381,5.92711074665201e-05,3.25591746379839e-02,6.41679933720885e+02,sinkhorn_cellsim
2.198246e+03,63401,5.92557881185324e-05,3.25591748367431e-02,6.41679936400686e+02,sinkhorn_cellsim
2.198939e+03,63421,5.92400113795780e-05,3.25591750348346e-02,6.41679939079622e+02,sinkhorn_cellsim
2.199633e+03,63441,5.92237450386549e-05,3.25591752319247e-02,6.41679941757659e+02,sinkhorn_cellsim
2.200326e+03,63461,5.92069578146400e-05,3.25591754276871e-02,6.41679944434768e+02,sinkhorn_cellsim
2.201020e+03,63481,5.91896195196777e-05,3.25591756218061e-02,6.41679947110913e+02,sinkhorn_cellsim
2.201713e+03,63501,5.91717012415123e-05,3.25591758139756e-02,6.41679949786061e+02,sinkhorn_cellsim
2.202407e+03,63521,5.91532240088571e-05,3.25591760039010e-02,6.41679952460176e+02,sinkhorn_cellsim
2.203100e+03,63541,5.91342384858085e-05,3.25591761912974e-02,6.41679955133222e+02,sinkhorn_cellsim
2.203793e+03,63561,5.91145859277112e-05,3.25591763758911e-02,6.41679957805163e+02,sinkhorn_cellsim
2.204487e+03,63581,5.90942446786608e-05,3.25591765574172e-02,6.41679960475961e+02,sinkhorn_cellsim
2.205180e+03,63601,5.90732567853433e-05,3.25591767356199e-02,6.41679963145580e+02,sinkhorn_cellsim
2.205874e+03,63621,5.90523066459314e-05,3.25591769102498e-02,6.41679965813983e+02,sinkhorn_cellsim
2.206567e+03,63641,5.90308074991502e-05,3.25591770810642e-02,6.41679968481135e+02,sinkhorn_cellsim
2.207261e+03,63661,5.90086162946312e-05,3.25591772478251e-02,6.41679971147002e+02,sinkhorn_cellsim
2.207954e+03,63681,5.89865117488733e-05,3.25591774102965e-02,6.41679973811549e+02,sinkhorn_cellsim
2.208648e+03,63701,5.89637876819499e-05,3.25591775682447e-02,6.41679976474747e+02,sinkhorn_cellsim
2.209341e+03,63721,5.89403556836000e-05,3.25591777214351e-02,6.41679979136565e+02,sinkhorn_cellsim
2.210035e+03,63741,5.89163146265963e-05,3.25591778696340e-02,6.41679981796978e+02,sinkhorn_cellsim
2.210728e+03,63761,5.88937542529692e-05,3.25591780126043e-02,6.41679984455963e+02,sinkhorn_cellsim
2.211422e+03,63781,5.88713497067014e-05,3.25591781501074e-02,6.41679987113497e+02,sinkhorn_cellsim
2.212115e+03,63801,5.88488948382888e-05,3.25591782819023e-02,6.41679989769565e+02,sinkhorn_cellsim
2.212808e+03,63821,5.88266066360275e-05,3.25591784077454e-02,6.41679992424152e+02,sinkhorn_cellsim
2.213502e+03,63841,5.88046479748076e-05,3.25591785273915e-02,6.41679995077247e+02,sinkhorn_cellsim
2.214195e+03,63861,5.87820719676940e-05,3.25591786405950e-02,6.41679997728841e+02,sinkhorn_cellsim
2.214889e+03,63881,5.87591298773878e-05,3.25591787471104e-02,6.41680000378930e+02,sinkhorn_cellsim
2.215582e+03,63901,5.87356082598085e-05,3.25591788466944e-02,6.41680003027509e+02,sinkhorn_cellsim
2.216276e+03,63921,5.87114238872144e-05,3.25591789391069e-02,6.41680005674577e+02,sinkhorn_cellsim
2.216969e+03,63941,5.86868010375390e-05,3.25591790241135e-02,6.41680008320133e+02,sinkhorn_cellsim
2.217663e+03,63961,5.86616445572451e-05,3.25591791014869e-02,6.41680010964178e+02,sinkhorn_cellsim
2.218356e+03,63981,5.86358058956720e-05,3.25591791710096e-02,6.41680013606710e+02,sinkhorn_cellsim
2.219050e+03,64001,5.86092689515415e-05,3.25591792324749e-02,6.41680016247730e+02,sinkhorn_cellsim
2.219743e+03,64021,5.85820229993126e-05,3.25591792856900e-02,6.41680018887234e+02,sinkhorn_cellsim
2.220436e+03,64041,5.85540559492720e-05,3.25591793304772e-02,6.41680021525218e+02,sinkhorn_cellsim
2.221130e+03,64061,5.85253542345712e-05,3.25591793666763e-02,6.41680024161674e+02,sinkhorn_cellsim
2.221823e+03,64081,5.84959027676372e-05,3.25591793941475e-02,6.41680026796591e+02,sinkhorn_cellsim
2.222517e+03,64101,5.84672259381176e-05,3.25591794127725e-02,6.41680029429955e+02,sinkhorn_cellsim
2.223210e+03,64121,5.84383571061257e-05,3.25591794224588e-02,6.41680032061748e+02,sinkhorn_cellsim
2.223904e+03,64141,5.84088553853783e-05,3.25591794231420e-02,6.41680034691947e+02,sinkhorn_cellsim
2.224609e+03,64161,5.83786672575354e-05,3.25591794147891e-02,6.41680037320527e+02,sinkhorn_cellsim
2.225303e+03,64181,5.83478654239029e-05,3.25591793974036e-02,6.41680039947458e+02,sinkhorn_cellsim
2.225996e+03,64201,5.83163166067198e-05,3.25591793710289e-02,6.41680042572706e+02,sinkhorn_cellsim
2.226689e+03,64221,5.82839998059087e-05,3.25591793357554e-02,6.41680045196237e+02,sinkhorn_cellsim
2.227383e+03,64241,5.82508946126883e-05,3.25591792917230e-02,6.41680047818012e+02,sinkhorn_cellsim
2.228076e+03,64261,5.82169820544343e-05,3.25591792391296e-02,6.41680050437992e+02,sinkhorn_cellsim
2.228770e+03,64281,5.81822955312714e-05,3.25591791782365e-02,6.41680053056137e+02,sinkhorn_cellsim
2.229463e+03,64301,5.81474342492169e-05,3.25591791093740e-02,6.41680055672408e+02,sinkhorn_cellsim
2.230157e+03,64321,5.81117485226037e-05,3.25591790329460e-02,6.41680058286767e+02,sinkhorn_cellsim
2.230850e+03,64341,5.80752318534779e-05,3.25591789494369e-02,6.41680060899179e+02,sinkhorn_cellsim
2.231544e+03,64361,5.80381148521978e-05,3.25591788594133e-02,6.41680063509613e+02,sinkhorn_cellsim
2.232237e+03,64381,5.80015656940716e-05,3.25591787635277e-02,6.41680066118041e+02,sinkhorn_cellsim
2.232930e+03,64401,5.79642527659751e-05,3.25591786625176e-02,6.41680068724443e+02,sinkhorn_cellsim
2.233624e+03,64421,5.79263877394966e-05,3.25591785572045e-02,6.41680071328806e+02,sinkhorn_cellsim
2.234317e+03,64441,5.78884771285680e-05,3.25591784484895e-02,6.41680073931122e+02,sinkhorn_cellsim
2.235011e+03,64461,5.78498465912156e-05,3.25591783373464e-02,6.41680076531393e+02,sinkhorn_cellsim
2.235704e+03,64481,5.78105295657721e-05,3.25591782248111e-02,6.41680079129631e+02,sinkhorn_cellsim
2.236398e+03,64501,5.77705689082502e-05,3.25591781119703e-02,6.41680081725854e+02,sinkhorn_cellsim
2.237091e+03,64521,5.77300169399431e-05,3.25591779999463e-02,6.41680084320091e+02,sinkhorn_cellsim
2.237785e+03,64541,5.76893746680926e-05,3.25591778898799e-02,6.41680086912380e+02,sinkhorn_cellsim
2.238478e+03,64561,5.76484253957305e-05,3.25591777829116e-02,6.41680089502767e+02,sinkhorn_cellsim
2.239171e+03,64581,5.76070755295717e-05,3.25591776801617e-02,6.41680092091307e+02,sinkhorn_cellsim
2.239865e+03,64601,5.75654064140193e-05,3.25591775827118e-02,6.41680094678061e+02,sinkhorn_cellsim
2.240558e+03,64621,5.75237228512166e-05,3.25591774915830e-02,6.41680097263096e+02,sinkhorn_cellsim
2.241252e+03,64641,5.74825258250207e-05,3.25591774077191e-02,6.41680099846486e+02,sinkhorn_cellsim
2.241945e+03,64661,5.74415480853330e-05,3.25591773319687e-02,6.41680102428308e+02,sinkhorn_cellsim
2.242639e+03,64681,5.74005771694719e-05,3.25591772650722e-02,6.41680105008642e+02,sinkhorn_cellsim
2.243332e+03,64701,5.73596854054634e-05,3.25591772076511e-02,6.41680107587569e+02,sinkhorn_cellsim
2.244026e+03,64721,5.73189641323951e-05,3.25591771601977e-02,6.41680110165173e+02,sinkhorn_cellsim
2.244719e+03,64741,5.72787386577761e-05,3.25591771230736e-02,6.41680112741535e+02,sinkhorn_cellsim
2.245412e+03,64761,5.72388693668240e-05,3.25591770965073e-02,6.41680115316735e+02,sinkhorn_cellsim
2.246106e+03,64781,5.71994123391013e-05,3.25591770805970e-02,6.41680117890851e+02,sinkhorn_cellsim
2.246799e+03,64801,5.71605664272637e-05,3.25591770753164e-02,6.41680120463957e+02,sinkhorn_cellsim
2.247493e+03,64821,5.71224533998600e-05,3.25591770805221e-02,6.41680123036124e+02,sinkhorn_cellsim
2.248186e+03,64841,5.70850418533082e-05,3.25591770959657e-02,6.41680125607417e+02,sinkhorn_cellsim
2.248880e+03,64861,5.70487083315001e-05,3.25591771213036e-02,6.41680128177897e+02,sinkhorn_cellsim
2.249573e+03,64881,5.70129909373984e-05,3.25591771561114e-02,6.41680130747619e+02,sinkhorn_cellsim
2.250266e+03,64901,5.69779050397688e-05,3.25591771998974e-02,6.41680133316633e+02,sinkhorn_cellsim
2.250960e+03,64921,5.69434800024210e-05,3.25591772521154e-02,6.41680135884982e+02,sinkhorn_cellsim
2.251653e+03,64941,5.69098028315081e-05,3.25591773121809e-02,6.41680138452705e+02,sinkhorn_cellsim
2.252347e+03,64961,5.68770807687210e-05,3.25591773794802e-02,6.41680141019833e+02,sinkhorn_cellsim
2.253040e+03,64981,5.68450966642149e-05,3.25591774533848e-02,6.41680143586394e+02,sinkhorn_cellsim
2.253734e+03,65001,5.68139540754202e-05,3.25591775332624e-02,6.41680146152407e+02,sinkhorn_cellsim
2.254427e+03,65021,5.67836064235870e-05,3.25591776184852e-02,6.41680148717888e+02,sinkhorn_cellsim
2.255121e+03,65041,5.67546417817445e-05,3.25591777084381e-02,6.41680151282846e+02,sinkhorn_cellsim
2.255814e+03,65061,5.67267628917214e-05,3.25591778025277e-02,6.41680153847285e+02,sinkhorn_cellsim
2.256507e+03,65081,5.66995800373647e-05,3.25591779001862e-02,6.41680156411204e+02,sinkhorn_cellsim
2.257201e+03,65101,5.66732557178578e-05,3.25591780008760e-02,6.41680158974597e+02,sinkhorn_cellsim
2.257894e+03,65121,5.66480522926250e-05,3.25591781040941e-02,6.41680161537452e+02,sinkhorn_cellsim
2.258588e+03,65141,5.66237396276536e-05,3.25591782093745e-02,6.41680164099753e+02,sinkhorn_cellsim
2.259281e+03,65161,5.66000063480710e-05,3.25591783162878e-02,6.41680166661478e+02,sinkhorn_cellsim
2.259975e+03,65181,5.65766662233325e-05,3.25591784244452e-02,6.41680169222600e+02,sinkhorn_cellsim
2.260668e+03,65201,5.65536115484006e-05,3.25591785334954e-02,6.41680171783089e+02,sinkhorn_cellsim
2.261362e+03,65221,5.65307702390931e-05,3.25591786431273e-02,6.41680174342906e+02,sinkhorn_cellsim
2.262055e+03,65241,5.65082086150300e-05,3.25591787530660e-02,6.41680176902012e+02,sinkhorn_cellsim
2.262748e+03,65261,5.64861810930834e-05,3.25591788630741e-02,6.41680179460358e+02,sinkhorn_cellsim
2.263442e+03,65281,5.64646224486125e-05,3.25591789729492e-02,6.41680182017892e+02,sinkhorn_cellsim
2.264135e+03,65301,5.64430926191156e-05,3.25591790825227e-02,6.41680184574558e+02,sinkhorn_cellsim
2.264829e+03,65321,5.64223552494057e-05,3.25591791916567e-02,6.41680187130292e+02,sinkhorn_cellsim
2.265522e+03,65341,5.64026129053166e-05,3.25591793002443e-02,6.41680189685026e+02,sinkhorn_cellsim
2.266216e+03,65361,5.63831012990036e-05,3.25591794082065e-02,6.41680192238687e+02,sinkhorn_cellsim
2.266909e+03,65381,5.63631691451467e-05,3.25591795154895e-02,6.41680194791194e+02,sinkhorn_cellsim
2.267603e+03,65401,5.63433782361863e-05,3.25591796220645e-02,6.41680197342462e+02,sinkhorn_cellsim
2.268296e+03,65421,5.63233267158706e-05,3.25591797279251e-02,6.41680199892402e+02,sinkhorn_cellsim
2.268990e+03,65441,5.63025408435581e-05,3.25591798330848e-02,6.41680202440915e+02,sinkhorn_cellsim
2.269683e+03,65461,5.62809122401742e-05,3.25591799375757e-02,6.41680204987901e+02,sinkhorn_cellsim
2.270376e+03,65481,5.62583386972147e-05,3.25591800414478e-02,6.41680207533253e+02,sinkhorn_cellsim
2.271070e+03,65501,5.62347174551744e-05,3.25591801447647e-02,6.41680210076856e+02,sinkhorn_cellsim
2.271763e+03,65521,5.62104783219362e-05,3.25591802476053e-02,6.41680212618596e+02,sinkhorn_cellsim
2.272457e+03,65541,5.61854447816492e-05,3.25591803500590e-02,6.41680215158348e+02,sinkhorn_cellsim
2.273150e+03,65561,5.61591551705194e-05,3.25591804522260e-02,6.41680217695990e+02,sinkhorn_cellsim
2.273844e+03,65581,5.61314574504751e-05,3.25591805542155e-02,6.41680220231390e+02,sinkhorn_cellsim
2.274537e+03,65601,5.61021732709877e-05,3.25591806561440e-02,6.41680222764418e+02,sinkhorn_cellsim
2.275231e+03,65621,5.60712109776175e-05,3.25591807581330e-02,6.41680225294941e+02,sinkhorn_cellsim
2.275924e+03,65641,5.60384833123921e-05,3.25591808603093e-02,6.41680227822824e+02,sinkhorn_cellsim
2.276617e+03,65661,5.60042772419968e-05,3.25591809628023e-02,6.41680230347933e+02,sinkhorn_cellsim
2.277311e+03,65681,5.59685334670666e-05,3.25591810657433e-02,6.41680232870135e+02,sinkhorn_cellsim
2.278004e+03,65701,5.59311919525949e-05,3.25591811692643e-02,6.41680235389300e+02,sinkhorn_cellsim
2.278698e+03,65721,5.58918925448019e-05,3.25591812734959e-02,6.41680237905299e+02,sinkhorn_cellsim
2.279391e+03,65741,5.58506693799304e-05,3.25591813785672e-02,6.41680240418011e+02,sinkhorn_cellsim
2.280085e+03,65761,5.58074648118701e-05,3.25591814846053e-02,6.41680242927317e+02,sinkhorn_cellsim
2.280778e+03,65781,5.57621984285376e-05,3.25591815917319e-02,6.41680245433107e+02,sinkhorn_cellsim
2.281471e+03,65801,5.57147136636710e-05,3.25591817000654e-02,6.41680247935278e+02,sinkhorn_cellsim
2.282165e+03,65821,5.56651620353376e-05,3.25591818097181e-02,6.41680250433735e+02,sinkhorn_cellsim
2.282858e+03,65841,5.56134632316743e-05,3.25591819207967e-02,6.41680252928392e+02,sinkhorn_cellsim
2.283552e+03,65861,5.55599783778678e-05,3.25591820334000e-02,6.41680255419172e+02,sinkhorn_cellsim
2.284245e+03,65881,5.55050183321751e-05,3.25591821476204e-02,6.41680257906008e+02,sinkhorn_cellsim
2.284939e+03,65901,5.54481017242245e-05,3.25591822635419e-02,6.41680260388842e+02,sinkhorn_cellsim
2.285632e+03,65921,5.53893066396641e-05,3.25591823812406e-02,6.41680262867624e+02,sinkhorn_cellsim
2.286326e+03,65941,5.53284265657372e-05,3.25591825007835e-02,6.41680265342313e+02,sinkhorn_cellsim
2.287019e+03,65961,5.52655673548255e-05,3.25591826222292e-02,6.41680267812877e+02,sinkhorn_cellsim
2.287712e+03,65981,5.52013768867218e-05,3.25591827456278e-02,6.41680270279287e+02,sinkhorn_cellsim
2.288406e+03,66001,5.51363031929905e-05,3.25591828710204e-02,6.41680272741523e+02,sinkhorn_cellsim
2.289099e+03,66021,5.50694331792054e-05,3.25591829984408e-02,6.41680275199567e+02,sinkhorn_cellsim
2.289793e+03,66041,5.50009955655355e-05,3.25591831279144e-02,6.41680277653405e+02,sinkhorn_cellsim
2.290486e+03,66061,5.49314655406264e-05,3.25591832594610e-02,6.41680280103025e+02,sinkhorn_cellsim
2.291180e+03,66081,5.48601020679134e-05,3.25591833930944e-02,6.41680282548414e+02,sinkhorn_cellsim
2.291873e+03,66101,5.47869010217662e-05,3.25591835288251e-02,6.41680284989561e+02,sinkhorn_cellsim
2.292567e+03,66121,5.47119121881947e-05,3.25591836666612e-02,6.41680287426452e+02,sinkhorn_cellsim
2.293260e+03,66141,5.46353034681524e-05,3.25591838066106e-02,6.41680289859073e+02,sinkhorn_cellsim
2.293953e+03,66161,5.45572461819661e-05,3.25591839486821e-02,6.41680292287409e+02,sinkhorn_cellsim
2.294647e+03,66181,5.44781943442721e-05,3.25591840928890e-02,6.41680294711441e+02,sinkhorn_cellsim
2.295340e+03,66201,5.43982551696296e-05,3.25591842392489e-02,6.41680297131150e+02,sinkhorn_cellsim
2.296034e+03,66221,5.43187660041725e-05,3.25591843877875e-02,6.41680299546515e+02,sinkhorn_cellsim
2.296727e+03,66241,5.42428192465948e-05,3.25591845385380e-02,6.41680301957516e+02,sinkhorn_cellsim
2.297421e+03,66261,5.41673789037666e-05,3.25591846915447e-02,6.41680304364133e+02,sinkhorn_cellsim
2.298114e+03,66281,5.40919324306860e-05,3.25591848468616e-02,6.41680306766345e+02,sinkhorn_cellsim
2.298807e+03,66301,5.40167490852461e-05,3.25591850045549e-02,6.41680309164137e+02,sinkhorn_cellsim
2.299501e+03,66321,5.39406625158248e-05,3.25591851647009e-02,6.41680311557494e+02,sinkhorn_cellsim
2.300194e+03,66341,5.38637135572341e-05,3.25591853273880e-02,6.41680313946408e+02,sinkhorn_cellsim
2.300888e+03,66361,5.37857702249446e-05,3.25591854927135e-02,6.41680316330872e+02,sinkhorn_cellsim
2.301581e+03,66381,5.37085589335583e-05,3.25591856607841e-02,6.41680318710889e+02,sinkhorn_cellsim
2.302275e+03,66401,5.36329600322483e-05,3.25591858317133e-02,6.41680321086463e+02,sinkhorn_cellsim
2.302968e+03,66421,5.35599584224067e-05,3.25591860056199e-02,6.41680323457608e+02,sinkhorn_cellsim
2.303662e+03,66441,5.34866726023020e-05,3.25591861826248e-02,6.41680325824341e+02,sinkhorn_cellsim
2.304355e+03,66461,5.34133009637757e-05,3.25591863628490e-02,6.41680328186684e+02,sinkhorn_cellsim
2.305049e+03,66481,5.33410444931092e-05,3.25591865464107e-02,6.41680330544667e+02,sinkhorn_cellsim
2.305742e+03,66501,5.32684894073425e-05,3.25591867334208e-02,6.41680332898321e+02,sinkhorn_cellsim
2.306435e+03,66521,5.31956529927344e-05,3.25591869239803e-02,6.41680335247683e+02,sinkhorn_cellsim
2.307129e+03,66541,5.31226430464987e-05,3.25591871181760e-02,6.41680337592791e+02,sinkhorn_cellsim
2.307822e+03,66561,5.30495511035521e-05,3.25591873160772e-02,6.41680339933685e+02,sinkhorn_cellsim
2.308516e+03,66581,5.29760315788309e-05,3.25591875177303e-02,6.41680342270407e+02,sinkhorn_cellsim
2.309209e+03,66601,5.29037304385507e-05,3.25591877231554e-02,6.41680344602998e+02,sinkhorn_cellsim
2.309903e+03,66621,5.28317105923962e-05,3.25591879323409e-02,6.41680346931500e+02,sinkhorn_cellsim
2.310596e+03,66641,5.27591867976618e-05,3.25591881452411e-02,6.41680349255953e+02,sinkhorn_cellsim
2.311290e+03,66661,5.26863366507607e-05,3.25591883617717e-02,6.41680351576397e+02,sinkhorn_cellsim
2.311983e+03,66681,5.26131058527730e-05,3.25591885818047e-02,6.41680353892870e+02,sinkhorn_cellsim
2.312677e+03,66701,5.25401092556611e-05,3.25591888051692e-02,6.41680356205410e+02,sinkhorn_cellsim
2.313370e+03,66721,5.24668545254277e-05,3.25591890316470e-02,6.41680358514053e+02,sinkhorn_cellsim
2.314063e+03,66741,5.23929700027405e-05,3.25591892609729e-02,6.41680360818835e+02,sinkhorn_cellsim
2.314757e+03,66761,5.23185912906392e-05,3.25591894928354e-02,6.41680363119792e+02,sinkhorn_cellsim
2.315450e+03,66781,5.22437666463741e-05,3.25591897268799e-02,6.41680365416959e+02,sinkhorn_cellsim
2.316144e+03,66801,5.21682822479207e-05,3.25591899627100e-02,6.41680367710372e+02,sinkhorn_cellsim
2.316837e+03,66821,5.20921959302503e-05,3.25591901998951e-02,6.41680370000070e+02,sinkhorn_cellsim
2.317531e+03,66841,5.20156197764152e-05,3.25591904379739e-02,6.41680372286090e+02,sinkhorn_cellsim
2.318224e+03,66861,5.19383505076369e-05,3.25591906764654e-02,6.41680374568472e+02,sinkhorn_cellsim
2.318918e+03,66881,5.18607059724688e-05,3.25591909148745e-02,6.41680376847260e+02,sinkhorn_cellsim
2.319611e+03,66901,5.17829046368258e-05,3.25591911527031e-02,6.41680379122497e+02,sinkhorn_cellsim
2.320304e+03,66921,5.17046287712850e-05,3.25591913894588e-02,6.41680381394229e+02,sinkhorn_cellsim
2.320998e+03,66941,5.16259807858784e-05,3.25591916246636e-02,6.41680383662506e+02,sinkhorn_cellsim
2.321691e+03,66961,5.15475459975221e-05,3.25591918578642e-02,6.41680385927378e+02,sinkhorn_cellsim
2.322385e+03,66981,5.14701547191327e-05,3.25591920886387e-02,6.41680388188900e+02,sinkhorn_cellsim
2.323078e+03,67001,5.13930101191263e-05,3.25591923166046e-02,6.41680390447127e+02,sinkhorn_cellsim
2.323772e+03,67021,5.13179852183118e-05,3.25591925414236e-02,6.41680392702118e+02,sinkhorn_cellsim
2.324465e+03,67041,5.12438864351487e-05,3.25591927628049e-02,6.41680394953934e+02,sinkhorn_cellsim
2.325159e+03,67061,5.11701418155244e-05,3.25591929805098e-02,6.41680397202640e+02,sinkhorn_cellsim
2.325852e+03,67081,5.10972680294870e-05,3.25591931943501e-02,6.41680399448303e+02,sinkhorn_cellsim
2.326545e+03,67101,5.10250587180205e-05,3.25591934041888e-02,6.41680401690995e+02,sinkhorn_cellsim
2.327239e+03,67121,5.09531844295912e-05,3.25591936099371e-02,6.41680403930791e+02,sinkhorn_cellsim
2.327932e+03,67141,5.08817872430675e-05,3.25591938115524e-02,6.41680406167770e+02,sinkhorn_cellsim
2.328626e+03,67161,5.08110775229171e-05,3.25591940090325e-02,6.41680408402015e+02,sinkhorn_cellsim
2.329319e+03,67181,5.07410205137530e-05,3.25591942024124e-02,6.41680410633613e+02,sinkhorn_cellsim
2.330013e+03,67201,5.06720778984265e-05,3.25591943917575e-02,6.41680412862657e+02,sinkhorn_cellsim
2.330706e+03,67221,5.06036573964414e-05,3.25591945771583e-02,6.41680415089242e+02,sinkhorn_cellsim
2.331400e+03,67241,5.05374519544490e-05,3.25591947587248e-02,6.41680417313469e+02,sinkhorn_cellsim
2.332093e+03,67261,5.04722401555649e-05,3.25591949365810e-02,6.41680419535442e+02,sinkhorn_cellsim
2.332787e+03,67281,5.04074963295308e-05,3.25591951108590e-02,6.41680421755268e+02,sinkhorn_cellsim
2.333480e+03,67301,5.03434722793100e-05,3.25591952816939e-02,6.41680423973057e+02,sinkhorn_cellsim
2.334173e+03,67321,5.02799513341031e-05,3.25591954492207e-02,6.41680426188921e+02,sinkhorn_cellsim
2.334867e+03,67341,5.02176302910423e-05,3.25591956135681e-02,6.41680428402972e+02,sinkhorn_cellsim
2.335560e+03,67361,5.01564806947822e-05,3.25591957748570e-02,6.41680430615324e+02,sinkhorn_cellsim
2.336254e+03,67381,5.00962378800605e-05,3.25591959331973e-02,6.41680432826089e+02,sinkhorn_cellsim
2.336947e+03,67401,5.00369157940106e-05,3.25591960886852e-02,6.41680435035379e+02,sinkhorn_cellsim
2.337641e+03,67421,4.99784752590034e-05,3.25591962414041e-02,6.41680437243301e+02,sinkhorn_cellsim
2.338334e+03,67441,4.99213539143303e-05,3.25591963914210e-02,6.41680439449962e+02,sinkhorn_cellsim
2.339028e+03,67461,4.98652342580775e-05,3.25591965387894e-02,6.41680441655464e+02,sinkhorn_cellsim
2.339721e+03,67481,4.98103325061837e-05,3.25591966835472e-02,6.41680443859903e+02,sinkhorn_cellsim
2.340414e+03,67501,4.97565388820459e-05,3.25591968257197e-02,6.41680446063373e+02,sinkhorn_cellsim
2.341108e+03,67521,4.97038392145483e-05,3.25591969653208e-02,6.41680448265960e+02,sinkhorn_cellsim
2.341801e+03,67541,4.96524312739404e-05,3.25591971023529e-02,6.41680450467747e+02,sinkhorn_cellsim
2.342495e+03,67561,4.96022987769640e-05,3.25591972368115e-02,6.41680452668808e+02,sinkhorn_cellsim
2.343188e+03,67581,4.95532935132923e-05,3.25591973686840e-02,6.41680454869215e+02,sinkhorn_cellsim
2.343882e+03,67601,4.95053978842765e-05,3.25591974979542e-02,6.41680457069030e+02,sinkhorn_cellsim
2.344575e+03,67621,4.94586802053642e-05,3.25591976246035e-02,6.41680459268313e+02,sinkhorn_cellsim
2.345269e+03,67641,4.94132368572694e-05,3.25591977486114e-02,6.41680461467116e+02,sinkhorn_cellsim
2.345962e+03,67661,4.93694521292149e-05,3.25591978699592e-02,6.41680463665487e+02,sinkhorn_cellsim
2.346655e+03,67681,4.93270193552358e-05,3.25591979886297e-02,6.41680465863468e+02,sinkhorn_cellsim
2.347349e+03,67701,4.92858646137840e-05,3.25591981046089e-02,6.41680468061097e+02,sinkhorn_cellsim
2.348042e+03,67721,4.92459213933600e-05,3.25591982178870e-02,6.41680470258407e+02,sinkhorn_cellsim
2.348736e+03,67741,4.92072504053721e-05,3.25591983284588e-02,6.41680472455427e+02,sinkhorn_cellsim
2.349429e+03,67761,4.91698286579134e-05,3.25591984363245e-02,6.41680474652182e+02,sinkhorn_cellsim
2.350123e+03,67781,4.91335488420843e-05,3.25591985414902e-02,6.41680476848694e+02,sinkhorn_cellsim
2.350816e+03,67801,4.90985207106056e-05,3.25591986439669e-02,6.41680479044979e+02,sinkhorn_cellsim
2.351510e+03,67821,4.90647834857560e-05,3.25591987437718e-02,6.41680481241055e+02,sinkhorn_cellsim
2.352203e+03,67841,4.90322405262974e-05,3.25591988409262e-02,6.41680483436932e+02,sinkhorn_cellsim
2.352897e+03,67861,4.90008373567142e-05,3.25591989354580e-02,6.41680485632621e+02,sinkhorn_cellsim
2.353590e+03,67881,4.89709432176109e-05,3.25591990273991e-02,6.41680487828130e+02,sinkhorn_cellsim
2.354283e+03,67901,4.89421001778561e-05,3.25591991167847e-02,6.41680490023462e+02,sinkhorn_cellsim
2.354977e+03,67921,4.89145311574567e-05,3.25591992036550e-02,6.41680492218621e+02,sinkhorn_cellsim
2.355670e+03,67941,4.88878858080703e-05,3.25591992880523e-02,6.41680494413608e+02,sinkhorn_cellsim
2.356364e+03,67961,4.88620729263438e-05,3.25591993700221e-02,6.41680496608423e+02,sinkhorn_cellsim
2.357057e+03,67981,4.88369419909405e-05,3.25591994496120e-02,6.41680498803063e+02,sinkhorn_cellsim
2.357751e+03,68001,4.88125129704796e-05,3.25591995268715e-02,6.41680500997525e+02,sinkhorn_cellsim
2.358444e+03,68021,4.87887937093657e-05,3.25591996018503e-02,6.41680503191802e+02,sinkhorn_cellsim
2.359138e+03,68041,4.87656417394737e-05,3.25591996745997e-02,6.41680505385887e+02,sinkhorn_cellsim
2.359831e+03,68061,4.87430105258507e-05,3.25591997451711e-02,6.41680507579771e+02,sinkhorn_cellsim
2.360524e+03,68081,4.87210963414343e-05,3.25591998136156e-02,6.41680509773445e+02,sinkhorn_cellsim
2.361218e+03,68101,4.86996050998167e-05,3.25591998799835e-02,6.41680511966896e+02,sinkhorn_cellsim
2.361911e+03,68121,4.86785224635056e-05,3.25591999443248e-02,6.41680514160111e+02,sinkhorn_cellsim
2.362605e+03,68141,4.86581038691716e-05,3.25592000066879e-02,6.41680516353076e+02,sinkhorn_cellsim
2.363298e+03,68161,4.86381830919662e-05,3.25592000671198e-02,6.41680518545773e+02,sinkhorn_cellsim
2.363992e+03,68181,4.86187021150972e-05,3.25592001256656e-02,6.41680520738185e+02,sinkhorn_cellsim
2.364685e+03,68201,4.85995078544541e-05,3.25592001823685e-02,6.41680522930291e+02,sinkhorn_cellsim
2.365379e+03,68221,4.85808558353744e-05,3.25592002372694e-02,6.41680525122072e+02,sinkhorn_cellsim
2.366072e+03,68241,4.85624900808304e-05,3.25592002904062e-02,6.41680527313503e+02,sinkhorn_cellsim
2.366765e+03,68261,4.85442224456998e-05,3.25592003418150e-02,6.41680529504561e+02,sinkhorn_cellsim
2.367459e+03,68281,4.85259943879534e-05,3.25592003915280e-02,6.41680531695219e+02,sinkhorn_cellsim
2.368152e+03,68301,4.85077660992383e-05,3.25592004395746e-02,6.41680533885449e+02,sinkhorn_cellsim
2.368846e+03,68321,4.84894979050339e-05,3.25592004859807e-02,6.41680536075222e+02,sinkhorn_cellsim
2.369539e+03,68341,4.84711503857547e-05,3.25592005307691e-02,6.41680538264507e+02,sinkhorn_cellsim
2.370233e+03,68361,4.84526845344152e-05,3.25592005739584e-02,6.41680540453273e+02,sinkhorn_cellsim
2.370926e+03,68381,4.84340758213053e-05,3.25592006155633e-02,6.41680542641484e+02,sinkhorn_cellsim
2.371620e+03,68401,4.84153477648545e-05,3.25592006555952e-02,6.41680544829108e+02,sinkhorn_cellsim
2.372313e+03,68421,4.83966628162011e-05,3.25592006940607e-02,6.41680547016107e+02,sinkhorn_cellsim
2.373006e+03,68441,4.83790823154331e-05,3.25592007309621e-02,6.41680549202446e+02,sinkhorn_cellsim
2.373700e+03,68461,4.83627647681884e-05,3.25592007662993e-02,6.41680551388089e+02,sinkhorn_cellsim
2.374393e+03,68481,4.83465792467524e-05,3.25592008000659e-02,6.41680553572997e+02,sinkhorn_cellsim
2.375087e+03,68501,4.83313083771698e-05,3.25592008322526e-02,6.41680555757135e+02,sinkhorn_cellsim
2.375780e+03,68521,4.83179260193279e-05,3.25592008628472e-02,6.41680557940466e+02,sinkhorn_cellsim
2.376474e+03,68541,4.83046568793924e-05,3.25592008918326e-02,6.41680560122955e+02,sinkhorn_cellsim
2.377167e+03,68561,4.82912398919767e-05,3.25592009191902e-02,6.41680562304569e+02,sinkhorn_cellsim
2.377861e+03,68581,4.82776555235619e-05,3.25592009448984e-02,6.41680564485275e+02,sinkhorn_cellsim
2.378554e+03,68601,4.82640953955591e-05,3.25592009689347e-02,6.41680566665045e+02,sinkhorn_cellsim
2.379247e+03,68621,4.82507780926642e-05,3.25592009912751e-02,6.41680568843852e+02,sinkhorn_cellsim
2.379941e+03,68641,4.82372264937957e-05,3.25592010118973e-02,6.41680571021673e+02,sinkhorn_cellsim
2.380634e+03,68661,4.82239668784293e-05,3.25592010307804e-02,6.41680573198488e+02,sinkhorn_cellsim
2.381328e+03,68681,4.82112784151977e-05,3.25592010479064e-02,6.41680575374283e+02,sinkhorn_cellsim
2.382021e+03,68701,4.81991143492935e-05,3.25592010632625e-02,6.41680577549047e+02,sinkhorn_cellsim
2.382715e+03,68721,4.81874738229032e-05,3.25592010768426e-02,6.41680579722773e+02,sinkhorn_cellsim
2.383408e+03,68741,4.81764273896494e-05,3.25592010886472e-02,6.41680581895461e+02,sinkhorn_cellsim
2.384101e+03,68761,4.81659369069548e-05,3.25592010986880e-02,6.41680584067114e+02,sinkhorn_cellsim
2.384795e+03,68781,4.81554228023845e-05,3.25592011069872e-02,6.41680586237740e+02,sinkhorn_cellsim
2.385488e+03,68801,4.81470854768742e-05,3.25592011135794e-02,6.41680588407352e+02,sinkhorn_cellsim
2.386182e+03,68821,4.81392749330080e-05,3.25592011185132e-02,6.41680590575967e+02,sinkhorn_cellsim
2.386875e+03,68841,4.81312672790376e-05,3.25592011218516e-02,6.41680592743605e+02,sinkhorn_cellsim
2.387569e+03,68861,4.81230213249553e-05,3.25592011236733e-02,6.41680594910290e+02,sinkhorn_cellsim
2.388262e+03,68881,4.81145306476392e-05,3.25592011240711e-02,6.41680597076048e+02,sinkhorn_cellsim
2.388956e+03,68901,4.81057892481201e-05,3.25592011231539e-02,6.41680599240909e+02,sinkhorn_cellsim
2.389649e+03,68921,4.80967914499492e-05,3.25592011210444e-02,6.41680601404901e+02,sinkhorn_cellsim
2.390342e+03,68941,4.80875519864410e-05,3.25592011178789e-02,6.41680603568055e+02,sinkhorn_cellsim
2.391036e+03,68961,4.80782806531880e-05,3.25592011138055e-02,6.41680605730401e+02,sinkhorn_cellsim
2.391729e+03,68981,4.80694211611017e-05,3.25592011089818e-02,6.41680607891968e+02,sinkhorn_cellsim
2.392423e+03,69001,4.80614401310461e-05,3.25592011035744e-02,6.41680610052783e+02,sinkhorn_cellsim
2.393116e+03,69021,4.80541454201336e-05,3.25592010977551e-02,6.41680612212873e+02,sinkhorn_cellsim
2.393810e+03,69041,4.80466414555786e-05,3.25592010916992e-02,6.41680614372259e+02,sinkhorn_cellsim
2.394503e+03,69061,4.80392508190297e-05,3.25592010855838e-02,6.41680616530963e+02,sinkhorn_cellsim
2.395197e+03,69081,4.80316310559827e-05,3.25592010795846e-02,6.41680618689000e+02,sinkhorn_cellsim
2.395890e+03,69101,4.80236697866050e-05,3.25592010738742e-02,6.41680620846384e+02,sinkhorn_cellsim
2.396583e+03,69121,4.80153518186985e-05,3.25592010686203e-02,6.41680623003122e+02,sinkhorn_cellsim
2.397277e+03,69141,4.80066606927709e-05,3.25592010639837e-02,6.41680625159222e+02,sinkhorn_cellsim
2.397970e+03,69161,4.79975786858717e-05,3.25592010601170e-02,6.41680627314682e+02,sinkhorn_cellsim
2.398664e+03,69181,4.79880868512708e-05,3.25592010571630e-02,6.41680629469500e+02,sinkhorn_cellsim
2.399357e+03,69201,4.79781650913047e-05,3.25592010552539e-02,6.41680631623670e+02,sinkhorn_cellsim
2.400051e+03,69221,4.79678443313456e-05,3.25592010545107e-02,6.41680633777179e+02,sinkhorn_cellsim
2.400744e+03,69241,4.79571439482473e-05,3.25592010550429e-02,6.41680635930014e+02,sinkhorn_cellsim
2.401438e+03,69261,4.79459458826091e-05,3.25592010569468e-02,6.41680638082156e+02,sinkhorn_cellsim
2.402131e+03,69281,4.79342271122852e-05,3.25592010603067e-02,6.41680640233583e+02,sinkhorn_cellsim
2.402825e+03,69301,4.79219645436215e-05,3.25592010651939e-02,6.41680642384273e+02,sinkhorn_cellsim
2.403518e+03,69321,4.79091353713930e-05,3.25592010716671e-02,6.41680644534197e+02,sinkhorn_cellsim
2.404212e+03,69341,4.78957174984211e-05,3.25592010797722e-02,6.41680646683327e+02,sinkhorn_cellsim
2.404905e+03,69361,4.78818212973057e-05,3.25592010895418e-02,6.41680648831633e+02,sinkhorn_cellsim
2.405598e+03,69381,4.78677197892229e-05,3.25592011009960e-02,6.41680650979083e+02,sinkhorn_cellsim
2.406292e+03,69401,4.78529950615269e-05,3.25592011141420e-02,6.41680653125643e+02,sinkhorn_cellsim
2.406985e+03,69421,4.78376312411634e-05,3.25592011289743e-02,6.41680655271282e+02,sinkhorn_cellsim
2.407679e+03,69441,4.78216153321129e-05,3.25592011454739e-02,6.41680657415966e+02,sinkhorn_cellsim
2.408372e+03,69461,4.78049762207162e-05,3.25592011636093e-02,6.41680659559665e+02,sinkhorn_cellsim
2.409066e+03,69481,4.77884163046979e-05,3.25592011833360e-02,6.41680661702346e+02,sinkhorn_cellsim
2.409759e+03,69501,4.77712608585781e-05,3.25592012045968e-02,6.41680663843983e+02,sinkhorn_cellsim
2.410453e+03,69521,4.77538721317634e-05,3.25592012273226e-02,6.41680665984548e+02,sinkhorn_cellsim
2.411146e+03,69541,4.77358493636583e-05,3.25592012514310e-02,6.41680668124018e+02,sinkhorn_cellsim
2.411839e+03,69561,4.77171998865816e-05,3.25592012768291e-02,6.41680670262373e+02,sinkhorn_cellsim
2.412533e+03,69581,4.76986823453089e-05,3.25592013034131e-02,6.41680672399596e+02,sinkhorn_cellsim
2.413226e+03,69601,4.76814526582727e-05,3.25592013310699e-02,6.41680674535675e+02,sinkhorn_cellsim
2.413920e+03,69621,4.76659666199426e-05,3.25592013596771e-02,6.41680676670601e+02,sinkhorn_cellsim
2.414613e+03,69641,4.76507205364273e-05,3.25592013891055e-02,6.41680678804368e+02,sinkhorn_cellsim
2.415307e+03,69661,4.76359724947898e-05,3.25592014192219e-02,6.41680680936977e+02,sinkhorn_cellsim
2.416000e+03,69681,4.76213613448012e-05,3.25592014498878e-02,6.41680683068429e+02,sinkhorn_cellsim
2.416694e+03,69701,4.76078005812982e-05,3.25592014809648e-02,6.41680685198731e+02,sinkhorn_cellsim
2.417387e+03,69721,4.75940220329166e-05,3.25592015123141e-02,6.41680687327891e+02,sinkhorn_cellsim
2.418080e+03,69741,4.75800329171083e-05,3.25592015437996e-02,6.41680689455921e+02,sinkhorn_cellsim
2.418774e+03,69761,4.75656189821832e-05,3.25592015752897e-02,6.41680691582833e+02,sinkhorn_cellsim
2.419467e+03,69781,4.75506959940430e-05,3.25592016066585e-02,6.41680693708641e+02,sinkhorn_cellsim
2.420161e+03,69801,4.75352510952481e-05,3.25592016377876e-02,6.41680695833360e+02,sinkhorn_cellsim
2.420854e+03,69821,4.75192708186688e-05,3.25592016685678e-02,6.41680697957003e+02,sinkhorn_cellsim
2.421548e+03,69841,4.75027408061214e-05,3.25592016988984e-02,6.41680700079582e+02,sinkhorn_cellsim
2.422241e+03,69861,4.74856455427430e-05,3.25592017286883e-02,6.41680702201107e+02,sinkhorn_cellsim
2.422935e+03,69881,4.74679680905572e-05,3.25592017578578e-02,6.41680704321586e+02,sinkhorn_cellsim
2.423628e+03,69901,4.74497427068554e-05,3.25592017863352e-02,6.41680706441021e+02,sinkhorn_cellsim
2.424322e+03,69921,4.74309427817701e-05,3.25592018140587e-02,6.41680708559413e+02,sinkhorn_cellsim
2.425015e+03,69941,4.74114953950845e-05,3.25592018409748e-02,6.41680710676758e+02,sinkhorn_cellsim
2.425708e+03,69961,4.73914504859456e-05,3.25592018670375e-02,6.41680712793044e+02,sinkhorn_cellsim
2.426402e+03,69981,4.73708531875403e-05,3.25592018922069e-02,6.41680714908256e+02,sinkhorn_cellsim
2.427095e+03,70001,4.73495169994372e-05,3.25592019164486e-02,6.41680717022375e+02,sinkhorn_cellsim
2.427789e+03,70021,4.73274154398051e-05,3.25592019397323e-02,6.41680719135373e+02,sinkhorn_cellsim
2.428482e+03,70041,4.73045800845345e-05,3.25592019620312e-02,6.41680721247219e+02,sinkhorn_cellsim
2.429176e+03,70061,4.72808961558782e-05,3.25592019833204e-02,6.41680723357874e+02,sinkhorn_cellsim
2.429869e+03,70081,4.72563237014120e-05,3.25592020035768e-02,6.41680725467295e+02,sinkhorn_cellsim
2.430563e+03,70101,4.72308211119610e-05,3.25592020227789e-02,6.41680727575433e+02,sinkhorn_cellsim
2.431256e+03,70121,4.72043455205981e-05,3.25592020409058e-02,6.41680729682236e+02,sinkhorn_cellsim
2.431949e+03,70141,4.71768533051410e-05,3.25592020579376e-02,6.41680731787643e+02,sinkhorn_cellsim
2.432643e+03,70161,4.71483006581971e-05,3.25592020738553e-02,6.41680733891594e+02,sinkhorn_cellsim
2.433336e+03,70181,4.71190920595911e-05,3.25592020886412e-02,6.41680735994021e+02,sinkhorn_cellsim
2.434030e+03,70201,4.70896262094968e-05,3.25592021022791e-02,6.41680738094857e+02,sinkhorn_cellsim
2.434723e+03,70221,4.70602016615864e-05,3.25592021147556e-02,6.41680740194029e+02,sinkhorn_cellsim
2.435417e+03,70241,4.70300594030234e-05,3.25592021260596e-02,6.41680742291465e+02,sinkhorn_cellsim
2.436110e+03,70261,4.69987180362969e-05,3.25592021361832e-02,6.41680744387090e+02,sinkhorn_cellsim
2.436804e+03,70281,4.69663471477041e-05,3.25592021451239e-02,6.41680746480831e+02,sinkhorn_cellsim
2.437497e+03,70301,4.69328216604905e-05,3.25592021528826e-02,6.41680748572615e+02,sinkhorn_cellsim
2.438191e+03,70321,4.68985929268258e-05,3.25592021594660e-02,6.41680750662370e+02,sinkhorn_cellsim
2.438884e+03,70341,4.68632684068595e-05,3.25592021648860e-02,6.41680752750027e+02,sinkhorn_cellsim
2.439577e+03,70361,4.68275776200862e-05,3.25592021691595e-02,6.41680754835522e+02,sinkhorn_cellsim
2.440271e+03,70381,4.67913767270290e-05,3.25592021723098e-02,6.41680756918792e+02,sinkhorn_cellsim
2.440964e+03,70401,4.67537844616403e-05,3.25592021743643e-02,6.41680758999781e+02,sinkhorn_cellsim
2.441658e+03,70421,4.67148099296511e-05,3.25592021753556e-02,6.41680761078439e+02,sinkhorn_cellsim
2.442351e+03,70441,4.66744865419896e-05,3.25592021753201e-02,6.41680763154721e+02,sinkhorn_cellsim
2.443045e+03,70461,4.66332640645058e-05,3.25592021742976e-02,6.41680765228590e+02,sinkhorn_cellsim
2.443738e+03,70481,4.65910000699024e-05,3.25592021723301e-02,6.41680767300016e+02,sinkhorn_cellsim
2.444432e+03,70501,4.65484101286760e-05,3.25592021694616e-02,6.41680769368977e+02,sinkhorn_cellsim
2.445125e+03,70521,4.65050133936702e-05,3.25592021657368e-02,6.41680771435458e+02,sinkhorn_cellsim
2.445818e+03,70541,4.64607791923677e-05,3.25592021612008e-02,6.41680773499453e+02,sinkhorn_cellsim
2.446512e+03,70561,4.64157036064686e-05,3.25592021558986e-02,6.41680775560964e+02,sinkhorn_cellsim
2.447205e+03,70581,4.63697068257572e-05,3.25592021498738e-02,6.41680777620000e+02,sinkhorn_cellsim
2.447899e+03,70601,4.63228965921322e-05,3.25592021431712e-02,6.41680779676578e+02,sinkhorn_cellsim
2.448592e+03,70621,4.62754950150697e-05,3.25592021358344e-02,6.41680781730725e+02,sinkhorn_cellsim
2.449286e+03,70641,4.62283184906918e-05,3.25592021279078e-02,6.41680783782474e+02,sinkhorn_cellsim
2.449979e+03,70661,4.61806255965874e-05,3.25592021194374e-02,6.41680785831863e+02,sinkhorn_cellsim
2.450673e+03,70681,4.61322806575384e-05,3.25592021104712e-02,6.41680787878939e+02,sinkhorn_cellsim
2.451366e+03,70701,4.60833279245065e-05,3.25592021010606e-02,6.41680789923755e+02,sinkhorn_cellsim
2.452060e+03,70721,4.60338156862439e-05,3.25592020912617e-02,6.41680791966369e+02,sinkhorn_cellsim
2.452753e+03,70741,4.59838673220200e-05,3.25592020811365e-02,6.41680794006844e+02,sinkhorn_cellsim
2.453446e+03,70761,4.59335618998851e-05,3.25592020707540e-02,6.41680796045250e+02,sinkhorn_cellsim
2.454140e+03,70781,4.58831084189801e-05,3.25592020601896e-02,6.41680798081657e+02,sinkhorn_cellsim
2.454833e+03,70801,4.58329943102186e-05,3.25592020495280e-02,6.41680800116142e+02,sinkhorn_cellsim
2.455527e+03,70821,4.57828292467372e-05,3.25592020388614e-02,6.41680802148786e+02,sinkhorn_cellsim
2.456220e+03,70841,4.57327148223680e-05,3.25592020282901e-02,6.41680804179669e+02,sinkhorn_cellsim
2.456914e+03,70861,4.56828548968497e-05,3.25592020179216e-02,6.41680806208875e+02,sinkhorn_cellsim
2.457607e+03,70881,4.56333458400266e-05,3.25592020078703e-02,6.41680808236491e+02,sinkhorn_cellsim
2.458301e+03,70901,4.55841823600494e-05,3.25592019982551e-02,6.41680810262604e+02,sinkhorn_cellsim
2.458994e+03,70921,4.55354543750994e-05,3.25592019891990e-02,6.41680812287299e+02,sinkhorn_cellsim
2.459688e+03,70941,4.54873630788595e-05,3.25592019808260e-02,6.41680814310664e+02,sinkhorn_cellsim
2.460381e+03,70961,4.54399356499163e-05,3.25592019732604e-02,6.41680816332786e+02,sinkhorn_cellsim
2.461075e+03,70981,4.53931655030419e-05,3.25592019666235e-02,6.41680818353749e+02,sinkhorn_cellsim
2.461768e+03,71001,4.53471505311818e-05,3.25592019610319e-02,6.41680820373637e+02,sinkhorn_cellsim
2.462462e+03,71021,4.53021658016690e-05,3.25592019565968e-02,6.41680822392530e+02,sinkhorn_cellsim
2.463155e+03,71041,4.52581751148771e-05,3.25592019534205e-02,6.41680824410507e+02,sinkhorn_cellsim
2.463848e+03,71061,4.52150965160955e-05,3.25592019515952e-02,6.41680826427643e+02,sinkhorn_cellsim
2.464542e+03,71081,4.51729559204413e-05,3.25592019512032e-02,6.41680828444010e+02,sinkhorn_cellsim
2.465235e+03,71101,4.51318013608477e-05,3.25592019523140e-02,6.41680830459676e+02,sinkhorn_cellsim
2.465929e+03,71121,4.50916747246475e-05,3.25592019549841e-02,6.41680832474705e+02,sinkhorn_cellsim
2.466622e+03,71141,4.50526706153726e-05,3.25592019592589e-02,6.41680834489157e+02,sinkhorn_cellsim
2.467316e+03,71161,4.50153318745233e-05,3.25592019651694e-02,6.41680836503087e+02,sinkhorn_cellsim
2.468009e+03,71181,4.49794760024102e-05,3.25592019727348e-02,6.41680838516549e+02,sinkhorn_cellsim
2.468703e+03,71201,4.49449595079142e-05,3.25592019819618e-02,6.41680840529589e+02,sinkhorn_cellsim
2.469396e+03,71221,4.49116580965377e-05,3.25592019928463e-02,6.41680842542250e+02,sinkhorn_cellsim
2.470089e+03,71241,4.48797873146448e-05,3.25592020053741e-02,6.41680844554572e+02,sinkhorn_cellsim
2.470783e+03,71261,4.48493338767113e-05,3.25592020195205e-02,6.41680846566592e+02,sinkhorn_cellsim
2.471476e+03,71281,4.48207567933848e-05,3.25592020352535e-02,6.41680848578340e+02,sinkhorn_cellsim
2.472170e+03,71301,4.47937128787945e-05,3.25592020525335e-02,6.41680850589845e+02,sinkhorn_cellsim
2.472863e+03,71321,4.47681008741286e-05,3.25592020713150e-02,6.41680852601134e+02,sinkhorn_cellsim
2.473557e+03,71341,4.47438649032577e-05,3.25592020915477e-02,6.41680854612227e+02,sinkhorn_cellsim
2.474250e+03,71361,4.47209953548347e-05,3.25592021131771e-02,6.41680856623146e+02,sinkhorn_cellsim
2.474944e+03,71381,4.46996981186662e-05,3.25592021361454e-02,6.41680858633907e+02,sinkhorn_cellsim
2.475637e+03,71401,4.46796347805750e-05,3.25592021603933e-02,6.41680860644525e+02,sinkhorn_cellsim
2.476330e+03,71421,4.46605514038003e-05,3.25592021858605e-02,6.41680862655013e+02,sinkhorn_cellsim
2.477024e+03,71441,4.46426494450362e-05,3.25592022124856e-02,6.41680864665381e+02,sinkhorn_cellsim
2.477717e+03,71461,4.46259337092297e-05,3.25592022402076e-02,6.41680866675637e+02,sinkhorn_cellsim
2.478423e+03,71481,4.46106831232320e-05,3.25592022689665e-02,6.41680868685790e+02,sinkhorn_cellsim
2.479116e+03,71501,4.45962487900207e-05,3.25592022987033e-02,6.41680870695845e+02,sinkhorn_cellsim
2.479810e+03,71521,4.45830194569378e-05,3.25592023293610e-02,6.41680872705806e+02,sinkhorn_cellsim
2.480503e+03,71541,4.45708856819440e-05,3.25592023608842e-02,6.41680874715676e+02,sinkhorn_cellsim
2.481197e+03,71561,4.45593998513839e-05,3.25592023932210e-02,6.41680876725456e+02,sinkhorn_cellsim
2.481890e+03,71581,4.45485928651558e-05,3.25592024263203e-02,6.41680878735149e+02,sinkhorn_cellsim
2.482584e+03,71601,4.45383238423760e-05,3.25592024601357e-02,6.41680880744752e+02,sinkhorn_cellsim
2.483277e+03,71621,4.45284819695066e-05,3.25592024946229e-02,6.41680882754266e+02,sinkhorn_cellsim
2.483971e+03,71641,4.45192111893425e-05,3.25592025297406e-02,6.41680884763686e+02,sinkhorn_cellsim
2.484664e+03,71661,4.45103192488122e-05,3.25592025654513e-02,6.41680886773011e+02,sinkhorn_cellsim
2.485357e+03,71681,4.45019308754536e-05,3.25592026017211e-02,6.41680888782236e+02,sinkhorn_cellsim
2.486051e+03,71701,4.44940616209430e-05,3.25592026385186e-02,6.41680890791355e+02,sinkhorn_cellsim
2.486744e+03,71721,4.44869050715698e-05,3.25592026758172e-02,6.41680892800363e+02,sinkhorn_cellsim
2.487438e+03,71741,4.44799458526000e-05,3.25592027135921e-02,6.41680894809252e+02,sinkhorn_cellsim
2.488131e+03,71761,4.44731432701036e-05,3.25592027518245e-02,6.41680896818015e+02,sinkhorn_cellsim
2.488825e+03,71781,4.44664594883019e-05,3.25592027904971e-02,6.41680898826643e+02,sinkhorn_cellsim
2.489518e+03,71801,4.44598667012475e-05,3.25592028295974e-02,6.41680900835125e+02,sinkhorn_cellsim
2.490211e+03,71821,4.44533374943293e-05,3.25592028691167e-02,6.41680902843450e+02,sinkhorn_cellsim
2.490905e+03,71841,4.44468447237087e-05,3.25592029090495e-02,6.41680904851607e+02,sinkhorn_cellsim
2.491598e+03,71861,4.44403614017463e-05,3.25592029493948e-02,6.41680906859583e+02,sinkhorn_cellsim
2.492292e+03,71881,4.44338605779778e-05,3.25592029901546e-02,6.41680908867361e+02,sinkhorn_cellsim
2.492985e+03,71901,4.44273152464747e-05,3.25592030313354e-02,6.41680910874928e+02,sinkhorn_cellsim
2.493679e+03,71921,4.44206982373716e-05,3.25592030729476e-02,6.41680912882265e+02,sinkhorn_cellsim
2.494372e+03,71941,4.44139821351568e-05,3.25592031150056e-02,6.41680914889354e+02,sinkhorn_cellsim
2.495066e+03,71961,4.44073055487402e-05,3.25592031575276e-02,6.41680916896176e+02,sinkhorn_cellsim
2.495759e+03,71981,4.44006250506399e-05,3.25592032005355e-02,6.41680918902709e+02,sinkhorn_cellsim
2.496453e+03,72001,4.43938894131830e-05,3.25592032440556e-02,6.41680920908931e+02,sinkhorn_cellsim
2.497146e+03,72021,4.43869303446178e-05,3.25592032881183e-02,6.41680922914816e+02,sinkhorn_cellsim
2.497839e+03,72041,4.43797307306553e-05,3.25592033327578e-02,6.41680924920340e+02,sinkhorn_cellsim
2.498533e+03,72061,4.43722328298921e-05,3.25592033780115e-02,6.41680926925474e+02,sinkhorn_cellsim
2.499226e+03,72081,4.43644100282449e-05,3.25592034239216e-02,6.41680928930190e+02,sinkhorn_cellsim
2.499920e+03,72101,4.43562496245536e-05,3.25592034705337e-02,6.41680930934456e+02,sinkhorn_cellsim
2.500613e+03,72121,4.43477593613776e-05,3.25592035178964e-02,6.41680932938241e+02,sinkhorn_cellsim
2.501307e+03,72141,4.43396320851942e-05,3.25592035660616e-02,6.41680934941512e+02,sinkhorn_cellsim
2.502000e+03,72161,4.43324563659687e-05,3.25592036150850e-02,6.41680936944232e+02,sinkhorn_cellsim
2.502693e+03,72181,4.43253907238773e-05,3.25592036650235e-02,6.41680938946367e+02,sinkhorn_cellsim
2.503387e+03,72201,4.43180047962616e-05,3.25592037159377e-02,6.41680940947878e+02,sinkhorn_cellsim
2.504080e+03,72221,4.43102750404538e-05,3.25592037678885e-02,6.41680942948728e+02,sinkhorn_cellsim
2.504774e+03,72241,4.43023500359838e-05,3.25592038209389e-02,6.41680944948878e+02,sinkhorn_cellsim
2.505467e+03,72261,4.42944837912400e-05,3.25592038751517e-02,6.41680946948289e+02,sinkhorn_cellsim
2.506161e+03,72281,4.42875448250172e-05,3.25592039305896e-02,6.41680948946922e+02,sinkhorn_cellsim
2.506854e+03,72301,4.42802451963731e-05,3.25592039873144e-02,6.41680950944738e+02,sinkhorn_cellsim
2.507548e+03,72321,4.42725494730316e-05,3.25592040453855e-02,6.41680952941699e+02,sinkhorn_cellsim
2.508241e+03,72341,4.42644464668498e-05,3.25592041048602e-02,6.41680954937769e+02,sinkhorn_cellsim
2.508935e+03,72361,4.42561923077833e-05,3.25592041657907e-02,6.41680956932912e+02,sinkhorn_cellsim
2.509628e+03,72381,4.42475312326771e-05,3.25592042282258e-02,6.41680958927095e+02,sinkhorn_cellsim
2.510321e+03,72401,4.42384606375040e-05,3.25592042922074e-02,6.41680960920287e+02,sinkhorn_cellsim
2.511015e+03,72421,4.42289022704304e-05,3.25592043577716e-02,6.41680962912460e+02,sinkhorn_cellsim
2.511708e+03,72441,4.42192964974351e-05,3.25592044249461e-02,6.41680964903589e+02,sinkhorn_cellsim
2.512402e+03,72461,4.42093140513297e-05,3.25592044937515e-02,6.41680966893653e+02,sinkhorn_cellsim
2.513095e+03,72481,4.41988292409882e-05,3.25592045641983e-02,6.41680968882636e+02,sinkhorn_cellsim
2.513789e+03,72501,4.41878381017953e-05,3.25592046362887e-02,6.41680970870523e+02,sinkhorn_cellsim
2.514482e+03,72521,4.41763089837796e-05,3.25592047100146e-02,6.41680972857305e+02,sinkhorn_cellsim
2.515175e+03,72541,4.41642311791261e-05,3.25592047853582e-02,6.41680974842978e+02,sinkhorn_cellsim
2.515869e+03,72561,4.41515958434773e-05,3.25592048622926e-02,6.41680976827541e+02,sinkhorn_cellsim
2.516562e+03,72581,4.41383960447329e-05,3.25592049407810e-02,6.41680978810996e+02,sinkhorn_cellsim
2.517256e+03,72601,4.41246267824267e-05,3.25592050207784e-02,6.41680980793350e+02,sinkhorn_cellsim
2.517949e+03,72621,4.41102849309960e-05,3.25592051022309e-02,6.41680982774612e+02,sinkhorn_cellsim
2.518643e+03,72641,4.40953691523014e-05,3.25592051850781e-02,6.41680984754795e+02,sinkhorn_cellsim
2.519336e+03,72661,4.40798797391125e-05,3.25592052692526e-02,6.41680986733913e+02,sinkhorn_cellsim
2.520030e+03,72681,4.40638310199205e-05,3.25592053546821e-02,6.41680988711980e+02,sinkhorn_cellsim
2.520723e+03,72701,4.40472279687640e-05,3.25592054412899e-02,6.41680990689014e+02,sinkhorn_cellsim
2.521416e+03,72721,4.40300596695357e-05,3.25592055289957e-02,6.41680992665029e+02,sinkhorn_cellsim
2.522110e+03,72741,4.40123704388010e-05,3.25592056177181e-02,6.41680994640041e+02,sinkhorn_cellsim
2.522803e+03,72761,4.39945139156749e-05,3.25592057073735e-02,6.41680996614064e+02,sinkhorn_cellsim
2.523497e+03,72781,4.39766930541199e-05,3.25592057978787e-02,6.41680998587110e+02,sinkhorn_cellsim
2.524190e+03,72801,4.39583818305047e-05,3.25592058891512e-02,6.41681000559189e+02,sinkhorn_cellsim
2.524884e+03,72821,4.39394926668409e-05,3.25592059811094e-02,6.41681002530306e+02,sinkhorn_cellsim
2.525577e+03,72841,4.39200236424313e-05,3.25592060736736e-02,6.41681004500465e+02,sinkhorn_cellsim
2.526271e+03,72861,4.38999720592777e-05,3.25592061667676e-02,6.41681006469665e+02,sinkhorn_cellsim
2.526964e+03,72881,4.38793343277568e-05,3.25592062603171e-02,6.41681008437903e+02,sinkhorn_cellsim
2.527657e+03,72901,4.38581059269171e-05,3.25592063542512e-02,6.41681010405171e+02,sinkhorn_cellsim
2.528351e+03,72921,4.38362814310480e-05,3.25592064485022e-02,6.41681012371456e+02,sinkhorn_cellsim
2.529044e+03,72941,4.38140003132124e-05,3.25592065430062e-02,6.41681014336744e+02,sinkhorn_cellsim
2.529738e+03,72961,4.37912669067377e-05,3.25592066377032e-02,6.41681016301015e+02,sinkhorn_cellsim
2.530431e+03,72981,4.37679921156613e-05,3.25592067325350e-02,6.41681018264247e+02,sinkhorn_cellsim
2.531125e+03,73001,4.37448619607698e-05,3.25592068274485e-02,6.41681020226415e+02,sinkhorn_cellsim
2.531818e+03,73021,4.37213638184784e-05,3.25592069223934e-02,6.41681022187492e+02,sinkhorn_cellsim
2.532512e+03,73041,4.36972204858686e-05,3.25592070173223e-02,6.41681024147448e+02,sinkhorn_cellsim
2.533205e+03,73061,4.36724546567916e-05,3.25592071121909e-02,6.41681026106252e+02,sinkhorn_cellsim
2.533899e+03,73081,4.36471054178106e-05,3.25592072069576e-02,6.41681028063874e+02,sinkhorn_cellsim
2.534592e+03,73101,4.36210746820508e-05,3.25592073015831e-02,6.41681030020279e+02,sinkhorn_cellsim
2.535285e+03,73121,4.35943865185736e-05,3.25592073960302e-02,6.41681031975437e+02,sinkhorn_cellsim
2.535979e+03,73141,4.35670217313686e-05,3.25592074902646e-02,6.41681033929316e+02,sinkhorn_cellsim
2.536672e+03,73161,4.35390156948624e-05,3.25592075842529e-02,6.41681035881887e+02,sinkhorn_cellsim
2.537366e+03,73181,4.35105118384317e-05,3.25592076779635e-02,6.41681037833120e+02,sinkhorn_cellsim
2.538059e+03,73201,4.34815989787171e-05,3.25592077713659e-02,6.41681039782991e+02,sinkhorn_cellsim
2.538753e+03,73221,4.34522124413137e-05,3.25592078644307e-02,6.41681041731476e+02,sinkhorn_cellsim
2.539446e+03,73241,4.34221653318924e-05,3.25592079571295e-02,6.41681043678554e+02,sinkhorn_cellsim
2.540139e+03,73261,4.33914736485145e-05,3.25592080494336e-02,6.41681045624208e+02,sinkhorn_cellsim
2.540833e+03,73281,4.33603387745678e-05,3.25592081413146e-02,6.41681047568423e+02,sinkhorn_cellsim
2.541526e+03,73301,4.33289556761653e-05,3.25592082327434e-02,6.41681049511188e+02,sinkhorn_cellsim
2.542220e+03,73321,4.32974032158823e-05,3.25592083236903e-02,6.41681051452494e+02,sinkhorn_cellsim
2.542913e+03,73341,4.32657302018899e-05,3.25592084141237e-02,6.41681053392335e+02,sinkhorn_cellsim
2.543607e+03,73361,4.32336681276619e-05,3.25592085040107e-02,6.41681055330708e+02,sinkhorn_cellsim
2.544300e+03,73381,4.32014777372858e-05,3.25592085933151e-02,6.41681057267610e+02,sinkhorn_cellsim
2.544994e+03,73401,4.31689723126980e-05,3.25592086819977e-02,6.41681059203042e+02,sinkhorn_cellsim
2.545687e+03,73421,4.31361263847621e-05,3.25592087700153e-02,6.41681061137005e+02,sinkhorn_cellsim
2.546380e+03,73441,4.31030068420764e-05,3.25592088573212e-02,6.41681063069501e+02,sinkhorn_cellsim
2.547074e+03,73461,4.30696886775522e-05,3.25592089438629e-02,6.41681065000532e+02,sinkhorn_cellsim
2.547767e+03,73481,4.30362760103843e-05,3.25592090295830e-02,6.41681066930101e+02,sinkhorn_cellsim
2.548461e+03,73501,4.30026682477509e-05,3.25592091144202e-02,6.41681068858209e+02,sinkhorn_cellsim
2.549154e+03,73521,4.29690141449056e-05,3.25592091983068e-02,6.41681070784858e+02,sinkhorn_cellsim
2.549848e+03,73541,4.29356356886072e-05,3.25592092811717e-02,6.41681072710050e+02,sinkhorn_cellsim
2.550541e+03,73561,4.29021575586927e-05,3.25592093629398e-02,6.41681074633784e+02,sinkhorn_cellsim
2.551235e+03,73581,4.28685723765442e-05,3.25592094435335e-02,6.41681076556061e+02,sinkhorn_cellsim
2.551928e+03,73601,4.28352943303735e-05,3.25592095228743e-02,6.41681078476881e+02,sinkhorn_cellsim
2.552621e+03,73621,4.28023409687628e-05,3.25592096008846e-02,6.41681080396243e+02,sinkhorn_cellsim
2.553315e+03,73641,4.27700353053595e-05,3.25592096774889e-02,6.41681082314146e+02,sinkhorn_cellsim
2.554008e+03,73661,4.27383239152268e-05,3.25592097526184e-02,6.41681084230590e+02,sinkhorn_cellsim
2.554702e+03,73681,4.27076994529982e-05,3.25592098262110e-02,6.41681086145575e+02,sinkhorn_cellsim
2.555395e+03,73701,4.26771806251220e-05,3.25592098982154e-02,6.41681088059101e+02,sinkhorn_cellsim
2.556089e+03,73721,4.26467033003796e-05,3.25592099685947e-02,6.41681089971169e+02,sinkhorn_cellsim
2.556782e+03,73741,4.26163150490024e-05,3.25592100373268e-02,6.41681091881782e+02,sinkhorn_cellsim
2.557476e+03,73761,4.25861717518144e-05,3.25592101044095e-02,6.41681093790942e+02,sinkhorn_cellsim
2.558169e+03,73781,4.25559922934814e-05,3.25592101698606e-02,6.41681095698651e+02,sinkhorn_cellsim
2.558862e+03,73801,4.25257042355611e-05,3.25592102337210e-02,6.41681097604915e+02,sinkhorn_cellsim
2.559556e+03,73821,4.24956107621357e-05,3.25592102960561e-02,6.41681099509735e+02,sinkhorn_cellsim
2.560249e+03,73841,4.24660270062203e-05,3.25592103569552e-02,6.41681101413114e+02,sinkhorn_cellsim
2.560943e+03,73861,4.24365809041894e-05,3.25592104165331e-02,6.41681103315056e+02,sinkhorn_cellsim
2.561636e+03,73881,4.24068938300376e-05,3.25592104749282e-02,6.41681105215560e+02,sinkhorn_cellsim
2.562330e+03,73901,4.23769043471626e-05,3.25592105323017e-02,6.41681107114625e+02,sinkhorn_cellsim
2.563023e+03,73921,4.23467878154128e-05,3.25592105888353e-02,6.41681109012246e+02,sinkhorn_cellsim
2.563717e+03,73941,4.23168363681982e-05,3.25592106447284e-02,6.41681110908418e+02,sinkhorn_cellsim
2.564410e+03,73961,4.22872690773081e-05,3.25592107001946e-02,6.41681112803127e+02,sinkhorn_cellsim
2.565103e+03,73981,4.22577592212206e-05,3.25592107554584e-02,6.41681114696359e+02,sinkhorn_cellsim
2.565797e+03,74001,4.22280611628644e-05,3.25592108107506e-02,6.41681116588093e+02,sinkhorn_cellsim
2.566490e+03,74021,4.21979014871344e-05,3.25592108663036e-02,6.41681118478304e+02,sinkhorn_cellsim
2.567184e+03,74041,4.21670211783002e-05,3.25592109223479e-02,6.41681120366962e+02,sinkhorn_cellsim
2.567877e+03,74061,4.21353411896457e-05,3.25592109791069e-02,6.41681122254030e+02,sinkhorn_cellsim
2.568571e+03,74081,4.21028068428148e-05,3.25592110367924e-02,6.41681124139467e+02,sinkhorn_cellsim
2.569264e+03,74101,4.20693637450374e-05,3.25592110956011e-02,6.41681126023226e+02,sinkhorn_cellsim
2.569958e+03,74121,4.20351821985891e-05,3.25592111557102e-02,6.41681127905255e+02,sinkhorn_cellsim
2.570651e+03,74141,4.20003245863015e-05,3.25592112172743e-02,6.41681129785496e+02,sinkhorn_cellsim
2.571345e+03,74161,4.19661585520629e-05,3.25592112804223e-02,6.41681131663889e+02,sinkhorn_cellsim
2.572038e+03,74181,4.19315259951478e-05,3.25592113452536e-02,6.41681133540369e+02,sinkhorn_cellsim
2.572731e+03,74201,4.18961368482377e-05,3.25592114118384e-02,6.41681135414869e+02,sinkhorn_cellsim
2.573425e+03,74221,4.18614123003123e-05,3.25592114802130e-02,6.41681137287318e+02,sinkhorn_cellsim
2.574118e+03,74241,4.18262334597301e-05,3.25592115503803e-02,6.41681139157646e+02,sinkhorn_cellsim
2.574812e+03,74261,4.17901846117633e-05,3.25592116223086e-02,6.41681141025782e+02,sinkhorn_cellsim
2.575505e+03,74281,4.17530457188213e-05,3.25592116959327e-02,6.41681142891655e+02,sinkhorn_cellsim
2.576199e+03,74301,4.17148261072509e-05,3.25592117711513e-02,6.41681144755196e+02,sinkhorn_cellsim
2.576892e+03,74321,4.16756002891457e-05,3.25592118478320e-02,6.41681146616339e+02,sinkhorn_cellsim
2.577586e+03,74341,4.16366344675715e-05,3.25592119258097e-02,6.41681148475024e+02,sinkhorn_cellsim
2.578279e+03,74361,4.15978087263056e-05,3.25592120048920e-02,6.41681150331193e+02,sinkhorn_cellsim
2.578972e+03,74381,4.15587749118227e-05,3.25592120848602e-02,6.41681152184794e+02,sinkhorn_cellsim
2.579666e+03,74401,4.15188224715889e-05,3.25592121654745e-02,6.41681154035784e+02,sinkhorn_cellsim
2.580359e+03,74421,4.14779478136530e-05,3.25592122464787e-02,6.41681155884125e+02,sinkhorn_cellsim
2.581053e+03,74441,4.14360737322530e-05,3.25592123276042e-02,6.41681157729788e+02,sinkhorn_cellsim
2.581746e+03,74461,4.13941358446895e-05,3.25592124085779e-02,6.41681159572751e+02,sinkhorn_cellsim
2.582440e+03,74481,4.13517395298666e-05,3.25592124891260e-02,6.41681161413003e+02,sinkhorn_cellsim
2.583133e+03,74501,4.13083584349304e-05,3.25592125689824e-02,6.41681163250539e+02,sinkhorn_cellsim
2.583827e+03,74521,4.12640614979102e-05,3.25592126478935e-02,6.41681165085366e+02,sinkhorn_cellsim
2.584520e+03,74541,4.12190818720167e-05,3.25592127256252e-02,6.41681166917494e+02,sinkhorn_cellsim
2.585213e+03,74561,4.11740838109177e-05,3.25592128019685e-02,6.41681168746947e+02,sinkhorn_cellsim
2.585907e+03,74581,4.11289863249157e-05,3.25592128767439e-02,6.41681170573754e+02,sinkhorn_cellsim
2.586600e+03,74601,4.10838452963938e-05,3.25592129498062e-02,6.41681172397949e+02,sinkhorn_cellsim
2.587294e+03,74621,4.10379822547592e-05,3.25592130210473e-02,6.41681174219575e+02,sinkhorn_cellsim
2.587987e+03,74641,4.09914503809904e-05,3.25592130903984e-02,6.41681176038681e+02,sinkhorn_cellsim
2.588681e+03,74661,4.09444665708160e-05,3.25592131578305e-02,6.41681177855319e+02,sinkhorn_cellsim
2.589374e+03,74681,4.08978181838108e-05,3.25592132233544e-02,6.41681179669547e+02,sinkhorn_cellsim
2.590068e+03,74701,4.08513005644589e-05,3.25592132870177e-02,6.41681181481425e+02,sinkhorn_cellsim
2.590761e+03,74721,4.08044474315007e-05,3.25592133489046e-02,6.41681183291016e+02,sinkhorn_cellsim
2.591454e+03,74741,4.07572068052038e-05,3.25592134091289e-02,6.41681185098387e+02,sinkhorn_cellsim
2.592148e+03,74761,4.07094879482003e-05,3.25592134678325e-02,6.41681186903603e+02,sinkhorn_cellsim
2.592841e+03,74781,4.06616875665636e-05,3.25592135251783e-02,6.41681188706731e+02,sinkhorn_cellsim
2.593535e+03,74801,4.06135580388078e-05,3.25592135813456e-02,6.41681190507839e+02,sinkhorn_cellsim
2.594228e+03,74821,4.05653703158121e-05,3.25592136365256e-02,6.41681192306992e+02,sinkhorn_cellsim
2.594922e+03,74841,4.05171460675619e-05,3.25592136909132e-02,6.41681194104256e+02,sinkhorn_cellsim
2.595615e+03,74861,4.04690139694606e-05,3.25592137447055e-02,6.41681195899692e+02,sinkhorn_cellsim
2.596309e+03,74881,4.04209801035639e-05,3.25592137980946e-02,6.41681197693362e+02,sinkhorn_cellsim
2.597002e+03,74901,4.03731437420843e-05,3.25592138512646e-02,6.41681199485322e+02,sinkhorn_cellsim
2.597696e+03,74921,4.03254289652318e-05,3.25592139043876e-02,6.41681201275625e+02,sinkhorn_cellsim
2.598389e+03,74941,4.02778415956485e-05,3.25592139576226e-02,6.41681203064322e+02,sinkhorn_cellsim
2.599082e+03,74961,4.02304219583971e-05,3.25592140111117e-02,6.41681204851458e+02,sinkhorn_cellsim
2.599776e+03,74981,4.01830980238506e-05,3.25592140649804e-02,6.41681206637075e+02,sinkhorn_cellsim
2.600469e+03,75001,4.01360094089757e-05,3.25592141193369e-02,6.41681208421209e+02,sinkhorn_cellsim
2.601163e+03,75021,4.00897250995226e-05,3.25592141742732e-02,6.41681210203894e+02,sinkhorn_cellsim
2.601856e+03,75041,4.00438780207847e-05,3.25592142298646e-02,6.41681211985157e+02,sinkhorn_cellsim
2.602550e+03,75061,3.99983249639774e-05,3.25592142861728e-02,6.41681213765024e+02,sinkhorn_cellsim
2.603243e+03,75081,3.99533454560672e-05,3.25592143432469e-02,6.41681215543516e+02,sinkhorn_cellsim
2.603937e+03,75101,3.99089846992425e-05,3.25592144011266e-02,6.41681217320650e+02,sinkhorn_cellsim
2.604630e+03,75121,3.98656855689782e-05,3.25592144598439e-02,6.41681219096443e+02,sinkhorn_cellsim
2.605323e+03,75141,3.98233472328811e-05,3.25592145194271e-02,6.41681220870907e+02,sinkhorn_cellsim
2.606017e+03,75161,3.97817936672731e-05,3.25592145799026e-02,6.41681222644056e+02,sinkhorn_cellsim
2.606710e+03,75181,3.97407257994314e-05,3.25592146412992e-02,6.41681224415899e+02,sinkhorn_cellsim
2.607404e+03,75201,3.97005508889125e-05,3.25592147036497e-02,6.41681226186450e+02,sinkhorn_cellsim
2.608097e+03,75221,3.96617630235018e-05,3.25592147669958e-02,6.41681227955720e+02,sinkhorn_cellsim
2.608791e+03,75241,3.96241677843490e-05,3.25592148313892e-02,6.41681229723722e+02,sinkhorn_cellsim
2.609484e+03,75261,3.95876203668607e-05,3.25592148968949e-02,6.41681231490470e+02,sinkhorn_cellsim
2.610178e+03,75281,3.95523913942764e-05,3.25592149635952e-02,6.41681233255982e+02,sinkhorn_cellsim
2.610871e+03,75301,3.95184975298344e-05,3.25592150315895e-02,6.41681235020276e+02,sinkhorn_cellsim
2.611564e+03,75321,3.94855086737495e-05,3.25592151009985e-02,6.41681236783373e+02,sinkhorn_cellsim
2.612258e+03,75341,3.94530972339524e-05,3.25592151719652e-02,6.41681238545296e+02,sinkhorn_cellsim
2.612951e+03,75361,3.94211238195469e-05,3.25592152446568e-02,6.41681240306072e+02,sinkhorn_cellsim
2.613645e+03,75381,3.93900170047888e-05,3.25592153192646e-02,6.41681242065727e+02,sinkhorn_cellsim
2.614338e+03,75401,3.93590898170466e-05,3.25592153960064e-02,6.41681243824290e+02,sinkhorn_cellsim
2.615032e+03,75421,3.93283343337040e-05,3.25592154751267e-02,6.41681245581792e+02,sinkhorn_cellsim
2.615725e+03,75441,3.92978532885006e-05,3.25592155568959e-02,6.41681247338263e+02,sinkhorn_cellsim
2.616419e+03,75461,3.92682624410366e-05,3.25592156416112e-02,6.41681249093733e+02,sinkhorn_cellsim
2.617112e+03,75481,3.92388126699163e-05,3.25592157295958e-02,6.41681250848233e+02,sinkhorn_cellsim
2.617806e+03,75501,3.92094971324373e-05,3.25592158211994e-02,6.41681252601791e+02,sinkhorn_cellsim
2.618499e+03,75521,3.91803557279270e-05,3.25592159167962e-02,6.41681254354433e+02,sinkhorn_cellsim
2.619192e+03,75541,3.91514264582734e-05,3.25592160167854e-02,6.41681256106184e+02,sinkhorn_cellsim
2.619886e+03,75561,3.91227285962830e-05,3.25592161215911e-02,6.41681257857063e+02,sinkhorn_cellsim
2.620579e+03,75581,3.90942463892259e-05,3.25592162316590e-02,6.41681259607089e+02,sinkhorn_cellsim
2.621273e+03,75601,3.90658933184225e-05,3.25592163474604e-02,6.41681261356274e+02,sinkhorn_cellsim
2.621966e+03,75621,3.90376418020726e-05,3.25592164694882e-02,6.41681263104625e+02,sinkhorn_cellsim
2.622660e+03,75641,3.90094836759304e-05,3.25592165982583e-02,6.41681264852147e+02,sinkhorn_cellsim
2.623353e+03,75661,3.89818852964049e-05,3.25592167343090e-02,6.41681266598837e+02,sinkhorn_cellsim
2.624046e+03,75681,3.89545036843425e-05,3.25592168782023e-02,6.41681268344689e+02,sinkhorn_cellsim
2.624740e+03,75701,3.89271729015947e-05,3.25592170305231e-02,6.41681270089689e+02,sinkhorn_cellsim
2.625433e+03,75721,3.88998627984166e-05,3.25592171918790e-02,6.41681271833819e+02,sinkhorn_cellsim
2.626127e+03,75741,3.88725380643107e-05,3.25592173629009e-02,6.41681273577055e+02,sinkhorn_cellsim
2.626820e+03,75761,3.88451581751380e-05,3.25592175442445e-02,6.41681275319367e+02,sinkhorn_cellsim
2.627514e+03,75781,3.88178587556353e-05,3.25592177365869e-02,6.41681277060720e+02,sinkhorn_cellsim
2.628207e+03,75801,3.87911611032419e-05,3.25592179406285e-02,6.41681278801071e+02,sinkhorn_cellsim
2.628901e+03,75821,3.87643655657047e-05,3.25592181570922e-02,6.41681280540375e+02,sinkhorn_cellsim
2.629594e+03,75841,3.87373709750763e-05,3.25592183867192e-02,6.41681282278578e+02,sinkhorn_cellsim
2.630288e+03,75861,3.87101152003561e-05,3.25592186302697e-02,6.41681284015623e+02,sinkhorn_cellsim
2.630981e+03,75881,3.86825318627281e-05,3.25592188885188e-02,6.41681285751446e+02,sinkhorn_cellsim
2.631674e+03,75901,3.86547335672368e-05,3.25592191622526e-02,6.41681287485979e+02,sinkhorn_cellsim
2.632368e+03,75921,3.86265217851779e-05,3.25592194522636e-02,6.41681289219149e+02,sinkhorn_cellsim
2.633061e+03,75941,3.85985527738915e-05,3.25592197593458e-02,6.41681290950879e+02,sinkhorn_cellsim
2.633755e+03,75961,3.85701422312547e-05,3.25592200842865e-02,6.41681292681086e+02,sinkhorn_cellsim
2.634448e+03,75981,3.85410106877756e-05,3.25592204278592e-02,6.41681294409684e+02,sinkhorn_cellsim
2.635142e+03,76001,3.85116197105424e-05,3.25592207908150e-02,6.41681296136585e+02,sinkhorn_cellsim
2.635835e+03,76021,3.84815601088885e-05,3.25592211738711e-02,6.41681297861695e+02,sinkhorn_cellsim
2.636529e+03,76041,3.84511882033978e-05,3.25592215777010e-02,6.41681299584920e+02,sinkhorn_cellsim
2.637222e+03,76061,3.84203561996344e-05,3.25592220029224e-02,6.41681301306162e+02,sinkhorn_cellsim
2.637915e+03,76081,3.83891493056282e-05,3.25592224500826e-02,6.41681303025324e+02,sinkhorn_cellsim
2.638609e+03,76101,3.83568622614755e-05,3.25592229196467e-02,6.41681304742307e+02,sinkhorn_cellsim
2.639302e+03,76121,3.83234962124604e-05,3.25592234119833e-02,6.41681306457013e+02,sinkhorn_cellsim
2.639996e+03,76141,3.82894651696729e-05,3.25592239273499e-02,6.41681308169345e+02,sinkhorn_cellsim
2.640689e+03,76161,3.82545077456999e-05,3.25592244658800e-02,6.41681309879209e+02,sinkhorn_cellsim
2.641383e+03,76181,3.82188595368250e-05,3.25592250275692e-02,6.41681311586513e+02,sinkhorn_cellsim
2.642076e+03,76201,3.81828936686092e-05,3.25592256122651e-02,6.41681313291170e+02,sinkhorn_cellsim
2.642770e+03,76221,3.81462026053726e-05,3.25592262196548e-02,6.41681314993098e+02,sinkhorn_cellsim
2.643463e+03,76241,3.81081081399731e-05,3.25592268492582e-02,6.41681316692222e+02,sinkhorn_cellsim
2.644157e+03,76261,3.80690368827769e-05,3.25592275004217e-02,6.41681318388474e+02,sinkhorn_cellsim
2.644850e+03,76281,3.80283892503803e-05,3.25592281723143e-02,6.41681320081795e+02,sinkhorn_cellsim
2.645543e+03,76301,3.79861554282129e-05,3.25592288639287e-02,6.41681321772135e+02,sinkhorn_cellsim
2.646237e+03,76321,3.79424277286834e-05,3.25592295740840e-02,6.41681323459453e+02,sinkhorn_cellsim
2.646930e+03,76341,3.78981184750665e-05,3.25592303014324e-02,6.41681325143723e+02,sinkhorn_cellsim
2.647624e+03,76361,3.78531976920455e-05,3.25592310444701e-02,6.41681326824926e+02,sinkhorn_cellsim
2.648317e+03,76381,3.78080826289572e-05,3.25592318015507e-02,6.41681328503060e+02,sinkhorn_cellsim
2.649011e+03,76401,3.77621347766164e-05,3.25592325709011e-02,6.41681330178131e+02,sinkhorn_cellsim
2.649704e+03,76421,3.77154167810880e-05,3.25592333506425e-02,6.41681331850161e+02,sinkhorn_cellsim
2.650398e+03,76441,3.76679365281105e-05,3.25592341388110e-02,6.41681333519184e+02,sinkhorn_cellsim
2.651091e+03,76461,3.76195581100650e-05,3.25592349333812e-02,6.41681335185246e+02,sinkhorn_cellsim
2.651785e+03,76481,3.75700516207300e-05,3.25592357322919e-02,6.41681336848404e+02,sinkhorn_cellsim
2.652478e+03,76501,3.75194935125947e-05,3.25592365334695e-02,6.41681338508729e+02,sinkhorn_cellsim
2.653171e+03,76521,3.74683835999496e-05,3.25592373348537e-02,6.41681340166301e+02,sinkhorn_cellsim
2.653865e+03,76541,3.74166883002643e-05,3.25592381344207e-02,6.41681341821210e+02,sinkhorn_cellsim
2.654558e+03,76561,3.73645696746392e-05,3.25592389302057e-02,6.41681343473553e+02,sinkhorn_cellsim
2.655252e+03,76581,3.73123617998446e-05,3.25592397203231e-02,6.41681345123438e+02,sinkhorn_cellsim
2.655945e+03,76601,3.72603712777612e-05,3.25592405029842e-02,6.41681346770974e+02,sinkhorn_cellsim
2.656639e+03,76621,3.72079792959874e-05,3.25592412765120e-02,6.41681348416280e+02,sinkhorn_cellsim
2.657332e+03,76641,3.71555466600891e-05,3.25592420393537e-02,6.41681350059475e+02,sinkhorn_cellsim
2.658026e+03,76661,3.71028801630878e-05,3.25592427900897e-02,6.41681351700680e+02,sinkhorn_cellsim
2.658719e+03,76681,3.70501122238910e-05,3.25592435274400e-02,6.41681353340018e+02,sinkhorn_cellsim
2.659412e+03,76701,3.69973504087138e-05,3.25592442502665e-02,6.41681354977610e+02,sinkhorn_cellsim
2.660106e+03,76721,3.69447211523683e-05,3.25592449575754e-02,6.41681356613577e+02,sinkhorn_cellsim
2.660799e+03,76741,3.68924407735985e-05,3.25592456485151e-02,6.41681358248036e+02,sinkhorn_cellsim
2.661493e+03,76761,3.68407275053199e-05,3.25592463223724e-02,6.41681359881101e+02,sinkhorn_cellsim
2.662186e+03,76781,3.67896996710131e-05,3.25592469785673e-02,6.41681361512881e+02,sinkhorn_cellsim
2.662880e+03,76801,3.67393927194954e-05,3.25592476166458e-02,6.41681363143481e+02,sinkhorn_cellsim
2.663573e+03,76821,3.66897386410975e-05,3.25592482362743e-02,6.41681364772998e+02,sinkhorn_cellsim
2.664267e+03,76841,3.66410159496323e-05,3.25592488372295e-02,6.41681366401527e+02,sinkhorn_cellsim
2.664960e+03,76861,3.65935142910414e-05,3.25592494193897e-02,6.41681368029154e+02,sinkhorn_cellsim
2.665654e+03,76881,3.65470927070842e-05,3.25592499827269e-02,6.41681369655960e+02,sinkhorn_cellsim
2.666347e+03,76901,3.65021386318597e-05,3.25592505272961e-02,6.41681371282019e+02,sinkhorn_cellsim
2.667040e+03,76921,3.64583079388577e-05,3.25592510532283e-02,6.41681372907400e+02,sinkhorn_cellsim
2.667734e+03,76941,3.64155119568653e-05,3.25592515607205e-02,6.41681374532166e+02,sinkhorn_cellsim
2.668427e+03,76961,3.63737952648629e-05,3.25592520500277e-02,6.41681376156373e+02,sinkhorn_cellsim
2.669121e+03,76981,3.63331478663744e-05,3.25592525214553e-02,6.41681377780072e+02,sinkhorn_cellsim
2.669814e+03,77001,3.62935897295470e-05,3.25592529753529e-02,6.41681379403310e+02,sinkhorn_cellsim
2.670508e+03,77021,3.62551336363314e-05,3.25592534121052e-02,6.41681381026128e+02,sinkhorn_cellsim
2.671201e+03,77041,3.62177856596550e-05,3.25592538321274e-02,6.41681382648561e+02,sinkhorn_cellsim
2.671895e+03,77061,3.61815658579598e-05,3.25592542358600e-02,6.41681384270642e+02,sinkhorn_cellsim
2.672588e+03,77081,3.61466687858338e-05,3.25592546237620e-02,6.41681385892398e+02,sinkhorn_cellsim
2.673281e+03,77101,3.61128724733786e-05,3.25592549963072e-02,6.41681387513854e+02,sinkhorn_cellsim
2.673975e+03,77121,3.60801541735573e-05,3.25592553539801e-02,6.41681389135029e+02,sinkhorn_cellsim
2.674668e+03,77141,3.60486874854296e-05,3.25592556972717e-02,6.41681390755941e+02,sinkhorn_cellsim
2.675362e+03,77161,3.60186236647567e-05,3.25592560266766e-02,6.41681392376604e+02,sinkhorn_cellsim
2.676055e+03,77181,3.59898311437051e-05,3.25592563426904e-02,6.41681393997028e+02,sinkhorn_cellsim
2.676749e+03,77201,3.59624384297789e-05,3.25592566458059e-02,6.41681395617222e+02,sinkhorn_cellsim
2.677442e+03,77221,3.59360986431670e-05,3.25592569365122e-02,6.41681397237192e+02,sinkhorn_cellsim
2.678136e+03,77241,3.59107975749188e-05,3.25592572152919e-02,6.41681398856940e+02,sinkhorn_cellsim
2.678829e+03,77261,3.58868750432738e-05,3.25592574826200e-02,6.41681400476469e+02,sinkhorn_cellsim
2.679522e+03,77281,3.58645348848445e-05,3.25592577389628e-02,6.41681402095776e+02,sinkhorn_cellsim
2.680216e+03,77301,3.58431403515168e-05,3.25592579847755e-02,6.41681403714859e+02,sinkhorn_cellsim
2.680909e+03,77321,3.58225866087176e-05,3.25592582205024e-02,6.41681405333712e+02,sinkhorn_cellsim
2.681603e+03,77341,3.58036017577100e-05,3.25592584465759e-02,6.41681406952328e+02,sinkhorn_cellsim
2.682296e+03,77361,3.57852817985283e-05,3.25592586634162e-02,6.41681408570696e+02,sinkhorn_cellsim
2.682990e+03,77381,3.57674634900473e-05,3.25592588714291e-02,6.41681410188808e+02,sinkhorn_cellsim
2.683683e+03,77401,3.57500983683678e-05,3.25592590710089e-02,6.41681411806648e+02,sinkhorn_cellsim
2.684377e+03,77421,3.57334997803296e-05,3.25592592625351e-02,6.41681413424202e+02,sinkhorn_cellsim
2.685070e+03,77441,3.57174067462832e-05,3.25592594463740e-02,6.41681415041454e+02,sinkhorn_cellsim
2.685763e+03,77461,3.57017363676605e-05,3.25592596228783e-02,6.41681416658384e+02,sinkhorn_cellsim
2.686457e+03,77481,3.56866896989528e-05,3.25592597923871e-02,6.41681418274972e+02,sinkhorn_cellsim
2.687150e+03,77501,3.56722878929252e-05,3.25592599552263e-02,6.41681419891195e+02,sinkhorn_cellsim
2.687844e+03,77521,3.56580123252976e-05,3.25592601117081e-02,6.41681421507030e+02,sinkhorn_cellsim
2.688537e+03,77541,3.56438361781928e-05,3.25592602621324e-02,6.41681423122449e+02,sinkhorn_cellsim
2.689231e+03,77561,3.56300186690459e-05,3.25592604067860e-02,6.41681424737426e+02,sinkhorn_cellsim
2.689924e+03,77581,3.56167676823180e-05,3.25592605459438e-02,6.41681426351930e+02,sinkhorn_cellsim
2.690618e+03,77601,3.56037428245302e-05,3.25592606798683e-02,6.41681427965931e+02,sinkhorn_cellsim
2.691311e+03,77621,3.55909569900399e-05,3.25592608088108e-02,6.41681429579395e+02,sinkhorn_cellsim
2.692005e+03,77641,3.55786375913916e-05,3.25592609330117e-02,6.41681431192290e+02,sinkhorn_cellsim
2.692698e+03,77661,3.55661834192483e-05,3.25592610527002e-02,6.41681432804579e+02,sinkhorn_cellsim
2.693391e+03,77681,3.55535928416107e-05,3.25592611680960e-02,6.41681434416226e+02,sinkhorn_cellsim
2.694085e+03,77701,3.55410096694066e-05,3.25592612794086e-02,6.41681436027196e+02,sinkhorn_cellsim
2.694778e+03,77721,3.55284911516373e-05,3.25592613868389e-02,6.41681437637449e+02,sinkhorn_cellsim
2.695472e+03,77741,3.55163839865498e-05,3.25592614905787e-02,6.41681439246948e+02,sinkhorn_cellsim
2.696165e+03,77761,3.55039501929022e-05,3.25592615908120e-02,6.41681440855657e+02,sinkhorn_cellsim
2.696859e+03,77781,3.54910897095085e-05,3.25592616877158e-02,6.41681442463539e+02,sinkhorn_cellsim
2.697552e+03,77801,3.54777742634786e-05,3.25592617814595e-02,6.41681444070557e+02,sinkhorn_cellsim
2.698246e+03,77821,3.54641323507950e-05,3.25592618722074e-02,6.41681445676677e+02,sinkhorn_cellsim
2.698939e+03,77841,3.54505275110309e-05,3.25592619601179e-02,6.41681447281868e+02,sinkhorn_cellsim
2.699632e+03,77861,3.54365786124980e-05,3.25592620453447e-02,6.41681448886098e+02,sinkhorn_cellsim
2.700326e+03,77881,3.54220968912477e-05,3.25592621280378e-02,6.41681450489342e+02,sinkhorn_cellsim
2.701019e+03,77901,3.54070961540144e-05,3.25592622083443e-02,6.41681452091576e+02,sinkhorn_cellsim
2.701713e+03,77921,3.53920093821437e-05,3.25592622864087e-02,6.41681453692778e+02,sinkhorn_cellsim
2.702406e+03,77941,3.53764274446373e-05,3.25592623623742e-02,6.41681455292933e+02,sinkhorn_cellsim
2.703100e+03,77961,3.53605173486376e-05,3.25592624363830e-02,6.41681456892030e+02,sinkhorn_cellsim
2.703793e+03,77981,3.53441474229056e-05,3.25592625085782e-02,6.41681458490061e+02,sinkhorn_cellsim
2.704487e+03,78001,3.53272345728276e-05,3.25592625791029e-02,6.41681460087023e+02,sinkhorn_cellsim
2.705180e+03,78021,3.53097987736571e-05,3.25592626481023e-02,6.41681461682918e+02,sinkhorn_cellsim
2.705873e+03,78041,3.52918650909775e-05,3.25592627157238e-02,6.41681463277752e+02,sinkhorn_cellsim
2.706567e+03,78061,3.52734641850491e-05,3.25592627821181e-02,6.41681464871535e+02,sinkhorn_cellsim
2.707260e+03,78081,3.52548093685122e-05,3.25592628474391e-02,6.41681466464281e+02,sinkhorn_cellsim
2.707954e+03,78101,3.52357792696926e-05,3.25592629118445e-02,6.41681468056008e+02,sinkhorn_cellsim
2.708647e+03,78121,3.52163726130286e-05,3.25592629754973e-02,6.41681469646736e+02,sinkhorn_cellsim
2.709341e+03,78141,3.51966302069790e-05,3.25592630385646e-02,6.41681471236487e+02,sinkhorn_cellsim
2.710034e+03,78161,3.51766003186087e-05,3.25592631012186e-02,6.41681472825284e+02,sinkhorn_cellsim
2.710728e+03,78181,3.51563738712293e-05,3.25592631636373e-02,6.41681474413151e+02,sinkhorn_cellsim
2.711421e+03,78201,3.51359377374371e-05,3.25592632260041e-02,6.41681476000114e+02,sinkhorn_cellsim
2.712115e+03,78221,3.51153322017798e-05,3.25592632885082e-02,6.41681477586196e+02,sinkhorn_cellsim
2.712808e+03,78241,3.50945949436057e-05,3.25592633513452e-02,6.41681479171418e+02,sinkhorn_cellsim
2.713502e+03,78261,3.50737600740352e-05,3.25592634147160e-02,6.41681480755800e+02,sinkhorn_cellsim
2.714195e+03,78281,3.50531116158220e-05,3.25592634788287e-02,6.41681482339360e+02,sinkhorn_cellsim
2.714889e+03,78301,3.50326021259863e-05,3.25592635438973e-02,6.41681483922112e+02,sinkhorn_cellsim
2.715582e+03,78321,3.50120437661914e-05,3.25592636101424e-02,6.41681485504065e+02,sinkhorn_cellsim
2.716275e+03,78341,3.49914501231685e-05,3.25592636777919e-02,6.41681487085224e+02,sinkhorn_cellsim
2.716969e+03,78361,3.49708278600063e-05,3.25592637470797e-02,6.41681488665592e+02,sinkhorn_cellsim
2.717662e+03,78381,3.49502223214009e-05,3.25592638182480e-02,6.41681490245164e+02,sinkhorn_cellsim
2.718356e+03,78401,3.49295754809622e-05,3.25592638915445e-02,6.41681491823931e+02,sinkhorn_cellsim
2.719049e+03,78421,3.49088616535269e-05,3.25592639672243e-02,6.41681493401879e+02,sinkhorn_cellsim
2.719743e+03,78441,3.48887340440344e-05,3.25592640455498e-02,6.41681494978989e+02,sinkhorn_cellsim
2.720436e+03,78461,3.48690037961605e-05,3.25592641267882e-02,6.41681496555237e+02,sinkhorn_cellsim
2.721130e+03,78481,3.48493921180270e-05,3.25592642112135e-02,6.41681498130591e+02,sinkhorn_cellsim
2.721823e+03,78501,3.48297088009238e-05,3.25592642991043e-02,6.41681499705018e+02,sinkhorn_cellsim
2.722516e+03,78521,3.48098943764479e-05,3.25592643907425e-02,6.41681501278476e+02,sinkhorn_cellsim
2.723210e+03,78541,3.47899187977546e-05,3.25592644864127e-02,6.41681502850921e+02,sinkhorn_cellsim
2.723903e+03,78561,3.47697593823590e-05,3.25592645863994e-02,6.41681504422304e+02,sinkhorn_cellsim
2.724597e+03,78581,3.47493237107614e-05,3.25592646909858e-02,6.41681505992570e+02,sinkhorn_cellsim
2.725290e+03,78601,3.47286393835709e-05,3.25592648004501e-02,6.41681507561662e+02,sinkhorn_cellsim
2.725984e+03,78621,3.47078652320122e-05,3.25592649150634e-02,6.41681509129520e+02,sinkhorn_cellsim
2.726677e+03,78641,3.46866255441202e-05,3.25592650350851e-02,6.41681510696078e+02,sinkhorn_cellsim
2.727371e+03,78661,3.46650029867240e-05,3.25592651607586e-02,6.41681512261272e+02,sinkhorn_cellsim
2.728064e+03,78681,3.46430664211558e-05,3.25592652923085e-02,6.41681513825032e+02,sinkhorn_cellsim
2.728757e+03,78701,3.46204826094044e-05,3.25592654299329e-02,6.41681515387291e+02,sinkhorn_cellsim
2.729451e+03,78721,3.45974211537181e-05,3.25592655737996e-02,6.41681516947980e+02,sinkhorn_cellsim
2.730144e+03,78741,3.45743256443163e-05,3.25592657240400e-02,6.41681518507030e+02,sinkhorn_cellsim
2.730838e+03,78761,3.45527728321583e-05,3.25592658807430e-02,6.41681520064376e+02,sinkhorn_cellsim
2.731531e+03,78781,3.45311659075345e-05,3.25592660439490e-02,6.41681521619955e+02,sinkhorn_cellsim
2.732225e+03,78801,3.45090734746213e-05,3.25592662136452e-02,6.41681523173706e+02,sinkhorn_cellsim
2.732918e+03,78821,3.44863469084017e-05,3.25592663897579e-02,6.41681524725574e+02,sinkhorn_cellsim
2.733612e+03,78841,3.44631987533939e-05,3.25592665721510e-02,6.41681526275511e+02,sinkhorn_cellsim
2.734305e+03,78861,3.44406306491858e-05,3.25592667606197e-02,6.41681527823474e+02,sinkhorn_cellsim
2.734999e+03,78881,3.44183764825936e-05,3.25592669548891e-02,6.41681529369428e+02,sinkhorn_cellsim
2.735692e+03,78901,3.43960937722817e-05,3.25592671546129e-02,6.41681530913346e+02,sinkhorn_cellsim
2.736386e+03,78921,3.43739209496180e-05,3.25592673593746e-02,6.41681532455211e+02,sinkhorn_cellsim
2.737079e+03,78941,3.43513458008668e-05,3.25592675686876e-02,6.41681533995014e+02,sinkhorn_cellsim
2.737772e+03,78961,3.43291054847223e-05,3.25592677820020e-02,6.41681535532757e+02,sinkhorn_cellsim
2.738466e+03,78981,3.43070107669209e-05,3.25592679987094e-02,6.41681537068451e+02,sinkhorn_cellsim
2.739159e+03,79001,3.42844313193227e-05,3.25592682181509e-02,6.41681538602116e+02,sinkhorn_cellsim
2.739853e+03,79021,3.42610783463411e-05,3.25592684396271e-02,6.41681540133780e+02,sinkhorn_cellsim
2.740546e+03,79041,3.42371432138895e-05,3.25592686624091e-02,6.41681541663483e+02,sinkhorn_cellsim
2.741240e+03,79061,3.42125021842218e-05,3.25592688857512e-02,6.41681543191268e+02,sinkhorn_cellsim
2.741933e+03,79081,3.41872685362205e-05,3.25592691089039e-02,6.41681544717187e+02,sinkhorn_cellsim
2.742626e+03,79101,3.41614314508846e-05,3.25592693311267e-02,6.41681546241296e+02,sinkhorn_cellsim
2.743320e+03,79121,3.41350607147718e-05,3.25592695517020e-02,6.41681547763656e+02,sinkhorn_cellsim
2.744013e+03,79141,3.41082976777943e-05,3.25592697699481e-02,6.41681549284330e+02,sinkhorn_cellsim
2.744707e+03,79161,3.40808943583895e-05,3.25592699852300e-02,6.41681550803380e+02,sinkhorn_cellsim
2.745400e+03,79181,3.40528121515658e-05,3.25592701969703e-02,6.41681552320871e+02,sinkhorn_cellsim
2.746094e+03,79201,3.40240787985373e-05,3.25592704046579e-02,6.41681553836864e+02,sinkhorn_cellsim
2.746787e+03,79221,3.39951962254595e-05,3.25592706078548e-02,6.41681555351418e+02,sinkhorn_cellsim
2.747481e+03,79241,3.39662100832659e-05,3.25592708062008e-02,6.41681556864588e+02,sinkhorn_cellsim
2.748174e+03,79261,3.39368764661081e-05,3.25592709994162e-02,6.41681558376422e+02,sinkhorn_cellsim
2.748867e+03,79281,3.39072761204090e-05,3.25592711873032e-02,6.41681559886966e+02,sinkhorn_cellsim
2.749561e+03,79301,3.38774260736869e-05,3.25592713697443e-02,6.41681561396256e+02,sinkhorn_cellsim
2.750254e+03,79321,3.38471745162589e-05,3.25592715467003e-02,6.41681562904322e+02,sinkhorn_cellsim
2.750948e+03,79341,3.38169311509193e-05,3.25592717182059e-02,6.41681564411187e+02,sinkhorn_cellsim
2.751641e+03,79361,3.37867017338794e-05,3.25592718843642e-02,6.41681565916864e+02,sinkhorn_cellsim
2.752335e+03,79381,3.37562523049584e-05,3.25592720453414e-02,6.41681567421362e+02,sinkhorn_cellsim
2.753028e+03,79401,3.37255094312101e-05,3.25592722013585e-02,6.41681568924678e+02,sinkhorn_cellsim
2.753722e+03,79421,3.36944787412020e-05,3.25592723526849e-02,6.41681570426805e+02,sinkhorn_cellsim
2.754415e+03,79441,3.36631809988052e-05,3.25592724996302e-02,6.41681571927724e+02,sinkhorn_cellsim
2.755108e+03,79461,3.36316845760932e-05,3.25592726425358e-02,6.41681573427413e+02,sinkhorn_cellsim
2.755802e+03,79481,3.36000573437421e-05,3.25592727817671e-02,6.41681574925839e+02,sinkhorn_cellsim
2.756495e+03,79501,3.35682425460592e-05,3.25592729177067e-02,6.41681576422967e+02,sinkhorn_cellsim
2.757189e+03,79521,3.35362243223867e-05,3.25592730507440e-02,6.41681577918750e+02,sinkhorn_cellsim
2.757882e+03,79541,3.35038417948530e-05,3.25592731812702e-02,6.41681579413142e+02,sinkhorn_cellsim
2.758576e+03,79561,3.34710649408355e-05,3.25592733096698e-02,6.41681580906085e+02,sinkhorn_cellsim
2.759269e+03,79581,3.34378589582359e-05,3.25592734363144e-02,6.41681582397523e+02,sinkhorn_cellsim
2.759962e+03,79601,3.34042056670318e-05,3.25592735615554e-02,6.41681583887391e+02,sinkhorn_cellsim
2.760656e+03,79621,3.33702080110222e-05,3.25592736857183e-02,6.41681585375623e+02,sinkhorn_cellsim
2.761349e+03,79641,3.33356628189220e-05,3.25592738090981e-02,6.41681586862152e+02,sinkhorn_cellsim
2.762043e+03,79661,3.33012602516128e-05,3.25592739319537e-02,6.41681588346906e+02,sinkhorn_cellsim
2.762736e+03,79681,3.32668130623606e-05,3.25592740545038e-02,6.41681589829816e+02,sinkhorn_cellsim
2.763430e+03,79701,3.32317572246872e-05,3.25592741769236e-02,6.41681591310809e+02,sinkhorn_cellsim
2.764123e+03,79721,3.31960474395038e-05,3.25592742993433e-02,6.41681592789815e+02,sinkhorn_cellsim
2.764817e+03,79741,3.31598542770849e-05,3.25592744218450e-02,6.41681594266764e+02,sinkhorn_cellsim
2.765510e+03,79761,3.31238067432242e-05,3.25592745444638e-02,6.41681595741590e+02,sinkhorn_cellsim
2.766203e+03,79781,3.30874507222903e-05,3.25592746671872e-02,6.41681597214227e+02,sinkhorn_cellsim
2.766897e+03,79801,3.30504462088875e-05,3.25592747899579e-02,6.41681598684614e+02,sinkhorn_cellsim
2.767590e+03,79821,3.30132948561896e-05,3.25592749126761e-02,6.41681600152695e+02,sinkhorn_cellsim
2.768284e+03,79841,3.29755886611859e-05,3.25592750352033e-02,6.41681601618414e+02,sinkhorn_cellsim
2.768977e+03,79861,3.29371212405417e-05,3.25592751573677e-02,6.41681603081724e+02,sinkhorn_cellsim
2.769671e+03,79881,3.28976187047575e-05,3.25592752789696e-02,6.41681604542581e+02,sinkhorn_cellsim
2.770364e+03,79901,3.28571749596075e-05,3.25592753997888e-02,6.41681606000944e+02,sinkhorn_cellsim
2.771058e+03,79921,3.28161123488801e-05,3.25592755195903e-02,6.41681607456780e+02,sinkhorn_cellsim
2.771751e+03,79941,3.27745392626504e-05,3.25592756381326e-02,6.41681608910058e+02,sinkhorn_cellsim
2.772445e+03,79961,3.27319936371081e-05,3.25592757551750e-02,6.41681610360753e+02,sinkhorn_cellsim
2.773138e+03,79981,3.26891604048400e-05,3.25592758704854e-02,6.41681611808843e+02,sinkhorn_cellsim
2.773831e+03,80001,3.26452880846466e-05,3.25592759838466e-02,6.41681613254308e+02,sinkhorn_cellsim
2.774525e+03,80021,3.26002447969464e-05,3.25592760950634e-02,6.41681614697132e+02,sinkhorn_cellsim
2.775218e+03,80041,3.25547145662667e-05,3.25592762039691e-02,6.41681616137303e+02,sinkhorn_cellsim
2.775912e+03,80061,3.25089580538734e-05,3.25592763104293e-02,6.41681617574807e+02,sinkhorn_cellsim
2.776605e+03,80081,3.24631853484947e-05,3.25592764143482e-02,6.41681619009632e+02,sinkhorn_cellsim
2.777299e+03,80101,3.24165583596696e-05,3.25592765156706e-02,6.41681620441765e+02,sinkhorn_cellsim
2.777992e+03,80121,3.23691298592031e-05,3.25592766143851e-02,6.41681621871195e+02,sinkhorn_cellsim
2.778686e+03,80141,3.23211524431882e-05,3.25592767105258e-02,6.41681623297906e+02,sinkhorn_cellsim
2.779379e+03,80161,3.22728852810819e-05,3.25592768041733e-02,6.41681624721882e+02,sinkhorn_cellsim
2.780072e+03,80181,3.22235365012313e-05,3.25592768954547e-02,6.41681626143104e+02,sinkhorn_cellsim
2.780766e+03,80201,3.21735824388178e-05,3.25592769845432e-02,6.41681627561549e+02,sinkhorn_cellsim
2.781459e+03,80221,3.21227809599104e-05,3.25592770716571e-02,6.41681628977191e+02,sinkhorn_cellsim
2.782153e+03,80241,3.20709420471857e-05,3.25592771570581e-02,6.41681630390001e+02,sinkhorn_cellsim
2.782846e+03,80261,3.20178447896202e-05,3.25592772410499e-02,6.41681631799947e+02,sinkhorn_cellsim
2.783540e+03,80281,3.19634643220824e-05,3.25592773239758e-02,6.41681633206990e+02,sinkhorn_cellsim
2.784233e+03,80301,3.19078254332964e-05,3.25592774062162e-02,6.41681634611092e+02,sinkhorn_cellsim
2.784927e+03,80321,3.18510893791522e-05,3.25592774881871e-02,6.41681636012207e+02,sinkhorn_cellsim
2.785620e+03,80341,3.17935575680392e-05,3.25592775703377e-02,6.41681637410290e+02,sinkhorn_cellsim
2.786314e+03,80361,3.17348201742619e-05,3.25592776531475e-02,6.41681638805288e+02,sinkhorn_cellsim
2.787007e+03,80381,3.16748848297202e-05,3.25592777371244e-02,6.41681640197150e+02,sinkhorn_cellsim
2.787700e+03,80401,3.16140934961246e-05,3.25592778228030e-02,6.41681641585820e+02,sinkhorn_cellsim
2.788394e+03,80421,3.15523830314518e-05,3.25592779107412e-02,6.41681642971241e+02,sinkhorn_cellsim
2.789087e+03,80441,3.14896651573889e-05,3.25592780015181e-02,6.41681644353353e+02,sinkhorn_cellsim
2.789781e+03,80461,3.14262973656491e-05,3.25592780957314e-02,6.41681645732097e+02,sinkhorn_cellsim
2.790474e+03,80481,3.13621713892697e-05,3.25592781939938e-02,6.41681647107410e+02,sinkhorn_cellsim
2.791168e+03,80501,3.12966189868029e-05,3.25592782969296e-02,6.41681648479232e+02,sinkhorn_cellsim
2.791861e+03,80521,3.12295739538903e-05,3.25592784051704e-02,6.41681649847502e+02,sinkhorn_cellsim
2.792554e+03,80541,3.11612097994348e-05,3.25592785193496e-02,6.41681651212157e+02,sinkhorn_cellsim
2.793248e+03,80561,3.10914761693492e-05,3.25592786400963e-02,6.41681652573138e+02,sinkhorn_cellsim
2.793941e+03,80581,3.10203071617840e-05,3.25592787680295e-02,6.41681653930387e+02,sinkhorn_cellsim
2.794635e+03,80601,3.09475632783535e-05,3.25592789037492e-02,6.41681655283848e+02,sinkhorn_cellsim
2.795328e+03,80621,3.08733651073009e-05,3.25592790478282e-02,6.41681656633469e+02,sinkhorn_cellsim
2.796022e+03,80641,3.07979303360305e-05,3.25592792008025e-02,6.41681657979201e+02,sinkhorn_cellsim
2.796715e+03,80661,3.07220230523549e-05,3.25592793631609e-02,6.41681659321000e+02,sinkhorn_cellsim
2.797409e+03,80681,3.06458529302778e-05,3.25592795353341e-02,6.41681660658829e+02,sinkhorn_cellsim
2.798102e+03,80701,3.05705138500272e-05,3.25592797176832e-02,6.41681661992656e+02,sinkhorn_cellsim
2.798795e+03,80721,3.04953004847272e-05,3.25592799104888e-02,6.41681663322458e+02,sinkhorn_cellsim
2.799489e+03,80741,3.04198857315137e-05,3.25592801139406e-02,6.41681664648220e+02,sinkhorn_cellsim
2.800182e+03,80761,3.03450367987426e-05,3.25592803281266e-02,6.41681665969937e+02,sinkhorn_cellsim
2.800876e+03,80781,3.02700732352529e-05,3.25592805530244e-02,6.41681667287614e+02,sinkhorn_cellsim
2.801569e+03,80801,3.01942577649913e-05,3.25592807884938e-02,6.41681668601267e+02,sinkhorn_cellsim
2.802263e+03,80821,3.01181302467093e-05,3.25592810342718e-02,6.41681669910923e+02,sinkhorn_cellsim
2.802956e+03,80841,3.00422320797449e-05,3.25592812899710e-02,6.41681671216623e+02,sinkhorn_cellsim
2.803649e+03,80861,2.99659643306005e-05,3.25592815550785e-02,6.41681672518417e+02,sinkhorn_cellsim
2.804343e+03,80881,2.98890415300088e-05,3.25592818289592e-02,6.41681673816370e+02,sinkhorn_cellsim
2.805036e+03,80901,2.98114261996652e-05,3.25592821108631e-02,6.41681675110556e+02,sinkhorn_cellsim
2.805730e+03,80921,2.97334588240862e-05,3.25592823999339e-02,6.41681676401063e+02,sinkhorn_cellsim
2.806423e+03,80941,2.96551952573881e-05,3.25592826952221e-02,6.41681677687987e+02,sinkhorn_cellsim
2.807117e+03,80961,2.95769140574557e-05,3.25592829956998e-02,6.41681678971434e+02,sinkhorn_cellsim
2.807810e+03,80981,2.94987915745432e-05,3.25592833002791e-02,6.41681680251519e+02,sinkhorn_cellsim
2.808504e+03,81001,2.94214050939609e-05,3.25592836078291e-02,6.41681681528362e+02,sinkhorn_cellsim
2.809197e+03,81021,2.93445372841683e-05,3.25592839171986e-02,6.41681682802089e+02,sinkhorn_cellsim
2.809891e+03,81041,2.92683487790167e-05,3.25592842272346e-02,6.41681684072828e+02,sinkhorn_cellsim
2.810584e+03,81061,2.91932573752540e-05,3.25592845368037e-02,6.41681685340711e+02,sinkhorn_cellsim
2.811277e+03,81081,2.91188380503963e-05,3.25592848448106e-02,6.41681686605867e+02,sinkhorn_cellsim
2.811971e+03,81101,2.90450800385843e-05,3.25592851502162e-02,6.41681687868426e+02,sinkhorn_cellsim
2.812664e+03,81121,2.89720037989851e-05,3.25592854520528e-02,6.41681689128513e+02,sinkhorn_cellsim
2.813358e+03,81141,2.88997671199325e-05,3.25592857494374e-02,6.41681690386248e+02,sinkhorn_cellsim
2.814051e+03,81161,2.88283836855547e-05,3.25592860415813e-02,6.41681691641748e+02,sinkhorn_cellsim
2.814745e+03,81181,2.87578864422912e-05,3.25592863277989e-02,6.41681692895122e+02,sinkhorn_cellsim
2.815438e+03,81201,2.86886528155457e-05,3.25592866075105e-02,6.41681694146471e+02,sinkhorn_cellsim
2.816131e+03,81221,2.86209896923256e-05,3.25592868802450e-02,6.41681695395890e+02,sinkhorn_cellsim
2.816825e+03,81241,2.85543918080775e-05,3.25592871456375e-02,6.41681696643467e+02,sinkhorn_cellsim
2.817518e+03,81261,2.84891416631440e-05,3.25592874034283e-02,6.41681697889282e+02,sinkhorn_cellsim
2.818212e+03,81281,2.84252599930116e-05,3.25592876534550e-02,6.41681699133406e+02,sinkhorn_cellsim
2.818905e+03,81301,2.83626813817593e-05,3.25592878956468e-02,6.41681700375907e+02,sinkhorn_cellsim
2.819599e+03,81321,2.83014059870385e-05,3.25592881300157e-02,6.41681701616844e+02,sinkhorn_cellsim
2.820292e+03,81341,2.82413556195906e-05,3.25592883566476e-02,6.41681702856272e+02,sinkhorn_cellsim
2.820986e+03,81361,2.81825018592453e-05,3.25592885756919e-02,6.41681704094244e+02,sinkhorn_cellsim
2.821679e+03,81381,2.81249167717855e-05,3.25592887873519e-02,6.41681705330805e+02,sinkhorn_cellsim
2.822373e+03,81401,2.80687981430125e-05,3.25592889918749e-02,6.41681706566000e+02,sinkhorn_cellsim
2.823066e+03,81421,2.80139532254369e-05,3.25592891895413e-02,6.41681707799873e+02,sinkhorn_cellsim
2.823759e+03,81441,2.79609866864364e-05,3.25592893806573e-02,6.41681709032466e+02,sinkhorn_cellsim
2.824453e+03,81461,2.79098351629758e-05,3.25592895655440e-02,6.41681710263820e+02,sinkhorn_cellsim
2.825146e+03,81481,2.78600299408960e-05,3.25592897445310e-02,6.41681711493977e+02,sinkhorn_cellsim
2.825840e+03,81501,2.78115146294189e-05,3.25592899179496e-02,6.41681712722981e+02,sinkhorn_cellsim
2.826533e+03,81521,2.77643816449766e-05,3.25592900861254e-02,6.41681713950874e+02,sinkhorn_cellsim
2.827227e+03,81541,2.77184749785972e-05,3.25592902493735e-02,6.41681715177702e+02,sinkhorn_cellsim
2.827920e+03,81561,2.76740379332754e-05,3.25592904079949e-02,6.41681716403512e+02,sinkhorn_cellsim
2.828614e+03,81581,2.76310582771653e-05,3.25592905622726e-02,6.41681717628351e+02,sinkhorn_cellsim
2.829307e+03,81601,2.75892013945105e-05,3.25592907124687e-02,6.41681718852267e+02,sinkhorn_cellsim
2.830001e+03,81621,2.75484227508638e-05,3.25592908588232e-02,6.41681720075311e+02,sinkhorn_cellsim
2.830694e+03,81641,2.75089310993236e-05,3.25592910015522e-02,6.41681721297532e+02,sinkhorn_cellsim
2.831387e+03,81661,2.74705696484967e-05,3.25592911408495e-02,6.41681722518980e+02,sinkhorn_cellsim
2.832081e+03,81681,2.74332129596047e-05,3.25592912768842e-02,6.41681723739705e+02,sinkhorn_cellsim
2.832774e+03,81701,2.73972755955258e-05,3.25592914098033e-02,6.41681724959756e+02,sinkhorn_cellsim
2.833468e+03,81721,2.73622702215477e-05,3.25592915397320e-02,6.41681726179180e+02,sinkhorn_cellsim
2.834161e+03,81741,2.73284702565502e-05,3.25592916667765e-02,6.41681727398025e+02,sinkhorn_cellsim
2.834855e+03,81761,2.72958488002709e-05,3.25592917910237e-02,6.41681728616334e+02,sinkhorn_cellsim
2.835548e+03,81781,2.72642462666864e-05,3.25592919125454e-02,6.41681729834150e+02,sinkhorn_cellsim
2.836241e+03,81801,2.72337329442426e-05,3.25592920313981e-02,6.41681731051512e+02,sinkhorn_cellsim
2.836935e+03,81821,2.72043494099855e-05,3.25592921476272e-02,6.41681732268459e+02,sinkhorn_cellsim
2.837628e+03,81841,2.71765267434868e-05,3.25592922612672e-02,6.41681733485023e+02,sinkhorn_cellsim
2.838322e+03,81861,2.71501117226569e-05,3.25592923723458e-02,6.41681734701239e+02,sinkhorn_cellsim
2.839015e+03,81881,2.71253359325974e-05,3.25592924808830e-02,6.41681735917133e+02,sinkhorn_cellsim
2.839709e+03,81901,2.71017035480188e-05,3.25592925868947e-02,6.41681737132733e+02,sinkhorn_cellsim
2.840402e+03,81921,2.70787208828187e-05,3.25592926903945e-02,6.41681738348061e+02,sinkhorn_cellsim
2.841096e+03,81941,2.70565087850056e-05,3.25592927913934e-02,6.41681739563139e+02,sinkhorn_cellsim
2.841789e+03,81961,2.70350305261240e-05,3.25592928899027e-02,6.41681740777985e+02,sinkhorn_cellsim
2.842483e+03,81981,2.70144557879528e-05,3.25592929859333e-02,6.41681741992613e+02,sinkhorn_cellsim
2.843176e+03,82001,2.69945468800543e-05,3.25592930794977e-02,6.41681743207038e+02,sinkhorn_cellsim
2.843870e+03,82021,2.69755142000145e-05,3.25592931706105e-02,6.41681744421269e+02,sinkhorn_cellsim
2.844563e+03,82041,2.69571977259382e-05,3.25592932592878e-02,6.41681745635316e+02,sinkhorn_cellsim
2.845256e+03,82061,2.69394035312175e-05,3.25592933455493e-02,6.41681746849184e+02,sinkhorn_cellsim
2.845950e+03,82081,2.69222864604238e-05,3.25592934294163e-02,6.41681748062879e+02,sinkhorn_cellsim
2.846643e+03,82101,2.69061195191304e-05,3.25592935109143e-02,6.41681749276401e+02,sinkhorn_cellsim
2.847337e+03,82121,2.68906910066898e-05,3.25592935900699e-02,6.41681750489754e+02,sinkhorn_cellsim
2.848030e+03,82141,2.68756809047944e-05,3.25592936669144e-02,6.41681751702934e+02,sinkhorn_cellsim
2.848724e+03,82161,2.68610686425044e-05,3.25592937414802e-02,6.41681752915939e+02,sinkhorn_cellsim
2.849417e+03,82181,2.68469414939256e-05,3.25592938138029e-02,6.41681754128766e+02,sinkhorn_cellsim
2.850111e+03,82201,2.68335697626407e-05,3.25592938839196e-02,6.41681755341406e+02,sinkhorn_cellsim
2.850804e+03,82221,2.68207598811503e-05,3.25592939518700e-02,6.41681756553853e+02,sinkhorn_cellsim
2.851497e+03,82241,2.68083944597687e-05,3.25592940176952e-02,6.41681757766097e+02,sinkhorn_cellsim
2.852191e+03,82261,2.67964085437398e-05,3.25592940814379e-02,6.41681758978128e+02,sinkhorn_cellsim
2.852884e+03,82281,2.67847528922824e-05,3.25592941431416e-02,6.41681760189931e+02,sinkhorn_cellsim
2.853578e+03,82301,2.67734468445796e-05,3.25592942028511e-02,6.41681761401494e+02,sinkhorn_cellsim
2.854271e+03,82321,2.67624758466374e-05,3.25592942606125e-02,6.41681762612800e+02,sinkhorn_cellsim
2.854965e+03,82341,2.67520216854949e-05,3.25592943164722e-02,6.41681763823830e+02,sinkhorn_cellsim
2.855658e+03,82361,2.67419379199248e-05,3.25592943704767e-02,6.41681765034567e+02,sinkhorn_cellsim
2.856352e+03,82381,2.67319940036604e-05,3.25592944226740e-02,6.41681766244989e+02,sinkhorn_cellsim
2.857045e+03,82401,2.67223729519098e-05,3.25592944731118e-02,6.41681767455072e+02,sinkhorn_cellsim
2.857738e+03,82421,2.67128545208599e-05,3.25592945218389e-02,6.41681768664792e+02,sinkhorn_cellsim
2.858432e+03,82441,2.67032893081027e-05,3.25592945689040e-02,6.41681769874124e+02,sinkhorn_cellsim
2.859125e+03,82461,2.66941374927409e-05,3.25592946143573e-02,6.41681771083038e+02,sinkhorn_cellsim
2.859819e+03,82481,2.66856805764660e-05,3.25592946582496e-02,6.41681772291504e+02,sinkhorn_cellsim
2.860512e+03,82501,2.66772806999949e-05,3.25592947006334e-02,6.41681773499492e+02,sinkhorn_cellsim
2.861206e+03,82521,2.66691001780938e-05,3.25592947415625e-02,6.41681774706968e+02,sinkhorn_cellsim
2.861899e+03,82541,2.66610570869508e-05,3.25592947810928e-02,6.41681775913896e+02,sinkhorn_cellsim
2.862593e+03,82561,2.66533955961625e-05,3.25592948192832e-02,6.41681777120241e+02,sinkhorn_cellsim
2.863286e+03,82581,2.66455256504060e-05,3.25592948561954e-02,6.41681778325965e+02,sinkhorn_cellsim
2.863979e+03,82601,2.66374475489215e-05,3.25592948918955e-02,6.41681779531030e+02,sinkhorn_cellsim
2.864673e+03,82621,2.66296380218084e-05,3.25592949264540e-02,6.41681780735395e+02,sinkhorn_cellsim
2.865366e+03,82641,2.66230757290761e-05,3.25592949599467e-02,6.41681781939020e+02,sinkhorn_cellsim
2.866060e+03,82661,2.66163856748550e-05,3.25592949924563e-02,6.41681783141865e+02,sinkhorn_cellsim
2.866753e+03,82681,2.66095635639732e-05,3.25592950240723e-02,6.41681784343889e+02,sinkhorn_cellsim
2.867447e+03,82701,2.66026923477793e-05,3.25592950548929e-02,6.41681785545052e+02,sinkhorn_cellsim
2.868140e+03,82721,2.65962921633945e-05,3.25592950850244e-02,6.41681786745314e+02,sinkhorn_cellsim
2.868834e+03,82741,2.65896820251784e-05,3.25592951145842e-02,6.41681787944637e+02,sinkhorn_cellsim
2.869527e+03,82761,2.65828491176724e-05,3.25592951436995e-02,6.41681789142984e+02,sinkhorn_cellsim
2.870220e+03,82781,2.65759045230363e-05,3.25592951725089e-02,6.41681790340320e+02,sinkhorn_cellsim
2.870914e+03,82801,2.65688937279693e-05,3.25592952011638e-02,6.41681791536613e+02,sinkhorn_cellsim
2.871607e+03,82821,2.65625180351525e-05,3.25592952298265e-02,6.41681792731834e+02,sinkhorn_cellsim
2.872301e+03,82841,2.65559414407090e-05,3.25592952586716e-02,6.41681793925956e+02,sinkhorn_cellsim
2.872994e+03,82861,2.65491883662093e-05,3.25592952878861e-02,6.41681795118958e+02,sinkhorn_cellsim
2.873688e+03,82881,2.65424420441780e-05,3.25592953176682e-02,6.41681796310819e+02,sinkhorn_cellsim
2.874381e+03,82901,2.65354592514355e-05,3.25592953482253e-02,6.41681797501526e+02,sinkhorn_cellsim
2.875075e+03,82921,2.65280924200053e-05,3.25592953797747e-02,6.41681798691068e+02,sinkhorn_cellsim
2.875768e+03,82941,2.65205400079957e-05,3.25592954125406e-02,6.41681799879438e+02,sinkhorn_cellsim
2.876461e+03,82961,2.65126727876250e-05,3.25592954467525e-02,6.41681801066635e+02,sinkhorn_cellsim
2.877155e+03,82981,2.65044717788925e-05,3.25592954826427e-02,6.41681802252658e+02,sinkhorn_cellsim
2.877848e+03,83001,2.64959561377689e-05,3.25592955204426e-02,6.41681803437514e+02,sinkhorn_cellsim
2.878542e+03,83021,2.64870721507784e-05,3.25592955603826e-02,6.41681804621207e+02,sinkhorn_cellsim
2.879235e+03,83041,2.64778581683234e-05,3.25592956026854e-02,6.41681805803750e+02,sinkhorn_cellsim
2.879929e+03,83061,2.64682884741411e-05,3.25592956475659e-02,6.41681806985154e+02,sinkhorn_cellsim
2.880622e+03,83081,2.64584206839943e-05,3.25592956952264e-02,6.41681808165432e+02,sinkhorn_cellsim
2.881316e+03,83101,2.64485060834952e-05,3.25592957458542e-02,6.41681809344597e+02,sinkhorn_cellsim
2.882009e+03,83121,2.64383029524197e-05,3.25592957996187e-02,6.41681810522665e+02,sinkhorn_cellsim
2.882703e+03,83141,2.64278730922688e-05,3.25592958566684e-02,6.41681811699648e+02,sinkhorn_cellsim
2.883396e+03,83161,2.64172911286333e-05,3.25592959171281e-02,6.41681812875559e+02,sinkhorn_cellsim
2.884090e+03,83181,2.64063098956592e-05,3.25592959810973e-02,6.41681814050411e+02,sinkhorn_cellsim
2.884783e+03,83201,2.63949317730191e-05,3.25592960486483e-02,6.41681815224212e+02,sinkhorn_cellsim
2.885476e+03,83221,2.63832375837125e-05,3.25592961198241e-02,6.41681816396972e+02,sinkhorn_cellsim
2.886170e+03,83241,2.63713352099112e-05,3.25592961946359e-02,6.41681817568696e+02,sinkhorn_cellsim
2.886863e+03,83261,2.63591122765343e-05,3.25592962730642e-02,6.41681818739390e+02,sinkhorn_cellsim
2.887557e+03,83281,2.63464921972584e-05,3.25592963550555e-02,6.41681819909055e+02,sinkhorn_cellsim
2.888250e+03,83301,2.63334798260170e-05,3.25592964405235e-02,6.41681821077693e+02,sinkhorn_cellsim
2.888944e+03,83321,2.63200803367619e-05,3.25592965293470e-02,6.41681822245305e+02,sinkhorn_cellsim
2.889637e+03,83341,2.63062991663903e-05,3.25592966213705e-02,6.41681823411889e+02,sinkhorn_cellsim
2.890331e+03,83361,2.62921419822101e-05,3.25592967164047e-02,6.41681824577445e+02,sinkhorn_cellsim
2.891024e+03,83381,2.62776146592506e-05,3.25592968142255e-02,6.41681825741971e+02,sinkhorn_cellsim
2.891717e+03,83401,2.62627242168176e-05,3.25592969145775e-02,6.41681826905467e+02,sinkhorn_cellsim
2.892411e+03,83421,2.62477024005854e-05,3.25592970171723e-02,6.41681828067934e+02,sinkhorn_cellsim
2.893104e+03,83441,2.62323578801222e-05,3.25592971216932e-02,6.41681829229374e+02,sinkhorn_cellsim
2.893798e+03,83461,2.62166809428163e-05,3.25592972277957e-02,6.41681830389792e+02,sinkhorn_cellsim
2.894491e+03,83481,2.62006788580896e-05,3.25592973351128e-02,6.41681831549196e+02,sinkhorn_cellsim
2.895185e+03,83501,2.61843594181784e-05,3.25592974432575e-02,6.41681832707595e+02,sinkhorn_cellsim
2.895878e+03,83521,2.61677310716807e-05,3.25592975518288e-02,6.41681833865003e+02,sinkhorn_cellsim
2.896572e+03,83541,2.61508030514209e-05,3.25592976604146e-02,6.41681835021437e+02,sinkhorn_cellsim
2.897265e+03,83561,2.61335855279282e-05,3.25592977686005e-02,6.41681836176917e+02,sinkhorn_cellsim
2.897959e+03,83581,2.61160897294736e-05,3.25592978759738e-02,6.41681837331466e+02,sinkhorn_cellsim
2.898652e+03,83601,2.60984595527689e-05,3.25592979821306e-02,6.41681838485110e+02,sinkhorn_cellsim
2.899345e+03,83621,2.60806953472563e-05,3.25592980866821e-02,6.41681839637881e+02,sinkhorn_cellsim
2.900039e+03,83641,2.60628552216983e-05,3.25592981892600e-02,6.41681840789809e+02,sinkhorn_cellsim
2.900732e+03,83661,2.60450497853375e-05,3.25592982895237e-02,6.41681841940931e+02,sinkhorn_cellsim
2.901426e+03,83681,2.60274183145201e-05,3.25592983871636e-02,6.41681843091281e+02,sinkhorn_cellsim
2.902119e+03,83701,2.60096887811085e-05,3.25592984819060e-02,6.41681844240900e+02,sinkhorn_cellsim
2.902813e+03,83721,2.59918341303492e-05,3.25592985735169e-02,6.41681845389825e+02,sinkhorn_cellsim
2.903506e+03,83741,2.59740391536545e-05,3.25592986618032e-02,6.41681846538096e+02,sinkhorn_cellsim
2.904200e+03,83761,2.59565000258513e-05,3.25592987466146e-02,6.41681847685753e+02,sinkhorn_cellsim
2.904893e+03,83781,2.59390370711767e-05,3.25592988278439e-02,6.41681848832835e+02,sinkhorn_cellsim
2.905587e+03,83801,2.59216942070882e-05,3.25592989054249e-02,6.41681849979380e+02,sinkhorn_cellsim
2.906280e+03,83821,2.59045173320665e-05,3.25592989793320e-02,6.41681851125427e+02,sinkhorn_cellsim
2.906973e+03,83841,2.58877209468828e-05,3.25592990495771e-02,6.41681852271010e+02,sinkhorn_cellsim
2.907667e+03,83861,2.58712931105328e-05,3.25592991162056e-02,6.41681853416165e+02,sinkhorn_cellsim
2.908360e+03,83881,2.58550074308689e-05,3.25592991792943e-02,6.41681854560925e+02,sinkhorn_cellsim
2.909054e+03,83901,2.58392695841498e-05,3.25592992389459e-02,6.41681855705320e+02,sinkhorn_cellsim
2.909747e+03,83921,2.58237199495468e-05,3.25592992952860e-02,6.41681856849380e+02,sinkhorn_cellsim
2.910441e+03,83941,2.58081904800462e-05,3.25592993484581e-02,6.41681857993132e+02,sinkhorn_cellsim
2.911134e+03,83961,2.57926934382541e-05,3.25592993986205e-02,6.41681859136601e+02,sinkhorn_cellsim
2.911827e+03,83981,2.57772786095836e-05,3.25592994459411e-02,6.41681860279810e+02,sinkhorn_cellsim
2.912521e+03,84001,2.57619427229618e-05,3.25592994905957e-02,6.41681861422782e+02,sinkhorn_cellsim
2.913214e+03,84021,2.57467907289357e-05,3.25592995327633e-02,6.41681862565536e+02,sinkhorn_cellsim
2.913908e+03,84041,2.57317907234234e-05,3.25592995726241e-02,6.41681863708089e+02,sinkhorn_cellsim
2.914601e+03,84061,2.57169101413668e-05,3.25592996103564e-02,6.41681864850460e+02,sinkhorn_cellsim
2.915295e+03,84081,2.57021297962764e-05,3.25592996461352e-02,6.41681865992662e+02,sinkhorn_cellsim
2.915988e+03,84101,2.56874504508793e-05,3.25592996801306e-02,6.41681867134710e+02,sinkhorn_cellsim
2.916682e+03,84121,2.56729034224085e-05,3.25592997125058e-02,6.41681868276616e+02,sinkhorn_cellsim
2.917375e+03,84141,2.56585647751488e-05,3.25592997434161e-02,6.41681869418392e+02,sinkhorn_cellsim
2.918068e+03,84161,2.56443668998297e-05,3.25592997730096e-02,6.41681870560048e+02,sinkhorn_cellsim
2.918762e+03,84181,2.56303112158564e-05,3.25592998014243e-02,6.41681871701594e+02,sinkhorn_cellsim
2.919455e+03,84201,2.56163939999585e-05,3.25592998287896e-02,6.41681872843037e+02,sinkhorn_cellsim
2.920149e+03,84221,2.56026215782501e-05,3.25592998552270e-02,6.41681873984386e+02,sinkhorn_cellsim
2.920842e+03,84241,2.55889997297041e-05,3.25592998808470e-02,6.41681875125647e+02,sinkhorn_cellsim
2.921536e+03,84261,2.55755336974997e-05,3.25592999057525e-02,6.41681876266826e+02,sinkhorn_cellsim
2.922229e+03,84281,2.55622281898564e-05,3.25592999300379e-02,6.41681877407931e+02,sinkhorn_cellsim
2.922923e+03,84301,2.55491248742771e-05,3.25592999537886e-02,6.41681878548964e+02,sinkhorn_cellsim
2.923616e+03,84321,2.55362314693545e-05,3.25592999770834e-02,6.41681879689931e+02,sinkhorn_cellsim
2.924309e+03,84341,2.55235380738964e-05,3.25592999999930e-02,6.41681880830836e+02,sinkhorn_cellsim
2.925003e+03,84361,2.55110360053283e-05,3.25593000225811e-02,6.41681881971683e+02,sinkhorn_cellsim
2.925696e+03,84381,2.54987122979991e-05,3.25593000449060e-02,6.41681883112474e+02,sinkhorn_cellsim
2.926390e+03,84401,2.54866263354750e-05,3.25593000670196e-02,6.41681884253213e+02,sinkhorn_cellsim
2.927083e+03,84421,2.54747274383267e-05,3.25593000889682e-02,6.41681885393901e+02,sinkhorn_cellsim
2.927777e+03,84441,2.54630268124051e-05,3.25593001107943e-02,6.41681886534542e+02,sinkhorn_cellsim
2.928470e+03,84461,2.54515164126965e-05,3.25593001325350e-02,6.41681887675136e+02,sinkhorn_cellsim
2.929164e+03,84481,2.54402351455951e-05,3.25593001542241e-02,6.41681888815685e+02,sinkhorn_cellsim
2.929857e+03,84501,2.54291274955137e-05,3.25593001758913e-02,6.41681889956191e+02,sinkhorn_cellsim
2.930551e+03,84521,2.54182698523117e-05,3.25593001975643e-02,6.41681891096653e+02,sinkhorn_cellsim
2.931244e+03,84541,2.54078430683506e-05,3.25593002192672e-02,6.41681892237074e+02,sinkhorn_cellsim
2.931937e+03,84561,2.53975835368933e-05,3.25593002410219e-02,6.41681893377452e+02,sinkhorn_cellsim
2.932631e+03,84581,2.53874885758871e-05,3.25593002628488e-02,6.41681894517788e+02,sinkhorn_cellsim
2.933324e+03,84601,2.53775551712238e-05,3.25593002847668e-02,6.41681895658082e+02,sinkhorn_cellsim
2.934018e+03,84621,2.53677799746298e-05,3.25593003067932e-02,6.41681896798332e+02,sinkhorn_cellsim
2.934711e+03,84641,2.53581593037945e-05,3.25593003289441e-02,6.41681897938539e+02,sinkhorn_cellsim
2.935405e+03,84661,2.53486891486326e-05,3.25593003512357e-02,6.41681899078701e+02,sinkhorn_cellsim
2.936098e+03,84681,2.53393651558341e-05,3.25593003736833e-02,6.41681900218817e+02,sinkhorn_cellsim
2.936791e+03,84701,2.53301870094836e-05,3.25593003963022e-02,6.41681901358884e+02,sinkhorn_cellsim
2.937485e+03,84721,2.53211769228915e-05,3.25593004191082e-02,6.41681902498900e+02,sinkhorn_cellsim
2.938178e+03,84741,2.53123234789207e-05,3.25593004421170e-02,6.41681903638864e+02,sinkhorn_cellsim
2.938872e+03,84761,2.53036920273614e-05,3.25593004653451e-02,6.41681904778771e+02,sinkhorn_cellsim
2.939565e+03,84781,2.52951782842929e-05,3.25593004888102e-02,6.41681905918620e+02,sinkhorn_cellsim
2.940259e+03,84801,2.52868352465498e-05,3.25593005125310e-02,6.41681907058406e+02,sinkhorn_cellsim
2.940952e+03,84821,2.52786075336403e-05,3.25593005365274e-02,6.41681908198125e+02,sinkhorn_cellsim
2.941646e+03,84841,2.52704896671051e-05,3.25593005608214e-02,6.41681909337772e+02,sinkhorn_cellsim
2.942339e+03,84861,2.52624586300241e-05,3.25593005854361e-02,6.41681910477342e+02,sinkhorn_cellsim
2.943033e+03,84881,2.52545058585261e-05,3.25593006103975e-02,6.41681911616829e+02,sinkhorn_cellsim
2.943726e+03,84901,2.52466393491610e-05,3.25593006357339e-02,6.41681912756229e+02,sinkhorn_cellsim
2.944420e+03,84921,2.52390647906420e-05,3.25593006614753e-02,6.41681913895532e+02,sinkhorn_cellsim
2.945113e+03,84941,2.52315390096025e-05,3.25593006876553e-02,6.41681915034732e+02,sinkhorn_cellsim
2.945806e+03,84961,2.52240473764875e-05,3.25593007143103e-02,6.41681916173820e+02,sinkhorn_cellsim
2.946500e+03,84981,2.52166112099634e-05,3.25593007414796e-02,6.41681917312788e+02,sinkhorn_cellsim
2.947193e+03,85001,2.52091827605342e-05,3.25593007692067e-02,6.41681918451626e+02,sinkhorn_cellsim
2.947887e+03,85021,2.52018401594726e-05,3.25593007975382e-02,6.41681919590321e+02,sinkhorn_cellsim
2.948580e+03,85041,2.51948630269052e-05,3.25593008265249e-02,6.41681920728864e+02,sinkhorn_cellsim
2.949274e+03,85061,2.51878765631842e-05,3.25593008562215e-02,6.41681921867241e+02,sinkhorn_cellsim
2.949967e+03,85081,2.51809886160574e-05,3.25593008866873e-02,6.41681923005439e+02,sinkhorn_cellsim
2.950660e+03,85101,2.51741608956886e-05,3.25593009179857e-02,6.41681924143443e+02,sinkhorn_cellsim
2.951354e+03,85121,2.51674391724155e-05,3.25593009501841e-02,6.41681925281235e+02,sinkhorn_cellsim
2.952047e+03,85141,2.51605928939971e-05,3.25593009833558e-02,6.41681926418801e+02,sinkhorn_cellsim
2.952741e+03,85161,2.51536034263006e-05,3.25593010175774e-02,6.41681927556120e+02,sinkhorn_cellsim
2.953434e+03,85181,2.51464511234792e-05,3.25593010529308e-02,6.41681928693172e+02,sinkhorn_cellsim
2.954128e+03,85201,2.51391153248928e-05,3.25593010895018e-02,6.41681929829938e+02,sinkhorn_cellsim
2.954821e+03,85221,2.51315743785978e-05,3.25593011273808e-02,6.41681930966393e+02,sinkhorn_cellsim
2.955515e+03,85241,2.51238056722858e-05,3.25593011666621e-02,6.41681932102514e+02,sinkhorn_cellsim
2.956208e+03,85261,2.51157856827094e-05,3.25593012074425e-02,6.41681933238274e+02,sinkhorn_cellsim
2.956902e+03,85281,2.51074900698962e-05,3.25593012498221e-02,6.41681934373648e+02,sinkhorn_cellsim
2.957595e+03,85301,2.50988937786304e-05,3.25593012939032e-02,6.41681935508606e+02,sinkhorn_cellsim
2.958288e+03,85321,2.50899711769688e-05,3.25593013397886e-02,6.41681936643117e+02,sinkhorn_cellsim
2.958982e+03,85341,2.50809354379912e-05,3.25593013875811e-02,6.41681937777152e+02,sinkhorn_cellsim
2.959675e+03,85361,2.50718068211566e-05,3.25593014373816e-02,6.41681938910676e+02,sinkhorn_cellsim
2.960369e+03,85381,2.50624400843319e-05,3.25593014892881e-02,6.41681940043657e+02,sinkhorn_cellsim
2.961062e+03,85401,2.50526899098253e-05,3.25593015433931e-02,6.41681941176059e+02,sinkhorn_cellsim
2.961756e+03,85421,2.50429008419059e-05,3.25593015997816e-02,6.41681942307846e+02,sinkhorn_cellsim
2.962449e+03,85441,2.50329734095412e-05,3.25593016585294e-02,6.41681943438983e+02,sinkhorn_cellsim
2.963143e+03,85461,2.50229075374050e-05,3.25593017196996e-02,6.41681944569432e+02,sinkhorn_cellsim
2.963836e+03,85481,2.50125971150787e-05,3.25593017833398e-02,6.41681945699157e+02,sinkhorn_cellsim
2.964530e+03,85501,2.50023593006634e-05,3.25593018494799e-02,6.41681946828123e+02,sinkhorn_cellsim
2.965223e+03,85521,2.49921875507513e-05,3.25593019181287e-02,6.41681947956292e+02,sinkhorn_cellsim
2.965916e+03,85541,2.49817019023176e-05,3.25593019892705e-02,6.41681949083632e+02,sinkhorn_cellsim
2.966610e+03,85561,2.49707848024268e-05,3.25593020628622e-02,6.41681950210110e+02,sinkhorn_cellsim
2.967303e+03,85581,2.49597012804382e-05,3.25593021388311e-02,6.41681951335694e+02,sinkhorn_cellsim
2.967997e+03,85601,2.49483911277490e-05,3.25593022170719e-02,6.41681952460358e+02,sinkhorn_cellsim
2.968690e+03,85621,2.49368950451425e-05,3.25593022974440e-02,6.41681953584076e+02,sinkhorn_cellsim
2.969384e+03,85641,2.49249611247847e-05,3.25593023797726e-02,6.41681954706827e+02,sinkhorn_cellsim
2.970077e+03,85661,2.49126550476462e-05,3.25593024638454e-02,6.41681955828594e+02,sinkhorn_cellsim
2.970771e+03,85681,2.49000353988069e-05,3.25593025494147e-02,6.41681956949363e+02,sinkhorn_cellsim
2.971464e+03,85701,2.48871232623175e-05,3.25593026361976e-02,6.41681958069128e+02,sinkhorn_cellsim
2.972157e+03,85721,2.48738817518813e-05,3.25593027238796e-02,6.41681959187884e+02,sinkhorn_cellsim
2.972851e+03,85741,2.48602935101712e-05,3.25593028121168e-02,6.41681960305632e+02,sinkhorn_cellsim
2.973544e+03,85761,2.48463240488100e-05,3.25593029005416e-02,6.41681961422381e+02,sinkhorn_cellsim
2.974238e+03,85781,2.48319775486071e-05,3.25593029887682e-02,6.41681962538141e+02,sinkhorn_cellsim
2.974931e+03,85801,2.48173693766546e-05,3.25593030763992e-02,6.41681963652929e+02,sinkhorn_cellsim
2.975625e+03,85821,2.48024264320749e-05,3.25593031630335e-02,6.41681964766766e+02,sinkhorn_cellsim
2.976318e+03,85841,2.47872240481055e-05,3.25593032482731e-02,6.41681965879678e+02,sinkhorn_cellsim
2.977012e+03,85861,2.47717124534452e-05,3.25593033317330e-02,6.41681966991692e+02,sinkhorn_cellsim
2.977705e+03,85881,2.47558719370972e-05,3.25593034130477e-02,6.41681968102840e+02,sinkhorn_cellsim
2.978398e+03,85901,2.47397657351979e-05,3.25593034918810e-02,6.41681969213156e+02,sinkhorn_cellsim
2.979092e+03,85921,2.47236127720804e-05,3.25593035679319e-02,6.41681970322677e+02,sinkhorn_cellsim
2.979785e+03,85941,2.47073483245938e-05,3.25593036409424e-02,6.41681971431438e+02,sinkhorn_cellsim
2.980479e+03,85961,2.46908657290540e-05,3.25593037107010e-02,6.41681972539476e+02,sinkhorn_cellsim
2.981172e+03,85981,2.46742276198090e-05,3.25593037770499e-02,6.41681973646829e+02,sinkhorn_cellsim
2.981866e+03,86001,2.46574837141958e-05,3.25593038398850e-02,6.41681974753531e+02,sinkhorn_cellsim
2.982559e+03,86021,2.46407064820459e-05,3.25593038991590e-02,6.41681975859617e+02,sinkhorn_cellsim
2.983253e+03,86041,2.46238493969416e-05,3.25593039548822e-02,6.41681976965118e+02,sinkhorn_cellsim
2.983946e+03,86061,2.46069539616465e-05,3.25593040071188e-02,6.41681978070064e+02,sinkhorn_cellsim
2.984640e+03,86081,2.45900373275714e-05,3.25593040559881e-02,6.41681979174481e+02,sinkhorn_cellsim
2.985333e+03,86101,2.45731642323736e-05,3.25593041016592e-02,6.41681980278393e+02,sinkhorn_cellsim
2.986026e+03,86121,2.45563445302747e-05,3.25593041443480e-02,6.41681981381821e+02,sinkhorn_cellsim
2.986720e+03,86141,2.45396173329207e-05,3.25593041843120e-02,6.41681982484779e+02,sinkhorn_cellsim
2.987413e+03,86161,2.45230474375014e-05,3.25593042218458e-02,6.41681983587283e+02,sinkhorn_cellsim
2.988107e+03,86181,2.45066184304424e-05,3.25593042572765e-02,6.41681984689339e+02,sinkhorn_cellsim
2.988800e+03,86201,2.44903976143682e-05,3.25593042909572e-02,6.41681985790955e+02,sinkhorn_cellsim
2.989494e+03,86221,2.44744175372177e-05,3.25593043232638e-02,6.41681986892132e+02,sinkhorn_cellsim
2.990187e+03,86241,2.44586582962379e-05,3.25593043545878e-02,6.41681987992869e+02,sinkhorn_cellsim
2.990881e+03,86261,2.44432029502337e-05,3.25593043853340e-02,6.41681989093159e+02,sinkhorn_cellsim
2.991574e+03,86281,2.44281064683490e-05,3.25593044159138e-02,6.41681990192996e+02,sinkhorn_cellsim
2.992268e+03,86301,2.44134392147967e-05,3.25593044467430e-02,6.41681991292367e+02,sinkhorn_cellsim
2.992961e+03,86321,2.43992585233130e-05,3.25593044782377e-02,6.41681992391257e+02,sinkhorn_cellsim
2.993654e+03,86341,2.43854706059183e-05,3.25593045108095e-02,6.41681993489648e+02,sinkhorn_cellsim
2.994348e+03,86361,2.43719672877679e-05,3.25593045448646e-02,6.41681994587521e+02,sinkhorn_cellsim
2.995041e+03,86381,2.43587173828253e-05,3.25593045807981e-02,6.41681995684852e+02,sinkhorn_cellsim
2.995735e+03,86401,2.43457069092041e-05,3.25593046189937e-02,6.41681996781617e+02,sinkhorn_cellsim
2.996428e+03,86421,2.43329198158969e-05,3.25593046598192e-02,6.41681997877788e+02,sinkhorn_cellsim
2.997122e+03,86441,2.43203382524040e-05,3.25593047036241e-02,6.41681998973337e+02,sinkhorn_cellsim
2.997815e+03,86461,2.43079428362660e-05,3.25593047507367e-02,6.41682000068233e+02,sinkhorn_cellsim
2.998508e+03,86481,2.42957748688183e-05,3.25593048014618e-02,6.41682001162445e+02,sinkhorn_cellsim
2.999202e+03,86501,2.42839101751127e-05,3.25593048560771e-02,6.41682002255941e+02,sinkhorn_cellsim
2.999895e+03,86521,2.42723394870552e-05,3.25593049148293e-02,6.41682003348690e+02,sinkhorn_cellsim
3.000589e+03,86541,2.42609395556830e-05,3.25593049779329e-02,6.41682004440660e+02,sinkhorn_cellsim
3.001282e+03,86561,2.42497728487786e-05,3.25593050455647e-02,6.41682005531818e+02,sinkhorn_cellsim
3.001976e+03,86581,2.42387413150795e-05,3.25593051178619e-02,6.41682006622136e+02,sinkhorn_cellsim
3.002669e+03,86601,2.42277455281266e-05,3.25593051949184e-02,6.41682007711585e+02,sinkhorn_cellsim
3.003363e+03,86621,2.42167634269152e-05,3.25593052767815e-02,6.41682008800139e+02,sinkhorn_cellsim
3.004056e+03,86641,2.42059375896238e-05,3.25593053634503e-02,6.41682009887774e+02,sinkhorn_cellsim
3.004749e+03,86661,2.41951536393385e-05,3.25593054548716e-02,6.41682010974471e+02,sinkhorn_cellsim
3.005443e+03,86681,2.41844327586816e-05,3.25593055509404e-02,6.41682012060213e+02,sinkhorn_cellsim
3.006136e+03,86701,2.41737418428945e-05,3.25593056514979e-02,6.41682013144988e+02,sinkhorn_cellsim
3.006830e+03,86721,2.41630605094926e-05,3.25593057563317e-02,6.41682014228788e+02,sinkhorn_cellsim
3.007523e+03,86741,2.41525010343195e-05,3.25593058651769e-02,6.41682015311612e+02,sinkhorn_cellsim
3.008217e+03,86761,2.41422313869457e-05,3.25593059777199e-02,6.41682016393461e+02,sinkhorn_cellsim
3.008910e+03,86781,2.41321730755410e-05,3.25593060935991e-02,6.41682017474344e+02,sinkhorn_cellsim
3.009604e+03,86801,2.41222235167582e-05,3.25593062124120e-02,6.41682018554272e+02,sinkhorn_cellsim
3.010297e+03,86821,2.41123469391952e-05,3.25593063337201e-02,6.41682019633265e+02,sinkhorn_cellsim
3.010990e+03,86841,2.41024092138110e-05,3.25593064570553e-02,6.41682020711345e+02,sinkhorn_cellsim
3.011684e+03,86861,2.40922911722780e-05,3.25593065819279e-02,6.41682021788539e+02,sinkhorn_cellsim
3.012377e+03,86881,2.40820001544012e-05,3.25593067078348e-02,6.41682022864880e+02,sinkhorn_cellsim
3.013071e+03,86901,2.40715458456462e-05,3.25593068342671e-02,6.41682023940403e+02,sinkhorn_cellsim
3.013764e+03,86921,2.40609480135616e-05,3.25593069607200e-02,6.41682025015146e+02,sinkhorn_cellsim
3.014458e+03,86941,2.40502603312231e-05,3.25593070867001e-02,6.41682026089150e+02,sinkhorn_cellsim
3.015151e+03,86961,2.40394494881728e-05,3.25593072117331e-02,6.41682027162457e+02,sinkhorn_cellsim
3.015844e+03,86981,2.40285320241960e-05,3.25593073353716e-02,6.41682028235112e+02,sinkhorn_cellsim
3.016538e+03,87001,2.40175255672032e-05,3.25593074572000e-02,6.41682029307159e+02,sinkhorn_cellsim
3.017231e+03,87021,2.40064498044376e-05,3.25593075768405e-02,6.41682030378643e+02,sinkhorn_cellsim
3.017925e+03,87041,2.39954750558031e-05,3.25593076939565e-02,6.41682031449607e+02,sinkhorn_cellsim
3.018618e+03,87061,2.39849101165190e-05,3.25593078082547e-02,6.41682032520094e+02,sinkhorn_cellsim
3.019312e+03,87081,2.39746593798982e-05,3.25593079194881e-02,6.41682033590145e+02,sinkhorn_cellsim
3.020005e+03,87101,2.39644884096733e-05,3.25593080274535e-02,6.41682034659800e+02,sinkhorn_cellsim
3.020699e+03,87121,2.39543852538431e-05,3.25593081319930e-02,6.41682035729095e+02,sinkhorn_cellsim
3.021392e+03,87141,2.39443285613245e-05,3.25593082329911e-02,6.41682036798066e+02,sinkhorn_cellsim
3.022085e+03,87161,2.39343794430097e-05,3.25593083303730e-02,6.41682037866745e+02,sinkhorn_cellsim
3.022779e+03,87181,2.39245588302822e-05,3.25593084241009e-02,6.41682038935162e+02,sinkhorn_cellsim
3.023472e+03,87201,2.39147746901682e-05,3.25593085141711e-02,6.41682040003345e+02,sinkhorn_cellsim
3.024166e+03,87221,2.39050161193355e-05,3.25593086006099e-02,6.41682041071318e+02,sinkhorn_cellsim
3.024859e+03,87241,2.38952977175538e-05,3.25593086834694e-02,6.41682042139104e+02,sinkhorn_cellsim
3.025553e+03,87261,2.38857541174311e-05,3.25593087628256e-02,6.41682043206724e+02,sinkhorn_cellsim
3.026246e+03,87281,2.38764101063845e-05,3.25593088387722e-02,6.41682044274195e+02,sinkhorn_cellsim
3.026940e+03,87301,2.38672020036415e-05,3.25593089114184e-02,6.41682045341533e+02,sinkhorn_cellsim
3.027633e+03,87321,2.38581767136992e-05,3.25593089808856e-02,6.41682046408753e+02,sinkhorn_cellsim
3.028326e+03,87341,2.38492809944913e-05,3.25593090473041e-02,6.41682047475866e+02,sinkhorn_cellsim
3.029020e+03,87361,2.38405440592990e-05,3.25593091108106e-02,6.41682048542883e+02,sinkhorn_cellsim
3.029713e+03,87381,2.38319283660495e-05,3.25593091715458e-02,6.41682049609813e+02,sinkhorn_cellsim
3.030407e+03,87401,2.38233789623407e-05,3.25593092296516e-02,6.41682050676664e+02,sinkhorn_cellsim
3.031100e+03,87421,2.38148996903540e-05,3.25593092852707e-02,6.41682051743442e+02,sinkhorn_cellsim
3.031794e+03,87441,2.38064935880989e-05,3.25593093385438e-02,6.41682052810153e+02,sinkhorn_cellsim
3.032487e+03,87461,2.37981629235742e-05,3.25593093896090e-02,6.41682053876800e+02,sinkhorn_cellsim
3.033181e+03,87481,2.37899092163751e-05,3.25593094386009e-02,6.41682054943387e+02,sinkhorn_cellsim
3.033874e+03,87501,2.37817332675899e-05,3.25593094856492e-02,6.41682056009917e+02,sinkhorn_cellsim
3.034567e+03,87521,2.37736443067164e-05,3.25593095308796e-02,6.41682057076392e+02,sinkhorn_cellsim
3.035261e+03,87541,2.37656543315534e-05,3.25593095744113e-02,6.41682058142811e+02,sinkhorn_cellsim
3.035954e+03,87561,2.37577396605360e-05,3.25593096163578e-02,6.41682059209175e+02,sinkhorn_cellsim
3.036648e+03,87581,2.37498984052571e-05,3.25593096568272e-02,6.41682060275485e+02,sinkhorn_cellsim
3.037341e+03,87601,2.37421280696023e-05,3.25593096959219e-02,6.41682061341738e+02,sinkhorn_cellsim
3.038035e+03,87621,2.37344255525488e-05,3.25593097337379e-02,6.41682062407933e+02,sinkhorn_cellsim
3.038728e+03,87641,2.37267871594422e-05,3.25593097703655e-02,6.41682063474068e+02,sinkhorn_cellsim
3.039422e+03,87661,2.37192276735758e-05,3.25593098058896e-02,6.41682064540141e+02,sinkhorn_cellsim
3.040115e+03,87681,2.37117560702717e-05,3.25593098403893e-02,6.41682065606147e+02,sinkhorn_cellsim
3.040808e+03,87701,2.37043744674286e-05,3.25593098739392e-02,6.41682066672082e+02,sinkhorn_cellsim
3.041502e+03,87721,2.36971121417673e-05,3.25593099066084e-02,6.41682067737943e+02,sinkhorn_cellsim
3.042195e+03,87741,2.36899017086464e-05,3.25593099384613e-02,6.41682068803724e+02,sinkhorn_cellsim
3.042889e+03,87761,2.36827217831331e-05,3.25593099695585e-02,6.41682069869419e+02,sinkhorn_cellsim
3.043582e+03,87781,2.36755650300237e-05,3.25593099999563e-02,6.41682070935022e+02,sinkhorn_cellsim
3.044276e+03,87801,2.36684747771876e-05,3.25593100297064e-02,6.41682072000526e+02,sinkhorn_cellsim
3.044969e+03,87821,2.36613919699720e-05,3.25593100588582e-02,6.41682073065922e+02,sinkhorn_cellsim
3.045662e+03,87841,2.36543046608419e-05,3.25593100874568e-02,6.41682074131202e+02,sinkhorn_cellsim
3.046356e+03,87861,2.36472015658641e-05,3.25593101155454e-02,6.41682075196356e+02,sinkhorn_cellsim
3.047049e+03,87881,2.36400706223655e-05,3.25593101431635e-02,6.41682076261375e+02,sinkhorn_cellsim
3.047743e+03,87901,2.36328989591784e-05,3.25593101703490e-02,6.41682077326246e+02,sinkhorn_cellsim
3.048436e+03,87921,2.36256728513210e-05,3.25593101971370e-02,6.41682078390958e+02,sinkhorn_cellsim
3.049130e+03,87941,2.36183776867231e-05,3.25593102235608e-02,6.41682079455497e+02,sinkhorn_cellsim
3.049823e+03,87961,2.36109979253177e-05,3.25593102496519e-02,6.41682080519849e+02,sinkhorn_cellsim
3.050517e+03,87981,2.36035170742573e-05,3.25593102754411e-02,6.41682081583997e+02,sinkhorn_cellsim
3.051210e+03,88001,2.35959176474327e-05,3.25593103009571e-02,6.41682082647926e+02,sinkhorn_cellsim
3.051903e+03,88021,2.35881811451243e-05,3.25593103262275e-02,6.41682083711618e+02,sinkhorn_cellsim
3.052597e+03,88041,2.35802880460568e-05,3.25593103512794e-02,6.41682084775052e+02,sinkhorn_cellsim
3.053290e+03,88061,2.35722177969727e-05,3.25593103761396e-02,6.41682085838208e+02,sinkhorn_cellsim
3.053984e+03,88081,2.35639488176686e-05,3.25593104008336e-02,6.41682086901064e+02,sinkhorn_cellsim
3.054677e+03,88101,2.35554585314291e-05,3.25593104253874e-02,6.41682087963597e+02,sinkhorn_cellsim
3.055371e+03,88121,2.35467234002547e-05,3.25593104498259e-02,6.41682089025780e+02,sinkhorn_cellsim
3.056064e+03,88141,2.35377190043810e-05,3.25593104741756e-02,6.41682090087588e+02,sinkhorn_cellsim
3.056758e+03,88161,2.35284201147707e-05,3.25593104984616e-02,6.41682091148993e+02,sinkhorn_cellsim
3.057451e+03,88181,2.35188008297923e-05,3.25593105227106e-02,6.41682092209964e+02,sinkhorn_cellsim
3.058144e+03,88201,2.35088347221540e-05,3.25593105469492e-02,6.41682093270471e+02,sinkhorn_cellsim
3.058838e+03,88221,2.34984950320754e-05,3.25593105712045e-02,6.41682094330482e+02,sinkhorn_cellsim
3.059531e+03,88241,2.34878071869081e-05,3.25593105955051e-02,6.41682095389962e+02,sinkhorn_cellsim
3.060225e+03,88261,2.34767364881263e-05,3.25593106198794e-02,6.41682096448878e+02,sinkhorn_cellsim
3.060918e+03,88281,2.34652122797104e-05,3.25593106443576e-02,6.41682097507193e+02,sinkhorn_cellsim
3.061612e+03,88301,2.34532092308914e-05,3.25593106689708e-02,6.41682098564872e+02,sinkhorn_cellsim
3.062305e+03,88321,2.34407251416545e-05,3.25593106937507e-02,6.41682099621878e+02,sinkhorn_cellsim
3.062998e+03,88341,2.34278886996177e-05,3.25593107187302e-02,6.41682100678173e+02,sinkhorn_cellsim
3.063692e+03,88361,2.34149944770593e-05,3.25593107439428e-02,6.41682101733722e+02,sinkhorn_cellsim
3.064385e+03,88381,2.34017911212507e-05,3.25593107694238e-02,6.41682102788488e+02,sinkhorn_cellsim
3.065079e+03,88401,2.33881985003915e-05,3.25593107952081e-02,6.41682103842435e+02,sinkhorn_cellsim
3.065772e+03,88421,2.33748805008397e-05,3.25593108213315e-02,6.41682104895531e+02,sinkhorn_cellsim
3.066466e+03,88441,2.33614343146454e-05,3.25593108478304e-02,6.41682105947743e+02,sinkhorn_cellsim
3.067159e+03,88461,2.33478408487627e-05,3.25593108747404e-02,6.41682106999042e+02,sinkhorn_cellsim
3.067853e+03,88481,2.33338780732282e-05,3.25593109020972e-02,6.41682108049402e+02,sinkhorn_cellsim
3.068546e+03,88501,2.33198039413593e-05,3.25593109299351e-02,6.41682109098799e+02,sinkhorn_cellsim
3.069239e+03,88521,2.33059721741380e-05,3.25593109582873e-02,6.41682110147215e+02,sinkhorn_cellsim
3.069933e+03,88541,2.32920103852966e-05,3.25593109871846e-02,6.41682111194634e+02,sinkhorn_cellsim
3.070626e+03,88561,2.32778906506439e-05,3.25593110166553e-02,6.41682112241045e+02,sinkhorn_cellsim
3.071320e+03,88581,2.32636419773144e-05,3.25593110467246e-02,6.41682113286445e+02,sinkhorn_cellsim
3.072013e+03,88601,2.32492126284764e-05,3.25593110774133e-02,6.41682114330831e+02,sinkhorn_cellsim
3.072707e+03,88621,2.32345636122592e-05,3.25593111087380e-02,6.41682115374209e+02,sinkhorn_cellsim
3.073400e+03,88641,2.32199734595357e-05,3.25593111407099e-02,6.41682116416588e+02,sinkhorn_cellsim
3.074094e+03,88661,2.32056686325431e-05,3.25593111733345e-02,6.41682117457984e+02,sinkhorn_cellsim
3.074787e+03,88681,2.31915748123739e-05,3.25593112066114e-02,6.41682118498416e+02,sinkhorn_cellsim
3.075480e+03,88701,2.31773359635834e-05,3.25593112405329e-02,6.41682119537908e+02,sinkhorn_cellsim
3.076174e+03,88721,2.31629983770887e-05,3.25593112750853e-02,6.41682120576488e+02,sinkhorn_cellsim
3.076867e+03,88741,2.31487004783974e-05,3.25593113102471e-02,6.41682121614186e+02,sinkhorn_cellsim
3.077561e+03,88761,2.31344405496460e-05,3.25593113459910e-02,6.41682122651037e+02,sinkhorn_cellsim
3.078254e+03,88781,2.31200369704799e-05,3.25593113822817e-02,6.41682123687077e+02,sinkhorn_cellsim
3.078948e+03,88801,2.31055060047078e-05,3.25593114190778e-02,6.41682124722342e+02,sinkhorn_cellsim
3.079641e+03,88821,2.30908495016756e-05,3.25593114563323e-02,6.41682125756871e+02,sinkhorn_cellsim
3.080335e+03,88841,2.30761165735354e-05,3.25593114939920e-02,6.41682126790701e+02,sinkhorn_cellsim
3.081028e+03,88861,2.30614799424320e-05,3.25593115319985e-02,6.41682127823868e+02,sinkhorn_cellsim
3.081721e+03,88881,2.30472473204352e-05,3.25593115702898e-02,6.41682128856409e+02,sinkhorn_cellsim
3.082415e+03,88901,2.30331630021995e-05,3.25593116087999e-02,6.41682129888356e+02,sinkhorn_cellsim
3.083108e+03,88921,2.30192696473302e-05,3.25593116474596e-02,6.41682130919742e+02,sinkhorn_cellsim
3.083802e+03,88941,2.30053296628356e-05,3.25593116861977e-02,6.41682131950593e+02,sinkhorn_cellsim
3.084495e+03,88961,2.29914197837778e-05,3.25593117249413e-02,6.41682132980936e+02,sinkhorn_cellsim
3.085189e+03,88981,2.29775641318055e-05,3.25593117636168e-02,6.41682134010792e+02,sinkhorn_cellsim
3.085882e+03,89001,2.29637165422084e-05,3.25593118021499e-02,6.41682135040180e+02,sinkhorn_cellsim
3.086576e+03,89021,2.29498018691170e-05,3.25593118404670e-02,6.41682136069112e+02,sinkhorn_cellsim
3.087269e+03,89041,2.29358199504369e-05,3.25593118784953e-02,6.41682137097601e+02,sinkhorn_cellsim
3.087962e+03,89061,2.29217712813645e-05,3.25593119161633e-02,6.41682138125652e+02,sinkhorn_cellsim
3.088656e+03,89081,2.29078800504764e-05,3.25593119534008e-02,6.41682139153268e+02,sinkhorn_cellsim
3.089349e+03,89101,2.28941920297876e-05,3.25593119901402e-02,6.41682140180449e+02,sinkhorn_cellsim
3.090043e+03,89121,2.28805884104425e-05,3.25593120263163e-02,6.41682141207189e+02,sinkhorn_cellsim
3.090736e+03,89141,2.28670262975608e-05,3.25593120618671e-02,6.41682142233479e+02,sinkhorn_cellsim
3.091430e+03,89161,2.28533832994672e-05,3.25593120967338e-02,6.41682143259309e+02,sinkhorn_cellsim
3.092123e+03,89181,2.28395886777531e-05,3.25593121308612e-02,6.41682144284662e+02,sinkhorn_cellsim
3.092817e+03,89201,2.28256357443312e-05,3.25593121641984e-02,6.41682145309519e+02,sinkhorn_cellsim
3.093510e+03,89221,2.28115066835210e-05,3.25593121966997e-02,6.41682146333859e+02,sinkhorn_cellsim
3.094203e+03,89241,2.27971988982692e-05,3.25593122283243e-02,6.41682147357657e+02,sinkhorn_cellsim
3.094897e+03,89261,2.27828341459868e-05,3.25593122590370e-02,6.41682148380884e+02,sinkhorn_cellsim
3.095590e+03,89281,2.27681913280172e-05,3.25593122888099e-02,6.41682149403510e+02,sinkhorn_cellsim
3.096284e+03,89301,2.27532493169760e-05,3.25593123176227e-02,6.41682150425503e+02,sinkhorn_cellsim
3.096977e+03,89321,2.27379614397444e-05,3.25593123454631e-02,6.41682151446826e+02,sinkhorn_cellsim
3.097671e+03,89341,2.27223776057480e-05,3.25593123723281e-02,6.41682152467443e+02,sinkhorn_cellsim
3.098364e+03,89361,2.27064002677847e-05,3.25593123982256e-02,6.41682153487315e+02,sinkhorn_cellsim
3.099058e+03,89381,2.26900350617788e-05,3.25593124231751e-02,6.41682154506400e+02,sinkhorn_cellsim
3.099751e+03,89401,2.26733161287586e-05,3.25593124472086e-02,6.41682155524658e+02,sinkhorn_cellsim
3.100445e+03,89421,2.26561496023510e-05,3.25593124703729e-02,6.41682156542046e+02,sinkhorn_cellsim
3.101138e+03,89441,2.26386434656355e-05,3.25593124927292e-02,6.41682157558522e+02,sinkhorn_cellsim
3.101831e+03,89461,2.26205787665598e-05,3.25593125143564e-02,6.41682158574042e+02,sinkhorn_cellsim
3.102525e+03,89481,2.26022128093125e-05,3.25593125353508e-02,6.41682159588565e+02,sinkhorn_cellsim
3.103218e+03,89501,2.25834803364544e-05,3.25593125558263e-02,6.41682160602050e+02,sinkhorn_cellsim
3.103912e+03,89521,2.25641361434989e-05,3.25593125759179e-02,6.41682161614457e+02,sinkhorn_cellsim
3.104605e+03,89541,2.25442911626400e-05,3.25593125957786e-02,6.41682162625747e+02,sinkhorn_cellsim
3.105299e+03,89561,2.25247509576965e-05,3.25593126155828e-02,6.41682163635886e+02,sinkhorn_cellsim
3.105992e+03,89581,2.25051047907167e-05,3.25593126355241e-02,6.41682164644839e+02,sinkhorn_cellsim
3.106686e+03,89601,2.24852846104924e-05,3.25593126558147e-02,6.41682165652576e+02,sinkhorn_cellsim
3.107379e+03,89621,2.24652230026752e-05,3.25593126766842e-02,6.41682166659070e+02,sinkhorn_cellsim
3.108072e+03,89641,2.24447489442665e-05,3.25593126983791e-02,6.41682167664297e+02,sinkhorn_cellsim
3.108766e+03,89661,2.24238387203354e-05,3.25593127211594e-02,6.41682168668236e+02,sinkhorn_cellsim
3.109459e+03,89681,2.24023655874337e-05,3.25593127452952e-02,6.41682169670870e+02,sinkhorn_cellsim
3.110153e+03,89701,2.23810557513776e-05,3.25593127710661e-02,6.41682170672185e+02,sinkhorn_cellsim
3.110846e+03,89721,2.23595689149910e-05,3.25593127987552e-02,6.41682171672169e+02,sinkhorn_cellsim
3.111540e+03,89741,2.23375444098192e-05,3.25593128286468e-02,6.41682172670814e+02,sinkhorn_cellsim
3.112233e+03,89761,2.23148477451432e-05,3.25593128610228e-02,6.41682173668111e+02,sinkhorn_cellsim
3.112926e+03,89781,2.22915572108204e-05,3.25593128961585e-02,6.41682174664057e+02,sinkhorn_cellsim
3.113620e+03,89801,2.22676802260675e-05,3.25593129343196e-02,6.41682175658645e+02,sinkhorn_cellsim
3.114313e+03,89821,2.22431194983455e-05,3.25593129757588e-02,6.41682176651872e+02,sinkhorn_cellsim
3.115007e+03,89841,2.22179085199119e-05,3.25593130207132e-02,6.41682177643731e+02,sinkhorn_cellsim
3.115700e+03,89861,2.21921837100713e-05,3.25593130694019e-02,6.41682178634216e+02,sinkhorn_cellsim
3.116394e+03,89881,2.21672621870016e-05,3.25593131220240e-02,6.41682179623319e+02,sinkhorn_cellsim
3.117087e+03,89901,2.21427522586882e-05,3.25593131787591e-02,6.41682180611027e+02,sinkhorn_cellsim
3.117781e+03,89921,2.21179835887368e-05,3.25593132397644e-02,6.41682181597327e+02,sinkhorn_cellsim
3.118474e+03,89941,2.20927759549295e-05,3.25593133051778e-02,6.41682182582201e+02,sinkhorn_cellsim
3.119167e+03,89961,2.20670545238798e-05,3.25593133751151e-02,6.41682183565626e+02,sinkhorn_cellsim
3.119861e+03,89981,2.20406513749454e-05,3.25593134496751e-02,6.41682184547576e+02,sinkhorn_cellsim
3.120554e+03,90001,2.20135387418619e-05,3.25593135289369e-02,6.41682185528022e+02,sinkhorn_cellsim
3.121248e+03,90021,2.19857823079530e-05,3.25593136129643e-02,6.41682186506928e+02,sinkhorn_cellsim
3.121941e+03,90041,2.19574718240243e-05,3.25593137018065e-02,6.41682187484257e+02,sinkhorn_cellsim
3.122635e+03,90061,2.19287279774679e-05,3.25593137954992e-02,6.41682188459968e+02,sinkhorn_cellsim
3.123328e+03,90081,2.18993400836522e-05,3.25593138940666e-02,6.41682189434016e+02,sinkhorn_cellsim
3.124022e+03,90101,2.18692720577746e-05,3.25593139975229e-02,6.41682190406355e+02,sinkhorn_cellsim
3.124715e+03,90121,2.18383852286874e-05,3.25593141058720e-02,6.41682191376936e+02,sinkhorn_cellsim
3.125408e+03,90141,2.18066865573352e-05,3.25593142191086e-02,6.41682192345712e+02,sinkhorn_cellsim
3.126102e+03,90161,2.17741835922025e-05,3.25593143372175e-02,6.41682193312634e+02,sinkhorn_cellsim
3.126795e+03,90181,2.17408684104469e-05,3.25593144601751e-02,6.41682194277656e+02,sinkhorn_cellsim
3.127489e+03,90201,2.17067381238836e-05,3.25593145879461e-02,6.41682195240734e+02,sinkhorn_cellsim
3.128182e+03,90221,2.16718148721752e-05,3.25593147204825e-02,6.41682196201828e+02,sinkhorn_cellsim
3.128876e+03,90241,2.16360388406441e-05,3.25593148577243e-02,6.41682197160903e+02,sinkhorn_cellsim
3.129569e+03,90261,2.15995287377025e-05,3.25593149995952e-02,6.41682198117929e+02,sinkhorn_cellsim
3.130263e+03,90281,2.15623593014156e-05,3.25593151460020e-02,6.41682199072884e+02,sinkhorn_cellsim
3.130956e+03,90301,2.15245325985822e-05,3.25593152968320e-02,6.41682200025752e+02,sinkhorn_cellsim
3.131650e+03,90321,2.14861661923378e-05,3.25593154519517e-02,6.41682200976526e+02,sinkhorn_cellsim
3.132343e+03,90341,2.14472530907525e-05,3.25593156112053e-02,6.41682201925208e+02,sinkhorn_cellsim
3.133036e+03,90361,2.14077829427066e-05,3.25593157744130e-02,6.41682202871808e+02,sinkhorn_cellsim
3.133730e+03,90381,2.13676735697822e-05,3.25593159413706e-02,6.41682203816346e+02,sinkhorn_cellsim
3.134423e+03,90401,2.13270569640452e-05,3.25593161118487e-02,6.41682204758849e+02,sinkhorn_cellsim
3.135117e+03,90421,2.12859967805050e-05,3.25593162855947e-02,6.41682205699354e+02,sinkhorn_cellsim
3.135810e+03,90441,2.12447549803653e-05,3.25593164623322e-02,6.41682206637905e+02,sinkhorn_cellsim
3.136504e+03,90461,2.12037674827002e-05,3.25593166417632e-02,6.41682207574553e+02,sinkhorn_cellsim
3.137197e+03,90481,2.11626193766721e-05,3.25593168235711e-02,6.41682208509353e+02,sinkhorn_cellsim
3.137891e+03,90501,2.11213878169684e-05,3.25593170074230e-02,6.41682209442368e+02,sinkhorn_cellsim
3.138584e+03,90521,2.10800653218440e-05,3.25593171929736e-02,6.41682210373660e+02,sinkhorn_cellsim
3.139277e+03,90541,2.10387081610653e-05,3.25593173798692e-02,6.41682211303297e+02,sinkhorn_cellsim
3.139971e+03,90561,2.09976218614053e-05,3.25593175677522e-02,6.41682212231345e+02,sinkhorn_cellsim
3.140664e+03,90581,2.09570206020078e-05,3.25593177562640e-02,6.41682213157871e+02,sinkhorn_cellsim
3.141358e+03,90601,2.09167285821543e-05,3.25593179450526e-02,6.41682214082938e+02,sinkhorn_cellsim
3.142051e+03,90621,2.08769840885361e-05,3.25593181337733e-02,6.41682215006608e+02,sinkhorn_cellsim
3.142745e+03,90641,2.08377601965200e-05,3.25593183220967e-02,6.41682215928938e+02,sinkhorn_cellsim
3.143438e+03,90661,2.07993912470782e-05,3.25593185097096e-02,6.41682216849980e+02,sinkhorn_cellsim
3.144131e+03,90681,2.07614982261388e-05,3.25593186963201e-02,6.41682217769781e+02,sinkhorn_cellsim
3.144825e+03,90701,2.07240496147341e-05,3.25593188816613e-02,6.41682218688381e+02,sinkhorn_cellsim
3.145518e+03,90721,2.06875790088820e-05,3.25593190654934e-02,6.41682219605813e+02,sinkhorn_cellsim
3.146212e+03,90741,2.06519214907062e-05,3.25593192476039e-02,6.41682220522105e+02,sinkhorn_cellsim
3.146905e+03,90761,2.06167073747955e-05,3.25593194278132e-02,6.41682221437275e+02,sinkhorn_cellsim
3.147599e+03,90781,2.05818760987172e-05,3.25593196059727e-02,6.41682222351335e+02,sinkhorn_cellsim
3.148292e+03,90801,2.05474302074257e-05,3.25593197819658e-02,6.41682223264291e+02,sinkhorn_cellsim
3.148986e+03,90821,2.05133841285692e-05,3.25593199557087e-02,6.41682224176140e+02,sinkhorn_cellsim
3.149679e+03,90841,2.04797656811361e-05,3.25593201271499e-02,6.41682225086875e+02,sinkhorn_cellsim
3.150373e+03,90861,2.04466636845982e-05,3.25593202962685e-02,6.41682225996480e+02,sinkhorn_cellsim
3.151066e+03,90881,2.04140002408799e-05,3.25593204630738e-02,6.41682226904935e+02,sinkhorn_cellsim
3.151759e+03,90901,2.03816876245602e-05,3.25593206276044e-02,6.41682227812215e+02,sinkhorn_cellsim
3.152453e+03,90921,2.03499199918682e-05,3.25593207899247e-02,6.41682228718288e+02,sinkhorn_cellsim
3.153146e+03,90941,2.03184402330947e-05,3.25593209501245e-02,6.41682229623121e+02,sinkhorn_cellsim
3.153840e+03,90961,2.02870967700316e-05,3.25593211083150e-02,6.41682230526675e+02,sinkhorn_cellsim
3.154533e+03,90981,2.02560990548469e-05,3.25593212646287e-02,6.41682231428909e+02,sinkhorn_cellsim
3.155227e+03,91001,2.02258322922710e-05,3.25593214192143e-02,6.41682232329781e+02,sinkhorn_cellsim
3.155920e+03,91021,2.01958719510914e-05,3.25593215722358e-02,6.41682233229246e+02,sinkhorn_cellsim
3.156614e+03,91041,2.01658995047697e-05,3.25593217238686e-02,6.41682234127261e+02,sinkhorn_cellsim
3.157307e+03,91061,2.01358614839662e-05,3.25593218742973e-02,6.41682235023780e+02,sinkhorn_cellsim
3.158000e+03,91081,2.01058115504772e-05,3.25593220237122e-02,6.41682235918761e+02,sinkhorn_cellsim
3.158694e+03,91101,2.00761405395850e-05,3.25593221723072e-02,6.41682236812161e+02,sinkhorn_cellsim
3.159387e+03,91121,2.00465006194181e-05,3.25593223202761e-02,6.41682237703943e+02,sinkhorn_cellsim
3.160081e+03,91141,2.00171605555142e-05,3.25593224678101e-02,6.41682238594069e+02,sinkhorn_cellsim
3.160774e+03,91161,1.99886881003798e-05,3.25593226150949e-02,6.41682239482506e+02,sinkhorn_cellsim
3.161468e+03,91181,1.99603751069985e-05,3.25593227623092e-02,6.41682240369228e+02,sinkhorn_cellsim
3.162161e+03,91201,1.99322016705750e-05,3.25593229096209e-02,6.41682241254210e+02,sinkhorn_cellsim
3.162855e+03,91221,1.99038421299172e-05,3.25593230571854e-02,6.41682242137432e+02,sinkhorn_cellsim
3.163548e+03,91241,1.98759896696346e-05,3.25593232051448e-02,6.41682243018882e+02,sinkhorn_cellsim
3.164241e+03,91261,1.98482603165998e-05,3.25593233536254e-02,6.41682243898551e+02,sinkhorn_cellsim
3.164935e+03,91281,1.98205490457546e-05,3.25593235027369e-02,6.41682244776437e+02,sinkhorn_cellsim
3.165628e+03,91301,1.97926784351220e-05,3.25593236525711e-02,6.41682245652541e+02,sinkhorn_cellsim
3.166322e+03,91321,1.97646383014348e-05,3.25593238032028e-02,6.41682246526871e+02,sinkhorn_cellsim
3.167015e+03,91341,1.97363986905594e-05,3.25593239546884e-02,6.41682247399442e+02,sinkhorn_cellsim
3.167709e+03,91361,1.97078923246343e-05,3.25593241070671e-02,6.41682248270271e+02,sinkhorn_cellsim
3.168402e+03,91381,1.96791356647056e-05,3.25593242603617e-02,6.41682249139381e+02,sinkhorn_cellsim
3.169096e+03,91401,1.96502857684349e-05,3.25593244145791e-02,6.41682250006800e+02,sinkhorn_cellsim
3.169789e+03,91421,1.96212969460319e-05,3.25593245697133e-02,6.41682250872560e+02,sinkhorn_cellsim
3.170482e+03,91441,1.95921165790501e-05,3.25593247257456e-02,6.41682251736696e+02,sinkhorn_cellsim
3.171176e+03,91461,1.95629978704283e-05,3.25593248826471e-02,6.41682252599247e+02,sinkhorn_cellsim
3.171869e+03,91481,1.95339175651925e-05,3.25593250403819e-02,6.41682253460255e+02,sinkhorn_cellsim
3.172563e+03,91501,1.95047865045731e-05,3.25593251989096e-02,6.41682254319764e+02,sinkhorn_cellsim
3.173256e+03,91521,1.94758885185540e-05,3.25593253581862e-02,6.41682255177820e+02,sinkhorn_cellsim
3.173950e+03,91541,1.94474315673536e-05,3.25593255181704e-02,6.41682256034470e+02,sinkhorn_cellsim
3.174643e+03,91561,1.94191967075642e-05,3.25593256788225e-02,6.41682256889761e+02,sinkhorn_cellsim
3.175337e+03,91581,1.93910236580527e-05,3.25593258401108e-02,6.41682257743742e+02,sinkhorn_cellsim
3.176030e+03,91601,1.93628136055826e-05,3.25593260020121e-02,6.41682258596459e+02,sinkhorn_cellsim
3.176723e+03,91621,1.93348415382440e-05,3.25593261645151e-02,6.41682259447958e+02,sinkhorn_cellsim
3.177417e+03,91641,1.93069899841887e-05,3.25593263276230e-02,6.41682260298281e+02,sinkhorn_cellsim
3.178110e+03,91661,1.92792237575057e-05,3.25593264913557e-02,6.41682261147468e+02,sinkhorn_cellsim
3.178804e+03,91681,1.92516023231871e-05,3.25593266557519e-02,6.41682261995557e+02,sinkhorn_cellsim
3.179497e+03,91701,1.92241584827892e-05,3.25593268208707e-02,6.41682262842580e+02,sinkhorn_cellsim
3.180191e+03,91721,1.91968249401080e-05,3.25593269867930e-02,6.41682263688566e+02,sinkhorn_cellsim
3.180884e+03,91741,1.91695450401838e-05,3.25593271536221e-02,6.41682264533536e+02,sinkhorn_cellsim
3.181578e+03,91761,1.91424202636709e-05,3.25593273214858e-02,6.41682265377509e+02,sinkhorn_cellsim
3.182271e+03,91781,1.91155497182974e-05,3.25593274905367e-02,6.41682266220496e+02,sinkhorn_cellsim
3.182965e+03,91801,1.90890124758703e-05,3.25593276609518e-02,6.41682267062502e+02,sinkhorn_cellsim
3.183658e+03,91821,1.90626356585765e-05,3.25593278329328e-02,6.41682267903526e+02,sinkhorn_cellsim
3.184351e+03,91841,1.90365540775274e-05,3.25593280067073e-02,6.41682268743560e+02,sinkhorn_cellsim
3.185045e+03,91861,1.90103987650457e-05,3.25593281825272e-02,6.41682269582590e+02,sinkhorn_cellsim
3.185738e+03,91881,1.89841254243698e-05,3.25593283606680e-02,6.41682270420596e+02,sinkhorn_cellsim
3.186432e+03,91901,1.89577640322941e-05,3.25593285414300e-02,6.41682271257549e+02,sinkhorn_cellsim
3.187125e+03,91921,1.89312384434981e-05,3.25593287251348e-02,6.41682272093416e+02,sinkhorn_cellsim
3.187819e+03,91941,1.89045402942823e-05,3.25593289121258e-02,6.41682272928157e+02,sinkhorn_cellsim
3.188512e+03,91961,1.88775512439640e-05,3.25593291027666e-02,6.41682273761726e+02,sinkhorn_cellsim
3.189206e+03,91981,1.88501704756341e-05,3.25593292974377e-02,6.41682274594071e+02,sinkhorn_cellsim
3.189899e+03,92001,1.88229698213173e-05,3.25593294965353e-02,6.41682275425135e+02,sinkhorn_cellsim
3.190592e+03,92021,1.87956810884192e-05,3.25593297004671e-02,6.41682276254855e+02,sinkhorn_cellsim
3.191286e+03,92041,1.87684811986873e-05,3.25593299096510e-02,6.41682277083166e+02,sinkhorn_cellsim
3.191979e+03,92061,1.87414611660076e-05,3.25593301245078e-02,6.41682277909997e+02,sinkhorn_cellsim
3.192673e+03,92081,1.87147564696586e-05,3.25593303454592e-02,6.41682278735273e+02,sinkhorn_cellsim
3.193366e+03,92101,1.86877376611907e-05,3.25593305729202e-02,6.41682279558918e+02,sinkhorn_cellsim
3.194060e+03,92121,1.86603212938446e-05,3.25593308072931e-02,6.41682280380853e+02,sinkhorn_cellsim
3.194753e+03,92141,1.86327361424944e-05,3.25593310489605e-02,6.41682281200999e+02,sinkhorn_cellsim
3.195447e+03,92161,1.86046225368546e-05,3.25593312982773e-02,6.41682282019274e+02,sinkhorn_cellsim
3.196140e+03,92181,1.85762956546230e-05,3.25593315555609e-02,6.41682282835600e+02,sinkhorn_cellsim
3.196833e+03,92201,1.85474781622025e-05,3.25593318210828e-02,6.41682283649898e+02,sinkhorn_cellsim
3.197527e+03,92221,1.85182428599412e-05,3.25593320950582e-02,6.41682284462092e+02,sinkhorn_cellsim
3.198220e+03,92241,1.84885969076567e-05,3.25593323776352e-02,6.41682285272110e+02,sinkhorn_cellsim
3.198914e+03,92261,1.84587098286464e-05,3.25593326688846e-02,6.41682286079883e+02,sinkhorn_cellsim
3.199607e+03,92281,1.84284371775769e-05,3.25593329687889e-02,6.41682286885350e+02,sinkhorn_cellsim
3.200301e+03,92301,1.83976507053159e-05,3.25593332772335e-02,6.41682287688454e+02,sinkhorn_cellsim
3.200994e+03,92321,1.83663635572885e-05,3.25593335939958e-02,6.41682288489145e+02,sinkhorn_cellsim
3.201688e+03,92341,1.83350213174418e-05,3.25593339187391e-02,6.41682289287382e+02,sinkhorn_cellsim
3.202381e+03,92361,1.83030765774803e-05,3.25593342510042e-02,6.41682290083133e+02,sinkhorn_cellsim
3.203074e+03,92381,1.82705156239201e-05,3.25593345902072e-02,6.41682290876372e+02,sinkhorn_cellsim
3.203768e+03,92401,1.82373963760266e-05,3.25593349356364e-02,6.41682291667087e+02,sinkhorn_cellsim
3.204461e+03,92421,1.82038146218992e-05,3.25593352864536e-02,6.41682292455271e+02,sinkhorn_cellsim
3.205155e+03,92441,1.81697286841036e-05,3.25593356416987e-02,6.41682293240929e+02,sinkhorn_cellsim
3.205848e+03,92461,1.81352602979491e-05,3.25593360002963e-02,6.41682294024077e+02,sinkhorn_cellsim
3.206542e+03,92481,1.81001203362398e-05,3.25593363610674e-02,6.41682294804737e+02,sinkhorn_cellsim
3.207235e+03,92501,1.80646921587663e-05,3.25593367227441e-02,6.41682295582942e+02,sinkhorn_cellsim
3.207929e+03,92521,1.80291427168537e-05,3.25593370839859e-02,6.41682296358734e+02,sinkhorn_cellsim
3.208622e+03,92541,1.79934001673187e-05,3.25593374434005e-02,6.41682297132162e+02,sinkhorn_cellsim
3.209315e+03,92561,1.79573825177827e-05,3.25593377995661e-02,6.41682297903283e+02,sinkhorn_cellsim
3.210009e+03,92581,1.79210829631127e-05,3.25593381510558e-02,6.41682298672161e+02,sinkhorn_cellsim
3.210702e+03,92601,1.78847923256400e-05,3.25593384964613e-02,6.41682299438864e+02,sinkhorn_cellsim
3.211396e+03,92621,1.78486847660806e-05,3.25593388344194e-02,6.41682300203467e+02,sinkhorn_cellsim
3.212089e+03,92641,1.78124894492127e-05,3.25593391636336e-02,6.41682300966049e+02,sinkhorn_cellsim
3.212783e+03,92661,1.77761866638002e-05,3.25593394828982e-02,6.41682301726693e+02,sinkhorn_cellsim
3.213476e+03,92681,1.77397908576530e-05,3.25593397911166e-02,6.41682302485483e+02,sinkhorn_cellsim
3.214170e+03,92701,1.77033986130739e-05,3.25593400873190e-02,6.41682303242507e+02,sinkhorn_cellsim
3.214863e+03,92721,1.76670380444577e-05,3.25593403706728e-02,6.41682303997852e+02,sinkhorn_cellsim
3.215556e+03,92741,1.76308418294991e-05,3.25593406404947e-02,6.41682304751608e+02,sinkhorn_cellsim
3.216250e+03,92761,1.75948913477523e-05,3.25593408962532e-02,6.41682305503864e+02,sinkhorn_cellsim
3.216943e+03,92781,1.75593937379619e-05,3.25593411375706e-02,6.41682306254708e+02,sinkhorn_cellsim
3.217637e+03,92801,1.75244328187465e-05,3.25593413642192e-02,6.41682307004227e+02,sinkhorn_cellsim
3.218330e+03,92821,1.74899008864428e-05,3.25593415761162e-02,6.41682307752505e+02,sinkhorn_cellsim
3.219024e+03,92841,1.74556873603250e-05,3.25593417733145e-02,6.41682308499625e+02,sinkhorn_cellsim
3.219717e+03,92861,1.74218157835463e-05,3.25593419559898e-02,6.41682309245668e+02,sinkhorn_cellsim
3.220411e+03,92881,1.73883199324600e-05,3.25593421244296e-02,6.41682309990710e+02,sinkhorn_cellsim
3.221104e+03,92901,1.73553741477592e-05,3.25593422790177e-02,6.41682310734824e+02,sinkhorn_cellsim
3.221798e+03,92921,1.73229153124652e-05,3.25593424202194e-02,6.41682311478080e+02,sinkhorn_cellsim
3.222491e+03,92941,1.72909427138930e-05,3.25593425485674e-02,6.41682312220543e+02,sinkhorn_cellsim
3.223185e+03,92961,1.72594203270876e-05,3.25593426646472e-02,6.41682312962275e+02,sinkhorn_cellsim
3.223878e+03,92981,1.72283835793021e-05,3.25593427690831e-02,6.41682313703334e+02,sinkhorn_cellsim
3.224571e+03,93001,1.71978496699814e-05,3.25593428625255e-02,6.41682314443771e+02,sinkhorn_cellsim
3.225265e+03,93021,1.71679711413789e-05,3.25593429456405e-02,6.41682315183638e+02,sinkhorn_cellsim
3.225958e+03,93041,1.71387567281628e-05,3.25593430190991e-02,6.41682315922976e+02,sinkhorn_cellsim
3.226652e+03,93061,1.71100494100222e-05,3.25593430835685e-02,6.41682316661829e+02,sinkhorn_cellsim
3.227345e+03,93081,1.70819123596259e-05,3.25593431397050e-02,6.41682317400231e+02,sinkhorn_cellsim
3.228039e+03,93101,1.70544181500747e-05,3.25593431881477e-02,6.41682318138217e+02,sinkhorn_cellsim
3.228732e+03,93121,1.70274714886541e-05,3.25593432295149e-02,6.41682318875815e+02,sinkhorn_cellsim
3.229426e+03,93141,1.70010725293057e-05,3.25593432643989e-02,6.41682319613050e+02,sinkhorn_cellsim
3.230119e+03,93161,1.69753010757964e-05,3.25593432933646e-02,6.41682320349946e+02,sinkhorn_cellsim
3.230812e+03,93181,1.69499880188518e-05,3.25593433169471e-02,6.41682321086521e+02,sinkhorn_cellsim
3.231506e+03,93201,1.69254232296046e-05,3.25593433356504e-02,6.41682321822792e+02,sinkhorn_cellsim
3.232199e+03,93221,1.69013742589185e-05,3.25593433499488e-02,6.41682322558771e+02,sinkhorn_cellsim
3.232893e+03,93241,1.68780626869782e-05,3.25593433602844e-02,6.41682323294469e+02,sinkhorn_cellsim
3.233586e+03,93261,1.68559175050912e-05,3.25593433670699e-02,6.41682324029895e+02,sinkhorn_cellsim
3.234280e+03,93281,1.68345788441746e-05,3.25593433706887e-02,6.41682324765053e+02,sinkhorn_cellsim
3.234973e+03,93301,1.68139080585869e-05,3.25593433714957e-02,6.41682325499947e+02,sinkhorn_cellsim
3.235667e+03,93321,1.67935733671576e-05,3.25593433698192e-02,6.41682326234578e+02,sinkhorn_cellsim
3.236360e+03,93341,1.67737197643963e-05,3.25593433659631e-02,6.41682326968945e+02,sinkhorn_cellsim
3.237054e+03,93361,1.67542565411064e-05,3.25593433602059e-02,6.41682327703045e+02,sinkhorn_cellsim
3.237747e+03,93381,1.67350780800704e-05,3.25593433528059e-02,6.41682328436871e+02,sinkhorn_cellsim
3.238440e+03,93401,1.67162018819677e-05,3.25593433439999e-02,6.41682329170418e+02,sinkhorn_cellsim
3.239134e+03,93421,1.66975593988111e-05,3.25593433340059e-02,6.41682329903675e+02,sinkhorn_cellsim
3.239827e+03,93441,1.66791296579716e-05,3.25593433230253e-02,6.41682330636631e+02,sinkhorn_cellsim
3.240521e+03,93461,1.66609945510728e-05,3.25593433112429e-02,6.41682331369274e+02,sinkhorn_cellsim
c_index=-0.032559343311242925,Sw=0.0,Smin=0.032559343311242925,Smax=0.032559343311242925,Nw=93,pairs=190
