time(s),iter,infeas,ot_objective,dual
3.751019e-03,1,8.97968506332820e-01,2.15620916646849e-36,-6.41360538058894e+00,sinkhorn_cellsim
2.023102e-01,21,8.92426894499614e-01,5.10644179237803e-05,7.11436547777676e+01,sinkhorn_cellsim
4.008840e-01,41,7.79866230726922e-01,2.15124170802061e-03,1.37878286218218e+02,sinkhorn_cellsim
5.997139e-01,61,6.59873032297433e-01,4.95331722669563e-03,1.74249321245837e+02,sinkhorn_cellsim
7.986751e-01,81,5.92728939366221e-01,6.45001469991738e-03,1.92765787749580e+02,sinkhorn_cellsim
9.976680e-01,101,5.55431548019328e-01,7.10816455487256e-03,2.05191296692748e+02,sinkhorn_cellsim
1.196661e+00,121,5.21898912953402e-01,7.72110833045579e-03,2.15262142224325e+02,sinkhorn_cellsim
1.395669e+00,141,4.94885796632765e-01,8.18996702952033e-03,2.24042066455088e+02,sinkhorn_cellsim
1.594669e+00,161,4.67397014637678e-01,8.66582539939094e-03,2.32029436849550e+02,sinkhorn_cellsim
1.793653e+00,181,4.41345193138000e-01,9.12177019085941e-03,2.39306595421996e+02,sinkhorn_cellsim
1.992645e+00,201,4.12398690030043e-01,9.65155901690071e-03,2.45880596686730e+02,sinkhorn_cellsim
2.191637e+00,221,3.87867832474359e-01,1.01300437573283e-02,2.51762413393734e+02,sinkhorn_cellsim
2.390622e+00,241,3.66695313187983e-01,1.05820252728902e-02,2.57035299088048e+02,sinkhorn_cellsim
2.589618e+00,261,3.43696756316998e-01,1.09598438919922e-02,2.61799202706915e+02,sinkhorn_cellsim
2.788612e+00,281,3.22700566858776e-01,1.12891486517935e-02,2.66070933312736e+02,sinkhorn_cellsim
2.987592e+00,301,2.98068604282825e-01,1.16225050856040e-02,2.69815388573427e+02,sinkhorn_cellsim
3.186570e+00,321,2.79469678497572e-01,1.18998465592256e-02,2.73187347274186e+02,sinkhorn_cellsim
3.385543e+00,341,2.62676903189046e-01,1.21502513027770e-02,2.76173421067183e+02,sinkhorn_cellsim
3.584518e+00,361,2.48602206110157e-01,1.23845071889549e-02,2.78859673468211e+02,sinkhorn_cellsim
3.783503e+00,381,2.32145689340912e-01,1.26623886734528e-02,2.81236167274304e+02,sinkhorn_cellsim
3.982490e+00,401,2.17667802241818e-01,1.28612519950045e-02,2.83350819477943e+02,sinkhorn_cellsim
4.181497e+00,421,2.04653298357540e-01,1.30663196393203e-02,2.85239081970565e+02,sinkhorn_cellsim
4.380519e+00,441,1.91216633185907e-01,1.32429968542216e-02,2.86935686885573e+02,sinkhorn_cellsim
4.579523e+00,461,1.78507715593537e-01,1.34203454135033e-02,2.88434897387540e+02,sinkhorn_cellsim
4.778536e+00,481,1.66108711747125e-01,1.36425011413223e-02,2.89747650464749e+02,sinkhorn_cellsim
4.977569e+00,501,1.56360957258345e-01,1.37625306949663e-02,2.90896499352715e+02,sinkhorn_cellsim
5.176616e+00,521,1.44275953341092e-01,1.39353209955901e-02,2.91915458907776e+02,sinkhorn_cellsim
5.375649e+00,541,1.36201260321484e-01,1.40222154408262e-02,2.92817586816195e+02,sinkhorn_cellsim
5.574706e+00,561,1.27526133960346e-01,1.41326584007661e-02,2.93631062443921e+02,sinkhorn_cellsim
5.773761e+00,581,1.19001499467651e-01,1.42561693905863e-02,2.94358588697000e+02,sinkhorn_cellsim
5.972804e+00,601,1.11787920904861e-01,1.43328165855593e-02,2.95007489198812e+02,sinkhorn_cellsim
6.171843e+00,621,1.04843724168756e-01,1.44133744550397e-02,2.95600860632844e+02,sinkhorn_cellsim
6.370885e+00,641,9.90537619033032e-02,1.44595833133099e-02,2.96146279551593e+02,sinkhorn_cellsim
6.569938e+00,661,9.40962583649593e-02,1.45233567423925e-02,2.96655138177626e+02,sinkhorn_cellsim
6.768997e+00,681,8.84251093567324e-02,1.46038380710372e-02,2.97119887599524e+02,sinkhorn_cellsim
6.968066e+00,701,8.46407781715119e-02,1.46585562579304e-02,2.97545860225680e+02,sinkhorn_cellsim
7.167151e+00,721,7.98908052063297e-02,1.47209043081589e-02,2.97935450165674e+02,sinkhorn_cellsim
7.366230e+00,741,7.52707529575025e-02,1.47781663556265e-02,2.98278168632259e+02,sinkhorn_cellsim
7.565287e+00,761,7.11641134112903e-02,1.48254233278262e-02,2.98590273491712e+02,sinkhorn_cellsim
7.764356e+00,781,6.75404116588476e-02,1.48690101213067e-02,2.98875889233280e+02,sinkhorn_cellsim
7.963446e+00,801,6.47304795460795e-02,1.48989617365398e-02,2.99143783801578e+02,sinkhorn_cellsim
8.162562e+00,821,6.19261325657531e-02,1.49296207248195e-02,2.99395831868441e+02,sinkhorn_cellsim
8.361683e+00,841,5.93543770829930e-02,1.49621067939044e-02,2.99630945059446e+02,sinkhorn_cellsim
8.560783e+00,861,5.67514431055833e-02,1.49898396825502e-02,2.99850680411524e+02,sinkhorn_cellsim
8.759896e+00,881,5.45594380759105e-02,1.50132317721157e-02,3.00057230173498e+02,sinkhorn_cellsim
8.959001e+00,901,5.20920268366214e-02,1.50422968749567e-02,3.00251171982323e+02,sinkhorn_cellsim
9.158097e+00,921,5.01569343397229e-02,1.50560539498903e-02,3.00434178836178e+02,sinkhorn_cellsim
9.357214e+00,941,4.80290357833801e-02,1.50725522508536e-02,3.00608909883322e+02,sinkhorn_cellsim
9.556340e+00,961,4.63464431531493e-02,1.50861209578275e-02,3.00777053208952e+02,sinkhorn_cellsim
9.755455e+00,981,4.48839307448247e-02,1.51276088400651e-02,3.00938315074204e+02,sinkhorn_cellsim
9.954572e+00,1001,4.30972346513437e-02,1.51748010951564e-02,3.01082766955146e+02,sinkhorn_cellsim
1.015370e+01,1021,4.15508804453879e-02,1.52066056519492e-02,3.01212031573403e+02,sinkhorn_cellsim
1.035281e+01,1041,4.02970643886840e-02,1.52220732477150e-02,3.01334137357446e+02,sinkhorn_cellsim
1.055193e+01,1061,3.88255348345739e-02,1.52424618603612e-02,3.01450731247594e+02,sinkhorn_cellsim
1.075105e+01,1081,3.74848693110367e-02,1.52563921810419e-02,3.01560696275908e+02,sinkhorn_cellsim
1.095017e+01,1101,3.60993558400361e-02,1.52824450642914e-02,3.01662981432174e+02,sinkhorn_cellsim
1.114929e+01,1121,3.46590272943199e-02,1.52985124905636e-02,3.01758352504480e+02,sinkhorn_cellsim
1.134841e+01,1141,3.33824458512928e-02,1.53133348530945e-02,3.01847753131760e+02,sinkhorn_cellsim
1.154752e+01,1161,3.19855778549514e-02,1.53342706729498e-02,3.01930405878397e+02,sinkhorn_cellsim
1.174665e+01,1181,3.08245859369143e-02,1.53479691379835e-02,3.02004945392383e+02,sinkhorn_cellsim
1.194577e+01,1201,2.97569578100616e-02,1.53591200903958e-02,3.02074986242558e+02,sinkhorn_cellsim
1.214490e+01,1221,2.83156809350920e-02,1.53718888487083e-02,3.02140283533100e+02,sinkhorn_cellsim
1.234403e+01,1241,2.73506064961308e-02,1.53809370617756e-02,3.02200927293583e+02,sinkhorn_cellsim
1.254315e+01,1261,2.65466906735727e-02,1.53887980340892e-02,3.02258782268949e+02,sinkhorn_cellsim
1.274228e+01,1281,2.57929098752173e-02,1.53944203579155e-02,3.02313957267003e+02,sinkhorn_cellsim
1.294140e+01,1301,2.51392665218470e-02,1.53994176564638e-02,3.02367106088039e+02,sinkhorn_cellsim
1.314052e+01,1321,2.43959311955758e-02,1.54130233954111e-02,3.02416388202592e+02,sinkhorn_cellsim
1.333963e+01,1341,2.36312101647447e-02,1.54253409293533e-02,3.02462022403916e+02,sinkhorn_cellsim
1.353876e+01,1361,2.29889813322824e-02,1.54322659771205e-02,3.02504878503120e+02,sinkhorn_cellsim
1.373788e+01,1381,2.24162476438451e-02,1.54379164236724e-02,3.02546067268043e+02,sinkhorn_cellsim
1.393700e+01,1401,2.18069080788140e-02,1.54438340930730e-02,3.02585636669389e+02,sinkhorn_cellsim
1.413612e+01,1421,2.11374403757289e-02,1.54506596072025e-02,3.02623444328868e+02,sinkhorn_cellsim
1.433525e+01,1441,2.05688958236084e-02,1.54556307904169e-02,3.02659695143854e+02,sinkhorn_cellsim
1.453437e+01,1461,1.99591862469028e-02,1.54608049747765e-02,3.02694689873901e+02,sinkhorn_cellsim
1.473348e+01,1481,1.93541404639404e-02,1.54660882913501e-02,3.02728129976352e+02,sinkhorn_cellsim
1.493263e+01,1501,1.88318262827498e-02,1.54701368494742e-02,3.02760171743580e+02,sinkhorn_cellsim
1.513176e+01,1521,1.82575511864186e-02,1.54735905617146e-02,3.02791117344862e+02,sinkhorn_cellsim
1.533090e+01,1541,1.76096770159206e-02,1.54797400584195e-02,3.02820553599514e+02,sinkhorn_cellsim
1.553005e+01,1561,1.70057668284943e-02,1.54901215277291e-02,3.02847711111820e+02,sinkhorn_cellsim
1.572919e+01,1581,1.65204415899900e-02,1.54961999354854e-02,3.02871934485327e+02,sinkhorn_cellsim
1.592834e+01,1601,1.60762606571551e-02,1.54996904659840e-02,3.02895092543624e+02,sinkhorn_cellsim
1.612748e+01,1621,1.56461672475069e-02,1.55036414081385e-02,3.02917122426829e+02,sinkhorn_cellsim
1.632663e+01,1641,1.52573243285380e-02,1.55058911694133e-02,3.02938370283328e+02,sinkhorn_cellsim
1.652578e+01,1661,1.48789051651082e-02,1.55090516985314e-02,3.02958851056301e+02,sinkhorn_cellsim
1.672492e+01,1681,1.45565462236264e-02,1.55111946965526e-02,3.02978727343441e+02,sinkhorn_cellsim
1.692406e+01,1701,1.42637679627163e-02,1.55140860441503e-02,3.02998061874308e+02,sinkhorn_cellsim
1.712321e+01,1721,1.39343318767785e-02,1.55201680455299e-02,3.03015717196550e+02,sinkhorn_cellsim
1.732236e+01,1741,1.36046007159767e-02,1.55223266052754e-02,3.03032409415009e+02,sinkhorn_cellsim
1.752153e+01,1761,1.33159130527560e-02,1.55246294642941e-02,3.03048582066090e+02,sinkhorn_cellsim
1.772070e+01,1781,1.30564986085749e-02,1.55261026166438e-02,3.03064264585500e+02,sinkhorn_cellsim
1.791987e+01,1801,1.28084664535829e-02,1.55271398852463e-02,3.03079604603634e+02,sinkhorn_cellsim
1.811904e+01,1821,1.25240149315201e-02,1.55292779942006e-02,3.03094463787756e+02,sinkhorn_cellsim
1.831820e+01,1841,1.22551507508356e-02,1.55304179211783e-02,3.03108871821380e+02,sinkhorn_cellsim
1.851735e+01,1861,1.19823285111414e-02,1.55314741596997e-02,3.03122926123849e+02,sinkhorn_cellsim
1.871648e+01,1881,1.16745630318259e-02,1.55335090580736e-02,3.03136522390611e+02,sinkhorn_cellsim
1.891560e+01,1901,1.14058846641087e-02,1.55351599037865e-02,3.03149607026396e+02,sinkhorn_cellsim
1.911474e+01,1921,1.11827137394901e-02,1.55377793800775e-02,3.03162136636872e+02,sinkhorn_cellsim
1.931388e+01,1941,1.09851803875548e-02,1.55394610435486e-02,3.03174265075722e+02,sinkhorn_cellsim
1.951304e+01,1961,1.07668699324407e-02,1.55416822931127e-02,3.03185956787065e+02,sinkhorn_cellsim
1.971217e+01,1981,1.04787035794265e-02,1.55439838232400e-02,3.03197158047464e+02,sinkhorn_cellsim
1.991130e+01,2001,1.02197466874581e-02,1.55457531968322e-02,3.03207921502976e+02,sinkhorn_cellsim
2.011044e+01,2021,1.00246247995914e-02,1.55491703242648e-02,3.03218035404069e+02,sinkhorn_cellsim
2.030958e+01,2041,9.85851866274626e-03,1.55505819176046e-02,3.03227678312972e+02,sinkhorn_cellsim
2.050873e+01,2061,9.70933005759819e-03,1.55516093352770e-02,3.03237131161349e+02,sinkhorn_cellsim
2.070786e+01,2081,9.55324888194129e-03,1.55527381815348e-02,3.03246379510244e+02,sinkhorn_cellsim
2.090699e+01,2101,9.34048407187885e-03,1.55546510879729e-02,3.03255290982588e+02,sinkhorn_cellsim
2.110610e+01,2121,9.17327301432037e-03,1.55562919260405e-02,3.03263882320274e+02,sinkhorn_cellsim
2.130523e+01,2141,9.00437639641888e-03,1.55571537955343e-02,3.03272131367232e+02,sinkhorn_cellsim
2.150435e+01,2161,8.78279549880810e-03,1.55600451028727e-02,3.03279515597975e+02,sinkhorn_cellsim
2.170353e+01,2181,8.64144953132508e-03,1.55608113472652e-02,3.03286570097149e+02,sinkhorn_cellsim
2.190276e+01,2201,8.51457759296305e-03,1.55613849741835e-02,3.03293497245984e+02,sinkhorn_cellsim
2.210191e+01,2221,8.38258788764980e-03,1.55628760646462e-02,3.03300256779599e+02,sinkhorn_cellsim
2.230106e+01,2241,8.20674174072499e-03,1.55643955497864e-02,3.03306674472958e+02,sinkhorn_cellsim
2.250021e+01,2261,7.97377712290418e-03,1.55677242168315e-02,3.03312509185221e+02,sinkhorn_cellsim
2.269934e+01,2281,7.82758773366428e-03,1.55687293647570e-02,3.03318041156148e+02,sinkhorn_cellsim
2.289847e+01,2301,7.70290868373989e-03,1.55693090715781e-02,3.03323479233597e+02,sinkhorn_cellsim
2.309760e+01,2321,7.57378209528113e-03,1.55698990425766e-02,3.03328830539429e+02,sinkhorn_cellsim
2.329673e+01,2341,7.42787333583371e-03,1.55706421525596e-02,3.03334031903891e+02,sinkhorn_cellsim
2.349585e+01,2361,7.29796755163541e-03,1.55711194272607e-02,3.03339123227975e+02,sinkhorn_cellsim
2.369496e+01,2381,7.18173566710416e-03,1.55715636763391e-02,3.03344142077088e+02,sinkhorn_cellsim
2.389410e+01,2401,7.07582676572983e-03,1.55721099609329e-02,3.03349086981007e+02,sinkhorn_cellsim
2.409323e+01,2421,6.95509350573637e-03,1.55731655080760e-02,3.03353889437962e+02,sinkhorn_cellsim
2.429236e+01,2441,6.79971293562356e-03,1.55744530995798e-02,3.03358439403046e+02,sinkhorn_cellsim
2.449147e+01,2461,6.65183756619705e-03,1.55755452328002e-02,3.03362755117783e+02,sinkhorn_cellsim
2.469059e+01,2481,6.51098141528797e-03,1.55766034914010e-02,3.03366900526980e+02,sinkhorn_cellsim
2.488971e+01,2501,6.41650492975521e-03,1.55770833246496e-02,3.03370970144657e+02,sinkhorn_cellsim
2.508881e+01,2521,6.33079839543511e-03,1.55774546423379e-02,3.03375001108325e+02,sinkhorn_cellsim
2.528794e+01,2541,6.25154040472669e-03,1.55777878287923e-02,3.03378997925503e+02,sinkhorn_cellsim
2.548707e+01,2561,6.17713768465530e-03,1.55780928792058e-02,3.03382963833687e+02,sinkhorn_cellsim
2.568620e+01,2581,6.10726148174414e-03,1.55783788638843e-02,3.03386900937185e+02,sinkhorn_cellsim
2.588541e+01,2601,6.04107568471782e-03,1.55786544895836e-02,3.03390810127623e+02,sinkhorn_cellsim
2.608456e+01,2621,5.97735674826208e-03,1.55789324939953e-02,3.03394690468760e+02,sinkhorn_cellsim
2.628369e+01,2641,5.90262106652839e-03,1.55793415000095e-02,3.03398522510129e+02,sinkhorn_cellsim
2.648281e+01,2661,5.82333955657829e-03,1.55802187537005e-02,3.03402202593625e+02,sinkhorn_cellsim
2.668193e+01,2681,5.75848696420804e-03,1.55807501742527e-02,3.03405747485788e+02,sinkhorn_cellsim
2.688104e+01,2701,5.69588965473664e-03,1.55812268430872e-02,3.03409181551596e+02,sinkhorn_cellsim
2.708017e+01,2721,5.63418947384382e-03,1.55816299099082e-02,3.03412556572053e+02,sinkhorn_cellsim
2.727930e+01,2741,5.57533420773221e-03,1.55821110410932e-02,3.03415855105850e+02,sinkhorn_cellsim
2.747843e+01,2761,5.51872645482411e-03,1.55825655876727e-02,3.03419066567431e+02,sinkhorn_cellsim
2.767755e+01,2781,5.46529859745894e-03,1.55829106056149e-02,3.03422237704224e+02,sinkhorn_cellsim
2.787670e+01,2801,5.41556565595421e-03,1.55832198770420e-02,3.03425377276355e+02,sinkhorn_cellsim
2.807582e+01,2821,5.36687974655143e-03,1.55835193444543e-02,3.03428486467479e+02,sinkhorn_cellsim
2.827495e+01,2841,5.31640556519013e-03,1.55838910889042e-02,3.03431556766098e+02,sinkhorn_cellsim
2.847408e+01,2861,5.26396608448628e-03,1.55843874559065e-02,3.03434550269783e+02,sinkhorn_cellsim
2.867319e+01,2881,5.20889088477545e-03,1.55847139404086e-02,3.03437479613134e+02,sinkhorn_cellsim
2.887231e+01,2901,5.15501427981217e-03,1.55849750489671e-02,3.03440371653117e+02,sinkhorn_cellsim
2.907144e+01,2921,5.10239173729309e-03,1.55852064410427e-02,3.03443235028206e+02,sinkhorn_cellsim
2.927057e+01,2941,5.05129341963022e-03,1.55854182533813e-02,3.03446074048140e+02,sinkhorn_cellsim
2.946970e+01,2961,5.00118573522582e-03,1.55856193938009e-02,3.03448891267914e+02,sinkhorn_cellsim
2.966882e+01,2981,4.95104128959165e-03,1.55858335655330e-02,3.03451686871392e+02,sinkhorn_cellsim
2.986797e+01,3001,4.89532945118966e-03,1.55862894271877e-02,3.03454440312704e+02,sinkhorn_cellsim
3.006711e+01,3021,4.83918161855948e-03,1.55871818272910e-02,3.03457071116457e+02,sinkhorn_cellsim
3.026624e+01,3041,4.78502781534288e-03,1.55875802316040e-02,3.03459607684760e+02,sinkhorn_cellsim
3.046538e+01,3061,4.73247531640864e-03,1.55878199669661e-02,3.03462102814857e+02,sinkhorn_cellsim
3.066450e+01,3081,4.68149286004913e-03,1.55880397457440e-02,3.03464570230333e+02,sinkhorn_cellsim
3.086363e+01,3101,4.63231139850251e-03,1.55882558780705e-02,3.03467014552761e+02,sinkhorn_cellsim
3.106276e+01,3121,4.58268062379259e-03,1.55884721849959e-02,3.03469438111694e+02,sinkhorn_cellsim
3.126188e+01,3141,4.53246002872674e-03,1.55886899149291e-02,3.03471842584770e+02,sinkhorn_cellsim
3.146101e+01,3161,4.48449735068397e-03,1.55889083265478e-02,3.03474229284361e+02,sinkhorn_cellsim
3.166018e+01,3181,4.43731274256861e-03,1.55891243793241e-02,3.03476599143549e+02,sinkhorn_cellsim
3.185931e+01,3201,4.39081487428803e-03,1.55893366566681e-02,3.03478952434431e+02,sinkhorn_cellsim
3.205844e+01,3221,4.33983457868109e-03,1.55895766346746e-02,3.03481284070387e+02,sinkhorn_cellsim
3.225757e+01,3241,4.27477356453125e-03,1.55900575566489e-02,3.03483548989204e+02,sinkhorn_cellsim
3.245671e+01,3261,4.21509876187234e-03,1.55905350436144e-02,3.03485730870883e+02,sinkhorn_cellsim
3.265584e+01,3281,4.15959721139561e-03,1.55908484766531e-02,3.03487880203940e+02,sinkhorn_cellsim
3.285497e+01,3301,4.10154866397123e-03,1.55911422577014e-02,3.03490003530456e+02,sinkhorn_cellsim
3.305410e+01,3321,4.03563942930556e-03,1.55914905099294e-02,3.03492094671352e+02,sinkhorn_cellsim
3.325324e+01,3341,3.95176209067882e-03,1.55923664378635e-02,3.03494087889938e+02,sinkhorn_cellsim
3.345236e+01,3361,3.83492977575374e-03,1.55941789249282e-02,3.03495807339111e+02,sinkhorn_cellsim
3.365148e+01,3381,3.73646230031618e-03,1.55951956064119e-02,3.03497328945618e+02,sinkhorn_cellsim
3.385061e+01,3401,3.67333794621435e-03,1.55955653410339e-02,3.03498807242272e+02,sinkhorn_cellsim
3.404975e+01,3421,3.61805729427658e-03,1.55958026907960e-02,3.03500266323997e+02,sinkhorn_cellsim
3.424887e+01,3441,3.56738188508979e-03,1.55959894505020e-02,3.03501711244219e+02,sinkhorn_cellsim
3.444801e+01,3461,3.52017027132634e-03,1.55961468247968e-02,3.03503144553564e+02,sinkhorn_cellsim
3.464713e+01,3481,3.47594125613731e-03,1.55962861784615e-02,3.03504567701317e+02,sinkhorn_cellsim
3.484626e+01,3501,3.43303002011042e-03,1.55964804563834e-02,3.03505979865295e+02,sinkhorn_cellsim
3.504540e+01,3521,3.38880321671560e-03,1.55984022457096e-02,3.03507310510567e+02,sinkhorn_cellsim
3.524454e+01,3541,3.34353716197101e-03,1.55988724609462e-02,3.03508545817576e+02,sinkhorn_cellsim
3.544366e+01,3561,3.30109446918373e-03,1.55990286431896e-02,3.03509762054538e+02,sinkhorn_cellsim
3.564279e+01,3581,3.25949139867219e-03,1.55991986358669e-02,3.03510961447894e+02,sinkhorn_cellsim
3.584191e+01,3601,3.21662155099459e-03,1.55993754111949e-02,3.03512144277088e+02,sinkhorn_cellsim
3.604103e+01,3621,3.17339469239800e-03,1.55995510617179e-02,3.03513310594624e+02,sinkhorn_cellsim
3.624016e+01,3641,3.13069038475224e-03,1.55997182780052e-02,3.03514460442981e+02,sinkhorn_cellsim
3.643928e+01,3661,3.08606837513403e-03,1.55998704885086e-02,3.03515594156809e+02,sinkhorn_cellsim
3.663842e+01,3681,3.04012807684515e-03,1.56000070140554e-02,3.03516712263673e+02,sinkhorn_cellsim
3.683755e+01,3701,2.99550061046814e-03,1.56001322664775e-02,3.03517815538150e+02,sinkhorn_cellsim
3.703669e+01,3721,2.95452263234709e-03,1.56002801622768e-02,3.03518903070076e+02,sinkhorn_cellsim
3.723582e+01,3741,2.91970725588901e-03,1.56006933083158e-02,3.03519951910232e+02,sinkhorn_cellsim
3.743495e+01,3761,2.88692455015683e-03,1.56011470280664e-02,3.03520926621388e+02,sinkhorn_cellsim
3.763408e+01,3781,2.85541112237323e-03,1.56013427753076e-02,3.03521863470962e+02,sinkhorn_cellsim
3.783321e+01,3801,2.82461077193938e-03,1.56014768686790e-02,3.03522782208147e+02,sinkhorn_cellsim
3.803234e+01,3821,2.79381815168024e-03,1.56015918708947e-02,3.03523686757489e+02,sinkhorn_cellsim
3.823148e+01,3841,2.76238076894462e-03,1.56017059835608e-02,3.03524577584171e+02,sinkhorn_cellsim
3.843062e+01,3861,2.73153786182008e-03,1.56018276418785e-02,3.03525454344944e+02,sinkhorn_cellsim
3.862975e+01,3881,2.70043791934056e-03,1.56019530743190e-02,3.03526317119887e+02,sinkhorn_cellsim
3.882888e+01,3901,2.66816085906728e-03,1.56020758687479e-02,3.03527166606960e+02,sinkhorn_cellsim
3.902801e+01,3921,2.63477162921263e-03,1.56021953122258e-02,3.03528003607777e+02,sinkhorn_cellsim
3.922714e+01,3941,2.60149447010753e-03,1.56023127925910e-02,3.03528828962045e+02,sinkhorn_cellsim
3.942626e+01,3961,2.57162243677969e-03,1.56024272250382e-02,3.03529643835458e+02,sinkhorn_cellsim
3.962538e+01,3981,2.54446866756510e-03,1.56025356553185e-02,3.03530449717408e+02,sinkhorn_cellsim
3.982451e+01,4001,2.51936141872328e-03,1.56026360809954e-02,3.03531248071625e+02,sinkhorn_cellsim
4.002364e+01,4021,2.49482696451764e-03,1.56027349730789e-02,3.03532039524010e+02,sinkhorn_cellsim
4.022277e+01,4041,2.46890636967807e-03,1.56029364543382e-02,3.03532816360977e+02,sinkhorn_cellsim
4.042190e+01,4061,2.44290809002447e-03,1.56034959730942e-02,3.03533533443165e+02,sinkhorn_cellsim
4.062103e+01,4081,2.41819929962944e-03,1.56038131724519e-02,3.03534191562421e+02,sinkhorn_cellsim
4.082017e+01,4101,2.39373071140910e-03,1.56040276343923e-02,3.03534812053740e+02,sinkhorn_cellsim
4.101931e+01,4121,2.36990456511960e-03,1.56042078895386e-02,3.03535402637648e+02,sinkhorn_cellsim
4.121844e+01,4141,2.34678121249505e-03,1.56043313868662e-02,3.03535977729946e+02,sinkhorn_cellsim
4.141758e+01,4161,2.32425972302207e-03,1.56044169559733e-02,3.03536544447156e+02,sinkhorn_cellsim
4.161671e+01,4181,2.30255213596774e-03,1.56044830863993e-02,3.03537105400032e+02,sinkhorn_cellsim
4.181586e+01,4201,2.28135297878706e-03,1.56045385969404e-02,3.03537661817120e+02,sinkhorn_cellsim
4.201499e+01,4221,2.26080230402081e-03,1.56045873336647e-02,3.03538214360263e+02,sinkhorn_cellsim
4.221411e+01,4241,2.24089166711371e-03,1.56046311948043e-02,3.03538763369953e+02,sinkhorn_cellsim
4.241324e+01,4261,2.22144876586621e-03,1.56046712629315e-02,3.03539308993061e+02,sinkhorn_cellsim
4.261236e+01,4281,2.20241701123189e-03,1.56047081931087e-02,3.03539851282443e+02,sinkhorn_cellsim
4.281149e+01,4301,2.18377722081624e-03,1.56047424005464e-02,3.03540390280306e+02,sinkhorn_cellsim
4.301061e+01,4321,2.16571937411250e-03,1.56047741957372e-02,3.03540926063137e+02,sinkhorn_cellsim
4.320974e+01,4341,2.14857876555851e-03,1.56048038328177e-02,3.03541458728164e+02,sinkhorn_cellsim
4.340885e+01,4361,2.13224186638689e-03,1.56048314419089e-02,3.03541988333831e+02,sinkhorn_cellsim
4.360797e+01,4381,2.11666638117034e-03,1.56048568966027e-02,3.03542514825610e+02,sinkhorn_cellsim
4.380710e+01,4401,2.10176278169802e-03,1.56048796730350e-02,3.03543037969257e+02,sinkhorn_cellsim
4.400623e+01,4421,2.08744574011773e-03,1.56048987446489e-02,3.03543557313401e+02,sinkhorn_cellsim
4.420535e+01,4441,2.07379853736573e-03,1.56049127189802e-02,3.03544072237648e+02,sinkhorn_cellsim
4.440450e+01,4461,2.06076019884873e-03,1.56049207351647e-02,3.03544582152934e+02,sinkhorn_cellsim
4.460365e+01,4481,2.04813425107140e-03,1.56049240997482e-02,3.03545086776117e+02,sinkhorn_cellsim
4.480276e+01,4501,2.03590701714171e-03,1.56049267538651e-02,3.03545586219910e+02,sinkhorn_cellsim
4.500187e+01,4521,2.02395102344094e-03,1.56049332778849e-02,3.03546080811874e+02,sinkhorn_cellsim
4.520098e+01,4541,2.01219433068139e-03,1.56049465303952e-02,3.03546570862306e+02,sinkhorn_cellsim
4.540010e+01,4561,2.00063214452493e-03,1.56049669891908e-02,3.03547056546489e+02,sinkhorn_cellsim
4.559921e+01,4581,1.98890689553566e-03,1.56049938509114e-02,3.03547537844861e+02,sinkhorn_cellsim
4.579832e+01,4601,1.97660640436396e-03,1.56050276053107e-02,3.03548014387168e+02,sinkhorn_cellsim
4.599743e+01,4621,1.96281741845254e-03,1.56050738834300e-02,3.03548485072975e+02,sinkhorn_cellsim
4.619655e+01,4641,1.94609353342089e-03,1.56051438726336e-02,3.03548947766010e+02,sinkhorn_cellsim
4.639567e+01,4661,1.92716724805551e-03,1.56052360511940e-02,3.03549400777985e+02,sinkhorn_cellsim
4.659479e+01,4681,1.91360332203073e-03,1.56053236879969e-02,3.03549845566761e+02,sinkhorn_cellsim
4.679390e+01,4701,1.90272218516595e-03,1.56053919180194e-02,3.03550284920754e+02,sinkhorn_cellsim
4.699302e+01,4721,1.89137565818543e-03,1.56054487618917e-02,3.03550720203300e+02,sinkhorn_cellsim
4.719214e+01,4741,1.87922507278931e-03,1.56055074699061e-02,3.03551151483330e+02,sinkhorn_cellsim
4.739126e+01,4761,1.86662873602638e-03,1.56055797236714e-02,3.03551578061420e+02,sinkhorn_cellsim
4.759038e+01,4781,1.85483326409232e-03,1.56056723076997e-02,3.03551998832197e+02,sinkhorn_cellsim
4.778949e+01,4801,1.84360568836532e-03,1.56057811960819e-02,3.03552412967123e+02,sinkhorn_cellsim
4.798861e+01,4821,1.83241947113957e-03,1.56058933101770e-02,3.03552820558919e+02,sinkhorn_cellsim
4.818772e+01,4841,1.82152477565853e-03,1.56059989153832e-02,3.03553222364431e+02,sinkhorn_cellsim
4.838685e+01,4861,1.81062718461027e-03,1.56060966719889e-02,3.03553619086242e+02,sinkhorn_cellsim
4.858596e+01,4881,1.79975773861516e-03,1.56061881883168e-02,3.03554011095745e+02,sinkhorn_cellsim
4.878508e+01,4901,1.78895758677968e-03,1.56062737298350e-02,3.03554398506167e+02,sinkhorn_cellsim
4.898419e+01,4921,1.77828040230565e-03,1.56063525540516e-02,3.03554781246546e+02,sinkhorn_cellsim
4.918331e+01,4941,1.76775658940621e-03,1.56064246789908e-02,3.03555159086272e+02,sinkhorn_cellsim
4.938242e+01,4961,1.75728145237639e-03,1.56064914715722e-02,3.03555531694525e+02,sinkhorn_cellsim
4.958156e+01,4981,1.74681609424441e-03,1.56065551087778e-02,3.03555898752821e+02,sinkhorn_cellsim
4.978068e+01,5001,1.73639024149913e-03,1.56066180962659e-02,3.03556260043031e+02,sinkhorn_cellsim
4.997980e+01,5021,1.72594202734942e-03,1.56066834795383e-02,3.03556615423875e+02,sinkhorn_cellsim
5.017891e+01,5041,1.71543289287200e-03,1.56067555706609e-02,3.03556964682243e+02,sinkhorn_cellsim
5.037803e+01,5061,1.70496990871376e-03,1.56068402419943e-02,3.03557307346329e+02,sinkhorn_cellsim
5.057713e+01,5081,1.69455202501964e-03,1.56069425250376e-02,3.03557642688726e+02,sinkhorn_cellsim
5.077624e+01,5101,1.68421047022283e-03,1.56070599316286e-02,3.03557970218108e+02,sinkhorn_cellsim
5.097536e+01,5121,1.67382455169624e-03,1.56071787502095e-02,3.03558290378287e+02,sinkhorn_cellsim
5.117448e+01,5141,1.66332596331507e-03,1.56072835715042e-02,3.03558604417660e+02,sinkhorn_cellsim
5.137360e+01,5161,1.65272004157900e-03,1.56073686161035e-02,3.03558913524485e+02,sinkhorn_cellsim
5.157272e+01,5181,1.64201468979077e-03,1.56074367161971e-02,3.03559218420854e+02,sinkhorn_cellsim
5.177184e+01,5201,1.63121325732860e-03,1.56074932647775e-02,3.03559519535451e+02,sinkhorn_cellsim
5.197096e+01,5221,1.62035546868131e-03,1.56075429953678e-02,3.03559817227571e+02,sinkhorn_cellsim
5.217007e+01,5241,1.60942148014543e-03,1.56075892213444e-02,3.03560111854292e+02,sinkhorn_cellsim
5.236919e+01,5261,1.59840185504425e-03,1.56076338683218e-02,3.03560403739064e+02,sinkhorn_cellsim
5.256835e+01,5281,1.58731134840348e-03,1.56076777763290e-02,3.03560693138793e+02,sinkhorn_cellsim
5.276756e+01,5301,1.57615895947785e-03,1.56077211187406e-02,3.03560980244030e+02,sinkhorn_cellsim
5.296668e+01,5321,1.56515268295039e-03,1.56077637687891e-02,3.03561265197404e+02,sinkhorn_cellsim
5.316579e+01,5341,1.55410756282403e-03,1.56078055243893e-02,3.03561548111785e+02,sinkhorn_cellsim
5.336490e+01,5361,1.54303300636760e-03,1.56078462082494e-02,3.03561829082054e+02,sinkhorn_cellsim
5.356402e+01,5381,1.53200115778406e-03,1.56078856966486e-02,3.03562108191478e+02,sinkhorn_cellsim
5.376313e+01,5401,1.52103083197413e-03,1.56079239183578e-02,3.03562385514946e+02,sinkhorn_cellsim
5.396226e+01,5421,1.51015556349335e-03,1.56079608450554e-02,3.03562661120603e+02,sinkhorn_cellsim
5.416139e+01,5441,1.49947441205777e-03,1.56079964815303e-02,3.03562935070677e+02,sinkhorn_cellsim
5.436051e+01,5461,1.48909285642991e-03,1.56080308579884e-02,3.03563207421879e+02,sinkhorn_cellsim
5.455964e+01,5481,1.47893229686609e-03,1.56080640246873e-02,3.03563478225521e+02,sinkhorn_cellsim
5.475877e+01,5501,1.46888200094103e-03,1.56080960486699e-02,3.03563747527396e+02,sinkhorn_cellsim
5.495789e+01,5521,1.45896221388934e-03,1.56081270124722e-02,3.03564015367404e+02,sinkhorn_cellsim
5.515702e+01,5541,1.44909629670044e-03,1.56081570149807e-02,3.03564281778788e+02,sinkhorn_cellsim
5.535614e+01,5561,1.43926679090789e-03,1.56081861750045e-02,3.03564546786769e+02,sinkhorn_cellsim
5.555528e+01,5581,1.42957393563697e-03,1.56082146385718e-02,3.03564810406217e+02,sinkhorn_cellsim
5.575441e+01,5601,1.41991227459465e-03,1.56082425912715e-02,3.03565072637824e+02,sinkhorn_cellsim
5.595353e+01,5621,1.41022095409536e-03,1.56082702764527e-02,3.03565333462186e+02,sinkhorn_cellsim
5.615266e+01,5641,1.40044086948813e-03,1.56082980169873e-02,3.03565592831597e+02,sinkhorn_cellsim
5.635178e+01,5661,1.39048795235499e-03,1.56083262290657e-02,3.03565850660873e+02,sinkhorn_cellsim
5.655091e+01,5681,1.38022736523945e-03,1.56083553977505e-02,3.03566106822429e+02,sinkhorn_cellsim
5.675003e+01,5701,1.36990245390325e-03,1.56083859639442e-02,3.03566361156631e+02,sinkhorn_cellsim
5.694924e+01,5721,1.35968128531644e-03,1.56084180939748e-02,3.03566613510001e+02,sinkhorn_cellsim
5.714838e+01,5741,1.34927773545670e-03,1.56084514276939e-02,3.03566863797268e+02,sinkhorn_cellsim
5.734754e+01,5761,1.33867266545055e-03,1.56084850541292e-02,3.03567112048767e+02,sinkhorn_cellsim
5.754668e+01,5781,1.32798686342244e-03,1.56085178527094e-02,3.03567358396153e+02,sinkhorn_cellsim
5.774582e+01,5801,1.31734462954025e-03,1.56085489485228e-02,3.03567603000672e+02,sinkhorn_cellsim
5.794495e+01,5821,1.30686275434584e-03,1.56085779146732e-02,3.03567845978330e+02,sinkhorn_cellsim
5.814409e+01,5841,1.29662101433927e-03,1.56086046808259e-02,3.03568087361919e+02,sinkhorn_cellsim
5.834322e+01,5861,1.28664648913287e-03,1.56086293623760e-02,3.03568327101999e+02,sinkhorn_cellsim
5.854235e+01,5881,1.27691751939033e-03,1.56086521832812e-02,3.03568565097970e+02,sinkhorn_cellsim
5.874148e+01,5901,1.26744949694268e-03,1.56086735147752e-02,3.03568801252220e+02,sinkhorn_cellsim
5.894062e+01,5921,1.25825916134681e-03,1.56086939258768e-02,3.03569035525112e+02,sinkhorn_cellsim
5.913976e+01,5941,1.24933565074061e-03,1.56087141130923e-02,3.03569267947049e+02,sinkhorn_cellsim
5.933890e+01,5961,1.24064003725572e-03,1.56087347287830e-02,3.03569498564424e+02,sinkhorn_cellsim
5.953804e+01,5981,1.23202176784240e-03,1.56087563268452e-02,3.03569727357253e+02,sinkhorn_cellsim
5.973716e+01,6001,1.22344858573369e-03,1.56087796083944e-02,3.03569954187200e+02,sinkhorn_cellsim
5.993630e+01,6021,1.21464115614398e-03,1.56088059108266e-02,3.03570178787804e+02,sinkhorn_cellsim
6.013543e+01,6041,1.20519773062790e-03,1.56088376784312e-02,3.03570400750871e+02,sinkhorn_cellsim
6.033457e+01,6061,1.19477217060280e-03,1.56088785631871e-02,3.03570619449281e+02,sinkhorn_cellsim
6.053370e+01,6081,1.18353603262913e-03,1.56089327187573e-02,3.03570833938234e+02,sinkhorn_cellsim
6.073284e+01,6101,1.17158729457937e-03,1.56090026043264e-02,3.03571043112964e+02,sinkhorn_cellsim
6.093198e+01,6121,1.15871806635364e-03,1.56090856852142e-02,3.03571246362214e+02,sinkhorn_cellsim
6.113111e+01,6141,1.14573860282182e-03,1.56091740550385e-02,3.03571444129249e+02,sinkhorn_cellsim
6.133025e+01,6161,1.13260596270181e-03,1.56092590631506e-02,3.03571637558577e+02,sinkhorn_cellsim
6.152938e+01,6181,1.12012144374806e-03,1.56093353576599e-02,3.03571827776775e+02,sinkhorn_cellsim
6.172852e+01,6201,1.10816647215765e-03,1.56094011592866e-02,3.03572015611006e+02,sinkhorn_cellsim
6.192766e+01,6221,1.09683334439925e-03,1.56094570021197e-02,3.03572201627974e+02,sinkhorn_cellsim
6.212679e+01,6241,1.08618277506014e-03,1.56095045539815e-02,3.03572386205926e+02,sinkhorn_cellsim
6.232593e+01,6261,1.07606114232973e-03,1.56095457776006e-02,3.03572569581374e+02,sinkhorn_cellsim
6.252506e+01,6281,1.06641868835205e-03,1.56095824497546e-02,3.03572751888050e+02,sinkhorn_cellsim
6.272419e+01,6301,1.05715342860746e-03,1.56096159817547e-02,3.03572933191480e+02,sinkhorn_cellsim
6.292332e+01,6321,1.04815311983537e-03,1.56096474209666e-02,3.03573113514681e+02,sinkhorn_cellsim
6.312245e+01,6341,1.03926403173732e-03,1.56096775240983e-02,3.03573292854291e+02,sinkhorn_cellsim
6.332158e+01,6361,1.03049604564735e-03,1.56097068398060e-02,3.03573471189787e+02,sinkhorn_cellsim
6.352071e+01,6381,1.02192544844425e-03,1.56097357769751e-02,3.03573648488739e+02,sinkhorn_cellsim
6.371985e+01,6401,1.01336405407915e-03,1.56097646563016e-02,3.03573824709735e+02,sinkhorn_cellsim
6.391899e+01,6421,1.00470600699992e-03,1.56097937522581e-02,3.03573999803135e+02,sinkhorn_cellsim
6.411811e+01,6441,9.95887135747493e-04,1.56098233357486e-02,3.03574173708557e+02,sinkhorn_cellsim
6.431725e+01,6461,9.86853398235070e-04,1.56098537261958e-02,3.03574346347497e+02,sinkhorn_cellsim
6.451638e+01,6481,9.77598001699535e-04,1.56098853530296e-02,3.03574517610061e+02,sinkhorn_cellsim
6.471553e+01,6501,9.68021328787808e-04,1.56099188051978e-02,3.03574687337581e+02,sinkhorn_cellsim
6.491466e+01,6521,9.58427797801121e-04,1.56099548102625e-02,3.03574855309083e+02,sinkhorn_cellsim
6.511379e+01,6541,9.48930263518184e-04,1.56099940519753e-02,3.03575021248432e+02,sinkhorn_cellsim
6.531291e+01,6561,9.39425048687726e-04,1.56100367869758e-02,3.03575184871515e+02,sinkhorn_cellsim
6.551205e+01,6581,9.30325673214415e-04,1.56100824539426e-02,3.03575345970330e+02,sinkhorn_cellsim
6.571119e+01,6601,9.21376613259142e-04,1.56101297274589e-02,3.03575504483062e+02,sinkhorn_cellsim
6.591033e+01,6621,9.12815716329663e-04,1.56101772702478e-02,3.03575660481318e+02,sinkhorn_cellsim
6.610947e+01,6641,9.04572783174023e-04,1.56102248210459e-02,3.03575814064747e+02,sinkhorn_cellsim
6.630861e+01,6661,8.96233865014773e-04,1.56102741157772e-02,3.03575965222345e+02,sinkhorn_cellsim
6.650775e+01,6681,8.88036764029771e-04,1.56103295579974e-02,3.03576113713551e+02,sinkhorn_cellsim
6.670688e+01,6701,8.79840886776284e-04,1.56103982085698e-02,3.03576258993175e+02,sinkhorn_cellsim
6.690602e+01,6721,8.71482809463685e-04,1.56104867094283e-02,3.03576400284709e+02,sinkhorn_cellsim
6.710515e+01,6741,8.62978081097227e-04,1.56105929863600e-02,3.03576537030754e+02,sinkhorn_cellsim
6.730429e+01,6761,8.54174909011771e-04,1.56107014862787e-02,3.03576669531529e+02,sinkhorn_cellsim
6.750342e+01,6781,8.45424057096368e-04,1.56107947018414e-02,3.03576798875669e+02,sinkhorn_cellsim
6.770255e+01,6801,8.37198986764367e-04,1.56108664760211e-02,3.03576926176531e+02,sinkhorn_cellsim
6.790169e+01,6821,8.29324508584485e-04,1.56109202122856e-02,3.03577052142898e+02,sinkhorn_cellsim
6.810082e+01,6841,8.21674566993207e-04,1.56109616363970e-02,3.03577177137726e+02,sinkhorn_cellsim
6.829995e+01,6861,8.14230781038932e-04,1.56109953118798e-02,3.03577301326169e+02,sinkhorn_cellsim
6.849908e+01,6881,8.06907913560138e-04,1.56110242319894e-02,3.03577424758926e+02,sinkhorn_cellsim
6.869822e+01,6901,7.99775439436471e-04,1.56110502934409e-02,3.03577547403188e+02,sinkhorn_cellsim
6.889735e+01,6921,7.92701720871091e-04,1.56110747551709e-02,3.03577669148382e+02,sinkhorn_cellsim
6.909648e+01,6941,7.85567990948489e-04,1.56110985084750e-02,3.03577789804790e+02,sinkhorn_cellsim
6.929562e+01,6961,7.78235796762865e-04,1.56111221749603e-02,3.03577909111074e+02,sinkhorn_cellsim
6.949475e+01,6981,7.70543633023354e-04,1.56111460960009e-02,3.03578026764464e+02,sinkhorn_cellsim
6.969387e+01,7001,7.62443300931023e-04,1.56111703351811e-02,3.03578142473562e+02,sinkhorn_cellsim
6.989300e+01,7021,7.54527366045179e-04,1.56111948128373e-02,3.03578256014330e+02,sinkhorn_cellsim
7.009214e+01,7041,7.46706352956082e-04,1.56112194944890e-02,3.03578367270474e+02,sinkhorn_cellsim
7.029126e+01,7061,7.38537422175799e-04,1.56112443726242e-02,3.03578476255691e+02,sinkhorn_cellsim
7.049040e+01,7081,7.30650215636758e-04,1.56112692113733e-02,3.03578583117337e+02,sinkhorn_cellsim
7.068954e+01,7101,7.23102267720247e-04,1.56112934013877e-02,3.03578688118287e+02,sinkhorn_cellsim
7.088866e+01,7121,7.15507749688916e-04,1.56113161809219e-02,3.03578791592346e+02,sinkhorn_cellsim
7.108780e+01,7141,7.07980924243508e-04,1.56113370382960e-02,3.03578893875487e+02,sinkhorn_cellsim
7.128695e+01,7161,7.00720097028038e-04,1.56113559243233e-02,3.03578995243660e+02,sinkhorn_cellsim
7.148615e+01,7181,6.93591817700275e-04,1.56113731568711e-02,3.03579095889233e+02,sinkhorn_cellsim
7.168531e+01,7201,6.86707081825280e-04,1.56113891926898e-02,3.03579195932360e+02,sinkhorn_cellsim
7.188444e+01,7221,6.80062935524157e-04,1.56114044529292e-02,3.03579295444083e+02,sinkhorn_cellsim
7.208359e+01,7241,6.73666046689834e-04,1.56114192518372e-02,3.03579394465972e+02,sinkhorn_cellsim
7.228273e+01,7261,6.67484954893562e-04,1.56114337942145e-02,3.03579493022901e+02,sinkhorn_cellsim
7.248187e+01,7281,6.61508380520167e-04,1.56114481994328e-02,3.03579591130535e+02,sinkhorn_cellsim
7.268102e+01,7301,6.55722783918920e-04,1.56114625282905e-02,3.03579688799600e+02,sinkhorn_cellsim
7.288015e+01,7321,6.50139853446317e-04,1.56114768044201e-02,3.03579786038346e+02,sinkhorn_cellsim
7.307930e+01,7341,6.44760818781215e-04,1.56114910294184e-02,3.03579882853933e+02,sinkhorn_cellsim
7.327843e+01,7361,6.39504566273475e-04,1.56115051932064e-02,3.03579979253112e+02,sinkhorn_cellsim
7.347757e+01,7381,6.34387175503203e-04,1.56115192812434e-02,3.03580075242377e+02,sinkhorn_cellsim
7.367670e+01,7401,6.29451586741222e-04,1.56115332796923e-02,3.03580170827701e+02,sinkhorn_cellsim
7.387583e+01,7421,6.24679209415179e-04,1.56115471791084e-02,3.03580266013907e+02,sinkhorn_cellsim
7.407495e+01,7441,6.20019731249927e-04,1.56115609769179e-02,3.03580360803721e+02,sinkhorn_cellsim
7.427409e+01,7461,6.15453637754171e-04,1.56115746788746e-02,3.03580455196455e+02,sinkhorn_cellsim
7.447324e+01,7481,6.10964705094316e-04,1.56115882997775e-02,3.03580549186187e+02,sinkhorn_cellsim
7.467237e+01,7501,6.06585136180514e-04,1.56116018639257e-02,3.03580642759137e+02,sinkhorn_cellsim
7.487150e+01,7521,6.02287966595219e-04,1.56116154059895e-02,3.03580735889753e+02,sinkhorn_cellsim
7.507066e+01,7541,5.98044741126777e-04,1.56116289730862e-02,3.03580828534891e+02,sinkhorn_cellsim
7.526979e+01,7561,5.93802588881321e-04,1.56116426285816e-02,3.03580920625780e+02,sinkhorn_cellsim
7.546893e+01,7581,5.89526763842454e-04,1.56116564569218e-02,3.03581012058645e+02,sinkhorn_cellsim
7.566807e+01,7601,5.85211506926883e-04,1.56116705656327e-02,3.03581102688236e+02,sinkhorn_cellsim
7.586721e+01,7621,5.80862995496841e-04,1.56116850751171e-02,3.03581192333756e+02,sinkhorn_cellsim
7.606636e+01,7641,5.76472435202153e-04,1.56117000832287e-02,3.03581280809325e+02,sinkhorn_cellsim
7.626550e+01,7661,5.71995219101579e-04,1.56117156040745e-02,3.03581367978193e+02,sinkhorn_cellsim
7.646464e+01,7681,5.67435138754477e-04,1.56117315213947e-02,3.03581453796882e+02,sinkhorn_cellsim
7.666378e+01,7701,5.62733625080194e-04,1.56117476284265e-02,3.03581538299027e+02,sinkhorn_cellsim
7.686292e+01,7721,5.57940442069806e-04,1.56117637666877e-02,3.03581621516361e+02,sinkhorn_cellsim
7.706205e+01,7741,5.53126431909893e-04,1.56117799586758e-02,3.03581703401157e+02,sinkhorn_cellsim
7.726120e+01,7761,5.48208126383593e-04,1.56117964137193e-02,3.03581783812939e+02,sinkhorn_cellsim
7.746034e+01,7781,5.43293695269923e-04,1.56118133835217e-02,3.03581862578050e+02,sinkhorn_cellsim
7.765949e+01,7801,5.38292811436933e-04,1.56118309307628e-02,3.03581939584481e+02,sinkhorn_cellsim
7.785862e+01,7821,5.33391287759041e-04,1.56118487320957e-02,3.03582014856405e+02,sinkhorn_cellsim
7.805776e+01,7841,5.28512230526693e-04,1.56118660803951e-02,3.03582088569951e+02,sinkhorn_cellsim
7.825688e+01,7861,5.23707943471351e-04,1.56118821754668e-02,3.03582161007542e+02,sinkhorn_cellsim
7.845601e+01,7881,5.19044093130761e-04,1.56118965340995e-02,3.03582232476499e+02,sinkhorn_cellsim
7.865514e+01,7901,5.14452865471546e-04,1.56119091875181e-02,3.03582303234937e+02,sinkhorn_cellsim
7.885429e+01,7921,5.09878475835465e-04,1.56119205587358e-02,3.03582373456786e+02,sinkhorn_cellsim
7.905342e+01,7941,5.05309965517206e-04,1.56119312199702e-02,3.03582443232207e+02,sinkhorn_cellsim
7.925255e+01,7961,5.00739481944835e-04,1.56119417338955e-02,3.03582512580846e+02,sinkhorn_cellsim
7.945171e+01,7981,4.96215324047286e-04,1.56119526112056e-02,3.03582581462547e+02,sinkhorn_cellsim
7.965094e+01,8001,4.91674325818497e-04,1.56119643111207e-02,3.03582649784071e+02,sinkhorn_cellsim
7.985008e+01,8021,4.87052339883012e-04,1.56119771968433e-02,3.03582717410597e+02,sinkhorn_cellsim
8.004923e+01,8041,4.82667181731237e-04,1.56119913933856e-02,3.03582784195190e+02,sinkhorn_cellsim
8.024838e+01,8061,4.78284389398626e-04,1.56120065962186e-02,3.03582850031084e+02,sinkhorn_cellsim
8.044752e+01,8081,4.73881798996031e-04,1.56120220218901e-02,3.03582914905562e+02,sinkhorn_cellsim
8.064666e+01,8101,4.69402566338693e-04,1.56120366700670e-02,3.03582978914573e+02,sinkhorn_cellsim
8.084580e+01,8121,4.64909151769864e-04,1.56120497605472e-02,3.03583042222918e+02,sinkhorn_cellsim
8.104495e+01,8141,4.60512247872331e-04,1.56120609987667e-02,3.03583105003652e+02,sinkhorn_cellsim
8.124409e+01,8161,4.56180061483272e-04,1.56120705312587e-02,3.03583167397900e+02,sinkhorn_cellsim
8.144322e+01,8181,4.51945858483783e-04,1.56120787393632e-02,3.03583229504672e+02,sinkhorn_cellsim
8.164235e+01,8201,4.47838656619177e-04,1.56120860505046e-02,3.03583291387779e+02,sinkhorn_cellsim
8.184149e+01,8221,4.43882773901530e-04,1.56120928335957e-02,3.03583353086722e+02,sinkhorn_cellsim
8.204063e+01,8241,4.40074626047985e-04,1.56120993652486e-02,3.03583414625647e+02,sinkhorn_cellsim
8.223978e+01,8261,4.36389311555795e-04,1.56121058345017e-02,3.03583476019285e+02,sinkhorn_cellsim
8.243892e+01,8281,4.32804787152938e-04,1.56121123618671e-02,3.03583537276511e+02,sinkhorn_cellsim
8.263806e+01,8301,4.29314613491718e-04,1.56121190199767e-02,3.03583598402393e+02,sinkhorn_cellsim
8.283721e+01,8321,4.25909359475337e-04,1.56121258508066e-02,3.03583659399329e+02,sinkhorn_cellsim
8.303636e+01,8341,4.22581716379857e-04,1.56121328783729e-02,3.03583720267682e+02,sinkhorn_cellsim
8.323550e+01,8361,4.19354935021688e-04,1.56121401173617e-02,3.03583781006122e+02,sinkhorn_cellsim
8.343464e+01,8381,4.16240391155392e-04,1.56121475785663e-02,3.03583841611826e+02,sinkhorn_cellsim
8.363379e+01,8401,4.13217858511686e-04,1.56121552719397e-02,3.03583902080595e+02,sinkhorn_cellsim
8.383293e+01,8421,4.10266449994425e-04,1.56121632078674e-02,3.03583962406974e+02,sinkhorn_cellsim
8.403208e+01,8441,4.07391535778482e-04,1.56121713970714e-02,3.03584022584392e+02,sinkhorn_cellsim
8.423122e+01,8461,4.04589901534245e-04,1.56121798494257e-02,3.03584082605377e+02,sinkhorn_cellsim
8.443038e+01,8481,4.01840920911098e-04,1.56121885719222e-02,3.03584142461866e+02,sinkhorn_cellsim
8.462952e+01,8501,3.99141569731358e-04,1.56121975660643e-02,3.03584202145623e+02,sinkhorn_cellsim
8.482867e+01,8521,3.96481760646297e-04,1.56122068250672e-02,3.03584261648770e+02,sinkhorn_cellsim
8.502780e+01,8541,3.93864815531739e-04,1.56122163313679e-02,3.03584320964387e+02,sinkhorn_cellsim
8.522694e+01,8561,3.91289191370609e-04,1.56122260550188e-02,3.03584380087126e+02,sinkhorn_cellsim
8.542608e+01,8581,3.88742982134580e-04,1.56122359534909e-02,3.03584439013747e+02,sinkhorn_cellsim
8.562522e+01,8601,3.86209238127369e-04,1.56122459731974e-02,3.03584497743492e+02,sinkhorn_cellsim
8.582437e+01,8621,3.83706388584683e-04,1.56122560526928e-02,3.03584556278188e+02,sinkhorn_cellsim
8.602352e+01,8641,3.81227779951963e-04,1.56122661271031e-02,3.03584614622050e+02,sinkhorn_cellsim
8.622267e+01,8661,3.78806313777873e-04,1.56122761330519e-02,3.03584672781143e+02,sinkhorn_cellsim
8.642181e+01,8681,3.76418434797076e-04,1.56122860132743e-02,3.03584730762522e+02,sinkhorn_cellsim
8.662095e+01,8701,3.74078564350274e-04,1.56122957202850e-02,3.03584788573040e+02,sinkhorn_cellsim
8.682010e+01,8721,3.71790717715457e-04,1.56123052188167e-02,3.03584846217781e+02,sinkhorn_cellsim
8.701925e+01,8741,3.69546235386225e-04,1.56123144871383e-02,3.03584903697960e+02,sinkhorn_cellsim
8.722509e+01,8761,3.67310105095175e-04,1.56123235177010e-02,3.03584961008022e+02,sinkhorn_cellsim
8.742430e+01,8781,3.65142127998669e-04,1.56123323177634e-02,3.03585018131511e+02,sinkhorn_cellsim
8.762348e+01,8801,3.63003918559538e-04,1.56123409106976e-02,3.03585075035300e+02,sinkhorn_cellsim
8.782262e+01,8821,3.60847821829215e-04,1.56123493384514e-02,3.03585131662207e+02,sinkhorn_cellsim
8.802175e+01,8841,3.58647955759968e-04,1.56123576648298e-02,3.03585187923617e+02,sinkhorn_cellsim
8.822088e+01,8861,3.56412342272116e-04,1.56123659771824e-02,3.03585243697187e+02,sinkhorn_cellsim
8.842001e+01,8881,3.54163275895392e-04,1.56123743802141e-02,3.03585298839482e+02,sinkhorn_cellsim
8.861914e+01,8901,3.51920825689602e-04,1.56123829720002e-02,3.03585353223087e+02,sinkhorn_cellsim
8.881827e+01,8921,3.49638304389598e-04,1.56123917978295e-02,3.03585406791038e+02,sinkhorn_cellsim
8.901740e+01,8941,3.47268000302210e-04,1.56124008024875e-02,3.03585459592175e+02,sinkhorn_cellsim
8.921653e+01,8961,3.44799277487586e-04,1.56124098269425e-02,3.03585511760858e+02,sinkhorn_cellsim
8.941566e+01,8981,3.42288328830901e-04,1.56124186697191e-02,3.03585563455492e+02,sinkhorn_cellsim
8.961479e+01,9001,3.39737598029699e-04,1.56124271677910e-02,3.03585614807484e+02,sinkhorn_cellsim
8.981391e+01,9021,3.37181550080303e-04,1.56124352379913e-02,3.03585665906211e+02,sinkhorn_cellsim
9.001303e+01,9041,3.34695066255947e-04,1.56124428697672e-02,3.03585716807289e+02,sinkhorn_cellsim
9.021215e+01,9061,3.32264560207068e-04,1.56124500966231e-02,3.03585767545289e+02,sinkhorn_cellsim
9.041127e+01,9081,3.29884956758928e-04,1.56124569699123e-02,3.03585818142833e+02,sinkhorn_cellsim
9.061040e+01,9101,3.27569371041845e-04,1.56124635426529e-02,3.03585868615619e+02,sinkhorn_cellsim
9.080953e+01,9121,3.25324004734300e-04,1.56124698619419e-02,3.03585918974855e+02,sinkhorn_cellsim
9.100865e+01,9141,3.23126370446859e-04,1.56124759665265e-02,3.03585969228261e+02,sinkhorn_cellsim
9.120776e+01,9161,3.20976384075408e-04,1.56124818868615e-02,3.03586019380214e+02,sinkhorn_cellsim
9.140689e+01,9181,3.18877356720494e-04,1.56124876460998e-02,3.03586069431205e+02,sinkhorn_cellsim
9.160601e+01,9201,3.16829141562822e-04,1.56124932612543e-02,3.03586119376502e+02,sinkhorn_cellsim
9.180514e+01,9221,3.14828049304245e-04,1.56124987442305e-02,3.03586169203757e+02,sinkhorn_cellsim
9.200427e+01,9241,3.12869272601519e-04,1.56125041027329e-02,3.03586218889125e+02,sinkhorn_cellsim
9.220338e+01,9261,3.10933103563950e-04,1.56125093413844e-02,3.03586268391478e+02,sinkhorn_cellsim
9.240251e+01,9281,3.09005774244362e-04,1.56125144640273e-02,3.03586317644742e+02,sinkhorn_cellsim
9.260163e+01,9301,3.07095633597468e-04,1.56125194793141e-02,3.03586366549993e+02,sinkhorn_cellsim
9.280074e+01,9321,3.05266164499067e-04,1.56125244129326e-02,3.03586414972517e+02,sinkhorn_cellsim
9.299986e+01,9341,3.03508522056335e-04,1.56125293282927e-02,3.03586462754202e+02,sinkhorn_cellsim
9.319898e+01,9361,3.01764911372272e-04,1.56125343467724e-02,3.03586509752196e+02,sinkhorn_cellsim
9.339809e+01,9381,3.00027180097081e-04,1.56125396387623e-02,3.03586555898575e+02,sinkhorn_cellsim
9.359721e+01,9401,2.98319677988196e-04,1.56125453587421e-02,3.03586601243652e+02,sinkhorn_cellsim
9.379632e+01,9421,2.96640853300946e-04,1.56125515572492e-02,3.03586645939188e+02,sinkhorn_cellsim
9.399544e+01,9441,2.94985583028977e-04,1.56125581532971e-02,3.03586690169695e+02,sinkhorn_cellsim
9.419456e+01,9461,2.93366347935637e-04,1.56125649901724e-02,3.03586734088964e+02,sinkhorn_cellsim
9.439369e+01,9481,2.91784014763424e-04,1.56125719099918e-02,3.03586777798049e+02,sinkhorn_cellsim
9.459280e+01,9501,2.90216395500891e-04,1.56125787927016e-02,3.03586821354477e+02,sinkhorn_cellsim
9.479191e+01,9521,2.88671238086753e-04,1.56125855599763e-02,3.03586864789274e+02,sinkhorn_cellsim
9.499102e+01,9541,2.87144094624345e-04,1.56125921649248e-02,3.03586908119809e+02,sinkhorn_cellsim
9.519013e+01,9561,2.85638505017235e-04,1.56125985810305e-02,3.03586951356953e+02,sinkhorn_cellsim
9.538924e+01,9581,2.84155577138002e-04,1.56126047943014e-02,3.03586994508492e+02,sinkhorn_cellsim
9.558834e+01,9601,2.82687868012675e-04,1.56126107984753e-02,3.03587037580614e+02,sinkhorn_cellsim
9.578744e+01,9621,2.81234169650211e-04,1.56126165922477e-02,3.03587080578546e+02,sinkhorn_cellsim
9.598656e+01,9641,2.79792501405588e-04,1.56126221776698e-02,3.03587123506826e+02,sinkhorn_cellsim
9.618567e+01,9661,2.78367994378106e-04,1.56126275591825e-02,3.03587166369436e+02,sinkhorn_cellsim
9.638478e+01,9681,2.76965148497760e-04,1.56126327429881e-02,3.03587209169884e+02,sinkhorn_cellsim
9.658390e+01,9701,2.75572962418645e-04,1.56126377366054e-02,3.03587251911260e+02,sinkhorn_cellsim
9.678301e+01,9721,2.74189789141731e-04,1.56126425485273e-02,3.03587294596289e+02,sinkhorn_cellsim
9.698213e+01,9741,2.72816608413502e-04,1.56126471879449e-02,3.03587337227378e+02,sinkhorn_cellsim
9.718125e+01,9761,2.71461419933163e-04,1.56126516645176e-02,3.03587379806655e+02,sinkhorn_cellsim
9.738037e+01,9781,2.70116505821594e-04,1.56126559881808e-02,3.03587422336008e+02,sinkhorn_cellsim
9.757949e+01,9801,2.68780671910697e-04,1.56126601689848e-02,3.03587464817124e+02,sinkhorn_cellsim
9.777860e+01,9821,2.67458619328741e-04,1.56126642169613e-02,3.03587507251514e+02,sinkhorn_cellsim
9.797772e+01,9841,2.66153195432356e-04,1.56126681420138e-02,3.03587549640546e+02,sinkhorn_cellsim
9.817686e+01,9861,2.64858341249721e-04,1.56126719538299e-02,3.03587591985461e+02,sinkhorn_cellsim
9.837599e+01,9881,2.63576086290233e-04,1.56126756618123e-02,3.03587634287399e+02,sinkhorn_cellsim
9.857512e+01,9901,2.62303977360060e-04,1.56126792750255e-02,3.03587676547407e+02,sinkhorn_cellsim
9.877424e+01,9921,2.61041953451972e-04,1.56126828021582e-02,3.03587718766457e+02,sinkhorn_cellsim
9.897335e+01,9941,2.59788804742905e-04,1.56126862514982e-02,3.03587760945449e+02,sinkhorn_cellsim
9.917245e+01,9961,2.58544531434025e-04,1.56126896309186e-02,3.03587803085215e+02,sinkhorn_cellsim
9.937158e+01,9981,2.57312230927083e-04,1.56126929478764e-02,3.03587845186526e+02,sinkhorn_cellsim
9.957069e+01,10001,2.56092692549928e-04,1.56126962094208e-02,3.03587887250082e+02,sinkhorn_cellsim
9.976981e+01,10021,2.54885932210871e-04,1.56126994222124e-02,3.03587929276512e+02,sinkhorn_cellsim
9.996893e+01,10041,2.53694950853513e-04,1.56127025925535e-02,3.03587971266359e+02,sinkhorn_cellsim
1.001680e+02,10061,2.52517463742084e-04,1.56127057264298e-02,3.03588013220073e+02,sinkhorn_cellsim
1.003672e+02,10081,2.51352916875107e-04,1.56127088295644e-02,3.03588055137987e+02,sinkhorn_cellsim
1.005663e+02,10101,2.50197709122017e-04,1.56127119074850e-02,3.03588097020301e+02,sinkhorn_cellsim
1.007654e+02,10121,2.49052101253366e-04,1.56127149656062e-02,3.03588138867046e+02,sinkhorn_cellsim
1.009645e+02,10141,2.47917774185383e-04,1.56127180093297e-02,3.03588180678056e+02,sinkhorn_cellsim
1.011637e+02,10161,2.46792168599845e-04,1.56127210441622e-02,3.03588222452922e+02,sinkhorn_cellsim
1.013628e+02,10181,2.45676978157496e-04,1.56127240758561e-02,3.03588264190940e+02,sinkhorn_cellsim
1.015619e+02,10201,2.44572029827345e-04,1.56127271105756e-02,3.03588305891055e+02,sinkhorn_cellsim
1.017610e+02,10221,2.43476201862521e-04,1.56127301550902e-02,3.03588347551783e+02,sinkhorn_cellsim
1.019601e+02,10241,2.42392165314031e-04,1.56127332170017e-02,3.03588389171126e+02,sinkhorn_cellsim
1.021593e+02,10261,2.41321090654205e-04,1.56127363050049e-02,3.03588430746473e+02,sinkhorn_cellsim
1.023584e+02,10281,2.40259140025634e-04,1.56127394291884e-02,3.03588472274480e+02,sinkhorn_cellsim
1.025575e+02,10301,2.39204565840216e-04,1.56127426013735e-02,3.03588513750940e+02,sinkhorn_cellsim
1.027566e+02,10321,2.38157203111854e-04,1.56127458354917e-02,3.03588555170634e+02,sinkhorn_cellsim
1.029558e+02,10341,2.37116933246383e-04,1.56127491479956e-02,3.03588596527166e+02,sinkhorn_cellsim
1.031549e+02,10361,2.36083552031000e-04,1.56127525582895e-02,3.03588637812797e+02,sinkhorn_cellsim
1.033540e+02,10381,2.35057131022396e-04,1.56127560891615e-02,3.03588679018269e+02,sinkhorn_cellsim
1.035531e+02,10401,2.34037568032515e-04,1.56127597671828e-02,3.03588720132650e+02,sinkhorn_cellsim
1.037522e+02,10421,2.33025545330575e-04,1.56127636230282e-02,3.03588761143191e+02,sinkhorn_cellsim
1.039514e+02,10441,2.32020724683958e-04,1.56127676916519e-02,3.03588802035249e+02,sinkhorn_cellsim
1.041505e+02,10461,2.31020811089233e-04,1.56127720122372e-02,3.03588842792257e+02,sinkhorn_cellsim
1.043496e+02,10481,2.30025034251302e-04,1.56127766278195e-02,3.03588883395803e+02,sinkhorn_cellsim
1.045487e+02,10501,2.29033147632374e-04,1.56127815844740e-02,3.03588923825809e+02,sinkhorn_cellsim
1.047479e+02,10521,2.28046379852817e-04,1.56127869299588e-02,3.03588964060846e+02,sinkhorn_cellsim
1.049470e+02,10541,2.27064297379865e-04,1.56127927117320e-02,3.03589004078573e+02,sinkhorn_cellsim
1.051461e+02,10561,2.26084915550054e-04,1.56127989743171e-02,3.03589043856311e+02,sinkhorn_cellsim
1.053452e+02,10581,2.25106023557047e-04,1.56128057560912e-02,3.03589083371729e+02,sinkhorn_cellsim
1.055443e+02,10601,2.24125189945762e-04,1.56128130857213e-02,3.03589122603611e+02,sinkhorn_cellsim
1.057435e+02,10621,2.23140056236916e-04,1.56128209786461e-02,3.03589161532677e+02,sinkhorn_cellsim
1.059426e+02,10641,2.22147864461488e-04,1.56128294341682e-02,3.03589200142391e+02,sinkhorn_cellsim
1.061417e+02,10661,2.21146333105293e-04,1.56128384337902e-02,3.03589238419692e+02,sinkhorn_cellsim
1.063408e+02,10681,2.20131832276424e-04,1.56128479413529e-02,3.03589276355567e+02,sinkhorn_cellsim
1.065400e+02,10701,2.19101095741143e-04,1.56128579052601e-02,3.03589313945378e+02,sinkhorn_cellsim
1.067392e+02,10721,2.18050610505064e-04,1.56128682626661e-02,3.03589351188872e+02,sinkhorn_cellsim
1.069383e+02,10741,2.16976542567671e-04,1.56128789450715e-02,3.03589388089873e+02,sinkhorn_cellsim
1.071375e+02,10761,2.15884140038542e-04,1.56128898844700e-02,3.03589424655637e+02,sinkhorn_cellsim
1.073366e+02,10781,2.14793192569719e-04,1.56129010190973e-02,3.03589460895995e+02,sinkhorn_cellsim
1.075357e+02,10801,2.13705046227505e-04,1.56129122979702e-02,3.03589496822349e+02,sinkhorn_cellsim
1.077349e+02,10821,2.12605309530121e-04,1.56129236836657e-02,3.03589532446672e+02,sinkhorn_cellsim
1.079340e+02,10841,2.11505114253407e-04,1.56129351530896e-02,3.03589567780628e+02,sinkhorn_cellsim
1.081331e+02,10861,2.10396581841976e-04,1.56129466962276e-02,3.03589602834892e+02,sinkhorn_cellsim
1.083323e+02,10881,2.09287995176533e-04,1.56129583130464e-02,3.03589637618771e+02,sinkhorn_cellsim
1.085314e+02,10901,2.08217039277283e-04,1.56129700088499e-02,3.03589672140131e+02,sinkhorn_cellsim
1.087305e+02,10921,2.07172896944644e-04,1.56129817885384e-02,3.03589706405654e+02,sinkhorn_cellsim
1.089296e+02,10941,2.06135511511164e-04,1.56129936504073e-02,3.03589740421384e+02,sinkhorn_cellsim
1.091288e+02,10961,2.05110284691612e-04,1.56130055803287e-02,3.03589774193476e+02,sinkhorn_cellsim
1.093279e+02,10981,2.04078324183806e-04,1.56130175473230e-02,3.03589807729034e+02,sinkhorn_cellsim
1.095270e+02,11001,2.03030492122844e-04,1.56130295015127e-02,3.03589841036885e+02,sinkhorn_cellsim
1.097262e+02,11021,2.01988119924025e-04,1.56130413751597e-02,3.03589874128127e+02,sinkhorn_cellsim
1.099253e+02,11041,2.00958140192963e-04,1.56130530869019e-02,3.03589907016336e+02,sinkhorn_cellsim
1.101244e+02,11061,1.99917392491527e-04,1.56130645485580e-02,3.03589939717376e+02,sinkhorn_cellsim
1.103235e+02,11081,1.98867565070733e-04,1.56130756732163e-02,3.03589972248847e+02,sinkhorn_cellsim
1.105227e+02,11101,1.97829853790725e-04,1.56130863830248e-02,3.03590004629291e+02,sinkhorn_cellsim
1.107218e+02,11121,1.96805906950204e-04,1.56130966152762e-02,3.03590036877315e+02,sinkhorn_cellsim
1.109209e+02,11141,1.95783321429719e-04,1.56131063259437e-02,3.03590069010775e+02,sinkhorn_cellsim
1.111200e+02,11161,1.94774450091503e-04,1.56131154905254e-02,3.03590101046152e+02,sinkhorn_cellsim
1.113192e+02,11181,1.93777560250565e-04,1.56131241026409e-02,3.03590132998146e+02,sinkhorn_cellsim
1.115183e+02,11201,1.92794902818142e-04,1.56131321711435e-02,3.03590164879506e+02,sinkhorn_cellsim
1.117174e+02,11221,1.91816313684632e-04,1.56131397165507e-02,3.03590196701038e+02,sinkhorn_cellsim
1.119166e+02,11241,1.90844468345539e-04,1.56131467674472e-02,3.03590228471741e+02,sinkhorn_cellsim
1.121157e+02,11261,1.89885658942855e-04,1.56131533572855e-02,3.03590260199017e+02,sinkhorn_cellsim
1.123148e+02,11281,1.88941632709028e-04,1.56131595217915e-02,3.03590291888905e+02,sinkhorn_cellsim
1.125140e+02,11301,1.88002620265862e-04,1.56131652970165e-02,3.03590323546310e+02,sinkhorn_cellsim
1.127131e+02,11321,1.87067151552169e-04,1.56131707179805e-02,3.03590355175221e+02,sinkhorn_cellsim
1.129122e+02,11341,1.86137974537877e-04,1.56131758178030e-02,3.03590386778884e+02,sinkhorn_cellsim
1.131113e+02,11361,1.85213769947511e-04,1.56131806272082e-02,3.03590418359959e+02,sinkhorn_cellsim
1.133105e+02,11381,1.84297700027414e-04,1.56131851743007e-02,3.03590449920640e+02,sinkhorn_cellsim
1.135096e+02,11401,1.83389271593943e-04,1.56131894845257e-02,3.03590481462753e+02,sinkhorn_cellsim
1.137087e+02,11421,1.82493956633408e-04,1.56131935807500e-02,3.03590512987830e+02,sinkhorn_cellsim
1.139078e+02,11441,1.81610729614768e-04,1.56131974834128e-02,3.03590544497172e+02,sinkhorn_cellsim
1.141070e+02,11461,1.80740368237726e-04,1.56132012107154e-02,3.03590575991893e+02,sinkhorn_cellsim
1.143061e+02,11481,1.79884644362603e-04,1.56132047788257e-02,3.03590607472957e+02,sinkhorn_cellsim
1.145052e+02,11501,1.79045088265928e-04,1.56132082020834e-02,3.03590638941204e+02,sinkhorn_cellsim
1.147044e+02,11521,1.78218414825610e-04,1.56132114931975e-02,3.03590670397376e+02,sinkhorn_cellsim
1.149035e+02,11541,1.77405212298202e-04,1.56132146634303e-02,3.03590701842129e+02,sinkhorn_cellsim
1.151026e+02,11561,1.76607844512575e-04,1.56132177227659e-02,3.03590733276052e+02,sinkhorn_cellsim
1.153017e+02,11581,1.75827535436459e-04,1.56132206800625e-02,3.03590764699672e+02,sinkhorn_cellsim
1.155009e+02,11601,1.75060887916240e-04,1.56132235431884e-02,3.03590796113470e+02,sinkhorn_cellsim
1.157000e+02,11621,1.74308023148736e-04,1.56132263191427e-02,3.03590827517879e+02,sinkhorn_cellsim
1.158991e+02,11641,1.73569798661912e-04,1.56132290141621e-02,3.03590858913300e+02,sinkhorn_cellsim
1.160983e+02,11661,1.72844572467033e-04,1.56132316338144e-02,3.03590890300097e+02,sinkhorn_cellsim
1.162974e+02,11681,1.72132821455448e-04,1.56132341830803e-02,3.03590921678610e+02,sinkhorn_cellsim
1.164965e+02,11701,1.71438782275340e-04,1.56132366664259e-02,3.03590953049149e+02,sinkhorn_cellsim
1.166956e+02,11721,1.70759912809773e-04,1.56132390878647e-02,3.03590984412007e+02,sinkhorn_cellsim
1.168948e+02,11741,1.70092750018891e-04,1.56132414510124e-02,3.03591015767454e+02,sinkhorn_cellsim
1.170939e+02,11761,1.69445149702455e-04,1.56132437591347e-02,3.03591047115744e+02,sinkhorn_cellsim
1.172930e+02,11781,1.68812617165404e-04,1.56132460151889e-02,3.03591078457112e+02,sinkhorn_cellsim
1.174921e+02,11801,1.68190976234259e-04,1.56132482218599e-02,3.03591109791783e+02,sinkhorn_cellsim
1.176913e+02,11821,1.67587647215518e-04,1.56132503815915e-02,3.03591141119966e+02,sinkhorn_cellsim
1.178904e+02,11841,1.66997500542573e-04,1.56132524966145e-02,3.03591172441859e+02,sinkhorn_cellsim
1.180895e+02,11861,1.66416541417133e-04,1.56132545689702e-02,3.03591203757650e+02,sinkhorn_cellsim
1.182886e+02,11881,1.65844503017157e-04,1.56132566005317e-02,3.03591235067516e+02,sinkhorn_cellsim
1.184878e+02,11901,1.65281568538839e-04,1.56132585930220e-02,3.03591266371626e+02,sinkhorn_cellsim
1.186869e+02,11921,1.64730338847318e-04,1.56132605480306e-02,3.03591297670139e+02,sinkhorn_cellsim
1.188860e+02,11941,1.64192795327085e-04,1.56132624670267e-02,3.03591328963208e+02,sinkhorn_cellsim
1.190852e+02,11961,1.63666813027540e-04,1.56132643513724e-02,3.03591360250979e+02,sinkhorn_cellsim
1.192843e+02,11981,1.63152552768286e-04,1.56132662023333e-02,3.03591391533590e+02,sinkhorn_cellsim
1.194834e+02,12001,1.62648230874544e-04,1.56132680210879e-02,3.03591422811173e+02,sinkhorn_cellsim
1.196826e+02,12021,1.62150851370430e-04,1.56132698087363e-02,3.03591454083856e+02,sinkhorn_cellsim
1.198817e+02,12041,1.61662085995703e-04,1.56132715663078e-02,3.03591485351761e+02,sinkhorn_cellsim
1.200808e+02,12061,1.61180889725773e-04,1.56132732947672e-02,3.03591516615004e+02,sinkhorn_cellsim
1.202800e+02,12081,1.60708616989492e-04,1.56132749950209e-02,3.03591547873697e+02,sinkhorn_cellsim
1.204791e+02,12101,1.60244639926902e-04,1.56132766679222e-02,3.03591579127948e+02,sinkhorn_cellsim
1.206782e+02,12121,1.59788504594226e-04,1.56132783142758e-02,3.03591610377860e+02,sinkhorn_cellsim
1.208774e+02,12141,1.59339469152914e-04,1.56132799348425e-02,3.03591641623534e+02,sinkhorn_cellsim
1.210765e+02,12161,1.58896859942973e-04,1.56132815303427e-02,3.03591672865065e+02,sinkhorn_cellsim
1.212756e+02,12181,1.58460211931170e-04,1.56132831014602e-02,3.03591704102545e+02,sinkhorn_cellsim
1.214748e+02,12201,1.58031067809412e-04,1.56132846488457e-02,3.03591735336065e+02,sinkhorn_cellsim
1.216739e+02,12221,1.57608406907937e-04,1.56132861731207e-02,3.03591766565708e+02,sinkhorn_cellsim
1.218730e+02,12241,1.57193102580066e-04,1.56132876748813e-02,3.03591797791558e+02,sinkhorn_cellsim
1.220722e+02,12261,1.56790677811699e-04,1.56132891547027e-02,3.03591829013691e+02,sinkhorn_cellsim
1.222713e+02,12281,1.56398952959956e-04,1.56132906131465e-02,3.03591860232181e+02,sinkhorn_cellsim
1.224705e+02,12301,1.56014429975318e-04,1.56132920507693e-02,3.03591891447097e+02,sinkhorn_cellsim
1.226696e+02,12321,1.55636255952259e-04,1.56132934681373e-02,3.03591922658496e+02,sinkhorn_cellsim
1.228687e+02,12341,1.55265125053190e-04,1.56132948658485e-02,3.03591953866427e+02,sinkhorn_cellsim
1.230679e+02,12361,1.54900561734864e-04,1.56132962445702e-02,3.03591985070920e+02,sinkhorn_cellsim
1.232670e+02,12381,1.54545837062234e-04,1.56132976050984e-02,3.03592016271975e+02,sinkhorn_cellsim
1.234661e+02,12401,1.54197425878917e-04,1.56132989484591e-02,3.03592047469548e+02,sinkhorn_cellsim
1.236653e+02,12421,1.53853756394495e-04,1.56133002760748e-02,3.03592078663516e+02,sinkhorn_cellsim
1.238644e+02,12441,1.53513113904497e-04,1.56133015900436e-02,3.03592109853632e+02,sinkhorn_cellsim
1.240635e+02,12461,1.53174825732971e-04,1.56133028936054e-02,3.03592141039435e+02,sinkhorn_cellsim
1.242627e+02,12481,1.52838853372922e-04,1.56133041919186e-02,3.03592172220118e+02,sinkhorn_cellsim
1.244618e+02,12501,1.52506528720898e-04,1.56133054933572e-02,3.03592203394282e+02,sinkhorn_cellsim
1.246609e+02,12521,1.52176399874094e-04,1.56133068116655e-02,3.03592234559557e+02,sinkhorn_cellsim
1.248601e+02,12541,1.51844265227640e-04,1.56133081695229e-02,3.03592265711942e+02,sinkhorn_cellsim
1.250592e+02,12561,1.51501729779274e-04,1.56133096043942e-02,3.03592296844740e+02,sinkhorn_cellsim
1.252584e+02,12581,1.51136167174641e-04,1.56133111779870e-02,3.03592327946799e+02,sinkhorn_cellsim
1.254575e+02,12601,1.50731829316855e-04,1.56133129911697e-02,3.03592358999705e+02,sinkhorn_cellsim
1.256566e+02,12621,1.50261529653378e-04,1.56133152064644e-02,3.03592389973381e+02,sinkhorn_cellsim
1.258558e+02,12641,1.49775348926892e-04,1.56133180792064e-02,3.03592420819602e+02,sinkhorn_cellsim
1.260549e+02,12661,1.49273325861134e-04,1.56133219935057e-02,3.03592451463284e+02,sinkhorn_cellsim
1.262540e+02,12681,1.48744118338860e-04,1.56133274852984e-02,3.03592481793054e+02,sinkhorn_cellsim
1.264532e+02,12701,1.48170479096309e-04,1.56133352075386e-02,3.03592511656227e+02,sinkhorn_cellsim
1.266523e+02,12721,1.47601309220261e-04,1.56133457639144e-02,3.03592540868651e+02,sinkhorn_cellsim
1.268514e+02,12741,1.46995820695103e-04,1.56133593681327e-02,3.03592569250656e+02,sinkhorn_cellsim
1.270506e+02,12761,1.46329732202570e-04,1.56133754662414e-02,3.03592596683778e+02,sinkhorn_cellsim
1.272497e+02,12781,1.45611450576438e-04,1.56133926979754e-02,3.03592623149933e+02,sinkhorn_cellsim
1.274488e+02,12801,1.44897093268465e-04,1.56134094433144e-02,3.03592648708428e+02,sinkhorn_cellsim
1.276479e+02,12821,1.44035196537873e-04,1.56134245978868e-02,3.03592673421725e+02,sinkhorn_cellsim
1.278471e+02,12841,1.43125174399774e-04,1.56134379380050e-02,3.03592697296804e+02,sinkhorn_cellsim
1.280462e+02,12861,1.42137026373926e-04,1.56134498934721e-02,3.03592720292088e+02,sinkhorn_cellsim
1.282453e+02,12881,1.41131810677826e-04,1.56134610406609e-02,3.03592742380812e+02,sinkhorn_cellsim
1.284445e+02,12901,1.40069262193401e-04,1.56134716937022e-02,3.03592763616820e+02,sinkhorn_cellsim
1.286436e+02,12921,1.38936667175053e-04,1.56134818027325e-02,3.03592784145849e+02,sinkhorn_cellsim
1.288427e+02,12941,1.37823837002681e-04,1.56134911238681e-02,3.03592804156926e+02,sinkhorn_cellsim
1.290419e+02,12961,1.36714802260963e-04,1.56134994412486e-02,3.03592823822738e+02,sinkhorn_cellsim
1.292410e+02,12981,1.35664386738897e-04,1.56135066716518e-02,3.03592843270083e+02,sinkhorn_cellsim
1.294401e+02,13001,1.34624054722091e-04,1.56135128536362e-02,3.03592862580500e+02,sinkhorn_cellsim
1.296393e+02,13021,1.33589238398923e-04,1.56135180963074e-02,3.03592881802939e+02,sinkhorn_cellsim
1.298384e+02,13041,1.32566887561367e-04,1.56135225352360e-02,3.03592900966112e+02,sinkhorn_cellsim
1.300375e+02,13061,1.31555837018100e-04,1.56135263060680e-02,3.03592920086969e+02,sinkhorn_cellsim
1.302367e+02,13081,1.30561700041756e-04,1.56135295317178e-02,3.03592939175761e+02,sinkhorn_cellsim
1.304358e+02,13101,1.29589673087684e-04,1.56135323175849e-02,3.03592958238907e+02,sinkhorn_cellsim
1.306349e+02,13121,1.28640996913737e-04,1.56135347509988e-02,3.03592977280596e+02,sinkhorn_cellsim
1.308341e+02,13141,1.27720270067349e-04,1.56135369026907e-02,3.03592996303695e+02,sinkhorn_cellsim
1.310332e+02,13161,1.26827527726067e-04,1.56135388290709e-02,3.03593015310263e+02,sinkhorn_cellsim
1.312323e+02,13181,1.25963537630256e-04,1.56135405746651e-02,3.03593034301850e+02,sinkhorn_cellsim
1.314315e+02,13201,1.25128569104185e-04,1.56135421743867e-02,3.03593053279683e+02,sinkhorn_cellsim
1.316306e+02,13221,1.24321144081514e-04,1.56135436555101e-02,3.03593072244764e+02,sinkhorn_cellsim
1.318298e+02,13241,1.23537844131555e-04,1.56135450393111e-02,3.03593091197944e+02,sinkhorn_cellsim
1.320289e+02,13261,1.22776888456203e-04,1.56135463423935e-02,3.03593110139963e+02,sinkhorn_cellsim
1.322280e+02,13281,1.22037196871923e-04,1.56135475777407e-02,3.03593129071472e+02,sinkhorn_cellsim
1.324272e+02,13301,1.21317423960228e-04,1.56135487555390e-02,3.03593147993059e+02,sinkhorn_cellsim
1.326263e+02,13321,1.20616039822561e-04,1.56135498838162e-02,3.03593166905256e+02,sinkhorn_cellsim
1.328255e+02,13341,1.19931970760710e-04,1.56135509689351e-02,3.03593185808547e+02,sinkhorn_cellsim
1.330246e+02,13361,1.19264822215827e-04,1.56135520159716e-02,3.03593204703379e+02,sinkhorn_cellsim
1.332237e+02,13381,1.18614001124151e-04,1.56135530290060e-02,3.03593223590166e+02,sinkhorn_cellsim
1.334229e+02,13401,1.17979104561047e-04,1.56135540113462e-02,3.03593242469287e+02,sinkhorn_cellsim
1.336221e+02,13421,1.17359590356067e-04,1.56135549656986e-02,3.03593261341097e+02,sinkhorn_cellsim
1.338212e+02,13441,1.16754714511630e-04,1.56135558943008e-02,3.03593280205927e+02,sinkhorn_cellsim
1.340204e+02,13461,1.16163963720053e-04,1.56135567990234e-02,3.03593299064083e+02,sinkhorn_cellsim
1.342195e+02,13481,1.15586838987158e-04,1.56135576814497e-02,3.03593317915850e+02,sinkhorn_cellsim
1.344187e+02,13501,1.15023554561972e-04,1.56135585429395e-02,3.03593336761497e+02,sinkhorn_cellsim
1.346178e+02,13521,1.14476689304050e-04,1.56135593846806e-02,3.03593355601269e+02,sinkhorn_cellsim
1.348169e+02,13541,1.13943673260792e-04,1.56135602077346e-02,3.03593374435394e+02,sinkhorn_cellsim
1.350161e+02,13561,1.13424042055275e-04,1.56135610130793e-02,3.03593393264080e+02,sinkhorn_cellsim
1.352152e+02,13581,1.12916898055552e-04,1.56135618016563e-02,3.03593412087510e+02,sinkhorn_cellsim
1.354143e+02,13601,1.12421244825706e-04,1.56135625744299e-02,3.03593430905836e+02,sinkhorn_cellsim
1.356135e+02,13621,1.11939771314190e-04,1.56135633324699e-02,3.03593449719168e+02,sinkhorn_cellsim
1.358126e+02,13641,1.11469020213071e-04,1.56135640770790e-02,3.03593468527556e+02,sinkhorn_cellsim
1.360118e+02,13661,1.11008649349895e-04,1.56135648099956e-02,3.03593487330951e+02,sinkhorn_cellsim
1.362109e+02,13681,1.10558266130405e-04,1.56135655337252e-02,3.03593506129154e+02,sinkhorn_cellsim
1.364101e+02,13701,1.10116447534533e-04,1.56135662520883e-02,3.03593524921714e+02,sinkhorn_cellsim
1.366092e+02,13721,1.09681575036981e-04,1.56135669711290e-02,3.03593543707772e+02,sinkhorn_cellsim
1.368083e+02,13741,1.09252286492936e-04,1.56135677006224e-02,3.03593562485787e+02,sinkhorn_cellsim
1.370075e+02,13761,1.08827078777961e-04,1.56135684565692e-02,3.03593581253093e+02,sinkhorn_cellsim
1.372066e+02,13781,1.08400354982981e-04,1.56135692652972e-02,3.03593600005154e+02,sinkhorn_cellsim
1.374058e+02,13801,1.07962991621651e-04,1.56135701701260e-02,3.03593618734352e+02,sinkhorn_cellsim
1.376049e+02,13821,1.07514451087833e-04,1.56135712419765e-02,3.03593637428021e+02,sinkhorn_cellsim
1.378041e+02,13841,1.07079260936898e-04,1.56135725956584e-02,3.03593656065338e+02,sinkhorn_cellsim
1.380032e+02,13861,1.06677467451932e-04,1.56135744132451e-02,3.03593674612626e+02,sinkhorn_cellsim
1.382023e+02,13881,1.06268771414741e-04,1.56135769733381e-02,3.03593693016753e+02,sinkhorn_cellsim
1.384015e+02,13901,1.05835597113248e-04,1.56135806766900e-02,3.03593711197220e+02,sinkhorn_cellsim
1.386006e+02,13921,1.05361594335809e-04,1.56135860399966e-02,3.03593729039844e+02,sinkhorn_cellsim
1.387998e+02,13941,1.04877915021866e-04,1.56135936030993e-02,3.03593746399287e+02,sinkhorn_cellsim
1.389989e+02,13961,1.04368109405624e-04,1.56136036932226e-02,3.03593763121383e+02,sinkhorn_cellsim
1.391980e+02,13981,1.03854448493303e-04,1.56136160885602e-02,3.03593779090313e+02,sinkhorn_cellsim
1.393972e+02,14001,1.03301190411827e-04,1.56136298293893e-02,3.03593794281914e+02,sinkhorn_cellsim
1.395963e+02,14021,1.02687266528149e-04,1.56136434701752e-02,3.03593808781710e+02,sinkhorn_cellsim
1.397955e+02,14041,1.02031688577160e-04,1.56136556804237e-02,3.03593822746553e+02,sinkhorn_cellsim
1.399946e+02,14061,1.01345951239728e-04,1.56136657121939e-02,3.03593836341061e+02,sinkhorn_cellsim
1.401937e+02,14081,1.00683975995830e-04,1.56136734465137e-02,3.03593849694742e+02,sinkhorn_cellsim
1.403929e+02,14101,9.99995430579523e-05,1.56136791642423e-02,3.03593862892755e+02,sinkhorn_cellsim
1.405920e+02,14121,9.92846974266351e-05,1.56136832955016e-02,3.03593875985589e+02,sinkhorn_cellsim
1.407912e+02,14141,9.85442431689648e-05,1.56136862628625e-02,3.03593889002049e+02,sinkhorn_cellsim
1.409903e+02,14161,9.77811735406525e-05,1.56136884151311e-02,3.03593901958903e+02,sinkhorn_cellsim
1.411895e+02,14181,9.70022353414235e-05,1.56136900146158e-02,3.03593914866605e+02,sinkhorn_cellsim
1.413886e+02,14201,9.62133735499129e-05,1.56136912476704e-02,3.03593927732304e+02,sinkhorn_cellsim
1.415877e+02,14221,9.54211140686505e-05,1.56136922417685e-02,3.03593940561345e+02,sinkhorn_cellsim
1.417869e+02,14241,9.46312372679009e-05,1.56136930817732e-02,3.03593953357997e+02,sinkhorn_cellsim
1.419860e+02,14261,9.38526772474443e-05,1.56136938230137e-02,3.03593966125814e+02,sinkhorn_cellsim
1.421852e+02,14281,9.30883111819555e-05,1.56136945009596e-02,3.03593978867827e+02,sinkhorn_cellsim
1.423843e+02,14301,9.23364636526026e-05,1.56136951380518e-02,3.03593991586645e+02,sinkhorn_cellsim
1.425835e+02,14321,9.15953564024291e-05,1.56136957484033e-02,3.03594004284515e+02,sinkhorn_cellsim
1.427826e+02,14341,9.08682359391364e-05,1.56136963410103e-02,3.03594016963355e+02,sinkhorn_cellsim
1.429818e+02,14361,9.01593757271981e-05,1.56136969219882e-02,3.03594029624760e+02,sinkhorn_cellsim
1.431809e+02,14381,8.94638809275387e-05,1.56136974962392e-02,3.03594042269973e+02,sinkhorn_cellsim
1.433801e+02,14401,8.87830765586244e-05,1.56136980688879e-02,3.03594054899818e+02,sinkhorn_cellsim
1.435792e+02,14421,8.81170754540374e-05,1.56136986468127e-02,3.03594067514558e+02,sinkhorn_cellsim
1.437784e+02,14441,8.74644017780416e-05,1.56136992406452e-02,3.03594080113646e+02,sinkhorn_cellsim
1.439775e+02,14461,8.68220970489030e-05,1.56136998677466e-02,3.03594092695288e+02,sinkhorn_cellsim
1.441767e+02,14481,8.61869946941589e-05,1.56137005569081e-02,3.03594105255715e+02,sinkhorn_cellsim
1.443758e+02,14501,8.55501083492268e-05,1.56137013559074e-02,3.03594117787963e+02,sinkhorn_cellsim
1.445750e+02,14521,8.49001548207074e-05,1.56137023435785e-02,3.03594130279890e+02,sinkhorn_cellsim
1.447741e+02,14541,8.42350184780848e-05,1.56137036486055e-02,3.03594142710995e+02,sinkhorn_cellsim
1.449733e+02,14561,8.35448791063253e-05,1.56137054773023e-02,3.03594155047521e+02,sinkhorn_cellsim
1.451724e+02,14581,8.27866209623335e-05,1.56137081506272e-02,3.03594167235380e+02,sinkhorn_cellsim
1.453716e+02,14601,8.19969969955389e-05,1.56137121428805e-02,3.03594179191100e+02,sinkhorn_cellsim
1.455707e+02,14621,8.11636116651999e-05,1.56137180945159e-02,3.03594190793213e+02,sinkhorn_cellsim
1.457698e+02,14641,8.03740210832957e-05,1.56137267357119e-02,3.03594201881082e+02,sinkhorn_cellsim
1.459690e+02,14661,7.95996169973877e-05,1.56137386298455e-02,3.03594212274026e+02,sinkhorn_cellsim
1.461681e+02,14681,7.87801119902365e-05,1.56137537175355e-02,3.03594221821979e+02,sinkhorn_cellsim
1.463673e+02,14701,7.78482306894515e-05,1.56137709086908e-02,3.03594230475465e+02,sinkhorn_cellsim
1.465664e+02,14721,7.68170325711899e-05,1.56137882178977e-02,3.03594238325425e+02,sinkhorn_cellsim
1.467656e+02,14741,7.57397119260376e-05,1.56138035953360e-02,3.03594245568044e+02,sinkhorn_cellsim
1.469647e+02,14761,7.46505289300950e-05,1.56138158136637e-02,3.03594252418987e+02,sinkhorn_cellsim
1.471638e+02,14781,7.35645129746385e-05,1.56138247004001e-02,3.03594259046580e+02,sinkhorn_cellsim
1.473630e+02,14801,7.24778428710605e-05,1.56138307723486e-02,3.03594265555431e+02,sinkhorn_cellsim
1.475621e+02,14821,7.14063318600596e-05,1.56138347652350e-02,3.03594272001407e+02,sinkhorn_cellsim
1.477613e+02,14841,7.03629595471898e-05,1.56138373487519e-02,3.03594278411642e+02,sinkhorn_cellsim
1.479604e+02,14861,6.93651831296571e-05,1.56138390317937e-02,3.03594284798464e+02,sinkhorn_cellsim
1.481596e+02,14881,6.84077869604090e-05,1.56138401691881e-02,3.03594291166797e+02,sinkhorn_cellsim
1.483587e+02,14901,6.74836761869696e-05,1.56138410020947e-02,3.03594297517389e+02,sinkhorn_cellsim
1.485579e+02,14921,6.65847416229471e-05,1.56138417011967e-02,3.03594303847736e+02,sinkhorn_cellsim
1.487570e+02,14941,6.56997163413267e-05,1.56138424042890e-02,3.03594310151603e+02,sinkhorn_cellsim
1.489562e+02,14961,6.48142302608983e-05,1.56138432495340e-02,3.03594316417398e+02,sinkhorn_cellsim
1.491553e+02,14981,6.39105342818033e-05,1.56138444087912e-02,3.03594322625222e+02,sinkhorn_cellsim
1.493545e+02,15001,6.30438994321746e-05,1.56138461254265e-02,3.03594328742171e+02,sinkhorn_cellsim
1.495536e+02,15021,6.22481499718727e-05,1.56138487578138e-02,3.03594334715514e+02,sinkhorn_cellsim
1.497528e+02,15041,6.15102093712843e-05,1.56138528196906e-02,3.03594340464030e+02,sinkhorn_cellsim
1.499519e+02,15061,6.08047016211169e-05,1.56138589849058e-02,3.03594345869921e+02,sinkhorn_cellsim
1.501511e+02,15081,6.00942917926268e-05,1.56138679851158e-02,3.03594350778278e+02,sinkhorn_cellsim
1.503502e+02,15101,5.94013065103897e-05,1.56138803078829e-02,3.03594355016492e+02,sinkhorn_cellsim
1.505493e+02,15121,5.87595716832546e-05,1.56138957062227e-02,3.03594358443867e+02,sinkhorn_cellsim
1.507485e+02,15141,5.81296128234196e-05,1.56139128404805e-02,3.03594361018225e+02,sinkhorn_cellsim
1.509476e+02,15161,5.74947237007458e-05,1.56139295782766e-02,3.03594362831413e+02,sinkhorn_cellsim
1.511468e+02,15181,5.68533650643765e-05,1.56139439672469e-02,3.03594364072923e+02,sinkhorn_cellsim
1.513459e+02,15201,5.62260847009371e-05,1.56139550644307e-02,3.03594364947896e+02,sinkhorn_cellsim
1.515451e+02,15221,5.56140799602665e-05,1.56139629719424e-02,3.03594365615206e+02,sinkhorn_cellsim
1.517442e+02,15241,5.50432303374660e-05,1.56139683403165e-02,3.03594366173208e+02,sinkhorn_cellsim
1.519434e+02,15261,5.44809610974547e-05,1.56139719016956e-02,3.03594366674274e+02,sinkhorn_cellsim
1.521426e+02,15281,5.39402138028623e-05,1.56139742510652e-02,3.03594367143789e+02,sinkhorn_cellsim
1.523418e+02,15301,5.34143863767733e-05,1.56139758083008e-02,3.03594367593483e+02,sinkhorn_cellsim
1.525409e+02,15321,5.29000091473649e-05,1.56139768512868e-02,3.03594368028749e+02,sinkhorn_cellsim
1.527401e+02,15341,5.23980984741100e-05,1.56139775596020e-02,3.03594368452182e+02,sinkhorn_cellsim
1.529392e+02,15361,5.19055286526823e-05,1.56139780490190e-02,3.03594368865157e+02,sinkhorn_cellsim
1.531384e+02,15381,5.14219715672344e-05,1.56139783947527e-02,3.03594369268514e+02,sinkhorn_cellsim
1.533375e+02,15401,5.09480521562330e-05,1.56139786462078e-02,3.03594369662854e+02,sinkhorn_cellsim
1.535367e+02,15421,5.04815755792957e-05,1.56139788361759e-02,3.03594370048657e+02,sinkhorn_cellsim
1.537358e+02,15441,5.00234497054109e-05,1.56139789865993e-02,3.03594370426336e+02,sinkhorn_cellsim
1.539350e+02,15461,4.95759013276049e-05,1.56139791122362e-02,3.03594370796261e+02,sinkhorn_cellsim
1.541341e+02,15481,4.91379397693042e-05,1.56139792230331e-02,3.03594371158770e+02,sinkhorn_cellsim
1.543333e+02,15501,4.87082987554296e-05,1.56139793256852e-02,3.03594371514175e+02,sinkhorn_cellsim
1.545324e+02,15521,4.82875352659582e-05,1.56139794246768e-02,3.03594371862767e+02,sinkhorn_cellsim
1.547316e+02,15541,4.78750687889070e-05,1.56139795229837e-02,3.03594372204818e+02,sinkhorn_cellsim
1.549308e+02,15561,4.74741086574328e-05,1.56139796225491e-02,3.03594372540579e+02,sinkhorn_cellsim
1.551299e+02,15581,4.70892033036626e-05,1.56139797246091e-02,3.03594372870288e+02,sinkhorn_cellsim
1.553290e+02,15601,4.67167554701866e-05,1.56139798299159e-02,3.03594373194168e+02,sinkhorn_cellsim
1.555282e+02,15621,4.63567544684155e-05,1.56139799388916e-02,3.03594373512427e+02,sinkhorn_cellsim
1.557273e+02,15641,4.60082979255604e-05,1.56139800517329e-02,3.03594373825263e+02,sinkhorn_cellsim
1.559265e+02,15661,4.56682994391259e-05,1.56139801684851e-02,3.03594374132861e+02,sinkhorn_cellsim
1.561256e+02,15681,4.53371547727374e-05,1.56139802890919e-02,3.03594374435396e+02,sinkhorn_cellsim
1.563248e+02,15701,4.50129013512015e-05,1.56139804134301e-02,3.03594374733032e+02,sinkhorn_cellsim
1.565239e+02,15721,4.47012287659443e-05,1.56139805413338e-02,3.03594375025927e+02,sinkhorn_cellsim
1.567231e+02,15741,4.44007142273899e-05,1.56139806726110e-02,3.03594375314229e+02,sinkhorn_cellsim
1.569222e+02,15761,4.41096396132011e-05,1.56139808070549e-02,3.03594375598078e+02,sinkhorn_cellsim
1.571214e+02,15781,4.38299226393520e-05,1.56139809444519e-02,3.03594375877607e+02,sinkhorn_cellsim
1.573205e+02,15801,4.35576444690001e-05,1.56139810845867e-02,3.03594376152943e+02,sinkhorn_cellsim
1.575197e+02,15821,4.32908315945754e-05,1.56139812272463e-02,3.03594376424208e+02,sinkhorn_cellsim
1.577188e+02,15841,4.30293087650233e-05,1.56139813722218e-02,3.03594376691514e+02,sinkhorn_cellsim
1.579180e+02,15861,4.27748229103274e-05,1.56139815193109e-02,3.03594376954973e+02,sinkhorn_cellsim
1.581221e+02,15881,4.25249992845756e-05,1.56139816683180e-02,3.03594377214689e+02,sinkhorn_cellsim
1.583213e+02,15901,4.22792714024004e-05,1.56139818190553e-02,3.03594377470762e+02,sinkhorn_cellsim
1.585205e+02,15921,4.20374573638330e-05,1.56139819713429e-02,3.03594377723286e+02,sinkhorn_cellsim
1.587196e+02,15941,4.17986220967505e-05,1.56139821250089e-02,3.03594377972355e+02,sinkhorn_cellsim
1.589188e+02,15961,4.15639273699194e-05,1.56139822798897e-02,3.03594378218055e+02,sinkhorn_cellsim
1.591179e+02,15981,4.13351650595726e-05,1.56139824358294e-02,3.03594378460470e+02,sinkhorn_cellsim
1.593170e+02,16001,4.11110650584197e-05,1.56139825926796e-02,3.03594378699682e+02,sinkhorn_cellsim
1.595162e+02,16021,4.08926288563688e-05,1.56139827502998e-02,3.03594378935767e+02,sinkhorn_cellsim
1.597153e+02,16041,4.06776011485784e-05,1.56139829085565e-02,3.03594379168801e+02,sinkhorn_cellsim
1.599144e+02,16061,4.04648904573040e-05,1.56139830673230e-02,3.03594379398854e+02,sinkhorn_cellsim
1.601136e+02,16081,4.02547279882173e-05,1.56139832264795e-02,3.03594379625997e+02,sinkhorn_cellsim
1.603127e+02,16101,4.00479551239155e-05,1.56139833859127e-02,3.03594379850295e+02,sinkhorn_cellsim
1.605119e+02,16121,3.98468975344274e-05,1.56139835455150e-02,3.03594380071813e+02,sinkhorn_cellsim
1.607111e+02,16141,3.96502945395539e-05,1.56139837051850e-02,3.03594380290612e+02,sinkhorn_cellsim
1.609102e+02,16161,3.94580352250257e-05,1.56139838648268e-02,3.03594380506754e+02,sinkhorn_cellsim
1.611094e+02,16181,3.92678131508591e-05,1.56139840243497e-02,3.03594380720294e+02,sinkhorn_cellsim
1.613085e+02,16201,3.90789865299328e-05,1.56139841836683e-02,3.03594380931290e+02,sinkhorn_cellsim
1.615076e+02,16221,3.88920953120414e-05,1.56139843427019e-02,3.03594381139794e+02,sinkhorn_cellsim
1.617068e+02,16241,3.87074885969975e-05,1.56139845013745e-02,3.03594381345861e+02,sinkhorn_cellsim
1.619059e+02,16261,3.85245050614883e-05,1.56139846596143e-02,3.03594381549539e+02,sinkhorn_cellsim
1.621050e+02,16281,3.83433328333824e-05,1.56139848173540e-02,3.03594381750879e+02,sinkhorn_cellsim
1.623042e+02,16301,3.81637434242153e-05,1.56139849745300e-02,3.03594381949928e+02,sinkhorn_cellsim
1.625033e+02,16321,3.79878775020496e-05,1.56139851310828e-02,3.03594382146733e+02,sinkhorn_cellsim
1.627025e+02,16341,3.78130826936093e-05,1.56139852869562e-02,3.03594382341337e+02,sinkhorn_cellsim
1.629016e+02,16361,3.76393587398440e-05,1.56139854420977e-02,3.03594382533784e+02,sinkhorn_cellsim
1.631007e+02,16381,3.74669339766072e-05,1.56139855964580e-02,3.03594382724118e+02,sinkhorn_cellsim
1.632999e+02,16401,3.72958933817368e-05,1.56139857499909e-02,3.03594382912379e+02,sinkhorn_cellsim
1.634990e+02,16421,3.71258087112953e-05,1.56139859026531e-02,3.03594383098606e+02,sinkhorn_cellsim
1.636982e+02,16441,3.69568154344713e-05,1.56139860544044e-02,3.03594383282839e+02,sinkhorn_cellsim
1.638973e+02,16461,3.67888123248883e-05,1.56139862052070e-02,3.03594383465116e+02,sinkhorn_cellsim
1.640965e+02,16481,3.66218703912168e-05,1.56139863550259e-02,3.03594383645473e+02,sinkhorn_cellsim
1.642956e+02,16501,3.64559480513008e-05,1.56139865038284e-02,3.03594383823946e+02,sinkhorn_cellsim
1.644947e+02,16521,3.62911061907090e-05,1.56139866515841e-02,3.03594384000570e+02,sinkhorn_cellsim
1.646939e+02,16541,3.61272235664301e-05,1.56139867982650e-02,3.03594384175380e+02,sinkhorn_cellsim
1.648930e+02,16561,3.59643818162288e-05,1.56139869438451e-02,3.03594384348408e+02,sinkhorn_cellsim
1.650921e+02,16581,3.58023911250417e-05,1.56139870883004e-02,3.03594384519686e+02,sinkhorn_cellsim
1.652913e+02,16601,3.56412603902173e-05,1.56139872316088e-02,3.03594384689246e+02,sinkhorn_cellsim
1.654904e+02,16621,3.54810302815104e-05,1.56139873737501e-02,3.03594384857119e+02,sinkhorn_cellsim
1.656895e+02,16641,3.53216627250219e-05,1.56139875147056e-02,3.03594385023335e+02,sinkhorn_cellsim
1.658887e+02,16661,3.51631605322486e-05,1.56139876544587e-02,3.03594385187923e+02,sinkhorn_cellsim
1.660878e+02,16681,3.50055269524783e-05,1.56139877929940e-02,3.03594385350912e+02,sinkhorn_cellsim
1.662870e+02,16701,3.48487649336863e-05,1.56139879302975e-02,3.03594385512329e+02,sinkhorn_cellsim
1.664861e+02,16721,3.46928771219368e-05,1.56139880663571e-02,3.03594385672202e+02,sinkhorn_cellsim
1.666852e+02,16741,3.45378658737750e-05,1.56139882011616e-02,3.03594385830557e+02,sinkhorn_cellsim
1.668844e+02,16761,3.43837332716122e-05,1.56139883347011e-02,3.03594385987421e+02,sinkhorn_cellsim
1.670835e+02,16781,3.42304849060074e-05,1.56139884669673e-02,3.03594386142819e+02,sinkhorn_cellsim
1.672826e+02,16801,3.40781340745407e-05,1.56139885979527e-02,3.03594386296776e+02,sinkhorn_cellsim
1.674818e+02,16821,3.39266948262532e-05,1.56139887276511e-02,3.03594386449315e+02,sinkhorn_cellsim
1.676809e+02,16841,3.37761779351378e-05,1.56139888560571e-02,3.03594386600461e+02,sinkhorn_cellsim
1.678801e+02,16861,3.36265576627867e-05,1.56139889831666e-02,3.03594386750238e+02,sinkhorn_cellsim
1.680792e+02,16881,3.34778225666399e-05,1.56139891089762e-02,3.03594386898667e+02,sinkhorn_cellsim
1.682784e+02,16901,3.33299696996465e-05,1.56139892334836e-02,3.03594387045771e+02,sinkhorn_cellsim
1.684775e+02,16921,3.31829993699360e-05,1.56139893566872e-02,3.03594387191572e+02,sinkhorn_cellsim
1.686767e+02,16941,3.30369189166823e-05,1.56139894785862e-02,3.03594387336091e+02,sinkhorn_cellsim
1.688758e+02,16961,3.28917470727308e-05,1.56139895991807e-02,3.03594387479350e+02,sinkhorn_cellsim
1.690749e+02,16981,3.27474569578956e-05,1.56139897184713e-02,3.03594387621367e+02,sinkhorn_cellsim
1.692741e+02,17001,3.26040480881027e-05,1.56139898364596e-02,3.03594387762164e+02,sinkhorn_cellsim
1.694732e+02,17021,3.24615197958562e-05,1.56139899531475e-02,3.03594387901760e+02,sinkhorn_cellsim
1.696724e+02,17041,3.23198810704706e-05,1.56139900685378e-02,3.03594388040174e+02,sinkhorn_cellsim
1.698715e+02,17061,3.21791277244691e-05,1.56139901826338e-02,3.03594388177424e+02,sinkhorn_cellsim
1.700707e+02,17081,3.20392516241792e-05,1.56139902954391e-02,3.03594388313531e+02,sinkhorn_cellsim
1.702698e+02,17101,3.19002514422811e-05,1.56139904069583e-02,3.03594388448510e+02,sinkhorn_cellsim
1.704689e+02,17121,3.17621256959916e-05,1.56139905171960e-02,3.03594388582381e+02,sinkhorn_cellsim
1.706681e+02,17141,3.16248727533218e-05,1.56139906261576e-02,3.03594388715159e+02,sinkhorn_cellsim
1.708672e+02,17161,3.14885756842767e-05,1.56139907338488e-02,3.03594388846864e+02,sinkhorn_cellsim
1.710664e+02,17181,3.13532863533747e-05,1.56139908402757e-02,3.03594388977510e+02,sinkhorn_cellsim
1.712655e+02,17201,3.12188587959580e-05,1.56139909454449e-02,3.03594389107114e+02,sinkhorn_cellsim
1.714646e+02,17221,3.10852909689414e-05,1.56139910493631e-02,3.03594389235692e+02,sinkhorn_cellsim
1.716638e+02,17241,3.09525807006965e-05,1.56139911520377e-02,3.03594389363260e+02,sinkhorn_cellsim
1.718629e+02,17261,3.08207256940034e-05,1.56139912534761e-02,3.03594389489834e+02,sinkhorn_cellsim
1.720620e+02,17281,3.06897235361348e-05,1.56139913536862e-02,3.03594389615428e+02,sinkhorn_cellsim
1.722612e+02,17301,3.05595716945128e-05,1.56139914526761e-02,3.03594389740057e+02,sinkhorn_cellsim
1.724603e+02,17321,3.04302675324105e-05,1.56139915504541e-02,3.03594389863735e+02,sinkhorn_cellsim
1.726595e+02,17341,3.03018083020808e-05,1.56139916470289e-02,3.03594389986477e+02,sinkhorn_cellsim
1.728586e+02,17361,3.01741911560463e-05,1.56139917424092e-02,3.03594390108298e+02,sinkhorn_cellsim
1.730577e+02,17381,3.00474131475035e-05,1.56139918366043e-02,3.03594390229209e+02,sinkhorn_cellsim
1.732569e+02,17401,2.99214752503516e-05,1.56139919296232e-02,3.03594390349225e+02,sinkhorn_cellsim
1.734560e+02,17421,2.97963704542006e-05,1.56139920214754e-02,3.03594390468360e+02,sinkhorn_cellsim
1.736552e+02,17441,2.96720953676709e-05,1.56139921121705e-02,3.03594390586625e+02,sinkhorn_cellsim
1.738543e+02,17461,2.95486727189075e-05,1.56139922017183e-02,3.03594390704034e+02,sinkhorn_cellsim
1.740535e+02,17481,2.94260992044143e-05,1.56139922901286e-02,3.03594390820599e+02,sinkhorn_cellsim
1.742526e+02,17501,2.93043448913096e-05,1.56139923774113e-02,3.03594390936333e+02,sinkhorn_cellsim
1.744518e+02,17521,2.91834062533030e-05,1.56139924635768e-02,3.03594391051247e+02,sinkhorn_cellsim
1.746509e+02,17541,2.90632796938401e-05,1.56139925486351e-02,3.03594391165353e+02,sinkhorn_cellsim
1.748501e+02,17561,2.89439615463728e-05,1.56139926325966e-02,3.03594391278662e+02,sinkhorn_cellsim
1.750492e+02,17581,2.88254480840888e-05,1.56139927154716e-02,3.03594391391187e+02,sinkhorn_cellsim
1.752483e+02,17601,2.87077355159969e-05,1.56139927972708e-02,3.03594391502938e+02,sinkhorn_cellsim
1.754475e+02,17621,2.85908199953155e-05,1.56139928780045e-02,3.03594391613926e+02,sinkhorn_cellsim
1.756466e+02,17641,2.84746976186929e-05,1.56139929576834e-02,3.03594391724162e+02,sinkhorn_cellsim
1.758458e+02,17661,2.83593644290587e-05,1.56139930363182e-02,3.03594391833656e+02,sinkhorn_cellsim
1.760449e+02,17681,2.82449126968651e-05,1.56139931139195e-02,3.03594391942419e+02,sinkhorn_cellsim
1.762441e+02,17701,2.81313071333065e-05,1.56139931904981e-02,3.03594392050461e+02,sinkhorn_cellsim
1.764432e+02,17721,2.80184756346018e-05,1.56139932660647e-02,3.03594392157792e+02,sinkhorn_cellsim
1.766423e+02,17741,2.79064141163268e-05,1.56139933406300e-02,3.03594392264422e+02,sinkhorn_cellsim
1.768415e+02,17761,2.77951184510053e-05,1.56139934142049e-02,3.03594392370360e+02,sinkhorn_cellsim
1.770406e+02,17781,2.76845844732203e-05,1.56139934868000e-02,3.03594392475616e+02,sinkhorn_cellsim
1.772398e+02,17801,2.75748079779049e-05,1.56139935584262e-02,3.03594392580200e+02,sinkhorn_cellsim
1.774389e+02,17821,2.74657847272450e-05,1.56139936290943e-02,3.03594392684120e+02,sinkhorn_cellsim
1.776380e+02,17841,2.73575104488588e-05,1.56139936988150e-02,3.03594392787385e+02,sinkhorn_cellsim
1.778372e+02,17861,2.72499808415679e-05,1.56139937675990e-02,3.03594392890005e+02,sinkhorn_cellsim
1.780363e+02,17881,2.71431915728911e-05,1.56139938354571e-02,3.03594392991987e+02,sinkhorn_cellsim
1.782355e+02,17901,2.70371382845559e-05,1.56139939024000e-02,3.03594393093341e+02,sinkhorn_cellsim
1.784346e+02,17921,2.69318165943843e-05,1.56139939684383e-02,3.03594393194074e+02,sinkhorn_cellsim
1.786338e+02,17941,2.68272220935484e-05,1.56139940335826e-02,3.03594393294196e+02,sinkhorn_cellsim
1.788329e+02,17961,2.67233503560828e-05,1.56139940978437e-02,3.03594393393714e+02,sinkhorn_cellsim
1.790321e+02,17981,2.66202066927851e-05,1.56139941612319e-02,3.03594393492635e+02,sinkhorn_cellsim
1.792312e+02,18001,2.65179868215870e-05,1.56139942237578e-02,3.03594393590969e+02,sinkhorn_cellsim
1.794304e+02,18021,2.64165166479544e-05,1.56139942854319e-02,3.03594393688722e+02,sinkhorn_cellsim
1.796295e+02,18041,2.63158431001200e-05,1.56139943462645e-02,3.03594393785903e+02,sinkhorn_cellsim
1.798287e+02,18061,2.62159125389624e-05,1.56139944062660e-02,3.03594393882518e+02,sinkhorn_cellsim
1.800278e+02,18081,2.61166941936066e-05,1.56139944654468e-02,3.03594393978575e+02,sinkhorn_cellsim
1.802270e+02,18101,2.60181850198932e-05,1.56139945238170e-02,3.03594394074081e+02,sinkhorn_cellsim
1.804261e+02,18121,2.59204519197416e-05,1.56139945813867e-02,3.03594394169043e+02,sinkhorn_cellsim
1.806253e+02,18141,2.58234407628746e-05,1.56139946381662e-02,3.03594394263468e+02,sinkhorn_cellsim
1.808244e+02,18161,2.57270977978207e-05,1.56139946941655e-02,3.03594394357363e+02,sinkhorn_cellsim
1.810236e+02,18181,2.56314217439448e-05,1.56139947493944e-02,3.03594394450735e+02,sinkhorn_cellsim
1.812227e+02,18201,2.55364058007722e-05,1.56139948038630e-02,3.03594394543589e+02,sinkhorn_cellsim
1.814219e+02,18221,2.54420448410708e-05,1.56139948575809e-02,3.03594394635934e+02,sinkhorn_cellsim
1.816210e+02,18241,2.53484770538945e-05,1.56139949105581e-02,3.03594394727774e+02,sinkhorn_cellsim
1.818202e+02,18261,2.52557997226820e-05,1.56139949628041e-02,3.03594394819117e+02,sinkhorn_cellsim
1.820193e+02,18281,2.51639368043042e-05,1.56139950143286e-02,3.03594394909969e+02,sinkhorn_cellsim
1.822185e+02,18301,2.50730065595241e-05,1.56139950651410e-02,3.03594395000334e+02,sinkhorn_cellsim
1.824176e+02,18321,2.49827325032702e-05,1.56139951152508e-02,3.03594395090221e+02,sinkhorn_cellsim
1.826167e+02,18341,2.48931421138222e-05,1.56139951646675e-02,3.03594395179634e+02,sinkhorn_cellsim
1.828159e+02,18361,2.48042116697604e-05,1.56139952134001e-02,3.03594395268579e+02,sinkhorn_cellsim
1.830150e+02,18381,2.47159815570926e-05,1.56139952614580e-02,3.03594395357062e+02,sinkhorn_cellsim
1.832142e+02,18401,2.46284727193663e-05,1.56139953088503e-02,3.03594395445088e+02,sinkhorn_cellsim
1.834133e+02,18421,2.45417457414731e-05,1.56139953555859e-02,3.03594395532663e+02,sinkhorn_cellsim
1.836125e+02,18441,2.44556658708232e-05,1.56139954016739e-02,3.03594395619793e+02,sinkhorn_cellsim
1.838116e+02,18461,2.43702884475346e-05,1.56139954471230e-02,3.03594395706482e+02,sinkhorn_cellsim
1.840108e+02,18481,2.42858245305131e-05,1.56139954919421e-02,3.03594395792736e+02,sinkhorn_cellsim
1.842099e+02,18501,2.42019719424034e-05,1.56139955361398e-02,3.03594395878561e+02,sinkhorn_cellsim
1.844091e+02,18521,2.41186790170406e-05,1.56139955797247e-02,3.03594395963960e+02,sinkhorn_cellsim
1.846082e+02,18541,2.40359418543520e-05,1.56139956227054e-02,3.03594396048940e+02,sinkhorn_cellsim
1.848073e+02,18561,2.39537565561081e-05,1.56139956650902e-02,3.03594396133504e+02,sinkhorn_cellsim
1.850065e+02,18581,2.38722403586277e-05,1.56139957068875e-02,3.03594396217659e+02,sinkhorn_cellsim
1.852056e+02,18601,2.37914053328828e-05,1.56139957481056e-02,3.03594396301408e+02,sinkhorn_cellsim
1.854047e+02,18621,2.37115170751767e-05,1.56139957887526e-02,3.03594396384756e+02,sinkhorn_cellsim
1.856039e+02,18641,2.36322657520336e-05,1.56139958288364e-02,3.03594396467709e+02,sinkhorn_cellsim
1.858030e+02,18661,2.35535548750266e-05,1.56139958683653e-02,3.03594396550269e+02,sinkhorn_cellsim
1.860022e+02,18681,2.34753758480548e-05,1.56139959073470e-02,3.03594396632443e+02,sinkhorn_cellsim
1.862013e+02,18701,2.33977298634552e-05,1.56139959457893e-02,3.03594396714234e+02,sinkhorn_cellsim
1.864004e+02,18721,2.33206365733408e-05,1.56139959837001e-02,3.03594396795647e+02,sinkhorn_cellsim
1.865996e+02,18741,2.32441520367610e-05,1.56139960210868e-02,3.03594396876685e+02,sinkhorn_cellsim
1.867987e+02,18761,2.31682177632858e-05,1.56139960579570e-02,3.03594396957354e+02,sinkhorn_cellsim
1.869978e+02,18781,2.30927792303662e-05,1.56139960943183e-02,3.03594397037656e+02,sinkhorn_cellsim
1.871971e+02,18801,2.30178328425327e-05,1.56139961301779e-02,3.03594397117597e+02,sinkhorn_cellsim
1.873963e+02,18821,2.29433785999061e-05,1.56139961655431e-02,3.03594397197180e+02,sinkhorn_cellsim
1.875954e+02,18841,2.28695308612013e-05,1.56139962004212e-02,3.03594397276409e+02,sinkhorn_cellsim
1.877946e+02,18861,2.27962572559951e-05,1.56139962348193e-02,3.03594397355289e+02,sinkhorn_cellsim
1.879937e+02,18881,2.27234579533172e-05,1.56139962687443e-02,3.03594397433822e+02,sinkhorn_cellsim
1.881928e+02,18901,2.26511294532666e-05,1.56139963022032e-02,3.03594397512013e+02,sinkhorn_cellsim
1.883920e+02,18921,2.25792682629298e-05,1.56139963352028e-02,3.03594397589865e+02,sinkhorn_cellsim
1.885911e+02,18941,2.25078791624212e-05,1.56139963677500e-02,3.03594397667382e+02,sinkhorn_cellsim
1.887903e+02,18961,2.24369694898925e-05,1.56139963998514e-02,3.03594397744567e+02,sinkhorn_cellsim
1.889894e+02,18981,2.23665164632452e-05,1.56139964315136e-02,3.03594397821425e+02,sinkhorn_cellsim
1.891886e+02,19001,2.22966047666085e-05,1.56139964627431e-02,3.03594397897957e+02,sinkhorn_cellsim
1.893877e+02,19021,2.22272877733940e-05,1.56139964935464e-02,3.03594397974169e+02,sinkhorn_cellsim
1.895869e+02,19041,2.21584131788682e-05,1.56139965239297e-02,3.03594398050064e+02,sinkhorn_cellsim
1.897860e+02,19061,2.20899776250054e-05,1.56139965538995e-02,3.03594398125644e+02,sinkhorn_cellsim
1.899851e+02,19081,2.20219777633121e-05,1.56139965834618e-02,3.03594398200912e+02,sinkhorn_cellsim
1.901843e+02,19101,2.19544660403744e-05,1.56139966126228e-02,3.03594398275873e+02,sinkhorn_cellsim
1.903834e+02,19121,2.18876654552735e-05,1.56139966413884e-02,3.03594398350529e+02,sinkhorn_cellsim
1.905825e+02,19141,2.18213470966343e-05,1.56139966697648e-02,3.03594398424884e+02,sinkhorn_cellsim
1.907817e+02,19161,2.17554483170351e-05,1.56139966977576e-02,3.03594398498940e+02,sinkhorn_cellsim
1.909808e+02,19181,2.16899741506594e-05,1.56139967253728e-02,3.03594398572700e+02,sinkhorn_cellsim
1.911800e+02,19201,2.16249219827866e-05,1.56139967526160e-02,3.03594398646169e+02,sinkhorn_cellsim
1.913791e+02,19221,2.15604243358304e-05,1.56139967794928e-02,3.03594398719347e+02,sinkhorn_cellsim
1.915782e+02,19241,2.14964034209522e-05,1.56139968060088e-02,3.03594398792239e+02,sinkhorn_cellsim
1.917774e+02,19261,2.14328489179184e-05,1.56139968321696e-02,3.03594398864847e+02,sinkhorn_cellsim
1.919765e+02,19281,2.13696916586021e-05,1.56139968579805e-02,3.03594398937174e+02,sinkhorn_cellsim
1.921757e+02,19301,2.13069284477528e-05,1.56139968834468e-02,3.03594399009223e+02,sinkhorn_cellsim
1.923748e+02,19321,2.12445561052403e-05,1.56139969085738e-02,3.03594399080996e+02,sinkhorn_cellsim
1.925740e+02,19341,2.11825714689027e-05,1.56139969333668e-02,3.03594399152497e+02,sinkhorn_cellsim
1.927731e+02,19361,2.11209713924760e-05,1.56139969578308e-02,3.03594399223727e+02,sinkhorn_cellsim
1.929722e+02,19381,2.10597527500901e-05,1.56139969819708e-02,3.03594399294690e+02,sinkhorn_cellsim
1.931714e+02,19401,2.09989124298840e-05,1.56139970057920e-02,3.03594399365388e+02,sinkhorn_cellsim
1.933705e+02,19421,2.09384473387560e-05,1.56139970292990e-02,3.03594399435823e+02,sinkhorn_cellsim
1.935696e+02,19441,2.08783544040027e-05,1.56139970524968e-02,3.03594399505999e+02,sinkhorn_cellsim
1.937688e+02,19461,2.08186565655265e-05,1.56139970753902e-02,3.03594399575917e+02,sinkhorn_cellsim
1.939679e+02,19481,2.07593391365628e-05,1.56139970979839e-02,3.03594399645580e+02,sinkhorn_cellsim
1.941671e+02,19501,2.07004115628872e-05,1.56139971202824e-02,3.03594399714990e+02,sinkhorn_cellsim
1.943662e+02,19521,2.06419979505573e-05,1.56139971422904e-02,3.03594399784150e+02,sinkhorn_cellsim
1.945654e+02,19541,2.05845086976648e-05,1.56139971640123e-02,3.03594399853062e+02,sinkhorn_cellsim
1.947645e+02,19561,2.05275622123588e-05,1.56139971854526e-02,3.03594399921728e+02,sinkhorn_cellsim
1.949637e+02,19581,2.04710244845233e-05,1.56139972066157e-02,3.03594399990151e+02,sinkhorn_cellsim
1.951628e+02,19601,2.04148203260594e-05,1.56139972275058e-02,3.03594400058333e+02,sinkhorn_cellsim
1.953620e+02,19621,2.03590191268426e-05,1.56139972481273e-02,3.03594400126276e+02,sinkhorn_cellsim
1.955611e+02,19641,2.03035456183160e-05,1.56139972684842e-02,3.03594400193982e+02,sinkhorn_cellsim
1.957602e+02,19661,2.02483947644987e-05,1.56139972885807e-02,3.03594400261453e+02,sinkhorn_cellsim
1.959594e+02,19681,2.01935639547051e-05,1.56139973084208e-02,3.03594400328691e+02,sinkhorn_cellsim
1.961585e+02,19701,2.01390505924370e-05,1.56139973280087e-02,3.03594400395699e+02,sinkhorn_cellsim
1.963577e+02,19721,2.00848520977600e-05,1.56139973473481e-02,3.03594400462479e+02,sinkhorn_cellsim
1.965568e+02,19741,2.00309659053548e-05,1.56139973664430e-02,3.03594400529032e+02,sinkhorn_cellsim
1.967559e+02,19761,1.99773915375212e-05,1.56139973852972e-02,3.03594400595360e+02,sinkhorn_cellsim
1.969551e+02,19781,1.99242513484965e-05,1.56139974039144e-02,3.03594400661466e+02,sinkhorn_cellsim
1.971542e+02,19801,1.98714558767068e-05,1.56139974222984e-02,3.03594400727351e+02,sinkhorn_cellsim
1.973534e+02,19821,1.98189606878433e-05,1.56139974404528e-02,3.03594400793017e+02,sinkhorn_cellsim
1.975525e+02,19841,1.97667633042375e-05,1.56139974583812e-02,3.03594400858467e+02,sinkhorn_cellsim
1.977517e+02,19861,1.97148612683025e-05,1.56139974760871e-02,3.03594400923701e+02,sinkhorn_cellsim
1.979508e+02,19881,1.96632521411671e-05,1.56139974935740e-02,3.03594400988723e+02,sinkhorn_cellsim
1.981500e+02,19901,1.96119834431473e-05,1.56139975108454e-02,3.03594401053532e+02,sinkhorn_cellsim
1.983491e+02,19921,1.95610107779558e-05,1.56139975279047e-02,3.03594401118133e+02,sinkhorn_cellsim
1.985483e+02,19941,1.95103233483327e-05,1.56139975447551e-02,3.03594401182525e+02,sinkhorn_cellsim
1.987474e+02,19961,1.94599258478401e-05,1.56139975613999e-02,3.03594401246711e+02,sinkhorn_cellsim
1.989466e+02,19981,1.94098187893504e-05,1.56139975778424e-02,3.03594401310693e+02,sinkhorn_cellsim
1.991457e+02,20001,1.93599897178519e-05,1.56139975940857e-02,3.03594401374472e+02,sinkhorn_cellsim
1.993449e+02,20021,1.93104363054106e-05,1.56139976101330e-02,3.03594401438050e+02,sinkhorn_cellsim
1.995440e+02,20041,1.92611562417630e-05,1.56139976259873e-02,3.03594401501428e+02,sinkhorn_cellsim
1.997432e+02,20061,1.92121472318735e-05,1.56139976416516e-02,3.03594401564608e+02,sinkhorn_cellsim
1.999423e+02,20081,1.91634069952778e-05,1.56139976571290e-02,3.03594401627592e+02,sinkhorn_cellsim
2.001415e+02,20101,1.91149332701132e-05,1.56139976724223e-02,3.03594401690381e+02,sinkhorn_cellsim
2.003406e+02,20121,1.90667255988688e-05,1.56139976875345e-02,3.03594401752977e+02,sinkhorn_cellsim
2.005397e+02,20141,1.90187891428221e-05,1.56139977024684e-02,3.03594401815382e+02,sinkhorn_cellsim
2.007389e+02,20161,1.89711124862852e-05,1.56139977172267e-02,3.03594401877596e+02,sinkhorn_cellsim
2.009380e+02,20181,1.89236934302046e-05,1.56139977318123e-02,3.03594401939621e+02,sinkhorn_cellsim
2.011371e+02,20201,1.88765794571541e-05,1.56139977462277e-02,3.03594402001459e+02,sinkhorn_cellsim
2.013363e+02,20221,1.88298270416768e-05,1.56139977604758e-02,3.03594402063111e+02,sinkhorn_cellsim
2.015354e+02,20241,1.87833260830388e-05,1.56139977745591e-02,3.03594402124579e+02,sinkhorn_cellsim
2.017346e+02,20261,1.87370727557077e-05,1.56139977884802e-02,3.03594402185864e+02,sinkhorn_cellsim
2.019337e+02,20281,1.86910649419898e-05,1.56139978022416e-02,3.03594402246967e+02,sinkhorn_cellsim
2.021329e+02,20301,1.86453115856678e-05,1.56139978158458e-02,3.03594402307890e+02,sinkhorn_cellsim
2.023320e+02,20321,1.85998176034823e-05,1.56139978292952e-02,3.03594402368633e+02,sinkhorn_cellsim
2.025312e+02,20341,1.85545648291457e-05,1.56139978425924e-02,3.03594402429200e+02,sinkhorn_cellsim
2.027303e+02,20361,1.85095750393877e-05,1.56139978557395e-02,3.03594402489590e+02,sinkhorn_cellsim
2.029295e+02,20381,1.84648417490385e-05,1.56139978687391e-02,3.03594402549804e+02,sinkhorn_cellsim
2.031286e+02,20401,1.84203492821776e-05,1.56139978815933e-02,3.03594402609845e+02,sinkhorn_cellsim
2.033277e+02,20421,1.83760871929630e-05,1.56139978943044e-02,3.03594402669714e+02,sinkhorn_cellsim
2.035269e+02,20441,1.83320534894432e-05,1.56139979068747e-02,3.03594402729411e+02,sinkhorn_cellsim
2.037260e+02,20461,1.82882461989229e-05,1.56139979193063e-02,3.03594402788939e+02,sinkhorn_cellsim
2.039252e+02,20481,1.82446633607992e-05,1.56139979316014e-02,3.03594402848297e+02,sinkhorn_cellsim
2.041243e+02,20501,1.82013329363408e-05,1.56139979437621e-02,3.03594402907488e+02,sinkhorn_cellsim
2.043234e+02,20521,1.81582280661148e-05,1.56139979557904e-02,3.03594402966512e+02,sinkhorn_cellsim
2.045226e+02,20541,1.81153414504204e-05,1.56139979676885e-02,3.03594403025371e+02,sinkhorn_cellsim
2.047217e+02,20561,1.80726844246892e-05,1.56139979794582e-02,3.03594403084066e+02,sinkhorn_cellsim
2.049209e+02,20581,1.80302459372793e-05,1.56139979911016e-02,3.03594403142598e+02,sinkhorn_cellsim
2.051200e+02,20601,1.79880261268603e-05,1.56139980026207e-02,3.03594403200968e+02,sinkhorn_cellsim
2.053192e+02,20621,1.79460706313963e-05,1.56139980140172e-02,3.03594403259177e+02,sinkhorn_cellsim
2.055183e+02,20641,1.79043614091711e-05,1.56139980252932e-02,3.03594403317226e+02,sinkhorn_cellsim
2.057175e+02,20661,1.78629257039297e-05,1.56139980364504e-02,3.03594403375116e+02,sinkhorn_cellsim
2.059166e+02,20681,1.78217380659798e-05,1.56139980474906e-02,3.03594403432849e+02,sinkhorn_cellsim
2.061158e+02,20701,1.77807513916398e-05,1.56139980584157e-02,3.03594403490426e+02,sinkhorn_cellsim
2.063150e+02,20721,1.77399896453034e-05,1.56139980692273e-02,3.03594403547846e+02,sinkhorn_cellsim
2.065141e+02,20741,1.76994575128999e-05,1.56139980799272e-02,3.03594403605112e+02,sinkhorn_cellsim
2.067133e+02,20761,1.76591590088636e-05,1.56139980905171e-02,3.03594403662225e+02,sinkhorn_cellsim
2.069124e+02,20781,1.76190762553569e-05,1.56139981009987e-02,3.03594403719185e+02,sinkhorn_cellsim
2.071115e+02,20801,1.75791846608952e-05,1.56139981113735e-02,3.03594403775993e+02,sinkhorn_cellsim
2.073107e+02,20821,1.75394825450171e-05,1.56139981216432e-02,3.03594403832651e+02,sinkhorn_cellsim
2.075099e+02,20841,1.74999682376621e-05,1.56139981318093e-02,3.03594403889159e+02,sinkhorn_cellsim
2.077090e+02,20861,1.74606400862016e-05,1.56139981418734e-02,3.03594403945518e+02,sinkhorn_cellsim
2.079081e+02,20881,1.74214997044548e-05,1.56139981518371e-02,3.03594404001729e+02,sinkhorn_cellsim
2.081073e+02,20901,1.73826213499021e-05,1.56139981617017e-02,3.03594404057793e+02,sinkhorn_cellsim
2.083064e+02,20921,1.73440089067340e-05,1.56139981714689e-02,3.03594404113712e+02,sinkhorn_cellsim
2.085056e+02,20941,1.73056053602266e-05,1.56139981811399e-02,3.03594404169485e+02,sinkhorn_cellsim
2.087047e+02,20961,1.72675662928490e-05,1.56139981907163e-02,3.03594404225114e+02,sinkhorn_cellsim
2.089039e+02,20981,1.72298068462960e-05,1.56139982001994e-02,3.03594404280599e+02,sinkhorn_cellsim
2.091030e+02,21001,1.71922853665210e-05,1.56139982095906e-02,3.03594404335942e+02,sinkhorn_cellsim
2.093022e+02,21021,1.71549526882885e-05,1.56139982188913e-02,3.03594404391143e+02,sinkhorn_cellsim
2.095013e+02,21041,1.71177994348975e-05,1.56139982281026e-02,3.03594404446203e+02,sinkhorn_cellsim
2.097005e+02,21061,1.70808105373312e-05,1.56139982372261e-02,3.03594404501123e+02,sinkhorn_cellsim
2.098996e+02,21081,1.70440397210324e-05,1.56139982462628e-02,3.03594404555904e+02,sinkhorn_cellsim
2.100988e+02,21101,1.70074439310590e-05,1.56139982552141e-02,3.03594404610547e+02,sinkhorn_cellsim
2.102979e+02,21121,1.69710074574967e-05,1.56139982640812e-02,3.03594404665051e+02,sinkhorn_cellsim
2.104971e+02,21141,1.69347293587232e-05,1.56139982728653e-02,3.03594404719419e+02,sinkhorn_cellsim
2.106962e+02,21161,1.68986354869383e-05,1.56139982815676e-02,3.03594404773651e+02,sinkhorn_cellsim
2.108954e+02,21181,1.68627024340498e-05,1.56139982901892e-02,3.03594404827747e+02,sinkhorn_cellsim
2.110945e+02,21201,1.68269309571938e-05,1.56139982987313e-02,3.03594404881708e+02,sinkhorn_cellsim
2.112936e+02,21221,1.67913636060241e-05,1.56139983071951e-02,3.03594404935536e+02,sinkhorn_cellsim
2.114928e+02,21241,1.67559462644447e-05,1.56139983155815e-02,3.03594404989230e+02,sinkhorn_cellsim
2.116919e+02,21261,1.67206976295668e-05,1.56139983238916e-02,3.03594405042792e+02,sinkhorn_cellsim
2.118911e+02,21281,1.66856040168288e-05,1.56139983321266e-02,3.03594405096223e+02,sinkhorn_cellsim
2.120902e+02,21301,1.66507323233864e-05,1.56139983402876e-02,3.03594405149522e+02,sinkhorn_cellsim
c_index=0.0,Sw=0.015613998340287576,Smin=0.015613998340287576,Smax=0.015613998340287576,Nw=66,pairs=190
