time(s),iter,infeas,ot_objective,dual
2.794786e-02,1,8.07868160438273e-01,2.84432831449711e-316,-6.99386364319968e+00,sinkhorn_cellsim
1.221570e+00,21,8.07868160438273e-01,5.60012411574540e-263,4.63364997137331e+01,sinkhorn_cellsim
2.415171e+00,41,8.07868160438273e-01,2.75348930817949e-201,9.96668630706660e+01,sinkhorn_cellsim
3.608910e+00,61,8.07868160438273e-01,1.35384559584030e-139,1.52997226427599e+02,sinkhorn_cellsim
4.802740e+00,81,8.07868160438271e-01,2.33933068420964e-45,2.06327589784531e+02,sinkhorn_cellsim
5.996796e+00,101,8.06644312951328e-01,1.27736282173189e-04,2.59582092313266e+02,sinkhorn_cellsim
7.191117e+00,121,7.90895228646222e-01,1.86137246593389e-03,3.11087648270783e+02,sinkhorn_cellsim
8.385759e+00,141,7.60994093410309e-01,6.45597768859670e-03,3.57056664485034e+02,sinkhorn_cellsim
9.580644e+00,161,7.34725556394302e-01,1.12669949011140e-02,3.95062112529936e+02,sinkhorn_cellsim
1.077574e+01,181,7.14502368824530e-01,1.59676289088236e-02,4.26043101001253e+02,sinkhorn_cellsim
1.197098e+01,201,6.98035718073279e-01,1.84643595778202e-02,4.51918158626263e+02,sinkhorn_cellsim
1.316631e+01,221,6.87807305989195e-01,2.07244462282740e-02,4.74303633804492e+02,sinkhorn_cellsim
1.436170e+01,241,6.79129561685677e-01,2.25631881962133e-02,4.94274859822372e+02,sinkhorn_cellsim
1.555714e+01,261,6.71455527731832e-01,2.36254438065902e-02,5.12486643741569e+02,sinkhorn_cellsim
1.675259e+01,281,6.66733086489041e-01,2.43550611266343e-02,5.29688347484061e+02,sinkhorn_cellsim
1.794800e+01,301,6.59970340217888e-01,2.51876468883815e-02,5.46173665750281e+02,sinkhorn_cellsim
1.914343e+01,321,6.54277108037597e-01,2.58207570249200e-02,5.62118317209246e+02,sinkhorn_cellsim
2.033887e+01,341,6.48875387565729e-01,2.66737791669864e-02,5.77365373977216e+02,sinkhorn_cellsim
2.153425e+01,361,6.41991471624858e-01,2.70263525813701e-02,5.92169326675809e+02,sinkhorn_cellsim
2.272962e+01,381,6.37585070519357e-01,2.73828468413547e-02,6.06639489144157e+02,sinkhorn_cellsim
2.392496e+01,401,6.32131823598575e-01,2.77365554811897e-02,6.20831123574465e+02,sinkhorn_cellsim
2.512024e+01,421,6.27294567068462e-01,2.81722225582385e-02,6.34757443743515e+02,sinkhorn_cellsim
2.631547e+01,441,6.21406614480438e-01,2.87257175195523e-02,6.48441728405322e+02,sinkhorn_cellsim
2.751061e+01,461,6.17943807222913e-01,2.92693614875405e-02,6.61824739602756e+02,sinkhorn_cellsim
2.870572e+01,481,6.12573961198738e-01,2.99892593855767e-02,6.74921495550431e+02,sinkhorn_cellsim
2.990079e+01,501,6.04853542813061e-01,3.08375854136677e-02,6.87759037174889e+02,sinkhorn_cellsim
3.109584e+01,521,5.98260260400146e-01,3.15104449477866e-02,7.00354773154844e+02,sinkhorn_cellsim
3.229088e+01,541,5.91264593050541e-01,3.24196953025297e-02,7.12676829396622e+02,sinkhorn_cellsim
3.348585e+01,561,5.82756227554395e-01,3.33909952172986e-02,7.24678188970919e+02,sinkhorn_cellsim
3.468077e+01,581,5.73595206319873e-01,3.47363673879209e-02,7.36364422648415e+02,sinkhorn_cellsim
3.587569e+01,601,5.62990993712922e-01,3.58193726084549e-02,7.47662807611167e+02,sinkhorn_cellsim
3.707058e+01,621,5.55366578726571e-01,3.66084533496413e-02,7.58654369013573e+02,sinkhorn_cellsim
3.826548e+01,641,5.43054583950514e-01,3.81993835278241e-02,7.69271194417759e+02,sinkhorn_cellsim
3.946033e+01,661,5.33427556863012e-01,3.95375667723268e-02,7.79531774069851e+02,sinkhorn_cellsim
4.065521e+01,681,5.20962959209737e-01,4.09922822416405e-02,7.89422079959262e+02,sinkhorn_cellsim
4.185000e+01,701,5.09373276070504e-01,4.24621474015176e-02,7.98910741078982e+02,sinkhorn_cellsim
4.304479e+01,721,4.99248106076592e-01,4.38090494058108e-02,8.08078927537309e+02,sinkhorn_cellsim
4.423960e+01,741,4.88211670459515e-01,4.52225108373303e-02,8.16892295267166e+02,sinkhorn_cellsim
4.543439e+01,761,4.78494324704980e-01,4.63481140585602e-02,8.25373997323970e+02,sinkhorn_cellsim
4.662917e+01,781,4.64921652780739e-01,4.77814978071093e-02,8.33567593259491e+02,sinkhorn_cellsim
4.782398e+01,801,4.52252225376785e-01,4.97829396791165e-02,8.41419831924246e+02,sinkhorn_cellsim
4.901875e+01,821,4.42241434817434e-01,5.08179139895425e-02,8.48945191347404e+02,sinkhorn_cellsim
5.021342e+01,841,4.33588632794524e-01,5.18332152502819e-02,8.56247929570256e+02,sinkhorn_cellsim
5.140811e+01,861,4.22267699703669e-01,5.32538600247429e-02,8.63283316957838e+02,sinkhorn_cellsim
5.260277e+01,881,4.11551425261518e-01,5.42465972829251e-02,8.70071986117907e+02,sinkhorn_cellsim
5.379741e+01,901,3.98873192005794e-01,5.61664361026521e-02,8.76579972990759e+02,sinkhorn_cellsim
5.499202e+01,921,3.88972310253801e-01,5.73826990949693e-02,8.82795115247536e+02,sinkhorn_cellsim
5.618659e+01,941,3.79941914137690e-01,5.91070591039125e-02,8.88725749975474e+02,sinkhorn_cellsim
5.738116e+01,961,3.72340656565535e-01,5.98837548265556e-02,8.94411727405641e+02,sinkhorn_cellsim
5.857571e+01,981,3.65794822556048e-01,6.06944803401717e-02,8.99936627286600e+02,sinkhorn_cellsim
5.977026e+01,1001,3.57193808375087e-01,6.19482431320004e-02,9.05258851929048e+02,sinkhorn_cellsim
6.096478e+01,1021,3.46554765038430e-01,6.31706300377840e-02,9.10365417219489e+02,sinkhorn_cellsim
6.215927e+01,1041,3.38007132807339e-01,6.41014824446861e-02,9.15261303544670e+02,sinkhorn_cellsim
6.335373e+01,1061,3.30704325099560e-01,6.49939291279828e-02,9.19987381352393e+02,sinkhorn_cellsim
6.454821e+01,1081,3.23159828094844e-01,6.59019655122111e-02,9.24553941295063e+02,sinkhorn_cellsim
6.574263e+01,1101,3.15774617394243e-01,6.70289016682124e-02,9.28896674706498e+02,sinkhorn_cellsim
6.693704e+01,1121,3.08549488817795e-01,6.79604395594990e-02,9.33063197902379e+02,sinkhorn_cellsim
6.813141e+01,1141,3.01389174613395e-01,6.89385760237997e-02,9.37088829611906e+02,sinkhorn_cellsim
6.932575e+01,1161,2.94600942815656e-01,6.94848295366346e-02,9.40970476173153e+02,sinkhorn_cellsim
7.052007e+01,1181,2.87449038620454e-01,7.00848640679641e-02,9.44732167868696e+02,sinkhorn_cellsim
7.171440e+01,1201,2.80695814114779e-01,7.09227177794269e-02,9.48369798279808e+02,sinkhorn_cellsim
7.290871e+01,1221,2.72816796852319e-01,7.17514698607556e-02,9.51877248622410e+02,sinkhorn_cellsim
7.410299e+01,1241,2.68392239865945e-01,7.26023124657817e-02,9.55251523897059e+02,sinkhorn_cellsim
7.529723e+01,1261,2.63949850417254e-01,7.31464777179256e-02,9.58541246567210e+02,sinkhorn_cellsim
7.649145e+01,1281,2.59063715956784e-01,7.42619054576268e-02,9.61721567936235e+02,sinkhorn_cellsim
7.768563e+01,1301,2.54510633373279e-01,7.48131482672356e-02,9.64776301063620e+02,sinkhorn_cellsim
7.887982e+01,1321,2.51118866420178e-01,7.53916343306213e-02,9.67752387799862e+02,sinkhorn_cellsim
8.007397e+01,1341,2.47836896036665e-01,7.60257448341182e-02,9.70652988930075e+02,sinkhorn_cellsim
8.126811e+01,1361,2.43937883882116e-01,7.65086049091993e-02,9.73463660249914e+02,sinkhorn_cellsim
8.246224e+01,1381,2.39795191935365e-01,7.72590919067897e-02,9.76213095087454e+02,sinkhorn_cellsim
8.365636e+01,1401,2.34657589341729e-01,7.80798447215020e-02,9.78859331279975e+02,sinkhorn_cellsim
8.485046e+01,1421,2.29768228360233e-01,7.86470880009518e-02,9.81423764146335e+02,sinkhorn_cellsim
8.604453e+01,1441,2.25624275615121e-01,7.93444748290359e-02,9.83920087881167e+02,sinkhorn_cellsim
8.723857e+01,1461,2.20720965675371e-01,7.99137030005509e-02,9.86328674993413e+02,sinkhorn_cellsim
8.843266e+01,1481,2.17037809199797e-01,8.03177758117453e-02,9.88683253392989e+02,sinkhorn_cellsim
8.962673e+01,1501,2.13787201682053e-01,8.09947860441160e-02,9.90979229571497e+02,sinkhorn_cellsim
9.082070e+01,1521,2.11135990772922e-01,8.16667038520347e-02,9.93205543972806e+02,sinkhorn_cellsim
9.201465e+01,1541,2.06735087608848e-01,8.22650635823910e-02,9.95347918819882e+02,sinkhorn_cellsim
9.320857e+01,1561,2.03059829708481e-01,8.34948732838467e-02,9.97392464896281e+02,sinkhorn_cellsim
9.440245e+01,1581,1.99089401438240e-01,8.38697758479240e-02,9.99335950472272e+02,sinkhorn_cellsim
9.559636e+01,1601,1.96248138386693e-01,8.41321196033278e-02,1.00123511620557e+03,sinkhorn_cellsim
9.679026e+01,1621,1.92488299578580e-01,8.44467367061447e-02,1.00309186997164e+03,sinkhorn_cellsim
9.798411e+01,1641,1.88609986214221e-01,8.51846560295652e-02,1.00488181652050e+03,sinkhorn_cellsim
9.917794e+01,1661,1.83687250654292e-01,8.58817900399332e-02,1.00658900910221e+03,sinkhorn_cellsim
1.003717e+02,1681,1.81002727456780e-01,8.67123432223085e-02,1.00822313511099e+03,sinkhorn_cellsim
1.015655e+02,1701,1.78359129726461e-01,8.71079304706406e-02,1.00979812149684e+03,sinkhorn_cellsim
1.027592e+02,1721,1.75361966048438e-01,8.77006596244902e-02,1.01131535486845e+03,sinkhorn_cellsim
1.039530e+02,1741,1.73383531030233e-01,8.84951869965770e-02,1.01276515753184e+03,sinkhorn_cellsim
1.051467e+02,1761,1.70503655460209e-01,8.88471370691846e-02,1.01416397739330e+03,sinkhorn_cellsim
1.063404e+02,1781,1.67890803795248e-01,8.93725437015453e-02,1.01551507997391e+03,sinkhorn_cellsim
1.075341e+02,1801,1.65837409433079e-01,8.96319745041369e-02,1.01681907953035e+03,sinkhorn_cellsim
1.087278e+02,1821,1.62937209227606e-01,9.00053692311799e-02,1.01809221269212e+03,sinkhorn_cellsim
1.099215e+02,1841,1.59490274724877e-01,9.04097802222113e-02,1.01931548812334e+03,sinkhorn_cellsim
1.111152e+02,1861,1.56452407889962e-01,9.06399846215970e-02,1.02050852380627e+03,sinkhorn_cellsim
1.123088e+02,1881,1.52830754491739e-01,9.10900852763861e-02,1.02166211251389e+03,sinkhorn_cellsim
1.135025e+02,1901,1.50618190073669e-01,9.14212892437867e-02,1.02277027643075e+03,sinkhorn_cellsim
1.146961e+02,1921,1.47544770152802e-01,9.18066158277416e-02,1.02384043556253e+03,sinkhorn_cellsim
1.158897e+02,1941,1.44540848200651e-01,9.22243436552470e-02,1.02486894058394e+03,sinkhorn_cellsim
1.170833e+02,1961,1.42514088732584e-01,9.24614675252911e-02,1.02586575676572e+03,sinkhorn_cellsim
1.182769e+02,1981,1.41002616390356e-01,9.25983058000781e-02,1.02684021686212e+03,sinkhorn_cellsim
1.194706e+02,2001,1.39151798595074e-01,9.27677327218884e-02,1.02779538300759e+03,sinkhorn_cellsim
1.206642e+02,2021,1.37247136287813e-01,9.29534093452005e-02,1.02872965277050e+03,sinkhorn_cellsim
1.218578e+02,2041,1.34955028992711e-01,9.35464017640793e-02,1.02961942365923e+03,sinkhorn_cellsim
1.230513e+02,2061,1.32602060445385e-01,9.37061688043804e-02,1.03048063373264e+03,sinkhorn_cellsim
1.242449e+02,2081,1.30737870466425e-01,9.39728009805387e-02,1.03132033692509e+03,sinkhorn_cellsim
1.254384e+02,2101,1.28077303021187e-01,9.42320117170813e-02,1.03212947565104e+03,sinkhorn_cellsim
1.266319e+02,2121,1.25209616743314e-01,9.45789148417084e-02,1.03291856582413e+03,sinkhorn_cellsim
1.278254e+02,2141,1.22139276899572e-01,9.48791563409913e-02,1.03367379047635e+03,sinkhorn_cellsim
1.290189e+02,2161,1.20143177719802e-01,9.50011358158108e-02,1.03440981136789e+03,sinkhorn_cellsim
1.302124e+02,2181,1.17354593168550e-01,9.56588482504105e-02,1.03511988756450e+03,sinkhorn_cellsim
1.314059e+02,2201,1.15252905419448e-01,9.58314469625606e-02,1.03579079734842e+03,sinkhorn_cellsim
1.325993e+02,2221,1.13258484671259e-01,9.60458342297754e-02,1.03644293825769e+03,sinkhorn_cellsim
1.337927e+02,2241,1.11370535974543e-01,9.61937539107342e-02,1.03707989815131e+03,sinkhorn_cellsim
1.349861e+02,2261,1.09508006648581e-01,9.63182477712249e-02,1.03770195716641e+03,sinkhorn_cellsim
1.361795e+02,2281,1.08181776872331e-01,9.64097894246643e-02,1.03831337847189e+03,sinkhorn_cellsim
1.373729e+02,2301,1.06986405412326e-01,9.65516130345389e-02,1.03890937170753e+03,sinkhorn_cellsim
1.385663e+02,2321,1.05701157252913e-01,9.68692901254483e-02,1.03948956526622e+03,sinkhorn_cellsim
1.397596e+02,2341,1.04747140732313e-01,9.74839934613402e-02,1.04003481863727e+03,sinkhorn_cellsim
1.409529e+02,2361,1.03046700884081e-01,9.76454926186750e-02,1.04055695349315e+03,sinkhorn_cellsim
1.421461e+02,2381,1.01387315330933e-01,9.78268252649457e-02,1.04106293093989e+03,sinkhorn_cellsim
1.433394e+02,2401,9.94472761845231e-02,9.79623783196411e-02,1.04155589569787e+03,sinkhorn_cellsim
1.445327e+02,2421,9.74682739247058e-02,9.80877218289304e-02,1.04203765724348e+03,sinkhorn_cellsim
1.457260e+02,2441,9.58138943197389e-02,9.82144380925062e-02,1.04250760091114e+03,sinkhorn_cellsim
1.469192e+02,2461,9.42364860123143e-02,9.83331564253431e-02,1.04296719556098e+03,sinkhorn_cellsim
1.481124e+02,2481,9.28178602145166e-02,9.84625791610325e-02,1.04341630164839e+03,sinkhorn_cellsim
1.493056e+02,2501,9.11311611338028e-02,9.87798225155622e-02,1.04385154192653e+03,sinkhorn_cellsim
1.504988e+02,2521,8.93690296607594e-02,9.89291651321923e-02,1.04426931193945e+03,sinkhorn_cellsim
1.516920e+02,2541,8.76034483259849e-02,9.90589394805985e-02,1.04467587352994e+03,sinkhorn_cellsim
1.528852e+02,2561,8.63200449480792e-02,9.91762421319731e-02,1.04507409764140e+03,sinkhorn_cellsim
1.540784e+02,2581,8.49438415968607e-02,9.94310066293087e-02,1.04545870241463e+03,sinkhorn_cellsim
1.552716e+02,2601,8.34971006099144e-02,9.96145413483891e-02,1.04582918904065e+03,sinkhorn_cellsim
1.564648e+02,2621,8.18002102962084e-02,9.98061058543559e-02,1.04618893739027e+03,sinkhorn_cellsim
1.576580e+02,2641,8.04471800918262e-02,9.98973128384499e-02,1.04653850556058e+03,sinkhorn_cellsim
1.588512e+02,2661,7.91961560529736e-02,1.00003273582189e-01,1.04688022481689e+03,sinkhorn_cellsim
1.600444e+02,2681,7.79803132654312e-02,1.00095595759872e-01,1.04721433723751e+03,sinkhorn_cellsim
1.612377e+02,2701,7.65290122344956e-02,1.00318379244061e-01,1.04753551564475e+03,sinkhorn_cellsim
1.624309e+02,2721,7.56036242726426e-02,1.00455363760891e-01,1.04784922441262e+03,sinkhorn_cellsim
1.636241e+02,2741,7.45054283488212e-02,1.00551646024720e-01,1.04815458710346e+03,sinkhorn_cellsim
1.648173e+02,2761,7.35102672514754e-02,1.00642577519767e-01,1.04845469620061e+03,sinkhorn_cellsim
1.660104e+02,2781,7.21305099471480e-02,1.00878705853360e-01,1.04874565974863e+03,sinkhorn_cellsim
1.672036e+02,2801,7.10467540490040e-02,1.00963796810398e-01,1.04902436075717e+03,sinkhorn_cellsim
1.683968e+02,2821,7.00975908697841e-02,1.01091277724092e-01,1.04929636439171e+03,sinkhorn_cellsim
1.695900e+02,2841,6.89354866371492e-02,1.01277195733667e-01,1.04955451869423e+03,sinkhorn_cellsim
1.707831e+02,2861,6.77385930248030e-02,1.01363160107425e-01,1.04980286412108e+03,sinkhorn_cellsim
1.719763e+02,2881,6.66831616578907e-02,1.01424701632048e-01,1.05004650526341e+03,sinkhorn_cellsim
1.731694e+02,2901,6.58823782654468e-02,1.01517910539197e-01,1.05028562455541e+03,sinkhorn_cellsim
1.743626e+02,2921,6.49336574169572e-02,1.01672551514707e-01,1.05051869262945e+03,sinkhorn_cellsim
1.755557e+02,2941,6.39113629709483e-02,1.02309807464217e-01,1.05072512866318e+03,sinkhorn_cellsim
1.767488e+02,2961,6.28549219644345e-02,1.02422387564336e-01,1.05091647795310e+03,sinkhorn_cellsim
1.779419e+02,2981,6.17866427070676e-02,1.02497672141662e-01,1.05110280804629e+03,sinkhorn_cellsim
1.791351e+02,3001,6.09162140499233e-02,1.02570789631048e-01,1.05128436405394e+03,sinkhorn_cellsim
1.803282e+02,3021,5.97610179457847e-02,1.02640065338636e-01,1.05146180385860e+03,sinkhorn_cellsim
1.815213e+02,3041,5.89116212150804e-02,1.02703318706226e-01,1.05163522365589e+03,sinkhorn_cellsim
1.827144e+02,3061,5.79785207513367e-02,1.02778238011076e-01,1.05180444769142e+03,sinkhorn_cellsim
1.839075e+02,3081,5.69922464657816e-02,1.02884463800602e-01,1.05196756915608e+03,sinkhorn_cellsim
1.851007e+02,3101,5.59968042395409e-02,1.02968601461615e-01,1.05212542740041e+03,sinkhorn_cellsim
1.862938e+02,3121,5.51686007469502e-02,1.03055904391437e-01,1.05227911379869e+03,sinkhorn_cellsim
1.874869e+02,3141,5.44614512065370e-02,1.03121064401466e-01,1.05242848627568e+03,sinkhorn_cellsim
1.886800e+02,3161,5.37605891396682e-02,1.03175471821848e-01,1.05257514335964e+03,sinkhorn_cellsim
1.898731e+02,3181,5.28695860170182e-02,1.03256192164389e-01,1.05271825614449e+03,sinkhorn_cellsim
1.910662e+02,3201,5.19866106238892e-02,1.03452683125133e-01,1.05285572063836e+03,sinkhorn_cellsim
1.922593e+02,3221,5.12154984420113e-02,1.03501338413767e-01,1.05298541711588e+03,sinkhorn_cellsim
1.934524e+02,3241,5.04557538809776e-02,1.03543582328106e-01,1.05311211013160e+03,sinkhorn_cellsim
1.946455e+02,3261,4.96481294864113e-02,1.03595274230539e-01,1.05323585392172e+03,sinkhorn_cellsim
1.958385e+02,3281,4.88163631885515e-02,1.03660892791543e-01,1.05335598956488e+03,sinkhorn_cellsim
1.970316e+02,3301,4.81019771436575e-02,1.03713299847243e-01,1.05347268186031e+03,sinkhorn_cellsim
1.982247e+02,3321,4.74813216091384e-02,1.03759040112538e-01,1.05358660349087e+03,sinkhorn_cellsim
1.994177e+02,3341,4.69462448843370e-02,1.03803781961970e-01,1.05369770993970e+03,sinkhorn_cellsim
2.006108e+02,3361,4.63450898016209e-02,1.03846083143254e-01,1.05380654544053e+03,sinkhorn_cellsim
2.018038e+02,3381,4.56992912744020e-02,1.03901718119265e-01,1.05391319305999e+03,sinkhorn_cellsim
2.029969e+02,3401,4.49651649474631e-02,1.03977676160872e-01,1.05401699650864e+03,sinkhorn_cellsim
2.041899e+02,3421,4.40841253420983e-02,1.04044891425135e-01,1.05411594752119e+03,sinkhorn_cellsim
2.053829e+02,3441,4.33973241805675e-02,1.04088521038757e-01,1.05421221843839e+03,sinkhorn_cellsim
2.065760e+02,3461,4.28081892254582e-02,1.04124171544333e-01,1.05430654699841e+03,sinkhorn_cellsim
2.077690e+02,3481,4.22733856292350e-02,1.04171780163717e-01,1.05439906038869e+03,sinkhorn_cellsim
2.089621e+02,3501,4.18418559924269e-02,1.04224355551027e-01,1.05448924466705e+03,sinkhorn_cellsim
2.101551e+02,3521,4.14124962983124e-02,1.04265714588326e-01,1.05457743026852e+03,sinkhorn_cellsim
2.113481e+02,3541,4.08776773877279e-02,1.04313103381410e-01,1.05466398627575e+03,sinkhorn_cellsim
2.125412e+02,3561,4.03449396777293e-02,1.04351845635715e-01,1.05474864248237e+03,sinkhorn_cellsim
2.137342e+02,3581,3.98952803183269e-02,1.04391039825406e-01,1.05483076249039e+03,sinkhorn_cellsim
2.149272e+02,3601,3.94504759922652e-02,1.04416200627692e-01,1.05491139098306e+03,sinkhorn_cellsim
2.161203e+02,3621,3.88541686715071e-02,1.04450552731208e-01,1.05499021039117e+03,sinkhorn_cellsim
2.173134e+02,3641,3.83537717614828e-02,1.04474070177700e-01,1.05506747867600e+03,sinkhorn_cellsim
2.185064e+02,3661,3.77565345733751e-02,1.04505869457963e-01,1.05514339499862e+03,sinkhorn_cellsim
2.196995e+02,3681,3.71428612162650e-02,1.04546522479354e-01,1.05521682250377e+03,sinkhorn_cellsim
2.208925e+02,3701,3.65709546631098e-02,1.04574760598814e-01,1.05528859076779e+03,sinkhorn_cellsim
2.220855e+02,3721,3.60010388870726e-02,1.04600665843200e-01,1.05535941230180e+03,sinkhorn_cellsim
2.232786e+02,3741,3.53588161311295e-02,1.04656627052312e-01,1.05542862153392e+03,sinkhorn_cellsim
2.244716e+02,3761,3.46405000568585e-02,1.04703174912437e-01,1.05549522474877e+03,sinkhorn_cellsim
2.256646e+02,3781,3.39234560096628e-02,1.04760589234928e-01,1.05555934458258e+03,sinkhorn_cellsim
2.268576e+02,3801,3.34016685901682e-02,1.04784489700323e-01,1.05562170211155e+03,sinkhorn_cellsim
2.280506e+02,3821,3.29330267918571e-02,1.04806496439373e-01,1.05568300684045e+03,sinkhorn_cellsim
2.292436e+02,3841,3.24849945994826e-02,1.04830837168332e-01,1.05574329790250e+03,sinkhorn_cellsim
2.304367e+02,3861,3.20219614837716e-02,1.04883146968926e-01,1.05580220991266e+03,sinkhorn_cellsim
2.316297e+02,3881,3.15743655690882e-02,1.04939086756495e-01,1.05585900055899e+03,sinkhorn_cellsim
2.328227e+02,3901,3.11554616711131e-02,1.04967054440235e-01,1.05591440230222e+03,sinkhorn_cellsim
2.340157e+02,3921,3.07459864390453e-02,1.04990149193227e-01,1.05596854533436e+03,sinkhorn_cellsim
2.352087e+02,3941,3.02736849596208e-02,1.05015146572896e-01,1.05602172739409e+03,sinkhorn_cellsim
2.364017e+02,3961,2.97767927156294e-02,1.05042439373791e-01,1.05607319032146e+03,sinkhorn_cellsim
2.375947e+02,3981,2.92250118879997e-02,1.05068524164928e-01,1.05612336496660e+03,sinkhorn_cellsim
2.387877e+02,4001,2.87135466159425e-02,1.05095013650347e-01,1.05617212933727e+03,sinkhorn_cellsim
2.399806e+02,4021,2.83010495536186e-02,1.05118190487643e-01,1.05621999124834e+03,sinkhorn_cellsim
2.411736e+02,4041,2.78893954149371e-02,1.05160922889225e-01,1.05626668525202e+03,sinkhorn_cellsim
2.423666e+02,4061,2.74868177496818e-02,1.05191904812557e-01,1.05631205260383e+03,sinkhorn_cellsim
2.435596e+02,4081,2.71046620450220e-02,1.05219070190165e-01,1.05635597433299e+03,sinkhorn_cellsim
2.447526e+02,4101,2.67047392907605e-02,1.05250826942540e-01,1.05639861501494e+03,sinkhorn_cellsim
2.459455e+02,4121,2.63786464499061e-02,1.05275760384582e-01,1.05644046880274e+03,sinkhorn_cellsim
2.471385e+02,4141,2.60737376199690e-02,1.05291783563117e-01,1.05648160958226e+03,sinkhorn_cellsim
2.483315e+02,4161,2.57332282573147e-02,1.05320884689484e-01,1.05652171942978e+03,sinkhorn_cellsim
2.495245e+02,4181,2.53069260657341e-02,1.05350922111059e-01,1.05656042235990e+03,sinkhorn_cellsim
2.507174e+02,4201,2.49274854998876e-02,1.05368810826418e-01,1.05659820163731e+03,sinkhorn_cellsim
2.519104e+02,4221,2.46057360793639e-02,1.05382270228864e-01,1.05663544149199e+03,sinkhorn_cellsim
2.531034e+02,4241,2.43032986769238e-02,1.05397358043040e-01,1.05667222254599e+03,sinkhorn_cellsim
2.542963e+02,4261,2.39358945595903e-02,1.05416599308248e-01,1.05670827818159e+03,sinkhorn_cellsim
2.554893e+02,4281,2.36136856369074e-02,1.05442552332673e-01,1.05674343772740e+03,sinkhorn_cellsim
2.566823e+02,4301,2.32773017898757e-02,1.05468100635172e-01,1.05677723262972e+03,sinkhorn_cellsim
2.578753e+02,4321,2.28982304339443e-02,1.05491712112231e-01,1.05681014108222e+03,sinkhorn_cellsim
2.590683e+02,4341,2.25524537353807e-02,1.05506905540424e-01,1.05684252269191e+03,sinkhorn_cellsim
2.602613e+02,4361,2.22512061181839e-02,1.05518806738069e-01,1.05687458255448e+03,sinkhorn_cellsim
2.614542e+02,4381,2.19883007036978e-02,1.05531264149165e-01,1.05690637095950e+03,sinkhorn_cellsim
2.626472e+02,4401,2.17425308244253e-02,1.05547129106871e-01,1.05693758590635e+03,sinkhorn_cellsim
2.638401e+02,4421,2.14966451184186e-02,1.05572980387322e-01,1.05696815523071e+03,sinkhorn_cellsim
2.650332e+02,4441,2.12365336386316e-02,1.05587935997799e-01,1.05699819195125e+03,sinkhorn_cellsim
2.662261e+02,4461,2.09664546540650e-02,1.05599241683934e-01,1.05702778685494e+03,sinkhorn_cellsim
2.674191e+02,4481,2.07364055786249e-02,1.05609875661148e-01,1.05705702378926e+03,sinkhorn_cellsim
2.686120e+02,4501,2.05379851265687e-02,1.05619372896300e-01,1.05708607917237e+03,sinkhorn_cellsim
2.698050e+02,4521,2.03475174777837e-02,1.05630154878781e-01,1.05711489108742e+03,sinkhorn_cellsim
2.709979e+02,4541,2.01452075462444e-02,1.05639224439039e-01,1.05714349079715e+03,sinkhorn_cellsim
2.721909e+02,4561,1.99396766560349e-02,1.05652723778203e-01,1.05717176938029e+03,sinkhorn_cellsim
2.733838e+02,4581,1.97158434309728e-02,1.05667336948977e-01,1.05719947339126e+03,sinkhorn_cellsim
2.745767e+02,4601,1.95138922272491e-02,1.05680491391527e-01,1.05722670448597e+03,sinkhorn_cellsim
2.757697e+02,4621,1.92896689906065e-02,1.05709456538152e-01,1.05725330440353e+03,sinkhorn_cellsim
2.769626e+02,4641,1.90982250769084e-02,1.05718651065724e-01,1.05727951216070e+03,sinkhorn_cellsim
2.781556e+02,4661,1.89223992245187e-02,1.05728655744144e-01,1.05730543095451e+03,sinkhorn_cellsim
2.793485e+02,4681,1.87473721117487e-02,1.05735594743471e-01,1.05733114585065e+03,sinkhorn_cellsim
2.805415e+02,4701,1.85681225728379e-02,1.05744327984373e-01,1.05735666634279e+03,sinkhorn_cellsim
2.817344e+02,4721,1.83826136661331e-02,1.05752660434907e-01,1.05738194013110e+03,sinkhorn_cellsim
2.829274e+02,4741,1.81991948093648e-02,1.05759924093248e-01,1.05740692554002e+03,sinkhorn_cellsim
2.841203e+02,4761,1.80279267106690e-02,1.05767869824722e-01,1.05743161008799e+03,sinkhorn_cellsim
2.853133e+02,4781,1.78595550669516e-02,1.05775097746094e-01,1.05745613216300e+03,sinkhorn_cellsim
2.865062e+02,4801,1.76668124425444e-02,1.05788175823299e-01,1.05748035931756e+03,sinkhorn_cellsim
2.876992e+02,4821,1.74650713530390e-02,1.05808363895858e-01,1.05750388768721e+03,sinkhorn_cellsim
2.888922e+02,4841,1.72326512884580e-02,1.05829445144557e-01,1.05752689316343e+03,sinkhorn_cellsim
2.900852e+02,4861,1.69904385370750e-02,1.05862085731034e-01,1.05754866845448e+03,sinkhorn_cellsim
2.912781e+02,4881,1.67436795900731e-02,1.05877455640993e-01,1.05756966598056e+03,sinkhorn_cellsim
2.924710e+02,4901,1.65215991600776e-02,1.05891815740132e-01,1.05758980808919e+03,sinkhorn_cellsim
2.936640e+02,4921,1.62928399997878e-02,1.05913876968231e-01,1.05760917329034e+03,sinkhorn_cellsim
2.948569e+02,4941,1.60720738410771e-02,1.05932178290015e-01,1.05762782155668e+03,sinkhorn_cellsim
2.960498e+02,4961,1.58247934197140e-02,1.05940499699984e-01,1.05764619887894e+03,sinkhorn_cellsim
2.972428e+02,4981,1.55753202605684e-02,1.05949730456847e-01,1.05766424070282e+03,sinkhorn_cellsim
2.984357e+02,5001,1.53110735204643e-02,1.05962248211994e-01,1.05768183651633e+03,sinkhorn_cellsim
2.996287e+02,5021,1.50606552503472e-02,1.05972707716373e-01,1.05769910405834e+03,sinkhorn_cellsim
3.008216e+02,5041,1.48259765902712e-02,1.05981794558562e-01,1.05771618195695e+03,sinkhorn_cellsim
3.020146e+02,5061,1.46094440729812e-02,1.05991808115048e-01,1.05773309263894e+03,sinkhorn_cellsim
3.032075e+02,5081,1.44124072008065e-02,1.06002460988260e-01,1.05774981045638e+03,sinkhorn_cellsim
3.044005e+02,5101,1.42354658572380e-02,1.06010453500467e-01,1.05776637086793e+03,sinkhorn_cellsim
3.055934e+02,5121,1.40852630758420e-02,1.06016132664274e-01,1.05778284297521e+03,sinkhorn_cellsim
3.067864e+02,5141,1.39472757886132e-02,1.06022864217433e-01,1.05779919649172e+03,sinkhorn_cellsim
3.079794e+02,5161,1.38141948457542e-02,1.06030261984044e-01,1.05781539104758e+03,sinkhorn_cellsim
3.091723e+02,5181,1.36933351905537e-02,1.06035477199928e-01,1.05783145566172e+03,sinkhorn_cellsim
3.103652e+02,5201,1.35807984533113e-02,1.06039412008335e-01,1.05784745166231e+03,sinkhorn_cellsim
3.115582e+02,5221,1.34464352306269e-02,1.06045407802847e-01,1.05786333140143e+03,sinkhorn_cellsim
3.127512e+02,5241,1.32546680177618e-02,1.06053680765724e-01,1.05787891922608e+03,sinkhorn_cellsim
3.139441e+02,5261,1.30888612210190e-02,1.06059371542583e-01,1.05789432673650e+03,sinkhorn_cellsim
3.151371e+02,5281,1.29356431215168e-02,1.06065241461293e-01,1.05790961627309e+03,sinkhorn_cellsim
3.163301e+02,5301,1.27835048945096e-02,1.06073188831764e-01,1.05792476893994e+03,sinkhorn_cellsim
3.175230e+02,5321,1.26420593026771e-02,1.06080828879743e-01,1.05793976354768e+03,sinkhorn_cellsim
3.187159e+02,5341,1.25052974222578e-02,1.06086406995699e-01,1.05795466232736e+03,sinkhorn_cellsim
3.199089e+02,5361,1.23702872464538e-02,1.06091543978857e-01,1.05796947725962e+03,sinkhorn_cellsim
3.211019e+02,5381,1.22492528571025e-02,1.06097085930949e-01,1.05798420162294e+03,sinkhorn_cellsim
3.222948e+02,5401,1.21360292292073e-02,1.06103896993157e-01,1.05799879983790e+03,sinkhorn_cellsim
3.234878e+02,5421,1.19845159801787e-02,1.06108487305756e-01,1.05801325934307e+03,sinkhorn_cellsim
3.246807e+02,5441,1.18143602253513e-02,1.06113718711447e-01,1.05802754217635e+03,sinkhorn_cellsim
3.258737e+02,5461,1.16959687641300e-02,1.06119693617572e-01,1.05804167896859e+03,sinkhorn_cellsim
3.270667e+02,5481,1.15898122797281e-02,1.06123288004561e-01,1.05805574427455e+03,sinkhorn_cellsim
3.282596e+02,5501,1.14909403248280e-02,1.06128677686127e-01,1.05806964089169e+03,sinkhorn_cellsim
3.294526e+02,5521,1.13960102996142e-02,1.06131854827996e-01,1.05808344948003e+03,sinkhorn_cellsim
3.306456e+02,5541,1.12909419531636e-02,1.06136353849410e-01,1.05809714103067e+03,sinkhorn_cellsim
3.318385e+02,5561,1.11703513830120e-02,1.06143008152765e-01,1.05811052209412e+03,sinkhorn_cellsim
3.330315e+02,5581,1.10542948963106e-02,1.06146660236790e-01,1.05812374994016e+03,sinkhorn_cellsim
3.342245e+02,5601,1.09456993018491e-02,1.06152217040540e-01,1.05813685983716e+03,sinkhorn_cellsim
3.354175e+02,5621,1.08481196446752e-02,1.06160257244721e-01,1.05814980057022e+03,sinkhorn_cellsim
3.366105e+02,5641,1.07664899279481e-02,1.06176745594108e-01,1.05816244145718e+03,sinkhorn_cellsim
3.378035e+02,5661,1.06738793797967e-02,1.06184551044168e-01,1.05817480771056e+03,sinkhorn_cellsim
3.389965e+02,5681,1.05557827079072e-02,1.06190887487333e-01,1.05818699719277e+03,sinkhorn_cellsim
3.401894e+02,5701,1.04656260021924e-02,1.06196693804422e-01,1.05819899485314e+03,sinkhorn_cellsim
3.413824e+02,5721,1.03805566627696e-02,1.06206667787823e-01,1.05821066634049e+03,sinkhorn_cellsim
3.425754e+02,5741,1.02980818532149e-02,1.06212526853483e-01,1.05822208408865e+03,sinkhorn_cellsim
3.437684e+02,5761,1.02200575521774e-02,1.06215585056752e-01,1.05823344055036e+03,sinkhorn_cellsim
3.449613e+02,5781,1.01476272823975e-02,1.06219384990356e-01,1.05824474742095e+03,sinkhorn_cellsim
3.461543e+02,5801,1.00758139953102e-02,1.06234844732600e-01,1.05825578338736e+03,sinkhorn_cellsim
3.473473e+02,5821,1.00018687133070e-02,1.06246913640841e-01,1.05826638652310e+03,sinkhorn_cellsim
3.485402e+02,5841,9.92273434034404e-03,1.06255187908625e-01,1.05827675969753e+03,sinkhorn_cellsim
3.497332e+02,5861,9.84142393621169e-03,1.06260972402282e-01,1.05828703430166e+03,sinkhorn_cellsim
3.509262e+02,5881,9.75803434166160e-03,1.06268227726081e-01,1.05829719187057e+03,sinkhorn_cellsim
3.521191e+02,5901,9.65867724546399e-03,1.06277805769975e-01,1.05830716640797e+03,sinkhorn_cellsim
3.533121e+02,5921,9.55574424038788e-03,1.06292710469323e-01,1.05831683638478e+03,sinkhorn_cellsim
3.545051e+02,5941,9.46568640447641e-03,1.06301447626390e-01,1.05832626948432e+03,sinkhorn_cellsim
3.556981e+02,5961,9.36636536493376e-03,1.06306745483329e-01,1.05833560376873e+03,sinkhorn_cellsim
3.568910e+02,5981,9.25627504179055e-03,1.06311928340838e-01,1.05834481176213e+03,sinkhorn_cellsim
3.580840e+02,6001,9.17721707514431e-03,1.06316301194984e-01,1.05835394007120e+03,sinkhorn_cellsim
3.592770e+02,6021,9.09136956058548e-03,1.06322421709625e-01,1.05836298775039e+03,sinkhorn_cellsim
3.604700e+02,6041,9.01309252352108e-03,1.06331016556445e-01,1.05837171995210e+03,sinkhorn_cellsim
3.616630e+02,6061,8.93660614522474e-03,1.06335169853903e-01,1.05838029262245e+03,sinkhorn_cellsim
3.628560e+02,6081,8.86895646288505e-03,1.06337745121129e-01,1.05838880989376e+03,sinkhorn_cellsim
3.640489e+02,6101,8.80535854595105e-03,1.06339417789064e-01,1.05839724819818e+03,sinkhorn_cellsim
3.652419e+02,6121,8.74814523356210e-03,1.06340959653008e-01,1.05840562509091e+03,sinkhorn_cellsim
3.664349e+02,6141,8.69087836629480e-03,1.06342727927178e-01,1.05841397070833e+03,sinkhorn_cellsim
3.676279e+02,6161,8.62450320424201e-03,1.06345566474683e-01,1.05842226011106e+03,sinkhorn_cellsim
3.688208e+02,6181,8.54902183516050e-03,1.06348792505927e-01,1.05843040141839e+03,sinkhorn_cellsim
3.700138e+02,6201,8.48174633382492e-03,1.06350418693278e-01,1.05843844039409e+03,sinkhorn_cellsim
3.712068e+02,6221,8.41692408301908e-03,1.06351749845209e-01,1.05844642593305e+03,sinkhorn_cellsim
3.723997e+02,6241,8.35279397637049e-03,1.06353203947823e-01,1.05845436793294e+03,sinkhorn_cellsim
3.735927e+02,6261,8.28965294963533e-03,1.06354899421899e-01,1.05846227805310e+03,sinkhorn_cellsim
3.747856e+02,6281,8.22902078237749e-03,1.06356723121855e-01,1.05847016316661e+03,sinkhorn_cellsim
3.759786e+02,6301,8.16821918369153e-03,1.06358731251970e-01,1.05847802342831e+03,sinkhorn_cellsim
3.771716e+02,6321,8.10851013424483e-03,1.06362501354566e-01,1.05848583149506e+03,sinkhorn_cellsim
3.783646e+02,6341,8.04880451408730e-03,1.06366460256092e-01,1.05849354924311e+03,sinkhorn_cellsim
3.795576e+02,6361,7.98863490287697e-03,1.06368846322931e-01,1.05850118578599e+03,sinkhorn_cellsim
3.807505e+02,6381,7.91629829036196e-03,1.06370967752709e-01,1.05850873317861e+03,sinkhorn_cellsim
3.819435e+02,6401,7.83981671082484e-03,1.06373424754324e-01,1.05851622345855e+03,sinkhorn_cellsim
3.831365e+02,6421,7.76884676348889e-03,1.06375784850292e-01,1.05852367575837e+03,sinkhorn_cellsim
3.843295e+02,6441,7.70446686451551e-03,1.06378643574642e-01,1.05853108601606e+03,sinkhorn_cellsim
3.855225e+02,6461,7.64200622846674e-03,1.06384913470401e-01,1.05853836959223e+03,sinkhorn_cellsim
3.867154e+02,6481,7.57651954116781e-03,1.06391904965272e-01,1.05854548269349e+03,sinkhorn_cellsim
3.879084e+02,6501,7.51438173882073e-03,1.06395476329590e-01,1.05855251370463e+03,sinkhorn_cellsim
3.891014e+02,6521,7.44828824602629e-03,1.06397877297629e-01,1.05855950656454e+03,sinkhorn_cellsim
3.902944e+02,6541,7.38917211118821e-03,1.06400018268618e-01,1.05856647169336e+03,sinkhorn_cellsim
3.914873e+02,6561,7.33826049062432e-03,1.06403214502691e-01,1.05857338852947e+03,sinkhorn_cellsim
3.926803e+02,6581,7.29112554398454e-03,1.06405924709567e-01,1.05858024233819e+03,sinkhorn_cellsim
3.938733e+02,6601,7.24426815072758e-03,1.06407690166476e-01,1.05858706878734e+03,sinkhorn_cellsim
3.950662e+02,6621,7.19758224573084e-03,1.06409304117996e-01,1.05859386436713e+03,sinkhorn_cellsim
3.962592e+02,6641,7.15149891985635e-03,1.06410911052244e-01,1.05860062583801e+03,sinkhorn_cellsim
3.974522e+02,6661,7.10710925654147e-03,1.06412876004630e-01,1.05860734798093e+03,sinkhorn_cellsim
3.986451e+02,6681,7.06402023566962e-03,1.06415451885053e-01,1.05861401630592e+03,sinkhorn_cellsim
3.998381e+02,6701,7.02062133032740e-03,1.06419612823789e-01,1.05862060574357e+03,sinkhorn_cellsim
4.010311e+02,6721,6.97838481703978e-03,1.06425625703554e-01,1.05862707479148e+03,sinkhorn_cellsim
4.022240e+02,6741,6.93686980708949e-03,1.06429373339526e-01,1.05863345967779e+03,sinkhorn_cellsim
4.034170e+02,6761,6.89724028212326e-03,1.06431905008676e-01,1.05863979979998e+03,sinkhorn_cellsim
4.046100e+02,6781,6.85950504613373e-03,1.06433889319708e-01,1.05864611162333e+03,sinkhorn_cellsim
4.058029e+02,6801,6.82363363322895e-03,1.06435575529947e-01,1.05865240534021e+03,sinkhorn_cellsim
4.069959e+02,6821,6.78828797484965e-03,1.06437643984958e-01,1.05865867794162e+03,sinkhorn_cellsim
4.081889e+02,6841,6.75241097781798e-03,1.06441626025498e-01,1.05866488952155e+03,sinkhorn_cellsim
4.093819e+02,6861,6.71410186489656e-03,1.06444446466641e-01,1.05867103932914e+03,sinkhorn_cellsim
4.105748e+02,6881,6.67180156867989e-03,1.06446413948047e-01,1.05867715547209e+03,sinkhorn_cellsim
4.117678e+02,6901,6.62286627295916e-03,1.06448290321726e-01,1.05868324189959e+03,sinkhorn_cellsim
4.129607e+02,6921,6.57540375938213e-03,1.06450069771954e-01,1.05868930051487e+03,sinkhorn_cellsim
4.141537e+02,6941,6.53471550225283e-03,1.06451612731793e-01,1.05869533554128e+03,sinkhorn_cellsim
4.153466e+02,6961,6.49648337892064e-03,1.06452981464697e-01,1.05870134683486e+03,sinkhorn_cellsim
4.165396e+02,6981,6.45507979443116e-03,1.06454392593387e-01,1.05870733502378e+03,sinkhorn_cellsim
4.177325e+02,7001,6.40628751556203e-03,1.06455911087893e-01,1.05871329569697e+03,sinkhorn_cellsim
4.189255e+02,7021,6.34862322077755e-03,1.06457576897368e-01,1.05871921908612e+03,sinkhorn_cellsim
4.201185e+02,7041,6.28743523205444e-03,1.06459393367300e-01,1.05872509647097e+03,sinkhorn_cellsim
4.213115e+02,7061,6.22995229034370e-03,1.06461063378908e-01,1.05873093363689e+03,sinkhorn_cellsim
4.225044e+02,7081,6.17692267267838e-03,1.06463002346611e-01,1.05873673421825e+03,sinkhorn_cellsim
4.236974e+02,7101,6.12355339133573e-03,1.06467339556207e-01,1.05874245776780e+03,sinkhorn_cellsim
4.248903e+02,7121,6.06747087432556e-03,1.06471620116529e-01,1.05874807580440e+03,sinkhorn_cellsim
4.260834e+02,7141,6.01973524910791e-03,1.06473573089516e-01,1.05875364977129e+03,sinkhorn_cellsim
4.272763e+02,7161,5.97776982598025e-03,1.06474899889314e-01,1.05875920002131e+03,sinkhorn_cellsim
4.284693e+02,7181,5.93913044285550e-03,1.06476084364438e-01,1.05876472922735e+03,sinkhorn_cellsim
4.296623e+02,7201,5.90104069480017e-03,1.06477223972006e-01,1.05877023571213e+03,sinkhorn_cellsim
4.308552e+02,7221,5.84555841127446e-03,1.06478928529475e-01,1.05877570009266e+03,sinkhorn_cellsim
4.320483e+02,7241,5.79364582769811e-03,1.06481930901175e-01,1.05878106190738e+03,sinkhorn_cellsim
4.332413e+02,7261,5.73688306818245e-03,1.06485172758186e-01,1.05878633467385e+03,sinkhorn_cellsim
4.344343e+02,7281,5.67388952130865e-03,1.06487927552318e-01,1.05879153840775e+03,sinkhorn_cellsim
4.356272e+02,7301,5.61240542498254e-03,1.06491215088590e-01,1.05879668100929e+03,sinkhorn_cellsim
4.368202e+02,7321,5.55553294703955e-03,1.06495424910790e-01,1.05880175173926e+03,sinkhorn_cellsim
4.380132e+02,7341,5.50959967336991e-03,1.06497638618802e-01,1.05880677740108e+03,sinkhorn_cellsim
4.392062e+02,7361,5.47060831486008e-03,1.06498898147714e-01,1.05881177569699e+03,sinkhorn_cellsim
4.403991e+02,7381,5.43377693067707e-03,1.06499819609743e-01,1.05881674700205e+03,sinkhorn_cellsim
4.415921e+02,7401,5.39748675823047e-03,1.06500654425022e-01,1.05882168691635e+03,sinkhorn_cellsim
4.427850e+02,7421,5.35920499335849e-03,1.06501669040715e-01,1.05882659446233e+03,sinkhorn_cellsim
4.439780e+02,7441,5.32223339734582e-03,1.06502713440001e-01,1.05883147170166e+03,sinkhorn_cellsim
4.451710e+02,7461,5.28773601255587e-03,1.06503654586912e-01,1.05883632418720e+03,sinkhorn_cellsim
4.463639e+02,7481,5.25567216187960e-03,1.06504525313884e-01,1.05884115916381e+03,sinkhorn_cellsim
4.475569e+02,7501,5.22498414062639e-03,1.06505381366059e-01,1.05884597806898e+03,sinkhorn_cellsim
4.487499e+02,7521,5.19529154420887e-03,1.06506181371496e-01,1.05885078219206e+03,sinkhorn_cellsim
4.499429e+02,7541,5.16565943316185e-03,1.06506913041655e-01,1.05885557612356e+03,sinkhorn_cellsim
4.511359e+02,7561,5.13566476646304e-03,1.06507686215145e-01,1.05886036178960e+03,sinkhorn_cellsim
4.523288e+02,7581,5.10494454592781e-03,1.06508578646906e-01,1.05886513887894e+03,sinkhorn_cellsim
4.535218e+02,7601,5.07468466929440e-03,1.06509599126867e-01,1.05886990678575e+03,sinkhorn_cellsim
4.547148e+02,7621,5.04535855538072e-03,1.06510752036929e-01,1.05887466389187e+03,sinkhorn_cellsim
4.559077e+02,7641,5.01438431101274e-03,1.06512445772509e-01,1.05887939863923e+03,sinkhorn_cellsim
4.571007e+02,7661,4.98505943370845e-03,1.06515268303033e-01,1.05888406567485e+03,sinkhorn_cellsim
4.582937e+02,7681,4.96181757515182e-03,1.06516604696968e-01,1.05888868018005e+03,sinkhorn_cellsim
4.594867e+02,7701,4.93930642509964e-03,1.06517398253896e-01,1.05889327778828e+03,sinkhorn_cellsim
4.606797e+02,7721,4.91454504958195e-03,1.06518196815663e-01,1.05889785866348e+03,sinkhorn_cellsim
4.618726e+02,7741,4.88117205695989e-03,1.06519364260529e-01,1.05890241371952e+03,sinkhorn_cellsim
4.630656e+02,7761,4.84564128236172e-03,1.06521838236201e-01,1.05890691933723e+03,sinkhorn_cellsim
4.642586e+02,7781,4.81611216567664e-03,1.06524363315837e-01,1.05891136644956e+03,sinkhorn_cellsim
4.654515e+02,7801,4.78679632786253e-03,1.06525725792820e-01,1.05891579016911e+03,sinkhorn_cellsim
4.666445e+02,7821,4.75764335754150e-03,1.06526708379196e-01,1.05892020422877e+03,sinkhorn_cellsim
4.678375e+02,7841,4.72839679226982e-03,1.06527599451686e-01,1.05892461029567e+03,sinkhorn_cellsim
4.690305e+02,7861,4.69660019987056e-03,1.06528470380988e-01,1.05892900579761e+03,sinkhorn_cellsim
4.702234e+02,7881,4.66445701626762e-03,1.06529389029069e-01,1.05893338345187e+03,sinkhorn_cellsim
4.714164e+02,7901,4.62621467316637e-03,1.06530386100687e-01,1.05893773608395e+03,sinkhorn_cellsim
4.726093e+02,7921,4.59195420159231e-03,1.06531430009985e-01,1.05894206173082e+03,sinkhorn_cellsim
4.738023e+02,7941,4.56068973639636e-03,1.06532324882594e-01,1.05894636993077e+03,sinkhorn_cellsim
4.749953e+02,7961,4.53204143620456e-03,1.06533014722973e-01,1.05895067044287e+03,sinkhorn_cellsim
4.761883e+02,7981,4.50604961129743e-03,1.06533581105666e-01,1.05895496669824e+03,sinkhorn_cellsim
4.773813e+02,8001,4.48273632131681e-03,1.06534082529207e-01,1.05895925985869e+03,sinkhorn_cellsim
4.785742e+02,8021,4.46140054967899e-03,1.06534546764298e-01,1.05896355049044e+03,sinkhorn_cellsim
4.797672e+02,8041,4.44159923677946e-03,1.06534987302720e-01,1.05896783893200e+03,sinkhorn_cellsim
4.809602e+02,8061,4.42254886605246e-03,1.06535412055988e-01,1.05897212538551e+03,sinkhorn_cellsim
4.821532e+02,8081,4.40397504376329e-03,1.06535834610338e-01,1.05897640989498e+03,sinkhorn_cellsim
4.833462e+02,8101,4.38293026133232e-03,1.06536691721689e-01,1.05898068930658e+03,sinkhorn_cellsim
4.845391e+02,8121,4.35679607864919e-03,1.06546236196277e-01,1.05898487749619e+03,sinkhorn_cellsim
4.857321e+02,8141,4.33479555535713e-03,1.06553423589924e-01,1.05898888790476e+03,sinkhorn_cellsim
4.869251e+02,8161,4.31373324484818e-03,1.06554850006416e-01,1.05899287413713e+03,sinkhorn_cellsim
4.881180e+02,8181,4.28384596839331e-03,1.06558271090542e-01,1.05899682320286e+03,sinkhorn_cellsim
4.893110e+02,8201,4.25537664149431e-03,1.06563931114847e-01,1.05900066319987e+03,sinkhorn_cellsim
4.905040e+02,8221,4.22854866281852e-03,1.06566058661962e-01,1.05900444683665e+03,sinkhorn_cellsim
4.916970e+02,8241,4.20234563396518e-03,1.06567070827896e-01,1.05900821204532e+03,sinkhorn_cellsim
4.928900e+02,8261,4.17782947634677e-03,1.06567803386326e-01,1.05901196726130e+03,sinkhorn_cellsim
4.940830e+02,8281,4.15413047566428e-03,1.06568876612616e-01,1.05901571026552e+03,sinkhorn_cellsim
4.952759e+02,8301,4.12803494869968e-03,1.06573187467433e-01,1.05901940142120e+03,sinkhorn_cellsim
4.964689e+02,8321,4.10092354952966e-03,1.06577334952896e-01,1.05902300480684e+03,sinkhorn_cellsim
4.976619e+02,8341,4.06873786295086e-03,1.06579192707244e-01,1.05902657070391e+03,sinkhorn_cellsim
4.988549e+02,8361,4.02590616675047e-03,1.06581974583430e-01,1.05903009346635e+03,sinkhorn_cellsim
5.000479e+02,8381,3.98161994573706e-03,1.06588335379819e-01,1.05903347907193e+03,sinkhorn_cellsim
5.012409e+02,8401,3.94090661093978e-03,1.06592227743121e-01,1.05903676491537e+03,sinkhorn_cellsim
5.024338e+02,8421,3.90375754010474e-03,1.06594331277354e-01,1.05904001581514e+03,sinkhorn_cellsim
5.036268e+02,8441,3.87151067846528e-03,1.06595684108275e-01,1.05904324331667e+03,sinkhorn_cellsim
5.048198e+02,8461,3.84107590513728e-03,1.06596867491553e-01,1.05904641897715e+03,sinkhorn_cellsim
5.060128e+02,8481,3.81217893444553e-03,1.06597773323871e-01,1.05904954399854e+03,sinkhorn_cellsim
5.072058e+02,8501,3.78523762481872e-03,1.06598484982633e-01,1.05905264876447e+03,sinkhorn_cellsim
5.083988e+02,8521,3.76028248255825e-03,1.06599174737488e-01,1.05905574184430e+03,sinkhorn_cellsim
5.095918e+02,8541,3.73575471585811e-03,1.06599848232104e-01,1.05905882350779e+03,sinkhorn_cellsim
5.107848e+02,8561,3.71263350966718e-03,1.06600485662323e-01,1.05906189046466e+03,sinkhorn_cellsim
5.119777e+02,8581,3.69052492509656e-03,1.06601131710511e-01,1.05906494222606e+03,sinkhorn_cellsim
5.131707e+02,8601,3.66958401048473e-03,1.06601792466475e-01,1.05906798478240e+03,sinkhorn_cellsim
5.143637e+02,8621,3.64954020146447e-03,1.06602388051250e-01,1.05907102239402e+03,sinkhorn_cellsim
5.155566e+02,8641,3.63116246583158e-03,1.06602891590285e-01,1.05907405669597e+03,sinkhorn_cellsim
5.167496e+02,8661,3.61410067451944e-03,1.06603323039241e-01,1.05907708849217e+03,sinkhorn_cellsim
5.179426e+02,8681,3.59806606343752e-03,1.06603706325950e-01,1.05908011826388e+03,sinkhorn_cellsim
5.191356e+02,8701,3.58271413484797e-03,1.06604058013934e-01,1.05908314629840e+03,sinkhorn_cellsim
5.203286e+02,8721,3.56795380623348e-03,1.06604388638665e-01,1.05908617270621e+03,sinkhorn_cellsim
5.215215e+02,8741,3.55392460083484e-03,1.06604706370531e-01,1.05908919724370e+03,sinkhorn_cellsim
5.227146e+02,8761,3.54046986189054e-03,1.06605022779563e-01,1.05909221854291e+03,sinkhorn_cellsim
5.239075e+02,8781,3.52727592076933e-03,1.06605357403259e-01,1.05909523230513e+03,sinkhorn_cellsim
5.251005e+02,8801,3.51415741628076e-03,1.06605687362614e-01,1.05909823197186e+03,sinkhorn_cellsim
5.262934e+02,8821,3.50080726300184e-03,1.06605888110998e-01,1.05910121437115e+03,sinkhorn_cellsim
5.274864e+02,8841,3.48698394729418e-03,1.06606017846699e-01,1.05910417876912e+03,sinkhorn_cellsim
5.286793e+02,8861,3.47220765886727e-03,1.06606267719890e-01,1.05910712652099e+03,sinkhorn_cellsim
5.298723e+02,8881,3.45541077800956e-03,1.06606742833719e-01,1.05911006177664e+03,sinkhorn_cellsim
5.310652e+02,8901,3.43673881571889e-03,1.06607436121112e-01,1.05911298625747e+03,sinkhorn_cellsim
5.322582e+02,8921,3.42043705737194e-03,1.06608282105223e-01,1.05911589722412e+03,sinkhorn_cellsim
5.334512e+02,8941,3.40422208628068e-03,1.06609036438168e-01,1.05911879670686e+03,sinkhorn_cellsim
5.346442e+02,8961,3.38834874727763e-03,1.06609566183420e-01,1.05912169130955e+03,sinkhorn_cellsim
5.358371e+02,8981,3.37291285120128e-03,1.06609971563324e-01,1.05912458345890e+03,sinkhorn_cellsim
5.370301e+02,9001,3.35748648105585e-03,1.06610340334715e-01,1.05912747253779e+03,sinkhorn_cellsim
5.382231e+02,9021,3.34276744927546e-03,1.06610746426964e-01,1.05913035445621e+03,sinkhorn_cellsim
5.394160e+02,9041,3.32944430918880e-03,1.06611292632015e-01,1.05913321802436e+03,sinkhorn_cellsim
5.406090e+02,9061,3.31446411560187e-03,1.06612377583731e-01,1.05913604756675e+03,sinkhorn_cellsim
5.418020e+02,9081,3.29325531919286e-03,1.06617041828446e-01,1.05913880686442e+03,sinkhorn_cellsim
5.429949e+02,9101,3.27512351634713e-03,1.06624129129563e-01,1.05914143575377e+03,sinkhorn_cellsim
5.441879e+02,9121,3.25947147990386e-03,1.06626311341600e-01,1.05914400498014e+03,sinkhorn_cellsim
5.453808e+02,9141,3.24450886728445e-03,1.06627374971018e-01,1.05914654894822e+03,sinkhorn_cellsim
5.465738e+02,9161,3.23008436333876e-03,1.06628329646288e-01,1.05914907159985e+03,sinkhorn_cellsim
5.477668e+02,9181,3.21570647067345e-03,1.06629264110345e-01,1.05915157816871e+03,sinkhorn_cellsim
5.489598e+02,9201,3.20144457176324e-03,1.06630152196202e-01,1.05915407436285e+03,sinkhorn_cellsim
5.501527e+02,9221,3.18696042304146e-03,1.06630959803689e-01,1.05915656267755e+03,sinkhorn_cellsim
5.513457e+02,9241,3.17245996667886e-03,1.06631686915151e-01,1.05915904360301e+03,sinkhorn_cellsim
5.525386e+02,9261,3.15819920569926e-03,1.06632358211593e-01,1.05916151501666e+03,sinkhorn_cellsim
5.537316e+02,9281,3.14350216360624e-03,1.06633012483891e-01,1.05916397316224e+03,sinkhorn_cellsim
5.549246e+02,9301,3.12797229816099e-03,1.06633625857337e-01,1.05916642023583e+03,sinkhorn_cellsim
5.561175e+02,9321,3.11315291628365e-03,1.06634121401514e-01,1.05916886118497e+03,sinkhorn_cellsim
5.573105e+02,9341,3.09908428717574e-03,1.06634480823853e-01,1.05917129583621e+03,sinkhorn_cellsim
5.585035e+02,9361,3.08514462066166e-03,1.06634739512256e-01,1.05917372049076e+03,sinkhorn_cellsim
5.596965e+02,9381,3.07064538545747e-03,1.06635058406086e-01,1.05917613485176e+03,sinkhorn_cellsim
5.608894e+02,9401,3.05725646354964e-03,1.06635544603970e-01,1.05917854197465e+03,sinkhorn_cellsim
5.620824e+02,9421,3.04397425985899e-03,1.06636151821750e-01,1.05918094311779e+03,sinkhorn_cellsim
5.632753e+02,9441,3.03124205714339e-03,1.06636765347498e-01,1.05918333927700e+03,sinkhorn_cellsim
5.644683e+02,9461,3.01819604118659e-03,1.06637297946169e-01,1.05918573164093e+03,sinkhorn_cellsim
5.656612e+02,9481,3.00519511650660e-03,1.06637765734113e-01,1.05918811983544e+03,sinkhorn_cellsim
5.668542e+02,9501,2.99270959365661e-03,1.06638266545534e-01,1.05919050022384e+03,sinkhorn_cellsim
5.680471e+02,9521,2.98046686748274e-03,1.06638843814447e-01,1.05919286876137e+03,sinkhorn_cellsim
5.692401e+02,9541,2.96752210517371e-03,1.06639405424173e-01,1.05919522689842e+03,sinkhorn_cellsim
5.704331e+02,9561,2.95411203527655e-03,1.06639991011799e-01,1.05919757377656e+03,sinkhorn_cellsim
5.716260e+02,9581,2.94017132029447e-03,1.06640630137359e-01,1.05919990710344e+03,sinkhorn_cellsim
5.728190e+02,9601,2.92631389629298e-03,1.06641206101700e-01,1.05920223105924e+03,sinkhorn_cellsim
5.740119e+02,9621,2.91333778915810e-03,1.06641675036450e-01,1.05920454997778e+03,sinkhorn_cellsim
5.752049e+02,9641,2.90133911423671e-03,1.06642074212880e-01,1.05920686581336e+03,sinkhorn_cellsim
5.763979e+02,9661,2.88942608317268e-03,1.06642464150513e-01,1.05920917908648e+03,sinkhorn_cellsim
5.775909e+02,9681,2.87794476603003e-03,1.06642931645790e-01,1.05921148850700e+03,sinkhorn_cellsim
5.787838e+02,9701,2.86686059244034e-03,1.06643596297166e-01,1.05921378944060e+03,sinkhorn_cellsim
5.799768e+02,9721,2.85585570368455e-03,1.06644435770628e-01,1.05921607370198e+03,sinkhorn_cellsim
5.811697e+02,9741,2.84416050074140e-03,1.06645176232677e-01,1.05921833356345e+03,sinkhorn_cellsim
5.823627e+02,9761,2.83154495392804e-03,1.06645934374114e-01,1.05922055728742e+03,sinkhorn_cellsim
5.835556e+02,9781,2.81775196862194e-03,1.06646962303456e-01,1.05922273338265e+03,sinkhorn_cellsim
5.847485e+02,9801,2.80320227477792e-03,1.06648085650573e-01,1.05922487109015e+03,sinkhorn_cellsim
5.859415e+02,9821,2.78791539171916e-03,1.06649097944075e-01,1.05922698925979e+03,sinkhorn_cellsim
5.871344e+02,9841,2.77287140627707e-03,1.06649980720434e-01,1.05922909681170e+03,sinkhorn_cellsim
5.883274e+02,9861,2.75851404692667e-03,1.06650742646644e-01,1.05923119680799e+03,sinkhorn_cellsim
5.895203e+02,9881,2.74567740753971e-03,1.06651354805479e-01,1.05923329140397e+03,sinkhorn_cellsim
5.907132e+02,9901,2.73380050532019e-03,1.06651838484859e-01,1.05923538183991e+03,sinkhorn_cellsim
5.919062e+02,9921,2.72262633114697e-03,1.06652294640537e-01,1.05923746691799e+03,sinkhorn_cellsim
5.930991e+02,9941,2.71198129039554e-03,1.06652830237749e-01,1.05923954256246e+03,sinkhorn_cellsim
5.942921e+02,9961,2.70224648301309e-03,1.06653415795698e-01,1.05924160718116e+03,sinkhorn_cellsim
5.954851e+02,9981,2.69265079985549e-03,1.06654091865025e-01,1.05924366363890e+03,sinkhorn_cellsim
5.966780e+02,10001,2.68215464799191e-03,1.06655006899986e-01,1.05924571220483e+03,sinkhorn_cellsim
5.978709e+02,10021,2.66928113098084e-03,1.06656293456306e-01,1.05924774979523e+03,sinkhorn_cellsim
5.990639e+02,10041,2.65489068635317e-03,1.06658882323262e-01,1.05924976094562e+03,sinkhorn_cellsim
6.002568e+02,10061,2.63922379236302e-03,1.06663147973612e-01,1.05925171398708e+03,sinkhorn_cellsim
6.014498e+02,10081,2.62292439339208e-03,1.06665517703249e-01,1.05925363316214e+03,sinkhorn_cellsim
6.026428e+02,10101,2.60817485620044e-03,1.06666447722655e-01,1.05925554504821e+03,sinkhorn_cellsim
6.038357e+02,10121,2.59567835813204e-03,1.06666919715858e-01,1.05925745372309e+03,sinkhorn_cellsim
6.050286e+02,10141,2.58416698530402e-03,1.06667256753749e-01,1.05925935963115e+03,sinkhorn_cellsim
6.062216e+02,10161,2.57324552564072e-03,1.06667610109854e-01,1.05926126207517e+03,sinkhorn_cellsim
6.074145e+02,10181,2.56210552081228e-03,1.06668101484319e-01,1.05926315826195e+03,sinkhorn_cellsim
6.086075e+02,10201,2.55066851610551e-03,1.06668853105707e-01,1.05926504066653e+03,sinkhorn_cellsim
6.098005e+02,10221,2.54023566798862e-03,1.06669864331342e-01,1.05926689807711e+03,sinkhorn_cellsim
6.109934e+02,10241,2.53062230971712e-03,1.06670724576578e-01,1.05926872676986e+03,sinkhorn_cellsim
6.121863e+02,10261,2.52160258764471e-03,1.06671029310804e-01,1.05927053409837e+03,sinkhorn_cellsim
6.133793e+02,10281,2.51299903436435e-03,1.06671097239087e-01,1.05927232924474e+03,sinkhorn_cellsim
6.145722e+02,10301,2.50479055219203e-03,1.06671223993682e-01,1.05927411354795e+03,sinkhorn_cellsim
6.157652e+02,10321,2.49708638641903e-03,1.06671539714505e-01,1.05927587985244e+03,sinkhorn_cellsim
6.169581e+02,10341,2.48990910970216e-03,1.06672013639803e-01,1.05927762786401e+03,sinkhorn_cellsim
6.181511e+02,10361,2.48278435556112e-03,1.06672430088779e-01,1.05927936624564e+03,sinkhorn_cellsim
6.193441e+02,10381,2.47431466816469e-03,1.06672824043120e-01,1.05928109526848e+03,sinkhorn_cellsim
6.205370e+02,10401,2.46252227538253e-03,1.06673217182405e-01,1.05928280939635e+03,sinkhorn_cellsim
6.217300e+02,10421,2.45217437420430e-03,1.06673542620857e-01,1.05928450739005e+03,sinkhorn_cellsim
6.229229e+02,10441,2.44259707067403e-03,1.06673767563474e-01,1.05928619609151e+03,sinkhorn_cellsim
6.241158e+02,10461,2.43405214525763e-03,1.06673885281403e-01,1.05928788157103e+03,sinkhorn_cellsim
6.253088e+02,10481,2.42636200275325e-03,1.06673959842338e-01,1.05928956546363e+03,sinkhorn_cellsim
6.265018e+02,10501,2.41926769131097e-03,1.06674032615163e-01,1.05929124807033e+03,sinkhorn_cellsim
6.276948e+02,10521,2.41237138742681e-03,1.06674129451681e-01,1.05929292934525e+03,sinkhorn_cellsim
6.288877e+02,10541,2.40530443965986e-03,1.06674280461353e-01,1.05929460895509e+03,sinkhorn_cellsim
6.300806e+02,10561,2.39850632997710e-03,1.06674511834323e-01,1.05929628633271e+03,sinkhorn_cellsim
6.312736e+02,10581,2.39141712533741e-03,1.06674806887390e-01,1.05929796107347e+03,sinkhorn_cellsim
6.324665e+02,10601,2.38358924509306e-03,1.06675112349011e-01,1.05929963322491e+03,sinkhorn_cellsim
6.336595e+02,10621,2.37514618601164e-03,1.06675429499909e-01,1.05930130248358e+03,sinkhorn_cellsim
6.348524e+02,10641,2.36607000612160e-03,1.06675842196075e-01,1.05930296668664e+03,sinkhorn_cellsim
6.360454e+02,10661,2.35701593389533e-03,1.06676430404840e-01,1.05930462049589e+03,sinkhorn_cellsim
6.372383e+02,10681,2.34862696675951e-03,1.06677158736388e-01,1.05930625867413e+03,sinkhorn_cellsim
6.384312e+02,10701,2.33983373250054e-03,1.06677887168439e-01,1.05930788429964e+03,sinkhorn_cellsim
6.396242e+02,10721,2.33141374958077e-03,1.06678479137080e-01,1.05930950335539e+03,sinkhorn_cellsim
6.408171e+02,10741,2.32351427638465e-03,1.06678962442879e-01,1.05931111795538e+03,sinkhorn_cellsim
6.420101e+02,10761,2.31590883288962e-03,1.06679455562205e-01,1.05931272741891e+03,sinkhorn_cellsim
6.432031e+02,10781,2.30808207595743e-03,1.06679996063095e-01,1.05931432968495e+03,sinkhorn_cellsim
6.443961e+02,10801,2.30017789105847e-03,1.06680507447967e-01,1.05931592270726e+03,sinkhorn_cellsim
6.455890e+02,10821,2.29234191641258e-03,1.06680860683176e-01,1.05931750805967e+03,sinkhorn_cellsim
6.467820e+02,10841,2.28478987945278e-03,1.06681054964373e-01,1.05931908777560e+03,sinkhorn_cellsim
6.479749e+02,10861,2.27757048719338e-03,1.06681189430341e-01,1.05932065896968e+03,sinkhorn_cellsim
6.491679e+02,10881,2.27069524643348e-03,1.06681308895860e-01,1.05932222063698e+03,sinkhorn_cellsim
6.503609e+02,10901,2.26407287592148e-03,1.06681404992730e-01,1.05932377729509e+03,sinkhorn_cellsim
6.515538e+02,10921,2.25763161364021e-03,1.06681481868047e-01,1.05932533137723e+03,sinkhorn_cellsim
6.527468e+02,10941,2.25113427922824e-03,1.06681553168426e-01,1.05932688280665e+03,sinkhorn_cellsim
6.539397e+02,10961,2.24434743714592e-03,1.06681624450859e-01,1.05932842963710e+03,sinkhorn_cellsim
6.551327e+02,10981,2.23746697326613e-03,1.06681679904479e-01,1.05932996762796e+03,sinkhorn_cellsim
6.563256e+02,11001,2.23068483431041e-03,1.06681730249480e-01,1.05933149484548e+03,sinkhorn_cellsim
6.575186e+02,11021,2.22414316963182e-03,1.06681817570276e-01,1.05933301532501e+03,sinkhorn_cellsim
6.587115e+02,11041,2.21806848397432e-03,1.06681916513517e-01,1.05933453282857e+03,sinkhorn_cellsim
6.599045e+02,11061,2.21240364626601e-03,1.06682007123726e-01,1.05933604890082e+03,sinkhorn_cellsim
6.610974e+02,11081,2.20716489089558e-03,1.06682102044624e-01,1.05933756395861e+03,sinkhorn_cellsim
6.622904e+02,11101,2.20223682826102e-03,1.06682226813960e-01,1.05933907786760e+03,sinkhorn_cellsim
6.634833e+02,11121,2.19752176220758e-03,1.06682404322783e-01,1.05934059016527e+03,sinkhorn_cellsim
6.646763e+02,11141,2.19294335123298e-03,1.06682623585843e-01,1.05934210039700e+03,sinkhorn_cellsim
6.658693e+02,11161,2.18851588216987e-03,1.06682830757529e-01,1.05934360843006e+03,sinkhorn_cellsim
6.670622e+02,11181,2.18421338870689e-03,1.06682998183561e-01,1.05934511362049e+03,sinkhorn_cellsim
6.682552e+02,11201,2.18000477362760e-03,1.06683168731509e-01,1.05934661278981e+03,sinkhorn_cellsim
6.694481e+02,11221,2.17591631902190e-03,1.06683396834434e-01,1.05934810158408e+03,sinkhorn_cellsim
6.706411e+02,11241,2.17178750727106e-03,1.06683748295145e-01,1.05934958068282e+03,sinkhorn_cellsim
6.718340e+02,11261,2.16728595527964e-03,1.06684381265940e-01,1.05935104999595e+03,sinkhorn_cellsim
6.730270e+02,11281,2.16294667733164e-03,1.06685233126153e-01,1.05935250617542e+03,sinkhorn_cellsim
6.742200e+02,11301,2.15883772363538e-03,1.06685971133014e-01,1.05935394922095e+03,sinkhorn_cellsim
6.754129e+02,11321,2.15448692830359e-03,1.06686681425840e-01,1.05935537576759e+03,sinkhorn_cellsim
6.766059e+02,11341,2.14974454778234e-03,1.06687409728712e-01,1.05935678100888e+03,sinkhorn_cellsim
6.777988e+02,11361,2.14467356106301e-03,1.06687913894148e-01,1.05935817106963e+03,sinkhorn_cellsim
6.789918e+02,11381,2.13875665675468e-03,1.06688273119669e-01,1.05935954999770e+03,sinkhorn_cellsim
6.801847e+02,11401,2.13277863504605e-03,1.06688634351547e-01,1.05936091561634e+03,sinkhorn_cellsim
6.813776e+02,11421,2.12649259424143e-03,1.06689009360364e-01,1.05936227040493e+03,sinkhorn_cellsim
6.825706e+02,11441,2.11999411959838e-03,1.06689366544285e-01,1.05936361864741e+03,sinkhorn_cellsim
6.837635e+02,11461,2.11306242577276e-03,1.06689755743337e-01,1.05936495976755e+03,sinkhorn_cellsim
6.849565e+02,11481,2.10527816026676e-03,1.06690274464825e-01,1.05936628929163e+03,sinkhorn_cellsim
6.861494e+02,11501,2.09725344411819e-03,1.06690865834078e-01,1.05936760763122e+03,sinkhorn_cellsim
6.873424e+02,11521,2.09098841843633e-03,1.06691474673000e-01,1.05936891933384e+03,sinkhorn_cellsim
6.885353e+02,11541,2.08501505097445e-03,1.06692138598171e-01,1.05937022588127e+03,sinkhorn_cellsim
6.897283e+02,11561,2.07936819225142e-03,1.06692811010074e-01,1.05937152745395e+03,sinkhorn_cellsim
6.909213e+02,11581,2.07372372944517e-03,1.06693370525886e-01,1.05937282462450e+03,sinkhorn_cellsim
6.921142e+02,11601,2.06848440633575e-03,1.06693762307568e-01,1.05937411794155e+03,sinkhorn_cellsim
6.933072e+02,11621,2.06355535519741e-03,1.06694012707853e-01,1.05937540669228e+03,sinkhorn_cellsim
6.945001e+02,11641,2.05876781222107e-03,1.06694189787835e-01,1.05937668808147e+03,sinkhorn_cellsim
6.956931e+02,11661,2.05396810420513e-03,1.06694364271784e-01,1.05937796127624e+03,sinkhorn_cellsim
6.968861e+02,11681,2.04898418048052e-03,1.06694555363939e-01,1.05937922906991e+03,sinkhorn_cellsim
6.980790e+02,11701,2.04387081633281e-03,1.06694795779342e-01,1.05938049288939e+03,sinkhorn_cellsim
6.992720e+02,11721,2.03852065517578e-03,1.06695140153900e-01,1.05938175141393e+03,sinkhorn_cellsim
7.004649e+02,11741,2.03259568701489e-03,1.06695569713771e-01,1.05938300071525e+03,sinkhorn_cellsim
7.016579e+02,11761,2.02620576885242e-03,1.06695969353809e-01,1.05938423670039e+03,sinkhorn_cellsim
7.028509e+02,11781,2.01952355891699e-03,1.06696295421181e-01,1.05938546195080e+03,sinkhorn_cellsim
7.040438e+02,11801,2.01307531580046e-03,1.06696542617184e-01,1.05938668223323e+03,sinkhorn_cellsim
7.052368e+02,11821,2.00685816385844e-03,1.06696718446293e-01,1.05938790030163e+03,sinkhorn_cellsim
7.064297e+02,11841,2.00117183873152e-03,1.06696850240252e-01,1.05938911712708e+03,sinkhorn_cellsim
7.076226e+02,11861,1.99595730352588e-03,1.06696959314170e-01,1.05939033311309e+03,sinkhorn_cellsim
7.088156e+02,11881,1.99108626456342e-03,1.06697057030945e-01,1.05939154846010e+03,sinkhorn_cellsim
7.100085e+02,11901,1.98660269730982e-03,1.06697148982007e-01,1.05939276327882e+03,sinkhorn_cellsim
7.112015e+02,11921,1.98246484656469e-03,1.06697238494265e-01,1.05939397762079e+03,sinkhorn_cellsim
7.123944e+02,11941,1.97866971399799e-03,1.06697329308225e-01,1.05939519145518e+03,sinkhorn_cellsim
7.135874e+02,11961,1.97520093824625e-03,1.06697429560634e-01,1.05939640453798e+03,sinkhorn_cellsim
7.147804e+02,11981,1.97206430920015e-03,1.06697561651534e-01,1.05939761594561e+03,sinkhorn_cellsim
7.159733e+02,12001,1.96921777249629e-03,1.06697780867317e-01,1.05939882284920e+03,sinkhorn_cellsim
7.171662e+02,12021,1.96654732548650e-03,1.06698140920873e-01,1.05940002032942e+03,sinkhorn_cellsim
7.183592e+02,12041,1.96401148673278e-03,1.06698531149132e-01,1.05940120810005e+03,sinkhorn_cellsim
7.195522e+02,12061,1.96169992965847e-03,1.06698812082534e-01,1.05940239137584e+03,sinkhorn_cellsim
7.207451e+02,12081,1.95950833945255e-03,1.06698998420560e-01,1.05940357306010e+03,sinkhorn_cellsim
7.219382e+02,12101,1.95736917179167e-03,1.06699140723680e-01,1.05940475390131e+03,sinkhorn_cellsim
7.231311e+02,12121,1.95511199333776e-03,1.06699274489682e-01,1.05940593398568e+03,sinkhorn_cellsim
7.243241e+02,12141,1.95237191492668e-03,1.06699432036578e-01,1.05940711306670e+03,sinkhorn_cellsim
7.255170e+02,12161,1.94845147612103e-03,1.06699662013357e-01,1.05940829045614e+03,sinkhorn_cellsim
7.267100e+02,12181,1.94277288111898e-03,1.06700039794281e-01,1.05940946478382e+03,sinkhorn_cellsim
7.279030e+02,12201,1.93622347994253e-03,1.06700636277913e-01,1.05941063406178e+03,sinkhorn_cellsim
7.290959e+02,12221,1.92882273382757e-03,1.06701432627644e-01,1.05941179660224e+03,sinkhorn_cellsim
7.302889e+02,12241,1.92138643596699e-03,1.06702292026525e-01,1.05941295218160e+03,sinkhorn_cellsim
7.314818e+02,12261,1.91442946621381e-03,1.06703077789233e-01,1.05941410185211e+03,sinkhorn_cellsim
7.326748e+02,12281,1.90791862272178e-03,1.06703764823921e-01,1.05941524659089e+03,sinkhorn_cellsim
7.338677e+02,12301,1.90194038404363e-03,1.06704414752918e-01,1.05941638662505e+03,sinkhorn_cellsim
7.350607e+02,12321,1.89593381690084e-03,1.06705129962826e-01,1.05941752134665e+03,sinkhorn_cellsim
7.362536e+02,12341,1.88933692774912e-03,1.06705973880006e-01,1.05941864964780e+03,sinkhorn_cellsim
7.374466e+02,12361,1.88125299314299e-03,1.06706875231294e-01,1.05941977111006e+03,sinkhorn_cellsim
7.386396e+02,12381,1.87096421503672e-03,1.06707737936526e-01,1.05942088612908e+03,sinkhorn_cellsim
7.398325e+02,12401,1.85919943060263e-03,1.06708572440613e-01,1.05942199487009e+03,sinkhorn_cellsim
7.410255e+02,12421,1.84719099416527e-03,1.06709434621231e-01,1.05942309699505e+03,sinkhorn_cellsim
7.422184e+02,12441,1.83527373365084e-03,1.06710309753591e-01,1.05942419218892e+03,sinkhorn_cellsim
7.434114e+02,12461,1.82348113161377e-03,1.06711095794050e-01,1.05942528101861e+03,sinkhorn_cellsim
7.446044e+02,12481,1.81085021666199e-03,1.06711780990369e-01,1.05942636420401e+03,sinkhorn_cellsim
7.457973e+02,12501,1.79678057198646e-03,1.06712493814586e-01,1.05942744075248e+03,sinkhorn_cellsim
7.469903e+02,12521,1.78433569964261e-03,1.06713318764124e-01,1.05942850680966e+03,sinkhorn_cellsim
7.481833e+02,12541,1.77177050950360e-03,1.06714181249022e-01,1.05942955519201e+03,sinkhorn_cellsim
7.493762e+02,12561,1.76019190491148e-03,1.06714972628180e-01,1.05943058283126e+03,sinkhorn_cellsim
7.505692e+02,12581,1.74956499163287e-03,1.06715677825279e-01,1.05943159808803e+03,sinkhorn_cellsim
7.517622e+02,12601,1.73864734594846e-03,1.06716354705843e-01,1.05943260688456e+03,sinkhorn_cellsim
7.529551e+02,12621,1.72757806793485e-03,1.06717116583829e-01,1.05943360985938e+03,sinkhorn_cellsim
7.541481e+02,12641,1.71721292796094e-03,1.06717984195035e-01,1.05943460670024e+03,sinkhorn_cellsim
7.553411e+02,12661,1.70675070772718e-03,1.06718837391358e-01,1.05943559802077e+03,sinkhorn_cellsim
7.565341e+02,12681,1.69680214717316e-03,1.06719559829339e-01,1.05943658505707e+03,sinkhorn_cellsim
7.577270e+02,12701,1.68767759944137e-03,1.06720104603441e-01,1.05943756903734e+03,sinkhorn_cellsim
7.589200e+02,12721,1.67905556005582e-03,1.06720481851013e-01,1.05943855101851e+03,sinkhorn_cellsim
7.601130e+02,12741,1.67120223290843e-03,1.06720737686712e-01,1.05943953171104e+03,sinkhorn_cellsim
7.613059e+02,12761,1.66408499633428e-03,1.06720922923902e-01,1.05944051145231e+03,sinkhorn_cellsim
7.624989e+02,12781,1.65749021493659e-03,1.06721082290611e-01,1.05944149026345e+03,sinkhorn_cellsim
7.636919e+02,12801,1.65089752852742e-03,1.06721261212357e-01,1.05944246779582e+03,sinkhorn_cellsim
7.648849e+02,12821,1.64391363884889e-03,1.06721509831300e-01,1.05944344309211e+03,sinkhorn_cellsim
7.660779e+02,12841,1.63681418501945e-03,1.06721861817270e-01,1.05944441411102e+03,sinkhorn_cellsim
7.672709e+02,12861,1.63023283297053e-03,1.06722309983631e-01,1.05944537716034e+03,sinkhorn_cellsim
7.684638e+02,12881,1.62395069747078e-03,1.06722802742759e-01,1.05944632933003e+03,sinkhorn_cellsim
7.696568e+02,12901,1.61830070675068e-03,1.06723203212764e-01,1.05944727328328e+03,sinkhorn_cellsim
7.708498e+02,12921,1.61340308286092e-03,1.06723444769143e-01,1.05944821317190e+03,sinkhorn_cellsim
7.720428e+02,12941,1.60917206791572e-03,1.06723580825343e-01,1.05944915118600e+03,sinkhorn_cellsim
7.732358e+02,12961,1.60557594487302e-03,1.06723670843793e-01,1.05945008819805e+03,sinkhorn_cellsim
7.744287e+02,12981,1.60222378423100e-03,1.06723751469398e-01,1.05945102446674e+03,sinkhorn_cellsim
7.756217e+02,13001,1.59892660574934e-03,1.06723851914010e-01,1.05945195988203e+03,sinkhorn_cellsim
7.768147e+02,13021,1.59608256901953e-03,1.06724010220408e-01,1.05945289394602e+03,sinkhorn_cellsim
7.780077e+02,13041,1.59351871224607e-03,1.06724275637689e-01,1.05945382571035e+03,sinkhorn_cellsim
7.792007e+02,13061,1.59091276278743e-03,1.06724682231543e-01,1.05945475399789e+03,sinkhorn_cellsim
7.803937e+02,13081,1.58807497622050e-03,1.06725213879614e-01,1.05945567795191e+03,sinkhorn_cellsim
7.815867e+02,13101,1.58484701640465e-03,1.06725795276610e-01,1.05945659750146e+03,sinkhorn_cellsim
7.827796e+02,13121,1.58124811058923e-03,1.06726326285012e-01,1.05945751344186e+03,sinkhorn_cellsim
7.839726e+02,13141,1.57731713826435e-03,1.06726772221736e-01,1.05945842660379e+03,sinkhorn_cellsim
7.851656e+02,13161,1.57369519599197e-03,1.06727162702667e-01,1.05945933716674e+03,sinkhorn_cellsim
7.863586e+02,13181,1.57011226258484e-03,1.06727518900031e-01,1.05946024491097e+03,sinkhorn_cellsim
7.875517e+02,13201,1.56648436977317e-03,1.06727890587922e-01,1.05946114853049e+03,sinkhorn_cellsim
7.887447e+02,13221,1.56247806112100e-03,1.06728364725897e-01,1.05946204409622e+03,sinkhorn_cellsim
7.899376e+02,13241,1.55752091547170e-03,1.06728825848747e-01,1.05946292820873e+03,sinkhorn_cellsim
7.911306e+02,13261,1.55127012517006e-03,1.06729238331544e-01,1.05946379946166e+03,sinkhorn_cellsim
7.923236e+02,13281,1.54406664609493e-03,1.06729804494644e-01,1.05946465694200e+03,sinkhorn_cellsim
7.935166e+02,13301,1.53573670835195e-03,1.06730668251913e-01,1.05946550201664e+03,sinkhorn_cellsim
7.947096e+02,13321,1.52682379102149e-03,1.06731743585266e-01,1.05946633652416e+03,sinkhorn_cellsim
7.959026e+02,13341,1.51807874879817e-03,1.06732834654016e-01,1.05946716211307e+03,sinkhorn_cellsim
7.970956e+02,13361,1.50986286957501e-03,1.06733908683138e-01,1.05946797782639e+03,sinkhorn_cellsim
7.982886e+02,13381,1.50201586011851e-03,1.06734861127735e-01,1.05946878253535e+03,sinkhorn_cellsim
7.994816e+02,13401,1.49473719728643e-03,1.06735450432443e-01,1.05946958076052e+03,sinkhorn_cellsim
8.006745e+02,13421,1.48796767221739e-03,1.06735782709545e-01,1.05947037635628e+03,sinkhorn_cellsim
8.018675e+02,13441,1.48131175704578e-03,1.06736031629771e-01,1.05947116998435e+03,sinkhorn_cellsim
8.030605e+02,13461,1.47455430991967e-03,1.06736271443735e-01,1.05947196130944e+03,sinkhorn_cellsim
8.042535e+02,13481,1.46827043645390e-03,1.06736498538764e-01,1.05947275007780e+03,sinkhorn_cellsim
8.054465e+02,13501,1.46277714874488e-03,1.06736705928976e-01,1.05947353591082e+03,sinkhorn_cellsim
8.066394e+02,13521,1.45745742641440e-03,1.06736961380737e-01,1.05947431670463e+03,sinkhorn_cellsim
8.078324e+02,13541,1.45237322440626e-03,1.06737336383340e-01,1.05947508831930e+03,sinkhorn_cellsim
8.090254e+02,13561,1.44732582249556e-03,1.06737717804325e-01,1.05947585039295e+03,sinkhorn_cellsim
8.102184e+02,13581,1.44190460593201e-03,1.06738052851780e-01,1.05947660624745e+03,sinkhorn_cellsim
8.114114e+02,13601,1.43590123362517e-03,1.06738413344118e-01,1.05947735714841e+03,sinkhorn_cellsim
8.126045e+02,13621,1.42973308531022e-03,1.06738812180008e-01,1.05947810326981e+03,sinkhorn_cellsim
8.137975e+02,13641,1.42332970924196e-03,1.06739214279195e-01,1.05947884487070e+03,sinkhorn_cellsim
8.149905e+02,13661,1.41679925019634e-03,1.06739583216164e-01,1.05947958230558e+03,sinkhorn_cellsim
8.161835e+02,13681,1.41117030202285e-03,1.06739906082131e-01,1.05948031598827e+03,sinkhorn_cellsim
8.173765e+02,13701,1.40593796058978e-03,1.06740178806892e-01,1.05948104650111e+03,sinkhorn_cellsim
8.185695e+02,13721,1.40097547511236e-03,1.06740380569303e-01,1.05948177479168e+03,sinkhorn_cellsim
8.197625e+02,13741,1.39634716549658e-03,1.06740509618961e-01,1.05948250175076e+03,sinkhorn_cellsim
8.209555e+02,13761,1.39229056538155e-03,1.06740591645867e-01,1.05948322783400e+03,sinkhorn_cellsim
8.221484e+02,13781,1.38859573542288e-03,1.06740657865770e-01,1.05948395314949e+03,sinkhorn_cellsim
8.233414e+02,13801,1.38475122626489e-03,1.06740741701865e-01,1.05948467753372e+03,sinkhorn_cellsim
8.245344e+02,13821,1.38017740054887e-03,1.06740890579260e-01,1.05948540043799e+03,sinkhorn_cellsim
8.257274e+02,13841,1.37397984204914e-03,1.06741165170991e-01,1.05948612080185e+03,sinkhorn_cellsim
8.269204e+02,13861,1.36851963751571e-03,1.06741577239920e-01,1.05948683751896e+03,sinkhorn_cellsim
8.281133e+02,13881,1.36494514399621e-03,1.06742018798275e-01,1.05948755063495e+03,sinkhorn_cellsim
8.293063e+02,13901,1.36079685290285e-03,1.06742379571785e-01,1.05948826123992e+03,sinkhorn_cellsim
8.304993e+02,13921,1.35646458224701e-03,1.06742680609290e-01,1.05948896989849e+03,sinkhorn_cellsim
8.316923e+02,13941,1.35184927192343e-03,1.06743013386707e-01,1.05948967612571e+03,sinkhorn_cellsim
8.328853e+02,13961,1.34750189196799e-03,1.06743425015880e-01,1.05949037902891e+03,sinkhorn_cellsim
8.340783e+02,13981,1.34361350815455e-03,1.06743847732733e-01,1.05949107843255e+03,sinkhorn_cellsim
8.352712e+02,14001,1.33997783128373e-03,1.06744185011799e-01,1.05949177518101e+03,sinkhorn_cellsim
8.364643e+02,14021,1.33602271952334e-03,1.06744440609616e-01,1.05949247010502e+03,sinkhorn_cellsim
8.376574e+02,14041,1.33130552352149e-03,1.06744696908094e-01,1.05949316326978e+03,sinkhorn_cellsim
8.388503e+02,14061,1.32540826992465e-03,1.06745042774777e-01,1.05949385397799e+03,sinkhorn_cellsim
8.400433e+02,14081,1.31953669416040e-03,1.06745498809087e-01,1.05949454130454e+03,sinkhorn_cellsim
8.412363e+02,14101,1.31366831374819e-03,1.06745968868082e-01,1.05949522508598e+03,sinkhorn_cellsim
8.424294e+02,14121,1.30774436450488e-03,1.06746334609358e-01,1.05949590625693e+03,sinkhorn_cellsim
8.436223e+02,14141,1.30185540469330e-03,1.06746572429167e-01,1.05949658592229e+03,sinkhorn_cellsim
8.448153e+02,14161,1.29624604388207e-03,1.06746733228028e-01,1.05949726450814e+03,sinkhorn_cellsim
8.460082e+02,14181,1.29128008116758e-03,1.06746878170435e-01,1.05949794175826e+03,sinkhorn_cellsim
8.472012e+02,14201,1.28640170264126e-03,1.06747040940435e-01,1.05949861714637e+03,sinkhorn_cellsim
8.483942e+02,14221,1.28140760323042e-03,1.06747209685472e-01,1.05949929039130e+03,sinkhorn_cellsim
8.495872e+02,14241,1.27688935906728e-03,1.06747363946393e-01,1.05949996110856e+03,sinkhorn_cellsim
8.507801e+02,14261,1.27287649111585e-03,1.06747540368171e-01,1.05950062684474e+03,sinkhorn_cellsim
8.519731e+02,14281,1.26923238774034e-03,1.06747797377529e-01,1.05950128319514e+03,sinkhorn_cellsim
8.531661e+02,14301,1.26593227921474e-03,1.06748047778167e-01,1.05950193150097e+03,sinkhorn_cellsim
8.543590e+02,14321,1.26295623998435e-03,1.06748194606937e-01,1.05950257709124e+03,sinkhorn_cellsim
8.555520e+02,14341,1.26028242091665e-03,1.06748270450363e-01,1.05950322202054e+03,sinkhorn_cellsim
8.567450e+02,14361,1.25782849855086e-03,1.06748320928408e-01,1.05950386661870e+03,sinkhorn_cellsim
8.579380e+02,14381,1.25544830443028e-03,1.06748374279294e-01,1.05950451085177e+03,sinkhorn_cellsim
8.591310e+02,14401,1.25279469132708e-03,1.06748457554832e-01,1.05950515448103e+03,sinkhorn_cellsim
8.603240e+02,14421,1.24923590861226e-03,1.06748612621299e-01,1.05950579694064e+03,sinkhorn_cellsim
8.615169e+02,14441,1.24411880966283e-03,1.06748896664243e-01,1.05950643720377e+03,sinkhorn_cellsim
8.627099e+02,14461,1.23838948568728e-03,1.06749328788262e-01,1.05950707411029e+03,sinkhorn_cellsim
8.639029e+02,14481,1.23412347646851e-03,1.06749807729891e-01,1.05950770747311e+03,sinkhorn_cellsim
8.650959e+02,14501,1.23126326392870e-03,1.06750186347948e-01,1.05950833846484e+03,sinkhorn_cellsim
8.662890e+02,14521,1.22856454308583e-03,1.06750425159293e-01,1.05950896837811e+03,sinkhorn_cellsim
8.674819e+02,14541,1.22599355839310e-03,1.06750567700618e-01,1.05950959786128e+03,sinkhorn_cellsim
8.686749e+02,14561,1.22360623331174e-03,1.06750659839613e-01,1.05951022713108e+03,sinkhorn_cellsim
8.698679e+02,14581,1.22142894281700e-03,1.06750727819499e-01,1.05951085625003e+03,sinkhorn_cellsim
8.710609e+02,14601,1.21939874496273e-03,1.06750784377064e-01,1.05951148523538e+03,sinkhorn_cellsim
8.722539e+02,14621,1.21745688928637e-03,1.06750836141149e-01,1.05951211408537e+03,sinkhorn_cellsim
8.734469e+02,14641,1.21556350678888e-03,1.06750888330395e-01,1.05951274277498e+03,sinkhorn_cellsim
8.746398e+02,14661,1.21364191711529e-03,1.06750948650617e-01,1.05951337122972e+03,sinkhorn_cellsim
8.758328e+02,14681,1.21156138896936e-03,1.06751032724112e-01,1.05951399926319e+03,sinkhorn_cellsim
8.770258e+02,14701,1.20926209529014e-03,1.06751172117200e-01,1.05951462645641e+03,sinkhorn_cellsim
8.782188e+02,14721,1.20665726704186e-03,1.06751417313038e-01,1.05951525201322e+03,sinkhorn_cellsim
8.794118e+02,14741,1.20386152350534e-03,1.06751805009127e-01,1.05951587487057e+03,sinkhorn_cellsim
8.806047e+02,14761,1.20070988570270e-03,1.06752280824718e-01,1.05951649446126e+03,sinkhorn_cellsim
8.817978e+02,14781,1.19737373147558e-03,1.06752709643301e-01,1.05951711138403e+03,sinkhorn_cellsim
8.829908e+02,14801,1.19392554013598e-03,1.06753013559321e-01,1.05951772671427e+03,sinkhorn_cellsim
8.841838e+02,14821,1.19019623569643e-03,1.06753212966230e-01,1.05951834106352e+03,sinkhorn_cellsim
8.853768e+02,14841,1.18610965658518e-03,1.06753366569392e-01,1.05951895444407e+03,sinkhorn_cellsim
8.865698e+02,14861,1.18149820221339e-03,1.06753530134559e-01,1.05951956644227e+03,sinkhorn_cellsim
8.877627e+02,14881,1.17661667082672e-03,1.06753729446931e-01,1.05952017655959e+03,sinkhorn_cellsim
8.889557e+02,14901,1.17238394613185e-03,1.06753935914844e-01,1.05952078482716e+03,sinkhorn_cellsim
8.901487e+02,14921,1.16857139511928e-03,1.06754100787390e-01,1.05952139191202e+03,sinkhorn_cellsim
8.913417e+02,14941,1.16514661479031e-03,1.06754211182743e-01,1.05952199844619e+03,sinkhorn_cellsim
8.925347e+02,14961,1.16210168418274e-03,1.06754283446358e-01,1.05952260469956e+03,sinkhorn_cellsim
8.937277e+02,14981,1.15938634913940e-03,1.06754338379267e-01,1.05952321070463e+03,sinkhorn_cellsim
8.949207e+02,15001,1.15684613080729e-03,1.06754396366707e-01,1.05952381635454e+03,sinkhorn_cellsim
8.961137e+02,15021,1.15420298826678e-03,1.06754484071282e-01,1.05952442138149e+03,sinkhorn_cellsim
8.973067e+02,15041,1.15189497026366e-03,1.06754638549733e-01,1.05952502528944e+03,sinkhorn_cellsim
8.984997e+02,15061,1.14951993802831e-03,1.06754884087343e-01,1.05952562743228e+03,sinkhorn_cellsim
8.996927e+02,15081,1.14747037370672e-03,1.06755176108725e-01,1.05952622746396e+03,sinkhorn_cellsim
9.008857e+02,15101,1.14586284427042e-03,1.06755416034063e-01,1.05952682569151e+03,sinkhorn_cellsim
9.020786e+02,15121,1.14448772630386e-03,1.06755557376684e-01,1.05952742266685e+03,sinkhorn_cellsim
9.032716e+02,15141,1.14323734543196e-03,1.06755622791631e-01,1.05952801875611e+03,sinkhorn_cellsim
9.044646e+02,15161,1.14209778983829e-03,1.06755651486196e-01,1.05952861414668e+03,sinkhorn_cellsim
9.056576e+02,15181,1.14087237621527e-03,1.06755675599756e-01,1.05952920890538e+03,sinkhorn_cellsim
9.068506e+02,15201,1.13952041907338e-03,1.06755722524793e-01,1.05952980293531e+03,sinkhorn_cellsim
9.080436e+02,15221,1.13812515236612e-03,1.06755819891040e-01,1.05953039590450e+03,sinkhorn_cellsim
9.092366e+02,15241,1.13673402480618e-03,1.06755983716775e-01,1.05953098733374e+03,sinkhorn_cellsim
9.104296e+02,15261,1.13538890435494e-03,1.06756187685201e-01,1.05953157702337e+03,sinkhorn_cellsim
9.116225e+02,15281,1.13399353039805e-03,1.06756372784404e-01,1.05953216535860e+03,sinkhorn_cellsim
9.128155e+02,15301,1.13256335824321e-03,1.06756505369654e-01,1.05953275293382e+03,sinkhorn_cellsim
9.140085e+02,15321,1.13121905062371e-03,1.06756589687047e-01,1.05953334013889e+03,sinkhorn_cellsim
9.152015e+02,15341,1.13000221063571e-03,1.06756642030315e-01,1.05953392714834e+03,sinkhorn_cellsim
9.163945e+02,15361,1.12883972598685e-03,1.06756675730569e-01,1.05953451403164e+03,sinkhorn_cellsim
9.175875e+02,15381,1.12773738205119e-03,1.06756699049428e-01,1.05953510081848e+03,sinkhorn_cellsim
9.187805e+02,15401,1.12669601482924e-03,1.06756716672835e-01,1.05953568752403e+03,sinkhorn_cellsim
9.199735e+02,15421,1.12571114255253e-03,1.06756731195889e-01,1.05953627415761e+03,sinkhorn_cellsim
9.211664e+02,15441,1.12477900210973e-03,1.06756744057365e-01,1.05953686072580e+03,sinkhorn_cellsim
9.223594e+02,15461,1.12389798461637e-03,1.06756756070611e-01,1.05953744723353e+03,sinkhorn_cellsim
9.235524e+02,15481,1.12307188224371e-03,1.06756767730607e-01,1.05953803368432e+03,sinkhorn_cellsim
9.247454e+02,15501,1.12229556286767e-03,1.06756779424252e-01,1.05953862007994e+03,sinkhorn_cellsim
9.259384e+02,15521,1.12155190060357e-03,1.06756791649569e-01,1.05953920641893e+03,sinkhorn_cellsim
9.271314e+02,15541,1.12082457407392e-03,1.06756805387439e-01,1.05953979269271e+03,sinkhorn_cellsim
9.283244e+02,15561,1.12008236907093e-03,1.06756822904648e-01,1.05954037887608e+03,sinkhorn_cellsim
9.295174e+02,15581,1.11925691901675e-03,1.06756849559951e-01,1.05954096490472e+03,sinkhorn_cellsim
9.307104e+02,15601,1.11822104102679e-03,1.06756897549082e-01,1.05954155062589e+03,sinkhorn_cellsim
9.319034e+02,15621,1.11670834347530e-03,1.06756991713612e-01,1.05954213570920e+03,sinkhorn_cellsim
9.330964e+02,15641,1.11451051655964e-03,1.06757170649753e-01,1.05954271956146e+03,sinkhorn_cellsim
9.342894e+02,15661,1.11229626331726e-03,1.06757463088997e-01,1.05954330145693e+03,sinkhorn_cellsim
9.354824e+02,15681,1.10964663074725e-03,1.06757849596569e-01,1.05954388099412e+03,sinkhorn_cellsim
9.366754e+02,15701,1.10690377879878e-03,1.06758285194536e-01,1.05954445821481e+03,sinkhorn_cellsim
9.378684e+02,15721,1.10416426449153e-03,1.06758724581158e-01,1.05954503324046e+03,sinkhorn_cellsim
9.390615e+02,15741,1.10158340815597e-03,1.06759097351444e-01,1.05954560624851e+03,sinkhorn_cellsim
9.402545e+02,15761,1.09866689836334e-03,1.06759390389178e-01,1.05954617715921e+03,sinkhorn_cellsim
9.414475e+02,15781,1.09486698207730e-03,1.06759713248506e-01,1.05954674473277e+03,sinkhorn_cellsim
9.426405e+02,15801,1.09019094562734e-03,1.06760246081175e-01,1.05954730554319e+03,sinkhorn_cellsim
9.438335e+02,15821,1.08467057601286e-03,1.06761133012227e-01,1.05954785397613e+03,sinkhorn_cellsim
9.450265e+02,15841,1.07888752818142e-03,1.06762184996505e-01,1.05954838876761e+03,sinkhorn_cellsim
9.462195e+02,15861,1.07304831094502e-03,1.06763029026657e-01,1.05954891591067e+03,sinkhorn_cellsim
9.474125e+02,15881,1.06704681149656e-03,1.06763691218879e-01,1.05954943868610e+03,sinkhorn_cellsim
9.486055e+02,15901,1.06070646927636e-03,1.06764318091066e-01,1.05954995728269e+03,sinkhorn_cellsim
9.497985e+02,15921,1.05496690970120e-03,1.06764906217671e-01,1.05955047196244e+03,sinkhorn_cellsim
9.509914e+02,15941,1.04935897116354e-03,1.06765391660322e-01,1.05955098368944e+03,sinkhorn_cellsim
9.521844e+02,15961,1.04372126720485e-03,1.06765793896889e-01,1.05955149308553e+03,sinkhorn_cellsim
9.533774e+02,15981,1.03807176713152e-03,1.06766198648541e-01,1.05955199982366e+03,sinkhorn_cellsim
9.545704e+02,16001,1.03336645217905e-03,1.06766661653514e-01,1.05955250308763e+03,sinkhorn_cellsim
9.557634e+02,16021,1.02850207355248e-03,1.06767139130667e-01,1.05955300264681e+03,sinkhorn_cellsim
9.569565e+02,16041,1.02344420311473e-03,1.06767561556157e-01,1.05955349909115e+03,sinkhorn_cellsim
9.581495e+02,16061,1.01847577577902e-03,1.06767931508655e-01,1.05955399292476e+03,sinkhorn_cellsim
9.593424e+02,16081,1.01430862687973e-03,1.06768261313575e-01,1.05955448444728e+03,sinkhorn_cellsim
9.605354e+02,16101,1.01096124801637e-03,1.06768518300824e-01,1.05955497430828e+03,sinkhorn_cellsim
9.617285e+02,16121,1.00803714375859e-03,1.06768683778312e-01,1.05955546329781e+03,sinkhorn_cellsim
9.629215e+02,16141,1.00520095244362e-03,1.06768779605956e-01,1.05955595188739e+03,sinkhorn_cellsim
9.641145e+02,16161,1.00251851505738e-03,1.06768836042508e-01,1.05955644025461e+03,sinkhorn_cellsim
9.653075e+02,16181,9.99904813999056e-04,1.06768874161075e-01,1.05955692844549e+03,sinkhorn_cellsim
9.665004e+02,16201,9.97328047583369e-04,1.06768907645759e-01,1.05955741644467e+03,sinkhorn_cellsim
9.676934e+02,16221,9.94774048828564e-04,1.06768949341747e-01,1.05955790417004e+03,sinkhorn_cellsim
9.688864e+02,16241,9.92042432206090e-04,1.06769018534445e-01,1.05955839141499e+03,sinkhorn_cellsim
9.700794e+02,16261,9.88779011490872e-04,1.06769146399342e-01,1.05955887775548e+03,sinkhorn_cellsim
9.712724e+02,16281,9.84849420012782e-04,1.06769364961816e-01,1.05955936254250e+03,sinkhorn_cellsim
9.724653e+02,16301,9.80577994994011e-04,1.06769663903442e-01,1.05955984523614e+03,sinkhorn_cellsim
9.736583e+02,16321,9.75653083611802e-04,1.06769983152607e-01,1.05956032580505e+03,sinkhorn_cellsim
9.748513e+02,16341,9.70124262559346e-04,1.06770312327636e-01,1.05956080424237e+03,sinkhorn_cellsim
9.760443e+02,16361,9.63953138057027e-04,1.06770737755144e-01,1.05956127970150e+03,sinkhorn_cellsim
9.772373e+02,16381,9.57222571968104e-04,1.06771347641605e-01,1.05956175052625e+03,sinkhorn_cellsim
9.784303e+02,16401,9.51786342101887e-04,1.06772108434336e-01,1.05956221533847e+03,sinkhorn_cellsim
9.796233e+02,16421,9.46667400878900e-04,1.06772852821296e-01,1.05956267437745e+03,sinkhorn_cellsim
9.808163e+02,16441,9.41838468370902e-04,1.06773419401427e-01,1.05956312951752e+03,sinkhorn_cellsim
9.820093e+02,16461,9.37336423680066e-04,1.06773776495538e-01,1.05956358272679e+03,sinkhorn_cellsim
9.832023e+02,16481,9.33339877886848e-04,1.06773980113138e-01,1.05956403511752e+03,sinkhorn_cellsim
9.843953e+02,16501,9.29714617936173e-04,1.06774092611147e-01,1.05956448714263e+03,sinkhorn_cellsim
9.855883e+02,16521,9.26377642379204e-04,1.06774155772566e-01,1.05956493896507e+03,sinkhorn_cellsim
9.867813e+02,16541,9.23273209093590e-04,1.06774193522663e-01,1.05956539064318e+03,sinkhorn_cellsim
9.879743e+02,16561,9.20356548634293e-04,1.06774219196997e-01,1.05956584219471e+03,sinkhorn_cellsim
9.891673e+02,16581,9.17605690330999e-04,1.06774241169193e-01,1.05956629361015e+03,sinkhorn_cellsim
9.903603e+02,16601,9.14908011117048e-04,1.06774267233257e-01,1.05956674483893e+03,sinkhorn_cellsim
9.915533e+02,16621,9.12114945157995e-04,1.06774309578482e-01,1.05956719574313e+03,sinkhorn_cellsim
9.927462e+02,16641,9.08976466937756e-04,1.06774392428993e-01,1.05956764599410e+03,sinkhorn_cellsim
9.939392e+02,16661,9.06153565632534e-04,1.06774561353823e-01,1.05956809489730e+03,sinkhorn_cellsim
9.951322e+02,16681,9.03396241637106e-04,1.06774877448678e-01,1.05956854127453e+03,sinkhorn_cellsim
9.963252e+02,16701,9.00407198886155e-04,1.06775362142270e-01,1.05956898383416e+03,sinkhorn_cellsim
9.975182e+02,16721,8.96844681077792e-04,1.06775943842722e-01,1.05956942197062e+03,sinkhorn_cellsim
9.987112e+02,16741,8.93082525832033e-04,1.06776541808957e-01,1.05956985558245e+03,sinkhorn_cellsim
9.999042e+02,16761,8.89693404169523e-04,1.06777149988075e-01,1.05957028412581e+03,sinkhorn_cellsim
1.001097e+03,16781,8.86586690469691e-04,1.06777793858173e-01,1.05957070653655e+03,sinkhorn_cellsim
1.002290e+03,16801,8.83542108728032e-04,1.06778453186589e-01,1.05957112215875e+03,sinkhorn_cellsim
1.003483e+03,16821,8.80364471333484e-04,1.06779033692374e-01,1.05957153204145e+03,sinkhorn_cellsim
1.004676e+03,16841,8.77147581721470e-04,1.06779478954841e-01,1.05957193832768e+03,sinkhorn_cellsim
1.005869e+03,16861,8.74205822074059e-04,1.06779836086174e-01,1.05957234239934e+03,sinkhorn_cellsim
1.007062e+03,16881,8.71406031053639e-04,1.06780179509869e-01,1.05957274452061e+03,sinkhorn_cellsim
1.008255e+03,16901,8.68556770892064e-04,1.06780520501545e-01,1.05957314466490e+03,sinkhorn_cellsim
1.009448e+03,16921,8.65671428185236e-04,1.06780810076490e-01,1.05957354317097e+03,sinkhorn_cellsim
1.010641e+03,16941,8.62706543843313e-04,1.06781018586004e-01,1.05957394060230e+03,sinkhorn_cellsim
1.011834e+03,16961,8.59786615767197e-04,1.06781159192167e-01,1.05957433736832e+03,sinkhorn_cellsim
1.013027e+03,16981,8.56942665510365e-04,1.06781260710271e-01,1.05957473364991e+03,sinkhorn_cellsim
1.014220e+03,17001,8.54048345990308e-04,1.06781353431359e-01,1.05957512945321e+03,sinkhorn_cellsim
1.015413e+03,17021,8.51008674323486e-04,1.06781473975705e-01,1.05957552457824e+03,sinkhorn_cellsim
1.016606e+03,17041,8.48372549336867e-04,1.06781677906171e-01,1.05957591838746e+03,sinkhorn_cellsim
1.017799e+03,17061,8.45799021259733e-04,1.06782043353079e-01,1.05957630915324e+03,sinkhorn_cellsim
1.018992e+03,17081,8.43109469291046e-04,1.06782635840714e-01,1.05957669293853e+03,sinkhorn_cellsim
1.020185e+03,17101,8.40266026958593e-04,1.06783372010221e-01,1.05957706569076e+03,sinkhorn_cellsim
1.021378e+03,17121,8.37304454830554e-04,1.06783943499621e-01,1.05957743053405e+03,sinkhorn_cellsim
1.022571e+03,17141,8.34360093203817e-04,1.06784231528679e-01,1.05957779289172e+03,sinkhorn_cellsim
1.023764e+03,17161,8.31430160638790e-04,1.06784345117642e-01,1.05957815464510e+03,sinkhorn_cellsim
1.024957e+03,17181,8.28553933384691e-04,1.06784384164573e-01,1.05957851613704e+03,sinkhorn_cellsim
1.026150e+03,17201,8.25773663918083e-04,1.06784396742234e-01,1.05957887743013e+03,sinkhorn_cellsim
1.027343e+03,17221,8.23070337458354e-04,1.06784402908635e-01,1.05957923853743e+03,sinkhorn_cellsim
1.028536e+03,17241,8.20413482406634e-04,1.06784412672515e-01,1.05957959944650e+03,sinkhorn_cellsim
1.029729e+03,17261,8.17712458288475e-04,1.06784435950474e-01,1.05957996010232e+03,sinkhorn_cellsim
1.030922e+03,17281,8.14900678781178e-04,1.06784491029941e-01,1.05958032035738e+03,sinkhorn_cellsim
1.032115e+03,17301,8.12071310383139e-04,1.06784615581118e-01,1.05958067987022e+03,sinkhorn_cellsim
1.033308e+03,17321,8.08840656065198e-04,1.06784874529391e-01,1.05958103796856e+03,sinkhorn_cellsim
1.034501e+03,17341,8.05239915144259e-04,1.06785329996029e-01,1.05958139368669e+03,sinkhorn_cellsim
1.035694e+03,17361,8.01190733921682e-04,1.06785941582242e-01,1.05958174636740e+03,sinkhorn_cellsim
1.036887e+03,17381,7.96990019678897e-04,1.06786539221024e-01,1.05958209635876e+03,sinkhorn_cellsim
1.038080e+03,17401,7.92733692973315e-04,1.06786992072496e-01,1.05958244459448e+03,sinkhorn_cellsim
1.039273e+03,17421,7.88703457548214e-04,1.06787295914282e-01,1.05958279179976e+03,sinkhorn_cellsim
1.040466e+03,17441,7.84834348855615e-04,1.06787499298553e-01,1.05958313835342e+03,sinkhorn_cellsim
1.041659e+03,17461,7.81073531722611e-04,1.06787646298049e-01,1.05958348441659e+03,sinkhorn_cellsim
1.042852e+03,17481,7.77613541238597e-04,1.06787769503630e-01,1.05958382999282e+03,sinkhorn_cellsim
1.044045e+03,17501,7.74225679914072e-04,1.06787900233266e-01,1.05958417489137e+03,sinkhorn_cellsim
1.045238e+03,17521,7.70845372855770e-04,1.06788080123724e-01,1.05958451861102e+03,sinkhorn_cellsim
1.046431e+03,17541,7.67349853042885e-04,1.06788359598346e-01,1.05958486025902e+03,sinkhorn_cellsim
1.047624e+03,17561,7.63748440885048e-04,1.06788754588033e-01,1.05958519889464e+03,sinkhorn_cellsim
1.048817e+03,17581,7.60047618963089e-04,1.06789191041861e-01,1.05958553441517e+03,sinkhorn_cellsim
1.050010e+03,17601,7.56353719184705e-04,1.06789562372500e-01,1.05958586773285e+03,sinkhorn_cellsim
1.051203e+03,17621,7.52632038714738e-04,1.06789830008250e-01,1.05958619984024e+03,sinkhorn_cellsim
1.052396e+03,17641,7.48907606869645e-04,1.06790012812161e-01,1.05958653130243e+03,sinkhorn_cellsim
1.053589e+03,17661,7.45237671635114e-04,1.06790139676442e-01,1.05958686237772e+03,sinkhorn_cellsim
1.054782e+03,17681,7.41668996829726e-04,1.06790231898456e-01,1.05958719318353e+03,sinkhorn_cellsim
1.055975e+03,17701,7.38249289051909e-04,1.06790303204594e-01,1.05958752377219e+03,sinkhorn_cellsim
1.057168e+03,17721,7.34929129436333e-04,1.06790363156980e-01,1.05958785415554e+03,sinkhorn_cellsim
1.058361e+03,17741,7.31646268704144e-04,1.06790420572022e-01,1.05958818430125e+03,sinkhorn_cellsim
1.059554e+03,17761,7.28299412992143e-04,1.06790487446071e-01,1.05958851410125e+03,sinkhorn_cellsim
1.060747e+03,17781,7.25009407811741e-04,1.06790583728803e-01,1.05958884330552e+03,sinkhorn_cellsim
1.061940e+03,17801,7.21845243749094e-04,1.06790737622492e-01,1.05958917145651e+03,sinkhorn_cellsim
1.063133e+03,17821,7.18809601973729e-04,1.06790963605020e-01,1.05958949800884e+03,sinkhorn_cellsim
1.064326e+03,17841,7.15649531104833e-04,1.06791222147789e-01,1.05958982280214e+03,sinkhorn_cellsim
1.065519e+03,17861,7.12356436122444e-04,1.06791442594645e-01,1.05959014630114e+03,sinkhorn_cellsim
1.066712e+03,17881,7.09395598007076e-04,1.06791598154055e-01,1.05959046908375e+03,sinkhorn_cellsim
1.067905e+03,17901,7.06653145800254e-04,1.06791707609024e-01,1.05959079142827e+03,sinkhorn_cellsim
1.069098e+03,17921,7.03993965033729e-04,1.06791800308736e-01,1.05959111333466e+03,sinkhorn_cellsim
1.070291e+03,17941,7.01377414890876e-04,1.06791905563791e-01,1.05959143458055e+03,sinkhorn_cellsim
1.071484e+03,17961,6.98768356531140e-04,1.06792052865653e-01,1.05959175471810e+03,sinkhorn_cellsim
1.072677e+03,17981,6.96146468663997e-04,1.06792256089992e-01,1.05959207322432e+03,sinkhorn_cellsim
1.073870e+03,18001,6.93434403940768e-04,1.06792486328872e-01,1.05959238994424e+03,sinkhorn_cellsim
1.075063e+03,18021,6.90521738815578e-04,1.06792694061965e-01,1.05959270525190e+03,sinkhorn_cellsim
1.076256e+03,18041,6.87279988470390e-04,1.06792865694031e-01,1.05959301952170e+03,sinkhorn_cellsim
1.077449e+03,18061,6.84043048262675e-04,1.06793031771657e-01,1.05959333264458e+03,sinkhorn_cellsim
1.078642e+03,18081,6.80679612624027e-04,1.06793245946607e-01,1.05959364391403e+03,sinkhorn_cellsim
1.079835e+03,18101,6.77382154631914e-04,1.06793553485877e-01,1.05959395225721e+03,sinkhorn_cellsim
1.081028e+03,18121,6.74173226102506e-04,1.06793941925002e-01,1.05959425699908e+03,sinkhorn_cellsim
1.082221e+03,18141,6.70402054968610e-04,1.06794369470185e-01,1.05959455798180e+03,sinkhorn_cellsim
1.083414e+03,18161,6.65704322137715e-04,1.06794911533694e-01,1.05959485337128e+03,sinkhorn_cellsim
1.084607e+03,18181,6.58932148393710e-04,1.06795658613936e-01,1.05959513921077e+03,sinkhorn_cellsim
1.085800e+03,18201,6.51682691295151e-04,1.06796311727827e-01,1.05959541671986e+03,sinkhorn_cellsim
1.086993e+03,18221,6.45467221042429e-04,1.06796690791478e-01,1.05959569089912e+03,sinkhorn_cellsim
1.088186e+03,18241,6.40389672492096e-04,1.06796904668568e-01,1.05959596402597e+03,sinkhorn_cellsim
1.089379e+03,18261,6.36341786235604e-04,1.06797038390509e-01,1.05959623674253e+03,sinkhorn_cellsim
1.090572e+03,18281,6.32995530343424e-04,1.06797128685236e-01,1.05959650925416e+03,sinkhorn_cellsim
1.091765e+03,18301,6.30138634364567e-04,1.06797192763992e-01,1.05959678163960e+03,sinkhorn_cellsim
1.092958e+03,18321,6.27627830221227e-04,1.06797240082462e-01,1.05959705393354e+03,sinkhorn_cellsim
1.094151e+03,18341,6.25355558094524e-04,1.06797276359906e-01,1.05959732615321e+03,sinkhorn_cellsim
1.095344e+03,18361,6.23256521180799e-04,1.06797305222519e-01,1.05959759830817e+03,sinkhorn_cellsim
1.096537e+03,18381,6.21337085192231e-04,1.06797329034155e-01,1.05959787040416e+03,sinkhorn_cellsim
1.097730e+03,18401,6.19548255655360e-04,1.06797349382301e-01,1.05959814244460e+03,sinkhorn_cellsim
1.098923e+03,18421,6.17841923424919e-04,1.06797367398869e-01,1.05959841443086e+03,sinkhorn_cellsim
1.100116e+03,18441,6.16213117664558e-04,1.06797384021163e-01,1.05959868636134e+03,sinkhorn_cellsim
1.101309e+03,18461,6.14684417993312e-04,1.06797400303042e-01,1.05959895822855e+03,sinkhorn_cellsim
1.102502e+03,18481,6.13185071130168e-04,1.06797417964257e-01,1.05959923001169e+03,sinkhorn_cellsim
1.103695e+03,18501,6.11640031231934e-04,1.06797440566038e-01,1.05959950165878e+03,sinkhorn_cellsim
1.104888e+03,18521,6.09936936006174e-04,1.06797476077198e-01,1.05959977304564e+03,sinkhorn_cellsim
1.106081e+03,18541,6.08440777986961e-04,1.06797541827314e-01,1.05960004389015e+03,sinkhorn_cellsim
1.107274e+03,18561,6.07038138146213e-04,1.06797670426410e-01,1.05960031361542e+03,sinkhorn_cellsim
1.108467e+03,18581,6.05525956596139e-04,1.06797902713434e-01,1.05960058129451e+03,sinkhorn_cellsim
1.109660e+03,18601,6.03821125519176e-04,1.06798240255838e-01,1.05960084608767e+03,sinkhorn_cellsim
1.110853e+03,18621,6.02036187003268e-04,1.06798598770439e-01,1.05960110811501e+03,sinkhorn_cellsim
1.112046e+03,18641,6.00212853834912e-04,1.06798880088770e-01,1.05960136835868e+03,sinkhorn_cellsim
1.113239e+03,18661,5.98373957394803e-04,1.06799062900214e-01,1.05960162762163e+03,sinkhorn_cellsim
1.114432e+03,18681,5.96596287620566e-04,1.06799177127937e-01,1.05960188618827e+03,sinkhorn_cellsim
1.115625e+03,18701,5.94963438688686e-04,1.06799254704985e-01,1.05960214406964e+03,sinkhorn_cellsim
1.116818e+03,18721,5.93465132091606e-04,1.06799315070483e-01,1.05960240120970e+03,sinkhorn_cellsim
1.118011e+03,18741,5.92012724442810e-04,1.06799367432492e-01,1.05960265758512e+03,sinkhorn_cellsim
1.119204e+03,18761,5.90606572979378e-04,1.06799414914928e-01,1.05960291324846e+03,sinkhorn_cellsim
1.120397e+03,18781,5.89252929341609e-04,1.06799457627583e-01,1.05960316832265e+03,sinkhorn_cellsim
1.121590e+03,18801,5.87968600248346e-04,1.06799494806046e-01,1.05960342295909e+03,sinkhorn_cellsim
1.122783e+03,18821,5.86744808100788e-04,1.06799526053231e-01,1.05960367729343e+03,sinkhorn_cellsim
1.123976e+03,18841,5.85579771262412e-04,1.06799551699843e-01,1.05960393142410e+03,sinkhorn_cellsim
1.125169e+03,18861,5.84466468744492e-04,1.06799572622088e-01,1.05960418541291e+03,sinkhorn_cellsim
1.126362e+03,18881,5.83384611527563e-04,1.06799589943440e-01,1.05960443929458e+03,sinkhorn_cellsim
1.127555e+03,18901,5.82327955148218e-04,1.06799604879154e-01,1.05960469308523e+03,sinkhorn_cellsim
1.128748e+03,18921,5.81281193258427e-04,1.06799618838280e-01,1.05960494678537e+03,sinkhorn_cellsim
1.129941e+03,18941,5.80220096298194e-04,1.06799633922214e-01,1.05960520037426e+03,sinkhorn_cellsim
1.131134e+03,18961,5.79080449134324e-04,1.06799654184349e-01,1.05960545378882e+03,sinkhorn_cellsim
1.132327e+03,18981,5.77733891275491e-04,1.06799688468837e-01,1.05960570687095e+03,sinkhorn_cellsim
1.133520e+03,19001,5.75915917569542e-04,1.06799756037194e-01,1.05960595925457e+03,sinkhorn_cellsim
1.134713e+03,19021,5.73608177190452e-04,1.06799894153474e-01,1.05960621017891e+03,sinkhorn_cellsim
1.135906e+03,19041,5.71965342595922e-04,1.06800155163798e-01,1.05960645837889e+03,sinkhorn_cellsim
1.137099e+03,19061,5.69780472340202e-04,1.06800566539662e-01,1.05960670253783e+03,sinkhorn_cellsim
1.138292e+03,19081,5.67057687495791e-04,1.06801080218539e-01,1.05960694229072e+03,sinkhorn_cellsim
1.139485e+03,19101,5.64514388408019e-04,1.06801598766865e-01,1.05960717836106e+03,sinkhorn_cellsim
1.140678e+03,19121,5.61928498359656e-04,1.06802044619269e-01,1.05960741174291e+03,sinkhorn_cellsim
1.141871e+03,19141,5.59223596539102e-04,1.06802414135106e-01,1.05960764305020e+03,sinkhorn_cellsim
1.143064e+03,19161,5.56213648944964e-04,1.06802762642868e-01,1.05960787229458e+03,sinkhorn_cellsim
1.144257e+03,19181,5.52999397662281e-04,1.06803117983212e-01,1.05960809935482e+03,sinkhorn_cellsim
1.145450e+03,19201,5.49198256281022e-04,1.06803456736519e-01,1.05960832442912e+03,sinkhorn_cellsim
1.146643e+03,19221,5.45143073066733e-04,1.06803784370055e-01,1.05960854755699e+03,sinkhorn_cellsim
1.147836e+03,19241,5.41326104292029e-04,1.06804163750719e-01,1.05960876808810e+03,sinkhorn_cellsim
1.149029e+03,19261,5.37870332851603e-04,1.06804632464519e-01,1.05960898516958e+03,sinkhorn_cellsim
1.150222e+03,19281,5.34243626322925e-04,1.06805118043366e-01,1.05960919893034e+03,sinkhorn_cellsim
1.151415e+03,19301,5.30314212688384e-04,1.06805510724029e-01,1.05960941055123e+03,sinkhorn_cellsim
1.152608e+03,19321,5.26101444415881e-04,1.06805790317235e-01,1.05960962100795e+03,sinkhorn_cellsim
1.153801e+03,19341,5.21460490433173e-04,1.06806019123809e-01,1.05960983046990e+03,sinkhorn_cellsim
1.154994e+03,19361,5.17033427293185e-04,1.06806295158853e-01,1.05961003834956e+03,sinkhorn_cellsim
1.156187e+03,19381,5.13022835376425e-04,1.06806732359966e-01,1.05961024329482e+03,sinkhorn_cellsim
1.157380e+03,19401,5.08804258961593e-04,1.06807401276791e-01,1.05961044346907e+03,sinkhorn_cellsim
1.158573e+03,19421,5.04481647474906e-04,1.06808217744824e-01,1.05961063774952e+03,sinkhorn_cellsim
1.159766e+03,19441,5.00059526069743e-04,1.06808976210698e-01,1.05961082684664e+03,sinkhorn_cellsim
1.160959e+03,19461,4.95507295677459e-04,1.06809546087947e-01,1.05961101262434e+03,sinkhorn_cellsim
1.162152e+03,19481,4.90788335711959e-04,1.06809946113058e-01,1.05961119652901e+03,sinkhorn_cellsim
1.163345e+03,19501,4.86096069370418e-04,1.06810268263581e-01,1.05961137902301e+03,sinkhorn_cellsim
1.164538e+03,19521,4.81305242556563e-04,1.06810609093552e-01,1.05961155983544e+03,sinkhorn_cellsim
1.165731e+03,19541,4.76243064882686e-04,1.06811034156108e-01,1.05961173828812e+03,sinkhorn_cellsim
1.166924e+03,19561,4.71116556534359e-04,1.06811547096532e-01,1.05961191368214e+03,sinkhorn_cellsim
1.168117e+03,19581,4.66312598156718e-04,1.06812119132083e-01,1.05961208544963e+03,sinkhorn_cellsim
1.169310e+03,19601,4.61150120050046e-04,1.06812720254939e-01,1.05961225317947e+03,sinkhorn_cellsim
1.170503e+03,19621,4.56122877382285e-04,1.06813268115487e-01,1.05961241730154e+03,sinkhorn_cellsim
1.171696e+03,19641,4.51167606769004e-04,1.06813674876610e-01,1.05961257915832e+03,sinkhorn_cellsim
1.172889e+03,19661,4.46514283315047e-04,1.06813936920679e-01,1.05961273992099e+03,sinkhorn_cellsim
1.174082e+03,19681,4.42068963630348e-04,1.06814101094054e-01,1.05961290014777e+03,sinkhorn_cellsim
1.175275e+03,19701,4.37808731033518e-04,1.06814210118972e-01,1.05961306004629e+03,sinkhorn_cellsim
1.176468e+03,19721,4.33919085233054e-04,1.06814289608831e-01,1.05961321970178e+03,sinkhorn_cellsim
1.177661e+03,19741,4.30331131622036e-04,1.06814352861677e-01,1.05961337916102e+03,sinkhorn_cellsim
1.178854e+03,19761,4.26900975277730e-04,1.06814406512027e-01,1.05961353845599e+03,sinkhorn_cellsim
1.180047e+03,19781,4.23666012182474e-04,1.06814453916263e-01,1.05961369761081e+03,sinkhorn_cellsim
1.181240e+03,19801,4.20559657357677e-04,1.06814496860072e-01,1.05961385664435e+03,sinkhorn_cellsim
1.182433e+03,19821,4.17564565223649e-04,1.06814536370606e-01,1.05961401557161e+03,sinkhorn_cellsim
1.183626e+03,19841,4.14689903349222e-04,1.06814573097051e-01,1.05961417440466e+03,sinkhorn_cellsim
1.184819e+03,19861,4.11941931575497e-04,1.06814607490198e-01,1.05961433315330e+03,sinkhorn_cellsim
1.186012e+03,19881,4.09309066704128e-04,1.06814639889136e-01,1.05961449182556e+03,sinkhorn_cellsim
1.187205e+03,19901,4.06792793591881e-04,1.06814670564761e-01,1.05961465042802e+03,sinkhorn_cellsim
1.188398e+03,19921,4.04371225266510e-04,1.06814699742807e-01,1.05961480896614e+03,sinkhorn_cellsim
1.189591e+03,19941,4.02043694497457e-04,1.06814727616928e-01,1.05961496744442e+03,sinkhorn_cellsim
1.190784e+03,19961,3.99800947548401e-04,1.06814754356778e-01,1.05961512586657e+03,sinkhorn_cellsim
1.191977e+03,19981,3.97644307332975e-04,1.06814780113420e-01,1.05961528423563e+03,sinkhorn_cellsim
1.193170e+03,20001,3.95561058630613e-04,1.06814805023439e-01,1.05961544255408e+03,sinkhorn_cellsim
1.194363e+03,20021,3.93564908104161e-04,1.06814829212689e-01,1.05961560082385e+03,sinkhorn_cellsim
1.195556e+03,20041,3.91654899324918e-04,1.06814852800971e-01,1.05961575904642e+03,sinkhorn_cellsim
1.196749e+03,20061,3.89811383159074e-04,1.06814875910265e-01,1.05961591722270e+03,sinkhorn_cellsim
1.197942e+03,20081,3.88037678158320e-04,1.06814898682446e-01,1.05961607535284e+03,sinkhorn_cellsim
1.199135e+03,20101,3.86335552059788e-04,1.06814921320940e-01,1.05961623343568e+03,sinkhorn_cellsim
1.200328e+03,20121,3.84694340644074e-04,1.06814944191125e-01,1.05961639146721e+03,sinkhorn_cellsim
1.201521e+03,20141,3.83103153693856e-04,1.06814968063292e-01,1.05961654943684e+03,sinkhorn_cellsim
1.202714e+03,20161,3.81554898472501e-04,1.06814994696145e-01,1.05961670731835e+03,sinkhorn_cellsim
1.203907e+03,20181,3.80036123509835e-04,1.06815028206859e-01,1.05961686504829e+03,sinkhorn_cellsim
1.205100e+03,20201,3.78527464818952e-04,1.06815078106978e-01,1.05961702247670e+03,sinkhorn_cellsim
1.206293e+03,20221,3.76977890418694e-04,1.06815165060210e-01,1.05961717926534e+03,sinkhorn_cellsim
1.207486e+03,20241,3.75293744520456e-04,1.06815327261552e-01,1.05961733473009e+03,sinkhorn_cellsim
1.208679e+03,20261,3.73338662649524e-04,1.06815610718905e-01,1.05961748778939e+03,sinkhorn_cellsim
1.209873e+03,20281,3.71070717335498e-04,1.06816015149653e-01,1.05961763747522e+03,sinkhorn_cellsim
1.211066e+03,20301,3.68586907418317e-04,1.06816451422962e-01,1.05961778386083e+03,sinkhorn_cellsim
1.212259e+03,20321,3.65945524069879e-04,1.06816833069852e-01,1.05961792783815e+03,sinkhorn_cellsim
1.213452e+03,20341,3.63519929500701e-04,1.06817169253002e-01,1.05961806992571e+03,sinkhorn_cellsim
1.214645e+03,20361,3.60988791102337e-04,1.06817505924954e-01,1.05961821006379e+03,sinkhorn_cellsim
1.215838e+03,20381,3.58566991701451e-04,1.06817830653387e-01,1.05961834838039e+03,sinkhorn_cellsim
1.217031e+03,20401,3.56119284983532e-04,1.06818088200653e-01,1.05961848553617e+03,sinkhorn_cellsim
1.218224e+03,20421,3.53762642399282e-04,1.06818261259973e-01,1.05961862217811e+03,sinkhorn_cellsim
1.219417e+03,20441,3.51465267169157e-04,1.06818372159737e-01,1.05961875861664e+03,sinkhorn_cellsim
1.220610e+03,20461,3.49324068973092e-04,1.06818446928505e-01,1.05961889495563e+03,sinkhorn_cellsim
1.221803e+03,20481,3.47417444456764e-04,1.06818502267942e-01,1.05961903122832e+03,sinkhorn_cellsim
1.222996e+03,20501,3.45646486483411e-04,1.06818547123600e-01,1.05961916744727e+03,sinkhorn_cellsim
1.224189e+03,20521,3.43996880513782e-04,1.06818586148913e-01,1.05961930361724e+03,sinkhorn_cellsim
1.225382e+03,20541,3.42406103719823e-04,1.06818622043653e-01,1.05961943973659e+03,sinkhorn_cellsim
1.226575e+03,20561,3.40853695528444e-04,1.06818657039846e-01,1.05961957579297e+03,sinkhorn_cellsim
1.227768e+03,20581,3.39276577256360e-04,1.06818694281606e-01,1.05961971175052e+03,sinkhorn_cellsim
1.228961e+03,20601,3.37572144665959e-04,1.06818739894846e-01,1.05961984751996e+03,sinkhorn_cellsim
1.230154e+03,20621,3.35638090610640e-04,1.06818806274260e-01,1.05961998289863e+03,sinkhorn_cellsim
1.231347e+03,20641,3.33251524531192e-04,1.06818914233673e-01,1.05962011748765e+03,sinkhorn_cellsim
1.232540e+03,20661,3.30275743957327e-04,1.06819082057018e-01,1.05962025070902e+03,sinkhorn_cellsim
1.233733e+03,20681,3.26734434040580e-04,1.06819291722517e-01,1.05962038217594e+03,sinkhorn_cellsim
1.234926e+03,20701,3.22919086836763e-04,1.06819484479757e-01,1.05962051216448e+03,sinkhorn_cellsim
1.236119e+03,20721,3.19251916823445e-04,1.06819623229342e-01,1.05962064134732e+03,sinkhorn_cellsim
1.237312e+03,20741,3.16082108796019e-04,1.06819714646871e-01,1.05962077021060e+03,sinkhorn_cellsim
1.238505e+03,20761,3.13528967653941e-04,1.06819777111538e-01,1.05962089896036e+03,sinkhorn_cellsim
1.239698e+03,20781,3.11425040890877e-04,1.06819823300902e-01,1.05962102766422e+03,sinkhorn_cellsim
1.240891e+03,20801,3.09682676668947e-04,1.06819860041360e-01,1.05962115634285e+03,sinkhorn_cellsim
1.242084e+03,20821,3.08251862086516e-04,1.06819890935944e-01,1.05962128500303e+03,sinkhorn_cellsim
1.243277e+03,20841,3.07086951399305e-04,1.06819917981168e-01,1.05962141364748e+03,sinkhorn_cellsim
1.244470e+03,20861,3.05977561953439e-04,1.06819942349533e-01,1.05962154227758e+03,sinkhorn_cellsim
1.245663e+03,20881,3.04915805595091e-04,1.06819964771162e-01,1.05962167089415e+03,sinkhorn_cellsim
1.246856e+03,20901,3.03873911960495e-04,1.06819985739672e-01,1.05962179949744e+03,sinkhorn_cellsim
1.248049e+03,20921,3.02851177962220e-04,1.06820005649277e-01,1.05962192808683e+03,sinkhorn_cellsim
1.249242e+03,20941,3.01846151824822e-04,1.06820024933246e-01,1.05962205665970e+03,sinkhorn_cellsim
1.250435e+03,20961,3.00858219705897e-04,1.06820044289812e-01,1.05962218520876e+03,sinkhorn_cellsim
1.251628e+03,20981,2.99884420520434e-04,1.06820065158905e-01,1.05962231371547e+03,sinkhorn_cellsim
1.252821e+03,21001,2.98917169906639e-04,1.06820090785815e-01,1.05962244213472e+03,sinkhorn_cellsim
1.254014e+03,21021,2.97945010098266e-04,1.06820128445315e-01,1.05962257036078e+03,sinkhorn_cellsim
1.255207e+03,21041,2.96956532648171e-04,1.06820193053626e-01,1.05962269816270e+03,sinkhorn_cellsim
1.256400e+03,21061,2.95949396550171e-04,1.06820308404318e-01,1.05962282510955e+03,sinkhorn_cellsim
1.257593e+03,21081,2.94921571890880e-04,1.06820491120488e-01,1.05962295064017e+03,sinkhorn_cellsim
1.258786e+03,21101,2.93835119200023e-04,1.06820712258626e-01,1.05962307449355e+03,sinkhorn_cellsim
1.259979e+03,21121,2.92653626997063e-04,1.06820904054798e-01,1.05962319705655e+03,sinkhorn_cellsim
1.261172e+03,21141,2.91367926461146e-04,1.06821033029603e-01,1.05962331893183e+03,sinkhorn_cellsim
1.262365e+03,21161,2.89986179934469e-04,1.06821116071765e-01,1.05962344044657e+03,sinkhorn_cellsim
1.263558e+03,21181,2.88430313489924e-04,1.06821184812221e-01,1.05962356163259e+03,sinkhorn_cellsim
1.264751e+03,21201,2.86694063747717e-04,1.06821272327870e-01,1.05962368227051e+03,sinkhorn_cellsim
1.265944e+03,21221,2.85050369596222e-04,1.06821420892036e-01,1.05962380180319e+03,sinkhorn_cellsim
1.267137e+03,21241,2.83576625486046e-04,1.06821681383795e-01,1.05962391925480e+03,sinkhorn_cellsim
1.268330e+03,21261,2.82090341048461e-04,1.06822067128787e-01,1.05962403360577e+03,sinkhorn_cellsim
1.269523e+03,21281,2.80424634943899e-04,1.06822491302307e-01,1.05962414478388e+03,sinkhorn_cellsim
1.270716e+03,21301,2.78798497007064e-04,1.06822832273222e-01,1.05962425387139e+03,sinkhorn_cellsim
1.271909e+03,21321,2.77173758428093e-04,1.06823052536411e-01,1.05962436200069e+03,sinkhorn_cellsim
1.273102e+03,21341,2.75592042827088e-04,1.06823182988408e-01,1.05962446974481e+03,sinkhorn_cellsim
1.274295e+03,21361,2.73966677709766e-04,1.06823262195495e-01,1.05962457729704e+03,sinkhorn_cellsim
1.275488e+03,21381,2.72385676355780e-04,1.06823315541411e-01,1.05962468469922e+03,sinkhorn_cellsim
1.276681e+03,21401,2.70919744449228e-04,1.06823357104643e-01,1.05962479193558e+03,sinkhorn_cellsim
1.277874e+03,21421,2.69520761533092e-04,1.06823394655718e-01,1.05962489895812e+03,sinkhorn_cellsim
1.279067e+03,21441,2.68154743749745e-04,1.06823432956933e-01,1.05962500569078e+03,sinkhorn_cellsim
1.280260e+03,21461,2.66807145979175e-04,1.06823475372053e-01,1.05962511203211e+03,sinkhorn_cellsim
1.281453e+03,21481,2.65468691041902e-04,1.06823524305287e-01,1.05962521786724e+03,sinkhorn_cellsim
1.282646e+03,21501,2.64141765138103e-04,1.06823580837615e-01,1.05962532309600e+03,sinkhorn_cellsim
1.283839e+03,21521,2.62830607942857e-04,1.06823644057040e-01,1.05962542767181e+03,sinkhorn_cellsim
1.285032e+03,21541,2.61543017881684e-04,1.06823710885392e-01,1.05962553162837e+03,sinkhorn_cellsim
1.286225e+03,21561,2.60284955027690e-04,1.06823776982328e-01,1.05962563507005e+03,sinkhorn_cellsim
1.287418e+03,21581,2.59049109874666e-04,1.06823838313943e-01,1.05962573813050e+03,sinkhorn_cellsim
1.288611e+03,21601,2.57859112316211e-04,1.06823892315055e-01,1.05962584093068e+03,sinkhorn_cellsim
1.289804e+03,21621,2.56708632231735e-04,1.06823938092773e-01,1.05962594355938e+03,sinkhorn_cellsim
1.290997e+03,21641,2.55580069127270e-04,1.06823975969776e-01,1.05962604607403e+03,sinkhorn_cellsim
1.292190e+03,21661,2.54471554621238e-04,1.06824006896501e-01,1.05962614850963e+03,sinkhorn_cellsim
1.293383e+03,21681,2.53384075926552e-04,1.06824032018489e-01,1.05962625088734e+03,sinkhorn_cellsim
1.294576e+03,21701,2.52315746641382e-04,1.06824052438960e-01,1.05962635322033e+03,sinkhorn_cellsim
1.295769e+03,21721,2.51267435857808e-04,1.06824069119283e-01,1.05962645551715e+03,sinkhorn_cellsim
1.296962e+03,21741,2.50237749351380e-04,1.06824082854965e-01,1.05962655778367e+03,sinkhorn_cellsim
1.298155e+03,21761,2.49232226158119e-04,1.06824094285932e-01,1.05962666002408e+03,sinkhorn_cellsim
1.299348e+03,21781,2.48255947138375e-04,1.06824103918968e-01,1.05962676224153e+03,sinkhorn_cellsim
1.300541e+03,21801,2.47314111282548e-04,1.06824112151941e-01,1.05962686443848e+03,sinkhorn_cellsim
1.301734e+03,21821,2.46398453398711e-04,1.06824119295710e-01,1.05962696661689e+03,sinkhorn_cellsim
1.302927e+03,21841,2.45503992595961e-04,1.06824125592507e-01,1.05962706877838e+03,sinkhorn_cellsim
1.304120e+03,21861,2.44626009786254e-04,1.06824131230756e-01,1.05962717092431e+03,sinkhorn_cellsim
1.305313e+03,21881,2.43764509775549e-04,1.06824136356840e-01,1.05962727305586e+03,sinkhorn_cellsim
1.306506e+03,21901,2.42920460187855e-04,1.06824141084324e-01,1.05962737517404e+03,sinkhorn_cellsim
1.307699e+03,21921,2.42093567915861e-04,1.06824145501153e-01,1.05962747727977e+03,sinkhorn_cellsim
1.308892e+03,21941,2.41281181445848e-04,1.06824149675300e-01,1.05962757937385e+03,sinkhorn_cellsim
1.310085e+03,21961,2.40483221383904e-04,1.06824153659134e-01,1.05962768145700e+03,sinkhorn_cellsim
1.311278e+03,21981,2.39702747578415e-04,1.06824157492863e-01,1.05962778352988e+03,sinkhorn_cellsim
1.312471e+03,22001,2.38942581065200e-04,1.06824161207217e-01,1.05962788559309e+03,sinkhorn_cellsim
1.313664e+03,22021,2.38202771339462e-04,1.06824164825537e-01,1.05962798764717e+03,sinkhorn_cellsim
1.314857e+03,22041,2.37479035425986e-04,1.06824168365425e-01,1.05962808969264e+03,sinkhorn_cellsim
1.316050e+03,22061,2.36773621910456e-04,1.06824171840029e-01,1.05962819172995e+03,sinkhorn_cellsim
1.317243e+03,22081,2.36088251724902e-04,1.06824175259056e-01,1.05962829375953e+03,sinkhorn_cellsim
1.318436e+03,22101,2.35420631731000e-04,1.06824178629558e-01,1.05962839578177e+03,sinkhorn_cellsim
1.319629e+03,22121,2.34768075967702e-04,1.06824181956556e-01,1.05962849779706e+03,sinkhorn_cellsim
1.320822e+03,22141,2.34131772353358e-04,1.06824185243520e-01,1.05962859980573e+03,sinkhorn_cellsim
1.322015e+03,22161,2.33510894498165e-04,1.06824188492751e-01,1.05962870180810e+03,sinkhorn_cellsim
1.323208e+03,22181,2.32904514125710e-04,1.06824191705682e-01,1.05962880380447e+03,sinkhorn_cellsim
1.324401e+03,22201,2.32311110768283e-04,1.06824194883088e-01,1.05962890579513e+03,sinkhorn_cellsim
1.325594e+03,22221,2.31729493062960e-04,1.06824198025283e-01,1.05962900778033e+03,sinkhorn_cellsim
1.326787e+03,22241,2.31158798170087e-04,1.06824201132252e-01,1.05962910976032e+03,sinkhorn_cellsim
1.327980e+03,22261,2.30599777241950e-04,1.06824204203752e-01,1.05962921173534e+03,sinkhorn_cellsim
1.329173e+03,22281,2.30053842367923e-04,1.06824207239394e-01,1.05962931370560e+03,sinkhorn_cellsim
1.330366e+03,22301,2.29518822810877e-04,1.06824210238711e-01,1.05962941567131e+03,sinkhorn_cellsim
1.331559e+03,22321,2.28995870863367e-04,1.06824213201207e-01,1.05962951763266e+03,sinkhorn_cellsim
1.332752e+03,22341,2.28483262482589e-04,1.06824216126401e-01,1.05962961958983e+03,sinkhorn_cellsim
1.333945e+03,22361,2.27980587949146e-04,1.06824219013893e-01,1.05962972154300e+03,sinkhorn_cellsim
1.335138e+03,22381,2.27489678918392e-04,1.06824221863461e-01,1.05962982349233e+03,sinkhorn_cellsim
1.336331e+03,22401,2.27008409920376e-04,1.06824224675287e-01,1.05962992543796e+03,sinkhorn_cellsim
1.337524e+03,22421,2.26538369199324e-04,1.06824227450495e-01,1.05963002738004e+03,sinkhorn_cellsim
1.338717e+03,22441,2.26080044823447e-04,1.06824230192395e-01,1.05963012931865e+03,sinkhorn_cellsim
1.339910e+03,22461,2.25632360432552e-04,1.06824232909626e-01,1.05963023125385e+03,sinkhorn_cellsim
1.341103e+03,22481,2.25193512563124e-04,1.06824235623703e-01,1.05963033318557e+03,sinkhorn_cellsim
1.342296e+03,22501,2.24762350505252e-04,1.06824238387571e-01,1.05963043511341e+03,sinkhorn_cellsim
1.343489e+03,22521,2.24338751544918e-04,1.06824241330856e-01,1.05963053703626e+03,sinkhorn_cellsim
1.344682e+03,22541,2.23918325465025e-04,1.06824244770144e-01,1.05963063895122e+03,sinkhorn_cellsim
1.345875e+03,22561,2.23494156595306e-04,1.06824249476410e-01,1.05963074085107e+03,sinkhorn_cellsim
1.347068e+03,22581,2.23052833720718e-04,1.06824257315668e-01,1.05963084271814e+03,sinkhorn_cellsim
1.348261e+03,22601,2.22566366639231e-04,1.06824272737702e-01,1.05963094450982e+03,sinkhorn_cellsim
1.349454e+03,22621,2.22072324711369e-04,1.06824305975726e-01,1.05963104612623e+03,sinkhorn_cellsim
1.350647e+03,22641,2.21518015322029e-04,1.06824378560610e-01,1.05963114734714e+03,sinkhorn_cellsim
1.351840e+03,22661,2.20887366521839e-04,1.06824526738857e-01,1.05963124775200e+03,sinkhorn_cellsim
1.353033e+03,22681,2.20214148446009e-04,1.06824781858394e-01,1.05963134676304e+03,sinkhorn_cellsim
1.354226e+03,22701,2.19427723780924e-04,1.06825111368833e-01,1.05963144405599e+03,sinkhorn_cellsim
1.355419e+03,22721,2.18698480768818e-04,1.06825409178323e-01,1.05963153998849e+03,sinkhorn_cellsim
1.356612e+03,22741,2.17946927601322e-04,1.06825603230091e-01,1.05963163523608e+03,sinkhorn_cellsim
1.357805e+03,22761,2.17204541638195e-04,1.06825703284664e-01,1.05963173023171e+03,sinkhorn_cellsim
1.358998e+03,22781,2.16473162988279e-04,1.06825747470688e-01,1.05963182513959e+03,sinkhorn_cellsim
1.360191e+03,22801,2.15749608257434e-04,1.06825764589164e-01,1.05963192000998e+03,sinkhorn_cellsim
1.361384e+03,22821,2.15054039585147e-04,1.06825770105405e-01,1.05963201485922e+03,sinkhorn_cellsim
1.362577e+03,22841,2.14395591818832e-04,1.06825771250618e-01,1.05963210969407e+03,sinkhorn_cellsim
1.363770e+03,22861,2.13777624693609e-04,1.06825771161720e-01,1.05963220451809e+03,sinkhorn_cellsim
1.364963e+03,22881,2.13190265382079e-04,1.06825771105768e-01,1.05963229933340e+03,sinkhorn_cellsim
1.366156e+03,22901,2.12618415574287e-04,1.06825771538987e-01,1.05963239414124e+03,sinkhorn_cellsim
1.367349e+03,22921,2.12056443636791e-04,1.06825772597930e-01,1.05963248894190e+03,sinkhorn_cellsim
1.368542e+03,22941,2.11502076383990e-04,1.06825774346734e-01,1.05963258373431e+03,sinkhorn_cellsim
1.369735e+03,22961,2.10954212900813e-04,1.06825776958135e-01,1.05963267851447e+03,sinkhorn_cellsim
1.370928e+03,22981,2.10417306865383e-04,1.06825780969645e-01,1.05963277327159e+03,sinkhorn_cellsim
1.372121e+03,23001,2.09890930816586e-04,1.06825787821273e-01,1.05963286797873e+03,sinkhorn_cellsim
1.373314e+03,23021,2.09372756626636e-04,1.06825801077325e-01,1.05963296257054e+03,sinkhorn_cellsim
1.374507e+03,23041,2.08845294004780e-04,1.06825829052746e-01,1.05963305689332e+03,sinkhorn_cellsim
1.375700e+03,23061,2.08324658128752e-04,1.06825889394814e-01,1.05963315060713e+03,sinkhorn_cellsim
1.376893e+03,23081,2.07816484758049e-04,1.06826012260316e-01,1.05963324305762e+03,sinkhorn_cellsim
1.378086e+03,23101,2.07298880273625e-04,1.06826225579765e-01,1.05963333332535e+03,sinkhorn_cellsim
1.379279e+03,23121,2.06791750789776e-04,1.06826508550378e-01,1.05963342083092e+03,sinkhorn_cellsim
1.380472e+03,23141,2.06276456852562e-04,1.06826780779147e-01,1.05963350601411e+03,sinkhorn_cellsim
1.381665e+03,23161,2.05758572752967e-04,1.06826982334665e-01,1.05963358986483e+03,sinkhorn_cellsim
1.382858e+03,23181,2.05236275740389e-04,1.06827113244792e-01,1.05963367309187e+03,sinkhorn_cellsim
1.384051e+03,23201,2.04709022919545e-04,1.06827197136123e-01,1.05963375601942e+03,sinkhorn_cellsim
1.385244e+03,23221,2.04172730683786e-04,1.06827253625797e-01,1.05963383877745e+03,sinkhorn_cellsim
1.386437e+03,23241,2.03635675093089e-04,1.06827294279442e-01,1.05963392142099e+03,sinkhorn_cellsim
1.387630e+03,23261,2.03099779165702e-04,1.06827325371125e-01,1.05963400397716e+03,sinkhorn_cellsim
1.388823e+03,23281,2.02570414360247e-04,1.06827350337593e-01,1.05963408646208e+03,sinkhorn_cellsim
1.390016e+03,23301,2.02047290471843e-04,1.06827371143224e-01,1.05963416888692e+03,sinkhorn_cellsim
1.391209e+03,23321,2.01530664569807e-04,1.06827388969853e-01,1.05963425126018e+03,sinkhorn_cellsim
1.392402e+03,23341,2.01018396283623e-04,1.06827404567010e-01,1.05963433358871e+03,sinkhorn_cellsim
1.393595e+03,23361,2.00512277265110e-04,1.06827418436004e-01,1.05963441587810e+03,sinkhorn_cellsim
1.394788e+03,23381,2.00014081288394e-04,1.06827430930449e-01,1.05963449813301e+03,sinkhorn_cellsim
1.395981e+03,23401,1.99523862409039e-04,1.06827442313042e-01,1.05963458035735e+03,sinkhorn_cellsim
1.397174e+03,23421,1.99042996265854e-04,1.06827452788610e-01,1.05963466255437e+03,sinkhorn_cellsim
1.398367e+03,23441,1.98571438671930e-04,1.06827462523907e-01,1.05963474472677e+03,sinkhorn_cellsim
1.399560e+03,23461,1.98109471557160e-04,1.06827471659864e-01,1.05963482687680e+03,sinkhorn_cellsim
1.400753e+03,23481,1.97657039360677e-04,1.06827480319428e-01,1.05963490900630e+03,sinkhorn_cellsim
1.401946e+03,23501,1.97214342604198e-04,1.06827488612803e-01,1.05963499111675e+03,sinkhorn_cellsim
1.403139e+03,23521,1.96782127427384e-04,1.06827496641076e-01,1.05963507320931e+03,sinkhorn_cellsim
1.404332e+03,23541,1.96363913925250e-04,1.06827504498884e-01,1.05963515528482e+03,sinkhorn_cellsim
1.405525e+03,23561,1.95957060721549e-04,1.06827512276399e-01,1.05963523734388e+03,sinkhorn_cellsim
1.406718e+03,23581,1.95561944463049e-04,1.06827520060880e-01,1.05963531938681e+03,sinkhorn_cellsim
1.407911e+03,23601,1.95176456605511e-04,1.06827527937894e-01,1.05963540141372e+03,sinkhorn_cellsim
1.409104e+03,23621,1.94801343428263e-04,1.06827535992252e-01,1.05963548342445e+03,sinkhorn_cellsim
1.410297e+03,23641,1.94439489026374e-04,1.06827544308694e-01,1.05963556541865e+03,sinkhorn_cellsim
1.411490e+03,23661,1.94086128506543e-04,1.06827552972332e-01,1.05963564739575e+03,sinkhorn_cellsim
1.412683e+03,23681,1.93741485751826e-04,1.06827562068835e-01,1.05963572935497e+03,sinkhorn_cellsim
1.413876e+03,23701,1.93404696270221e-04,1.06827571684311e-01,1.05963581129534e+03,sinkhorn_cellsim
1.415069e+03,23721,1.93075983873204e-04,1.06827581904917e-01,1.05963589321569e+03,sinkhorn_cellsim
1.416262e+03,23741,1.92755101097011e-04,1.06827592816076e-01,1.05963597511468e+03,sinkhorn_cellsim
1.417455e+03,23761,1.92441064029800e-04,1.06827604501395e-01,1.05963605699082e+03,sinkhorn_cellsim
1.418648e+03,23781,1.92133229711937e-04,1.06827617041171e-01,1.05963613884247e+03,sinkhorn_cellsim
1.419841e+03,23801,1.91832643519007e-04,1.06827630510586e-01,1.05963622066787e+03,sinkhorn_cellsim
1.421034e+03,23821,1.91539210308964e-04,1.06827644977571e-01,1.05963630246517e+03,sinkhorn_cellsim
1.422227e+03,23841,1.91253806483782e-04,1.06827660500448e-01,1.05963638423247e+03,sinkhorn_cellsim
1.423420e+03,23861,1.90973743948065e-04,1.06827677125464e-01,1.05963646596786e+03,sinkhorn_cellsim
1.424613e+03,23881,1.90698193172079e-04,1.06827694884345e-01,1.05963654766945e+03,sinkhorn_cellsim
1.425806e+03,23901,1.90427717569503e-04,1.06827713792058e-01,1.05963662933543e+03,sinkhorn_cellsim
1.426999e+03,23921,1.90163733073679e-04,1.06827733844973e-01,1.05963671096410e+03,sinkhorn_cellsim
1.428192e+03,23941,1.89906521089275e-04,1.06827755019596e-01,1.05963679255396e+03,sinkhorn_cellsim
1.429385e+03,23961,1.89655856569934e-04,1.06827777272040e-01,1.05963687410368e+03,sinkhorn_cellsim
1.430578e+03,23981,1.89408512533750e-04,1.06827800538304e-01,1.05963695561221e+03,sinkhorn_cellsim
1.431771e+03,24001,1.89165819002110e-04,1.06827824735441e-01,1.05963703707876e+03,sinkhorn_cellsim
1.432964e+03,24021,1.88927650895436e-04,1.06827849763563e-01,1.05963711850284e+03,sinkhorn_cellsim
1.434157e+03,24041,1.88693824247836e-04,1.06827875508514e-01,1.05963719988427e+03,sinkhorn_cellsim
1.435350e+03,24061,1.88464056958460e-04,1.06827901845129e-01,1.05963728122317e+03,sinkhorn_cellsim
1.436543e+03,24081,1.88238585513920e-04,1.06827928640781e-01,1.05963736251998e+03,sinkhorn_cellsim
1.437736e+03,24101,1.88018372075681e-04,1.06827955759060e-01,1.05963744377538e+03,sinkhorn_cellsim
1.438929e+03,24121,1.87801987548259e-04,1.06827983063304e-01,1.05963752499034e+03,sinkhorn_cellsim
1.440122e+03,24141,1.87587349726493e-04,1.06828010419855e-01,1.05963760616601e+03,sinkhorn_cellsim
1.441315e+03,24161,1.87375791582218e-04,1.06828037700876e-01,1.05963768730375e+03,sinkhorn_cellsim
1.442508e+03,24181,1.87167360082791e-04,1.06828064786656e-01,1.05963776840507e+03,sinkhorn_cellsim
1.443701e+03,24201,1.86960741078996e-04,1.06828091567366e-01,1.05963784947157e+03,sinkhorn_cellsim
1.444894e+03,24221,1.86756762465361e-04,1.06828117944263e-01,1.05963793050495e+03,sinkhorn_cellsim
1.446087e+03,24241,1.86555874874689e-04,1.06828143830393e-01,1.05963801150692e+03,sinkhorn_cellsim
1.447280e+03,24261,1.86356640484064e-04,1.06828169150859e-01,1.05963809247925e+03,sinkhorn_cellsim
1.448473e+03,24281,1.86160087391870e-04,1.06828193842703e-01,1.05963817342366e+03,sinkhorn_cellsim
1.449666e+03,24301,1.85965967176652e-04,1.06828217854498e-01,1.05963825434186e+03,sinkhorn_cellsim
1.450859e+03,24321,1.85775096934572e-04,1.06828241145710e-01,1.05963833523552e+03,sinkhorn_cellsim
1.452052e+03,24341,1.85593266391328e-04,1.06828263685915e-01,1.05963841610622e+03,sinkhorn_cellsim
1.453245e+03,24361,1.85421836133323e-04,1.06828285453906e-01,1.05963849695549e+03,sinkhorn_cellsim
1.454438e+03,24381,1.85259463074353e-04,1.06828306436748e-01,1.05963857778478e+03,sinkhorn_cellsim
1.455631e+03,24401,1.85105994677708e-04,1.06828326628840e-01,1.05963865859546e+03,sinkhorn_cellsim
1.456824e+03,24421,1.84955462162021e-04,1.06828346030972e-01,1.05963873938880e+03,sinkhorn_cellsim
1.458017e+03,24441,1.84807669390142e-04,1.06828364649466e-01,1.05963882016600e+03,sinkhorn_cellsim
1.459210e+03,24461,1.84659599814519e-04,1.06828382495376e-01,1.05963890092818e+03,sinkhorn_cellsim
1.460403e+03,24481,1.84514486182368e-04,1.06828399583852e-01,1.05963898167637e+03,sinkhorn_cellsim
1.461596e+03,24501,1.84369629329226e-04,1.06828415933757e-01,1.05963906241151e+03,sinkhorn_cellsim
1.462789e+03,24521,1.84223695115617e-04,1.06828431567831e-01,1.05963914313445e+03,sinkhorn_cellsim
1.463982e+03,24541,1.84076523694319e-04,1.06828446514086e-01,1.05963922384597e+03,sinkhorn_cellsim
1.465175e+03,24561,1.83928338027113e-04,1.06828460810124e-01,1.05963930454665e+03,sinkhorn_cellsim
1.466368e+03,24581,1.83778275071725e-04,1.06828474514417e-01,1.05963938523683e+03,sinkhorn_cellsim
1.467561e+03,24601,1.83625355017649e-04,1.06828487734670e-01,1.05963946591629e+03,sinkhorn_cellsim
1.468754e+03,24621,1.83467670794965e-04,1.06828500697602e-01,1.05963954658349e+03,sinkhorn_cellsim
1.469947e+03,24641,1.83300736128685e-04,1.06828513919615e-01,1.05963962723380e+03,sinkhorn_cellsim
1.471140e+03,24661,1.83111267314648e-04,1.06828528621189e-01,1.05963970785512e+03,sinkhorn_cellsim
1.472333e+03,24681,1.82882819131620e-04,1.06828547720277e-01,1.05963978841732e+03,sinkhorn_cellsim
1.473526e+03,24701,1.82636791565218e-04,1.06828578141805e-01,1.05963986884731e+03,sinkhorn_cellsim
1.474719e+03,24721,1.82349772087553e-04,1.06828635783816e-01,1.05963994897307e+03,sinkhorn_cellsim
1.475912e+03,24741,1.82018316680414e-04,1.06828754087252e-01,1.05964002841385e+03,sinkhorn_cellsim
1.477105e+03,24761,1.81588595293323e-04,1.06828989453377e-01,1.05964010643603e+03,sinkhorn_cellsim
1.478298e+03,24781,1.81186570827260e-04,1.06829391608387e-01,1.05964018200455e+03,sinkhorn_cellsim
1.479491e+03,24801,1.80651513046803e-04,1.06829914843431e-01,1.05964025444798e+03,sinkhorn_cellsim
1.480684e+03,24821,1.80117738868895e-04,1.06830403831860e-01,1.05964032421873e+03,sinkhorn_cellsim
1.481877e+03,24841,1.79522632632163e-04,1.06830750677401e-01,1.05964039241212e+03,sinkhorn_cellsim
1.483070e+03,24861,1.78944575884088e-04,1.06830963165750e-01,1.05964045984914e+03,sinkhorn_cellsim
1.484263e+03,24881,1.78308896589340e-04,1.06831090122641e-01,1.05964052692599e+03,sinkhorn_cellsim
1.485456e+03,24901,1.77642234848722e-04,1.06831169707189e-01,1.05964059381099e+03,sinkhorn_cellsim
1.486649e+03,24921,1.76981902559404e-04,1.06831223508222e-01,1.05964066057929e+03,sinkhorn_cellsim
1.487842e+03,24941,1.76317147502544e-04,1.06831262715144e-01,1.05964072726860e+03,sinkhorn_cellsim
1.489035e+03,24961,1.75640581116951e-04,1.06831293144109e-01,1.05964079390027e+03,sinkhorn_cellsim
1.490228e+03,24981,1.74930031109300e-04,1.06831317942561e-01,1.05964086048761e+03,sinkhorn_cellsim
1.491421e+03,25001,1.74205223464752e-04,1.06831338907772e-01,1.05964092703950e+03,sinkhorn_cellsim
1.492614e+03,25021,1.73473824258038e-04,1.06831357127787e-01,1.05964099356208e+03,sinkhorn_cellsim
1.493807e+03,25041,1.72749832321743e-04,1.06831373306887e-01,1.05964106005955e+03,sinkhorn_cellsim
1.495000e+03,25061,1.72046578550509e-04,1.06831387947225e-01,1.05964112653443e+03,sinkhorn_cellsim
1.496193e+03,25081,1.71371477070206e-04,1.06831401474925e-01,1.05964119298742e+03,sinkhorn_cellsim
1.497386e+03,25101,1.70705341181416e-04,1.06831414373956e-01,1.05964125941645e+03,sinkhorn_cellsim
1.498579e+03,25121,1.70050254558906e-04,1.06831427410305e-01,1.05964132581441e+03,sinkhorn_cellsim
1.499772e+03,25141,1.69400785147125e-04,1.06831442106828e-01,1.05964139216354e+03,sinkhorn_cellsim
1.500965e+03,25161,1.68754897200304e-04,1.06831461813107e-01,1.05964145842266e+03,sinkhorn_cellsim
1.502158e+03,25181,1.68106720747263e-04,1.06831494043745e-01,1.05964152449860e+03,sinkhorn_cellsim
1.503351e+03,25201,1.67438355906236e-04,1.06831554917049e-01,1.05964159018790e+03,sinkhorn_cellsim
1.504544e+03,25221,1.66720288064232e-04,1.06831674268201e-01,1.05964165508459e+03,sinkhorn_cellsim
1.505737e+03,25241,1.65995520263338e-04,1.06831889295159e-01,1.05964171853527e+03,sinkhorn_cellsim
1.506930e+03,25261,1.65219186962457e-04,1.06832205783828e-01,1.05964177987620e+03,sinkhorn_cellsim
1.508123e+03,25281,1.64327397788209e-04,1.06832567982716e-01,1.05964183887342e+03,sinkhorn_cellsim
1.509316e+03,25301,1.63299746808229e-04,1.06832923180766e-01,1.05964189558060e+03,sinkhorn_cellsim
1.510509e+03,25321,1.62334095361769e-04,1.06833264236840e-01,1.05964194991893e+03,sinkhorn_cellsim
1.511702e+03,25341,1.61353339272181e-04,1.06833568822265e-01,1.05964200200062e+03,sinkhorn_cellsim
1.512895e+03,25361,1.60300316185727e-04,1.06833799658181e-01,1.05964205238156e+03,sinkhorn_cellsim
1.514088e+03,25381,1.59180206066065e-04,1.06833954481430e-01,1.05964210165657e+03,sinkhorn_cellsim
1.515281e+03,25401,1.58019249386708e-04,1.06834055646387e-01,1.05964215021959e+03,sinkhorn_cellsim
1.516474e+03,25421,1.56823227932214e-04,1.06834123773411e-01,1.05964219832193e+03,sinkhorn_cellsim
1.517667e+03,25441,1.55599038415154e-04,1.06834171572943e-01,1.05964224613214e+03,sinkhorn_cellsim
1.518860e+03,25461,1.54386438707480e-04,1.06834206346095e-01,1.05964229375938e+03,sinkhorn_cellsim
1.520053e+03,25481,1.53238216906299e-04,1.06834232493401e-01,1.05964234127003e+03,sinkhorn_cellsim
1.521246e+03,25501,1.52095819576657e-04,1.06834252835142e-01,1.05964238870284e+03,sinkhorn_cellsim
1.522439e+03,25521,1.50965174141086e-04,1.06834269244819e-01,1.05964243608025e+03,sinkhorn_cellsim
1.523632e+03,25541,1.49845640326174e-04,1.06834282982728e-01,1.05964248341551e+03,sinkhorn_cellsim
1.524825e+03,25561,1.48746848294087e-04,1.06834294897184e-01,1.05964253071686e+03,sinkhorn_cellsim
1.526018e+03,25581,1.47680549926617e-04,1.06834305557265e-01,1.05964257798968e+03,sinkhorn_cellsim
1.527211e+03,25601,1.46646613673505e-04,1.06834315343376e-01,1.05964262523777e+03,sinkhorn_cellsim
1.528404e+03,25621,1.45643059225785e-04,1.06834324509351e-01,1.05964267246390e+03,sinkhorn_cellsim
1.529597e+03,25641,1.44655706434158e-04,1.06834333224700e-01,1.05964271967022e+03,sinkhorn_cellsim
1.530790e+03,25661,1.43684439521776e-04,1.06834341603165e-01,1.05964276685840e+03,sinkhorn_cellsim
1.531983e+03,25681,1.42732257547780e-04,1.06834349721884e-01,1.05964281402982e+03,sinkhorn_cellsim
1.533176e+03,25701,1.41799188479362e-04,1.06834357634222e-01,1.05964286118554e+03,sinkhorn_cellsim
1.534369e+03,25721,1.40886157403800e-04,1.06834365378416e-01,1.05964290832642e+03,sinkhorn_cellsim
1.535562e+03,25741,1.39993458249208e-04,1.06834372983448e-01,1.05964295545308e+03,sinkhorn_cellsim
1.536755e+03,25761,1.39121586151258e-04,1.06834380473209e-01,1.05964300256585e+03,sinkhorn_cellsim
1.537948e+03,25781,1.38270544433396e-04,1.06834387869652e-01,1.05964304966480e+03,sinkhorn_cellsim
1.539141e+03,25801,1.37438846091989e-04,1.06834395195555e-01,1.05964309674955e+03,sinkhorn_cellsim
1.540334e+03,25821,1.36625962854103e-04,1.06834402477405e-01,1.05964314381915e+03,sinkhorn_cellsim
1.541527e+03,25841,1.35831488807323e-04,1.06834409749024e-01,1.05964319087173e+03,sinkhorn_cellsim
1.542720e+03,25861,1.35054880531432e-04,1.06834417056739e-01,1.05964323790404e+03,sinkhorn_cellsim
1.543913e+03,25881,1.34296727297234e-04,1.06834424467124e-01,1.05964328491066e+03,sinkhorn_cellsim
1.545106e+03,25901,1.33555546301130e-04,1.06834432078921e-01,1.05964333188274e+03,sinkhorn_cellsim
1.546299e+03,25921,1.32829772851009e-04,1.06834440041189e-01,1.05964337880608e+03,sinkhorn_cellsim
1.547492e+03,25941,1.32118694820852e-04,1.06834448580055e-01,1.05964342565817e+03,sinkhorn_cellsim
1.548685e+03,25961,1.31422157941050e-04,1.06834458035747e-01,1.05964347240407e+03,sinkhorn_cellsim
1.549878e+03,25981,1.30739909267029e-04,1.06834468907509e-01,1.05964351899100e+03,sinkhorn_cellsim
1.551071e+03,26001,1.30071255818845e-04,1.06834481893460e-01,1.05964356534271e+03,sinkhorn_cellsim
1.552264e+03,26021,1.29410278229581e-04,1.06834497891973e-01,1.05964361135656e+03,sinkhorn_cellsim
1.553457e+03,26041,1.28754482834032e-04,1.06834517911707e-01,1.05964365690932e+03,sinkhorn_cellsim
1.554650e+03,26061,1.28093794250059e-04,1.06834542870645e-01,1.05964370187833e+03,sinkhorn_cellsim
1.555843e+03,26081,1.27412333427777e-04,1.06834573454834e-01,1.05964374617675e+03,sinkhorn_cellsim
1.557036e+03,26101,1.26680144153395e-04,1.06834610596332e-01,1.05964378978172e+03,sinkhorn_cellsim
1.558229e+03,26121,1.25831906123163e-04,1.06834657479901e-01,1.05964383271874e+03,sinkhorn_cellsim
1.559422e+03,26141,1.24821204530527e-04,1.06834723868608e-01,1.05964387498138e+03,sinkhorn_cellsim
1.560615e+03,26161,1.23663658839705e-04,1.06834832040721e-01,1.05964391640406e+03,sinkhorn_cellsim
1.561808e+03,26181,1.22575443184995e-04,1.06835016288691e-01,1.05964395656776e+03,sinkhorn_cellsim
1.563001e+03,26201,1.21385813401799e-04,1.06835292992271e-01,1.05964399496487e+03,sinkhorn_cellsim
1.564194e+03,26221,1.20043133198184e-04,1.06835608697939e-01,1.05964403155721e+03,sinkhorn_cellsim
1.565387e+03,26241,1.18621387965393e-04,1.06835869845280e-01,1.05964406697327e+03,sinkhorn_cellsim
1.566580e+03,26261,1.17216516924172e-04,1.06836037896297e-01,1.05964410187675e+03,sinkhorn_cellsim
1.567773e+03,26281,1.15807835569180e-04,1.06836132888319e-01,1.05964413658434e+03,sinkhorn_cellsim
1.568966e+03,26301,1.14408776468561e-04,1.06836185782475e-01,1.05964417119324e+03,sinkhorn_cellsim
1.570159e+03,26321,1.13050623088798e-04,1.06836217807299e-01,1.05964420572884e+03,sinkhorn_cellsim
1.571352e+03,26341,1.11720911753326e-04,1.06836240411868e-01,1.05964424019875e+03,sinkhorn_cellsim
1.572545e+03,26361,1.10439320451006e-04,1.06836259149601e-01,1.05964427460670e+03,sinkhorn_cellsim
1.573738e+03,26381,1.09199685346330e-04,1.06836276533667e-01,1.05964430895571e+03,sinkhorn_cellsim
1.574930e+03,26401,1.07987603905353e-04,1.06836293607315e-01,1.05964434324887e+03,sinkhorn_cellsim
1.576123e+03,26421,1.06803875163731e-04,1.06836310726533e-01,1.05964437748956e+03,sinkhorn_cellsim
1.577316e+03,26441,1.05649373168601e-04,1.06836327935479e-01,1.05964441168145e+03,sinkhorn_cellsim
1.578509e+03,26461,1.04534256170358e-04,1.06836345144627e-01,1.05964444582848e+03,sinkhorn_cellsim
1.579702e+03,26481,1.03452018476565e-04,1.06836362215764e-01,1.05964447993471e+03,sinkhorn_cellsim
1.580895e+03,26501,1.02408148822864e-04,1.06836379003089e-01,1.05964451400424e+03,sinkhorn_cellsim
1.582088e+03,26521,1.01411752493810e-04,1.06836395373190e-01,1.05964454804111e+03,sinkhorn_cellsim
1.583281e+03,26541,1.00459816087087e-04,1.06836411214326e-01,1.05964458204916e+03,sinkhorn_cellsim
1.584474e+03,26561,9.95521222279378e-05,1.06836426439941e-01,1.05964461603201e+03,sinkhorn_cellsim
1.585667e+03,26581,9.86898181584822e-05,1.06836440988835e-01,1.05964464999295e+03,sinkhorn_cellsim
1.586860e+03,26601,9.78715329725378e-05,1.06836454823363e-01,1.05964468393495e+03,sinkhorn_cellsim
1.588053e+03,26621,9.70928429014882e-05,1.06836467926498e-01,1.05964471786061e+03,sinkhorn_cellsim
1.589246e+03,26641,9.63523739323962e-05,1.06836480298396e-01,1.05964475177224e+03,sinkhorn_cellsim
1.590439e+03,26661,9.56503746893130e-05,1.06836491952827e-01,1.05964478567180e+03,sinkhorn_cellsim
1.591632e+03,26681,9.49843677925916e-05,1.06836502913804e-01,1.05964481956098e+03,sinkhorn_cellsim
1.592825e+03,26701,9.43508259053503e-05,1.06836513212571e-01,1.05964485344121e+03,sinkhorn_cellsim
1.594018e+03,26721,9.37473974521085e-05,1.06836522885034e-01,1.05964488731371e+03,sinkhorn_cellsim
1.595211e+03,26741,9.31723436409822e-05,1.06836531969674e-01,1.05964492117948e+03,sinkhorn_cellsim
1.596404e+03,26761,9.26243550083936e-05,1.06836540505906e-01,1.05964495503940e+03,sinkhorn_cellsim
1.597597e+03,26781,9.21025081770345e-05,1.06836548532856e-01,1.05964498889417e+03,sinkhorn_cellsim
1.598790e+03,26801,9.16040410992670e-05,1.06836556088489e-01,1.05964502274442e+03,sinkhorn_cellsim
1.599983e+03,26821,9.11278128538521e-05,1.06836563209032e-01,1.05964505659064e+03,sinkhorn_cellsim
1.601176e+03,26841,9.06716128860708e-05,1.06836569928626e-01,1.05964509043327e+03,sinkhorn_cellsim
1.602369e+03,26861,9.02331108722741e-05,1.06836576279206e-01,1.05964512427267e+03,sinkhorn_cellsim
1.603562e+03,26881,8.98109161748635e-05,1.06836582290592e-01,1.05964515810917e+03,sinkhorn_cellsim
1.604755e+03,26901,8.94042655872962e-05,1.06836587990903e-01,1.05964519194300e+03,sinkhorn_cellsim
1.605948e+03,26921,8.90117253470942e-05,1.06836593407594e-01,1.05964522577437e+03,sinkhorn_cellsim
1.607141e+03,26941,8.86323619501562e-05,1.06836598569907e-01,1.05964525960341e+03,sinkhorn_cellsim
1.608334e+03,26961,8.82651782128574e-05,1.06836603514711e-01,1.05964529343009e+03,sinkhorn_cellsim
1.609527e+03,26981,8.79085088946136e-05,1.06836608300580e-01,1.05964532725411e+03,sinkhorn_cellsim
1.610720e+03,27001,8.75602352814140e-05,1.06836613041954e-01,1.05964536107448e+03,sinkhorn_cellsim
1.611913e+03,27021,8.72168743540085e-05,1.06836617992165e-01,1.05964539488856e+03,sinkhorn_cellsim
1.613106e+03,27041,8.68718391789555e-05,1.06836623744418e-01,1.05964542868973e+03,sinkhorn_cellsim
1.614299e+03,27061,8.65212635981622e-05,1.06836631711824e-01,1.05964546246176e+03,sinkhorn_cellsim
1.615492e+03,27081,8.61349302160675e-05,1.06836645234994e-01,1.05964549616560e+03,sinkhorn_cellsim
1.616685e+03,27101,8.57824379367170e-05,1.06836671917536e-01,1.05964552970995e+03,sinkhorn_cellsim
1.617878e+03,27121,8.54975049597127e-05,1.06836727424230e-01,1.05964556289524e+03,sinkhorn_cellsim
1.619071e+03,27141,8.52188154031519e-05,1.06836836874241e-01,1.05964559534671e+03,sinkhorn_cellsim
1.620264e+03,27161,8.49406448928795e-05,1.06837019097675e-01,1.05964562656244e+03,sinkhorn_cellsim
1.621457e+03,27181,8.46592692029520e-05,1.06837249587899e-01,1.05964565625793e+03,sinkhorn_cellsim
1.622650e+03,27201,8.43829602253813e-05,1.06837463809552e-01,1.05964568469440e+03,sinkhorn_cellsim
1.623843e+03,27221,8.41062102429663e-05,1.06837619785306e-01,1.05964571241722e+03,sinkhorn_cellsim
1.625036e+03,27241,8.38254837663052e-05,1.06837718443288e-01,1.05964573983256e+03,sinkhorn_cellsim
1.626229e+03,27261,8.35385483778763e-05,1.06837777391711e-01,1.05964576713213e+03,sinkhorn_cellsim
1.627422e+03,27281,8.32471769627398e-05,1.06837812670475e-01,1.05964579438602e+03,sinkhorn_cellsim
1.628615e+03,27301,8.29551059408743e-05,1.06837835079938e-01,1.05964582161329e+03,sinkhorn_cellsim
1.629808e+03,27321,8.26632488415965e-05,1.06837851677867e-01,1.05964584880958e+03,sinkhorn_cellsim
1.631001e+03,27341,8.23771783103215e-05,1.06837868214231e-01,1.05964587594883e+03,sinkhorn_cellsim
1.632194e+03,27361,8.20961970923428e-05,1.06837892042210e-01,1.05964590296482e+03,sinkhorn_cellsim
1.633387e+03,27381,8.18211729181236e-05,1.06837936132490e-01,1.05964592970635e+03,sinkhorn_cellsim
1.634580e+03,27401,8.15475807107748e-05,1.06838023074560e-01,1.05964595586308e+03,sinkhorn_cellsim
1.635773e+03,27421,8.12790223179007e-05,1.06838179020470e-01,1.05964598092834e+03,sinkhorn_cellsim
1.636966e+03,27441,8.10092822052035e-05,1.06838399633412e-01,1.05964600441443e+03,sinkhorn_cellsim
1.638159e+03,27461,8.07379097062682e-05,1.06838621847066e-01,1.05964602633497e+03,sinkhorn_cellsim
1.639352e+03,27481,8.04576880859406e-05,1.06838781130970e-01,1.05964604724378e+03,sinkhorn_cellsim
1.640545e+03,27501,8.01648846906982e-05,1.06838871213390e-01,1.05964606769531e+03,sinkhorn_cellsim
1.641738e+03,27521,7.98605996999260e-05,1.06838918049298e-01,1.05964608797538e+03,sinkhorn_cellsim
1.642931e+03,27541,7.95576062627992e-05,1.06838944491722e-01,1.05964610818844e+03,sinkhorn_cellsim
1.644124e+03,27561,7.92503980701499e-05,1.06838962805650e-01,1.05964612836753e+03,sinkhorn_cellsim
1.645317e+03,27581,7.89363548534821e-05,1.06838978259632e-01,1.05964614852307e+03,sinkhorn_cellsim
1.646510e+03,27601,7.86250452559917e-05,1.06838992797042e-01,1.05964616865885e+03,sinkhorn_cellsim
1.647703e+03,27621,7.83129741502632e-05,1.06839007016294e-01,1.05964618877659e+03,sinkhorn_cellsim
1.648896e+03,27641,7.79997274140018e-05,1.06839021036859e-01,1.05964620887732e+03,sinkhorn_cellsim
1.650089e+03,27661,7.76840774719345e-05,1.06839034835959e-01,1.05964622896180e+03,sinkhorn_cellsim
1.651282e+03,27681,7.73627845377263e-05,1.06839048366104e-01,1.05964624903063e+03,sinkhorn_cellsim
1.652475e+03,27701,7.70375019788857e-05,1.06839061589647e-01,1.05964626908436e+03,sinkhorn_cellsim
1.653668e+03,27721,7.67094598421142e-05,1.06839074484661e-01,1.05964628912347e+03,sinkhorn_cellsim
1.654861e+03,27741,7.63804626831473e-05,1.06839087042418e-01,1.05964630914839e+03,sinkhorn_cellsim
1.656054e+03,27761,7.60548294330620e-05,1.06839099263353e-01,1.05964632915954e+03,sinkhorn_cellsim
1.657247e+03,27781,7.57305936755448e-05,1.06839111153631e-01,1.05964634915731e+03,sinkhorn_cellsim
1.658440e+03,27801,7.54063956217853e-05,1.06839122722657e-01,1.05964636914209e+03,sinkhorn_cellsim
1.659633e+03,27821,7.50812752902627e-05,1.06839133981427e-01,1.05964638911422e+03,sinkhorn_cellsim
1.660826e+03,27841,7.47551603645820e-05,1.06839144941481e-01,1.05964640907407e+03,sinkhorn_cellsim
1.662019e+03,27861,7.44290105940420e-05,1.06839155614296e-01,1.05964642902196e+03,sinkhorn_cellsim
1.663212e+03,27881,7.41049045858736e-05,1.06839166010938e-01,1.05964644895824e+03,sinkhorn_cellsim
1.664405e+03,27901,7.37813563848473e-05,1.06839176141893e-01,1.05964646888322e+03,sinkhorn_cellsim
1.665598e+03,27921,7.34577404555116e-05,1.06839186017006e-01,1.05964648879722e+03,sinkhorn_cellsim
1.666791e+03,27941,7.31341465198194e-05,1.06839195645473e-01,1.05964650870055e+03,sinkhorn_cellsim
1.667984e+03,27961,7.28140859361733e-05,1.06839205035881e-01,1.05964652859351e+03,sinkhorn_cellsim
1.669177e+03,27981,7.24967529200877e-05,1.06839214196247e-01,1.05964654847641e+03,sinkhorn_cellsim
1.670370e+03,28001,7.21798065759114e-05,1.06839223134083e-01,1.05964656834952e+03,sinkhorn_cellsim
1.671563e+03,28021,7.18641473659728e-05,1.06839231856437e-01,1.05964658821315e+03,sinkhorn_cellsim
1.672756e+03,28041,7.15490518494007e-05,1.06839240369956e-01,1.05964660806756e+03,sinkhorn_cellsim
1.673949e+03,28061,7.12345481922831e-05,1.06839248680926e-01,1.05964662791303e+03,sinkhorn_cellsim
1.675142e+03,28081,7.09205824273399e-05,1.06839256795315e-01,1.05964664774983e+03,sinkhorn_cellsim
1.676335e+03,28101,7.06078805701613e-05,1.06839264718815e-01,1.05964666757822e+03,sinkhorn_cellsim
1.677528e+03,28121,7.02976327838712e-05,1.06839272456860e-01,1.05964668739845e+03,sinkhorn_cellsim
1.678721e+03,28141,6.99910808512419e-05,1.06839280014663e-01,1.05964670721077e+03,sinkhorn_cellsim
1.679914e+03,28161,6.96870616631458e-05,1.06839287397233e-01,1.05964672701543e+03,sinkhorn_cellsim
1.681107e+03,28181,6.93862667758889e-05,1.06839294609408e-01,1.05964674681265e+03,sinkhorn_cellsim
1.682300e+03,28201,6.90878416844608e-05,1.06839301655842e-01,1.05964676660268e+03,sinkhorn_cellsim
1.683493e+03,28221,6.87910087325321e-05,1.06839308541048e-01,1.05964678638572e+03,sinkhorn_cellsim
1.684686e+03,28241,6.84966812526516e-05,1.06839315269403e-01,1.05964680616201e+03,sinkhorn_cellsim
1.685879e+03,28261,6.82052377283867e-05,1.06839321845146e-01,1.05964682593174e+03,sinkhorn_cellsim
1.687072e+03,28281,6.79161641117886e-05,1.06839328272408e-01,1.05964684569513e+03,sinkhorn_cellsim
1.688265e+03,28301,6.76288846125358e-05,1.06839334555231e-01,1.05964686545237e+03,sinkhorn_cellsim
1.689458e+03,28321,6.73434160213591e-05,1.06839340697604e-01,1.05964688520365e+03,sinkhorn_cellsim
1.690651e+03,28341,6.70601073472995e-05,1.06839346703562e-01,1.05964690494916e+03,sinkhorn_cellsim
1.691844e+03,28361,6.67789880811097e-05,1.06839352577395e-01,1.05964692468906e+03,sinkhorn_cellsim
1.693037e+03,28381,6.65004155855374e-05,1.06839358324178e-01,1.05964694442352e+03,sinkhorn_cellsim
1.694230e+03,28401,6.62243473629114e-05,1.06839363951045e-01,1.05964696415267e+03,sinkhorn_cellsim
1.695423e+03,28421,6.59498979268353e-05,1.06839369470294e-01,1.05964698387656e+03,sinkhorn_cellsim
1.696616e+03,28441,6.56767710963938e-05,1.06839374906982e-01,1.05964700359513e+03,sinkhorn_cellsim
1.697809e+03,28461,6.54043945088821e-05,1.06839380317473e-01,1.05964702330793e+03,sinkhorn_cellsim
1.699002e+03,28481,6.51314121686309e-05,1.06839385834669e-01,1.05964704301370e+03,sinkhorn_cellsim
1.700195e+03,28501,6.48542669427793e-05,1.06839391778146e-01,1.05964706270911e+03,sinkhorn_cellsim
1.701388e+03,28521,6.45679297003130e-05,1.06839398920452e-01,1.05964708238584e+03,sinkhorn_cellsim
1.702581e+03,28541,6.42809228825552e-05,1.06839409120996e-01,1.05964710202357e+03,sinkhorn_cellsim
1.703774e+03,28561,6.39867542116289e-05,1.06839426776362e-01,1.05964712157352e+03,sinkhorn_cellsim
1.704967e+03,28581,6.36902445746086e-05,1.06839461812664e-01,1.05964714092270e+03,sinkhorn_cellsim
1.706160e+03,28601,6.33667204335120e-05,1.06839534214808e-01,1.05964715982889e+03,sinkhorn_cellsim
1.707353e+03,28621,6.29837613407540e-05,1.06839674046854e-01,1.05964717785786e+03,sinkhorn_cellsim
1.708546e+03,28641,6.25437970055383e-05,1.06839897598492e-01,1.05964719449174e+03,sinkhorn_cellsim
1.709739e+03,28661,6.20828366915140e-05,1.06840163287749e-01,1.05964720956106e+03,sinkhorn_cellsim
1.710932e+03,28681,6.15938149295088e-05,1.06840393666249e-01,1.05964722347648e+03,sinkhorn_cellsim
1.712125e+03,28701,6.10573614155613e-05,1.06840554751949e-01,1.05964723678899e+03,sinkhorn_cellsim
1.713318e+03,28721,6.04861856515167e-05,1.06840659566363e-01,1.05964724982497e+03,sinkhorn_cellsim
1.714511e+03,28741,5.99169193314956e-05,1.06840729661874e-01,1.05964726272078e+03,sinkhorn_cellsim
1.715704e+03,28761,5.93436991933102e-05,1.06840779749160e-01,1.05964727553040e+03,sinkhorn_cellsim
1.716897e+03,28781,5.87724684037390e-05,1.06840818029732e-01,1.05964728827887e+03,sinkhorn_cellsim
1.718090e+03,28801,5.81965073461121e-05,1.06840848865837e-01,1.05964730098093e+03,sinkhorn_cellsim
1.719283e+03,28821,5.76223629455335e-05,1.06840874596181e-01,1.05964731364683e+03,sinkhorn_cellsim
1.720476e+03,28841,5.70624782441783e-05,1.06840896524956e-01,1.05964732628428e+03,sinkhorn_cellsim
1.721669e+03,28861,5.65132799646813e-05,1.06840915431169e-01,1.05964733889918e+03,sinkhorn_cellsim
1.722862e+03,28881,5.59707257635714e-05,1.06840931825339e-01,1.05964735149609e+03,sinkhorn_cellsim
1.724055e+03,28901,5.54380405580964e-05,1.06840946076946e-01,1.05964736407853e+03,sinkhorn_cellsim
1.725248e+03,28921,5.49117197403135e-05,1.06840958476870e-01,1.05964737664919e+03,sinkhorn_cellsim
1.726441e+03,28941,5.43906997789392e-05,1.06840969267694e-01,1.05964738921015e+03,sinkhorn_cellsim
1.727634e+03,28961,5.38778294913706e-05,1.06840978658507e-01,1.05964740176302e+03,sinkhorn_cellsim
1.728827e+03,28981,5.33770441329258e-05,1.06840986832366e-01,1.05964741430903e+03,sinkhorn_cellsim
1.730020e+03,29001,5.28941024219828e-05,1.06840993950442e-01,1.05964742684916e+03,sinkhorn_cellsim
1.731213e+03,29021,5.24269173922746e-05,1.06841000154666e-01,1.05964743938416e+03,sinkhorn_cellsim
1.732406e+03,29041,5.19740601168786e-05,1.06841005569757e-01,1.05964745191463e+03,sinkhorn_cellsim
1.733599e+03,29061,5.15310407281085e-05,1.06841010304966e-01,1.05964746444104e+03,sinkhorn_cellsim
1.734792e+03,29081,5.10985701450162e-05,1.06841014455688e-01,1.05964747696378e+03,sinkhorn_cellsim
1.735985e+03,29101,5.06767092707108e-05,1.06841018104958e-01,1.05964748948316e+03,sinkhorn_cellsim
1.737178e+03,29121,5.02657478839132e-05,1.06841021324842e-01,1.05964750199943e+03,sinkhorn_cellsim
1.738371e+03,29141,4.98642724110293e-05,1.06841024177747e-01,1.05964751451282e+03,sinkhorn_cellsim
1.739564e+03,29161,4.94710301999589e-05,1.06841026717586e-01,1.05964752702350e+03,sinkhorn_cellsim
1.740757e+03,29181,4.90862090461258e-05,1.06841028990862e-01,1.05964753953163e+03,sinkhorn_cellsim
1.741950e+03,29201,4.87099936495961e-05,1.06841031037613e-01,1.05964755203735e+03,sinkhorn_cellsim
1.743143e+03,29221,4.83430189013733e-05,1.06841032892273e-01,1.05964756454077e+03,sinkhorn_cellsim
1.744336e+03,29241,4.79853816961471e-05,1.06841034584412e-01,1.05964757704200e+03,sinkhorn_cellsim
1.745529e+03,29261,4.76361495670635e-05,1.06841036139400e-01,1.05964758954112e+03,sinkhorn_cellsim
1.746722e+03,29281,4.72950094583542e-05,1.06841037578982e-01,1.05964760203824e+03,sinkhorn_cellsim
1.747915e+03,29301,4.69628876663068e-05,1.06841038921783e-01,1.05964761453341e+03,sinkhorn_cellsim
1.749108e+03,29321,4.66384410412006e-05,1.06841040183730e-01,1.05964762702672e+03,sinkhorn_cellsim
1.750301e+03,29341,4.63212168130452e-05,1.06841041378445e-01,1.05964763951821e+03,sinkhorn_cellsim
1.751494e+03,29361,4.60114200988417e-05,1.06841042517556e-01,1.05964765200796e+03,sinkhorn_cellsim
1.752687e+03,29381,4.57097696679719e-05,1.06841043610993e-01,1.05964766449601e+03,sinkhorn_cellsim
1.753880e+03,29401,4.54165735956877e-05,1.06841044667207e-01,1.05964767698242e+03,sinkhorn_cellsim
1.755073e+03,29421,4.51313731235945e-05,1.06841045693407e-01,1.05964768946724e+03,sinkhorn_cellsim
1.756266e+03,29441,4.48534327892686e-05,1.06841046695710e-01,1.05964770195049e+03,sinkhorn_cellsim
1.757459e+03,29461,4.45821876904482e-05,1.06841047679318e-01,1.05964771443224e+03,sinkhorn_cellsim
1.758652e+03,29481,4.43169318385305e-05,1.06841048648641e-01,1.05964772691251e+03,sinkhorn_cellsim
1.759845e+03,29501,4.40568613075858e-05,1.06841049607403e-01,1.05964773939135e+03,sinkhorn_cellsim
1.761038e+03,29521,4.38023574158400e-05,1.06841050558753e-01,1.05964775186878e+03,sinkhorn_cellsim
1.762230e+03,29541,4.35527867682839e-05,1.06841051505338e-01,1.05964776434484e+03,sinkhorn_cellsim
1.763423e+03,29561,4.33080621138497e-05,1.06841052449380e-01,1.05964777681956e+03,sinkhorn_cellsim
1.764616e+03,29581,4.30680426417705e-05,1.06841053392737e-01,1.05964778929297e+03,sinkhorn_cellsim
1.765809e+03,29601,4.28325959192677e-05,1.06841054336953e-01,1.05964780176510e+03,sinkhorn_cellsim
1.767002e+03,29621,4.26015703384512e-05,1.06841055283306e-01,1.05964781423597e+03,sinkhorn_cellsim
1.768195e+03,29641,4.23755424208234e-05,1.06841056232842e-01,1.05964782670561e+03,sinkhorn_cellsim
1.769388e+03,29661,4.21539999718945e-05,1.06841057186416e-01,1.05964783917404e+03,sinkhorn_cellsim
1.770581e+03,29681,4.19363587226591e-05,1.06841058144713e-01,1.05964785164129e+03,sinkhorn_cellsim
1.771774e+03,29701,4.17226906524119e-05,1.06841059108279e-01,1.05964786410738e+03,sinkhorn_cellsim
1.772967e+03,29721,4.15130054143924e-05,1.06841060077533e-01,1.05964787657232e+03,sinkhorn_cellsim
1.774160e+03,29741,4.13071127911682e-05,1.06841061052791e-01,1.05964788903615e+03,sinkhorn_cellsim
1.775353e+03,29761,4.11050315786262e-05,1.06841062034288e-01,1.05964790149887e+03,sinkhorn_cellsim
1.776546e+03,29781,4.09067519506690e-05,1.06841063022176e-01,1.05964791396051e+03,sinkhorn_cellsim
1.777739e+03,29801,4.07120000496369e-05,1.06841064016545e-01,1.05964792642109e+03,sinkhorn_cellsim
1.778932e+03,29821,4.05209094813537e-05,1.06841065017429e-01,1.05964793888062e+03,sinkhorn_cellsim
1.780125e+03,29841,4.03335901062576e-05,1.06841066024820e-01,1.05964795133912e+03,sinkhorn_cellsim
1.781318e+03,29861,4.01498225349054e-05,1.06841067038670e-01,1.05964796379661e+03,sinkhorn_cellsim
1.782511e+03,29881,3.99697654022535e-05,1.06841068058894e-01,1.05964797625310e+03,sinkhorn_cellsim
1.783704e+03,29901,3.97931024208523e-05,1.06841069085381e-01,1.05964798870860e+03,sinkhorn_cellsim
1.784897e+03,29921,3.96197185169901e-05,1.06841070118002e-01,1.05964800116314e+03,sinkhorn_cellsim
1.786090e+03,29941,3.94495183871727e-05,1.06841071156601e-01,1.05964801361672e+03,sinkhorn_cellsim
1.787283e+03,29961,3.92822700536965e-05,1.06841072201008e-01,1.05964802606936e+03,sinkhorn_cellsim
1.788476e+03,29981,3.91178988270706e-05,1.06841073251043e-01,1.05964803852107e+03,sinkhorn_cellsim
1.789669e+03,30001,3.89562590127121e-05,1.06841074306513e-01,1.05964805097187e+03,sinkhorn_cellsim
1.790862e+03,30021,3.87973084415158e-05,1.06841075367210e-01,1.05964806342176e+03,sinkhorn_cellsim
1.792055e+03,30041,3.86412145572242e-05,1.06841076432927e-01,1.05964807587077e+03,sinkhorn_cellsim
1.793248e+03,30061,3.84879103558662e-05,1.06841077503448e-01,1.05964808831890e+03,sinkhorn_cellsim
1.794441e+03,30081,3.83373217207167e-05,1.06841078578548e-01,1.05964810076616e+03,sinkhorn_cellsim
1.795634e+03,30101,3.81895467947963e-05,1.06841079658006e-01,1.05964811321257e+03,sinkhorn_cellsim
1.796827e+03,30121,3.80442473569712e-05,1.06841080741592e-01,1.05964812565814e+03,sinkhorn_cellsim
1.798020e+03,30141,3.79015456054604e-05,1.06841081829084e-01,1.05964813810287e+03,sinkhorn_cellsim
1.799213e+03,30161,3.77610257716976e-05,1.06841082920255e-01,1.05964815054678e+03,sinkhorn_cellsim
1.800406e+03,30181,3.76227443579604e-05,1.06841084014884e-01,1.05964816298988e+03,sinkhorn_cellsim
1.801599e+03,30201,3.74867583536757e-05,1.06841085112788e-01,1.05964817543218e+03,sinkhorn_cellsim
1.802792e+03,30221,3.73530557189145e-05,1.06841086213835e-01,1.05964818787368e+03,sinkhorn_cellsim
1.803985e+03,30241,3.72212285680861e-05,1.06841087318032e-01,1.05964820031440e+03,sinkhorn_cellsim
1.805178e+03,30261,3.70910406994256e-05,1.06841088425758e-01,1.05964821275433e+03,sinkhorn_cellsim
1.806371e+03,30281,3.69625629771155e-05,1.06841089538256e-01,1.05964822519348e+03,sinkhorn_cellsim
1.807564e+03,30301,3.68355759454420e-05,1.06841090658909e-01,1.05964823763179e+03,sinkhorn_cellsim
1.808757e+03,30321,3.67101007437991e-05,1.06841091796324e-01,1.05964825006917e+03,sinkhorn_cellsim
1.809950e+03,30341,3.65861256701594e-05,1.06841092971880e-01,1.05964826250538e+03,sinkhorn_cellsim
1.811143e+03,30361,3.64626444396300e-05,1.06841094238188e-01,1.05964827493976e+03,sinkhorn_cellsim
1.812336e+03,30381,3.63382098117687e-05,1.06841095724131e-01,1.05964828737075e+03,sinkhorn_cellsim
1.813529e+03,30401,3.62086177726120e-05,1.06841097744577e-01,1.05964829979449e+03,sinkhorn_cellsim
1.814722e+03,30421,3.60641784547349e-05,1.06841101065706e-01,1.05964831220159e+03,sinkhorn_cellsim
1.815915e+03,30441,3.58816510805330e-05,1.06841107536334e-01,1.05964832456927e+03,sinkhorn_cellsim
1.817108e+03,30461,3.56854592599490e-05,1.06841121529555e-01,1.05964833684313e+03,sinkhorn_cellsim
1.818301e+03,30481,3.55696479025795e-05,1.06841152898381e-01,1.05964834889761e+03,sinkhorn_cellsim
1.819494e+03,30501,3.54523281227853e-05,1.06841221343944e-01,1.05964836046565e+03,sinkhorn_cellsim
1.820687e+03,30521,3.53282495233576e-05,1.06841355881712e-01,1.05964837107734e+03,sinkhorn_cellsim
1.821880e+03,30541,3.51916699087692e-05,1.06841570078437e-01,1.05964838020196e+03,sinkhorn_cellsim
1.823073e+03,30561,3.50453096243500e-05,1.06841818582100e-01,1.05964838773898e+03,sinkhorn_cellsim
1.824266e+03,30581,3.49022822597263e-05,1.06842021828875e-01,1.05964839422079e+03,sinkhorn_cellsim
1.825459e+03,30601,3.47713751091362e-05,1.06842147108102e-01,1.05964840025964e+03,sinkhorn_cellsim
1.826652e+03,30621,3.46499005454436e-05,1.06842212005492e-01,1.05964840616408e+03,sinkhorn_cellsim
1.827845e+03,30641,3.45334953618498e-05,1.06842242926266e-01,1.05964841203078e+03,sinkhorn_cellsim
1.829038e+03,30661,3.44188400571225e-05,1.06842257327899e-01,1.05964841788278e+03,sinkhorn_cellsim
1.830231e+03,30681,3.43025536557392e-05,1.06842264221025e-01,1.05964842372462e+03,sinkhorn_cellsim
1.831424e+03,30701,3.41862548493109e-05,1.06842267816747e-01,1.05964842955688e+03,sinkhorn_cellsim
1.832617e+03,30721,3.40701136681195e-05,1.06842270002277e-01,1.05964843537934e+03,sinkhorn_cellsim
1.833810e+03,30741,3.39543003800550e-05,1.06842271608257e-01,1.05964844119162e+03,sinkhorn_cellsim
1.835003e+03,30761,3.38413274613226e-05,1.06842272997590e-01,1.05964844699332e+03,sinkhorn_cellsim
1.836196e+03,30781,3.37296294413701e-05,1.06842274328610e-01,1.05964845278405e+03,sinkhorn_cellsim
1.837389e+03,30801,3.36193856454194e-05,1.06842275670831e-01,1.05964845856341e+03,sinkhorn_cellsim
1.838582e+03,30821,3.35107728781574e-05,1.06842277055417e-01,1.05964846433102e+03,sinkhorn_cellsim
1.839775e+03,30841,3.34026265546469e-05,1.06842278497129e-01,1.05964847008654e+03,sinkhorn_cellsim
1.840968e+03,30861,3.32942050067963e-05,1.06842280003816e-01,1.05964847582961e+03,sinkhorn_cellsim
1.842161e+03,30881,3.31874413436331e-05,1.06842281580486e-01,1.05964848155992e+03,sinkhorn_cellsim
1.843354e+03,30901,3.30822022537706e-05,1.06842283231050e-01,1.05964848727719e+03,sinkhorn_cellsim
1.844547e+03,30921,3.29785636333522e-05,1.06842284959029e-01,1.05964849298117e+03,sinkhorn_cellsim
1.845740e+03,30941,3.28754378611155e-05,1.06842286767830e-01,1.05964849867164e+03,sinkhorn_cellsim
1.846933e+03,30961,3.27730042191756e-05,1.06842288660821e-01,1.05964850434841e+03,sinkhorn_cellsim
1.848126e+03,30981,3.26713768366670e-05,1.06842290641343e-01,1.05964851001136e+03,sinkhorn_cellsim
1.849319e+03,31001,3.25696836273192e-05,1.06842292712652e-01,1.05964851566040e+03,sinkhorn_cellsim
1.850512e+03,31021,3.24685380515729e-05,1.06842294877878e-01,1.05964852129548e+03,sinkhorn_cellsim
1.851705e+03,31041,3.23684473658651e-05,1.06842297139959e-01,1.05964852691660e+03,sinkhorn_cellsim
1.852898e+03,31061,3.22694531875422e-05,1.06842299501577e-01,1.05964853252382e+03,sinkhorn_cellsim
1.854091e+03,31081,3.21726429159526e-05,1.06842301965090e-01,1.05964853811725e+03,sinkhorn_cellsim
1.855284e+03,31101,3.20771920314327e-05,1.06842304532483e-01,1.05964854369702e+03,sinkhorn_cellsim
1.856477e+03,31121,3.19817465494218e-05,1.06842307205294e-01,1.05964854926335e+03,sinkhorn_cellsim
1.857670e+03,31141,3.18863088396969e-05,1.06842309984579e-01,1.05964855481646e+03,sinkhorn_cellsim
1.858863e+03,31161,3.17915926074392e-05,1.06842312870862e-01,1.05964856035663e+03,sinkhorn_cellsim
1.860056e+03,31181,3.16981429321219e-05,1.06842315864098e-01,1.05964856588420e+03,sinkhorn_cellsim
1.861249e+03,31201,3.16052638525874e-05,1.06842318963650e-01,1.05964857139952e+03,sinkhorn_cellsim
1.862441e+03,31221,3.15143949481432e-05,1.06842322168273e-01,1.05964857690296e+03,sinkhorn_cellsim
1.863634e+03,31241,3.14237067868174e-05,1.06842325476107e-01,1.05964858239495e+03,sinkhorn_cellsim
1.864827e+03,31261,3.13349596911693e-05,1.06842328884686e-01,1.05964858787591e+03,sinkhorn_cellsim
1.866020e+03,31281,3.12471345502073e-05,1.06842332390953e-01,1.05964859334629e+03,sinkhorn_cellsim
1.867213e+03,31301,3.11599279503590e-05,1.06842335991283e-01,1.05964859880656e+03,sinkhorn_cellsim
1.868406e+03,31321,3.10728478243281e-05,1.06842339681525e-01,1.05964860425718e+03,sinkhorn_cellsim
1.869599e+03,31341,3.09873356294308e-05,1.06842343457038e-01,1.05964860969862e+03,sinkhorn_cellsim
1.870793e+03,31361,3.09022383746698e-05,1.06842347312752e-01,1.05964861513136e+03,sinkhorn_cellsim
1.871986e+03,31381,3.08175327755072e-05,1.06842351243214e-01,1.05964862055586e+03,sinkhorn_cellsim
1.873179e+03,31401,3.07332387462684e-05,1.06842355242646e-01,1.05964862597257e+03,sinkhorn_cellsim
1.874372e+03,31421,3.06505684776303e-05,1.06842359305030e-01,1.05964863138195e+03,sinkhorn_cellsim
1.875565e+03,31441,3.05689254523851e-05,1.06842363424135e-01,1.05964863678443e+03,sinkhorn_cellsim
1.876758e+03,31461,3.04888621793291e-05,1.06842367593608e-01,1.05964864218043e+03,sinkhorn_cellsim
1.877951e+03,31481,3.04098559897919e-05,1.06842371807028e-01,1.05964864757035e+03,sinkhorn_cellsim
1.879144e+03,31501,3.03326733568506e-05,1.06842376057958e-01,1.05964865295457e+03,sinkhorn_cellsim
1.880337e+03,31521,3.02578771686124e-05,1.06842380340002e-01,1.05964865833346e+03,sinkhorn_cellsim
1.881530e+03,31541,3.01862867612798e-05,1.06842384646857e-01,1.05964866370736e+03,sinkhorn_cellsim
1.882723e+03,31561,3.01173115039085e-05,1.06842388972364e-01,1.05964866907660e+03,sinkhorn_cellsim
1.883916e+03,31581,3.00493838871628e-05,1.06842393310528e-01,1.05964867444148e+03,sinkhorn_cellsim
1.885109e+03,31601,2.99824003617283e-05,1.06842397655574e-01,1.05964867980230e+03,sinkhorn_cellsim
1.886301e+03,31621,2.99178840761306e-05,1.06842402001964e-01,1.05964868515932e+03,sinkhorn_cellsim
1.887494e+03,31641,2.98551211056507e-05,1.06842406344423e-01,1.05964869051278e+03,sinkhorn_cellsim
1.888687e+03,31661,2.97932049142050e-05,1.06842410677955e-01,1.05964869586293e+03,sinkhorn_cellsim
1.889880e+03,31681,2.97321799205313e-05,1.06842414997855e-01,1.05964870120997e+03,sinkhorn_cellsim
1.891073e+03,31701,2.96713537406434e-05,1.06842419299729e-01,1.05964870655410e+03,sinkhorn_cellsim
1.892266e+03,31721,2.96113740577712e-05,1.06842423579485e-01,1.05964871189552e+03,sinkhorn_cellsim
1.893459e+03,31741,2.95517872079500e-05,1.06842427833346e-01,1.05964871723438e+03,sinkhorn_cellsim
1.894652e+03,31761,2.94929391185030e-05,1.06842432057842e-01,1.05964872257085e+03,sinkhorn_cellsim
1.895845e+03,31781,2.94357329457690e-05,1.06842436249820e-01,1.05964872790506e+03,sinkhorn_cellsim
1.897038e+03,31801,2.93799890211524e-05,1.06842440406432e-01,1.05964873323714e+03,sinkhorn_cellsim
1.898231e+03,31821,2.93252341077755e-05,1.06842444525141e-01,1.05964873856721e+03,sinkhorn_cellsim
1.899424e+03,31841,2.92709845795814e-05,1.06842448603744e-01,1.05964874389536e+03,sinkhorn_cellsim
1.900617e+03,31861,2.92169784923005e-05,1.06842452640360e-01,1.05964874922166e+03,sinkhorn_cellsim
1.901810e+03,31881,2.91635166892679e-05,1.06842456633500e-01,1.05964875454618e+03,sinkhorn_cellsim
1.903003e+03,31901,2.91106086786615e-05,1.06842460582117e-01,1.05964875986892e+03,sinkhorn_cellsim
1.904196e+03,31921,2.90580814096853e-05,1.06842464485727e-01,1.05964876518984e+03,sinkhorn_cellsim
1.905389e+03,31941,2.90063273785254e-05,1.06842468344615e-01,1.05964877050884e+03,sinkhorn_cellsim
1.906582e+03,31961,2.89553594178739e-05,1.06842472160180e-01,1.05964877582565e+03,sinkhorn_cellsim
1.907775e+03,31981,2.89049462477235e-05,1.06842475935472e-01,1.05964878113983e+03,sinkhorn_cellsim
1.908968e+03,32001,2.88532649397541e-05,1.06842479676099e-01,1.05964878645060e+03,sinkhorn_cellsim
1.910161e+03,32021,2.87999735509957e-05,1.06842483391696e-01,1.05964879175667e+03,sinkhorn_cellsim
1.911354e+03,32041,2.87452228669787e-05,1.06842487098229e-01,1.05964879705588e+03,sinkhorn_cellsim
1.912547e+03,32061,2.86895268924275e-05,1.06842490821649e-01,1.05964880234472e+03,sinkhorn_cellsim
1.913740e+03,32081,2.86307049328396e-05,1.06842494603481e-01,1.05964880761749e+03,sinkhorn_cellsim
1.914933e+03,32101,2.85666145215969e-05,1.06842498509017e-01,1.05964881286502e+03,sinkhorn_cellsim
1.916126e+03,32121,2.84943062423077e-05,1.06842502638326e-01,1.05964881807265e+03,sinkhorn_cellsim
1.917319e+03,32141,2.84132127600568e-05,1.06842507138608e-01,1.05964882321732e+03,sinkhorn_cellsim
1.918512e+03,32161,2.83205480587744e-05,1.06842512211095e-01,1.05964882826343e+03,sinkhorn_cellsim
1.919705e+03,32181,2.82185561441051e-05,1.06842518093997e-01,1.05964883315782e+03,sinkhorn_cellsim
1.920898e+03,32201,2.80958205755575e-05,1.06842524982480e-01,1.05964883782512e+03,sinkhorn_cellsim
1.922091e+03,32221,2.79593121067103e-05,1.06842532829280e-01,1.05964884216694e+03,sinkhorn_cellsim
1.923284e+03,32241,2.77945748656678e-05,1.06842541008179e-01,1.05964884607077e+03,sinkhorn_cellsim
1.924477e+03,32261,2.75925055512019e-05,1.06842548007480e-01,1.05964884943362e+03,sinkhorn_cellsim
1.925670e+03,32281,2.73496263761274e-05,1.06842551605699e-01,1.05964885219637e+03,sinkhorn_cellsim
1.926863e+03,32301,2.70918078914205e-05,1.06842549892442e-01,1.05964885436950e+03,sinkhorn_cellsim
1.928056e+03,32321,2.68321925857872e-05,1.06842542611970e-01,1.05964885602955e+03,sinkhorn_cellsim
1.929249e+03,32341,2.65518841335297e-05,1.06842531579924e-01,1.05964885728755e+03,sinkhorn_cellsim
1.930442e+03,32361,2.62427491915371e-05,1.06842519736182e-01,1.05964885825357e+03,sinkhorn_cellsim
1.931635e+03,32381,2.59076453766508e-05,1.06842509763788e-01,1.05964885901639e+03,sinkhorn_cellsim
1.932828e+03,32401,2.55706377614342e-05,1.06842503286849e-01,1.05964885963964e+03,sinkhorn_cellsim
1.934021e+03,32421,2.52214020933966e-05,1.06842500816882e-01,1.05964886016620e+03,sinkhorn_cellsim
1.935214e+03,32441,2.48633304348253e-05,1.06842502089314e-01,1.05964886062438e+03,sinkhorn_cellsim
1.936407e+03,32461,2.45020979151293e-05,1.06842506447964e-01,1.05964886103291e+03,sinkhorn_cellsim
1.937600e+03,32481,2.41367942899703e-05,1.06842513126229e-01,1.05964886140445e+03,sinkhorn_cellsim
1.938793e+03,32501,2.37816573849038e-05,1.06842521406655e-01,1.05964886174778e+03,sinkhorn_cellsim
1.939986e+03,32521,2.34353351155200e-05,1.06842530690443e-01,1.05964886206915e+03,sinkhorn_cellsim
1.941179e+03,32541,2.30903248079060e-05,1.06842540513340e-01,1.05964886237314e+03,sinkhorn_cellsim
1.942372e+03,32561,2.27531174818362e-05,1.06842550534879e-01,1.05964886266319e+03,sinkhorn_cellsim
1.943565e+03,32581,2.24225234639208e-05,1.06842560517268e-01,1.05964886294190e+03,sinkhorn_cellsim
1.944758e+03,32601,2.20989413433634e-05,1.06842570302685e-01,1.05964886321130e+03,sinkhorn_cellsim
1.945951e+03,32621,2.17796486187918e-05,1.06842579792854e-01,1.05964886347295e+03,sinkhorn_cellsim
1.947144e+03,32641,2.14647199128423e-05,1.06842588932338e-01,1.05964886372810e+03,sinkhorn_cellsim
1.948337e+03,32661,2.11542457131214e-05,1.06842597695534e-01,1.05964886397774e+03,sinkhorn_cellsim
1.949530e+03,32681,2.08525869409472e-05,1.06842606076969e-01,1.05964886422262e+03,sinkhorn_cellsim
1.950723e+03,32701,2.05619061124397e-05,1.06842614084247e-01,1.05964886446339e+03,sinkhorn_cellsim
1.951916e+03,32721,2.02794621532086e-05,1.06842621733032e-01,1.05964886470052e+03,sinkhorn_cellsim
1.953109e+03,32741,2.00059584413827e-05,1.06842629043555e-01,1.05964886493441e+03,sinkhorn_cellsim
1.954302e+03,32761,1.97396128730386e-05,1.06842636038254e-01,1.05964886516536e+03,sinkhorn_cellsim
1.955495e+03,32781,1.94795160179454e-05,1.06842642740192e-01,1.05964886539363e+03,sinkhorn_cellsim
1.956688e+03,32801,1.92255205944031e-05,1.06842649172047e-01,1.05964886561940e+03,sinkhorn_cellsim
1.957881e+03,32821,1.89777962478088e-05,1.06842655355488e-01,1.05964886584282e+03,sinkhorn_cellsim
1.959074e+03,32841,1.87354197554557e-05,1.06842661310830e-01,1.05964886606400e+03,sinkhorn_cellsim
1.960267e+03,32861,1.84975164869002e-05,1.06842667056853e-01,1.05964886628301e+03,sinkhorn_cellsim
1.961460e+03,32881,1.82646072471228e-05,1.06842672610753e-01,1.05964886649991e+03,sinkhorn_cellsim
1.962653e+03,32901,1.80360418530403e-05,1.06842677988168e-01,1.05964886671472e+03,sinkhorn_cellsim
1.963846e+03,32921,1.78112758555286e-05,1.06842683203251e-01,1.05964886692746e+03,sinkhorn_cellsim
1.965039e+03,32941,1.75897755695755e-05,1.06842688268755e-01,1.05964886713812e+03,sinkhorn_cellsim
1.966232e+03,32961,1.73718366554016e-05,1.06842693196155e-01,1.05964886734668e+03,sinkhorn_cellsim
1.967425e+03,32981,1.71580495818182e-05,1.06842697995768e-01,1.05964886755310e+03,sinkhorn_cellsim
1.968618e+03,33001,1.69490311634517e-05,1.06842702676850e-01,1.05964886775733e+03,sinkhorn_cellsim
1.969811e+03,33021,1.67440729943574e-05,1.06842707247729e-01,1.05964886795931e+03,sinkhorn_cellsim
1.971004e+03,33041,1.65428983225703e-05,1.06842711715884e-01,1.05964886815898e+03,sinkhorn_cellsim
c_index=-0.10684271171588436,Sw=0.0,Smin=0.10684271171588436,Smax=0.10684271171588436,Nw=73,pairs=190
