time(s),iter,infeas,ot_objective,primal,dual,solver
1.221640e-04,1,2.38275935439631e-01,3.79488187065036e-01,8.56040057944299e-01,0.00000000000000e+00,lamp_kernel
1.126190e-01,21,6.53266744893781e-02,2.95740974350018e-01,4.26394323328774e-01,9.66105269476006e-03,lamp_kernel
2.253168e-01,41,2.87279810901625e-02,2.01239985831394e-01,2.58695948011719e-01,2.34861105157052e-02,lamp_kernel
3.380043e-01,61,9.84895575560933e-03,1.20929696849028e-01,1.40627608360246e-01,4.14268305759316e-02,lamp_kernel
4.506692e-01,81,5.69532190392091e-03,9.35621922032986e-02,1.04952836011140e-01,5.29882454833795e-02,lamp_kernel
5.633033e-01,101,5.70291448060826e-03,8.48707342423927e-02,9.62765632036092e-02,5.93570910016274e-02,lamp_kernel
6.759141e-01,121,5.30734849931914e-03,8.11191795650907e-02,9.17338765637290e-02,6.30978561306903e-02,lamp_kernel
7.885259e-01,141,4.38765227107790e-03,7.90391784062509e-02,8.78144829484067e-02,6.54703788452923e-02,lamp_kernel
9.011577e-01,161,3.43480221929539e-03,7.77214307221642e-02,8.45910351607550e-02,6.70635305197353e-02,lamp_kernel
1.013772e+00,181,2.57747812470577e-03,7.68267704369807e-02,8.19817266863922e-02,6.81864107638795e-02,lamp_kernel
1.126403e+00,201,1.95764510692770e-03,7.61922631569001e-02,8.01075533707555e-02,6.90065327539346e-02,lamp_kernel
1.239015e+00,221,1.57572902098171e-03,7.57268023015934e-02,7.88782603435568e-02,6.96250932724334e-02,lamp_kernel
1.351643e+00,241,1.33015374668206e-03,7.53736658690011e-02,7.80339733623652e-02,7.01056984040150e-02,lamp_kernel
1.464278e+00,261,1.17726655359608e-03,7.50968614833454e-02,7.74513945905376e-02,7.04878820745017e-02,lamp_kernel
1.576913e+00,281,1.03064603241638e-03,7.48751905839607e-02,7.69364826487935e-02,7.07982382489507e-02,lamp_kernel
1.689550e+00,301,9.17909784509387e-04,7.46946866620743e-02,7.65305062310931e-02,7.10540913015739e-02,lamp_kernel
1.802185e+00,321,7.94185968752580e-04,7.45458956913235e-02,7.61342676288286e-02,7.12687397710775e-02,lamp_kernel
1.914834e+00,341,6.60394890223385e-04,7.44230791408187e-02,7.57438689212654e-02,7.14501155120021e-02,lamp_kernel
2.027482e+00,361,5.41227806243534e-04,7.43214705673619e-02,7.54039261798490e-02,7.16060610575410e-02,lamp_kernel
2.140141e+00,381,4.53649256199573e-04,7.42370668509156e-02,7.51443653633147e-02,7.17415967304121e-02,lamp_kernel
2.252797e+00,401,3.85045031720256e-04,7.41666165318448e-02,7.49367065952853e-02,7.18605678832098e-02,lamp_kernel
2.365445e+00,421,3.24779278900635e-04,7.41080460397777e-02,7.47576045975790e-02,7.19658399700898e-02,lamp_kernel
2.478086e+00,441,2.79211401910158e-04,7.40590183422451e-02,7.46174411460654e-02,7.20596050324364e-02,lamp_kernel
2.590744e+00,461,2.36826749030496e-04,7.40173804614829e-02,7.44910339595439e-02,7.21436272396262e-02,lamp_kernel
2.703402e+00,481,2.00897185780683e-04,7.39819670438317e-02,7.43837614153930e-02,7.22192235485310e-02,lamp_kernel
2.816058e+00,501,1.68777204377386e-04,7.39516822313478e-02,7.42892366401026e-02,7.22875445966736e-02,lamp_kernel
2.928704e+00,521,1.44006078874027e-04,7.39251482752774e-02,7.42131604330254e-02,7.23495760090738e-02,lamp_kernel
3.041373e+00,541,1.26382645958916e-04,7.39018456799263e-02,7.41546109718442e-02,7.24061778272866e-02,lamp_kernel
3.154028e+00,561,1.06801265412517e-04,7.38813719425754e-02,7.40949744734004e-02,7.24579730934849e-02,lamp_kernel
3.266683e+00,581,9.07857803902789e-05,7.38629521789656e-02,7.40445237397462e-02,7.25055403856717e-02,lamp_kernel
3.379353e+00,601,8.25805897513544e-05,7.38463017595261e-02,7.40114629390288e-02,7.25494379876652e-02,lamp_kernel
3.492030e+00,621,7.52543229290095e-05,7.38314005405936e-02,7.39819091864517e-02,7.25900837628332e-02,lamp_kernel
3.604709e+00,641,6.56088476341749e-05,7.38178299847676e-02,7.39490476800359e-02,7.26278259677356e-02,lamp_kernel
3.797810e+00,661,5.49531978375225e-05,7.38053398497870e-02,7.39152462454620e-02,7.26629637133154e-02,lamp_kernel
3.910469e+00,681,4.63366651783656e-05,7.37940392056746e-02,7.38867125360314e-02,7.26957492905042e-02,lamp_kernel
4.023105e+00,701,3.94903142642994e-05,7.37837376775990e-02,7.38627183061275e-02,7.27263995994758e-02,lamp_kernel
4.135742e+00,721,3.32561960893800e-05,7.37741792139712e-02,7.38406916061499e-02,7.27550381176392e-02,lamp_kernel
4.248360e+00,741,2.77652712951036e-05,7.37654422554180e-02,7.38209727980082e-02,7.27819325578852e-02,lamp_kernel
4.361003e+00,761,2.27975916919577e-05,7.37574909958861e-02,7.38030861792700e-02,7.28072351163961e-02,lamp_kernel
4.473617e+00,781,1.97618985486985e-05,7.37500985793277e-02,7.37896223764251e-02,7.28310845710625e-02,lamp_kernel
4.586241e+00,801,1.82151579146626e-05,7.37432572606144e-02,7.37796875764437e-02,7.28535803932209e-02,lamp_kernel
4.698862e+00,821,1.72149689829510e-05,7.37370137225993e-02,7.37714436605652e-02,7.28748314665489e-02,lamp_kernel
4.811481e+00,841,1.61038741928451e-05,7.37312217331548e-02,7.37634294815405e-02,7.28949551305474e-02,lamp_kernel
4.924116e+00,861,1.42905819084588e-05,7.37258017871534e-02,7.37543829509703e-02,7.29140283493232e-02,lamp_kernel
5.036751e+00,881,1.24523174724218e-05,7.37208002753431e-02,7.37457049102879e-02,7.29321314961174e-02,lamp_kernel
5.149388e+00,901,1.03195113855546e-05,7.37161621823013e-02,7.37368012050724e-02,7.29493151066181e-02,lamp_kernel
5.262015e+00,921,8.59688318279339e-06,7.37118034703308e-02,7.37289972366963e-02,7.29656652287056e-02,lamp_kernel
5.374639e+00,941,7.06349895211398e-06,7.37077292891507e-02,7.37218562870549e-02,7.29812311603347e-02,lamp_kernel
5.487256e+00,961,6.35710868456109e-06,7.37039247681176e-02,7.37166389854868e-02,7.29960767743476e-02,lamp_kernel
5.599877e+00,981,5.38251124051132e-06,7.37003450529146e-02,7.37111100753956e-02,7.30102496617899e-02,lamp_kernel
5.712481e+00,1001,4.85049303212199e-06,7.36969830837004e-02,7.37066840697646e-02,7.30237949344974e-02,lamp_kernel
5.825094e+00,1021,4.40182615478947e-06,7.36938206757417e-02,7.37026243280513e-02,7.30367582189459e-02,lamp_kernel
5.937701e+00,1041,4.13143147347361e-06,7.36908279814377e-02,7.36990908443846e-02,7.30491760093539e-02,lamp_kernel
6.050328e+00,1061,3.79306317875734e-06,7.36880119778785e-02,7.36955981042360e-02,7.30610613261761e-02,lamp_kernel
6.162946e+00,1081,3.37592787673670e-06,7.36853647392570e-02,7.36921165950104e-02,7.30724591302740e-02,lamp_kernel
6.275581e+00,1101,3.13524628038291e-06,7.36828481502788e-02,7.36891186428395e-02,7.30834063641743e-02,lamp_kernel
6.388197e+00,1121,2.69144198736568e-06,7.36804608727186e-02,7.36858437566933e-02,7.30939288849834e-02,lamp_kernel
6.500831e+00,1141,2.36062918785433e-06,7.36782192137529e-02,7.36829404721286e-02,7.31040505882861e-02,lamp_kernel
6.613450e+00,1161,2.02259233725025e-06,7.36761005626268e-02,7.36801457473013e-02,7.31137939500932e-02,lamp_kernel
6.726059e+00,1181,1.79868041137038e-06,7.36740785266075e-02,7.36776758874303e-02,7.31231797825411e-02,lamp_kernel
6.838686e+00,1201,1.59413577235930e-06,7.36721594523092e-02,7.36753477238539e-02,7.31322271894493e-02,lamp_kernel
6.951297e+00,1221,1.47729076982246e-06,7.36703504838855e-02,7.36733050654252e-02,7.31409539218415e-02,lamp_kernel
7.063892e+00,1241,1.43388695227839e-06,7.36686369987278e-02,7.36715047726323e-02,7.31493766517491e-02,lamp_kernel
7.176508e+00,1261,1.24813684165067e-06,7.36670010271062e-02,7.36694973007895e-02,7.31575110172038e-02,lamp_kernel
7.289144e+00,1281,1.18541686856733e-06,7.36654397334205e-02,7.36678105671576e-02,7.31653714930172e-02,lamp_kernel
7.401799e+00,1301,1.07104946217600e-06,7.36639601337885e-02,7.36661022327128e-02,7.31729714525943e-02,lamp_kernel
7.514462e+00,1321,1.00686806435489e-06,7.36625580735680e-02,7.36645718096967e-02,7.31803235365019e-02,lamp_kernel
7.627103e+00,1341,9.16514164578550e-07,7.36612165256918e-02,7.36630495540209e-02,7.31874397431941e-02,lamp_kernel
7.739755e+00,1361,8.62111767808155e-07,7.36599296167672e-02,7.36616538403029e-02,7.31943270701003e-02,lamp_kernel
7.852466e+00,1381,7.92586274960314e-07,7.36587049373005e-02,7.36602901098504e-02,7.32009888097242e-02,lamp_kernel
7.965132e+00,1401,7.27373449822894e-07,7.36575403224135e-02,7.36589950693132e-02,7.32074467674390e-02,lamp_kernel
8.077791e+00,1421,6.91508165065133e-07,7.36564237351308e-02,7.36578067514610e-02,7.32137101918591e-02,lamp_kernel
8.190465e+00,1441,6.55987697924739e-07,7.36553514864559e-02,7.36566634618517e-02,7.32197877255922e-02,lamp_kernel
8.303139e+00,1461,6.05466522719623e-07,7.36543264898281e-02,7.36555374228735e-02,7.32256874521319e-02,lamp_kernel
8.415827e+00,1481,5.89825783500485e-07,7.36533468237073e-02,7.36545264752743e-02,7.32314170134939e-02,lamp_kernel
8.528532e+00,1501,5.41895525670888e-07,7.36524074633388e-02,7.36534912543901e-02,7.32369836632670e-02,lamp_kernel
8.641235e+00,1521,5.06543003774496e-07,7.36515056166754e-02,7.36525187026830e-02,7.32423942531198e-02,lamp_kernel
8.753929e+00,1541,4.72621491285176e-07,7.36506400887441e-02,7.36515853317267e-02,7.32476552243104e-02,lamp_kernel
8.866631e+00,1561,4.90608737047823e-07,7.36498097172536e-02,7.36507909347277e-02,7.32527726647950e-02,lamp_kernel
8.979367e+00,1581,4.72372481474126e-07,7.36490129526517e-02,7.36499576976146e-02,7.32577523604836e-02,lamp_kernel
9.092070e+00,1601,4.15065744685929e-07,7.36482477722649e-02,7.36490779037542e-02,7.32625997844252e-02,lamp_kernel
9.204762e+00,1621,4.06968518341843e-07,7.36475121923610e-02,7.36483261293977e-02,7.32673201125689e-02,lamp_kernel
9.317476e+00,1641,4.03059373724464e-07,7.36468045566610e-02,7.36476106754084e-02,7.32719182732508e-02,lamp_kernel
9.430204e+00,1661,4.11542109910581e-07,7.36461236903908e-02,7.36469467746106e-02,7.32763989436145e-02,lamp_kernel
9.542930e+00,1681,3.83593203763748e-07,7.36454689275603e-02,7.36462361139679e-02,7.32807587709460e-02,lamp_kernel
9.655679e+00,1701,3.52986475807799e-07,7.36448391895214e-02,7.36455451624730e-02,7.32850014603159e-02,lamp_kernel
9.768414e+00,1721,3.48616569349473e-07,7.36442325968067e-02,7.36449298299454e-02,7.32891397794109e-02,lamp_kernel
9.881158e+00,1741,3.50837659608450e-07,7.36436474954166e-02,7.36443491707358e-02,7.32931775519589e-02,lamp_kernel
9.993893e+00,1761,3.51153652940488e-07,7.36430830037269e-02,7.36437853110328e-02,7.32971183874727e-02,lamp_kernel
1.010665e+01,1781,3.25560906667184e-07,7.36425387460308e-02,7.36431898678442e-02,7.33009650842662e-02,lamp_kernel
1.021944e+01,1801,3.11810654834517e-07,7.36420143899261e-02,7.36426380112358e-02,7.33047171570766e-02,lamp_kernel
1.033221e+01,1821,3.10998805104901e-07,7.36415086261152e-02,7.36421306237254e-02,7.33083822763726e-02,lamp_kernel
1.044499e+01,1841,3.06940153316731e-07,7.36410192872633e-02,7.36416331675699e-02,7.33119634429568e-02,lamp_kernel
1.055778e+01,1861,3.07725409581338e-07,7.36405455063059e-02,7.36411609571251e-02,7.33154634983539e-02,lamp_kernel
1.067057e+01,1881,2.99902414820908e-07,7.36400881174682e-02,7.36406879222979e-02,7.33188851480081e-02,lamp_kernel
1.078337e+01,1901,2.87192294542939e-07,7.36396470754570e-02,7.36402214600460e-02,7.33222309932495e-02,lamp_kernel
1.089619e+01,1921,2.82141272550470e-07,7.36392205265749e-02,7.36397848091200e-02,7.33255035358372e-02,lamp_kernel
1.100901e+01,1941,2.78831575489639e-07,7.36388068950253e-02,7.36393645581763e-02,7.33287051656062e-02,lamp_kernel
1.112182e+01,1961,2.77057448624252e-07,7.36384060554423e-02,7.36389601703395e-02,7.33318381571321e-02,lamp_kernel
1.123466e+01,1981,2.74490088649214e-07,7.36380183226269e-02,7.36385673028042e-02,7.33349046814748e-02,lamp_kernel
1.134751e+01,2001,2.68633396083529e-07,7.36376434551807e-02,7.36381807219729e-02,7.33379068251489e-02,lamp_kernel
1.146039e+01,2021,2.60781947113931e-07,7.36372805569557e-02,7.36378021208499e-02,7.33408465999622e-02,lamp_kernel
1.157328e+01,2041,2.53108028921202e-07,7.36369285386872e-02,7.36374347547450e-02,7.33437259361685e-02,lamp_kernel
1.168619e+01,2061,2.50096946096253e-07,7.36365868533521e-02,7.36370870472443e-02,7.33465466757737e-02,lamp_kernel
1.179909e+01,2081,2.54841759485497e-07,7.36362556056686e-02,7.36367652891876e-02,7.33493105803674e-02,lamp_kernel
1.191201e+01,2101,2.48064672764469e-07,7.36359347640731e-02,7.36364308934186e-02,7.33520193445608e-02,lamp_kernel
1.202495e+01,2121,2.38544774891434e-07,7.36356237498138e-02,7.36361008393635e-02,7.33546746030177e-02,lamp_kernel
1.213789e+01,2141,2.32895266001377e-07,7.36353219129909e-02,7.36357877035229e-02,7.33572779295490e-02,lamp_kernel
1.225082e+01,2161,2.29129679933108e-07,7.36350288483252e-02,7.36354871076851e-02,7.33598308330372e-02,lamp_kernel
1.236375e+01,2181,2.30410313316210e-07,7.36347442188650e-02,7.36352050394916e-02,7.33623347588046e-02,lamp_kernel
1.247672e+01,2201,2.27495533366428e-07,7.36344677637841e-02,7.36349227548509e-02,7.33647910974642e-02,lamp_kernel
1.258973e+01,2221,2.19996768962883e-07,7.36341993941978e-02,7.36346393877357e-02,7.33672011917098e-02,lamp_kernel
1.270273e+01,2241,2.14194616546721e-07,7.36339389087663e-02,7.36343672979993e-02,7.33695663361995e-02,lamp_kernel
1.281573e+01,2261,2.09598490899340e-07,7.36336858057290e-02,7.36341050027108e-02,7.33718877763803e-02,lamp_kernel
1.292875e+01,2281,2.09913972022738e-07,7.36334396199360e-02,7.36338594478800e-02,7.33741667100355e-02,lamp_kernel
1.304178e+01,2301,2.07562591181660e-07,7.36332001737406e-02,7.36336152989230e-02,7.33764042907126e-02,lamp_kernel
1.315478e+01,2321,2.01524121748402e-07,7.36329673552032e-02,7.36333704034467e-02,7.33786016318714e-02,lamp_kernel
1.326780e+01,2341,1.96652543197665e-07,7.36327409456162e-02,7.36331342507026e-02,7.33807598088979e-02,lamp_kernel
1.338080e+01,2361,1.93348757716889e-07,7.36325207268065e-02,7.36329074243220e-02,7.33828798582865e-02,lamp_kernel
1.349385e+01,2381,1.91663473739344e-07,7.36323064979173e-02,7.36326898248648e-02,7.33849627785134e-02,lamp_kernel
1.360686e+01,2401,1.89738777613170e-07,7.36320979781570e-02,7.36324774557122e-02,7.33870095340172e-02,lamp_kernel
1.371989e+01,2421,1.85687941905359e-07,7.36318948679730e-02,7.36322662438569e-02,7.33890210579959e-02,lamp_kernel
1.383293e+01,2441,1.81117580000864e-07,7.36316969797971e-02,7.36320592149571e-02,7.33909982522952e-02,lamp_kernel
1.394597e+01,2461,1.78205528664903e-07,7.36315042282661e-02,7.36318606393235e-02,7.33929419867763e-02,lamp_kernel
1.405901e+01,2481,1.76042745060353e-07,7.36313165318905e-02,7.36316686173806e-02,7.33948531002301e-02,lamp_kernel
1.417205e+01,2501,1.73657137341772e-07,7.36311337325794e-02,7.36314810468541e-02,7.33967317918882e-02,lamp_kernel
1.428509e+01,2521,1.70627614345838e-07,7.36309555762990e-02,7.36312968315277e-02,7.33985790790437e-02,lamp_kernel
1.439814e+01,2541,1.67019310532884e-07,7.36307817965663e-02,7.36311158351874e-02,7.34003961569838e-02,lamp_kernel
1.451118e+01,2561,1.63435062547977e-07,7.36306122309769e-02,7.36309391011020e-02,7.34021837597698e-02,lamp_kernel
1.462426e+01,2581,1.61125865913268e-07,7.36304468270756e-02,7.36307690788074e-02,7.34039425950906e-02,lamp_kernel
1.473732e+01,2601,1.59234441612318e-07,7.36302855415843e-02,7.36306040104675e-02,7.34056733476849e-02,lamp_kernel
1.485038e+01,2621,1.56648092171830e-07,7.36301282558979e-02,7.36304415520823e-02,7.34073766825765e-02,lamp_kernel
1.542451e+01,2641,1.53476796969896e-07,7.36299747738038e-02,7.36302817273977e-02,7.34090532454698e-02,lamp_kernel
1.553766e+01,2661,1.50033082380845e-07,7.36298248867249e-02,7.36301249528897e-02,7.34107034250437e-02,lamp_kernel
1.565071e+01,2681,1.46993191532197e-07,7.36296784485419e-02,7.36299724349250e-02,7.34123278356869e-02,lamp_kernel
1.576377e+01,2701,1.44578961961983e-07,7.36295353926512e-02,7.36298245505751e-02,7.34139273022660e-02,lamp_kernel
1.587683e+01,2721,1.42755987609966e-07,7.36293956814065e-02,7.36296811933817e-02,7.34155023924702e-02,lamp_kernel
1.598988e+01,2741,1.41398673948378e-07,7.36292592422540e-02,7.36295420396019e-02,7.34170536577949e-02,lamp_kernel
1.610296e+01,2761,1.39111196872640e-07,7.36291259440505e-02,7.36294041664443e-02,7.34185816335546e-02,lamp_kernel
1.621602e+01,2781,1.35474056352374e-07,7.36289956279251e-02,7.36292665760378e-02,7.34200868386183e-02,lamp_kernel
1.632906e+01,2801,1.31626303296756e-07,7.36288681621162e-02,7.36291314147227e-02,7.34215697760319e-02,lamp_kernel
1.644212e+01,2821,1.28904348250880e-07,7.36287434683156e-02,7.36290012770121e-02,7.34230309343319e-02,lamp_kernel
1.655518e+01,2841,1.28202018424267e-07,7.36286215009202e-02,7.36288779049571e-02,7.34244707884014e-02,lamp_kernel
1.666823e+01,2861,1.28225785557852e-07,7.36285022083420e-02,7.36287586599131e-02,7.34258897995232e-02,lamp_kernel
1.678129e+01,2881,1.26684081609861e-07,7.36283855105978e-02,7.36286388787610e-02,7.34272884154311e-02,lamp_kernel
1.689434e+01,2901,1.22891649551460e-07,7.36282713051235e-02,7.36285170884226e-02,7.34286670709282e-02,lamp_kernel
1.700740e+01,2921,1.18755938672921e-07,7.36281594895431e-02,7.36283970014205e-02,7.34300261887091e-02,lamp_kernel
1.712048e+01,2941,1.16179827285579e-07,7.36280499781798e-02,7.36282823378344e-02,7.34313661798802e-02,lamp_kernel
1.723355e+01,2961,1.15919797191364e-07,7.36279427041570e-02,7.36281745437514e-02,7.34326874441567e-02,lamp_kernel
1.734661e+01,2981,1.16453919797442e-07,7.36278376163411e-02,7.36280705241807e-02,7.34339903700192e-02,lamp_kernel
1.745970e+01,3001,1.15381206142561e-07,7.36277346715585e-02,7.36279654339708e-02,7.34352753350958e-02,lamp_kernel
1.757275e+01,3021,1.12237760909048e-07,7.36276338191058e-02,7.36278582946276e-02,7.34365427067888e-02,lamp_kernel
1.768583e+01,3041,1.08585027838887e-07,7.36275349906801e-02,7.36277521607357e-02,7.34377921862060e-02,lamp_kernel
1.779890e+01,3061,1.06353029303900e-07,7.36274381065755e-02,7.36276508126342e-02,7.34390244082281e-02,lamp_kernel
1.791197e+01,3081,1.06016910999023e-07,7.36273430901575e-02,7.36275551239795e-02,7.34402401132187e-02,lamp_kernel
1.802506e+01,3101,1.06256412549043e-07,7.36272498802455e-02,7.36274623930706e-02,7.34414396298871e-02,lamp_kernel
1.813815e+01,3121,1.05354905179255e-07,7.36271584373807e-02,7.36273691471910e-02,7.34426232780884e-02,lamp_kernel
1.825125e+01,3141,1.02899000740566e-07,7.36270687380735e-02,7.36272745360749e-02,7.34437913694643e-02,lamp_kernel
1.836434e+01,3161,9.99827241805563e-08,7.36269807559057e-02,7.36271807213541e-02,7.34449442079099e-02,lamp_kernel
1.847742e+01,3181,9.80594448805998e-08,7.36268944421917e-02,7.36270905610815e-02,7.34460820896763e-02,lamp_kernel
1.859051e+01,3201,9.73947298390629e-08,7.36268097239663e-02,7.36270045134260e-02,7.34472053032993e-02,lamp_kernel
1.870359e+01,3221,9.69776262402733e-08,7.36267265248155e-02,7.36269204800680e-02,7.34483141296891e-02,lamp_kernel
1.881667e+01,3241,9.59974339872942e-08,7.36266447928194e-02,7.36268367876874e-02,7.34494088424805e-02,lamp_kernel
1.892978e+01,3261,9.44790791826539e-08,7.36265645102051e-02,7.36267534683635e-02,7.34504897084687e-02,lamp_kernel
1.904287e+01,3281,9.29332677264641e-08,7.36264856749807e-02,7.36266715415162e-02,7.34515569879308e-02,lamp_kernel
1.915596e+01,3301,9.19640164228969e-08,7.36264082706526e-02,7.36265921986854e-02,7.34526109348018e-02,lamp_kernel
1.926904e+01,3321,9.13327003963376e-08,7.36263322491950e-02,7.36265149145958e-02,7.34536517967884e-02,lamp_kernel
1.938214e+01,3341,9.05441871179740e-08,7.36262575411528e-02,7.36264386295271e-02,7.34546798154880e-02,lamp_kernel
1.949524e+01,3361,8.93873548999212e-08,7.36261840847448e-02,7.36263628594546e-02,7.34556952265325e-02,lamp_kernel
1.960832e+01,3381,8.81333863830057e-08,7.36261118484680e-02,7.36262881152408e-02,7.34566982597651e-02,lamp_kernel
1.972143e+01,3401,8.72886801659719e-08,7.36260408272679e-02,7.36262154046282e-02,7.34576891394432e-02,lamp_kernel
1.983453e+01,3421,8.69932179798573e-08,7.36259710187418e-02,7.36261450051778e-02,7.34586680844484e-02,lamp_kernel
1.994764e+01,3441,8.67278649861919e-08,7.36259024026936e-02,7.36260758584236e-02,7.34596353084975e-02,lamp_kernel
2.006074e+01,3461,8.59347093404477e-08,7.36258349387373e-02,7.36260068081560e-02,7.34605910203404e-02,lamp_kernel
2.017384e+01,3481,8.46234860153578e-08,7.36257685786814e-02,7.36259378256535e-02,7.34615354238912e-02,lamp_kernel
2.028693e+01,3501,8.32855249374644e-08,7.36257032814387e-02,7.36258698524886e-02,7.34624687182836e-02,lamp_kernel
2.040002e+01,3521,8.24334921912386e-08,7.36256390205687e-02,7.36258038875531e-02,7.34633910979288e-02,lamp_kernel
2.051311e+01,3541,8.22377000382855e-08,7.36255757822568e-02,7.36257402576569e-02,7.34643027526484e-02,lamp_kernel
2.062623e+01,3561,8.23455304322919e-08,7.36255135578419e-02,7.36256782489028e-02,7.34652038678752e-02,lamp_kernel
2.073933e+01,3581,8.22208157377002e-08,7.36254523356768e-02,7.36256167773082e-02,7.34660946248489e-02,lamp_kernel
2.085245e+01,3601,8.15745810304316e-08,7.36253920951562e-02,7.36255552443182e-02,7.34669752007582e-02,lamp_kernel
2.096553e+01,3621,8.05805029045804e-08,7.36253328053095e-02,7.36254939663153e-02,7.34678457688257e-02,lamp_kernel
2.107865e+01,3641,7.96796949614504e-08,7.36252744301019e-02,7.36254337894918e-02,7.34687064983767e-02,lamp_kernel
2.119176e+01,3661,7.91525169067622e-08,7.36252169387896e-02,7.36253752438234e-02,7.34695573022607e-02,lamp_kernel
2.130487e+01,3681,7.90263621893153e-08,7.36251603140175e-02,7.36253183667419e-02,7.34703985536012e-02,lamp_kernel
2.141798e+01,3701,7.91078794187922e-08,7.36251045504316e-02,7.36252627661904e-02,7.34712304614235e-02,lamp_kernel
2.153110e+01,3721,7.90798962818157e-08,7.36250496444362e-02,7.36252078042287e-02,7.34720531802233e-02,lamp_kernel
2.164420e+01,3741,7.87565984036472e-08,7.36249955836486e-02,7.36251530968454e-02,7.34728668610844e-02,lamp_kernel
2.175731e+01,3761,7.81232958778708e-08,7.36249423442552e-02,7.36250985908470e-02,7.34736716517929e-02,lamp_kernel
2.187043e+01,3781,7.73132296406242e-08,7.36248898970443e-02,7.36250445235036e-02,7.34744676969809e-02,lamp_kernel
2.198354e+01,3801,7.65874473738825e-08,7.36248382165227e-02,7.36249913914175e-02,7.34752551382439e-02,lamp_kernel
2.209666e+01,3821,7.61767156280714e-08,7.36247872864635e-02,7.36249396398948e-02,7.34760341141905e-02,lamp_kernel
2.220978e+01,3841,7.61011007693164e-08,7.36247370987859e-02,7.36248893009874e-02,7.34768047604422e-02,lamp_kernel
2.232288e+01,3861,7.61411790693878e-08,7.36246876477890e-02,7.36248399301471e-02,7.34775672096547e-02,lamp_kernel
2.243598e+01,3881,7.59918838531952e-08,7.36246389245408e-02,7.36247909083085e-02,7.34783215916132e-02,lamp_kernel
2.254910e+01,3901,7.55003986260893e-08,7.36245909148476e-02,7.36247419156449e-02,7.34790680333880e-02,lamp_kernel
2.266298e+01,3921,7.47613058601763e-08,7.36245436006538e-02,7.36246931232655e-02,7.34798066594816e-02,lamp_kernel
2.277615e+01,3941,7.40666442366452e-08,7.36244969628712e-02,7.36246450961597e-02,7.34805375919032e-02,lamp_kernel
2.288928e+01,3961,7.36420187510166e-08,7.36244509840783e-02,7.36245982681158e-02,7.34812609501706e-02,lamp_kernel
2.300244e+01,3981,7.35136661793995e-08,7.36244056505931e-02,7.36245526779255e-02,7.34819768512971e-02,lamp_kernel
2.311560e+01,4001,7.34686323277634e-08,7.36243609533505e-02,7.36245078906151e-02,7.34826854098265e-02,lamp_kernel
2.322873e+01,4021,7.32667246207231e-08,7.36243168866810e-02,7.36244634201303e-02,7.34833867379318e-02,lamp_kernel
2.334187e+01,4041,7.28609697416152e-08,7.36242734448168e-02,7.36244191667563e-02,7.34840809455361e-02,lamp_kernel
2.345503e+01,4061,7.23682973010983e-08,7.36242306179248e-02,7.36243753545194e-02,7.34847681404021e-02,lamp_kernel
2.356819e+01,4081,7.19191683894094e-08,7.36241883907552e-02,7.36243322290920e-02,7.34854484281721e-02,lamp_kernel
2.368134e+01,4101,7.15552683734808e-08,7.36241467455629e-02,7.36242898560996e-02,7.34861219123819e-02,lamp_kernel
2.379450e+01,4121,7.12374933125289e-08,7.36241056674442e-02,7.36242481424308e-02,7.34867886944881e-02,lamp_kernel
2.390764e+01,4141,7.09173168143808e-08,7.36240651476050e-02,7.36242069822386e-02,7.34874488739247e-02,lamp_kernel
2.402080e+01,4161,7.05900834920150e-08,7.36240251816809e-02,7.36241663618479e-02,7.34881025481740e-02,lamp_kernel
2.413397e+01,4181,7.02800882133919e-08,7.36239857648864e-02,7.36241263250628e-02,7.34887493413376e-02,lamp_kernel
2.424711e+01,4201,6.99503500901877e-08,7.36239468886079e-02,7.36240867893081e-02,7.34893894178685e-02,lamp_kernel
2.436027e+01,4221,6.95660565829683e-08,7.36239085411187e-02,7.36240476732319e-02,7.34900232794957e-02,lamp_kernel
2.447340e+01,4241,6.91347954773952e-08,7.36238707108233e-02,7.36240089804142e-02,7.34906510162170e-02,lamp_kernel
2.458653e+01,4261,6.87164008078088e-08,7.36238333882948e-02,7.36239708210964e-02,7.34912727162999e-02,lamp_kernel
2.469966e+01,4281,6.83749935079953e-08,7.36237965654183e-02,7.36239333154053e-02,7.34918884663467e-02,lamp_kernel
2.481281e+01,4301,6.81300545352914e-08,7.36237602333807e-02,7.36238964934897e-02,7.34924983513423e-02,lamp_kernel
2.492597e+01,4321,6.78904341985812e-08,7.36237243823993e-02,7.36238601632677e-02,7.34931024546756e-02,lamp_kernel
2.503912e+01,4341,6.75112095039083e-08,7.36236890037755e-02,7.36238240261945e-02,7.34937008581507e-02,lamp_kernel
2.515225e+01,4361,6.70127405291961e-08,7.36236540918573e-02,7.36237881173384e-02,7.34942936420103e-02,lamp_kernel
2.526542e+01,4381,6.65694582815485e-08,7.36236196431506e-02,7.36237527820671e-02,7.34948808849825e-02,lamp_kernel
2.537859e+01,4401,6.62311929372752e-08,7.36235856528029e-02,7.36237181151888e-02,7.34954626643399e-02,lamp_kernel
2.549175e+01,4421,6.59883229327895e-08,7.36235521117497e-02,7.36236840883955e-02,7.34960390559524e-02,lamp_kernel
2.560491e+01,4441,6.58302239462115e-08,7.36235190075333e-02,7.36236506679812e-02,7.34966101343209e-02,lamp_kernel
2.571808e+01,4461,6.55863953588652e-08,7.36234863283405e-02,7.36236175011312e-02,7.34971759725932e-02,lamp_kernel
2.583125e+01,4481,6.52006934204289e-08,7.36234540666849e-02,7.36235844680717e-02,7.34977366425759e-02,lamp_kernel
2.594440e+01,4501,6.47377670619265e-08,7.36234222196320e-02,7.36235516951661e-02,7.34982922147524e-02,lamp_kernel
2.605755e+01,4521,6.43071794970324e-08,7.36233907855793e-02,7.36235193999383e-02,7.34988427583141e-02,lamp_kernel
2.617070e+01,4541,6.39685438146625e-08,7.36233597606243e-02,7.36234876977119e-02,7.34993883412001e-02,lamp_kernel
2.628385e+01,4561,6.36952209385793e-08,7.36233291373363e-02,7.36234565277782e-02,7.34999290301392e-02,lamp_kernel
2.639700e+01,4581,6.34211845714684e-08,7.36232989063785e-02,7.36234257487477e-02,7.35004648906872e-02,lamp_kernel
2.651015e+01,4601,6.31117235247190e-08,7.36232690588543e-02,7.36233952823013e-02,7.35009959872548e-02,lamp_kernel
2.662334e+01,4621,6.27856216414538e-08,7.36232395874783e-02,7.36233651587216e-02,7.35015220426523e-02,lamp_kernel
2.673653e+01,4641,6.24760589630487e-08,7.36232104862860e-02,7.36233354384039e-02,7.35020433964538e-02,lamp_kernel
2.684970e+01,4661,6.21762232369656e-08,7.36231817501309e-02,7.36233061025774e-02,7.35025601794567e-02,lamp_kernel
2.696290e+01,4681,6.18470139015240e-08,7.36231533747329e-02,7.36232770687607e-02,7.35030724515586e-02,lamp_kernel
2.707607e+01,4701,6.14605196187798e-08,7.36231253567350e-02,7.36232482777743e-02,7.35035802716013e-02,lamp_kernel
2.718925e+01,4721,6.10243589268062e-08,7.36230976928380e-02,7.36232197415559e-02,7.35040836974093e-02,lamp_kernel
2.730243e+01,4741,6.05933287925073e-08,7.36230703781026e-02,7.36231915647601e-02,7.35045827858287e-02,lamp_kernel
2.741564e+01,4761,6.02175211811694e-08,7.36230434050232e-02,7.36231638400655e-02,7.35050775927541e-02,lamp_kernel
2.752884e+01,4781,5.99139736207966e-08,7.36230167646078e-02,7.36231365925550e-02,7.35055681731387e-02,lamp_kernel
2.764206e+01,4801,5.96466651847527e-08,7.36229904490231e-02,7.36231097423534e-02,7.35060545809966e-02,lamp_kernel
2.775526e+01,4821,5.93568119025415e-08,7.36229644536833e-02,7.36230831673071e-02,7.35065368694074e-02,lamp_kernel
2.786847e+01,4841,5.90101690536576e-08,7.36229387769289e-02,7.36230567972671e-02,7.35070150905345e-02,lamp_kernel
2.798170e+01,4861,5.85971450792205e-08,7.36229134175821e-02,7.36230306118723e-02,7.35074892956564e-02,lamp_kernel
2.809493e+01,4881,5.81386632495859e-08,7.36228883723200e-02,7.36230046496465e-02,7.35079595352015e-02,lamp_kernel
2.820816e+01,4901,5.76687547808666e-08,7.36228636350826e-02,7.36229789725922e-02,7.35084258587756e-02,lamp_kernel
2.832136e+01,4921,5.72324056267521e-08,7.36228391986131e-02,7.36229536634243e-02,7.35088883151773e-02,lamp_kernel
2.843459e+01,4941,5.68600371311844e-08,7.36228150566079e-02,7.36229287766821e-02,7.35093469524035e-02,lamp_kernel
2.854780e+01,4961,5.65394174897029e-08,7.36227912045674e-02,7.36229042834023e-02,7.35098018176537e-02,lamp_kernel
2.866101e+01,4981,5.62220209324426e-08,7.36227676390599e-02,7.36228800831018e-02,7.35102529573404e-02,lamp_kernel
2.877425e+01,5001,5.58522802752024e-08,7.36227443564984e-02,7.36228560610590e-02,7.35107004171079e-02,lamp_kernel
2.888746e+01,5021,5.54048849053890e-08,7.36227213527722e-02,7.36228321625420e-02,7.35111442418554e-02,lamp_kernel
2.900066e+01,5041,5.49081659928271e-08,7.36226986238262e-02,7.36228084401582e-02,7.35115844757594e-02,lamp_kernel
2.911386e+01,5061,5.44267246395157e-08,7.36226761662799e-02,7.36227850197292e-02,7.35120211622931e-02,lamp_kernel
2.922711e+01,5081,5.40138921412005e-08,7.36226539771234e-02,7.36227620049077e-02,7.35124543442387e-02,lamp_kernel
2.934034e+01,5101,5.36622002337865e-08,7.36226320527398e-02,7.36227393771402e-02,7.35128840636977e-02,lamp_kernel
2.945355e+01,5121,5.33042192660350e-08,7.36226103882716e-02,7.36227169967102e-02,7.35133103620985e-02,lamp_kernel
2.956674e+01,5141,5.28695190538902e-08,7.36225889781260e-02,7.36226947171641e-02,7.35137332802056e-02,lamp_kernel
2.967996e+01,5161,5.23314965273085e-08,7.36225678172673e-02,7.36226724802604e-02,7.35141528581315e-02,lamp_kernel
2.979319e+01,5181,5.17505221208329e-08,7.36225469022300e-02,7.36226504032742e-02,7.35145691353520e-02,lamp_kernel
2.990641e+01,5201,5.12305280254017e-08,7.36225262308938e-02,7.36226286919499e-02,7.35149821507234e-02,lamp_kernel
3.001962e+01,5221,5.08365589692895e-08,7.36225058013182e-02,7.36226074744362e-02,7.35153919424996e-02,lamp_kernel
3.013343e+01,5241,5.05235736601927e-08,7.36224856106791e-02,7.36225866578264e-02,7.35157985483460e-02,lamp_kernel
3.024665e+01,5261,5.02069517051581e-08,7.36224656551189e-02,7.36225660690223e-02,7.35162020053483e-02,lamp_kernel
3.035987e+01,5281,4.98049650067847e-08,7.36224459304257e-02,7.36225455403557e-02,7.35166023500194e-02,lamp_kernel
3.047308e+01,5301,4.92803239986072e-08,7.36224264327108e-02,7.36225249933588e-02,7.35169996183048e-02,lamp_kernel
3.058630e+01,5321,4.86686744075981e-08,7.36224071584778e-02,7.36225044958266e-02,7.35173938455924e-02,lamp_kernel
3.069950e+01,5341,4.80560037139230e-08,7.36223881042575e-02,7.36224842162649e-02,7.35177850667249e-02,lamp_kernel
3.081271e+01,5361,4.75228782296893e-08,7.36223692664059e-02,7.36224643121623e-02,7.35181733160145e-02,lamp_kernel
3.092594e+01,5381,4.71110253812869e-08,7.36223506414712e-02,7.36224448635219e-02,7.35185586272568e-02,lamp_kernel
3.103913e+01,5401,4.67953314863464e-08,7.36223322268080e-02,7.36224258174709e-02,7.35189410337421e-02,lamp_kernel
3.115232e+01,5421,4.64879101688660e-08,7.36223140206787e-02,7.36224069964991e-02,7.35193205682629e-02,lamp_kernel
3.126555e+01,5441,4.61109741904723e-08,7.36222960215758e-02,7.36223882435241e-02,7.35196972631205e-02,lamp_kernel
3.137879e+01,5461,4.56340341106490e-08,7.36222782271178e-02,7.36223694951860e-02,7.35200711501302e-02,lamp_kernel
3.149204e+01,5481,4.50819335920393e-08,7.36222606334990e-02,7.36223507973662e-02,7.35204422606288e-02,lamp_kernel
3.160526e+01,5501,4.45175476531148e-08,7.36222432359717e-02,7.36223322710670e-02,7.35208106254845e-02,lamp_kernel
3.171848e+01,5521,4.40007589739200e-08,7.36222260300674e-02,7.36223140315854e-02,7.35211762751083e-02,lamp_kernel
3.183172e+01,5541,4.35630593911607e-08,7.36222090126499e-02,7.36222961387687e-02,7.35215392394655e-02,lamp_kernel
3.194495e+01,5561,4.31768622890422e-08,7.36221921820923e-02,7.36222785358169e-02,7.35218995480862e-02,lamp_kernel
3.205820e+01,5581,4.28002352953895e-08,7.36221755374824e-02,7.36222611379530e-02,7.35222572300728e-02,lamp_kernel
3.217141e+01,5601,4.23920935258067e-08,7.36221590775097e-02,7.36222438616968e-02,7.35226123141044e-02,lamp_kernel
3.228462e+01,5621,4.19434909198382e-08,7.36221427998153e-02,7.36222266867971e-02,7.35229648284417e-02,lamp_kernel
3.239785e+01,5641,4.14846465293440e-08,7.36221267011012e-02,7.36222096703943e-02,7.35233148009318e-02,lamp_kernel
3.251110e+01,5661,4.10408621058875e-08,7.36221107777681e-02,7.36221928594923e-02,7.35236622590162e-02,lamp_kernel
3.262433e+01,5681,4.06343258345079e-08,7.36220950265814e-02,7.36221762952330e-02,7.35240072297411e-02,lamp_kernel
3.273755e+01,5701,4.02521466025829e-08,7.36220794449041e-02,7.36221599491973e-02,7.35243497397673e-02,lamp_kernel
3.285081e+01,5721,3.98616483803255e-08,7.36220640305764e-02,7.36221437538732e-02,7.35246898153798e-02,lamp_kernel
3.296404e+01,5741,3.94474508695874e-08,7.36220487816092e-02,7.36221276765109e-02,7.35250274824940e-02,lamp_kernel
3.307729e+01,5761,3.90138291055279e-08,7.36220336959703e-02,7.36221117236285e-02,7.35253627666601e-02,lamp_kernel
3.319053e+01,5781,3.85811996315693e-08,7.36220187715231e-02,7.36220959339223e-02,7.35256956930658e-02,lamp_kernel
3.330376e+01,5801,3.81739978510856e-08,7.36220040061304e-02,7.36220803541261e-02,7.35260262865402e-02,lamp_kernel
3.341698e+01,5821,3.77978116517293e-08,7.36219893977247e-02,7.36220649933480e-02,7.35263545715597e-02,lamp_kernel
3.353022e+01,5841,3.74376377630756e-08,7.36219749443147e-02,7.36220498195903e-02,7.35266805722564e-02,lamp_kernel
3.364347e+01,5861,3.70678523493728e-08,7.36219606438766e-02,7.36220347795813e-02,7.35270043124276e-02,lamp_kernel
3.375669e+01,5881,3.66685467031754e-08,7.36219464941902e-02,7.36220198312836e-02,7.35273258155454e-02,lamp_kernel
3.386993e+01,5901,3.62357121365771e-08,7.36219324927711e-02,7.36220049641954e-02,7.35276451047622e-02,lamp_kernel
3.398316e+01,5921,3.57904974361420e-08,7.36219186369745e-02,7.36219902179693e-02,7.35279622029151e-02,lamp_kernel
3.409641e+01,5941,3.53649628127341e-08,7.36219049242920e-02,7.36219756542176e-02,7.35282771325258e-02,lamp_kernel
3.420965e+01,5961,3.49833403254675e-08,7.36218913526824e-02,7.36219613193631e-02,7.35285899158021e-02,lamp_kernel
3.432290e+01,5981,3.46455703586652e-08,7.36218779206995e-02,7.36219472118403e-02,7.35289005746423e-02,lamp_kernel
3.443612e+01,6001,3.43256773730158e-08,7.36218646273207e-02,7.36219332786755e-02,7.35292091306437e-02,lamp_kernel
3.454937e+01,6021,3.39894688017266e-08,7.36218514714577e-02,7.36219194503953e-02,7.35295156051132e-02,lamp_kernel
3.466259e+01,6041,3.36154842813232e-08,7.36218384515039e-02,7.36219056824725e-02,7.35298200190772e-02,lamp_kernel
3.477583e+01,6061,3.32044539824797e-08,7.36218255651648e-02,7.36218919740728e-02,7.35301223932862e-02,lamp_kernel
3.488908e+01,6081,3.27862378203842e-08,7.36218128097344e-02,7.36218783822101e-02,7.35304227482149e-02,lamp_kernel
3.500232e+01,6101,3.23845173019590e-08,7.36218001826070e-02,7.36218649516416e-02,7.35307211040604e-02,lamp_kernel
3.511556e+01,6121,3.20273541346747e-08,7.36217876817089e-02,7.36218517364172e-02,7.35310174807431e-02,lamp_kernel
3.522879e+01,6141,3.17264054830799e-08,7.36217753056311e-02,7.36218387584421e-02,7.35313118979118e-02,lamp_kernel
3.534201e+01,6161,3.14561602589950e-08,7.36217630533450e-02,7.36218259656656e-02,7.35316043749543e-02,lamp_kernel
3.545523e+01,6181,3.11853584574543e-08,7.36217509238442e-02,7.36218132945611e-02,7.35318949310073e-02,lamp_kernel
3.556846e+01,6201,3.08952779077329e-08,7.36217389158114e-02,7.36218007063672e-02,7.35321835849636e-02,lamp_kernel
3.568169e+01,6221,3.05757577552561e-08,7.36217270275726e-02,7.36217881790881e-02,7.35324703554735e-02,lamp_kernel
3.579493e+01,6241,3.02339954319178e-08,7.36217152572629e-02,7.36217757252537e-02,7.35327552609433e-02,lamp_kernel
3.590815e+01,6261,2.98884711766678e-08,7.36217036029839e-02,7.36217633799262e-02,7.35330383195344e-02,lamp_kernel
3.602139e+01,6281,2.95569290161752e-08,7.36216920629495e-02,7.36217511768076e-02,7.35333195491656e-02,lamp_kernel
3.613461e+01,6301,2.92541439903738e-08,7.36216806355030e-02,7.36217391437910e-02,7.35335989675207e-02,lamp_kernel
3.624785e+01,6321,2.89754302123155e-08,7.36216693190984e-02,7.36217272699588e-02,7.35338765920571e-02,lamp_kernel
3.636110e+01,6341,2.87141703943311e-08,7.36216581123188e-02,7.36217155406596e-02,7.35341524400124e-02,lamp_kernel
3.647432e+01,6361,2.84617442531237e-08,7.36216470138724e-02,7.36217039373609e-02,7.35344265284084e-02,lamp_kernel
3.658757e+01,6381,2.82036876482936e-08,7.36216360225727e-02,7.36216924299480e-02,7.35346988740513e-02,lamp_kernel
3.670082e+01,6401,2.79411970085240e-08,7.36216251372571e-02,7.36216810196512e-02,7.35349694935313e-02,lamp_kernel
3.681405e+01,6421,2.76755936344992e-08,7.36216143567033e-02,7.36216697078906e-02,7.35352384032241e-02,lamp_kernel
3.692728e+01,6441,2.74125310236013e-08,7.36216036795607e-02,7.36216585046228e-02,7.35355056192945e-02,lamp_kernel
3.704053e+01,6461,2.71609438888570e-08,7.36215931043529e-02,7.36216474262407e-02,7.35357711577024e-02,lamp_kernel
3.715378e+01,6481,2.69130378723043e-08,7.36215826295511e-02,7.36216364556268e-02,7.35360350342085e-02,lamp_kernel
3.726702e+01,6501,2.66766527781320e-08,7.36215722536446e-02,7.36216256069502e-02,7.35362972643793e-02,lamp_kernel
3.738028e+01,6521,2.64524118429135e-08,7.36215619751843e-02,7.36216148800080e-02,7.35365578635898e-02,lamp_kernel
3.749353e+01,6541,2.62231545127574e-08,7.36215517928620e-02,7.36216042391711e-02,7.35368168470245e-02,lamp_kernel
3.760680e+01,6561,2.59972805652213e-08,7.36215417054937e-02,7.36215937000548e-02,7.35370742296780e-02,lamp_kernel
3.772008e+01,6581,2.57888006378631e-08,7.36215317120358e-02,7.36215832896370e-02,7.35373300263572e-02,lamp_kernel
3.783330e+01,6601,2.56047956487225e-08,7.36215218115576e-02,7.36215730211489e-02,7.35375842516832e-02,lamp_kernel
3.794656e+01,6621,2.54377769523894e-08,7.36215120031472e-02,7.36215628787011e-02,7.35378369200962e-02,lamp_kernel
3.805982e+01,6641,2.52749995254653e-08,7.36215022858064e-02,7.36215528358055e-02,7.35380880458600e-02,lamp_kernel
3.817307e+01,6661,2.51248932762078e-08,7.36214926583767e-02,7.36215429081633e-02,7.35383376430661e-02,lamp_kernel
3.828632e+01,6681,2.49907363573418e-08,7.36214831194915e-02,7.36215331009643e-02,7.35385857256374e-02,lamp_kernel
3.839958e+01,6701,2.48849901457178e-08,7.36214736677151e-02,7.36215234376954e-02,7.35388323073288e-02,lamp_kernel
3.851284e+01,6721,2.48038882780096e-08,7.36214643016416e-02,7.36215139094182e-02,7.35390774017283e-02,lamp_kernel
3.862610e+01,6741,2.47209115655611e-08,7.36214550200495e-02,7.36215044618727e-02,7.35393210222571e-02,lamp_kernel
3.873936e+01,6761,2.46386731999641e-08,7.36214458219310e-02,7.36214950992774e-02,7.35395631821723e-02,lamp_kernel
3.885261e+01,6781,2.45738687522937e-08,7.36214367064751e-02,7.36214858542126e-02,7.35398038945701e-02,lamp_kernel
3.896585e+01,6801,2.45095639041043e-08,7.36214276729640e-02,7.36214766920918e-02,7.35400431723910e-02,lamp_kernel
3.907909e+01,6821,2.44570237764033e-08,7.36214187206410e-02,7.36214676346886e-02,7.35402810284236e-02,lamp_kernel
3.919233e+01,6841,2.44278014353536e-08,7.36214098486418e-02,7.36214587042447e-02,7.35405174753074e-02,lamp_kernel
3.930560e+01,6861,2.44191110310096e-08,7.36214010559478e-02,7.36214498941699e-02,7.35407525255333e-02,lamp_kernel
3.941884e+01,6881,2.44233579879683e-08,7.36213923414150e-02,7.36214411881310e-02,7.35409861914433e-02,lamp_kernel
3.953208e+01,6901,2.44272318520756e-08,7.36213837038582e-02,7.36214325583219e-02,7.35412184852312e-02,lamp_kernel
3.964533e+01,6921,2.44177269664049e-08,7.36213751421220e-02,7.36214239775760e-02,7.35414494189452e-02,lamp_kernel
3.975857e+01,6941,2.43877298323469e-08,7.36213666551451e-02,7.36214154306048e-02,7.35416790044907e-02,lamp_kernel
3.987184e+01,6961,2.43379139939723e-08,7.36213582419845e-02,7.36214069178125e-02,7.35419072536356e-02,lamp_kernel
3.998509e+01,6981,2.42744920817190e-08,7.36213499018491e-02,7.36213984508333e-02,7.35421341780129e-02,lamp_kernel
4.009831e+01,7001,2.42053064126250e-08,7.36213416339909e-02,7.36213900446037e-02,7.35423597891234e-02,lamp_kernel
4.021155e+01,7021,2.41362544685956e-08,7.36213334377052e-02,7.36213817102142e-02,7.35425840983353e-02,lamp_kernel
4.032477e+01,7041,2.40708707982527e-08,7.36213253122475e-02,7.36213734539891e-02,7.35428071168846e-02,lamp_kernel
4.043801e+01,7061,2.40109686914475e-08,7.36213172568095e-02,7.36213652787469e-02,7.35430288558757e-02,lamp_kernel
4.055127e+01,7081,2.39569434919129e-08,7.36213092705396e-02,7.36213571844266e-02,7.35432493262833e-02,lamp_kernel
4.066450e+01,7101,2.39082672867278e-08,7.36213013525322e-02,7.36213491690668e-02,7.35434685389559e-02,lamp_kernel
4.077775e+01,7121,2.38616423834667e-08,7.36212935018613e-02,7.36213412251460e-02,7.35436865046193e-02,lamp_kernel
4.089101e+01,7141,2.38135020245526e-08,7.36212857176146e-02,7.36213333446187e-02,7.35439032338790e-02,lamp_kernel
4.100423e+01,7161,2.37599939148656e-08,7.36212779989077e-02,7.36213255188955e-02,7.35441187372221e-02,lamp_kernel
4.111747e+01,7181,2.36966249724214e-08,7.36212703449356e-02,7.36213177381856e-02,7.35443330250176e-02,lamp_kernel
4.123072e+01,7201,2.36236716309191e-08,7.36212627549308e-02,7.36213100022741e-02,7.35445461075164e-02,lamp_kernel
4.134396e+01,7221,2.35434498525028e-08,7.36212552282106e-02,7.36213023151103e-02,7.35447579948526e-02,lamp_kernel
4.145722e+01,7241,2.34593823555757e-08,7.36212477640917e-02,7.36212946828564e-02,7.35449686970450e-02,lamp_kernel
4.157049e+01,7261,2.33853900049692e-08,7.36212403619152e-02,7.36212871326952e-02,7.35451782240001e-02,lamp_kernel
4.168375e+01,7281,2.33145855620725e-08,7.36212330209621e-02,7.36212796501333e-02,7.35453865855146e-02,lamp_kernel
4.179701e+01,7301,2.32576252144689e-08,7.36212257405081e-02,7.36212722557585e-02,7.35455937912782e-02,lamp_kernel
4.191026e+01,7321,2.32053173237139e-08,7.36212185198325e-02,7.36212649304671e-02,7.35457998508740e-02,lamp_kernel
4.202352e+01,7341,2.31539085266170e-08,7.36212113582027e-02,7.36212576660197e-02,7.35460047737799e-02,lamp_kernel
4.213678e+01,7361,2.31030094491166e-08,7.36212042549338e-02,7.36212504609527e-02,7.35462085693683e-02,lamp_kernel
4.225002e+01,7381,2.30500816767176e-08,7.36211972093186e-02,7.36212433094820e-02,7.35464112469072e-02,lamp_kernel
4.236328e+01,7401,2.29912720102324e-08,7.36211902206550e-02,7.36212362031990e-02,7.35466128155615e-02,lamp_kernel
4.247653e+01,7421,2.29235417850817e-08,7.36211832882179e-02,7.36212291353015e-02,7.35468132843959e-02,lamp_kernel
4.258978e+01,7441,2.28456017451614e-08,7.36211764112662e-02,7.36212221024697e-02,7.35470126623767e-02,lamp_kernel
4.270303e+01,7461,2.27587169826542e-08,7.36211695891060e-02,7.36212151065400e-02,7.35472109583742e-02,lamp_kernel
4.281629e+01,7481,2.26660441573661e-08,7.36211628210834e-02,7.36212081531718e-02,7.35474081811635e-02,lamp_kernel
4.292955e+01,7501,2.25708908710454e-08,7.36211561066538e-02,7.36212012484355e-02,7.35476043394250e-02,lamp_kernel
4.304279e+01,7521,2.24764261182306e-08,7.36211494453193e-02,7.36211943981715e-02,7.35477994417450e-02,lamp_kernel
4.315606e+01,7541,2.23829971320552e-08,7.36211428365921e-02,7.36211876025863e-02,7.35479934966161e-02,lamp_kernel
4.326934e+01,7561,2.22896502654423e-08,7.36211362799422e-02,7.36211808592428e-02,7.35481865124388e-02,lamp_kernel
4.338262e+01,7581,2.21948742563731e-08,7.36211297747488e-02,7.36211741644973e-02,7.35483784975239e-02,lamp_kernel
4.349591e+01,7601,2.20974096732599e-08,7.36211233202844e-02,7.36211675151038e-02,7.35485694600941e-02,lamp_kernel
4.369902e+01,7621,2.19967947989183e-08,7.36211169157831e-02,7.36211609093727e-02,7.35487594082857e-02,lamp_kernel
4.381229e+01,7641,2.18914648360896e-08,7.36211105605069e-02,7.36211543434365e-02,7.35489483501496e-02,lamp_kernel
4.392553e+01,7661,2.17796166075459e-08,7.36211042538193e-02,7.36211478130525e-02,7.35491362936514e-02,lamp_kernel
4.403875e+01,7681,2.16605700767624e-08,7.36210979951930e-02,7.36211413163331e-02,7.35493232466720e-02,lamp_kernel
4.415197e+01,7701,2.15352420605054e-08,7.36210917842137e-02,7.36211348546978e-02,7.35495092170084e-02,lamp_kernel
4.426519e+01,7721,2.14066801544043e-08,7.36210856204988e-02,7.36211284338592e-02,7.35496941090830e-02,lamp_kernel
4.437841e+01,7741,2.12784107890475e-08,7.36210795036349e-02,7.36211220604565e-02,7.35498779716648e-02,lamp_kernel
4.449163e+01,7761,2.11524307069305e-08,7.36210734331393e-02,7.36211157380007e-02,7.35500608749359e-02,lamp_kernel
4.460485e+01,7781,2.10298029219613e-08,7.36210674084277e-02,7.36211094680335e-02,7.35502428263716e-02,lamp_kernel
4.471806e+01,7801,2.09080488459741e-08,7.36210614288480e-02,7.36211032449457e-02,7.35504238333704e-02,lamp_kernel
4.483127e+01,7821,2.07820552224625e-08,7.36210554937478e-02,7.36210970578583e-02,7.35506039032536e-02,lamp_kernel
4.494447e+01,7841,2.06488592213323e-08,7.36210496025095e-02,7.36210909002280e-02,7.35507830432666e-02,lamp_kernel
4.505767e+01,7861,2.05076335626930e-08,7.36210437545668e-02,7.36210847698339e-02,7.35509612605795e-02,lamp_kernel
4.517087e+01,7881,2.03603831886698e-08,7.36210379494298e-02,7.36210786701962e-02,7.35511385622882e-02,lamp_kernel
4.528407e+01,7901,2.02108251129369e-08,7.36210321866733e-02,7.36210726083235e-02,7.35513149554160e-02,lamp_kernel
4.539725e+01,7921,2.00624189479622e-08,7.36210264659279e-02,7.36210665907658e-02,7.35514904469146e-02,lamp_kernel
4.551044e+01,7941,1.99171699604160e-08,7.36210207868152e-02,7.36210606211551e-02,7.35516650436652e-02,lamp_kernel
4.562364e+01,7961,1.97748668319094e-08,7.36210151489466e-02,7.36210546986803e-02,7.35518387524795e-02,lamp_kernel
4.573684e+01,7981,1.96337109181281e-08,7.36210095518677e-02,7.36210488192896e-02,7.35520115801001e-02,lamp_kernel
4.585003e+01,8001,1.94942488629238e-08,7.36210039950636e-02,7.36210429835613e-02,7.35521835332010e-02,lamp_kernel
4.596322e+01,8021,1.93571973712671e-08,7.36209984779763e-02,7.36210371923710e-02,7.35523546183883e-02,lamp_kernel
4.607643e+01,8041,1.92162469657956e-08,7.36209930000369e-02,7.36210314325309e-02,7.35525248422016e-02,lamp_kernel
4.618964e+01,8061,1.90687460065868e-08,7.36209875607197e-02,7.36210256982117e-02,7.35526942111144e-02,lamp_kernel
4.630283e+01,8081,1.89147697133288e-08,7.36209821595400e-02,7.36210199890794e-02,7.35528627315361e-02,lamp_kernel
4.641603e+01,8101,1.87555930034694e-08,7.36209767960923e-02,7.36210143072783e-02,7.35530304098119e-02,lamp_kernel
4.652924e+01,8121,1.85972895242200e-08,7.36209714700144e-02,7.36210086645935e-02,7.35531972522243e-02,lamp_kernel
4.664245e+01,8141,1.84420966060692e-08,7.36209661809795e-02,7.36210030651727e-02,7.35533632649931e-02,lamp_kernel
4.675566e+01,8161,1.82917586706432e-08,7.36209609286579e-02,7.36209975121753e-02,7.35535284542761e-02,lamp_kernel
4.686885e+01,8181,1.81460804838625e-08,7.36209557126982e-02,7.36209920048592e-02,7.35536928261700e-02,lamp_kernel
4.698205e+01,8201,1.80028374537023e-08,7.36209505327032e-02,7.36209865383781e-02,7.35538563867108e-02,lamp_kernel
4.709528e+01,8221,1.78592102339318e-08,7.36209453882280e-02,7.36209811066485e-02,7.35540191418757e-02,lamp_kernel
4.720849e+01,8241,1.77131602147155e-08,7.36209402787957e-02,7.36209757051162e-02,7.35541810975833e-02,lamp_kernel
4.732173e+01,8261,1.75649059325589e-08,7.36209352038977e-02,7.36209703337096e-02,7.35543422596949e-02,lamp_kernel
4.743496e+01,8281,1.74201004560477e-08,7.36209301630776e-02,7.36209650032785e-02,7.35545026340145e-02,lamp_kernel
4.754819e+01,8301,1.72792459462920e-08,7.36209251559147e-02,7.36209597144066e-02,7.35546622262896e-02,lamp_kernel
4.766142e+01,8321,1.71402665806312e-08,7.36209201820757e-02,7.36209544626089e-02,7.35548210422114e-02,lamp_kernel
4.777464e+01,8341,1.70033571285903e-08,7.36209152412796e-02,7.36209492479939e-02,7.35549790874152e-02,lamp_kernel
4.788789e+01,8361,1.68731566443902e-08,7.36209103332477e-02,7.36209440795609e-02,7.35551363674821e-02,lamp_kernel
4.800111e+01,8381,1.67442385682206e-08,7.36209054577121e-02,7.36209389461893e-02,7.35552928879388e-02,lamp_kernel
4.811431e+01,8401,1.66153072919030e-08,7.36209006143403e-02,7.36209338449549e-02,7.35554486542596e-02,lamp_kernel
4.822753e+01,8421,1.64876341528823e-08,7.36208958027429e-02,7.36209287780113e-02,7.35556036718665e-02,lamp_kernel
4.834075e+01,8441,1.63627640589464e-08,7.36208910224918e-02,7.36209237480199e-02,7.35557579461299e-02,lamp_kernel
4.845397e+01,8461,1.62420994322562e-08,7.36208862731726e-02,7.36209187573715e-02,7.35559114823688e-02,lamp_kernel
4.856718e+01,8481,1.61267556719817e-08,7.36208815543998e-02,7.36209138079111e-02,7.35560642858515e-02,lamp_kernel
4.868040e+01,8501,1.60170028948606e-08,7.36208768658239e-02,7.36209088998297e-02,7.35562163617954e-02,lamp_kernel
4.879359e+01,8521,1.59129083151594e-08,7.36208722071640e-02,7.36209040329806e-02,7.35563677153687e-02,lamp_kernel
4.890683e+01,8541,1.58075555786708e-08,7.36208675781512e-02,7.36208991932624e-02,7.35565183516903e-02,lamp_kernel
4.902005e+01,8561,1.57015377148522e-08,7.36208629785086e-02,7.36208943815840e-02,7.35566682758315e-02,lamp_kernel
4.913326e+01,8581,1.55938179823194e-08,7.36208584079361e-02,7.36208895955721e-02,7.35568174928159e-02,lamp_kernel
4.924648e+01,8601,1.54875111623205e-08,7.36208538661167e-02,7.36208848411390e-02,7.35569660076199e-02,lamp_kernel
4.935970e+01,8621,1.53847284833146e-08,7.36208493527360e-02,7.36208801221930e-02,7.35571138251735e-02,lamp_kernel
4.947292e+01,8641,1.52843140598845e-08,7.36208448674810e-02,7.36208754361091e-02,7.35572609503600e-02,lamp_kernel
4.958614e+01,8661,1.51862068748127e-08,7.36208404100483e-02,7.36208707824621e-02,7.35574073880172e-02,lamp_kernel
4.969936e+01,8681,1.50902393899691e-08,7.36208359801483e-02,7.36208661606271e-02,7.35575531429374e-02,lamp_kernel
4.981260e+01,8701,1.49958159972461e-08,7.36208315775052e-02,7.36208615691372e-02,7.35576982198690e-02,lamp_kernel
4.992582e+01,8721,1.49030941115827e-08,7.36208272018275e-02,7.36208570080157e-02,7.35578426235167e-02,lamp_kernel
5.003903e+01,8741,1.48144221545207e-08,7.36208228528200e-02,7.36208524816643e-02,7.35579863585418e-02,lamp_kernel
5.015225e+01,8761,1.47282894479755e-08,7.36208185301898e-02,7.36208479867687e-02,7.35581294295630e-02,lamp_kernel
5.026547e+01,8781,1.46441056119022e-08,7.36208142336703e-02,7.36208435218815e-02,7.35582718411561e-02,lamp_kernel
5.037865e+01,8801,1.45596807993763e-08,7.36208099629972e-02,7.36208390823588e-02,7.35584135978549e-02,lamp_kernel
5.049185e+01,8821,1.44738691953882e-08,7.36208057179373e-02,7.36208346656757e-02,7.35585547041513e-02,lamp_kernel
5.060585e+01,8841,1.43862624854947e-08,7.36208014982736e-02,7.36208302707985e-02,7.35586951644958e-02,lamp_kernel
5.071907e+01,8861,1.42979315787059e-08,7.36207973037556e-02,7.36208258996188e-02,7.35588349832990e-02,lamp_kernel
5.083228e+01,8881,1.42109552306054e-08,7.36207931341256e-02,7.36208215560361e-02,7.35589741649311e-02,lamp_kernel
5.094549e+01,8901,1.41267364671779e-08,7.36207889891060e-02,7.36208172425790e-02,7.35591127137236e-02,lamp_kernel
5.105871e+01,8921,1.40464324618566e-08,7.36207848683983e-02,7.36208129612632e-02,7.35592506339686e-02,lamp_kernel
5.117191e+01,8941,1.39700156140838e-08,7.36207807717695e-02,7.36208087118007e-02,7.35593879299193e-02,lamp_kernel
5.128512e+01,8961,1.38960831119085e-08,7.36207766989717e-02,7.36208044911380e-02,7.35595246057907e-02,lamp_kernel
5.139834e+01,8981,1.38231251250485e-08,7.36207726498098e-02,7.36208002960600e-02,7.35596606657594e-02,lamp_kernel
5.151156e+01,9001,1.37504494616467e-08,7.36207686240962e-02,7.36207961249951e-02,7.35597961139643e-02,lamp_kernel
5.162477e+01,9021,1.36762402997904e-08,7.36207646216183e-02,7.36207919740989e-02,7.35599309545079e-02,lamp_kernel
5.173800e+01,9041,1.36008922977284e-08,7.36207606421453e-02,7.36207878439299e-02,7.35600651914556e-02,lamp_kernel
5.185122e+01,9061,1.35257871673664e-08,7.36207566854355e-02,7.36207837370098e-02,7.35601988288376e-02,lamp_kernel
5.196444e+01,9081,1.34524857976490e-08,7.36207527512173e-02,7.36207796561889e-02,7.35603318706478e-02,lamp_kernel
5.207765e+01,9101,1.33817116108979e-08,7.36207488392593e-02,7.36207756026825e-02,7.35604643208450e-02,lamp_kernel
5.219088e+01,9121,1.33135855325333e-08,7.36207449493544e-02,7.36207715765255e-02,7.35605961833526e-02,lamp_kernel
5.230409e+01,9141,1.32473093611461e-08,7.36207410813271e-02,7.36207675759459e-02,7.35607274620595e-02,lamp_kernel
5.241730e+01,9161,1.31811966148339e-08,7.36207372350142e-02,7.36207635974074e-02,7.35608581608197e-02,lamp_kernel
5.253053e+01,9181,1.31141336493684e-08,7.36207334102354e-02,7.36207596385027e-02,7.35609882834539e-02,lamp_kernel
5.264376e+01,9201,1.30458676626469e-08,7.36207296068118e-02,7.36207556985471e-02,7.35611178337493e-02,lamp_kernel
5.275695e+01,9221,1.29789359166754e-08,7.36207258245196e-02,7.36207517823914e-02,7.35612468154603e-02,lamp_kernel
5.287016e+01,9241,1.29138012726838e-08,7.36207220631165e-02,7.36207478907191e-02,7.35613752323085e-02,lamp_kernel
5.298337e+01,9261,1.28512615830292e-08,7.36207183223637e-02,7.36207440248869e-02,7.35615030879832e-02,lamp_kernel
5.309656e+01,9281,1.27914353111579e-08,7.36207146020539e-02,7.36207401849246e-02,7.35616303861414e-02,lamp_kernel
5.320976e+01,9301,1.27339323081780e-08,7.36207109020101e-02,7.36207363698747e-02,7.35617571304081e-02,lamp_kernel
5.332299e+01,9321,1.26775912544153e-08,7.36207072220944e-02,7.36207325772769e-02,7.35618833243771e-02,lamp_kernel
5.343620e+01,9341,1.26211120629828e-08,7.36207035621752e-02,7.36207288043994e-02,7.35620089716110e-02,lamp_kernel
5.354941e+01,9361,1.25635380708761e-08,7.36206999221136e-02,7.36207250491897e-02,7.35621340756420e-02,lamp_kernel
5.366263e+01,9381,1.25046570661728e-08,7.36206963017266e-02,7.36207213110407e-02,7.35622586399721e-02,lamp_kernel
5.377585e+01,9401,1.24452706762200e-08,7.36206927008206e-02,7.36207175913620e-02,7.35623826680736e-02,lamp_kernel
5.388908e+01,9421,1.23857666598099e-08,7.36206891191842e-02,7.36207138907176e-02,7.35625061633889e-02,lamp_kernel
5.400230e+01,9441,1.23273428570000e-08,7.36206855566064e-02,7.36207102112921e-02,7.35626291293308e-02,lamp_kernel
5.411551e+01,9461,1.22722901887956e-08,7.36206820129045e-02,7.36207065574849e-02,7.35627515692830e-02,lamp_kernel
5.422873e+01,9481,1.22221862354726e-08,7.36206784879084e-02,7.36207029322809e-02,7.35628734866003e-02,lamp_kernel
5.434194e+01,9501,1.21722456744886e-08,7.36206749814854e-02,7.36206993259767e-02,7.35629948846090e-02,lamp_kernel
5.445517e+01,9521,1.21229653081796e-08,7.36206714934974e-02,7.36206957394280e-02,7.35631157666072e-02,lamp_kernel
5.456838e+01,9541,1.20735370717728e-08,7.36206680238121e-02,7.36206921708863e-02,7.35632361358657e-02,lamp_kernel
5.468161e+01,9561,1.20249897145338e-08,7.36206645722927e-02,7.36206886222721e-02,7.35633559956274e-02,lamp_kernel
5.479484e+01,9581,1.19793348059897e-08,7.36206611387910e-02,7.36206850974606e-02,7.35634753491083e-02,lamp_kernel
5.490804e+01,9601,1.19364744186422e-08,7.36206577231572e-02,7.36206815961060e-02,7.35635941994972e-02,lamp_kernel
5.502127e+01,9621,1.18936489293729e-08,7.36206543252199e-02,7.36206781125178e-02,7.35637125499562e-02,lamp_kernel
5.513448e+01,9641,1.18493364173695e-08,7.36206509448358e-02,7.36206746435086e-02,7.35638304036207e-02,lamp_kernel
5.524770e+01,9661,1.18031873100614e-08,7.36206475818128e-02,7.36206711881875e-02,7.35639477636002e-02,lamp_kernel
5.536093e+01,9681,1.17563123639656e-08,7.36206442359790e-02,7.36206677486038e-02,7.35640646329782e-02,lamp_kernel
5.547415e+01,9701,1.17126151206485e-08,7.36206409071779e-02,7.36206643324082e-02,7.35641810148130e-02,lamp_kernel
5.558736e+01,9721,1.16728385136497e-08,7.36206375952677e-02,7.36206609409448e-02,7.35642969121371e-02,lamp_kernel
5.570056e+01,9741,1.16364160936885e-08,7.36206343001284e-02,7.36206575729606e-02,7.35644123279584e-02,lamp_kernel
5.581377e+01,9761,1.16001652597082e-08,7.36206310216471e-02,7.36206542219776e-02,7.35645272652595e-02,lamp_kernel
5.592698e+01,9781,1.15625384507648e-08,7.36206277597368e-02,7.36206508848137e-02,7.35646417269986e-02,lamp_kernel
5.604019e+01,9801,1.15224500991241e-08,7.36206245142974e-02,7.36206475591976e-02,7.35647557161095e-02,lamp_kernel
5.615340e+01,9821,1.14799499572613e-08,7.36206212852191e-02,7.36206442451190e-02,7.35648692355021e-02,lamp_kernel
5.626660e+01,9841,1.14356147845132e-08,7.36206180723553e-02,7.36206409435849e-02,7.35649822880622e-02,lamp_kernel
5.637981e+01,9861,1.13913817036368e-08,7.36206148755440e-02,7.36206376583074e-02,7.35650948766527e-02,lamp_kernel
5.649300e+01,9881,1.13498532792116e-08,7.36206116946250e-02,7.36206343943315e-02,7.35652070041128e-02,lamp_kernel
5.660620e+01,9901,1.13122878335789e-08,7.36206085294194e-02,7.36206311539951e-02,7.35653186732589e-02,lamp_kernel
5.671941e+01,9921,1.12769656871469e-08,7.36206053797739e-02,7.36206279337053e-02,7.35654298868841e-02,lamp_kernel
5.683261e+01,9941,1.12443219010688e-08,7.36206022455744e-02,7.36206247342182e-02,7.35655406477592e-02,lamp_kernel
5.694581e+01,9961,1.12132361640676e-08,7.36205991267170e-02,7.36206215531894e-02,7.35656509586324e-02,lamp_kernel
5.705902e+01,9981,1.11819666742028e-08,7.36205960231023e-02,7.36206183870357e-02,7.35657608222296e-02,lamp_kernel
5.717223e+01,10001,1.11497215972875e-08,7.36205929346644e-02,7.36206152341076e-02,7.35658702412549e-02,lamp_kernel
5.728544e+01,10021,1.11165115711806e-08,7.36205898613251e-02,7.36206120943482e-02,7.35659792183907e-02,lamp_kernel
5.739867e+01,10041,1.10827288888467e-08,7.36205868029806e-02,7.36206089684383e-02,7.35660877562981e-02,lamp_kernel
5.751190e+01,10061,1.10489227988886e-08,7.36205837595153e-02,7.36206058573609e-02,7.35661958576167e-02,lamp_kernel
5.762511e+01,10081,1.10156165706671e-08,7.36205807308005e-02,7.36206027620336e-02,7.35663035059286e-02,lamp_kernel
5.773832e+01,10101,1.09834711205081e-08,7.36205777167025e-02,7.36205996836448e-02,7.35664107189496e-02,lamp_kernel
5.785152e+01,10121,1.09588716978715e-08,7.36205747170675e-02,7.36205966348109e-02,7.35665175033053e-02,lamp_kernel
5.796474e+01,10141,1.09352479480883e-08,7.36205717317760e-02,7.36205936022719e-02,7.35666238615517e-02,lamp_kernel
5.807794e+01,10161,1.09118434302243e-08,7.36205687607051e-02,7.36205905843920e-02,7.35667297962241e-02,lamp_kernel
5.819115e+01,10181,1.08893157963035e-08,7.36205658037441e-02,7.36205875823757e-02,7.35668353098384e-02,lamp_kernel
5.830435e+01,10201,1.08679090675041e-08,7.36205628608045e-02,7.36205845966226e-02,7.35669404048904e-02,lamp_kernel
5.841756e+01,10221,1.08485124610366e-08,7.36205599317988e-02,7.36205816288237e-02,7.35670450838560e-02,lamp_kernel
5.853075e+01,10241,1.08305786373425e-08,7.36205570166515e-02,7.36205786778087e-02,7.35671493491919e-02,lamp_kernel
5.864394e+01,10261,1.08133387025080e-08,7.36205541152757e-02,7.36205757419531e-02,7.35672532033353e-02,lamp_kernel
5.875717e+01,10281,1.07955591869917e-08,7.36205512275881e-02,7.36205728187065e-02,7.35673566487044e-02,lamp_kernel
5.887039e+01,10301,1.07769793147865e-08,7.36205483534854e-02,7.36205699074440e-02,7.35674596876984e-02,lamp_kernel
5.898361e+01,10321,1.07575573167080e-08,7.36205454928629e-02,7.36205670079775e-02,7.35675623226981e-02,lamp_kernel
5.909695e+01,10341,1.07377768143856e-08,7.36205426456047e-02,7.36205641211583e-02,7.35676645560655e-02,lamp_kernel
5.921017e+01,10361,1.07181526603098e-08,7.36205398116247e-02,7.36205612479300e-02,7.35677663901446e-02,lamp_kernel
5.932341e+01,10381,1.06989231728699e-08,7.36205369908057e-02,7.36205583886521e-02,7.35678678272611e-02,lamp_kernel
5.943665e+01,10401,1.06803092518503e-08,7.36205341830751e-02,7.36205555436936e-02,7.35679688697228e-02,lamp_kernel
5.954986e+01,10421,1.06622764955801e-08,7.36205313883310e-02,7.36205527128840e-02,7.35680695198194e-02,lamp_kernel
5.966308e+01,10441,1.06444439472878e-08,7.36205286064835e-02,7.36205498953714e-02,7.35681697798231e-02,lamp_kernel
5.977631e+01,10461,1.06266482289191e-08,7.36205258374342e-02,7.36205470907306e-02,7.35682696519888e-02,lamp_kernel
5.988954e+01,10481,1.06091494620195e-08,7.36205230810779e-02,7.36205442993768e-02,7.35683691385539e-02,lamp_kernel
6.000277e+01,10501,1.05919858220686e-08,7.36205203373082e-02,7.36205415212798e-02,7.35684682417388e-02,lamp_kernel
6.011598e+01,10521,1.05753078736437e-08,7.36205176060523e-02,7.36205387566681e-02,7.35685669637469e-02,lamp_kernel
6.022922e+01,10541,1.05592302235734e-08,7.36205148872115e-02,7.36205360056720e-02,7.35686653067647e-02,lamp_kernel
6.034245e+01,10561,1.05435197724701e-08,7.36205121807248e-02,7.36205332677643e-02,7.35687632729620e-02,lamp_kernel
6.045566e+01,10581,1.05276529384401e-08,7.36205094865540e-02,7.36205305418599e-02,7.35688608644921e-02,lamp_kernel
6.056889e+01,10601,1.05111080466407e-08,7.36205068046381e-02,7.36205278268542e-02,7.35689580834918e-02,lamp_kernel
6.068211e+01,10621,1.04934540165966e-08,7.36205041349131e-02,7.36205251218211e-02,7.35690549320822e-02,lamp_kernel
6.079532e+01,10641,1.04747026667547e-08,7.36205014773137e-02,7.36205224267191e-02,7.35691514123678e-02,lamp_kernel
6.090857e+01,10661,1.04554078624933e-08,7.36204988317143e-02,7.36205197425300e-02,7.35692475264380e-02,lamp_kernel
6.102180e+01,10681,1.04364467762763e-08,7.36204961980132e-02,7.36205170709068e-02,7.35693432763660e-02,lamp_kernel
6.113504e+01,10701,1.04185981131136e-08,7.36204935760731e-02,7.36205144132693e-02,7.35694386642096e-02,lamp_kernel
6.124826e+01,10721,1.04021693744490e-08,7.36204909657960e-02,7.36205117701348e-02,7.35695336920111e-02,lamp_kernel
6.136149e+01,10741,1.03870555150770e-08,7.36204883670891e-02,7.36205091412002e-02,7.35696283617975e-02,lamp_kernel
6.147472e+01,10761,1.03726817604221e-08,7.36204857798824e-02,7.36205065252459e-02,7.35697226755805e-02,lamp_kernel
6.158795e+01,10781,1.03585927919776e-08,7.36204832041194e-02,7.36205039213050e-02,7.35698166353567e-02,lamp_kernel
6.170118e+01,10801,1.03447590040325e-08,7.36204806397670e-02,7.36205013292850e-02,7.35699102431082e-02,lamp_kernel
6.181444e+01,10821,1.03303590152725e-08,7.36204780868022e-02,7.36204987475202e-02,7.35700035008019e-02,lamp_kernel
6.192766e+01,10841,1.03159585622534e-08,7.36204755451705e-02,7.36204961770876e-02,7.35700964103906e-02,lamp_kernel
6.204090e+01,10861,1.03014265878592e-08,7.36204730148162e-02,7.36204936176694e-02,7.35701889738123e-02,lamp_kernel
6.215413e+01,10881,1.02868133579380e-08,7.36204704956570e-02,7.36204910692837e-02,7.35702811929911e-02,lamp_kernel
6.226737e+01,10901,1.02722013976620e-08,7.36204679876079e-02,7.36204885320107e-02,7.35703730698364e-02,lamp_kernel
6.238061e+01,10921,1.02575076366553e-08,7.36204654905691e-02,7.36204860055844e-02,7.35704646062440e-02,lamp_kernel
6.249384e+01,10941,1.02429859161663e-08,7.36204630044582e-02,7.36204834904300e-02,7.35705558040955e-02,lamp_kernel
6.260709e+01,10961,1.02285444767503e-08,7.36204605291632e-02,7.36204809862521e-02,7.35706466652587e-02,lamp_kernel
6.272033e+01,10981,1.02149961107562e-08,7.36204580645965e-02,7.36204784945887e-02,7.35707371915880e-02,lamp_kernel
6.283356e+01,11001,1.02021735157647e-08,7.36204556106939e-02,7.36204760150409e-02,7.35708273849239e-02,lamp_kernel
6.294682e+01,11021,1.01903973400289e-08,7.36204531673968e-02,7.36204735481915e-02,7.35709172470939e-02,lamp_kernel
6.306009e+01,11041,1.01796775718588e-08,7.36204507346415e-02,7.36204710939966e-02,7.35710067799117e-02,lamp_kernel
6.317333e+01,11061,1.01698389335829e-08,7.36204483124115e-02,7.36204686520894e-02,7.35710959851782e-02,lamp_kernel
6.328658e+01,11081,1.01604262973172e-08,7.36204459006563e-02,7.36204662215089e-02,7.35711848646808e-02,lamp_kernel
6.339984e+01,11101,1.01510421380911e-08,7.36204434993483e-02,7.36204638014326e-02,7.35712734201943e-02,lamp_kernel
6.351308e+01,11121,1.01415609687787e-08,7.36204411084148e-02,7.36204613915367e-02,7.35713616534806e-02,lamp_kernel
6.362633e+01,11141,1.01315006221235e-08,7.36204387277972e-02,7.36204589907984e-02,7.35714495662887e-02,lamp_kernel
6.373956e+01,11161,1.01211265986907e-08,7.36204363574225e-02,7.36204565996757e-02,7.35715371603553e-02,lamp_kernel
6.385282e+01,11181,1.01104063018257e-08,7.36204339972295e-02,7.36204542180421e-02,7.35716244374045e-02,lamp_kernel
6.396605e+01,11201,1.00994440991374e-08,7.36204316471027e-02,7.36204518459909e-02,7.35717113991481e-02,lamp_kernel
6.407930e+01,11221,1.00883968071432e-08,7.36204293069843e-02,7.36204494837779e-02,7.35717980472855e-02,lamp_kernel
6.419253e+01,11241,1.00781670808992e-08,7.36204269768060e-02,7.36204471331402e-02,7.35718843835041e-02,lamp_kernel
6.430578e+01,11261,1.00685941597611e-08,7.36204246565195e-02,7.36204447937078e-02,7.35719704094792e-02,lamp_kernel
6.441902e+01,11281,1.00593643771587e-08,7.36204223460505e-02,7.36204424647793e-02,7.35720561268743e-02,lamp_kernel
6.453226e+01,11301,1.00507861745472e-08,7.36204200453565e-02,7.36204401469288e-02,7.35721415373408e-02,lamp_kernel
6.464550e+01,11321,1.00431851595877e-08,7.36204177543935e-02,7.36204378407639e-02,7.35722266425184e-02,lamp_kernel
6.475876e+01,11341,1.00368308043293e-08,7.36204154730943e-02,7.36204355467559e-02,7.35723114440355e-02,lamp_kernel
6.487200e+01,11361,1.00313005064125e-08,7.36204132014122e-02,7.36204332640132e-02,7.35723959435085e-02,lamp_kernel
6.498524e+01,11381,1.00261582402599e-08,7.36204109392963e-02,7.36204309916128e-02,7.35724801425427e-02,lamp_kernel
6.509850e+01,11401,1.00212233393741e-08,7.36204086867269e-02,7.36204287291736e-02,7.35725640427319e-02,lamp_kernel
6.521175e+01,11421,1.00157895086092e-08,7.36204064436383e-02,7.36204264752174e-02,7.35726476456587e-02,lamp_kernel
6.532499e+01,11441,1.00096025012226e-08,7.36204042099795e-02,7.36204242291845e-02,7.35727309528948e-02,lamp_kernel
6.543822e+01,11461,1.00020364249988e-08,7.36204019857118e-02,7.36204219897846e-02,7.35728139660008e-02,lamp_kernel
6.555146e+01,11481,9.99361718642339e-09,7.36203997707655e-02,7.36204197579999e-02,7.35728966865263e-02,lamp_kernel
6.566472e+01,11501,9.98539475561531e-09,7.36203975650832e-02,7.36204175358727e-02,7.35729791160102e-02,lamp_kernel
6.577796e+01,11521,9.97796291210515e-09,7.36203953685854e-02,7.36204153245113e-02,7.35730612559806e-02,lamp_kernel
6.589120e+01,11541,9.97197084331698e-09,7.36203931812088e-02,7.36204131251505e-02,7.35731431079550e-02,lamp_kernel
6.600445e+01,11561,9.96736275277163e-09,7.36203910028998e-02,7.36204109376253e-02,7.35732246734403e-02,lamp_kernel
6.611770e+01,11581,9.96377339726212e-09,7.36203888335861e-02,7.36204087611328e-02,7.35733059539329e-02,lamp_kernel
6.623095e+01,11601,9.96071007603349e-09,7.36203866732300e-02,7.36204065946501e-02,7.35733869509188e-02,lamp_kernel
6.634421e+01,11621,9.95761095128991e-09,7.36203845217886e-02,7.36204044370105e-02,7.35734676658739e-02,lamp_kernel
6.645746e+01,11641,9.95437230729564e-09,7.36203823792261e-02,7.36204022879708e-02,7.35735481002636e-02,lamp_kernel
6.657071e+01,11661,9.95050151047385e-09,7.36203802455240e-02,7.36204001465270e-02,7.35736282555437e-02,lamp_kernel
6.668396e+01,11681,9.94596338927391e-09,7.36203781206411e-02,7.36203980125679e-02,7.35737081331594e-02,lamp_kernel
6.679722e+01,11701,9.94078967155316e-09,7.36203760045477e-02,7.36203958861270e-02,7.35737877345464e-02,lamp_kernel
6.691046e+01,11721,9.93505041589942e-09,7.36203738972052e-02,7.36203937673060e-02,7.35738670611303e-02,lamp_kernel
6.702372e+01,11741,9.92885006430406e-09,7.36203717985578e-02,7.36203916562580e-02,7.35739461143270e-02,lamp_kernel
6.713696e+01,11761,9.92233478772077e-09,7.36203697085549e-02,7.36203895532245e-02,7.35740248955430e-02,lamp_kernel
6.725021e+01,11781,9.91582134706122e-09,7.36203676271130e-02,7.36203874587557e-02,7.35741034061749e-02,lamp_kernel
6.736347e+01,11801,9.90946596738436e-09,7.36203655541805e-02,7.36203853731125e-02,7.35741816476099e-02,lamp_kernel
6.747674e+01,11821,9.90353579923520e-09,7.36203634896773e-02,7.36203832967489e-02,7.35742596212260e-02,lamp_kernel
6.759002e+01,11841,9.89822125102573e-09,7.36203614335577e-02,7.36203812300002e-02,7.35743373283915e-02,lamp_kernel
6.770328e+01,11861,9.89357028078631e-09,7.36203593857643e-02,7.36203791729049e-02,7.35744147704656e-02,lamp_kernel
6.781655e+01,11881,9.88946676529587e-09,7.36203573462753e-02,7.36203771252089e-02,7.35744919487983e-02,lamp_kernel
6.792982e+01,11901,9.88589185087438e-09,7.36203553150711e-02,7.36203750868548e-02,7.35745688647303e-02,lamp_kernel
6.804310e+01,11921,9.88254287378801e-09,7.36203532921272e-02,7.36203730572129e-02,7.35746455195933e-02,lamp_kernel
6.815636e+01,11941,9.87902180940319e-09,7.36203512774312e-02,7.36203710354748e-02,7.35747219147103e-02,lamp_kernel
6.826961e+01,11961,9.87517512240337e-09,7.36203492709239e-02,7.36203690212742e-02,7.35747980513951e-02,lamp_kernel
6.838287e+01,11981,9.87144211642547e-09,7.36203472725888e-02,7.36203670154730e-02,7.35748739309528e-02,lamp_kernel
6.849614e+01,12001,9.86726679416571e-09,7.36203452823653e-02,7.36203650168989e-02,7.35749495546800e-02,lamp_kernel
6.860940e+01,12021,9.86246816012068e-09,7.36203433001968e-02,7.36203630251331e-02,7.35750249238642e-02,lamp_kernel
6.872265e+01,12041,9.85737488520671e-09,7.36203413260254e-02,7.36203610407751e-02,7.35751000397847e-02,lamp_kernel
6.883589e+01,12061,9.85299885431481e-09,7.36203393598147e-02,7.36203590658124e-02,7.35751749037122e-02,lamp_kernel
6.894915e+01,12081,9.84858073059233e-09,7.36203374015169e-02,7.36203570986784e-02,7.35752495169087e-02,lamp_kernel
6.906240e+01,12101,9.84450202898073e-09,7.36203354510709e-02,7.36203551400750e-02,7.35753238806281e-02,lamp_kernel
6.917566e+01,12121,9.84119722103043e-09,7.36203335084390e-02,7.36203531908334e-02,7.35753979961160e-02,lamp_kernel
6.928891e+01,12141,9.83894775951476e-09,7.36203315735886e-02,7.36203512514841e-02,7.35754718646096e-02,lamp_kernel
6.940216e+01,12161,9.83783364160869e-09,7.36203296464626e-02,7.36203493221299e-02,7.35755454873380e-02,lamp_kernel
6.951541e+01,12181,9.83756561666944e-09,7.36203277270572e-02,7.36203474021885e-02,7.35756188655221e-02,lamp_kernel
6.962866e+01,12201,9.83755406492271e-09,7.36203258153243e-02,7.36203454904324e-02,7.35756920003748e-02,lamp_kernel
6.974193e+01,12221,9.83711751601337e-09,7.36203239112387e-02,7.36203435854737e-02,7.35757648931011e-02,lamp_kernel
6.985517e+01,12241,9.83563258481931e-09,7.36203220147633e-02,7.36203416860285e-02,7.35758375448979e-02,lamp_kernel
6.996841e+01,12261,9.83272293161295e-09,7.36203201258870e-02,7.36203397913328e-02,7.35759099569544e-02,lamp_kernel
7.008165e+01,12281,9.82834980173681e-09,7.36203182445642e-02,7.36203379012638e-02,7.35759821304519e-02,lamp_kernel
7.019491e+01,12301,9.82281343689792e-09,7.36203163707772e-02,7.36203360164041e-02,7.35760540665641e-02,lamp_kernel
7.030814e+01,12321,9.81687842404743e-09,7.36203145044808e-02,7.36203341382376e-02,7.35761257664571e-02,lamp_kernel
7.042138e+01,12341,9.81125210133736e-09,7.36203126456234e-02,7.36203322681276e-02,7.35761972312895e-02,lamp_kernel
7.053461e+01,12361,9.80622329876455e-09,7.36203107941568e-02,7.36203304066034e-02,7.35762684622120e-02,lamp_kernel
7.064785e+01,12381,9.80199235318854e-09,7.36203089500182e-02,7.36203285540029e-02,7.35763394603684e-02,lamp_kernel
7.076111e+01,12401,9.79866302139551e-09,7.36203071131609e-02,7.36203267104869e-02,7.35764102268945e-02,lamp_kernel
7.087438e+01,12421,9.79624636004594e-09,7.36203052835544e-02,7.36203248760472e-02,7.35764807629192e-02,lamp_kernel
7.098762e+01,12441,9.79443551764788e-09,7.36203034611485e-02,7.36203230500196e-02,7.35765510695638e-02,lamp_kernel
7.110086e+01,12461,9.79287575122784e-09,7.36203016459195e-02,7.36203212316710e-02,7.35766211479425e-02,lamp_kernel
7.121410e+01,12481,9.79119635517994e-09,7.36202998378518e-02,7.36203194202445e-02,7.35766909991622e-02,lamp_kernel
7.132734e+01,12501,9.78904134566942e-09,7.36202980369174e-02,7.36203176150001e-02,7.35767606243228e-02,lamp_kernel
7.144056e+01,12521,9.78634417826176e-09,7.36202962431117e-02,7.36203158158000e-02,7.35768300245169e-02,lamp_kernel
7.155382e+01,12541,9.78262450891638e-09,7.36202944564138e-02,7.36203140216628e-02,7.35768992008305e-02,lamp_kernel
7.166713e+01,12561,9.77780334062381e-09,7.36202926767916e-02,7.36203122323982e-02,7.35769681543424e-02,lamp_kernel
7.178046e+01,12581,9.77203118052572e-09,7.36202909042371e-02,7.36203104482995e-02,7.35770368861246e-02,lamp_kernel
7.189374e+01,12601,9.76557039402855e-09,7.36202891386734e-02,7.36203086698142e-02,7.35771053972423e-02,lamp_kernel
7.200705e+01,12621,9.75891863225918e-09,7.36202873800645e-02,7.36203068979017e-02,7.35771736887538e-02,lamp_kernel
7.212037e+01,12641,9.75251776751845e-09,7.36202856283686e-02,7.36203051334041e-02,7.35772417617109e-02,lamp_kernel
7.223368e+01,12661,9.74676873143111e-09,7.36202838835121e-02,7.36203033770495e-02,7.35773096171585e-02,lamp_kernel
7.234698e+01,12681,9.74188245476233e-09,7.36202821454658e-02,7.36203016292307e-02,7.35773772561351e-02,lamp_kernel
7.246029e+01,12701,9.73805661140349e-09,7.36202804141965e-02,7.36202998903097e-02,7.35774446796722e-02,lamp_kernel
7.257358e+01,12721,9.73628303045945e-09,7.36202786896605e-02,7.36202981622265e-02,7.35775118887953e-02,lamp_kernel
7.268686e+01,12741,9.73563663270774e-09,7.36202769718616e-02,7.36202964431348e-02,7.35775788845230e-02,lamp_kernel
7.280017e+01,12761,9.73500563238948e-09,7.36202752607648e-02,7.36202947307761e-02,7.35776456678678e-02,lamp_kernel
7.291347e+01,12781,9.73413354658179e-09,7.36202735563641e-02,7.36202930246312e-02,7.35777122398355e-02,lamp_kernel
7.302677e+01,12801,9.73255435077908e-09,7.36202718586426e-02,7.36202913237513e-02,7.35777786014260e-02,lamp_kernel
7.314008e+01,12821,9.73006249602515e-09,7.36202701675830e-02,7.36202896277080e-02,7.35778447536325e-02,lamp_kernel
7.325338e+01,12841,9.72658119041496e-09,7.36202684831580e-02,7.36202879363204e-02,7.35779106974422e-02,lamp_kernel
7.336671e+01,12861,9.72201036438820e-09,7.36202668053308e-02,7.36202862493515e-02,7.35779764338363e-02,lamp_kernel
7.348002e+01,12881,9.71655553701256e-09,7.36202651340538e-02,7.36202845671649e-02,7.35780419637896e-02,lamp_kernel
7.359333e+01,12901,9.71055568555142e-09,7.36202634692912e-02,7.36202828904026e-02,7.35781072882709e-02,lamp_kernel
7.370663e+01,12921,9.70436078954041e-09,7.36202618109982e-02,7.36202812197197e-02,7.35781724082432e-02,lamp_kernel
7.381996e+01,12941,9.69838720489326e-09,7.36202601591257e-02,7.36202795559001e-02,7.35782373246632e-02,lamp_kernel
7.393326e+01,12961,9.69304672477478e-09,7.36202585136538e-02,7.36202778997472e-02,7.35783020384819e-02,lamp_kernel
7.404657e+01,12981,9.68865418129498e-09,7.36202568745477e-02,7.36202762518561e-02,7.35783665506443e-02,lamp_kernel
7.415988e+01,13001,9.68590209684046e-09,7.36202552417825e-02,7.36202746135866e-02,7.35784308620896e-02,lamp_kernel
7.427319e+01,13021,9.68413887404507e-09,7.36202536153228e-02,7.36202729836006e-02,7.35784949737512e-02,lamp_kernel
7.438649e+01,13041,9.68282106261170e-09,7.36202519951522e-02,7.36202713607943e-02,7.35785588865566e-02,lamp_kernel
7.449981e+01,13061,9.68137325199127e-09,7.36202503812631e-02,7.36202697440096e-02,7.35786226014278e-02,lamp_kernel
7.461311e+01,13081,9.67923891322387e-09,7.36202487736407e-02,7.36202681321185e-02,7.35786861192809e-02,lamp_kernel
7.472642e+01,13101,9.67603930756393e-09,7.36202471722517e-02,7.36202665243303e-02,7.35787494410266e-02,lamp_kernel
7.483973e+01,13121,9.67157177338815e-09,7.36202455770819e-02,7.36202649202254e-02,7.35788125675698e-02,lamp_kernel
7.495303e+01,13141,9.66590591727957e-09,7.36202439880978e-02,7.36202633199096e-02,7.35788754998101e-02,lamp_kernel
7.506634e+01,13161,9.65929893343958e-09,7.36202424052737e-02,7.36202617238715e-02,7.35789382386414e-02,lamp_kernel
7.517964e+01,13181,9.65214124582408e-09,7.36202408285680e-02,7.36202601328505e-02,7.35790007849524e-02,lamp_kernel
7.529296e+01,13201,9.64485773659793e-09,7.36202392579471e-02,7.36202585476626e-02,7.35790631396262e-02,lamp_kernel
7.540629e+01,13221,9.63783754436229e-09,7.36202376933758e-02,7.36202569690508e-02,7.35791253035407e-02,lamp_kernel
7.551961e+01,13241,9.63137881686483e-09,7.36202361348170e-02,7.36202553975746e-02,7.35791872775683e-02,lamp_kernel
7.563296e+01,13261,9.62560468475963e-09,7.36202345822534e-02,7.36202538334627e-02,7.35792490625762e-02,lamp_kernel
7.574630e+01,13281,9.62050167768269e-09,7.36202330356418e-02,7.36202522766452e-02,7.35793106594262e-02,lamp_kernel
7.585959e+01,13301,9.61592228517653e-09,7.36202314949757e-02,7.36202507268202e-02,7.35793720689751e-02,lamp_kernel
7.597291e+01,13321,9.61159810843944e-09,7.36202299602057e-02,7.36202491834019e-02,7.35794332920744e-02,lamp_kernel
7.608625e+01,13341,9.60715834731303e-09,7.36202284313340e-02,7.36202476456507e-02,7.35794943295704e-02,lamp_kernel
7.619953e+01,13361,9.60220881834657e-09,7.36202269083327e-02,7.36202461127503e-02,7.35795551823043e-02,lamp_kernel
7.631285e+01,13381,9.59638558376072e-09,7.36202253912024e-02,7.36202445839735e-02,7.35796158511125e-02,lamp_kernel
7.642616e+01,13401,9.58946203861169e-09,7.36202238799099e-02,7.36202430588339e-02,7.35796763368262e-02,lamp_kernel
7.653947e+01,13421,9.58151126375178e-09,7.36202223744378e-02,7.36202415374603e-02,7.35797366402715e-02,lamp_kernel
7.665277e+01,13441,9.57255301183837e-09,7.36202208747505e-02,7.36202400198566e-02,7.35797967622698e-02,lamp_kernel
7.676609e+01,13461,9.56328992996688e-09,7.36202193808183e-02,7.36202385073982e-02,7.35798567036375e-02,lamp_kernel
7.687939e+01,13481,9.55440592800343e-09,7.36202178926364e-02,7.36202370014483e-02,7.35799164651861e-02,lamp_kernel
7.699269e+01,13501,9.54596055549123e-09,7.36202164101441e-02,7.36202355020652e-02,7.35799760477224e-02,lamp_kernel
7.710599e+01,13521,9.53843804763584e-09,7.36202149333188e-02,7.36202340101949e-02,7.35800354520482e-02,lamp_kernel
7.721931e+01,13541,9.53161550572292e-09,7.36202134621343e-02,7.36202325253653e-02,7.35800946789606e-02,lamp_kernel
7.733263e+01,13561,9.52550652778448e-09,7.36202119965407e-02,7.36202310475538e-02,7.35801537292522e-02,lamp_kernel
7.744594e+01,13581,9.52036340012741e-09,7.36202105365314e-02,7.36202295772582e-02,7.35802126037105e-02,lamp_kernel
7.755924e+01,13601,9.51538347332980e-09,7.36202090820685e-02,7.36202281128354e-02,7.35802713031186e-02,lamp_kernel
7.767256e+01,13621,9.51022347379435e-09,7.36202076331614e-02,7.36202266536083e-02,7.35803298282549e-02,lamp_kernel
7.778589e+01,13641,9.50456800089371e-09,7.36202061897853e-02,7.36202251989213e-02,7.35803881798932e-02,lamp_kernel
7.789921e+01,13661,9.49812033228931e-09,7.36202047519345e-02,7.36202237481751e-02,7.35804463588029e-02,lamp_kernel
7.801253e+01,13681,9.49084551873664e-09,7.36202033195929e-02,7.36202223012839e-02,7.35805043657485e-02,lamp_kernel
7.812584e+01,13701,9.48377159613449e-09,7.36202018927224e-02,7.36202208602656e-02,7.35805622014904e-02,lamp_kernel
7.823915e+01,13721,9.47739925568792e-09,7.36202004712980e-02,7.36202194260965e-02,7.35806198667844e-02,lamp_kernel
7.835246e+01,13741,9.47106625089336e-09,7.36201990553047e-02,7.36202179974372e-02,7.35806773623819e-02,lamp_kernel
7.846577e+01,13761,9.46458623780275e-09,7.36201976447044e-02,7.36202165738769e-02,7.35807346890298e-02,lamp_kernel
7.857909e+01,13781,9.45844647983812e-09,7.36201962394788e-02,7.36202151563717e-02,7.35807918474709e-02,lamp_kernel
7.869240e+01,13801,9.45305692487221e-09,7.36201948395803e-02,7.36202137456941e-02,7.35808488384433e-02,lamp_kernel
7.880572e+01,13821,9.44817599652162e-09,7.36201934449825e-02,7.36202123413345e-02,7.35809056626811e-02,lamp_kernel
7.891902e+01,13841,9.44363646608137e-09,7.36201920556613e-02,7.36202109429342e-02,7.35809623209142e-02,lamp_kernel
7.903233e+01,13861,9.43934251437142e-09,7.36201906715886e-02,7.36202095502737e-02,7.35810188138678e-02,lamp_kernel
7.914563e+01,13881,9.43529489651882e-09,7.36201892927685e-02,7.36202081633583e-02,7.35810751422633e-02,lamp_kernel
7.925895e+01,13901,9.43124016611475e-09,7.36201879191896e-02,7.36202067816699e-02,7.35811313068179e-02,lamp_kernel
7.937225e+01,13921,9.42694135505901e-09,7.36201865508157e-02,7.36202054046984e-02,7.35811873082443e-02,lamp_kernel
7.948556e+01,13941,9.42232686028607e-09,7.36201851876512e-02,7.36202040323049e-02,7.35812431472516e-02,lamp_kernel
7.959887e+01,13961,9.41719926737948e-09,7.36201838296705e-02,7.36202026640691e-02,7.35812988245445e-02,lamp_kernel
7.971219e+01,13981,9.41133142078117e-09,7.36201824768366e-02,7.36202012994995e-02,7.35813543408236e-02,lamp_kernel
7.982551e+01,14001,9.40473893858478e-09,7.36201811291380e-02,7.36201999386159e-02,7.35814096967856e-02,lamp_kernel
7.993886e+01,14021,9.39754475472974e-09,7.36201797865480e-02,7.36201985816375e-02,7.35814648931232e-02,lamp_kernel
8.005218e+01,14041,9.38993570767787e-09,7.36201784490472e-02,7.36201972289186e-02,7.35815199305252e-02,lamp_kernel
8.016550e+01,14061,9.38213157467015e-09,7.36201771165876e-02,7.36201958808507e-02,7.35815748096763e-02,lamp_kernel
8.027883e+01,14081,9.37450226425749e-09,7.36201757891573e-02,7.36201945381619e-02,7.35816295312574e-02,lamp_kernel
8.039215e+01,14101,9.36724235746963e-09,7.36201744667370e-02,7.36201932012217e-02,7.35816840959454e-02,lamp_kernel
8.050547e+01,14121,9.36025570733920e-09,7.36201731492890e-02,7.36201918698005e-02,7.35817385044135e-02,lamp_kernel
8.061878e+01,14141,9.35355405864904e-09,7.36201718368302e-02,7.36201905439383e-02,7.35817927573309e-02,lamp_kernel
8.073209e+01,14161,9.34703808134595e-09,7.36201705292969e-02,7.36201892233731e-02,7.35818468553631e-02,lamp_kernel
8.084539e+01,14181,9.34057095003425e-09,7.36201692267039e-02,7.36201879078458e-02,7.35819007991718e-02,lamp_kernel
8.095868e+01,14201,9.33387035689421e-09,7.36201679290183e-02,7.36201865967590e-02,7.35819545894149e-02,lamp_kernel
8.107197e+01,14221,9.32668564655225e-09,7.36201666362318e-02,7.36201852896031e-02,7.35820082267465e-02,lamp_kernel
8.118526e+01,14241,9.31932582669581e-09,7.36201653483285e-02,7.36201839869802e-02,7.35820617118173e-02,lamp_kernel
8.129856e+01,14261,9.31129541345136e-09,7.36201640652847e-02,7.36201826878755e-02,7.35821150452741e-02,lamp_kernel
8.141185e+01,14281,9.30250884833980e-09,7.36201627870645e-02,7.36201813920822e-02,7.35821682277600e-02,lamp_kernel
8.152515e+01,14301,9.29308803104544e-09,7.36201615136654e-02,7.36201800998415e-02,7.35822212599146e-02,lamp_kernel
8.163845e+01,14321,9.28324189606471e-09,7.36201602450528e-02,7.36201788115366e-02,7.35822741423739e-02,lamp_kernel
8.175176e+01,14341,9.27327664668148e-09,7.36201589812251e-02,7.36201775277784e-02,7.35823268757705e-02,lamp_kernel
8.186509e+01,14361,9.26371757328836e-09,7.36201577221312e-02,7.36201762495663e-02,7.35823794607330e-02,lamp_kernel
8.197840e+01,14381,9.25449875251603e-09,7.36201564677712e-02,7.36201749767687e-02,7.35824318978869e-02,lamp_kernel
8.209170e+01,14401,9.24560530873598e-09,7.36201552180992e-02,7.36201737093098e-02,7.35824841736692e-02,lamp_kernel
8.220498e+01,14421,9.23698898257626e-09,7.36201539731117e-02,7.36201724470897e-02,7.35825362465849e-02,lamp_kernel
8.231829e+01,14441,9.22850824490574e-09,7.36201527327866e-02,7.36201711898031e-02,7.35825881738594e-02,lamp_kernel
8.243162e+01,14461,9.22001408530036e-09,7.36201514970978e-02,7.36201699371260e-02,7.35826399561033e-02,lamp_kernel
8.254493e+01,14481,9.21130188107893e-09,7.36201502660381e-02,7.36201686886419e-02,7.35826915939232e-02,lamp_kernel
8.265825e+01,14501,9.20222455395424e-09,7.36201490395989e-02,7.36201674440480e-02,7.35827430879228e-02,lamp_kernel
8.277156e+01,14521,9.19248144032519e-09,7.36201478177600e-02,7.36201662027229e-02,7.35827944387021e-02,lamp_kernel
8.288489e+01,14541,9.18201721999699e-09,7.36201466005109e-02,7.36201649645453e-02,7.35828456468579e-02,lamp_kernel
8.299819e+01,14561,9.17088549448297e-09,7.36201453878275e-02,7.36201637295985e-02,7.35828967129840e-02,lamp_kernel
8.311150e+01,14581,9.15922862577958e-09,7.36201441796847e-02,7.36201624981419e-02,7.35829476376703e-02,lamp_kernel
8.322482e+01,14601,9.14723382353866e-09,7.36201429760792e-02,7.36201612705469e-02,7.35829984215041e-02,lamp_kernel
8.333814e+01,14621,9.13510182349050e-09,7.36201417769622e-02,7.36201600471659e-02,7.35830490650689e-02,lamp_kernel
8.345148e+01,14641,9.12301579709952e-09,7.36201405823178e-02,7.36201588283494e-02,7.35830995689455e-02,lamp_kernel
8.356479e+01,14661,9.11112658732972e-09,7.36201393921289e-02,7.36201576143820e-02,7.35831499337111e-02,lamp_kernel
8.367811e+01,14681,9.09953098213183e-09,7.36201382063630e-02,7.36201564054250e-02,7.35832001599399e-02,lamp_kernel
8.379142e+01,14701,9.08816023619688e-09,7.36201370250005e-02,7.36201552013210e-02,7.35832502482030e-02,lamp_kernel
8.390474e+01,14721,9.07691995864163e-09,7.36201358480222e-02,7.36201540018621e-02,7.35833001990682e-02,lamp_kernel
8.401805e+01,14741,9.06565268928151e-09,7.36201346754148e-02,7.36201528067201e-02,7.35833500131003e-02,lamp_kernel
8.413193e+01,14761,9.05439565739071e-09,7.36201335071714e-02,7.36201516159627e-02,7.35833996908611e-02,lamp_kernel
8.424525e+01,14781,9.04377681149907e-09,7.36201323432800e-02,7.36201504308336e-02,7.35834492329092e-02,lamp_kernel
8.435857e+01,14801,9.03276089497149e-09,7.36201311837290e-02,7.36201492492508e-02,7.35834986398002e-02,lamp_kernel
8.447188e+01,14821,9.02113942175664e-09,7.36201300285127e-02,7.36201480707916e-02,7.35835479120867e-02,lamp_kernel
8.458518e+01,14841,9.00888901009235e-09,7.36201288776162e-02,7.36201468953942e-02,7.35835970503182e-02,lamp_kernel
8.469849e+01,14861,8.99605526832499e-09,7.36201277310097e-02,7.36201457231202e-02,7.35836460550415e-02,lamp_kernel
8.481180e+01,14881,8.98288271209381e-09,7.36201265886849e-02,7.36201445544503e-02,7.35836949268000e-02,lamp_kernel
8.492507e+01,14901,8.96946645864410e-09,7.36201254505893e-02,7.36201433895222e-02,7.35837436661346e-02,lamp_kernel
8.503833e+01,14921,8.95595197921641e-09,7.36201243167246e-02,7.36201422286286e-02,7.35837922735830e-02,lamp_kernel
8.515160e+01,14941,8.94249031119033e-09,7.36201231870432e-02,7.36201410720238e-02,7.35838407496802e-02,lamp_kernel
8.526485e+01,14961,8.92922928350075e-09,7.36201220615420e-02,7.36201399200006e-02,7.35838890949581e-02,lamp_kernel
8.537812e+01,14981,8.91620099426129e-09,7.36201209401879e-02,7.36201387725899e-02,7.35839373099458e-02,lamp_kernel
8.549138e+01,15001,8.90343721722477e-09,7.36201198229580e-02,7.36201376298324e-02,7.35839853951697e-02,lamp_kernel
8.560465e+01,15021,8.89085696881742e-09,7.36201187098292e-02,7.36201364915431e-02,7.35840333511532e-02,lamp_kernel
8.571791e+01,15041,8.87845094786171e-09,7.36201176008234e-02,7.36201353577253e-02,7.35840811784169e-02,lamp_kernel
8.583114e+01,15061,8.86596686377889e-09,7.36201164959317e-02,7.36201342278654e-02,7.35841288774788e-02,lamp_kernel
8.594440e+01,15081,8.85321780626538e-09,7.36201153951246e-02,7.36201331015602e-02,7.35841764488538e-02,lamp_kernel
8.605767e+01,15101,8.84000727604770e-09,7.36201142983912e-02,7.36201319784058e-02,7.35842238930544e-02,lamp_kernel
8.617092e+01,15121,8.82609756647565e-09,7.36201132057309e-02,7.36201308579260e-02,7.35842712105902e-02,lamp_kernel
8.628416e+01,15141,8.81139465319647e-09,7.36201121171226e-02,7.36201297399119e-02,7.35843184019680e-02,lamp_kernel
8.639743e+01,15161,8.79599682842678e-09,7.36201110325387e-02,7.36201286245323e-02,7.35843654676921e-02,lamp_kernel
8.664019e+01,15181,8.78008434157225e-09,7.36201099519729e-02,7.36201275121416e-02,7.35844124082640e-02,lamp_kernel
8.675348e+01,15201,8.76376506873014e-09,7.36201088753834e-02,7.36201264029135e-02,7.35844592241826e-02,lamp_kernel
8.686674e+01,15221,8.74727999721795e-09,7.36201078027576e-02,7.36201252973176e-02,7.35845059159441e-02,lamp_kernel
8.697998e+01,15241,8.73099911676011e-09,7.36201067340702e-02,7.36201241960685e-02,7.35845524840421e-02,lamp_kernel
8.709322e+01,15261,8.71515790933182e-09,7.36201056692764e-02,7.36201230995922e-02,7.35845989289677e-02,lamp_kernel
8.720647e+01,15281,8.69971463838447e-09,7.36201046083969e-02,7.36201220078262e-02,7.35846452512091e-02,lamp_kernel
8.731969e+01,15301,8.68475310886183e-09,7.36201035513957e-02,7.36201209209019e-02,7.35846914512524e-02,lamp_kernel
8.743294e+01,15321,8.67033294815923e-09,7.36201024982493e-02,7.36201198389152e-02,7.35847375295806e-02,lamp_kernel
8.754619e+01,15341,8.65636420920593e-09,7.36201014489576e-02,7.36201187616860e-02,7.35847834866745e-02,lamp_kernel
8.765941e+01,15361,8.64235392651144e-09,7.36201004035167e-02,7.36201176882245e-02,7.35848293230124e-02,lamp_kernel
8.777265e+01,15381,8.62809590456138e-09,7.36200993619103e-02,7.36201166181021e-02,7.35848750390698e-02,lamp_kernel
8.788587e+01,15401,8.61329513399385e-09,7.36200983241368e-02,7.36201155507271e-02,7.35849206353200e-02,lamp_kernel
8.799911e+01,15421,8.59786945611125e-09,7.36200972901778e-02,7.36201144859167e-02,7.35849661122338e-02,lamp_kernel
8.811236e+01,15441,8.58172303736096e-09,7.36200962600118e-02,7.36201134234579e-02,7.35850114702793e-02,lamp_kernel
8.822562e+01,15461,8.56479988308142e-09,7.36200952336236e-02,7.36201123632234e-02,7.35850567099223e-02,lamp_kernel
8.833887e+01,15481,8.54723178626386e-09,7.36200942110019e-02,7.36201113054655e-02,7.35851018316264e-02,lamp_kernel
8.845211e+01,15501,8.52916105312920e-09,7.36200931921314e-02,7.36201102504535e-02,7.35851468358524e-02,lamp_kernel
8.856536e+01,15521,8.51079462463309e-09,7.36200921769781e-02,7.36201091985673e-02,7.35851917230590e-02,lamp_kernel
8.867860e+01,15541,8.49236597325389e-09,7.36200911655259e-02,7.36201081502579e-02,7.35852364937024e-02,lamp_kernel
8.879184e+01,15561,8.47407684837427e-09,7.36200901577485e-02,7.36201071059022e-02,7.35852811482364e-02,lamp_kernel
8.890508e+01,15581,8.45611777642765e-09,7.36200891536325e-02,7.36201060658681e-02,7.35853256871126e-02,lamp_kernel
8.901832e+01,15601,8.43869823329859e-09,7.36200881531415e-02,7.36201050305379e-02,7.35853701107800e-02,lamp_kernel
8.913158e+01,15621,8.42176880335770e-09,7.36200871562563e-02,7.36201039997939e-02,7.35854144196856e-02,lamp_kernel
8.924481e+01,15641,8.40552795255020e-09,7.36200861629934e-02,7.36201029740493e-02,7.35854586142738e-02,lamp_kernel
8.935805e+01,15661,8.38932527064985e-09,7.36200851733360e-02,7.36201019519866e-02,7.35855026949870e-02,lamp_kernel
8.947130e+01,15681,8.37295386404505e-09,7.36200841872743e-02,7.36201009331820e-02,7.35855466622649e-02,lamp_kernel
8.958456e+01,15701,8.35628048419123e-09,7.36200832048012e-02,7.36200999173622e-02,7.35855905165454e-02,lamp_kernel
8.969782e+01,15721,8.33922676005543e-09,7.36200822259142e-02,7.36200989043677e-02,7.35856342582638e-02,lamp_kernel
8.981107e+01,15741,8.32180298278494e-09,7.36200812505831e-02,7.36200978941891e-02,7.35856778878535e-02,lamp_kernel
8.992431e+01,15761,8.30391959276259e-09,7.36200802787971e-02,7.36200968866363e-02,7.35857214057453e-02,lamp_kernel
9.003756e+01,15781,8.28556210756585e-09,7.36200793105376e-02,7.36200958816618e-02,7.35857648123682e-02,lamp_kernel
9.015081e+01,15801,8.26678693546947e-09,7.36200783457858e-02,7.36200948793597e-02,7.35858081081486e-02,lamp_kernel
9.026405e+01,15821,8.24769734432621e-09,7.36200773845285e-02,7.36200938799232e-02,7.35858512935111e-02,lamp_kernel
9.037730e+01,15841,8.22839490547131e-09,7.36200764267529e-02,7.36200928835427e-02,7.35858943688780e-02,lamp_kernel
9.049055e+01,15861,8.20899102225808e-09,7.36200754724249e-02,7.36200918904069e-02,7.35859373346694e-02,lamp_kernel
9.060380e+01,15881,8.18965272625548e-09,7.36200745215302e-02,7.36200909008356e-02,7.35859801913032e-02,lamp_kernel
9.071703e+01,15901,8.17043376262806e-09,7.36200735740530e-02,7.36200899149206e-02,7.35860229391954e-02,lamp_kernel
9.083028e+01,15921,8.15130983218360e-09,7.36200726299684e-02,7.36200889325881e-02,7.35860655787597e-02,lamp_kernel
9.094353e+01,15941,8.13225393763159e-09,7.36200716892580e-02,7.36200879537658e-02,7.35861081104078e-02,lamp_kernel
9.105678e+01,15961,8.11325372175192e-09,7.36200707519312e-02,7.36200869784387e-02,7.35861505345492e-02,lamp_kernel
9.117001e+01,15981,8.09422438987277e-09,7.36200698179744e-02,7.36200860064232e-02,7.35861928515915e-02,lamp_kernel
9.128324e+01,16001,8.07506634169809e-09,7.36200688873812e-02,7.36200850375139e-02,7.35862350619401e-02,lamp_kernel
9.139649e+01,16021,8.05570473664911e-09,7.36200679601203e-02,7.36200840715298e-02,7.35862771659985e-02,lamp_kernel
9.150975e+01,16041,8.03607016951056e-09,7.36200670361972e-02,7.36200831083375e-02,7.35863191641680e-02,lamp_kernel
9.162300e+01,16061,8.01611436566746e-09,7.36200661156003e-02,7.36200821478290e-02,7.35863610568480e-02,lamp_kernel
9.173625e+01,16081,7.99581584921310e-09,7.36200651983214e-02,7.36200811899531e-02,7.35864028444358e-02,lamp_kernel
9.184948e+01,16101,7.97516751952684e-09,7.36200642843183e-02,7.36200802346533e-02,7.35864445273268e-02,lamp_kernel
9.196272e+01,16121,7.95418677357237e-09,7.36200633735911e-02,7.36200792819647e-02,7.35864861059144e-02,lamp_kernel
9.207597e+01,16141,7.93290889202808e-09,7.36200624661258e-02,7.36200783319436e-02,7.35865275805901e-02,lamp_kernel
9.218923e+01,16161,7.91137949544374e-09,7.36200615618967e-02,7.36200773846557e-02,7.35865689517433e-02,lamp_kernel
9.230247e+01,16181,7.88969518384311e-09,7.36200606608874e-02,7.36200764402778e-02,7.35866102197616e-02,lamp_kernel
9.241572e+01,16201,7.86792953495567e-09,7.36200597630776e-02,7.36200754989367e-02,7.35866513850306e-02,lamp_kernel
9.252895e+01,16221,7.84610026795027e-09,7.36200588684753e-02,7.36200745606758e-02,7.35866924479339e-02,lamp_kernel
9.264219e+01,16241,7.82427701387448e-09,7.36200579770418e-02,7.36200736255958e-02,7.35867334088534e-02,lamp_kernel
9.275545e+01,16261,7.80252345730550e-09,7.36200570887644e-02,7.36200726938113e-02,7.35867742681688e-02,lamp_kernel
9.286870e+01,16281,7.78086221376365e-09,7.36200562036480e-02,7.36200717653725e-02,7.35868150262583e-02,lamp_kernel
9.298193e+01,16301,7.75931784105891e-09,7.36200553216663e-02,7.36200708403020e-02,7.35868556834979e-02,lamp_kernel
9.309517e+01,16321,7.73784081756989e-09,7.36200544428143e-02,7.36200699184960e-02,7.35868962402619e-02,lamp_kernel
9.320841e+01,16341,7.71633717619559e-09,7.36200535670862e-02,7.36200689997606e-02,7.35869366969227e-02,lamp_kernel
9.332166e+01,16361,7.69472148140381e-09,7.36200526944559e-02,7.36200680838989e-02,7.35869770538509e-02,lamp_kernel
9.343489e+01,16381,7.67292019155963e-09,7.36200518249433e-02,7.36200671707837e-02,7.35870173114151e-02,lamp_kernel
9.354814e+01,16401,7.65085510515277e-09,7.36200509585088e-02,7.36200662602190e-02,7.35870574699824e-02,lamp_kernel
9.366139e+01,16421,7.62847181781659e-09,7.36200500951252e-02,7.36200653520688e-02,7.35870975299179e-02,lamp_kernel
9.377460e+01,16441,7.60577997719628e-09,7.36200492348145e-02,7.36200644463745e-02,7.35871374915849e-02,lamp_kernel
9.388784e+01,16461,7.58281031383768e-09,7.36200483775299e-02,7.36200635431505e-02,7.35871773553449e-02,lamp_kernel
9.400105e+01,16481,7.55957745089398e-09,7.36200475232704e-02,7.36200626424253e-02,7.35872171215579e-02,lamp_kernel
9.411430e+01,16501,7.53613989733679e-09,7.36200466720424e-02,7.36200617443222e-02,7.35872567905817e-02,lamp_kernel
9.422753e+01,16521,7.51257637194868e-09,7.36200458237928e-02,7.36200608489456e-02,7.35872963627727e-02,lamp_kernel
9.434076e+01,16541,7.48896910832529e-09,7.36200449785010e-02,7.36200599564392e-02,7.35873358384855e-02,lamp_kernel
9.445398e+01,16561,7.46537821963332e-09,7.36200441361754e-02,7.36200590669319e-02,7.35873752180728e-02,lamp_kernel
9.456723e+01,16581,7.44185682809695e-09,7.36200432968162e-02,7.36200581805299e-02,7.35874145018857e-02,lamp_kernel
9.468046e+01,16601,7.41841868721702e-09,7.36200424603975e-02,7.36200572972348e-02,7.35874536902736e-02,lamp_kernel
9.479370e+01,16621,7.39507593110817e-09,7.36200416268977e-02,7.36200564170496e-02,7.35874927835842e-02,lamp_kernel
9.490695e+01,16641,7.37179127005205e-09,7.36200407963234e-02,7.36200555399059e-02,7.35875317821636e-02,lamp_kernel
9.502019e+01,16661,7.34849752548999e-09,7.36200399686565e-02,7.36200546656515e-02,7.35875706863559e-02,lamp_kernel
9.513342e+01,16681,7.32513701712590e-09,7.36200391438803e-02,7.36200537941543e-02,7.35876094965039e-02,lamp_kernel
9.524667e+01,16701,7.30165563208562e-09,7.36200383220033e-02,7.36200529253145e-02,7.35876482129486e-02,lamp_kernel
9.535992e+01,16721,7.27800613965829e-09,7.36200375030009e-02,7.36200520590132e-02,7.35876868360293e-02,lamp_kernel
9.547318e+01,16741,7.25415544235867e-09,7.36200366868464e-02,7.36200511951573e-02,7.35877253660838e-02,lamp_kernel
9.558644e+01,16761,7.23010117677480e-09,7.36200358735401e-02,7.36200503337425e-02,7.35877638034481e-02,lamp_kernel
9.569969e+01,16781,7.20585929574098e-09,7.36200350630737e-02,7.36200494747923e-02,7.35878021484567e-02,lamp_kernel
9.581294e+01,16801,7.18145871191316e-09,7.36200342554148e-02,7.36200486183322e-02,7.35878404014426e-02,lamp_kernel
9.592619e+01,16821,7.15700772706660e-09,7.36200334505667e-02,7.36200477645822e-02,7.35878785627369e-02,lamp_kernel
9.603945e+01,16841,7.13252668351924e-09,7.36200326485183e-02,7.36200469135716e-02,7.35879166326693e-02,lamp_kernel
9.615270e+01,16861,7.11043839678848e-09,7.36200318492415e-02,7.36200460701183e-02,7.35879546115680e-02,lamp_kernel
9.626593e+01,16881,7.08828146548884e-09,7.36200310527359e-02,7.36200452292988e-02,7.35879924997596e-02,lamp_kernel
9.637917e+01,16901,7.06624400058031e-09,7.36200302589690e-02,7.36200443914570e-02,7.35880302975688e-02,lamp_kernel
9.649240e+01,16921,7.04441189525419e-09,7.36200294679621e-02,7.36200435567859e-02,7.35880680053194e-02,lamp_kernel
9.660566e+01,16941,7.02264930674861e-09,7.36200286796913e-02,7.36200427249899e-02,7.35881056233329e-02,lamp_kernel
9.671890e+01,16961,7.00101308893981e-09,7.36200278941230e-02,7.36200418961492e-02,7.35881431519299e-02,lamp_kernel
9.683213e+01,16981,6.97957740774409e-09,7.36200271112925e-02,7.36200410704473e-02,7.35881805914292e-02,lamp_kernel
9.694537e+01,17001,6.95836276327129e-09,7.36200263311565e-02,7.36200402478820e-02,7.35882179421481e-02,lamp_kernel
9.705858e+01,17021,6.93732471176315e-09,7.36200255537020e-02,7.36200394283514e-02,7.35882552044023e-02,lamp_kernel
9.717182e+01,17041,6.91641922522493e-09,7.36200247789246e-02,7.36200386117631e-02,7.35882923785063e-02,lamp_kernel
9.728505e+01,17061,6.89554621091080e-09,7.36200240068143e-02,7.36200377979067e-02,7.35883294647728e-02,lamp_kernel
9.739829e+01,17081,6.87471861018165e-09,7.36200232373606e-02,7.36200369867978e-02,7.35883664635132e-02,lamp_kernel
9.751153e+01,17101,6.85380878641176e-09,7.36200224705423e-02,7.36200361781598e-02,7.35884033750373e-02,lamp_kernel
9.762478e+01,17121,6.83374988511038e-09,7.36200217063557e-02,7.36200353738555e-02,7.35884401996537e-02,lamp_kernel
9.773801e+01,17141,6.81371893220204e-09,7.36200209448023e-02,7.36200345722402e-02,7.35884769376692e-02,lamp_kernel
9.785127e+01,17161,6.79383213294312e-09,7.36200201858349e-02,7.36200337734992e-02,7.35885135893893e-02,lamp_kernel
9.796449e+01,17181,6.77378149424255e-09,7.36200194294568e-02,7.36200329770198e-02,7.35885501551183e-02,lamp_kernel
9.807775e+01,17201,6.75345042008719e-09,7.36200186756566e-02,7.36200321825574e-02,7.35885866351586e-02,lamp_kernel
9.819099e+01,17221,6.73303400663506e-09,7.36200179244221e-02,7.36200313904901e-02,7.35886230298116e-02,lamp_kernel
9.830424e+01,17241,6.71306609627925e-09,7.36200171757525e-02,7.36200306018847e-02,7.35886593393772e-02,lamp_kernel
9.841748e+01,17261,6.69327433780182e-09,7.36200164296541e-02,7.36200298162027e-02,7.35886955641536e-02,lamp_kernel
9.853072e+01,17281,6.67359326898990e-09,7.36200156860752e-02,7.36200290332618e-02,7.35887317044380e-02,lamp_kernel
9.864395e+01,17301,6.65420987364596e-09,7.36200149450412e-02,7.36200282534610e-02,7.35887677605260e-02,lamp_kernel
9.875721e+01,17321,6.63510206304029e-09,7.36200142065177e-02,7.36200274767218e-02,7.35888037327118e-02,lamp_kernel
9.887046e+01,17341,6.61622728476811e-09,7.36200134705018e-02,7.36200267029563e-02,7.35888396212885e-02,lamp_kernel
9.898370e+01,17361,6.59757608163356e-09,7.36200127369828e-02,7.36200259321350e-02,7.35888754265474e-02,lamp_kernel
9.909694e+01,17381,6.57909794310900e-09,7.36200120059569e-02,7.36200251641528e-02,7.35889111487789e-02,lamp_kernel
9.921019e+01,17401,6.56072348958037e-09,7.36200112774022e-02,7.36200243988492e-02,7.35889467882717e-02,lamp_kernel
9.932343e+01,17421,6.54236722066009e-09,7.36200105513183e-02,7.36200236360527e-02,7.35889823453133e-02,lamp_kernel
9.943668e+01,17441,6.52395042838878e-09,7.36200098276810e-02,7.36200228755819e-02,7.35890178201900e-02,lamp_kernel
9.954993e+01,17461,6.50555490986875e-09,7.36200091064751e-02,7.36200221175849e-02,7.35890532131866e-02,lamp_kernel
9.966319e+01,17481,6.48702423668976e-09,7.36200083876996e-02,7.36200213617481e-02,7.35890885245865e-02,lamp_kernel
9.977644e+01,17501,6.46822363473440e-09,7.36200076713432e-02,7.36200206077905e-02,7.35891237546721e-02,lamp_kernel
9.988969e+01,17521,6.44914016893622e-09,7.36200069573834e-02,7.36200198556637e-02,7.35891589037242e-02,lamp_kernel
1.000029e+02,17541,6.42979909519659e-09,7.36200062458358e-02,7.36200191054340e-02,7.35891939720225e-02,lamp_kernel
1.001162e+02,17561,6.41026806218547e-09,7.36200055366722e-02,7.36200183572083e-02,7.35892289598453e-02,lamp_kernel
1.002294e+02,17581,6.39063779828314e-09,7.36200048298932e-02,7.36200176111688e-02,7.35892638674696e-02,lamp_kernel
1.003427e+02,17601,6.37098845268360e-09,7.36200041254922e-02,7.36200168674691e-02,7.35892986951714e-02,lamp_kernel
1.004559e+02,17621,6.35136798392867e-09,7.36200034234482e-02,7.36200161261842e-02,7.35893334432251e-02,lamp_kernel
1.005691e+02,17641,6.33189433742151e-09,7.36200027237486e-02,7.36200153875372e-02,7.35893681119039e-02,lamp_kernel
1.006824e+02,17661,6.31263747925666e-09,7.36200020263977e-02,7.36200146516726e-02,7.35894027014801e-02,lamp_kernel
1.007956e+02,17681,6.29361090694752e-09,7.36200013313792e-02,7.36200139186010e-02,7.35894372122242e-02,lamp_kernel
1.009101e+02,17701,6.27482503360501e-09,7.36200006386935e-02,7.36200131883436e-02,7.35894716444059e-02,lamp_kernel
1.010234e+02,17721,6.25625983844880e-09,7.36199999483090e-02,7.36200124608286e-02,7.35895059982935e-02,lamp_kernel
1.011366e+02,17741,6.23786064556968e-09,7.36199992602227e-02,7.36200117359440e-02,7.35895402741541e-02,lamp_kernel
1.012499e+02,17761,6.21960474887753e-09,7.36199985744291e-02,7.36200110136386e-02,7.35895744722536e-02,lamp_kernel
1.013632e+02,17781,6.20143511711491e-09,7.36199978909000e-02,7.36200102937703e-02,7.35896085928567e-02,lamp_kernel
1.014764e+02,17801,6.18324069729168e-09,7.36199972096448e-02,7.36200095761261e-02,7.35896426362269e-02,lamp_kernel
1.015897e+02,17821,6.16500445320144e-09,7.36199965306338e-02,7.36200088606427e-02,7.35896766026265e-02,lamp_kernel
1.017029e+02,17841,6.14660130542739e-09,7.36199958538734e-02,7.36200081470760e-02,7.35897104923165e-02,lamp_kernel
1.018162e+02,17861,6.12797507734150e-09,7.36199951793473e-02,7.36200074352975e-02,7.35897443055569e-02,lamp_kernel
1.019295e+02,17881,6.10914292123121e-09,7.36199945070581e-02,7.36200067253440e-02,7.35897780426065e-02,lamp_kernel
1.020427e+02,17901,6.09020711909752e-09,7.36199938369847e-02,7.36200060173989e-02,7.35898117037228e-02,lamp_kernel
1.021560e+02,17921,6.07118956803074e-09,7.36199931691396e-02,7.36200053115187e-02,7.35898452891622e-02,lamp_kernel
1.022693e+02,17941,6.05217097969358e-09,7.36199925034919e-02,7.36200046078339e-02,7.35898787991800e-02,lamp_kernel
1.023826e+02,17961,6.03326200039944e-09,7.36199918400548e-02,7.36200039065788e-02,7.35899122340304e-02,lamp_kernel
1.024958e+02,17981,6.01452095356605e-09,7.36199911788135e-02,7.36200032078554e-02,7.35899455939663e-02,lamp_kernel
1.026091e+02,18001,5.99597070891747e-09,7.36199905197559e-02,7.36200025116974e-02,7.35899788792396e-02,lamp_kernel
1.027223e+02,18021,5.97763050816012e-09,7.36199898628555e-02,7.36200018181166e-02,7.35900120901010e-02,lamp_kernel
1.028356e+02,18041,5.95950686269759e-09,7.36199892081252e-02,7.36200011271390e-02,7.35900452268000e-02,lamp_kernel
1.029488e+02,18061,5.94156708443626e-09,7.36199885555266e-02,7.36200004386608e-02,7.35900782895853e-02,lamp_kernel
1.030621e+02,18081,5.92371790543885e-09,7.36199879050635e-02,7.36199997524994e-02,7.35901112787042e-02,lamp_kernel
1.031754e+02,18101,5.90590543667205e-09,7.36199872567476e-02,7.36199990685585e-02,7.35901441944029e-02,lamp_kernel
1.032886e+02,18121,5.88807844100589e-09,7.36199866105442e-02,7.36199983867011e-02,7.35901770369267e-02,lamp_kernel
1.034019e+02,18141,5.87024688862011e-09,7.36199859664249e-02,7.36199977069187e-02,7.35902098065196e-02,lamp_kernel
1.035152e+02,18161,5.85254330949118e-09,7.36199853244123e-02,7.36199970294989e-02,7.35902425034246e-02,lamp_kernel
1.036284e+02,18181,5.83477957926614e-09,7.36199846845080e-02,7.36199963540671e-02,7.35902751278837e-02,lamp_kernel
1.037417e+02,18201,5.81694252559795e-09,7.36199840466821e-02,7.36199956805671e-02,7.35903076801377e-02,lamp_kernel
1.038550e+02,18221,5.79906574298672e-09,7.36199834109268e-02,7.36199950090583e-02,7.35903401604263e-02,lamp_kernel
1.039683e+02,18241,5.78119014600072e-09,7.36199827772605e-02,7.36199943396408e-02,7.35903725689884e-02,lamp_kernel
1.040816e+02,18261,5.76334855051223e-09,7.36199821456423e-02,7.36199936723394e-02,7.35904049060614e-02,lamp_kernel
1.041948e+02,18281,5.74557689337939e-09,7.36199815160933e-02,7.36199930072471e-02,7.35904371718823e-02,lamp_kernel
1.043081e+02,18301,5.72790100345862e-09,7.36199808885916e-02,7.36199923443936e-02,7.35904693666863e-02,lamp_kernel
1.044213e+02,18321,5.71032538695140e-09,7.36199802631236e-02,7.36199916837744e-02,7.35905014907082e-02,lamp_kernel
1.045346e+02,18341,5.69285519161373e-09,7.36199796396881e-02,7.36199910253985e-02,7.35905335441813e-02,lamp_kernel
1.046479e+02,18361,5.67547895215458e-09,7.36199790182699e-02,7.36199903692278e-02,7.35905655273383e-02,lamp_kernel
1.047612e+02,18381,5.65823028274203e-09,7.36199783988825e-02,7.36199897153430e-02,7.35905974404105e-02,lamp_kernel
1.048745e+02,18401,5.64135260379178e-09,7.36199777814826e-02,7.36199890641878e-02,7.35906292836285e-02,lamp_kernel
1.049877e+02,18421,5.62452705053830e-09,7.36199771660856e-02,7.36199884151397e-02,7.35906610572216e-02,lamp_kernel
1.051010e+02,18441,5.60771050739813e-09,7.36199765526491e-02,7.36199877680701e-02,7.35906927614183e-02,lamp_kernel
1.052142e+02,18461,5.59094141152455e-09,7.36199759412033e-02,7.36199871230861e-02,7.35907243964460e-02,lamp_kernel
1.053275e+02,18481,5.57423471346119e-09,7.36199753317054e-02,7.36199864801748e-02,7.35907559625312e-02,lamp_kernel
1.054407e+02,18501,5.55785908485451e-09,7.36199747241752e-02,7.36199858398933e-02,7.35907874598994e-02,lamp_kernel
1.055540e+02,18521,5.54157707305820e-09,7.36199741185901e-02,7.36199852017442e-02,7.35908188887749e-02,lamp_kernel
1.056673e+02,18541,5.52533609401336e-09,7.36199735149444e-02,7.36199845656165e-02,7.35908502493814e-02,lamp_kernel
1.057805e+02,18561,5.50918103726054e-09,7.36199729132470e-02,7.36199839316091e-02,7.35908815419413e-02,lamp_kernel
1.058938e+02,18581,5.49313289202692e-09,7.36199723134725e-02,7.36199832997383e-02,7.35909127666761e-02,lamp_kernel
1.060070e+02,18601,5.47720630137175e-09,7.36199717156302e-02,7.36199826700428e-02,7.35909439238065e-02,lamp_kernel
1.061203e+02,18621,5.46140575829621e-09,7.36199711197194e-02,7.36199820425310e-02,7.35909750135521e-02,lamp_kernel
1.062335e+02,18641,5.44572535508400e-09,7.36199705256998e-02,7.36199814171505e-02,7.35910060361316e-02,lamp_kernel
1.063468e+02,18661,5.43013360327105e-09,7.36199699336035e-02,7.36199807938707e-02,7.35910369917628e-02,lamp_kernel
1.064601e+02,18681,5.41459904563229e-09,7.36199693433975e-02,7.36199801725956e-02,7.35910678806624e-02,lamp_kernel
1.065733e+02,18701,5.39908756275460e-09,7.36199687550843e-02,7.36199795532594e-02,7.35910987030464e-02,lamp_kernel
1.066866e+02,18721,5.38355810352704e-09,7.36199681686404e-02,7.36199789357566e-02,7.35911294591296e-02,lamp_kernel
1.067998e+02,18741,5.36799380681990e-09,7.36199675840785e-02,7.36199783200661e-02,7.35911601491261e-02,lamp_kernel
1.069131e+02,18761,5.35236717921210e-09,7.36199670013651e-02,7.36199777060994e-02,7.35911907732490e-02,lamp_kernel
1.070264e+02,18781,5.33668520384013e-09,7.36199664205080e-02,7.36199770938784e-02,7.35912213317106e-02,lamp_kernel
1.071398e+02,18801,5.32097587588636e-09,7.36199658414904e-02,7.36199764834421e-02,7.35912518247219e-02,lamp_kernel
1.072531e+02,18821,5.30526309238420e-09,7.36199652643003e-02,7.36199758748265e-02,7.35912822524935e-02,lamp_kernel
1.073663e+02,18841,5.28960009354563e-09,7.36199646889427e-02,7.36199752681429e-02,7.35913126152347e-02,lamp_kernel
1.074796e+02,18861,5.27408872114163e-09,7.36199641154116e-02,7.36199746635890e-02,7.35913429131542e-02,lamp_kernel
1.075930e+02,18881,5.25906903383656e-09,7.36199635436955e-02,7.36199740618336e-02,7.35913731464597e-02,lamp_kernel
1.077063e+02,18901,5.24421854702617e-09,7.36199629737917e-02,7.36199734622288e-02,7.35914033153578e-02,lamp_kernel
1.078196e+02,18921,5.22956821498076e-09,7.36199624056798e-02,7.36199728648162e-02,7.35914334200546e-02,lamp_kernel
1.079329e+02,18941,5.21525449756066e-09,7.36199618393862e-02,7.36199722698952e-02,7.35914634607550e-02,lamp_kernel
1.080463e+02,18961,5.20125481266491e-09,7.36199612748729e-02,7.36199716773825e-02,7.35914934376633e-02,lamp_kernel
1.081596e+02,18981,5.18751447688978e-09,7.36199607121309e-02,7.36199710871598e-02,7.35915233509826e-02,lamp_kernel
1.082729e+02,19001,5.17454674147398e-09,7.36199601511768e-02,7.36199705002703e-02,7.35915532009155e-02,lamp_kernel
1.083862e+02,19021,5.16190870870426e-09,7.36199595920113e-02,7.36199699158287e-02,7.35915829876635e-02,lamp_kernel
1.084995e+02,19041,5.14949548085946e-09,7.36199590346277e-02,7.36199693336186e-02,7.35916127114273e-02,lamp_kernel
1.086128e+02,19061,5.13717486307993e-09,7.36199584789985e-02,7.36199687533482e-02,7.35916423724068e-02,lamp_kernel
1.087261e+02,19081,5.12478435438275e-09,7.36199579251071e-02,7.36199681746758e-02,7.35916719708010e-02,lamp_kernel
1.088395e+02,19101,5.11287126306474e-09,7.36199573729560e-02,7.36199675986985e-02,7.35917015068082e-02,lamp_kernel
1.089528e+02,19121,5.10097909194507e-09,7.36199568225277e-02,7.36199670244859e-02,7.35917309806256e-02,lamp_kernel
1.090661e+02,19141,5.08921671088433e-09,7.36199562738263e-02,7.36199664522597e-02,7.35917603924498e-02,lamp_kernel
1.091794e+02,19161,5.07758890297078e-09,7.36199557268512e-02,7.36199658820290e-02,7.35917897424765e-02,lamp_kernel
1.092927e+02,19181,5.06596352896581e-09,7.36199551815870e-02,7.36199653135140e-02,7.35918190309005e-02,lamp_kernel
1.094060e+02,19201,5.05447631662518e-09,7.36199546380233e-02,7.36199647469759e-02,7.35918482579159e-02,lamp_kernel
1.095193e+02,19221,5.04306889264708e-09,7.36199540961657e-02,7.36199641823035e-02,7.35918774237159e-02,lamp_kernel
1.096326e+02,19241,5.03179437173204e-09,7.36199535560018e-02,7.36199636195906e-02,7.35919065284930e-02,lamp_kernel
1.097459e+02,19261,5.02096307279129e-09,7.36199530175294e-02,7.36199630594555e-02,7.35919355724388e-02,lamp_kernel
1.098592e+02,19281,5.01040704989281e-09,7.36199524807341e-02,7.36199625015481e-02,7.35919645557440e-02,lamp_kernel
1.099725e+02,19301,5.00019877756789e-09,7.36199519456055e-02,7.36199619460030e-02,7.35919934785987e-02,lamp_kernel
1.100858e+02,19321,4.99052106606721e-09,7.36199514121583e-02,7.36199613932004e-02,7.35920223411922e-02,lamp_kernel
1.101991e+02,19341,4.98144742745949e-09,7.36199508803904e-02,7.36199608432852e-02,7.35920511437128e-02,lamp_kernel
1.103124e+02,19361,4.97281941007065e-09,7.36199503502758e-02,7.36199602959146e-02,7.35920798863482e-02,lamp_kernel
1.104257e+02,19381,4.96431284587228e-09,7.36199498218219e-02,7.36199597504476e-02,7.35921085692853e-02,lamp_kernel
1.105390e+02,19401,4.95585012266576e-09,7.36199492950279e-02,7.36199592067282e-02,7.35921371927102e-02,lamp_kernel
1.106523e+02,19421,4.94742193411576e-09,7.36199487698557e-02,7.36199586646996e-02,7.35921657568082e-02,lamp_kernel
1.107656e+02,19441,4.93890403641449e-09,7.36199482463241e-02,7.36199581241321e-02,7.35921942617639e-02,lamp_kernel
1.108789e+02,19461,4.93026666120139e-09,7.36199477244223e-02,7.36199575849556e-02,7.35922227077610e-02,lamp_kernel
1.109922e+02,19481,4.92161579291552e-09,7.36199472041336e-02,7.36199570473652e-02,7.35922510949826e-02,lamp_kernel
1.111055e+02,19501,4.91309752213074e-09,7.36199466854738e-02,7.36199565116688e-02,7.35922794236110e-02,lamp_kernel
1.112188e+02,19521,4.90469588239207e-09,7.36199461684248e-02,7.36199559778166e-02,7.35923076938277e-02,lamp_kernel
1.113321e+02,19541,4.89623874767364e-09,7.36199456529604e-02,7.36199554454379e-02,7.35923359058134e-02,lamp_kernel
1.114454e+02,19561,4.88782047057959e-09,7.36199451390912e-02,7.36199549147322e-02,7.35923640597482e-02,lamp_kernel
1.115587e+02,19581,4.87971464118831e-09,7.36199446268161e-02,7.36199543862454e-02,7.35923921558114e-02,lamp_kernel
1.116720e+02,19601,4.87227199703372e-09,7.36199441161313e-02,7.36199538606753e-02,7.35924201941815e-02,lamp_kernel
1.117853e+02,19621,4.86501087399555e-09,7.36199436070081e-02,7.36199533370298e-02,7.35924481750362e-02,lamp_kernel
1.118986e+02,19641,4.85809045449308e-09,7.36199430994619e-02,7.36199528156428e-02,7.35924760985528e-02,lamp_kernel
1.120119e+02,19661,4.85156705837309e-09,7.36199425934955e-02,7.36199522966296e-02,7.35925039649075e-02,lamp_kernel
1.121252e+02,19681,4.84534799295130e-09,7.36199420890873e-02,7.36199517797833e-02,7.35925317742761e-02,lamp_kernel
1.122385e+02,19701,4.83950530862111e-09,7.36199415862307e-02,7.36199512652413e-02,7.35925595268333e-02,lamp_kernel
1.123518e+02,19721,4.83398431164950e-09,7.36199410849449e-02,7.36199507529135e-02,7.35925872227535e-02,lamp_kernel
1.124651e+02,19741,4.82856204281091e-09,7.36199405852113e-02,7.36199502423353e-02,7.35926148622100e-02,lamp_kernel
1.125784e+02,19761,4.82312742923782e-09,7.36199400870054e-02,7.36199497332602e-02,7.35926424453757e-02,lamp_kernel
1.126917e+02,19781,4.81762651291004e-09,7.36199395903331e-02,7.36199492255861e-02,7.35926699724227e-02,lamp_kernel
1.128050e+02,19801,4.81202313214253e-09,7.36199390951861e-02,7.36199487192324e-02,7.35926974435223e-02,lamp_kernel
1.129183e+02,19821,4.80622637623312e-09,7.36199386015680e-02,7.36199482140207e-02,7.35927248588452e-02,lamp_kernel
1.130316e+02,19841,4.80024867556820e-09,7.36199381094880e-02,7.36199477099854e-02,7.35927522185614e-02,lamp_kernel
1.131448e+02,19861,4.79412639606116e-09,7.36199376188950e-02,7.36199472071477e-02,7.35927795228402e-02,lamp_kernel
1.132581e+02,19881,4.78787614904955e-09,7.36199371298236e-02,7.36199467055760e-02,7.35928067718502e-02,lamp_kernel
1.133714e+02,19901,4.78234840271834e-09,7.36199366422397e-02,7.36199462069365e-02,7.35928339657593e-02,lamp_kernel
1.134847e+02,19921,4.77703421623407e-09,7.36199361561565e-02,7.36199457102249e-02,7.35928611047348e-02,lamp_kernel
1.135980e+02,19941,4.77182428511451e-09,7.36199356715548e-02,7.36199452152033e-02,7.35928881889432e-02,lamp_kernel
1.137113e+02,19961,4.76678756846722e-09,7.36199351884525e-02,7.36199447220276e-02,7.35929152185505e-02,lamp_kernel
1.138246e+02,19981,4.76197242877396e-09,7.36199347068334e-02,7.36199442307783e-02,7.35929421937218e-02,lamp_kernel
1.139379e+02,20001,4.75738726499420e-09,7.36199342266816e-02,7.36199437414562e-02,7.35929691146217e-02,lamp_kernel
1.140512e+02,20021,4.75302336783546e-09,7.36199337480069e-02,7.36199432540536e-02,7.35929959814142e-02,lamp_kernel
1.141645e+02,20041,4.74882946829101e-09,7.36199332707931e-02,7.36199427684521e-02,7.35930227942624e-02,lamp_kernel
1.142779e+02,20061,4.74474951601601e-09,7.36199327950526e-02,7.36199422845516e-02,7.35930495533290e-02,lamp_kernel
1.143912e+02,20081,4.74079171158874e-09,7.36199323207690e-02,7.36199418023524e-02,7.35930762587759e-02,lamp_kernel
1.145045e+02,20101,4.73684110847999e-09,7.36199318479323e-02,7.36199413216145e-02,7.35931029107643e-02,lamp_kernel
1.146178e+02,20121,4.73277228649739e-09,7.36199313765322e-02,7.36199408420768e-02,7.35931295094550e-02,lamp_kernel
1.147311e+02,20141,4.72852962768654e-09,7.36199309065808e-02,7.36199403636400e-02,7.35931560550078e-02,lamp_kernel
1.148444e+02,20161,4.72407881405130e-09,7.36199304380417e-02,7.36199398861993e-02,7.35931825475822e-02,lamp_kernel
1.149577e+02,20181,4.71943433932545e-09,7.36199299709462e-02,7.36199394098149e-02,7.35932089873368e-02,lamp_kernel
1.150710e+02,20201,4.71528834956936e-09,7.36199295052793e-02,7.36199389358560e-02,7.35932353744298e-02,lamp_kernel
1.151843e+02,20221,4.71135788612797e-09,7.36199290410235e-02,7.36199384637393e-02,7.35932617090185e-02,lamp_kernel
1.152976e+02,20241,4.70748274395312e-09,7.36199285781855e-02,7.36199379931510e-02,7.35932879912599e-02,lamp_kernel
1.154109e+02,20261,4.70395629239370e-09,7.36199281167572e-02,7.36199375246698e-02,7.35933142213101e-02,lamp_kernel
1.155242e+02,20281,4.70049867257137e-09,7.36199276567381e-02,7.36199370577355e-02,7.35933403993246e-02,lamp_kernel
1.156375e+02,20301,4.69752862730895e-09,7.36199271981161e-02,7.36199365931734e-02,7.35933665254586e-02,lamp_kernel
1.157508e+02,20321,4.69478302592431e-09,7.36199267409158e-02,7.36199361304819e-02,7.35933925998662e-02,lamp_kernel
1.158641e+02,20341,4.69219634794160e-09,7.36199262850916e-02,7.36199356694843e-02,7.35934186227013e-02,lamp_kernel
1.159774e+02,20361,4.68984035307036e-09,7.36199258306696e-02,7.36199352103503e-02,7.35934445941170e-02,lamp_kernel
1.160907e+02,20381,4.68794936751356e-09,7.36199253776127e-02,7.36199347535114e-02,7.35934705142658e-02,lamp_kernel
1.162040e+02,20401,4.68679465947255e-09,7.36199249259363e-02,7.36199342995256e-02,7.35934963832995e-02,lamp_kernel
1.163174e+02,20421,4.68577267776076e-09,7.36199244756342e-02,7.36199338471795e-02,7.35935222013696e-02,lamp_kernel
1.164307e+02,20441,4.68467755640988e-09,7.36199240266943e-02,7.36199333960494e-02,7.35935479686268e-02,lamp_kernel
1.165440e+02,20461,4.68352262379991e-09,7.36199235791178e-02,7.36199329461630e-02,7.35935736852211e-02,lamp_kernel
1.166573e+02,20481,4.68227813585537e-09,7.36199231329045e-02,7.36199324974607e-02,7.35935993513022e-02,lamp_kernel
1.167706e+02,20501,4.68085131036569e-09,7.36199226880244e-02,7.36199320497270e-02,7.35936249670190e-02,lamp_kernel
1.168839e+02,20521,4.67923225971578e-09,7.36199222444902e-02,7.36199316029547e-02,7.35936505325197e-02,lamp_kernel
1.169972e+02,20541,4.67744067462518e-09,7.36199218023086e-02,7.36199311571900e-02,7.35936760479524e-02,lamp_kernel
1.171105e+02,20561,4.67551199288221e-09,7.36199213614467e-02,7.36199307124706e-02,7.35937015134640e-02,lamp_kernel
1.172239e+02,20581,4.67348692511293e-09,7.36199209219271e-02,7.36199302689009e-02,7.35937269292012e-02,lamp_kernel
1.173372e+02,20601,4.67158705821372e-09,7.36199204837588e-02,7.36199298269330e-02,7.35937522953102e-02,lamp_kernel
1.174505e+02,20621,4.66977885963288e-09,7.36199200469264e-02,7.36199293864841e-02,7.35937776119363e-02,lamp_kernel
1.175638e+02,20641,4.66813005624887e-09,7.36199196114095e-02,7.36199289476696e-02,7.35938028792245e-02,lamp_kernel
1.176771e+02,20661,4.66666065974374e-09,7.36199191772020e-02,7.36199285105233e-02,7.35938280973192e-02,lamp_kernel
1.177904e+02,20681,4.66570872523539e-09,7.36199187443109e-02,7.36199280757283e-02,7.35938532663641e-02,lamp_kernel
1.179038e+02,20701,4.66492905136986e-09,7.36199183127462e-02,7.36199276426043e-02,7.35938783865024e-02,lamp_kernel
1.180171e+02,20721,4.66463681163762e-09,7.36199178824797e-02,7.36199272117533e-02,7.35939034578768e-02,lamp_kernel
1.181304e+02,20741,4.66456421691565e-09,7.36199174535103e-02,7.36199267826387e-02,7.35939284806295e-02,lamp_kernel
1.182437e+02,20761,4.66455778348102e-09,7.36199170258458e-02,7.36199263549613e-02,7.35939534549019e-02,lamp_kernel
1.183570e+02,20781,4.66451616919187e-09,7.36199165994608e-02,7.36199259284931e-02,7.35939783808352e-02,lamp_kernel
1.184703e+02,20801,4.66460790959051e-09,7.36199161743522e-02,7.36199255035680e-02,7.35940032585697e-02,lamp_kernel
1.185836e+02,20821,4.66483069296455e-09,7.36199157505489e-02,7.36199250802102e-02,7.35940280882454e-02,lamp_kernel
1.186969e+02,20841,4.66491011817407e-09,7.36199153280213e-02,7.36199246578416e-02,7.35940528700017e-02,lamp_kernel
1.188102e+02,20861,4.66478462120183e-09,7.36199149067620e-02,7.36199242363313e-02,7.35940776039775e-02,lamp_kernel
1.189235e+02,20881,4.66441968601162e-09,7.36199144867641e-02,7.36199238156034e-02,7.35941022903110e-02,lamp_kernel
1.190369e+02,20901,4.66402904463834e-09,7.36199140680356e-02,7.36199233960937e-02,7.35941269291399e-02,lamp_kernel
1.191501e+02,20921,4.66380005980996e-09,7.36199136505661e-02,7.36199229781662e-02,7.35941515206016e-02,lamp_kernel
1.192635e+02,20941,4.66344022434040e-09,7.36199132343700e-02,7.36199225612504e-02,7.35941760648328e-02,lamp_kernel
1.193768e+02,20961,4.66301674451099e-09,7.36199128194127e-02,7.36199221454462e-02,7.35942005619695e-02,lamp_kernel
1.194901e+02,20981,4.66258381805386e-09,7.36199124057151e-02,7.36199217308827e-02,7.35942250121476e-02,lamp_kernel
1.196034e+02,21001,4.66221404674911e-09,7.36199119932573e-02,7.36199213176854e-02,7.35942494155021e-02,lamp_kernel
1.197167e+02,21021,4.66195248753315e-09,7.36199115820684e-02,7.36199209059734e-02,7.35942737721677e-02,lamp_kernel
1.198300e+02,21041,4.66182359738176e-09,7.36199111720824e-02,7.36199204957296e-02,7.35942980822785e-02,lamp_kernel
1.199433e+02,21061,4.66187043557081e-09,7.36199107633423e-02,7.36199200870832e-02,7.35943223459680e-02,lamp_kernel
1.200566e+02,21081,4.66273645753520e-09,7.36199103558438e-02,7.36199196813167e-02,7.35943465633694e-02,lamp_kernel
1.201699e+02,21101,4.66396896815470e-09,7.36199099495641e-02,7.36199192775020e-02,7.35943707346152e-02,lamp_kernel
1.202833e+02,21121,4.66534327485382e-09,7.36199095445135e-02,7.36199188752001e-02,7.35943948598375e-02,lamp_kernel
1.203965e+02,21141,4.66666581537076e-09,7.36199091406704e-02,7.36199184740021e-02,7.35944189391679e-02,lamp_kernel
1.205099e+02,21161,4.66785153155370e-09,7.36199087380446e-02,7.36199180737476e-02,7.35944429727374e-02,lamp_kernel
1.206231e+02,21181,4.66884228008096e-09,7.36199083366234e-02,7.36199176743079e-02,7.35944669606767e-02,lamp_kernel
1.207365e+02,21201,4.67009600878143e-09,7.36199079364091e-02,7.36199172766011e-02,7.35944909031157e-02,lamp_kernel
1.208498e+02,21221,4.67111677112901e-09,7.36199075374006e-02,7.36199168796341e-02,7.35945148001841e-02,lamp_kernel
1.209631e+02,21241,4.67183803609956e-09,7.36199071395821e-02,7.36199164832582e-02,7.35945386520109e-02,lamp_kernel
1.210764e+02,21261,4.67227789423536e-09,7.36199067429512e-02,7.36199160875070e-02,7.35945624587248e-02,lamp_kernel
1.211897e+02,21281,4.67248413053945e-09,7.36199063475141e-02,7.36199156924824e-02,7.35945862204538e-02,lamp_kernel
1.213030e+02,21301,4.67262784442472e-09,7.36199059532646e-02,7.36199152985203e-02,7.35946099373257e-02,lamp_kernel
1.214163e+02,21321,4.67282932372896e-09,7.36199055601948e-02,7.36199149058534e-02,7.35946336094673e-02,lamp_kernel
1.215296e+02,21341,4.67302148648497e-09,7.36199051683044e-02,7.36199145143474e-02,7.35946572370056e-02,lamp_kernel
1.216430e+02,21361,4.67331408302985e-09,7.36199047775800e-02,7.36199141242081e-02,7.35946808200666e-02,lamp_kernel
1.217563e+02,21381,4.67404725991045e-09,7.36199043880324e-02,7.36199137361269e-02,7.35947043587760e-02,lamp_kernel
1.218696e+02,21401,4.67496457876821e-09,7.36199039996617e-02,7.36199133495909e-02,7.35947278532592e-02,lamp_kernel
1.219829e+02,21421,4.67603925420572e-09,7.36199036124672e-02,7.36199129645457e-02,7.35947513036408e-02,lamp_kernel
1.220962e+02,21441,4.67729507172344e-09,7.36199032264391e-02,7.36199125810292e-02,7.35947747100451e-02,lamp_kernel
1.222096e+02,21461,4.67883098594323e-09,7.36199028415549e-02,7.36199121992169e-02,7.35947980725960e-02,lamp_kernel
1.223229e+02,21481,4.68047321721565e-09,7.36199024578399e-02,7.36199118187863e-02,7.35948213914167e-02,lamp_kernel
1.224362e+02,21501,4.68207632262622e-09,7.36199020752499e-02,7.36199114394026e-02,7.35948446666304e-02,lamp_kernel
1.225495e+02,21521,4.68353823420785e-09,7.36199016938208e-02,7.36199110608973e-02,7.35948678983592e-02,lamp_kernel
1.226628e+02,21541,4.68477672418270e-09,7.36199013135281e-02,7.36199106830816e-02,7.35948910867253e-02,lamp_kernel
1.227761e+02,21561,4.68579057793346e-09,7.36199009343782e-02,7.36199103059593e-02,7.35949142318502e-02,lamp_kernel
1.228895e+02,21581,4.68660558092845e-09,7.36199005563450e-02,7.36199099295562e-02,7.35949373338550e-02,lamp_kernel
1.230028e+02,21601,4.68731609861291e-09,7.36199001794496e-02,7.36199095540818e-02,7.35949603928601e-02,lamp_kernel
1.231161e+02,21621,4.68779760173585e-09,7.36198998036854e-02,7.36199091792806e-02,7.35949834089860e-02,lamp_kernel
1.232294e+02,21641,4.68802818991484e-09,7.36198994290344e-02,7.36199088050908e-02,7.35950063823521e-02,lamp_kernel
1.233427e+02,21661,4.68923681150613e-09,7.36198990555102e-02,7.36199084339838e-02,7.35950293130779e-02,lamp_kernel
1.234560e+02,21681,4.69058968279428e-09,7.36198986830963e-02,7.36199080642757e-02,7.35950522012821e-02,lamp_kernel
1.235694e+02,21701,4.69187916385912e-09,7.36198983117827e-02,7.36199076955410e-02,7.35950750470831e-02,lamp_kernel
1.236827e+02,21721,4.69318312717635e-09,7.36198979415888e-02,7.36199073279551e-02,7.35950978505990e-02,lamp_kernel
1.237960e+02,21741,4.69462675960199e-09,7.36198975725082e-02,7.36199069617617e-02,7.35951206119471e-02,lamp_kernel
1.239094e+02,21761,4.69622186510839e-09,7.36198972045416e-02,7.36199065969853e-02,7.35951433312445e-02,lamp_kernel
1.240227e+02,21781,4.69903141732519e-09,7.36198968376652e-02,7.36199062357280e-02,7.35951660086080e-02,lamp_kernel
1.241360e+02,21801,4.70197977009336e-09,7.36198964718999e-02,7.36199058758594e-02,7.35951886441537e-02,lamp_kernel
1.242494e+02,21821,4.70500626480666e-09,7.36198961072016e-02,7.36199055172141e-02,7.35952112379974e-02,lamp_kernel
1.243627e+02,21841,4.70804339399095e-09,7.36198957436272e-02,7.36199051597139e-02,7.35952337902545e-02,lamp_kernel
1.244761e+02,21861,4.71102998070037e-09,7.36198953811185e-02,7.36199048031784e-02,7.35952563010399e-02,lamp_kernel
1.245894e+02,21881,4.71389126689401e-09,7.36198950196737e-02,7.36199044474562e-02,7.35952787704681e-02,lamp_kernel
1.247027e+02,21901,4.71671480461200e-09,7.36198946593080e-02,7.36199040927376e-02,7.35953011986531e-02,lamp_kernel
1.248160e+02,21921,4.71937850302683e-09,7.36198943000253e-02,7.36199037387823e-02,7.35953235857087e-02,lamp_kernel
1.249294e+02,21941,4.72174735865453e-09,7.36198939418114e-02,7.36199033853061e-02,7.35953459317481e-02,lamp_kernel
1.250427e+02,21961,4.72380230107885e-09,7.36198935846771e-02,7.36199030322817e-02,7.35953682368841e-02,lamp_kernel
1.251561e+02,21981,4.72557767969422e-09,7.36198932286155e-02,7.36199026797709e-02,7.35953905012292e-02,lamp_kernel
1.252694e+02,22001,4.72715441016933e-09,7.36198928735918e-02,7.36199023279006e-02,7.35954127248954e-02,lamp_kernel
1.253827e+02,22021,4.72851294747583e-09,7.36198925196103e-02,7.36199019766362e-02,7.35954349079941e-02,lamp_kernel
1.254961e+02,22041,4.72971691226403e-09,7.36198921666995e-02,7.36199016261334e-02,7.35954570506368e-02,lamp_kernel
1.256094e+02,22061,4.73110924207147e-09,7.36198918148299e-02,7.36199012770484e-02,7.35954791529340e-02,lamp_kernel
1.257227e+02,22081,4.73258904689254e-09,7.36198914640246e-02,7.36199009292027e-02,7.35955012149962e-02,lamp_kernel
1.258361e+02,22101,4.73410742346991e-09,7.36198911142438e-02,7.36199005824587e-02,7.35955232369334e-02,lamp_kernel
1.259494e+02,22121,4.73568478063663e-09,7.36198907655412e-02,7.36199002369107e-02,7.35955452188551e-02,lamp_kernel
1.260628e+02,22141,4.73735484419542e-09,7.36198904178443e-02,7.36198998925540e-02,7.35955671608706e-02,lamp_kernel
1.261762e+02,22161,4.73907975007898e-09,7.36198900711975e-02,7.36198995493570e-02,7.35955890630885e-02,lamp_kernel
1.262895e+02,22181,4.74085399574029e-09,7.36198897255759e-02,7.36198992072839e-02,7.35956109256173e-02,lamp_kernel
1.264028e+02,22201,4.74272170508265e-09,7.36198893809854e-02,7.36198988664288e-02,7.35956327485649e-02,lamp_kernel
1.265162e+02,22221,4.74454601918274e-09,7.36198890374192e-02,7.36198985265112e-02,7.35956545320390e-02,lamp_kernel
1.266295e+02,22241,4.74627024609957e-09,7.36198886948794e-02,7.36198981874199e-02,7.35956762761468e-02,lamp_kernel
1.267428e+02,22261,4.74785941846509e-09,7.36198883533530e-02,7.36198978490719e-02,7.35956979809950e-02,lamp_kernel
1.268561e+02,22281,4.74926248711100e-09,7.36198880128389e-02,7.36198975113639e-02,7.35957196466901e-02,lamp_kernel
1.269695e+02,22301,4.75077251752451e-09,7.36198876733438e-02,7.36198971748888e-02,7.35957412733382e-02,lamp_kernel
1.270828e+02,22321,4.75210668894265e-09,7.36198873348437e-02,7.36198968390571e-02,7.35957628610448e-02,lamp_kernel
1.271961e+02,22341,4.75322029024691e-09,7.36198869973421e-02,7.36198965037827e-02,7.35957844099154e-02,lamp_kernel
1.273094e+02,22361,4.75415879855251e-09,7.36198866608515e-02,7.36198961691691e-02,7.35958059200548e-02,lamp_kernel
1.274228e+02,22381,4.75502918707893e-09,7.36198863253737e-02,7.36198958354320e-02,7.35958273915674e-02,lamp_kernel
1.275361e+02,22401,4.75569604742211e-09,7.36198859908648e-02,7.36198955022569e-02,7.35958488245576e-02,lamp_kernel
1.276494e+02,22421,4.75625643033867e-09,7.36198856573648e-02,7.36198951698776e-02,7.35958702191290e-02,lamp_kernel
1.277627e+02,22441,4.75683121780969e-09,7.36198853248440e-02,7.36198948385064e-02,7.35958915753850e-02,lamp_kernel
1.278760e+02,22461,4.75738403892362e-09,7.36198849933034e-02,7.36198945080715e-02,7.35959128934287e-02,lamp_kernel
1.279893e+02,22481,4.75788982523277e-09,7.36198846627445e-02,7.36198941785242e-02,7.35959341733627e-02,lamp_kernel
1.281026e+02,22501,4.75836803425513e-09,7.36198843331914e-02,7.36198938499274e-02,7.35959554152893e-02,lamp_kernel
1.282159e+02,22521,4.75884321028798e-09,7.36198840046192e-02,7.36198935223056e-02,7.35959766193104e-02,lamp_kernel
1.283292e+02,22541,4.75932512607851e-09,7.36198836770111e-02,7.36198931956613e-02,7.35959977855277e-02,lamp_kernel
1.284425e+02,22561,4.75978699392605e-09,7.36198833503735e-02,7.36198928699475e-02,7.35960189140422e-02,lamp_kernel
1.285558e+02,22581,4.76021121098336e-09,7.36198830246962e-02,7.36198925451187e-02,7.35960400049549e-02,lamp_kernel
1.286691e+02,22601,4.76056491998218e-09,7.36198826999799e-02,7.36198922211098e-02,7.35960610583661e-02,lamp_kernel
1.287824e+02,22621,4.76081450043225e-09,7.36198823762136e-02,7.36198918978426e-02,7.35960820743761e-02,lamp_kernel
1.288957e+02,22641,4.76091190068394e-09,7.36198820534195e-02,7.36198915752433e-02,7.35961030530846e-02,lamp_kernel
1.290090e+02,22661,4.76084428968989e-09,7.36198817315856e-02,7.36198912532742e-02,7.35961239945909e-02,lamp_kernel
1.291223e+02,22681,4.76055586888395e-09,7.36198814106872e-02,7.36198909317989e-02,7.35961448989942e-02,lamp_kernel
1.292356e+02,22701,4.76003247274336e-09,7.36198810907321e-02,7.36198906107970e-02,7.35961657663931e-02,lamp_kernel
1.293489e+02,22721,4.75928324519410e-09,7.36198807717377e-02,7.36198902903042e-02,7.35961865968860e-02,lamp_kernel
1.294622e+02,22741,4.75832626248993e-09,7.36198804536860e-02,7.36198899703385e-02,7.35962073905709e-02,lamp_kernel
1.295755e+02,22761,4.75741036834885e-09,7.36198801365685e-02,7.36198896513893e-02,7.35962281475455e-02,lamp_kernel
1.296888e+02,22781,4.75636015038230e-09,7.36198798204026e-02,7.36198893331229e-02,7.35962488679070e-02,lamp_kernel
1.298021e+02,22801,4.75521242947563e-09,7.36198795051697e-02,7.36198890155946e-02,7.35962695517524e-02,lamp_kernel
1.299154e+02,22821,4.75402673042145e-09,7.36198791908680e-02,7.36198886989215e-02,7.35962901991783e-02,lamp_kernel
1.300287e+02,22841,4.75281021424298e-09,7.36198788774704e-02,7.36198883830909e-02,7.35963108102811e-02,lamp_kernel
1.301420e+02,22861,4.75157932328742e-09,7.36198785650172e-02,7.36198880681758e-02,7.35963313851566e-02,lamp_kernel
1.302552e+02,22881,4.75033417065930e-09,7.36198782534778e-02,7.36198877541461e-02,7.35963519239004e-02,lamp_kernel
1.303685e+02,22901,4.74907595668881e-09,7.36198779428531e-02,7.36198874410051e-02,7.35963724266080e-02,lamp_kernel
1.304818e+02,22921,4.74776197113417e-09,7.36198776331503e-02,7.36198871286742e-02,7.35963928933740e-02,lamp_kernel
1.305952e+02,22941,4.74638246769101e-09,7.36198773243585e-02,7.36198868171235e-02,7.35964133242932e-02,lamp_kernel
1.307085e+02,22961,4.74488538321008e-09,7.36198770164697e-02,7.36198865062405e-02,7.35964337194598e-02,lamp_kernel
1.308218e+02,22981,4.74322450203169e-09,7.36198767094952e-02,7.36198861959442e-02,7.35964540789678e-02,lamp_kernel
1.309351e+02,23001,4.74137121235424e-09,7.36198764034311e-02,7.36198858861735e-02,7.35964744029107e-02,lamp_kernel
1.310484e+02,23021,4.73930213469568e-09,7.36198760982343e-02,7.36198855768385e-02,7.35964946913818e-02,lamp_kernel
1.311617e+02,23041,4.73702792928858e-09,7.36198757939517e-02,7.36198852680075e-02,7.35965149444741e-02,lamp_kernel
1.312750e+02,23061,4.73455181688527e-09,7.36198754905623e-02,7.36198849596660e-02,7.35965351622802e-02,lamp_kernel
1.313883e+02,23081,4.73188935085894e-09,7.36198751880702e-02,7.36198846518489e-02,7.35965553448925e-02,lamp_kernel
1.315016e+02,23101,4.72906773883230e-09,7.36198748864684e-02,7.36198843446039e-02,7.35965754924027e-02,lamp_kernel
1.316149e+02,23121,4.72617118377825e-09,7.36198745857714e-02,7.36198840381138e-02,7.35965956049028e-02,lamp_kernel
1.317282e+02,23141,4.72322764419960e-09,7.36198742859373e-02,7.36198837323926e-02,7.35966156824839e-02,lamp_kernel
1.318415e+02,23161,4.72023499402118e-09,7.36198739870021e-02,7.36198834274721e-02,7.35966357252370e-02,lamp_kernel
1.319548e+02,23181,4.71722347568203e-09,7.36198736889332e-02,7.36198831233802e-02,7.35966557332530e-02,lamp_kernel
1.320681e+02,23201,4.71420406448631e-09,7.36198733917421e-02,7.36198828201502e-02,7.35966757066222e-02,lamp_kernel
1.321814e+02,23221,4.71118958555014e-09,7.36198730954106e-02,7.36198825177898e-02,7.35966956454346e-02,lamp_kernel
1.322948e+02,23241,4.70818713167234e-09,7.36198727999724e-02,7.36198822163466e-02,7.35967155497800e-02,lamp_kernel
1.324081e+02,23261,4.70517783495981e-09,7.36198725053837e-02,7.36198819157394e-02,7.35967354197480e-02,lamp_kernel
1.325214e+02,23281,4.70210516675398e-09,7.36198722116753e-02,7.36198816158856e-02,7.35967552554275e-02,lamp_kernel
1.326347e+02,23301,4.69892459952652e-09,7.36198719188120e-02,7.36198813166612e-02,7.35967750569074e-02,lamp_kernel
1.327480e+02,23321,4.69561619862133e-09,7.36198716267957e-02,7.36198810180281e-02,7.35967948242763e-02,lamp_kernel
1.328613e+02,23341,4.69214552279948e-09,7.36198713356499e-02,7.36198807199409e-02,7.35968145576225e-02,lamp_kernel
1.329746e+02,23361,4.68847673885983e-09,7.36198710453266e-02,7.36198804222801e-02,7.35968342570337e-02,lamp_kernel
1.330879e+02,23381,4.68460221496494e-09,7.36198707558688e-02,7.36198801250732e-02,7.35968539225976e-02,lamp_kernel
1.332012e+02,23401,4.68050492546190e-09,7.36198704672646e-02,7.36198798282744e-02,7.35968735544015e-02,lamp_kernel
1.333145e+02,23421,4.67619333925651e-09,7.36198701794948e-02,7.36198795318815e-02,7.35968931525325e-02,lamp_kernel
1.334278e+02,23441,4.67168915077764e-09,7.36198698925556e-02,7.36198792359339e-02,7.35969127170772e-02,lamp_kernel
1.335411e+02,23461,4.66701885382788e-09,7.36198696064610e-02,7.36198789404987e-02,7.35969322481220e-02,lamp_kernel
1.336544e+02,23481,4.66223536564076e-09,7.36198693212112e-02,7.36198786456820e-02,7.35969517457531e-02,lamp_kernel
1.337678e+02,23501,4.65739593400055e-09,7.36198690367896e-02,7.36198783515815e-02,7.35969712100562e-02,lamp_kernel
1.338811e+02,23521,4.65249817076734e-09,7.36198687532071e-02,7.36198780582034e-02,7.35969906411170e-02,lamp_kernel
1.339944e+02,23541,4.64758391034515e-09,7.36198684704694e-02,7.36198777656372e-02,7.35970100390205e-02,lamp_kernel
1.341077e+02,23561,4.64268107675474e-09,7.36198681885443e-02,7.36198774739065e-02,7.35970294038518e-02,lamp_kernel
1.342210e+02,23581,4.63781032827588e-09,7.36198679074281e-02,7.36198771830487e-02,7.35970487356956e-02,lamp_kernel
1.343343e+02,23601,4.63296640413368e-09,7.36198676271316e-02,7.36198768930644e-02,7.35970680346361e-02,lamp_kernel
1.344477e+02,23621,4.62815730346381e-09,7.36198673476487e-02,7.36198766039634e-02,7.35970873007574e-02,lamp_kernel
1.345611e+02,23641,4.62335410732900e-09,7.36198670689883e-02,7.36198763156965e-02,7.35971065341434e-02,lamp_kernel
1.346744e+02,23661,4.61852151317881e-09,7.36198667911276e-02,7.36198760281706e-02,7.35971257348774e-02,lamp_kernel
1.347877e+02,23681,4.61362942908777e-09,7.36198665140575e-02,7.36198757413163e-02,7.35971449030429e-02,lamp_kernel
1.349010e+02,23701,4.60865796133516e-09,7.36198662378036e-02,7.36198754551195e-02,7.35971640387225e-02,lamp_kernel
1.350143e+02,23721,4.60353755565484e-09,7.36198659623558e-02,7.36198751694309e-02,7.35971831419991e-02,lamp_kernel
1.351276e+02,23741,4.59823409664160e-09,7.36198656877002e-02,7.36198748841684e-02,7.35972022129550e-02,lamp_kernel
1.352409e+02,23761,4.59268522819654e-09,7.36198654138516e-02,7.36198745992220e-02,7.35972212516722e-02,lamp_kernel
1.353542e+02,23781,4.58689881006374e-09,7.36198651407838e-02,7.36198743145814e-02,7.35972402582327e-02,lamp_kernel
1.354676e+02,23801,4.58085681023113e-09,7.36198648685161e-02,7.36198740302297e-02,7.35972592327178e-02,lamp_kernel
1.355809e+02,23821,4.57458077129939e-09,7.36198645970400e-02,7.36198737462015e-02,7.35972781752089e-02,lamp_kernel
1.356942e+02,23841,4.56809843637846e-09,7.36198643263678e-02,7.36198734625646e-02,7.35972970857870e-02,lamp_kernel
1.358075e+02,23861,4.56144872702375e-09,7.36198640564656e-02,7.36198731793631e-02,7.35973159645327e-02,lamp_kernel
1.359208e+02,23881,4.55469162373232e-09,7.36198637873387e-02,7.36198728967219e-02,7.35973348115265e-02,lamp_kernel
1.360341e+02,23901,4.54787647012656e-09,7.36198635189959e-02,7.36198726147488e-02,7.35973536268485e-02,lamp_kernel
1.361474e+02,23921,4.54105589706867e-09,7.36198632514205e-02,7.36198723335323e-02,7.35973724105787e-02,lamp_kernel
1.362607e+02,23941,4.53427099644960e-09,7.36198629846147e-02,7.36198720531567e-02,7.35973911627967e-02,lamp_kernel
1.363741e+02,23961,4.52755632939087e-09,7.36198627185846e-02,7.36198717736972e-02,7.35974098835818e-02,lamp_kernel
1.364874e+02,23981,4.52093183985243e-09,7.36198624533219e-02,7.36198714951856e-02,7.35974285730130e-02,lamp_kernel
1.366007e+02,24001,4.51440242489865e-09,7.36198621888266e-02,7.36198712176315e-02,7.35974472311693e-02,lamp_kernel
1.367140e+02,24021,4.50795271857852e-09,7.36198619251030e-02,7.36198709410084e-02,7.35974658581292e-02,lamp_kernel
1.368273e+02,24041,4.50153122300141e-09,7.36198616621316e-02,7.36198706651941e-02,7.35974844539710e-02,lamp_kernel
1.369406e+02,24061,4.49509611674957e-09,7.36198613999155e-02,7.36198703901078e-02,7.35975030187727e-02,lamp_kernel
1.370539e+02,24081,4.48859957823254e-09,7.36198611384457e-02,7.36198701156449e-02,7.35975215526121e-02,lamp_kernel
1.371672e+02,24101,4.48197220555048e-09,7.36198608777170e-02,7.36198698416614e-02,7.35975400555667e-02,lamp_kernel
1.372805e+02,24121,4.47516940156140e-09,7.36198606177393e-02,7.36198695680781e-02,7.35975585277137e-02,lamp_kernel
1.373938e+02,24141,4.46815257208390e-09,7.36198603585358e-02,7.36198692948410e-02,7.35975769691302e-02,lamp_kernel
1.375071e+02,24161,4.46088622364953e-09,7.36198601000614e-02,7.36198690218339e-02,7.35975953798928e-02,lamp_kernel
1.376204e+02,24181,4.45336477637477e-09,7.36198598423330e-02,7.36198687490626e-02,7.35976137600782e-02,lamp_kernel
1.377337e+02,24201,4.44559206641132e-09,7.36198595853303e-02,7.36198684765144e-02,7.35976321097624e-02,lamp_kernel
1.378470e+02,24221,4.43759535490599e-09,7.36198593290686e-02,7.36198682042593e-02,7.35976504290214e-02,lamp_kernel
1.379603e+02,24241,4.42941313382723e-09,7.36198590735395e-02,7.36198679323658e-02,7.35976687179311e-02,lamp_kernel
1.380736e+02,24261,4.42109618323172e-09,7.36198588187644e-02,7.36198676609567e-02,7.35976869765667e-02,lamp_kernel
1.381869e+02,24281,4.41270734887851e-09,7.36198585646837e-02,7.36198673900984e-02,7.35977052050036e-02,lamp_kernel
1.383003e+02,24301,4.40428750428423e-09,7.36198583113499e-02,7.36198671199249e-02,7.35977234033168e-02,lamp_kernel
1.384136e+02,24321,4.39590185655408e-09,7.36198580587566e-02,7.36198668505604e-02,7.35977415715809e-02,lamp_kernel
1.385269e+02,24341,4.38757379086481e-09,7.36198578068668e-02,7.36198665820144e-02,7.35977597098703e-02,lamp_kernel
1.386402e+02,24361,4.37934436946765e-09,7.36198575557047e-02,7.36198663143934e-02,7.35977778182594e-02,lamp_kernel
1.387535e+02,24381,4.37121946232021e-09,7.36198573052338e-02,7.36198660476728e-02,7.35977958968221e-02,lamp_kernel
1.388668e+02,24401,4.36319735806788e-09,7.36198570554989e-02,7.36198657818936e-02,7.35978139456322e-02,lamp_kernel
1.389802e+02,24421,4.35524658710815e-09,7.36198568064734e-02,7.36198655169665e-02,7.35978319647630e-02,lamp_kernel
1.390935e+02,24441,4.34733086689411e-09,7.36198565581253e-02,7.36198652527871e-02,7.35978499542879e-02,lamp_kernel
1.392068e+02,24461,4.33941462490352e-09,7.36198563105247e-02,7.36198649893540e-02,7.35978679142799e-02,lamp_kernel
1.393201e+02,24481,4.33144527946380e-09,7.36198560636104e-02,7.36198647265009e-02,7.35978858448118e-02,lamp_kernel
1.394334e+02,24501,4.32336661424927e-09,7.36198558173985e-02,7.36198644641317e-02,7.35979037459560e-02,lamp_kernel
1.395467e+02,24521,4.31513038204661e-09,7.36198555718897e-02,7.36198642021505e-02,7.35979216177848e-02,lamp_kernel
1.396601e+02,24541,4.30671213927441e-09,7.36198553270726e-02,7.36198639404969e-02,7.35979394603704e-02,lamp_kernel
1.397734e+02,24561,4.29809158758096e-09,7.36198550829293e-02,7.36198636791125e-02,7.35979572737845e-02,lamp_kernel
1.398867e+02,24581,4.28924621260193e-09,7.36198548394925e-02,7.36198634179849e-02,7.35979750580987e-02,lamp_kernel
1.400000e+02,24601,4.28017746910268e-09,7.36198545967463e-02,7.36198631571013e-02,7.35979928133843e-02,lamp_kernel
1.401133e+02,24621,4.27090622377805e-09,7.36198543546841e-02,7.36198628964966e-02,7.35980105397124e-02,lamp_kernel
1.402266e+02,24641,4.26147590193622e-09,7.36198541133219e-02,7.36198626362737e-02,7.35980282371540e-02,lamp_kernel
1.403400e+02,24661,4.25191416824366e-09,7.36198538726297e-02,7.36198623764581e-02,7.35980459057796e-02,lamp_kernel
1.404533e+02,24681,4.24228666961055e-09,7.36198536326061e-02,7.36198621171795e-02,7.35980635456597e-02,lamp_kernel
1.405665e+02,24701,4.23262998006388e-09,7.36198533932553e-02,7.36198618585152e-02,7.35980811568645e-02,lamp_kernel
1.406798e+02,24721,4.22299588630026e-09,7.36198531545973e-02,7.36198616005890e-02,7.35980987394638e-02,lamp_kernel
1.407932e+02,24741,4.21342197261527e-09,7.36198529166164e-02,7.36198613434604e-02,7.35981162935275e-02,lamp_kernel
1.409065e+02,24761,4.20392783018025e-09,7.36198526792928e-02,7.36198610871485e-02,7.35981338191251e-02,lamp_kernel
1.410198e+02,24781,4.19453787882128e-09,7.36198524426142e-02,7.36198608316900e-02,7.35981513163257e-02,lamp_kernel
1.411331e+02,24801,4.18524904060554e-09,7.36198522066329e-02,7.36198605771309e-02,7.35981687851985e-02,lamp_kernel
1.412464e+02,24821,4.17605267837915e-09,7.36198519712993e-02,7.36198603234047e-02,7.35981862258122e-02,lamp_kernel
1.413597e+02,24841,4.16691051814860e-09,7.36198517366199e-02,7.36198600704409e-02,7.35982036382355e-02,lamp_kernel
1.414730e+02,24861,4.15778991023221e-09,7.36198515026136e-02,7.36198598181935e-02,7.35982210225367e-02,lamp_kernel
1.415863e+02,24881,4.14864199866823e-09,7.36198512692557e-02,7.36198595665397e-02,7.35982383787840e-02,lamp_kernel
1.418771e+02,24901,4.13943242980677e-09,7.36198510365681e-02,7.36198593154329e-02,7.35982557070454e-02,lamp_kernel
1.419904e+02,24921,4.13011042511321e-09,7.36198508045221e-02,7.36198590647429e-02,7.35982730073885e-02,lamp_kernel
1.421037e+02,24941,4.12063781360007e-09,7.36198505731242e-02,7.36198588143998e-02,7.35982902798809e-02,lamp_kernel
1.422169e+02,24961,4.11099127574591e-09,7.36198503423807e-02,7.36198585643632e-02,7.35983075245897e-02,lamp_kernel
1.423302e+02,24981,4.10116718067348e-09,7.36198501122688e-02,7.36198583146032e-02,7.35983247415822e-02,lamp_kernel
1.424435e+02,25001,4.09115543724174e-09,7.36198498827813e-02,7.36198580650922e-02,7.35983419309251e-02,lamp_kernel
1.425568e+02,25021,4.08096611344053e-09,7.36198496539568e-02,7.36198578158890e-02,7.35983590926850e-02,lamp_kernel
1.426701e+02,25041,4.07063828497691e-09,7.36198494257531e-02,7.36198575670297e-02,7.35983762269284e-02,lamp_kernel
1.427834e+02,25061,4.06020644518615e-09,7.36198491981839e-02,7.36198573185968e-02,7.35983933337215e-02,lamp_kernel
1.428967e+02,25081,4.04970589466270e-09,7.36198489712280e-02,7.36198570706398e-02,7.35984104131301e-02,lamp_kernel
1.430099e+02,25101,4.03918167676079e-09,7.36198487449067e-02,7.36198568232701e-02,7.35984274652202e-02,lamp_kernel
1.431232e+02,25121,4.02869152797100e-09,7.36198485192397e-02,7.36198565766227e-02,7.35984444900573e-02,lamp_kernel
1.432365e+02,25141,4.01824852337695e-09,7.36198482942001e-02,7.36198563306971e-02,7.35984614877068e-02,lamp_kernel
1.433498e+02,25161,4.00786888809326e-09,7.36198480697679e-02,7.36198560855057e-02,7.35984784582337e-02,lamp_kernel
1.434631e+02,25181,3.99758074344096e-09,7.36198478459604e-02,7.36198558411219e-02,7.35984954017030e-02,lamp_kernel
1.435764e+02,25201,3.98737902561512e-09,7.36198476227559e-02,7.36198555975140e-02,7.35985123181794e-02,lamp_kernel
1.436897e+02,25221,3.97725568406454e-09,7.36198474001728e-02,7.36198553546842e-02,7.35985292077275e-02,lamp_kernel
1.438029e+02,25241,3.96718258653596e-09,7.36198471782064e-02,7.36198551125715e-02,7.35985460704116e-02,lamp_kernel
1.439162e+02,25261,3.95713797388143e-09,7.36198469568405e-02,7.36198548711165e-02,7.35985629062958e-02,lamp_kernel
1.440295e+02,25281,3.94708683948248e-09,7.36198467361085e-02,7.36198546302822e-02,7.35985797154439e-02,lamp_kernel
1.441428e+02,25301,3.93701783956621e-09,7.36198465159826e-02,7.36198543900183e-02,7.35985964979197e-02,lamp_kernel
1.442562e+02,25321,3.92695102289591e-09,7.36198462964374e-02,7.36198541503394e-02,7.35986132537867e-02,lamp_kernel
1.443695e+02,25341,3.91679673696535e-09,7.36198460775059e-02,7.36198539110994e-02,7.35986299831082e-02,lamp_kernel
1.444828e+02,25361,3.90652208222414e-09,7.36198458591993e-02,7.36198536722435e-02,7.35986466859472e-02,lamp_kernel
1.445960e+02,25381,3.89613380922197e-09,7.36198456414884e-02,7.36198534337561e-02,7.35986633623667e-02,lamp_kernel
1.447093e+02,25401,3.88563746097772e-09,7.36198454243624e-02,7.36198531956373e-02,7.35986800124293e-02,lamp_kernel
1.448226e+02,25421,3.87501817200432e-09,7.36198452078105e-02,7.36198529578468e-02,7.35986966361976e-02,lamp_kernel
1.449359e+02,25441,3.86429770822692e-09,7.36198449918564e-02,7.36198527204518e-02,7.35987132337339e-02,lamp_kernel
1.450492e+02,25461,3.85349835399934e-09,7.36198447764903e-02,7.36198524834870e-02,7.35987298051002e-02,lamp_kernel
1.451625e+02,25481,3.84264488882478e-09,7.36198445617040e-02,7.36198522469938e-02,7.35987463503584e-02,lamp_kernel
1.452758e+02,25501,3.83175678190253e-09,7.36198443475013e-02,7.36198520110148e-02,7.35987628695703e-02,lamp_kernel
1.453891e+02,25521,3.82087440853201e-09,7.36198441338959e-02,7.36198517756447e-02,7.35987793627973e-02,lamp_kernel
1.455024e+02,25541,3.81000924479345e-09,7.36198439208680e-02,7.36198515408865e-02,7.35987958301008e-02,lamp_kernel
1.456157e+02,25561,3.79918398202301e-09,7.36198437084095e-02,7.36198513067774e-02,7.35988122715419e-02,lamp_kernel
1.457290e+02,25581,3.78841523345924e-09,7.36198434965430e-02,7.36198510733734e-02,7.35988286871816e-02,lamp_kernel
1.458423e+02,25601,3.77770764154752e-09,7.36198432852449e-02,7.36198508406602e-02,7.35988450770805e-02,lamp_kernel
1.459555e+02,25621,3.76705287524039e-09,7.36198430745102e-02,7.36198506086159e-02,7.35988614412993e-02,lamp_kernel
1.460688e+02,25641,3.75645183855034e-09,7.36198428643386e-02,7.36198503772423e-02,7.35988777798982e-02,lamp_kernel
1.461821e+02,25661,3.74588380585973e-09,7.36198426547574e-02,7.36198501465251e-02,7.35988940929374e-02,lamp_kernel
1.462954e+02,25681,3.73533606632279e-09,7.36198424457429e-02,7.36198499164150e-02,7.35989103804770e-02,lamp_kernel
1.464087e+02,25701,3.72478303675228e-09,7.36198422372866e-02,7.36198496868527e-02,7.35989266425767e-02,lamp_kernel
1.465220e+02,25721,3.71421876558862e-09,7.36198420294033e-02,7.36198494578409e-02,7.35989428792961e-02,lamp_kernel
1.466352e+02,25741,3.70362099290798e-09,7.36198418220761e-02,7.36198492293181e-02,7.35989590906946e-02,lamp_kernel
1.467485e+02,25761,3.69294981430504e-09,7.36198416152964e-02,7.36198490011960e-02,7.35989752768315e-02,lamp_kernel
1.468618e+02,25781,3.68240213825593e-09,7.36198414090629e-02,7.36198487738672e-02,7.35989914377658e-02,lamp_kernel
1.469751e+02,25801,3.67184665957273e-09,7.36198412033649e-02,7.36198485470582e-02,7.35990075735564e-02,lamp_kernel
1.470884e+02,25821,3.66124111306543e-09,7.36198409982333e-02,7.36198483207155e-02,7.35990236842619e-02,lamp_kernel
1.472016e+02,25841,3.65056405408259e-09,7.36198407936474e-02,7.36198480947756e-02,7.35990397699408e-02,lamp_kernel
1.473149e+02,25861,3.63983706325108e-09,7.36198405896342e-02,7.36198478693083e-02,7.35990558306515e-02,lamp_kernel
1.474282e+02,25881,3.62907415389930e-09,7.36198403861333e-02,7.36198476442816e-02,7.35990718664521e-02,lamp_kernel
1.475415e+02,25901,3.61833376054205e-09,7.36198401831882e-02,7.36198474198557e-02,7.35990878774005e-02,lamp_kernel
1.476548e+02,25921,3.60761075638609e-09,7.36198399807905e-02,7.36198471960120e-02,7.35991038635545e-02,lamp_kernel
1.477681e+02,25941,3.59690456812724e-09,7.36198397789276e-02,7.36198469727367e-02,7.35991198249717e-02,lamp_kernel
1.478815e+02,25961,3.58622993187276e-09,7.36198395775980e-02,7.36198467500579e-02,7.35991357617094e-02,lamp_kernel
1.479948e+02,25981,3.57561943634570e-09,7.36198393768018e-02,7.36198465280407e-02,7.35991516738250e-02,lamp_kernel
1.481081e+02,26001,3.56504320980113e-09,7.36198391765391e-02,7.36198463066255e-02,7.35991675613755e-02,lamp_kernel
1.482214e+02,26021,3.55451023520753e-09,7.36198389767934e-02,7.36198460858138e-02,7.35991834244177e-02,lamp_kernel
1.483347e+02,26041,3.54399046301050e-09,7.36198387775730e-02,7.36198458655539e-02,7.35991992630083e-02,lamp_kernel
1.484480e+02,26061,3.53348213616979e-09,7.36198385788799e-02,7.36198456458442e-02,7.35992150772040e-02,lamp_kernel
1.485613e+02,26081,3.52297942746586e-09,7.36198383807116e-02,7.36198454266705e-02,7.35992308670609e-02,lamp_kernel
1.486746e+02,26101,3.51246203048435e-09,7.36198381830741e-02,7.36198452079981e-02,7.35992466326354e-02,lamp_kernel
1.487879e+02,26121,3.50191579521723e-09,7.36198379859619e-02,7.36198449897935e-02,7.35992623739834e-02,lamp_kernel
1.489012e+02,26141,3.49133983147602e-09,7.36198377893768e-02,7.36198447720564e-02,7.35992780911607e-02,lamp_kernel
1.490145e+02,26161,3.48073080658564e-09,7.36198375932926e-02,7.36198445547542e-02,7.35992937842230e-02,lamp_kernel
1.491278e+02,26181,3.47011990843729e-09,7.36198373977164e-02,7.36198443379562e-02,7.35993094532258e-02,lamp_kernel
1.492411e+02,26201,3.45947960574538e-09,7.36198372026582e-02,7.36198441216174e-02,7.35993250982243e-02,lamp_kernel
1.493544e+02,26221,3.44882294836991e-09,7.36198370081083e-02,7.36198439057542e-02,7.35993407192739e-02,lamp_kernel
1.494677e+02,26241,3.43815276169388e-09,7.36198368140885e-02,7.36198436903940e-02,7.35993563164293e-02,lamp_kernel
1.495810e+02,26261,3.42748018479034e-09,7.36198366205610e-02,7.36198434755213e-02,7.35993718897455e-02,lamp_kernel
1.496943e+02,26281,3.41682326697670e-09,7.36198364275526e-02,7.36198432611992e-02,7.35993874392770e-02,lamp_kernel
1.498076e+02,26301,3.40618898444378e-09,7.36198362350206e-02,7.36198430473985e-02,7.35994029650784e-02,lamp_kernel
1.499209e+02,26321,3.39556937648773e-09,7.36198360430110e-02,7.36198428341498e-02,7.35994184672039e-02,lamp_kernel
1.500341e+02,26341,3.38497870334256e-09,7.36198358514918e-02,7.36198426214492e-02,7.35994339457077e-02,lamp_kernel
1.501474e+02,26361,3.37441470111009e-09,7.36198356604563e-02,7.36198424092857e-02,7.35994494006438e-02,lamp_kernel
1.502607e+02,26381,3.36388387955804e-09,7.36198354699299e-02,7.36198421976976e-02,7.35994648320659e-02,lamp_kernel
1.503740e+02,26401,3.35337707530673e-09,7.36198352798766e-02,7.36198419866307e-02,7.35994802400277e-02,lamp_kernel
1.504873e+02,26421,3.34287713722037e-09,7.36198350903317e-02,7.36198417760860e-02,7.35994956245827e-02,lamp_kernel
1.506006e+02,26441,3.33238765722820e-09,7.36198349012641e-02,7.36198415660394e-02,7.35995109857843e-02,lamp_kernel
1.507139e+02,26461,3.32189928749841e-09,7.36198347127072e-02,7.36198413565058e-02,7.35995263236854e-02,lamp_kernel
1.508272e+02,26481,3.31142465658182e-09,7.36198345246099e-02,7.36198411474592e-02,7.35995416383393e-02,lamp_kernel
1.509405e+02,26501,3.30095335381174e-09,7.36198343369762e-02,7.36198409388829e-02,7.35995569297986e-02,lamp_kernel
1.510538e+02,26521,3.29046423697222e-09,7.36198341498562e-02,7.36198407307847e-02,7.35995721981160e-02,lamp_kernel
1.511671e+02,26541,3.27995467289772e-09,7.36198339632050e-02,7.36198405231144e-02,7.35995874433441e-02,lamp_kernel
1.512804e+02,26561,3.26942663281482e-09,7.36198337770286e-02,7.36198403158819e-02,7.35996026655353e-02,lamp_kernel
1.513937e+02,26581,3.25889890917337e-09,7.36198335913198e-02,7.36198401091177e-02,7.35996178647416e-02,lamp_kernel
1.515070e+02,26601,3.24836660886861e-09,7.36198334061032e-02,7.36198399028365e-02,7.35996330410152e-02,lamp_kernel
1.516203e+02,26621,3.23783956357404e-09,7.36198332213644e-02,7.36198396970435e-02,7.35996481944080e-02,lamp_kernel
1.517336e+02,26641,3.22732672398406e-09,7.36198330370789e-02,7.36198394917323e-02,7.35996633249715e-02,lamp_kernel
1.518469e+02,26661,3.21683588460976e-09,7.36198328532825e-02,7.36198392869542e-02,7.35996784327574e-02,lamp_kernel
1.519602e+02,26681,3.20638250074120e-09,7.36198326699337e-02,7.36198390826987e-02,7.35996935178172e-02,lamp_kernel
1.520735e+02,26701,3.19597574115953e-09,7.36198324870736e-02,7.36198388790251e-02,7.35997085802020e-02,lamp_kernel
1.521868e+02,26721,3.18560605445699e-09,7.36198323046461e-02,7.36198386758582e-02,7.35997236199630e-02,lamp_kernel
1.523001e+02,26741,3.17532672302514e-09,7.36198321226923e-02,7.36198384733457e-02,7.35997386371511e-02,lamp_kernel
1.524134e+02,26761,3.16511662462920e-09,7.36198319412068e-02,7.36198382714401e-02,7.35997536318171e-02,lamp_kernel
1.525267e+02,26781,3.15493809202710e-09,7.36198317601899e-02,7.36198380700661e-02,7.35997686040116e-02,lamp_kernel
1.526400e+02,26801,3.14481039973840e-09,7.36198315796021e-02,7.36198378692229e-02,7.35997835537851e-02,lamp_kernel
1.527533e+02,26821,3.13473874276871e-09,7.36198313994739e-02,7.36198376689514e-02,7.35997984811880e-02,lamp_kernel
1.528666e+02,26841,3.12468254262535e-09,7.36198312198080e-02,7.36198374691731e-02,7.35998133862704e-02,lamp_kernel
1.529799e+02,26861,3.11462761880019e-09,7.36198310405651e-02,7.36198372698204e-02,7.35998282690824e-02,lamp_kernel
1.530932e+02,26881,3.10455745440665e-09,7.36198308617878e-02,7.36198370709027e-02,7.35998431296738e-02,lamp_kernel
1.532065e+02,26901,3.09444467300500e-09,7.36198306834260e-02,7.36198368723154e-02,7.35998579680944e-02,lamp_kernel
1.533198e+02,26921,3.08429372740732e-09,7.36198305055386e-02,7.36198366741261e-02,7.35998727843938e-02,lamp_kernel
1.534331e+02,26941,3.07411991307739e-09,7.36198303280959e-02,7.36198364763357e-02,7.35998875786213e-02,lamp_kernel
1.535464e+02,26961,3.06390831452349e-09,7.36198301511070e-02,7.36198362789237e-02,7.35999023508264e-02,lamp_kernel
1.536597e+02,26981,3.05365914643801e-09,7.36198299745537e-02,7.36198360818719e-02,7.35999171010581e-02,lamp_kernel
1.537731e+02,27001,3.04338995244750e-09,7.36198297984204e-02,7.36198358852003e-02,7.35999318293654e-02,lamp_kernel
1.538864e+02,27021,3.03311519111802e-09,7.36198296227396e-02,7.36198356889700e-02,7.35999465357971e-02,lamp_kernel
1.539997e+02,27041,3.02286132109821e-09,7.36198294474885e-02,7.36198354932111e-02,7.35999612204020e-02,lamp_kernel
1.541130e+02,27061,3.01263862004200e-09,7.36198292726644e-02,7.36198352979416e-02,7.35999758832287e-02,lamp_kernel
1.542263e+02,27081,3.00247599206626e-09,7.36198290982743e-02,7.36198351032263e-02,7.35999905243254e-02,lamp_kernel
1.543396e+02,27101,2.99239208824345e-09,7.36198289243185e-02,7.36198349091027e-02,7.36000051437406e-02,lamp_kernel
1.544529e+02,27121,2.98239389749590e-09,7.36198287507920e-02,7.36198347155798e-02,7.36000197415222e-02,lamp_kernel
1.545662e+02,27141,2.97248556490443e-09,7.36198285776954e-02,7.36198345226666e-02,7.36000343177185e-02,lamp_kernel
1.546795e+02,27161,2.96265484528462e-09,7.36198284050129e-02,7.36198343303226e-02,7.36000488723770e-02,lamp_kernel
1.547928e+02,27181,2.95291040949890e-09,7.36198282327463e-02,7.36198341385671e-02,7.36000634055456e-02,lamp_kernel
1.549061e+02,27201,2.94322764794432e-09,7.36198280608920e-02,7.36198339473473e-02,7.36000779172717e-02,lamp_kernel
1.550194e+02,27221,2.93360799516765e-09,7.36198278894588e-02,7.36198337566747e-02,7.36000924076029e-02,lamp_kernel
1.551327e+02,27241,2.92401322117616e-09,7.36198277184389e-02,7.36198335664654e-02,7.36001068765864e-02,lamp_kernel
1.552460e+02,27261,2.91443402920847e-09,7.36198275478470e-02,7.36198333767150e-02,7.36001213242693e-02,lamp_kernel
1.553593e+02,27281,2.90483551889436e-09,7.36198273776874e-02,7.36198331873584e-02,7.36001357506986e-02,lamp_kernel
1.554726e+02,27301,2.89523599998261e-09,7.36198272079271e-02,7.36198329983991e-02,7.36001501559212e-02,lamp_kernel
1.555859e+02,27321,2.88566190913113e-09,7.36198270385619e-02,7.36198328098857e-02,7.36001645399838e-02,lamp_kernel
1.556992e+02,27341,2.87608200357470e-09,7.36198268696093e-02,7.36198326217733e-02,7.36001789029330e-02,lamp_kernel
1.558125e+02,27361,2.86663623579740e-09,7.36198267010811e-02,7.36198324343536e-02,7.36001932448151e-02,lamp_kernel
1.559258e+02,27381,2.85721051324300e-09,7.36198265329706e-02,7.36198322473916e-02,7.36002075656767e-02,lamp_kernel
1.560391e+02,27401,2.84774413907215e-09,7.36198263652657e-02,7.36198320607539e-02,7.36002218655637e-02,lamp_kernel
1.561525e+02,27421,2.83826029203685e-09,7.36198261979560e-02,7.36198318744766e-02,7.36002361445222e-02,lamp_kernel
1.562657e+02,27441,2.82877442681937e-09,7.36198260310387e-02,7.36198316885875e-02,7.36002504025982e-02,lamp_kernel
1.563790e+02,27461,2.81929208531985e-09,7.36198258645069e-02,7.36198315030911e-02,7.36002646398374e-02,lamp_kernel
1.564923e+02,27481,2.80985740062557e-09,7.36198256983789e-02,7.36198313180937e-02,7.36002788562855e-02,lamp_kernel
1.566056e+02,27501,2.80048938478810e-09,7.36198255326433e-02,7.36198311336221e-02,7.36002930519878e-02,lamp_kernel
1.567189e+02,27521,2.79120268689421e-09,7.36198253673252e-02,7.36198309497305e-02,7.36003072269898e-02,lamp_kernel
1.568322e+02,27541,2.78200695973369e-09,7.36198252023770e-02,7.36198307663909e-02,7.36003213813368e-02,lamp_kernel
1.569455e+02,27561,2.77291135757480e-09,7.36198250378395e-02,7.36198305836622e-02,7.36003355150738e-02,lamp_kernel
1.570588e+02,27581,2.76391759431094e-09,7.36198248736773e-02,7.36198304015125e-02,7.36003496282458e-02,lamp_kernel
1.571721e+02,27601,2.75501466783332e-09,7.36198247098955e-02,7.36198302199248e-02,7.36003637208976e-02,lamp_kernel
1.572854e+02,27621,2.74619166718600e-09,7.36198245465106e-02,7.36198300388939e-02,7.36003777930739e-02,lamp_kernel
1.573987e+02,27641,2.73744011481741e-09,7.36198243835016e-02,7.36198298583818e-02,7.36003918448194e-02,lamp_kernel
1.575120e+02,27661,2.72873255673933e-09,7.36198242208696e-02,7.36198296783347e-02,7.36004058761784e-02,lamp_kernel
1.576253e+02,27681,2.72004408307914e-09,7.36198240586564e-02,7.36198294987446e-02,7.36004198871953e-02,lamp_kernel
1.577387e+02,27701,2.71136164496223e-09,7.36198238967911e-02,7.36198293195144e-02,7.36004338779143e-02,lamp_kernel
1.578520e+02,27721,2.70265540220294e-09,7.36198237353284e-02,7.36198291406392e-02,7.36004478483793e-02,lamp_kernel
1.579653e+02,27741,2.69392822385409e-09,7.36198235742369e-02,7.36198289620933e-02,7.36004617986345e-02,lamp_kernel
1.580786e+02,27761,2.68515322640213e-09,7.36198234134892e-02,7.36198287837956e-02,7.36004757287234e-02,lamp_kernel
1.581919e+02,27781,2.67632685665696e-09,7.36198232531390e-02,7.36198286057927e-02,7.36004896386900e-02,lamp_kernel
1.583052e+02,27801,2.66743934003490e-09,7.36198230931673e-02,7.36198284280460e-02,7.36005035285776e-02,lamp_kernel
1.584185e+02,27821,2.65850314896789e-09,7.36198229335347e-02,7.36198282505410e-02,7.36005173984297e-02,lamp_kernel
1.585318e+02,27841,2.64952749735613e-09,7.36198227742911e-02,7.36198280733461e-02,7.36005312482896e-02,lamp_kernel
1.586451e+02,27861,2.64053269360898e-09,7.36198226154097e-02,7.36198278964750e-02,7.36005450782005e-02,lamp_kernel
1.587584e+02,27881,2.63154023317761e-09,7.36198224569294e-02,7.36198277200099e-02,7.36005588882054e-02,lamp_kernel
1.588718e+02,27901,2.62257405293960e-09,7.36198222987950e-02,7.36198275439431e-02,7.36005726783473e-02,lamp_kernel
1.589851e+02,27921,2.61366272151453e-09,7.36198221410373e-02,7.36198273683628e-02,7.36005864486690e-02,lamp_kernel
1.590984e+02,27941,2.60481659562509e-09,7.36198219836414e-02,7.36198271932746e-02,7.36006001992131e-02,lamp_kernel
1.592117e+02,27961,2.59605666428040e-09,7.36198218266128e-02,7.36198270187262e-02,7.36006139300221e-02,lamp_kernel
1.593250e+02,27981,2.58740223932441e-09,7.36198216699141e-02,7.36198268447185e-02,7.36006276411386e-02,lamp_kernel
1.594384e+02,28001,2.57885222470313e-09,7.36198215135802e-02,7.36198266712846e-02,7.36006413326048e-02,lamp_kernel
1.595517e+02,28021,2.57041745710907e-09,7.36198213576110e-02,7.36198264984459e-02,7.36006550044629e-02,lamp_kernel
1.596650e+02,28041,2.56210091491798e-09,7.36198212020021e-02,7.36198263262040e-02,7.36006686567550e-02,lamp_kernel
1.597784e+02,28061,2.55391825753080e-09,7.36198210467449e-02,7.36198261545814e-02,7.36006822895230e-02,lamp_kernel
1.598917e+02,28081,2.54580454914727e-09,7.36198208918050e-02,7.36198259834141e-02,7.36006959028088e-02,lamp_kernel
1.600050e+02,28101,2.53774508603889e-09,7.36198207372373e-02,7.36198258127274e-02,7.36007094966540e-02,lamp_kernel
1.601183e+02,28121,2.52970523578362e-09,7.36198205830334e-02,7.36198256424439e-02,7.36007230711002e-02,lamp_kernel
1.602316e+02,28141,2.52166458512818e-09,7.36198204291601e-02,7.36198254724893e-02,7.36007366261891e-02,lamp_kernel
1.603450e+02,28161,2.51359253215679e-09,7.36198202756437e-02,7.36198253028288e-02,7.36007501619617e-02,lamp_kernel
1.604583e+02,28181,2.50548952427296e-09,7.36198201224952e-02,7.36198251334743e-02,7.36007636784595e-02,lamp_kernel
1.605716e+02,28201,2.49733044511538e-09,7.36198199696102e-02,7.36198249642711e-02,7.36007771757235e-02,lamp_kernel
1.606849e+02,28221,2.48911402355091e-09,7.36198198171120e-02,7.36198247953401e-02,7.36007906537947e-02,lamp_kernel
1.607983e+02,28241,2.48084282753874e-09,7.36198196649420e-02,7.36198246266277e-02,7.36008041127139e-02,lamp_kernel
1.609116e+02,28261,2.47252258411087e-09,7.36198195131277e-02,7.36198244581728e-02,7.36008175525220e-02,lamp_kernel
1.610249e+02,28281,2.46416682387608e-09,7.36198193616491e-02,7.36198242899827e-02,7.36008309732597e-02,lamp_kernel
1.611382e+02,28301,2.45580201746967e-09,7.36198192105348e-02,7.36198241221388e-02,7.36008443749673e-02,lamp_kernel
1.612515e+02,28321,2.44743886485677e-09,7.36198190597478e-02,7.36198239546255e-02,7.36008577576854e-02,lamp_kernel
1.613648e+02,28341,2.43917701174956e-09,7.36198189092856e-02,7.36198237876396e-02,7.36008711214543e-02,lamp_kernel
1.614781e+02,28361,2.43102886562077e-09,7.36198187591435e-02,7.36198236212012e-02,7.36008844663141e-02,lamp_kernel
1.615914e+02,28381,2.42296089742550e-09,7.36198186093359e-02,7.36198234552577e-02,7.36008977923049e-02,lamp_kernel
1.617047e+02,28401,2.41498426910191e-09,7.36198184598346e-02,7.36198232898031e-02,7.36009110994666e-02,lamp_kernel
1.618180e+02,28421,2.40711041316990e-09,7.36198183106813e-02,7.36198231249021e-02,7.36009243878392e-02,lamp_kernel
1.619314e+02,28441,2.39934914657309e-09,7.36198181618622e-02,7.36198229605605e-02,7.36009376574623e-02,lamp_kernel
1.620447e+02,28461,2.39169778552267e-09,7.36198180133741e-02,7.36198227967697e-02,7.36009509083756e-02,lamp_kernel
1.621580e+02,28481,2.38414150362987e-09,7.36198178652159e-02,7.36198226334989e-02,7.36009641406185e-02,lamp_kernel
1.622713e+02,28501,2.37667528446812e-09,7.36198177173626e-02,7.36198224707132e-02,7.36009773542306e-02,lamp_kernel
1.623846e+02,28521,2.36927484576301e-09,7.36198175698156e-02,7.36198223083653e-02,7.36009905492510e-02,lamp_kernel
1.624980e+02,28541,2.36192715336842e-09,7.36198174225914e-02,7.36198221464457e-02,7.36010037257189e-02,lamp_kernel
1.626113e+02,28561,2.35462363940964e-09,7.36198172757091e-02,7.36198219849564e-02,7.36010168836734e-02,lamp_kernel
1.627246e+02,28581,2.34733174517812e-09,7.36198171291431e-02,7.36198218238066e-02,7.36010300231535e-02,lamp_kernel
1.628379e+02,28601,2.34003371412801e-09,7.36198169828970e-02,7.36198216629644e-02,7.36010431441981e-02,lamp_kernel
1.629512e+02,28621,2.33272764445754e-09,7.36198168369243e-02,7.36198215023796e-02,7.36010562468457e-02,lamp_kernel
1.630645e+02,28641,2.32538147459782e-09,7.36198166913068e-02,7.36198213420697e-02,7.36010693311352e-02,lamp_kernel
1.631779e+02,28661,2.31798943236089e-09,7.36198165459812e-02,7.36198211819601e-02,7.36010823971049e-02,lamp_kernel
1.632912e+02,28681,2.31054942716951e-09,7.36198164009912e-02,7.36198210220901e-02,7.36010954447933e-02,lamp_kernel
1.634045e+02,28701,2.30306724847082e-09,7.36198162562807e-02,7.36198208624152e-02,7.36011084742388e-02,lamp_kernel
1.635178e+02,28721,2.29555539586173e-09,7.36198161119011e-02,7.36198207030119e-02,7.36011214854794e-02,lamp_kernel
1.636312e+02,28741,2.28805319924087e-09,7.36198159678135e-02,7.36198205439199e-02,7.36011344785534e-02,lamp_kernel
1.637445e+02,28761,2.28056997037962e-09,7.36198158240182e-02,7.36198203851582e-02,7.36011474534986e-02,lamp_kernel
1.638578e+02,28781,2.27311544718726e-09,7.36198156805522e-02,7.36198202267831e-02,7.36011604103530e-02,lamp_kernel
1.639711e+02,28801,2.26571679187762e-09,7.36198155373827e-02,7.36198200688163e-02,7.36011733491543e-02,lamp_kernel
1.640844e+02,28821,2.25838692671603e-09,7.36198153945367e-02,7.36198199113106e-02,7.36011862699402e-02,lamp_kernel
1.641978e+02,28841,2.25114575974834e-09,7.36198152519607e-02,7.36198197542522e-02,7.36011991727483e-02,lamp_kernel
1.643111e+02,28861,2.24400346381461e-09,7.36198151096821e-02,7.36198195976890e-02,7.36012120576160e-02,lamp_kernel
1.644244e+02,28881,2.23695437200136e-09,7.36198149677110e-02,7.36198194416197e-02,7.36012249245807e-02,lamp_kernel
1.645377e+02,28901,2.23003189597665e-09,7.36198148260287e-02,7.36198192860925e-02,7.36012377736795e-02,lamp_kernel
1.646510e+02,28921,2.22320649296502e-09,7.36198146846463e-02,7.36198191310593e-02,7.36012506049497e-02,lamp_kernel
1.647644e+02,28941,2.21647033718780e-09,7.36198145435676e-02,7.36198189765082e-02,7.36012634184284e-02,lamp_kernel
1.648777e+02,28961,2.20980648783426e-09,7.36198144027892e-02,7.36198188224022e-02,7.36012762141523e-02,lamp_kernel
1.649910e+02,28981,2.20320109520253e-09,7.36198142622648e-02,7.36198186686670e-02,7.36012889921585e-02,lamp_kernel
1.651044e+02,29001,2.19662479539279e-09,7.36198141220711e-02,7.36198185153207e-02,7.36013017524835e-02,lamp_kernel
1.652177e+02,29021,2.19005862207319e-09,7.36198139821503e-02,7.36198183622676e-02,7.36013144951641e-02,lamp_kernel
1.653310e+02,29041,2.18351036464456e-09,7.36198138425011e-02,7.36198182095218e-02,7.36013272202367e-02,lamp_kernel
1.654444e+02,29061,2.17694911672008e-09,7.36198137031702e-02,7.36198180570685e-02,7.36013399277379e-02,lamp_kernel
1.655577e+02,29081,2.17035211382820e-09,7.36198135641107e-02,7.36198179048150e-02,7.36013526177039e-02,lamp_kernel
1.656710e+02,29101,2.16372412256540e-09,7.36198134253511e-02,7.36198177527993e-02,7.36013652901710e-02,lamp_kernel
1.657843e+02,29121,2.15705194345383e-09,7.36198132868588e-02,7.36198176009627e-02,7.36013779451753e-02,lamp_kernel
1.658976e+02,29141,2.15034906103608e-09,7.36198131486646e-02,7.36198174493627e-02,7.36013905827528e-02,lamp_kernel
1.660110e+02,29161,2.14362387798268e-09,7.36198130107443e-02,7.36198172979921e-02,7.36014032029394e-02,lamp_kernel
1.661243e+02,29181,2.13689162793177e-09,7.36198128730928e-02,7.36198171468761e-02,7.36014158057711e-02,lamp_kernel
1.662376e+02,29201,2.13017424963861e-09,7.36198127357325e-02,7.36198169960810e-02,7.36014283912834e-02,lamp_kernel
1.663509e+02,29221,2.12349553593063e-09,7.36198125986442e-02,7.36198168456353e-02,7.36014409595121e-02,lamp_kernel
1.664643e+02,29241,2.11687039127288e-09,7.36198124618096e-02,7.36198166955503e-02,7.36014535104927e-02,lamp_kernel
1.665776e+02,29261,2.11029843593627e-09,7.36198123252779e-02,7.36198165458748e-02,7.36014660442606e-02,lamp_kernel
1.666909e+02,29281,2.10381417037528e-09,7.36198121890165e-02,7.36198163966448e-02,7.36014785608512e-02,lamp_kernel
1.668042e+02,29301,2.09740724487908e-09,7.36198120530386e-02,7.36198162478531e-02,7.36014910602997e-02,lamp_kernel
1.669175e+02,29321,2.09109247384629e-09,7.36198119173138e-02,7.36198160994987e-02,7.36015035426413e-02,lamp_kernel
1.670309e+02,29341,2.08486003508445e-09,7.36198117818935e-02,7.36198159516136e-02,7.36015160079110e-02,lamp_kernel
1.671442e+02,29361,2.07871242140780e-09,7.36198116467180e-02,7.36198158041428e-02,7.36015284561437e-02,lamp_kernel
1.672575e+02,29381,2.07265589309788e-09,7.36198115118171e-02,7.36198156571288e-02,7.36015408873744e-02,lamp_kernel
1.673708e+02,29401,2.06668227051142e-09,7.36198113771610e-02,7.36198155105256e-02,7.36015533016378e-02,lamp_kernel
1.674841e+02,29421,2.06076258549880e-09,7.36198112427731e-02,7.36198153642983e-02,7.36015656989685e-02,lamp_kernel
1.675975e+02,29441,2.05489417995039e-09,7.36198111086469e-02,7.36198152184353e-02,7.36015780794012e-02,lamp_kernel
1.677108e+02,29461,2.04903254086485e-09,7.36198109747942e-02,7.36198150728593e-02,7.36015904429703e-02,lamp_kernel
1.678241e+02,29481,2.04318702296479e-09,7.36198108412168e-02,7.36198149275908e-02,7.36016027897102e-02,lamp_kernel
1.679374e+02,29501,2.03733906030869e-09,7.36198107079255e-02,7.36198147826037e-02,7.36016151196553e-02,lamp_kernel
1.680507e+02,29521,2.03147800127211e-09,7.36198105748626e-02,7.36198146378186e-02,7.36016274328396e-02,lamp_kernel
1.681640e+02,29541,2.02559674075022e-09,7.36198104420797e-02,7.36198144932732e-02,7.36016397292974e-02,lamp_kernel
1.682773e+02,29561,2.01968992960308e-09,7.36198103095465e-02,7.36198143489264e-02,7.36016520090626e-02,lamp_kernel
1.683907e+02,29581,2.01376445490383e-09,7.36198101772530e-02,7.36198142047819e-02,7.36016642721691e-02,lamp_kernel
1.685040e+02,29601,2.00781989884366e-09,7.36198100452432e-02,7.36198140608830e-02,7.36016765186508e-02,lamp_kernel
1.686173e+02,29621,2.00187300449659e-09,7.36198099134816e-02,7.36198139172276e-02,7.36016887485415e-02,lamp_kernel
1.687306e+02,29641,1.99592659625703e-09,7.36198097819631e-02,7.36198137738163e-02,7.36017009618748e-02,lamp_kernel
1.688439e+02,29661,1.98999310739169e-09,7.36198096506916e-02,7.36198136306778e-02,7.36017131586841e-02,lamp_kernel
1.689572e+02,29681,1.98410480959648e-09,7.36198095196689e-02,7.36198134878785e-02,7.36017253390031e-02,lamp_kernel
1.690706e+02,29701,1.97825508462139e-09,7.36198093889027e-02,7.36198133454129e-02,7.36017375028650e-02,lamp_kernel
1.691839e+02,29721,1.97245793707793e-09,7.36198092583992e-02,7.36198132033151e-02,7.36017496503032e-02,lamp_kernel
1.692972e+02,29741,1.96673032686763e-09,7.36198091281124e-02,7.36198130615730e-02,7.36017617813508e-02,lamp_kernel
1.694105e+02,29761,1.96107440127016e-09,7.36198089981234e-02,7.36198129202722e-02,7.36017738960410e-02,lamp_kernel
1.695238e+02,29781,1.95548983294889e-09,7.36198088683808e-02,7.36198127793605e-02,7.36017859944067e-02,lamp_kernel
1.696372e+02,29801,1.94997525289523e-09,7.36198087388840e-02,7.36198126388345e-02,7.36017980764810e-02,lamp_kernel
1.697505e+02,29821,1.94453393293533e-09,7.36198086096517e-02,7.36198124987196e-02,7.36018101422966e-02,lamp_kernel
1.698638e+02,29841,1.93915606015830e-09,7.36198084806368e-02,7.36198123589489e-02,7.36018221918863e-02,lamp_kernel
1.699771e+02,29861,1.93384611141527e-09,7.36198083518392e-02,7.36198122195314e-02,7.36018342252828e-02,lamp_kernel
1.700905e+02,29881,1.92858977381576e-09,7.36198082233128e-02,7.36198120804923e-02,7.36018462425186e-02,lamp_kernel
1.702038e+02,29901,1.92335651402644e-09,7.36198080950016e-02,7.36198119417147e-02,7.36018582436261e-02,lamp_kernel
1.703171e+02,29921,1.91814371534851e-09,7.36198079669348e-02,7.36198118032222e-02,7.36018702286380e-02,lamp_kernel
1.704304e+02,29941,1.91293888014324e-09,7.36198078391073e-02,7.36198116649851e-02,7.36018821975863e-02,lamp_kernel
1.705438e+02,29961,1.90774001736442e-09,7.36198077115376e-02,7.36198115270176e-02,7.36018941505034e-02,lamp_kernel
1.706571e+02,29981,1.90253137267926e-09,7.36198075842035e-02,7.36198113892662e-02,7.36019060874214e-02,lamp_kernel
1.707704e+02,30001,1.89731626644012e-09,7.36198074571056e-02,7.36198112517381e-02,7.36019180083724e-02,lamp_kernel
1.708837e+02,30021,1.89209231392881e-09,7.36198073302455e-02,7.36198111144301e-02,7.36019299133883e-02,lamp_kernel
1.709970e+02,30041,1.88685692913922e-09,7.36198072036022e-02,7.36198109773161e-02,7.36019418025010e-02,lamp_kernel
1.711103e+02,30061,1.88162282576518e-09,7.36198070772093e-02,7.36198108404549e-02,7.36019536757423e-02,lamp_kernel
1.712237e+02,30081,1.87639725431241e-09,7.36198069510561e-02,7.36198107038506e-02,7.36019655331440e-02,lamp_kernel
1.713370e+02,30101,1.87118891486170e-09,7.36198068251074e-02,7.36198105674852e-02,7.36019773747376e-02,lamp_kernel
1.714503e+02,30121,1.86600507269987e-09,7.36198066994035e-02,7.36198104314137e-02,7.36019892005547e-02,lamp_kernel
1.715636e+02,30141,1.86085216936715e-09,7.36198065739224e-02,7.36198102956267e-02,7.36020010106267e-02,lamp_kernel
1.716769e+02,30161,1.85574842122954e-09,7.36198064486629e-02,7.36198101601598e-02,7.36020128049851e-02,lamp_kernel
1.717902e+02,30181,1.85068657666204e-09,7.36198063236442e-02,7.36198100250173e-02,7.36020245836611e-02,lamp_kernel
1.719036e+02,30201,1.84568221818363e-09,7.36198061988517e-02,7.36198098902162e-02,7.36020363466860e-02,lamp_kernel
1.720168e+02,30221,1.84073724155207e-09,7.36198060742934e-02,7.36198097557679e-02,7.36020480940908e-02,lamp_kernel
1.721302e+02,30241,1.83585425588528e-09,7.36198059499646e-02,7.36198096216731e-02,7.36020598259067e-02,lamp_kernel
1.722435e+02,30261,1.83113540054117e-09,7.36198058258429e-02,7.36198094881137e-02,7.36020715421645e-02,lamp_kernel
1.723568e+02,30281,1.82660166045844e-09,7.36198057019564e-02,7.36198093551598e-02,7.36020832428952e-02,lamp_kernel
1.724701e+02,30301,1.82215092995615e-09,7.36198055783147e-02,7.36198092226165e-02,7.36020949281296e-02,lamp_kernel
1.725834e+02,30321,1.81775771262191e-09,7.36198054548614e-02,7.36198090903768e-02,7.36021065978983e-02,lamp_kernel
1.726967e+02,30341,1.81338453992496e-09,7.36198053316470e-02,7.36198089584161e-02,7.36021182522321e-02,lamp_kernel
1.728101e+02,30361,1.80904133597914e-09,7.36198052086506e-02,7.36198088267333e-02,7.36021298911614e-02,lamp_kernel
1.729234e+02,30381,1.80471066793216e-09,7.36198050858832e-02,7.36198086953045e-02,7.36021415147168e-02,lamp_kernel
1.730367e+02,30401,1.80038646651584e-09,7.36198049633292e-02,7.36198085641021e-02,7.36021531229286e-02,lamp_kernel
1.731500e+02,30421,1.79607289146361e-09,7.36198048409890e-02,7.36198084331348e-02,7.36021647158272e-02,lamp_kernel
1.732633e+02,30441,1.79175539692373e-09,7.36198047188513e-02,7.36198083023621e-02,7.36021762934427e-02,lamp_kernel
1.733767e+02,30461,1.78743572208420e-09,7.36198045969386e-02,7.36198081718100e-02,7.36021878558055e-02,lamp_kernel
1.734900e+02,30481,1.78312450170329e-09,7.36198044752375e-02,7.36198080414865e-02,7.36021994029454e-02,lamp_kernel
1.736033e+02,30501,1.77881524568638e-09,7.36198043537358e-02,7.36198079113663e-02,7.36022109348926e-02,lamp_kernel
1.737166e+02,30521,1.77451021694365e-09,7.36198042324768e-02,7.36198077814972e-02,7.36022224516769e-02,lamp_kernel
1.738299e+02,30541,1.77021948157010e-09,7.36198041114134e-02,7.36198076518523e-02,7.36022339533283e-02,lamp_kernel
1.739433e+02,30561,1.76593847335864e-09,7.36198039905503e-02,7.36198075224273e-02,7.36022454398763e-02,lamp_kernel
1.740566e+02,30581,1.76169054051794e-09,7.36198038698990e-02,7.36198073932801e-02,7.36022569113508e-02,lamp_kernel
1.741699e+02,30601,1.75746264250189e-09,7.36198037494574e-02,7.36198072643827e-02,7.36022683677813e-02,lamp_kernel
1.742832e+02,30621,1.75330449173274e-09,7.36198036292298e-02,7.36198071358388e-02,7.36022798091974e-02,lamp_kernel
1.743966e+02,30641,1.74918351745687e-09,7.36198035092213e-02,7.36198070075883e-02,7.36022912356285e-02,lamp_kernel
1.745099e+02,30661,1.74509765575961e-09,7.36198033894304e-02,7.36198068796257e-02,7.36023026471040e-02,lamp_kernel
1.746232e+02,30681,1.74105918298661e-09,7.36198032698465e-02,7.36198067519649e-02,7.36023140436532e-02,lamp_kernel
1.747365e+02,30701,1.73705466744770e-09,7.36198031504654e-02,7.36198066245748e-02,7.36023254253053e-02,lamp_kernel
1.748498e+02,30721,1.73309228783963e-09,7.36198030313059e-02,7.36198064974905e-02,7.36023367920894e-02,lamp_kernel
1.749631e+02,30741,1.72916743791577e-09,7.36198029123207e-02,7.36198063706556e-02,7.36023481440347e-02,lamp_kernel
1.750765e+02,30761,1.72527078559140e-09,7.36198027935646e-02,7.36198062441062e-02,7.36023594811700e-02,lamp_kernel
1.751898e+02,30781,1.72141016907830e-09,7.36198026750042e-02,7.36198061178245e-02,7.36023708035244e-02,lamp_kernel
1.753031e+02,30801,1.71757093690766e-09,7.36198025566019e-02,7.36198059917437e-02,7.36023821111267e-02,lamp_kernel
1.754164e+02,30821,1.71374591514257e-09,7.36198024384372e-02,7.36198058659290e-02,7.36023934040056e-02,lamp_kernel
1.755298e+02,30841,1.70994127818111e-09,7.36198023204555e-02,7.36198057403380e-02,7.36024046821899e-02,lamp_kernel
1.756431e+02,30861,1.70615125350740e-09,7.36198022026816e-02,7.36198056149841e-02,7.36024159457081e-02,lamp_kernel
1.757564e+02,30881,1.70236868485782e-09,7.36198020851191e-02,7.36198054898565e-02,7.36024271945888e-02,lamp_kernel
1.758697e+02,30901,1.69859602425418e-09,7.36198019677398e-02,7.36198053649319e-02,7.36024384288605e-02,lamp_kernel
1.759830e+02,30921,1.69482787586609e-09,7.36198018505840e-02,7.36198052402398e-02,7.36024496485515e-02,lamp_kernel
1.760963e+02,30941,1.69107562126140e-09,7.36198017336047e-02,7.36198051157559e-02,7.36024608536902e-02,lamp_kernel
1.762096e+02,30961,1.68733150761560e-09,7.36198016168231e-02,7.36198049914861e-02,7.36024720443048e-02,lamp_kernel
1.763230e+02,30981,1.68360413430795e-09,7.36198015002426e-02,7.36198048674509e-02,7.36024832204236e-02,lamp_kernel
1.764378e+02,31001,1.67991202596297e-09,7.36198013838425e-02,7.36198047436665e-02,7.36024943820746e-02,lamp_kernel
1.765511e+02,31021,1.67623923179586e-09,7.36198012676403e-02,7.36198046201188e-02,7.36025055292858e-02,lamp_kernel
1.766645e+02,31041,1.67259471233020e-09,7.36198011516310e-02,7.36198044968205e-02,7.36025166620852e-02,lamp_kernel
1.767778e+02,31061,1.66898539349854e-09,7.36198010357994e-02,7.36198043737702e-02,7.36025277805007e-02,lamp_kernel
1.768912e+02,31081,1.66540231197053e-09,7.36198009201808e-02,7.36198042509854e-02,7.36025388845601e-02,lamp_kernel
1.770045e+02,31101,1.66185136693626e-09,7.36198008047692e-02,7.36198041284719e-02,7.36025499742911e-02,lamp_kernel
1.771178e+02,31121,1.65833083208262e-09,7.36198006895405e-02,7.36198040062022e-02,7.36025610497215e-02,lamp_kernel
1.772312e+02,31141,1.65488758622057e-09,7.36198005744791e-02,7.36198038842543e-02,7.36025721108788e-02,lamp_kernel
1.773445e+02,31161,1.65147826983081e-09,7.36198004596197e-02,7.36198037625762e-02,7.36025831577905e-02,lamp_kernel
1.774578e+02,31181,1.64808519367885e-09,7.36198003449441e-02,7.36198036411145e-02,7.36025941904841e-02,lamp_kernel
1.775712e+02,31201,1.64473165352110e-09,7.36198002304580e-02,7.36198035199213e-02,7.36026052089870e-02,lamp_kernel
1.776845e+02,31221,1.64139166011356e-09,7.36198001161524e-02,7.36198033989358e-02,7.36026162133265e-02,lamp_kernel
1.777979e+02,31241,1.63807086782462e-09,7.36198000020601e-02,7.36198032782018e-02,7.36026272035299e-02,lamp_kernel
1.779112e+02,31261,1.63477274321268e-09,7.36197998881417e-02,7.36198031576872e-02,7.36026381796243e-02,lamp_kernel
1.780246e+02,31281,1.63148299858084e-09,7.36197997744086e-02,7.36198030373746e-02,7.36026491416369e-02,lamp_kernel
1.781379e+02,31301,1.62821714382745e-09,7.36197996608737e-02,7.36198029173079e-02,7.36026600895946e-02,lamp_kernel
1.782513e+02,31321,1.62496248447722e-09,7.36197995475104e-02,7.36198027974354e-02,7.36026710235245e-02,lamp_kernel
1.783646e+02,31341,1.62172669014937e-09,7.36197994343249e-02,7.36198026777783e-02,7.36026819434534e-02,lamp_kernel
1.784780e+02,31361,1.61850021209208e-09,7.36197993213050e-02,7.36198025583054e-02,7.36026928494082e-02,lamp_kernel
1.785913e+02,31381,1.61529101130587e-09,7.36197992084813e-02,7.36198024390634e-02,7.36027037414157e-02,lamp_kernel
1.787047e+02,31401,1.61210375953846e-09,7.36197990958272e-02,7.36198023200347e-02,7.36027146195025e-02,lamp_kernel
1.788180e+02,31421,1.60893453234039e-09,7.36197989833465e-02,7.36198022012156e-02,7.36027254836952e-02,lamp_kernel
1.789314e+02,31441,1.60578653814618e-09,7.36197988710480e-02,7.36198020826211e-02,7.36027363340205e-02,lamp_kernel
1.790447e+02,31461,1.60266886312193e-09,7.36197987589312e-02,7.36198019642690e-02,7.36027471705048e-02,lamp_kernel
1.791581e+02,31481,1.59957057917939e-09,7.36197986470163e-02,7.36198018461574e-02,7.36027579931745e-02,lamp_kernel
1.792714e+02,31501,1.59649663943494e-09,7.36197985352628e-02,7.36198017282561e-02,7.36027688020561e-02,lamp_kernel
1.793848e+02,31521,1.59346192345058e-09,7.36197984237104e-02,7.36198016106342e-02,7.36027795971757e-02,lamp_kernel
1.794981e+02,31541,1.59048880206738e-09,7.36197983123411e-02,7.36198014933187e-02,7.36027903785596e-02,lamp_kernel
1.796115e+02,31561,1.58754690637570e-09,7.36197982010920e-02,7.36198013761858e-02,7.36028011462341e-02,lamp_kernel
1.797248e+02,31581,1.58462802070605e-09,7.36197980900177e-02,7.36198012592737e-02,7.36028119002251e-02,lamp_kernel
1.798382e+02,31601,1.58173835332035e-09,7.36197979791233e-02,7.36198011426000e-02,7.36028226405586e-02,lamp_kernel
1.799516e+02,31621,1.57886880193214e-09,7.36197978684094e-02,7.36198010261470e-02,7.36028333672607e-02,lamp_kernel
1.800649e+02,31641,1.57604486305595e-09,7.36197977578964e-02,7.36198009099862e-02,7.36028440803572e-02,lamp_kernel
1.801783e+02,31661,1.57325722312338e-09,7.36197976475398e-02,7.36198007940543e-02,7.36028547798740e-02,lamp_kernel
1.802917e+02,31681,1.57049003049840e-09,7.36197975373712e-02,7.36198006783513e-02,7.36028654648428e-02,lamp_kernel
1.804050e+02,31701,1.56773143452677e-09,7.36197974273733e-02,7.36198005628362e-02,7.36028761314025e-02,lamp_kernel
1.805184e+02,31721,1.56497712452054e-09,7.36197973175290e-02,7.36198004474832e-02,7.36028867844690e-02,lamp_kernel
1.806317e+02,31741,1.56226880277618e-09,7.36197972078701e-02,7.36198003324077e-02,7.36028974240678e-02,lamp_kernel
1.807451e+02,31761,1.55970538738652e-09,7.36197970983752e-02,7.36198002177860e-02,7.36029080502246e-02,lamp_kernel
1.808584e+02,31781,1.55715490047942e-09,7.36197969890407e-02,7.36198001033505e-02,7.36029186629646e-02,lamp_kernel
1.809718e+02,31801,1.55461236305722e-09,7.36197968798765e-02,7.36197999891012e-02,7.36029292623133e-02,lamp_kernel
1.810851e+02,31821,1.55208925449019e-09,7.36197967708740e-02,7.36197998750525e-02,7.36029398482960e-02,lamp_kernel
1.811985e+02,31841,1.54958279824540e-09,7.36197966620358e-02,7.36197997612014e-02,7.36029504209378e-02,lamp_kernel
1.813118e+02,31861,1.54708825525363e-09,7.36197965533857e-02,7.36197996475623e-02,7.36029609802640e-02,lamp_kernel
1.814252e+02,31881,1.54461431721706e-09,7.36197964448832e-02,7.36197995341118e-02,7.36029715262996e-02,lamp_kernel
1.815386e+02,31901,1.54217259776504e-09,7.36197963365715e-02,7.36197994209167e-02,7.36029820590697e-02,lamp_kernel
1.816519e+02,31921,1.53975300590513e-09,7.36197962284283e-02,7.36197993079343e-02,7.36029925785993e-02,lamp_kernel
1.817653e+02,31941,1.53735683374082e-09,7.36197961204515e-02,7.36197991951652e-02,7.36030030849133e-02,lamp_kernel
1.818786e+02,31961,1.53499093223469e-09,7.36197960126102e-02,7.36197990825921e-02,7.36030135780365e-02,lamp_kernel
1.819919e+02,31981,1.53266845459789e-09,7.36197959049480e-02,7.36197989702849e-02,7.36030240579937e-02,lamp_kernel
1.821053e+02,32001,1.53038073543411e-09,7.36197957974320e-02,7.36197988581935e-02,7.36030345248097e-02,lamp_kernel
1.822187e+02,32021,1.52812315248771e-09,7.36197956900827e-02,7.36197987463290e-02,7.36030449785091e-02,lamp_kernel
1.823320e+02,32041,1.52589879018421e-09,7.36197955828973e-02,7.36197986346949e-02,7.36030554191165e-02,lamp_kernel
1.824454e+02,32061,1.52373942574065e-09,7.36197954758402e-02,7.36197985233190e-02,7.36030658466565e-02,lamp_kernel
1.825587e+02,32081,1.52159981965813e-09,7.36197953690063e-02,7.36197984122060e-02,7.36030762611536e-02,lamp_kernel
1.826721e+02,32101,1.51947343166657e-09,7.36197952623235e-02,7.36197983012704e-02,7.36030866626321e-02,lamp_kernel
1.827855e+02,32121,1.51734499301316e-09,7.36197951557481e-02,7.36197981904380e-02,7.36030970511165e-02,lamp_kernel
1.828988e+02,32141,1.51523586922646e-09,7.36197950493624e-02,7.36197980798342e-02,7.36031074266310e-02,lamp_kernel
1.830122e+02,32161,1.51312867226802e-09,7.36197949431279e-02,7.36197979693853e-02,7.36031177891999e-02,lamp_kernel
1.831256e+02,32181,1.51101119162827e-09,7.36197948370169e-02,7.36197978590393e-02,7.36031281388473e-02,lamp_kernel
1.832389e+02,32201,1.50890665246777e-09,7.36197947311054e-02,7.36197977489187e-02,7.36031384755974e-02,lamp_kernel
c_index=0.0,Sw=0.07361979473110543,Smin=0.07361979473110543,Smax=0.07361979473110543,Nw=61,pairs=190
