time(s),iter,infeas,ot_objective,dual
1.328046e-02,1,7.08298590232124e-01,9.94335432090331e-30,-8.11936106649874e+00,sinkhorn_cellsim
7.038192e-01,21,7.08298590232123e-01,1.11598605643870e-07,2.93771940795667e+01,sinkhorn_cellsim
1.394313e+00,41,7.04773273419536e-01,6.36746795158970e-05,6.66868764870210e+01,sinkhorn_cellsim
2.085018e+00,61,6.89704436748863e-01,4.68282585726869e-04,1.02169506428302e+02,sinkhorn_cellsim
2.775989e+00,81,6.64347632064571e-01,1.40951575890175e-03,1.32300841143328e+02,sinkhorn_cellsim
3.467215e+00,101,6.40036657496842e-01,2.48305250566296e-03,1.55204866478173e+02,sinkhorn_cellsim
4.158685e+00,121,6.19212895276150e-01,3.45770385872166e-03,1.72662742829308e+02,sinkhorn_cellsim
4.850325e+00,141,6.03983068270141e-01,4.05624849326107e-03,1.86934685851235e+02,sinkhorn_cellsim
5.542037e+00,161,5.89571447661190e-01,4.53575486414711e-03,1.99622277303061e+02,sinkhorn_cellsim
6.233676e+00,181,5.76718039755042e-01,4.89784646634611e-03,2.11338905674162e+02,sinkhorn_cellsim
6.925326e+00,201,5.64378636981450e-01,5.28911557629504e-03,2.22399520599079e+02,sinkhorn_cellsim
7.617016e+00,221,5.53303565960401e-01,5.63422778570902e-03,2.32964811784581e+02,sinkhorn_cellsim
8.308727e+00,241,5.42519906641129e-01,6.01710287941673e-03,2.43077785992263e+02,sinkhorn_cellsim
9.000495e+00,261,5.32807779422655e-01,6.34517889533130e-03,2.52845196502470e+02,sinkhorn_cellsim
9.692230e+00,281,5.22118053651326e-01,6.71320054147972e-03,2.62281071817528e+02,sinkhorn_cellsim
1.038394e+01,301,5.10725104660938e-01,7.10226564640037e-03,2.71353406397263e+02,sinkhorn_cellsim
1.107569e+01,321,5.00336096566609e-01,7.45062826706978e-03,2.80081867589796e+02,sinkhorn_cellsim
1.176735e+01,341,4.88269813863953e-01,7.81106033695657e-03,2.88469145891560e+02,sinkhorn_cellsim
1.245905e+01,361,4.75476690240219e-01,8.22645332164506e-03,2.96490031549932e+02,sinkhorn_cellsim
1.315071e+01,381,4.62076223172525e-01,8.68081723944536e-03,3.04149153778524e+02,sinkhorn_cellsim
1.384247e+01,401,4.47316378856004e-01,9.21151359539479e-03,3.11389040756423e+02,sinkhorn_cellsim
1.453422e+01,421,4.33671163767923e-01,9.65674330597530e-03,3.18223374547886e+02,sinkhorn_cellsim
1.522599e+01,441,4.19467339786313e-01,1.00860731876910e-02,3.24703622421701e+02,sinkhorn_cellsim
1.591779e+01,461,4.06951129249234e-01,1.04722574757449e-02,3.30868027691358e+02,sinkhorn_cellsim
1.660959e+01,481,3.88711650674986e-01,1.10327910713308e-02,3.36629541044621e+02,sinkhorn_cellsim
1.730137e+01,501,3.72177717883589e-01,1.15570102046242e-02,3.41986086166007e+02,sinkhorn_cellsim
1.799317e+01,521,3.56791157950701e-01,1.20311081334084e-02,3.47000925673196e+02,sinkhorn_cellsim
1.868500e+01,541,3.42917978292825e-01,1.24592085048235e-02,3.51677523962932e+02,sinkhorn_cellsim
1.937683e+01,561,3.29351448193349e-01,1.28490448789316e-02,3.56046235810471e+02,sinkhorn_cellsim
2.006867e+01,581,3.14766109684717e-01,1.32532529436533e-02,3.60121827263117e+02,sinkhorn_cellsim
2.076050e+01,601,3.00099156091582e-01,1.37269063771160e-02,3.63894887507131e+02,sinkhorn_cellsim
2.145233e+01,621,2.87347826029290e-01,1.40773067186636e-02,3.67402862725654e+02,sinkhorn_cellsim
2.214417e+01,641,2.73070468099192e-01,1.45209011587643e-02,3.70639056571639e+02,sinkhorn_cellsim
2.283604e+01,661,2.59535253126756e-01,1.48865469729494e-02,3.73622820670219e+02,sinkhorn_cellsim
2.352795e+01,681,2.48522859221311e-01,1.51647105687787e-02,3.76408729661590e+02,sinkhorn_cellsim
2.421983e+01,701,2.35515443953341e-01,1.55594478291406e-02,3.78988920447760e+02,sinkhorn_cellsim
2.491176e+01,721,2.24539740689463e-01,1.58705961470082e-02,3.81339506310236e+02,sinkhorn_cellsim
2.560367e+01,741,2.13902860869655e-01,1.62071274381398e-02,3.83496294262590e+02,sinkhorn_cellsim
2.629561e+01,761,2.03600399615031e-01,1.64948168194529e-02,3.85484075830849e+02,sinkhorn_cellsim
2.698748e+01,781,1.95353736094042e-01,1.67344577937988e-02,3.87323361446458e+02,sinkhorn_cellsim
2.767940e+01,801,1.85965730881752e-01,1.70067035499973e-02,3.89028833702071e+02,sinkhorn_cellsim
2.837129e+01,821,1.77986477954363e-01,1.72143762758922e-02,3.90607618506451e+02,sinkhorn_cellsim
2.906328e+01,841,1.69009880583967e-01,1.75037628021049e-02,3.92067575052555e+02,sinkhorn_cellsim
2.975527e+01,861,1.61955353282987e-01,1.76825000469476e-02,3.93409003827360e+02,sinkhorn_cellsim
3.044726e+01,881,1.55368516742186e-01,1.78926854986665e-02,3.94635032452036e+02,sinkhorn_cellsim
3.113921e+01,901,1.48427313532801e-01,1.80949815051339e-02,3.95768746067199e+02,sinkhorn_cellsim
3.183115e+01,921,1.42277893987207e-01,1.82567677640689e-02,3.96813472914260e+02,sinkhorn_cellsim
3.252307e+01,941,1.36342556089571e-01,1.84281051858020e-02,3.97774892667445e+02,sinkhorn_cellsim
3.321502e+01,961,1.30551751408864e-01,1.85992566303905e-02,3.98670810384035e+02,sinkhorn_cellsim
3.390696e+01,981,1.25070985632647e-01,1.87601912434318e-02,3.99491335757976e+02,sinkhorn_cellsim
3.459893e+01,1001,1.18855714239646e-01,1.89709921456680e-02,4.00240351038939e+02,sinkhorn_cellsim
3.529093e+01,1021,1.14850900863817e-01,1.90665485425134e-02,4.00926288754035e+02,sinkhorn_cellsim
3.598297e+01,1041,1.10517332405369e-01,1.91824583085975e-02,4.01566030525392e+02,sinkhorn_cellsim
3.667497e+01,1061,1.06801410022866e-01,1.92577997147303e-02,4.02166458235984e+02,sinkhorn_cellsim
3.736698e+01,1081,1.02608505615593e-01,1.93524058876255e-02,4.02726512694942e+02,sinkhorn_cellsim
3.805899e+01,1101,9.89756937030533e-02,1.94540219315175e-02,4.03245040299312e+02,sinkhorn_cellsim
3.875097e+01,1121,9.60213380695931e-02,1.95213479769716e-02,4.03728232175390e+02,sinkhorn_cellsim
3.944296e+01,1141,9.31212242227787e-02,1.95944378943723e-02,4.04189621603674e+02,sinkhorn_cellsim
4.013497e+01,1161,9.06295455552419e-02,1.96632327415055e-02,4.04619615669901e+02,sinkhorn_cellsim
4.082699e+01,1181,8.79911535059761e-02,1.97352484554010e-02,4.05028541992004e+02,sinkhorn_cellsim
4.151899e+01,1201,8.54308882469474e-02,1.97910630508672e-02,4.05413951818933e+02,sinkhorn_cellsim
4.221102e+01,1221,8.21769295407798e-02,1.98918477229722e-02,4.05773441847404e+02,sinkhorn_cellsim
4.290304e+01,1241,7.93070367870044e-02,1.99726194064365e-02,4.06100915555967e+02,sinkhorn_cellsim
4.359505e+01,1261,7.73507835249536e-02,2.00203801015202e-02,4.06404026115579e+02,sinkhorn_cellsim
4.428708e+01,1281,7.53020134784839e-02,2.00652542121411e-02,4.06689945609665e+02,sinkhorn_cellsim
4.497906e+01,1301,7.22012660683603e-02,2.01249766853350e-02,4.06961686714600e+02,sinkhorn_cellsim
4.567107e+01,1321,6.93816886340350e-02,2.01804424396919e-02,4.07213694548421e+02,sinkhorn_cellsim
4.636305e+01,1341,6.71854190500634e-02,2.02233795132390e-02,4.07445718794080e+02,sinkhorn_cellsim
4.705504e+01,1361,6.54322981769729e-02,2.02572646577321e-02,4.07666102735855e+02,sinkhorn_cellsim
4.774699e+01,1381,6.36389666607290e-02,2.02948208985591e-02,4.07874795825926e+02,sinkhorn_cellsim
4.843902e+01,1401,6.20768814764849e-02,2.03212136281941e-02,4.08071933404317e+02,sinkhorn_cellsim
4.913100e+01,1421,6.07369804659201e-02,2.03413001287018e-02,4.08260999760376e+02,sinkhorn_cellsim
4.982302e+01,1441,5.92870225825812e-02,2.03672126252633e-02,4.08443377707573e+02,sinkhorn_cellsim
5.051505e+01,1461,5.76740908040871e-02,2.03894669008786e-02,4.08617511399022e+02,sinkhorn_cellsim
5.120710e+01,1481,5.58636147686066e-02,2.04223317845129e-02,4.08780818083876e+02,sinkhorn_cellsim
5.189915e+01,1501,5.41280895047918e-02,2.04517091454371e-02,4.08935207749576e+02,sinkhorn_cellsim
5.259122e+01,1521,5.25145514678549e-02,2.04741715621960e-02,4.09081151663503e+02,sinkhorn_cellsim
5.328328e+01,1541,5.11627113458095e-02,2.04911763058128e-02,4.09220999623242e+02,sinkhorn_cellsim
5.397537e+01,1561,4.99926180082133e-02,2.05038525185192e-02,4.09356800486698e+02,sinkhorn_cellsim
5.466739e+01,1581,4.86417294504410e-02,2.05194870381850e-02,4.09488243046331e+02,sinkhorn_cellsim
5.535943e+01,1601,4.73486479319135e-02,2.05397389315522e-02,4.09613373884111e+02,sinkhorn_cellsim
5.605149e+01,1621,4.60250791462719e-02,2.05622322192697e-02,4.09731675151686e+02,sinkhorn_cellsim
5.674351e+01,1641,4.50790455842864e-02,2.05764578901423e-02,4.09844234420179e+02,sinkhorn_cellsim
5.743557e+01,1661,4.40074048603521e-02,2.05921481902665e-02,4.09952573577325e+02,sinkhorn_cellsim
5.812761e+01,1681,4.28971391657975e-02,2.06052365125229e-02,4.10056834656644e+02,sinkhorn_cellsim
5.881963e+01,1701,4.18321862590753e-02,2.06185640072494e-02,4.10156567224532e+02,sinkhorn_cellsim
5.951167e+01,1721,4.07645052085214e-02,2.06354015436676e-02,4.10251996381856e+02,sinkhorn_cellsim
6.020373e+01,1741,3.97902025538555e-02,2.06565305281346e-02,4.10341491593351e+02,sinkhorn_cellsim
6.089578e+01,1761,3.89245816928768e-02,2.06730723215642e-02,4.10427648430316e+02,sinkhorn_cellsim
6.158786e+01,1781,3.82062275479094e-02,2.06864591220042e-02,4.10510062118939e+02,sinkhorn_cellsim
6.227994e+01,1801,3.74277110453271e-02,2.06951663849024e-02,4.10589768579580e+02,sinkhorn_cellsim
6.297199e+01,1821,3.66037712380537e-02,2.07080244565354e-02,4.10666123505085e+02,sinkhorn_cellsim
6.366412e+01,1841,3.57442835563851e-02,2.07203718210675e-02,4.10739132616772e+02,sinkhorn_cellsim
6.435626e+01,1861,3.50002023115476e-02,2.07286829754143e-02,4.10809947060887e+02,sinkhorn_cellsim
6.504835e+01,1881,3.43449580423602e-02,2.07363137670078e-02,4.10878523440711e+02,sinkhorn_cellsim
6.574043e+01,1901,3.36814090233421e-02,2.07441138207961e-02,4.10944546365136e+02,sinkhorn_cellsim
6.643253e+01,1921,3.31308918495541e-02,2.07507979859932e-02,4.11008590791583e+02,sinkhorn_cellsim
6.712467e+01,1941,3.25283161205556e-02,2.07590201301792e-02,4.11070914691927e+02,sinkhorn_cellsim
6.781675e+01,1961,3.19569561967732e-02,2.07665883946980e-02,4.11131433974751e+02,sinkhorn_cellsim
6.850888e+01,1981,3.14518490391594e-02,2.07759765692913e-02,4.11190018821573e+02,sinkhorn_cellsim
6.920099e+01,2001,3.09172843645512e-02,2.07833858627409e-02,4.11246379696975e+02,sinkhorn_cellsim
6.989311e+01,2021,3.03454219097056e-02,2.07930888128555e-02,4.11300678141470e+02,sinkhorn_cellsim
7.058523e+01,2041,2.97551613212464e-02,2.07997764438978e-02,4.11353135831024e+02,sinkhorn_cellsim
7.127736e+01,2061,2.91056066561333e-02,2.08087724344401e-02,4.11403778298012e+02,sinkhorn_cellsim
7.196945e+01,2081,2.84097309365512e-02,2.08184149450407e-02,4.11452252532599e+02,sinkhorn_cellsim
7.266159e+01,2101,2.78647541499341e-02,2.08255462001576e-02,4.11499285811079e+02,sinkhorn_cellsim
7.335372e+01,2121,2.73252711002332e-02,2.08347614318745e-02,4.11544833792145e+02,sinkhorn_cellsim
7.404589e+01,2141,2.68315219097911e-02,2.08418427062412e-02,4.11588533635950e+02,sinkhorn_cellsim
7.473797e+01,2161,2.63831067105268e-02,2.08470612993870e-02,4.11631166081229e+02,sinkhorn_cellsim
7.543010e+01,2181,2.59166739695534e-02,2.08558691722306e-02,4.11672260269135e+02,sinkhorn_cellsim
7.612221e+01,2201,2.53902120949416e-02,2.08610732283751e-02,4.11711769259946e+02,sinkhorn_cellsim
7.681434e+01,2221,2.49035498748858e-02,2.08648428632201e-02,4.11750230594813e+02,sinkhorn_cellsim
7.750649e+01,2241,2.44607162079442e-02,2.08682391752958e-02,4.11787916304085e+02,sinkhorn_cellsim
7.819857e+01,2261,2.40451068034867e-02,2.08730516974083e-02,4.11824620130690e+02,sinkhorn_cellsim
7.889067e+01,2281,2.36488103280785e-02,2.08765930565674e-02,4.11860463957387e+02,sinkhorn_cellsim
7.958279e+01,2301,2.32923791004257e-02,2.08864199833157e-02,4.11894644496250e+02,sinkhorn_cellsim
8.027488e+01,2321,2.29620769569030e-02,2.08919122403549e-02,4.11927161441964e+02,sinkhorn_cellsim
8.096694e+01,2341,2.26681532559893e-02,2.08954600615111e-02,4.11958936609752e+02,sinkhorn_cellsim
8.165904e+01,2361,2.23827288182044e-02,2.09024889832451e-02,4.11989632762811e+02,sinkhorn_cellsim
8.235113e+01,2381,2.20917378191551e-02,2.09061772932984e-02,4.12019245592302e+02,sinkhorn_cellsim
8.304322e+01,2401,2.17209869295191e-02,2.09101351658086e-02,4.12048043420434e+02,sinkhorn_cellsim
8.373529e+01,2421,2.13662445569161e-02,2.09135282981556e-02,4.12076016433531e+02,sinkhorn_cellsim
8.442743e+01,2441,2.10253723185424e-02,2.09168568863522e-02,4.12103287539046e+02,sinkhorn_cellsim
8.511949e+01,2461,2.06876369347512e-02,2.09196702279812e-02,4.12130084629116e+02,sinkhorn_cellsim
8.581159e+01,2481,2.03593336528101e-02,2.09245897705803e-02,4.12156134154967e+02,sinkhorn_cellsim
8.650366e+01,2501,2.00611311250773e-02,2.09282468995372e-02,4.12181390421323e+02,sinkhorn_cellsim
8.719576e+01,2521,1.97576690027729e-02,2.09304585471588e-02,4.12206096035250e+02,sinkhorn_cellsim
8.788781e+01,2541,1.94587956794570e-02,2.09337348801979e-02,4.12230340472902e+02,sinkhorn_cellsim
8.857999e+01,2561,1.91771887488926e-02,2.09374753219262e-02,4.12253950836654e+02,sinkhorn_cellsim
8.927212e+01,2581,1.88950170914077e-02,2.09412543012984e-02,4.12276999881934e+02,sinkhorn_cellsim
8.996416e+01,2601,1.85877480722305e-02,2.09445065117111e-02,4.12299505749361e+02,sinkhorn_cellsim
9.065625e+01,2621,1.82674905864141e-02,2.09472967254616e-02,4.12321415108018e+02,sinkhorn_cellsim
9.134833e+01,2641,1.79623319955854e-02,2.09497614781554e-02,4.12342886643684e+02,sinkhorn_cellsim
9.204045e+01,2661,1.76981362967778e-02,2.09516863694907e-02,4.12364022294818e+02,sinkhorn_cellsim
9.273251e+01,2681,1.74498837695680e-02,2.09535815821615e-02,4.12384846638144e+02,sinkhorn_cellsim
9.342457e+01,2701,1.71869741777633e-02,2.09584850281268e-02,4.12404845873469e+02,sinkhorn_cellsim
9.411667e+01,2721,1.69163311437324e-02,2.09613377522920e-02,4.12424080191096e+02,sinkhorn_cellsim
9.480875e+01,2741,1.66385584485288e-02,2.09668794094952e-02,4.12442506918002e+02,sinkhorn_cellsim
9.550084e+01,2761,1.63671040146841e-02,2.09711783696179e-02,4.12459798489465e+02,sinkhorn_cellsim
9.619296e+01,2781,1.61119174357753e-02,2.09747984558530e-02,4.12476492369057e+02,sinkhorn_cellsim
9.688506e+01,2801,1.58047853806736e-02,2.09785383483390e-02,4.12492631407235e+02,sinkhorn_cellsim
9.757712e+01,2821,1.55277984733091e-02,2.09816714447919e-02,4.12508176455406e+02,sinkhorn_cellsim
9.826921e+01,2841,1.52964393184129e-02,2.09838113661559e-02,4.12523403911241e+02,sinkhorn_cellsim
9.896131e+01,2861,1.50794702040903e-02,2.09858945698570e-02,4.12538390468159e+02,sinkhorn_cellsim
9.965340e+01,2881,1.48688937721866e-02,2.09888699069681e-02,4.12552920335481e+02,sinkhorn_cellsim
1.003455e+02,2901,1.46661518123834e-02,2.09910587230710e-02,4.12567043142704e+02,sinkhorn_cellsim
1.010376e+02,2921,1.44591553959343e-02,2.09932035731051e-02,4.12580890645471e+02,sinkhorn_cellsim
1.017297e+02,2941,1.42232801577100e-02,2.09952712727124e-02,4.12594449834216e+02,sinkhorn_cellsim
1.024217e+02,2961,1.39937706438317e-02,2.09971898310211e-02,4.12607742492655e+02,sinkhorn_cellsim
1.031139e+02,2981,1.38127515495260e-02,2.09991524723717e-02,4.12620740258269e+02,sinkhorn_cellsim
1.038060e+02,3001,1.36512829445054e-02,2.10011993045286e-02,4.12633422528373e+02,sinkhorn_cellsim
1.044981e+02,3021,1.34880542718437e-02,2.10050644632872e-02,4.12645750886674e+02,sinkhorn_cellsim
1.051902e+02,3041,1.33226764888083e-02,2.10092573240961e-02,4.12657226532683e+02,sinkhorn_cellsim
1.058822e+02,3061,1.31595529422301e-02,2.10109703301903e-02,4.12668460556905e+02,sinkhorn_cellsim
1.065744e+02,3081,1.30019346456935e-02,2.10122570040388e-02,4.12679510076741e+02,sinkhorn_cellsim
1.072665e+02,3101,1.28396930687413e-02,2.10171723104255e-02,4.12690328951903e+02,sinkhorn_cellsim
1.079586e+02,3121,1.26641057760176e-02,2.10212108945160e-02,4.12700343211353e+02,sinkhorn_cellsim
1.086507e+02,3141,1.25001428286333e-02,2.10228087584800e-02,4.12710106641176e+02,sinkhorn_cellsim
1.093428e+02,3161,1.23397499565004e-02,2.10240564014998e-02,4.12719678036325e+02,sinkhorn_cellsim
1.100348e+02,3181,1.21713911320615e-02,2.10253800210099e-02,4.12729068301419e+02,sinkhorn_cellsim
1.107269e+02,3201,1.19950646458810e-02,2.10268011865459e-02,4.12738254699887e+02,sinkhorn_cellsim
1.114190e+02,3221,1.18119489535184e-02,2.10283438102994e-02,4.12747244171017e+02,sinkhorn_cellsim
1.121111e+02,3241,1.16074462255978e-02,2.10311794716977e-02,4.12755844593768e+02,sinkhorn_cellsim
1.128032e+02,3261,1.14452228239280e-02,2.10331994979419e-02,4.12764123386548e+02,sinkhorn_cellsim
1.134953e+02,3281,1.12853132001441e-02,2.10348446627730e-02,4.12772231385449e+02,sinkhorn_cellsim
1.141874e+02,3301,1.11182366304308e-02,2.10364946759632e-02,4.12780163047568e+02,sinkhorn_cellsim
1.148795e+02,3321,1.09500238863790e-02,2.10381336321278e-02,4.12787908257459e+02,sinkhorn_cellsim
1.155717e+02,3341,1.07652163836651e-02,2.10403566530126e-02,4.12795426879388e+02,sinkhorn_cellsim
1.162638e+02,3361,1.05749107013128e-02,2.10429940821300e-02,4.12802669701343e+02,sinkhorn_cellsim
1.169559e+02,3381,1.03952740477771e-02,2.10449056320231e-02,4.12809670507081e+02,sinkhorn_cellsim
1.176479e+02,3401,1.02399390528406e-02,2.10461878752343e-02,4.12816523382412e+02,sinkhorn_cellsim
1.183401e+02,3421,1.00992533721393e-02,2.10472031190887e-02,4.12823274686365e+02,sinkhorn_cellsim
1.190321e+02,3441,9.96399653618221e-03,2.10482369190167e-02,4.12829935119703e+02,sinkhorn_cellsim
1.197242e+02,3461,9.83849222815086e-03,2.10493982668650e-02,4.12836493241792e+02,sinkhorn_cellsim
1.204163e+02,3481,9.71737945800017e-03,2.10503341165036e-02,4.12842953193301e+02,sinkhorn_cellsim
1.211084e+02,3501,9.60068144286260e-03,2.10511533145430e-02,4.12849309251333e+02,sinkhorn_cellsim
1.218005e+02,3521,9.47847130360795e-03,2.10519462763535e-02,4.12855574467634e+02,sinkhorn_cellsim
1.224926e+02,3541,9.35779627775821e-03,2.10529144221137e-02,4.12861726550231e+02,sinkhorn_cellsim
1.231847e+02,3561,9.24538764062715e-03,2.10538311438794e-02,4.12867772617692e+02,sinkhorn_cellsim
1.238768e+02,3581,9.13918924338596e-03,2.10546033882107e-02,4.12873741323889e+02,sinkhorn_cellsim
1.245689e+02,3601,9.03101018883433e-03,2.10554881706363e-02,4.12879621329755e+02,sinkhorn_cellsim
1.252609e+02,3621,8.91967878580953e-03,2.10564903543000e-02,4.12885369774931e+02,sinkhorn_cellsim
1.259531e+02,3641,8.81056292819752e-03,2.10573243496343e-02,4.12890987802704e+02,sinkhorn_cellsim
1.266452e+02,3661,8.70421487745203e-03,2.10580121005729e-02,4.12896507185746e+02,sinkhorn_cellsim
1.273373e+02,3681,8.59955539608259e-03,2.10588370691146e-02,4.12901935622743e+02,sinkhorn_cellsim
1.280294e+02,3701,8.49762066966255e-03,2.10597582121092e-02,4.12907249365431e+02,sinkhorn_cellsim
1.287215e+02,3721,8.39623583999234e-03,2.10605925788909e-02,4.12912479327668e+02,sinkhorn_cellsim
1.294136e+02,3741,8.29820296907206e-03,2.10613523267036e-02,4.12917636278957e+02,sinkhorn_cellsim
1.301057e+02,3761,8.20437399284389e-03,2.10620513753825e-02,4.12922733294712e+02,sinkhorn_cellsim
1.307978e+02,3781,8.11276993810033e-03,2.10629841130984e-02,4.12927764009512e+02,sinkhorn_cellsim
1.314898e+02,3801,8.02338337483304e-03,2.10640246194490e-02,4.12932702306590e+02,sinkhorn_cellsim
1.321819e+02,3821,7.93450342601550e-03,2.10647699678084e-02,4.12937562515465e+02,sinkhorn_cellsim
1.328740e+02,3841,7.83854202140125e-03,2.10653487607919e-02,4.12942361530153e+02,sinkhorn_cellsim
1.335660e+02,3861,7.73684836691056e-03,2.10658568342782e-02,4.12947102656980e+02,sinkhorn_cellsim
1.342581e+02,3881,7.62882749693001e-03,2.10664641434440e-02,4.12951767299084e+02,sinkhorn_cellsim
1.349502e+02,3901,7.52187735782701e-03,2.10672074076042e-02,4.12956337637751e+02,sinkhorn_cellsim
1.356422e+02,3921,7.43631214884794e-03,2.10678712956260e-02,4.12960841296605e+02,sinkhorn_cellsim
1.363343e+02,3941,7.35201541539998e-03,2.10685598381845e-02,4.12965291246305e+02,sinkhorn_cellsim
1.370265e+02,3961,7.25551475822981e-03,2.10693982247003e-02,4.12969665253757e+02,sinkhorn_cellsim
1.377186e+02,3981,7.15603657074579e-03,2.10700662426945e-02,4.12973955740942e+02,sinkhorn_cellsim
1.384106e+02,4001,7.06814176787950e-03,2.10707067910291e-02,4.12978160764793e+02,sinkhorn_cellsim
1.391027e+02,4021,6.98623738655061e-03,2.10713179003256e-02,4.12982278642379e+02,sinkhorn_cellsim
1.397948e+02,4041,6.91197098713039e-03,2.10720257960157e-02,4.12986314769218e+02,sinkhorn_cellsim
1.404869e+02,4061,6.83853011329463e-03,2.10725722420252e-02,4.12990295007355e+02,sinkhorn_cellsim
1.411789e+02,4081,6.75792020170642e-03,2.10733649479752e-02,4.12994210902874e+02,sinkhorn_cellsim
1.418710e+02,4101,6.68362027168862e-03,2.10740326906353e-02,4.12998053436909e+02,sinkhorn_cellsim
1.425631e+02,4121,6.61457104853676e-03,2.10744993499692e-02,4.13001858214599e+02,sinkhorn_cellsim
1.432552e+02,4141,6.55150400312446e-03,2.10749335741986e-02,4.13005632859612e+02,sinkhorn_cellsim
1.439473e+02,4161,6.49040183024944e-03,2.10755188508526e-02,4.13009358186845e+02,sinkhorn_cellsim
1.446394e+02,4181,6.42436593949747e-03,2.10763154418166e-02,4.13013000465584e+02,sinkhorn_cellsim
1.453314e+02,4201,6.35682470980129e-03,2.10770771325203e-02,4.13016567624364e+02,sinkhorn_cellsim
1.460236e+02,4221,6.29594622359086e-03,2.10776975606788e-02,4.13020069538243e+02,sinkhorn_cellsim
1.467156e+02,4241,6.23719169119496e-03,2.10782086612828e-02,4.13023524469074e+02,sinkhorn_cellsim
1.474077e+02,4261,6.17943859917354e-03,2.10787194125588e-02,4.13026925206699e+02,sinkhorn_cellsim
1.480998e+02,4281,6.11981729965792e-03,2.10791320662773e-02,4.13030269040343e+02,sinkhorn_cellsim
1.487919e+02,4301,6.06854851694486e-03,2.10795664950305e-02,4.13033556485064e+02,sinkhorn_cellsim
1.494840e+02,4321,6.02164123840997e-03,2.10799244121880e-02,4.13036799591450e+02,sinkhorn_cellsim
1.501761e+02,4341,5.97688655357880e-03,2.10801889423953e-02,4.13040022076312e+02,sinkhorn_cellsim
1.508683e+02,4361,5.93374976350963e-03,2.10804266145375e-02,4.13043229854216e+02,sinkhorn_cellsim
1.515604e+02,4381,5.89176541543595e-03,2.10806552109319e-02,4.13046423424460e+02,sinkhorn_cellsim
1.522525e+02,4401,5.84826179031524e-03,2.10808953963923e-02,4.13049600397948e+02,sinkhorn_cellsim
1.529446e+02,4421,5.80276372496486e-03,2.10811822001791e-02,4.13052751848446e+02,sinkhorn_cellsim
1.536367e+02,4441,5.75950140465561e-03,2.10814414068279e-02,4.13055880991771e+02,sinkhorn_cellsim
1.543288e+02,4461,5.71783985017107e-03,2.10817280507036e-02,4.13058989936253e+02,sinkhorn_cellsim
1.550209e+02,4481,5.67369306563841e-03,2.10821326365739e-02,4.13062066958195e+02,sinkhorn_cellsim
1.557130e+02,4501,5.63212178662887e-03,2.10825424740570e-02,4.13065108935434e+02,sinkhorn_cellsim
1.564051e+02,4521,5.59458948105107e-03,2.10829915430147e-02,4.13068109397764e+02,sinkhorn_cellsim
1.570972e+02,4541,5.55928055447879e-03,2.10835016261564e-02,4.13071050207890e+02,sinkhorn_cellsim
1.577892e+02,4561,5.52417052966415e-03,2.10839479362777e-02,4.13073944961622e+02,sinkhorn_cellsim
1.584813e+02,4581,5.48837465705615e-03,2.10842673226146e-02,4.13076804744063e+02,sinkhorn_cellsim
1.591734e+02,4601,5.45231574860582e-03,2.10845366587479e-02,4.13079637345641e+02,sinkhorn_cellsim
1.598655e+02,4621,5.41273379016781e-03,2.10848319746057e-02,4.13082439622263e+02,sinkhorn_cellsim
1.605577e+02,4641,5.37226100992878e-03,2.10852264179976e-02,4.13085174707501e+02,sinkhorn_cellsim
1.612498e+02,4661,5.32973884420291e-03,2.10859115302404e-02,4.13087819220209e+02,sinkhorn_cellsim
1.619419e+02,4681,5.28397148932146e-03,2.10867552207589e-02,4.13090372813325e+02,sinkhorn_cellsim
1.626340e+02,4701,5.24152098505828e-03,2.10873121842762e-02,4.13092871083002e+02,sinkhorn_cellsim
1.633261e+02,4721,5.20233507161784e-03,2.10877858344303e-02,4.13095341325950e+02,sinkhorn_cellsim
1.640181e+02,4741,5.15965934220126e-03,2.10906452013785e-02,4.13097703355513e+02,sinkhorn_cellsim
1.647103e+02,4761,5.12110418320473e-03,2.10915132525616e-02,4.13099923912862e+02,sinkhorn_cellsim
1.654024e+02,4781,5.08439493741132e-03,2.10918228117122e-02,4.13102119125263e+02,sinkhorn_cellsim
1.660945e+02,4801,5.04607602615463e-03,2.10921300916553e-02,4.13104293681275e+02,sinkhorn_cellsim
1.667866e+02,4821,5.00365378899156e-03,2.10927701870501e-02,4.13106426992237e+02,sinkhorn_cellsim
1.674787e+02,4841,4.96105276260122e-03,2.10933436931963e-02,4.13108506255939e+02,sinkhorn_cellsim
1.681708e+02,4861,4.91922401262440e-03,2.10937745539334e-02,4.13110538622234e+02,sinkhorn_cellsim
1.688629e+02,4881,4.86847140462980e-03,2.10941527833100e-02,4.13112529741999e+02,sinkhorn_cellsim
1.695550e+02,4901,4.82084901504878e-03,2.10945217799362e-02,4.13114481282745e+02,sinkhorn_cellsim
1.702471e+02,4921,4.77814692936817e-03,2.10948066442057e-02,4.13116410572294e+02,sinkhorn_cellsim
1.709392e+02,4941,4.73763297412206e-03,2.10951133189981e-02,4.13118317395563e+02,sinkhorn_cellsim
1.716313e+02,4961,4.69525954615626e-03,2.10955136538618e-02,4.13120191770084e+02,sinkhorn_cellsim
1.723234e+02,4981,4.65165840701899e-03,2.10958834593437e-02,4.13122035647158e+02,sinkhorn_cellsim
1.730156e+02,5001,4.61147118708873e-03,2.10961757916833e-02,4.13123856675288e+02,sinkhorn_cellsim
1.737076e+02,5021,4.57395864091628e-03,2.10964159137030e-02,4.13125655042371e+02,sinkhorn_cellsim
1.743998e+02,5041,4.53846901939520e-03,2.10967147970909e-02,4.13127421701634e+02,sinkhorn_cellsim
1.750918e+02,5061,4.50463619304034e-03,2.10971882580209e-02,4.13129151856923e+02,sinkhorn_cellsim
1.757839e+02,5081,4.47040709518259e-03,2.10976630694493e-02,4.13130852902058e+02,sinkhorn_cellsim
1.764760e+02,5101,4.43334623583926e-03,2.10981726295010e-02,4.13132523245075e+02,sinkhorn_cellsim
1.771680e+02,5121,4.39527623905076e-03,2.10985161117406e-02,4.13134164327580e+02,sinkhorn_cellsim
1.778601e+02,5141,4.36160262675480e-03,2.10987171876128e-02,4.13135790521511e+02,sinkhorn_cellsim
1.785522e+02,5161,4.33169984330349e-03,2.10988824920116e-02,4.13137406637424e+02,sinkhorn_cellsim
1.792443e+02,5181,4.30341389128793e-03,2.10990450925040e-02,4.13139013412118e+02,sinkhorn_cellsim
1.799364e+02,5201,4.27554317265310e-03,2.10992228589308e-02,4.13140609852290e+02,sinkhorn_cellsim
1.806285e+02,5221,4.24618300082223e-03,2.10994346953168e-02,4.13142193192863e+02,sinkhorn_cellsim
1.813206e+02,5241,4.21300995015144e-03,2.10997375083535e-02,4.13143754079447e+02,sinkhorn_cellsim
1.820126e+02,5261,4.18270458848142e-03,2.11000534874723e-02,4.13145284214342e+02,sinkhorn_cellsim
1.827047e+02,5281,4.15375298698925e-03,2.11003289540450e-02,4.13146775804567e+02,sinkhorn_cellsim
1.833968e+02,5301,4.12460839344472e-03,2.11005556829174e-02,4.13148234156970e+02,sinkhorn_cellsim
1.840889e+02,5321,4.09569753307665e-03,2.11008847106394e-02,4.13149654270198e+02,sinkhorn_cellsim
1.847810e+02,5341,4.06913675116348e-03,2.11011476892941e-02,4.13151051540209e+02,sinkhorn_cellsim
1.854731e+02,5361,4.04341966591167e-03,2.11013237031358e-02,4.13152437978837e+02,sinkhorn_cellsim
1.861652e+02,5381,4.01751099942882e-03,2.11014940038695e-02,4.13153814229468e+02,sinkhorn_cellsim
1.868573e+02,5401,3.99147044991748e-03,2.11017334816383e-02,4.13155174017376e+02,sinkhorn_cellsim
1.875494e+02,5421,3.96618326771607e-03,2.11019537281316e-02,4.13156516068184e+02,sinkhorn_cellsim
1.882414e+02,5441,3.94166947465116e-03,2.11021118211520e-02,4.13157848949827e+02,sinkhorn_cellsim
1.889335e+02,5461,3.91802092944385e-03,2.11022585145782e-02,4.13159174008426e+02,sinkhorn_cellsim
1.896256e+02,5481,3.89456990067276e-03,2.11024241402875e-02,4.13160490169801e+02,sinkhorn_cellsim
1.903177e+02,5501,3.86963581802485e-03,2.11027513069673e-02,4.13161786478463e+02,sinkhorn_cellsim
1.910098e+02,5521,3.84422692019845e-03,2.11031340555084e-02,4.13163047595931e+02,sinkhorn_cellsim
1.917019e+02,5541,3.81971558214379e-03,2.11033461907663e-02,4.13164288277654e+02,sinkhorn_cellsim
1.923940e+02,5561,3.79564864256958e-03,2.11035141383735e-02,4.13165517198465e+02,sinkhorn_cellsim
1.930861e+02,5581,3.77213280196201e-03,2.11036730663677e-02,4.13166736612811e+02,sinkhorn_cellsim
1.937782e+02,5601,3.75005232798575e-03,2.11038284270662e-02,4.13167947649466e+02,sinkhorn_cellsim
1.944703e+02,5621,3.72909130978000e-03,2.11039803601122e-02,4.13169151147464e+02,sinkhorn_cellsim
1.951624e+02,5641,3.70885174198851e-03,2.11041319441670e-02,4.13170347451974e+02,sinkhorn_cellsim
1.958544e+02,5661,3.68893107794758e-03,2.11043196549366e-02,4.13171533447222e+02,sinkhorn_cellsim
1.965465e+02,5681,3.66922626267901e-03,2.11046168558251e-02,4.13172695331376e+02,sinkhorn_cellsim
1.972386e+02,5701,3.64916321827994e-03,2.11048381621683e-02,4.13173837696084e+02,sinkhorn_cellsim
1.979307e+02,5721,3.62779706785284e-03,2.11049982623338e-02,4.13174971520441e+02,sinkhorn_cellsim
1.986228e+02,5741,3.60458285356424e-03,2.11051763008814e-02,4.13176096187203e+02,sinkhorn_cellsim
1.993149e+02,5761,3.58111756797696e-03,2.11053945550187e-02,4.13177209215105e+02,sinkhorn_cellsim
2.000071e+02,5781,3.55760870679988e-03,2.11056256629662e-02,4.13178310459325e+02,sinkhorn_cellsim
2.006991e+02,5801,3.53466213733962e-03,2.11058289212299e-02,4.13179402688053e+02,sinkhorn_cellsim
2.013912e+02,5821,3.51256490897793e-03,2.11059981994123e-02,4.13180488190256e+02,sinkhorn_cellsim
2.020833e+02,5841,3.49062143379983e-03,2.11061544858987e-02,4.13181567111073e+02,sinkhorn_cellsim
2.027754e+02,5861,3.46859584286451e-03,2.11063506732596e-02,4.13182634200337e+02,sinkhorn_cellsim
2.034675e+02,5881,3.44606810237887e-03,2.11065365101793e-02,4.13183686868594e+02,sinkhorn_cellsim
2.041596e+02,5901,3.42470610661970e-03,2.11066864981158e-02,4.13184731999200e+02,sinkhorn_cellsim
2.048517e+02,5921,3.40269559526330e-03,2.11068869236295e-02,4.13185766494856e+02,sinkhorn_cellsim
2.055438e+02,5941,3.38326743682512e-03,2.11072878176017e-02,4.13186766202597e+02,sinkhorn_cellsim
2.062358e+02,5961,3.36413621880161e-03,2.11075498965264e-02,4.13187735555851e+02,sinkhorn_cellsim
2.069279e+02,5981,3.34437378996165e-03,2.11077521104789e-02,4.13188692679162e+02,sinkhorn_cellsim
2.076200e+02,6001,3.32634747846752e-03,2.11081237943726e-02,4.13189618799791e+02,sinkhorn_cellsim
2.083121e+02,6021,3.30683651162617e-03,2.11084072626743e-02,4.13190518525409e+02,sinkhorn_cellsim
2.090042e+02,6041,3.28738082996554e-03,2.11086207209947e-02,4.13191407714721e+02,sinkhorn_cellsim
2.096964e+02,6061,3.27009374055312e-03,2.11088210113995e-02,4.13192287751552e+02,sinkhorn_cellsim
2.103885e+02,6081,3.25374123041208e-03,2.11089934257112e-02,4.13193160068923e+02,sinkhorn_cellsim
2.110807e+02,6101,3.23766008303160e-03,2.11091394821512e-02,4.13194026049528e+02,sinkhorn_cellsim
2.117728e+02,6121,3.22185217617681e-03,2.11092690883878e-02,4.13194886476899e+02,sinkhorn_cellsim
2.124649e+02,6141,3.20631564363853e-03,2.11093892254013e-02,4.13195741736847e+02,sinkhorn_cellsim
2.131570e+02,6161,3.19076780269000e-03,2.11095043799025e-02,4.13196591950465e+02,sinkhorn_cellsim
2.138491e+02,6181,3.17502278250073e-03,2.11096191208966e-02,4.13197436934941e+02,sinkhorn_cellsim
2.145412e+02,6201,3.15867369520998e-03,2.11097409530952e-02,4.13198275990100e+02,sinkhorn_cellsim
2.152333e+02,6221,3.14170169561906e-03,2.11098817427840e-02,4.13199107538825e+02,sinkhorn_cellsim
2.159253e+02,6241,3.12440367971979e-03,2.11100471823093e-02,4.13199929419482e+02,sinkhorn_cellsim
2.166174e+02,6261,3.10707842515075e-03,2.11102206226181e-02,4.13200740953245e+02,sinkhorn_cellsim
2.173094e+02,6281,3.08967832867623e-03,2.11103828749530e-02,4.13201543889480e+02,sinkhorn_cellsim
2.180015e+02,6301,3.07246931226906e-03,2.11105291861339e-02,4.13202340422988e+02,sinkhorn_cellsim
2.186936e+02,6321,3.05572475235966e-03,2.11106609304866e-02,4.13203132044647e+02,sinkhorn_cellsim
2.193856e+02,6341,3.03942878096079e-03,2.11107805817002e-02,4.13203919649260e+02,sinkhorn_cellsim
2.200777e+02,6361,3.02370043571600e-03,2.11108906125645e-02,4.13204703773837e+02,sinkhorn_cellsim
2.207698e+02,6381,3.00840537155795e-03,2.11109957833307e-02,4.13205484577646e+02,sinkhorn_cellsim
2.214619e+02,6401,2.99213075718933e-03,2.11111292038242e-02,4.13206260062211e+02,sinkhorn_cellsim
2.221541e+02,6421,2.97738301331619e-03,2.11113427077555e-02,4.13207022785928e+02,sinkhorn_cellsim
2.228462e+02,6441,2.96399512864187e-03,2.11114772993019e-02,4.13207777120745e+02,sinkhorn_cellsim
2.235383e+02,6461,2.95110504001284e-03,2.11115626413031e-02,4.13208528399295e+02,sinkhorn_cellsim
2.242303e+02,6481,2.93850741337052e-03,2.11116396333950e-02,4.13209277140605e+02,sinkhorn_cellsim
2.249224e+02,6501,2.92618196906267e-03,2.11117133130434e-02,4.13210023471072e+02,sinkhorn_cellsim
2.256145e+02,6521,2.91418922568471e-03,2.11117841304445e-02,4.13210767467023e+02,sinkhorn_cellsim
2.263066e+02,6541,2.90239184219913e-03,2.11118522491651e-02,4.13211509183918e+02,sinkhorn_cellsim
2.269987e+02,6561,2.89072938562199e-03,2.11119178571386e-02,4.13212248667664e+02,sinkhorn_cellsim
2.276908e+02,6581,2.87915104058731e-03,2.11119811465431e-02,4.13212985962377e+02,sinkhorn_cellsim
2.283829e+02,6601,2.86766544007055e-03,2.11120423019750e-02,4.13213721115635e+02,sinkhorn_cellsim
2.290750e+02,6621,2.85647694443369e-03,2.11121015948146e-02,4.13214454173181e+02,sinkhorn_cellsim
2.297671e+02,6641,2.84533946254684e-03,2.11121606685780e-02,4.13215185066750e+02,sinkhorn_cellsim
2.304592e+02,6661,2.83284673661204e-03,2.11122382015953e-02,4.13215912198924e+02,sinkhorn_cellsim
2.311513e+02,6681,2.81932032538494e-03,2.11124502469925e-02,4.13216621922798e+02,sinkhorn_cellsim
2.318434e+02,6701,2.80511129718147e-03,2.11127058319342e-02,4.13217298637393e+02,sinkhorn_cellsim
2.325354e+02,6721,2.79140110378841e-03,2.11128455712911e-02,4.13217964704826e+02,sinkhorn_cellsim
2.332275e+02,6741,2.77871687124750e-03,2.11129505846266e-02,4.13218627510842e+02,sinkhorn_cellsim
2.339196e+02,6761,2.76524907891544e-03,2.11130552667754e-02,4.13219287071784e+02,sinkhorn_cellsim
2.346117e+02,6781,2.75009515775121e-03,2.11132371733100e-02,4.13219938463601e+02,sinkhorn_cellsim
2.353038e+02,6801,2.73592824869583e-03,2.11134139295596e-02,4.13220577429013e+02,sinkhorn_cellsim
2.359959e+02,6821,2.72224341698188e-03,2.11135101228556e-02,4.13221211109650e+02,sinkhorn_cellsim
2.366880e+02,6841,2.70899768161411e-03,2.11135946676439e-02,4.13221841524181e+02,sinkhorn_cellsim
2.373800e+02,6861,2.69548817372810e-03,2.11136826232304e-02,4.13222468527537e+02,sinkhorn_cellsim
2.380721e+02,6881,2.68169447423469e-03,2.11137748758699e-02,4.13223091742196e+02,sinkhorn_cellsim
2.387641e+02,6901,2.66775149993456e-03,2.11138700246550e-02,4.13223710803176e+02,sinkhorn_cellsim
2.394562e+02,6921,2.65346872024378e-03,2.11139668340041e-02,4.13224325370169e+02,sinkhorn_cellsim
2.401483e+02,6941,2.63916245339759e-03,2.11140646084643e-02,4.13224935117497e+02,sinkhorn_cellsim
2.408404e+02,6961,2.62436976536448e-03,2.11141631894925e-02,4.13225539772759e+02,sinkhorn_cellsim
2.415324e+02,6981,2.60878470496473e-03,2.11142770981899e-02,4.13226138493663e+02,sinkhorn_cellsim
2.422245e+02,7001,2.59308235770593e-03,2.11145158123436e-02,4.13226724202517e+02,sinkhorn_cellsim
2.429166e+02,7021,2.57859708944721e-03,2.11147991488900e-02,4.13227287189097e+02,sinkhorn_cellsim
2.436087e+02,7041,2.56538025541901e-03,2.11149329971257e-02,4.13227838685157e+02,sinkhorn_cellsim
2.443008e+02,7061,2.55259476416694e-03,2.11150212685110e-02,4.13228385089608e+02,sinkhorn_cellsim
2.449928e+02,7081,2.54035704247505e-03,2.11150959341121e-02,4.13228927860840e+02,sinkhorn_cellsim
2.456850e+02,7101,2.52828309662515e-03,2.11151646241723e-02,4.13229467371134e+02,sinkhorn_cellsim
2.463771e+02,7121,2.51627137346968e-03,2.11152306307657e-02,4.13230003446787e+02,sinkhorn_cellsim
2.470692e+02,7141,2.50424761515275e-03,2.11152960589220e-02,4.13230535387665e+02,sinkhorn_cellsim
2.477612e+02,7161,2.49196262486804e-03,2.11153621911378e-02,4.13231062391887e+02,sinkhorn_cellsim
2.484533e+02,7181,2.47905913845951e-03,2.11154304829297e-02,4.13231584338040e+02,sinkhorn_cellsim
2.491453e+02,7201,2.46524629014699e-03,2.11155033164965e-02,4.13232101323194e+02,sinkhorn_cellsim
2.498375e+02,7221,2.45074094984473e-03,2.11155810477107e-02,4.13232613128806e+02,sinkhorn_cellsim
2.505295e+02,7241,2.43670880113327e-03,2.11156603668191e-02,4.13233120014669e+02,sinkhorn_cellsim
2.512216e+02,7261,2.42486292036272e-03,2.11157389187103e-02,4.13233622555169e+02,sinkhorn_cellsim
2.519137e+02,7281,2.41494124629893e-03,2.11158163533110e-02,4.13234120683836e+02,sinkhorn_cellsim
2.526058e+02,7301,2.40524107562873e-03,2.11158879623217e-02,4.13234614238170e+02,sinkhorn_cellsim
2.532979e+02,7321,2.39560588590300e-03,2.11159490303848e-02,4.13235103895978e+02,sinkhorn_cellsim
2.539900e+02,7341,2.38609553939141e-03,2.11160027808043e-02,4.13235590597682e+02,sinkhorn_cellsim
2.546821e+02,7361,2.37682219591117e-03,2.11160533867584e-02,4.13236074876190e+02,sinkhorn_cellsim
2.553742e+02,7381,2.36764429996987e-03,2.11161019673829e-02,4.13236556974961e+02,sinkhorn_cellsim
2.560663e+02,7401,2.35853417980463e-03,2.11161484468260e-02,4.13237037038123e+02,sinkhorn_cellsim
2.567583e+02,7421,2.34947347124569e-03,2.11161928035807e-02,4.13237515167932e+02,sinkhorn_cellsim
2.574505e+02,7441,2.34050483434601e-03,2.11162352241616e-02,4.13237991432230e+02,sinkhorn_cellsim
2.581426e+02,7461,2.33160162335367e-03,2.11162759915061e-02,4.13238465866608e+02,sinkhorn_cellsim
2.588347e+02,7481,2.32280785013234e-03,2.11163154067635e-02,4.13238938478918e+02,sinkhorn_cellsim
2.595268e+02,7501,2.31404917999432e-03,2.11163537704900e-02,4.13239409253527e+02,sinkhorn_cellsim
2.602189e+02,7521,2.30530713207161e-03,2.11163913976699e-02,4.13239878151224e+02,sinkhorn_cellsim
2.609109e+02,7541,2.29658315697355e-03,2.11164286478318e-02,4.13240345100298e+02,sinkhorn_cellsim
2.616030e+02,7561,2.28783470898766e-03,2.11164659648395e-02,4.13240809974156e+02,sinkhorn_cellsim
2.622950e+02,7581,2.27902915580930e-03,2.11165039283690e-02,4.13241272554329e+02,sinkhorn_cellsim
2.629871e+02,7601,2.27014311934931e-03,2.11165433182812e-02,4.13241732493996e+02,sinkhorn_cellsim
2.636792e+02,7621,2.26109629977867e-03,2.11165852398092e-02,4.13242189333458e+02,sinkhorn_cellsim
2.643713e+02,7641,2.25184773749990e-03,2.11166316788076e-02,4.13242642626883e+02,sinkhorn_cellsim
2.650634e+02,7661,2.24257137465022e-03,2.11166874433741e-02,4.13243092082831e+02,sinkhorn_cellsim
2.657555e+02,7681,2.23345052942304e-03,2.11167632029419e-02,4.13243537420855e+02,sinkhorn_cellsim
2.664475e+02,7701,2.22408241198641e-03,2.11168709734706e-02,4.13243978064632e+02,sinkhorn_cellsim
2.671396e+02,7721,2.21451297601164e-03,2.11169992496593e-02,4.13244413650453e+02,sinkhorn_cellsim
2.678317e+02,7741,2.20471300538089e-03,2.11171116969805e-02,4.13244844978026e+02,sinkhorn_cellsim
2.685238e+02,7761,2.19470282557410e-03,2.11171950194716e-02,4.13245273208343e+02,sinkhorn_cellsim
2.692159e+02,7781,2.18526918744409e-03,2.11172603529638e-02,4.13245698855011e+02,sinkhorn_cellsim
2.699080e+02,7801,2.17579022903368e-03,2.11173191789182e-02,4.13246121905303e+02,sinkhorn_cellsim
2.706002e+02,7821,2.16602587211012e-03,2.11173779611501e-02,4.13246542103314e+02,sinkhorn_cellsim
2.712923e+02,7841,2.15602104348921e-03,2.11174400585609e-02,4.13246959144230e+02,sinkhorn_cellsim
2.719844e+02,7861,2.14573112278118e-03,2.11175067962404e-02,4.13247372849895e+02,sinkhorn_cellsim
2.726765e+02,7881,2.13558644368204e-03,2.11175777381529e-02,4.13247783255047e+02,sinkhorn_cellsim
2.733685e+02,7901,2.12531704676349e-03,2.11176513841352e-02,4.13248190559682e+02,sinkhorn_cellsim
2.740607e+02,7921,2.11482568052230e-03,2.11177261027380e-02,4.13248595026333e+02,sinkhorn_cellsim
2.747527e+02,7941,2.10419773619666e-03,2.11178006342614e-02,4.13248996903691e+02,sinkhorn_cellsim
2.754449e+02,7961,2.09353864003248e-03,2.11178741672517e-02,4.13249396395206e+02,sinkhorn_cellsim
2.761370e+02,7981,2.08287156052942e-03,2.11179462506755e-02,4.13249793657272e+02,sinkhorn_cellsim
2.768291e+02,8001,2.07220335320857e-03,2.11180166828365e-02,4.13250188808748e+02,sinkhorn_cellsim
2.775211e+02,8021,2.06161552290460e-03,2.11180854197138e-02,4.13250581941462e+02,sinkhorn_cellsim
2.782132e+02,8041,2.05105819105022e-03,2.11181525097174e-02,4.13250973128204e+02,sinkhorn_cellsim
2.789053e+02,8061,2.04057680762705e-03,2.11182180508073e-02,4.13251362427965e+02,sinkhorn_cellsim
2.795974e+02,8081,2.03019746123329e-03,2.11182821635822e-02,4.13251749889155e+02,sinkhorn_cellsim
2.802895e+02,8101,2.01982345479699e-03,2.11183449748036e-02,4.13252135551564e+02,sinkhorn_cellsim
2.809816e+02,8121,2.00941404760964e-03,2.11184066074251e-02,4.13252519447619e+02,sinkhorn_cellsim
2.816738e+02,8141,1.99905155681524e-03,2.11184671746573e-02,4.13252901603318e+02,sinkhorn_cellsim
2.823659e+02,8161,1.98878916594976e-03,2.11185267767395e-02,4.13253282039061e+02,sinkhorn_cellsim
2.830580e+02,8181,1.97860115761441e-03,2.11185854999872e-02,4.13253660770506e+02,sinkhorn_cellsim
2.837501e+02,8201,1.96852945957206e-03,2.11186434183903e-02,4.13254037809466e+02,sinkhorn_cellsim
2.844422e+02,8221,1.95859126111235e-03,2.11187005986110e-02,4.13254413164727e+02,sinkhorn_cellsim
2.851344e+02,8241,1.94870675521630e-03,2.11187571098972e-02,4.13254786842496e+02,sinkhorn_cellsim
2.858265e+02,8261,1.93883079973500e-03,2.11188130420618e-02,4.13255158845749e+02,sinkhorn_cellsim
2.865186e+02,8281,1.92895004363511e-03,2.11188685404419e-02,4.13255529170952e+02,sinkhorn_cellsim
2.872108e+02,8301,1.91916016435254e-03,2.11189238968689e-02,4.13255897797997e+02,sinkhorn_cellsim
2.879029e+02,8321,1.90934079626436e-03,2.11189800061371e-02,4.13256264655043e+02,sinkhorn_cellsim
2.885950e+02,8341,1.89927876738454e-03,2.11190426439424e-02,4.13256629401689e+02,sinkhorn_cellsim
2.892871e+02,8361,1.88864287868666e-03,2.11191685744713e-02,4.13256989345145e+02,sinkhorn_cellsim
2.899792e+02,8381,1.87747181954617e-03,2.11196562487846e-02,4.13257326788458e+02,sinkhorn_cellsim
2.906713e+02,8401,1.86474724994070e-03,2.11202204824885e-02,4.13257625027112e+02,sinkhorn_cellsim
2.913634e+02,8421,1.85214921728190e-03,2.11204950036366e-02,4.13257904413394e+02,sinkhorn_cellsim
2.920555e+02,8441,1.83902067647439e-03,2.11206899162594e-02,4.13258173346969e+02,sinkhorn_cellsim
2.927476e+02,8461,1.82583241677337e-03,2.11208467230584e-02,4.13258434931585e+02,sinkhorn_cellsim
2.934397e+02,8481,1.81300220480579e-03,2.11209747704363e-02,4.13258691451581e+02,sinkhorn_cellsim
2.941318e+02,8501,1.80069455286958e-03,2.11210815110149e-02,4.13258944446052e+02,sinkhorn_cellsim
2.948240e+02,8521,1.78879278790221e-03,2.11211732167134e-02,4.13259194794290e+02,sinkhorn_cellsim
2.955162e+02,8541,1.77728180150069e-03,2.11212546745851e-02,4.13259442960899e+02,sinkhorn_cellsim
2.962083e+02,8561,1.76602092899102e-03,2.11213294302832e-02,4.13259689180162e+02,sinkhorn_cellsim
2.969004e+02,8581,1.75476273960458e-03,2.11214001070670e-02,4.13259933556401e+02,sinkhorn_cellsim
2.975925e+02,8601,1.74341937675492e-03,2.11214686225348e-02,4.13260176117250e+02,sinkhorn_cellsim
2.982846e+02,8621,1.73195514241041e-03,2.11215362493266e-02,4.13260416850483e+02,sinkhorn_cellsim
2.989767e+02,8641,1.72041596759441e-03,2.11216035541745e-02,4.13260655740377e+02,sinkhorn_cellsim
2.996688e+02,8661,1.70898041901177e-03,2.11216703868506e-02,4.13260892801905e+02,sinkhorn_cellsim
3.003609e+02,8681,1.69773562620705e-03,2.11217361308567e-02,4.13261128095903e+02,sinkhorn_cellsim
3.010530e+02,8701,1.68671316007214e-03,2.11218001878844e-02,4.13261361712869e+02,sinkhorn_cellsim
3.017451e+02,8721,1.67592113358830e-03,2.11218623717311e-02,4.13261593737739e+02,sinkhorn_cellsim
3.024371e+02,8741,1.66534627235068e-03,2.11219229626051e-02,4.13261824222216e+02,sinkhorn_cellsim
3.031293e+02,8761,1.65490380587976e-03,2.11219824854352e-02,4.13262053180326e+02,sinkhorn_cellsim
3.038213e+02,8781,1.64486615018875e-03,2.11220414037330e-02,4.13262280606610e+02,sinkhorn_cellsim
3.045134e+02,8801,1.63513268142525e-03,2.11220998681384e-02,4.13262506507353e+02,sinkhorn_cellsim
3.052056e+02,8821,1.62563424530188e-03,2.11221576269653e-02,4.13262730928134e+02,sinkhorn_cellsim
3.058978e+02,8841,1.61634134105167e-03,2.11222141651101e-02,4.13262953958962e+02,sinkhorn_cellsim
3.065899e+02,8861,1.60733179559953e-03,2.11222689861715e-02,4.13263175713362e+02,sinkhorn_cellsim
3.072819e+02,8881,1.59850423140094e-03,2.11223218313643e-02,4.13263396299300e+02,sinkhorn_cellsim
3.079741e+02,8901,1.58987502270925e-03,2.11223727167015e-02,4.13263615801677e+02,sinkhorn_cellsim
3.086662e+02,8921,1.58151139963964e-03,2.11224218412420e-02,4.13263834280222e+02,sinkhorn_cellsim
3.093582e+02,8941,1.57331645372182e-03,2.11224694741277e-02,4.13264051775406e+02,sinkhorn_cellsim
3.100503e+02,8961,1.56523819035322e-03,2.11225158787833e-02,4.13264268315292e+02,sinkhorn_cellsim
3.107424e+02,8981,1.55727095345988e-03,2.11225612792579e-02,4.13264483920512e+02,sinkhorn_cellsim
3.114345e+02,9001,1.54944792487997e-03,2.11226058534781e-02,4.13264698607239e+02,sinkhorn_cellsim
3.121266e+02,9021,1.54170476858254e-03,2.11226497388602e-02,4.13264912388823e+02,sinkhorn_cellsim
3.128187e+02,9041,1.53402977798860e-03,2.11226930415938e-02,4.13265125276672e+02,sinkhorn_cellsim
3.135108e+02,9061,1.52639507589877e-03,2.11227358455573e-02,4.13265337280744e+02,sinkhorn_cellsim
3.142028e+02,9081,1.51878931047192e-03,2.11227782194189e-02,4.13265548409852e+02,sinkhorn_cellsim
3.148949e+02,9101,1.51121558825911e-03,2.11228202216781e-02,4.13265758671862e+02,sinkhorn_cellsim
3.155870e+02,9121,1.50366339458279e-03,2.11228619039055e-02,4.13265968073844e+02,sinkhorn_cellsim
3.162791e+02,9141,1.49610573205264e-03,2.11229033125918e-02,4.13266176622199e+02,sinkhorn_cellsim
3.169712e+02,9161,1.48855458864175e-03,2.11229444900404e-02,4.13266384322754e+02,sinkhorn_cellsim
3.176633e+02,9181,1.48102911556471e-03,2.11229854746803e-02,4.13266591180860e+02,sinkhorn_cellsim
3.183554e+02,9201,1.47355597292228e-03,2.11230263010944e-02,4.13266797201469e+02,sinkhorn_cellsim
3.190476e+02,9221,1.46609494408545e-03,2.11230669999657e-02,4.13267002389208e+02,sinkhorn_cellsim
3.197397e+02,9241,1.45864046550853e-03,2.11231075980609e-02,4.13267206748444e+02,sinkhorn_cellsim
3.204317e+02,9261,1.45117750490995e-03,2.11231481183038e-02,4.13267410283342e+02,sinkhorn_cellsim
3.211238e+02,9281,1.44372738342843e-03,2.11231885799464e-02,4.13267612997920e+02,sinkhorn_cellsim
3.218159e+02,9301,1.43628282594824e-03,2.11232289988193e-02,4.13267814896102e+02,sinkhorn_cellsim
3.225079e+02,9321,1.42886023924399e-03,2.11232693876401e-02,4.13268015981761e+02,sinkhorn_cellsim
3.232000e+02,9341,1.42146810630436e-03,2.11233097563532e-02,4.13268216258769e+02,sinkhorn_cellsim
3.238921e+02,9361,1.41409400974037e-03,2.11233501124869e-02,4.13268415731040e+02,sinkhorn_cellsim
3.245842e+02,9381,1.40676571115556e-03,2.11233904615177e-02,4.13268614402570e+02,sinkhorn_cellsim
3.252762e+02,9401,1.39952213695332e-03,2.11234308072371e-02,4.13268812277474e+02,sinkhorn_cellsim
3.259683e+02,9421,1.39230583080458e-03,2.11234711521144e-02,4.13269009360018e+02,sinkhorn_cellsim
3.266604e+02,9441,1.38512176387330e-03,2.11235114976502e-02,4.13269205654644e+02,sinkhorn_cellsim
3.273525e+02,9461,1.37798569427973e-03,2.11235518447082e-02,4.13269401165982e+02,sinkhorn_cellsim
3.280446e+02,9481,1.37090884855842e-03,2.11235921938096e-02,4.13269595898862e+02,sinkhorn_cellsim
3.287367e+02,9501,1.36390382049601e-03,2.11236325453743e-02,4.13269789858310e+02,sinkhorn_cellsim
3.294288e+02,9521,1.35696124732055e-03,2.11236728998897e-02,4.13269983049537e+02,sinkhorn_cellsim
3.301209e+02,9541,1.35006403029995e-03,2.11237132579961e-02,4.13270175477929e+02,sinkhorn_cellsim
3.308129e+02,9561,1.34327808803065e-03,2.11237536204793e-02,4.13270367149028e+02,sinkhorn_cellsim
3.315051e+02,9581,1.33653226267544e-03,2.11237939881708e-02,4.13270558068515e+02,sinkhorn_cellsim
3.321972e+02,9601,1.32986530516652e-03,2.11238343617629e-02,4.13270748242188e+02,sinkhorn_cellsim
3.328892e+02,9621,1.32322464122940e-03,2.11238747415490e-02,4.13270937675955e+02,sinkhorn_cellsim
3.335813e+02,9641,1.31659042116125e-03,2.11239151271159e-02,4.13271126375817e+02,sinkhorn_cellsim
3.342733e+02,9661,1.31001809666927e-03,2.11239555170504e-02,4.13271314347863e+02,sinkhorn_cellsim
3.349654e+02,9681,1.30348091005479e-03,2.11239959092250e-02,4.13271501598241e+02,sinkhorn_cellsim
3.356575e+02,9701,1.29696102142038e-03,2.11240363080076e-02,4.13271688132890e+02,sinkhorn_cellsim
3.363496e+02,9721,1.29044570094384e-03,2.11240768127764e-02,4.13271873954386e+02,sinkhorn_cellsim
3.370417e+02,9741,1.28393576451578e-03,2.11241186611958e-02,4.13272059024852e+02,sinkhorn_cellsim
3.377337e+02,9761,1.27743750738655e-03,2.11241762071967e-02,4.13272242836382e+02,sinkhorn_cellsim
3.384258e+02,9781,1.27099216779629e-03,2.11243818162236e-02,4.13272420224094e+02,sinkhorn_cellsim
3.391179e+02,9801,1.26458579291403e-03,2.11249532395597e-02,4.13272571128493e+02,sinkhorn_cellsim
3.398100e+02,9821,1.25823980557002e-03,2.11252300695272e-02,4.13272701138396e+02,sinkhorn_cellsim
3.405021e+02,9841,1.25199457414899e-03,2.11253041761340e-02,4.13272827788521e+02,sinkhorn_cellsim
3.411941e+02,9861,1.24580327266291e-03,2.11253485088530e-02,4.13272953235163e+02,sinkhorn_cellsim
3.418862e+02,9881,1.23962744965649e-03,2.11253894926316e-02,4.13273077682761e+02,sinkhorn_cellsim
3.425783e+02,9901,1.23347345191351e-03,2.11254306274638e-02,4.13273201213080e+02,sinkhorn_cellsim
3.432704e+02,9921,1.22737613818242e-03,2.11254721951186e-02,4.13273323877364e+02,sinkhorn_cellsim
3.439625e+02,9941,1.22131562611240e-03,2.11255140269342e-02,4.13273445709095e+02,sinkhorn_cellsim
3.446546e+02,9961,1.21530883684146e-03,2.11255559358827e-02,4.13273566728236e+02,sinkhorn_cellsim
3.453467e+02,9981,1.20934330635472e-03,2.11255977795285e-02,4.13273686942127e+02,sinkhorn_cellsim
3.460389e+02,10001,1.20337056229600e-03,2.11256394615579e-02,4.13273806343862e+02,sinkhorn_cellsim
3.467309e+02,10021,1.19738143038141e-03,2.11256809274037e-02,4.13273924908299e+02,sinkhorn_cellsim
3.474230e+02,10041,1.19136029905573e-03,2.11257221643544e-02,4.13274042586052e+02,sinkhorn_cellsim
3.481151e+02,10061,1.18528287908526e-03,2.11257632074754e-02,4.13274159296869e+02,sinkhorn_cellsim
3.488072e+02,10081,1.17915537539447e-03,2.11258041494076e-02,4.13274274926097e+02,sinkhorn_cellsim
3.494993e+02,10101,1.17291924594670e-03,2.11258451462648e-02,4.13274389330692e+02,sinkhorn_cellsim
3.501914e+02,10121,1.16669270640577e-03,2.11258863999986e-02,4.13274502360897e+02,sinkhorn_cellsim
3.508835e+02,10141,1.16045884438570e-03,2.11259280879139e-02,4.13274613896035e+02,sinkhorn_cellsim
3.515756e+02,10161,1.15423228416597e-03,2.11259702323999e-02,4.13274723880933e+02,sinkhorn_cellsim
3.522677e+02,10181,1.14793907898171e-03,2.11260125767731e-02,4.13274832345676e+02,sinkhorn_cellsim
3.529597e+02,10201,1.14164918514943e-03,2.11260545882779e-02,4.13274939399491e+02,sinkhorn_cellsim
3.536518e+02,10221,1.13542750834281e-03,2.11260956352004e-02,4.13275045201374e+02,sinkhorn_cellsim
3.543439e+02,10241,1.12924890800267e-03,2.11261352229710e-02,4.13275149920807e+02,sinkhorn_cellsim
3.550360e+02,10261,1.12309702436690e-03,2.11261731234935e-02,4.13275253706614e+02,sinkhorn_cellsim
3.557280e+02,10281,1.11697692784409e-03,2.11262093509681e-02,4.13275356673694e+02,sinkhorn_cellsim
3.564201e+02,10301,1.11091401502847e-03,2.11262440589201e-02,4.13275458904457e+02,sinkhorn_cellsim
3.571122e+02,10321,1.10490549140134e-03,2.11262774431881e-02,4.13275560456513e+02,sinkhorn_cellsim
3.578043e+02,10341,1.09894860440489e-03,2.11263096848528e-02,4.13275661370625e+02,sinkhorn_cellsim
3.584964e+02,10361,1.09305497790290e-03,2.11263409284897e-02,4.13275761676693e+02,sinkhorn_cellsim
3.591884e+02,10381,1.08722896558372e-03,2.11263712803832e-02,4.13275861397696e+02,sinkhorn_cellsim
3.598806e+02,10401,1.08146505205193e-03,2.11264008146799e-02,4.13275960552132e+02,sinkhorn_cellsim
3.605727e+02,10421,1.07576332955849e-03,2.11264295811099e-02,4.13276059155511e+02,sinkhorn_cellsim
3.612648e+02,10441,1.07016759353855e-03,2.11264576117508e-02,4.13276157221282e+02,sinkhorn_cellsim
3.619569e+02,10461,1.06463535268901e-03,2.11264849262338e-02,4.13276254761410e+02,sinkhorn_cellsim
3.626490e+02,10481,1.05916578414433e-03,2.11265115355271e-02,4.13276351786752e+02,sinkhorn_cellsim
3.633411e+02,10501,1.05375719528829e-03,2.11265374446336e-02,4.13276448307305e+02,sinkhorn_cellsim
3.640331e+02,10521,1.04842025304262e-03,2.11265626545242e-02,4.13276544332373e+02,sinkhorn_cellsim
3.647252e+02,10541,1.04315899778690e-03,2.11265871635622e-02,4.13276639870678e+02,sinkhorn_cellsim
3.654173e+02,10561,1.03798957715388e-03,2.11266109685979e-02,4.13276734930446e+02,sinkhorn_cellsim
3.661095e+02,10581,1.03291440072835e-03,2.11266340658615e-02,4.13276829519457e+02,sinkhorn_cellsim
3.668016e+02,10601,1.02794767357022e-03,2.11266564517327e-02,4.13276923645091e+02,sinkhorn_cellsim
3.674937e+02,10621,1.02305919889874e-03,2.11266781234407e-02,4.13277017314356e+02,sinkhorn_cellsim
3.681858e+02,10641,1.01825396484398e-03,2.11266990797202e-02,4.13277110533920e+02,sinkhorn_cellsim
3.688779e+02,10661,1.01353542722727e-03,2.11267193214358e-02,4.13277203310126e+02,sinkhorn_cellsim
3.695700e+02,10681,1.00888551962753e-03,2.11267388521697e-02,4.13277295649021e+02,sinkhorn_cellsim
3.702620e+02,10701,1.00432134029421e-03,2.11267576787639e-02,4.13277387556376e+02,sinkhorn_cellsim
3.709541e+02,10721,9.99829389339593e-04,2.11267758117922e-02,4.13277479037706e+02,sinkhorn_cellsim
3.716461e+02,10741,9.95414776497580e-04,2.11267932659400e-02,4.13277570098300e+02,sinkhorn_cellsim
3.723382e+02,10761,9.91107077508032e-04,2.11268100602648e-02,4.13277660743242e+02,sinkhorn_cellsim
3.730303e+02,10781,9.86895090512402e-04,2.11268262183127e-02,4.13277750977440e+02,sinkhorn_cellsim
3.737224e+02,10801,9.82745923525277e-04,2.11268417680703e-02,4.13277840805652e+02,sinkhorn_cellsim
3.744145e+02,10821,9.78657314560672e-04,2.11268567417439e-02,4.13277930232514e+02,sinkhorn_cellsim
3.751066e+02,10841,9.74628403813442e-04,2.11268711753622e-02,4.13278019262562e+02,sinkhorn_cellsim
3.757987e+02,10861,9.70652320536816e-04,2.11268851082218e-02,4.13278107900256e+02,sinkhorn_cellsim
3.764907e+02,10881,9.66746466758599e-04,2.11268985822009e-02,4.13278196149998e+02,sinkhorn_cellsim
3.771827e+02,10901,9.62926328878421e-04,2.11269116409870e-02,4.13278284016143e+02,sinkhorn_cellsim
3.778749e+02,10921,9.59172612050423e-04,2.11269243292770e-02,4.13278371503005e+02,sinkhorn_cellsim
3.785669e+02,10941,9.55475176755878e-04,2.11269366920225e-02,4.13278458614847e+02,sinkhorn_cellsim
3.792590e+02,10961,9.51837780670166e-04,2.11269487738078e-02,4.13278545355864e+02,sinkhorn_cellsim
3.799511e+02,10981,9.48243362750413e-04,2.11269606184681e-02,4.13278631730135e+02,sinkhorn_cellsim
3.806432e+02,11001,9.44702937036950e-04,2.11269722690820e-02,4.13278717741551e+02,sinkhorn_cellsim
3.813352e+02,11021,9.41201361546961e-04,2.11269837685221e-02,4.13278803393690e+02,sinkhorn_cellsim
3.820273e+02,11041,9.37725835069481e-04,2.11269951608184e-02,4.13278888689613e+02,sinkhorn_cellsim
3.827194e+02,11061,9.34273133169211e-04,2.11270064937101e-02,4.13278973631549e+02,sinkhorn_cellsim
3.834115e+02,11081,9.30841732581808e-04,2.11270178229241e-02,4.13279058220396e+02,sinkhorn_cellsim
3.841036e+02,11101,9.27429383249636e-04,2.11270292189249e-02,4.13279142454938e+02,sinkhorn_cellsim
3.847957e+02,11121,9.24026503680676e-04,2.11270407770305e-02,4.13279226330662e+02,sinkhorn_cellsim
3.854878e+02,11141,9.20614064771799e-04,2.11270526316151e-02,4.13279309838004e+02,sinkhorn_cellsim
3.861799e+02,11161,9.17174913818976e-04,2.11270649739106e-02,4.13279392959908e+02,sinkhorn_cellsim
3.868719e+02,11181,9.13682528627610e-04,2.11270780692346e-02,4.13279475668766e+02,sinkhorn_cellsim
3.875639e+02,11201,9.10103616871808e-04,2.11270922611611e-02,4.13279557923409e+02,sinkhorn_cellsim
3.882560e+02,11221,9.06425899625780e-04,2.11271079367020e-02,4.13279639667946e+02,sinkhorn_cellsim
3.889480e+02,11241,9.02886348151888e-04,2.11271254169840e-02,4.13279720835851e+02,sinkhorn_cellsim
3.896401e+02,11261,8.99452790596650e-04,2.11271447616049e-02,4.13279801362875e+02,sinkhorn_cellsim
3.903322e+02,11281,8.95997708316211e-04,2.11271655646408e-02,4.13279881208170e+02,sinkhorn_cellsim
3.910243e+02,11301,8.92492533562863e-04,2.11271869253237e-02,4.13279960373756e+02,sinkhorn_cellsim
3.917163e+02,11321,8.88921256317163e-04,2.11272077185154e-02,4.13280038907553e+02,sinkhorn_cellsim
3.924084e+02,11341,8.85325017325973e-04,2.11272270207857e-02,4.13280116885672e+02,sinkhorn_cellsim
3.931005e+02,11361,8.81779235184057e-04,2.11272443843878e-02,4.13280194386973e+02,sinkhorn_cellsim
3.937926e+02,11381,8.78422765257080e-04,2.11272598243112e-02,4.13280271475891e+02,sinkhorn_cellsim
3.944847e+02,11401,8.75193161073304e-04,2.11272736343826e-02,4.13280348198024e+02,sinkhorn_cellsim
3.951768e+02,11421,8.72040793466342e-04,2.11272861989494e-02,4.13280424583405e+02,sinkhorn_cellsim
3.958689e+02,11441,8.68905159751793e-04,2.11272978767576e-02,4.13280500651616e+02,sinkhorn_cellsim
3.965610e+02,11461,8.65782831743080e-04,2.11273089544145e-02,4.13280576415910e+02,sinkhorn_cellsim
3.972531e+02,11481,8.62673258422977e-04,2.11273196412388e-02,4.13280651885841e+02,sinkhorn_cellsim
3.979452e+02,11501,8.59576083474296e-04,2.11273300815739e-02,4.13280727068771e+02,sinkhorn_cellsim
3.986373e+02,11521,8.56501005117177e-04,2.11273403711199e-02,4.13280801970708e+02,sinkhorn_cellsim
3.993294e+02,11541,8.53447596729322e-04,2.11273505715553e-02,4.13280876596767e+02,sinkhorn_cellsim
4.000215e+02,11561,8.50420580117770e-04,2.11273607218223e-02,4.13280950951448e+02,sinkhorn_cellsim
4.007135e+02,11581,8.47424221134155e-04,2.11273708461837e-02,4.13281025038798e+02,sinkhorn_cellsim
4.014056e+02,11601,8.44457094820981e-04,2.11273809597064e-02,4.13281098862522e+02,sinkhorn_cellsim
4.020977e+02,11621,8.41526473000497e-04,2.11273910718709e-02,4.13281172426058e+02,sinkhorn_cellsim
4.027898e+02,11641,8.38637584909641e-04,2.11274011888826e-02,4.13281245732631e+02,sinkhorn_cellsim
4.034819e+02,11661,8.35782656813925e-04,2.11274113151145e-02,4.13281318785290e+02,sinkhorn_cellsim
4.041740e+02,11681,8.32943417767740e-04,2.11274214539815e-02,4.13281391586935e+02,sinkhorn_cellsim
4.048661e+02,11701,8.30121971104884e-04,2.11274316084475e-02,4.13281464140341e+02,sinkhorn_cellsim
4.055582e+02,11721,8.27321702354894e-04,2.11274417813025e-02,4.13281536448172e+02,sinkhorn_cellsim
4.062502e+02,11741,8.24547087148064e-04,2.11274519752968e-02,4.13281608512994e+02,sinkhorn_cellsim
4.069423e+02,11761,8.21798114390596e-04,2.11274621931894e-02,4.13281680337285e+02,sinkhorn_cellsim
4.076344e+02,11781,8.19066020889080e-04,2.11274724377485e-02,4.13281751923439e+02,sinkhorn_cellsim
4.083265e+02,11801,8.16360710328141e-04,2.11274827117262e-02,4.13281823273778e+02,sinkhorn_cellsim
4.090186e+02,11821,8.13674011825159e-04,2.11274930178257e-02,4.13281894390550e+02,sinkhorn_cellsim
4.097107e+02,11841,8.11007110335432e-04,2.11275033586691e-02,4.13281965275934e+02,sinkhorn_cellsim
4.104029e+02,11861,8.08360327212208e-04,2.11275137367798e-02,4.13282035932043e+02,sinkhorn_cellsim
4.110950e+02,11881,8.05732553702270e-04,2.11275241546474e-02,4.13282106360915e+02,sinkhorn_cellsim
4.117870e+02,11901,8.03117335839710e-04,2.11275346157075e-02,4.13282176564489e+02,sinkhorn_cellsim
4.124790e+02,11921,8.00518600285138e-04,2.11275451371214e-02,4.13282246544215e+02,sinkhorn_cellsim
4.131711e+02,11941,7.97930149911902e-04,2.11275559175437e-02,4.13282316296145e+02,sinkhorn_cellsim
4.138633e+02,11961,7.95279567276744e-04,2.11275695211245e-02,4.13282385746805e+02,sinkhorn_cellsim
4.145554e+02,11981,7.92259975182674e-04,2.11276157102661e-02,4.13282453988469e+02,sinkhorn_cellsim
4.152475e+02,12001,7.89185175385048e-04,2.11278186842304e-02,4.13282515358163e+02,sinkhorn_cellsim
4.159396e+02,12021,7.86184447987836e-04,2.11279943355725e-02,4.13282567627974e+02,sinkhorn_cellsim
4.166317e+02,12041,7.83014421112736e-04,2.11280496363993e-02,4.13282617568330e+02,sinkhorn_cellsim
4.173237e+02,12061,7.79719376070940e-04,2.11280781985189e-02,4.13282666763113e+02,sinkhorn_cellsim
4.180158e+02,12081,7.76398028767134e-04,2.11281010499207e-02,4.13282715457517e+02,sinkhorn_cellsim
4.187079e+02,12101,7.73129860983793e-04,2.11281215678482e-02,4.13282763745305e+02,sinkhorn_cellsim
4.194000e+02,12121,7.69925123050696e-04,2.11281406380397e-02,4.13282811674279e+02,sinkhorn_cellsim
4.200921e+02,12141,7.66748074553972e-04,2.11281586975181e-02,4.13282859271375e+02,sinkhorn_cellsim
4.207842e+02,12161,7.63643725356007e-04,2.11281760431350e-02,4.13282906551230e+02,sinkhorn_cellsim
4.214763e+02,12181,7.60622889160746e-04,2.11281929118701e-02,4.13282953519306e+02,sinkhorn_cellsim
4.221684e+02,12201,7.57642983039494e-04,2.11282095150951e-02,4.13283000172983e+02,sinkhorn_cellsim
4.228605e+02,12221,7.54715739914253e-04,2.11282260532744e-02,4.13283046502018e+02,sinkhorn_cellsim
4.235526e+02,12241,7.51833007238154e-04,2.11282427151941e-02,4.13283092489282e+02,sinkhorn_cellsim
4.242447e+02,12261,7.49000540321321e-04,2.11282596600367e-02,4.13283138112642e+02,sinkhorn_cellsim
4.249367e+02,12281,7.46218904558808e-04,2.11282769806800e-02,4.13283183348727e+02,sinkhorn_cellsim
4.256289e+02,12301,7.43483447445018e-04,2.11282946539990e-02,4.13283228178732e+02,sinkhorn_cellsim
4.263210e+02,12321,7.40792338259075e-04,2.11283124987894e-02,4.13283272595017e+02,sinkhorn_cellsim
4.270130e+02,12341,7.38144904905934e-04,2.11283301747930e-02,4.13283316605851e+02,sinkhorn_cellsim
4.277052e+02,12361,7.35542159598271e-04,2.11283472480819e-02,4.13283360235515e+02,sinkhorn_cellsim
4.283973e+02,12381,7.32981055939648e-04,2.11283633100209e-02,4.13283403519220e+02,sinkhorn_cellsim
4.290893e+02,12401,7.30455810625334e-04,2.11283780949350e-02,4.13283446495383e+02,sinkhorn_cellsim
4.297815e+02,12421,7.27977325921277e-04,2.11283915379064e-02,4.13283489198948e+02,sinkhorn_cellsim
4.304736e+02,12441,7.25536839753872e-04,2.11284037550649e-02,4.13283531657879e+02,sinkhorn_cellsim
4.311657e+02,12461,7.23116953727483e-04,2.11284149743972e-02,4.13283573892681e+02,sinkhorn_cellsim
4.318578e+02,12481,7.20712772117923e-04,2.11284254596253e-02,4.13283615917613e+02,sinkhorn_cellsim
4.325499e+02,12501,7.18329317493507e-04,2.11284354551446e-02,4.13283657742351e+02,sinkhorn_cellsim
4.332420e+02,12521,7.15961237277878e-04,2.11284451587241e-02,4.13283699373465e+02,sinkhorn_cellsim
4.339341e+02,12541,7.13604130920207e-04,2.11284547156578e-02,4.13283740815495e+02,sinkhorn_cellsim
4.346262e+02,12561,7.11276152284749e-04,2.11284642248174e-02,4.13283782071674e+02,sinkhorn_cellsim
4.353183e+02,12581,7.08973707650081e-04,2.11284737490656e-02,4.13283823144381e+02,sinkhorn_cellsim
4.360104e+02,12601,7.06715892405394e-04,2.11284833256771e-02,4.13283864035435e+02,sinkhorn_cellsim
4.367025e+02,12621,7.04502619506057e-04,2.11284929749152e-02,4.13283904746262e+02,sinkhorn_cellsim
4.373945e+02,12641,7.02307271447983e-04,2.11285027063622e-02,4.13283945278008e+02,sinkhorn_cellsim
4.380866e+02,12661,7.00115579786254e-04,2.11285125232642e-02,4.13283985631607e+02,sinkhorn_cellsim
4.387788e+02,12681,6.97925647703658e-04,2.11285224253510e-02,4.13284025807824e+02,sinkhorn_cellsim
4.394710e+02,12701,6.95746023168634e-04,2.11285324105795e-02,4.13284065807289e+02,sinkhorn_cellsim
4.401631e+02,12721,6.93572696648498e-04,2.11285424761592e-02,4.13284105630510e+02,sinkhorn_cellsim
4.408552e+02,12741,6.91414870649953e-04,2.11285526191186e-02,4.13284145277901e+02,sinkhorn_cellsim
4.415473e+02,12761,6.89283269010871e-04,2.11285628365900e-02,4.13284184749786e+02,sinkhorn_cellsim
4.422393e+02,12781,6.87166352419452e-04,2.11285731259270e-02,4.13284224046415e+02,sinkhorn_cellsim
4.429314e+02,12801,6.85048740104028e-04,2.11285834847257e-02,4.13284263167976e+02,sinkhorn_cellsim
4.436235e+02,12821,6.82927808051789e-04,2.11285939107955e-02,4.13284302114604e+02,sinkhorn_cellsim
4.443156e+02,12841,6.80804352822595e-04,2.11286044021048e-02,4.13284340886392e+02,sinkhorn_cellsim
4.450077e+02,12861,6.78679516719501e-04,2.11286149567166e-02,4.13284379483404e+02,sinkhorn_cellsim
4.456997e+02,12881,6.76553134573369e-04,2.11286255727258e-02,4.13284417905685e+02,sinkhorn_cellsim
4.463918e+02,12901,6.74422758780550e-04,2.11286362482002e-02,4.13284456153270e+02,sinkhorn_cellsim
4.470839e+02,12921,6.72286838145471e-04,2.11286469811328e-02,4.13284494226196e+02,sinkhorn_cellsim
4.477759e+02,12941,6.70141238175252e-04,2.11286577694034e-02,4.13284532124516e+02,sinkhorn_cellsim
4.484680e+02,12961,6.67984208817973e-04,2.11286686107538e-02,4.13284569848305e+02,sinkhorn_cellsim
4.491601e+02,12981,6.65816297312446e-04,2.11286795027747e-02,4.13284607397668e+02,sinkhorn_cellsim
4.498522e+02,13001,6.63639786615172e-04,2.11286904429049e-02,4.13284644772753e+02,sinkhorn_cellsim
4.505443e+02,13021,6.61450187073571e-04,2.11287014284430e-02,4.13284681973757e+02,sinkhorn_cellsim
4.512365e+02,13041,6.59247177769601e-04,2.11287124565658e-02,4.13284719000928e+02,sinkhorn_cellsim
4.519286e+02,13061,6.57033509165776e-04,2.11287235243571e-02,4.13284755854573e+02,sinkhorn_cellsim
4.526207e+02,13081,6.54811397189290e-04,2.11287346288379e-02,4.13284792535060e+02,sinkhorn_cellsim
4.533128e+02,13101,6.52575400564230e-04,2.11287457670005e-02,4.13284829042822e+02,sinkhorn_cellsim
4.540049e+02,13121,6.50339149195231e-04,2.11287569358398e-02,4.13284865378350e+02,sinkhorn_cellsim
4.546971e+02,13141,6.48099451978034e-04,2.11287681323806e-02,4.13284901542200e+02,sinkhorn_cellsim
4.553892e+02,13161,6.45849776933991e-04,2.11287793536984e-02,4.13284937534984e+02,sinkhorn_cellsim
4.560813e+02,13181,6.43601354846587e-04,2.11287905969310e-02,4.13284973357372e+02,sinkhorn_cellsim
4.567735e+02,13201,6.41342255919125e-04,2.11288018592806e-02,4.13285009010084e+02,sinkhorn_cellsim
4.574656e+02,13221,6.39071732015652e-04,2.11288131380056e-02,4.13285044493889e+02,sinkhorn_cellsim
4.581577e+02,13241,6.36795849136303e-04,2.11288244304025e-02,4.13285079809595e+02,sinkhorn_cellsim
4.588498e+02,13261,6.34524416371241e-04,2.11288357337787e-02,4.13285114958053e+02,sinkhorn_cellsim
4.595419e+02,13281,6.32259637033966e-04,2.11288470454191e-02,4.13285149940144e+02,sinkhorn_cellsim
4.602340e+02,13301,6.29992233053312e-04,2.11288583625477e-02,4.13285184756781e+02,sinkhorn_cellsim
4.609261e+02,13321,6.27715934412604e-04,2.11288696822881e-02,4.13285219408901e+02,sinkhorn_cellsim
4.616182e+02,13341,6.25432721512481e-04,2.11288810016256e-02,4.13285253897467e+02,sinkhorn_cellsim
4.623103e+02,13361,6.23140652071112e-04,2.11288923173733e-02,4.13285288223461e+02,sinkhorn_cellsim
4.630025e+02,13381,6.20839853817877e-04,2.11289036261475e-02,4.13285322387885e+02,sinkhorn_cellsim
4.636945e+02,13401,6.18533468738861e-04,2.11289149243521e-02,4.13285356391759e+02,sinkhorn_cellsim
4.643866e+02,13421,6.16224464122189e-04,2.11289262081765e-02,4.13285390236120e+02,sinkhorn_cellsim
4.650787e+02,13441,6.13914816530848e-04,2.11289374736083e-02,4.13285423922026e+02,sinkhorn_cellsim
4.657708e+02,13461,6.11606969281595e-04,2.11289487164596e-02,4.13285457450549e+02,sinkhorn_cellsim
4.664629e+02,13481,6.09306936269976e-04,2.11289599324102e-02,4.13285490822787e+02,sinkhorn_cellsim
4.671550e+02,13501,6.07014230043041e-04,2.11289711170631e-02,4.13285524039854e+02,sinkhorn_cellsim
4.678471e+02,13521,6.04730000683630e-04,2.11289822660123e-02,4.13285557102892e+02,sinkhorn_cellsim
4.685392e+02,13541,6.02458542544852e-04,2.11289933749202e-02,4.13285590013064e+02,sinkhorn_cellsim
4.692313e+02,13561,6.00191656208109e-04,2.11290044395986e-02,4.13285622771565e+02,sinkhorn_cellsim
4.699234e+02,13581,5.97925321180504e-04,2.11290154560922e-02,4.13285655379614e+02,sinkhorn_cellsim
4.706155e+02,13601,5.95662378437921e-04,2.11290264207573e-02,4.13285687838465e+02,sinkhorn_cellsim
4.713076e+02,13621,5.93405464927320e-04,2.11290373303325e-02,4.13285720149399e+02,sinkhorn_cellsim
4.719997e+02,13641,5.91151790428458e-04,2.11290481819961e-02,4.13285752313732e+02,sinkhorn_cellsim
4.726918e+02,13661,5.88911078634381e-04,2.11290589734082e-02,4.13285784332811e+02,sinkhorn_cellsim
4.733839e+02,13681,5.86681572512628e-04,2.11290697027323e-02,4.13285816208010e+02,sinkhorn_cellsim
4.740760e+02,13701,5.84456140836033e-04,2.11290803686378e-02,4.13285847940735e+02,sinkhorn_cellsim
4.747681e+02,13721,5.82241117518601e-04,2.11290909702791e-02,4.13285879532415e+02,sinkhorn_cellsim
4.754602e+02,13741,5.80042736425734e-04,2.11291015072582e-02,4.13285910984499e+02,sinkhorn_cellsim
4.761523e+02,13761,5.77854825264828e-04,2.11291119795668e-02,4.13285942298455e+02,sinkhorn_cellsim
4.768444e+02,13781,5.75675850704948e-04,2.11291223875171e-02,4.13285973475760e+02,sinkhorn_cellsim
4.775364e+02,13801,5.73508854006581e-04,2.11291327316615e-02,4.13286004517895e+02,sinkhorn_cellsim
4.782286e+02,13821,5.71350161127252e-04,2.11291430127082e-02,4.13286035426343e+02,sinkhorn_cellsim
4.789207e+02,13841,5.69197258564665e-04,2.11291532314374e-02,4.13286066202575e+02,sinkhorn_cellsim
4.796128e+02,13861,5.67061042545835e-04,2.11291633886216e-02,4.13286096848049e+02,sinkhorn_cellsim
4.803049e+02,13881,5.64938123999578e-04,2.11291734849548e-02,4.13286127364200e+02,sinkhorn_cellsim
4.809970e+02,13901,5.62821074698638e-04,2.11291835209920e-02,4.13286157752435e+02,sinkhorn_cellsim
4.816891e+02,13921,5.60711756645762e-04,2.11291934971043e-02,4.13286188014131e+02,sinkhorn_cellsim
4.823812e+02,13941,5.58614430621324e-04,2.11292034134460e-02,4.13286218150622e+02,sinkhorn_cellsim
4.830734e+02,13961,5.56526256953447e-04,2.11292132699377e-02,4.13286248163203e+02,sinkhorn_cellsim
4.837655e+02,13981,5.54446716489717e-04,2.11292230662619e-02,4.13286278053120e+02,sinkhorn_cellsim
4.844576e+02,14001,5.52375912707523e-04,2.11292328018711e-02,4.13286307821570e+02,sinkhorn_cellsim
4.851497e+02,14021,5.50315170453755e-04,2.11292424760049e-02,4.13286337469700e+02,sinkhorn_cellsim
4.858418e+02,14041,5.48269230667096e-04,2.11292520877168e-02,4.13286366998603e+02,sinkhorn_cellsim
4.865339e+02,14061,5.46230273095037e-04,2.11292616359048e-02,4.13286396409318e+02,sinkhorn_cellsim
4.872261e+02,14081,5.44199599633536e-04,2.11292711193464e-02,4.13286425702828e+02,sinkhorn_cellsim
4.879181e+02,14101,5.42176870839392e-04,2.11292805367358e-02,4.13286454880066e+02,sinkhorn_cellsim
4.886103e+02,14121,5.40162549177974e-04,2.11292898867202e-02,4.13286483941908e+02,sinkhorn_cellsim
4.893024e+02,14141,5.38157119740261e-04,2.11292991679357e-02,4.13286512889178e+02,sinkhorn_cellsim
4.899944e+02,14161,5.36160153367948e-04,2.11293083790417e-02,4.13286541722651e+02,sinkhorn_cellsim
4.906866e+02,14181,5.34169831148088e-04,2.11293175187512e-02,4.13286570443051e+02,sinkhorn_cellsim
4.913787e+02,14201,5.32186976199993e-04,2.11293265858597e-02,4.13286599051053e+02,sinkhorn_cellsim
4.920708e+02,14221,5.30211957621590e-04,2.11293355792700e-02,4.13286627547288e+02,sinkhorn_cellsim
4.927629e+02,14241,5.28244676047379e-04,2.11293444980142e-02,4.13286655932344e+02,sinkhorn_cellsim
4.934551e+02,14261,5.26283878637864e-04,2.11293533412727e-02,4.13286684206767e+02,sinkhorn_cellsim
4.941472e+02,14281,5.24329216926726e-04,2.11293621083900e-02,4.13286712371067e+02,sinkhorn_cellsim
4.948392e+02,14301,5.22380926482753e-04,2.11293707988876e-02,4.13286740425716e+02,sinkhorn_cellsim
4.955313e+02,14321,5.20440937686395e-04,2.11293794124746e-02,4.13286768371157e+02,sinkhorn_cellsim
4.962235e+02,14341,5.18510757291656e-04,2.11293879490553e-02,4.13286796207803e+02,sinkhorn_cellsim
4.969155e+02,14361,5.16588517815954e-04,2.11293964087343e-02,4.13286823936042e+02,sinkhorn_cellsim
4.976076e+02,14381,5.14674526726843e-04,2.11294047918188e-02,4.13286851556238e+02,sinkhorn_cellsim
4.982997e+02,14401,5.12770111606308e-04,2.11294130988187e-02,4.13286879068740e+02,sinkhorn_cellsim
4.989919e+02,14421,5.10874929916551e-04,2.11294213304438e-02,4.13286906473881e+02,sinkhorn_cellsim
4.996840e+02,14441,5.08988025123959e-04,2.11294294875992e-02,4.13286933771981e+02,sinkhorn_cellsim
5.003760e+02,14461,5.07109082409726e-04,2.11294375713772e-02,4.13286960963352e+02,sinkhorn_cellsim
5.010681e+02,14481,5.05237081934807e-04,2.11294455830484e-02,4.13286988048303e+02,sinkhorn_cellsim
5.017602e+02,14501,5.03371593734910e-04,2.11294535240498e-02,4.13287015027138e+02,sinkhorn_cellsim
5.024522e+02,14521,5.01513670478253e-04,2.11294613959722e-02,4.13287041900160e+02,sinkhorn_cellsim
5.031443e+02,14541,4.99664142178775e-04,2.11294692005452e-02,4.13287068667672e+02,sinkhorn_cellsim
5.038364e+02,14561,4.97821554081581e-04,2.11294769396222e-02,4.13287095329982e+02,sinkhorn_cellsim
5.045284e+02,14581,4.95988822795095e-04,2.11294846151644e-02,4.13287121887395e+02,sinkhorn_cellsim
5.052206e+02,14601,4.94165443357432e-04,2.11294922292243e-02,4.13287148340223e+02,sinkhorn_cellsim
5.059126e+02,14621,4.92352230169926e-04,2.11294997839289e-02,4.13287174688774e+02,sinkhorn_cellsim
5.066047e+02,14641,4.90547235703129e-04,2.11295072814633e-02,4.13287200933359e+02,sinkhorn_cellsim
5.072968e+02,14661,4.88749392186813e-04,2.11295147240545e-02,4.13287227074286e+02,sinkhorn_cellsim
5.079889e+02,14681,4.86957933271457e-04,2.11295221139544e-02,4.13287253111858e+02,sinkhorn_cellsim
5.086809e+02,14701,4.85172630107807e-04,2.11295294534238e-02,4.13287279046373e+02,sinkhorn_cellsim
5.093731e+02,14721,4.83394127173391e-04,2.11295367447153e-02,4.13287304878119e+02,sinkhorn_cellsim
5.100651e+02,14741,4.81623493355970e-04,2.11295439900561e-02,4.13287330607375e+02,sinkhorn_cellsim
5.107572e+02,14761,4.79860637792479e-04,2.11295511916304e-02,4.13287356234406e+02,sinkhorn_cellsim
5.114494e+02,14781,4.78103813083863e-04,2.11295583515592e-02,4.13287381759465e+02,sinkhorn_cellsim
5.121415e+02,14801,4.76355395949881e-04,2.11295654718811e-02,4.13287407182790e+02,sinkhorn_cellsim
5.128336e+02,14821,4.74614597807672e-04,2.11295725545295e-02,4.13287432504601e+02,sinkhorn_cellsim
5.135257e+02,14841,4.72881652830006e-04,2.11295796013096e-02,4.13287457725109e+02,sinkhorn_cellsim
5.142178e+02,14861,4.71155182946531e-04,2.11295866138722e-02,4.13287482844506e+02,sinkhorn_cellsim
5.149099e+02,14881,4.69435322689319e-04,2.11295935936875e-02,4.13287507862976e+02,sinkhorn_cellsim
5.156019e+02,14901,4.67720891037664e-04,2.11296005420161e-02,4.13287532780691e+02,sinkhorn_cellsim
5.162940e+02,14921,4.66013111353706e-04,2.11296074598793e-02,4.13287557597817e+02,sinkhorn_cellsim
5.169861e+02,14941,4.64309872570530e-04,2.11296143480294e-02,4.13287582314517e+02,sinkhorn_cellsim
5.176783e+02,14961,4.62610924672514e-04,2.11296212069178e-02,4.13287606930952e+02,sinkhorn_cellsim
5.183704e+02,14981,4.60916835904624e-04,2.11296280366654e-02,4.13287631447286e+02,sinkhorn_cellsim
5.190625e+02,15001,4.59226844120252e-04,2.11296348370327e-02,4.13287655863690e+02,sinkhorn_cellsim
5.197547e+02,15021,4.57540889718975e-04,2.11296416073918e-02,4.13287680180342e+02,sinkhorn_cellsim
5.204468e+02,15041,4.55858756091390e-04,2.11296483467010e-02,4.13287704397433e+02,sinkhorn_cellsim
5.211388e+02,15061,4.54182555256239e-04,2.11296550534820e-02,4.13287728515165e+02,sinkhorn_cellsim
5.218310e+02,15081,4.52512018431812e-04,2.11296617258009e-02,4.13287752533752e+02,sinkhorn_cellsim
5.225231e+02,15101,4.50846443793739e-04,2.11296683612545e-02,4.13287776453425e+02,sinkhorn_cellsim
5.232152e+02,15121,4.49186826660191e-04,2.11296749569613e-02,4.13287800274424e+02,sinkhorn_cellsim
5.239074e+02,15141,4.47530924768057e-04,2.11296815095600e-02,4.13287823996999e+02,sinkhorn_cellsim
5.245995e+02,15161,4.45883089794822e-04,2.11296880152143e-02,4.13287847621409e+02,sinkhorn_cellsim
5.252916e+02,15181,4.44239241404661e-04,2.11296944696281e-02,4.13287871147915e+02,sinkhorn_cellsim
5.259836e+02,15201,4.42596015614204e-04,2.11297008680705e-02,4.13287894576776e+02,sinkhorn_cellsim
5.266757e+02,15221,4.40952845071190e-04,2.11297072054131e-02,4.13287917908245e+02,sinkhorn_cellsim
5.273678e+02,15241,4.39309793364853e-04,2.11297134761817e-02,4.13287941142562e+02,sinkhorn_cellsim
5.280598e+02,15261,4.37666433840296e-04,2.11297196746258e-02,4.13287964279947e+02,sinkhorn_cellsim
5.287520e+02,15281,4.36023008707019e-04,2.11297257948061e-02,4.13287987320593e+02,sinkhorn_cellsim
5.294441e+02,15301,4.34378509378503e-04,2.11297318307074e-02,4.13288010264655e+02,sinkhorn_cellsim
5.301362e+02,15321,4.32731261943385e-04,2.11297377763755e-02,4.13288033112241e+02,sinkhorn_cellsim
5.308283e+02,15341,4.31080560098334e-04,2.11297436260862e-02,4.13288055863392e+02,sinkhorn_cellsim
5.315204e+02,15361,4.29425789395781e-04,2.11297493745501e-02,4.13288078518059e+02,sinkhorn_cellsim
5.322124e+02,15381,4.27767013983336e-04,2.11297550171570e-02,4.13288101076062e+02,sinkhorn_cellsim
5.329045e+02,15401,4.26103959088466e-04,2.11297605502720e-02,4.13288123537027e+02,sinkhorn_cellsim
5.335966e+02,15421,4.24436907056983e-04,2.11297659715921e-02,4.13288145900286e+02,sinkhorn_cellsim
5.342887e+02,15441,4.22763941982999e-04,2.11297712805838e-02,4.13288168164703e+02,sinkhorn_cellsim
5.349808e+02,15461,4.21084322173093e-04,2.11297764790285e-02,4.13288190328416e+02,sinkhorn_cellsim
5.356730e+02,15481,4.19407976264368e-04,2.11297815717168e-02,4.13288212388400e+02,sinkhorn_cellsim
5.363651e+02,15501,4.17735614423106e-04,2.11297865673356e-02,4.13288234339804e+02,sinkhorn_cellsim
5.370573e+02,15521,4.16063110493515e-04,2.11297914795821e-02,4.13288256174922e+02,sinkhorn_cellsim
5.377494e+02,15541,4.14386510030234e-04,2.11297963284382e-02,4.13288277881659e+02,sinkhorn_cellsim
5.384415e+02,15561,4.12705023048403e-04,2.11298011412574e-02,4.13288299441379e+02,sinkhorn_cellsim
5.391336e+02,15581,4.11015605953113e-04,2.11298059526333e-02,4.13288320826118e+02,sinkhorn_cellsim
5.398257e+02,15601,4.09329566378810e-04,2.11298108007328e-02,4.13288341995601e+02,sinkhorn_cellsim
5.405178e+02,15621,4.07642935304505e-04,2.11298157162483e-02,4.13288362895386e+02,sinkhorn_cellsim
5.412099e+02,15641,4.05957187112752e-04,2.11298207007655e-02,4.13288383458888e+02,sinkhorn_cellsim
5.419020e+02,15661,4.04265659908421e-04,2.11298257001122e-02,4.13288403617008e+02,sinkhorn_cellsim
5.425940e+02,15681,4.02571441241710e-04,2.11298305987932e-02,4.13288423316979e+02,sinkhorn_cellsim
5.432862e+02,15701,4.00879154830906e-04,2.11298352737001e-02,4.13288442544499e+02,sinkhorn_cellsim
5.439782e+02,15721,3.99173446543055e-04,2.11298397010785e-02,4.13288461334819e+02,sinkhorn_cellsim
5.446704e+02,15741,3.97455438023923e-04,2.11298440234037e-02,4.13288479761825e+02,sinkhorn_cellsim
5.453625e+02,15761,3.95726963746403e-04,2.11298484879737e-02,4.13288497911613e+02,sinkhorn_cellsim
5.460546e+02,15781,3.94005335275851e-04,2.11298533064128e-02,4.13288515858855e+02,sinkhorn_cellsim
5.467467e+02,15801,3.92285574462943e-04,2.11298585617928e-02,4.13288533656949e+02,sinkhorn_cellsim
5.474388e+02,15821,3.90565909083644e-04,2.11298642127710e-02,4.13288551339626e+02,sinkhorn_cellsim
5.481309e+02,15841,3.88856861820881e-04,2.11298701510526e-02,4.13288568926852e+02,sinkhorn_cellsim
5.488230e+02,15861,3.87158725248028e-04,2.11298762570525e-02,4.13288586430304e+02,sinkhorn_cellsim
5.495151e+02,15881,3.85469378152630e-04,2.11298824312264e-02,4.13288603857068e+02,sinkhorn_cellsim
5.502072e+02,15901,3.83791228107392e-04,2.11298886036388e-02,4.13288621211758e+02,sinkhorn_cellsim
5.508993e+02,15921,3.82136111048462e-04,2.11298947315183e-02,4.13288638497654e+02,sinkhorn_cellsim
5.515914e+02,15941,3.80496132452983e-04,2.11299007925594e-02,4.13288655717280e+02,sinkhorn_cellsim
5.522834e+02,15961,3.78868304654478e-04,2.11299067780904e-02,4.13288672872702e+02,sinkhorn_cellsim
5.529756e+02,15981,3.77253762984883e-04,2.11299126876507e-02,4.13288689965681e+02,sinkhorn_cellsim
5.536676e+02,16001,3.75652365266809e-04,2.11299185252079e-02,4.13288706997759e+02,sinkhorn_cellsim
5.543597e+02,16021,3.74065896639069e-04,2.11299242967442e-02,4.13288723970309e+02,sinkhorn_cellsim
5.550518e+02,16041,3.72492958245901e-04,2.11299300088312e-02,4.13288740884564e+02,sinkhorn_cellsim
5.557439e+02,16061,3.70933780898762e-04,2.11299356678620e-02,4.13288757741643e+02,sinkhorn_cellsim
5.564360e+02,16081,3.69391136963317e-04,2.11299412796889e-02,4.13288774542565e+02,sinkhorn_cellsim
5.571280e+02,16101,3.67864636646556e-04,2.11299468494999e-02,4.13288791288261e+02,sinkhorn_cellsim
5.578201e+02,16121,3.66351333866649e-04,2.11299523818232e-02,4.13288807979591e+02,sinkhorn_cellsim
5.585122e+02,16141,3.64852116773712e-04,2.11299578805935e-02,4.13288824617348e+02,sinkhorn_cellsim
5.592043e+02,16161,3.63366462711455e-04,2.11299633492412e-02,4.13288841202269e+02,sinkhorn_cellsim
5.598964e+02,16181,3.61893626967225e-04,2.11299687907829e-02,4.13288857735044e+02,sinkhorn_cellsim
5.605885e+02,16201,3.60434115951583e-04,2.11299742079030e-02,4.13288874216317e+02,sinkhorn_cellsim
5.612805e+02,16221,3.58988040664221e-04,2.11299796030205e-02,4.13288890646699e+02,sinkhorn_cellsim
5.619726e+02,16241,3.57556353238142e-04,2.11299849783409e-02,4.13288907026767e+02,sinkhorn_cellsim
5.626647e+02,16261,3.56136603660608e-04,2.11299903358938e-02,4.13288923357072e+02,sinkhorn_cellsim
5.633568e+02,16281,3.54727972246044e-04,2.11299956775574e-02,4.13288939638141e+02,sinkhorn_cellsim
5.640489e+02,16301,3.53332713100787e-04,2.11300010050717e-02,4.13288955870477e+02,sinkhorn_cellsim
5.647410e+02,16321,3.51953029183808e-04,2.11300063200420e-02,4.13288972054569e+02,sinkhorn_cellsim
5.654331e+02,16341,3.50587264548627e-04,2.11300116239356e-02,4.13288988190887e+02,sinkhorn_cellsim
5.661251e+02,16361,3.49243880388198e-04,2.11300169180712e-02,4.13289004279887e+02,sinkhorn_cellsim
5.668172e+02,16381,3.47917131319853e-04,2.11300222036049e-02,4.13289020322014e+02,sinkhorn_cellsim
5.675094e+02,16401,3.46604662068066e-04,2.11300274815119e-02,4.13289036317700e+02,sinkhorn_cellsim
5.682015e+02,16421,3.45307037619533e-04,2.11300327525673e-02,4.13289052267368e+02,sinkhorn_cellsim
5.688936e+02,16441,3.44021152453713e-04,2.11300380173255e-02,4.13289068171435e+02,sinkhorn_cellsim
5.695857e+02,16461,3.42743447421316e-04,2.11300432761001e-02,4.13289084030310e+02,sinkhorn_cellsim
5.702778e+02,16481,3.41473661311430e-04,2.11300485289465e-02,4.13289099844400e+02,sinkhorn_cellsim
5.709699e+02,16501,3.40211658222107e-04,2.11300537756468e-02,4.13289115614108e+02,sinkhorn_cellsim
5.716620e+02,16521,3.38957289468686e-04,2.11300590156990e-02,4.13289131339838e+02,sinkhorn_cellsim
5.723540e+02,16541,3.37710424925557e-04,2.11300642483118e-02,4.13289147021998e+02,sinkhorn_cellsim
5.730461e+02,16561,3.36473176094627e-04,2.11300694724051e-02,4.13289162660998e+02,sinkhorn_cellsim
5.737383e+02,16581,3.35248347647298e-04,2.11300746866172e-02,4.13289178257254e+02,sinkhorn_cellsim
5.744304e+02,16601,3.34031371947782e-04,2.11300798893186e-02,4.13289193811191e+02,sinkhorn_cellsim
5.751224e+02,16621,3.32821501333247e-04,2.11300850786336e-02,4.13289209323243e+02,sinkhorn_cellsim
5.758145e+02,16641,3.31618588295807e-04,2.11300902524673e-02,4.13289224793856e+02,sinkhorn_cellsim
5.765066e+02,16661,3.30423229727953e-04,2.11300954085387e-02,4.13289240223485e+02,sinkhorn_cellsim
5.771987e+02,16681,3.29242278541122e-04,2.11301005444190e-02,4.13289255612599e+02,sinkhorn_cellsim
5.778908e+02,16701,3.28068519731742e-04,2.11301056575725e-02,4.13289270961678e+02,sinkhorn_cellsim
5.785829e+02,16721,3.26900851801807e-04,2.11301107454003e-02,4.13289286271213e+02,sinkhorn_cellsim
5.792750e+02,16741,3.25739291189018e-04,2.11301158052839e-02,4.13289301541709e+02,sinkhorn_cellsim
5.799671e+02,16761,3.24583842548333e-04,2.11301208346279e-02,4.13289316773678e+02,sinkhorn_cellsim
5.806592e+02,16781,3.23434516279623e-04,2.11301258309009e-02,4.13289331967645e+02,sinkhorn_cellsim
5.813513e+02,16801,3.22291571055410e-04,2.11301307916722e-02,4.13289347124139e+02,sinkhorn_cellsim
5.820434e+02,16821,3.21154766070182e-04,2.11301357146449e-02,4.13289362243701e+02,sinkhorn_cellsim
5.827355e+02,16841,3.20024051239111e-04,2.11301405976832e-02,4.13289377326874e+02,sinkhorn_cellsim
5.834277e+02,16861,3.18899426400783e-04,2.11301454388354e-02,4.13289392374207e+02,sinkhorn_cellsim
5.841198e+02,16881,3.17780890172034e-04,2.11301502363509e-02,4.13289407386251e+02,sinkhorn_cellsim
5.848119e+02,16901,3.16668439615715e-04,2.11301549886921e-02,4.13289422363560e+02,sinkhorn_cellsim
5.855040e+02,16921,3.15562493449267e-04,2.11301596945422e-02,4.13289437306684e+02,sinkhorn_cellsim
5.861961e+02,16941,3.14462621713483e-04,2.11301643528077e-02,4.13289452216177e+02,sinkhorn_cellsim
5.868881e+02,16961,3.13368998721561e-04,2.11301689626184e-02,4.13289467092586e+02,sinkhorn_cellsim
5.875802e+02,16981,3.12282433039299e-04,2.11301735233227e-02,4.13289481936455e+02,sinkhorn_cellsim
5.882723e+02,17001,3.11201987830591e-04,2.11301780344820e-02,4.13289496748320e+02,sinkhorn_cellsim
5.889643e+02,17021,3.10128807658519e-04,2.11301824958617e-02,4.13289511528712e+02,sinkhorn_cellsim
5.896565e+02,17041,3.09062288670796e-04,2.11301869074211e-02,4.13289526278152e+02,sinkhorn_cellsim
5.903485e+02,17061,3.08001672452505e-04,2.11301912693019e-02,4.13289540997149e+02,sinkhorn_cellsim
5.910406e+02,17081,3.06946937156027e-04,2.11301955818158e-02,4.13289555686202e+02,sinkhorn_cellsim
5.917328e+02,17101,3.05898058970837e-04,2.11301998454311e-02,4.13289570345797e+02,sinkhorn_cellsim
5.924248e+02,17121,3.04855012266907e-04,2.11302040607590e-02,4.13289584976406e+02,sinkhorn_cellsim
5.931170e+02,17141,3.03817955396564e-04,2.11302082285391e-02,4.13289599578485e+02,sinkhorn_cellsim
5.938091e+02,17161,3.02787083992400e-04,2.11302123496259e-02,4.13289614152475e+02,sinkhorn_cellsim
5.945012e+02,17181,3.01761951037003e-04,2.11302164249732e-02,4.13289628698803e+02,sinkhorn_cellsim
5.951933e+02,17201,3.00742525293690e-04,2.11302204556208e-02,4.13289643217877e+02,sinkhorn_cellsim
5.958854e+02,17221,2.99729103213699e-04,2.11302244426798e-02,4.13289657710090e+02,sinkhorn_cellsim
5.965774e+02,17241,2.98721714233631e-04,2.11302283873191e-02,4.13289672175820e+02,sinkhorn_cellsim
5.972695e+02,17261,2.97720100035207e-04,2.11302322907521e-02,4.13289686615427e+02,sinkhorn_cellsim
5.979615e+02,17281,2.96724349248326e-04,2.11302361542244e-02,4.13289701029256e+02,sinkhorn_cellsim
5.986536e+02,17301,2.95734719081233e-04,2.11302399790017e-02,4.13289715417639e+02,sinkhorn_cellsim
5.993457e+02,17321,2.94750557939604e-04,2.11302437663593e-02,4.13289729780890e+02,sinkhorn_cellsim
6.000378e+02,17341,2.93771794106298e-04,2.11302475175715e-02,4.13289744119313e+02,sinkhorn_cellsim
6.007298e+02,17361,2.92798393190038e-04,2.11302512339033e-02,4.13289758433197e+02,sinkhorn_cellsim
6.014219e+02,17381,2.91830340917718e-04,2.11302549166018e-02,4.13289772722820e+02,sinkhorn_cellsim
6.021140e+02,17401,2.90867589580137e-04,2.11302585668898e-02,4.13289786988446e+02,sinkhorn_cellsim
6.028062e+02,17421,2.89910205974709e-04,2.11302621859594e-02,4.13289801230332e+02,sinkhorn_cellsim
6.034983e+02,17441,2.88958250481551e-04,2.11302657749672e-02,4.13289815448722e+02,sinkhorn_cellsim
6.041904e+02,17461,2.88011606357948e-04,2.11302693350305e-02,4.13289829643852e+02,sinkhorn_cellsim
6.048825e+02,17481,2.87070275182130e-04,2.11302728672238e-02,4.13289843815951e+02,sinkhorn_cellsim
6.055745e+02,17501,2.86134879371601e-04,2.11302763725766e-02,4.13289857965236e+02,sinkhorn_cellsim
6.062666e+02,17521,2.85204822809247e-04,2.11302798520720e-02,4.13289872091921e+02,sinkhorn_cellsim
6.069588e+02,17541,2.84279904513032e-04,2.11302833066453e-02,4.13289886196211e+02,sinkhorn_cellsim
6.076509e+02,17561,2.83359980428460e-04,2.11302867371842e-02,4.13289900278304e+02,sinkhorn_cellsim
6.083430e+02,17581,2.82445126769884e-04,2.11302901445285e-02,4.13289914338393e+02,sinkhorn_cellsim
6.090351e+02,17601,2.81535259245097e-04,2.11302935294706e-02,4.13289928376667e+02,sinkhorn_cellsim
6.097272e+02,17621,2.80630254017765e-04,2.11302968927570e-02,4.13289942393307e+02,sinkhorn_cellsim
6.104193e+02,17641,2.79730078161365e-04,2.11303002350888e-02,4.13289956388491e+02,sinkhorn_cellsim
6.111113e+02,17661,2.78834698836118e-04,2.11303035571238e-02,4.13289970362392e+02,sinkhorn_cellsim
6.118034e+02,17681,2.77944203619852e-04,2.11303068594775e-02,4.13289984315179e+02,sinkhorn_cellsim
6.124955e+02,17701,2.77058544192011e-04,2.11303101427254e-02,4.13289998247017e+02,sinkhorn_cellsim
6.131876e+02,17721,2.76177582987647e-04,2.11303134074047e-02,4.13290012158067e+02,sinkhorn_cellsim
6.138797e+02,17741,2.75301313063220e-04,2.11303166540160e-02,4.13290026048486e+02,sinkhorn_cellsim
6.145718e+02,17761,2.74429678656218e-04,2.11303198830256e-02,4.13290039918428e+02,sinkhorn_cellsim
6.152639e+02,17781,2.73562720504349e-04,2.11303230948674e-02,4.13290053768044e+02,sinkhorn_cellsim
6.159560e+02,17801,2.72700885205581e-04,2.11303262899445e-02,4.13290067597481e+02,sinkhorn_cellsim
6.166481e+02,17821,2.71844141814187e-04,2.11303294686318e-02,4.13290081406883e+02,sinkhorn_cellsim
6.173402e+02,17841,2.70991912463560e-04,2.11303326312772e-02,4.13290095196393e+02,sinkhorn_cellsim
6.180323e+02,17861,2.70144274665396e-04,2.11303357782039e-02,4.13290108966148e+02,sinkhorn_cellsim
6.187244e+02,17881,2.69301062269869e-04,2.11303389097120e-02,4.13290122716283e+02,sinkhorn_cellsim
6.194165e+02,17901,2.68462237918973e-04,2.11303420260803e-02,4.13290136446933e+02,sinkhorn_cellsim
6.201086e+02,17921,2.67627789879456e-04,2.11303451275678e-02,4.13290150158226e+02,sinkhorn_cellsim
6.208007e+02,17941,2.66797667555203e-04,2.11303482144158e-02,4.13290163850291e+02,sinkhorn_cellsim
6.214929e+02,17961,2.65972264888526e-04,2.11303512868491e-02,4.13290177523252e+02,sinkhorn_cellsim
6.221850e+02,17981,2.65152064484177e-04,2.11303543450774e-02,4.13290191177230e+02,sinkhorn_cellsim
6.228771e+02,18001,2.64336356648997e-04,2.11303573892979e-02,4.13290204812346e+02,sinkhorn_cellsim
6.235691e+02,18021,2.63524827509361e-04,2.11303604196960e-02,4.13290218428716e+02,sinkhorn_cellsim
6.242612e+02,18041,2.62717459096008e-04,2.11303634364477e-02,4.13290232026452e+02,sinkhorn_cellsim
6.249533e+02,18061,2.61914474568546e-04,2.11303664397222e-02,4.13290245605666e+02,sinkhorn_cellsim
6.256455e+02,18081,2.61116022600340e-04,2.11303694296844e-02,4.13290259166463e+02,sinkhorn_cellsim
6.263376e+02,18101,2.60321921717223e-04,2.11303724064990e-02,4.13290272708944e+02,sinkhorn_cellsim
6.270298e+02,18121,2.59531838304110e-04,2.11303753703359e-02,4.13290286233205e+02,sinkhorn_cellsim
6.277218e+02,18141,2.58745894309726e-04,2.11303783213788e-02,4.13290299739335e+02,sinkhorn_cellsim
6.284139e+02,18161,2.57964490864662e-04,2.11303812598374e-02,4.13290313227410e+02,sinkhorn_cellsim
6.291061e+02,18181,2.57187185953976e-04,2.11303841859665e-02,4.13290326697492e+02,sinkhorn_cellsim
6.297981e+02,18201,2.56414059791742e-04,2.11303871000964e-02,4.13290340149616e+02,sinkhorn_cellsim
6.304902e+02,18221,2.55644805266753e-04,2.11303900026797e-02,4.13290353583783e+02,sinkhorn_cellsim
6.311823e+02,18241,2.54879517365382e-04,2.11303928943671e-02,4.13290366999936e+02,sinkhorn_cellsim
6.318745e+02,18261,2.54118173077076e-04,2.11303957761251e-02,4.13290380397927e+02,sinkhorn_cellsim
6.325666e+02,18281,2.53359832379151e-04,2.11303986494255e-02,4.13290393777468e+02,sinkhorn_cellsim
6.332587e+02,18301,2.52603729654301e-04,2.11304015165433e-02,4.13290407138047e+02,sinkhorn_cellsim
6.339507e+02,18321,2.51848721023667e-04,2.11304043810306e-02,4.13290420478796e+02,sinkhorn_cellsim
6.346429e+02,18341,2.51093510488972e-04,2.11304072484606e-02,4.13290433798288e+02,sinkhorn_cellsim
6.353349e+02,18361,2.50335510171643e-04,2.11304101275942e-02,4.13290447094209e+02,sinkhorn_cellsim
6.360270e+02,18381,2.49570889423533e-04,2.11304130321810e-02,4.13290460362847e+02,sinkhorn_cellsim
6.367191e+02,18401,2.48793804400237e-04,2.11304159836889e-02,4.13290473598314e+02,sinkhorn_cellsim
6.374112e+02,18421,2.47995072831702e-04,2.11304190153015e-02,4.13290486791358e+02,sinkhorn_cellsim
6.381032e+02,18441,2.47183904142910e-04,2.11304221774329e-02,4.13290499927652e+02,sinkhorn_cellsim
6.387953e+02,18461,2.46378574557284e-04,2.11304255445130e-02,4.13290512985445e+02,sinkhorn_cellsim
6.394875e+02,18481,2.45545988159019e-04,2.11304292213684e-02,4.13290525932741e+02,sinkhorn_cellsim
6.401796e+02,18501,2.44673557309180e-04,2.11304333444574e-02,4.13290538724695e+02,sinkhorn_cellsim
6.408717e+02,18521,2.43800227709512e-04,2.11304380685200e-02,4.13290551303085e+02,sinkhorn_cellsim
6.415638e+02,18541,2.42896792927765e-04,2.11304435264275e-02,4.13290563600972e+02,sinkhorn_cellsim
6.422559e+02,18561,2.41947841326501e-04,2.11304497595560e-02,4.13290575555596e+02,sinkhorn_cellsim
6.429481e+02,18581,2.40958503643673e-04,2.11304566480116e-02,4.13290587128081e+02,sinkhorn_cellsim
6.436401e+02,18601,2.39962050595448e-04,2.11304639041674e-02,4.13290598320234e+02,sinkhorn_cellsim
6.443322e+02,18621,2.38983730413578e-04,2.11304711675772e-02,4.13290609175360e+02,sinkhorn_cellsim
6.450243e+02,18641,2.38023018647948e-04,2.11304781446193e-02,4.13290619760881e+02,sinkhorn_cellsim
6.457164e+02,18661,2.37042840304532e-04,2.11304846879981e-02,4.13290630145655e+02,sinkhorn_cellsim
6.464085e+02,18681,2.36065934377979e-04,2.11304907809730e-02,4.13290640385702e+02,sinkhorn_cellsim
6.471006e+02,18701,2.35078539923404e-04,2.11304964755760e-02,4.13290650520951e+02,sinkhorn_cellsim
6.477927e+02,18721,2.34085442232229e-04,2.11305018400772e-02,4.13290660578047e+02,sinkhorn_cellsim
6.484848e+02,18741,2.33095007494280e-04,2.11305069334338e-02,4.13290670574428e+02,sinkhorn_cellsim
6.491769e+02,18761,2.32103334739088e-04,2.11305117993920e-02,4.13290680521616e+02,sinkhorn_cellsim
6.498689e+02,18781,2.31119787966686e-04,2.11305164690414e-02,4.13290690427398e+02,sinkhorn_cellsim
6.505611e+02,18801,2.30147597307402e-04,2.11305209650601e-02,4.13290700297189e+02,sinkhorn_cellsim
6.512531e+02,18821,2.29199094997183e-04,2.11305253051020e-02,4.13290710134849e+02,sinkhorn_cellsim
6.519453e+02,18841,2.28268996503568e-04,2.11305295039164e-02,4.13290719943200e+02,sinkhorn_cellsim
6.526374e+02,18861,2.27367715612321e-04,2.11305335744972e-02,4.13290729724341e+02,sinkhorn_cellsim
6.533295e+02,18881,2.26477434935166e-04,2.11305375286421e-02,4.13290739479858e+02,sinkhorn_cellsim
6.540216e+02,18901,2.25599448058537e-04,2.11305413772022e-02,4.13290749210963e+02,sinkhorn_cellsim
6.547136e+02,18921,2.24733744753534e-04,2.11305451301903e-02,4.13290758918588e+02,sinkhorn_cellsim
6.554058e+02,18941,2.23881433876135e-04,2.11305487968335e-02,4.13290768603452e+02,sinkhorn_cellsim
6.560980e+02,18961,2.23038094795637e-04,2.11305523856114e-02,4.13290778266107e+02,sinkhorn_cellsim
6.567902e+02,18981,2.22206934886336e-04,2.11305559042940e-02,4.13290787906973e+02,sinkhorn_cellsim
6.574822e+02,19001,2.21385508496460e-04,2.11305593599832e-02,4.13290797526370e+02,sinkhorn_cellsim
6.581743e+02,19021,2.20574650392735e-04,2.11305627591562e-02,4.13290807124530e+02,sinkhorn_cellsim
6.588664e+02,19041,2.19772242246914e-04,2.11305661077084e-02,4.13290816701618e+02,sinkhorn_cellsim
6.595585e+02,19061,2.18976492313395e-04,2.11305694109947e-02,4.13290826257744e+02,sinkhorn_cellsim
6.602506e+02,19081,2.18188080395787e-04,2.11305726738660e-02,4.13290835792974e+02,sinkhorn_cellsim
6.609427e+02,19101,2.17407525640393e-04,2.11305759007007e-02,4.13290845307337e+02,sinkhorn_cellsim
6.616348e+02,19121,2.16634671187250e-04,2.11305790954316e-02,4.13290854800837e+02,sinkhorn_cellsim
6.623269e+02,19141,2.15869739408102e-04,2.11305822615678e-02,4.13290864273456e+02,sinkhorn_cellsim
6.630190e+02,19161,2.15112540832251e-04,2.11305854022125e-02,4.13290873725164e+02,sinkhorn_cellsim
6.637111e+02,19181,2.14361691515922e-04,2.11305885200780e-02,4.13290883155920e+02,sinkhorn_cellsim
6.644033e+02,19201,2.13617199364498e-04,2.11305916174984e-02,4.13290892565685e+02,sinkhorn_cellsim
6.650954e+02,19221,2.12879767318522e-04,2.11305946964414e-02,4.13290901954419e+02,sinkhorn_cellsim
6.657874e+02,19241,2.12148647640921e-04,2.11305977585211e-02,4.13290911322090e+02,sinkhorn_cellsim
6.664796e+02,19261,2.11424230595085e-04,2.11306008050119e-02,4.13290920668678e+02,sinkhorn_cellsim
6.671717e+02,19281,2.10706079537011e-04,2.11306038368650e-02,4.13290929994176e+02,sinkhorn_cellsim
6.678638e+02,19301,2.09996006768104e-04,2.11306068547290e-02,4.13290939298594e+02,sinkhorn_cellsim
6.685559e+02,19321,2.09293709793309e-04,2.11306098589734e-02,4.13290948581964e+02,sinkhorn_cellsim
6.692479e+02,19341,2.08598625192547e-04,2.11306128497178e-02,4.13290957844334e+02,sinkhorn_cellsim
6.699401e+02,19361,2.07909750194930e-04,2.11306158268643e-02,4.13290967085777e+02,sinkhorn_cellsim
6.706322e+02,19381,2.07225847391599e-04,2.11306187901341e-02,4.13290976306383e+02,sinkhorn_cellsim
6.713243e+02,19401,2.06547509350145e-04,2.11306217391084e-02,4.13290985506264e+02,sinkhorn_cellsim
6.720164e+02,19421,2.05874393591604e-04,2.11306246732698e-02,4.13290994685550e+02,sinkhorn_cellsim
6.727085e+02,19441,2.05206208208961e-04,2.11306275920465e-02,4.13291003844385e+02,sinkhorn_cellsim
6.734006e+02,19461,2.04543802487339e-04,2.11306304948558e-02,4.13291012982924e+02,sinkhorn_cellsim
6.740927e+02,19481,2.03886939713912e-04,2.11306333811454e-02,4.13291022101332e+02,sinkhorn_cellsim
6.747847e+02,19501,2.03234281831739e-04,2.11306362504332e-02,4.13291031199779e+02,sinkhorn_cellsim
6.754768e+02,19521,2.02585558865760e-04,2.11306391023415e-02,4.13291040278436e+02,sinkhorn_cellsim
6.761689e+02,19541,2.01941111153907e-04,2.11306419366277e-02,4.13291049337468e+02,sinkhorn_cellsim
6.768611e+02,19561,2.01300803953375e-04,2.11306447532083e-02,4.13291058377036e+02,sinkhorn_cellsim
6.775532e+02,19581,2.00664012313919e-04,2.11306475521765e-02,4.13291067397289e+02,sinkhorn_cellsim
6.782453e+02,19601,2.00030631562390e-04,2.11306503338146e-02,4.13291076398361e+02,sinkhorn_cellsim
6.789373e+02,19621,1.99400889393553e-04,2.11306530985982e-02,4.13291085380369e+02,sinkhorn_cellsim
6.796295e+02,19641,1.98774921125043e-04,2.11306558471963e-02,4.13291094343412e+02,sinkhorn_cellsim
6.803216e+02,19661,1.98152341782159e-04,2.11306585804646e-02,4.13291103287565e+02,sinkhorn_cellsim
6.810137e+02,19681,1.97534546384305e-04,2.11306612994347e-02,4.13291112212883e+02,sinkhorn_cellsim
6.817058e+02,19701,1.96920538838123e-04,2.11306640052989e-02,4.13291121119395e+02,sinkhorn_cellsim
6.823979e+02,19721,1.96310538167416e-04,2.11306666993919e-02,4.13291130007107e+02,sinkhorn_cellsim
6.830900e+02,19741,1.95704200151198e-04,2.11306693831700e-02,4.13291138876001e+02,sinkhorn_cellsim
6.837821e+02,19761,1.95100653126718e-04,2.11306720581888e-02,4.13291147726036e+02,sinkhorn_cellsim
6.844741e+02,19781,1.94499835102882e-04,2.11306747260794e-02,4.13291156557146e+02,sinkhorn_cellsim
6.851663e+02,19801,1.93902032375055e-04,2.11306773885254e-02,4.13291165369247e+02,sinkhorn_cellsim
6.858584e+02,19821,1.93306825423973e-04,2.11306800472392e-02,4.13291174162234e+02,sinkhorn_cellsim
6.865506e+02,19841,1.92713880842699e-04,2.11306827039396e-02,4.13291182935984e+02,sinkhorn_cellsim
6.872426e+02,19861,1.92123281736323e-04,2.11306853603312e-02,4.13291191690359e+02,sinkhorn_cellsim
6.879347e+02,19881,1.91535095515533e-04,2.11306880180841e-02,4.13291200425207e+02,sinkhorn_cellsim
6.886268e+02,19901,1.90948973231394e-04,2.11306906788178e-02,4.13291209140365e+02,sinkhorn_cellsim
6.893189e+02,19921,1.90365044292710e-04,2.11306933440847e-02,4.13291217835659e+02,sinkhorn_cellsim
6.900110e+02,19941,1.89783952674557e-04,2.11306960153577e-02,4.13291226510911e+02,sinkhorn_cellsim
6.907031e+02,19961,1.89205975024770e-04,2.11306986940195e-02,4.13291235165935e+02,sinkhorn_cellsim
6.913952e+02,19981,1.88630319511563e-04,2.11307013813534e-02,4.13291243800544e+02,sinkhorn_cellsim
6.920874e+02,20001,1.88056464139239e-04,2.11307040785365e-02,4.13291252414550e+02,sinkhorn_cellsim
6.927796e+02,20021,1.87484148095680e-04,2.11307067866346e-02,4.13291261007767e+02,sinkhorn_cellsim
6.934717e+02,20041,1.86913717676337e-04,2.11307095065968e-02,4.13291269580012e+02,sinkhorn_cellsim
6.941638e+02,20061,1.86345594384667e-04,2.11307122392526e-02,4.13291278131108e+02,sinkhorn_cellsim
6.948559e+02,20081,1.85779547917999e-04,2.11307149853071e-02,4.13291286660884e+02,sinkhorn_cellsim
6.955479e+02,20101,1.85215555800022e-04,2.11307177453379e-02,4.13291295169180e+02,sinkhorn_cellsim
6.962400e+02,20121,1.84653993469396e-04,2.11307205197892e-02,4.13291303655846e+02,sinkhorn_cellsim
6.969322e+02,20141,1.84093969318472e-04,2.11307233089672e-02,4.13291312120746e+02,sinkhorn_cellsim
6.976243e+02,20161,1.83535102836085e-04,2.11307261130332e-02,4.13291320563761e+02,sinkhorn_cellsim
6.983164e+02,20181,1.82977429328733e-04,2.11307289319967e-02,4.13291328984788e+02,sinkhorn_cellsim
6.990085e+02,20201,1.82420755842533e-04,2.11307317657092e-02,4.13291337383747e+02,sinkhorn_cellsim
6.997006e+02,20221,1.81864849474239e-04,2.11307346138573e-02,4.13291345760576e+02,sinkhorn_cellsim
7.003927e+02,20241,1.81309799725727e-04,2.11307374759588e-02,4.13291354115241e+02,sinkhorn_cellsim
7.010849e+02,20261,1.80756615550457e-04,2.11307403513603e-02,4.13291362447732e+02,sinkhorn_cellsim
7.017770e+02,20281,1.80204602157287e-04,2.11307432392395e-02,4.13291370758068e+02,sinkhorn_cellsim
7.024690e+02,20301,1.79653637653463e-04,2.11307461386112e-02,4.13291379046292e+02,sinkhorn_cellsim
7.031611e+02,20321,1.79104207591057e-04,2.11307490483399e-02,4.13291387312480e+02,sinkhorn_cellsim
7.038533e+02,20341,1.78554816669869e-04,2.11307519671574e-02,4.13291395556732e+02,sinkhorn_cellsim
7.045454e+02,20361,1.78005398861258e-04,2.11307548936882e-02,4.13291403779176e+02,sinkhorn_cellsim
7.052375e+02,20381,1.77455917169167e-04,2.11307578264802e-02,4.13291411979965e+02,sinkhorn_cellsim
7.059296e+02,20401,1.76906278901250e-04,2.11307607640421e-02,4.13291420159270e+02,sinkhorn_cellsim
7.066217e+02,20421,1.76356692963435e-04,2.11307637048855e-02,4.13291428317283e+02,sinkhorn_cellsim
7.073139e+02,20441,1.75807424875989e-04,2.11307666475708e-02,4.13291436454209e+02,sinkhorn_cellsim
7.080060e+02,20461,1.75257444397908e-04,2.11307695907559e-02,4.13291444570257e+02,sinkhorn_cellsim
7.086981e+02,20481,1.74707135606459e-04,2.11307725332453e-02,4.13291452665644e+02,sinkhorn_cellsim
7.093902e+02,20501,1.74158577458290e-04,2.11307754740380e-02,4.13291460740581e+02,sinkhorn_cellsim
7.100824e+02,20521,1.73610080600243e-04,2.11307784123736e-02,4.13291468795270e+02,sinkhorn_cellsim
7.107745e+02,20541,1.73060882380852e-04,2.11307813477727e-02,4.13291476829898e+02,sinkhorn_cellsim
7.114665e+02,20561,1.72510828667190e-04,2.11307842800728e-02,4.13291484844634e+02,sinkhorn_cellsim
7.121587e+02,20581,1.71958854745198e-04,2.11307872094575e-02,4.13291492839618e+02,sinkhorn_cellsim
7.128508e+02,20601,1.71405764945982e-04,2.11307901364769e-02,4.13291500814961e+02,sinkhorn_cellsim
7.135429e+02,20621,1.70850968085341e-04,2.11307930620621e-02,4.13291508770741e+02,sinkhorn_cellsim
7.142350e+02,20641,1.70293950254104e-04,2.11307959875287e-02,4.13291516706997e+02,sinkhorn_cellsim
7.149272e+02,20661,1.69733265163849e-04,2.11307989145741e-02,4.13291524623729e+02,sinkhorn_cellsim
7.156193e+02,20681,1.69168712679306e-04,2.11308018452644e-02,4.13291532520895e+02,sinkhorn_cellsim
7.163114e+02,20701,1.68600808991128e-04,2.11308047820135e-02,4.13291540398412e+02,sinkhorn_cellsim
7.170035e+02,20721,1.68029357113687e-04,2.11308077275533e-02,4.13291548256158e+02,sinkhorn_cellsim
7.176956e+02,20741,1.67453193407149e-04,2.11308106848953e-02,4.13291556093968e+02,sinkhorn_cellsim
7.183877e+02,20761,1.66871862193747e-04,2.11308136572824e-02,4.13291563911644e+02,sinkhorn_cellsim
7.190798e+02,20781,1.66284771478895e-04,2.11308166481329e-02,4.13291571708954e+02,sinkhorn_cellsim
7.197719e+02,20801,1.65691544382307e-04,2.11308196609733e-02,4.13291579485641e+02,sinkhorn_cellsim
7.204640e+02,20821,1.65091957108265e-04,2.11308226993624e-02,4.13291587241422e+02,sinkhorn_cellsim
7.211561e+02,20841,1.64485858026447e-04,2.11308257668056e-02,4.13291594976004e+02,sinkhorn_cellsim
7.218483e+02,20861,1.63873304603297e-04,2.11308288666585e-02,4.13291602689083e+02,sinkhorn_cellsim
7.225404e+02,20881,1.63254534547348e-04,2.11308320020224e-02,4.13291610380358e+02,sinkhorn_cellsim
7.232325e+02,20901,1.62629160754213e-04,2.11308351756306e-02,4.13291618049539e+02,sinkhorn_cellsim
7.239246e+02,20921,1.61997074616107e-04,2.11308383897301e-02,4.13291625696355e+02,sinkhorn_cellsim
7.246167e+02,20941,1.61358506103593e-04,2.11308416459592e-02,4.13291633320563e+02,sinkhorn_cellsim
7.253088e+02,20961,1.60714294296342e-04,2.11308449452260e-02,4.13291640921961e+02,sinkhorn_cellsim
7.260010e+02,20981,1.60064147284454e-04,2.11308482875935e-02,4.13291648500392e+02,sinkhorn_cellsim
7.266931e+02,21001,1.59408665337050e-04,2.11308516721770e-02,4.13291656055757e+02,sinkhorn_cellsim
7.273853e+02,21021,1.58748963856658e-04,2.11308550970604e-02,4.13291663588019e+02,sinkhorn_cellsim
7.280775e+02,21041,1.58085838785837e-04,2.11308585592401e-02,4.13291671097210e+02,sinkhorn_cellsim
7.287695e+02,21061,1.57420311215244e-04,2.11308620546034e-02,4.13291678583433e+02,sinkhorn_cellsim
7.294617e+02,21081,1.56752030137581e-04,2.11308655779483e-02,4.13291686046868e+02,sinkhorn_cellsim
7.301539e+02,21101,1.56081896272486e-04,2.11308691230505e-02,4.13291693487767e+02,sinkhorn_cellsim
7.308459e+02,21121,1.55410875059493e-04,2.11308726827802e-02,4.13291700906453e+02,sinkhorn_cellsim
7.315380e+02,21141,1.54740075138719e-04,2.11308762492698e-02,4.13291708303315e+02,sinkhorn_cellsim
7.322301e+02,21161,1.54070671525176e-04,2.11308798141308e-02,4.13291715678798e+02,sinkhorn_cellsim
7.329221e+02,21181,1.53403857867787e-04,2.11308833687144e-02,4.13291723033392e+02,sinkhorn_cellsim
7.336143e+02,21201,1.52740415582865e-04,2.11308869044127e-02,4.13291730367619e+02,sinkhorn_cellsim
7.343064e+02,21221,1.52081251078642e-04,2.11308904129961e-02,4.13291737682015e+02,sinkhorn_cellsim
7.349985e+02,21241,1.51427849737751e-04,2.11308938869889e-02,4.13291744977107e+02,sinkhorn_cellsim
7.356906e+02,21261,1.50781272142443e-04,2.11308973200970e-02,4.13291752253386e+02,sinkhorn_cellsim
7.363827e+02,21281,1.50141388026141e-04,2.11309007077145e-02,4.13291759511273e+02,sinkhorn_cellsim
7.370749e+02,21301,1.49509059930458e-04,2.11309040475711e-02,4.13291766751066e+02,sinkhorn_cellsim
7.377670e+02,21321,1.48885300200307e-04,2.11309073406159e-02,4.13291773972871e+02,sinkhorn_cellsim
7.384591e+02,21341,1.48270333452273e-04,2.11309105923054e-02,4.13291781176496e+02,sinkhorn_cellsim
7.391513e+02,21361,1.47664566889441e-04,2.11309138145512e-02,4.13291788361290e+02,sinkhorn_cellsim
7.398434e+02,21381,1.47068377211579e-04,2.11309170287243e-02,4.13291795525897e+02,sinkhorn_cellsim
7.405355e+02,21401,1.46483884812688e-04,2.11309202702995e-02,4.13291802667869e+02,sinkhorn_cellsim
7.412276e+02,21421,1.45909518072594e-04,2.11309235959570e-02,4.13291809783082e+02,sinkhorn_cellsim
7.419197e+02,21441,1.45344536486356e-04,2.11309270941785e-02,4.13291816864833e+02,sinkhorn_cellsim
7.426118e+02,21461,1.44787646512375e-04,2.11309309003724e-02,4.13291823902522e+02,sinkhorn_cellsim
7.433039e+02,21481,1.44238249803911e-04,2.11309352167994e-02,4.13291830879778e+02,sinkhorn_cellsim
7.439961e+02,21501,1.43695439675142e-04,2.11309403348901e-02,4.13291837772030e+02,sinkhorn_cellsim
7.446882e+02,21521,1.43194014249223e-04,2.11309466509976e-02,4.13291844543818e+02,sinkhorn_cellsim
7.453804e+02,21541,1.42693909014830e-04,2.11309546546088e-02,4.13291851146889e+02,sinkhorn_cellsim
7.460724e+02,21561,1.42191201732847e-04,2.11309648542513e-02,4.13291857521232e+02,sinkhorn_cellsim
7.467646e+02,21581,1.41682900466799e-04,2.11309776098017e-02,4.13291863602105e+02,sinkhorn_cellsim
7.474567e+02,21601,1.41166273744696e-04,2.11309928952931e-02,4.13291869334684e+02,sinkhorn_cellsim
7.481487e+02,21621,1.40657266607055e-04,2.11310101246118e-02,4.13291874692511e+02,sinkhorn_cellsim
7.488408e+02,21641,1.40142676689403e-04,2.11310282202875e-02,4.13291879689240e+02,sinkhorn_cellsim
7.495330e+02,21661,1.39623360682959e-04,2.11310459513063e-02,4.13291884374411e+02,sinkhorn_cellsim
7.502251e+02,21681,1.39104457989623e-04,2.11310623247361e-02,4.13291888815579e+02,sinkhorn_cellsim
7.509172e+02,21701,1.38586373942529e-04,2.11310767899972e-02,4.13291893078890e+02,sinkhorn_cellsim
7.516094e+02,21721,1.38064950970034e-04,2.11310892130653e-02,4.13291897217660e+02,sinkhorn_cellsim
7.523015e+02,21741,1.37544998515693e-04,2.11310997336102e-02,4.13291901269874e+02,sinkhorn_cellsim
7.529936e+02,21761,1.37026614325887e-04,2.11311086191197e-02,4.13291905260669e+02,sinkhorn_cellsim
7.536857e+02,21781,1.36515867069471e-04,2.11311161651463e-02,4.13291909206085e+02,sinkhorn_cellsim
7.543778e+02,21801,1.36013849379124e-04,2.11311226431317e-02,4.13291913116287e+02,sinkhorn_cellsim
7.550699e+02,21821,1.35533369482284e-04,2.11311282806627e-02,4.13291916997806e+02,sinkhorn_cellsim
7.557620e+02,21841,1.35059436642041e-04,2.11311332592744e-02,4.13291920854963e+02,sinkhorn_cellsim
7.564541e+02,21861,1.34586717948448e-04,2.11311377198817e-02,4.13291924690725e+02,sinkhorn_cellsim
7.571462e+02,21881,1.34112786835357e-04,2.11311417704318e-02,4.13291928507214e+02,sinkhorn_cellsim
7.578383e+02,21901,1.33640461533829e-04,2.11311454932864e-02,4.13291932306011e+02,sinkhorn_cellsim
7.585304e+02,21921,1.33171235918628e-04,2.11311489514252e-02,4.13291936088338e+02,sinkhorn_cellsim
7.592225e+02,21941,1.32701603870954e-04,2.11311521933164e-02,4.13291939855174e+02,sinkhorn_cellsim
7.599147e+02,21961,1.32232466574554e-04,2.11311552565989e-02,4.13291943607329e+02,sinkhorn_cellsim
7.606068e+02,21981,1.31763497172462e-04,2.11311581708123e-02,4.13291947345487e+02,sinkhorn_cellsim
7.612989e+02,22001,1.31295153926256e-04,2.11311609593987e-02,4.13291951070241e+02,sinkhorn_cellsim
7.619910e+02,22021,1.30831970853585e-04,2.11311636411687e-02,4.13291954782111e+02,sinkhorn_cellsim
7.626831e+02,22041,1.30373648794136e-04,2.11311662313767e-02,4.13291958481562e+02,sinkhorn_cellsim
7.633752e+02,22061,1.29915776866017e-04,2.11311687425139e-02,4.13291962169011e+02,sinkhorn_cellsim
7.640674e+02,22081,1.29458689612979e-04,2.11311711849004e-02,4.13291965844833e+02,sinkhorn_cellsim
7.647595e+02,22101,1.29002953795662e-04,2.11311735671294e-02,4.13291969509369e+02,sinkhorn_cellsim
7.654516e+02,22121,1.28548783833030e-04,2.11311758964069e-02,4.13291973162925e+02,sinkhorn_cellsim
7.661437e+02,22141,1.28097641307675e-04,2.11311781788122e-02,4.13291976805781e+02,sinkhorn_cellsim
7.668358e+02,22161,1.27648404827977e-04,2.11311804195023e-02,4.13291980438184e+02,sinkhorn_cellsim
7.675279e+02,22181,1.27201208892921e-04,2.11311826228722e-02,4.13291984060356e+02,sinkhorn_cellsim
7.682200e+02,22201,1.26756007827116e-04,2.11311847926824e-02,4.13291987672494e+02,sinkhorn_cellsim
7.689121e+02,22221,1.26313419145896e-04,2.11311869321622e-02,4.13291991274769e+02,sinkhorn_cellsim
7.696043e+02,22241,1.25871959100780e-04,2.11311890440920e-02,4.13291994867329e+02,sinkhorn_cellsim
7.702964e+02,22261,1.25431425099160e-04,2.11311911308709e-02,4.13291998450299e+02,sinkhorn_cellsim
7.709885e+02,22281,1.24992652177327e-04,2.11311931945713e-02,4.13292002023782e+02,sinkhorn_cellsim
7.716806e+02,22301,1.24556259955375e-04,2.11311952369837e-02,4.13292005587860e+02,sinkhorn_cellsim
7.723727e+02,22321,1.24121748805160e-04,2.11311972596539e-02,4.13292009142596e+02,sinkhorn_cellsim
7.730648e+02,22341,1.23688705038213e-04,2.11311992639116e-02,4.13292012688033e+02,sinkhorn_cellsim
7.737569e+02,22361,1.23256974647748e-04,2.11312012508959e-02,4.13292016224197e+02,sinkhorn_cellsim
7.744491e+02,22381,1.22826850323693e-04,2.11312032215736e-02,4.13292019751096e+02,sinkhorn_cellsim
7.751411e+02,22401,1.22398650070087e-04,2.11312051767556e-02,4.13292023268724e+02,sinkhorn_cellsim
7.758333e+02,22421,1.21972770130514e-04,2.11312071171093e-02,4.13292026777061e+02,sinkhorn_cellsim
7.765254e+02,22441,1.21548016401717e-04,2.11312090431678e-02,4.13292030276073e+02,sinkhorn_cellsim
7.772175e+02,22461,1.21124630568505e-04,2.11312109553378e-02,4.13292033765713e+02,sinkhorn_cellsim
7.779096e+02,22481,1.20702989165113e-04,2.11312128539057e-02,4.13292037245928e+02,sinkhorn_cellsim
7.786018e+02,22501,1.20282432404447e-04,2.11312147390419e-02,4.13292040716652e+02,sinkhorn_cellsim
7.792939e+02,22521,1.19863006403319e-04,2.11312166108049e-02,4.13292044177816e+02,sinkhorn_cellsim
7.799860e+02,22541,1.19445107512821e-04,2.11312184691448e-02,4.13292047629344e+02,sinkhorn_cellsim
7.806782e+02,22561,1.19028842423310e-04,2.11312203139075e-02,4.13292051071158e+02,sinkhorn_cellsim
7.813703e+02,22581,1.18614063321810e-04,2.11312221448381e-02,4.13292054503178e+02,sinkhorn_cellsim
7.820625e+02,22601,1.18201405318027e-04,2.11312239615872e-02,4.13292057925326e+02,sinkhorn_cellsim
7.827545e+02,22621,1.17789992607737e-04,2.11312257637172e-02,4.13292061337526e+02,sinkhorn_cellsim
7.834466e+02,22641,1.17379736326437e-04,2.11312275507111e-02,4.13292064739708e+02,sinkhorn_cellsim
7.841387e+02,22661,1.16970531128080e-04,2.11312293219834e-02,4.13292068131808e+02,sinkhorn_cellsim
7.848308e+02,22681,1.16562846749905e-04,2.11312310768934e-02,4.13292071513773e+02,sinkhorn_cellsim
7.855229e+02,22701,1.16156386830126e-04,2.11312328147614e-02,4.13292074885559e+02,sinkhorn_cellsim
7.862151e+02,22721,1.15751613000058e-04,2.11312345348870e-02,4.13292078247134e+02,sinkhorn_cellsim
7.869072e+02,22741,1.15348332473251e-04,2.11312362365701e-02,4.13292081598482e+02,sinkhorn_cellsim
7.875994e+02,22761,1.14946763809886e-04,2.11312379191342e-02,4.13292084939598e+02,sinkhorn_cellsim
7.882915e+02,22781,1.14547378409697e-04,2.11312395819513e-02,4.13292088270498e+02,sinkhorn_cellsim
7.889837e+02,22801,1.14149764266174e-04,2.11312412244671e-02,4.13292091591210e+02,sinkhorn_cellsim
7.896758e+02,22821,1.13754042659576e-04,2.11312428462275e-02,4.13292094901783e+02,sinkhorn_cellsim
7.903679e+02,22841,1.13359507677517e-04,2.11312444469030e-02,4.13292098202281e+02,sinkhorn_cellsim
7.910600e+02,22861,1.12966116259292e-04,2.11312460263118e-02,4.13292101492786e+02,sinkhorn_cellsim
7.917521e+02,22881,1.12573860197462e-04,2.11312475844399e-02,4.13292104773398e+02,sinkhorn_cellsim
7.924442e+02,22901,1.12182587489086e-04,2.11312491214567e-02,4.13292108044233e+02,sinkhorn_cellsim
7.931364e+02,22921,1.11792351159324e-04,2.11312506377265e-02,4.13292111305425e+02,sinkhorn_cellsim
7.938285e+02,22941,1.11403314218605e-04,2.11312521338132e-02,4.13292114557122e+02,sinkhorn_cellsim
7.945205e+02,22961,1.11015326687038e-04,2.11312536104793e-02,4.13292117799486e+02,sinkhorn_cellsim
7.952126e+02,22981,1.10628320704176e-04,2.11312550686794e-02,4.13292121032694e+02,sinkhorn_cellsim
7.959047e+02,23001,1.10242425982609e-04,2.11312565095453e-02,4.13292124256936e+02,sinkhorn_cellsim
7.965968e+02,23021,1.09857591364103e-04,2.11312579343674e-02,4.13292127472410e+02,sinkhorn_cellsim
7.972889e+02,23041,1.09473895387987e-04,2.11312593445701e-02,4.13292130679325e+02,sinkhorn_cellsim
7.979810e+02,23061,1.09091321042178e-04,2.11312607416824e-02,4.13292133877897e+02,sinkhorn_cellsim
7.986732e+02,23081,1.08709988591312e-04,2.11312621273068e-02,4.13292137068347e+02,sinkhorn_cellsim
7.993653e+02,23101,1.08329996043126e-04,2.11312635030868e-02,4.13292140250902e+02,sinkhorn_cellsim
8.000574e+02,23121,1.07951478696604e-04,2.11312648706727e-02,4.13292143425788e+02,sinkhorn_cellsim
8.007496e+02,23141,1.07574868165614e-04,2.11312662316902e-02,4.13292146593232e+02,sinkhorn_cellsim
8.014417e+02,23161,1.07199536756914e-04,2.11312675877112e-02,4.13292149753459e+02,sinkhorn_cellsim
8.021338e+02,23181,1.06825432902586e-04,2.11312689402271e-02,4.13292152906692e+02,sinkhorn_cellsim
8.028259e+02,23201,1.06452689687767e-04,2.11312702906274e-02,4.13292156053146e+02,sinkhorn_cellsim
8.035180e+02,23221,1.06081271078195e-04,2.11312716401823e-02,4.13292159193031e+02,sinkhorn_cellsim
8.042102e+02,23241,1.05711001029608e-04,2.11312729900306e-02,4.13292162326549e+02,sinkhorn_cellsim
8.049023e+02,23261,1.05341765172025e-04,2.11312743411724e-02,4.13292165453893e+02,sinkhorn_cellsim
8.055944e+02,23281,1.04973570128245e-04,2.11312756944659e-02,4.13292168575247e+02,sinkhorn_cellsim
8.062865e+02,23301,1.04606582237220e-04,2.11312770506291e-02,4.13292171690784e+02,sinkhorn_cellsim
8.069786e+02,23321,1.04240877966508e-04,2.11312784102449e-02,4.13292174800665e+02,sinkhorn_cellsim
8.076707e+02,23341,1.03876415247237e-04,2.11312797737688e-02,4.13292177905043e+02,sinkhorn_cellsim
8.083629e+02,23361,1.03513099595574e-04,2.11312811415394e-02,4.13292181004059e+02,sinkhorn_cellsim
8.090550e+02,23381,1.03150915621649e-04,2.11312825137901e-02,4.13292184097841e+02,sinkhorn_cellsim
8.097471e+02,23401,1.02789902040378e-04,2.11312838906620e-02,4.13292187186508e+02,sinkhorn_cellsim
8.104392e+02,23421,1.02430008244445e-04,2.11312852722177e-02,4.13292190270170e+02,sinkhorn_cellsim
8.111314e+02,23441,1.02071354635474e-04,2.11312866584547e-02,4.13292193348923e+02,sinkhorn_cellsim
8.118236e+02,23461,1.01713876154880e-04,2.11312880493181e-02,4.13292196422855e+02,sinkhorn_cellsim
8.125157e+02,23481,1.01357625264244e-04,2.11312894447140e-02,4.13292199492045e+02,sinkhorn_cellsim
8.132078e+02,23501,1.01002539063207e-04,2.11312908445205e-02,4.13292202556562e+02,sinkhorn_cellsim
8.138999e+02,23521,1.00648857078719e-04,2.11312922485989e-02,4.13292205616465e+02,sinkhorn_cellsim
8.145920e+02,23541,1.00296682034245e-04,2.11312936568031e-02,4.13292208671805e+02,sinkhorn_cellsim
8.152841e+02,23561,9.99456058070658e-05,2.11312950689884e-02,4.13292211722626e+02,sinkhorn_cellsim
8.159762e+02,23581,9.95956235199589e-05,2.11312964850193e-02,4.13292214768960e+02,sinkhorn_cellsim
8.166684e+02,23601,9.92468182212109e-05,2.11312979047756e-02,4.13292217810836e+02,sinkhorn_cellsim
8.173605e+02,23621,9.88992708634811e-05,2.11312993281579e-02,4.13292220848271e+02,sinkhorn_cellsim
8.180526e+02,23641,9.85528228437115e-05,2.11313007550923e-02,4.13292223881276e+02,sinkhorn_cellsim
8.187448e+02,23661,9.82074756474261e-05,2.11313021855339e-02,4.13292226909855e+02,sinkhorn_cellsim
8.194369e+02,23681,9.78632301743957e-05,2.11313036194696e-02,4.13292229934003e+02,sinkhorn_cellsim
8.201290e+02,23701,9.75201284708231e-05,2.11313050569198e-02,4.13292232953709e+02,sinkhorn_cellsim
8.208211e+02,23721,9.71781284392031e-05,2.11313064979396e-02,4.13292235968954e+02,sinkhorn_cellsim
8.215132e+02,23741,9.68372293254413e-05,2.11313079426189e-02,4.13292238979712e+02,sinkhorn_cellsim
8.222053e+02,23761,9.64974298228395e-05,2.11313093910823e-02,4.13292241985950e+02,sinkhorn_cellsim
8.228975e+02,23781,9.61588106645733e-05,2.11313108434869e-02,4.13292244987627e+02,sinkhorn_cellsim
8.235896e+02,23801,9.58213551514213e-05,2.11313123000211e-02,4.13292247984699e+02,sinkhorn_cellsim
8.242818e+02,23821,9.54850096491329e-05,2.11313137609006e-02,4.13292250977110e+02,sinkhorn_cellsim
8.249739e+02,23841,9.51498920404793e-05,2.11313152263651e-02,4.13292253964803e+02,sinkhorn_cellsim
8.256660e+02,23861,9.48161267272013e-05,2.11313166966728e-02,4.13292256947713e+02,sinkhorn_cellsim
8.263581e+02,23881,9.44834271537123e-05,2.11313181720947e-02,4.13292259925768e+02,sinkhorn_cellsim
8.270502e+02,23901,9.41518018570708e-05,2.11313196529074e-02,4.13292262898897e+02,sinkhorn_cellsim
8.277424e+02,23921,9.38215029453422e-05,2.11313211393853e-02,4.13292265867019e+02,sinkhorn_cellsim
8.284344e+02,23941,9.34923505060663e-05,2.11313226317915e-02,4.13292268830055e+02,sinkhorn_cellsim
8.291266e+02,23961,9.31642326371009e-05,2.11313241303678e-02,4.13292271787923e+02,sinkhorn_cellsim
8.298187e+02,23981,9.28371425353511e-05,2.11313256353241e-02,4.13292274740539e+02,sinkhorn_cellsim
8.305108e+02,24001,9.25110815704984e-05,2.11313271468269e-02,4.13292277687822e+02,sinkhorn_cellsim
8.312029e+02,24021,9.21860855443145e-05,2.11313286649879e-02,4.13292280629692e+02,sinkhorn_cellsim
8.318950e+02,24041,9.18621091596679e-05,2.11313301898519e-02,4.13292283566076e+02,sinkhorn_cellsim
8.325871e+02,24061,9.15391477901598e-05,2.11313317213856e-02,4.13292286496903e+02,sinkhorn_cellsim
8.332792e+02,24081,9.12171830841777e-05,2.11313332594667e-02,4.13292289422112e+02,sinkhorn_cellsim
8.339713e+02,24101,9.08962099455625e-05,2.11313348038747e-02,4.13292292341652e+02,sinkhorn_cellsim
8.346634e+02,24121,9.05762382349503e-05,2.11313363542826e-02,4.13292295255480e+02,sinkhorn_cellsim
8.353555e+02,24141,9.02572906715502e-05,2.11313379102516e-02,4.13292298163569e+02,sinkhorn_cellsim
8.360476e+02,24161,8.99393786307334e-05,2.11313394712284e-02,4.13292301065905e+02,sinkhorn_cellsim
8.367398e+02,24181,8.96225271076722e-05,2.11313410365447e-02,4.13292303962487e+02,sinkhorn_cellsim
8.374319e+02,24201,8.93066789326769e-05,2.11313426054207e-02,4.13292306853334e+02,sinkhorn_cellsim
8.381241e+02,24221,8.89919061345522e-05,2.11313441769726e-02,4.13292309738479e+02,sinkhorn_cellsim
8.388162e+02,24241,8.86781509233212e-05,2.11313457502219e-02,4.13292312617971e+02,sinkhorn_cellsim
8.395083e+02,24261,8.83654482400227e-05,2.11313473241096e-02,4.13292315491879e+02,sinkhorn_cellsim
8.402005e+02,24281,8.80537367592502e-05,2.11313488975123e-02,4.13292318360283e+02,sinkhorn_cellsim
8.408926e+02,24301,8.77432280228164e-05,2.11313504692613e-02,4.13292321223282e+02,sinkhorn_cellsim
8.415847e+02,24321,8.74338787123832e-05,2.11313520381627e-02,4.13292324080986e+02,sinkhorn_cellsim
8.422769e+02,24341,8.71255273953718e-05,2.11313536030193e-02,4.13292326933518e+02,sinkhorn_cellsim
8.429690e+02,24361,8.68181961979412e-05,2.11313551626518e-02,4.13292329781008e+02,sinkhorn_cellsim
8.436611e+02,24381,8.65118706619884e-05,2.11313567159201e-02,4.13292332623596e+02,sinkhorn_cellsim
8.443532e+02,24401,8.62065517673036e-05,2.11313582617430e-02,4.13292335461426e+02,sinkhorn_cellsim
8.450453e+02,24421,8.59022479364987e-05,2.11313597991155e-02,4.13292338294646e+02,sinkhorn_cellsim
8.457374e+02,24441,8.55989681269053e-05,2.11313613271241e-02,4.13292341123404e+02,sinkhorn_cellsim
8.464295e+02,24461,8.52967226276332e-05,2.11313628449596e-02,4.13292343947845e+02,sinkhorn_cellsim
8.471216e+02,24481,8.49957475450180e-05,2.11313643519254e-02,4.13292346768113e+02,sinkhorn_cellsim
8.478137e+02,24501,8.46961087922313e-05,2.11313658474446e-02,4.13292349584345e+02,sinkhorn_cellsim
8.485059e+02,24521,8.43976147291122e-05,2.11313673310630e-02,4.13292352396673e+02,sinkhorn_cellsim
8.491981e+02,24541,8.41002113578683e-05,2.11313688024496e-02,4.13292355205219e+02,sinkhorn_cellsim
8.498901e+02,24561,8.38039846008569e-05,2.11313702613949e-02,4.13292358010096e+02,sinkhorn_cellsim
8.505823e+02,24581,8.35089534474121e-05,2.11313717078073e-02,4.13292360811409e+02,sinkhorn_cellsim
8.512744e+02,24601,8.32150819114864e-05,2.11313731417078e-02,4.13292363609251e+02,sinkhorn_cellsim
8.519665e+02,24621,8.29223755669503e-05,2.11313745632233e-02,4.13292366403703e+02,sinkhorn_cellsim
8.526587e+02,24641,8.26308530498022e-05,2.11313759725798e-02,4.13292369194836e+02,sinkhorn_cellsim
8.533508e+02,24661,8.23405000301940e-05,2.11313773700948e-02,4.13292371982708e+02,sinkhorn_cellsim
8.540429e+02,24681,8.20512628751290e-05,2.11313787561695e-02,4.13292374767368e+02,sinkhorn_cellsim
8.547351e+02,24701,8.17631454607300e-05,2.11313801312816e-02,4.13292377548850e+02,sinkhorn_cellsim
8.554272e+02,24721,8.14761523498289e-05,2.11313814959785e-02,4.13292380327178e+02,sinkhorn_cellsim
8.561193e+02,24741,8.11903802912789e-05,2.11313828508706e-02,4.13292383102366e+02,sinkhorn_cellsim
8.568114e+02,24761,8.09058182473571e-05,2.11313841966262e-02,4.13292385874413e+02,sinkhorn_cellsim
8.575035e+02,24781,8.06224466050974e-05,2.11313855339660e-02,4.13292388643309e+02,sinkhorn_cellsim
8.581956e+02,24801,8.03402916289583e-05,2.11313868636590e-02,4.13292391409033e+02,sinkhorn_cellsim
8.588878e+02,24821,8.00594295888547e-05,2.11313881865194e-02,4.13292394171551e+02,sinkhorn_cellsim
8.595799e+02,24841,7.97797152425401e-05,2.11313895034036e-02,4.13292396930819e+02,sinkhorn_cellsim
8.602721e+02,24861,7.95011321241767e-05,2.11313908152078e-02,4.13292399686780e+02,sinkhorn_cellsim
8.609642e+02,24881,7.92237010693729e-05,2.11313921228665e-02,4.13292402439368e+02,sinkhorn_cellsim
8.616563e+02,24901,7.89474192525645e-05,2.11313934273512e-02,4.13292405188504e+02,sinkhorn_cellsim
8.623484e+02,24921,7.86722627426767e-05,2.11313947296692e-02,4.13292407934097e+02,sinkhorn_cellsim
8.630406e+02,24941,7.83982286222213e-05,2.11313960308623e-02,4.13292410676045e+02,sinkhorn_cellsim
8.637327e+02,24961,7.81253134321228e-05,2.11313973320066e-02,4.13292413414235e+02,sinkhorn_cellsim
8.644248e+02,24981,7.78535256047829e-05,2.11313986342099e-02,4.13292416148540e+02,sinkhorn_cellsim
8.651169e+02,25001,7.75829185850548e-05,2.11313999386114e-02,4.13292418878824e+02,sinkhorn_cellsim
8.658090e+02,25021,7.73134164740676e-05,2.11314012463782e-02,4.13292421604938e+02,sinkhorn_cellsim
8.665011e+02,25041,7.70450138723766e-05,2.11314025587032e-02,4.13292424326720e+02,sinkhorn_cellsim
8.671932e+02,25061,7.67777049346848e-05,2.11314038768007e-02,4.13292427044000e+02,sinkhorn_cellsim
8.678853e+02,25081,7.65114833914740e-05,2.11314052019019e-02,4.13292429756594e+02,sinkhorn_cellsim
8.685775e+02,25101,7.62463425578121e-05,2.11314065352484e-02,4.13292432464311e+02,sinkhorn_cellsim
8.692696e+02,25121,7.59822774619127e-05,2.11314078780847e-02,4.13292435166948e+02,sinkhorn_cellsim
8.699617e+02,25141,7.57192860544807e-05,2.11314092316503e-02,4.13292437864295e+02,sinkhorn_cellsim
8.706539e+02,25161,7.54573554943854e-05,2.11314105971683e-02,4.13292440556135e+02,sinkhorn_cellsim
8.713460e+02,25181,7.51965226960962e-05,2.11314119758350e-02,4.13292443242244e+02,sinkhorn_cellsim
8.720382e+02,25201,7.49367823053352e-05,2.11314133688064e-02,4.13292445922396e+02,sinkhorn_cellsim
8.727304e+02,25221,7.46780838863343e-05,2.11314147771844e-02,4.13292448596361e+02,sinkhorn_cellsim
8.734226e+02,25241,7.44204052724534e-05,2.11314162020027e-02,4.13292451263911e+02,sinkhorn_cellsim
8.741147e+02,25261,7.41637527679263e-05,2.11314176442107e-02,4.13292453924818e+02,sinkhorn_cellsim
8.748068e+02,25281,7.39081453089791e-05,2.11314191046591e-02,4.13292456578861e+02,sinkhorn_cellsim
8.754989e+02,25301,7.36535254725520e-05,2.11314205840841e-02,4.13292459225827e+02,sinkhorn_cellsim
8.761910e+02,25321,7.33998825104272e-05,2.11314220830944e-02,4.13292461865510e+02,sinkhorn_cellsim
8.768831e+02,25341,7.31472054418076e-05,2.11314236021582e-02,4.13292464497719e+02,sinkhorn_cellsim
8.775752e+02,25361,7.28954830853254e-05,2.11314251415931e-02,4.13292467122280e+02,sinkhorn_cellsim
8.782674e+02,25381,7.26447040808497e-05,2.11314267015587e-02,4.13292469739032e+02,sinkhorn_cellsim
8.789595e+02,25401,7.23948974727402e-05,2.11314282820521e-02,4.13292472347837e+02,sinkhorn_cellsim
8.796516e+02,25421,7.21460337803555e-05,2.11314298829074e-02,4.13292474948577e+02,sinkhorn_cellsim
8.803437e+02,25441,7.18980954467908e-05,2.11314315037985e-02,4.13292477541157e+02,sinkhorn_cellsim
8.810358e+02,25461,7.16510588730311e-05,2.11314331442464e-02,4.13292480125505e+02,sinkhorn_cellsim
8.817280e+02,25481,7.14049092355922e-05,2.11314348036302e-02,4.13292482701571e+02,sinkhorn_cellsim
8.824201e+02,25501,7.11596360301795e-05,2.11314364812017e-02,4.13292485269331e+02,sinkhorn_cellsim
8.831122e+02,25521,7.09152243315418e-05,2.11314381761034e-02,4.13292487828780e+02,sinkhorn_cellsim
8.838044e+02,25541,7.06716628212630e-05,2.11314398873889e-02,4.13292490379935e+02,sinkhorn_cellsim
8.844965e+02,25561,7.04289456706345e-05,2.11314416140451e-02,4.13292492922834e+02,sinkhorn_cellsim
8.851886e+02,25581,7.01870763798088e-05,2.11314433550156e-02,4.13292495457527e+02,sinkhorn_cellsim
8.858808e+02,25601,6.99460599602696e-05,2.11314451092240e-02,4.13292497984082e+02,sinkhorn_cellsim
8.865729e+02,25621,6.97058504852527e-05,2.11314468755961e-02,4.13292500502576e+02,sinkhorn_cellsim
8.872650e+02,25641,6.94664380521520e-05,2.11314486530804e-02,4.13292503013093e+02,sinkhorn_cellsim
8.879572e+02,25661,6.92278206392377e-05,2.11314504406658e-02,4.13292505515725e+02,sinkhorn_cellsim
8.886494e+02,25681,6.89900019892991e-05,2.11314522373956e-02,4.13292508010562e+02,sinkhorn_cellsim
8.893415e+02,25701,6.87529572534619e-05,2.11314540423773e-02,4.13292510497696e+02,sinkhorn_cellsim
8.900336e+02,25721,6.85166777307042e-05,2.11314558547879e-02,4.13292512977212e+02,sinkhorn_cellsim
8.907257e+02,25741,6.82811522998044e-05,2.11314576738742e-02,4.13292515449194e+02,sinkhorn_cellsim
8.914178e+02,25761,6.80463734869229e-05,2.11314594989481e-02,4.13292517913714e+02,sinkhorn_cellsim
8.921099e+02,25781,6.78123341819510e-05,2.11314613293776e-02,4.13292520370837e+02,sinkhorn_cellsim
8.928020e+02,25801,6.75790276015054e-05,2.11314631645736e-02,4.13292522820621e+02,sinkhorn_cellsim
8.934942e+02,25821,6.73464472552170e-05,2.11314650039729e-02,4.13292525263110e+02,sinkhorn_cellsim
8.941862e+02,25841,6.71145869054669e-05,2.11314668470197e-02,4.13292527698340e+02,sinkhorn_cellsim
8.948783e+02,25861,6.68834470260940e-05,2.11314686931446e-02,4.13292530126340e+02,sinkhorn_cellsim
8.955704e+02,25881,6.66530633556967e-05,2.11314705417447e-02,4.13292532547126e+02,sinkhorn_cellsim
8.962626e+02,25901,6.64234132940758e-05,2.11314723921635e-02,4.13292534960712e+02,sinkhorn_cellsim
8.969548e+02,25921,6.61945038712180e-05,2.11314742436753e-02,4.13292537367102e+02,sinkhorn_cellsim
8.976469e+02,25941,6.59663131809235e-05,2.11314760954706e-02,4.13292539766298e+02,sinkhorn_cellsim
8.983390e+02,25961,6.57388099758316e-05,2.11314779466488e-02,4.13292542158298e+02,sinkhorn_cellsim
8.990311e+02,25981,6.55119915762672e-05,2.11314797962142e-02,4.13292544543100e+02,sinkhorn_cellsim
8.997232e+02,26001,6.52858966003317e-05,2.11314816430793e-02,4.13292546920698e+02,sinkhorn_cellsim
9.004153e+02,26021,6.50605761982960e-05,2.11314834860729e-02,4.13292549291090e+02,sinkhorn_cellsim
9.011074e+02,26041,6.48359993051280e-05,2.11314853239551e-02,4.13292551654275e+02,sinkhorn_cellsim
9.017996e+02,26061,6.46120839004902e-05,2.11314871554361e-02,4.13292554010253e+02,sinkhorn_cellsim
9.024917e+02,26081,6.43889237878150e-05,2.11314889792002e-02,4.13292556359026e+02,sinkhorn_cellsim
9.031838e+02,26101,6.41664824798382e-05,2.11314907939319e-02,4.13292558700602e+02,sinkhorn_cellsim
9.038759e+02,26121,6.39446858512761e-05,2.11314925983444e-02,4.13292561034991e+02,sinkhorn_cellsim
9.045680e+02,26141,6.37235202692050e-05,2.11314943912072e-02,4.13292563362203e+02,sinkhorn_cellsim
9.052601e+02,26161,6.35029667603966e-05,2.11314961713733e-02,4.13292565682257e+02,sinkhorn_cellsim
9.059521e+02,26181,6.32830169830553e-05,2.11314979378028e-02,4.13292567995171e+02,sinkhorn_cellsim
9.066443e+02,26201,6.30636891078085e-05,2.11314996895833e-02,4.13292570300969e+02,sinkhorn_cellsim
9.073364e+02,26221,6.28450108602792e-05,2.11315014259454e-02,4.13292572599677e+02,sinkhorn_cellsim
9.080286e+02,26241,6.26269160688171e-05,2.11315031462726e-02,4.13292574891326e+02,sinkhorn_cellsim
9.087207e+02,26261,6.24093990243747e-05,2.11315048501059e-02,4.13292577175950e+02,sinkhorn_cellsim
9.094128e+02,26281,6.21924480814028e-05,2.11315065371428e-02,4.13292579453588e+02,sinkhorn_cellsim
9.101050e+02,26301,6.19760507119305e-05,2.11315082072306e-02,4.13292581724285e+02,sinkhorn_cellsim
9.107971e+02,26321,6.17601988873979e-05,2.11315098603555e-02,4.13292583988088e+02,sinkhorn_cellsim
9.114892e+02,26341,6.15448850285162e-05,2.11315114966273e-02,4.13292586245052e+02,sinkhorn_cellsim
9.121813e+02,26361,6.13302643982464e-05,2.11315131162603e-02,4.13292588495238e+02,sinkhorn_cellsim
9.128735e+02,26381,6.11166725976462e-05,2.11315147195525e-02,4.13292590738710e+02,sinkhorn_cellsim
9.135656e+02,26401,6.09036362970274e-05,2.11315163068626e-02,4.13292592975541e+02,sinkhorn_cellsim
9.142577e+02,26421,6.06911516565028e-05,2.11315178785867e-02,4.13292595205811e+02,sinkhorn_cellsim
9.149499e+02,26441,6.04792754216483e-05,2.11315194351341e-02,4.13292597429603e+02,sinkhorn_cellsim
9.156420e+02,26461,6.02679819463168e-05,2.11315209769050e-02,4.13292599647012e+02,sinkhorn_cellsim
9.163341e+02,26481,6.00572451878345e-05,2.11315225042693e-02,4.13292601858135e+02,sinkhorn_cellsim
9.170262e+02,26501,5.98470541464538e-05,2.11315240175470e-02,4.13292604063079e+02,sinkhorn_cellsim
9.177183e+02,26521,5.96374092561297e-05,2.11315255169917e-02,4.13292606261958e+02,sinkhorn_cellsim
9.184104e+02,26541,5.94283435353464e-05,2.11315270027775e-02,4.13292608454893e+02,sinkhorn_cellsim
9.191025e+02,26561,5.92198600127214e-05,2.11315284749881e-02,4.13292610642013e+02,sinkhorn_cellsim
9.197947e+02,26581,5.90119488127625e-05,2.11315299336114e-02,4.13292612823453e+02,sinkhorn_cellsim
9.204868e+02,26601,5.88046087427768e-05,2.11315313785362e-02,4.13292614999360e+02,sinkhorn_cellsim
9.211789e+02,26621,5.85978646881504e-05,2.11315328095537e-02,4.13292617169884e+02,sinkhorn_cellsim
9.218710e+02,26641,5.83916996333376e-05,2.11315342263629e-02,4.13292619335184e+02,sinkhorn_cellsim
9.225631e+02,26661,5.81861139399409e-05,2.11315356285784e-02,4.13292621495429e+02,sinkhorn_cellsim
9.232553e+02,26681,5.79811195312833e-05,2.11315370157425e-02,4.13292623650792e+02,sinkhorn_cellsim
9.239474e+02,26701,5.77767487700681e-05,2.11315383873388e-02,4.13292625801452e+02,sinkhorn_cellsim
9.246395e+02,26721,5.75730174441134e-05,2.11315397428088e-02,4.13292627947593e+02,sinkhorn_cellsim
9.253316e+02,26741,5.73699037472882e-05,2.11315410815682e-02,4.13292630089406e+02,sinkhorn_cellsim
9.260236e+02,26761,5.71674755105305e-05,2.11315424030257e-02,4.13292632227081e+02,sinkhorn_cellsim
9.267158e+02,26781,5.69657260315700e-05,2.11315437066001e-02,4.13292634360813e+02,sinkhorn_cellsim
9.274079e+02,26801,5.67647098280077e-05,2.11315449917371e-02,4.13292636490794e+02,sinkhorn_cellsim
9.281000e+02,26821,5.65644689155360e-05,2.11315462579253e-02,4.13292638617218e+02,sinkhorn_cellsim
9.287921e+02,26841,5.63651716602598e-05,2.11315475047092e-02,4.13292640740274e+02,sinkhorn_cellsim
9.294842e+02,26861,5.61667824400056e-05,2.11315487317017e-02,4.13292642860148e+02,sinkhorn_cellsim
9.301764e+02,26881,5.59692960647146e-05,2.11315499385922e-02,4.13292644977021e+02,sinkhorn_cellsim
9.308685e+02,26901,5.57726248924129e-05,2.11315511251544e-02,4.13292647091067e+02,sinkhorn_cellsim
9.315607e+02,26921,5.55766680356844e-05,2.11315522912495e-02,4.13292649202453e+02,sinkhorn_cellsim
9.322528e+02,26941,5.53814890725414e-05,2.11315534368298e-02,4.13292651311338e+02,sinkhorn_cellsim
9.329449e+02,26961,5.51870790305163e-05,2.11315545619371e-02,4.13292653417870e+02,sinkhorn_cellsim
9.336370e+02,26981,5.49934084891949e-05,2.11315556667024e-02,4.13292655522192e+02,sinkhorn_cellsim
9.343292e+02,27001,5.48004851175686e-05,2.11315567513419e-02,4.13292657624432e+02,sinkhorn_cellsim
9.350213e+02,27021,5.46083273047623e-05,2.11315578161533e-02,4.13292659724711e+02,sinkhorn_cellsim
9.357134e+02,27041,5.44170104132847e-05,2.11315588615111e-02,4.13292661823138e+02,sinkhorn_cellsim
9.364055e+02,27061,5.42267049869956e-05,2.11315598878614e-02,4.13292663919811e+02,sinkhorn_cellsim
9.370976e+02,27081,5.40373938338734e-05,2.11315608957170e-02,4.13292666014818e+02,sinkhorn_cellsim
9.377898e+02,27101,5.38489370456932e-05,2.11315618856531e-02,4.13292668108237e+02,sinkhorn_cellsim
9.384819e+02,27121,5.36612522336247e-05,2.11315628583036e-02,4.13292670200131e+02,sinkhorn_cellsim
9.391740e+02,27141,5.34743382419068e-05,2.11315638143588e-02,4.13292672290554e+02,sinkhorn_cellsim
9.398661e+02,27161,5.32882195049744e-05,2.11315647545650e-02,4.13292674379547e+02,sinkhorn_cellsim
9.405583e+02,27181,5.31029828194649e-05,2.11315656797251e-02,4.13292676467138e+02,sinkhorn_cellsim
9.412504e+02,27201,5.29186573334955e-05,2.11315665907026e-02,4.13292678553339e+02,sinkhorn_cellsim
9.419424e+02,27221,5.27352151197354e-05,2.11315674884281e-02,4.13292680638148e+02,sinkhorn_cellsim
9.426345e+02,27241,5.25526350384536e-05,2.11315683739096e-02,4.13292682721543e+02,sinkhorn_cellsim
9.433266e+02,27261,5.23708801629750e-05,2.11315692482455e-02,4.13292684803483e+02,sinkhorn_cellsim
9.440189e+02,27281,5.21898476870316e-05,2.11315701126442e-02,4.13292686883902e+02,sinkhorn_cellsim
9.447111e+02,27301,5.20094436058690e-05,2.11315709684479e-02,4.13292688962706e+02,sinkhorn_cellsim
9.454032e+02,27321,5.18296340854401e-05,2.11315718171633e-02,4.13292691039767e+02,sinkhorn_cellsim
9.460954e+02,27341,5.16504716719146e-05,2.11315726604999e-02,4.13292693114915e+02,sinkhorn_cellsim
9.467875e+02,27361,5.14719486681756e-05,2.11315735004170e-02,4.13292695187933e+02,sinkhorn_cellsim
9.474796e+02,27381,5.12941439061571e-05,2.11315743391794e-02,4.13292697258544e+02,sinkhorn_cellsim
9.481717e+02,27401,5.11167918666210e-05,2.11315751794251e-02,4.13292699326401e+02,sinkhorn_cellsim
9.488638e+02,27421,5.09399822539933e-05,2.11315760242430e-02,4.13292701391069e+02,sinkhorn_cellsim
9.495560e+02,27441,5.07644622681944e-05,2.11315768772621e-02,4.13292703452012e+02,sinkhorn_cellsim
9.502481e+02,27461,5.05897713568499e-05,2.11315777427489e-02,4.13292705508567e+02,sinkhorn_cellsim
9.509402e+02,27481,5.04165782732312e-05,2.11315786257120e-02,4.13292707559930e+02,sinkhorn_cellsim
9.516323e+02,27501,5.02442669053775e-05,2.11315795320032e-02,4.13292709605119e+02,sinkhorn_cellsim
9.523244e+02,27521,5.00724795112215e-05,2.11315804684072e-02,4.13292711642957e+02,sinkhorn_cellsim
9.530165e+02,27541,4.99011637118851e-05,2.11315814426989e-02,4.13292713672040e+02,sinkhorn_cellsim
9.537085e+02,27561,4.97304304988993e-05,2.11315824636439e-02,4.13292715690711e+02,sinkhorn_cellsim
9.544006e+02,27581,4.95602171476826e-05,2.11315835409061e-02,4.13292717697042e+02,sinkhorn_cellsim
9.550928e+02,27601,4.93903201178701e-05,2.11315846848189e-02,4.13292719688828e+02,sinkhorn_cellsim
9.557850e+02,27621,4.92206478865616e-05,2.11315859059712e-02,4.13292721663592e+02,sinkhorn_cellsim
9.564771e+02,27641,4.90510970600179e-05,2.11315872145626e-02,4.13292723618627e+02,sinkhorn_cellsim
9.571692e+02,27661,4.88815508190308e-05,2.11315886195032e-02,4.13292725551057e+02,sinkhorn_cellsim
9.578613e+02,27681,4.87118721486071e-05,2.11315901272731e-02,4.13292727457952e+02,sinkhorn_cellsim
9.585534e+02,27701,4.85419177407695e-05,2.11315917406258e-02,4.13292729336466e+02,sinkhorn_cellsim
9.592455e+02,27721,4.83715511856063e-05,2.11315934573049e-02,4.13292731184022e+02,sinkhorn_cellsim
9.599378e+02,27741,4.82010368100648e-05,2.11315952690248e-02,4.13292732998503e+02,sinkhorn_cellsim
9.606299e+02,27761,4.80298557020999e-05,2.11315971610127e-02,4.13292734778432e+02,sinkhorn_cellsim
9.613220e+02,27781,4.78578775646992e-05,2.11315991123654e-02,4.13292736523116e+02,sinkhorn_cellsim
9.620141e+02,27801,4.76852993865320e-05,2.11316010973387e-02,4.13292738232710e+02,sinkhorn_cellsim
9.627063e+02,27821,4.75127859309894e-05,2.11316030874606e-02,4.13292739908198e+02,sinkhorn_cellsim
9.633984e+02,27841,4.73401030115638e-05,2.11316050541292e-02,4.13292741551282e+02,sinkhorn_cellsim
9.640905e+02,27861,4.71669924211249e-05,2.11316069712090e-02,4.13292743164210e+02,sinkhorn_cellsim
9.647826e+02,27881,4.69932193007063e-05,2.11316088171392e-02,4.13292744749573e+02,sinkhorn_cellsim
9.654748e+02,27901,4.68186859989189e-05,2.11316105762227e-02,4.13292746310105e+02,sinkhorn_cellsim
9.661669e+02,27921,4.66447125989617e-05,2.11316122389937e-02,4.13292747848511e+02,sinkhorn_cellsim
9.668590e+02,27941,4.64715349293447e-05,2.11316138017831e-02,4.13292749367353e+02,sinkhorn_cellsim
9.675511e+02,27961,4.62986644121315e-05,2.11316152657383e-02,4.13292750868971e+02,sinkhorn_cellsim
9.682432e+02,27981,4.61258187565227e-05,2.11316166355867e-02,4.13292752355453e+02,sinkhorn_cellsim
9.689354e+02,28001,4.59547549683050e-05,2.11316179183918e-02,4.13292753828635e+02,sinkhorn_cellsim
9.696275e+02,28021,4.57841243182769e-05,2.11316191224644e-02,4.13292755290112e+02,sinkhorn_cellsim
9.703196e+02,28041,4.56138815613698e-05,2.11316202565098e-02,4.13292756741268e+02,sinkhorn_cellsim
9.710117e+02,28061,4.54455274912115e-05,2.11316213290241e-02,4.13292758183297e+02,sinkhorn_cellsim
9.717038e+02,28081,4.52779908337934e-05,2.11316223479128e-02,4.13292759617235e+02,sinkhorn_cellsim
9.723960e+02,28101,4.51106496713216e-05,2.11316233202858e-02,4.13292761043981e+02,sinkhorn_cellsim
9.730881e+02,28121,4.49438637410225e-05,2.11316242523816e-02,4.13292762464319e+02,sinkhorn_cellsim
9.737803e+02,28141,4.47776913119196e-05,2.11316251495763e-02,4.13292763878932e+02,sinkhorn_cellsim
9.744724e+02,28161,4.46119837835504e-05,2.11316260164427e-02,4.13292765288421e+02,sinkhorn_cellsim
9.751645e+02,28181,4.44466830250633e-05,2.11316268568371e-02,4.13292766693315e+02,sinkhorn_cellsim
9.758565e+02,28201,4.42818868134172e-05,2.11316276739935e-02,4.13292768094078e+02,sinkhorn_cellsim
9.765486e+02,28221,4.41176006437969e-05,2.11316284706175e-02,4.13292769491122e+02,sinkhorn_cellsim
9.772407e+02,28241,4.39538627173184e-05,2.11316292489730e-02,4.13292770884811e+02,sinkhorn_cellsim
9.779329e+02,28261,4.37907687247380e-05,2.11316300109578e-02,4.13292772275468e+02,sinkhorn_cellsim
9.786250e+02,28281,4.36284578884245e-05,2.11316307581694e-02,4.13292773663378e+02,sinkhorn_cellsim
9.793171e+02,28301,4.34668145145913e-05,2.11316314919597e-02,4.13292775048797e+02,sinkhorn_cellsim
9.800092e+02,28321,4.33061846776719e-05,2.11316322134799e-02,4.13292776431952e+02,sinkhorn_cellsim
9.807013e+02,28341,4.31464409192302e-05,2.11316329237177e-02,4.13292777813042e+02,sinkhorn_cellsim
9.813935e+02,28361,4.29876591965205e-05,2.11316336235268e-02,4.13292779192248e+02,sinkhorn_cellsim
9.820856e+02,28381,4.28296158900498e-05,2.11316343136507e-02,4.13292780569731e+02,sinkhorn_cellsim
9.827777e+02,28401,4.26723288659413e-05,2.11316349947420e-02,4.13292781945632e+02,sinkhorn_cellsim
9.834698e+02,28421,4.25157891360728e-05,2.11316356673772e-02,4.13292783320079e+02,sinkhorn_cellsim
9.841620e+02,28441,4.23600099701380e-05,2.11316363320695e-02,4.13292784693186e+02,sinkhorn_cellsim
9.848541e+02,28461,4.22051756590000e-05,2.11316369892779e-02,4.13292786065055e+02,sinkhorn_cellsim
9.855462e+02,28481,4.20512032532579e-05,2.11316376394152e-02,4.13292787435776e+02,sinkhorn_cellsim
9.862383e+02,28501,4.18982758356494e-05,2.11316382828548e-02,4.13292788805431e+02,sinkhorn_cellsim
9.869304e+02,28521,4.17465155268535e-05,2.11316389199347e-02,4.13292790174094e+02,sinkhorn_cellsim
9.876225e+02,28541,4.15956170658173e-05,2.11316395509629e-02,4.13292791541828e+02,sinkhorn_cellsim
9.883146e+02,28561,4.14455228236078e-05,2.11316401762203e-02,4.13292792908693e+02,sinkhorn_cellsim
9.890067e+02,28581,4.12962583814851e-05,2.11316407959635e-02,4.13292794274742e+02,sinkhorn_cellsim
9.896988e+02,28601,4.11478039174077e-05,2.11316414104275e-02,4.13292795640021e+02,sinkhorn_cellsim
9.903909e+02,28621,4.10001329999784e-05,2.11316420198279e-02,4.13292797004574e+02,sinkhorn_cellsim
9.910830e+02,28641,4.08532431617014e-05,2.11316426243626e-02,4.13292798368438e+02,sinkhorn_cellsim
9.917752e+02,28661,4.07071401889737e-05,2.11316432242135e-02,4.13292799731648e+02,sinkhorn_cellsim
9.924673e+02,28681,4.05618234346974e-05,2.11316438195477e-02,4.13292801094236e+02,sinkhorn_cellsim
9.931595e+02,28701,4.04173815840663e-05,2.11316444105191e-02,4.13292802456229e+02,sinkhorn_cellsim
9.938516e+02,28721,4.02737016516943e-05,2.11316449972693e-02,4.13292803817653e+02,sinkhorn_cellsim
9.945437e+02,28741,4.01307807605368e-05,2.11316455799288e-02,4.13292805178531e+02,sinkhorn_cellsim
9.952358e+02,28761,3.99886265479705e-05,2.11316461586178e-02,4.13292806538884e+02,sinkhorn_cellsim
9.959279e+02,28781,3.98472268786867e-05,2.11316467334473e-02,4.13292807898731e+02,sinkhorn_cellsim
9.966201e+02,28801,3.97065808222993e-05,2.11316473045194e-02,4.13292809258090e+02,sinkhorn_cellsim
9.973122e+02,28821,3.95666899252839e-05,2.11316478719286e-02,4.13292810616976e+02,sinkhorn_cellsim
9.980043e+02,28841,3.94275714138925e-05,2.11316484357621e-02,4.13292811975404e+02,sinkhorn_cellsim
9.986964e+02,28861,3.92892313027490e-05,2.11316489961004e-02,4.13292813333387e+02,sinkhorn_cellsim
9.993885e+02,28881,3.91516551482334e-05,2.11316495530183e-02,4.13292814690938e+02,sinkhorn_cellsim
1.000081e+03,28901,3.90148500748725e-05,2.11316501065846e-02,4.13292816048068e+02,sinkhorn_cellsim
1.000773e+03,28921,3.88788008545112e-05,2.11316506568635e-02,4.13292817404787e+02,sinkhorn_cellsim
1.001465e+03,28941,3.87435146570390e-05,2.11316512039143e-02,4.13292818761104e+02,sinkhorn_cellsim
1.002157e+03,28961,3.86089843555049e-05,2.11316517477923e-02,4.13292820117030e+02,sinkhorn_cellsim
1.002849e+03,28981,3.84751951297879e-05,2.11316522885490e-02,4.13292821472571e+02,sinkhorn_cellsim
1.003541e+03,29001,3.83421519939245e-05,2.11316528262321e-02,4.13292822827736e+02,sinkhorn_cellsim
1.004233e+03,29021,3.82098394795755e-05,2.11316533608865e-02,4.13292824182532e+02,sinkhorn_cellsim
1.004926e+03,29041,3.80782526854219e-05,2.11316538925541e-02,4.13292825536965e+02,sinkhorn_cellsim
1.005618e+03,29061,3.79473885571894e-05,2.11316544212744e-02,4.13292826891042e+02,sinkhorn_cellsim
1.006310e+03,29081,3.78172439557035e-05,2.11316549470839e-02,4.13292828244768e+02,sinkhorn_cellsim
1.007002e+03,29101,3.76878156549246e-05,2.11316554700179e-02,4.13292829598150e+02,sinkhorn_cellsim
1.007694e+03,29121,3.75591179539247e-05,2.11316559901092e-02,4.13292830951191e+02,sinkhorn_cellsim
1.008386e+03,29141,3.74311525802464e-05,2.11316565073889e-02,4.13292832303898e+02,sinkhorn_cellsim
1.009078e+03,29161,3.73039111007159e-05,2.11316570218869e-02,4.13292833656275e+02,sinkhorn_cellsim
1.009770e+03,29181,3.71773931661711e-05,2.11316575336315e-02,4.13292835008325e+02,sinkhorn_cellsim
1.010463e+03,29201,3.70515814291593e-05,2.11316580426499e-02,4.13292836360054e+02,sinkhorn_cellsim
1.011155e+03,29221,3.69265055592349e-05,2.11316585489680e-02,4.13292837711465e+02,sinkhorn_cellsim
1.011847e+03,29241,3.68021451570720e-05,2.11316590526113e-02,4.13292839062561e+02,sinkhorn_cellsim
1.012539e+03,29261,3.66784934266009e-05,2.11316595536041e-02,4.13292840413346e+02,sinkhorn_cellsim
1.013231e+03,29281,3.65555252277892e-05,2.11316600519701e-02,4.13292841763822e+02,sinkhorn_cellsim
1.013923e+03,29301,3.64332402698716e-05,2.11316605477325e-02,4.13292843113994e+02,sinkhorn_cellsim
1.014615e+03,29321,3.63116522651221e-05,2.11316610409142e-02,4.13292844463864e+02,sinkhorn_cellsim
1.015307e+03,29341,3.61907535679813e-05,2.11316615315376e-02,4.13292845813433e+02,sinkhorn_cellsim
1.015999e+03,29361,3.60705242030731e-05,2.11316620196250e-02,4.13292847162706e+02,sinkhorn_cellsim
1.016692e+03,29381,3.59510007664934e-05,2.11316625051985e-02,4.13292848511682e+02,sinkhorn_cellsim
1.017384e+03,29401,3.58321555198345e-05,2.11316629882803e-02,4.13292849860366e+02,sinkhorn_cellsim
1.018076e+03,29421,3.57139767960250e-05,2.11316634688925e-02,4.13292851208757e+02,sinkhorn_cellsim
1.018768e+03,29441,3.55964647226653e-05,2.11316639470576e-02,4.13292852556858e+02,sinkhorn_cellsim
1.019460e+03,29461,3.54795989366869e-05,2.11316644227983e-02,4.13292853904669e+02,sinkhorn_cellsim
1.020152e+03,29481,3.53633752941159e-05,2.11316648961378e-02,4.13292855252192e+02,sinkhorn_cellsim
1.020844e+03,29501,3.52478264389055e-05,2.11316653670996e-02,4.13292856599427e+02,sinkhorn_cellsim
1.021537e+03,29521,3.51329357812557e-05,2.11316658357081e-02,4.13292857946374e+02,sinkhorn_cellsim
1.022229e+03,29541,3.50186796427021e-05,2.11316663019883e-02,4.13292859293034e+02,sinkhorn_cellsim
1.022921e+03,29561,3.49050679773131e-05,2.11316667659661e-02,4.13292860639405e+02,sinkhorn_cellsim
1.023613e+03,29581,3.47920773855991e-05,2.11316672276683e-02,4.13292861985488e+02,sinkhorn_cellsim
1.024305e+03,29601,3.46797220348836e-05,2.11316676871232e-02,4.13292863331280e+02,sinkhorn_cellsim
1.024997e+03,29621,3.45679958815848e-05,2.11316681443600e-02,4.13292864676781e+02,sinkhorn_cellsim
1.025689e+03,29641,3.44568825110329e-05,2.11316685994097e-02,4.13292866021988e+02,sinkhorn_cellsim
1.026381e+03,29661,3.43464032129788e-05,2.11316690523047e-02,4.13292867366898e+02,sinkhorn_cellsim
1.027074e+03,29681,3.42365432913955e-05,2.11316695030795e-02,4.13292868711510e+02,sinkhorn_cellsim
1.027766e+03,29701,3.41272795465881e-05,2.11316699517704e-02,4.13292870055817e+02,sinkhorn_cellsim
1.028458e+03,29721,3.40186024688171e-05,2.11316703984160e-02,4.13292871399817e+02,sinkhorn_cellsim
1.029150e+03,29741,3.39105109175358e-05,2.11316708430578e-02,4.13292872743504e+02,sinkhorn_cellsim
1.029842e+03,29761,3.38029963435194e-05,2.11316712857394e-02,4.13292874086872e+02,sinkhorn_cellsim
1.030534e+03,29781,3.36960551338162e-05,2.11316717265080e-02,4.13292875429914e+02,sinkhorn_cellsim
1.031226e+03,29801,3.35896853009332e-05,2.11316721654141e-02,4.13292876772622e+02,sinkhorn_cellsim
1.031918e+03,29821,3.34838859258086e-05,2.11316726025115e-02,4.13292878114988e+02,sinkhorn_cellsim
1.032611e+03,29841,3.33786800795661e-05,2.11316730378587e-02,4.13292879457001e+02,sinkhorn_cellsim
1.033303e+03,29861,3.32740874082649e-05,2.11316734715179e-02,4.13292880798650e+02,sinkhorn_cellsim
1.033995e+03,29881,3.31700722272232e-05,2.11316739035569e-02,4.13292882139923e+02,sinkhorn_cellsim
1.034687e+03,29901,3.30666542232966e-05,2.11316743340483e-02,4.13292883480805e+02,sinkhorn_cellsim
1.035379e+03,29921,3.29637907682277e-05,2.11316747630706e-02,4.13292884821281e+02,sinkhorn_cellsim
1.036071e+03,29941,3.28614903072594e-05,2.11316751907090e-02,4.13292886161333e+02,sinkhorn_cellsim
1.036763e+03,29961,3.27598395876300e-05,2.11316756170549e-02,4.13292887500942e+02,sinkhorn_cellsim
1.037455e+03,29981,3.26588316919090e-05,2.11316760422079e-02,4.13292888840086e+02,sinkhorn_cellsim
1.038148e+03,30001,3.25583572522544e-05,2.11316764662750e-02,4.13292890178741e+02,sinkhorn_cellsim
1.038840e+03,30021,3.24585004201087e-05,2.11316768893726e-02,4.13292891516882e+02,sinkhorn_cellsim
1.039532e+03,30041,3.23592127913381e-05,2.11316773116260e-02,4.13292892854478e+02,sinkhorn_cellsim
1.040224e+03,30061,3.22604613892392e-05,2.11316777331714e-02,4.13292894191499e+02,sinkhorn_cellsim
1.040916e+03,30081,3.21622211568855e-05,2.11316781541551e-02,4.13292895527909e+02,sinkhorn_cellsim
1.041608e+03,30101,3.20644985298127e-05,2.11316785747359e-02,4.13292896863668e+02,sinkhorn_cellsim
1.042300e+03,30121,3.19672680627561e-05,2.11316789950848e-02,4.13292898198736e+02,sinkhorn_cellsim
1.042992e+03,30141,3.18705221974363e-05,2.11316794153862e-02,4.13292899533066e+02,sinkhorn_cellsim
1.043685e+03,30161,3.17742465764727e-05,2.11316798358385e-02,4.13292900866607e+02,sinkhorn_cellsim
1.044377e+03,30181,3.16784519808506e-05,2.11316802566552e-02,4.13292902199304e+02,sinkhorn_cellsim
1.045069e+03,30201,3.15831370460811e-05,2.11316806780656e-02,4.13292903531096e+02,sinkhorn_cellsim
1.045761e+03,30221,3.14883027145613e-05,2.11316811003149e-02,4.13292904861918e+02,sinkhorn_cellsim
1.046453e+03,30241,3.13939246101117e-05,2.11316815236656e-02,4.13292906191700e+02,sinkhorn_cellsim
1.047145e+03,30261,3.13000140992370e-05,2.11316819483972e-02,4.13292907520364e+02,sinkhorn_cellsim
1.047837e+03,30281,3.12065496851339e-05,2.11316823748072e-02,4.13292908847827e+02,sinkhorn_cellsim
1.048529e+03,30301,3.11135702453945e-05,2.11316828032106e-02,4.13292910173999e+02,sinkhorn_cellsim
1.049222e+03,30321,3.10210201807061e-05,2.11316832339398e-02,4.13292911498784e+02,sinkhorn_cellsim
1.049914e+03,30341,3.09288533902110e-05,2.11316836673448e-02,4.13292912822077e+02,sinkhorn_cellsim
1.050606e+03,30361,3.08370514406504e-05,2.11316841037913e-02,4.13292914143768e+02,sinkhorn_cellsim
1.051298e+03,30381,3.07455972612890e-05,2.11316845436605e-02,4.13292915463739e+02,sinkhorn_cellsim
1.051990e+03,30401,3.06544821775840e-05,2.11316849873467e-02,4.13292916781864e+02,sinkhorn_cellsim
1.052682e+03,30421,3.05637248167648e-05,2.11316854352554e-02,4.13292918098008e+02,sinkhorn_cellsim
1.053374e+03,30441,3.04733343975389e-05,2.11316858878003e-02,4.13292919412032e+02,sinkhorn_cellsim
1.054067e+03,30461,3.03832734935512e-05,2.11316863453998e-02,4.13292920723788e+02,sinkhorn_cellsim
1.054759e+03,30481,3.02935332980010e-05,2.11316868084732e-02,4.13292922033121e+02,sinkhorn_cellsim
1.055451e+03,30501,3.02040470101850e-05,2.11316872774356e-02,4.13292923339869e+02,sinkhorn_cellsim
1.056143e+03,30521,3.01148698160808e-05,2.11316877526923e-02,4.13292924643866e+02,sinkhorn_cellsim
1.056835e+03,30541,3.00262104242221e-05,2.11316882346332e-02,4.13292925944941e+02,sinkhorn_cellsim
1.057527e+03,30561,2.99377779801492e-05,2.11316887236255e-02,4.13292927242918e+02,sinkhorn_cellsim
1.058219e+03,30581,2.98495331898686e-05,2.11316892200074e-02,4.13292928537619e+02,sinkhorn_cellsim
1.058911e+03,30601,2.97614711404150e-05,2.11316897240797e-02,4.13292929828865e+02,sinkhorn_cellsim
1.059604e+03,30621,2.96739767763223e-05,2.11316902360993e-02,4.13292931116477e+02,sinkhorn_cellsim
1.060296e+03,30641,2.95870107414129e-05,2.11316907562712e-02,4.13292932400278e+02,sinkhorn_cellsim
1.060988e+03,30661,2.95001938970781e-05,2.11316912847420e-02,4.13292933680094e+02,sinkhorn_cellsim
1.061680e+03,30681,2.94135030154468e-05,2.11316918215933e-02,4.13292934955757e+02,sinkhorn_cellsim
1.062372e+03,30701,2.93271170043691e-05,2.11316923668368e-02,4.13292936227106e+02,sinkhorn_cellsim
1.063064e+03,30721,2.92412388849544e-05,2.11316929204103e-02,4.13292937493991e+02,sinkhorn_cellsim
1.063756e+03,30741,2.91561061399640e-05,2.11316934821753e-02,4.13292938756272e+02,sinkhorn_cellsim
1.064448e+03,30761,2.90711388850290e-05,2.11316940519165e-02,4.13292940013821e+02,sinkhorn_cellsim
1.065141e+03,30781,2.89863382861539e-05,2.11316946293429e-02,4.13292941266528e+02,sinkhorn_cellsim
1.065833e+03,30801,2.89018255400745e-05,2.11316952140911e-02,4.13292942514296e+02,sinkhorn_cellsim
1.066525e+03,30821,2.88174233843052e-05,2.11316958057304e-02,4.13292943757048e+02,sinkhorn_cellsim
1.067217e+03,30841,2.87331033839680e-05,2.11316964037696e-02,4.13292944994723e+02,sinkhorn_cellsim
1.067909e+03,30861,2.86489651369079e-05,2.11316970076649e-02,4.13292946227281e+02,sinkhorn_cellsim
1.068601e+03,30881,2.85650653883727e-05,2.11316976168295e-02,4.13292947454703e+02,sinkhorn_cellsim
1.069293e+03,30901,2.84812714401061e-05,2.11316982306433e-02,4.13292948676988e+02,sinkhorn_cellsim
1.069986e+03,30921,2.83975404837564e-05,2.11316988484627e-02,4.13292949894155e+02,sinkhorn_cellsim
1.070678e+03,30941,2.83138727828216e-05,2.11316994696312e-02,4.13292951106243e+02,sinkhorn_cellsim
1.071370e+03,30961,2.82302308793659e-05,2.11317000934875e-02,4.13292952313311e+02,sinkhorn_cellsim
1.072062e+03,30981,2.81466559844533e-05,2.11317007193752e-02,4.13292953515434e+02,sinkhorn_cellsim
1.072754e+03,31001,2.80632818618923e-05,2.11317013466485e-02,4.13292954712704e+02,sinkhorn_cellsim
1.073446e+03,31021,2.79800042041343e-05,2.11317019746787e-02,4.13292955905229e+02,sinkhorn_cellsim
1.074138e+03,31041,2.78970377617099e-05,2.11317026028583e-02,4.13292957093132e+02,sinkhorn_cellsim
1.074830e+03,31061,2.78141327518552e-05,2.11317032306038e-02,4.13292958276547e+02,sinkhorn_cellsim
1.075522e+03,31081,2.77312772576097e-05,2.11317038573582e-02,4.13292959455619e+02,sinkhorn_cellsim
1.076215e+03,31101,2.76486338794961e-05,2.11317044825906e-02,4.13292960630502e+02,sinkhorn_cellsim
1.076907e+03,31121,2.75661098974531e-05,2.11317051057972e-02,4.13292961801357e+02,sinkhorn_cellsim
1.077599e+03,31141,2.74837406987060e-05,2.11317057265009e-02,4.13292962968349e+02,sinkhorn_cellsim
1.078291e+03,31161,2.74015405461559e-05,2.11317063442495e-02,4.13292964131649e+02,sinkhorn_cellsim
1.078983e+03,31181,2.73193947931008e-05,2.11317069586166e-02,4.13292965291427e+02,sinkhorn_cellsim
1.079675e+03,31201,2.72373263480913e-05,2.11317075691994e-02,4.13292966447855e+02,sinkhorn_cellsim
1.080367e+03,31221,2.71554520861666e-05,2.11317081756195e-02,4.13292967601101e+02,sinkhorn_cellsim
1.081059e+03,31241,2.70736665356151e-05,2.11317087775222e-02,4.13292968751333e+02,sinkhorn_cellsim
1.081751e+03,31261,2.69921034670723e-05,2.11317093745769e-02,4.13292969898713e+02,sinkhorn_cellsim
1.082443e+03,31281,2.69117414030877e-05,2.11317099664783e-02,4.13292971043397e+02,sinkhorn_cellsim
1.083136e+03,31301,2.68316152072166e-05,2.11317105529464e-02,4.13292972185536e+02,sinkhorn_cellsim
1.083828e+03,31321,2.67516383971084e-05,2.11317111337284e-02,4.13292973325273e+02,sinkhorn_cellsim
1.084520e+03,31341,2.66719339487003e-05,2.11317117085995e-02,4.13292974462744e+02,sinkhorn_cellsim
1.085212e+03,31361,2.65924995629319e-05,2.11317122773644e-02,4.13292975598075e+02,sinkhorn_cellsim
1.085904e+03,31381,2.65133971010955e-05,2.11317128398585e-02,4.13292976731386e+02,sinkhorn_cellsim
1.086596e+03,31401,2.64345220170934e-05,2.11317133959489e-02,4.13292977862784e+02,sinkhorn_cellsim
1.087288e+03,31421,2.63558958178834e-05,2.11317139455353e-02,4.13292978992370e+02,sinkhorn_cellsim
1.087981e+03,31441,2.62775350475291e-05,2.11317144885512e-02,4.13292980120235e+02,sinkhorn_cellsim
1.088673e+03,31461,2.61994592205098e-05,2.11317150249633e-02,4.13292981246460e+02,sinkhorn_cellsim
1.089365e+03,31481,2.61217003511932e-05,2.11317155547729e-02,4.13292982371115e+02,sinkhorn_cellsim
1.090057e+03,31501,2.60443144631037e-05,2.11317160780154e-02,4.13292983494264e+02,sinkhorn_cellsim
1.090749e+03,31521,2.59673747262934e-05,2.11317165947596e-02,4.13292984615958e+02,sinkhorn_cellsim
1.091441e+03,31541,2.58908415906980e-05,2.11317171051083e-02,4.13292985736240e+02,sinkhorn_cellsim
1.092133e+03,31561,2.58146768222827e-05,2.11317176091965e-02,4.13292986855145e+02,sinkhorn_cellsim
1.092825e+03,31581,2.57388922516427e-05,2.11317181071915e-02,4.13292987972698e+02,sinkhorn_cellsim
1.093518e+03,31601,2.56635002253113e-05,2.11317185992920e-02,4.13292989088913e+02,sinkhorn_cellsim
1.094210e+03,31621,2.55885116840068e-05,2.11317190857266e-02,4.13292990203798e+02,sinkhorn_cellsim
1.094902e+03,31641,2.55139535268950e-05,2.11317195667534e-02,4.13292991317349e+02,sinkhorn_cellsim
1.095594e+03,31661,2.54398661285838e-05,2.11317200426589e-02,4.13292992429556e+02,sinkhorn_cellsim
1.096286e+03,31681,2.53663288671527e-05,2.11317205137568e-02,4.13292993540398e+02,sinkhorn_cellsim
1.096978e+03,31701,2.52932335327554e-05,2.11317209803869e-02,4.13292994649846e+02,sinkhorn_cellsim
1.097670e+03,31721,2.52205722787607e-05,2.11317214429143e-02,4.13292995757862e+02,sinkhorn_cellsim
1.098362e+03,31741,2.51483488186918e-05,2.11317219017283e-02,4.13292996864400e+02,sinkhorn_cellsim
1.099054e+03,31761,2.50765547862556e-05,2.11317223572407e-02,4.13292997969406e+02,sinkhorn_cellsim
1.099747e+03,31781,2.50052048389440e-05,2.11317228098853e-02,4.13292999072815e+02,sinkhorn_cellsim
1.100439e+03,31801,2.49342925544009e-05,2.11317232601159e-02,4.13293000174558e+02,sinkhorn_cellsim
1.101131e+03,31821,2.48638184839099e-05,2.11317237084050e-02,4.13293001274554e+02,sinkhorn_cellsim
1.101823e+03,31841,2.47937799194150e-05,2.11317241552422e-02,4.13293002372717e+02,sinkhorn_cellsim
1.102515e+03,31861,2.47241739407580e-05,2.11317246011320e-02,4.13293003468954e+02,sinkhorn_cellsim
1.103207e+03,31881,2.46549766396235e-05,2.11317250465917e-02,4.13293004563164e+02,sinkhorn_cellsim
1.103899e+03,31901,2.45861853039540e-05,2.11317254921490e-02,4.13293005655241e+02,sinkhorn_cellsim
1.104591e+03,31921,2.45177841063682e-05,2.11317259383387e-02,4.13293006745072e+02,sinkhorn_cellsim
1.105283e+03,31941,2.44497633794686e-05,2.11317263856999e-02,4.13293007832544e+02,sinkhorn_cellsim
1.105976e+03,31961,2.43821124725960e-05,2.11317268347724e-02,4.13293008917535e+02,sinkhorn_cellsim
1.106668e+03,31981,2.43148197782057e-05,2.11317272860930e-02,4.13293009999924e+02,sinkhorn_cellsim
1.107360e+03,32001,2.42478985944366e-05,2.11317277401911e-02,4.13293011079589e+02,sinkhorn_cellsim
1.108052e+03,32021,2.41813455645602e-05,2.11317281975849e-02,4.13293012156407e+02,sinkhorn_cellsim
1.108744e+03,32041,2.41151458399229e-05,2.11317286587772e-02,4.13293013230259e+02,sinkhorn_cellsim
1.109436e+03,32061,2.40492569796908e-05,2.11317291242511e-02,4.13293014301028e+02,sinkhorn_cellsim
1.110128e+03,32081,2.39836595283053e-05,2.11317295944663e-02,4.13293015368600e+02,sinkhorn_cellsim
1.110820e+03,32101,2.39183402395560e-05,2.11317300698557e-02,4.13293016432871e+02,sinkhorn_cellsim
1.111512e+03,32121,2.38533326224546e-05,2.11317305508231e-02,4.13293017493743e+02,sinkhorn_cellsim
1.112205e+03,32141,2.37885638195558e-05,2.11317310377409e-02,4.13293018551127e+02,sinkhorn_cellsim
1.112897e+03,32161,2.37240051200575e-05,2.11317315309500e-02,4.13293019604946e+02,sinkhorn_cellsim
1.113589e+03,32181,2.36596553292568e-05,2.11317320307595e-02,4.13293020655131e+02,sinkhorn_cellsim
1.114281e+03,32201,2.35955126840852e-05,2.11317325374497e-02,4.13293021701627e+02,sinkhorn_cellsim
1.114973e+03,32221,2.35315601605407e-05,2.11317330512742e-02,4.13293022744392e+02,sinkhorn_cellsim
1.115665e+03,32241,2.34677310727221e-05,2.11317335724650e-02,4.13293023783392e+02,sinkhorn_cellsim
1.116357e+03,32261,2.34040212333133e-05,2.11317341012378e-02,4.13293024818607e+02,sinkhorn_cellsim
1.117050e+03,32281,2.33404014978964e-05,2.11317346377990e-02,4.13293025850028e+02,sinkhorn_cellsim
1.117742e+03,32301,2.32768523095081e-05,2.11317351823523e-02,4.13293026877653e+02,sinkhorn_cellsim
1.118434e+03,32321,2.32133900632249e-05,2.11317357351061e-02,4.13293027901488e+02,sinkhorn_cellsim
1.119126e+03,32341,2.31501369282811e-05,2.11317362962808e-02,4.13293028921548e+02,sinkhorn_cellsim
1.119818e+03,32361,2.30869652972279e-05,2.11317368661144e-02,4.13293029937848e+02,sinkhorn_cellsim
1.120510e+03,32381,2.30243691226682e-05,2.11317374448678e-02,4.13293030950409e+02,sinkhorn_cellsim
1.121202e+03,32401,2.29622355028176e-05,2.11317380328268e-02,4.13293031959250e+02,sinkhorn_cellsim
1.121894e+03,32421,2.29000698883101e-05,2.11317386303029e-02,4.13293032964390e+02,sinkhorn_cellsim
1.122587e+03,32441,2.28379103915809e-05,2.11317392376312e-02,4.13293033965847e+02,sinkhorn_cellsim
1.123279e+03,32461,2.27756494633331e-05,2.11317398551643e-02,4.13293034963631e+02,sinkhorn_cellsim
1.123971e+03,32481,2.27132783498117e-05,2.11317404832639e-02,4.13293035957753e+02,sinkhorn_cellsim
1.124663e+03,32501,2.26508474564536e-05,2.11317411222885e-02,4.13293036948215e+02,sinkhorn_cellsim
1.125355e+03,32521,2.25884615300931e-05,2.11317417725786e-02,4.13293037935016e+02,sinkhorn_cellsim
1.126047e+03,32541,2.25260921138065e-05,2.11317424344380e-02,4.13293038918151e+02,sinkhorn_cellsim
1.126739e+03,32561,2.24637560299147e-05,2.11317431081143e-02,4.13293039897611e+02,sinkhorn_cellsim
1.127431e+03,32581,2.24012411524472e-05,2.11317437937757e-02,4.13293040873384e+02,sinkhorn_cellsim
1.128124e+03,32601,2.23386634524189e-05,2.11317444914886e-02,4.13293041845459e+02,sinkhorn_cellsim
1.128816e+03,32621,2.22761398199704e-05,2.11317452011943e-02,4.13293042813825e+02,sinkhorn_cellsim
1.129508e+03,32641,2.22139007323099e-05,2.11317459226869e-02,4.13293043778474e+02,sinkhorn_cellsim
1.130200e+03,32661,2.21520688110146e-05,2.11317466555933e-02,4.13293044739403e+02,sinkhorn_cellsim
1.130892e+03,32681,2.20901628591097e-05,2.11317473993567e-02,4.13293045696619e+02,sinkhorn_cellsim
1.131584e+03,32701,2.20280805766547e-05,2.11317481532244e-02,4.13293046650136e+02,sinkhorn_cellsim
1.132276e+03,32721,2.19662510438053e-05,2.11317489162410e-02,4.13293047599980e+02,sinkhorn_cellsim
1.132968e+03,32741,2.19049487271334e-05,2.11317496872481e-02,4.13293048546189e+02,sinkhorn_cellsim
1.133661e+03,32761,2.18438451027242e-05,2.11317504648899e-02,4.13293049488816e+02,sinkhorn_cellsim
1.134353e+03,32781,2.17828899970400e-05,2.11317512476273e-02,4.13293050427929e+02,sinkhorn_cellsim
1.135045e+03,32801,2.17223223196851e-05,2.11317520337576e-02,4.13293051363611e+02,sinkhorn_cellsim
1.135737e+03,32821,2.16620294158113e-05,2.11317528214416e-02,4.13293052295960e+02,sinkhorn_cellsim
1.136429e+03,32841,2.16018223286263e-05,2.11317536087353e-02,4.13293053225087e+02,sinkhorn_cellsim
1.137121e+03,32861,2.15419832065294e-05,2.11317543936269e-02,4.13293054151117e+02,sinkhorn_cellsim
1.137813e+03,32881,2.14823099821160e-05,2.11317551740759e-02,4.13293055074188e+02,sinkhorn_cellsim
1.138506e+03,32901,2.14228245486520e-05,2.11317559480542e-02,4.13293055994446e+02,sinkhorn_cellsim
1.139198e+03,32921,2.13636821553134e-05,2.11317567135859e-02,4.13293056912044e+02,sinkhorn_cellsim
1.139890e+03,32941,2.13049913974572e-05,2.11317574687850e-02,4.13293057827143e+02,sinkhorn_cellsim
1.140582e+03,32961,2.12466754524983e-05,2.11317582118904e-02,4.13293058739906e+02,sinkhorn_cellsim
1.141274e+03,32981,2.11888600750758e-05,2.11317589412946e-02,4.13293059650494e+02,sinkhorn_cellsim
1.141966e+03,33001,2.11317403880245e-05,2.11317596555676e-02,4.13293060559072e+02,sinkhorn_cellsim
1.142658e+03,33021,2.10753386942928e-05,2.11317603534741e-02,4.13293061465796e+02,sinkhorn_cellsim
1.143351e+03,33041,2.10193215879361e-05,2.11317610339841e-02,4.13293062370821e+02,sinkhorn_cellsim
1.144043e+03,33061,2.09635812359995e-05,2.11317616962771e-02,4.13293063274295e+02,sinkhorn_cellsim
1.144735e+03,33081,2.09080239238525e-05,2.11317623397412e-02,4.13293064176356e+02,sinkhorn_cellsim
1.145427e+03,33101,2.08526967900105e-05,2.11317629639654e-02,4.13293065077136e+02,sinkhorn_cellsim
1.146119e+03,33121,2.07976106289135e-05,2.11317635687291e-02,4.13293065976757e+02,sinkhorn_cellsim
1.146811e+03,33141,2.07431093939133e-05,2.11317641539877e-02,4.13293066875331e+02,sinkhorn_cellsim
1.147503e+03,33161,2.06890739655655e-05,2.11317647198547e-02,4.13293067772964e+02,sinkhorn_cellsim
1.148195e+03,33181,2.06354391338620e-05,2.11317652665845e-02,4.13293068669748e+02,sinkhorn_cellsim
1.148888e+03,33201,2.05821693011782e-05,2.11317657945515e-02,4.13293069565769e+02,sinkhorn_cellsim
1.149580e+03,33221,2.05292203369768e-05,2.11317663042323e-02,4.13293070461104e+02,sinkhorn_cellsim
1.150272e+03,33241,2.04766121307299e-05,2.11317667961854e-02,4.13293071355821e+02,sinkhorn_cellsim
1.150964e+03,33261,2.04243254677170e-05,2.11317672710349e-02,4.13293072249983e+02,sinkhorn_cellsim
1.151656e+03,33281,2.03723373812297e-05,2.11317677294527e-02,4.13293073143642e+02,sinkhorn_cellsim
1.152348e+03,33301,2.03207505609407e-05,2.11317681721447e-02,4.13293074036849e+02,sinkhorn_cellsim
1.153040e+03,33321,2.02695880475061e-05,2.11317685998373e-02,4.13293074929644e+02,sinkhorn_cellsim
1.153732e+03,33341,2.02187443333384e-05,2.11317690132657e-02,4.13293075822067e+02,sinkhorn_cellsim
1.154424e+03,33361,2.01682628899080e-05,2.11317694131647e-02,4.13293076714148e+02,sinkhorn_cellsim
1.155117e+03,33381,2.01181183930594e-05,2.11317698002600e-02,4.13293077605918e+02,sinkhorn_cellsim
1.155809e+03,33401,2.00683050292545e-05,2.11317701752623e-02,4.13293078497402e+02,sinkhorn_cellsim
1.156501e+03,33421,2.00188140523595e-05,2.11317705388614e-02,4.13293079388621e+02,sinkhorn_cellsim
1.157193e+03,33441,1.99696094757644e-05,2.11317708917224e-02,4.13293080279596e+02,sinkhorn_cellsim
1.157885e+03,33461,1.99207207595492e-05,2.11317712344830e-02,4.13293081170343e+02,sinkhorn_cellsim
1.158577e+03,33481,1.98721724228986e-05,2.11317715677511e-02,4.13293082060877e+02,sinkhorn_cellsim
1.159269e+03,33501,1.98239870371554e-05,2.11317718921038e-02,4.13293082951212e+02,sinkhorn_cellsim
1.159961e+03,33521,1.97761055500393e-05,2.11317722080868e-02,4.13293083841359e+02,sinkhorn_cellsim
1.160654e+03,33541,1.97284931596493e-05,2.11317725162140e-02,4.13293084731328e+02,sinkhorn_cellsim
1.161346e+03,33561,1.96811912275423e-05,2.11317728169683e-02,4.13293085621129e+02,sinkhorn_cellsim
1.162038e+03,33581,1.96341585875882e-05,2.11317731108019e-02,4.13293086510770e+02,sinkhorn_cellsim
1.162730e+03,33601,1.95874015195351e-05,2.11317733981377e-02,4.13293087400258e+02,sinkhorn_cellsim
1.163422e+03,33621,1.95410039327824e-05,2.11317736793700e-02,4.13293088289599e+02,sinkhorn_cellsim
1.164114e+03,33641,1.94948801752783e-05,2.11317739548660e-02,4.13293089178799e+02,sinkhorn_cellsim
1.164806e+03,33661,1.94489925513822e-05,2.11317742249673e-02,4.13293090067863e+02,sinkhorn_cellsim
1.165498e+03,33681,1.94033537606615e-05,2.11317744899910e-02,4.13293090956797e+02,sinkhorn_cellsim
1.166191e+03,33701,1.93579849977179e-05,2.11317747502313e-02,4.13293091845605e+02,sinkhorn_cellsim
1.166883e+03,33721,1.93128358676979e-05,2.11317750059609e-02,4.13293092734290e+02,sinkhorn_cellsim
1.167575e+03,33741,1.92679058309142e-05,2.11317752574326e-02,4.13293093622857e+02,sinkhorn_cellsim
1.168267e+03,33761,1.92232175270862e-05,2.11317755048803e-02,4.13293094511308e+02,sinkhorn_cellsim
1.168959e+03,33781,1.91787561185789e-05,2.11317757485205e-02,4.13293095399648e+02,sinkhorn_cellsim
1.169651e+03,33801,1.91345344563598e-05,2.11317759885536e-02,4.13293096287878e+02,sinkhorn_cellsim
1.170343e+03,33821,1.90905306791528e-05,2.11317762251650e-02,4.13293097176002e+02,sinkhorn_cellsim
1.171035e+03,33841,1.90467290273142e-05,2.11317764585263e-02,4.13293098064022e+02,sinkhorn_cellsim
1.171728e+03,33861,1.90031274650531e-05,2.11317766887962e-02,4.13293098951941e+02,sinkhorn_cellsim
1.172420e+03,33881,1.89597401070640e-05,2.11317769161217e-02,4.13293099839760e+02,sinkhorn_cellsim
1.173112e+03,33901,1.89165571729995e-05,2.11317771406389e-02,4.13293100727483e+02,sinkhorn_cellsim
1.173804e+03,33921,1.88735670561765e-05,2.11317773624738e-02,4.13293101615111e+02,sinkhorn_cellsim
1.174496e+03,33941,1.88307794721407e-05,2.11317775817433e-02,4.13293102502646e+02,sinkhorn_cellsim
1.175188e+03,33961,1.87881865196479e-05,2.11317777985558e-02,4.13293103390090e+02,sinkhorn_cellsim
1.175880e+03,33981,1.87457815037312e-05,2.11317780130117e-02,4.13293104277445e+02,sinkhorn_cellsim
1.176572e+03,34001,1.87036034593552e-05,2.11317782252045e-02,4.13293105164713e+02,sinkhorn_cellsim
1.177265e+03,34021,1.86616255631062e-05,2.11317784352210e-02,4.13293106051895e+02,sinkhorn_cellsim
1.177957e+03,34041,1.86198375624329e-05,2.11317786431418e-02,4.13293106938993e+02,sinkhorn_cellsim
1.178649e+03,34061,1.85782397598305e-05,2.11317788490422e-02,4.13293107826008e+02,sinkhorn_cellsim
1.179341e+03,34081,1.85368256752807e-05,2.11317790529922e-02,4.13293108712942e+02,sinkhorn_cellsim
1.180033e+03,34101,1.84955929353832e-05,2.11317792550570e-02,4.13293109599797e+02,sinkhorn_cellsim
1.180725e+03,34121,1.84545390284606e-05,2.11317794552979e-02,4.13293110486573e+02,sinkhorn_cellsim
1.181417e+03,34141,1.84136629602355e-05,2.11317796537718e-02,4.13293111373272e+02,sinkhorn_cellsim
1.182110e+03,34161,1.83729669790881e-05,2.11317798505321e-02,4.13293112259896e+02,sinkhorn_cellsim
1.182802e+03,34181,1.83324472754007e-05,2.11317800456288e-02,4.13293113146446e+02,sinkhorn_cellsim
1.183494e+03,34201,1.82921106392019e-05,2.11317802391089e-02,4.13293114032922e+02,sinkhorn_cellsim
1.184186e+03,34221,1.82519620359840e-05,2.11317804310165e-02,4.13293114919327e+02,sinkhorn_cellsim
1.184878e+03,34241,1.82119891709801e-05,2.11317806213930e-02,4.13293115805660e+02,sinkhorn_cellsim
1.185570e+03,34261,1.81721989561042e-05,2.11317808102774e-02,4.13293116691924e+02,sinkhorn_cellsim
1.186262e+03,34281,1.81325802347393e-05,2.11317809977066e-02,4.13293117578120e+02,sinkhorn_cellsim
1.186955e+03,34301,1.80931333852911e-05,2.11317811837153e-02,4.13293118464248e+02,sinkhorn_cellsim
1.187647e+03,34321,1.80538556823633e-05,2.11317813683362e-02,4.13293119350310e+02,sinkhorn_cellsim
1.188339e+03,34341,1.80147538285159e-05,2.11317815516005e-02,4.13293120236306e+02,sinkhorn_cellsim
1.189031e+03,34361,1.79758271477195e-05,2.11317817335377e-02,4.13293121122238e+02,sinkhorn_cellsim
1.189723e+03,34381,1.79370669573385e-05,2.11317819141754e-02,4.13293122008107e+02,sinkhorn_cellsim
1.190415e+03,34401,1.78984725662297e-05,2.11317820935404e-02,4.13293122893913e+02,sinkhorn_cellsim
1.191107e+03,34421,1.78600441488894e-05,2.11317822716578e-02,4.13293123779658e+02,sinkhorn_cellsim
1.191799e+03,34441,1.78217799736325e-05,2.11317824485516e-02,4.13293124665342e+02,sinkhorn_cellsim
1.192491e+03,34461,1.77836797425898e-05,2.11317826242447e-02,4.13293125550966e+02,sinkhorn_cellsim
1.193184e+03,34481,1.77457501570393e-05,2.11317827987588e-02,4.13293126436531e+02,sinkhorn_cellsim
1.193876e+03,34501,1.77079835619969e-05,2.11317829721149e-02,4.13293127322038e+02,sinkhorn_cellsim
1.194568e+03,34521,1.76703825847379e-05,2.11317831443329e-02,4.13293128207488e+02,sinkhorn_cellsim
1.195260e+03,34541,1.76329430145382e-05,2.11317833154318e-02,4.13293129092882e+02,sinkhorn_cellsim
1.195952e+03,34561,1.75956632724887e-05,2.11317834854301e-02,4.13293129978220e+02,sinkhorn_cellsim
1.196644e+03,34581,1.75585426664272e-05,2.11317836543450e-02,4.13293130863503e+02,sinkhorn_cellsim
1.197336e+03,34601,1.75215812232273e-05,2.11317838221937e-02,4.13293131748732e+02,sinkhorn_cellsim
1.198029e+03,34621,1.74847789302478e-05,2.11317839889923e-02,4.13293132633907e+02,sinkhorn_cellsim
1.198721e+03,34641,1.74481337201580e-05,2.11317841547562e-02,4.13293133519030e+02,sinkhorn_cellsim
1.199413e+03,34661,1.74116460642012e-05,2.11317843195007e-02,4.13293134404101e+02,sinkhorn_cellsim
1.200105e+03,34681,1.73753255429099e-05,2.11317844832400e-02,4.13293135289120e+02,sinkhorn_cellsim
1.200797e+03,34701,1.73391631382070e-05,2.11317846459883e-02,4.13293136174089e+02,sinkhorn_cellsim
1.201489e+03,34721,1.73031557719711e-05,2.11317848077589e-02,4.13293137059008e+02,sinkhorn_cellsim
1.202181e+03,34741,1.72673021829672e-05,2.11317849685649e-02,4.13293137943878e+02,sinkhorn_cellsim
1.202873e+03,34761,1.72316010593465e-05,2.11317851284189e-02,4.13293138828699e+02,sinkhorn_cellsim
1.203566e+03,34781,1.71960517668770e-05,2.11317852873330e-02,4.13293139713472e+02,sinkhorn_cellsim
1.204258e+03,34801,1.71606536744395e-05,2.11317854453192e-02,4.13293140598198e+02,sinkhorn_cellsim
1.204950e+03,34821,1.71254061517267e-05,2.11317856023887e-02,4.13293141482877e+02,sinkhorn_cellsim
1.205642e+03,34841,1.70903115615222e-05,2.11317857585529e-02,4.13293142367509e+02,sinkhorn_cellsim
1.206334e+03,34861,1.70553675086158e-05,2.11317859138221e-02,4.13293143252096e+02,sinkhorn_cellsim
1.207026e+03,34881,1.70205743325055e-05,2.11317860682072e-02,4.13293144136638e+02,sinkhorn_cellsim
1.207718e+03,34901,1.69859336255142e-05,2.11317862217180e-02,4.13293145021136e+02,sinkhorn_cellsim
1.208410e+03,34921,1.69514459703350e-05,2.11317863743648e-02,4.13293145905589e+02,sinkhorn_cellsim
1.209102e+03,34941,1.69171047248962e-05,2.11317865261568e-02,4.13293146789999e+02,sinkhorn_cellsim
1.209795e+03,34961,1.68829140068863e-05,2.11317866771035e-02,4.13293147674367e+02,sinkhorn_cellsim
1.210487e+03,34981,1.68488729132859e-05,2.11317868272140e-02,4.13293148558692e+02,sinkhorn_cellsim
1.211179e+03,35001,1.68149797525479e-05,2.11317869764972e-02,4.13293149442975e+02,sinkhorn_cellsim
1.211871e+03,35021,1.67812350713609e-05,2.11317871249617e-02,4.13293150327216e+02,sinkhorn_cellsim
1.212563e+03,35041,1.67476335727446e-05,2.11317872726159e-02,4.13293151211417e+02,sinkhorn_cellsim
1.213255e+03,35061,1.67141748034100e-05,2.11317874194681e-02,4.13293152095578e+02,sinkhorn_cellsim
1.213947e+03,35081,1.66808579133858e-05,2.11317875655262e-02,4.13293152979698e+02,sinkhorn_cellsim
1.214639e+03,35101,1.66476843470145e-05,2.11317877107982e-02,4.13293153863780e+02,sinkhorn_cellsim
c_index=0.0,Sw=0.021131787710798162,Smin=0.021131787710798162,Smax=0.021131787710798162,Nw=66,pairs=190
