time(s),iter,infeas,ot_objective,primal,dual,solver
1.262840e-04,1,2.62896020557031e-01,1.69950594147327e-01,6.56779676234155e-01,0.00000000000000e+00,lamp_kernel
3.571372e-01,21,8.22921061047883e-02,1.53483441305619e-01,3.05871409724087e-01,6.23175132673154e-03,lamp_kernel
7.142154e-01,41,5.61675536208640e-02,1.41476390469286e-01,2.45487088365628e-01,5.22431123865090e-03,lamp_kernel
1.071711e+00,61,3.93495176368226e-02,1.28717751012391e-01,2.01584923026271e-01,5.66116908862739e-03,lamp_kernel
1.429844e+00,81,3.08325704239975e-02,1.12895237578421e-01,1.69990784046139e-01,7.53682956201823e-03,lamp_kernel
1.788438e+00,101,2.42529517111146e-02,9.47183492838525e-02,1.39629802087136e-01,1.05564572260500e-02,lamp_kernel
2.147454e+00,121,1.65392496759938e-02,7.73099756363141e-02,1.07937246909225e-01,1.41599079717640e-02,lamp_kernel
2.506728e+00,141,1.02341455663629e-02,6.36599087523155e-02,8.26114306561422e-02,1.77207967216326e-02,lamp_kernel
2.866291e+00,161,6.83121687223135e-03,5.45226304136775e-02,6.71726318568260e-02,2.08026231620811e-02,lamp_kernel
3.225900e+00,181,5.17813915461978e-03,4.88702788271855e-02,5.84591220748700e-02,2.32762270914896e-02,lamp_kernel
3.585570e+00,201,4.15224319582628e-03,4.53971057614576e-02,5.30862017749397e-02,2.52100531885194e-02,lamp_kernel
3.945322e+00,221,3.42959430305139e-03,4.31945687809548e-02,4.95454684368229e-02,2.67242819082024e-02,lamp_kernel
4.305056e+00,241,2.94124372630830e-03,4.17242909364121e-02,4.71708662799202e-02,2.79232463946265e-02,lamp_kernel
4.664882e+00,261,2.57926299280477e-03,4.06842952407086e-02,4.54605570973436e-02,2.88851606415648e-02,lamp_kernel
5.024724e+00,281,2.29532885978622e-03,3.99061093157629e-02,4.41565838552005e-02,2.96662602732045e-02,lamp_kernel
5.384521e+00,301,2.05889400631328e-03,3.92954279551072e-02,4.31080740236319e-02,3.03081552574958e-02,lamp_kernel
5.744310e+00,321,1.83573261130060e-03,3.87985981846393e-02,4.21979954833232e-02,3.08410522843301e-02,lamp_kernel
6.104141e+00,341,1.63665367576501e-03,3.83841260693513e-02,4.14148703346258e-02,3.12872129659200e-02,lamp_kernel
6.464034e+00,361,1.44187436656317e-03,3.80326159181111e-02,4.07026691690929e-02,3.16644256573539e-02,lamp_kernel
6.823923e+00,381,1.25874523452254e-03,3.77313385510923e-02,4.00622745074654e-02,3.19861029231362e-02,lamp_kernel
7.183820e+00,401,1.08397591154515e-03,3.74713747739376e-02,3.94786740738800e-02,3.22625824182194e-02,lamp_kernel
7.543759e+00,421,9.33049089176945e-04,3.72460438097107e-02,3.89738578354366e-02,3.25014478749494e-02,lamp_kernel
7.903679e+00,441,8.03296321790093e-04,3.70500782713116e-02,3.85376169953752e-02,3.27093540840214e-02,lamp_kernel
8.263619e+00,461,6.96687187260359e-04,3.68791500826897e-02,3.81692707287039e-02,3.28917039122696e-02,lamp_kernel
8.623542e+00,481,6.11657426552780e-04,3.67296192202608e-02,3.78622823274823e-02,3.30525582963506e-02,lamp_kernel
8.983475e+00,501,5.41767682852543e-04,3.65983802447286e-02,3.76016219947885e-02,3.31950198021509e-02,lamp_kernel
9.343442e+00,521,4.90968057506749e-04,3.64827743157011e-02,3.73919456613287e-02,3.33219440680215e-02,lamp_kernel
9.703389e+00,541,4.47499464393990e-04,3.63805255585672e-02,3.72092020559279e-02,3.34353972186050e-02,lamp_kernel
1.006335e+01,561,4.06783655742204e-04,3.62896945533826e-02,3.70429737902204e-02,3.35372831879979e-02,lamp_kernel
1.042331e+01,581,3.66318351332403e-04,3.62086359446286e-02,3.68869818030134e-02,3.36292187091152e-02,lamp_kernel
1.078326e+01,601,3.26194096941471e-04,3.61359623738377e-02,3.67400064078999e-02,3.37123865116847e-02,lamp_kernel
1.114322e+01,621,2.86689395128176e-04,3.60705099849912e-02,3.66013994780256e-02,3.37878930216139e-02,lamp_kernel
1.150318e+01,641,2.49560643070521e-04,3.60113071658326e-02,3.64734418856112e-02,3.38566430048908e-02,lamp_kernel
1.186314e+01,661,2.17091224805414e-04,3.59575457362187e-02,3.63595538057102e-02,3.39194668501095e-02,lamp_kernel
1.222312e+01,681,1.88813412212402e-04,3.59085544543515e-02,3.62581978607382e-02,3.39771030909402e-02,lamp_kernel
1.258310e+01,701,1.63186111229365e-04,3.58637757158966e-02,3.61659626587448e-02,3.40300922735958e-02,lamp_kernel
1.294313e+01,721,1.41297406950884e-04,3.58227446574922e-02,3.60843982450262e-02,3.40789380234792e-02,lamp_kernel
1.330314e+01,741,1.23276419302303e-04,3.57850712613230e-02,3.60133537051756e-02,3.41241213623067e-02,lamp_kernel
1.366313e+01,761,1.08814416666659e-04,3.57504253114436e-02,3.59519271161168e-02,3.41659965914376e-02,lamp_kernel
1.402313e+01,781,9.86526011821417e-05,3.57185236918956e-02,3.59012079150238e-02,3.42049256069045e-02,lamp_kernel
1.438314e+01,801,8.93640963926237e-05,3.56891204117161e-02,3.58546042441688e-02,3.42411839898288e-02,lamp_kernel
1.474310e+01,821,8.06902408758069e-05,3.56619985263074e-02,3.58114201714723e-02,3.42750111199415e-02,lamp_kernel
1.510319e+01,841,7.31061460618990e-05,3.56369639687837e-02,3.57723414381985e-02,3.43066465266708e-02,lamp_kernel
1.546322e+01,861,6.63345802724322e-05,3.56138410025250e-02,3.57366789319703e-02,3.43362938227419e-02,lamp_kernel
1.582322e+01,881,6.03507496791753e-05,3.55924688096943e-02,3.57042259219066e-02,3.43641449434882e-02,lamp_kernel
1.618322e+01,901,5.41895134716014e-05,3.55726991629127e-02,3.56730469393690e-02,3.43903146999829e-02,lamp_kernel
1.654323e+01,921,4.79253751392568e-05,3.55543948624533e-02,3.56431427496913e-02,3.44149366398793e-02,lamp_kernel
1.690322e+01,941,4.22008385192972e-05,3.55374286612181e-02,3.56155758900583e-02,3.44381529719268e-02,lamp_kernel
1.726324e+01,961,3.74474148731771e-05,3.55216826373111e-02,3.55910275082247e-02,3.44600970245862e-02,lamp_kernel
1.762332e+01,981,3.32398199163121e-05,3.55070477886038e-02,3.55686010634853e-02,3.44808687751098e-02,lamp_kernel
1.798335e+01,1001,2.94410829257708e-05,3.54934237259087e-02,3.55479425251892e-02,3.45005496636395e-02,lamp_kernel
1.834335e+01,1021,2.59622782634665e-05,3.54807184591494e-02,3.55287952313619e-02,3.45192122766551e-02,lamp_kernel
1.870337e+01,1041,2.26562142328198e-05,3.54688481578188e-02,3.55108027829027e-02,3.45369373173159e-02,lamp_kernel
1.906336e+01,1061,1.95786189886367e-05,3.54577368569271e-02,3.54939924118441e-02,3.45537919054544e-02,lamp_kernel
1.942336e+01,1081,1.72785643598037e-05,3.54473161233223e-02,3.54793124525526e-02,3.45698478718498e-02,lamp_kernel
1.978336e+01,1101,1.51434067203538e-05,3.54375246500284e-02,3.54655671087073e-02,3.45851503783807e-02,lamp_kernel
2.014337e+01,1121,1.35142961723428e-05,3.54283077772869e-02,3.54533334600139e-02,3.45997476262239e-02,lamp_kernel
2.050337e+01,1141,1.23328127853377e-05,3.54196169777828e-02,3.54424547975227e-02,3.46136912217137e-02,lamp_kernel
2.086335e+01,1161,1.13008661792631e-05,3.54114093040122e-02,3.54323361719701e-02,3.46270150926771e-02,lamp_kernel
2.122332e+01,1181,1.03819281361257e-05,3.54036468099780e-02,3.54228719946502e-02,3.46397602589251e-02,lamp_kernel
2.158331e+01,1201,9.51756373198742e-06,3.53962959794182e-02,3.54139205399023e-02,3.46519745482806e-02,lamp_kernel
2.194328e+01,1221,8.74376546651673e-06,3.53893271703116e-02,3.54055188163739e-02,3.46636906740403e-02,lamp_kernel
2.230326e+01,1241,8.05884083394350e-06,3.53827140832568e-02,3.53976373904927e-02,3.46749276798350e-02,lamp_kernel
2.266323e+01,1261,7.45603673079509e-06,3.53764332719366e-02,3.53902403105900e-02,3.46857116871813e-02,lamp_kernel
2.302322e+01,1281,6.80404475328002e-06,3.53704637043371e-02,3.53830633886331e-02,3.46960695624293e-02,lamp_kernel
2.338319e+01,1301,6.12280063618690e-06,3.53647863729889e-02,3.53761245340124e-02,3.47060293507078e-02,lamp_kernel
2.374318e+01,1321,5.42323913480583e-06,3.53593839592689e-02,3.53694266770108e-02,3.47156075976065e-02,lamp_kernel
2.410317e+01,1341,4.70946227688776e-06,3.53542405536444e-02,3.53629615042032e-02,3.47248297393916e-02,lamp_kernel
2.446317e+01,1361,4.07815926615773e-06,3.53493414255666e-02,3.53568933334576e-02,3.47337202334945e-02,lamp_kernel
2.482317e+01,1381,3.53737120522838e-06,3.53446728381847e-02,3.53512233183829e-02,3.47422942080426e-02,lamp_kernel
2.518318e+01,1401,3.06824540157209e-06,3.53402219053532e-02,3.53459036615445e-02,3.47505705607805e-02,lamp_kernel
2.554323e+01,1421,2.67758499107815e-06,3.53359764843134e-02,3.53409348181849e-02,3.47585612721250e-02,lamp_kernel
2.590326e+01,1441,2.33232200507934e-06,3.53319250959501e-02,3.53362440741471e-02,3.47662796776966e-02,lamp_kernel
2.626327e+01,1461,2.11300633989703e-06,3.53280568680155e-02,3.53319697189393e-02,3.47737379606538e-02,lamp_kernel
2.662329e+01,1481,1.97893914602489e-06,3.53243614968484e-02,3.53280260830446e-02,3.47809483436312e-02,lamp_kernel
2.700872e+01,1501,1.86712475263237e-06,3.53208292214257e-02,3.53242867504805e-02,3.47879215405553e-02,lamp_kernel
2.736874e+01,1521,1.77038006968536e-06,3.53174508050582e-02,3.53207291829600e-02,3.47946665534190e-02,lamp_kernel
2.772887e+01,1541,1.67923931667013e-06,3.53142175223284e-02,3.53173271263970e-02,3.48012003107433e-02,lamp_kernel
2.808892e+01,1561,1.57898669281167e-06,3.53111211487437e-02,3.53140451056779e-02,3.48075336944358e-02,lamp_kernel
2.844900e+01,1581,1.46928018927537e-06,3.53081539501621e-02,3.53108747533312e-02,3.48136740252738e-02,lamp_kernel
2.880907e+01,1601,1.34819206047363e-06,3.53053086705730e-02,3.53078052435598e-02,3.48196285991683e-02,lamp_kernel
2.916915e+01,1621,1.22458290512588e-06,3.53025785181113e-02,3.53048461924959e-02,3.48254090861957e-02,lamp_kernel
2.952915e+01,1641,1.09838601607739e-06,3.52999571488625e-02,3.53019911326970e-02,3.48310228719204e-02,lamp_kernel
2.988918e+01,1661,9.82533251677120e-07,3.52974386478500e-02,3.52992580963149e-02,3.48364748912140e-02,lamp_kernel
3.024922e+01,1681,8.81676660741362e-07,3.52950175074813e-02,3.52966501903897e-02,3.48417725133325e-02,lamp_kernel
3.060925e+01,1701,7.90588298508047e-07,3.52926886043184e-02,3.52941526104105e-02,3.48469221143561e-02,lamp_kernel
3.096928e+01,1721,7.13269267340950e-07,3.52904471746997e-02,3.52917680019301e-02,3.48519299429732e-02,lamp_kernel
3.132930e+01,1741,6.50798080385741e-07,3.52882887894243e-02,3.52894939329309e-02,3.48568015014466e-02,lamp_kernel
3.168931e+01,1761,5.94674606821354e-07,3.52862093280586e-02,3.52873105424946e-02,3.48615334515377e-02,lamp_kernel
3.204935e+01,1781,5.43334868955907e-07,3.52842049536804e-02,3.52852110975352e-02,3.48661393466414e-02,lamp_kernel
3.240941e+01,1801,4.95437238045400e-07,3.52822720885946e-02,3.52831895359387e-02,3.48706253274972e-02,lamp_kernel
3.276943e+01,1821,4.60647626562728e-07,3.52804073912013e-02,3.52812604153769e-02,3.48749963783953e-02,lamp_kernel
3.312946e+01,1841,4.39561965936586e-07,3.52786077342378e-02,3.52794217121289e-02,3.48792550248950e-02,lamp_kernel
3.348950e+01,1861,4.27268088285029e-07,3.52768701847388e-02,3.52776613969100e-02,3.48834042172309e-02,lamp_kernel
3.384955e+01,1881,4.15065568138209e-07,3.52751919859271e-02,3.52759606015536e-02,3.48874461370597e-02,lamp_kernel
3.420959e+01,1901,3.98875087024323e-07,3.52735705409903e-02,3.52743091751928e-02,3.48913874693023e-02,lamp_kernel
3.456962e+01,1921,3.78712609081388e-07,3.52720033986227e-02,3.52727046960842e-02,3.48952330300470e-02,lamp_kernel
3.492966e+01,1941,3.57600294026992e-07,3.52704882402890e-02,3.52711504421076e-02,3.48989854509092e-02,lamp_kernel
3.528970e+01,1961,3.35495540916867e-07,3.52690228691605e-02,3.52696441375460e-02,3.49026486673328e-02,lamp_kernel
3.564975e+01,1981,3.13621152324305e-07,3.52676052005742e-02,3.52681859621140e-02,3.49062265013864e-02,lamp_kernel
3.600980e+01,2001,2.93803440032920e-07,3.52662332537759e-02,3.52667773170095e-02,3.49097208864607e-02,lamp_kernel
3.636986e+01,2021,2.76432790518684e-07,3.52649051447612e-02,3.52654170411428e-02,3.49131343591340e-02,lamp_kernel
3.672992e+01,2041,2.60116393815207e-07,3.52636190800749e-02,3.52641007618629e-02,3.49164702067087e-02,lamp_kernel
3.709000e+01,2061,2.47192226700574e-07,3.52623733514446e-02,3.52628311003469e-02,3.49197318366469e-02,lamp_kernel
3.745005e+01,2081,2.35980931550607e-07,3.52611663310713e-02,3.52616033189727e-02,3.49229204490325e-02,lamp_kernel
3.781018e+01,2101,2.24444994033650e-07,3.52599964674212e-02,3.52604120931510e-02,3.49260385149779e-02,lamp_kernel
3.817028e+01,2121,2.12744785718963e-07,3.52588622814053e-02,3.52592562407681e-02,3.49290888779844e-02,lamp_kernel
3.853038e+01,2141,2.01611820341490e-07,3.52577623628760e-02,3.52581357062884e-02,3.49320719580233e-02,lamp_kernel
3.889048e+01,2161,1.92940033054817e-07,3.52566953673875e-02,3.52570526524426e-02,3.49349914387508e-02,lamp_kernel
3.925063e+01,2181,1.86325439030862e-07,3.52556600131428e-02,3.52560050493372e-02,3.49378490093071e-02,lamp_kernel
3.961078e+01,2201,1.80383548392177e-07,3.52546550780634e-02,3.52549891111047e-02,3.49406470541287e-02,lamp_kernel
3.997093e+01,2221,1.75771101071086e-07,3.52536793969662e-02,3.52540048887086e-02,3.49433871110619e-02,lamp_kernel
4.033120e+01,2241,1.73083556528926e-07,3.52527318588308e-02,3.52530523737963e-02,3.49460708492326e-02,lamp_kernel
4.069145e+01,2261,1.69917651840889e-07,3.52518114041707e-02,3.52521260565351e-02,3.49486983416946e-02,lamp_kernel
4.105163e+01,2281,1.66323556061504e-07,3.52509170224850e-02,3.52512250193271e-02,3.49512711913662e-02,lamp_kernel
4.141183e+01,2301,1.62311252564701e-07,3.52500477497855e-02,3.52503483166709e-02,3.49537922813870e-02,lamp_kernel
4.177202e+01,2321,1.58412580698950e-07,3.52492026661981e-02,3.52494960135492e-02,3.49562643105265e-02,lamp_kernel
4.213224e+01,2341,1.54462426225097e-07,3.52483808936505e-02,3.52486669261322e-02,3.49586883032364e-02,lamp_kernel
4.249248e+01,2361,1.50271303625693e-07,3.52475815936675e-02,3.52478598650565e-02,3.49610648252471e-02,lamp_kernel
4.285276e+01,2381,1.46325312653445e-07,3.52468039652631e-02,3.52470749294926e-02,3.49633949292928e-02,lamp_kernel
4.321303e+01,2401,1.42851058214652e-07,3.52460472429392e-02,3.52463117735677e-02,3.49656814777514e-02,lamp_kernel
4.357334e+01,2421,1.39518985852547e-07,3.52453106947737e-02,3.52455690550930e-02,3.49679245507719e-02,lamp_kernel
4.393364e+01,2441,1.36070792331194e-07,3.52445936206146e-02,3.52448455955923e-02,3.49701260364177e-02,lamp_kernel
4.429396e+01,2461,1.32781218807287e-07,3.52438953503844e-02,3.52441412337520e-02,3.49722868183527e-02,lamp_kernel
4.465429e+01,2481,1.29556129418310e-07,3.52432152424899e-02,3.52434551536587e-02,3.49744071893291e-02,lamp_kernel
4.501465e+01,2501,1.26545808131645e-07,3.52425526823295e-02,3.52427870190056e-02,3.49764888151975e-02,lamp_kernel
4.537501e+01,2521,1.23972342692678e-07,3.52419070808959e-02,3.52421366520460e-02,3.49785328318674e-02,lamp_kernel
4.573542e+01,2541,1.21714313268615e-07,3.52412778734623e-02,3.52415032632088e-02,3.49805409831914e-02,lamp_kernel
4.609583e+01,2561,1.19590439204676e-07,3.52406645183528e-02,3.52408859751235e-02,3.49825120898190e-02,lamp_kernel
4.645626e+01,2581,1.17488264130135e-07,3.52400664958012e-02,3.52402840597783e-02,3.49844490242798e-02,lamp_kernel
4.681672e+01,2601,1.15464250916578e-07,3.52394833068836e-02,3.52396971228066e-02,3.49863526266623e-02,lamp_kernel
4.717721e+01,2621,1.13731728903930e-07,3.52389144725137e-02,3.52391250801641e-02,3.49882239882194e-02,lamp_kernel
4.753771e+01,2641,1.12135283202092e-07,3.52383595324998e-02,3.52385671838627e-02,3.49900633506389e-02,lamp_kernel
4.789824e+01,2661,1.10504857905994e-07,3.52378180446597e-02,3.52380226768121e-02,3.49918716801217e-02,lamp_kernel
4.825880e+01,2681,1.08808009720138e-07,3.52372895839836e-02,3.52374910739239e-02,3.49936499070719e-02,lamp_kernel
4.861939e+01,2701,1.07119027076585e-07,3.52367737418533e-02,3.52369721041470e-02,3.49953987406230e-02,lamp_kernel
4.897999e+01,2721,1.05456495975670e-07,3.52362701253033e-02,3.52364654089330e-02,3.49971190150320e-02,lamp_kernel
4.934061e+01,2741,1.03829802794665e-07,3.52357783563183e-02,3.52359706276486e-02,3.49988115636060e-02,lamp_kernel
4.970127e+01,2761,1.02277183222090e-07,3.52352980711677e-02,3.52354874673674e-02,3.50004766755537e-02,lamp_kernel
5.006196e+01,2781,1.00776196143769e-07,3.52348289197730e-02,3.52350155364550e-02,3.50021150174392e-02,lamp_kernel
5.042269e+01,2801,9.93120444396257e-08,3.52343705651099e-02,3.52345544704857e-02,3.50037266576518e-02,lamp_kernel
5.078344e+01,2821,9.78735494109679e-08,3.52339226826381e-02,3.52341039242184e-02,3.50053129797512e-02,lamp_kernel
5.114423e+01,2841,9.65157718565956e-08,3.52334849597625e-02,3.52336636870195e-02,3.50068746103247e-02,lamp_kernel
5.150506e+01,2861,9.52373886377792e-08,3.52330570953167e-02,3.52332334552722e-02,3.50084120716775e-02,lamp_kernel
5.186610e+01,2881,9.40633053414123e-08,3.52326387990712e-02,3.52328129848672e-02,3.50099256451481e-02,lamp_kernel
5.222706e+01,2901,9.29631489395307e-08,3.52322297912638e-02,3.52324019397975e-02,3.50114161265822e-02,lamp_kernel
5.258803e+01,2921,9.19222890477519e-08,3.52318298021526e-02,3.52320000232290e-02,3.50128841273137e-02,lamp_kernel
5.294901e+01,2941,9.09019255435053e-08,3.52314385715939e-02,3.52316069031680e-02,3.50143302471778e-02,lamp_kernel
5.331004e+01,2961,8.98907159641227e-08,3.52310558486375e-02,3.52312223076605e-02,3.50157549695574e-02,lamp_kernel
5.367113e+01,2981,8.88856316812171e-08,3.52306813911431e-02,3.52308459889578e-02,3.50171587637588e-02,lamp_kernel
5.403228e+01,3001,8.79140552899072e-08,3.52303149654117e-02,3.52304777640678e-02,3.50185420855170e-02,lamp_kernel
5.439345e+01,3021,8.70235700326806e-08,3.52299563458339e-02,3.52301174954954e-02,3.50199053774810e-02,lamp_kernel
5.475466e+01,3041,8.61413935030753e-08,3.52296053145598e-02,3.52297648306128e-02,3.50212490696771e-02,lamp_kernel
5.511593e+01,3061,8.52873115050199e-08,3.52292616611776e-02,3.52294195956473e-02,3.50225733001926e-02,lamp_kernel
5.547725e+01,3081,8.44538208333039e-08,3.52289251824188e-02,3.52290815734360e-02,3.50238784712746e-02,lamp_kernel
5.583862e+01,3101,8.36313881993079e-08,3.52285956818649e-02,3.52287505499069e-02,3.50251652395744e-02,lamp_kernel
5.620000e+01,3121,8.28212497618635e-08,3.52282729696771e-02,3.52284263375101e-02,3.50264339451921e-02,lamp_kernel
5.656147e+01,3141,8.20290181314903e-08,3.52279568623317e-02,3.52281087631156e-02,3.50276844504922e-02,lamp_kernel
5.692299e+01,3161,8.12490371839571e-08,3.52276471823719e-02,3.52277976387923e-02,3.50289177245802e-02,lamp_kernel
5.728457e+01,3181,8.04899516581213e-08,3.52273437581704e-02,3.52274928089213e-02,3.50301341198716e-02,lamp_kernel
5.764620e+01,3201,7.97506150734263e-08,3.52270464237010e-02,3.52271941053534e-02,3.50313339792617e-02,lamp_kernel
5.800791e+01,3221,7.90260073940511e-08,3.52267550183272e-02,3.52269013581560e-02,3.50325176364428e-02,lamp_kernel
5.836969e+01,3241,7.83254046041463e-08,3.52264693865905e-02,3.52266144290478e-02,3.50336852952296e-02,lamp_kernel
5.873150e+01,3261,7.76432036947915e-08,3.52261893780172e-02,3.52263331571795e-02,3.50348367267106e-02,lamp_kernel
5.909335e+01,3281,7.69757897661594e-08,3.52259148469245e-02,3.52260573901741e-02,3.50359729204955e-02,lamp_kernel
5.945524e+01,3301,7.63305909251009e-08,3.52256456522443e-02,3.52257870007190e-02,3.50370941760193e-02,lamp_kernel
5.981720e+01,3321,7.57031905509492e-08,3.52253816573478e-02,3.52255218440067e-02,3.50382007849382e-02,lamp_kernel
6.017922e+01,3341,7.50917572091520e-08,3.52251227298841e-02,3.52252617842949e-02,3.50392930313796e-02,lamp_kernel
6.054127e+01,3361,7.44959062158606e-08,3.52248687416190e-02,3.52250066926369e-02,3.50403710884416e-02,lamp_kernel
6.090341e+01,3381,7.39116833950711e-08,3.52246195682879e-02,3.52247564374459e-02,3.50414349634202e-02,lamp_kernel
6.126559e+01,3401,7.33336261575291e-08,3.52243750894463e-02,3.52245108881619e-02,3.50424852200638e-02,lamp_kernel
6.162780e+01,3421,7.27681422163301e-08,3.52241351883329e-02,3.52242699398891e-02,3.50435220224937e-02,lamp_kernel
6.199012e+01,3441,7.22173843894604e-08,3.52238997517378e-02,3.52240334834043e-02,3.50445458015585e-02,lamp_kernel
6.235250e+01,3461,7.16832208456590e-08,3.52236686698733e-02,3.52238014123794e-02,3.50455568002699e-02,lamp_kernel
6.271492e+01,3481,7.11671841917978e-08,3.52234418362551e-02,3.52235736231679e-02,3.50465552556388e-02,lamp_kernel
6.307741e+01,3501,7.06561546206131e-08,3.52232191475838e-02,3.52233499881755e-02,3.50475413988580e-02,lamp_kernel
6.344002e+01,3521,7.01480609052531e-08,3.52230005036330e-02,3.52231304033402e-02,3.50485154554797e-02,lamp_kernel
6.380262e+01,3541,6.96451661701643e-08,3.52227858071404e-02,3.52229147755905e-02,3.50494776455858e-02,lamp_kernel
6.416528e+01,3561,6.91505948713867e-08,3.52225749637071e-02,3.52227030163134e-02,3.50504281839523e-02,lamp_kernel
6.452799e+01,3581,6.86616624294413e-08,3.52223678816964e-02,3.52224950289009e-02,3.50513672612554e-02,lamp_kernel
6.489076e+01,3601,6.81783693637580e-08,3.52221644721401e-02,3.52222907243858e-02,3.50522948117277e-02,lamp_kernel
6.525359e+01,3621,6.77007687096664e-08,3.52219646486495e-02,3.52220900164775e-02,3.50532113304914e-02,lamp_kernel
6.561645e+01,3641,6.72301015272599e-08,3.52217683273252e-02,3.52218928235749e-02,3.50541170056313e-02,lamp_kernel
6.597938e+01,3661,6.67687759514115e-08,3.52215754266740e-02,3.52216990686441e-02,3.50550120076555e-02,lamp_kernel
6.634236e+01,3681,6.63191592772563e-08,3.52213858675285e-02,3.52215086769015e-02,3.50558965494631e-02,lamp_kernel
6.670539e+01,3701,6.58733145445380e-08,3.52211995729687e-02,3.52213215567293e-02,3.50567708126962e-02,lamp_kernel
6.706852e+01,3721,6.54315309964506e-08,3.52210164682489e-02,3.52211376339178e-02,3.50576349748188e-02,lamp_kernel
6.743166e+01,3741,6.49994957010613e-08,3.52208364807239e-02,3.52209568463527e-02,3.50584892092353e-02,lamp_kernel
6.779488e+01,3761,6.45690029307513e-08,3.52206595397830e-02,3.52207791082282e-02,3.50593336854064e-02,lamp_kernel
6.815813e+01,3781,6.41396395133222e-08,3.52204855767832e-02,3.52206043501361e-02,3.50601685474933e-02,lamp_kernel
6.852145e+01,3801,6.37119729546999e-08,3.52203145249840e-02,3.52204325063868e-02,3.50609938217448e-02,lamp_kernel
6.888479e+01,3821,6.32868549157131e-08,3.52201463194857e-02,3.52202635136578e-02,3.50618098273423e-02,lamp_kernel
6.924824e+01,3841,6.28684901339687e-08,3.52199808971698e-02,3.52200973166168e-02,3.50626167189640e-02,lamp_kernel
6.961171e+01,3861,6.24593885590338e-08,3.52198181966441e-02,3.52199338585196e-02,3.50634146478669e-02,lamp_kernel
6.997522e+01,3881,6.20533846919877e-08,3.52196581581863e-02,3.52197730682266e-02,3.50642037619810e-02,lamp_kernel
7.033877e+01,3901,6.16488149905748e-08,3.52195007236930e-02,3.52196148845538e-02,3.50649842060003e-02,lamp_kernel
7.070239e+01,3921,6.12462739620818e-08,3.52193458366252e-02,3.52194592520633e-02,3.50657561214706e-02,lamp_kernel
7.106608e+01,3941,6.08450835677816e-08,3.52191934419613e-02,3.52193061144777e-02,3.50665196468744e-02,lamp_kernel
7.142983e+01,3961,6.04487702305752e-08,3.52190434861491e-02,3.52191554247751e-02,3.50672749166165e-02,lamp_kernel
7.179365e+01,3981,6.00544231171371e-08,3.52188959170599e-02,3.52190071254366e-02,3.50680220520016e-02,lamp_kernel
7.215748e+01,4001,5.96577290254985e-08,3.52187506839424e-02,3.52188611577236e-02,3.50687611957373e-02,lamp_kernel
7.252140e+01,4021,5.92560817776888e-08,3.52186077373831e-02,3.52187174673967e-02,3.50694924748314e-02,lamp_kernel
7.288536e+01,4041,5.88515232806159e-08,3.52184670292638e-02,3.52185760101186e-02,3.50702159499074e-02,lamp_kernel
7.324939e+01,4061,5.84491706835869e-08,3.52183285127199e-02,3.52184367485010e-02,3.50709317193122e-02,lamp_kernel
7.361350e+01,4081,5.80441224927449e-08,3.52181921421050e-02,3.52182996278205e-02,3.50716399113710e-02,lamp_kernel
7.397764e+01,4101,5.76342435665543e-08,3.52180578729500e-02,3.52181645996544e-02,3.50723406539071e-02,lamp_kernel
7.434187e+01,4121,5.72172228372057e-08,3.52179256619293e-02,3.52180316163976e-02,3.50730341154452e-02,lamp_kernel
7.470621e+01,4141,5.67930626637929e-08,3.52177954668258e-02,3.52179006358371e-02,3.50737204267495e-02,lamp_kernel
7.507052e+01,4161,5.63591017280244e-08,3.52176672464966e-02,3.52177716119020e-02,3.50743996973666e-02,lamp_kernel
7.543491e+01,4181,5.59166889812907e-08,3.52175409608401e-02,3.52176445069885e-02,3.50750720346181e-02,lamp_kernel
7.579931e+01,4201,5.54655788957955e-08,3.52174165707664e-02,3.52175192815522e-02,3.50757375436568e-02,lamp_kernel
7.616382e+01,4221,5.50072092107654e-08,3.52172940381639e-02,3.52173959001438e-02,3.50763963275209e-02,lamp_kernel
7.652837e+01,4241,5.45411144390831e-08,3.52171733258732e-02,3.52172743247419e-02,3.50770484871875e-02,lamp_kernel
7.693860e+01,4261,5.40681520373178e-08,3.52170543976554e-02,3.52171545206956e-02,3.50776941216236e-02,lamp_kernel
7.730329e+01,4281,5.36404581101914e-08,3.52169372181646e-02,3.52170365492040e-02,3.50783333278355e-02,lamp_kernel
7.766806e+01,4301,5.33820008363526e-08,3.52168217529217e-02,3.52169206053517e-02,3.50789661776656e-02,lamp_kernel
7.803283e+01,4321,5.31222247591345e-08,3.52167079682908e-02,3.52168063396692e-02,3.50795927581210e-02,lamp_kernel
7.839769e+01,4341,5.28607827964119e-08,3.52165958314512e-02,3.52166937186932e-02,3.50802131912503e-02,lamp_kernel
7.876257e+01,4361,5.25973662427626e-08,3.52164853103728e-02,3.52165827098217e-02,3.50808275666701e-02,lamp_kernel
7.912753e+01,4381,5.23314184760232e-08,3.52163763737949e-02,3.52164732807635e-02,3.50814359722644e-02,lamp_kernel
7.949255e+01,4401,5.20628779083189e-08,3.52162689912027e-02,3.52163654008897e-02,3.50820384942265e-02,lamp_kernel
7.985759e+01,4421,5.17901130991686e-08,3.52161631328041e-02,3.52162590373871e-02,3.50826352170999e-02,lamp_kernel
8.022272e+01,4441,5.15097586433358e-08,3.52160587695082e-02,3.52161541549327e-02,3.50832262042444e-02,lamp_kernel
8.058791e+01,4461,5.12250443718331e-08,3.52159558729075e-02,3.52160507311000e-02,3.50838114177691e-02,lamp_kernel
8.095314e+01,4481,5.09326340072240e-08,3.52158544152560e-02,3.52159487319650e-02,3.50843910787367e-02,lamp_kernel
8.131843e+01,4501,5.06309962193857e-08,3.52157543694526e-02,3.52158481275907e-02,3.50849652654365e-02,lamp_kernel
8.168378e+01,4521,5.03213936741567e-08,3.52156557090190e-02,3.52157488938373e-02,3.50855340546942e-02,lamp_kernel
8.204918e+01,4541,5.00002906447871e-08,3.52155584080886e-02,3.52156509982904e-02,3.50860975219061e-02,lamp_kernel
8.241466e+01,4561,4.96668975108760e-08,3.52154624413807e-02,3.52155544142074e-02,3.50866557410723e-02,lamp_kernel
8.278018e+01,4581,4.94602764712930e-08,3.52153677841945e-02,3.52154593744017e-02,3.50872086902556e-02,lamp_kernel
8.314577e+01,4601,4.93684418385367e-08,3.52152744123858e-02,3.52153658325343e-02,3.50877564685118e-02,lamp_kernel
8.351141e+01,4621,4.92753332194427e-08,3.52151823023586e-02,3.52152735500892e-02,3.50882992154242e-02,lamp_kernel
8.387711e+01,4641,4.91767253698603e-08,3.52150914310481e-02,3.52151824961773e-02,3.50888369996759e-02,lamp_kernel
8.424287e+01,4661,4.90703175096364e-08,3.52150017759096e-02,3.52150926439935e-02,3.50893698887069e-02,lamp_kernel
8.460878e+01,4681,4.89558771354203e-08,3.52149133149032e-02,3.52150039710671e-02,3.50898979487423e-02,lamp_kernel
8.497469e+01,4701,4.88333631674532e-08,3.52148260264804e-02,3.52149164557738e-02,3.50904212448196e-02,lamp_kernel
8.534064e+01,4721,4.87005163340368e-08,3.52147398895786e-02,3.52148300728671e-02,3.50909398408149e-02,lamp_kernel
8.570667e+01,4741,4.86467159575637e-08,3.52146548836038e-02,3.52147449672651e-02,3.50914537994692e-02,lamp_kernel
8.607274e+01,4761,4.87171897012524e-08,3.52145709884237e-02,3.52146612025878e-02,3.50919631824132e-02,lamp_kernel
8.643886e+01,4781,4.87770678902609e-08,3.52144881843547e-02,3.52145785094009e-02,3.50924680501919e-02,lamp_kernel
8.680507e+01,4801,4.88277968502184e-08,3.52144064521522e-02,3.52144968711379e-02,3.50929684622885e-02,lamp_kernel
8.717132e+01,4821,4.88676258378747e-08,3.52143257730024e-02,3.52144162657432e-02,3.50934644771475e-02,lamp_kernel
8.753761e+01,4841,4.88983445376885e-08,3.52142461285066e-02,3.52143366781320e-02,3.50939561321253e-02,lamp_kernel
8.790403e+01,4861,4.89122208100949e-08,3.52141675006803e-02,3.52142580760017e-02,3.50944433438773e-02,lamp_kernel
8.827052e+01,4881,4.89070842079397e-08,3.52140898719336e-02,3.52141804377431e-02,3.50949263232460e-02,lamp_kernel
8.863703e+01,4901,4.88815366026272e-08,3.52140132250700e-02,3.52141037435706e-02,3.50954051325523e-02,lamp_kernel
8.900358e+01,4921,4.88328742765821e-08,3.52139375432712e-02,3.52140279716592e-02,3.50958798253058e-02,lamp_kernel
8.937018e+01,4941,4.87598853846263e-08,3.52138628100922e-02,3.52139531033199e-02,3.50963504541065e-02,lamp_kernel
8.973685e+01,4961,4.86627711046898e-08,3.52137890094492e-02,3.52138791228413e-02,3.50968170706632e-02,lamp_kernel
9.010353e+01,4981,4.85396595698904e-08,3.52137161256126e-02,3.52138060110276e-02,3.50972797258130e-02,lamp_kernel
9.047030e+01,5001,4.83881497504199e-08,3.52136441431967e-02,3.52137337480469e-02,3.50977384695393e-02,lamp_kernel
9.083710e+01,5021,4.82064628201055e-08,3.52135730471531e-02,3.52136623155566e-02,3.50981933239803e-02,lamp_kernel
9.120397e+01,5041,4.79927272831589e-08,3.52135028227596e-02,3.52135916953691e-02,3.50986443223356e-02,lamp_kernel
9.157093e+01,5061,4.77449092561299e-08,3.52134334556156e-02,3.52135218693173e-02,3.50990915554518e-02,lamp_kernel
9.193790e+01,5081,4.74640514505532e-08,3.52133649316302e-02,3.52134528252413e-02,3.50995350700518e-02,lamp_kernel
9.230494e+01,5101,4.71500398500005e-08,3.52132972370152e-02,3.52133845491418e-02,3.50999749120905e-02,lamp_kernel
9.267206e+01,5121,4.68018999371794e-08,3.52132303582775e-02,3.52133170257209e-02,3.51004111267700e-02,lamp_kernel
9.303924e+01,5141,4.64189559482320e-08,3.52131642822124e-02,3.52132502405227e-02,3.51008437585553e-02,lamp_kernel
9.340645e+01,5161,4.60026551814254e-08,3.52130989958886e-02,3.52131841832959e-02,3.51012728511890e-02,lamp_kernel
9.377377e+01,5181,4.55528610256210e-08,3.52130344866476e-02,3.52131188411292e-02,3.51016984477059e-02,lamp_kernel
9.414111e+01,5201,4.50733761494048e-08,3.52129707420922e-02,3.52130542086669e-02,3.51021205902513e-02,lamp_kernel
9.450852e+01,5221,4.45659079815650e-08,3.52129077500779e-02,3.52129902769265e-02,3.51025393187275e-02,lamp_kernel
9.487597e+01,5241,4.40287207434479e-08,3.52128454987062e-02,3.52129270307950e-02,3.51029546761820e-02,lamp_kernel
9.524354e+01,5261,4.34633567552400e-08,3.52127839763148e-02,3.52128644614664e-02,3.51033666975054e-02,lamp_kernel
9.561115e+01,5281,4.28710603540818e-08,3.52127231714740e-02,3.52128025598151e-02,3.51037754266870e-02,lamp_kernel
9.597881e+01,5301,4.22551685620761e-08,3.52126630729770e-02,3.52127413208138e-02,3.51041809043331e-02,lamp_kernel
9.634655e+01,5321,4.16175445822794e-08,3.52126036698315e-02,3.52126807369205e-02,3.51045831688942e-02,lamp_kernel
9.671433e+01,5341,4.09612471429958e-08,3.52125449512575e-02,3.52126208030193e-02,3.51049822582183e-02,lamp_kernel
9.708217e+01,5361,4.05107259610072e-08,3.52124869066797e-02,3.52125619241694e-02,3.51053782095623e-02,lamp_kernel
9.745004e+01,5381,4.00944591658497e-08,3.52124295257199e-02,3.52125037723696e-02,3.51057710596043e-02,lamp_kernel
9.781798e+01,5401,3.97411716038602e-08,3.52123727981949e-02,3.52124463906291e-02,3.51061608444539e-02,lamp_kernel
9.818599e+01,5421,3.94801015518967e-08,3.52123167141086e-02,3.52123898230950e-02,3.51065475996637e-02,lamp_kernel
9.855403e+01,5441,3.92328731057340e-08,3.52122612636535e-02,3.52123339148240e-02,3.51069313602398e-02,lamp_kernel
9.892213e+01,5461,3.89739608256559e-08,3.52122064372008e-02,3.52122786089192e-02,3.51073121606524e-02,lamp_kernel
9.929026e+01,5481,3.87052451706429e-08,3.52121522252984e-02,3.52122238994110e-02,3.51076900348456e-02,lamp_kernel
9.965843e+01,5501,3.84934776861435e-08,3.52120986186681e-02,3.52121699006311e-02,3.51080650162478e-02,lamp_kernel
1.000267e+02,5521,3.83040931239432e-08,3.52120456082038e-02,3.52121165394658e-02,3.51084371377813e-02,lamp_kernel
1.003950e+02,5541,3.81122593977297e-08,3.52119931849624e-02,3.52120637609879e-02,3.51088063506416e-02,lamp_kernel
1.007633e+02,5561,3.79191123596632e-08,3.52119413401678e-02,3.52120115585249e-02,3.51091727320293e-02,lamp_kernel
1.011317e+02,5581,3.77767371620822e-08,3.52118900652049e-02,3.52119600199126e-02,3.51095363510210e-02,lamp_kernel
1.015002e+02,5601,3.77055240799682e-08,3.52118393516161e-02,3.52119091744519e-02,3.51098972385839e-02,lamp_kernel
1.018687e+02,5621,3.77221458316748e-08,3.52117891910999e-02,3.52118590447157e-02,3.51102554252252e-02,lamp_kernel
1.022372e+02,5641,3.78990222336892e-08,3.52117395755066e-02,3.52118097566610e-02,3.51106109380884e-02,lamp_kernel
1.026059e+02,5661,3.80643395958390e-08,3.52116904968339e-02,3.52117609841218e-02,3.51109637761194e-02,lamp_kernel
1.029745e+02,5681,3.82180091997909e-08,3.52116419472305e-02,3.52117127190828e-02,3.51113140028324e-02,lamp_kernel
1.033432e+02,5701,3.83576314564373e-08,3.52115939189862e-02,3.52116649493900e-02,3.51116616158872e-02,lamp_kernel
1.037120e+02,5721,3.84825889664425e-08,3.52115464045309e-02,3.52116176663303e-02,3.51120066730833e-02,lamp_kernel
1.040808e+02,5741,3.85927641819503e-08,3.52114993964333e-02,3.52115708622544e-02,3.51123492044448e-02,lamp_kernel
1.044497e+02,5761,3.86878348643675e-08,3.52114528873989e-02,3.52115245292712e-02,3.51126892374618e-02,lamp_kernel
1.048186e+02,5781,3.87674120498314e-08,3.52114068702636e-02,3.52114786594964e-02,3.51130267992279e-02,lamp_kernel
1.051876e+02,5801,3.89226653789561e-08,3.52113613379959e-02,3.52114334147258e-02,3.51133619164468e-02,lamp_kernel
1.055566e+02,5821,3.91840433289557e-08,3.52113162836882e-02,3.52113888444360e-02,3.51136946154394e-02,lamp_kernel
1.059256e+02,5841,3.94192731434390e-08,3.52112717005584e-02,3.52113446969032e-02,3.51140249221509e-02,lamp_kernel
1.062947e+02,5861,3.96277701294797e-08,3.52112275819465e-02,3.52113009643846e-02,3.51143528621571e-02,lamp_kernel
1.066639e+02,5881,3.98095201247268e-08,3.52111839213105e-02,3.52112576403120e-02,3.51146784606713e-02,lamp_kernel
1.070331e+02,5901,3.99638558274480e-08,3.52111407122260e-02,3.52112147170253e-02,3.51150017425503e-02,lamp_kernel
1.074023e+02,5921,4.00893615174054e-08,3.52110979483818e-02,3.52111721855917e-02,3.51153227323011e-02,lamp_kernel
1.077716e+02,5941,4.01855848494856e-08,3.52110556235787e-02,3.52111300389744e-02,3.51156414540865e-02,lamp_kernel
1.081409e+02,5961,4.02524083022618e-08,3.52110137317267e-02,3.52110882708656e-02,3.51159579317318e-02,lamp_kernel
1.085102e+02,5981,4.02895577125653e-08,3.52109722668400e-02,3.52110468747719e-02,3.51162721887300e-02,lamp_kernel
1.088796e+02,6001,4.02963445727854e-08,3.52109312230396e-02,3.52110058435393e-02,3.51165842482480e-02,lamp_kernel
1.092490e+02,6021,4.02727797832397e-08,3.52108905945474e-02,3.52109651714100e-02,3.51168941331323e-02,lamp_kernel
1.096185e+02,6041,4.02199183418257e-08,3.52108503756858e-02,3.52109248546600e-02,3.51172018659139e-02,lamp_kernel
1.099880e+02,6061,4.01385824792870e-08,3.52108105608742e-02,3.52108848892312e-02,3.51175074688145e-02,lamp_kernel
1.103575e+02,6081,4.00296588502356e-08,3.52107711446292e-02,3.52108452712821e-02,3.51178109637515e-02,lamp_kernel
1.107271e+02,6101,3.98944261651856e-08,3.52107321215624e-02,3.52108059977924e-02,3.51181123723430e-02,lamp_kernel
1.110967e+02,6121,3.97318978731986e-08,3.52106934863746e-02,3.52107670616358e-02,3.51184117159130e-02,lamp_kernel
1.114664e+02,6141,3.95431253777885e-08,3.52106552338604e-02,3.52107284595539e-02,3.51187090154966e-02,lamp_kernel
1.118361e+02,6161,3.93295097946831e-08,3.52106173588965e-02,3.52106901890182e-02,3.51190042918446e-02,lamp_kernel
1.122058e+02,6181,3.90918972541026e-08,3.52105798564537e-02,3.52106522465661e-02,3.51192975654287e-02,lamp_kernel
1.125757e+02,6201,3.88308854110554e-08,3.52105427215834e-02,3.52106146283558e-02,3.51195888564454e-02,lamp_kernel
1.129455e+02,6221,3.85484300345265e-08,3.52105059494200e-02,3.52105773331434e-02,3.51198781848217e-02,lamp_kernel
1.133154e+02,6241,3.82439852517321e-08,3.52104695351834e-02,3.52105403551380e-02,3.51201655647422e-02,lamp_kernel
1.136853e+02,6261,3.79181577121236e-08,3.52104334741708e-02,3.52105036907601e-02,3.51204509797888e-02,lamp_kernel
1.140552e+02,6281,3.75725029497172e-08,3.52103977617599e-02,3.52104673382681e-02,3.51207344908535e-02,lamp_kernel
1.144252e+02,6301,3.72068807689526e-08,3.52103623934068e-02,3.52104312928582e-02,3.51210161168201e-02,lamp_kernel
1.147952e+02,6321,3.68228458687924e-08,3.52103273646401e-02,3.52103955529383e-02,3.51212958763244e-02,lamp_kernel
1.151652e+02,6341,3.64209561422319e-08,3.52102926710650e-02,3.52103601151465e-02,3.51215737847601e-02,lamp_kernel
1.155353e+02,6361,3.60023449965196e-08,3.52102583083594e-02,3.52103249772597e-02,3.51218498619193e-02,lamp_kernel
1.159054e+02,6381,3.55683357210605e-08,3.52102242722740e-02,3.52102901374788e-02,3.51221241270043e-02,lamp_kernel
1.162755e+02,6401,3.51310045499208e-08,3.52101905586291e-02,3.52102556139870e-02,3.51223965977006e-02,lamp_kernel
1.166457e+02,6421,3.47543882723742e-08,3.52101571633153e-02,3.52102215212577e-02,3.51226672628073e-02,lamp_kernel
1.170159e+02,6441,3.43637935333318e-08,3.52101240822913e-02,3.52101877169329e-02,3.51229361397463e-02,lamp_kernel
1.173862e+02,6461,3.39597273493128e-08,3.52100913115804e-02,3.52101541979750e-02,3.51232032747348e-02,lamp_kernel
1.177565e+02,6481,3.35427933644105e-08,3.52100588472730e-02,3.52101209615921e-02,3.51234686845551e-02,lamp_kernel
1.181268e+02,6501,3.31340329510181e-08,3.52100266855249e-02,3.52100880429042e-02,3.51237323857753e-02,lamp_kernel
1.184971e+02,6521,3.28245557731562e-08,3.52099948225505e-02,3.52100556068420e-02,3.51239943947524e-02,lamp_kernel
1.188675e+02,6541,3.25707723320433e-08,3.52099632546309e-02,3.52100235689680e-02,3.51242547276361e-02,lamp_kernel
1.192379e+02,6561,3.23620806207042e-08,3.52099319781051e-02,3.52099919059883e-02,3.51245134003714e-02,lamp_kernel
1.196083e+02,6581,3.21351092914117e-08,3.52099009893697e-02,3.52099604969489e-02,3.51247704287026e-02,lamp_kernel
1.199788e+02,6601,3.18892954487393e-08,3.52098702848818e-02,3.52099293372645e-02,3.51250258281760e-02,lamp_kernel
1.203493e+02,6621,3.16237133527341e-08,3.52098398611526e-02,3.52098984217323e-02,3.51252796124050e-02,lamp_kernel
1.207198e+02,6641,3.13388129107719e-08,3.52098097147494e-02,3.52098677477523e-02,3.51255317783140e-02,lamp_kernel
1.210904e+02,6661,3.11187027028726e-08,3.52097798422966e-02,3.52098374677009e-02,3.51257823612603e-02,lamp_kernel
1.214609e+02,6681,3.09113985401612e-08,3.52097502404636e-02,3.52098074819835e-02,3.51260313687090e-02,lamp_kernel
1.218315e+02,6701,3.07516839508810e-08,3.52097209059789e-02,3.52097778517403e-02,3.51262788212852e-02,lamp_kernel
1.222021e+02,6721,3.06483338232511e-08,3.52096918356153e-02,3.52097485899937e-02,3.51265247348453e-02,lamp_kernel
1.225727e+02,6741,3.05203834422792e-08,3.52096630261975e-02,3.52097195436382e-02,3.51267691236263e-02,lamp_kernel
1.229433e+02,6761,3.03674943655713e-08,3.52096344745938e-02,3.52096907089155e-02,3.51270120016902e-02,lamp_kernel
1.233140e+02,6781,3.01898354784428e-08,3.52096061777187e-02,3.52096620830529e-02,3.51272533829275e-02,lamp_kernel
1.236847e+02,6801,3.01699650407466e-08,3.52095781325330e-02,3.52096340010713e-02,3.51274932810591e-02,lamp_kernel
1.240554e+02,6821,3.01796100382796e-08,3.52095503360369e-02,3.52096062224358e-02,3.51277317096395e-02,lamp_kernel
1.244262e+02,6841,3.02121994394122e-08,3.52095227852747e-02,3.52095787320224e-02,3.51279686820590e-02,lamp_kernel
1.247970e+02,6861,3.02528604581716e-08,3.52094954773283e-02,3.52095514993717e-02,3.51282042115461e-02,lamp_kernel
1.251678e+02,6881,3.02754008697374e-08,3.52094684093164e-02,3.52095244731001e-02,3.51284383111702e-02,lamp_kernel
1.255385e+02,6901,3.02801790104548e-08,3.52094415783974e-02,3.52094976510291e-02,3.51286709938437e-02,lamp_kernel
1.259094e+02,6921,3.02663931811929e-08,3.52094149817656e-02,3.52094710288689e-02,3.51289022723248e-02,lamp_kernel
1.262802e+02,6941,3.02361686326267e-08,3.52093886166483e-02,3.52094446077819e-02,3.51291321592192e-02,lamp_kernel
1.266511e+02,6961,3.01865316288745e-08,3.52093624803032e-02,3.52094183795194e-02,3.51293606669830e-02,lamp_kernel
1.270220e+02,6981,3.01177220139211e-08,3.52093365700268e-02,3.52093923418218e-02,3.51295878079242e-02,lamp_kernel
1.273930e+02,7001,3.00364691629711e-08,3.52093108831390e-02,3.52093665044705e-02,3.51298135906397e-02,lamp_kernel
1.277640e+02,7021,2.99765778471445e-08,3.52092854169978e-02,3.52093409274230e-02,3.51300380125573e-02,lamp_kernel
1.281350e+02,7041,2.99465009815027e-08,3.52092601689875e-02,3.52093156237165e-02,3.51302611038433e-02,lamp_kernel
1.285060e+02,7061,2.99067428162111e-08,3.52092351365218e-02,3.52092905176269e-02,3.51304828762361e-02,lamp_kernel
1.288771e+02,7081,2.98437168569707e-08,3.52092103170473e-02,3.52092655814413e-02,3.51307033413367e-02,lamp_kernel
1.292481e+02,7101,2.99263594550038e-08,3.52091857080371e-02,3.52092411254682e-02,3.51309224880034e-02,lamp_kernel
1.296191e+02,7121,3.00830469024565e-08,3.52091613069956e-02,3.52092170145794e-02,3.51311403155618e-02,lamp_kernel
1.299902e+02,7141,3.02239801257237e-08,3.52091371114593e-02,3.52091930800223e-02,3.51313568703487e-02,lamp_kernel
1.303613e+02,7161,3.03474822315596e-08,3.52091131189943e-02,3.52091693162577e-02,3.51315721634285e-02,lamp_kernel
1.307324e+02,7181,3.04528697986392e-08,3.52090893272031e-02,3.52091457196225e-02,3.51317861858727e-02,lamp_kernel
1.311036e+02,7201,3.05406878799594e-08,3.52090657337137e-02,3.52091222887540e-02,3.51319989685584e-02,lamp_kernel
1.314748e+02,7221,3.06085758420155e-08,3.52090423361950e-02,3.52090990169498e-02,3.51322105221752e-02,lamp_kernel
1.318460e+02,7241,3.08739404505546e-08,3.52090191323447e-02,3.52090763045000e-02,3.51324208572907e-02,lamp_kernel
1.322172e+02,7261,3.11532845894819e-08,3.52089961199047e-02,3.52090538093475e-02,3.51326299843520e-02,lamp_kernel
1.325884e+02,7281,3.14205924353026e-08,3.52089732966458e-02,3.52090314810874e-02,3.51328379136876e-02,lamp_kernel
1.329596e+02,7301,3.16677817554621e-08,3.52089506603804e-02,3.52090093025656e-02,3.51330446555092e-02,lamp_kernel
1.333309e+02,7321,3.18915389673115e-08,3.52089282089606e-02,3.52089872654979e-02,3.51332502199130e-02,lamp_kernel
1.337021e+02,7341,3.20912855790087e-08,3.52089059402714e-02,3.52089653666981e-02,3.51334546168817e-02,lamp_kernel
1.340734e+02,7361,3.22649004848298e-08,3.52088838522441e-02,3.52089436001697e-02,3.51336578562857e-02,lamp_kernel
1.344448e+02,7381,3.24100237628973e-08,3.52088619428424e-02,3.52089219595063e-02,3.51338599478851e-02,lamp_kernel
1.348160e+02,7401,3.25243974956801e-08,3.52088402100739e-02,3.52089004385343e-02,3.51340609013308e-02,lamp_kernel
1.351873e+02,7421,3.26064452852638e-08,3.52088186519831e-02,3.52088790323791e-02,3.51342607261664e-02,lamp_kernel
1.355587e+02,7441,3.26535397092149e-08,3.52087972666515e-02,3.52088577342567e-02,3.51344594318294e-02,lamp_kernel
1.359300e+02,7461,3.26627919816277e-08,3.52087760522019e-02,3.52088365369403e-02,3.51346570276527e-02,lamp_kernel
1.363014e+02,7481,3.26320545586250e-08,3.52087550067890e-02,3.52088154346081e-02,3.51348535228665e-02,lamp_kernel
1.366728e+02,7501,3.25602468059149e-08,3.52087341286112e-02,3.52087944234572e-02,3.51350489265988e-02,lamp_kernel
1.370442e+02,7521,3.24465371385428e-08,3.52087134158997e-02,3.52087735001788e-02,3.51352432478777e-02,lamp_kernel
1.374156e+02,7541,3.22901676575074e-08,3.52086928669211e-02,3.52087526616363e-02,3.51354364956323e-02,lamp_kernel
1.377870e+02,7561,3.21851089982729e-08,3.52086724799792e-02,3.52087320801475e-02,3.51356286786941e-02,lamp_kernel
1.381585e+02,7581,3.20910670173296e-08,3.52086522534118e-02,3.52087116794338e-02,3.51358198057984e-02,lamp_kernel
1.385300e+02,7601,3.19485949327782e-08,3.52086321855873e-02,3.52086913477805e-02,3.51360098855856e-02,lamp_kernel
1.389014e+02,7621,3.17572251894255e-08,3.52086122749076e-02,3.52086710827236e-02,3.51361989266024e-02,lamp_kernel
1.392729e+02,7641,3.15166857332115e-08,3.52085925198050e-02,3.52086508821916e-02,3.51363869373032e-02,lamp_kernel
1.396444e+02,7661,3.12272511809893e-08,3.52085729187420e-02,3.52086307451556e-02,3.51365739093454e-02,lamp_kernel
1.400158e+02,7681,3.08908228651474e-08,3.52085534702053e-02,3.52086106736232e-02,3.51367598608429e-02,lamp_kernel
1.403873e+02,7701,3.05083393962819e-08,3.52085341727097e-02,3.52085906678473e-02,3.51369448070132e-02,lamp_kernel
1.407588e+02,7721,3.00814122077408e-08,3.52085150247923e-02,3.52085707293490e-02,3.51371287432206e-02,lamp_kernel
1.411303e+02,7741,2.96118960026555e-08,3.52084960250121e-02,3.52085508601219e-02,3.51373116840948e-02,lamp_kernel
1.415018e+02,7761,2.91022121674937e-08,3.52084771719489e-02,3.52085310632296e-02,3.51374936192477e-02,lamp_kernel
1.418734e+02,7781,2.85563398997834e-08,3.52084584641968e-02,3.52085113446349e-02,3.51376745788840e-02,lamp_kernel
1.422449e+02,7801,2.79766580664707e-08,3.52084399003653e-02,3.52084917073525e-02,3.51378545731743e-02,lamp_kernel
1.426165e+02,7821,2.73649856662862e-08,3.52084214790809e-02,3.52084721533773e-02,3.51380336097910e-02,lamp_kernel
1.429881e+02,7841,2.67596381214716e-08,3.52084031989835e-02,3.52084527523014e-02,3.51382116963255e-02,lamp_kernel
1.433597e+02,7861,2.64375462237195e-08,3.52083850587222e-02,3.52084340155925e-02,3.51383888402896e-02,lamp_kernel
1.437313e+02,7881,2.62442824716259e-08,3.52083670569562e-02,3.52084156559419e-02,3.51385650491169e-02,lamp_kernel
1.441028e+02,7901,2.60770073130276e-08,3.52083491923545e-02,3.52083974815812e-02,3.51387403301628e-02,lamp_kernel
1.444745e+02,7921,2.58902629153759e-08,3.52083314635975e-02,3.52083794070122e-02,3.51389146907067e-02,lamp_kernel
1.448460e+02,7941,2.56882711176971e-08,3.52083138693724e-02,3.52083614387401e-02,3.51390881379521e-02,lamp_kernel
1.452177e+02,7961,2.55508653465414e-08,3.52082964083789e-02,3.52083437232994e-02,3.51392606790282e-02,lamp_kernel
1.455893e+02,7981,2.54000269515873e-08,3.52082790793247e-02,3.52083261149237e-02,3.51394323209902e-02,lamp_kernel
1.459609e+02,8001,2.52377268960768e-08,3.52082618809268e-02,3.52083086159797e-02,3.51396030708209e-02,lamp_kernel
1.463326e+02,8021,2.51270374540131e-08,3.52082448119128e-02,3.52082913419917e-02,3.51397729354313e-02,lamp_kernel
1.467042e+02,8041,2.50065773767204e-08,3.52082278710201e-02,3.52082741780319e-02,3.51399419216615e-02,lamp_kernel
1.470759e+02,8061,2.49864779958338e-08,3.52082110570004e-02,3.52082573267922e-02,3.51401100362816e-02,lamp_kernel
1.474475e+02,8081,2.49736829474511e-08,3.52081943686135e-02,3.52082406147115e-02,3.51402772859929e-02,lamp_kernel
1.478192e+02,8101,2.49566352919372e-08,3.52081778046348e-02,3.52082240191642e-02,3.51404436497526e-02,lamp_kernel
1.481909e+02,8121,2.49336683740678e-08,3.52081613638501e-02,3.52082075358494e-02,3.51406091576717e-02,lamp_kernel
1.485625e+02,8141,2.50277847334864e-08,3.52081450450590e-02,3.52081913913424e-02,3.51407738207761e-02,lamp_kernel
1.489342e+02,8161,2.52397827901530e-08,3.52081288470737e-02,3.52081755859336e-02,3.51409376454957e-02,lamp_kernel
1.493059e+02,8181,2.54346529342620e-08,3.52081127687211e-02,3.52081598684403e-02,3.51411006381953e-02,lamp_kernel
1.496776e+02,8201,2.56950041782862e-08,3.52080968088419e-02,3.52081443906778e-02,3.51412628051761e-02,lamp_kernel
1.500493e+02,8221,2.59571081473281e-08,3.52080809662902e-02,3.52081290334884e-02,3.51414241526757e-02,lamp_kernel
1.504210e+02,8241,2.61986320731632e-08,3.52080652399365e-02,3.52081137543871e-02,3.51415846868698e-02,lamp_kernel
1.507928e+02,8261,2.64177650792054e-08,3.52080496286586e-02,3.52080985488983e-02,3.51417444138720e-02,lamp_kernel
1.511645e+02,8281,2.66142464091638e-08,3.52080341313562e-02,3.52080834154386e-02,3.51419033397352e-02,lamp_kernel
1.515363e+02,8301,2.69565139861280e-08,3.52080187469366e-02,3.52080686648279e-02,3.51420614704524e-02,lamp_kernel
1.519761e+02,8321,2.73183344674779e-08,3.52080034743255e-02,3.52080540622334e-02,3.51422188119569e-02,lamp_kernel
1.523478e+02,8341,2.76484476635736e-08,3.52079883124608e-02,3.52080395116701e-02,3.51423753701235e-02,lamp_kernel
1.527196e+02,8361,2.79467279552516e-08,3.52079732602893e-02,3.52080250118521e-02,3.51425311507692e-02,lamp_kernel
1.530913e+02,8381,2.82128429074574e-08,3.52079583167774e-02,3.52080105611301e-02,3.51426861596534e-02,lamp_kernel
1.534631e+02,8401,2.84461836772223e-08,3.52079434809018e-02,3.52079961573534e-02,3.51428404024794e-02,lamp_kernel
1.538348e+02,8421,2.86454682424852e-08,3.52079287516508e-02,3.52079817971361e-02,3.51429938848944e-02,lamp_kernel
1.542067e+02,8441,2.88116180208578e-08,3.52079141280247e-02,3.52079674811851e-02,3.51431465819345e-02,lamp_kernel
1.545784e+02,8461,2.89472420833097e-08,3.52078996090392e-02,3.52079532133473e-02,3.51432984938177e-02,lamp_kernel
1.549502e+02,8481,2.90704501639435e-08,3.52078851937205e-02,3.52079390261845e-02,3.51434496371608e-02,lamp_kernel
1.553220e+02,8501,2.91610438461745e-08,3.52078708811027e-02,3.52079248813275e-02,3.51436000428821e-02,lamp_kernel
1.556938e+02,8521,2.92194745978268e-08,3.52078566702374e-02,3.52079107786639e-02,3.51437497158801e-02,lamp_kernel
1.560656e+02,8541,2.92465642712980e-08,3.52078425601860e-02,3.52078967187770e-02,3.51438986384803e-02,lamp_kernel
1.564374e+02,8561,2.92424817071136e-08,3.52078285500198e-02,3.52078827010507e-02,3.51440468395750e-02,lamp_kernel
1.568092e+02,8581,2.92086853936634e-08,3.52078146388205e-02,3.52078687272676e-02,3.51441943243806e-02,lamp_kernel
1.571810e+02,8601,2.91451592133540e-08,3.52078008256818e-02,3.52078547964916e-02,3.51443410980636e-02,lamp_kernel
1.575528e+02,8621,2.90528710468218e-08,3.52077871097107e-02,3.52078409096219e-02,3.51444871657412e-02,lamp_kernel
1.579247e+02,8641,2.89333640843701e-08,3.52077734900231e-02,3.52078270686320e-02,3.51446325324817e-02,lamp_kernel
1.582965e+02,8661,2.87874545277903e-08,3.52077599657438e-02,3.52078132741584e-02,3.51447772033054e-02,lamp_kernel
1.586683e+02,8681,2.86179792300588e-08,3.52077465360088e-02,3.52077995305902e-02,3.51449211831846e-02,lamp_kernel
1.590401e+02,8701,2.84251074309849e-08,3.52077331999678e-02,3.52077858373905e-02,3.51450644770449e-02,lamp_kernel
1.594120e+02,8721,2.82627366778685e-08,3.52077199567781e-02,3.52077722935238e-02,3.51452070897653e-02,lamp_kernel
1.597838e+02,8741,2.80890884197321e-08,3.52077068056081e-02,3.52077588207930e-02,3.51453490261787e-02,lamp_kernel
1.601556e+02,8761,2.78921673978111e-08,3.52076937456363e-02,3.52077453961642e-02,3.51454902910726e-02,lamp_kernel
1.605275e+02,8781,2.76733470744316e-08,3.52076807760541e-02,3.52077320213720e-02,3.51456308891899e-02,lamp_kernel
1.608994e+02,8801,2.74341938069107e-08,3.52076678960581e-02,3.52077186985136e-02,3.51457708252285e-02,lamp_kernel
1.612714e+02,8821,2.71744131842509e-08,3.52076551048584e-02,3.52077054262539e-02,3.51459101038432e-02,lamp_kernel
1.616433e+02,8841,2.68943611666977e-08,3.52076424016783e-02,3.52076922044754e-02,3.51460487296448e-02,lamp_kernel
1.620151e+02,8861,2.65946220794096e-08,3.52076297857465e-02,3.52076790334887e-02,3.51461867072018e-02,lamp_kernel
1.623870e+02,8881,2.62759607195125e-08,3.52076172563039e-02,3.52076659139511e-02,3.51463240410398e-02,lamp_kernel
1.627588e+02,8901,2.59479933984770e-08,3.52076048126008e-02,3.52076528629204e-02,3.51464607356429e-02,lamp_kernel
1.631307e+02,8921,2.56509422571494e-08,3.52075924538930e-02,3.52076399541353e-02,3.51465967954537e-02,lamp_kernel
1.635026e+02,8941,2.54010167107402e-08,3.52075801794565e-02,3.52076272168884e-02,3.51467322248738e-02,lamp_kernel
1.638744e+02,8961,2.51533054722909e-08,3.52075679885671e-02,3.52076145672889e-02,3.51468670282647e-02,lamp_kernel
1.642463e+02,8981,2.50017410911212e-08,3.52075558805167e-02,3.52076021785727e-02,3.51470012099473e-02,lamp_kernel
1.646182e+02,9001,2.49036629357878e-08,3.52075438546054e-02,3.52075899710409e-02,3.51471347742036e-02,lamp_kernel
1.649901e+02,9021,2.48568293437619e-08,3.52075319101403e-02,3.52075779398497e-02,3.51472677252760e-02,lamp_kernel
1.653620e+02,9041,2.47866367914778e-08,3.52075200464366e-02,3.52075659461639e-02,3.51474000673686e-02,lamp_kernel
1.657339e+02,9061,2.46923274690704e-08,3.52075082628226e-02,3.52075539879085e-02,3.51475318046471e-02,lamp_kernel
1.661059e+02,9081,2.45734849608683e-08,3.52074965586299e-02,3.52075420636440e-02,3.51476629412396e-02,lamp_kernel
1.664778e+02,9101,2.44413796872898e-08,3.52074849332035e-02,3.52075301935860e-02,3.51477934812366e-02,lamp_kernel
1.668497e+02,9121,2.43954074193489e-08,3.52074733858952e-02,3.52075185611465e-02,3.51479234286919e-02,lamp_kernel
1.672215e+02,9141,2.43454795055337e-08,3.52074619160638e-02,3.52075069988590e-02,3.51480527876225e-02,lamp_kernel
1.675935e+02,9161,2.42696114300058e-08,3.52074505230761e-02,3.52074954653793e-02,3.51481815620097e-02,lamp_kernel
1.679654e+02,9181,2.42517462789999e-08,3.52074392063012e-02,3.52074841155218e-02,3.51483097557987e-02,lamp_kernel
1.683373e+02,9201,2.42394697513979e-08,3.52074279651208e-02,3.52074728516078e-02,3.51484373663765e-02,lamp_kernel
1.687092e+02,9221,2.41978257138559e-08,3.52074167989196e-02,3.52074616082905e-02,3.51485643899810e-02,lamp_kernel
1.690811e+02,9241,2.41269300302397e-08,3.52074057070879e-02,3.52074503851746e-02,3.51486908448416e-02,lamp_kernel
1.694530e+02,9261,2.40258612114766e-08,3.52073946890203e-02,3.52074391799484e-02,3.51488167347625e-02,lamp_kernel
1.698249e+02,9281,2.39308906356060e-08,3.52073837441167e-02,3.52074280591790e-02,3.51489420635146e-02,lamp_kernel
1.701968e+02,9301,2.38584535466005e-08,3.52073728717782e-02,3.52074170527020e-02,3.51490668348352e-02,lamp_kernel
1.705688e+02,9321,2.39640989106354e-08,3.52073620714122e-02,3.52074064479693e-02,3.51491910524287e-02,lamp_kernel
1.709407e+02,9341,2.40486519663400e-08,3.52073513424267e-02,3.52073958755586e-02,3.51493147199666e-02,lamp_kernel
1.713126e+02,9361,2.41125809034218e-08,3.52073406842328e-02,3.52073853357479e-02,3.51494378410885e-02,lamp_kernel
1.716846e+02,9381,2.41561368126258e-08,3.52073300962391e-02,3.52073748284107e-02,3.51495604194019e-02,lamp_kernel
1.720565e+02,9401,2.41794817626578e-08,3.52073195778559e-02,3.52073643532576e-02,3.51496824584824e-02,lamp_kernel
1.724284e+02,9421,2.41823195377472e-08,3.52073091284948e-02,3.52073539091514e-02,3.51498039618750e-02,lamp_kernel
1.728003e+02,9441,2.41701376447850e-08,3.52072987475636e-02,3.52073435056618e-02,3.51499249330932e-02,lamp_kernel
1.731723e+02,9461,2.41747164623969e-08,3.52072884344716e-02,3.52073332010489e-02,3.51500453756203e-02,lamp_kernel
1.735442e+02,9481,2.42038298816037e-08,3.52072781886219e-02,3.52073230091113e-02,3.51501652897634e-02,lamp_kernel
1.739161e+02,9501,2.42497891947810e-08,3.52072680094206e-02,3.52073129150171e-02,3.51502846685149e-02,lamp_kernel
1.742881e+02,9521,2.42963025019630e-08,3.52072578962675e-02,3.52073028879970e-02,3.51504035290338e-02,lamp_kernel
1.746600e+02,9541,2.43397185880368e-08,3.52072478485611e-02,3.52072929206883e-02,3.51505218746828e-02,lamp_kernel
1.750320e+02,9561,2.43642123367790e-08,3.52072378656988e-02,3.52072829831833e-02,3.51506397087957e-02,lamp_kernel
1.754039e+02,9581,2.43680943527912e-08,3.52072279470743e-02,3.52072730717475e-02,3.51507570346775e-02,lamp_kernel
1.757759e+02,9601,2.43506850625018e-08,3.52072180920827e-02,3.52072631845175e-02,3.51508738556053e-02,lamp_kernel
1.761478e+02,9621,2.44907548461070e-08,3.52072083001142e-02,3.52072536519293e-02,3.51509901748277e-02,lamp_kernel
1.765198e+02,9641,2.47050319580073e-08,3.52071985705674e-02,3.52072443191794e-02,3.51511059955659e-02,lamp_kernel
1.768918e+02,9661,2.49165516680767e-08,3.52071889028329e-02,3.52072350431357e-02,3.51512213210135e-02,lamp_kernel
1.772638e+02,9681,2.51121524295799e-08,3.52071792963075e-02,3.52072257988225e-02,3.51513361543369e-02,lamp_kernel
1.776357e+02,9701,2.52905826792673e-08,3.52071697503940e-02,3.52072165833249e-02,3.51514504986759e-02,lamp_kernel
1.780077e+02,9721,2.55343413370958e-08,3.52071602645009e-02,3.52072075488223e-02,3.51515643571434e-02,lamp_kernel
1.783796e+02,9741,2.59012579390049e-08,3.52071508380441e-02,3.52071988018193e-02,3.51516777328263e-02,lamp_kernel
1.787516e+02,9761,2.62524582544605e-08,3.52071414704444e-02,3.52071900845700e-02,3.51517906287853e-02,lamp_kernel
1.791236e+02,9781,2.65861840367165e-08,3.52071321611355e-02,3.52071813932522e-02,3.51519030480553e-02,lamp_kernel
1.794955e+02,9801,2.69011045163334e-08,3.52071229095602e-02,3.52071727248445e-02,3.51520149936458e-02,lamp_kernel
1.798675e+02,9821,2.71925225402736e-08,3.52071137151756e-02,3.52071640701059e-02,3.51521264685411e-02,lamp_kernel
1.802395e+02,9841,2.74581930574681e-08,3.52071045774492e-02,3.52071554243464e-02,3.51522374757004e-02,lamp_kernel
1.806114e+02,9861,2.76938246898262e-08,3.52070954958635e-02,3.52071467791017e-02,3.51523480180583e-02,lamp_kernel
1.809834e+02,9881,2.78990353430235e-08,3.52070864699176e-02,3.52071381331635e-02,3.51524580985249e-02,lamp_kernel
1.813554e+02,9901,2.80694966008741e-08,3.52070774991201e-02,3.52071294780251e-02,3.51525677199862e-02,lamp_kernel
1.817273e+02,9921,2.82010002859798e-08,3.52070685829972e-02,3.52071208054198e-02,3.51526768853041e-02,lamp_kernel
1.820993e+02,9941,2.82910877015538e-08,3.52070597210930e-02,3.52071121103389e-02,3.51527855973168e-02,lamp_kernel
1.824713e+02,9961,2.83385765777261e-08,3.52070509129620e-02,3.52071033901474e-02,3.51528938588392e-02,lamp_kernel
1.828433e+02,9981,2.83401073333427e-08,3.52070421581717e-02,3.52070946381918e-02,3.51530016473685e-02,lamp_kernel
1.832153e+02,10001,2.83277566303901e-08,3.52070334563103e-02,3.52070859134594e-02,3.51531089623373e-02,lamp_kernel
1.835873e+02,10021,2.82993128442563e-08,3.52070248069791e-02,3.52070772114562e-02,3.51532158355457e-02,lamp_kernel
1.839593e+02,10041,2.82198267068832e-08,3.52070162097918e-02,3.52070684670771e-02,3.51533222697143e-02,lamp_kernel
1.843313e+02,10061,2.80879181511499e-08,3.52070076643761e-02,3.52070596773940e-02,3.51534282675412e-02,lamp_kernel
1.847032e+02,10081,2.79107897386324e-08,3.52069991703735e-02,3.52070508553862e-02,3.51535338317024e-02,lamp_kernel
1.850752e+02,10101,2.77217461718122e-08,3.52069907274394e-02,3.52070420623825e-02,3.51536389648523e-02,lamp_kernel
1.854472e+02,10121,2.75541932569779e-08,3.52069823352372e-02,3.52070333599069e-02,3.51537436696234e-02,lamp_kernel
1.858192e+02,10141,2.73414645618412e-08,3.52069739934484e-02,3.52070246241885e-02,3.51538479486272e-02,lamp_kernel
1.861912e+02,10161,2.70720103887792e-08,3.52069657017611e-02,3.52070158335278e-02,3.51539518038024e-02,lamp_kernel
1.865632e+02,10181,2.67467289164439e-08,3.52069574598721e-02,3.52070069892848e-02,3.51540552328960e-02,lamp_kernel
1.869353e+02,10201,2.63669793290330e-08,3.52069492674887e-02,3.52069980936836e-02,3.51541582439900e-02,lamp_kernel
1.873073e+02,10221,2.59347767177477e-08,3.52069411243218e-02,3.52069891501668e-02,3.51542608396116e-02,lamp_kernel
1.876794e+02,10241,2.54525319889197e-08,3.52069330300905e-02,3.52069801629180e-02,3.51543630222678e-02,lamp_kernel
1.880514e+02,10261,2.49232266678215e-08,3.52069249845153e-02,3.52069711371788e-02,3.51544647944455e-02,lamp_kernel
1.884234e+02,10281,2.43504648403028e-08,3.52069169873218e-02,3.52069620793487e-02,3.51545661586117e-02,lamp_kernel
1.887954e+02,10301,2.37944312533467e-08,3.52069090382347e-02,3.52069531006024e-02,3.51546671172134e-02,lamp_kernel
1.891674e+02,10321,2.33001600029325e-08,3.52069011369773e-02,3.52069442840568e-02,3.51547676726785e-02,lamp_kernel
1.895394e+02,10341,2.28518085713205e-08,3.52068932832700e-02,3.52069356000954e-02,3.51548678274154e-02,lamp_kernel
1.899115e+02,10361,2.24896557503966e-08,3.52068854768355e-02,3.52069271230287e-02,3.51549675838134e-02,lamp_kernel
1.902835e+02,10381,2.23047141621078e-08,3.52068777173832e-02,3.52069190211028e-02,3.51550669442428e-02,lamp_kernel
1.906555e+02,10401,2.21204221225255e-08,3.52068700046294e-02,3.52069109670782e-02,3.51551659110553e-02,lamp_kernel
1.910275e+02,10421,2.19680693724710e-08,3.52068623382765e-02,3.52069030185995e-02,3.51552644865840e-02,lamp_kernel
1.913995e+02,10441,2.17963011224423e-08,3.52068547180273e-02,3.52068950802711e-02,3.51553626731435e-02,lamp_kernel
1.917715e+02,10461,2.16550983412437e-08,3.52068471435795e-02,3.52068872443449e-02,3.51554604599343e-02,lamp_kernel
1.921436e+02,10481,2.15127994439894e-08,3.52068396146257e-02,3.52068794518830e-02,3.51555578527814e-02,lamp_kernel
1.925156e+02,10501,2.13553356560255e-08,3.52068321308541e-02,3.52068716765210e-02,3.51556548637299e-02,lamp_kernel
1.928876e+02,10521,2.12662765373798e-08,3.52068246919552e-02,3.52068640727030e-02,3.51557514950210e-02,lamp_kernel
1.932596e+02,10541,2.12099995262845e-08,3.52068172976070e-02,3.52068565741415e-02,3.51558477488784e-02,lamp_kernel
1.936316e+02,10561,2.11455841165234e-08,3.52068099474895e-02,3.52068491047399e-02,3.51559436275085e-02,lamp_kernel
1.940037e+02,10581,2.10740693794485e-08,3.52068026412838e-02,3.52068416661037e-02,3.51560391266862e-02,lamp_kernel
1.943757e+02,10601,2.10033650992566e-08,3.52067953786647e-02,3.52068342725548e-02,3.51561342527176e-02,lamp_kernel
1.947477e+02,10621,2.09416880288280e-08,3.52067881593087e-02,3.52068269389857e-02,3.51562290101031e-02,lamp_kernel
1.951198e+02,10641,2.09329758940771e-08,3.52067809828962e-02,3.52068197464401e-02,3.51563234009812e-02,lamp_kernel
1.954918e+02,10661,2.10893640623151e-08,3.52067738490988e-02,3.52068129022413e-02,3.51564174274738e-02,lamp_kernel
1.958638e+02,10681,2.13558059563179e-08,3.52067667575985e-02,3.52068063041363e-02,3.51565110916866e-02,lamp_kernel
1.962358e+02,10701,2.16161681840432e-08,3.52067597080712e-02,3.52067997367460e-02,3.51566043957090e-02,lamp_kernel
1.966079e+02,10721,2.18560101645515e-08,3.52067527002013e-02,3.52067931730139e-02,3.51566973416142e-02,lamp_kernel
1.969799e+02,10741,2.20732808046938e-08,3.52067457336712e-02,3.52067866088240e-02,3.51567899314599e-02,lamp_kernel
1.973519e+02,10761,2.22676649810937e-08,3.52067388081660e-02,3.52067800432782e-02,3.51568821672876e-02,lamp_kernel
1.977240e+02,10781,2.24699792169164e-08,3.52067319233703e-02,3.52067735331267e-02,3.51569740511236e-02,lamp_kernel
1.980960e+02,10801,2.28296338060347e-08,3.52067250789755e-02,3.52067673547378e-02,3.51570655849784e-02,lamp_kernel
1.984680e+02,10821,2.31894395342003e-08,3.52067182746775e-02,3.52067612167256e-02,3.51571567708476e-02,lamp_kernel
1.988400e+02,10841,2.35175102070174e-08,3.52067115101674e-02,3.52067550597346e-02,3.51572476107112e-02,lamp_kernel
1.992120e+02,10861,2.38113020792922e-08,3.52067047851446e-02,3.52067488787536e-02,3.51573381065345e-02,lamp_kernel
1.995840e+02,10881,2.40700624165746e-08,3.52066980993065e-02,3.52067426720862e-02,3.51574282584530e-02,lamp_kernel
1.999560e+02,10901,2.42938515960173e-08,3.52066914523572e-02,3.52067364395481e-02,3.51575180695330e-02,lamp_kernel
2.003280e+02,10921,2.45031520219275e-08,3.52066848440003e-02,3.52067302187724e-02,3.51576075424085e-02,lamp_kernel
2.007000e+02,10941,2.46789317606628e-08,3.52066782739466e-02,3.52067239742264e-02,3.51576966789856e-02,lamp_kernel
2.010721e+02,10961,2.48210241660905e-08,3.52066717419028e-02,3.52067177053084e-02,3.51577854811561e-02,lamp_kernel
2.014441e+02,10981,2.49296799514328e-08,3.52066652475800e-02,3.52067114121936e-02,3.51578739507979e-02,lamp_kernel
2.018161e+02,11001,2.50054420618091e-08,3.52066587906955e-02,3.52067050956049e-02,3.51579620856243e-02,lamp_kernel
2.021881e+02,11021,2.50492134713829e-08,3.52066523709672e-02,3.52066987569321e-02,3.51580498904619e-02,lamp_kernel
2.025601e+02,11041,2.50608525069874e-08,3.52066459881108e-02,3.52066923956289e-02,3.51581373683738e-02,lamp_kernel
2.029321e+02,11061,2.50425083756027e-08,3.52066396418527e-02,3.52066860154012e-02,3.51582245211818e-02,lamp_kernel
2.033041e+02,11081,2.49949359703038e-08,3.52066333319161e-02,3.52066796173704e-02,3.51583113506940e-02,lamp_kernel
2.036762e+02,11101,2.49189961186268e-08,3.52066270580312e-02,3.52066732028606e-02,3.51583978587054e-02,lamp_kernel
2.040482e+02,11121,2.48147007645013e-08,3.52066208199237e-02,3.52066667716196e-02,3.51584840469974e-02,lamp_kernel
2.044202e+02,11141,2.46886732746207e-08,3.52066146173277e-02,3.52066603356467e-02,3.51585699173385e-02,lamp_kernel
2.047922e+02,11161,2.45500091644217e-08,3.52066084499784e-02,3.52066539115202e-02,3.51586554714841e-02,lamp_kernel
2.051642e+02,11181,2.44435658092155e-08,3.52066023176195e-02,3.52066475820502e-02,3.51587407111766e-02,lamp_kernel
2.055363e+02,11201,2.43105730816058e-08,3.52065962199821e-02,3.52066412381378e-02,3.51588256381458e-02,lamp_kernel
2.059083e+02,11221,2.41513773800944e-08,3.52065901568149e-02,3.52066348801730e-02,3.51589102541086e-02,lamp_kernel
2.062803e+02,11241,2.39661462003819e-08,3.52065841278636e-02,3.52066285082119e-02,3.51589945607694e-02,lamp_kernel
2.066524e+02,11261,2.37555637105565e-08,3.52065781328815e-02,3.52066221232745e-02,3.51590785598204e-02,lamp_kernel
2.070244e+02,11281,2.35202103719259e-08,3.52065721716167e-02,3.52066157261840e-02,3.51591622529412e-02,lamp_kernel
2.073964e+02,11301,2.32612621636328e-08,3.52065662438279e-02,3.52066093188767e-02,3.51592456394863e-02,lamp_kernel
2.077685e+02,11321,2.29788885767649e-08,3.52065603492762e-02,3.52066029014275e-02,3.51593287148521e-02,lamp_kernel
2.081405e+02,11341,2.26758453243855e-08,3.52065544877210e-02,3.52065964786989e-02,3.51594114893771e-02,lamp_kernel
2.085125e+02,11361,2.23738343339614e-08,3.52065486589288e-02,3.52065900906447e-02,3.51594939646914e-02,lamp_kernel
2.088846e+02,11381,2.20780068253296e-08,3.52065428626676e-02,3.52065837465721e-02,3.51595761424131e-02,lamp_kernel
2.092566e+02,11401,2.17612326434768e-08,3.52065370987172e-02,3.52065773960214e-02,3.51596580241490e-02,lamp_kernel
2.096287e+02,11421,2.14237912015984e-08,3.52065313668482e-02,3.52065710392806e-02,3.51597396114941e-02,lamp_kernel
2.100008e+02,11441,2.12062565536930e-08,3.52065256668386e-02,3.52065649364418e-02,3.51598209060320e-02,lamp_kernel
2.103728e+02,11461,2.10661179107090e-08,3.52065199984761e-02,3.52065590085715e-02,3.51599019093350e-02,lamp_kernel
2.107448e+02,11481,2.10088168782992e-08,3.52065143615455e-02,3.52065532655313e-02,3.51599826229641e-02,lamp_kernel
2.111169e+02,11501,2.09265923816122e-08,3.52065087558370e-02,3.52065475075600e-02,3.51600630484690e-02,lamp_kernel
2.114889e+02,11521,2.08189473111912e-08,3.52065031811412e-02,3.52065417335278e-02,3.51601431667991e-02,lamp_kernel
2.118609e+02,11541,2.06856313786982e-08,3.52064976372555e-02,3.52065359427685e-02,3.51602229833186e-02,lamp_kernel
2.122330e+02,11561,2.05630767728605e-08,3.52064921239804e-02,3.52065302025476e-02,3.51603025164837e-02,lamp_kernel
2.126050e+02,11581,2.05206199152603e-08,3.52064866411147e-02,3.52065246410606e-02,3.51603817677996e-02,lamp_kernel
2.129770e+02,11601,2.04512120127804e-08,3.52064811884654e-02,3.52065190598822e-02,3.51604607387609e-02,lamp_kernel
2.133490e+02,11621,2.03545098220409e-08,3.52064757658392e-02,3.52065134581835e-02,3.51605394308517e-02,lamp_kernel
2.137211e+02,11641,2.02490976622995e-08,3.52064703730442e-02,3.52065078701870e-02,3.51606178455454e-02,lamp_kernel
2.140931e+02,11661,2.02141984634153e-08,3.52064650098945e-02,3.52065024424113e-02,3.51606959843053e-02,lamp_kernel
2.144652e+02,11681,2.01490701985412e-08,3.52064596761998e-02,3.52064969881124e-02,3.51607738485840e-02,lamp_kernel
2.148372e+02,11701,2.00534614036325e-08,3.52064543717749e-02,3.52064915066398e-02,3.51608514398242e-02,lamp_kernel
2.152092e+02,11721,1.99385248076089e-08,3.52064490964365e-02,3.52064860184626e-02,3.51609287594586e-02,lamp_kernel
2.155812e+02,11741,1.98509813601240e-08,3.52064438499983e-02,3.52064806099120e-02,3.51610058089094e-02,lamp_kernel
2.159533e+02,11761,1.97485458553237e-08,3.52064386322798e-02,3.52064752025042e-02,3.51610825895894e-02,lamp_kernel
2.163253e+02,11781,1.96214389555941e-08,3.52064334430925e-02,3.52064697779411e-02,3.51611591029011e-02,lamp_kernel
2.166973e+02,11801,1.94752655013333e-08,3.52064282822555e-02,3.52064643464211e-02,3.51612353502375e-02,lamp_kernel
2.170694e+02,11821,1.93642025523845e-08,3.52064231495779e-02,3.52064590080779e-02,3.51613113329818e-02,lamp_kernel
2.174414e+02,11841,1.93941098631971e-08,3.52064180448727e-02,3.52064539587548e-02,3.51613870525077e-02,lamp_kernel
2.178135e+02,11861,1.94046905528990e-08,3.52064129679447e-02,3.52064489014201e-02,3.51614625101794e-02,lamp_kernel
2.181855e+02,11881,1.94025664701186e-08,3.52064079186014e-02,3.52064438481434e-02,3.51615377073514e-02,lamp_kernel
2.185576e+02,11901,1.94376403722172e-08,3.52064028966433e-02,3.52064388911350e-02,3.51616126453693e-02,lamp_kernel
2.189297e+02,11921,1.94885255765598e-08,3.52063979018661e-02,3.52064339905867e-02,3.51616873255691e-02,lamp_kernel
2.193018e+02,11941,1.95489526121693e-08,3.52063929340636e-02,3.52064291346825e-02,3.51617617492777e-02,lamp_kernel
2.196739e+02,11961,1.96215239040256e-08,3.52063879930156e-02,3.52064243280215e-02,3.51618359178129e-02,lamp_kernel
2.200459e+02,11981,1.96754400180290e-08,3.52063830785066e-02,3.52064195133541e-02,3.51619098324836e-02,lamp_kernel
2.204179e+02,12001,1.97118111244301e-08,3.52063781903089e-02,3.52064146925081e-02,3.51619834945895e-02,lamp_kernel
2.207900e+02,12021,1.97349661455157e-08,3.52063733281876e-02,3.52064098732652e-02,3.51620569054217e-02,lamp_kernel
2.211621e+02,12041,1.97421279573237e-08,3.52063684919022e-02,3.52064050502419e-02,3.51621300662623e-02,lamp_kernel
2.215341e+02,12061,1.97462596091032e-08,3.52063636812104e-02,3.52064002472011e-02,3.51622029783848e-02,lamp_kernel
2.219061e+02,12081,1.97531382374092e-08,3.52063588958607e-02,3.52063954745892e-02,3.51622756430541e-02,lamp_kernel
2.222782e+02,12101,1.97388210539450e-08,3.52063541355915e-02,3.52063906878076e-02,3.51623480615263e-02,lamp_kernel
2.226502e+02,12121,1.97064880595390e-08,3.52063494001422e-02,3.52063858924842e-02,3.51624202350492e-02,lamp_kernel
2.230223e+02,12141,1.98341142390018e-08,3.52063446892475e-02,3.52063814179268e-02,3.51624921648621e-02,lamp_kernel
2.233943e+02,12161,2.00405028509040e-08,3.52063400026331e-02,3.52063771135015e-02,3.51625638493351e-02,lamp_kernel
2.237663e+02,12181,2.02405516402735e-08,3.52063353400356e-02,3.52063728213529e-02,3.51626352755917e-02,lamp_kernel
2.241384e+02,12201,2.04315103372540e-08,3.52063307011787e-02,3.52063685361120e-02,3.51627064619226e-02,lamp_kernel
2.245104e+02,12221,2.07891418460338e-08,3.52063260857915e-02,3.52063645829845e-02,3.51627774095334e-02,lamp_kernel
2.248824e+02,12241,2.11751882020259e-08,3.52063214936029e-02,3.52063607056739e-02,3.51628481196213e-02,lamp_kernel
2.252545e+02,12261,2.15519354823725e-08,3.52063169243511e-02,3.52063568340802e-02,3.51629185933756e-02,lamp_kernel
2.256265e+02,12281,2.19261251621175e-08,3.52063123777730e-02,3.52063529804241e-02,3.51629888319777e-02,lamp_kernel
2.259985e+02,12301,2.22820022385482e-08,3.52063078536204e-02,3.52063491152822e-02,3.51630588366011e-02,lamp_kernel
2.263706e+02,12321,2.26128437441829e-08,3.52063033516464e-02,3.52063452259583e-02,3.51631286084114e-02,lamp_kernel
2.267426e+02,12341,2.29173999933275e-08,3.52062988716154e-02,3.52063413099025e-02,3.51631981485667e-02,lamp_kernel
2.271147e+02,12361,2.31911833440707e-08,3.52062944133020e-02,3.52063373585793e-02,3.51632674582171e-02,lamp_kernel
2.274868e+02,12381,2.34296918876267e-08,3.52062899764881e-02,3.52063333634339e-02,3.51633365385052e-02,lamp_kernel
2.278589e+02,12401,2.36310283687106e-08,3.52062855609699e-02,3.52063293207492e-02,3.51634053905660e-02,lamp_kernel
2.282310e+02,12421,2.37913445821698e-08,3.52062811665582e-02,3.52063252232100e-02,3.51634740155271e-02,lamp_kernel
2.286031e+02,12441,2.39098910036836e-08,3.52062767930679e-02,3.52063210692432e-02,3.51635424145086e-02,lamp_kernel
2.289751e+02,12461,2.40413409439864e-08,3.52062724403300e-02,3.52063169599234e-02,3.51636105883317e-02,lamp_kernel
2.293472e+02,12481,2.41227840067398e-08,3.52062681081867e-02,3.52063127785958e-02,3.51636785363731e-02,lamp_kernel
2.297193e+02,12501,2.41526137862721e-08,3.52062637964896e-02,3.52063085221373e-02,3.51637462617689e-02,lamp_kernel
2.300913e+02,12521,2.41266996527521e-08,3.52062595051043e-02,3.52063041827644e-02,3.51638137656099e-02,lamp_kernel
2.304634e+02,12541,2.40557409540374e-08,3.52062552339037e-02,3.52062997801630e-02,3.51638810489798e-02,lamp_kernel
2.308354e+02,12561,2.39382741795509e-08,3.52062509827719e-02,3.52062953115069e-02,3.51639481129552e-02,lamp_kernel
2.312075e+02,12581,2.37879511973432e-08,3.52062467516112e-02,3.52062908019791e-02,3.51640149586057e-02,lamp_kernel
2.315796e+02,12601,2.35749247085803e-08,3.52062425403180e-02,3.52062861962050e-02,3.51640815869938e-02,lamp_kernel
2.319517e+02,12621,2.33235384201254e-08,3.52062383488107e-02,3.52062815391822e-02,3.51641479991753e-02,lamp_kernel
2.323237e+02,12641,2.30712683265400e-08,3.52062341770152e-02,3.52062769002347e-02,3.51642141961991e-02,lamp_kernel
2.326958e+02,12661,2.27553430900346e-08,3.52062300248580e-02,3.52062721630492e-02,3.51642801791072e-02,lamp_kernel
2.330678e+02,12681,2.23768694113512e-08,3.52062258922801e-02,3.52062673296163e-02,3.51643459415347e-02,lamp_kernel
2.334399e+02,12701,2.19446841848295e-08,3.52062217792289e-02,3.52062624162475e-02,3.51644114832718e-02,lamp_kernel
2.338120e+02,12721,2.14587411221908e-08,3.52062176856501e-02,3.52062574228025e-02,3.51644768102979e-02,lamp_kernel
2.341841e+02,12741,2.09518218336728e-08,3.52062136115033e-02,3.52062524099460e-02,3.51645419269218e-02,lamp_kernel
2.345562e+02,12761,2.04177445667665e-08,3.52062095567400e-02,3.52062473661820e-02,3.51646068346622e-02,lamp_kernel
2.349283e+02,12781,1.98947750850711e-08,3.52062055213206e-02,3.52062423623313e-02,3.51646715345207e-02,lamp_kernel
2.353003e+02,12801,1.94045501215107e-08,3.52062015052032e-02,3.52062374384185e-02,3.51647360274927e-02,lamp_kernel
2.356724e+02,12821,1.89964296100169e-08,3.52061975083472e-02,3.52062326858077e-02,3.51648003120339e-02,lamp_kernel
2.360444e+02,12841,1.85616206822094e-08,3.52061935307077e-02,3.52062279029920e-02,3.51648643913653e-02,lamp_kernel
2.364165e+02,12861,1.81398224820429e-08,3.52061895722350e-02,3.52062231634362e-02,3.51649282667740e-02,lamp_kernel
2.367886e+02,12881,1.77820698000347e-08,3.52061856328754e-02,3.52062185615926e-02,3.51649919392302e-02,lamp_kernel
2.371607e+02,12901,1.76081075531651e-08,3.52061817125712e-02,3.52062143191463e-02,3.51650554096980e-02,lamp_kernel
2.375327e+02,12921,1.74418638828837e-08,3.52061778112575e-02,3.52062101099836e-02,3.51651186791354e-02,lamp_kernel
2.379049e+02,12941,1.72565109016529e-08,3.52061739288623e-02,3.52062058843531e-02,3.51651817484945e-02,lamp_kernel
2.382770e+02,12961,1.70541442337558e-08,3.52061700653148e-02,3.52062016460644e-02,3.51652446187212e-02,lamp_kernel
2.386490e+02,12981,1.69058268986217e-08,3.52061662205328e-02,3.52061975266293e-02,3.51653072907555e-02,lamp_kernel
2.390211e+02,13001,1.68077706373123e-08,3.52061623944286e-02,3.52061935189452e-02,3.51653697655317e-02,lamp_kernel
2.393932e+02,13021,1.67107518735670e-08,3.52061585869073e-02,3.52061895317652e-02,3.51654320439781e-02,lamp_kernel
2.397653e+02,13041,1.66095922474039e-08,3.52061547978713e-02,3.52061855554025e-02,3.51654941270171e-02,lamp_kernel
2.401374e+02,13061,1.65031772387626e-08,3.52061510272203e-02,3.52061815876929e-02,3.51655560155655e-02,lamp_kernel
2.405095e+02,13081,1.64416424518194e-08,3.52061472748483e-02,3.52061777213712e-02,3.51656177105343e-02,lamp_kernel
2.408815e+02,13101,1.64397589545512e-08,3.52061435406421e-02,3.52061739836771e-02,3.51656792128288e-02,lamp_kernel
2.412536e+02,13121,1.64520866752334e-08,3.52061398244925e-02,3.52061702903559e-02,3.51657405233486e-02,lamp_kernel
2.416257e+02,13141,1.64618032985889e-08,3.52061361262831e-02,3.52061666101397e-02,3.51658016429880e-02,lamp_kernel
2.419978e+02,13161,1.64666526948638e-08,3.52061324458975e-02,3.52061629387341e-02,3.51658625726353e-02,lamp_kernel
2.423699e+02,13181,1.65750864729475e-08,3.52061287832163e-02,3.52061594768499e-02,3.51659233131736e-02,lamp_kernel
2.427419e+02,13201,1.68236859160638e-08,3.52061251381195e-02,3.52061562921079e-02,3.51659838654805e-02,lamp_kernel
2.431140e+02,13221,1.70670956488374e-08,3.52061215104872e-02,3.52061531152201e-02,3.51660442300135e-02,lamp_kernel
2.434861e+02,13241,1.72900205923037e-08,3.52061179001964e-02,3.52061499177402e-02,3.51661044079588e-02,lamp_kernel
2.438581e+02,13261,1.74928307861167e-08,3.52061143071301e-02,3.52061467002365e-02,3.51661644002770e-02,lamp_kernel
2.442302e+02,13281,1.77936261098791e-08,3.52061107311620e-02,3.52061436812791e-02,3.51662242078241e-02,lamp_kernel
2.446023e+02,13301,1.81662700269425e-08,3.52061071721756e-02,3.52061408123522e-02,3.51662838314509e-02,lamp_kernel
2.449744e+02,13321,1.85084472577686e-08,3.52061036300440e-02,3.52061379038621e-02,3.51663432720029e-02,lamp_kernel
2.453465e+02,13341,1.88392801687820e-08,3.52061001046519e-02,3.52061349911042e-02,3.51664025303204e-02,lamp_kernel
2.457186e+02,13361,1.91364267689271e-08,3.52060965958773e-02,3.52061320325836e-02,3.51664616072384e-02,lamp_kernel
2.460907e+02,13381,1.94011337021568e-08,3.52060931036050e-02,3.52061290304939e-02,3.51665205035871e-02,lamp_kernel
2.464628e+02,13401,1.96309313437267e-08,3.52060896277134e-02,3.52061259801399e-02,3.51665792201915e-02,lamp_kernel
2.468349e+02,13421,1.98291638907829e-08,3.52060861680869e-02,3.52061228875992e-02,3.51666377578714e-02,lamp_kernel
2.472070e+02,13441,1.99983099615120e-08,3.52060827246057e-02,3.52061197573415e-02,3.51666961174418e-02,lamp_kernel
2.475791e+02,13461,2.01354300602136e-08,3.52060792971534e-02,3.52061165838073e-02,3.51667542997127e-02,lamp_kernel
2.479511e+02,13481,2.02403826446522e-08,3.52060758856205e-02,3.52061133666249e-02,3.51668123054892e-02,lamp_kernel
2.483232e+02,13501,2.03163710179828e-08,3.52060724898888e-02,3.52061101116080e-02,3.51668701294132e-02,lamp_kernel
2.486953e+02,13521,2.03641767874201e-08,3.52060691098471e-02,3.52061068200927e-02,3.51669277721862e-02,lamp_kernel
2.490674e+02,13541,2.03852849988761e-08,3.52060657453851e-02,3.52061034947187e-02,3.51669852409220e-02,lamp_kernel
2.494395e+02,13561,2.03876934698329e-08,3.52060623963869e-02,3.52061001501805e-02,3.51670425364063e-02,lamp_kernel
2.498115e+02,13581,2.03622457059420e-08,3.52060590627462e-02,3.52060967694158e-02,3.51670996594196e-02,lamp_kernel
2.501836e+02,13601,2.03085224724203e-08,3.52060557443507e-02,3.52060933515360e-02,3.51671566107381e-02,lamp_kernel
2.505557e+02,13621,2.02661477874751e-08,3.52060524410992e-02,3.52060899698153e-02,3.51672133911332e-02,lamp_kernel
2.510223e+02,13641,2.02265824317933e-08,3.52060491528821e-02,3.52060866083314e-02,3.51672700013716e-02,lamp_kernel
2.513944e+02,13661,2.01618979690803e-08,3.52060458795988e-02,3.52060832152658e-02,3.51673264422157e-02,lamp_kernel
2.517664e+02,13681,2.00725053481944e-08,3.52060426211462e-02,3.52060797912765e-02,3.51673827139456e-02,lamp_kernel
2.521385e+02,13701,1.99574880086249e-08,3.52060393774195e-02,3.52060763345615e-02,3.51674388137642e-02,lamp_kernel
2.525105e+02,13721,1.98180108328129e-08,3.52060361483195e-02,3.52060728471786e-02,3.51674947464738e-02,lamp_kernel
2.528826e+02,13741,1.96532144715854e-08,3.52060329337515e-02,3.52060693274418e-02,3.51675505128185e-02,lamp_kernel
2.532546e+02,13761,1.94629562445175e-08,3.52060297336191e-02,3.52060657749905e-02,3.51676061135380e-02,lamp_kernel
2.536266e+02,13781,1.92473051387621e-08,3.52060265478315e-02,3.52060621898617e-02,3.51676615493676e-02,lamp_kernel
2.539987e+02,13801,1.90067088189707e-08,3.52060233762933e-02,3.52060585727888e-02,3.51677168210383e-02,lamp_kernel
2.543708e+02,13821,1.87774605529431e-08,3.52060202189162e-02,3.52060549908913e-02,3.51677719292768e-02,lamp_kernel
2.547428e+02,13841,1.85435786727669e-08,3.52060170756133e-02,3.52060514144875e-02,3.51678268748054e-02,lamp_kernel
2.551149e+02,13861,1.82859612834415e-08,3.52060139462972e-02,3.52060478081173e-02,3.51678816583423e-02,lamp_kernel
2.554869e+02,13881,1.80045403495836e-08,3.52060108308891e-02,3.52060441715758e-02,3.51679362806014e-02,lamp_kernel
2.558589e+02,13901,1.77251170223833e-08,3.52060077293101e-02,3.52060405525625e-02,3.51679907422923e-02,lamp_kernel
2.562310e+02,13921,1.75210786420293e-08,3.52060046414754e-02,3.52060370868910e-02,3.51680450441207e-02,lamp_kernel
2.566030e+02,13941,1.74016492937714e-08,3.52060015673146e-02,3.52060337915717e-02,3.51680991867881e-02,lamp_kernel
2.569751e+02,13961,1.73596490351006e-08,3.52059985067521e-02,3.52060306532334e-02,3.51681531703590e-02,lamp_kernel
2.573472e+02,13981,1.72899628343192e-08,3.52059954597128e-02,3.52060274771497e-02,3.51682069950555e-02,lamp_kernel
2.577193e+02,14001,1.71922927381630e-08,3.52059924261303e-02,3.52060242627024e-02,3.51682606626860e-02,lamp_kernel
2.580914e+02,14021,1.71397327366060e-08,3.52059894059379e-02,3.52060211451796e-02,3.51683141739357e-02,lamp_kernel
2.584635e+02,14041,1.71406810179290e-08,3.52059863990719e-02,3.52060181400697e-02,3.51683675294856e-02,lamp_kernel
2.588356e+02,14061,1.71196534770026e-08,3.52059834054651e-02,3.52060151075242e-02,3.51684207300130e-02,lamp_kernel
2.592076e+02,14081,1.70698117164789e-08,3.52059804250593e-02,3.52060120348218e-02,3.51684737761909e-02,lamp_kernel
2.595797e+02,14101,1.69901490263764e-08,3.52059774577957e-02,3.52060089200393e-02,3.51685266686887e-02,lamp_kernel
2.599518e+02,14121,1.69826396083830e-08,3.52059745036125e-02,3.52060059519503e-02,3.51685794081719e-02,lamp_kernel
2.603238e+02,14141,1.69566059064958e-08,3.52059715624600e-02,3.52060029625888e-02,3.51686319953021e-02,lamp_kernel
2.606959e+02,14161,1.68979685618535e-08,3.52059686342729e-02,3.52059999258174e-02,3.51686844307369e-02,lamp_kernel
2.610680e+02,14181,1.68531277682910e-08,3.52059657190024e-02,3.52059969275110e-02,3.51687367107282e-02,lamp_kernel
2.614400e+02,14201,1.68000600087541e-08,3.52059628165895e-02,3.52059939268276e-02,3.51687888376966e-02,lamp_kernel
2.618121e+02,14221,1.67191238186985e-08,3.52059599269819e-02,3.52059908873429e-02,3.51688408149607e-02,lamp_kernel
2.621841e+02,14241,1.66066818600863e-08,3.52059570501257e-02,3.52059878022674e-02,3.51688926431630e-02,lamp_kernel
2.625561e+02,14261,1.64640507415410e-08,3.52059541859635e-02,3.52059846739818e-02,3.51689443229425e-02,lamp_kernel
2.629282e+02,14281,1.63039811523157e-08,3.52059513344354e-02,3.52059815260380e-02,3.51689958549343e-02,lamp_kernel
2.633002e+02,14301,1.61181809155226e-08,3.52059484954869e-02,3.52059783430258e-02,3.51690472397703e-02,lamp_kernel
2.636723e+02,14321,1.59144671879417e-08,3.52059456690545e-02,3.52059751393578e-02,3.51690984780782e-02,lamp_kernel
2.640443e+02,14341,1.59319150021440e-08,3.52059428550814e-02,3.52059723576944e-02,3.51691495704827e-02,lamp_kernel
2.644164e+02,14361,1.59803805088542e-08,3.52059400534920e-02,3.52059696458531e-02,3.51692005176047e-02,lamp_kernel
2.647884e+02,14381,1.60569889544182e-08,3.52059372642216e-02,3.52059669984457e-02,3.51692513200614e-02,lamp_kernel
2.651604e+02,14401,1.61205285867747e-08,3.52059344871894e-02,3.52059643390758e-02,3.51693019784670e-02,lamp_kernel
2.655325e+02,14421,1.62009194208399e-08,3.52059317223179e-02,3.52059617230715e-02,3.51693524934317e-02,lamp_kernel
2.659045e+02,14441,1.62793023740203e-08,3.52059289695196e-02,3.52059591154223e-02,3.51694028655627e-02,lamp_kernel
2.662766e+02,14461,1.63455691979492e-08,3.52059262286999e-02,3.52059564973150e-02,3.51694530954635e-02,lamp_kernel
2.666486e+02,14481,1.64038847567338e-08,3.52059234997596e-02,3.52059538763630e-02,3.51695031837343e-02,lamp_kernel
2.670207e+02,14501,1.64508479361941e-08,3.52059207825932e-02,3.52059512461628e-02,3.51695531309720e-02,lamp_kernel
2.673927e+02,14521,1.65076714522080e-08,3.52059180770853e-02,3.52059486458802e-02,3.51696029377700e-02,lamp_kernel
2.677648e+02,14541,1.65545369956705e-08,3.52059153831157e-02,3.52059460386959e-02,3.51696526047185e-02,lamp_kernel
2.681369e+02,14561,1.65897022194782e-08,3.52059127005537e-02,3.52059434212526e-02,3.51697021324044e-02,lamp_kernel
2.685090e+02,14581,1.66121670564523e-08,3.52059100292632e-02,3.52059407915624e-02,3.51697515214114e-02,lamp_kernel
2.688811e+02,14601,1.66227307055412e-08,3.52059073691067e-02,3.52059381509676e-02,3.51698007723197e-02,lamp_kernel
2.692531e+02,14621,1.66202749331023e-08,3.52059047199301e-02,3.52059354972434e-02,3.51698498857065e-02,lamp_kernel
2.696252e+02,14641,1.66071122759303e-08,3.52059020815827e-02,3.52059328345215e-02,3.51698988621457e-02,lamp_kernel
2.699973e+02,14661,1.68002518704211e-08,3.52058994539089e-02,3.52059305645022e-02,3.51699477022081e-02,lamp_kernel
2.703694e+02,14681,1.70341935189305e-08,3.52058968367456e-02,3.52059283805506e-02,3.51699964064612e-02,lamp_kernel
2.707414e+02,14701,1.73203194642681e-08,3.52058942299309e-02,3.52059263035819e-02,3.51700449754695e-02,lamp_kernel
2.711135e+02,14721,1.77602898815281e-08,3.52058916332999e-02,3.52059245216852e-02,3.51700934097942e-02,lamp_kernel
2.714855e+02,14741,1.81882831925609e-08,3.52058890466911e-02,3.52059227276315e-02,3.51701417099937e-02,lamp_kernel
2.718576e+02,14761,1.86139657434229e-08,3.52058864699449e-02,3.52059209391614e-02,3.51701898766229e-02,lamp_kernel
2.722297e+02,14781,1.90278454806712e-08,3.52058839029058e-02,3.52059191385420e-02,3.51702379102340e-02,lamp_kernel
2.726017e+02,14801,1.94187202594298e-08,3.52058813454222e-02,3.52059173048777e-02,3.51702858113760e-02,lamp_kernel
2.729738e+02,14821,1.97831871381569e-08,3.52058787973519e-02,3.52059154317248e-02,3.51703335805948e-02,lamp_kernel
2.733459e+02,14841,2.01202927566019e-08,3.52058762585600e-02,3.52059135171828e-02,3.51703812184335e-02,lamp_kernel
2.737180e+02,14861,2.04265346455387e-08,3.52058737289157e-02,3.52059115546352e-02,3.51704287254321e-02,lamp_kernel
2.740900e+02,14881,2.06948292947794e-08,3.52058712083053e-02,3.52059095308510e-02,3.51704761021276e-02,lamp_kernel
2.744621e+02,14901,2.09656903146681e-08,3.52058686966147e-02,3.52059075207390e-02,3.51705233490541e-02,lamp_kernel
2.748342e+02,14921,2.12132511972005e-08,3.52058661937533e-02,3.52059054763092e-02,3.51705704667427e-02,lamp_kernel
2.752062e+02,14941,2.14127305647407e-08,3.52058636996281e-02,3.52059033515785e-02,3.51706174557219e-02,lamp_kernel
2.755783e+02,14961,2.15609484302785e-08,3.52058612141670e-02,3.52059011405863e-02,3.51706643165169e-02,lamp_kernel
2.759504e+02,14981,2.16547980633971e-08,3.52058587373005e-02,3.52058988375098e-02,3.51707110496502e-02,lamp_kernel
2.763224e+02,15001,2.16997666975928e-08,3.52058562689702e-02,3.52058964524521e-02,3.51707576556416e-02,lamp_kernel
2.766945e+02,15021,2.17147179329574e-08,3.52058538091251e-02,3.52058940202937e-02,3.51708041350080e-02,lamp_kernel
2.770666e+02,15041,2.16872415666470e-08,3.52058513577350e-02,3.52058915180230e-02,3.51708504882633e-02,lamp_kernel
2.774386e+02,15061,2.15967643565064e-08,3.52058489147698e-02,3.52058889075127e-02,3.51708967159189e-02,lamp_kernel
2.778107e+02,15081,2.14405429402803e-08,3.52058464802053e-02,3.52058861836585e-02,3.51709428184833e-02,lamp_kernel
2.781828e+02,15101,2.12177909168952e-08,3.52058440540283e-02,3.52058833449907e-02,3.51709887964622e-02,lamp_kernel
2.785550e+02,15121,2.09280506469162e-08,3.52058416362372e-02,3.52058803906606e-02,3.51710346503587e-02,lamp_kernel
2.789271e+02,15141,2.06144894991503e-08,3.52058392268348e-02,3.52058774006078e-02,3.51710803806732e-02,lamp_kernel
2.792992e+02,15161,2.02788400759581e-08,3.52058368258293e-02,3.52058743780490e-02,3.51711259879033e-02,lamp_kernel
2.796712e+02,15181,1.98928063675847e-08,3.52058344332410e-02,3.52058712706060e-02,3.51711714725440e-02,lamp_kernel
2.800433e+02,15201,1.95023266927902e-08,3.52058320490878e-02,3.52058681633651e-02,3.51712168350877e-02,lamp_kernel
2.804154e+02,15221,1.90496025971871e-08,3.52058296734009e-02,3.52058649493268e-02,3.51712620760241e-02,lamp_kernel
2.807875e+02,15241,1.85724457151906e-08,3.52058273062108e-02,3.52058616985408e-02,3.51713071958405e-02,lamp_kernel
2.811595e+02,15261,1.81326422193142e-08,3.52058249475459e-02,3.52058585254507e-02,3.51713521950212e-02,lamp_kernel
2.815316e+02,15281,1.77701473406750e-08,3.52058225974538e-02,3.52058555040930e-02,3.51713970740484e-02,lamp_kernel
2.819037e+02,15301,1.73736474544845e-08,3.52058202559655e-02,3.52058524283689e-02,3.51714418334014e-02,lamp_kernel
2.822758e+02,15321,1.69521613958107e-08,3.52058179231161e-02,3.52058493150145e-02,3.51714864735571e-02,lamp_kernel
2.826479e+02,15341,1.65737986157538e-08,3.52058155989447e-02,3.52058462901935e-02,3.51715309949901e-02,lamp_kernel
2.830200e+02,15361,1.62195060159386e-08,3.52058132834830e-02,3.52058433186551e-02,3.51715753981720e-02,lamp_kernel
2.833921e+02,15381,1.58400535012565e-08,3.52058109767608e-02,3.52058403092653e-02,3.51716196835726e-02,lamp_kernel
2.837642e+02,15401,1.55806308196735e-08,3.52058086788050e-02,3.52058375309123e-02,3.51716638516586e-02,lamp_kernel
2.841363e+02,15421,1.53743693035015e-08,3.52058063896312e-02,3.52058348597849e-02,3.51717079028946e-02,lamp_kernel
2.845083e+02,15441,1.52118058527208e-08,3.52058041092539e-02,3.52058322783736e-02,3.51717518377426e-02,lamp_kernel
2.848804e+02,15461,1.50981790165775e-08,3.52058018376811e-02,3.52058297963874e-02,3.51717956566625e-02,lamp_kernel
2.852524e+02,15481,1.49829029155930e-08,3.52057995749171e-02,3.52058273201559e-02,3.51718393601113e-02,lamp_kernel
2.856245e+02,15501,1.48583039076487e-08,3.52057973209579e-02,3.52058248354651e-02,3.51718829485442e-02,lamp_kernel
2.859966e+02,15521,1.47605402352427e-08,3.52057950757921e-02,3.52058224092612e-02,3.51719264224134e-02,lamp_kernel
2.863686e+02,15541,1.47340657044015e-08,3.52057928394057e-02,3.52058201238495e-02,3.51719697821692e-02,lamp_kernel
2.867407e+02,15561,1.47183581570813e-08,3.52057906117784e-02,3.52058178671350e-02,3.51720130282594e-02,lamp_kernel
2.871128e+02,15581,1.46988035130603e-08,3.52057883928857e-02,3.52058156120312e-02,3.51720561611295e-02,lamp_kernel
2.874848e+02,15601,1.46780544254609e-08,3.52057861826935e-02,3.52058133634160e-02,3.51720991812225e-02,lamp_kernel
2.878570e+02,15621,1.46655197864142e-08,3.52057839811672e-02,3.52058111386781e-02,3.51721420889794e-02,lamp_kernel
2.882292e+02,15641,1.46681033490558e-08,3.52057817882768e-02,3.52058089505719e-02,3.51721848848387e-02,lamp_kernel
2.886012e+02,15661,1.46675159658603e-08,3.52057796039802e-02,3.52058067651876e-02,3.51722275692366e-02,lamp_kernel
2.889733e+02,15681,1.46632919079991e-08,3.52057774282337e-02,3.52058045816190e-02,3.51722701426071e-02,lamp_kernel
2.893454e+02,15701,1.47831259531166e-08,3.52057752609930e-02,3.52058026362862e-02,3.51723126053820e-02,lamp_kernel
2.897174e+02,15721,1.50079249883695e-08,3.52057731022120e-02,3.52058008937866e-02,3.51723549579908e-02,lamp_kernel
2.900895e+02,15741,1.52317849597133e-08,3.52057709518385e-02,3.52057991579555e-02,3.51723972008607e-02,lamp_kernel
2.904616e+02,15761,1.54372889138638e-08,3.52057688098219e-02,3.52057973964896e-02,3.51724393344169e-02,lamp_kernel
2.908337e+02,15781,1.58225121779151e-08,3.52057666761105e-02,3.52057959761321e-02,3.51724813590820e-02,lamp_kernel
2.912058e+02,15801,1.61948555430706e-08,3.52057645506533e-02,3.52057945401778e-02,3.51725232752769e-02,lamp_kernel
2.915779e+02,15821,1.65386775526636e-08,3.52057624333981e-02,3.52057930596099e-02,3.51725650834200e-02,lamp_kernel
2.919499e+02,15841,1.68510392110609e-08,3.52057603242939e-02,3.52057915289349e-02,3.51726067839277e-02,lamp_kernel
2.923220e+02,15861,1.71379227011686e-08,3.52057582232846e-02,3.52057899591745e-02,3.51726483772142e-02,lamp_kernel
2.926941e+02,15881,1.73970037002614e-08,3.52057561303167e-02,3.52057883459711e-02,3.51726898636915e-02,lamp_kernel
2.930662e+02,15901,1.76254461282870e-08,3.52057540453384e-02,3.52057866840210e-02,3.51727312437696e-02,lamp_kernel
2.934382e+02,15921,1.78256426051351e-08,3.52057519682942e-02,3.52057849776992e-02,3.51727725178565e-02,lamp_kernel
2.938103e+02,15941,1.79968779404993e-08,3.52057498991290e-02,3.52057832256265e-02,3.51728136863578e-02,lamp_kernel
2.941824e+02,15961,1.81418728561521e-08,3.52057478377925e-02,3.52057814327906e-02,3.51728547496774e-02,lamp_kernel
2.945544e+02,15981,1.82596269709361e-08,3.52057457842318e-02,3.52057795972862e-02,3.51728957082168e-02,lamp_kernel
2.949265e+02,16001,1.83490660827043e-08,3.52057437383946e-02,3.52057777170717e-02,3.51729365623126e-02,lamp_kernel
2.952986e+02,16021,1.84165197722267e-08,3.52057417002235e-02,3.52057758038109e-02,3.51729773107590e-02,lamp_kernel
2.956707e+02,16041,1.84630754869883e-08,3.52057396696710e-02,3.52057738594700e-02,3.51730179556284e-02,lamp_kernel
2.960427e+02,16061,1.84863567847865e-08,3.52057376466866e-02,3.52057718795977e-02,3.51730584973143e-02,lamp_kernel
2.964148e+02,16081,1.85403501463209e-08,3.52057356312223e-02,3.52057699641180e-02,3.51730989362083e-02,lamp_kernel
2.967870e+02,16101,1.85663836772852e-08,3.52057336232222e-02,3.52057680043266e-02,3.51731392727000e-02,lamp_kernel
2.971590e+02,16121,1.85668414206153e-08,3.52057316226425e-02,3.52057660045945e-02,3.51731795071769e-02,lamp_kernel
2.975311e+02,16141,1.85399632751908e-08,3.52057296294363e-02,3.52057639616155e-02,3.51732196400248e-02,lamp_kernel
2.979033e+02,16161,1.84844710816167e-08,3.52057276435556e-02,3.52057618729747e-02,3.51732596716273e-02,lamp_kernel
2.982754e+02,16181,1.84023247837847e-08,3.52057256649571e-02,3.52057597422583e-02,3.51732996023665e-02,lamp_kernel
2.986475e+02,16201,1.82924254374324e-08,3.52057236935948e-02,3.52057575673852e-02,3.51733394326221e-02,lamp_kernel
2.990196e+02,16221,1.81541955481036e-08,3.52057217294335e-02,3.52057553472506e-02,3.51733791627722e-02,lamp_kernel
2.993917e+02,16241,1.79875362161206e-08,3.52057197724253e-02,3.52057530816238e-02,3.51734187931929e-02,lamp_kernel
2.997637e+02,16261,1.77940539108013e-08,3.52057178225302e-02,3.52057507734395e-02,3.51734583242585e-02,lamp_kernel
3.001358e+02,16281,1.76199175768270e-08,3.52057158797154e-02,3.52057485081602e-02,3.51734977563414e-02,lamp_kernel
3.005079e+02,16301,1.74294472699448e-08,3.52057139439401e-02,3.52057462196733e-02,3.51735370898121e-02,lamp_kernel
3.008800e+02,16321,1.72124756851686e-08,3.52057120151717e-02,3.52057438891183e-02,3.51735763250394e-02,lamp_kernel
3.012521e+02,16341,1.69690817245652e-08,3.52057100933787e-02,3.52057415166101e-02,3.51736154612526e-02,lamp_kernel
3.016242e+02,16361,1.66992738393342e-08,3.52057081785258e-02,3.52057391021287e-02,3.51736544989701e-02,lamp_kernel
3.019963e+02,16381,1.65157822836011e-08,3.52057062705928e-02,3.52057368544074e-02,3.51736934395431e-02,lamp_kernel
3.023683e+02,16401,1.63891364829244e-08,3.52057043695461e-02,3.52057347188388e-02,3.51737322833329e-02,lamp_kernel
3.027404e+02,16421,1.62864028396007e-08,3.52057024753568e-02,3.52057326344080e-02,3.51737710306990e-02,lamp_kernel
3.031125e+02,16441,1.61557656269677e-08,3.52057005880096e-02,3.52057305051477e-02,3.51738096819994e-02,lamp_kernel
3.034846e+02,16461,1.60467361819993e-08,3.52056987074745e-02,3.52057284227126e-02,3.51738482375901e-02,lamp_kernel
3.038567e+02,16481,1.60201305816757e-08,3.52056968337356e-02,3.52057264997056e-02,3.51738866978255e-02,lamp_kernel
3.042287e+02,16501,1.59929065346209e-08,3.52056949667792e-02,3.52057245823359e-02,3.51739250630580e-02,lamp_kernel
3.046008e+02,16521,1.59910988592782e-08,3.52056931065789e-02,3.52057227187882e-02,3.51739633336385e-02,lamp_kernel
3.049729e+02,16541,1.59589287694143e-08,3.52056912531191e-02,3.52057208057560e-02,3.51740015099160e-02,lamp_kernel
3.053450e+02,16561,1.58978388977177e-08,3.52056894063910e-02,3.52057188459021e-02,3.51740395922379e-02,lamp_kernel
3.057171e+02,16581,1.58917607024049e-08,3.52056875663857e-02,3.52057169946413e-02,3.51740775809500e-02,lamp_kernel
3.060891e+02,16601,1.58949336853970e-08,3.52056857330885e-02,3.52057151672198e-02,3.51741154763961e-02,lamp_kernel
3.064613e+02,16621,1.58831847367811e-08,3.52056839064878e-02,3.52057133188624e-02,3.51741532789186e-02,lamp_kernel
3.068333e+02,16641,1.58864178455148e-08,3.52056820865777e-02,3.52057115049394e-02,3.51741909888580e-02,lamp_kernel
3.072054e+02,16661,1.58572571001413e-08,3.52056802733507e-02,3.52057096377127e-02,3.51742286065534e-02,lamp_kernel
3.075777e+02,16681,1.57951163011389e-08,3.52056784667957e-02,3.52057077160858e-02,3.51742661323419e-02,lamp_kernel
3.079498e+02,16701,1.57007925109827e-08,3.52056766669107e-02,3.52057057415327e-02,3.51743035665592e-02,lamp_kernel
3.083220e+02,16721,1.55756405860605e-08,3.52056748736839e-02,3.52057037165504e-02,3.51743409095394e-02,lamp_kernel
3.086941e+02,16741,1.54268019839311e-08,3.52056730871031e-02,3.52057016543513e-02,3.51743781616148e-02,lamp_kernel
3.090661e+02,16761,1.52677139720855e-08,3.52056713071633e-02,3.52056995798134e-02,3.51744153231162e-02,lamp_kernel
3.094382e+02,16781,1.51269926838663e-08,3.52056695338539e-02,3.52056975459171e-02,3.51744523943727e-02,lamp_kernel
3.098104e+02,16801,1.49708704270539e-08,3.52056677671570e-02,3.52056954901141e-02,3.51744893757120e-02,lamp_kernel
3.101825e+02,16821,1.48476818905057e-08,3.52056660070620e-02,3.52056935018995e-02,3.51745262674601e-02,lamp_kernel
3.105546e+02,16841,1.48358111805849e-08,3.52056642535512e-02,3.52056917264065e-02,3.51745630699412e-02,lamp_kernel
3.109268e+02,16861,1.49101694122874e-08,3.52056625065970e-02,3.52056901171484e-02,3.51745997834785e-02,lamp_kernel
3.112990e+02,16881,1.49932870196426e-08,3.52056607661780e-02,3.52056885306460e-02,3.51746364083931e-02,lamp_kernel
3.116711e+02,16901,1.50641091150687e-08,3.52056590322565e-02,3.52056869278724e-02,3.51746729450048e-02,lamp_kernel
3.120432e+02,16921,1.51260174291950e-08,3.52056573048059e-02,3.52056853150632e-02,3.51747093921026e-02,lamp_kernel
3.124154e+02,16941,1.51831472988049e-08,3.52056555837786e-02,3.52056836998287e-02,3.51747457502373e-02,lamp_kernel
3.127875e+02,16961,1.52484170824056e-08,3.52056538691206e-02,3.52056821060368e-02,3.51747820210430e-02,lamp_kernel
3.131596e+02,16981,1.53164573229132e-08,3.52056521607871e-02,3.52056805236997e-02,3.51748182048335e-02,lamp_kernel
3.135317e+02,17001,1.53763812013190e-08,3.52056504587067e-02,3.52056789325860e-02,3.51748543019206e-02,lamp_kernel
3.139038e+02,17021,1.54307471759844e-08,3.52056487628099e-02,3.52056773373637e-02,3.51748903126151e-02,lamp_kernel
3.142759e+02,17041,1.54791060191156e-08,3.52056470730202e-02,3.52056757371246e-02,3.51749262372261e-02,lamp_kernel
3.146480e+02,17061,1.55224488248279e-08,3.52056453892535e-02,3.52056741336198e-02,3.51749620758533e-02,lamp_kernel
3.150201e+02,17081,1.55614129220006e-08,3.52056437114168e-02,3.52056725279365e-02,3.51749978252551e-02,lamp_kernel
3.153922e+02,17101,1.55900535335124e-08,3.52056420394099e-02,3.52056709089662e-02,3.51750334895005e-02,lamp_kernel
3.157643e+02,17121,1.56088100241130e-08,3.52056403731281e-02,3.52056692774175e-02,3.51750690688927e-02,lamp_kernel
3.161364e+02,17141,1.56156421294466e-08,3.52056387124656e-02,3.52056676294066e-02,3.51751045637336e-02,lamp_kernel
3.165085e+02,17161,1.56386808127126e-08,3.52056370572957e-02,3.52056660168996e-02,3.51751399743237e-02,lamp_kernel
3.168806e+02,17181,1.58748371062137e-08,3.52056354075013e-02,3.52056648044179e-02,3.51751753009618e-02,lamp_kernel
3.172528e+02,17201,1.62491190098326e-08,3.52056337629586e-02,3.52056638529678e-02,3.51752105424779e-02,lamp_kernel
3.176249e+02,17221,1.66805691172739e-08,3.52056321235452e-02,3.52056630125109e-02,3.51752456941480e-02,lamp_kernel
3.179970e+02,17241,1.71061292080754e-08,3.52056304891393e-02,3.52056621661543e-02,3.51752807627875e-02,lamp_kernel
3.183691e+02,17261,1.75259602940083e-08,3.52056288596243e-02,3.52056613140797e-02,3.51753157486898e-02,lamp_kernel
3.187412e+02,17281,1.79269285051401e-08,3.52056272348709e-02,3.52056604318365e-02,3.51753506521468e-02,lamp_kernel
3.191133e+02,17301,1.83010134920380e-08,3.52056256147750e-02,3.52056595044687e-02,3.51753854734489e-02,lamp_kernel
3.194855e+02,17321,1.86472672713891e-08,3.52056239992235e-02,3.52056585301076e-02,3.51754202128853e-02,lamp_kernel
3.198576e+02,17341,1.89850769433877e-08,3.52056223881186e-02,3.52056575445563e-02,3.51754548707438e-02,lamp_kernel
3.202296e+02,17361,1.93284765634234e-08,3.52056207813697e-02,3.52056565737126e-02,3.51754894473109e-02,lamp_kernel
3.206018e+02,17381,1.96383341552167e-08,3.52056191788958e-02,3.52056555450308e-02,3.51755239428716e-02,lamp_kernel
3.209739e+02,17401,1.99066942898646e-08,3.52056175806197e-02,3.52056544437022e-02,3.51755583577097e-02,lamp_kernel
3.213460e+02,17421,2.01286696657351e-08,3.52056159864814e-02,3.52056532606165e-02,3.51755926921077e-02,lamp_kernel
3.217181e+02,17441,2.03026614605874e-08,3.52056143964233e-02,3.52056519927552e-02,3.51756269463467e-02,lamp_kernel
3.220902e+02,17461,2.04266995377830e-08,3.52056128103981e-02,3.52056506364228e-02,3.51756611207063e-02,lamp_kernel
3.224623e+02,17481,2.05433098235537e-08,3.52056112283726e-02,3.52056492703355e-02,3.51756952154652e-02,lamp_kernel
3.228344e+02,17501,2.06116595799160e-08,3.52056096503180e-02,3.52056478188506e-02,3.51757292309005e-02,lamp_kernel
3.232065e+02,17521,2.06204355016458e-08,3.52056080762143e-02,3.52056462609980e-02,3.51757631672881e-02,lamp_kernel
3.235787e+02,17541,2.05673309370794e-08,3.52056065060549e-02,3.52056445924999e-02,3.51757970249026e-02,lamp_kernel
3.239508e+02,17561,2.04516818470425e-08,3.52056049398346e-02,3.52056428121215e-02,3.51758308040174e-02,lamp_kernel
3.243229e+02,17581,2.02740611393396e-08,3.52056033775598e-02,3.52056409209298e-02,3.51758645049045e-02,lamp_kernel
3.246950e+02,17601,2.00306516731873e-08,3.52056018192423e-02,3.52056389118683e-02,3.51758981278349e-02,lamp_kernel
3.250671e+02,17621,1.97210209533176e-08,3.52056002648987e-02,3.52056367841526e-02,3.51759316730779e-02,lamp_kernel
3.254392e+02,17641,1.93975932856213e-08,3.52055987145534e-02,3.52056346348861e-02,3.51759651409022e-02,lamp_kernel
3.258113e+02,17661,1.90963810362313e-08,3.52055971682410e-02,3.52056325307909e-02,3.51759985315746e-02,lamp_kernel
3.261834e+02,17681,1.87549767771681e-08,3.52055956259983e-02,3.52056303563382e-02,3.51760318453611e-02,lamp_kernel
3.265555e+02,17701,1.83638002640064e-08,3.52055940878710e-02,3.52056280938328e-02,3.51760650813038e-02,lamp_kernel
3.269276e+02,17721,1.80293409537761e-08,3.52055925539025e-02,3.52056259405148e-02,3.51760982391849e-02,lamp_kernel
3.272997e+02,17741,1.77418073891380e-08,3.52055910241472e-02,3.52056238783067e-02,3.51761313209736e-02,lamp_kernel
3.276718e+02,17761,1.74249266821045e-08,3.52055894986613e-02,3.52056217660233e-02,3.51761643269309e-02,lamp_kernel
3.280439e+02,17781,1.70590489284649e-08,3.52055879774990e-02,3.52056195673310e-02,3.51761972573167e-02,lamp_kernel
3.284160e+02,17801,1.66953443208598e-08,3.52055864607246e-02,3.52056173770509e-02,3.51762301123899e-02,lamp_kernel
3.287881e+02,17821,1.63201437613275e-08,3.52055849483937e-02,3.52056151699261e-02,3.51762628924079e-02,lamp_kernel
3.291602e+02,17841,1.59738210519087e-08,3.52055834405693e-02,3.52056130207837e-02,3.51762955976272e-02,lamp_kernel
3.295323e+02,17861,1.56009293094011e-08,3.52055819373072e-02,3.52056108270031e-02,3.51763282283031e-02,lamp_kernel
3.299044e+02,17881,1.51988173921255e-08,3.52055804386663e-02,3.52056085837341e-02,3.51763607846897e-02,lamp_kernel
3.302765e+02,17901,1.48882804173594e-08,3.52055789446932e-02,3.52056065147107e-02,3.51763932670399e-02,lamp_kernel
3.306486e+02,17921,1.47774219109450e-08,3.52055774554425e-02,3.52056048201730e-02,3.51764256756057e-02,lamp_kernel
3.310208e+02,17941,1.46467490340603e-08,3.52055759709522e-02,3.52056030937035e-02,3.51764580106377e-02,lamp_kernel
3.313929e+02,17961,1.45462086783026e-08,3.52055744912652e-02,3.52056014278365e-02,3.51764902723856e-02,lamp_kernel
3.317651e+02,17981,1.44936239937151e-08,3.52055730164134e-02,3.52055998556088e-02,3.51765224610979e-02,lamp_kernel
3.321372e+02,18001,1.44597167162913e-08,3.52055715464242e-02,3.52055983228303e-02,3.51765545770218e-02,lamp_kernel
3.325093e+02,18021,1.44184310616130e-08,3.52055700813147e-02,3.52055967812683e-02,3.51765866204037e-02,lamp_kernel
3.328814e+02,18041,1.43691498638804e-08,3.52055686211064e-02,3.52055952298014e-02,3.51766185914888e-02,lamp_kernel
3.332535e+02,18061,1.43319146110559e-08,3.52055671658050e-02,3.52055937055481e-02,3.51766504905212e-02,lamp_kernel
3.336256e+02,18081,1.43141551874102e-08,3.52055657154182e-02,3.52055922222745e-02,3.51766823177437e-02,lamp_kernel
3.339977e+02,18101,1.42975602965957e-08,3.52055642699516e-02,3.52055907460776e-02,3.51767140733984e-02,lamp_kernel
3.343698e+02,18121,1.42848695528073e-08,3.52055628293958e-02,3.52055892820211e-02,3.51767457577259e-02,lamp_kernel
3.347419e+02,18141,1.42679472448086e-08,3.52055613937369e-02,3.52055878150257e-02,3.51767773709661e-02,lamp_kernel
3.351141e+02,18161,1.42645500465496e-08,3.52055599629716e-02,3.52055863779694e-02,3.51768089133575e-02,lamp_kernel
3.354861e+02,18181,1.42647758079756e-08,3.52055585370863e-02,3.52055849525022e-02,3.51768403851378e-02,lamp_kernel
3.358583e+02,18201,1.42603251805737e-08,3.52055571160571e-02,3.52055835232313e-02,3.51768717865435e-02,lamp_kernel
3.362304e+02,18221,1.44231133270554e-08,3.52055556998635e-02,3.52055824084877e-02,3.51769031178099e-02,lamp_kernel
3.366025e+02,18241,1.46452415167169e-08,3.52055542884887e-02,3.52055814084484e-02,3.51769343791717e-02,lamp_kernel
3.369747e+02,18261,1.49206065372815e-08,3.52055528818992e-02,3.52055805117780e-02,3.51769655700740e-02,lamp_kernel
3.373468e+02,18281,1.53155689256134e-08,3.52055514800752e-02,3.52055798413427e-02,3.51769966888188e-02,lamp_kernel
3.377189e+02,18301,1.56839958993479e-08,3.52055500829864e-02,3.52055791265045e-02,3.51770277383669e-02,lamp_kernel
3.380911e+02,18321,1.60265550153810e-08,3.52055486906012e-02,3.52055783684680e-02,3.51770587189485e-02,lamp_kernel
3.384632e+02,18341,1.63406104966487e-08,3.52055473028937e-02,3.52055775623263e-02,3.51770896307927e-02,lamp_kernel
3.388353e+02,18361,1.66262950286524e-08,3.52055459198310e-02,3.52055767082923e-02,3.51771204741276e-02,lamp_kernel
3.392074e+02,18381,1.68867811791012e-08,3.52055445413888e-02,3.52055758122166e-02,3.51771512491805e-02,lamp_kernel
3.395795e+02,18401,1.71196006754273e-08,3.52055431675277e-02,3.52055748694891e-02,3.51771819561774e-02,lamp_kernel
3.399516e+02,18421,1.73257502706093e-08,3.52055417982216e-02,3.52055738819294e-02,3.51772125953435e-02,lamp_kernel
3.403237e+02,18441,1.75026483053915e-08,3.52055404334327e-02,3.52055728447191e-02,3.51772431669029e-02,lamp_kernel
3.406958e+02,18461,1.76502465758903e-08,3.52055390731372e-02,3.52055717577450e-02,3.51772736710789e-02,lamp_kernel
3.410679e+02,18481,1.77700440464950e-08,3.52055377172971e-02,3.52055706237451e-02,3.51773041080935e-02,lamp_kernel
3.414400e+02,18501,1.78668338758138e-08,3.52055363658862e-02,3.52055694515690e-02,3.51773344781680e-02,lamp_kernel
3.418121e+02,18521,1.79790591575935e-08,3.52055350188712e-02,3.52055683123720e-02,3.51773647815226e-02,lamp_kernel
3.421842e+02,18541,1.80810680315238e-08,3.52055336762225e-02,3.52055671586226e-02,3.51773950183766e-02,lamp_kernel
3.425563e+02,18561,1.81509680489238e-08,3.52055323379127e-02,3.52055659497532e-02,3.51774251889484e-02,lamp_kernel
3.429285e+02,18581,1.81893662671310e-08,3.52055310039093e-02,3.52055646868554e-02,3.51774552934552e-02,lamp_kernel
3.433006e+02,18601,1.81986276449604e-08,3.52055296741871e-02,3.52055633742833e-02,3.51774853321136e-02,lamp_kernel
3.436727e+02,18621,1.81793110916184e-08,3.52055283487197e-02,3.52055620130457e-02,3.51775153051391e-02,lamp_kernel
3.440448e+02,18641,1.81305919787786e-08,3.52055270274738e-02,3.52055606015820e-02,3.51775452127461e-02,lamp_kernel
3.444170e+02,18661,1.80515726942215e-08,3.52055257104305e-02,3.52055591382114e-02,3.51775750551484e-02,lamp_kernel
3.447891e+02,18681,1.79424368530390e-08,3.52055243975603e-02,3.52055576232441e-02,3.51776048325586e-02,lamp_kernel
3.451612e+02,18701,1.78050007471333e-08,3.52055230888411e-02,3.52055560600217e-02,3.51776345451886e-02,lamp_kernel
3.455333e+02,18721,1.76475062974896e-08,3.52055217842488e-02,3.52055544637823e-02,3.51776641932492e-02,lamp_kernel
3.459054e+02,18741,1.75108511124464e-08,3.52055204837670e-02,3.52055529102433e-02,3.51776937769503e-02,lamp_kernel
3.462775e+02,18761,1.73531225912805e-08,3.52055191873693e-02,3.52055513217649e-02,3.51777232965011e-02,lamp_kernel
3.466497e+02,18781,1.71670492387149e-08,3.52055178950421e-02,3.52055496848684e-02,3.51777527521097e-02,lamp_kernel
3.470218e+02,18801,1.69529792638392e-08,3.52055166067653e-02,3.52055480001782e-02,3.51777821439833e-02,lamp_kernel
3.473939e+02,18821,1.67112250517372e-08,3.52055153225238e-02,3.52055462682579e-02,3.51778114723283e-02,lamp_kernel
3.477660e+02,18841,1.65235151376951e-08,3.52055140423064e-02,3.52055446404405e-02,3.51778407373502e-02,lamp_kernel
3.481382e+02,18861,1.63992624114060e-08,3.52055127660984e-02,3.52055431341422e-02,3.51778699392535e-02,lamp_kernel
3.485104e+02,18881,1.63193660150481e-08,3.52055114938888e-02,3.52055417139810e-02,3.51778990782420e-02,lamp_kernel
3.488825e+02,18901,1.62228423994538e-08,3.52055102256684e-02,3.52055402670188e-02,3.51779281545185e-02,lamp_kernel
3.492547e+02,18921,1.61476390781099e-08,3.52055089614263e-02,3.52055388635157e-02,3.51779571682850e-02,lamp_kernel
3.496268e+02,18941,1.60627906168495e-08,3.52055077011616e-02,3.52055374461292e-02,3.51779861197426e-02,lamp_kernel
3.499990e+02,18961,1.59470646722173e-08,3.52055064448642e-02,3.52055359755313e-02,3.51780150090914e-02,lamp_kernel
3.503712e+02,18981,1.58405927998150e-08,3.52055051925300e-02,3.52055345260331e-02,3.51780438365308e-02,lamp_kernel
3.507433e+02,19001,1.57561286593466e-08,3.52055039441616e-02,3.52055331212546e-02,3.51780726022594e-02,lamp_kernel
3.511155e+02,19021,1.56553670869542e-08,3.52055026997622e-02,3.52055316902656e-02,3.51781013064748e-02,lamp_kernel
3.514877e+02,19041,1.56430735982722e-08,3.52055014593349e-02,3.52055304270734e-02,3.51781299493738e-02,lamp_kernel
3.518599e+02,19061,1.56656003896510e-08,3.52055002228772e-02,3.52055292323306e-02,3.51781585311524e-02,lamp_kernel
3.522321e+02,19081,1.57062499774613e-08,3.52054989903928e-02,3.52055280751208e-02,3.51781870520056e-02,lamp_kernel
3.526043e+02,19101,1.57300975505167e-08,3.52054977618893e-02,3.52055268907781e-02,3.51782155121279e-02,lamp_kernel
3.529764e+02,19121,1.57230300290773e-08,3.52054965373708e-02,3.52055256531720e-02,3.51782439117127e-02,lamp_kernel
3.533486e+02,19141,1.56846281444962e-08,3.52054953168472e-02,3.52055243615361e-02,3.51782722509526e-02,lamp_kernel
3.537208e+02,19161,1.56151886784289e-08,3.52054941003286e-02,3.52055230164300e-02,3.51783005300394e-02,lamp_kernel
3.540930e+02,19181,1.55152582847836e-08,3.52054928878202e-02,3.52055216188711e-02,3.51783287491641e-02,lamp_kernel
3.544651e+02,19201,1.54058583599678e-08,3.52054916793299e-02,3.52055202077947e-02,3.51783569085170e-02,lamp_kernel
3.548373e+02,19221,1.53138498719354e-08,3.52054904748676e-02,3.52055188329518e-02,3.51783850082874e-02,lamp_kernel
3.552094e+02,19241,1.52047003504574e-08,3.52054892744389e-02,3.52055174304007e-02,3.51784130477777e-02,lamp_kernel
3.555816e+02,19261,1.51165543942211e-08,3.52054880780505e-02,3.52055160707842e-02,3.51784410275932e-02,lamp_kernel
3.559538e+02,19281,1.50124206899789e-08,3.52054868857051e-02,3.52055146856047e-02,3.51784689483959e-02,lamp_kernel
3.563260e+02,19301,1.48835781850831e-08,3.52054856974066e-02,3.52055132587166e-02,3.51784968103721e-02,lamp_kernel
3.566982e+02,19321,1.47592362252381e-08,3.52054845131593e-02,3.52055118442136e-02,3.51785246137070e-02,lamp_kernel
3.570703e+02,19341,1.46900312617973e-08,3.52054833329607e-02,3.52055105358618e-02,3.51785523585854e-02,lamp_kernel
3.574425e+02,19361,1.47511594130076e-08,3.52054821568006e-02,3.52055094728984e-02,3.51785800451911e-02,lamp_kernel
3.578147e+02,19381,1.48024900097267e-08,3.52054809846736e-02,3.52055083958251e-02,3.51786076737072e-02,lamp_kernel
3.581869e+02,19401,1.48558565144485e-08,3.52054798165650e-02,3.52055073265401e-02,3.51786352443160e-02,lamp_kernel
3.585590e+02,19421,1.49110148214559e-08,3.52054786524459e-02,3.52055062645628e-02,3.51786627571991e-02,lamp_kernel
3.589312e+02,19441,1.49621531695215e-08,3.52054774922975e-02,3.52055051991121e-02,3.51786902125372e-02,lamp_kernel
3.593034e+02,19461,1.50095857822065e-08,3.52054763360870e-02,3.52055041307370e-02,3.51787176105105e-02,lamp_kernel
3.596757e+02,19481,1.50513783483326e-08,3.52054751837719e-02,3.52055030558131e-02,3.51787449512982e-02,lamp_kernel
3.600479e+02,19501,1.50895881509610e-08,3.52054740353113e-02,3.52055019781091e-02,3.51787722350789e-02,lamp_kernel
3.604200e+02,19521,1.51246964856527e-08,3.52054728906500e-02,3.52055008984612e-02,3.51787994620304e-02,lamp_kernel
3.607922e+02,19541,1.51550261409483e-08,3.52054717497204e-02,3.52054998136959e-02,3.51788266323299e-02,lamp_kernel
3.611644e+02,19561,1.51810268377317e-08,3.52054706124598e-02,3.52054987245832e-02,3.51788537461536e-02,lamp_kernel
3.615365e+02,19581,1.51997693425832e-08,3.52054694787930e-02,3.52054976256236e-02,3.51788808036773e-02,lamp_kernel
3.619087e+02,19601,1.52118366289731e-08,3.52054683486379e-02,3.52054965178146e-02,3.51789078050758e-02,lamp_kernel
3.622809e+02,19621,1.52208652766102e-08,3.52054672218979e-02,3.52054954077938e-02,3.51789347505234e-02,lamp_kernel
3.626531e+02,19641,1.52201200869021e-08,3.52054660984854e-02,3.52054942830013e-02,3.51789616401934e-02,lamp_kernel
3.630252e+02,19661,1.52078979944804e-08,3.52054649782999e-02,3.52054931401831e-02,3.51789884742587e-02,lamp_kernel
3.633974e+02,19681,1.53363068047170e-08,3.52054638612355e-02,3.52054922609052e-02,3.51790152528914e-02,lamp_kernel
3.637696e+02,19701,1.57590941255581e-08,3.52054627471835e-02,3.52054919297680e-02,3.51790419762627e-02,lamp_kernel
3.641418e+02,19721,1.61763415619508e-08,3.52054616360434e-02,3.52054915912838e-02,3.51790686445433e-02,lamp_kernel
3.645140e+02,19741,1.65858338020207e-08,3.52054605277043e-02,3.52054912412398e-02,3.51790952579032e-02,lamp_kernel
3.648861e+02,19761,1.69752792463432e-08,3.52054594220553e-02,3.52054908567632e-02,3.51791218165115e-02,lamp_kernel
3.652583e+02,19781,1.73422150337635e-08,3.52054583189981e-02,3.52054904331952e-02,3.51791483205368e-02,lamp_kernel
3.656305e+02,19801,1.77476090110266e-08,3.52054572184312e-02,3.52054900833341e-02,3.51791747701470e-02,lamp_kernel
3.660026e+02,19821,1.81271669966881e-08,3.52054561202639e-02,3.52054896880298e-02,3.51792011655091e-02,lamp_kernel
3.663748e+02,19841,1.84727725377157e-08,3.52054550244149e-02,3.52054892321708e-02,3.51792275067897e-02,lamp_kernel
3.667470e+02,19861,1.87831756049081e-08,3.52054539307952e-02,3.52054887133534e-02,3.51792537941546e-02,lamp_kernel
3.671192e+02,19881,1.90531991938987e-08,3.52054528393434e-02,3.52054881219295e-02,3.51792800277687e-02,lamp_kernel
3.674914e+02,19901,1.92804645703646e-08,3.52054517499917e-02,3.52054874534262e-02,3.51793062077965e-02,lamp_kernel
3.678635e+02,19921,1.94627149631540e-08,3.52054506626921e-02,3.52054867036167e-02,3.51793323344017e-02,lamp_kernel
3.682357e+02,19941,1.96464252360668e-08,3.52054495773981e-02,3.52054859585162e-02,3.51793584077475e-02,lamp_kernel
3.686079e+02,19961,1.97893329403277e-08,3.52054484940814e-02,3.52054851398350e-02,3.51793844279961e-02,lamp_kernel
3.689801e+02,19981,1.98805031598774e-08,3.52054474127144e-02,3.52054842272964e-02,3.51794103953093e-02,lamp_kernel
3.693523e+02,20001,1.99146236564232e-08,3.52054463332758e-02,3.52054832110419e-02,3.51794363098482e-02,lamp_kernel
3.697245e+02,20021,1.98899820618584e-08,3.52054452557615e-02,3.52054820878964e-02,3.51794621717732e-02,lamp_kernel
3.700967e+02,20041,1.98089812032908e-08,3.52054441801667e-02,3.52054808623048e-02,3.51794879812441e-02,lamp_kernel
3.704689e+02,20061,1.96653409022960e-08,3.52054431064994e-02,3.52054795226454e-02,3.51795137384199e-02,lamp_kernel
3.708411e+02,20081,1.94676296498919e-08,3.52054420347692e-02,3.52054780847948e-02,3.51795394434591e-02,lamp_kernel
3.712132e+02,20101,1.92734443429742e-08,3.52054409649935e-02,3.52054766554280e-02,3.51795650965197e-02,lamp_kernel
3.715854e+02,20121,1.90156582374034e-08,3.52054398971927e-02,3.52054751102606e-02,3.51795906977588e-02,lamp_kernel
3.719576e+02,20141,1.86920725649507e-08,3.52054388314005e-02,3.52054734452547e-02,3.51796162473329e-02,lamp_kernel
3.723298e+02,20161,1.83131593750857e-08,3.52054377676444e-02,3.52054716798298e-02,3.51796417453980e-02,lamp_kernel
3.727020e+02,20181,1.80766627677967e-08,3.52054367059716e-02,3.52054701802141e-02,3.51796671921096e-02,lamp_kernel
3.731843e+02,20201,1.78755387932508e-08,3.52054356464248e-02,3.52054687482273e-02,3.51796925876222e-02,lamp_kernel
3.735565e+02,20221,1.76474896741952e-08,3.52054345890493e-02,3.52054672685519e-02,3.51797179320900e-02,lamp_kernel
3.739287e+02,20241,1.73798365071255e-08,3.52054335339030e-02,3.52054657177673e-02,3.51797432256666e-02,lamp_kernel
3.743009e+02,20261,1.71166030977025e-08,3.52054324810414e-02,3.52054641774519e-02,3.51797684685047e-02,lamp_kernel
3.746731e+02,20281,1.68078416701769e-08,3.52054314305251e-02,3.52054625551732e-02,3.51797936607567e-02,lamp_kernel
3.750452e+02,20301,1.64525659872587e-08,3.52054303824164e-02,3.52054608491674e-02,3.51798188025743e-02,lamp_kernel
3.754174e+02,20321,1.60558404622064e-08,3.52054293367871e-02,3.52054590688845e-02,3.51798438941085e-02,lamp_kernel
3.757895e+02,20341,1.56193584274863e-08,3.52054282936920e-02,3.52054572175148e-02,3.51798689355100e-02,lamp_kernel
3.761617e+02,20361,1.51967915961371e-08,3.52054272532031e-02,3.52054553945195e-02,3.51798939269284e-02,lamp_kernel
3.765339e+02,20381,1.48147323835171e-08,3.52054262153757e-02,3.52054536491975e-02,3.51799188685134e-02,lamp_kernel
3.769061e+02,20401,1.44624048725757e-08,3.52054251802766e-02,3.52054519616607e-02,3.51799437604134e-02,lamp_kernel
3.772782e+02,20421,1.43447845640352e-08,3.52054241479631e-02,3.52054507115386e-02,3.51799686027769e-02,lamp_kernel
3.776504e+02,20441,1.42897077381577e-08,3.52054231184884e-02,3.52054495800731e-02,3.51799933957511e-02,lamp_kernel
3.780225e+02,20461,1.42425343732576e-08,3.52054220919027e-02,3.52054484661320e-02,3.51800181394833e-02,lamp_kernel
3.783947e+02,20481,1.41831074778109e-08,3.52054210682526e-02,3.52054473324356e-02,3.51800428341198e-02,lamp_kernel
3.787669e+02,20501,1.41242033233970e-08,3.52054200475720e-02,3.52054462026766e-02,3.51800674798065e-02,lamp_kernel
3.791390e+02,20521,1.40865647486405e-08,3.52054190298992e-02,3.52054451153050e-02,3.51800920766887e-02,lamp_kernel
3.795113e+02,20541,1.40498646730022e-08,3.52054180152650e-02,3.52054440327098e-02,3.51801166249110e-02,lamp_kernel
3.798835e+02,20561,1.40112056325242e-08,3.52054170036861e-02,3.52054429495424e-02,3.51801411246176e-02,lamp_kernel
3.802557e+02,20581,1.39695385479629e-08,3.52054159951873e-02,3.52054418638848e-02,3.51801655759521e-02,lamp_kernel
3.806279e+02,20601,1.39466375711364e-08,3.52054149897869e-02,3.52054408160765e-02,3.51801899790574e-02,lamp_kernel
3.810001e+02,20621,1.39245938251070e-08,3.52054139874910e-02,3.52054397729601e-02,3.51802143340761e-02,lamp_kernel
3.813723e+02,20641,1.39037855298677e-08,3.52054129883001e-02,3.52054387352366e-02,3.51802386411500e-02,lamp_kernel
3.817445e+02,20661,1.38870984085651e-08,3.52054119922140e-02,3.52054377082494e-02,3.51802629004204e-02,lamp_kernel
3.821166e+02,20681,1.38712693728389e-08,3.52054109992341e-02,3.52054366859574e-02,3.51802871120280e-02,lamp_kernel
3.824888e+02,20701,1.38537886187814e-08,3.52054100093546e-02,3.52054356637072e-02,3.51803112761131e-02,lamp_kernel
3.828610e+02,20721,1.38313116348653e-08,3.52054090225616e-02,3.52054346352914e-02,3.51803353928153e-02,lamp_kernel
3.832331e+02,20741,1.40594950983899e-08,3.52054080388434e-02,3.52054340741219e-02,3.51803594622738e-02,lamp_kernel
3.836053e+02,20761,1.44390600451528e-08,3.52054070581900e-02,3.52054337963442e-02,3.51803834846270e-02,lamp_kernel
3.839775e+02,20781,1.48416608999820e-08,3.52054060805779e-02,3.52054335642657e-02,3.51804074600129e-02,lamp_kernel
3.843496e+02,20801,1.52168751724317e-08,3.52054051059897e-02,3.52054332844968e-02,3.51804313885690e-02,lamp_kernel
3.847218e+02,20821,1.55669113683433e-08,3.52054041344145e-02,3.52054329611162e-02,3.51804552704322e-02,lamp_kernel
3.850940e+02,20841,1.58887623754011e-08,3.52054031658266e-02,3.52054325885299e-02,3.51804791057390e-02,lamp_kernel
3.854662e+02,20861,1.61809548057559e-08,3.52054022002035e-02,3.52054321639867e-02,3.51805028946250e-02,lamp_kernel
3.858383e+02,20881,1.64382879500196e-08,3.52054012375222e-02,3.52054316778333e-02,3.51805266372258e-02,lamp_kernel
3.862105e+02,20901,1.66615356513159e-08,3.52054002777654e-02,3.52054311314850e-02,3.51805503336760e-02,lamp_kernel
3.865827e+02,20921,1.68514800945535e-08,3.52053993209076e-02,3.52054305263651e-02,3.51805739841099e-02,lamp_kernel
3.869548e+02,20941,1.70147403058659e-08,3.52053983669319e-02,3.52054298747135e-02,3.51805975886613e-02,lamp_kernel
3.873270e+02,20961,1.71633016057035e-08,3.52053974158087e-02,3.52054291986952e-02,3.51806211474634e-02,lamp_kernel
3.876992e+02,20981,1.73318486444287e-08,3.52053964675212e-02,3.52054285625219e-02,3.51806446606489e-02,lamp_kernel
3.880713e+02,21001,1.74702900730224e-08,3.52053955220447e-02,3.52054278734103e-02,3.51806681283500e-02,lamp_kernel
3.884435e+02,21021,1.75756789572793e-08,3.52053945793658e-02,3.52054271258898e-02,3.51806915506985e-02,lamp_kernel
3.888157e+02,21041,1.76474384387415e-08,3.52053936394487e-02,3.52054263188565e-02,3.51807149278255e-02,lamp_kernel
3.891878e+02,21061,1.76857704381025e-08,3.52053927022835e-02,3.52054254526742e-02,3.51807382598616e-02,lamp_kernel
3.895601e+02,21081,1.76907992358814e-08,3.52053917678513e-02,3.52054245275543e-02,3.51807615469372e-02,lamp_kernel
3.899322e+02,21101,1.76626117066838e-08,3.52053908361300e-02,3.52054235436355e-02,3.51807847847853e-02,lamp_kernel
3.903044e+02,21121,1.76022809688614e-08,3.52053899071049e-02,3.52054225028903e-02,3.51808079754863e-02,lamp_kernel
3.906766e+02,21141,1.75117530364943e-08,3.52053889807551e-02,3.52054214089016e-02,3.51808311216322e-02,lamp_kernel
3.910488e+02,21161,1.73904084011944e-08,3.52053880570675e-02,3.52054202605088e-02,3.51808542233510e-02,lamp_kernel
3.914209e+02,21181,1.72582482676386e-08,3.52053871360257e-02,3.52054190947338e-02,3.51808772807706e-02,lamp_kernel
3.917931e+02,21201,1.71286136320632e-08,3.52053862176177e-02,3.52054179362692e-02,3.51809002940181e-02,lamp_kernel
3.921653e+02,21221,1.69858342170106e-08,3.52053853018320e-02,3.52054167560855e-02,3.51809232632202e-02,lamp_kernel
3.925375e+02,21241,1.68150512967478e-08,3.52053843886544e-02,3.52054155266532e-02,3.51809461885032e-02,lamp_kernel
3.929097e+02,21261,1.66157037372649e-08,3.52053834780732e-02,3.52054142469215e-02,3.51809690699927e-02,lamp_kernel
3.932819e+02,21281,1.63882042698786e-08,3.52053825700847e-02,3.52054129176511e-02,3.51809919078140e-02,lamp_kernel
3.936541e+02,21301,1.61929604039985e-08,3.52053816646781e-02,3.52054116506932e-02,3.51810147020920e-02,lamp_kernel
3.940263e+02,21321,1.60674134651963e-08,3.52053807618455e-02,3.52054105153737e-02,3.51810374529508e-02,lamp_kernel
3.943984e+02,21341,1.60096400749983e-08,3.52053798615820e-02,3.52054095081258e-02,3.51810601605145e-02,lamp_kernel
3.947706e+02,21361,1.59495425291431e-08,3.52053789638814e-02,3.52054084991369e-02,3.51810828249062e-02,lamp_kernel
3.951428e+02,21381,1.59113978647985e-08,3.52053780687449e-02,3.52054075333644e-02,3.51811054462490e-02,lamp_kernel
3.955150e+02,21401,1.58450708152830e-08,3.52053771761724e-02,3.52054065179679e-02,3.51811280246652e-02,lamp_kernel
3.958871e+02,21421,1.57478699273688e-08,3.52053762861634e-02,3.52054054479630e-02,3.51811505602768e-02,lamp_kernel
3.962593e+02,21441,1.56205443151439e-08,3.52053753987202e-02,3.52054043247391e-02,3.51811730532053e-02,lamp_kernel
3.966315e+02,21461,1.54764258255539e-08,3.52053745138389e-02,3.52054031729801e-02,3.51811955035717e-02,lamp_kernel
3.970037e+02,21481,1.53027510522755e-08,3.52053736315323e-02,3.52054019690638e-02,3.51812179114965e-02,lamp_kernel
3.973759e+02,21501,1.52101082871235e-08,3.52053727517971e-02,3.52054009177733e-02,3.51812402771000e-02,lamp_kernel
3.977480e+02,21521,1.51976488493439e-08,3.52053718746499e-02,3.52054000175538e-02,3.51812626005017e-02,lamp_kernel
3.981202e+02,21541,1.52006040659317e-08,3.52053710000942e-02,3.52053991484706e-02,3.51812848796919e-02,lamp_kernel
3.984924e+02,21561,1.51742668285238e-08,3.52053701281418e-02,3.52053982277470e-02,3.51813071166249e-02,lamp_kernel
3.988645e+02,21581,1.51202209169130e-08,3.52053692587987e-02,3.52053972583220e-02,3.51813293117234e-02,lamp_kernel
3.992367e+02,21601,1.50377002210319e-08,3.52053683920818e-02,3.52053962387939e-02,3.51813514651052e-02,lamp_kernel
3.996089e+02,21621,1.49257688002876e-08,3.52053675280019e-02,3.52053951674401e-02,3.51813735768877e-02,lamp_kernel
3.999811e+02,21641,1.48098322159976e-08,3.52053666665697e-02,3.52053940913174e-02,3.51813956471878e-02,lamp_kernel
4.003533e+02,21661,1.46948319044335e-08,3.52053658078013e-02,3.52053930195921e-02,3.51814176761219e-02,lamp_kernel
4.007254e+02,21681,1.45724094532288e-08,3.52053649517086e-02,3.52053919367984e-02,3.51814396638061e-02,lamp_kernel
4.010976e+02,21701,1.44835945651505e-08,3.52053640983036e-02,3.52053909189266e-02,3.51814616103560e-02,lamp_kernel
4.014698e+02,21721,1.43959822534035e-08,3.52053632476053e-02,3.52053899059884e-02,3.51814835158868e-02,lamp_kernel
4.018420e+02,21741,1.42843095524140e-08,3.52053623996253e-02,3.52053888512136e-02,3.51815053805131e-02,lamp_kernel
4.022142e+02,21761,1.42166252993777e-08,3.52053615543772e-02,3.52053878806282e-02,3.51815272043494e-02,lamp_kernel
4.025864e+02,21781,1.41375969357683e-08,3.52053607118658e-02,3.52053868917727e-02,3.51815489875093e-02,lamp_kernel
4.029586e+02,21801,1.40341999820166e-08,3.52053598721062e-02,3.52053858605433e-02,3.51815707301066e-02,lamp_kernel
4.033308e+02,21821,1.39090126737833e-08,3.52053590350941e-02,3.52053847917102e-02,3.51815924322540e-02,lamp_kernel
4.037030e+02,21841,1.38101221968138e-08,3.52053582008482e-02,3.52053837743396e-02,3.51816140940643e-02,lamp_kernel
4.040752e+02,21861,1.38909666553087e-08,3.52053573693553e-02,3.52053830925539e-02,3.51816357156496e-02,lamp_kernel
4.044474e+02,21881,1.39698547029133e-08,3.52053565406114e-02,3.52053824098943e-02,3.51816572971217e-02,lamp_kernel
4.048196e+02,21901,1.40437708282112e-08,3.52053557146127e-02,3.52053817207730e-02,3.51816788385920e-02,lamp_kernel
4.051918e+02,21921,1.41142673139910e-08,3.52053548913470e-02,3.52053810280523e-02,3.51817003401714e-02,lamp_kernel
4.055640e+02,21941,1.41805768898520e-08,3.52053540707931e-02,3.52053803302899e-02,3.51817218019705e-02,lamp_kernel
4.059362e+02,21961,1.42476989448955e-08,3.52053532529314e-02,3.52053796367244e-02,3.51817432240993e-02,lamp_kernel
4.063083e+02,21981,1.43112787450956e-08,3.52053524377260e-02,3.52053789392557e-02,3.51817646066677e-02,lamp_kernel
4.066805e+02,22001,1.43727749769106e-08,3.52053516251339e-02,3.52053782405419e-02,3.51817859497849e-02,lamp_kernel
4.070527e+02,22021,1.44339630404622e-08,3.52053508151086e-02,3.52053775438243e-02,3.51818072535599e-02,lamp_kernel
4.074249e+02,22041,1.44916849926045e-08,3.52053500076073e-02,3.52053768432121e-02,3.51818285181013e-02,lamp_kernel
4.077970e+02,22061,1.45370028182031e-08,3.52053492025619e-02,3.52053761220859e-02,3.51818497435170e-02,lamp_kernel
4.081692e+02,22081,1.45719968778400e-08,3.52053483999119e-02,3.52053753842377e-02,3.51818709299150e-02,lamp_kernel
4.085414e+02,22101,1.46001293136869e-08,3.52053475995750e-02,3.52053746359962e-02,3.51818920774025e-02,lamp_kernel
4.089136e+02,22121,1.46138042495692e-08,3.52053468014816e-02,3.52053738632260e-02,3.51819131860865e-02,lamp_kernel
4.092858e+02,22141,1.46117069009709e-08,3.52053460055297e-02,3.52053730633902e-02,3.51819342560736e-02,lamp_kernel
4.096580e+02,22161,1.45902177482553e-08,3.52053452116402e-02,3.52053722297073e-02,3.51819552874699e-02,lamp_kernel
4.100301e+02,22181,1.47063079642512e-08,3.52053444197123e-02,3.52053716527545e-02,3.51819762803813e-02,lamp_kernel
4.104023e+02,22201,1.50801634395148e-08,3.52053436296496e-02,3.52053715549948e-02,3.51819972349132e-02,lamp_kernel
4.107745e+02,22221,1.54797780139982e-08,3.52053428413511e-02,3.52053715066999e-02,3.51820181511705e-02,lamp_kernel
4.111470e+02,22241,1.59076304783413e-08,3.52053420547198e-02,3.52053715123628e-02,3.51820390292580e-02,lamp_kernel
4.115192e+02,22261,1.63363186915350e-08,3.52053412696562e-02,3.52053715211412e-02,3.51820598692797e-02,lamp_kernel
4.118914e+02,22281,1.67430388879198e-08,3.52053404860641e-02,3.52053714907109e-02,3.51820806713398e-02,lamp_kernel
4.122636e+02,22301,1.71212911275595e-08,3.52053397038550e-02,3.52053714089467e-02,3.51821014355416e-02,lamp_kernel
4.126358e+02,22321,1.74714758769129e-08,3.52053389229376e-02,3.52053712764991e-02,3.51821221619882e-02,lamp_kernel
4.130080e+02,22341,1.77871866268915e-08,3.52053381432349e-02,3.52053710814274e-02,3.51821428507824e-02,lamp_kernel
4.133802e+02,22361,1.80643086972320e-08,3.52053373646782e-02,3.52053708160435e-02,3.51821635020265e-02,lamp_kernel
4.137524e+02,22381,1.83149437811388e-08,3.52053365872053e-02,3.52053705026950e-02,3.51821841158225e-02,lamp_kernel
4.141246e+02,22401,1.85567145086320e-08,3.52053358107505e-02,3.52053701739496e-02,3.51822046922720e-02,lamp_kernel
4.144968e+02,22421,1.87645303198636e-08,3.52053350352780e-02,3.52053697833090e-02,3.51822252314762e-02,lamp_kernel
4.148690e+02,22441,1.89271578508514e-08,3.52053342607438e-02,3.52053693099274e-02,3.51822457335360e-02,lamp_kernel
4.152412e+02,22461,1.90408227505558e-08,3.52053334871192e-02,3.52053687467867e-02,3.51822661985519e-02,lamp_kernel
4.156134e+02,22481,1.90997074235933e-08,3.52053327143845e-02,3.52053680830942e-02,3.51822866266240e-02,lamp_kernel
4.159856e+02,22501,1.91068753404598e-08,3.52053319425320e-02,3.52053673245152e-02,3.51823070178520e-02,lamp_kernel
4.163578e+02,22521,1.90562669702776e-08,3.52053311715524e-02,3.52053664598194e-02,3.51823273723354e-02,lamp_kernel
4.167300e+02,22541,1.89874596294913e-08,3.52053304014417e-02,3.52053655622917e-02,3.51823476901733e-02,lamp_kernel
4.171021e+02,22561,1.88967005225929e-08,3.52053296322068e-02,3.52053646249897e-02,3.51823679714642e-02,lamp_kernel
4.174743e+02,22581,1.87421241029519e-08,3.52053288638617e-02,3.52053635704010e-02,3.51823882163067e-02,lamp_kernel
4.178465e+02,22601,1.85315255246415e-08,3.52053280964216e-02,3.52053624129759e-02,3.51824084247986e-02,lamp_kernel
4.182187e+02,22621,1.82581289191574e-08,3.52053273299085e-02,3.52053611401888e-02,3.51824285970377e-02,lamp_kernel
4.185909e+02,22641,1.80311330926943e-08,3.52053265643553e-02,3.52053599542863e-02,3.51824487331212e-02,lamp_kernel
4.189631e+02,22661,1.78351568505381e-08,3.52053257997915e-02,3.52053588268150e-02,3.51824688331461e-02,lamp_kernel
4.193354e+02,22681,1.76412083762190e-08,3.52053250362476e-02,3.52053577041185e-02,3.51824888972091e-02,lamp_kernel
4.197075e+02,22701,1.75166459965382e-08,3.52053242737685e-02,3.52053567109757e-02,3.51825089254064e-02,lamp_kernel
4.200798e+02,22721,1.73489731158906e-08,3.52053235124044e-02,3.52053556391161e-02,3.51825289178340e-02,lamp_kernel
4.204520e+02,22741,1.71244857659024e-08,3.52053227522013e-02,3.52053544632089e-02,3.51825488745875e-02,lamp_kernel
4.208241e+02,22761,1.68448392362298e-08,3.52053219932132e-02,3.52053531863731e-02,3.51825687957623e-02,lamp_kernel
4.211963e+02,22781,1.65140304514761e-08,3.52053212355011e-02,3.52053518160716e-02,3.51825886814532e-02,lamp_kernel
4.215685e+02,22801,1.61368686420065e-08,3.52053204791214e-02,3.52053503612662e-02,3.51826085317550e-02,lamp_kernel
4.219407e+02,22821,1.57635202031087e-08,3.52053197241378e-02,3.52053489149184e-02,3.51826283467618e-02,lamp_kernel
4.223130e+02,22841,1.54556924142568e-08,3.52053189706086e-02,3.52053475913559e-02,3.51826481265677e-02,lamp_kernel
4.226852e+02,22861,1.51442262015959e-08,3.52053182186069e-02,3.52053462625831e-02,3.51826678712663e-02,lamp_kernel
4.230574e+02,22881,1.48690253739886e-08,3.52053174681905e-02,3.52053450025517e-02,3.51826875809510e-02,lamp_kernel
4.234295e+02,22901,1.45780982148921e-08,3.52053167194246e-02,3.52053437150488e-02,3.51827072557146e-02,lamp_kernel
4.238017e+02,22921,1.44384730476571e-08,3.52053159723720e-02,3.52053427094393e-02,3.51827268956500e-02,lamp_kernel
4.241739e+02,22941,1.43390667906830e-08,3.52053152270878e-02,3.52053417800752e-02,3.51827465008494e-02,lamp_kernel
4.245461e+02,22961,1.42626044407767e-08,3.52053144836255e-02,3.52053408950204e-02,3.51827660714048e-02,lamp_kernel
4.249183e+02,22981,1.41825734741863e-08,3.52053137420394e-02,3.52053400052336e-02,3.51827856050665e-02,lamp_kernel
4.252905e+02,23001,1.40989784471944e-08,3.52053130023754e-02,3.52053391107689e-02,3.51828051042315e-02,lamp_kernel
4.256627e+02,23021,1.40124547859807e-08,3.52053122646627e-02,3.52053382128322e-02,3.51828245690357e-02,lamp_kernel
4.260349e+02,23041,1.39459507055876e-08,3.52053115289510e-02,3.52053373539687e-02,3.51828439995700e-02,lamp_kernel
4.264071e+02,23061,1.38808920064867e-08,3.52053107952645e-02,3.52053364998069e-02,3.51828633959246e-02,lamp_kernel
4.267793e+02,23081,1.38234242402613e-08,3.52053100636325e-02,3.52053356617565e-02,3.51828827581898e-02,lamp_kernel
4.271515e+02,23101,1.37782426322720e-08,3.52053093340758e-02,3.52053348485328e-02,3.51829020864552e-02,lamp_kernel
4.275237e+02,23121,1.37379872792293e-08,3.52053086066122e-02,3.52053340465247e-02,3.51829213808102e-02,lamp_kernel
4.278959e+02,23141,1.37086866738801e-08,3.52053078812451e-02,3.52053332668988e-02,3.51829406413441e-02,lamp_kernel
4.282681e+02,23161,1.36820478351866e-08,3.52053071579909e-02,3.52053324943150e-02,3.51829598681457e-02,lamp_kernel
4.286404e+02,23181,1.36563021779724e-08,3.52053064368442e-02,3.52053317254927e-02,3.51829790613034e-02,lamp_kernel
4.290126e+02,23201,1.36254951455696e-08,3.52053057178094e-02,3.52053309494096e-02,3.51829982198377e-02,lamp_kernel
4.293849e+02,23221,1.35894731269328e-08,3.52053050008770e-02,3.52053301657719e-02,3.51830173448932e-02,lamp_kernel
4.297572e+02,23241,1.36700297660161e-08,3.52053042860504e-02,3.52053296001196e-02,3.51830364365744e-02,lamp_kernel
4.301294e+02,23261,1.40573290688410e-08,3.52053035733104e-02,3.52053296045778e-02,3.51830554949684e-02,lamp_kernel
4.305016e+02,23281,1.44169635212790e-08,3.52053028626542e-02,3.52053295598903e-02,3.51830745201622e-02,lamp_kernel
4.308738e+02,23301,1.47426807415797e-08,3.52053021540590e-02,3.52053294544560e-02,3.51830935122424e-02,lamp_kernel
4.312460e+02,23321,1.50336903503156e-08,3.52053014475116e-02,3.52053292867983e-02,3.51831124712954e-02,lamp_kernel
4.316183e+02,23341,1.53195899158320e-08,3.52053007430021e-02,3.52053291117156e-02,3.51831313974071e-02,lamp_kernel
4.319905e+02,23361,1.55815944770256e-08,3.52053000405030e-02,3.52053288943948e-02,3.51831502906632e-02,lamp_kernel
4.323627e+02,23381,1.58066834038135e-08,3.52052993400067e-02,3.52053286107167e-02,3.51831691511493e-02,lamp_kernel
4.327349e+02,23401,1.59948727495091e-08,3.52052986414925e-02,3.52053282606902e-02,3.51831879789503e-02,lamp_kernel
4.331071e+02,23421,1.62005473912010e-08,3.52052979449401e-02,3.52053279450047e-02,3.51832067741512e-02,lamp_kernel
4.334793e+02,23441,1.63772729274028e-08,3.52052972503275e-02,3.52053275776513e-02,3.51832255368364e-02,lamp_kernel
4.338515e+02,23461,1.65367252172822e-08,3.52052965576401e-02,3.52053271802366e-02,3.51832442670903e-02,lamp_kernel
4.342237e+02,23481,1.66590110991826e-08,3.52052958668619e-02,3.52053267159066e-02,3.51832629649968e-02,lamp_kernel
4.345959e+02,23501,1.67575953692110e-08,3.52052951779698e-02,3.52053262095721e-02,3.51832816306394e-02,lamp_kernel
4.349682e+02,23521,1.68324554789380e-08,3.52052944909523e-02,3.52053256611801e-02,3.51833002641018e-02,lamp_kernel
4.353404e+02,23541,1.68726620705339e-08,3.52052938057926e-02,3.52053250504747e-02,3.51833188654669e-02,lamp_kernel
4.357126e+02,23561,1.68791220822609e-08,3.52052931224702e-02,3.52053243791149e-02,3.51833374348175e-02,lamp_kernel
4.360849e+02,23581,1.68547419951127e-08,3.52052924409688e-02,3.52053236524666e-02,3.51833559722362e-02,lamp_kernel
4.364571e+02,23601,1.67974838638164e-08,3.52052917612781e-02,3.52053228667457e-02,3.51833744778053e-02,lamp_kernel
4.368293e+02,23621,1.67078468768935e-08,3.52052910833832e-02,3.52053220228616e-02,3.51833929516067e-02,lamp_kernel
4.372016e+02,23641,1.66164112688713e-08,3.52052904072753e-02,3.52053211774339e-02,3.51834113937221e-02,lamp_kernel
4.375739e+02,23661,1.65162340808411e-08,3.52052897329372e-02,3.52053203175883e-02,3.51834298042329e-02,lamp_kernel
4.379461e+02,23681,1.63942774599948e-08,3.52052890603606e-02,3.52053194191733e-02,3.51834481832202e-02,lamp_kernel
4.383183e+02,23701,1.62514433318427e-08,3.52052883895412e-02,3.52053184838547e-02,3.51834665307651e-02,lamp_kernel
4.386906e+02,23721,1.60786602675401e-08,3.52052877204715e-02,3.52053174948264e-02,3.51834848469479e-02,lamp_kernel
4.390628e+02,23741,1.58765943568562e-08,3.52052870531418e-02,3.52053164533125e-02,3.51835031318490e-02,lamp_kernel
4.394350e+02,23761,1.56861780144355e-08,3.52052863875524e-02,3.52053154351113e-02,3.51835213855484e-02,lamp_kernel
4.398072e+02,23781,1.55643243500196e-08,3.52052857236940e-02,3.52053145456051e-02,3.51835396081260e-02,lamp_kernel
4.401795e+02,23801,1.55348154636706e-08,3.52052850615696e-02,3.52053138288363e-02,3.51835577996612e-02,lamp_kernel
4.405518e+02,23821,1.55267557506250e-08,3.52052844011790e-02,3.52053131535209e-02,3.51835759602332e-02,lamp_kernel
4.409240e+02,23841,1.55117938596052e-08,3.52052837425265e-02,3.52053124671620e-02,3.51835940899209e-02,lamp_kernel
4.412963e+02,23861,1.54657896793889e-08,3.52052830856072e-02,3.52053117250525e-02,3.51836121888030e-02,lamp_kernel
4.416685e+02,23881,1.53951879112399e-08,3.52052824304250e-02,3.52053109391304e-02,3.51836302569579e-02,lamp_kernel
4.420408e+02,23901,1.53061454260732e-08,3.52052817769898e-02,3.52053101208069e-02,3.51836482944638e-02,lamp_kernel
4.424130e+02,23921,1.51868810854404e-08,3.52052811253027e-02,3.52053092482669e-02,3.51836663013985e-02,lamp_kernel
4.427852e+02,23941,1.50374656375139e-08,3.52052804753745e-02,3.52053083216522e-02,3.51836842778396e-02,lamp_kernel
4.431574e+02,23961,1.49037584015656e-08,3.52052798272139e-02,3.52053074258934e-02,3.51837022238645e-02,lamp_kernel
4.435296e+02,23981,1.48588755032831e-08,3.52052791808305e-02,3.52053066963962e-02,3.51837201395501e-02,lamp_kernel
4.439018e+02,24001,1.47955341863110e-08,3.52052785362375e-02,3.52053059345081e-02,3.51837380249733e-02,lamp_kernel
4.442741e+02,24021,1.47714340188244e-08,3.52052778934467e-02,3.52053052470889e-02,3.51837558802107e-02,lamp_kernel
4.446463e+02,24041,1.47432819539761e-08,3.52052772524692e-02,3.52053045539795e-02,3.51837737053385e-02,lamp_kernel
4.450185e+02,24061,1.46921983104421e-08,3.52052766133204e-02,3.52053038202344e-02,3.51837915004327e-02,lamp_kernel
4.453907e+02,24081,1.46372153285053e-08,3.52052759760145e-02,3.52053030811113e-02,3.51838092655691e-02,lamp_kernel
4.457630e+02,24101,1.45813529463309e-08,3.52052753405654e-02,3.52053023422167e-02,3.51838270008231e-02,lamp_kernel
4.461352e+02,24121,1.45216058838747e-08,3.52052747069925e-02,3.52053015980046e-02,3.51838447062701e-02,lamp_kernel
4.465074e+02,24141,1.44531012166045e-08,3.52052740753204e-02,3.52053008394760e-02,3.51838623819850e-02,lamp_kernel
4.468796e+02,24161,1.44048175380566e-08,3.52052734455568e-02,3.52053001203010e-02,3.51838800280424e-02,lamp_kernel
4.472518e+02,24181,1.43397482992016e-08,3.52052728177225e-02,3.52052993719719e-02,3.51838976445170e-02,lamp_kernel
4.476240e+02,24201,1.42776540849581e-08,3.52052721918330e-02,3.52052986310967e-02,3.51839152314829e-02,lamp_kernel
4.479963e+02,24221,1.42050835206282e-08,3.52052715679077e-02,3.52052978727858e-02,3.51839327890141e-02,lamp_kernel
4.483685e+02,24241,1.41136858710885e-08,3.52052709459621e-02,3.52052970815906e-02,3.51839503171843e-02,lamp_kernel
4.487408e+02,24261,1.40067468334051e-08,3.52052703260165e-02,3.52052962636160e-02,3.51839678160671e-02,lamp_kernel
4.491130e+02,24281,1.39003779895474e-08,3.52052697080708e-02,3.52052954486972e-02,3.51839852857354e-02,lamp_kernel
4.494853e+02,24301,1.37808981995125e-08,3.52052690921500e-02,3.52052946115246e-02,3.51840027262625e-02,lamp_kernel
4.498575e+02,24321,1.36463789695953e-08,3.52052684782631e-02,3.52052937485359e-02,3.51840201377210e-02,lamp_kernel
4.502298e+02,24341,1.34998273269758e-08,3.52052678664064e-02,3.52052928652958e-02,3.51840375201834e-02,lamp_kernel
4.506020e+02,24361,1.35667930689412e-08,3.52052672565897e-02,3.52052923794858e-02,3.51840548737220e-02,lamp_kernel
4.509743e+02,24381,1.36353015750201e-08,3.52052666488033e-02,3.52052918985631e-02,3.51840721984087e-02,lamp_kernel
4.513465e+02,24401,1.37098815258575e-08,3.52052660430531e-02,3.52052914309195e-02,3.51840894943154e-02,lamp_kernel
4.517188e+02,24421,1.37918446820839e-08,3.52052654393236e-02,3.52052909789688e-02,3.51841067615136e-02,lamp_kernel
4.520911e+02,24441,1.38776739465417e-08,3.52052648375914e-02,3.52052905361747e-02,3.51841240000745e-02,lamp_kernel
4.524634e+02,24461,1.39612945627893e-08,3.52052642378512e-02,3.52052900912826e-02,3.51841412100692e-02,lamp_kernel
4.528356e+02,24481,1.40399909044785e-08,3.52052636400626e-02,3.52052896392233e-02,3.51841583915686e-02,lamp_kernel
4.532079e+02,24501,1.41138563611123e-08,3.52052630441943e-02,3.52052891801386e-02,3.51841755446432e-02,lamp_kernel
4.535802e+02,24521,1.41814799901908e-08,3.52052624502061e-02,3.52052887113753e-02,3.51841926693634e-02,lamp_kernel
4.539524e+02,24541,1.42370491327614e-08,3.52052618580459e-02,3.52052882221177e-02,3.51842097657994e-02,lamp_kernel
4.543247e+02,24561,1.42859736714860e-08,3.52052612676548e-02,3.52052877223248e-02,3.51842268340210e-02,lamp_kernel
4.546970e+02,24581,1.43210841134370e-08,3.52052606789794e-02,3.52052871986666e-02,3.51842438740980e-02,lamp_kernel
4.550692e+02,24601,1.43443288470320e-08,3.52052600919459e-02,3.52052866546775e-02,3.51842608860997e-02,lamp_kernel
4.554415e+02,24621,1.43503902815869e-08,3.52052595064782e-02,3.52052860804344e-02,3.51842778700954e-02,lamp_kernel
4.558138e+02,24641,1.43335322985869e-08,3.52052589224968e-02,3.52052854652355e-02,3.51842948261541e-02,lamp_kernel
4.561860e+02,24661,1.43647750907331e-08,3.52052583399109e-02,3.52052849405047e-02,3.51843117543446e-02,lamp_kernel
4.565583e+02,24681,1.45401579502986e-08,3.52052577586286e-02,3.52052846839953e-02,3.51843286547354e-02,lamp_kernel
4.569305e+02,24701,1.48105376786262e-08,3.52052571785582e-02,3.52052846046122e-02,3.51843455273949e-02,lamp_kernel
4.573028e+02,24721,1.52237999676834e-08,3.52052565996099e-02,3.52052847909403e-02,3.51843623723911e-02,lamp_kernel
4.576751e+02,24741,1.56111452507557e-08,3.52052560216873e-02,3.52052849303010e-02,3.51843791897919e-02,lamp_kernel
4.580474e+02,24761,1.59694719568101e-08,3.52052554446920e-02,3.52052850168528e-02,3.51843959796649e-02,lamp_kernel
4.584196e+02,24781,1.62967568256174e-08,3.52052548685309e-02,3.52052850467556e-02,3.51844127420777e-02,lamp_kernel
4.587919e+02,24801,1.65967676915049e-08,3.52052542931303e-02,3.52052850269131e-02,3.51844294770973e-02,lamp_kernel
4.591641e+02,24821,1.68652450547536e-08,3.52052537183951e-02,3.52052849493424e-02,3.51844461847909e-02,lamp_kernel
4.595364e+02,24841,1.71230002649647e-08,3.52052531442539e-02,3.52052848525106e-02,3.51844628652250e-02,lamp_kernel
4.599086e+02,24861,1.73785271413319e-08,3.52052525706437e-02,3.52052847520834e-02,3.51844795184663e-02,lamp_kernel
4.602809e+02,24881,1.76287036708482e-08,3.52052519974991e-02,3.52052846422139e-02,3.51844961445811e-02,lamp_kernel
4.606531e+02,24901,1.78408546553770e-08,3.52052514247729e-02,3.52052844623475e-02,3.51845127436355e-02,lamp_kernel
4.610254e+02,24921,1.80200060832991e-08,3.52052508524173e-02,3.52052842217433e-02,3.51845293156953e-02,lamp_kernel
4.613977e+02,24941,1.81491360859848e-08,3.52052502803974e-02,3.52052838888455e-02,3.51845458608263e-02,lamp_kernel
4.617700e+02,24961,1.82326063154615e-08,3.52052497086909e-02,3.52052834717086e-02,3.51845623790938e-02,lamp_kernel
4.621422e+02,24981,1.82704736090263e-08,3.52052491372736e-02,3.52052829704137e-02,3.51845788705631e-02,lamp_kernel
4.625145e+02,25001,1.83163328851542e-08,3.52052485661307e-02,3.52052824841928e-02,3.51845953352993e-02,lamp_kernel
4.628868e+02,25021,1.83160177998475e-08,3.52052479952685e-02,3.52052819127470e-02,3.51846117733671e-02,lamp_kernel
4.632591e+02,25041,1.82637056414664e-08,3.52052474246774e-02,3.52052812452846e-02,3.51846281848312e-02,lamp_kernel
4.636313e+02,25061,1.81537657907823e-08,3.52052468543684e-02,3.52052804713897e-02,3.51846445697559e-02,lamp_kernel
4.640036e+02,25081,1.79813783951094e-08,3.52052462843466e-02,3.52052795821422e-02,3.51846609282055e-02,lamp_kernel
4.643758e+02,25101,1.78478827122355e-08,3.52052457146335e-02,3.52052787652226e-02,3.51846772602440e-02,lamp_kernel
4.647481e+02,25121,1.77556338719209e-08,3.52052451452547e-02,3.52052780250180e-02,3.51846935659352e-02,lamp_kernel
4.651204e+02,25141,1.76710436268921e-08,3.52052445762299e-02,3.52052772993496e-02,3.51847098453427e-02,lamp_kernel
4.654926e+02,25161,1.75726357411223e-08,3.52052440075807e-02,3.52052765484694e-02,3.51847260985299e-02,lamp_kernel
4.658649e+02,25181,1.74137585466766e-08,3.52052434393465e-02,3.52052756860274e-02,3.51847423255600e-02,lamp_kernel
4.662372e+02,25201,1.72379402230310e-08,3.52052428715570e-02,3.52052747926587e-02,3.51847585264961e-02,lamp_kernel
4.666094e+02,25221,1.70491056802888e-08,3.52052423042587e-02,3.52052738756779e-02,3.51847747014010e-02,lamp_kernel
4.669817e+02,25241,1.68020112096847e-08,3.52052417374923e-02,3.52052728513436e-02,3.51847908503372e-02,lamp_kernel
4.673540e+02,25261,1.65092690593376e-08,3.52052411713078e-02,3.52052717430612e-02,3.51848069733672e-02,lamp_kernel
4.677262e+02,25281,1.62310561276561e-08,3.52052406057642e-02,3.52052706623247e-02,3.51848230705533e-02,lamp_kernel
4.680985e+02,25301,1.60064269548551e-08,3.52052400409092e-02,3.52052696815029e-02,3.51848391419576e-02,lamp_kernel
4.684707e+02,25321,1.57813658639574e-08,3.52052394767971e-02,3.52052687006242e-02,3.51848551876417e-02,lamp_kernel
4.688430e+02,25341,1.55333479260573e-08,3.52052389134971e-02,3.52052676780463e-02,3.51848712076675e-02,lamp_kernel
4.692153e+02,25361,1.52485554207601e-08,3.52052383510755e-02,3.52052665882479e-02,3.51848872020964e-02,lamp_kernel
4.695875e+02,25381,1.49326537547670e-08,3.52052377895891e-02,3.52052654417769e-02,3.51849031709896e-02,lamp_kernel
4.699598e+02,25401,1.46263318562697e-08,3.52052372290980e-02,3.52052643140409e-02,3.51849191144083e-02,lamp_kernel
4.703321e+02,25421,1.44334548286132e-08,3.52052366696614e-02,3.52052633974360e-02,3.51849350324132e-02,lamp_kernel
4.707044e+02,25441,1.43315085060822e-08,3.52052361113451e-02,3.52052626503361e-02,3.51849509250652e-02,lamp_kernel
4.710767e+02,25461,1.42413944920859e-08,3.52052355542036e-02,3.52052619263221e-02,3.51849667924246e-02,lamp_kernel
4.714490e+02,25481,1.41707259838022e-08,3.52052349982899e-02,3.52052612395450e-02,3.51849826345519e-02,lamp_kernel
4.718213e+02,25501,1.41041244289135e-08,3.52052344436565e-02,3.52052605615793e-02,3.51849984515071e-02,lamp_kernel
4.721935e+02,25521,1.40475269550373e-08,3.52052338903496e-02,3.52052599034655e-02,3.51850142433501e-02,lamp_kernel
4.725658e+02,25541,1.40060796817858e-08,3.52052333384070e-02,3.52052592747711e-02,3.51850300101408e-02,lamp_kernel
4.729381e+02,25561,1.39837338117978e-08,3.52052327878607e-02,3.52052586828449e-02,3.51850457519385e-02,lamp_kernel
4.733103e+02,25581,1.39891536635399e-08,3.52052322387508e-02,3.52052581437714e-02,3.51850614688028e-02,lamp_kernel
4.736826e+02,25601,1.40181376132317e-08,3.52052316910956e-02,3.52052576497885e-02,3.51850771607927e-02,lamp_kernel
4.740548e+02,25621,1.40675213751347e-08,3.52052311449165e-02,3.52052571950579e-02,3.51850928279672e-02,lamp_kernel
4.744271e+02,25641,1.41155058795793e-08,3.52052306002271e-02,3.52052567392259e-02,3.51851084703852e-02,lamp_kernel
4.747994e+02,25661,1.41642769597713e-08,3.52052300570462e-02,3.52052562863590e-02,3.51851240881052e-02,lamp_kernel
4.751716e+02,25681,1.42076047524477e-08,3.52052295153766e-02,3.52052558249235e-02,3.51851396811855e-02,lamp_kernel
4.755439e+02,25701,1.42430743248029e-08,3.52052289752200e-02,3.52052553504492e-02,3.51851552496846e-02,lamp_kernel
4.759162e+02,25721,1.42706078373297e-08,3.52052284365811e-02,3.52052548627967e-02,3.51851707936603e-02,lamp_kernel
4.762884e+02,25741,1.44406674677690e-08,3.52052278994516e-02,3.52052546405824e-02,3.51851863131706e-02,lamp_kernel
4.766607e+02,25761,1.47963034235498e-08,3.52052273638217e-02,3.52052547635168e-02,3.51852018082732e-02,lamp_kernel
4.770330e+02,25781,1.51900886049443e-08,3.52052268296857e-02,3.52052549585896e-02,3.51852172790254e-02,lamp_kernel
4.774053e+02,25801,1.55467779246809e-08,3.52052262970288e-02,3.52052550864476e-02,3.51852327254846e-02,lamp_kernel
4.777776e+02,25821,1.58680668562104e-08,3.52052257658474e-02,3.52052551502268e-02,3.51852481477079e-02,lamp_kernel
4.781499e+02,25841,1.61503332062833e-08,3.52052252361224e-02,3.52052551432007e-02,3.51852635457524e-02,lamp_kernel
4.785222e+02,25861,1.64234920292178e-08,3.52052247078450e-02,3.52052551207570e-02,3.51852789196747e-02,lamp_kernel
4.788945e+02,25881,1.66805697737212e-08,3.52052241809850e-02,3.52052550699519e-02,3.51852942695315e-02,lamp_kernel
4.792668e+02,25901,1.68952506302456e-08,3.52052236555396e-02,3.52052549420511e-02,3.51853095953791e-02,lamp_kernel
4.796390e+02,25921,1.70745622363247e-08,3.52052231314893e-02,3.52052547500487e-02,3.51853248972738e-02,lamp_kernel
4.800113e+02,25941,1.72252289496285e-08,3.52052226088146e-02,3.52052545063777e-02,3.51853401752717e-02,lamp_kernel
4.803836e+02,25961,1.73372369055871e-08,3.52052220874993e-02,3.52052541924779e-02,3.51853554294286e-02,lamp_kernel
4.807559e+02,25981,1.74084490046228e-08,3.52052215675281e-02,3.52052538043768e-02,3.51853706598002e-02,lamp_kernel
4.811283e+02,26001,1.74398805440996e-08,3.52052210488846e-02,3.52052533439381e-02,3.51853858664423e-02,lamp_kernel
4.815006e+02,26021,1.74318705410537e-08,3.52052205315514e-02,3.52052528117720e-02,3.51854010494100e-02,lamp_kernel
4.818729e+02,26041,1.73866129193912e-08,3.52052200155146e-02,3.52052522119274e-02,3.51854162087586e-02,lamp_kernel
4.822451e+02,26061,1.73080644185867e-08,3.52052195007604e-02,3.52052515517177e-02,3.51854313445432e-02,lamp_kernel
4.826174e+02,26081,1.72137999893333e-08,3.52052189872773e-02,3.52052508636763e-02,3.51854464568186e-02,lamp_kernel
4.829896e+02,26101,1.71117828104994e-08,3.52052184750544e-02,3.52052501625387e-02,3.51854615456395e-02,lamp_kernel
4.833619e+02,26121,1.69998087917242e-08,3.52052179640799e-02,3.52052494442114e-02,3.51854766110604e-02,lamp_kernel
4.837342e+02,26141,1.68626792616223e-08,3.52052174543448e-02,3.52052486805408e-02,3.51854916531358e-02,lamp_kernel
4.841065e+02,26161,1.67066755175352e-08,3.52052169458347e-02,3.52052478831440e-02,3.51855066719198e-02,lamp_kernel
4.844789e+02,26181,1.65189866425885e-08,3.52052164385405e-02,3.52052470282889e-02,3.51855216674663e-02,lamp_kernel
4.848511e+02,26201,1.63024462701612e-08,3.52052159324602e-02,3.52052461212205e-02,3.51855366398294e-02,lamp_kernel
4.852234e+02,26221,1.60796865430984e-08,3.52052154275871e-02,3.52052452038424e-02,3.51855515890626e-02,lamp_kernel
4.855957e+02,26241,1.59312324605261e-08,3.52052149239198e-02,3.52052444252689e-02,3.51855665152196e-02,lamp_kernel
4.859680e+02,26261,1.58957355929559e-08,3.52052144214480e-02,3.52052438570642e-02,3.51855814183536e-02,lamp_kernel
4.863403e+02,26281,1.58899095319589e-08,3.52052139201778e-02,3.52052433450054e-02,3.51855962985178e-02,lamp_kernel
4.867125e+02,26301,1.58522196356712e-08,3.52052134200973e-02,3.52052427751310e-02,3.51856111557654e-02,lamp_kernel
4.870849e+02,26321,1.57928338160509e-08,3.52052129212191e-02,3.52052421662825e-02,3.51856259901491e-02,lamp_kernel
4.874572e+02,26341,1.57088006265536e-08,3.52052124235383e-02,3.52052415129896e-02,3.51856408017216e-02,lamp_kernel
4.878294e+02,26361,1.55932409884550e-08,3.52052119270571e-02,3.52052408025159e-02,3.51856555905355e-02,lamp_kernel
4.882017e+02,26381,1.54464786058877e-08,3.52052114317846e-02,3.52052400354698e-02,3.51856703566432e-02,lamp_kernel
4.885740e+02,26401,1.52689279288156e-08,3.52052109377230e-02,3.52052392126210e-02,3.51856851000967e-02,lamp_kernel
4.889463e+02,26421,1.51214249409441e-08,3.52052104448873e-02,3.52052384466403e-02,3.51856998209483e-02,lamp_kernel
4.893186e+02,26441,1.50565005305529e-08,3.52052099532802e-02,3.52052378348066e-02,3.51857145192498e-02,lamp_kernel
4.896909e+02,26461,1.49610726744899e-08,3.52052094629207e-02,3.52052371677345e-02,3.51857291950528e-02,lamp_kernel
4.900632e+02,26481,1.48496757926350e-08,3.52052089738071e-02,3.52052364723368e-02,3.51857438484090e-02,lamp_kernel
4.904355e+02,26501,1.47326742425778e-08,3.52052084859537e-02,3.52052357678208e-02,3.51857584755634e-02,lamp_kernel
4.908078e+02,26521,1.46269029214383e-08,3.52052079993889e-02,3.52052350853893e-02,3.51857730801724e-02,lamp_kernel
4.911800e+02,26541,1.45854388515782e-08,3.52052075141164e-02,3.52052345233340e-02,3.51857876624977e-02,lamp_kernel
4.915523e+02,26561,1.45594319121548e-08,3.52052070301554e-02,3.52052339912135e-02,3.51858022225901e-02,lamp_kernel
4.919245e+02,26581,1.45099553389630e-08,3.52052065475193e-02,3.52052334169570e-02,3.51858167605003e-02,lamp_kernel
4.922968e+02,26601,1.44926833009445e-08,3.52052060662339e-02,3.52052329036873e-02,3.51858312762790e-02,lamp_kernel
4.926691e+02,26621,1.44536836407227e-08,3.52052055863148e-02,3.52052323515490e-02,3.51858457699764e-02,lamp_kernel
4.930414e+02,26641,1.44091519899914e-08,3.52052051077773e-02,3.52052317905480e-02,3.51858602416430e-02,lamp_kernel
4.934137e+02,26661,1.43604216558169e-08,3.52052046306493e-02,3.52052312231815e-02,3.51858746913287e-02,lamp_kernel
4.937860e+02,26681,1.42956118398585e-08,3.52052041549403e-02,3.52052306274581e-02,3.51858891190835e-02,lamp_kernel
4.941583e+02,26701,1.42137708639014e-08,3.52052036806801e-02,3.52052300016454e-02,3.51859035249573e-02,lamp_kernel
4.945306e+02,26721,1.41277557902171e-08,3.52052032078773e-02,3.52052293695604e-02,3.51859179089996e-02,lamp_kernel
4.949029e+02,26741,1.40291016737192e-08,3.52052027365607e-02,3.52052287155568e-02,3.51859322712599e-02,lamp_kernel
4.952753e+02,26761,1.39149159007941e-08,3.52052022667467e-02,3.52052280342944e-02,3.51859466117876e-02,lamp_kernel
4.956476e+02,26781,1.37875059564543e-08,3.52052017984543e-02,3.52052273300651e-02,3.51859609306318e-02,lamp_kernel
4.960199e+02,26801,1.36470316089059e-08,3.52052013316887e-02,3.52052266031700e-02,3.51859752278417e-02,lamp_kernel
4.963922e+02,26821,1.35002242931411e-08,3.52052008664692e-02,3.52052258660937e-02,3.51859895034659e-02,lamp_kernel
4.967645e+02,26841,1.33489201782002e-08,3.52052004028085e-02,3.52052251222490e-02,3.51860037575534e-02,lamp_kernel
4.971369e+02,26861,1.33931227629495e-08,3.52051999407031e-02,3.52052247419977e-02,3.51860179901527e-02,lamp_kernel
4.975092e+02,26881,1.34767622483030e-08,3.52051994801664e-02,3.52052244363441e-02,3.51860322013121e-02,lamp_kernel
4.978815e+02,26901,1.35824938535001e-08,3.52051990211864e-02,3.52052241731571e-02,3.51860463910801e-02,lamp_kernel
4.982539e+02,26921,1.37018352766643e-08,3.52051985637687e-02,3.52052239367351e-02,3.51860605595048e-02,lamp_kernel
4.986262e+02,26941,1.38311607575535e-08,3.52051981078971e-02,3.52052237203475e-02,3.51860747066342e-02,lamp_kernel
4.989985e+02,26961,1.39677968558138e-08,3.52051976535564e-02,3.52052235190287e-02,3.51860888325161e-02,lamp_kernel
4.993708e+02,26981,1.41073278798855e-08,3.52051972007178e-02,3.52052233245726e-02,3.51861029371983e-02,lamp_kernel
4.997431e+02,27001,1.42515958627169e-08,3.52051967493479e-02,3.52052231403572e-02,3.51861170207283e-02,lamp_kernel
5.001154e+02,27021,1.43889115023063e-08,3.52051962994167e-02,3.52052229447062e-02,3.51861310831536e-02,lamp_kernel
5.004877e+02,27041,1.45145282160706e-08,3.52051958508749e-02,3.52052227287806e-02,3.51861451245215e-02,lamp_kernel
5.008600e+02,27061,1.46314472738418e-08,3.52051954036698e-02,3.52052224980854e-02,3.51861591448791e-02,lamp_kernel
5.012323e+02,27081,1.47319958623810e-08,3.52051949577469e-02,3.52052222383578e-02,3.51861731442736e-02,lamp_kernel
5.016046e+02,27101,1.48058376410146e-08,3.52051945130423e-02,3.52052219303929e-02,3.51861871227517e-02,lamp_kernel
5.019770e+02,27121,1.48510244609993e-08,3.52051940694828e-02,3.52052215705099e-02,3.51862010803602e-02,lamp_kernel
5.023493e+02,27141,1.49239018085156e-08,3.52051936269920e-02,3.52052212629729e-02,3.51862150171458e-02,lamp_kernel
5.027216e+02,27161,1.51777620240142e-08,3.52051931854873e-02,3.52052212915649e-02,3.51862289331548e-02,lamp_kernel
5.030940e+02,27181,1.54060867265859e-08,3.52051927448837e-02,3.52052212737714e-02,3.51862428284337e-02,lamp_kernel
5.034663e+02,27201,1.56008947703819e-08,3.52051923050919e-02,3.52052211947239e-02,3.51862567030287e-02,lamp_kernel
5.038386e+02,27221,1.59674087908792e-08,3.52051918660260e-02,3.52052214343661e-02,3.51862705569858e-02,lamp_kernel
5.042109e+02,27241,1.63418681346058e-08,3.52051914275961e-02,3.52052216893575e-02,3.51862843903509e-02,lamp_kernel
5.045832e+02,27261,1.66864567970113e-08,3.52051909897135e-02,3.52052218895820e-02,3.51862982031698e-02,lamp_kernel
5.049555e+02,27281,1.70055540380796e-08,3.52051905522996e-02,3.52052220430701e-02,3.51863119954882e-02,lamp_kernel
5.053278e+02,27301,1.73136810748242e-08,3.52051901152633e-02,3.52052221766215e-02,3.51863257673516e-02,lamp_kernel
5.057001e+02,27321,1.76002852957152e-08,3.52051896785251e-02,3.52052222706150e-02,3.51863395188053e-02,lamp_kernel
5.060724e+02,27341,1.78670200848789e-08,3.52051892420213e-02,3.52052223280489e-02,3.51863532498946e-02,lamp_kernel
5.064447e+02,27361,1.80959575544540e-08,3.52051888056885e-02,3.52052223156609e-02,3.51863669606647e-02,lamp_kernel
5.068170e+02,27381,1.82975720486262e-08,3.52051883694702e-02,3.52052222527910e-02,3.51863806511604e-02,lamp_kernel
5.071895e+02,27401,1.84649958502332e-08,3.52051879333167e-02,3.52052221266718e-02,3.51863943214266e-02,lamp_kernel
5.075618e+02,27421,1.85907506320389e-08,3.52051874971836e-02,3.52052219234105e-02,3.51864079715079e-02,lamp_kernel
5.079341e+02,27441,1.87041491009202e-08,3.52051870610401e-02,3.52052216972576e-02,3.51864216014490e-02,lamp_kernel
5.083064e+02,27461,1.88067509446123e-08,3.52051866248587e-02,3.52052214510736e-02,3.51864352112943e-02,lamp_kernel
5.086788e+02,27481,1.88649189030442e-08,3.52051861886297e-02,3.52052211225596e-02,3.51864488010881e-02,lamp_kernel
5.090511e+02,27501,1.88729250771777e-08,3.52051857523384e-02,3.52052207010941e-02,3.51864623708745e-02,lamp_kernel
5.094234e+02,27521,1.88219371675964e-08,3.52051853159887e-02,3.52052201703253e-02,3.51864759206976e-02,lamp_kernel
5.097957e+02,27541,1.87105708081047e-08,3.52051848795711e-02,3.52052195276802e-02,3.51864894506013e-02,lamp_kernel
5.101680e+02,27561,1.86487001838270e-08,3.52051844431034e-02,3.52052189766410e-02,3.51865029606294e-02,lamp_kernel
5.105404e+02,27581,1.86194075979135e-08,3.52051840065864e-02,3.52052184858801e-02,3.51865164508256e-02,lamp_kernel
5.109128e+02,27601,1.86320285714228e-08,3.52051835700380e-02,3.52052180727031e-02,3.51865299212334e-02,lamp_kernel
5.112851e+02,27621,1.85950380971955e-08,3.52051831334778e-02,3.52052175676442e-02,3.51865433718963e-02,lamp_kernel
5.116574e+02,27641,1.84962796082451e-08,3.52051826969248e-02,3.52052169482110e-02,3.51865568028576e-02,lamp_kernel
5.120297e+02,27661,1.83354541467508e-08,3.52051822604022e-02,3.52052162138728e-02,3.51865702141605e-02,lamp_kernel
5.124021e+02,27681,1.81130854554256e-08,3.52051818239507e-02,3.52052153656405e-02,3.51865836058480e-02,lamp_kernel
5.127744e+02,27701,1.78434052127497e-08,3.52051813875850e-02,3.52052144298828e-02,3.51865969779631e-02,lamp_kernel
5.131467e+02,27721,1.75937678013573e-08,3.52051809513525e-02,3.52052135313734e-02,3.51866103305487e-02,lamp_kernel
5.135190e+02,27741,1.73918437833340e-08,3.52051805152856e-02,3.52052127213849e-02,3.51866236636474e-02,lamp_kernel
5.138914e+02,27761,1.72261302229436e-08,3.52051800794202e-02,3.52052119786522e-02,3.51866369773019e-02,lamp_kernel
5.142637e+02,27781,1.70400646232808e-08,3.52051796438176e-02,3.52052111984946e-02,3.51866502715546e-02,lamp_kernel
5.146360e+02,27801,1.68020553176809e-08,3.52051792085229e-02,3.52052103224559e-02,3.51866635464478e-02,lamp_kernel
5.150083e+02,27821,1.65155145180262e-08,3.52051787735829e-02,3.52052093569016e-02,3.51866768020239e-02,lamp_kernel
5.153806e+02,27841,1.62078526479978e-08,3.52051783390630e-02,3.52052083526555e-02,3.51866900383249e-02,lamp_kernel
5.157530e+02,27861,1.58649634543323e-08,3.52051779050164e-02,3.52052072836490e-02,3.51867032553929e-02,lamp_kernel
5.162582e+02,27881,1.54845784385421e-08,3.52051774715121e-02,3.52052061457502e-02,3.51867164532695e-02,lamp_kernel
5.166305e+02,27901,1.50808684968464e-08,3.52051770386000e-02,3.52052049652508e-02,3.51867296319968e-02,lamp_kernel
5.170028e+02,27921,1.47500258164308e-08,3.52051766063469e-02,3.52052039203455e-02,3.51867427916083e-02,lamp_kernel
5.173751e+02,27941,1.45317328460507e-08,3.52051761748110e-02,3.52052030845761e-02,3.51867559318382e-02,lamp_kernel
5.177474e+02,27961,1.43096402500740e-08,3.52051757440496e-02,3.52052022425451e-02,3.51867690530451e-02,lamp_kernel
5.181197e+02,27981,1.40898944881100e-08,3.52051753141084e-02,3.52052014056802e-02,3.51867821552701e-02,lamp_kernel
5.184920e+02,28001,1.38806690483039e-08,3.52051748850484e-02,3.52052005891780e-02,3.51867952385545e-02,lamp_kernel
5.188643e+02,28021,1.36999912936838e-08,3.52051744569187e-02,3.52051998264704e-02,3.51868083029392e-02,lamp_kernel
5.192365e+02,28041,1.35783004125106e-08,3.52051740297592e-02,3.52051991739646e-02,3.51868213484651e-02,lamp_kernel
5.196088e+02,28061,1.35353544620606e-08,3.52051736036098e-02,3.52051986682881e-02,3.51868343751731e-02,lamp_kernel
5.199812e+02,28081,1.35384603482769e-08,3.52051731784950e-02,3.52051982489248e-02,3.51868473831037e-02,lamp_kernel
5.203535e+02,28101,1.35788752928659e-08,3.52051727544571e-02,3.52051978997270e-02,3.51868603722976e-02,lamp_kernel
5.207258e+02,28121,1.36370422943184e-08,3.52051723315187e-02,3.52051975845019e-02,3.51868733427950e-02,lamp_kernel
5.210981e+02,28141,1.37030433506189e-08,3.52051719096918e-02,3.52051972848953e-02,3.51868862946364e-02,lamp_kernel
5.214704e+02,28161,1.37711726869419e-08,3.52051714889981e-02,3.52051969903631e-02,3.51868992278619e-02,lamp_kernel
5.218427e+02,28181,1.38365994852050e-08,3.52051710694506e-02,3.52051966919724e-02,3.51869121425116e-02,lamp_kernel
5.222150e+02,28201,1.38904709084265e-08,3.52051706510309e-02,3.52051963733115e-02,3.51869250386255e-02,lamp_kernel
5.225873e+02,28221,1.40005858582407e-08,3.52051702337693e-02,3.52051961599600e-02,3.51869379162433e-02,lamp_kernel
5.229596e+02,28241,1.42208894717649e-08,3.52051698176513e-02,3.52051961517987e-02,3.51869507754048e-02,lamp_kernel
5.233319e+02,28261,1.44466609538183e-08,3.52051694026798e-02,3.52051961549094e-02,3.51869636161496e-02,lamp_kernel
5.237042e+02,28281,1.48427233898572e-08,3.52051689888451e-02,3.52051964745004e-02,3.51869764385173e-02,lamp_kernel
5.240764e+02,28301,1.52151080968151e-08,3.52051685761436e-02,3.52051967513784e-02,3.51869892425472e-02,lamp_kernel
5.244487e+02,28321,1.55927742877933e-08,3.52051681645579e-02,3.52051970391524e-02,3.51870020282786e-02,lamp_kernel
5.248210e+02,28341,1.59270295545071e-08,3.52051677540728e-02,3.52051972476389e-02,3.51870147957506e-02,lamp_kernel
5.251933e+02,28361,1.62187253476375e-08,3.52051673446745e-02,3.52051973784010e-02,3.51870275450023e-02,lamp_kernel
5.255656e+02,28381,1.64659069036221e-08,3.52051669363513e-02,3.52051974278069e-02,3.51870402760727e-02,lamp_kernel
5.259379e+02,28401,1.66789099781164e-08,3.52051665290815e-02,3.52051974149747e-02,3.51870529890005e-02,lamp_kernel
5.263101e+02,28421,1.68548484387623e-08,3.52051661228617e-02,3.52051973345567e-02,3.51870656838246e-02,lamp_kernel
5.266825e+02,28441,1.69956431891177e-08,3.52051657176719e-02,3.52051971900896e-02,3.51870783605835e-02,lamp_kernel
5.270548e+02,28461,1.70943517794016e-08,3.52051653134956e-02,3.52051969687012e-02,3.51870910193158e-02,lamp_kernel
5.274270e+02,28481,1.71518703110757e-08,3.52051649103201e-02,3.52051966720381e-02,3.51871036600597e-02,lamp_kernel
5.277994e+02,28501,1.71691245164525e-08,3.52051645081243e-02,3.52051963017936e-02,3.51871162828537e-02,lamp_kernel
5.281717e+02,28521,1.71470080545843e-08,3.52051641068935e-02,3.52051958596077e-02,3.51871288877360e-02,lamp_kernel
5.285440e+02,28541,1.71069118644444e-08,3.52051637066196e-02,3.52051953850839e-02,3.51871414747445e-02,lamp_kernel
5.289162e+02,28561,1.70495150627671e-08,3.52051633072950e-02,3.52051948794722e-02,3.51871540439172e-02,lamp_kernel
5.292885e+02,28581,1.69965454230803e-08,3.52051629089024e-02,3.52051943829908e-02,3.51871665952921e-02,lamp_kernel
5.296608e+02,28601,1.69269710426458e-08,3.52051625114328e-02,3.52051938566839e-02,3.51871791289070e-02,lamp_kernel
5.300331e+02,28621,1.68410750004054e-08,3.52051621148641e-02,3.52051933010534e-02,3.51871916447993e-02,lamp_kernel
5.304054e+02,28641,1.67277399319323e-08,3.52051617192091e-02,3.52051926955254e-02,3.51872041430067e-02,lamp_kernel
5.307777e+02,28661,1.65884706616165e-08,3.52051613244439e-02,3.52051920428622e-02,3.51872166235667e-02,lamp_kernel
5.311500e+02,28681,1.64278134911706e-08,3.52051609305741e-02,3.52051913514886e-02,3.51872290865165e-02,lamp_kernel
5.315223e+02,28701,1.63597293513220e-08,3.52051605375784e-02,3.52051908324152e-02,3.51872415318933e-02,lamp_kernel
5.318946e+02,28721,1.64187289945419e-08,3.52051601454691e-02,3.52051905495610e-02,3.51872539597344e-02,lamp_kernel
5.322669e+02,28741,1.64861698113884e-08,3.52051597542322e-02,3.52051902832105e-02,3.51872663700767e-02,lamp_kernel
5.326392e+02,28761,1.65316856153742e-08,3.52051593638639e-02,3.52051899771281e-02,3.51872787629571e-02,lamp_kernel
5.330115e+02,28781,1.65534167335175e-08,3.52051589743740e-02,3.52051896278798e-02,3.51872911384124e-02,lamp_kernel
5.333838e+02,28801,1.65429359717528e-08,3.52051585857551e-02,3.52051892198527e-02,3.51873034964793e-02,lamp_kernel
5.337561e+02,28821,1.65006338348826e-08,3.52051581980177e-02,3.52051887537805e-02,3.51873158371944e-02,lamp_kernel
5.341284e+02,28841,1.64278700745833e-08,3.52051578111500e-02,3.52051882321693e-02,3.51873281605943e-02,lamp_kernel
5.345006e+02,28861,1.63236879771036e-08,3.52051574251655e-02,3.52051876532611e-02,3.51873404667152e-02,lamp_kernel
5.348729e+02,28881,1.62750961728112e-08,3.52051570400728e-02,3.52051871781864e-02,3.51873527555934e-02,lamp_kernel
5.352452e+02,28901,1.62809959829143e-08,3.52051566558735e-02,3.52051868049123e-02,3.51873650272651e-02,lamp_kernel
5.356175e+02,28921,1.62551472360855e-08,3.52051562725815e-02,3.52051863737538e-02,3.51873772817665e-02,lamp_kernel
5.359898e+02,28941,1.62087839007819e-08,3.52051558902058e-02,3.52051859055228e-02,3.51873895191333e-02,lamp_kernel
5.363620e+02,28961,1.61454114637799e-08,3.52051555087589e-02,3.52051854067232e-02,3.51874017394016e-02,lamp_kernel
5.367343e+02,28981,1.60588225362953e-08,3.52051551282413e-02,3.52051848658608e-02,3.51874139426070e-02,lamp_kernel
5.371066e+02,29001,1.59785043083041e-08,3.52051547486846e-02,3.52051843375714e-02,3.51874261287853e-02,lamp_kernel
5.374789e+02,29021,1.58672438071859e-08,3.52051543700906e-02,3.52051837529459e-02,3.51874382979719e-02,lamp_kernel
5.378512e+02,29041,1.57751971756748e-08,3.52051539924756e-02,3.52051832048796e-02,3.51874504502023e-02,lamp_kernel
5.382235e+02,29061,1.57497078419805e-08,3.52051536158670e-02,3.52051827810700e-02,3.51874625855119e-02,lamp_kernel
5.385958e+02,29081,1.57133657687157e-08,3.52051532402721e-02,3.52051823381771e-02,3.51874747039358e-02,lamp_kernel
5.389680e+02,29101,1.56737226496651e-08,3.52051528657155e-02,3.52051818902097e-02,3.51874868050950e-02,lamp_kernel
5.393403e+02,29121,1.56079374048027e-08,3.52051524922113e-02,3.52051813948848e-02,3.51874988891096e-02,lamp_kernel
5.397126e+02,29141,1.55246033994627e-08,3.52051521197826e-02,3.52051808681388e-02,3.51875109563450e-02,lamp_kernel
5.400849e+02,29161,1.54298584272955e-08,3.52051517484442e-02,3.52051803213522e-02,3.51875230068360e-02,lamp_kernel
5.404572e+02,29181,1.53112949453186e-08,3.52051513782142e-02,3.52051797315672e-02,3.51875350406174e-02,lamp_kernel
5.408295e+02,29201,1.51728065902006e-08,3.52051510091181e-02,3.52051791060193e-02,3.51875470577238e-02,lamp_kernel
5.412018e+02,29221,1.50100177300163e-08,3.52051506411707e-02,3.52051784366206e-02,3.51875590581898e-02,lamp_kernel
5.415740e+02,29241,1.48287944057161e-08,3.52051502743844e-02,3.52051777342461e-02,3.51875710420497e-02,lamp_kernel
5.419463e+02,29261,1.46267055723443e-08,3.52051499087898e-02,3.52051769944247e-02,3.51875830093380e-02,lamp_kernel
5.423186e+02,29281,1.44058810107171e-08,3.52051495443927e-02,3.52051762211062e-02,3.51875949600890e-02,lamp_kernel
5.426909e+02,29301,1.41683658189045e-08,3.52051491812126e-02,3.52051754180971e-02,3.51876068943367e-02,lamp_kernel
5.430632e+02,29321,1.39115089392045e-08,3.52051488192520e-02,3.52051745804907e-02,3.51876188121152e-02,lamp_kernel
5.434355e+02,29341,1.36441646465472e-08,3.52051484585358e-02,3.52051737247081e-02,3.51876307134586e-02,lamp_kernel
5.438079e+02,29361,1.35502346642022e-08,3.52051480990560e-02,3.52051731912894e-02,3.51876425984006e-02,lamp_kernel
5.441802e+02,29381,1.34916183595370e-08,3.52051477408224e-02,3.52051727245105e-02,3.51876544669751e-02,lamp_kernel
5.445525e+02,29401,1.34479195654664e-08,3.52051473838257e-02,3.52051722865927e-02,3.51876663192157e-02,lamp_kernel
5.449247e+02,29421,1.34142197337717e-08,3.52051470280666e-02,3.52051718684284e-02,3.51876781551561e-02,lamp_kernel
5.452970e+02,29441,1.33982134860094e-08,3.52051466735318e-02,3.52051714842534e-02,3.51876899748297e-02,lamp_kernel
5.456693e+02,29461,1.33998434506689e-08,3.52051463202064e-02,3.52051711339463e-02,3.51877017782700e-02,lamp_kernel
5.460416e+02,29481,1.34218434924576e-08,3.52051459680698e-02,3.52051708225493e-02,3.51877135655103e-02,lamp_kernel
5.464139e+02,29501,1.34525774572651e-08,3.52051456170969e-02,3.52051705284893e-02,3.51877253365838e-02,lamp_kernel
5.467862e+02,29521,1.34812699728996e-08,3.52051452672361e-02,3.52051702317611e-02,3.51877370915236e-02,lamp_kernel
5.471585e+02,29541,1.35025186866278e-08,3.52051449184582e-02,3.52051699223314e-02,3.51877488303628e-02,lamp_kernel
5.475308e+02,29561,1.35101794340248e-08,3.52051445707062e-02,3.52051695887656e-02,3.51877605531345e-02,lamp_kernel
5.479031e+02,29581,1.35491042811795e-08,3.52051442239232e-02,3.52051693140633e-02,3.51877722598714e-02,lamp_kernel
5.482754e+02,29601,1.35780016760094e-08,3.52051438780567e-02,3.52051690217089e-02,3.51877839506064e-02,lamp_kernel
5.486477e+02,29621,1.35855378565872e-08,3.52051435330287e-02,3.52051686906363e-02,3.51877956253721e-02,lamp_kernel
5.490200e+02,29641,1.37278042227717e-08,3.52051431887661e-02,3.52051686098216e-02,3.51878072842013e-02,lamp_kernel
5.493923e+02,29661,1.39004665307436e-08,3.52051428451931e-02,3.52051685859835e-02,3.51878189271263e-02,lamp_kernel
5.497645e+02,29681,1.40816978416184e-08,3.52051425022266e-02,3.52051685786199e-02,3.51878305541797e-02,lamp_kernel
5.501368e+02,29701,1.42341221625621e-08,3.52051421597870e-02,3.52051685184386e-02,3.51878421653938e-02,lamp_kernel
5.505091e+02,29721,1.44624952006583e-08,3.52051418177901e-02,3.52051685993414e-02,3.51878537608010e-02,lamp_kernel
5.508814e+02,29741,1.48104805733182e-08,3.52051414761401e-02,3.52051689020884e-02,3.51878653404332e-02,lamp_kernel
5.512537e+02,29761,1.51484902395079e-08,3.52051411347735e-02,3.52051691866458e-02,3.51878769043228e-02,lamp_kernel
5.516260e+02,29781,1.54722706370210e-08,3.52051407935954e-02,3.52051694450420e-02,3.51878884525016e-02,lamp_kernel
5.519983e+02,29801,1.57957234095151e-08,3.52051404525300e-02,3.52051697029443e-02,3.51878999850016e-02,lamp_kernel
5.523706e+02,29821,1.60841403670037e-08,3.52051401115103e-02,3.52051698960132e-02,3.51879115018546e-02,lamp_kernel
5.527430e+02,29841,1.63520699194750e-08,3.52051397704597e-02,3.52051700511127e-02,3.51879230030923e-02,lamp_kernel
5.531153e+02,29861,1.66049849882354e-08,3.52051394293179e-02,3.52051701783174e-02,3.51879344887464e-02,lamp_kernel
5.534876e+02,29881,1.68407291395665e-08,3.52051390880479e-02,3.52051702735968e-02,3.51879459588485e-02,lamp_kernel
5.538599e+02,29901,1.70972009526405e-08,3.52051387465918e-02,3.52051704070735e-02,3.51879574134301e-02,lamp_kernel
5.542322e+02,29921,1.73292519533119e-08,3.52051384049188e-02,3.52051704951109e-02,3.51879688525224e-02,lamp_kernel
5.546045e+02,29941,1.75284523304992e-08,3.52051380630043e-02,3.52051705220744e-02,3.51879802761569e-02,lamp_kernel
5.549769e+02,29961,1.76790405107277e-08,3.52051377208289e-02,3.52051704587572e-02,3.51879916843648e-02,lamp_kernel
5.553492e+02,29981,1.77772713286960e-08,3.52051373783761e-02,3.52051702982076e-02,3.51880030771771e-02,lamp_kernel
5.557214e+02,30001,1.78304629620101e-08,3.52051370356396e-02,3.52051700539709e-02,3.51880144546250e-02,lamp_kernel
5.560937e+02,30021,1.79363572202364e-08,3.52051366926187e-02,3.52051699070443e-02,3.51880258167395e-02,lamp_kernel
5.564660e+02,30041,1.80929679547735e-08,3.52051363493110e-02,3.52051698537473e-02,3.51880371635514e-02,lamp_kernel
5.568383e+02,30061,1.82855998681710e-08,3.52051360057340e-02,3.52051698668848e-02,3.51880484950915e-02,lamp_kernel
5.572106e+02,30081,1.84207292715896e-08,3.52051356618976e-02,3.52051697732802e-02,3.51880598113906e-02,lamp_kernel
5.575829e+02,30101,1.84969483299895e-08,3.52051353178079e-02,3.52051695703324e-02,3.51880711124795e-02,lamp_kernel
5.579552e+02,30121,1.85131146839355e-08,3.52051349734917e-02,3.52051692559529e-02,3.51880823983886e-02,lamp_kernel
5.583275e+02,30141,1.84824020984562e-08,3.52051346289661e-02,3.52051688545540e-02,3.51880936691485e-02,lamp_kernel
5.586998e+02,30161,1.84032574068312e-08,3.52051342842534e-02,3.52051683632817e-02,3.51881049247897e-02,lamp_kernel
5.590721e+02,30181,1.83049439543066e-08,3.52051339393851e-02,3.52051678363572e-02,3.51881161653426e-02,lamp_kernel
5.594444e+02,30201,1.82028556083496e-08,3.52051335943881e-02,3.52051673023136e-02,3.51881273908373e-02,lamp_kernel
5.598167e+02,30221,1.81542225764154e-08,3.52051332492987e-02,3.52051668671659e-02,3.51881386013043e-02,lamp_kernel
5.601890e+02,30241,1.81217584228405e-08,3.52051329041512e-02,3.52051664619015e-02,3.51881497967735e-02,lamp_kernel
5.605613e+02,30261,1.80435048760370e-08,3.52051325589822e-02,3.52051659718231e-02,3.51881609772750e-02,lamp_kernel
5.609336e+02,30281,1.79250144293052e-08,3.52051322138413e-02,3.52051654072625e-02,3.51881721428390e-02,lamp_kernel
5.613059e+02,30301,1.77667779247596e-08,3.52051318687779e-02,3.52051647691778e-02,3.51881832934952e-02,lamp_kernel
5.616782e+02,30321,1.75565274134741e-08,3.52051315238314e-02,3.52051640348907e-02,3.51881944292735e-02,lamp_kernel
5.620506e+02,30341,1.73092410707850e-08,3.52051311790667e-02,3.52051632322029e-02,3.51882055502037e-02,lamp_kernel
5.624230e+02,30361,1.70266747355455e-08,3.52051308345368e-02,3.52051623644185e-02,3.51882166563154e-02,lamp_kernel
5.627953e+02,30381,1.67016889948537e-08,3.52051304903037e-02,3.52051614183791e-02,3.51882277476382e-02,lamp_kernel
5.631676e+02,30401,1.63391266898302e-08,3.52051301464220e-02,3.52051604031069e-02,3.51882388242016e-02,lamp_kernel
5.635399e+02,30421,1.60034842171597e-08,3.52051298029532e-02,3.52051594380976e-02,3.51882498860351e-02,lamp_kernel
5.639122e+02,30441,1.57856951253817e-08,3.52051294599525e-02,3.52051586917966e-02,3.51882609331680e-02,lamp_kernel
5.642846e+02,30461,1.55447516222806e-08,3.52051291174855e-02,3.52051579031519e-02,3.51882719656296e-02,lamp_kernel
5.646569e+02,30481,1.52886450060001e-08,3.52051287756042e-02,3.52051570870141e-02,3.51882829834490e-02,lamp_kernel
5.650292e+02,30501,1.50343066709119e-08,3.52051284343595e-02,3.52051562747874e-02,3.51882939866554e-02,lamp_kernel
5.654015e+02,30521,1.47981163864355e-08,3.52051280938118e-02,3.52051554968642e-02,3.51883049752778e-02,lamp_kernel
5.657738e+02,30541,1.45919751386409e-08,3.52051277539987e-02,3.52051547753201e-02,3.51883159493452e-02,lamp_kernel
5.661461e+02,30561,1.44303864695034e-08,3.52051274149604e-02,3.52051541370529e-02,3.51883269088864e-02,lamp_kernel
5.665184e+02,30581,1.43129378376597e-08,3.52051270767368e-02,3.52051535813388e-02,3.51883378539303e-02,lamp_kernel
5.668907e+02,30601,1.42256818455491e-08,3.52051267393610e-02,3.52051530823830e-02,3.51883487845055e-02,lamp_kernel
5.672630e+02,30621,1.41625814773194e-08,3.52051264028629e-02,3.52051526290360e-02,3.51883597006407e-02,lamp_kernel
5.676353e+02,30641,1.41219193624732e-08,3.52051260672662e-02,3.52051522181414e-02,3.51883706023644e-02,lamp_kernel
5.680077e+02,30661,1.40862771566842e-08,3.52051257325885e-02,3.52051518174618e-02,3.51883814897053e-02,lamp_kernel
5.683800e+02,30681,1.40467362661279e-08,3.52051253988432e-02,3.52051514104949e-02,3.51883923626916e-02,lamp_kernel
5.687523e+02,30701,1.40060429138111e-08,3.52051250660353e-02,3.52051510023313e-02,3.51884032213517e-02,lamp_kernel
5.691246e+02,30721,1.41505622204408e-08,3.52051247341771e-02,3.52051509380930e-02,3.51884140657139e-02,lamp_kernel
5.694970e+02,30741,1.42707706042628e-08,3.52051244032579e-02,3.52051508297749e-02,3.51884248958064e-02,lamp_kernel
5.698693e+02,30761,1.44180936574143e-08,3.52051240732886e-02,3.52051507726174e-02,3.51884357116574e-02,lamp_kernel
5.702416e+02,30781,1.46887939056613e-08,3.52051237442554e-02,3.52051509448651e-02,3.51884465132948e-02,lamp_kernel
5.706139e+02,30801,1.49973997940699e-08,3.52051234161419e-02,3.52051511882259e-02,3.51884573007466e-02,lamp_kernel
5.709863e+02,30821,1.52643138265669e-08,3.52051230889577e-02,3.52051513553114e-02,3.51884680740409e-02,lamp_kernel
5.713586e+02,30841,1.54878215335569e-08,3.52051227626757e-02,3.52051514429194e-02,3.51884788332053e-02,lamp_kernel
5.717310e+02,30861,1.56667572630762e-08,3.52051224372895e-02,3.52051514488852e-02,3.51884895782676e-02,lamp_kernel
c_index=0.0,Sw=0.03520512243728953,Smin=0.03520512243728953,Smax=0.03520512243728953,Nw=61,pairs=190
