time(s),iter,infeas,ot_objective,dual
3.481622e-03,1,7.99681247264927e-01,1.46095469704122e-193,-6.73891149741253e+00,sinkhorn_cellsim
1.856067e-01,21,7.99681247264927e-01,5.27468010141092e-188,5.12266090925363e+01,sinkhorn_cellsim
3.677386e-01,41,7.99681247264925e-01,7.86762758120155e-54,1.09192129682485e+02,sinkhorn_cellsim
5.501054e-01,61,7.81965826595147e-01,8.56350584873888e-04,1.66470975257022e+02,sinkhorn_cellsim
7.329140e-01,81,6.82891399835963e-01,6.42442745219980e-03,2.10190389544336e+02,sinkhorn_cellsim
9.161360e-01,101,6.10583499166554e-01,1.01376330538495e-02,2.34455871878328e+02,sinkhorn_cellsim
1.099541e+00,121,5.81231426171856e-01,1.14846655730359e-02,2.50241322867067e+02,sinkhorn_cellsim
1.283004e+00,141,5.65931017012875e-01,1.20414691798783e-02,2.62962902754953e+02,sinkhorn_cellsim
1.466458e+00,161,5.56426636752912e-01,1.23551608953835e-02,2.74373689750697e+02,sinkhorn_cellsim
1.649896e+00,181,5.47311620437108e-01,1.27149431820413e-02,2.85232129802561e+02,sinkhorn_cellsim
1.833330e+00,201,5.36411978527943e-01,1.32909525460060e-02,2.95561212812331e+02,sinkhorn_cellsim
2.016695e+00,221,5.25062046586913e-01,1.38421849721413e-02,3.05469928902412e+02,sinkhorn_cellsim
2.200013e+00,241,5.11699244231589e-01,1.46394436393329e-02,3.14688114101112e+02,sinkhorn_cellsim
2.383307e+00,261,4.99198433562046e-01,1.54049993876731e-02,3.23243826798589e+02,sinkhorn_cellsim
2.566576e+00,281,4.85559517670582e-01,1.63248902383967e-02,3.31436227935644e+02,sinkhorn_cellsim
2.749828e+00,301,4.73941708062708e-01,1.72720864152831e-02,3.39264015943448e+02,sinkhorn_cellsim
2.933075e+00,321,4.66643711868605e-01,1.79931807560656e-02,3.46782423647206e+02,sinkhorn_cellsim
3.116299e+00,341,4.58845039368972e-01,1.88385437160086e-02,3.54043878860837e+02,sinkhorn_cellsim
3.299489e+00,361,4.50106977915102e-01,1.95561103695239e-02,3.61016382368424e+02,sinkhorn_cellsim
3.482657e+00,381,4.43058075825067e-01,2.01584641721926e-02,3.67720018274463e+02,sinkhorn_cellsim
3.665811e+00,401,4.33209636523705e-01,2.08796781820358e-02,3.74149193902228e+02,sinkhorn_cellsim
3.848941e+00,421,4.21638536591512e-01,2.15321327021003e-02,3.80230086765810e+02,sinkhorn_cellsim
4.032054e+00,441,4.08522044404963e-01,2.23361975159372e-02,3.85969039678451e+02,sinkhorn_cellsim
4.215136e+00,461,3.91710189001094e-01,2.30899656904054e-02,3.91295273571001e+02,sinkhorn_cellsim
4.398220e+00,481,3.75081978323981e-01,2.36827698817461e-02,3.96221669551228e+02,sinkhorn_cellsim
4.581317e+00,501,3.56113781363987e-01,2.45036240467193e-02,4.00778361432161e+02,sinkhorn_cellsim
4.764371e+00,521,3.41677287093434e-01,2.50226348597361e-02,4.04973298416212e+02,sinkhorn_cellsim
4.947415e+00,541,3.24486737661813e-01,2.56295336137863e-02,4.08818879346598e+02,sinkhorn_cellsim
5.130448e+00,561,3.07550342403500e-01,2.61914672298452e-02,4.12346982447400e+02,sinkhorn_cellsim
5.313496e+00,581,2.92741165083162e-01,2.65957334258362e-02,4.15565616778666e+02,sinkhorn_cellsim
5.496549e+00,601,2.75560810572909e-01,2.71404049215630e-02,4.18523590375580e+02,sinkhorn_cellsim
5.679625e+00,621,2.63371585979263e-01,2.75285423401359e-02,4.21203417629495e+02,sinkhorn_cellsim
5.862714e+00,641,2.52156874302057e-01,2.79788742724029e-02,4.23700743926589e+02,sinkhorn_cellsim
6.045783e+00,661,2.41473976797976e-01,2.83953907445819e-02,4.25998501391037e+02,sinkhorn_cellsim
6.228828e+00,681,2.29969613607546e-01,2.86986081263408e-02,4.28122000353837e+02,sinkhorn_cellsim
6.411856e+00,701,2.21785621654598e-01,2.89666194697525e-02,4.30101053595132e+02,sinkhorn_cellsim
6.594898e+00,721,2.13398348596660e-01,2.93481321522562e-02,4.31940180734202e+02,sinkhorn_cellsim
6.777929e+00,741,2.07180400524304e-01,2.95777272503676e-02,4.33682862839002e+02,sinkhorn_cellsim
6.960967e+00,761,1.98397079381069e-01,2.99354826999441e-02,4.35306460790514e+02,sinkhorn_cellsim
7.144012e+00,781,1.91485363417231e-01,3.01341549419309e-02,4.36815798621055e+02,sinkhorn_cellsim
7.327055e+00,801,1.79829796776909e-01,3.04940942914101e-02,4.38206524417229e+02,sinkhorn_cellsim
7.510100e+00,821,1.72470517013281e-01,3.07030487457053e-02,4.39471898310045e+02,sinkhorn_cellsim
7.693114e+00,841,1.64463978371372e-01,3.09247066849898e-02,4.40660311826680e+02,sinkhorn_cellsim
7.876135e+00,861,1.57437656343965e-01,3.11289893952727e-02,4.41759070973956e+02,sinkhorn_cellsim
8.059148e+00,881,1.52349710779669e-01,3.12945964094899e-02,4.42790710312119e+02,sinkhorn_cellsim
8.242159e+00,901,1.46784627850824e-01,3.14293121276262e-02,4.43782420028497e+02,sinkhorn_cellsim
8.425159e+00,921,1.41048795137957e-01,3.16566143300046e-02,4.44691682751776e+02,sinkhorn_cellsim
8.608136e+00,941,1.37049561350265e-01,3.17983038427536e-02,4.45542322389165e+02,sinkhorn_cellsim
8.791117e+00,961,1.33992780510399e-01,3.18703986409564e-02,4.46357977831105e+02,sinkhorn_cellsim
8.974102e+00,981,1.28980252299990e-01,3.21245277566886e-02,4.47130827884577e+02,sinkhorn_cellsim
9.157169e+00,1001,1.24639300222754e-01,3.22493328615516e-02,4.47846697785667e+02,sinkhorn_cellsim
9.340156e+00,1021,1.20249861594870e-01,3.23337553275334e-02,4.48533148423006e+02,sinkhorn_cellsim
9.523119e+00,1041,1.15138027798663e-01,3.24924929512780e-02,4.49172231988679e+02,sinkhorn_cellsim
9.706097e+00,1061,1.10000523824142e-01,3.26083440603216e-02,4.49775233074493e+02,sinkhorn_cellsim
9.889072e+00,1081,1.05622065315652e-01,3.27113721329899e-02,4.50344823130459e+02,sinkhorn_cellsim
1.007204e+01,1101,1.01115299692557e-01,3.27997817800272e-02,4.50884322649447e+02,sinkhorn_cellsim
1.025501e+01,1121,9.80862888537266e-02,3.28812396983307e-02,4.51396212569717e+02,sinkhorn_cellsim
1.043798e+01,1141,9.62595781791318e-02,3.29439832023563e-02,4.51886593784877e+02,sinkhorn_cellsim
1.062096e+01,1161,9.34459887735804e-02,3.29987248563771e-02,4.52358169882742e+02,sinkhorn_cellsim
1.080394e+01,1181,9.04602424563677e-02,3.30571487548947e-02,4.52809968473008e+02,sinkhorn_cellsim
1.098692e+01,1201,8.84458351912648e-02,3.31022860785982e-02,4.53246428837649e+02,sinkhorn_cellsim
1.116990e+01,1221,8.65375287180772e-02,3.31471358402446e-02,4.53675165724419e+02,sinkhorn_cellsim
1.135287e+01,1241,8.40643405756950e-02,3.32239489344497e-02,4.54089481335280e+02,sinkhorn_cellsim
1.153585e+01,1261,8.21827945127064e-02,3.32707278881255e-02,4.54491458960599e+02,sinkhorn_cellsim
1.171882e+01,1281,8.01610976871572e-02,3.33449270340080e-02,4.54880685736654e+02,sinkhorn_cellsim
1.190180e+01,1301,7.75345641183493e-02,3.34652357947904e-02,4.55251843849242e+02,sinkhorn_cellsim
1.208478e+01,1321,7.54159087148305e-02,3.35345881774558e-02,4.55596933608693e+02,sinkhorn_cellsim
1.226777e+01,1341,7.40215732721939e-02,3.35626749072968e-02,4.55932085108883e+02,sinkhorn_cellsim
1.245077e+01,1361,7.25048830012934e-02,3.36090833945658e-02,4.56259729043998e+02,sinkhorn_cellsim
1.263375e+01,1381,7.08750932639779e-02,3.36563646648902e-02,4.56576802991682e+02,sinkhorn_cellsim
1.281674e+01,1401,6.92904471533723e-02,3.37125573833550e-02,4.56884671718852e+02,sinkhorn_cellsim
1.299972e+01,1421,6.78590726922191e-02,3.37807899178010e-02,4.57182562757830e+02,sinkhorn_cellsim
1.318271e+01,1441,6.67695708274815e-02,3.38181611016445e-02,4.57473766918622e+02,sinkhorn_cellsim
1.336569e+01,1461,6.56554500295332e-02,3.38714143195225e-02,4.57757168836346e+02,sinkhorn_cellsim
1.354866e+01,1481,6.44706852870414e-02,3.39381254897873e-02,4.58028446290449e+02,sinkhorn_cellsim
1.373163e+01,1501,6.33480360779254e-02,3.39848811337888e-02,4.58290868028927e+02,sinkhorn_cellsim
1.391460e+01,1521,6.19012880143665e-02,3.40402382533876e-02,4.58543910666730e+02,sinkhorn_cellsim
1.409758e+01,1541,6.08422758952377e-02,3.40784525707644e-02,4.58790304656109e+02,sinkhorn_cellsim
1.428056e+01,1561,5.92280886547844e-02,3.41328082045237e-02,4.59030262067779e+02,sinkhorn_cellsim
1.446355e+01,1581,5.77810740581335e-02,3.41859603170831e-02,4.59260745345046e+02,sinkhorn_cellsim
1.464654e+01,1601,5.67516054708214e-02,3.42188065819034e-02,4.59485275807175e+02,sinkhorn_cellsim
1.482952e+01,1621,5.57886267818480e-02,3.42621831316124e-02,4.59705520344865e+02,sinkhorn_cellsim
1.501251e+01,1641,5.48061808169325e-02,3.43080906604893e-02,4.59919471709793e+02,sinkhorn_cellsim
1.519549e+01,1661,5.39305581695953e-02,3.43590063204118e-02,4.60126976755066e+02,sinkhorn_cellsim
1.537848e+01,1681,5.30060465389129e-02,3.44101224155641e-02,4.60328240570621e+02,sinkhorn_cellsim
1.556145e+01,1701,5.21282066146951e-02,3.44607622893722e-02,4.60518450319652e+02,sinkhorn_cellsim
1.574441e+01,1721,5.14100282496418e-02,3.45020056655249e-02,4.60704038592250e+02,sinkhorn_cellsim
1.592737e+01,1741,5.05690946899620e-02,3.45865529795664e-02,4.60878300606879e+02,sinkhorn_cellsim
1.611034e+01,1761,4.97684374712525e-02,3.46253678415896e-02,4.61042826862236e+02,sinkhorn_cellsim
1.629333e+01,1781,4.90266990549916e-02,3.46592259683608e-02,4.61202056719141e+02,sinkhorn_cellsim
1.647633e+01,1801,4.82062351355195e-02,3.46958248484083e-02,4.61356359923708e+02,sinkhorn_cellsim
1.665933e+01,1821,4.73917912262583e-02,3.47307709090428e-02,4.61505435812935e+02,sinkhorn_cellsim
1.684234e+01,1841,4.66184988442937e-02,3.47536240159744e-02,4.61648921862005e+02,sinkhorn_cellsim
1.702533e+01,1861,4.58606276344341e-02,3.47864479466073e-02,4.61788773149652e+02,sinkhorn_cellsim
1.720834e+01,1881,4.52287198512843e-02,3.48302077095817e-02,4.61923829082754e+02,sinkhorn_cellsim
1.739134e+01,1901,4.46627763657760e-02,3.48631422092007e-02,4.62052595897079e+02,sinkhorn_cellsim
1.757437e+01,1921,4.41567306897370e-02,3.48899836544829e-02,4.62177498271505e+02,sinkhorn_cellsim
1.775739e+01,1941,4.36649707916118e-02,3.49109366990863e-02,4.62298987789097e+02,sinkhorn_cellsim
1.794040e+01,1961,4.33183423784123e-02,3.49270695678431e-02,4.62418721921816e+02,sinkhorn_cellsim
1.812340e+01,1981,4.27176289002493e-02,3.49548186517080e-02,4.62535676101238e+02,sinkhorn_cellsim
1.830640e+01,2001,4.20690722008315e-02,3.49843028041161e-02,4.62649078820914e+02,sinkhorn_cellsim
1.848940e+01,2021,4.17128264509914e-02,3.50041072467913e-02,4.62760041725570e+02,sinkhorn_cellsim
1.867240e+01,2041,4.13565448366049e-02,3.50258094025717e-02,4.62868920347043e+02,sinkhorn_cellsim
1.885540e+01,2061,4.09650266984079e-02,3.50445000944524e-02,4.62974992110451e+02,sinkhorn_cellsim
1.903842e+01,2081,4.05654993593228e-02,3.50620163971666e-02,4.63079207003983e+02,sinkhorn_cellsim
1.922142e+01,2101,3.99695160868126e-02,3.50834261309976e-02,4.63179985087928e+02,sinkhorn_cellsim
1.940442e+01,2121,3.94753379264338e-02,3.51053772241813e-02,4.63276678455313e+02,sinkhorn_cellsim
1.958744e+01,2141,3.90371411488293e-02,3.51291430799790e-02,4.63370206329656e+02,sinkhorn_cellsim
1.977047e+01,2161,3.86153266231020e-02,3.51458351710901e-02,4.63461137051798e+02,sinkhorn_cellsim
1.995348e+01,2181,3.82108315373443e-02,3.51587811706969e-02,4.63550132045486e+02,sinkhorn_cellsim
2.013651e+01,2201,3.78741067770242e-02,3.51749499173536e-02,4.63637403424748e+02,sinkhorn_cellsim
2.031953e+01,2221,3.74953463470247e-02,3.51901576216181e-02,4.63722745368767e+02,sinkhorn_cellsim
2.050255e+01,2241,3.70046051627022e-02,3.52159090468117e-02,4.63805578000980e+02,sinkhorn_cellsim
2.068560e+01,2261,3.66205223020062e-02,3.52498395728202e-02,4.63881338357553e+02,sinkhorn_cellsim
2.086863e+01,2281,3.62479704329901e-02,3.52621861385383e-02,4.63955464927553e+02,sinkhorn_cellsim
2.105166e+01,2301,3.56950300971733e-02,3.52739864940075e-02,4.64027664433989e+02,sinkhorn_cellsim
2.123469e+01,2321,3.52714875318841e-02,3.52864112885276e-02,4.64098449168758e+02,sinkhorn_cellsim
2.141772e+01,2341,3.49257645796031e-02,3.52999802570393e-02,4.64167982719486e+02,sinkhorn_cellsim
2.160077e+01,2361,3.46458112446405e-02,3.53102916516781e-02,4.64236446212406e+02,sinkhorn_cellsim
2.178381e+01,2381,3.43578707232511e-02,3.53165263060035e-02,4.64304174105904e+02,sinkhorn_cellsim
2.196687e+01,2401,3.40453360181910e-02,3.53305579476888e-02,4.64370702311804e+02,sinkhorn_cellsim
2.214992e+01,2421,3.37229824405186e-02,3.53396209966633e-02,4.64435936952057e+02,sinkhorn_cellsim
2.233297e+01,2441,3.34372539171955e-02,3.53522059660061e-02,4.64499836406995e+02,sinkhorn_cellsim
2.251602e+01,2461,3.31786183237628e-02,3.53606940600572e-02,4.64562380489566e+02,sinkhorn_cellsim
2.269908e+01,2481,3.29727002752088e-02,3.53741737398367e-02,4.64623834059685e+02,sinkhorn_cellsim
2.288213e+01,2501,3.27734427209008e-02,3.53917048606516e-02,4.64683397818487e+02,sinkhorn_cellsim
2.306518e+01,2521,3.24869018348866e-02,3.54083817584383e-02,4.64741535364905e+02,sinkhorn_cellsim
2.324823e+01,2541,3.21043833652222e-02,3.54186138967165e-02,4.64798352073442e+02,sinkhorn_cellsim
2.343129e+01,2561,3.16977040716725e-02,3.54278800415308e-02,4.64853917725916e+02,sinkhorn_cellsim
2.361435e+01,2581,3.13834547599915e-02,3.54341780363353e-02,4.64908200415129e+02,sinkhorn_cellsim
2.379740e+01,2601,3.10190060825475e-02,3.54420067364073e-02,4.64961224942082e+02,sinkhorn_cellsim
2.398046e+01,2621,3.04798951169574e-02,3.54519588896425e-02,4.65012685034641e+02,sinkhorn_cellsim
2.416351e+01,2641,2.99870736507090e-02,3.54658229832344e-02,4.65062565733290e+02,sinkhorn_cellsim
2.434658e+01,2661,2.96378780394839e-02,3.54761766700669e-02,4.65111364855707e+02,sinkhorn_cellsim
2.452963e+01,2681,2.93485568871995e-02,3.54845205171995e-02,4.65159388097452e+02,sinkhorn_cellsim
2.471270e+01,2701,2.90506476924089e-02,3.54901951645254e-02,4.65206624008579e+02,sinkhorn_cellsim
2.489577e+01,2721,2.86984440115050e-02,3.54974849236098e-02,4.65253048964177e+02,sinkhorn_cellsim
2.507883e+01,2741,2.83830278573545e-02,3.55047513333449e-02,4.65298630092674e+02,sinkhorn_cellsim
2.526189e+01,2761,2.78798152774393e-02,3.55174847977884e-02,4.65343153920205e+02,sinkhorn_cellsim
2.544495e+01,2781,2.74731654180914e-02,3.55294743164029e-02,4.65385998835536e+02,sinkhorn_cellsim
2.562799e+01,2801,2.71801965746189e-02,3.55374702368923e-02,4.65427977176773e+02,sinkhorn_cellsim
2.581105e+01,2821,2.69042475154092e-02,3.55426941503645e-02,4.65469326101907e+02,sinkhorn_cellsim
2.599411e+01,2841,2.66476995996683e-02,3.55524065517856e-02,4.65509904064174e+02,sinkhorn_cellsim
2.617717e+01,2861,2.64507073193298e-02,3.55601741739763e-02,4.65549600846814e+02,sinkhorn_cellsim
2.636022e+01,2881,2.62498479929239e-02,3.55658139114582e-02,4.65588795777066e+02,sinkhorn_cellsim
2.654327e+01,2901,2.60590931830949e-02,3.55753010194568e-02,4.65627355224198e+02,sinkhorn_cellsim
2.672632e+01,2921,2.59141810816073e-02,3.55838725335746e-02,4.65665021858729e+02,sinkhorn_cellsim
2.690936e+01,2941,2.57989971696719e-02,3.55882499691338e-02,4.65702068312691e+02,sinkhorn_cellsim
2.709240e+01,2961,2.56510129080209e-02,3.55904975900992e-02,4.65738710750208e+02,sinkhorn_cellsim
2.727544e+01,2981,2.54097865707973e-02,3.55919393672473e-02,4.65774751580466e+02,sinkhorn_cellsim
2.745849e+01,3001,2.51595814416770e-02,3.55942190280669e-02,4.65810141528925e+02,sinkhorn_cellsim
2.764155e+01,3021,2.49623704512545e-02,3.55978270989237e-02,4.65844934986544e+02,sinkhorn_cellsim
2.782460e+01,3041,2.47239619143492e-02,3.56046855100571e-02,4.65879120721136e+02,sinkhorn_cellsim
2.800766e+01,3061,2.45315194531919e-02,3.56125510847090e-02,4.65912719345599e+02,sinkhorn_cellsim
2.819071e+01,3081,2.43980404263164e-02,3.56196085678203e-02,4.65945852337415e+02,sinkhorn_cellsim
2.837376e+01,3101,2.42629126471793e-02,3.56238856119065e-02,4.65978659584354e+02,sinkhorn_cellsim
2.855682e+01,3121,2.40154077827202e-02,3.56334364125838e-02,4.66010924774304e+02,sinkhorn_cellsim
2.873988e+01,3141,2.37567237985844e-02,3.56405312612628e-02,4.66042215340890e+02,sinkhorn_cellsim
2.892293e+01,3161,2.35399457267862e-02,3.56457541286280e-02,4.66072941789834e+02,sinkhorn_cellsim
2.910599e+01,3181,2.33737351940127e-02,3.56483198877259e-02,4.66103289213567e+02,sinkhorn_cellsim
2.928904e+01,3201,2.32487358267658e-02,3.56501767990845e-02,4.66133451297192e+02,sinkhorn_cellsim
2.947208e+01,3221,2.31230959185164e-02,3.56523144076290e-02,4.66163432523510e+02,sinkhorn_cellsim
2.965512e+01,3241,2.29974776014325e-02,3.56551850618524e-02,4.66193155814254e+02,sinkhorn_cellsim
2.983816e+01,3261,2.28021554211953e-02,3.56590874118979e-02,4.66222525618508e+02,sinkhorn_cellsim
3.002120e+01,3281,2.26489357803827e-02,3.56618346425506e-02,4.66251530029080e+02,sinkhorn_cellsim
3.020423e+01,3301,2.25369172034517e-02,3.56651305428501e-02,4.66280178131062e+02,sinkhorn_cellsim
3.038727e+01,3321,2.24424372358998e-02,3.56707342360584e-02,4.66308406535114e+02,sinkhorn_cellsim
3.057031e+01,3341,2.23256867615776e-02,3.56747701913745e-02,4.66336185991920e+02,sinkhorn_cellsim
3.075336e+01,3361,2.22027584164418e-02,3.56815985833218e-02,4.66363513574179e+02,sinkhorn_cellsim
3.093639e+01,3381,2.19944148230792e-02,3.56909847480215e-02,4.66390225143368e+02,sinkhorn_cellsim
3.111944e+01,3401,2.18989102007907e-02,3.56945153562992e-02,4.66416493535560e+02,sinkhorn_cellsim
3.130247e+01,3421,2.18221428740849e-02,3.56989753147909e-02,4.66442389945890e+02,sinkhorn_cellsim
3.148550e+01,3441,2.17233989411447e-02,3.57028163792465e-02,4.66467960403592e+02,sinkhorn_cellsim
3.166854e+01,3461,2.16110093263988e-02,3.57073608957909e-02,4.66493184871482e+02,sinkhorn_cellsim
3.185158e+01,3481,2.15001729101956e-02,3.57115842286087e-02,4.66518057970889e+02,sinkhorn_cellsim
3.203461e+01,3501,2.13881066740144e-02,3.57156508864412e-02,4.66542596247445e+02,sinkhorn_cellsim
3.221765e+01,3521,2.12749809444716e-02,3.57194116230226e-02,4.66566825455269e+02,sinkhorn_cellsim
3.240069e+01,3541,2.11565545795225e-02,3.57229469500833e-02,4.66590777278636e+02,sinkhorn_cellsim
3.258372e+01,3561,2.10359601675211e-02,3.57264586106272e-02,4.66614476638328e+02,sinkhorn_cellsim
3.276675e+01,3581,2.09165818140684e-02,3.57313168147999e-02,4.66637899783873e+02,sinkhorn_cellsim
3.294978e+01,3601,2.07937774286486e-02,3.57348963882748e-02,4.66661007337979e+02,sinkhorn_cellsim
3.313282e+01,3621,2.06509530799061e-02,3.57395503797173e-02,4.66683293591505e+02,sinkhorn_cellsim
3.331589e+01,3641,2.04709246896435e-02,3.57432400933472e-02,4.66705077826992e+02,sinkhorn_cellsim
3.349892e+01,3661,2.02632312861270e-02,3.57466590710707e-02,4.66726530659176e+02,sinkhorn_cellsim
3.368197e+01,3681,2.00750808301220e-02,3.57496060413140e-02,4.66747684934971e+02,sinkhorn_cellsim
3.386500e+01,3701,1.99209105922473e-02,3.57517938521401e-02,4.66768639000089e+02,sinkhorn_cellsim
3.404805e+01,3721,1.97712572197621e-02,3.57540904693522e-02,4.66789369071424e+02,sinkhorn_cellsim
3.423109e+01,3741,1.96313170284634e-02,3.57573077713371e-02,4.66809822378038e+02,sinkhorn_cellsim
3.441412e+01,3761,1.94100799644908e-02,3.57626975553818e-02,4.66829820481012e+02,sinkhorn_cellsim
3.459717e+01,3781,1.92238178761277e-02,3.57703738598125e-02,4.66848879523040e+02,sinkhorn_cellsim
3.478022e+01,3801,1.90773843508811e-02,3.57743353486545e-02,4.66867509244700e+02,sinkhorn_cellsim
3.496328e+01,3821,1.89855789492491e-02,3.57774561773518e-02,4.66885897975043e+02,sinkhorn_cellsim
3.514632e+01,3841,1.89219446512882e-02,3.57798139394413e-02,4.66904095341918e+02,sinkhorn_cellsim
3.532936e+01,3861,1.88710276105999e-02,3.57816413214901e-02,4.66922102589297e+02,sinkhorn_cellsim
3.551240e+01,3881,1.88302945067159e-02,3.57830081434867e-02,4.66940020337734e+02,sinkhorn_cellsim
3.569545e+01,3901,1.87987367815488e-02,3.57842244379946e-02,4.66957829036705e+02,sinkhorn_cellsim
3.587849e+01,3921,1.87638000333206e-02,3.57854028694357e-02,4.66975457207750e+02,sinkhorn_cellsim
3.606155e+01,3941,1.87316449323210e-02,3.57865171475064e-02,4.66992903519576e+02,sinkhorn_cellsim
3.624460e+01,3961,1.86973327029302e-02,3.57873952713959e-02,4.67010247335738e+02,sinkhorn_cellsim
3.642766e+01,3981,1.86611278446735e-02,3.57887465122239e-02,4.67027452881291e+02,sinkhorn_cellsim
3.661072e+01,4001,1.86163658324683e-02,3.57911039560388e-02,4.67044326490803e+02,sinkhorn_cellsim
3.679377e+01,4021,1.85587638925135e-02,3.57931514685768e-02,4.67061004136885e+02,sinkhorn_cellsim
3.697684e+01,4041,1.84984681763347e-02,3.57952931803009e-02,4.67077532387566e+02,sinkhorn_cellsim
3.715990e+01,4061,1.84322640926456e-02,3.57971034603962e-02,4.67093893394775e+02,sinkhorn_cellsim
3.734296e+01,4081,1.83308883310925e-02,3.57986021591172e-02,4.67110001406741e+02,sinkhorn_cellsim
3.752600e+01,4101,1.81903062267704e-02,3.58007444011097e-02,4.67125832247794e+02,sinkhorn_cellsim
3.770905e+01,4121,1.80224609929814e-02,3.58033235737256e-02,4.67141373343104e+02,sinkhorn_cellsim
3.789211e+01,4141,1.78670869907914e-02,3.58051103944923e-02,4.67156708131656e+02,sinkhorn_cellsim
3.807517e+01,4161,1.77367435109688e-02,3.58069365276390e-02,4.67171927187800e+02,sinkhorn_cellsim
3.825823e+01,4181,1.76261479664465e-02,3.58087295127929e-02,4.67187049176475e+02,sinkhorn_cellsim
3.844130e+01,4201,1.75317334383673e-02,3.58103556708737e-02,4.67202084755025e+02,sinkhorn_cellsim
3.862436e+01,4221,1.74477531859655e-02,3.58118200965006e-02,4.67217038219663e+02,sinkhorn_cellsim
3.880745e+01,4241,1.73668827709882e-02,3.58133508477332e-02,4.67231890188525e+02,sinkhorn_cellsim
3.899053e+01,4261,1.72851196197809e-02,3.58158695351613e-02,4.67246502372947e+02,sinkhorn_cellsim
3.917361e+01,4281,1.72041076885753e-02,3.58180838523272e-02,4.67260865591286e+02,sinkhorn_cellsim
3.935669e+01,4301,1.71262608651435e-02,3.58195585700175e-02,4.67275122971546e+02,sinkhorn_cellsim
3.953976e+01,4321,1.70583580477310e-02,3.58208575936590e-02,4.67289295736495e+02,sinkhorn_cellsim
3.972284e+01,4341,1.69942964867252e-02,3.58221416814534e-02,4.67303384102504e+02,sinkhorn_cellsim
3.990591e+01,4361,1.69222893457171e-02,3.58235509647746e-02,4.67317379532926e+02,sinkhorn_cellsim
4.008898e+01,4381,1.68382471783298e-02,3.58252443192764e-02,4.67331264083109e+02,sinkhorn_cellsim
4.027204e+01,4401,1.67580557505491e-02,3.58271504272836e-02,4.67345020715294e+02,sinkhorn_cellsim
4.045511e+01,4421,1.66954055287959e-02,3.58290216146677e-02,4.67358647957821e+02,sinkhorn_cellsim
4.063818e+01,4441,1.66359103330261e-02,3.58307709235064e-02,4.67372154927709e+02,sinkhorn_cellsim
4.082125e+01,4461,1.65749867653397e-02,3.58324313362146e-02,4.67385551166556e+02,sinkhorn_cellsim
4.100433e+01,4481,1.65129461496564e-02,3.58339953469540e-02,4.67398844965278e+02,sinkhorn_cellsim
4.118742e+01,4501,1.64493999826703e-02,3.58354289025396e-02,4.67412044878168e+02,sinkhorn_cellsim
4.137052e+01,4521,1.63851009713278e-02,3.58367209250072e-02,4.67425159931457e+02,sinkhorn_cellsim
4.155362e+01,4541,1.63211112610102e-02,3.58378702199960e-02,4.67438199726557e+02,sinkhorn_cellsim
4.173674e+01,4561,1.62577736017009e-02,3.58388799684527e-02,4.67451173804011e+02,sinkhorn_cellsim
4.191988e+01,4581,1.61948938113614e-02,3.58397581257135e-02,4.67464090434777e+02,sinkhorn_cellsim
4.210298e+01,4601,1.61312024719381e-02,3.58405138383453e-02,4.67476955728212e+02,sinkhorn_cellsim
4.228608e+01,4621,1.60663328797113e-02,3.58411567188960e-02,4.67489772888657e+02,sinkhorn_cellsim
4.246915e+01,4641,1.59965124862251e-02,3.58417127953977e-02,4.67502541356810e+02,sinkhorn_cellsim
4.265223e+01,4661,1.59175622549680e-02,3.58422482762820e-02,4.67515257564736e+02,sinkhorn_cellsim
4.283532e+01,4681,1.58329019062622e-02,3.58428473617726e-02,4.67527920623894e+02,sinkhorn_cellsim
4.301839e+01,4701,1.57491585842571e-02,3.58435996802790e-02,4.67540534721064e+02,sinkhorn_cellsim
4.320148e+01,4721,1.56622417419890e-02,3.58447583538538e-02,4.67553097406516e+02,sinkhorn_cellsim
4.338457e+01,4741,1.55736594395787e-02,3.58467200668560e-02,4.67565587681414e+02,sinkhorn_cellsim
4.356765e+01,4761,1.54943030760678e-02,3.58490870737381e-02,4.67577984059308e+02,sinkhorn_cellsim
4.375072e+01,4781,1.54200085767402e-02,3.58513782183481e-02,4.67590273724743e+02,sinkhorn_cellsim
4.393381e+01,4801,1.53516043589701e-02,3.58537847774398e-02,4.67602433741192e+02,sinkhorn_cellsim
4.411691e+01,4821,1.52897463814345e-02,3.58562327369498e-02,4.67614464757323e+02,sinkhorn_cellsim
4.430000e+01,4841,1.52323889321067e-02,3.58582381965641e-02,4.67626383107871e+02,sinkhorn_cellsim
4.448308e+01,4861,1.51700085824063e-02,3.58600127854789e-02,4.67638188000693e+02,sinkhorn_cellsim
4.466617e+01,4881,1.51307372821075e-02,3.58613609709700e-02,4.67649860888422e+02,sinkhorn_cellsim
4.484926e+01,4901,1.50893546448029e-02,3.58622488990269e-02,4.67661465744178e+02,sinkhorn_cellsim
4.503235e+01,4921,1.50276209480847e-02,3.58665212632071e-02,4.67672775291382e+02,sinkhorn_cellsim
4.521545e+01,4941,1.49748270171158e-02,3.58689322487675e-02,4.67683681591350e+02,sinkhorn_cellsim
4.539855e+01,4961,1.49063132206045e-02,3.58701373859719e-02,4.67694508190513e+02,sinkhorn_cellsim
4.558165e+01,4981,1.48269279765314e-02,3.58717357200426e-02,4.67705239696441e+02,sinkhorn_cellsim
4.576475e+01,5001,1.47536159405348e-02,3.58736331322491e-02,4.67715848185024e+02,sinkhorn_cellsim
4.594787e+01,5021,1.46923866865937e-02,3.58754023850740e-02,4.67726344362038e+02,sinkhorn_cellsim
4.613095e+01,5041,1.46300552761197e-02,3.58770308162996e-02,4.67736747930060e+02,sinkhorn_cellsim
4.631405e+01,5061,1.45591406882926e-02,3.58787453979751e-02,4.67747056346170e+02,sinkhorn_cellsim
4.649714e+01,5081,1.44873060655763e-02,3.58807464421236e-02,4.67757243807903e+02,sinkhorn_cellsim
4.668024e+01,5101,1.44067301779613e-02,3.58829187330480e-02,4.67767285365314e+02,sinkhorn_cellsim
4.686333e+01,5121,1.43202040959580e-02,3.58850438914896e-02,4.67777176971926e+02,sinkhorn_cellsim
4.704642e+01,5141,1.42256154082128e-02,3.58870365349554e-02,4.67786926123066e+02,sinkhorn_cellsim
4.722951e+01,5161,1.41259763756323e-02,3.58888632755617e-02,4.67796538379417e+02,sinkhorn_cellsim
4.741262e+01,5181,1.40256697854647e-02,3.58904871931203e-02,4.67806015339681e+02,sinkhorn_cellsim
4.759572e+01,5201,1.39268449806798e-02,3.58918440176999e-02,4.67815360992024e+02,sinkhorn_cellsim
4.777882e+01,5221,1.38325519818684e-02,3.58928924984458e-02,4.67824584355580e+02,sinkhorn_cellsim
4.796191e+01,5241,1.37431300497529e-02,3.58936909870436e-02,4.67833690976782e+02,sinkhorn_cellsim
4.814500e+01,5261,1.36544127957146e-02,3.58943966158469e-02,4.67842683000257e+02,sinkhorn_cellsim
4.832809e+01,5281,1.35670105138938e-02,3.58951719484948e-02,4.67851566408275e+02,sinkhorn_cellsim
4.851118e+01,5301,1.34811796966866e-02,3.58960782805970e-02,4.67860351588050e+02,sinkhorn_cellsim
4.869426e+01,5321,1.33970504648316e-02,3.58970885321066e-02,4.67869049475221e+02,sinkhorn_cellsim
4.887734e+01,5341,1.33151141005037e-02,3.58981559137164e-02,4.67877669078876e+02,sinkhorn_cellsim
4.906043e+01,5361,1.32355085514564e-02,3.58992641615938e-02,4.67886216167650e+02,sinkhorn_cellsim
4.924351e+01,5381,1.31537194894670e-02,3.59004302575741e-02,4.67894692573119e+02,sinkhorn_cellsim
4.942659e+01,5401,1.30736268194326e-02,3.59016475281674e-02,4.67903099251137e+02,sinkhorn_cellsim
4.960968e+01,5421,1.29974410320679e-02,3.59028552209559e-02,4.67911440864159e+02,sinkhorn_cellsim
4.979277e+01,5441,1.29272612731418e-02,3.59039897492324e-02,4.67919725360956e+02,sinkhorn_cellsim
4.997586e+01,5461,1.28647793272493e-02,3.59050275907616e-02,4.67927960990417e+02,sinkhorn_cellsim
5.015895e+01,5481,1.28092967857916e-02,3.59059836366056e-02,4.67936154130695e+02,sinkhorn_cellsim
5.034204e+01,5501,1.27586848621397e-02,3.59068905486362e-02,4.67944308114124e+02,sinkhorn_cellsim
5.052512e+01,5521,1.27146255973733e-02,3.59077740580996e-02,4.67952422700059e+02,sinkhorn_cellsim
5.070820e+01,5541,1.26757561601133e-02,3.59086272491738e-02,4.67960494740372e+02,sinkhorn_cellsim
5.089129e+01,5561,1.26385127775718e-02,3.59094204703468e-02,4.67968520604949e+02,sinkhorn_cellsim
5.107438e+01,5581,1.26014180079500e-02,3.59101938607035e-02,4.67976496029842e+02,sinkhorn_cellsim
5.125746e+01,5601,1.25595594976550e-02,3.59113123131135e-02,4.67984388406011e+02,sinkhorn_cellsim
5.144054e+01,5621,1.25064070447652e-02,3.59132564030406e-02,4.67992094407506e+02,sinkhorn_cellsim
5.162362e+01,5641,1.24349712470394e-02,3.59151054132409e-02,4.67999668935930e+02,sinkhorn_cellsim
5.180670e+01,5661,1.23532901638886e-02,3.59169397221737e-02,4.68007168386393e+02,sinkhorn_cellsim
5.198978e+01,5681,1.22763580322274e-02,3.59188111337960e-02,4.68014594665232e+02,sinkhorn_cellsim
5.217286e+01,5701,1.22028650559767e-02,3.59205907801656e-02,4.68021952638990e+02,sinkhorn_cellsim
5.235594e+01,5721,1.21291238471396e-02,3.59221817989694e-02,4.68029251704495e+02,sinkhorn_cellsim
5.253902e+01,5741,1.20602662802514e-02,3.59235792759862e-02,4.68036500987598e+02,sinkhorn_cellsim
5.272209e+01,5761,1.19944196588187e-02,3.59248252396895e-02,4.68043706732700e+02,sinkhorn_cellsim
5.290517e+01,5781,1.19304302845528e-02,3.59259622503495e-02,4.68050872452628e+02,sinkhorn_cellsim
5.308826e+01,5801,1.18675541905353e-02,3.59270149054708e-02,4.68058001090318e+02,sinkhorn_cellsim
5.327134e+01,5821,1.18092260184215e-02,3.59279950811175e-02,4.68065095968878e+02,sinkhorn_cellsim
5.345442e+01,5841,1.17585851507302e-02,3.59289128543152e-02,4.68072158361922e+02,sinkhorn_cellsim
5.363750e+01,5861,1.17153081558784e-02,3.59297756424419e-02,4.68079186454542e+02,sinkhorn_cellsim
5.382057e+01,5881,1.16750338214601e-02,3.59305878483705e-02,4.68086176693001e+02,sinkhorn_cellsim
5.400365e+01,5901,1.16345579671720e-02,3.59313637058114e-02,4.68093124997989e+02,sinkhorn_cellsim
5.418674e+01,5921,1.15918851375500e-02,3.59323271251586e-02,4.68100025401138e+02,sinkhorn_cellsim
5.436982e+01,5941,1.15466727788283e-02,3.59414792242610e-02,4.68106775795761e+02,sinkhorn_cellsim
5.455290e+01,5961,1.14991042117825e-02,3.59534318073464e-02,4.68113194453839e+02,sinkhorn_cellsim
5.473920e+01,5981,1.14476286389468e-02,3.59561538137174e-02,4.68119511581555e+02,sinkhorn_cellsim
5.492236e+01,6001,1.13877846892929e-02,3.59578766322124e-02,4.68125755455904e+02,sinkhorn_cellsim
5.510544e+01,6021,1.13241027355846e-02,3.59594699103373e-02,4.68131922908887e+02,sinkhorn_cellsim
5.528853e+01,6041,1.12528612057194e-02,3.59609937252638e-02,4.68138009417371e+02,sinkhorn_cellsim
5.547161e+01,6061,1.11823781197523e-02,3.59624214990433e-02,4.68144012764267e+02,sinkhorn_cellsim
5.565468e+01,6081,1.11131124255212e-02,3.59637245825612e-02,4.68149917125992e+02,sinkhorn_cellsim
5.583775e+01,6101,1.10478906375268e-02,3.59651567137405e-02,4.68155693094979e+02,sinkhorn_cellsim
5.602082e+01,6121,1.09846756224143e-02,3.59664740905729e-02,4.68161381810350e+02,sinkhorn_cellsim
5.620391e+01,6141,1.09247873550586e-02,3.59676805247631e-02,4.68166998274965e+02,sinkhorn_cellsim
5.638699e+01,6161,1.08699939279253e-02,3.59688826288360e-02,4.68172543263828e+02,sinkhorn_cellsim
5.657006e+01,6181,1.08222684786981e-02,3.59701402671785e-02,4.68178014850978e+02,sinkhorn_cellsim
5.675311e+01,6201,1.07810700027175e-02,3.59714127466926e-02,4.68183413947310e+02,sinkhorn_cellsim
5.693617e+01,6221,1.07446330111621e-02,3.59726009529498e-02,4.68188750148892e+02,sinkhorn_cellsim
5.711925e+01,6241,1.07095193228543e-02,3.59736657822840e-02,4.68194035527594e+02,sinkhorn_cellsim
5.730230e+01,6261,1.06718474501744e-02,3.59746266591477e-02,4.68199277324773e+02,sinkhorn_cellsim
5.748538e+01,6281,1.06291888093707e-02,3.59755286429500e-02,4.68204478019425e+02,sinkhorn_cellsim
5.766845e+01,6301,1.05843745569528e-02,3.59764155390408e-02,4.68209639888975e+02,sinkhorn_cellsim
5.785151e+01,6321,1.05385697756953e-02,3.59773469117478e-02,4.68214766212233e+02,sinkhorn_cellsim
5.803458e+01,6341,1.04887404661558e-02,3.59784388375253e-02,4.68219857069558e+02,sinkhorn_cellsim
5.821764e+01,6361,1.04446313576666e-02,3.59797620071244e-02,4.68224907965300e+02,sinkhorn_cellsim
5.840069e+01,6381,1.03992508975486e-02,3.59812068067858e-02,4.68229913211028e+02,sinkhorn_cellsim
5.858374e+01,6401,1.03485899120221e-02,3.59825865502654e-02,4.68234869367658e+02,sinkhorn_cellsim
5.876680e+01,6421,1.02973672365630e-02,3.59838400539939e-02,4.68239774866105e+02,sinkhorn_cellsim
5.894986e+01,6441,1.02418731610075e-02,3.59850366331347e-02,4.68244627275749e+02,sinkhorn_cellsim
5.913292e+01,6461,1.01798865599491e-02,3.59862790121884e-02,4.68249421298106e+02,sinkhorn_cellsim
5.931597e+01,6481,1.01055020536750e-02,3.59876415040282e-02,4.68254149177041e+02,sinkhorn_cellsim
5.949902e+01,6501,1.00165235091755e-02,3.59891488314258e-02,4.68258804043067e+02,sinkhorn_cellsim
5.968209e+01,6521,9.91919771757724e-03,3.59907806759861e-02,4.68263384618686e+02,sinkhorn_cellsim
5.986516e+01,6541,9.81813924645601e-03,3.59925353860837e-02,4.68267894602021e+02,sinkhorn_cellsim
6.004823e+01,6561,9.71805034845287e-03,3.59944629542741e-02,4.68272334110855e+02,sinkhorn_cellsim
6.023129e+01,6581,9.61977725902759e-03,3.59965415785159e-02,4.68276695514889e+02,sinkhorn_cellsim
6.041435e+01,6601,9.52615785835940e-03,3.59985940183759e-02,4.68280964289136e+02,sinkhorn_cellsim
6.059740e+01,6621,9.43546709653541e-03,3.60005325363141e-02,4.68285126685721e+02,sinkhorn_cellsim
6.078046e+01,6641,9.35024096092755e-03,3.60023944455655e-02,4.68289192703716e+02,sinkhorn_cellsim
6.096350e+01,6661,9.27016213182087e-03,3.60040766525399e-02,4.68293183181195e+02,sinkhorn_cellsim
6.114656e+01,6681,9.19305976063526e-03,3.60056066152832e-02,4.68297112249334e+02,sinkhorn_cellsim
6.132962e+01,6701,9.11975722912067e-03,3.60070600222573e-02,4.68300986907633e+02,sinkhorn_cellsim
6.151268e+01,6721,9.04437859023848e-03,3.60084989385151e-02,4.68304808451194e+02,sinkhorn_cellsim
6.169573e+01,6741,8.96461048818147e-03,3.60099570351816e-02,4.68308575411852e+02,sinkhorn_cellsim
6.187880e+01,6761,8.88479163931237e-03,3.60114178561045e-02,4.68312289535321e+02,sinkhorn_cellsim
6.206184e+01,6781,8.80971186152180e-03,3.60128459702613e-02,4.68315956099945e+02,sinkhorn_cellsim
6.224489e+01,6801,8.74044094048682e-03,3.60142138551476e-02,4.68319579352675e+02,sinkhorn_cellsim
6.242794e+01,6821,8.67528066299425e-03,3.60155170309007e-02,4.68323161564449e+02,sinkhorn_cellsim
6.261099e+01,6841,8.61238972803449e-03,3.60167881981277e-02,4.68326703480306e+02,sinkhorn_cellsim
6.279404e+01,6861,8.54965225146098e-03,3.60180796248772e-02,4.68330204108925e+02,sinkhorn_cellsim
6.297710e+01,6881,8.48428651125338e-03,3.60194414768470e-02,4.68333659828113e+02,sinkhorn_cellsim
6.316015e+01,6901,8.41396506410090e-03,3.60208991407757e-02,4.68337066439814e+02,sinkhorn_cellsim
6.334320e+01,6921,8.34756870586169e-03,3.60224358357914e-02,4.68340423380146e+02,sinkhorn_cellsim
6.352625e+01,6941,8.28685088537533e-03,3.60240135979349e-02,4.68343733528807e+02,sinkhorn_cellsim
6.370929e+01,6961,8.22971497403181e-03,3.60255911825536e-02,4.68346999682930e+02,sinkhorn_cellsim
6.389234e+01,6981,8.17584961332884e-03,3.60271217899950e-02,4.68350223727671e+02,sinkhorn_cellsim
6.407539e+01,7001,8.12428494622869e-03,3.60285742782161e-02,4.68353407019538e+02,sinkhorn_cellsim
6.425845e+01,7021,8.07135049263470e-03,3.60299529862872e-02,4.68356549859432e+02,sinkhorn_cellsim
6.444150e+01,7041,8.01374047727586e-03,3.60313039938618e-02,4.68359650596498e+02,sinkhorn_cellsim
6.462455e+01,7061,7.95003531406484e-03,3.60327165014129e-02,4.68362705449596e+02,sinkhorn_cellsim
6.480760e+01,7081,7.88374427011133e-03,3.60342693821673e-02,4.68365709969866e+02,sinkhorn_cellsim
6.499064e+01,7101,7.81338063105770e-03,3.60358861164807e-02,4.68368662437852e+02,sinkhorn_cellsim
6.517369e+01,7121,7.74025659874374e-03,3.60373917737972e-02,4.68371565771531e+02,sinkhorn_cellsim
6.535675e+01,7141,7.67060039225132e-03,3.60387559810108e-02,4.68374424857018e+02,sinkhorn_cellsim
6.553980e+01,7161,7.61166058146959e-03,3.60401044224651e-02,4.68377243853565e+02,sinkhorn_cellsim
6.572286e+01,7181,7.54273589882647e-03,3.60417921412002e-02,4.68380018599674e+02,sinkhorn_cellsim
6.590595e+01,7201,7.45220511207585e-03,3.60442570603865e-02,4.68382732722790e+02,sinkhorn_cellsim
6.608908e+01,7221,7.35362117777083e-03,3.60467232867546e-02,4.68385380562822e+02,sinkhorn_cellsim
6.627214e+01,7241,7.28261998474449e-03,3.60484667666122e-02,4.68387977330671e+02,sinkhorn_cellsim
6.645519e+01,7261,7.21500926954591e-03,3.60498514746936e-02,4.68390531233779e+02,sinkhorn_cellsim
6.663824e+01,7281,7.15311658953965e-03,3.60510945841302e-02,4.68393047683335e+02,sinkhorn_cellsim
6.682129e+01,7301,7.09457724415140e-03,3.60522447110528e-02,4.68395531829533e+02,sinkhorn_cellsim
6.700434e+01,7321,7.03706402869436e-03,3.60533269116231e-02,4.68397986810618e+02,sinkhorn_cellsim
6.718739e+01,7341,6.98006734018742e-03,3.60543615707061e-02,4.68400414096507e+02,sinkhorn_cellsim
6.737044e+01,7361,6.92191837615698e-03,3.60553653375458e-02,4.68402813785015e+02,sinkhorn_cellsim
6.755349e+01,7381,6.86191424021490e-03,3.60563542447483e-02,4.68405184387197e+02,sinkhorn_cellsim
6.773654e+01,7401,6.79935420476034e-03,3.60573410969565e-02,4.68407523717671e+02,sinkhorn_cellsim
6.791959e+01,7421,6.73741155707310e-03,3.60583255021675e-02,4.68409832007728e+02,sinkhorn_cellsim
6.810264e+01,7441,6.67825464906864e-03,3.60592980093754e-02,4.68412112679273e+02,sinkhorn_cellsim
6.828570e+01,7461,6.62144726848835e-03,3.60602580631548e-02,4.68414369008253e+02,sinkhorn_cellsim
6.846874e+01,7481,6.56649007456936e-03,3.60612132385929e-02,4.68416602518162e+02,sinkhorn_cellsim
6.865180e+01,7501,6.51130393750620e-03,3.60621707865498e-02,4.68418813505461e+02,sinkhorn_cellsim
6.883486e+01,7521,6.45515785292538e-03,3.60631367223196e-02,4.68421001506224e+02,sinkhorn_cellsim
6.901791e+01,7541,6.39761608675609e-03,3.60641173858271e-02,4.68423165516099e+02,sinkhorn_cellsim
6.920096e+01,7561,6.33900230163198e-03,3.60651169711048e-02,4.68425304667271e+02,sinkhorn_cellsim
6.938401e+01,7581,6.27895090320253e-03,3.60661302848782e-02,4.68427419340180e+02,sinkhorn_cellsim
6.956706e+01,7601,6.21851744191458e-03,3.60671418121141e-02,4.68429511062241e+02,sinkhorn_cellsim
6.975011e+01,7621,6.15925794243750e-03,3.60681358022165e-02,4.68431581177187e+02,sinkhorn_cellsim
6.993316e+01,7641,6.10198445004136e-03,3.60691020984033e-02,4.68433630062117e+02,sinkhorn_cellsim
7.011620e+01,7661,6.04541983550335e-03,3.60700388831902e-02,4.68435656959114e+02,sinkhorn_cellsim
7.029924e+01,7681,5.98756668255518e-03,3.60710475858392e-02,4.68437658007155e+02,sinkhorn_cellsim
7.048229e+01,7701,5.93100335327434e-03,3.60731201103837e-02,4.68439593145358e+02,sinkhorn_cellsim
7.066534e+01,7721,5.87871763521042e-03,3.60750442186845e-02,4.68441438269468e+02,sinkhorn_cellsim
7.084839e+01,7741,5.82969273828839e-03,3.60760122760431e-02,4.68443256674650e+02,sinkhorn_cellsim
7.103145e+01,7761,5.78215066414301e-03,3.60768120202940e-02,4.68445058606943e+02,sinkhorn_cellsim
7.121450e+01,7781,5.73653517134463e-03,3.60775433827385e-02,4.68446846051381e+02,sinkhorn_cellsim
7.139755e+01,7801,5.69241637740885e-03,3.60782242583521e-02,4.68448620239958e+02,sinkhorn_cellsim
7.158060e+01,7821,5.64940718422181e-03,3.60788630276596e-02,4.68450382129414e+02,sinkhorn_cellsim
7.176364e+01,7841,5.60734038583374e-03,3.60794648130335e-02,4.68452132500620e+02,sinkhorn_cellsim
7.194669e+01,7861,5.56615260170142e-03,3.60800327911453e-02,4.68453871934204e+02,sinkhorn_cellsim
7.212974e+01,7881,5.52586813801344e-03,3.60805679431672e-02,4.68455600608842e+02,sinkhorn_cellsim
7.231281e+01,7901,5.48653657540618e-03,3.60810665934192e-02,4.68457317656231e+02,sinkhorn_cellsim
7.249586e+01,7921,5.44830887191454e-03,3.60815150473343e-02,4.68459019599074e+02,sinkhorn_cellsim
7.267892e+01,7941,5.41106159169784e-03,3.60818935505182e-02,4.68460698821634e+02,sinkhorn_cellsim
7.286198e+01,7961,5.37465953676416e-03,3.60822295746100e-02,4.68462348927338e+02,sinkhorn_cellsim
7.304503e+01,7981,5.33928795611055e-03,3.60826160609818e-02,4.68463975173157e+02,sinkhorn_cellsim
7.322808e+01,8001,5.30519867137030e-03,3.60830726742060e-02,4.68465587134690e+02,sinkhorn_cellsim
7.341114e+01,8021,5.27204227479593e-03,3.60835483611952e-02,4.68467189302589e+02,sinkhorn_cellsim
7.359419e+01,8041,5.23944945753909e-03,3.60840100257323e-02,4.68468783047861e+02,sinkhorn_cellsim
7.377725e+01,8061,5.20761724585371e-03,3.60844498743837e-02,4.68470368855293e+02,sinkhorn_cellsim
7.396030e+01,8081,5.17646581737789e-03,3.60848697807084e-02,4.68471946949387e+02,sinkhorn_cellsim
7.414336e+01,8101,5.14603958367570e-03,3.60852734239230e-02,4.68473517455115e+02,sinkhorn_cellsim
7.432642e+01,8121,5.11627609114180e-03,3.60856640104670e-02,4.68475080450395e+02,sinkhorn_cellsim
7.450948e+01,8141,5.08784685779975e-03,3.60860439667261e-02,4.68476635981698e+02,sinkhorn_cellsim
7.469253e+01,8161,5.06086604950199e-03,3.60864151725771e-02,4.68478184062608e+02,sinkhorn_cellsim
7.487557e+01,8181,5.03498794934397e-03,3.60867792864051e-02,4.68479724664520e+02,sinkhorn_cellsim
7.505862e+01,8201,5.01039955763473e-03,3.60871380283521e-02,4.68481257703417e+02,sinkhorn_cellsim
7.524167e+01,8221,4.98644336246341e-03,3.60874934112661e-02,4.68482783019640e+02,sinkhorn_cellsim
7.542471e+01,8241,4.96276955952623e-03,3.60878480046850e-02,4.68484300335429e+02,sinkhorn_cellsim
7.560776e+01,8261,4.93925906825170e-03,3.60882053835236e-02,4.68485809161815e+02,sinkhorn_cellsim
7.579082e+01,8281,4.91572973490435e-03,3.60885706686379e-02,4.68487308654958e+02,sinkhorn_cellsim
7.597387e+01,8301,4.89144724315013e-03,3.60889499743331e-02,4.68488797619063e+02,sinkhorn_cellsim
7.615691e+01,8321,4.86620448017876e-03,3.60893478846280e-02,4.68490275107231e+02,sinkhorn_cellsim
7.633996e+01,8341,4.84011629960134e-03,3.60897697096274e-02,4.68491741250088e+02,sinkhorn_cellsim
7.652301e+01,8361,4.81332263162784e-03,3.60902315947115e-02,4.68493196781559e+02,sinkhorn_cellsim
7.670606e+01,8381,4.78520917645352e-03,3.60907532867446e-02,4.68494641958401e+02,sinkhorn_cellsim
7.688910e+01,8401,4.75600665862187e-03,3.60913195797194e-02,4.68496076878295e+02,sinkhorn_cellsim
7.707215e+01,8421,4.73428829520492e-03,3.60918642195215e-02,4.68497502522884e+02,sinkhorn_cellsim
7.725520e+01,8441,4.71369585512493e-03,3.60923285378579e-02,4.68498920517627e+02,sinkhorn_cellsim
7.743823e+01,8461,4.69336208230581e-03,3.60927072468709e-02,4.68500332040478e+02,sinkhorn_cellsim
7.762129e+01,8481,4.67304044791226e-03,3.60930252436698e-02,4.68501737450010e+02,sinkhorn_cellsim
7.780435e+01,8501,4.65216566049356e-03,3.60933082860175e-02,4.68503136338398e+02,sinkhorn_cellsim
7.798740e+01,8521,4.62972193026308e-03,3.60935777551621e-02,4.68504527346389e+02,sinkhorn_cellsim
7.817044e+01,8541,4.60357686647961e-03,3.60938583460003e-02,4.68505907739868e+02,sinkhorn_cellsim
7.835348e+01,8561,4.57201909481958e-03,3.60941809200804e-02,4.68507273475192e+02,sinkhorn_cellsim
7.853653e+01,8581,4.54055507969559e-03,3.60945570670439e-02,4.68508621442460e+02,sinkhorn_cellsim
7.871958e+01,8601,4.51030817329332e-03,3.60949459795965e-02,4.68509953229374e+02,sinkhorn_cellsim
7.890265e+01,8621,4.48075524944138e-03,3.60952912853068e-02,4.68511274140837e+02,sinkhorn_cellsim
7.908572e+01,8641,4.45383361831055e-03,3.60955789345217e-02,4.68512588343530e+02,sinkhorn_cellsim
7.926879e+01,8661,4.42987805871298e-03,3.60958263682983e-02,4.68513897586510e+02,sinkhorn_cellsim
7.945186e+01,8681,4.40764204469467e-03,3.60960530981468e-02,4.68515202391312e+02,sinkhorn_cellsim
7.963492e+01,8701,4.38639279365092e-03,3.60962715529291e-02,4.68516502851432e+02,sinkhorn_cellsim
7.981799e+01,8721,4.36560895588218e-03,3.60964879667065e-02,4.68517798902640e+02,sinkhorn_cellsim
8.000105e+01,8741,4.34503676677045e-03,3.60967044003803e-02,4.68519090385640e+02,sinkhorn_cellsim
8.018412e+01,8761,4.32437834028150e-03,3.60969211872951e-02,4.68520376951304e+02,sinkhorn_cellsim
8.036719e+01,8781,4.30289696252397e-03,3.60971410904085e-02,4.68521657713069e+02,sinkhorn_cellsim
8.055026e+01,8801,4.27926753983653e-03,3.60973748264109e-02,4.68522930621270e+02,sinkhorn_cellsim
8.073332e+01,8821,4.25200746585525e-03,3.60976431506906e-02,4.68524192086197e+02,sinkhorn_cellsim
8.091640e+01,8841,4.22373100519309e-03,3.60979636312036e-02,4.68525438251410e+02,sinkhorn_cellsim
8.109947e+01,8861,4.19401422303055e-03,3.60983215212384e-02,4.68526667898227e+02,sinkhorn_cellsim
8.128254e+01,8881,4.16634985967133e-03,3.60986694982646e-02,4.68527883634636e+02,sinkhorn_cellsim
8.146563e+01,8901,4.14188943842251e-03,3.60989800528049e-02,4.68529089139205e+02,sinkhorn_cellsim
8.164873e+01,8921,4.11914429723437e-03,3.60992657472698e-02,4.68530286328688e+02,sinkhorn_cellsim
8.183184e+01,8941,4.09854894676299e-03,3.60995493686946e-02,4.68531475551659e+02,sinkhorn_cellsim
8.201491e+01,8961,4.08073400225700e-03,3.60998448628263e-02,4.68532656554405e+02,sinkhorn_cellsim
8.219799e+01,8981,4.06360125400727e-03,3.61001565944822e-02,4.68533828953723e+02,sinkhorn_cellsim
8.238106e+01,9001,4.04662118964749e-03,3.61004834689274e-02,4.68534992398343e+02,sinkhorn_cellsim
8.256414e+01,9021,4.02899740078656e-03,3.61008226255513e-02,4.68536146613697e+02,sinkhorn_cellsim
8.274722e+01,9041,4.01070400745752e-03,3.61011717218872e-02,4.68537291399168e+02,sinkhorn_cellsim
8.293031e+01,9061,3.99176540240973e-03,3.61015297854002e-02,4.68538426609221e+02,sinkhorn_cellsim
8.311338e+01,9081,3.97158540509154e-03,3.61018969249201e-02,4.68539552138401e+02,sinkhorn_cellsim
8.329646e+01,9101,3.95016797278065e-03,3.61022733480765e-02,4.68540667918477e+02,sinkhorn_cellsim
8.347954e+01,9121,3.92768351607969e-03,3.61026582627569e-02,4.68541773914873e+02,sinkhorn_cellsim
8.366262e+01,9141,3.90387611819369e-03,3.61030492899119e-02,4.68542870078773e+02,sinkhorn_cellsim
8.384568e+01,9161,3.87860391945645e-03,3.61034426816668e-02,4.68543956188896e+02,sinkhorn_cellsim
8.402875e+01,9181,3.85155990299081e-03,3.61038341352465e-02,4.68545031571151e+02,sinkhorn_cellsim
8.421183e+01,9201,3.82341626746712e-03,3.61042207537739e-02,4.68546095035109e+02,sinkhorn_cellsim
8.439489e+01,9221,3.79893966464947e-03,3.61046064773348e-02,4.68547145869631e+02,sinkhorn_cellsim
8.457796e+01,9241,3.77456534125990e-03,3.61050051743852e-02,4.68548185132912e+02,sinkhorn_cellsim
8.476103e+01,9261,3.75205055711683e-03,3.61054285895537e-02,4.68549214596975e+02,sinkhorn_cellsim
8.494410e+01,9281,3.72967742377678e-03,3.61058795188805e-02,4.68550235088547e+02,sinkhorn_cellsim
8.512717e+01,9301,3.70611168087937e-03,3.61063619244872e-02,4.68551246302069e+02,sinkhorn_cellsim
8.531025e+01,9321,3.68082469656080e-03,3.61068846937575e-02,4.68552247037266e+02,sinkhorn_cellsim
8.549333e+01,9341,3.65460131822539e-03,3.61074452995147e-02,4.68553235982371e+02,sinkhorn_cellsim
8.567640e+01,9361,3.62870084295777e-03,3.61080131060123e-02,4.68554213304889e+02,sinkhorn_cellsim
8.585946e+01,9381,3.60395134638807e-03,3.61085559545252e-02,4.68555180681430e+02,sinkhorn_cellsim
8.604254e+01,9401,3.57991804427152e-03,3.61090653574008e-02,4.68556139656392e+02,sinkhorn_cellsim
8.622561e+01,9421,3.55668435221256e-03,3.61095452180490e-02,4.68557091077645e+02,sinkhorn_cellsim
8.640868e+01,9441,3.53423537228330e-03,3.61100006431542e-02,4.68558035399503e+02,sinkhorn_cellsim
8.659177e+01,9461,3.51325778182230e-03,3.61104357712025e-02,4.68558972925402e+02,sinkhorn_cellsim
8.677485e+01,9481,3.49313773811130e-03,3.61108540300622e-02,4.68559903896405e+02,sinkhorn_cellsim
8.695793e+01,9501,3.47353466861756e-03,3.61112584731187e-02,4.68560828510644e+02,sinkhorn_cellsim
8.714100e+01,9521,3.45459736549382e-03,3.61116526070169e-02,4.68561746881461e+02,sinkhorn_cellsim
8.732407e+01,9541,3.43609049066960e-03,3.61120528301703e-02,4.68562658361702e+02,sinkhorn_cellsim
8.750714e+01,9561,3.41781283217769e-03,3.61126829485687e-02,4.68563550967764e+02,sinkhorn_cellsim
8.769022e+01,9581,3.39959748377977e-03,3.61141349282709e-02,4.68564372213883e+02,sinkhorn_cellsim
8.787330e+01,9601,3.38139208140776e-03,3.61150116712740e-02,4.68565148574385e+02,sinkhorn_cellsim
8.805638e+01,9621,3.36319790917022e-03,3.61155274486864e-02,4.68565910931049e+02,sinkhorn_cellsim
8.823946e+01,9641,3.34511556714795e-03,3.61159817879635e-02,4.68566662817769e+02,sinkhorn_cellsim
8.842253e+01,9661,3.32719079473080e-03,3.61164038831575e-02,4.68567406337197e+02,sinkhorn_cellsim
8.860561e+01,9681,3.30934751873645e-03,3.61168036628612e-02,4.68568142992045e+02,sinkhorn_cellsim
8.878869e+01,9701,3.29159349877921e-03,3.61171929092273e-02,4.68568873582351e+02,sinkhorn_cellsim
8.897176e+01,9721,3.27393325132667e-03,3.61175803353633e-02,4.68569598472327e+02,sinkhorn_cellsim
8.915483e+01,9741,3.25640925174872e-03,3.61179708920238e-02,4.68570317824367e+02,sinkhorn_cellsim
8.933792e+01,9761,3.23929898309038e-03,3.61183670823798e-02,4.68571031714925e+02,sinkhorn_cellsim
8.952100e+01,9781,3.22249700457395e-03,3.61187699035369e-02,4.68571740186403e+02,sinkhorn_cellsim
8.970407e+01,9801,3.20592296232812e-03,3.61191792765446e-02,4.68572443273426e+02,sinkhorn_cellsim
8.988715e+01,9821,3.18953996720696e-03,3.61195942844900e-02,4.68573141018194e+02,sinkhorn_cellsim
9.007024e+01,9841,3.17349967459564e-03,3.61200134165940e-02,4.68573833479006e+02,sinkhorn_cellsim
9.025334e+01,9861,3.15801348743103e-03,3.61204348562137e-02,4.68574520733150e+02,sinkhorn_cellsim
9.043642e+01,9881,3.14299177776699e-03,3.61208567567443e-02,4.68575202875561e+02,sinkhorn_cellsim
9.061950e+01,9901,3.12837644094362e-03,3.61212774371037e-02,4.68575880015182e+02,sinkhorn_cellsim
9.080257e+01,9921,3.11385080149099e-03,3.61216954709785e-02,4.68576552270721e+02,sinkhorn_cellsim
9.098564e+01,9941,3.09946737368421e-03,3.61221096922413e-02,4.68577219766747e+02,sinkhorn_cellsim
9.116872e+01,9961,3.08500452918008e-03,3.61225191605591e-02,4.68577882630283e+02,sinkhorn_cellsim
9.135179e+01,9981,3.07046695537489e-03,3.61229231251009e-02,4.68578540987750e+02,sinkhorn_cellsim
9.153486e+01,10001,3.05587082910676e-03,3.61233210055557e-02,4.68579194962025e+02,sinkhorn_cellsim
9.171794e+01,10021,3.04121281246427e-03,3.61237123920648e-02,4.68579844669566e+02,sinkhorn_cellsim
9.190102e+01,10041,3.02651157935554e-03,3.61240970549650e-02,4.68580490217623e+02,sinkhorn_cellsim
9.208409e+01,10061,3.01178901845967e-03,3.61244749512731e-02,4.68581131701761e+02,sinkhorn_cellsim
9.226717e+01,10081,2.99703802830005e-03,3.61248462150200e-02,4.68581769204012e+02,sinkhorn_cellsim
9.245025e+01,10101,2.98226391112111e-03,3.61252111210582e-02,4.68582402792219e+02,sinkhorn_cellsim
9.263333e+01,10121,2.96747692987328e-03,3.61255700174273e-02,4.68583032521163e+02,sinkhorn_cellsim
9.281639e+01,10141,2.95267185603750e-03,3.61259232324506e-02,4.68583658435947e+02,sinkhorn_cellsim
9.299948e+01,10161,2.93786388084253e-03,3.61262709801098e-02,4.68584280577426e+02,sinkhorn_cellsim
9.318255e+01,10181,2.92304895957257e-03,3.61266133030510e-02,4.68584898988433e+02,sinkhorn_cellsim
9.336562e+01,10201,2.90822304584161e-03,3.61269500895453e-02,4.68585513718630e+02,sinkhorn_cellsim
9.354869e+01,10221,2.89338559310589e-03,3.61272811672302e-02,4.68586124826035e+02,sinkhorn_cellsim
9.373176e+01,10241,2.87853408334420e-03,3.61276064288775e-02,4.68586732374775e+02,sinkhorn_cellsim
9.391485e+01,10261,2.86369788758583e-03,3.61279259229731e-02,4.68587336430622e+02,sinkhorn_cellsim
9.409793e+01,10281,2.84886763677818e-03,3.61282398664529e-02,4.68587937056733e+02,sinkhorn_cellsim
9.428100e+01,10301,2.83404543882361e-03,3.61285485876111e-02,4.68588534311413e+02,sinkhorn_cellsim
9.446408e+01,10321,2.81920459580131e-03,3.61288524449793e-02,4.68589128248031e+02,sinkhorn_cellsim
9.464715e+01,10341,2.80430670204130e-03,3.61291517721172e-02,4.68589718915871e+02,sinkhorn_cellsim
9.483024e+01,10361,2.78939744750466e-03,3.61294468733667e-02,4.68590306360350e+02,sinkhorn_cellsim
9.501331e+01,10381,2.77451927114498e-03,3.61297380607631e-02,4.68590890621736e+02,sinkhorn_cellsim
9.519637e+01,10401,2.75964271881945e-03,3.61300256999198e-02,4.68591471732731e+02,sinkhorn_cellsim
9.537945e+01,10421,2.74472559893905e-03,3.61303102349606e-02,4.68592049716012e+02,sinkhorn_cellsim
9.556251e+01,10441,2.72976054977389e-03,3.61305921817876e-02,4.68592624582752e+02,sinkhorn_cellsim
9.574560e+01,10461,2.71474479457783e-03,3.61308720967993e-02,4.68593196332639e+02,sinkhorn_cellsim
9.592867e+01,10481,2.69970835851712e-03,3.61311505341635e-02,4.68593764955440e+02,sinkhorn_cellsim
9.611174e+01,10501,2.68462059739192e-03,3.61314280025119e-02,4.68594330433957e+02,sinkhorn_cellsim
9.629482e+01,10521,2.66947976009193e-03,3.61317049298699e-02,4.68594892748105e+02,sinkhorn_cellsim
9.647789e+01,10541,2.65433102310801e-03,3.61319816467483e-02,4.68595451879501e+02,sinkhorn_cellsim
9.666097e+01,10561,2.63909923444032e-03,3.61322583966220e-02,4.68596007815523e+02,sinkhorn_cellsim
9.684404e+01,10581,2.62381099916057e-03,3.61325353738271e-02,4.68596560551578e+02,sinkhorn_cellsim
9.702711e+01,10601,2.60849766731406e-03,3.61328127750785e-02,4.68597110090578e+02,sinkhorn_cellsim
9.721018e+01,10621,2.59309885268221e-03,3.61330908526392e-02,4.68597656438930e+02,sinkhorn_cellsim
9.739324e+01,10641,2.57758007029510e-03,3.61333700022557e-02,4.68598199597018e+02,sinkhorn_cellsim
9.757630e+01,10661,2.56192070755707e-03,3.61336510291683e-02,4.68598739536792e+02,sinkhorn_cellsim
9.775937e+01,10681,2.54609340113517e-03,3.61339359267539e-02,4.68599276146324e+02,sinkhorn_cellsim
9.794243e+01,10701,2.52996215141013e-03,3.61342297370037e-02,4.68599809098579e+02,sinkhorn_cellsim
9.812550e+01,10721,2.51297142239573e-03,3.61345437643864e-02,4.68600337586167e+02,sinkhorn_cellsim
9.830856e+01,10741,2.49657731962331e-03,3.61348966603397e-02,4.68600859982585e+02,sinkhorn_cellsim
9.849164e+01,10761,2.47960824781226e-03,3.61352996214709e-02,4.68601374045818e+02,sinkhorn_cellsim
9.867471e+01,10781,2.46150941255344e-03,3.61357246884200e-02,4.68601878580611e+02,sinkhorn_cellsim
9.885778e+01,10801,2.44235312942204e-03,3.61361182728806e-02,4.68602374892513e+02,sinkhorn_cellsim
9.904086e+01,10821,2.42268087801233e-03,3.61364587788456e-02,4.68602865345760e+02,sinkhorn_cellsim
9.922394e+01,10841,2.40422319286531e-03,3.61367597777380e-02,4.68603351505943e+02,sinkhorn_cellsim
9.940701e+01,10861,2.38603577898670e-03,3.61370415150726e-02,4.68603833924117e+02,sinkhorn_cellsim
9.959008e+01,10881,2.36699644802252e-03,3.61373207680226e-02,4.68604312339767e+02,sinkhorn_cellsim
9.977315e+01,10901,2.34615289645233e-03,3.61376140539889e-02,4.68604785576406e+02,sinkhorn_cellsim
9.995624e+01,10921,2.32443144888020e-03,3.61379387156036e-02,4.68605251528396e+02,sinkhorn_cellsim
1.001393e+02,10941,2.30160163210332e-03,3.61383012175311e-02,4.68605708236213e+02,sinkhorn_cellsim
1.003224e+02,10961,2.27781414312387e-03,3.61386844995149e-02,4.68606155662427e+02,sinkhorn_cellsim
1.005055e+02,10981,2.25475543225143e-03,3.61390592582609e-02,4.68606595784017e+02,sinkhorn_cellsim
1.006885e+02,11001,2.23262534205760e-03,3.61394053680622e-02,4.68607030947858e+02,sinkhorn_cellsim
1.008716e+02,11021,2.21151609442192e-03,3.61397199170460e-02,4.68607462662874e+02,sinkhorn_cellsim
1.010547e+02,11041,2.19128775636844e-03,3.61400106700863e-02,4.68607891584463e+02,sinkhorn_cellsim
1.012378e+02,11061,2.17161780623337e-03,3.61402886001312e-02,4.68608317816938e+02,sinkhorn_cellsim
1.014208e+02,11081,2.15182051921228e-03,3.61405667879726e-02,4.68608740964091e+02,sinkhorn_cellsim
1.016039e+02,11101,2.13068461892649e-03,3.61408640187113e-02,4.68609159863734e+02,sinkhorn_cellsim
1.017870e+02,11121,2.10785314462705e-03,3.61412059360623e-02,4.68609572271742e+02,sinkhorn_cellsim
1.019701e+02,11141,2.08653728682840e-03,3.61416066313507e-02,4.68609975591242e+02,sinkhorn_cellsim
1.021531e+02,11161,2.06673645173755e-03,3.61420348483035e-02,4.68610369402582e+02,sinkhorn_cellsim
1.023362e+02,11181,2.04749529647929e-03,3.61424335414354e-02,4.68610756285691e+02,sinkhorn_cellsim
1.025193e+02,11201,2.02997135400127e-03,3.61427779949968e-02,4.68611139029520e+02,sinkhorn_cellsim
1.027024e+02,11221,2.01434090641638e-03,3.61430779733781e-02,4.68611519021448e+02,sinkhorn_cellsim
1.028854e+02,11241,1.99967049713908e-03,3.61433516926020e-02,4.68611896691238e+02,sinkhorn_cellsim
1.030685e+02,11261,1.98527788804906e-03,3.61436149274603e-02,4.68612272014654e+02,sinkhorn_cellsim
1.032516e+02,11281,1.97105054538581e-03,3.61438820023154e-02,4.68612644615329e+02,sinkhorn_cellsim
1.034347e+02,11301,1.95688926228599e-03,3.61441685870698e-02,4.68613013667538e+02,sinkhorn_cellsim
1.036178e+02,11321,1.94275427592485e-03,3.61444868718346e-02,4.68613377981999e+02,sinkhorn_cellsim
1.038008e+02,11341,1.92859840778141e-03,3.61448277999716e-02,4.68613736821269e+02,sinkhorn_cellsim
1.039839e+02,11361,1.91437968564096e-03,3.61451594128581e-02,4.68614090820417e+02,sinkhorn_cellsim
1.041670e+02,11381,1.90008239867996e-03,3.61454612442641e-02,4.68614441333131e+02,sinkhorn_cellsim
1.043501e+02,11401,1.88575101198477e-03,3.61457367114170e-02,4.68614789287812e+02,sinkhorn_cellsim
1.045332e+02,11421,1.87143999275085e-03,3.61459956411300e-02,4.68615135092453e+02,sinkhorn_cellsim
1.047162e+02,11441,1.85716559540265e-03,3.61462443687012e-02,4.68615478933851e+02,sinkhorn_cellsim
1.048993e+02,11461,1.84300074606418e-03,3.61464857749785e-02,4.68615820932446e+02,sinkhorn_cellsim
1.050824e+02,11481,1.82898455825357e-03,3.61467211792295e-02,4.68616161180500e+02,sinkhorn_cellsim
1.052655e+02,11501,1.81515079714095e-03,3.61469515046662e-02,4.68616499746144e+02,sinkhorn_cellsim
1.054485e+02,11521,1.80147450672012e-03,3.61471776858354e-02,4.68616836674573e+02,sinkhorn_cellsim
1.056316e+02,11541,1.78796954803818e-03,3.61474006547798e-02,4.68617171992822e+02,sinkhorn_cellsim
1.058147e+02,11561,1.77466608463472e-03,3.61476211502944e-02,4.68617505717871e+02,sinkhorn_cellsim
1.059978e+02,11581,1.76161267049159e-03,3.61478394968039e-02,4.68617837866697e+02,sinkhorn_cellsim
1.061809e+02,11601,1.74882353697351e-03,3.61480554614057e-02,4.68618168466237e+02,sinkhorn_cellsim
1.063640e+02,11621,1.73632025525963e-03,3.61482682780822e-02,4.68618497560356e+02,sinkhorn_cellsim
1.065471e+02,11641,1.72418228642464e-03,3.61484768662060e-02,4.68618825211124e+02,sinkhorn_cellsim
1.067302e+02,11661,1.71238779806489e-03,3.61486801633355e-02,4.68619151493916e+02,sinkhorn_cellsim
1.069132e+02,11681,1.70088543117910e-03,3.61488774192261e-02,4.68619476488895e+02,sinkhorn_cellsim
1.070963e+02,11701,1.68959115514602e-03,3.61490683316268e-02,4.68619800272797e+02,sinkhorn_cellsim
1.072794e+02,11721,1.67847824801000e-03,3.61492530122828e-02,4.68620122913745e+02,sinkhorn_cellsim
1.074625e+02,11741,1.66754675498094e-03,3.61494318558619e-02,4.68620444469521e+02,sinkhorn_cellsim
1.076456e+02,11761,1.65679667245440e-03,3.61496053958371e-02,4.68620764988232e+02,sinkhorn_cellsim
1.078286e+02,11781,1.64622864241794e-03,3.61497741957138e-02,4.68621084510005e+02,sinkhorn_cellsim
1.080117e+02,11801,1.63583830358196e-03,3.61499387858768e-02,4.68621403068805e+02,sinkhorn_cellsim
1.081948e+02,11821,1.62561247639962e-03,3.61500996361822e-02,4.68621720693960e+02,sinkhorn_cellsim
1.083779e+02,11841,1.61556615310725e-03,3.61502571501426e-02,4.68622037411294e+02,sinkhorn_cellsim
1.085609e+02,11861,1.60571500208675e-03,3.61504116695755e-02,4.68622353243932e+02,sinkhorn_cellsim
1.087440e+02,11881,1.59606220933914e-03,3.61505634829632e-02,4.68622668212867e+02,sinkhorn_cellsim
1.089271e+02,11901,1.58658336756566e-03,3.61507128341262e-02,4.68622982337344e+02,sinkhorn_cellsim
1.091101e+02,11921,1.57727126877293e-03,3.61508599298150e-02,4.68623295635157e+02,sinkhorn_cellsim
1.092932e+02,11941,1.56811578075591e-03,3.61510049458553e-02,4.68623608122856e+02,sinkhorn_cellsim
1.094763e+02,11961,1.55912254684888e-03,3.61511480319345e-02,4.68623919815923e+02,sinkhorn_cellsim
1.096594e+02,11981,1.55028872269304e-03,3.61512893152678e-02,4.68624230728915e+02,sinkhorn_cellsim
1.098424e+02,12001,1.54163736392126e-03,3.61514289034151e-02,4.68624540875583e+02,sinkhorn_cellsim
1.100255e+02,12021,1.53316101012709e-03,3.61515668864920e-02,4.68624850268982e+02,sinkhorn_cellsim
1.102086e+02,12041,1.52482009301713e-03,3.61517033389723e-02,4.68625158921569e+02,sinkhorn_cellsim
1.103916e+02,12061,1.51661200021211e-03,3.61518383212407e-02,4.68625466845284e+02,sinkhorn_cellsim
1.105747e+02,12081,1.50851716187282e-03,3.61519718810121e-02,4.68625774051635e+02,sinkhorn_cellsim
1.107578e+02,12101,1.50052849702659e-03,3.61521040547216e-02,4.68626080551761e+02,sinkhorn_cellsim
1.109409e+02,12121,1.49264258514653e-03,3.61522348690742e-02,4.68626386356481e+02,sinkhorn_cellsim
1.111239e+02,12141,1.48485607019250e-03,3.61523643436828e-02,4.68626691476275e+02,sinkhorn_cellsim
1.113070e+02,12161,1.47716565429946e-03,3.61524925007151e-02,4.68626995920851e+02,sinkhorn_cellsim
1.114901e+02,12181,1.46961396545538e-03,3.61526194201782e-02,4.68627299696088e+02,sinkhorn_cellsim
1.116732e+02,12201,1.46215203214998e-03,3.61527455934258e-02,4.68627602783818e+02,sinkhorn_cellsim
1.118562e+02,12221,1.45476796339135e-03,3.61528742188593e-02,4.68627905009934e+02,sinkhorn_cellsim
1.120393e+02,12241,1.44744609887782e-03,3.61530258039064e-02,4.68628205201116e+02,sinkhorn_cellsim
1.122224e+02,12261,1.43998971959834e-03,3.61533177576794e-02,4.68628496444768e+02,sinkhorn_cellsim
1.124054e+02,12281,1.43157154413326e-03,3.61541187974424e-02,4.68628753748883e+02,sinkhorn_cellsim
1.125885e+02,12301,1.42199768633639e-03,3.61553019532288e-02,4.68628963198022e+02,sinkhorn_cellsim
1.127716e+02,12321,1.41185353019465e-03,3.61560781301036e-02,4.68629154815562e+02,sinkhorn_cellsim
1.129547e+02,12341,1.40192433481272e-03,3.61564842692504e-02,4.68629342142311e+02,sinkhorn_cellsim
1.131377e+02,12361,1.39220816824581e-03,3.61567425524005e-02,4.68629527160257e+02,sinkhorn_cellsim
1.133208e+02,12381,1.38271900055472e-03,3.61569456955829e-02,4.68629710458763e+02,sinkhorn_cellsim
1.135039e+02,12401,1.37330636963409e-03,3.61571238859877e-02,4.68629892380790e+02,sinkhorn_cellsim
1.136869e+02,12421,1.36403028124229e-03,3.61572878585621e-02,4.68630073151040e+02,sinkhorn_cellsim
1.138700e+02,12441,1.35490664082389e-03,3.61574423843606e-02,4.68630252920360e+02,sinkhorn_cellsim
1.140531e+02,12461,1.34588580166898e-03,3.61575900997674e-02,4.68630431791801e+02,sinkhorn_cellsim
1.142362e+02,12481,1.33697902741859e-03,3.61577326783580e-02,4.68630609837074e+02,sinkhorn_cellsim
1.144192e+02,12501,1.32818963189948e-03,3.61578712648408e-02,4.68630787107048e+02,sinkhorn_cellsim
1.146023e+02,12521,1.31951334572653e-03,3.61580066783797e-02,4.68630963638441e+02,sinkhorn_cellsim
1.147854e+02,12541,1.31094437488399e-03,3.61581395266200e-02,4.68631139458106e+02,sinkhorn_cellsim
1.149684e+02,12561,1.30247942398269e-03,3.61582702757374e-02,4.68631314585804e+02,sinkhorn_cellsim
1.151515e+02,12581,1.29411611218542e-03,3.61583992945871e-02,4.68631489036037e+02,sinkhorn_cellsim
1.153346e+02,12601,1.28581960798971e-03,3.61585268819663e-02,4.68631662819315e+02,sinkhorn_cellsim
1.155177e+02,12621,1.27758253450507e-03,3.61586532822868e-02,4.68631835943113e+02,sinkhorn_cellsim
1.157007e+02,12641,1.26939172160112e-03,3.61587786931722e-02,4.68632008412664e+02,sinkhorn_cellsim
1.158838e+02,12661,1.26124633616517e-03,3.61589032676225e-02,4.68632180231701e+02,sinkhorn_cellsim
1.160669e+02,12681,1.25314457734086e-03,3.61590271130081e-02,4.68632351403194e+02,sinkhorn_cellsim
1.162499e+02,12701,1.24510156123492e-03,3.61591502889818e-02,4.68632521930098e+02,sinkhorn_cellsim
1.164330e+02,12721,1.23709016155355e-03,3.61592728062327e-02,4.68632691816075e+02,sinkhorn_cellsim
1.166161e+02,12741,1.22909799878670e-03,3.61593946276335e-02,4.68632861066170e+02,sinkhorn_cellsim
1.167992e+02,12761,1.22113524879051e-03,3.61595156726981e-02,4.68633029687346e+02,sinkhorn_cellsim
1.169822e+02,12781,1.21321720223109e-03,3.61596358254313e-02,4.68633197688848e+02,sinkhorn_cellsim
1.171653e+02,12801,1.20536070440936e-03,3.61597549448063e-02,4.68633365082354e+02,sinkhorn_cellsim
1.173484e+02,12821,1.19764605644846e-03,3.61598728765107e-02,4.68633531881907e+02,sinkhorn_cellsim
1.175314e+02,12841,1.19001962185759e-03,3.61599894643995e-02,4.68633698103651e+02,sinkhorn_cellsim
1.177145e+02,12861,1.18248175664744e-03,3.61601045603230e-02,4.68633863765437e+02,sinkhorn_cellsim
1.178996e+02,12881,1.17502299100225e-03,3.61602180314898e-02,4.68634028886339e+02,sinkhorn_cellsim
1.180828e+02,12901,1.16771144010457e-03,3.61603297650995e-02,4.68634193486168e+02,sinkhorn_cellsim
1.182658e+02,12921,1.16051883155988e-03,3.61604396704570e-02,4.68634357585004e+02,sinkhorn_cellsim
1.184489e+02,12941,1.15342241023695e-03,3.61605476790636e-02,4.68634521202800e+02,sinkhorn_cellsim
1.186320e+02,12961,1.14645738700406e-03,3.61606537432876e-02,4.68634684359065e+02,sinkhorn_cellsim
1.188150e+02,12981,1.13963387488197e-03,3.61607578341793e-02,4.68634847072631e+02,sinkhorn_cellsim
1.189981e+02,13001,1.13291816080963e-03,3.61608599388893e-02,4.68635009361499e+02,sinkhorn_cellsim
1.191812e+02,13021,1.12630714106415e-03,3.61609600580171e-02,4.68635171242743e+02,sinkhorn_cellsim
1.193642e+02,13041,1.11980946655584e-03,3.61610582031029e-02,4.68635332732479e+02,sinkhorn_cellsim
1.195473e+02,13061,1.11341125043424e-03,3.61611543943744e-02,4.68635493845857e+02,sinkhorn_cellsim
1.197304e+02,13081,1.10710618086814e-03,3.61612486588020e-02,4.68635654597095e+02,sinkhorn_cellsim
1.199134e+02,13101,1.10089441938671e-03,3.61613410284634e-02,4.68635814999518e+02,sinkhorn_cellsim
1.200965e+02,13121,1.09477701298472e-03,3.61614315392041e-02,4.68635975065615e+02,sinkhorn_cellsim
1.202796e+02,13141,1.08875458733744e-03,3.61615202295565e-02,4.68636134807098e+02,sinkhorn_cellsim
1.204626e+02,13161,1.08282819560684e-03,3.61616071398870e-02,4.68636294234957e+02,sinkhorn_cellsim
1.206457e+02,13181,1.07701279481238e-03,3.61616923117318e-02,4.68636453359521e+02,sinkhorn_cellsim
1.208288e+02,13201,1.07131806915885e-03,3.61617757872927e-02,4.68636612190507e+02,sinkhorn_cellsim
1.210118e+02,13221,1.06573980894957e-03,3.61618576090633e-02,4.68636770737073e+02,sinkhorn_cellsim
1.211949e+02,13241,1.06026435785925e-03,3.61619378195667e-02,4.68636929007853e+02,sinkhorn_cellsim
1.213780e+02,13261,1.05488362283357e-03,3.61620164611876e-02,4.68637087011000e+02,sinkhorn_cellsim
1.215610e+02,13281,1.04964264102580e-03,3.61620935760915e-02,4.68637244754213e+02,sinkhorn_cellsim
1.217441e+02,13301,1.04454490330006e-03,3.61621692062278e-02,4.68637402244758e+02,sinkhorn_cellsim
1.219271e+02,13321,1.03953445434860e-03,3.61622433934342e-02,4.68637559489484e+02,sinkhorn_cellsim
1.221102e+02,13341,1.03463009017110e-03,3.61623161796676e-02,4.68637716494817e+02,sinkhorn_cellsim
1.222933e+02,13361,1.02982646866725e-03,3.61623876074356e-02,4.68637873266741e+02,sinkhorn_cellsim
1.224763e+02,13381,1.02510178217471e-03,3.61624577205791e-02,4.68638029810734e+02,sinkhorn_cellsim
1.226594e+02,13401,1.02045353409875e-03,3.61625265657380e-02,4.68638186131624e+02,sinkhorn_cellsim
1.228425e+02,13421,1.01588220690442e-03,3.61625941952476e-02,4.68638342233270e+02,sinkhorn_cellsim
1.230255e+02,13441,1.01139064534823e-03,3.61626606731929e-02,4.68638498117841e+02,sinkhorn_cellsim
1.232086e+02,13461,1.00697029786999e-03,3.61627260886499e-02,4.68638653784178e+02,sinkhorn_cellsim
1.233917e+02,13481,1.00262873029386e-03,3.61627905856176e-02,4.68638809223981e+02,sinkhorn_cellsim
1.235747e+02,13501,9.98363366718252e-04,3.61628544319722e-02,4.68638964412851e+02,sinkhorn_cellsim
1.237578e+02,13521,9.94175444041217e-04,3.61629181789571e-02,4.68639119289231e+02,sinkhorn_cellsim
1.239408e+02,13541,9.90059705176670e-04,3.61629830235251e-02,4.68639273705424e+02,sinkhorn_cellsim
1.241239e+02,13561,9.86008445018548e-04,3.61630515807406e-02,4.68639427317942e+02,sinkhorn_cellsim
1.243069e+02,13581,9.82015583409280e-04,3.61631292480819e-02,4.68639579366213e+02,sinkhorn_cellsim
1.244900e+02,13601,9.78085360078226e-04,3.61632253198207e-02,4.68639728339507e+02,sinkhorn_cellsim
1.246731e+02,13621,9.74211017421896e-04,3.61633491415804e-02,4.68639871883681e+02,sinkhorn_cellsim
1.248561e+02,13641,9.70393985579037e-04,3.61634955502190e-02,4.68640007874105e+02,sinkhorn_cellsim
1.250392e+02,13661,9.66638463648176e-04,3.61636381091303e-02,4.68640136362780e+02,sinkhorn_cellsim
1.252222e+02,13681,9.62927594758832e-04,3.61637554403900e-02,4.68640259452869e+02,sinkhorn_cellsim
1.254053e+02,13701,9.59284229163901e-04,3.61638486503676e-02,4.68640379251622e+02,sinkhorn_cellsim
1.255884e+02,13721,9.55744542169320e-04,3.61639277062554e-02,4.68640496990113e+02,sinkhorn_cellsim
1.257714e+02,13741,9.52240166205983e-04,3.61639999493360e-02,4.68640613283423e+02,sinkhorn_cellsim
1.259545e+02,13761,9.48779203057126e-04,3.61640688644934e-02,4.68640728464031e+02,sinkhorn_cellsim
1.261376e+02,13781,9.45356596741157e-04,3.61641356321742e-02,4.68640842749033e+02,sinkhorn_cellsim
1.263206e+02,13801,9.41972957335439e-04,3.61642003793416e-02,4.68640956304942e+02,sinkhorn_cellsim
1.265037e+02,13821,9.38631965330144e-04,3.61642629035399e-02,4.68641069267750e+02,sinkhorn_cellsim
1.266867e+02,13841,9.35326276694091e-04,3.61643230398450e-02,4.68641181747129e+02,sinkhorn_cellsim
1.268698e+02,13861,9.32056205947115e-04,3.61643807903969e-02,4.68641293827832e+02,sinkhorn_cellsim
1.270529e+02,13881,9.28821772989309e-04,3.61644363144368e-02,4.68641405572669e+02,sinkhorn_cellsim
1.272360e+02,13901,9.25627748106560e-04,3.61644898633796e-02,4.68641517026981e+02,sinkhorn_cellsim
1.274190e+02,13921,9.22484071184520e-04,3.61645417155052e-02,4.68641628223313e+02,sinkhorn_cellsim
1.276021e+02,13941,9.19379255853803e-04,3.61645921322706e-02,4.68641739185322e+02,sinkhorn_cellsim
1.277851e+02,13961,9.16310002577634e-04,3.61646413373355e-02,4.68641849930638e+02,sinkhorn_cellsim
1.279682e+02,13981,9.13282968415112e-04,3.61646895114083e-02,4.68641960472802e+02,sinkhorn_cellsim
1.281513e+02,14001,9.10299327699545e-04,3.61647367955942e-02,4.68642070822523e+02,sinkhorn_cellsim
1.283343e+02,14021,9.07365716724759e-04,3.61647832981037e-02,4.68642180988483e+02,sinkhorn_cellsim
1.285174e+02,14041,9.04480274102051e-04,3.61648291014546e-02,4.68642290977862e+02,sinkhorn_cellsim
1.287005e+02,14061,9.01626792535730e-04,3.61648742688662e-02,4.68642400796684e+02,sinkhorn_cellsim
1.288835e+02,14081,8.98809416374408e-04,3.61649188494309e-02,4.68642510450051e+02,sinkhorn_cellsim
1.290666e+02,14101,8.96027702465967e-04,3.61649628820849e-02,4.68642619942311e+02,sinkhorn_cellsim
1.292497e+02,14121,8.93291252059306e-04,3.61650063985588e-02,4.68642729277177e+02,sinkhorn_cellsim
1.294327e+02,14141,8.90595194509098e-04,3.61650494255300e-02,4.68642838457806e+02,sinkhorn_cellsim
1.296158e+02,14161,8.87941827601359e-04,3.61650919861811e-02,4.68642947486859e+02,sinkhorn_cellsim
1.297989e+02,14181,8.85321069054367e-04,3.61651341013286e-02,4.68643056366534e+02,sinkhorn_cellsim
1.299820e+02,14201,8.82737951161598e-04,3.61651757902562e-02,4.68643165098586e+02,sinkhorn_cellsim
1.301651e+02,14221,8.80179105918821e-04,3.61652170713497e-02,4.68643273684321e+02,sinkhorn_cellsim
1.303482e+02,14241,8.77641477707756e-04,3.61652579626099e-02,4.68643382124584e+02,sinkhorn_cellsim
1.305313e+02,14261,8.75123925518781e-04,3.61652984820958e-02,4.68643490419724e+02,sinkhorn_cellsim
1.307143e+02,14281,8.72611906611152e-04,3.61653386483451e-02,4.68643598569545e+02,sinkhorn_cellsim
1.308974e+02,14301,8.70102140426410e-04,3.61653784808019e-02,4.68643706573237e+02,sinkhorn_cellsim
1.310805e+02,14321,8.67593223256908e-04,3.61654180002797e-02,4.68643814429293e+02,sinkhorn_cellsim
1.312635e+02,14341,8.65083563696039e-04,3.61654572294821e-02,4.68643922135412e+02,sinkhorn_cellsim
1.314466e+02,14361,8.62579335422348e-04,3.61654961936005e-02,4.68644029688374e+02,sinkhorn_cellsim
1.316297e+02,14381,8.60076609090899e-04,3.61655349210055e-02,4.68644137083916e+02,sinkhorn_cellsim
1.318127e+02,14401,8.57589282696543e-04,3.61655734440521e-02,4.68644244316595e+02,sinkhorn_cellsim
1.319958e+02,14421,8.55092794854447e-04,3.61656118000106e-02,4.68644351379643e+02,sinkhorn_cellsim
1.321789e+02,14441,8.52572099095792e-04,3.61656500321496e-02,4.68644458264848e+02,sinkhorn_cellsim
1.323619e+02,14461,8.50224121798071e-04,3.61656881909953e-02,4.68644564962456e+02,sinkhorn_cellsim
1.325450e+02,14481,8.47902869975074e-04,3.61657263358147e-02,4.68644671461118e+02,sinkhorn_cellsim
1.327281e+02,14501,8.45590261417891e-04,3.61657645364066e-02,4.68644777747920e+02,sinkhorn_cellsim
1.329112e+02,14521,8.43290101923757e-04,3.61658028753440e-02,4.68644883808487e+02,sinkhorn_cellsim
1.330942e+02,14541,8.40962797756144e-04,3.61658414509188e-02,4.68644989627202e+02,sinkhorn_cellsim
1.332773e+02,14561,8.38604459352193e-04,3.61658803812040e-02,4.68645095187494e+02,sinkhorn_cellsim
1.334604e+02,14581,8.36204035835517e-04,3.61659198098694e-02,4.68645200472190e+02,sinkhorn_cellsim
1.336434e+02,14601,8.33775794092977e-04,3.61659599146685e-02,4.68645305463807e+02,sinkhorn_cellsim
1.338265e+02,14621,8.31301023899941e-04,3.61660009197863e-02,4.68645410144695e+02,sinkhorn_cellsim
1.340096e+02,14641,8.28773711638164e-04,3.61660431133578e-02,4.68645514496860e+02,sinkhorn_cellsim
1.341926e+02,14661,8.26181294499292e-04,3.61660868711160e-02,4.68645618501319e+02,sinkhorn_cellsim
1.343757e+02,14681,8.23511820894705e-04,3.61661326857246e-02,4.68645722136918e+02,sinkhorn_cellsim
1.345588e+02,14701,8.20754076800744e-04,3.61661811978730e-02,4.68645825378644e+02,sinkhorn_cellsim
1.347418e+02,14721,8.17952236865258e-04,3.61662332183541e-02,4.68645928195734e+02,sinkhorn_cellsim
1.349249e+02,14741,8.15087265288022e-04,3.61662897191605e-02,4.68646030550248e+02,sinkhorn_cellsim
1.351080e+02,14761,8.12113534137879e-04,3.61663517579693e-02,4.68646132397232e+02,sinkhorn_cellsim
1.352910e+02,14781,8.09031920342824e-04,3.61664202935477e-02,4.68646233687953e+02,sinkhorn_cellsim
1.354741e+02,14801,8.05885070811380e-04,3.61664958703625e-02,4.68646334377390e+02,sinkhorn_cellsim
1.356572e+02,14821,8.02713188633610e-04,3.61665782226674e-02,4.68646434435532e+02,sinkhorn_cellsim
1.358402e+02,14841,7.99461316151732e-04,3.61666659615614e-02,4.68646533859047e+02,sinkhorn_cellsim
1.360233e+02,14861,7.96157097262038e-04,3.61667565757139e-02,4.68646632677398e+02,sinkhorn_cellsim
1.362064e+02,14881,7.92850530147361e-04,3.61668468736829e-02,4.68646730948782e+02,sinkhorn_cellsim
1.363894e+02,14901,7.89619031598790e-04,3.61669337288858e-02,4.68646828746974e+02,sinkhorn_cellsim
1.365725e+02,14921,7.86479508051556e-04,3.61670147761174e-02,4.68646926145699e+02,sinkhorn_cellsim
1.367556e+02,14941,7.83441182528808e-04,3.61670887590856e-02,4.68647023207466e+02,sinkhorn_cellsim
1.369386e+02,14961,7.80537040292519e-04,3.61671554759316e-02,4.68647119979410e+02,sinkhorn_cellsim
1.371217e+02,14981,7.77747359716677e-04,3.61672154767285e-02,4.68647216494435e+02,sinkhorn_cellsim
1.373048e+02,15001,7.75039172230261e-04,3.61672697084790e-02,4.68647312774622e+02,sinkhorn_cellsim
1.374878e+02,15021,7.72398832542521e-04,3.61673192311710e-02,4.68647408834746e+02,sinkhorn_cellsim
1.376709e+02,15041,7.69813772513305e-04,3.61673650416601e-02,4.68647504684985e+02,sinkhorn_cellsim
1.378540e+02,15061,7.67274090991940e-04,3.61674079902676e-02,4.68647600332728e+02,sinkhorn_cellsim
1.380371e+02,15081,7.64813135566620e-04,3.61674487587062e-02,4.68647695783676e+02,sinkhorn_cellsim
1.382201e+02,15101,7.62389406611616e-04,3.61674878710482e-02,4.68647791042499e+02,sinkhorn_cellsim
1.384032e+02,15121,7.59991205781396e-04,3.61675257184483e-02,4.68647886113200e+02,sinkhorn_cellsim
1.385863e+02,15141,7.57615758463886e-04,3.61675625866545e-02,4.68647980999345e+02,sinkhorn_cellsim
1.387694e+02,15161,7.55261199887953e-04,3.61675986810709e-02,4.68648075704188e+02,sinkhorn_cellsim
1.389524e+02,15181,7.52926313292596e-04,3.61676341474825e-02,4.68648170230760e+02,sinkhorn_cellsim
1.391355e+02,15201,7.50610331978862e-04,3.61676690882666e-02,4.68648264581930e+02,sinkhorn_cellsim
1.393186e+02,15221,7.48312793750261e-04,3.61677035746228e-02,4.68648358760443e+02,sinkhorn_cellsim
1.395016e+02,15241,7.46033436061077e-04,3.61677376555915e-02,4.68648452768958e+02,sinkhorn_cellsim
1.396847e+02,15261,7.43772121760844e-04,3.61677713645937e-02,4.68648546610074e+02,sinkhorn_cellsim
1.398677e+02,15281,7.41528787284907e-04,3.61678047241229e-02,4.68648640286346e+02,sinkhorn_cellsim
1.400508e+02,15301,7.39303407107026e-04,3.61678377490839e-02,4.68648733800308e+02,sinkhorn_cellsim
1.402339e+02,15321,7.37095969837624e-04,3.61678704491606e-02,4.68648827154480e+02,sinkhorn_cellsim
1.404169e+02,15341,7.34906462547279e-04,3.61679028304844e-02,4.68648920351380e+02,sinkhorn_cellsim
1.406000e+02,15361,7.32735235227945e-04,3.61679348968136e-02,4.68649013393532e+02,sinkhorn_cellsim
1.407831e+02,15381,7.30585927504873e-04,3.61679666503630e-02,4.68649106283462e+02,sinkhorn_cellsim
1.409661e+02,15401,7.28456770422026e-04,3.61679980923908e-02,4.68649199023706e+02,sinkhorn_cellsim
1.411492e+02,15421,7.26347275372208e-04,3.61680292236116e-02,4.68649291616805e+02,sinkhorn_cellsim
1.413323e+02,15441,7.24271117023864e-04,3.61680600444901e-02,4.68649384065302e+02,sinkhorn_cellsim
1.415153e+02,15461,7.22249342560531e-04,3.61680905554493e-02,4.68649476371738e+02,sinkhorn_cellsim
1.416984e+02,15481,7.20245087262279e-04,3.61681207570170e-02,4.68649568538649e+02,sinkhorn_cellsim
1.418814e+02,15501,7.18257286803485e-04,3.61681506499312e-02,4.68649660568556e+02,sinkhorn_cellsim
1.420645e+02,15521,7.16289973672912e-04,3.61681802352127e-02,4.68649752463962e+02,sinkhorn_cellsim
1.422476e+02,15541,7.14352672995359e-04,3.61682095142176e-02,4.68649844227343e+02,sinkhorn_cellsim
1.424306e+02,15561,7.12462203490074e-04,3.61682384886716e-02,4.68649935861145e+02,sinkhorn_cellsim
1.426137e+02,15581,7.10605977766319e-04,3.61682671606931e-02,4.68650027367774e+02,sinkhorn_cellsim
1.427967e+02,15601,7.08764294317517e-04,3.61682955328091e-02,4.68650118749594e+02,sinkhorn_cellsim
1.429798e+02,15621,7.06936768097923e-04,3.61683236079618e-02,4.68650210008916e+02,sinkhorn_cellsim
1.431629e+02,15641,7.05123190153700e-04,3.61683513895120e-02,4.68650301148003e+02,sinkhorn_cellsim
1.433459e+02,15661,7.03323339069105e-04,3.61683788812389e-02,4.68650392169055e+02,sinkhorn_cellsim
1.435290e+02,15681,7.01536981871416e-04,3.61684060873362e-02,4.68650483074211e+02,sinkhorn_cellsim
1.437121e+02,15701,6.99765527601615e-04,3.61684330124062e-02,4.68650573865547e+02,sinkhorn_cellsim
1.438951e+02,15721,6.98011987327568e-04,3.61684596614529e-02,4.68650664545067e+02,sinkhorn_cellsim
1.440782e+02,15741,6.96274470615920e-04,3.61684860398729e-02,4.68650755114708e+02,sinkhorn_cellsim
1.442612e+02,15761,6.94549256368517e-04,3.61685121534449e-02,4.68650845576333e+02,sinkhorn_cellsim
1.444443e+02,15781,6.92836321780925e-04,3.61685380083194e-02,4.68650935931732e+02,sinkhorn_cellsim
1.446274e+02,15801,6.91136963444001e-04,3.61685636110056e-02,4.68651026182620e+02,sinkhorn_cellsim
1.448104e+02,15821,6.89459038204317e-04,3.61685889683593e-02,4.68651116330634e+02,sinkhorn_cellsim
1.449935e+02,15841,6.87793091287802e-04,3.61686140875671e-02,4.68651206377337e+02,sinkhorn_cellsim
1.451766e+02,15861,6.86137566887999e-04,3.61686389761325e-02,4.68651296324213e+02,sinkhorn_cellsim
1.453596e+02,15881,6.84492124971983e-04,3.61686636418580e-02,4.68651386172673e+02,sinkhorn_cellsim
1.455427e+02,15901,6.82856539203332e-04,3.61686880928274e-02,4.68651475924045e+02,sinkhorn_cellsim
1.457258e+02,15921,6.81231083804642e-04,3.61687123373855e-02,4.68651565579586e+02,sinkhorn_cellsim
1.459088e+02,15941,6.79614568324711e-04,3.61687363841169e-02,4.68651655140473e+02,sinkhorn_cellsim
1.460919e+02,15961,6.78006621130350e-04,3.61687602418209e-02,4.68651744607810e+02,sinkhorn_cellsim
1.462750e+02,15981,6.76408595988693e-04,3.61687839194868e-02,4.68651833982625e+02,sinkhorn_cellsim
1.464580e+02,16001,6.74825188835174e-04,3.61688074262644e-02,4.68651923265875e+02,sinkhorn_cellsim
1.466411e+02,16021,6.73253697064006e-04,3.61688307714319e-02,4.68652012458442e+02,sinkhorn_cellsim
1.468241e+02,16041,6.71691393505681e-04,3.61688539643633e-02,4.68652101561141e+02,sinkhorn_cellsim
1.470072e+02,16061,6.70136616081006e-04,3.61688770144896e-02,4.68652190574717e+02,sinkhorn_cellsim
1.471903e+02,16081,6.68589202512391e-04,3.61688999312598e-02,4.68652279499849e+02,sinkhorn_cellsim
1.473733e+02,16101,6.67047872557522e-04,3.61689227240971e-02,4.68652368337154e+02,sinkhorn_cellsim
1.475564e+02,16121,6.65512079233109e-04,3.61689454023535e-02,4.68652457087186e+02,sinkhorn_cellsim
1.477395e+02,16141,6.63982727438225e-04,3.61689679752620e-02,4.68652545750443e+02,sinkhorn_cellsim
1.479225e+02,16161,6.62457985498505e-04,3.61689904518857e-02,4.68652634327371e+02,sinkhorn_cellsim
1.481056e+02,16181,6.60939724618906e-04,3.61690128410668e-02,4.68652722818361e+02,sinkhorn_cellsim
1.482886e+02,16201,6.59425388407798e-04,3.61690351513748e-02,4.68652811223763e+02,sinkhorn_cellsim
1.484717e+02,16221,6.57915308571162e-04,3.61690573910537e-02,4.68652899543881e+02,sinkhorn_cellsim
1.486548e+02,16241,6.56412986968048e-04,3.61690795679722e-02,4.68652987778984e+02,sinkhorn_cellsim
1.488378e+02,16261,6.54923986693571e-04,3.61691016895742e-02,4.68653075929306e+02,sinkhorn_cellsim
1.490209e+02,16281,6.53437037165185e-04,3.61691237628350e-02,4.68653163995055e+02,sinkhorn_cellsim
1.492040e+02,16301,6.51952770234583e-04,3.61691457942200e-02,4.68653251976416e+02,sinkhorn_cellsim
1.493870e+02,16321,6.50476977480728e-04,3.61691677896502e-02,4.68653339873552e+02,sinkhorn_cellsim
1.495701e+02,16341,6.49003089814994e-04,3.61691897544741e-02,4.68653427686615e+02,sinkhorn_cellsim
1.497531e+02,16361,6.47532476492390e-04,3.61692116934472e-02,4.68653515415746e+02,sinkhorn_cellsim
1.499362e+02,16381,6.46071754834444e-04,3.61692336107197e-02,4.68653603061082e+02,sinkhorn_cellsim
1.501193e+02,16401,6.44611368867824e-04,3.61692555098332e-02,4.68653690622756e+02,sinkhorn_cellsim
1.503023e+02,16421,6.43152791023341e-04,3.61692773937250e-02,4.68653778100904e+02,sinkhorn_cellsim
1.504854e+02,16441,6.41698451647011e-04,3.61692992647424e-02,4.68653865495667e+02,sinkhorn_cellsim
1.506684e+02,16461,6.40246757289853e-04,3.61693211246643e-02,4.68653952807194e+02,sinkhorn_cellsim
1.508515e+02,16481,6.38798553806437e-04,3.61693429747292e-02,4.68654040035642e+02,sinkhorn_cellsim
1.510346e+02,16501,6.37352326086155e-04,3.61693648156720e-02,4.68654127181181e+02,sinkhorn_cellsim
1.512176e+02,16521,6.35906350737422e-04,3.61693866477644e-02,4.68654214243992e+02,sinkhorn_cellsim
1.514007e+02,16541,6.34460227962001e-04,3.61694084708584e-02,4.68654301224272e+02,sinkhorn_cellsim
1.515837e+02,16561,6.33020910618411e-04,3.61694302844347e-02,4.68654388122229e+02,sinkhorn_cellsim
1.517668e+02,16581,6.31597475479983e-04,3.61694520876517e-02,4.68654474938087e+02,sinkhorn_cellsim
1.519499e+02,16601,6.30173530996126e-04,3.61694738793931e-02,4.68654561672083e+02,sinkhorn_cellsim
1.521329e+02,16621,6.28753643355054e-04,3.61694956583175e-02,4.68654648324468e+02,sinkhorn_cellsim
1.523160e+02,16641,6.27343227154459e-04,3.61695174229024e-02,4.68654734895507e+02,sinkhorn_cellsim
1.524991e+02,16661,6.25933437439793e-04,3.61695391714903e-02,4.68654821385476e+02,sinkhorn_cellsim
1.526821e+02,16681,6.24536728021872e-04,3.61695609023271e-02,4.68654907794660e+02,sinkhorn_cellsim
1.528652e+02,16701,6.23172458876722e-04,3.61695826135986e-02,4.68654994123358e+02,sinkhorn_cellsim
1.530482e+02,16721,6.21842395189232e-04,3.61696043034650e-02,4.68655080371876e+02,sinkhorn_cellsim
1.532313e+02,16741,6.20545959592712e-04,3.61696259700884e-02,4.68655166540529e+02,sinkhorn_cellsim
1.534144e+02,16761,6.19266632016154e-04,3.61696476116581e-02,4.68655252629636e+02,sinkhorn_cellsim
1.535974e+02,16781,6.17994299323516e-04,3.61696692264122e-02,4.68655338639526e+02,sinkhorn_cellsim
1.537805e+02,16801,6.16730089472321e-04,3.61696908126547e-02,4.68655424570530e+02,sinkhorn_cellsim
1.539635e+02,16821,6.15463382030443e-04,3.61697123687718e-02,4.68655510422984e+02,sinkhorn_cellsim
1.541466e+02,16841,6.14194401120969e-04,3.61697338932410e-02,4.68655596197226e+02,sinkhorn_cellsim
1.543297e+02,16861,6.12926291364384e-04,3.61697553846423e-02,4.68655681893597e+02,sinkhorn_cellsim
1.545128e+02,16881,6.11655467164751e-04,3.61697768416643e-02,4.68655767512439e+02,sinkhorn_cellsim
1.546958e+02,16901,6.10382600356283e-04,3.61697982631082e-02,4.68655853054093e+02,sinkhorn_cellsim
1.548789e+02,16921,6.09106464592416e-04,3.61698196478919e-02,4.68655938518902e+02,sinkhorn_cellsim
1.550620e+02,16941,6.07830096355378e-04,3.61698409950504e-02,4.68656023907207e+02,sinkhorn_cellsim
1.552450e+02,16961,6.06555359062066e-04,3.61698623037365e-02,4.68656109219350e+02,sinkhorn_cellsim
1.554281e+02,16981,6.05289501982899e-04,3.61698835732199e-02,4.68656194455668e+02,sinkhorn_cellsim
1.556111e+02,17001,6.04024324516701e-04,3.61699048028842e-02,4.68656279616498e+02,sinkhorn_cellsim
1.557942e+02,17021,6.02757848943846e-04,3.61699259922248e-02,4.68656364702176e+02,sinkhorn_cellsim
1.559773e+02,17041,6.01487779185741e-04,3.61699471408448e-02,4.68656449713034e+02,sinkhorn_cellsim
1.561603e+02,17061,6.00214038655071e-04,3.61699682484507e-02,4.68656534649401e+02,sinkhorn_cellsim
1.563434e+02,17081,5.98936716608492e-04,3.61699893148468e-02,4.68656619511605e+02,sinkhorn_cellsim
1.565264e+02,17101,5.97657055165775e-04,3.61700103399294e-02,4.68656704299971e+02,sinkhorn_cellsim
1.567095e+02,17121,5.96376626511482e-04,3.61700313236808e-02,4.68656789014821e+02,sinkhorn_cellsim
1.568926e+02,17141,5.95094141183668e-04,3.61700522661620e-02,4.68656873656476e+02,sinkhorn_cellsim
1.570756e+02,17161,5.93809559390959e-04,3.61700731675048e-02,4.68656958225254e+02,sinkhorn_cellsim
1.572587e+02,17181,5.92521651594224e-04,3.61700940279043e-02,4.68657042721471e+02,sinkhorn_cellsim
1.574418e+02,17201,5.91231631669356e-04,3.61701148476092e-02,4.68657127145444e+02,sinkhorn_cellsim
1.576248e+02,17221,5.89938984018676e-04,3.61701356269138e-02,4.68657211497486e+02,sinkhorn_cellsim
1.578079e+02,17241,5.88643094546036e-04,3.61701563661468e-02,4.68657295777912e+02,sinkhorn_cellsim
1.579910e+02,17261,5.87344032995466e-04,3.61701770656622e-02,4.68657379987037e+02,sinkhorn_cellsim
1.581740e+02,17281,5.86041870778721e-04,3.61701977258284e-02,4.68657464125175e+02,sinkhorn_cellsim
1.583571e+02,17301,5.84736681839909e-04,3.61702183470163e-02,4.68657548192644e+02,sinkhorn_cellsim
1.585402e+02,17321,5.83428543604469e-04,3.61702389295891e-02,4.68657632189762e+02,sinkhorn_cellsim
1.587232e+02,17341,5.82117537949770e-04,3.61702594738896e-02,4.68657716116853e+02,sinkhorn_cellsim
1.589063e+02,17361,5.80804027152241e-04,3.61702799802292e-02,4.68657799974242e+02,sinkhorn_cellsim
1.590893e+02,17381,5.79490752747081e-04,3.61703004488748e-02,4.68657883762261e+02,sinkhorn_cellsim
1.592724e+02,17401,5.78175253696375e-04,3.61703208800379e-02,4.68657967481245e+02,sinkhorn_cellsim
1.594555e+02,17421,5.76857132073790e-04,3.61703412738628e-02,4.68658051131538e+02,sinkhorn_cellsim
1.596385e+02,17441,5.75536944038890e-04,3.61703616304149e-02,4.68658134713491e+02,sinkhorn_cellsim
1.598216e+02,17461,5.74214778172595e-04,3.61703819496703e-02,4.68658218227461e+02,sinkhorn_cellsim
1.600047e+02,17481,5.72892301038809e-04,3.61704022315061e-02,4.68658301673817e+02,sinkhorn_cellsim
1.601877e+02,17501,5.71568426052823e-04,3.61704224756914e-02,4.68658385052936e+02,sinkhorn_cellsim
1.603708e+02,17521,5.70242326711366e-04,3.61704426818813e-02,4.68658468365206e+02,sinkhorn_cellsim
1.605538e+02,17541,5.68914189984226e-04,3.61704628496125e-02,4.68658551611025e+02,sinkhorn_cellsim
1.607369e+02,17561,5.67584217161759e-04,3.61704829783009e-02,4.68658634790804e+02,sinkhorn_cellsim
1.609200e+02,17581,5.66252624215697e-04,3.61705030672457e-02,4.68658717904965e+02,sinkhorn_cellsim
1.611030e+02,17601,5.64919642016764e-04,3.61705231156378e-02,4.68658800953940e+02,sinkhorn_cellsim
1.612861e+02,17621,5.63585516400324e-04,3.61705431225769e-02,4.68658883938173e+02,sinkhorn_cellsim
1.614691e+02,17641,5.62250508051403e-04,3.61705630870992e-02,4.68658966858116e+02,sinkhorn_cellsim
1.616522e+02,17661,5.60914892238355e-04,3.61705830082201e-02,4.68659049714230e+02,sinkhorn_cellsim
1.618353e+02,17681,5.59578958349283e-04,3.61706028849997e-02,4.68659132506978e+02,sinkhorn_cellsim
1.620183e+02,17701,5.58243009274423e-04,3.61706227166389e-02,4.68659215236824e+02,sinkhorn_cellsim
1.622014e+02,17721,5.56907360593746e-04,3.61706425026164e-02,4.68659297904222e+02,sinkhorn_cellsim
1.623844e+02,17741,5.55572339611081e-04,3.61706622428910e-02,4.68659380509608e+02,sinkhorn_cellsim
1.625675e+02,17761,5.54238284216590e-04,3.61706819381901e-02,4.68659463053383e+02,sinkhorn_cellsim
1.627506e+02,17781,5.52906402754035e-04,3.61707015904259e-02,4.68659545535892e+02,sinkhorn_cellsim
1.629337e+02,17801,5.51578431443585e-04,3.61707212032915e-02,4.68659627957391e+02,sinkhorn_cellsim
1.631168e+02,17821,5.50252813514094e-04,3.61707407831176e-02,4.68659710318002e+02,sinkhorn_cellsim
1.632998e+02,17841,5.48929609736439e-04,3.61707603400965e-02,4.68659792617646e+02,sinkhorn_cellsim
1.634829e+02,17861,5.47609187531122e-04,3.61707798900326e-02,4.68659874855951e+02,sinkhorn_cellsim
1.636659e+02,17881,5.46291915145652e-04,3.61707994568323e-02,4.68659957032113e+02,sinkhorn_cellsim
1.638490e+02,17901,5.44978159572915e-04,3.61708190760285e-02,4.68660039144711e+02,sinkhorn_cellsim
1.640321e+02,17921,5.43668284323737e-04,3.61708387997251e-02,4.68660121191433e+02,sinkhorn_cellsim
1.642151e+02,17941,5.42362647038857e-04,3.61708587034484e-02,4.68660203168695e+02,sinkhorn_cellsim
1.643982e+02,17961,5.41061596862527e-04,3.61708788954533e-02,4.68660285071124e+02,sinkhorn_cellsim
1.645813e+02,17981,5.39765471515795e-04,3.61708995289846e-02,4.68660366890843e+02,sinkhorn_cellsim
1.647643e+02,18001,5.38474603312107e-04,3.61709208176562e-02,4.68660448616548e+02,sinkhorn_cellsim
1.649474e+02,18021,5.37190726525234e-04,3.61709430531649e-02,4.68660530232349e+02,sinkhorn_cellsim
1.651305e+02,18041,5.35913404439640e-04,3.61709666224863e-02,4.68660611716445e+02,sinkhorn_cellsim
1.653136e+02,18061,5.34644043127135e-04,3.61709920178863e-02,4.68660693039852e+02,sinkhorn_cellsim
1.654966e+02,18081,5.33381920805946e-04,3.61710198272443e-02,4.68660774165624e+02,sinkhorn_cellsim
1.656797e+02,18101,5.32126419745093e-04,3.61710506857316e-02,4.68660855049380e+02,sinkhorn_cellsim
1.658628e+02,18121,5.30877664882556e-04,3.61710851681278e-02,4.68660935642192e+02,sinkhorn_cellsim
1.660458e+02,18141,5.29635729889197e-04,3.61711236145237e-02,4.68661015896709e+02,sinkhorn_cellsim
1.662289e+02,18161,5.28400637515196e-04,3.61711659208611e-02,4.68661095776298e+02,sinkhorn_cellsim
1.664120e+02,18181,5.27172367099519e-04,3.61712113809491e-02,4.68661175264848e+02,sinkhorn_cellsim
1.665950e+02,18201,5.25950870871598e-04,3.61712586932837e-02,4.68661254373021e+02,sinkhorn_cellsim
1.667781e+02,18221,5.24736152302291e-04,3.61713061886600e-02,4.68661333137200e+02,sinkhorn_cellsim
1.669612e+02,18241,5.23529032399397e-04,3.61713522046822e-02,4.68661411610971e+02,sinkhorn_cellsim
1.671442e+02,18261,5.22329102975849e-04,3.61713954366933e-02,4.68661489853131e+02,sinkhorn_cellsim
1.673273e+02,18281,5.21137163666189e-04,3.61714351222293e-02,4.68661567917442e+02,sinkhorn_cellsim
1.675104e+02,18301,5.19956579941524e-04,3.61714710321122e-02,4.68661645847051e+02,sinkhorn_cellsim
1.676934e+02,18321,5.18784951551894e-04,3.61715033374463e-02,4.68661723673419e+02,sinkhorn_cellsim
1.678765e+02,18341,5.17623052744622e-04,3.61715324429409e-02,4.68661801417966e+02,sinkhorn_cellsim
1.680596e+02,18361,5.16472449227269e-04,3.61715588462958e-02,4.68661879094629e+02,sinkhorn_cellsim
1.682426e+02,18381,5.15335398909197e-04,3.61715830444908e-02,4.68661956712257e+02,sinkhorn_cellsim
1.684257e+02,18401,5.14210815375714e-04,3.61716054833149e-02,4.68662034276445e+02,sinkhorn_cellsim
1.686088e+02,18421,5.13096120282525e-04,3.61716265375398e-02,4.68662111790787e+02,sinkhorn_cellsim
1.687918e+02,18441,5.11989804841942e-04,3.61716465092454e-02,4.68662189257666e+02,sinkhorn_cellsim
1.689749e+02,18461,5.10891888729350e-04,3.61716656351351e-02,4.68662266678743e+02,sinkhorn_cellsim
1.691580e+02,18481,5.09807327087438e-04,3.61716840971693e-02,4.68662344055235e+02,sinkhorn_cellsim
1.693410e+02,18501,5.08732592168578e-04,3.61717020334524e-02,4.68662421388086e+02,sinkhorn_cellsim
1.695241e+02,18521,5.07667213423972e-04,3.61717195479650e-02,4.68662498678058e+02,sinkhorn_cellsim
1.697072e+02,18541,5.06613386386128e-04,3.61717367186651e-02,4.68662575925785e+02,sinkhorn_cellsim
1.698902e+02,18561,5.05568755835293e-04,3.61717536039446e-02,4.68662653131810e+02,sinkhorn_cellsim
1.700733e+02,18581,5.04536717017342e-04,3.61717702476391e-02,4.68662730296599e+02,sinkhorn_cellsim
1.702564e+02,18601,5.03517333404488e-04,3.61717866828398e-02,4.68662807420559e+02,sinkhorn_cellsim
1.704394e+02,18621,5.02505525806393e-04,3.61718029347586e-02,4.68662884504039e+02,sinkhorn_cellsim
1.706225e+02,18641,5.01502531821535e-04,3.61718190228609e-02,4.68662961547340e+02,sinkhorn_cellsim
1.708056e+02,18661,5.00509865478163e-04,3.61718349624441e-02,4.68663038550718e+02,sinkhorn_cellsim
1.709886e+02,18681,4.99524570857532e-04,3.61718507657975e-02,4.68663115514386e+02,sinkhorn_cellsim
1.711717e+02,18701,4.98545856310836e-04,3.61718664430529e-02,4.68663192438515e+02,sinkhorn_cellsim
1.713548e+02,18721,4.97573947311249e-04,3.61718820028050e-02,4.68663269323238e+02,sinkhorn_cellsim
1.715378e+02,18741,4.96610962942482e-04,3.61718974525619e-02,4.68663346168651e+02,sinkhorn_cellsim
1.717209e+02,18761,4.95654761819160e-04,3.61719127990715e-02,4.68663422974813e+02,sinkhorn_cellsim
1.719040e+02,18781,4.94705331711183e-04,3.61719280485564e-02,4.68663499741748e+02,sinkhorn_cellsim
1.720870e+02,18801,4.93766321468033e-04,3.61719432068805e-02,4.68663576469448e+02,sinkhorn_cellsim
1.722701e+02,18821,4.92833718157075e-04,3.61719582796680e-02,4.68663653157870e+02,sinkhorn_cellsim
1.724532e+02,18841,4.91908092120140e-04,3.61719732723842e-02,4.68663729806941e+02,sinkhorn_cellsim
1.726362e+02,18861,4.90992481865742e-04,3.61719881903917e-02,4.68663806416558e+02,sinkhorn_cellsim
1.728193e+02,18881,4.90090573877933e-04,3.61720030389858e-02,4.68663882986588e+02,sinkhorn_cellsim
1.730023e+02,18901,4.89200366545786e-04,3.61720178234164e-02,4.68663959516870e+02,sinkhorn_cellsim
1.731854e+02,18921,4.88320898812314e-04,3.61720325488993e-02,4.68664036007219e+02,sinkhorn_cellsim
1.733685e+02,18941,4.87446274339894e-04,3.61720472206195e-02,4.68664112457422e+02,sinkhorn_cellsim
1.735515e+02,18961,4.86578060334483e-04,3.61720618437307e-02,4.68664188867244e+02,sinkhorn_cellsim
1.737346e+02,18981,4.85713977170575e-04,3.61720764233480e-02,4.68664265236429e+02,sinkhorn_cellsim
1.739177e+02,19001,4.84853266529800e-04,3.61720909645414e-02,4.68664341564701e+02,sinkhorn_cellsim
1.741007e+02,19021,4.83994266349486e-04,3.61721054723255e-02,4.68664417851764e+02,sinkhorn_cellsim
1.742838e+02,19041,4.83137067172258e-04,3.61721199516491e-02,4.68664494097307e+02,sinkhorn_cellsim
1.744669e+02,19061,4.82284817510979e-04,3.61721344073846e-02,4.68664570301006e+02,sinkhorn_cellsim
1.746499e+02,19081,4.81438300946494e-04,3.61721488443175e-02,4.68664646462521e+02,sinkhorn_cellsim
1.748330e+02,19101,4.80595592671792e-04,3.61721632671364e-02,4.68664722581505e+02,sinkhorn_cellsim
1.750161e+02,19121,4.79755960617434e-04,3.61721776804238e-02,4.68664798657602e+02,sinkhorn_cellsim
1.751991e+02,19141,4.78918237574012e-04,3.61721920886494e-02,4.68664874690446e+02,sinkhorn_cellsim
1.753822e+02,19161,4.78081416481313e-04,3.61722064961626e-02,4.68664950679671e+02,sinkhorn_cellsim
1.755653e+02,19181,4.77244878331841e-04,3.61722209071884e-02,4.68665026624906e+02,sinkhorn_cellsim
1.757483e+02,19201,4.76408567616995e-04,3.61722353258230e-02,4.68665102525779e+02,sinkhorn_cellsim
1.759314e+02,19221,4.75572446600662e-04,3.61722497560333e-02,4.68665178381920e+02,sinkhorn_cellsim
1.761145e+02,19241,4.74736493661513e-04,3.61722642016540e-02,4.68665254192961e+02,sinkhorn_cellsim
1.762976e+02,19261,4.73900833743510e-04,3.61722786663911e-02,4.68665329958537e+02,sinkhorn_cellsim
1.764806e+02,19281,4.73065553582648e-04,3.61722931538215e-02,4.68665405678291e+02,sinkhorn_cellsim
1.766637e+02,19301,4.72230816688431e-04,3.61723076673972e-02,4.68665481351869e+02,sinkhorn_cellsim
1.768468e+02,19321,4.71396394609250e-04,3.61723222104468e-02,4.68665556978929e+02,sinkhorn_cellsim
1.770299e+02,19341,4.70562187600917e-04,3.61723367861816e-02,4.68665632559135e+02,sinkhorn_cellsim
1.772129e+02,19361,4.69728220693388e-04,3.61723513976982e-02,4.68665708092162e+02,sinkhorn_cellsim
1.773960e+02,19381,4.68896466663810e-04,3.61723660479824e-02,4.68665783577696e+02,sinkhorn_cellsim
1.775791e+02,19401,4.68066980959412e-04,3.61723807399137e-02,4.68665859015434e+02,sinkhorn_cellsim
1.777622e+02,19421,4.67238798922122e-04,3.61723954762673e-02,4.68665934405085e+02,sinkhorn_cellsim
1.779452e+02,19441,4.66410812436340e-04,3.61724102597179e-02,4.68666009746370e+02,sinkhorn_cellsim
1.781283e+02,19461,4.65583191002731e-04,3.61724250928405e-02,4.68666085039024e+02,sinkhorn_cellsim
1.783114e+02,19481,4.64757335111623e-04,3.61724399781117e-02,4.68666160282795e+02,sinkhorn_cellsim
1.784945e+02,19501,4.63931535845237e-04,3.61724549179099e-02,4.68666235477444e+02,sinkhorn_cellsim
1.786775e+02,19521,4.63105724591139e-04,3.61724699145141e-02,4.68666310622746e+02,sinkhorn_cellsim
1.788606e+02,19541,4.62282646007697e-04,3.61724849701025e-02,4.68666385718493e+02,sinkhorn_cellsim
1.790437e+02,19561,4.61466022702973e-04,3.61725000867503e-02,4.68666460764489e+02,sinkhorn_cellsim
1.792268e+02,19581,4.60664460618835e-04,3.61725152664264e-02,4.68666535760553e+02,sinkhorn_cellsim
1.794099e+02,19601,4.59862405528918e-04,3.61725305109892e-02,4.68666610706520e+02,sinkhorn_cellsim
1.795929e+02,19621,4.59062260545504e-04,3.61725458221838e-02,4.68666685602241e+02,sinkhorn_cellsim
1.797760e+02,19641,4.58276559428549e-04,3.61725612016355e-02,4.68666760447581e+02,sinkhorn_cellsim
1.799591e+02,19661,4.57489790401584e-04,3.61725766508480e-02,4.68666835242423e+02,sinkhorn_cellsim
1.801421e+02,19681,4.56705448060105e-04,3.61725921711948e-02,4.68666909986665e+02,sinkhorn_cellsim
1.803252e+02,19701,4.55918750186296e-04,3.61726077639165e-02,4.68666984680222e+02,sinkhorn_cellsim
1.805083e+02,19721,4.55129021845871e-04,3.61726234301148e-02,4.68667059323025e+02,sinkhorn_cellsim
1.806913e+02,19741,4.54336751750230e-04,3.61726391707467e-02,4.68667133915024e+02,sinkhorn_cellsim
1.808744e+02,19761,4.53546379435089e-04,3.61726549866185e-02,4.68667208456186e+02,sinkhorn_cellsim
1.810575e+02,19781,4.52755719556100e-04,3.61726708783804e-02,4.68667282946493e+02,sinkhorn_cellsim
1.812406e+02,19801,4.51969606262055e-04,3.61726868465193e-02,4.68667357385949e+02,sinkhorn_cellsim
1.814236e+02,19821,4.51195475915309e-04,3.61727028913525e-02,4.68667431774573e+02,sinkhorn_cellsim
1.816067e+02,19841,4.50423793710968e-04,3.61727190130204e-02,4.68667506112406e+02,sinkhorn_cellsim
1.817959e+02,19861,4.49651434558054e-04,3.61727352114782e-02,4.68667580399503e+02,sinkhorn_cellsim
1.819790e+02,19881,4.48887357941010e-04,3.61727514864876e-02,4.68667654635943e+02,sinkhorn_cellsim
1.821621e+02,19901,4.48126533325649e-04,3.61727678376081e-02,4.68667728821821e+02,sinkhorn_cellsim
1.823451e+02,19921,4.47359718892056e-04,3.61727842641872e-02,4.68667802957252e+02,sinkhorn_cellsim
1.825282e+02,19941,4.46584935367453e-04,3.61728007653502e-02,4.68667877042373e+02,sinkhorn_cellsim
1.827113e+02,19961,4.45801938398014e-04,3.61728173399905e-02,4.68667951077338e+02,sinkhorn_cellsim
1.828943e+02,19981,4.45010507327857e-04,3.61728339867585e-02,4.68668025062324e+02,sinkhorn_cellsim
1.830774e+02,20001,4.44210448697058e-04,3.61728507040518e-02,4.68668098997525e+02,sinkhorn_cellsim
1.832604e+02,20021,4.43401599522415e-04,3.61728674900049e-02,4.68668172883159e+02,sinkhorn_cellsim
1.834435e+02,20041,4.42583830298848e-04,3.61728843424798e-02,4.68668246719462e+02,sinkhorn_cellsim
1.836266e+02,20061,4.41757047663118e-04,3.61729012590584e-02,4.68668320506691e+02,sinkhorn_cellsim
1.838096e+02,20081,4.40951198437041e-04,3.61729182370349e-02,4.68668394245126e+02,sinkhorn_cellsim
1.839927e+02,20101,4.40188081991386e-04,3.61729352734116e-02,4.68668467935064e+02,sinkhorn_cellsim
1.841758e+02,20121,4.39427830877760e-04,3.61729523648947e-02,4.68668541576825e+02,sinkhorn_cellsim
1.843589e+02,20141,4.38660069559206e-04,3.61729695078954e-02,4.68668615170748e+02,sinkhorn_cellsim
1.845419e+02,20161,4.37884714172365e-04,3.61729866985314e-02,4.68668688717192e+02,sinkhorn_cellsim
1.847250e+02,20181,4.37101713083548e-04,3.61730039326321e-02,4.68668762216535e+02,sinkhorn_cellsim
1.849081e+02,20201,4.36311047874713e-04,3.61730212057477e-02,4.68668835669175e+02,sinkhorn_cellsim
1.850911e+02,20221,4.35528276481346e-04,3.61730385131617e-02,4.68668909075529e+02,sinkhorn_cellsim
1.852742e+02,20241,4.34748078641277e-04,3.61730558499054e-02,4.68668982436028e+02,sinkhorn_cellsim
1.854572e+02,20261,4.33960456200743e-04,3.61730732107782e-02,4.68669055751123e+02,sinkhorn_cellsim
1.856403e+02,20281,4.33165467957425e-04,3.61730905903703e-02,4.68669129021278e+02,sinkhorn_cellsim
1.858234e+02,20301,4.32363205322624e-04,3.61731079830874e-02,4.68669202246975e+02,sinkhorn_cellsim
1.860064e+02,20321,4.31557779163938e-04,3.61731253831822e-02,4.68669275428706e+02,sinkhorn_cellsim
1.861895e+02,20341,4.30756476030997e-04,3.61731427847860e-02,4.68669348566977e+02,sinkhorn_cellsim
1.863726e+02,20361,4.29951976262700e-04,3.61731601819460e-02,4.68669421662302e+02,sinkhorn_cellsim
1.865556e+02,20381,4.29140771511953e-04,3.61731775686645e-02,4.68669494715207e+02,sinkhorn_cellsim
1.867388e+02,20401,4.28323062574391e-04,3.61731949389438e-02,4.68669567726223e+02,sinkhorn_cellsim
1.869219e+02,20421,4.27499076336911e-04,3.61732122868346e-02,4.68669640695886e+02,sinkhorn_cellsim
1.871050e+02,20441,4.26669063957748e-04,3.61732296064932e-02,4.68669713624736e+02,sinkhorn_cellsim
1.872881e+02,20461,4.25833298887914e-04,3.61732468922452e-02,4.68669786513313e+02,sinkhorn_cellsim
1.874711e+02,20481,4.24992074747412e-04,3.61732641386639e-02,4.68669859362153e+02,sinkhorn_cellsim
1.876542e+02,20501,4.24145703090314e-04,3.61732813406686e-02,4.68669932171787e+02,sinkhorn_cellsim
1.878373e+02,20521,4.23294511085559e-04,3.61732984936476e-02,4.68670004942733e+02,sinkhorn_cellsim
1.880204e+02,20541,4.22441873065508e-04,3.61733155936237e-02,4.68670077675490e+02,sinkhorn_cellsim
1.882034e+02,20561,4.21606919852678e-04,3.61733326374795e-02,4.68670150370532e+02,sinkhorn_cellsim
1.883865e+02,20581,4.20776167617749e-04,3.61733496232677e-02,4.68670223028294e+02,sinkhorn_cellsim
1.885696e+02,20601,4.19941932153166e-04,3.61733665506481e-02,4.68670295649152e+02,sinkhorn_cellsim
1.887527e+02,20621,4.19129866653106e-04,3.61733834215072e-02,4.68670368233406e+02,sinkhorn_cellsim
1.889357e+02,20641,4.18326699674436e-04,3.61734002408429e-02,4.68670440781240e+02,sinkhorn_cellsim
1.891188e+02,20661,4.17520940554535e-04,3.61734170180296e-02,4.68670513292674e+02,sinkhorn_cellsim
1.893019e+02,20681,4.16712858877137e-04,3.61734337686289e-02,4.68670585767500e+02,sinkhorn_cellsim
1.894850e+02,20701,4.15902723016885e-04,3.61734505169802e-02,4.68670658205175e+02,sinkhorn_cellsim
1.896680e+02,20721,4.15094745142408e-04,3.61734672998902e-02,4.68670730604682e+02,sinkhorn_cellsim
1.898511e+02,20741,4.14285447094046e-04,3.61734841718584e-02,4.68670802964329e+02,sinkhorn_cellsim
1.900342e+02,20761,4.13474723982936e-04,3.61735012124051e-02,4.68670875281455e+02,sinkhorn_cellsim
1.902172e+02,20781,4.12665690147832e-04,3.61735185362022e-02,4.68670947552037e+02,sinkhorn_cellsim
1.904003e+02,20801,4.11857760293952e-04,3.61735363067645e-02,4.68671019770121e+02,sinkhorn_cellsim
1.905834e+02,20821,4.11049005047803e-04,3.61735547543088e-02,4.68671091927076e+02,sinkhorn_cellsim
1.907665e+02,20841,4.10243212245330e-04,3.61735741977357e-02,4.68671164010602e+02,sinkhorn_cellsim
1.909495e+02,20861,4.09438794300548e-04,3.61735950689767e-02,4.68671236003504e+02,sinkhorn_cellsim
1.911326e+02,20881,4.08633868256727e-04,3.61736179343713e-02,4.68671307882305e+02,sinkhorn_cellsim
1.913157e+02,20901,4.07828593781414e-04,3.61736435013281e-02,4.68671379615937e+02,sinkhorn_cellsim
1.914988e+02,20921,4.07023098906100e-04,3.61736725891595e-02,4.68671451165041e+02,sinkhorn_cellsim
1.916818e+02,20941,4.06217473974363e-04,3.61737060337396e-02,4.68671522482749e+02,sinkhorn_cellsim
1.918649e+02,20961,4.05413858487912e-04,3.61737444967448e-02,4.68671593518126e+02,sinkhorn_cellsim
1.920480e+02,20981,4.04610908031663e-04,3.61737881801144e-02,4.68671664223153e+02,sinkhorn_cellsim
1.922311e+02,21001,4.03809468107973e-04,3.61738365190579e-02,4.68671734562787e+02,sinkhorn_cellsim
1.924141e+02,21021,4.03015866667671e-04,3.61738880165886e-02,4.68671804525202e+02,sinkhorn_cellsim
1.925972e+02,21041,4.02229751717771e-04,3.61739403985200e-02,4.68671874127399e+02,sinkhorn_cellsim
1.927803e+02,21061,4.01448536795328e-04,3.61739911217341e-02,4.68671943412348e+02,sinkhorn_cellsim
1.929634e+02,21081,4.00666398619417e-04,3.61740380252813e-02,4.68672012438355e+02,sinkhorn_cellsim
1.931464e+02,21101,3.99883483607150e-04,3.61740797985632e-02,4.68672081265875e+02,sinkhorn_cellsim
1.933295e+02,21121,3.99100006647854e-04,3.61741160795932e-02,4.68672149947487e+02,sinkhorn_cellsim
1.935126e+02,21141,3.98316240528918e-04,3.61741472427717e-02,4.68672218523491e+02,sinkhorn_cellsim
1.936956e+02,21161,3.97532497518763e-04,3.61741740679994e-02,4.68672287022101e+02,sinkhorn_cellsim
1.938787e+02,21181,3.96749108590618e-04,3.61741974524382e-02,4.68672355461899e+02,sinkhorn_cellsim
1.940618e+02,21201,3.95966404599396e-04,3.61742182299618e-02,4.68672423854684e+02,sinkhorn_cellsim
1.942448e+02,21221,3.95184701749632e-04,3.61742370908020e-02,4.68672492207822e+02,sinkhorn_cellsim
1.944279e+02,21241,3.94404291851804e-04,3.61742545668157e-02,4.68672560525909e+02,sinkhorn_cellsim
1.946110e+02,21261,3.93625436673569e-04,3.61742710495756e-02,4.68672628811839e+02,sinkhorn_cellsim
1.947940e+02,21281,3.92848365164057e-04,3.61742868196795e-02,4.68672697067444e+02,sinkhorn_cellsim
1.949771e+02,21301,3.92073365452463e-04,3.61743020760787e-02,4.68672765293860e+02,sinkhorn_cellsim
1.951602e+02,21321,3.91300628783773e-04,3.61743169610135e-02,4.68672833491719e+02,sinkhorn_cellsim
1.953433e+02,21341,3.90530525653388e-04,3.61743315797605e-02,4.68672901661222e+02,sinkhorn_cellsim
1.955263e+02,21361,3.89762741821290e-04,3.61743460159885e-02,4.68672969802121e+02,sinkhorn_cellsim
1.957094e+02,21381,3.88997315024825e-04,3.61743603440607e-02,4.68673037913638e+02,sinkhorn_cellsim
1.958925e+02,21401,3.88234225587104e-04,3.61743746397043e-02,4.68673105994295e+02,sinkhorn_cellsim
1.960756e+02,21421,3.87473380162019e-04,3.61743889904005e-02,4.68673174041663e+02,sinkhorn_cellsim
1.962586e+02,21441,3.86714587867999e-04,3.61744035067722e-02,4.68673242051982e+02,sinkhorn_cellsim
1.964417e+02,21461,3.85957526439497e-04,3.61744183361612e-02,4.68673310019631e+02,sinkhorn_cellsim
1.966248e+02,21481,3.85201875019194e-04,3.61744336794107e-02,4.68673377936391e+02,sinkhorn_cellsim
1.968079e+02,21501,3.84447810974055e-04,3.61744498113839e-02,4.68673445790476e+02,sinkhorn_cellsim
1.969909e+02,21521,3.83693198364956e-04,3.61744671045239e-02,4.68673513565291e+02,sinkhorn_cellsim
1.971740e+02,21541,3.82936587057074e-04,3.61744860521086e-02,4.68673581237995e+02,sinkhorn_cellsim
1.973571e+02,21561,3.82176059573840e-04,3.61745072828538e-02,4.68673648778041e+02,sinkhorn_cellsim
1.975402e+02,21581,3.81409199925465e-04,3.61745315506454e-02,4.68673716146198e+02,sinkhorn_cellsim
1.977232e+02,21601,3.80633181012174e-04,3.61745596739420e-02,4.68673783294882e+02,sinkhorn_cellsim
1.979063e+02,21621,3.79845400398218e-04,3.61745923957281e-02,4.68673850171038e+02,sinkhorn_cellsim
1.980894e+02,21641,3.79044357973641e-04,3.61746301516035e-02,4.68673916722690e+02,sinkhorn_cellsim
1.982724e+02,21661,3.78229215120148e-04,3.61746727867010e-02,4.68673982909138e+02,sinkhorn_cellsim
1.984555e+02,21681,3.77404070589437e-04,3.61747193424393e-02,4.68674048712341e+02,sinkhorn_cellsim
1.986386e+02,21701,3.76574094430611e-04,3.61747680767792e-02,4.68674114144467e+02,sinkhorn_cellsim
1.988217e+02,21721,3.75740419469545e-04,3.61748167984829e-02,4.68674179246841e+02,sinkhorn_cellsim
1.990048e+02,21741,3.74909201570021e-04,3.61748633988141e-02,4.68674244079767e+02,sinkhorn_cellsim
1.991878e+02,21761,3.74091424489576e-04,3.61749063211176e-02,4.68674308708185e+02,sinkhorn_cellsim
1.993709e+02,21781,3.73289112937194e-04,3.61749447663835e-02,4.68674373189808e+02,sinkhorn_cellsim
1.995540e+02,21801,3.72504231107436e-04,3.61749786228058e-02,4.68674437569293e+02,sinkhorn_cellsim
1.997371e+02,21821,3.71737897334694e-04,3.61750082457183e-02,4.68674501877853e+02,sinkhorn_cellsim
1.999201e+02,21841,3.70991261393822e-04,3.61750342241373e-02,4.68674566135768e+02,sinkhorn_cellsim
2.001032e+02,21861,3.70261845648008e-04,3.61750572079903e-02,4.68674630355491e+02,sinkhorn_cellsim
2.002863e+02,21881,3.69546859065982e-04,3.61750778109489e-02,4.68674694544136e+02,sinkhorn_cellsim
2.004694e+02,21901,3.68845142901196e-04,3.61750965762508e-02,4.68674758704817e+02,sinkhorn_cellsim
2.006524e+02,21921,3.68155733125195e-04,3.61751139922566e-02,4.68674822836498e+02,sinkhorn_cellsim
2.008355e+02,21941,3.67476446308904e-04,3.61751305612325e-02,4.68674886931385e+02,sinkhorn_cellsim
2.010186e+02,21961,3.66806195908214e-04,3.61751469593838e-02,4.68674950967359e+02,sinkhorn_cellsim
2.012016e+02,21981,3.66144080944901e-04,3.61751643919991e-02,4.68675014889341e+02,sinkhorn_cellsim
2.013847e+02,22001,3.65490150720989e-04,3.61751853586727e-02,4.68675078566458e+02,sinkhorn_cellsim
2.015678e+02,22021,3.64845327218417e-04,3.61752151066907e-02,4.68675141702856e+02,sinkhorn_cellsim
2.017509e+02,22041,3.64211202343173e-04,3.61752633707969e-02,4.68675203693118e+02,sinkhorn_cellsim
2.019340e+02,22061,3.63583865922008e-04,3.61753425331516e-02,4.68675263543553e+02,sinkhorn_cellsim
2.021170e+02,22081,3.62962117805130e-04,3.61754543070498e-02,4.68675320265371e+02,sinkhorn_cellsim
2.023001e+02,22101,3.62346126675494e-04,3.61755751246595e-02,4.68675373801160e+02,sinkhorn_cellsim
2.024832e+02,22121,3.61736259606758e-04,3.61756743550524e-02,4.68675425172841e+02,sinkhorn_cellsim
2.026663e+02,22141,3.61131478266295e-04,3.61757421537311e-02,4.68675475486226e+02,sinkhorn_cellsim
2.028494e+02,22161,3.60531477973063e-04,3.61757853621678e-02,4.68675525359592e+02,sinkhorn_cellsim
2.030325e+02,22181,3.59935971088033e-04,3.61758134897015e-02,4.68675575044852e+02,sinkhorn_cellsim
2.032156e+02,22201,3.59345076887978e-04,3.61758332959917e-02,4.68675624633964e+02,sinkhorn_cellsim
2.033986e+02,22221,3.58760964079721e-04,3.61758487034989e-02,4.68675674161312e+02,sinkhorn_cellsim
2.035817e+02,22241,3.58181018617351e-04,3.61758618070161e-02,4.68675723641086e+02,sinkhorn_cellsim
2.037648e+02,22261,3.57605263909753e-04,3.61758736856902e-02,4.68675773079914e+02,sinkhorn_cellsim
2.039479e+02,22281,3.57035119619247e-04,3.61758848878571e-02,4.68675822481279e+02,sinkhorn_cellsim
2.041310e+02,22301,3.56470441967778e-04,3.61758956918994e-02,4.68675871847227e+02,sinkhorn_cellsim
2.043140e+02,22321,3.55910857201343e-04,3.61759062404157e-02,4.68675921179091e+02,sinkhorn_cellsim
2.044971e+02,22341,3.55356744538181e-04,3.61759166078192e-02,4.68675970477825e+02,sinkhorn_cellsim
2.046802e+02,22361,3.54807312708751e-04,3.61759268341089e-02,4.68676019744169e+02,sinkhorn_cellsim
2.048632e+02,22381,3.54264555183558e-04,3.61759369417138e-02,4.68676068978737e+02,sinkhorn_cellsim
2.050463e+02,22401,3.53727593259615e-04,3.61759469439246e-02,4.68676118182060e+02,sinkhorn_cellsim
2.052294e+02,22421,3.53196656101285e-04,3.61759568491500e-02,4.68676167354610e+02,sinkhorn_cellsim
2.054125e+02,22441,3.52674529945843e-04,3.61759666630939e-02,4.68676216496816e+02,sinkhorn_cellsim
2.055955e+02,22461,3.52158996250834e-04,3.61759763898910e-02,4.68676265609072e+02,sinkhorn_cellsim
2.057786e+02,22481,3.51648014661778e-04,3.61759860327172e-02,4.68676314691745e+02,sinkhorn_cellsim
2.059617e+02,22501,3.51140445410756e-04,3.61759955941265e-02,4.68676363745179e+02,sinkhorn_cellsim
2.061448e+02,22521,3.50637484653315e-04,3.61760050762483e-02,4.68676412769700e+02,sinkhorn_cellsim
2.063279e+02,22541,3.50138471427220e-04,3.61760144809063e-02,4.68676461765618e+02,sinkhorn_cellsim
2.065109e+02,22561,3.49642768119742e-04,3.61760238096962e-02,4.68676510733231e+02,sinkhorn_cellsim
2.066940e+02,22581,3.49150344593696e-04,3.61760330640368e-02,4.68676559672829e+02,sinkhorn_cellsim
2.068771e+02,22601,3.48661171255698e-04,3.61760422452085e-02,4.68676608584692e+02,sinkhorn_cellsim
2.070602e+02,22621,3.48175218915337e-04,3.61760513543800e-02,4.68676657469101e+02,sinkhorn_cellsim
2.072432e+02,22641,3.47692458683625e-04,3.61760603926309e-02,4.68676706326329e+02,sinkhorn_cellsim
2.074263e+02,22661,3.47212861879300e-04,3.61760693609684e-02,4.68676755156653e+02,sinkhorn_cellsim
2.076094e+02,22681,3.46736399926858e-04,3.61760782603410e-02,4.68676803960351e+02,sinkhorn_cellsim
2.077925e+02,22701,3.46263044296259e-04,3.61760870916516e-02,4.68676852737703e+02,sinkhorn_cellsim
2.079756e+02,22721,3.45792766424644e-04,3.61760958557681e-02,4.68676901488993e+02,sinkhorn_cellsim
2.081586e+02,22741,3.45325537656977e-04,3.61761045535335e-02,4.68676950214512e+02,sinkhorn_cellsim
2.083417e+02,22761,3.44861753798267e-04,3.61761131857776e-02,4.68676998914557e+02,sinkhorn_cellsim
2.085248e+02,22781,3.44401206310213e-04,3.61761217533342e-02,4.68677047589430e+02,sinkhorn_cellsim
2.087079e+02,22801,3.43943651529552e-04,3.61761302570713e-02,4.68677096239440e+02,sinkhorn_cellsim
2.088910e+02,22821,3.43489920169763e-04,3.61761386979563e-02,4.68677144864895e+02,sinkhorn_cellsim
2.090740e+02,22841,3.43039274174007e-04,3.61761470772059e-02,4.68677193466096e+02,sinkhorn_cellsim
2.092571e+02,22861,3.42591491947581e-04,3.61761553966446e-02,4.68677242043309e+02,sinkhorn_cellsim
2.094402e+02,22881,3.42146958495379e-04,3.61761636595703e-02,4.68677290596704e+02,sinkhorn_cellsim
2.096233e+02,22901,3.41705541089324e-04,3.61761718728552e-02,4.68677339126204e+02,sinkhorn_cellsim
2.098063e+02,22921,3.41266900328270e-04,3.61761800520499e-02,4.68677387631123e+02,sinkhorn_cellsim
2.099894e+02,22941,3.40831001155128e-04,3.61761882337843e-02,4.68677436109269e+02,sinkhorn_cellsim
2.101725e+02,22961,3.40397804087396e-04,3.61761965058668e-02,4.68677484554783e+02,sinkhorn_cellsim
2.103556e+02,22981,3.39967689218109e-04,3.61762050800838e-02,4.68677532952871e+02,sinkhorn_cellsim
2.105387e+02,23001,3.39543724866554e-04,3.61762144668475e-02,4.68677581267097e+02,sinkhorn_cellsim
2.107217e+02,23021,3.39122777324493e-04,3.61762258857452e-02,4.68677629409084e+02,sinkhorn_cellsim
2.109048e+02,23041,3.38703955549946e-04,3.61762421829569e-02,4.68677677168616e+02,sinkhorn_cellsim
2.110879e+02,23061,3.38286613914803e-04,3.61762696267120e-02,4.68677724064857e+02,sinkhorn_cellsim
2.112710e+02,23081,3.37869233750081e-04,3.61763202245722e-02,4.68677769089750e+02,sinkhorn_cellsim
2.114541e+02,23101,3.37448279421536e-04,3.61764102897784e-02,4.68677810492045e+02,sinkhorn_cellsim
2.116372e+02,23121,3.37015994254626e-04,3.61765462178706e-02,4.68677846186406e+02,sinkhorn_cellsim
2.118203e+02,23141,3.36565053771000e-04,3.61767069931724e-02,4.68677875115338e+02,sinkhorn_cellsim
2.120033e+02,23161,3.36076296743150e-04,3.61768573252055e-02,4.68677898249814e+02,sinkhorn_cellsim
2.121864e+02,23181,3.35548106033990e-04,3.61769755698331e-02,4.68677917908246e+02,sinkhorn_cellsim
2.123695e+02,23201,3.34979785359800e-04,3.61770605291222e-02,4.68677936072987e+02,sinkhorn_cellsim
2.125526e+02,23221,3.34369187040500e-04,3.61771210159295e-02,4.68677953694949e+02,sinkhorn_cellsim
2.127357e+02,23241,3.33721020188147e-04,3.61771660165928e-02,4.68677971098155e+02,sinkhorn_cellsim
2.129187e+02,23261,3.33043713782956e-04,3.61772017235299e-02,4.68677988383475e+02,sinkhorn_cellsim
2.131018e+02,23281,3.32358277229015e-04,3.61772318445792e-02,4.68678005587236e+02,sinkhorn_cellsim
2.132849e+02,23301,3.31666798938477e-04,3.61772584720371e-02,4.68678022726774e+02,sinkhorn_cellsim
2.134680e+02,23321,3.30965425471029e-04,3.61772827657792e-02,4.68678039812582e+02,sinkhorn_cellsim
2.136510e+02,23341,3.30265005410933e-04,3.61773053789058e-02,4.68678056851858e+02,sinkhorn_cellsim
2.138341e+02,23361,3.29575826399292e-04,3.61773266965055e-02,4.68678073849844e+02,sinkhorn_cellsim
2.140172e+02,23381,3.28891144929091e-04,3.61773469619414e-02,4.68678090810479e+02,sinkhorn_cellsim
2.142003e+02,23401,3.28205829198783e-04,3.61773663416210e-02,4.68678107736801e+02,sinkhorn_cellsim
2.143834e+02,23421,3.27518973919533e-04,3.61773849579337e-02,4.68678124631199e+02,sinkhorn_cellsim
2.145664e+02,23441,3.26830734533806e-04,3.61774029062107e-02,4.68678141495599e+02,sinkhorn_cellsim
2.147495e+02,23461,3.26163675854413e-04,3.61774202637639e-02,4.68678158331584e+02,sinkhorn_cellsim
2.149326e+02,23481,3.25505028439466e-04,3.61774370949797e-02,4.68678175140480e+02,sinkhorn_cellsim
2.151157e+02,23501,3.24850063105444e-04,3.61774534544101e-02,4.68678191923416e+02,sinkhorn_cellsim
2.152987e+02,23521,3.24196828810112e-04,3.61774693888040e-02,4.68678208681371e+02,sinkhorn_cellsim
2.154818e+02,23541,3.23547044734946e-04,3.61774849385484e-02,4.68678225415205e+02,sinkhorn_cellsim
2.156649e+02,23561,3.22898719704613e-04,3.61775001387532e-02,4.68678242125678e+02,sinkhorn_cellsim
2.158480e+02,23581,3.22252272342369e-04,3.61775150201022e-02,4.68678258813473e+02,sinkhorn_cellsim
2.160311e+02,23601,3.21608264525394e-04,3.61775296095429e-02,4.68678275479203e+02,sinkhorn_cellsim
2.162141e+02,23621,3.20966923856288e-04,3.61775439308525e-02,4.68678292123425e+02,sinkhorn_cellsim
2.163972e+02,23641,3.20328202189439e-04,3.61775580051111e-02,4.68678308746643e+02,sinkhorn_cellsim
2.165803e+02,23661,3.19692252403037e-04,3.61775718510974e-02,4.68678325349319e+02,sinkhorn_cellsim
2.167633e+02,23681,3.19059943526453e-04,3.61775854856231e-02,4.68678341931875e+02,sinkhorn_cellsim
2.169464e+02,23701,3.18429300740434e-04,3.61775989238137e-02,4.68678358494693e+02,sinkhorn_cellsim
2.171295e+02,23721,3.17801262459384e-04,3.61776121793501e-02,4.68678375038127e+02,sinkhorn_cellsim
2.173126e+02,23741,3.17176227247356e-04,3.61776252646699e-02,4.68678391562496e+02,sinkhorn_cellsim
2.174956e+02,23761,3.16553194160578e-04,3.61776381911411e-02,4.68678408068093e+02,sinkhorn_cellsim
2.176787e+02,23781,3.15932930792973e-04,3.61776509692096e-02,4.68678424555183e+02,sinkhorn_cellsim
2.178618e+02,23801,3.15317200013143e-04,3.61776636085252e-02,4.68678441024006e+02,sinkhorn_cellsim
2.180448e+02,23821,3.14702430508125e-04,3.61776761180489e-02,4.68678457474779e+02,sinkhorn_cellsim
2.182279e+02,23841,3.14089187783204e-04,3.61776885061458e-02,4.68678473907697e+02,sinkhorn_cellsim
2.184110e+02,23861,3.13477348249181e-04,3.61777007806642e-02,4.68678490322931e+02,sinkhorn_cellsim
2.185941e+02,23881,3.12865978724144e-04,3.61777129490038e-02,4.68678506720633e+02,sinkhorn_cellsim
2.187771e+02,23901,3.12255576163654e-04,3.61777250181744e-02,4.68678523100936e+02,sinkhorn_cellsim
2.189602e+02,23921,3.11648390682597e-04,3.61777369948468e-02,4.68678539463953e+02,sinkhorn_cellsim
2.191433e+02,23941,3.11042089488573e-04,3.61777488853975e-02,4.68678555809778e+02,sinkhorn_cellsim
2.193264e+02,23961,3.10435437010654e-04,3.61777606959462e-02,4.68678572138487e+02,sinkhorn_cellsim
2.195094e+02,23981,3.09828224045773e-04,3.61777724323889e-02,4.68678588450141e+02,sinkhorn_cellsim
2.196925e+02,24001,3.09220234528707e-04,3.61777841004281e-02,4.68678604744781e+02,sinkhorn_cellsim
2.198756e+02,24021,3.08611245841204e-04,3.61777957055964e-02,4.68678621022434e+02,sinkhorn_cellsim
2.200586e+02,24041,3.08001029114232e-04,3.61778072532801e-02,4.68678637283108e+02,sinkhorn_cellsim
2.202417e+02,24061,3.07389893747727e-04,3.61778187487378e-02,4.68678653526798e+02,sinkhorn_cellsim
2.204248e+02,24081,3.06777530687197e-04,3.61778301971179e-02,4.68678669753481e+02,sinkhorn_cellsim
2.206078e+02,24101,3.06163259611702e-04,3.61778416034726e-02,4.68678685963121e+02,sinkhorn_cellsim
2.207909e+02,24121,3.05548083212835e-04,3.61778529727723e-02,4.68678702155665e+02,sinkhorn_cellsim
2.209740e+02,24141,3.04932773836966e-04,3.61778643099161e-02,4.68678718331046e+02,sinkhorn_cellsim
2.211571e+02,24161,3.04315904569637e-04,3.61778756197417e-02,4.68678734489181e+02,sinkhorn_cellsim
2.213401e+02,24181,3.03695981185227e-04,3.61778869070348e-02,4.68678750629975e+02,sinkhorn_cellsim
2.215232e+02,24201,3.03072731387932e-04,3.61778981765359e-02,4.68678766753317e+02,sinkhorn_cellsim
2.217063e+02,24221,3.02445879258326e-04,3.61779094329477e-02,4.68678782859081e+02,sinkhorn_cellsim
2.218894e+02,24241,3.01815145558740e-04,3.61779206809394e-02,4.68678798947131e+02,sinkhorn_cellsim
2.220724e+02,24261,3.01180248057314e-04,3.61779319251520e-02,4.68678815017311e+02,sinkhorn_cellsim
2.222555e+02,24281,3.00540901876287e-04,3.61779431702024e-02,4.68678831069458e+02,sinkhorn_cellsim
2.224386e+02,24301,2.99896819852786e-04,3.61779544206857e-02,4.68678847103390e+02,sinkhorn_cellsim
2.226217e+02,24321,2.99247712930810e-04,3.61779656811777e-02,4.68678863118917e+02,sinkhorn_cellsim
2.228047e+02,24341,2.98593290571821e-04,3.61779769562364e-02,4.68678879115831e+02,sinkhorn_cellsim
2.229878e+02,24361,2.97933261197400e-04,3.61779882504036e-02,4.68678895093915e+02,sinkhorn_cellsim
2.231709e+02,24381,2.97267332641071e-04,3.61779995682041e-02,4.68678911052938e+02,sinkhorn_cellsim
2.233540e+02,24401,2.96607514887674e-04,3.61780109141462e-02,4.68678926992657e+02,sinkhorn_cellsim
2.235370e+02,24421,2.95947179906036e-04,3.61780222927202e-02,4.68678942912816e+02,sinkhorn_cellsim
2.237201e+02,24441,2.95280544899113e-04,3.61780337083972e-02,4.68678958813149e+02,sinkhorn_cellsim
2.239032e+02,24461,2.94607319560883e-04,3.61780451656275e-02,4.68678974693378e+02,sinkhorn_cellsim
2.240862e+02,24481,2.93927214653268e-04,3.61780566688375e-02,4.68678990553213e+02,sinkhorn_cellsim
2.242693e+02,24501,2.93239942554719e-04,3.61780682224263e-02,4.68679006392354e+02,sinkhorn_cellsim
2.244524e+02,24521,2.92545475216467e-04,3.61780798307633e-02,4.68679022210491e+02,sinkhorn_cellsim
2.246355e+02,24541,2.91852104139464e-04,3.61780914981834e-02,4.68679038007304e+02,sinkhorn_cellsim
2.248185e+02,24561,2.91151746333115e-04,3.61781032289823e-02,4.68679053782463e+02,sinkhorn_cellsim
2.250016e+02,24581,2.90445482004056e-04,3.61781150274126e-02,4.68679069535629e+02,sinkhorn_cellsim
2.251847e+02,24601,2.89741439758438e-04,3.61781268976772e-02,4.68679085266456e+02,sinkhorn_cellsim
2.253677e+02,24621,2.89034165158303e-04,3.61781388439248e-02,4.68679100974586e+02,sinkhorn_cellsim
2.255508e+02,24641,2.88319756560116e-04,3.61781508702432e-02,4.68679116659659e+02,sinkhorn_cellsim
2.257339e+02,24661,2.87596525238089e-04,3.61781629806529e-02,4.68679132321303e+02,sinkhorn_cellsim
2.259170e+02,24681,2.86864422595596e-04,3.61781751791013e-02,4.68679147959144e+02,sinkhorn_cellsim
2.261000e+02,24701,2.86124215492039e-04,3.61781874694543e-02,4.68679163572798e+02,sinkhorn_cellsim
2.262831e+02,24721,2.85378565636444e-04,3.61781998554903e-02,4.68679179161879e+02,sinkhorn_cellsim
2.264662e+02,24741,2.84625247860078e-04,3.61782123408924e-02,4.68679194725996e+02,sinkhorn_cellsim
2.266493e+02,24761,2.83861887291268e-04,3.61782249292415e-02,4.68679210264754e+02,sinkhorn_cellsim
2.268324e+02,24781,2.83088260764832e-04,3.61782376240069e-02,4.68679225777753e+02,sinkhorn_cellsim
2.270155e+02,24801,2.82304155251684e-04,3.61782504285413e-02,4.68679241264595e+02,sinkhorn_cellsim
2.271985e+02,24821,2.81522768278118e-04,3.61782633460709e-02,4.68679256724876e+02,sinkhorn_cellsim
2.273816e+02,24841,2.80735688574554e-04,3.61782763796883e-02,4.68679272158195e+02,sinkhorn_cellsim
2.275647e+02,24861,2.79938167282642e-04,3.61782895323454e-02,4.68679287564147e+02,sinkhorn_cellsim
2.277477e+02,24881,2.79129736690700e-04,3.61783028068455e-02,4.68679302942331e+02,sinkhorn_cellsim
2.279308e+02,24901,2.78317681772646e-04,3.61783162058354e-02,4.68679318292347e+02,sinkhorn_cellsim
2.281139e+02,24921,2.77499251563338e-04,3.61783297317991e-02,4.68679333613796e+02,sinkhorn_cellsim
2.282970e+02,24941,2.76669961495801e-04,3.61783433870505e-02,4.68679348906283e+02,sinkhorn_cellsim
2.284800e+02,24961,2.75838484245508e-04,3.61783571737265e-02,4.68679364169417e+02,sinkhorn_cellsim
2.286631e+02,24981,2.75003469710140e-04,3.61783710937811e-02,4.68679379402811e+02,sinkhorn_cellsim
2.288462e+02,25001,2.74172507283682e-04,3.61783851489794e-02,4.68679394606086e+02,sinkhorn_cellsim
2.290292e+02,25021,2.73347463968937e-04,3.61783993408916e-02,4.68679409778866e+02,sinkhorn_cellsim
2.292123e+02,25041,2.72532804441081e-04,3.61784136708887e-02,4.68679424920785e+02,sinkhorn_cellsim
2.293954e+02,25061,2.71707923402010e-04,3.61784281401375e-02,4.68679440031483e+02,sinkhorn_cellsim
2.295785e+02,25081,2.70877253923151e-04,3.61784427495968e-02,4.68679455110610e+02,sinkhorn_cellsim
2.297616e+02,25101,2.70038674991588e-04,3.61784575000130e-02,4.68679470157826e+02,sinkhorn_cellsim
2.299446e+02,25121,2.69188868293961e-04,3.61784723919189e-02,4.68679485172799e+02,sinkhorn_cellsim
2.301277e+02,25141,2.68327786641753e-04,3.61784874256297e-02,4.68679500155209e+02,sinkhorn_cellsim
2.303108e+02,25161,2.67456473759960e-04,3.61785026012422e-02,4.68679515104750e+02,sinkhorn_cellsim
2.304939e+02,25181,2.66574246393288e-04,3.61785179186333e-02,4.68679530021124e+02,sinkhorn_cellsim
2.306769e+02,25201,2.65680674385341e-04,3.61785333774597e-02,4.68679544904050e+02,sinkhorn_cellsim
2.308600e+02,25221,2.64775774479400e-04,3.61785489771582e-02,4.68679559753258e+02,sinkhorn_cellsim
2.310431e+02,25241,2.63859579843632e-04,3.61785647169460e-02,4.68679574568493e+02,sinkhorn_cellsim
2.312261e+02,25261,2.62932140174451e-04,3.61785805958229e-02,4.68679589349514e+02,sinkhorn_cellsim
2.314092e+02,25281,2.61995241961436e-04,3.61785966125724e-02,4.68679604096097e+02,sinkhorn_cellsim
2.315923e+02,25301,2.61049769706239e-04,3.61786127657653e-02,4.68679618808031e+02,sinkhorn_cellsim
2.317754e+02,25321,2.60093555917429e-04,3.61786290537625e-02,4.68679633485124e+02,sinkhorn_cellsim
2.319584e+02,25341,2.59128065282486e-04,3.61786454747186e-02,4.68679648127198e+02,sinkhorn_cellsim
2.321415e+02,25361,2.58151982864617e-04,3.61786620265868e-02,4.68679662734093e+02,sinkhorn_cellsim
2.323246e+02,25381,2.57165505778995e-04,3.61786787071235e-02,4.68679677305666e+02,sinkhorn_cellsim
2.325076e+02,25401,2.56170116177134e-04,3.61786955138938e-02,4.68679691841792e+02,sinkhorn_cellsim
2.326907e+02,25421,2.55164407701189e-04,3.61787124442774e-02,4.68679706342363e+02,sinkhorn_cellsim
2.328738e+02,25441,2.54152115977748e-04,3.61787294954749e-02,4.68679720807289e+02,sinkhorn_cellsim
2.330568e+02,25461,2.53140927392648e-04,3.61787466645143e-02,4.68679735236496e+02,sinkhorn_cellsim
2.332399e+02,25481,2.52125680940384e-04,3.61787639482591e-02,4.68679749629933e+02,sinkhorn_cellsim
2.334230e+02,25501,2.51101116400397e-04,3.61787813434140e-02,4.68679763987561e+02,sinkhorn_cellsim
2.336060e+02,25521,2.50068739605693e-04,3.61787988465342e-02,4.68679778309364e+02,sinkhorn_cellsim
2.337891e+02,25541,2.49027348597700e-04,3.61788164540329e-02,4.68679792595342e+02,sinkhorn_cellsim
2.339722e+02,25561,2.47977493302012e-04,3.61788341621890e-02,4.68679806845512e+02,sinkhorn_cellsim
2.341553e+02,25581,2.46931432792898e-04,3.61788519671561e-02,4.68679821059912e+02,sinkhorn_cellsim
2.343383e+02,25601,2.45900125525522e-04,3.61788698649713e-02,4.68679835238594e+02,sinkhorn_cellsim
2.345214e+02,25621,2.44866965319431e-04,3.61788878515629e-02,4.68679849381630e+02,sinkhorn_cellsim
2.347045e+02,25641,2.43841183306385e-04,3.61789059227602e-02,4.68679863489108e+02,sinkhorn_cellsim
2.348876e+02,25661,2.42818540316218e-04,3.61789240743013e-02,4.68679877561135e+02,sinkhorn_cellsim
2.350706e+02,25681,2.41789424070874e-04,3.61789423018430e-02,4.68679891597832e+02,sinkhorn_cellsim
2.352537e+02,25701,2.40763863413249e-04,3.61789606009688e-02,4.68679905599338e+02,sinkhorn_cellsim
2.354368e+02,25721,2.39733964627599e-04,3.61789789671977e-02,4.68679919565809e+02,sinkhorn_cellsim
2.356199e+02,25741,2.38699906281820e-04,3.61789973959939e-02,4.68679933497414e+02,sinkhorn_cellsim
2.358029e+02,25761,2.37673278311521e-04,3.61790158827735e-02,4.68679947394338e+02,sinkhorn_cellsim
2.359860e+02,25781,2.36642621122802e-04,3.61790344229150e-02,4.68679961256783e+02,sinkhorn_cellsim
2.361691e+02,25801,2.35610025181541e-04,3.61790530117660e-02,4.68679975084963e+02,sinkhorn_cellsim
2.363522e+02,25821,2.34587094230934e-04,3.61790716446526e-02,4.68679988879106e+02,sinkhorn_cellsim
2.365352e+02,25841,2.33565975182132e-04,3.61790903168861e-02,4.68680002639453e+02,sinkhorn_cellsim
2.367183e+02,25861,2.32542115004223e-04,3.61791090237720e-02,4.68680016366260e+02,sinkhorn_cellsim
2.369014e+02,25881,2.31524896464504e-04,3.61791277606169e-02,4.68680030059793e+02,sinkhorn_cellsim
2.370845e+02,25901,2.30510403773647e-04,3.61791465227360e-02,4.68680043720330e+02,sinkhorn_cellsim
2.372676e+02,25921,2.29503633231008e-04,3.61791653054593e-02,4.68680057348161e+02,sinkhorn_cellsim
2.374506e+02,25941,2.28502646890384e-04,3.61791841041399e-02,4.68680070943585e+02,sinkhorn_cellsim
2.376337e+02,25961,2.27497439065657e-04,3.61792029141599e-02,4.68680084506913e+02,sinkhorn_cellsim
2.378168e+02,25981,2.26488275417230e-04,3.61792217309358e-02,4.68680098038463e+02,sinkhorn_cellsim
2.379999e+02,26001,2.25481219661494e-04,3.61792405499257e-02,4.68680111538565e+02,sinkhorn_cellsim
2.381829e+02,26021,2.24475312475048e-04,3.61792593666345e-02,4.68680125007554e+02,sinkhorn_cellsim
2.383660e+02,26041,2.23466503583500e-04,3.61792781766187e-02,4.68680138445774e+02,sinkhorn_cellsim
2.385491e+02,26061,2.22465654097433e-04,3.61792969754928e-02,4.68680151853576e+02,sinkhorn_cellsim
2.387321e+02,26081,2.21480314342712e-04,3.61793157589330e-02,4.68680165231319e+02,sinkhorn_cellsim
2.389152e+02,26101,2.20496772561054e-04,3.61793345226818e-02,4.68680178579366e+02,sinkhorn_cellsim
2.390983e+02,26121,2.19513599793034e-04,3.61793532625533e-02,4.68680191898085e+02,sinkhorn_cellsim
2.392813e+02,26141,2.18528889699964e-04,3.61793719744352e-02,4.68680205187851e+02,sinkhorn_cellsim
2.394644e+02,26161,2.17541993533793e-04,3.61793906542940e-02,4.68680218449041e+02,sinkhorn_cellsim
2.396475e+02,26181,2.16553153471864e-04,3.61794092981782e-02,4.68680231682038e+02,sinkhorn_cellsim
2.398306e+02,26201,2.15564114695409e-04,3.61794279022202e-02,4.68680244887228e+02,sinkhorn_cellsim
2.400136e+02,26221,2.14575434453602e-04,3.61794464626399e-02,4.68680258064997e+02,sinkhorn_cellsim
2.401967e+02,26241,2.13588986780653e-04,3.61794649757476e-02,4.68680271215737e+02,sinkhorn_cellsim
2.403798e+02,26261,2.12612786320918e-04,3.61794834379450e-02,4.68680284339840e+02,sinkhorn_cellsim
2.405628e+02,26281,2.11639014728209e-04,3.61795018457283e-02,4.68680297437700e+02,sinkhorn_cellsim
2.407459e+02,26301,2.10665144218045e-04,3.61795201956894e-02,4.68680310509711e+02,sinkhorn_cellsim
2.409290e+02,26321,2.09691620999982e-04,3.61795384845169e-02,4.68680323556269e+02,sinkhorn_cellsim
2.411120e+02,26341,2.08718023182430e-04,3.61795567089980e-02,4.68680336577768e+02,sinkhorn_cellsim
2.412951e+02,26361,2.07744246380741e-04,3.61795748660193e-02,4.68680349574606e+02,sinkhorn_cellsim
2.414782e+02,26381,2.06770501350949e-04,3.61795929525674e-02,4.68680362547175e+02,sinkhorn_cellsim
2.416613e+02,26401,2.05797773724727e-04,3.61796109657292e-02,4.68680375495869e+02,sinkhorn_cellsim
2.418443e+02,26421,2.04826176967354e-04,3.61796289026932e-02,4.68680388421082e+02,sinkhorn_cellsim
2.420274e+02,26441,2.03855358355819e-04,3.61796467607485e-02,4.68680401323204e+02,sinkhorn_cellsim
2.422105e+02,26461,2.02885310013494e-04,3.61796645372853e-02,4.68680414202624e+02,sinkhorn_cellsim
2.423936e+02,26481,2.01916227305107e-04,3.61796822297951e-02,4.68680427059729e+02,sinkhorn_cellsim
2.425766e+02,26501,2.00948301863272e-04,3.61796998358697e-02,4.68680439894903e+02,sinkhorn_cellsim
2.427597e+02,26521,1.99981723885684e-04,3.61797173532016e-02,4.68680452708528e+02,sinkhorn_cellsim
2.429428e+02,26541,1.99017128048607e-04,3.61797347795830e-02,4.68680465500983e+02,sinkhorn_cellsim
2.431258e+02,26561,1.98054262823237e-04,3.61797521129058e-02,4.68680478272643e+02,sinkhorn_cellsim
2.433089e+02,26581,1.97093266030957e-04,3.61797693511612e-02,4.68680491023880e+02,sinkhorn_cellsim
2.434920e+02,26601,1.96134309139915e-04,3.61797864924395e-02,4.68680503755064e+02,sinkhorn_cellsim
2.436750e+02,26621,1.95177559245667e-04,3.61798035349303e-02,4.68680516466559e+02,sinkhorn_cellsim
2.438581e+02,26641,1.94223178935987e-04,3.61798204769238e-02,4.68680529158726e+02,sinkhorn_cellsim
2.440412e+02,26661,1.93271326146235e-04,3.61798373168119e-02,4.68680541831921e+02,sinkhorn_cellsim
2.442242e+02,26681,1.92322312208234e-04,3.61798540530917e-02,4.68680554486495e+02,sinkhorn_cellsim
2.444073e+02,26701,1.91376374002687e-04,3.61798706843704e-02,4.68680567122797e+02,sinkhorn_cellsim
2.445904e+02,26721,1.90434286525296e-04,3.61798872093735e-02,4.68680579741166e+02,sinkhorn_cellsim
2.447734e+02,26741,1.89496046512945e-04,3.61799036269573e-02,4.68680592341939e+02,sinkhorn_cellsim
2.449565e+02,26761,1.88560984500887e-04,3.61799199361275e-02,4.68680604925443e+02,sinkhorn_cellsim
2.451396e+02,26781,1.87629355527963e-04,3.61799361360677e-02,4.68680617491999e+02,sinkhorn_cellsim
2.453226e+02,26801,1.86703591809663e-04,3.61799522261803e-02,4.68680630041918e+02,sinkhorn_cellsim
2.455057e+02,26821,1.85783971165919e-04,3.61799682061494e-02,4.68680642575499e+02,sinkhorn_cellsim
2.456888e+02,26841,1.84867798812436e-04,3.61799840760299e-02,4.68680655093026e+02,sinkhorn_cellsim
2.458719e+02,26861,1.83955142889120e-04,3.61799998363804e-02,4.68680667594761e+02,sinkhorn_cellsim
2.460655e+02,26881,1.83046045024545e-04,3.61800154884548e-02,4.68680680080940e+02,sinkhorn_cellsim
2.462486e+02,26901,1.82140510231172e-04,3.61800310344860e-02,4.68680692551764e+02,sinkhorn_cellsim
2.464316e+02,26921,1.81238492171470e-04,3.61800464780918e-02,4.68680705007378e+02,sinkhorn_cellsim
2.466147e+02,26941,1.80339871801238e-04,3.61800618248738e-02,4.68680717447857e+02,sinkhorn_cellsim
2.467977e+02,26961,1.79444426358099e-04,3.61800770832795e-02,4.68680729873168e+02,sinkhorn_cellsim
2.469808e+02,26981,1.78552047888106e-04,3.61800922658544e-02,4.68680742283132e+02,sinkhorn_cellsim
2.471639e+02,27001,1.77662761958647e-04,3.61801073910555e-02,4.68680754677353e+02,sinkhorn_cellsim
2.473470e+02,27021,1.76774835482484e-04,3.61801224858614e-02,4.68680767055127e+02,sinkhorn_cellsim
2.475300e+02,27041,1.75886945767776e-04,3.61801375895241e-02,4.68680779415304e+02,sinkhorn_cellsim
2.477131e+02,27061,1.74997030472770e-04,3.61801527589181e-02,4.68680791756095e+02,sinkhorn_cellsim
2.478962e+02,27081,1.74102224793297e-04,3.61801680761036e-02,4.68680804074794e+02,sinkhorn_cellsim
2.480792e+02,27101,1.73198623444747e-04,3.61801836588672e-02,4.68680816367388e+02,sinkhorn_cellsim
2.482623e+02,27121,1.72280048697832e-04,3.61801996751076e-02,4.68680828628008e+02,sinkhorn_cellsim
2.484454e+02,27141,1.71338018112676e-04,3.61802163618244e-02,4.68680840848191e+02,sinkhorn_cellsim
2.486285e+02,27161,1.70445160651861e-04,3.61802340488605e-02,4.68680853015908e+02,sinkhorn_cellsim
2.488115e+02,27181,1.69582319749368e-04,3.61802531858539e-02,4.68680865114345e+02,sinkhorn_cellsim
2.489946e+02,27201,1.68715856362207e-04,3.61802743671709e-02,4.68680877120536e+02,sinkhorn_cellsim
2.491777e+02,27221,1.67842370580148e-04,3.61802983428210e-02,4.68680889004084e+02,sinkhorn_cellsim
2.493608e+02,27241,1.66957438115932e-04,3.61803259931710e-02,4.68680900726517e+02,sinkhorn_cellsim
2.495438e+02,27261,1.66055764243827e-04,3.61803582347437e-02,4.68680912242222e+02,sinkhorn_cellsim
2.497269e+02,27281,1.65137251273973e-04,3.61803958243055e-02,4.68680923502131e+02,sinkhorn_cellsim
2.499099e+02,27301,1.64267812294584e-04,3.61804390590419e-02,4.68680934461027e+02,sinkhorn_cellsim
2.500930e+02,27321,1.63384268114281e-04,3.61804874478718e-02,4.68680945087776e+02,sinkhorn_cellsim
2.502761e+02,27341,1.62483076849467e-04,3.61805395255956e-02,4.68680955375213e+02,sinkhorn_cellsim
2.504591e+02,27361,1.61561259220009e-04,3.61805929994185e-02,4.68680965344562e+02,sinkhorn_cellsim
2.506422e+02,27381,1.60617763495201e-04,3.61806452624366e-02,4.68680975040891e+02,sinkhorn_cellsim
2.508253e+02,27401,1.59655753266044e-04,3.61806940550124e-02,4.68680984521249e+02,sinkhorn_cellsim
2.510084e+02,27421,1.58676404085041e-04,3.61807379418974e-02,4.68680993841515e+02,sinkhorn_cellsim
2.511915e+02,27441,1.57684171317503e-04,3.61807764213587e-02,4.68681003047626e+02,sinkhorn_cellsim
2.513746e+02,27461,1.56702487784435e-04,3.61808097297364e-02,4.68681012172816e+02,sinkhorn_cellsim
2.515576e+02,27481,1.55778719343655e-04,3.61808385293688e-02,4.68681021239065e+02,sinkhorn_cellsim
2.517407e+02,27501,1.54871309119580e-04,3.61808636333966e-02,4.68681030260143e+02,sinkhorn_cellsim
2.519238e+02,27521,1.53972342211464e-04,3.61808858284574e-02,4.68681039244517e+02,sinkhorn_cellsim
2.521069e+02,27541,1.53098871946940e-04,3.61809057892831e-02,4.68681048197484e+02,sinkhorn_cellsim
2.522899e+02,27561,1.52241845568784e-04,3.61809240547498e-02,4.68681057122531e+02,sinkhorn_cellsim
2.524730e+02,27581,1.51400359662426e-04,3.61809410362793e-02,4.68681066022119e+02,sinkhorn_cellsim
2.526560e+02,27601,1.50577429900355e-04,3.61809570390434e-02,4.68681074898130e+02,sinkhorn_cellsim
2.528391e+02,27621,1.49761094573196e-04,3.61809722853430e-02,4.68681083752097e+02,sinkhorn_cellsim
2.530222e+02,27641,1.48951827093047e-04,3.61809869354402e-02,4.68681092585332e+02,sinkhorn_cellsim
2.532052e+02,27661,1.48150143425052e-04,3.61810011043629e-02,4.68681101398993e+02,sinkhorn_cellsim
2.533883e+02,27681,1.47356598139638e-04,3.61810148747196e-02,4.68681110194125e+02,sinkhorn_cellsim
2.535714e+02,27701,1.46571582441505e-04,3.61810283061393e-02,4.68681118971680e+02,sinkhorn_cellsim
2.537544e+02,27721,1.45794976133511e-04,3.61810414420695e-02,4.68681127732532e+02,sinkhorn_cellsim
2.539375e+02,27741,1.45026909504969e-04,3.61810543145971e-02,4.68681136477488e+02,sinkhorn_cellsim
2.541206e+02,27761,1.44267461360077e-04,3.61810669478346e-02,4.68681145207299e+02,sinkhorn_cellsim
2.543037e+02,27781,1.43516867212709e-04,3.61810793602796e-02,4.68681153922660e+02,sinkhorn_cellsim
2.544867e+02,27801,1.42774787856177e-04,3.61810915664526e-02,4.68681162624220e+02,sinkhorn_cellsim
2.546698e+02,27821,1.42041203972630e-04,3.61811035780337e-02,4.68681171312584e+02,sinkhorn_cellsim
2.548529e+02,27841,1.41316140817701e-04,3.61811154046469e-02,4.68681179988320e+02,sinkhorn_cellsim
2.550359e+02,27861,1.40601040808281e-04,3.61811270544067e-02,4.68681188651959e+02,sinkhorn_cellsim
2.552190e+02,27881,1.39896100680442e-04,3.61811385342980e-02,4.68681197303998e+02,sinkhorn_cellsim
2.554021e+02,27901,1.39199734567060e-04,3.61811498504407e-02,4.68681205944907e+02,sinkhorn_cellsim
2.555851e+02,27921,1.38513138205058e-04,3.61811610082814e-02,4.68681214575126e+02,sinkhorn_cellsim
2.557682e+02,27941,1.37834798044847e-04,3.61811720127252e-02,4.68681223195071e+02,sinkhorn_cellsim
2.559512e+02,27961,1.37164491798710e-04,3.61811828682362e-02,4.68681231805135e+02,sinkhorn_cellsim
2.561343e+02,27981,1.36502278513192e-04,3.61811935789093e-02,4.68681240405688e+02,sinkhorn_cellsim
2.563174e+02,28001,1.35848034153822e-04,3.61812041485264e-02,4.68681248997081e+02,sinkhorn_cellsim
2.565005e+02,28021,1.35201493374974e-04,3.61812145805989e-02,4.68681257579646e+02,sinkhorn_cellsim
2.566835e+02,28041,1.34562547388862e-04,3.61812248784013e-02,4.68681266153700e+02,sinkhorn_cellsim
2.568666e+02,28061,1.33931088111781e-04,3.61812350449998e-02,4.68681274719539e+02,sinkhorn_cellsim
2.570497e+02,28081,1.33307181122284e-04,3.61812450832747e-02,4.68681283277450e+02,sinkhorn_cellsim
2.572327e+02,28101,1.32690765490789e-04,3.61812549959399e-02,4.68681291827702e+02,sinkhorn_cellsim
2.574158e+02,28121,1.32082327124837e-04,3.61812647855595e-02,4.68681300370553e+02,sinkhorn_cellsim
2.575988e+02,28141,1.31481596205831e-04,3.61812744545632e-02,4.68681308906248e+02,sinkhorn_cellsim
2.577819e+02,28161,1.30888069732355e-04,3.61812840052576e-02,4.68681317435020e+02,sinkhorn_cellsim
2.579650e+02,28181,1.30301527475625e-04,3.61812934398381e-02,4.68681325957093e+02,sinkhorn_cellsim
2.581481e+02,28201,1.29721742945066e-04,3.61813027603993e-02,4.68681334472680e+02,sinkhorn_cellsim
2.583311e+02,28221,1.29149008126200e-04,3.61813119689432e-02,4.68681342981984e+02,sinkhorn_cellsim
2.585142e+02,28241,1.28584194131716e-04,3.61813210673873e-02,4.68681351485201e+02,sinkhorn_cellsim
2.586973e+02,28261,1.28026843585440e-04,3.61813300575719e-02,4.68681359982517e+02,sinkhorn_cellsim
2.588803e+02,28281,1.27475819355768e-04,3.61813389412668e-02,4.68681368474110e+02,sinkhorn_cellsim
2.590634e+02,28301,1.26931033707314e-04,3.61813477201766e-02,4.68681376960151e+02,sinkhorn_cellsim
2.592464e+02,28321,1.26392761213765e-04,3.61813563959455e-02,4.68681385440805e+02,sinkhorn_cellsim
2.594295e+02,28341,1.25861204264419e-04,3.61813649701628e-02,4.68681393916230e+02,sinkhorn_cellsim
2.596126e+02,28361,1.25335611212656e-04,3.61813734443669e-02,4.68681402386575e+02,sinkhorn_cellsim
2.597956e+02,28381,1.24815901301905e-04,3.61813818200483e-02,4.68681410851987e+02,sinkhorn_cellsim
2.599787e+02,28401,1.24301995365212e-04,3.61813900986541e-02,4.68681419312605e+02,sinkhorn_cellsim
2.601618e+02,28421,1.23793815781889e-04,3.61813982815903e-02,4.68681427768563e+02,sinkhorn_cellsim
2.603448e+02,28441,1.23291286438668e-04,3.61814063702247e-02,4.68681436219991e+02,sinkhorn_cellsim
2.605279e+02,28461,1.22794332687336e-04,3.61814143658898e-02,4.68681444667012e+02,sinkhorn_cellsim
2.607109e+02,28481,1.22302881303443e-04,3.61814222698844e-02,4.68681453109747e+02,sinkhorn_cellsim
2.608940e+02,28501,1.21816860447007e-04,3.61814300834762e-02,4.68681461548311e+02,sinkhorn_cellsim
2.610771e+02,28521,1.21336199626318e-04,3.61814378079030e-02,4.68681469982815e+02,sinkhorn_cellsim
2.612601e+02,28541,1.20860830688149e-04,3.61814454443755e-02,4.68681478413365e+02,sinkhorn_cellsim
2.614432e+02,28561,1.20390869786176e-04,3.61814529940773e-02,4.68681486840067e+02,sinkhorn_cellsim
2.616263e+02,28581,1.19926099187666e-04,3.61814604581674e-02,4.68681495263018e+02,sinkhorn_cellsim
2.618093e+02,28601,1.19466417317403e-04,3.61814678377815e-02,4.68681503682317e+02,sinkhorn_cellsim
2.619924e+02,28621,1.19011759979933e-04,3.61814751340317e-02,4.68681512098055e+02,sinkhorn_cellsim
2.621755e+02,28641,1.18562064112337e-04,3.61814823480099e-02,4.68681520510323e+02,sinkhorn_cellsim
2.623585e+02,28661,1.18117413529609e-04,3.61814894807865e-02,4.68681528919207e+02,sinkhorn_cellsim
2.625416e+02,28681,1.17677991574449e-04,3.61814965334122e-02,4.68681537324793e+02,sinkhorn_cellsim
2.627247e+02,28701,1.17243476507536e-04,3.61815035069194e-02,4.68681545727160e+02,sinkhorn_cellsim
2.629077e+02,28721,1.16813793113259e-04,3.61815104023216e-02,4.68681554126388e+02,sinkhorn_cellsim
2.630908e+02,28741,1.16388839435397e-04,3.61815172206154e-02,4.68681562522552e+02,sinkhorn_cellsim
2.632739e+02,28761,1.15968479985545e-04,3.61815239627801e-02,4.68681570915727e+02,sinkhorn_cellsim
2.634569e+02,28781,1.15552676057218e-04,3.61815306297789e-02,4.68681579305984e+02,sinkhorn_cellsim
2.636400e+02,28801,1.15141546349328e-04,3.61815372225589e-02,4.68681587693392e+02,sinkhorn_cellsim
2.638231e+02,28821,1.14735256960704e-04,3.61815437420522e-02,4.68681596078017e+02,sinkhorn_cellsim
2.640062e+02,28841,1.14333341050692e-04,3.61815501891761e-02,4.68681604459925e+02,sinkhorn_cellsim
2.641892e+02,28861,1.13935742014489e-04,3.61815565648333e-02,4.68681612839179e+02,sinkhorn_cellsim
2.643723e+02,28881,1.13542977514244e-04,3.61815628699120e-02,4.68681621215840e+02,sinkhorn_cellsim
2.645553e+02,28901,1.13154621667898e-04,3.61815691052880e-02,4.68681629589967e+02,sinkhorn_cellsim
2.647384e+02,28921,1.12770550741640e-04,3.61815752718228e-02,4.68681637961617e+02,sinkhorn_cellsim
2.649215e+02,28941,1.12390730674088e-04,3.61815813703649e-02,4.68681646330846e+02,sinkhorn_cellsim
2.651045e+02,28961,1.12014965158465e-04,3.61815874017507e-02,4.68681654697708e+02,sinkhorn_cellsim
2.652876e+02,28981,1.11643206696692e-04,3.61815933668041e-02,4.68681663062256e+02,sinkhorn_cellsim
2.654707e+02,29001,1.11275408485318e-04,3.61815992663367e-02,4.68681671424541e+02,sinkhorn_cellsim
2.656537e+02,29021,1.10912023078150e-04,3.61816051011485e-02,4.68681679784613e+02,sinkhorn_cellsim
2.658368e+02,29041,1.10553176336154e-04,3.61816108720278e-02,4.68681688142519e+02,sinkhorn_cellsim
2.660199e+02,29061,1.10198147623988e-04,3.61816165797515e-02,4.68681696498306e+02,sinkhorn_cellsim
2.662029e+02,29081,1.09846892624156e-04,3.61816222250856e-02,4.68681704852020e+02,sinkhorn_cellsim
2.663860e+02,29101,1.09499367643486e-04,3.61816278087854e-02,4.68681713203704e+02,sinkhorn_cellsim
2.665691e+02,29121,1.09155529602722e-04,3.61816333315952e-02,4.68681721553403e+02,sinkhorn_cellsim
2.667521e+02,29141,1.08815336021997e-04,3.61816387942488e-02,4.68681729901158e+02,sinkhorn_cellsim
2.669352e+02,29161,1.08478747760210e-04,3.61816441974703e-02,4.68681738247008e+02,sinkhorn_cellsim
2.671183e+02,29181,1.08146210570225e-04,3.61816495419732e-02,4.68681746590995e+02,sinkhorn_cellsim
2.673013e+02,29201,1.07817375153248e-04,3.61816548284613e-02,4.68681754933156e+02,sinkhorn_cellsim
2.674844e+02,29221,1.07492019324795e-04,3.61816600576288e-02,4.68681763273529e+02,sinkhorn_cellsim
2.676675e+02,29241,1.07170252084213e-04,3.61816652301602e-02,4.68681771612151e+02,sinkhorn_cellsim
2.678506e+02,29261,1.06854710796314e-04,3.61816703467309e-02,4.68681779949056e+02,sinkhorn_cellsim
2.680336e+02,29281,1.06544733747102e-04,3.61816754080067e-02,4.68681788284279e+02,sinkhorn_cellsim
2.682167e+02,29301,1.06238180102514e-04,3.61816804146449e-02,4.68681796617854e+02,sinkhorn_cellsim
2.683998e+02,29321,1.05934866597187e-04,3.61816853672932e-02,4.68681804949814e+02,sinkhorn_cellsim
2.685828e+02,29341,1.05634756582587e-04,3.61816902665911e-02,4.68681813280191e+02,sinkhorn_cellsim
2.687659e+02,29361,1.05337813886997e-04,3.61816951131696e-02,4.68681821609015e+02,sinkhorn_cellsim
2.689490e+02,29381,1.05044002807178e-04,3.61816999076509e-02,4.68681829936317e+02,sinkhorn_cellsim
2.691321e+02,29401,1.04753288098454e-04,3.61817046506488e-02,4.68681838262126e+02,sinkhorn_cellsim
2.693151e+02,29421,1.04465726762400e-04,3.61817093427692e-02,4.68681846586472e+02,sinkhorn_cellsim
2.694982e+02,29441,1.04181545691738e-04,3.61817139846100e-02,4.68681854909382e+02,sinkhorn_cellsim
2.696812e+02,29461,1.03900434697028e-04,3.61817185767610e-02,4.68681863230884e+02,sinkhorn_cellsim
2.698643e+02,29481,1.03622820759024e-04,3.61817231198041e-02,4.68681871551004e+02,sinkhorn_cellsim
2.700474e+02,29501,1.03348723944619e-04,3.61817276143137e-02,4.68681879869768e+02,sinkhorn_cellsim
2.702305e+02,29521,1.03077833736795e-04,3.61817320608568e-02,4.68681888187201e+02,sinkhorn_cellsim
2.704135e+02,29541,1.02811667971273e-04,3.61817364599926e-02,4.68681896503329e+02,sinkhorn_cellsim
2.705966e+02,29561,1.02549693432609e-04,3.61817408122732e-02,4.68681904818175e+02,sinkhorn_cellsim
2.707797e+02,29581,1.02290590804080e-04,3.61817451182436e-02,4.68681913131763e+02,sinkhorn_cellsim
2.709627e+02,29601,1.02034200947992e-04,3.61817493784412e-02,4.68681921444115e+02,sinkhorn_cellsim
2.711458e+02,29621,1.01780493883352e-04,3.61817535933971e-02,4.68681929755255e+02,sinkhorn_cellsim
2.713289e+02,29641,1.01529439995922e-04,3.61817577636352e-02,4.68681938065203e+02,sinkhorn_cellsim
2.715120e+02,29661,1.01281010028122e-04,3.61817618896723e-02,4.68681946373982e+02,sinkhorn_cellsim
2.716950e+02,29681,1.01035175075333e-04,3.61817659720191e-02,4.68681954681612e+02,sinkhorn_cellsim
2.718781e+02,29701,1.00791906579520e-04,3.61817700111793e-02,4.68681962988113e+02,sinkhorn_cellsim
2.720612e+02,29721,1.00551176326933e-04,3.61817740076504e-02,4.68681971293505e+02,sinkhorn_cellsim
2.722442e+02,29741,1.00312956435911e-04,3.61817779619234e-02,4.68681979597808e+02,sinkhorn_cellsim
2.724273e+02,29761,1.00077228405047e-04,3.61817818744827e-02,4.68681987901040e+02,sinkhorn_cellsim
2.726104e+02,29781,9.98440180713328e-05,3.61817857458074e-02,4.68681996203220e+02,sinkhorn_cellsim
2.727934e+02,29801,9.96132357293275e-05,3.61817895763694e-02,4.68682004504365e+02,sinkhorn_cellsim
2.729765e+02,29821,9.93849656280537e-05,3.61817933666355e-02,4.68682012804494e+02,sinkhorn_cellsim
2.731595e+02,29841,9.91595099960154e-05,3.61817971170661e-02,4.68682021103623e+02,sinkhorn_cellsim
2.733426e+02,29861,9.89373088955439e-05,3.61818008281158e-02,4.68682029401770e+02,sinkhorn_cellsim
2.735257e+02,29881,9.87177894554276e-05,3.61818045002336e-02,4.68682037698951e+02,sinkhorn_cellsim
2.737087e+02,29901,9.85008301512290e-05,3.61818081338627e-02,4.68682045995181e+02,sinkhorn_cellsim
2.738918e+02,29921,9.82870562512667e-05,3.61818117294408e-02,4.68682054290476e+02,sinkhorn_cellsim
2.740749e+02,29941,9.80760113414666e-05,3.61818152874001e-02,4.68682062584852e+02,sinkhorn_cellsim
2.742580e+02,29961,9.78680357992268e-05,3.61818188081674e-02,4.68682070878323e+02,sinkhorn_cellsim
2.744410e+02,29981,9.76631848223879e-05,3.61818222921640e-02,4.68682079170905e+02,sinkhorn_cellsim
2.746241e+02,30001,9.74607330680471e-05,3.61818257398064e-02,4.68682087462611e+02,sinkhorn_cellsim
2.748071e+02,30021,9.72605691449935e-05,3.61818291515051e-02,4.68682095753455e+02,sinkhorn_cellsim
2.749902e+02,30041,9.70643918188100e-05,3.61818325276663e-02,4.68682104043452e+02,sinkhorn_cellsim
2.751733e+02,30061,9.68706340181961e-05,3.61818358686906e-02,4.68682112332613e+02,sinkhorn_cellsim
2.753564e+02,30081,9.66788985617033e-05,3.61818391749741e-02,4.68682120620953e+02,sinkhorn_cellsim
2.755394e+02,30101,9.64891631977861e-05,3.61818424469077e-02,4.68682128908484e+02,sinkhorn_cellsim
2.757225e+02,30121,9.63014059365314e-05,3.61818456848774e-02,4.68682137195218e+02,sinkhorn_cellsim
2.759056e+02,30141,9.61156400943026e-05,3.61818488892647e-02,4.68682145481168e+02,sinkhorn_cellsim
2.760886e+02,30161,9.59324079924362e-05,3.61818520604461e-02,4.68682153766345e+02,sinkhorn_cellsim
2.762717e+02,30181,9.57517703810424e-05,3.61818551987938e-02,4.68682162050762e+02,sinkhorn_cellsim
2.764548e+02,30201,9.55733858846289e-05,3.61818583046752e-02,4.68682170334429e+02,sinkhorn_cellsim
2.766378e+02,30221,9.53973897262063e-05,3.61818613784534e-02,4.68682178617357e+02,sinkhorn_cellsim
2.768209e+02,30241,9.52235539619722e-05,3.61818644204872e-02,4.68682186899559e+02,sinkhorn_cellsim
2.770040e+02,30261,9.50516022052247e-05,3.61818674311303e-02,4.68682195181043e+02,sinkhorn_cellsim
2.771870e+02,30281,9.48826564123890e-05,3.61818704107330e-02,4.68682203461821e+02,sinkhorn_cellsim
2.773701e+02,30301,9.47163421478929e-05,3.61818733596405e-02,4.68682211741903e+02,sinkhorn_cellsim
2.775532e+02,30321,9.45517592233945e-05,3.61818762781946e-02,4.68682220021298e+02,sinkhorn_cellsim
2.777362e+02,30341,9.43888885621439e-05,3.61818791667328e-02,4.68682228300017e+02,sinkhorn_cellsim
2.779193e+02,30361,9.42277113061734e-05,3.61818820255879e-02,4.68682236578069e+02,sinkhorn_cellsim
2.781024e+02,30381,9.40685068582200e-05,3.61818848550893e-02,4.68682244855463e+02,sinkhorn_cellsim
2.782854e+02,30401,9.39118022208212e-05,3.61818876555626e-02,4.68682253132209e+02,sinkhorn_cellsim
2.784685e+02,30421,9.37573448225951e-05,3.61818904273288e-02,4.68682261408315e+02,sinkhorn_cellsim
2.786516e+02,30441,9.36048494430421e-05,3.61818931707052e-02,4.68682269683790e+02,sinkhorn_cellsim
2.788346e+02,30461,9.34539346362280e-05,3.61818958860060e-02,4.68682277958644e+02,sinkhorn_cellsim
2.790177e+02,30481,9.33045830610222e-05,3.61818985735409e-02,4.68682286232883e+02,sinkhorn_cellsim
2.792008e+02,30501,9.31570926274807e-05,3.61819012336161e-02,4.68682294506517e+02,sinkhorn_cellsim
2.793838e+02,30521,9.30112561978878e-05,3.61819038665346e-02,4.68682302779553e+02,sinkhorn_cellsim
2.795669e+02,30541,9.28677107079320e-05,3.61819064725950e-02,4.68682311051999e+02,sinkhorn_cellsim
2.797500e+02,30561,9.27271539474523e-05,3.61819090520929e-02,4.68682319323863e+02,sinkhorn_cellsim
2.799330e+02,30581,9.25886293899522e-05,3.61819116053205e-02,4.68682327595153e+02,sinkhorn_cellsim
2.801161e+02,30601,9.24517582895682e-05,3.61819141325659e-02,4.68682335865876e+02,sinkhorn_cellsim
2.802992e+02,30621,9.23163023405189e-05,3.61819166341146e-02,4.68682344136039e+02,sinkhorn_cellsim
2.804822e+02,30641,9.21822460118080e-05,3.61819191102482e-02,4.68682352405648e+02,sinkhorn_cellsim
2.806653e+02,30661,9.20496430499169e-05,3.61819215612450e-02,4.68682360674712e+02,sinkhorn_cellsim
2.808483e+02,30681,9.19190261394400e-05,3.61819239873805e-02,4.68682368943237e+02,sinkhorn_cellsim
2.810314e+02,30701,9.17899093535980e-05,3.61819263889263e-02,4.68682377211230e+02,sinkhorn_cellsim
2.812145e+02,30721,9.16625346062488e-05,3.61819287661515e-02,4.68682385478696e+02,sinkhorn_cellsim
2.813975e+02,30741,9.15365330623921e-05,3.61819311193216e-02,4.68682393745643e+02,sinkhorn_cellsim
2.815806e+02,30761,9.14124573575629e-05,3.61819334486991e-02,4.68682402012077e+02,sinkhorn_cellsim
2.817637e+02,30781,9.12898033535946e-05,3.61819357545436e-02,4.68682410278003e+02,sinkhorn_cellsim
2.819467e+02,30801,9.11684110860190e-05,3.61819380371113e-02,4.68682418543428e+02,sinkhorn_cellsim
2.821298e+02,30821,9.10484062284905e-05,3.61819402966558e-02,4.68682426808358e+02,sinkhorn_cellsim
2.823129e+02,30841,9.09304586021217e-05,3.61819425334280e-02,4.68682435072798e+02,sinkhorn_cellsim
2.824959e+02,30861,9.08138080271539e-05,3.61819447476750e-02,4.68682443336754e+02,sinkhorn_cellsim
2.826790e+02,30881,9.06985107831159e-05,3.61819469396419e-02,4.68682451600232e+02,sinkhorn_cellsim
2.828621e+02,30901,9.05843963342790e-05,3.61819491095709e-02,4.68682459863237e+02,sinkhorn_cellsim
2.830451e+02,30921,9.04715026383565e-05,3.61819512577007e-02,4.68682468125774e+02,sinkhorn_cellsim
2.832282e+02,30941,9.03600016641064e-05,3.61819533842681e-02,4.68682476387849e+02,sinkhorn_cellsim
2.834113e+02,30961,9.02506207688564e-05,3.61819554895068e-02,4.68682484649466e+02,sinkhorn_cellsim
2.835944e+02,30981,9.01434562605017e-05,3.61819575736476e-02,4.68682492910631e+02,sinkhorn_cellsim
2.837774e+02,31001,9.00373901450583e-05,3.61819596369196e-02,4.68682501171348e+02,sinkhorn_cellsim
2.839605e+02,31021,8.99324104242195e-05,3.61819616795478e-02,4.68682509431623e+02,sinkhorn_cellsim
2.841436e+02,31041,8.98285052392074e-05,3.61819637017559e-02,4.68682517691460e+02,sinkhorn_cellsim
2.843266e+02,31061,8.97256628676615e-05,3.61819657037648e-02,4.68682525950863e+02,sinkhorn_cellsim
2.845097e+02,31081,8.96238717230093e-05,3.61819676857924e-02,4.68682534209837e+02,sinkhorn_cellsim
2.846928e+02,31101,8.95242464431397e-05,3.61819696480543e-02,4.68682542468387e+02,sinkhorn_cellsim
2.848758e+02,31121,8.94262760453171e-05,3.61819715907643e-02,4.68682550726518e+02,sinkhorn_cellsim
2.850589e+02,31141,8.93293069756816e-05,3.61819735141329e-02,4.68682558984232e+02,sinkhorn_cellsim
2.852419e+02,31161,8.92339579094920e-05,3.61819754183689e-02,4.68682567241535e+02,sinkhorn_cellsim
2.854250e+02,31181,8.91397477318368e-05,3.61819773036782e-02,4.68682575498430e+02,sinkhorn_cellsim
2.856081e+02,31201,8.90471104956532e-05,3.61819791702647e-02,4.68682583754922e+02,sinkhorn_cellsim
2.857911e+02,31221,8.89565288239363e-05,3.61819810183304e-02,4.68682592011014e+02,sinkhorn_cellsim
2.859742e+02,31241,8.88668708126703e-05,3.61819828480743e-02,4.68682600266711e+02,sinkhorn_cellsim
2.861573e+02,31261,8.87782867716054e-05,3.61819846596935e-02,4.68682608522016e+02,sinkhorn_cellsim
2.863403e+02,31281,8.86906631770324e-05,3.61819864533828e-02,4.68682616776933e+02,sinkhorn_cellsim
2.865234e+02,31301,8.86039856759535e-05,3.61819882293351e-02,4.68682625031465e+02,sinkhorn_cellsim
2.867065e+02,31321,8.85182798521993e-05,3.61819899877411e-02,4.68682633285617e+02,sinkhorn_cellsim
2.868895e+02,31341,8.84335911200517e-05,3.61819917287890e-02,4.68682641539391e+02,sinkhorn_cellsim
2.870726e+02,31361,8.83506530716008e-05,3.61819934526654e-02,4.68682649792791e+02,sinkhorn_cellsim
2.872556e+02,31381,8.82687094841709e-05,3.61819951595544e-02,4.68682658045822e+02,sinkhorn_cellsim
2.874387e+02,31401,8.81878520925604e-05,3.61819968496387e-02,4.68682666298485e+02,sinkhorn_cellsim
2.876218e+02,31421,8.81078428420672e-05,3.61819985230982e-02,4.68682674550784e+02,sinkhorn_cellsim
2.878048e+02,31441,8.80286416788256e-05,3.61820001801114e-02,4.68682682802722e+02,sinkhorn_cellsim
2.879879e+02,31461,8.79511051471161e-05,3.61820018208545e-02,4.68682691054303e+02,sinkhorn_cellsim
2.881710e+02,31481,8.78744956493017e-05,3.61820034455020e-02,4.68682699305530e+02,sinkhorn_cellsim
2.883540e+02,31501,8.77986566964703e-05,3.61820050542266e-02,4.68682707556406e+02,sinkhorn_cellsim
2.885371e+02,31521,8.77235800314912e-05,3.61820066471985e-02,4.68682715806933e+02,sinkhorn_cellsim
2.887202e+02,31541,8.76494705756536e-05,3.61820082245867e-02,4.68682724057115e+02,sinkhorn_cellsim
2.889032e+02,31561,8.75761615762529e-05,3.61820097865582e-02,4.68682732306954e+02,sinkhorn_cellsim
2.890863e+02,31581,8.75035879468927e-05,3.61820113332780e-02,4.68682740556454e+02,sinkhorn_cellsim
2.892694e+02,31601,8.74318150900351e-05,3.61820128649092e-02,4.68682748805617e+02,sinkhorn_cellsim
2.894524e+02,31621,8.73609125817000e-05,3.61820143816138e-02,4.68682757054445e+02,sinkhorn_cellsim
2.896355e+02,31641,8.72907205429717e-05,3.61820158835510e-02,4.68682765302943e+02,sinkhorn_cellsim
2.898186e+02,31661,8.72214103884622e-05,3.61820173708794e-02,4.68682773551111e+02,sinkhorn_cellsim
2.900016e+02,31681,8.71533951153072e-05,3.61820188437552e-02,4.68682781798954e+02,sinkhorn_cellsim
2.901847e+02,31701,8.70862419986733e-05,3.61820203023329e-02,4.68682790046473e+02,sinkhorn_cellsim
2.903678e+02,31721,8.70204627614567e-05,3.61820217467658e-02,4.68682798293670e+02,sinkhorn_cellsim
2.905508e+02,31741,8.69557977592739e-05,3.61820231772048e-02,4.68682806540549e+02,sinkhorn_cellsim
2.907339e+02,31761,8.68927820836695e-05,3.61820245938001e-02,4.68682814787112e+02,sinkhorn_cellsim
2.909170e+02,31781,8.68309127222628e-05,3.61820259966996e-02,4.68682823033361e+02,sinkhorn_cellsim
2.911001e+02,31801,8.67700228858072e-05,3.61820273860500e-02,4.68682831279298e+02,sinkhorn_cellsim
2.912831e+02,31821,8.67106336097080e-05,3.61820287619960e-02,4.68682839524927e+02,sinkhorn_cellsim
2.914662e+02,31841,8.66521604443611e-05,3.61820301246812e-02,4.68682847770248e+02,sinkhorn_cellsim
2.916492e+02,31861,8.65944555048357e-05,3.61820314742479e-02,4.68682856015265e+02,sinkhorn_cellsim
2.918323e+02,31881,8.65373408288897e-05,3.61820328108358e-02,4.68682864259979e+02,sinkhorn_cellsim
2.920154e+02,31901,8.64808000728032e-05,3.61820341345843e-02,4.68682872504394e+02,sinkhorn_cellsim
2.921984e+02,31921,8.64251661742453e-05,3.61820354456307e-02,4.68682880748509e+02,sinkhorn_cellsim
2.923815e+02,31941,8.63705124054338e-05,3.61820367441109e-02,4.68682888992329e+02,sinkhorn_cellsim
2.925645e+02,31961,8.63171247327362e-05,3.61820380301595e-02,4.68682897235855e+02,sinkhorn_cellsim
2.927476e+02,31981,8.62645705850031e-05,3.61820393039096e-02,4.68682905479089e+02,sinkhorn_cellsim
2.929307e+02,32001,8.62127086454534e-05,3.61820405654929e-02,4.68682913722033e+02,sinkhorn_cellsim
2.931138e+02,32021,8.61614143414177e-05,3.61820418150397e-02,4.68682921964689e+02,sinkhorn_cellsim
2.932968e+02,32041,8.61106358701462e-05,3.61820430526791e-02,4.68682930207059e+02,sinkhorn_cellsim
2.934799e+02,32061,8.60603676366111e-05,3.61820442785387e-02,4.68682938449145e+02,sinkhorn_cellsim
2.936630e+02,32081,8.60106041074067e-05,3.61820454927443e-02,4.68682946690949e+02,sinkhorn_cellsim
2.938460e+02,32101,8.59613398193084e-05,3.61820466954215e-02,4.68682954932472e+02,sinkhorn_cellsim
2.940291e+02,32121,8.59125693940357e-05,3.61820478866931e-02,4.68682963173717e+02,sinkhorn_cellsim
2.942122e+02,32141,8.58645670777224e-05,3.61820490666823e-02,4.68682971414685e+02,sinkhorn_cellsim
2.943952e+02,32161,8.58178434351385e-05,3.61820502355095e-02,4.68682979655379e+02,sinkhorn_cellsim
2.945783e+02,32181,8.57733621686187e-05,3.61820513932946e-02,4.68682987895799e+02,sinkhorn_cellsim
2.947613e+02,32201,8.57311145706569e-05,3.61820525401563e-02,4.68682996135947e+02,sinkhorn_cellsim
2.949444e+02,32221,8.56895970731838e-05,3.61820536762119e-02,4.68683004375826e+02,sinkhorn_cellsim
2.951275e+02,32241,8.56498062494922e-05,3.61820548015771e-02,4.68683012615437e+02,sinkhorn_cellsim
2.953105e+02,32261,8.56138464006044e-05,3.61820559163669e-02,4.68683020854781e+02,sinkhorn_cellsim
2.954936e+02,32281,8.55790174184443e-05,3.61820570206950e-02,4.68683029093861e+02,sinkhorn_cellsim
2.956767e+02,32301,8.55450803273850e-05,3.61820581146739e-02,4.68683037332678e+02,sinkhorn_cellsim
2.958597e+02,32321,8.55117701636842e-05,3.61820591984147e-02,4.68683045571233e+02,sinkhorn_cellsim
2.960428e+02,32341,8.54796635226948e-05,3.61820602720276e-02,4.68683053809528e+02,sinkhorn_cellsim
2.962259e+02,32361,8.54495550908600e-05,3.61820613356218e-02,4.68683062047565e+02,sinkhorn_cellsim
2.964089e+02,32381,8.54201229896945e-05,3.61820623893046e-02,4.68683070285345e+02,sinkhorn_cellsim
2.965920e+02,32401,8.53938939280615e-05,3.61820634331833e-02,4.68683078522869e+02,sinkhorn_cellsim
2.967751e+02,32421,8.53691387785305e-05,3.61820644673632e-02,4.68683086760140e+02,sinkhorn_cellsim
2.969581e+02,32441,8.53462356043989e-05,3.61820654919488e-02,4.68683094997159e+02,sinkhorn_cellsim
2.971412e+02,32461,8.53247312627311e-05,3.61820665070435e-02,4.68683103233926e+02,sinkhorn_cellsim
2.973243e+02,32481,8.53055747654943e-05,3.61820675127497e-02,4.68683111470445e+02,sinkhorn_cellsim
2.975073e+02,32501,8.52952511289593e-05,3.61820685091687e-02,4.68683119706715e+02,sinkhorn_cellsim
2.976904e+02,32521,8.52889132367082e-05,3.61820694964006e-02,4.68683127942739e+02,sinkhorn_cellsim
2.978735e+02,32541,8.52834836503235e-05,3.61820704745448e-02,4.68683136178517e+02,sinkhorn_cellsim
2.980565e+02,32561,8.52791139120582e-05,3.61820714436992e-02,4.68683144414052e+02,sinkhorn_cellsim
2.982396e+02,32581,8.52748756505223e-05,3.61820724039610e-02,4.68683152649344e+02,sinkhorn_cellsim
2.984227e+02,32601,8.52706778504625e-05,3.61820733554265e-02,4.68683160884396e+02,sinkhorn_cellsim
2.986057e+02,32621,8.52668112816816e-05,3.61820742981903e-02,4.68683169119208e+02,sinkhorn_cellsim
2.987888e+02,32641,8.52641109477333e-05,3.61820752323469e-02,4.68683177353781e+02,sinkhorn_cellsim
2.989719e+02,32661,8.52621449705654e-05,3.61820761579895e-02,4.68683185588117e+02,sinkhorn_cellsim
2.991549e+02,32681,8.52603029254330e-05,3.61820770752100e-02,4.68683193822218e+02,sinkhorn_cellsim
2.993380e+02,32701,8.52584767498322e-05,3.61820779840998e-02,4.68683202056084e+02,sinkhorn_cellsim
2.995211e+02,32721,8.52566662982140e-05,3.61820788847488e-02,4.68683210289717e+02,sinkhorn_cellsim
2.997041e+02,32741,8.52548714279011e-05,3.61820797772465e-02,4.68683218523118e+02,sinkhorn_cellsim
2.998872e+02,32761,8.52530919997878e-05,3.61820806616815e-02,4.68683226756288e+02,sinkhorn_cellsim
3.000702e+02,32781,8.52513278703388e-05,3.61820815381405e-02,4.68683234989229e+02,sinkhorn_cellsim
3.002533e+02,32801,8.52495789044074e-05,3.61820824067107e-02,4.68683243221942e+02,sinkhorn_cellsim
3.004364e+02,32821,8.52478449622297e-05,3.61820832674774e-02,4.68683251454428e+02,sinkhorn_cellsim
3.006194e+02,32841,8.52461259118943e-05,3.61820841205253e-02,4.68683259686688e+02,sinkhorn_cellsim
3.008025e+02,32861,8.52444216124925e-05,3.61820849659382e-02,4.68683267918724e+02,sinkhorn_cellsim
3.009856e+02,32881,8.52427319366822e-05,3.61820858037990e-02,4.68683276150536e+02,sinkhorn_cellsim
3.011686e+02,32901,8.52410567503391e-05,3.61820866341897e-02,4.68683284382126e+02,sinkhorn_cellsim
3.013517e+02,32921,8.52393959223848e-05,3.61820874571916e-02,4.68683292613495e+02,sinkhorn_cellsim
3.015348e+02,32941,8.52377493254031e-05,3.61820882728847e-02,4.68683300844644e+02,sinkhorn_cellsim
3.017178e+02,32961,8.52361168292388e-05,3.61820890813486e-02,4.68683309075575e+02,sinkhorn_cellsim
3.019009e+02,32981,8.52344983074249e-05,3.61820898826618e-02,4.68683317306288e+02,sinkhorn_cellsim
3.020839e+02,33001,8.52328936351522e-05,3.61820906769022e-02,4.68683325536784e+02,sinkhorn_cellsim
3.022670e+02,33021,8.52313026898621e-05,3.61820914641467e-02,4.68683333767066e+02,sinkhorn_cellsim
3.024501e+02,33041,8.52297253443571e-05,3.61820922444711e-02,4.68683341997133e+02,sinkhorn_cellsim
3.026331e+02,33061,8.52281614804255e-05,3.61820930179510e-02,4.68683350226987e+02,sinkhorn_cellsim
3.028162e+02,33081,8.52266109729084e-05,3.61820937846606e-02,4.68683358456630e+02,sinkhorn_cellsim
3.029993e+02,33101,8.52250737068836e-05,3.61820945446737e-02,4.68683366686061e+02,sinkhorn_cellsim
3.031823e+02,33121,8.52235495605103e-05,3.61820952980630e-02,4.68683374915283e+02,sinkhorn_cellsim
3.033654e+02,33141,8.52220384173702e-05,3.61820960449006e-02,4.68683383144296e+02,sinkhorn_cellsim
3.035485e+02,33161,8.52205401627463e-05,3.61820967852578e-02,4.68683391373102e+02,sinkhorn_cellsim
3.037315e+02,33181,8.52190546813167e-05,3.61820975192053e-02,4.68683399601701e+02,sinkhorn_cellsim
3.039146e+02,33201,8.52175818572057e-05,3.61820982468123e-02,4.68683407830094e+02,sinkhorn_cellsim
3.040976e+02,33221,8.52161215781828e-05,3.61820989681481e-02,4.68683416058284e+02,sinkhorn_cellsim
3.042807e+02,33241,8.52146737333013e-05,3.61820996832808e-02,4.68683424286270e+02,sinkhorn_cellsim
3.044638e+02,33261,8.52132382120050e-05,3.61821003922780e-02,4.68683432514053e+02,sinkhorn_cellsim
3.046468e+02,33281,8.52118149029810e-05,3.61821010952060e-02,4.68683440741636e+02,sinkhorn_cellsim
3.048299e+02,33301,8.52104036983722e-05,3.61821017921309e-02,4.68683448969018e+02,sinkhorn_cellsim
3.050129e+02,33321,8.52090044914394e-05,3.61821024831181e-02,4.68683457196202e+02,sinkhorn_cellsim
3.051960e+02,33341,8.52076171751920e-05,3.61821031682318e-02,4.68683465423187e+02,sinkhorn_cellsim
3.053791e+02,33361,8.52062416422225e-05,3.61821038475359e-02,4.68683473649975e+02,sinkhorn_cellsim
3.055621e+02,33381,8.52048777907043e-05,3.61821045210932e-02,4.68683481876567e+02,sinkhorn_cellsim
3.057452e+02,33401,8.52035255157131e-05,3.61821051889664e-02,4.68683490102964e+02,sinkhorn_cellsim
3.059283e+02,33421,8.52021847135181e-05,3.61821058512166e-02,4.68683498329167e+02,sinkhorn_cellsim
3.061113e+02,33441,8.52008552843825e-05,3.61821065079050e-02,4.68683506555177e+02,sinkhorn_cellsim
3.062944e+02,33461,8.51995371266226e-05,3.61821071590917e-02,4.68683514780995e+02,sinkhorn_cellsim
3.064775e+02,33481,8.51982301401520e-05,3.61821078048362e-02,4.68683523006621e+02,sinkhorn_cellsim
3.066605e+02,33501,8.51969342276025e-05,3.61821084451974e-02,4.68683531232058e+02,sinkhorn_cellsim
3.068436e+02,33521,8.51956492881631e-05,3.61821090802334e-02,4.68683539457306e+02,sinkhorn_cellsim
3.070267e+02,33541,8.51943752290808e-05,3.61821097100015e-02,4.68683547682366e+02,sinkhorn_cellsim
3.072097e+02,33561,8.51931119522681e-05,3.61821103345587e-02,4.68683555907239e+02,sinkhorn_cellsim
3.073928e+02,33581,8.51918593608749e-05,3.61821109539609e-02,4.68683564131925e+02,sinkhorn_cellsim
3.075760e+02,33601,8.51906173617265e-05,3.61821115682636e-02,4.68683572356427e+02,sinkhorn_cellsim
3.077591e+02,33621,8.51893858635160e-05,3.61821121775218e-02,4.68683580580745e+02,sinkhorn_cellsim
3.079422e+02,33641,8.51881647708454e-05,3.61821127817895e-02,4.68683588804879e+02,sinkhorn_cellsim
3.081252e+02,33661,8.51869539932953e-05,3.61821133811201e-02,4.68683597028831e+02,sinkhorn_cellsim
3.083083e+02,33681,8.51857534395436e-05,3.61821139755665e-02,4.68683605252602e+02,sinkhorn_cellsim
3.084914e+02,33701,8.51845630199761e-05,3.61821145651809e-02,4.68683613476193e+02,sinkhorn_cellsim
3.086744e+02,33721,8.51833826469852e-05,3.61821151500149e-02,4.68683621699604e+02,sinkhorn_cellsim
3.088575e+02,33741,8.51822122283358e-05,3.61821157301196e-02,4.68683629922837e+02,sinkhorn_cellsim
3.090406e+02,33761,8.51810516808150e-05,3.61821163055453e-02,4.68683638145893e+02,sinkhorn_cellsim
3.092236e+02,33781,8.51799009158481e-05,3.61821168763415e-02,4.68683646368772e+02,sinkhorn_cellsim
3.094067e+02,33801,8.51787598466065e-05,3.61821174425574e-02,4.68683654591476e+02,sinkhorn_cellsim
3.095898e+02,33821,8.51776283901128e-05,3.61821180042416e-02,4.68683662814005e+02,sinkhorn_cellsim
3.097728e+02,33841,8.51765064601386e-05,3.61821185614418e-02,4.68683671036361e+02,sinkhorn_cellsim
3.099559e+02,33861,8.51753939743266e-05,3.61821191142055e-02,4.68683679258544e+02,sinkhorn_cellsim
3.101390e+02,33881,8.51742908484655e-05,3.61821196625794e-02,4.68683687480556e+02,sinkhorn_cellsim
3.103237e+02,33901,8.51731970026127e-05,3.61821202066094e-02,4.68683695702397e+02,sinkhorn_cellsim
3.105068e+02,33921,8.51721123534216e-05,3.61821207463411e-02,4.68683703924068e+02,sinkhorn_cellsim
3.106898e+02,33941,8.51710368216703e-05,3.61821212818195e-02,4.68683712145570e+02,sinkhorn_cellsim
3.108729e+02,33961,8.51699703291579e-05,3.61821218130891e-02,4.68683720366904e+02,sinkhorn_cellsim
3.110560e+02,33981,8.51689127928041e-05,3.61821223401933e-02,4.68683728588071e+02,sinkhorn_cellsim
3.112390e+02,34001,8.51678641375723e-05,3.61821228631758e-02,4.68683736809073e+02,sinkhorn_cellsim
3.114221e+02,34021,8.51668242853021e-05,3.61821233820789e-02,4.68683745029909e+02,sinkhorn_cellsim
3.116051e+02,34041,8.51657931582860e-05,3.61821238969450e-02,4.68683753250581e+02,sinkhorn_cellsim
3.117882e+02,34061,8.51647706810130e-05,3.61821244078155e-02,4.68683761471089e+02,sinkhorn_cellsim
3.119713e+02,34081,8.51637567766200e-05,3.61821249147313e-02,4.68683769691436e+02,sinkhorn_cellsim
3.121543e+02,34101,8.51627513718353e-05,3.61821254177331e-02,4.68683777911621e+02,sinkhorn_cellsim
3.123374e+02,34121,8.51617543927050e-05,3.61821259168606e-02,4.68683786131645e+02,sinkhorn_cellsim
3.125205e+02,34141,8.51607657658029e-05,3.61821264121536e-02,4.68683794351510e+02,sinkhorn_cellsim
3.127035e+02,34161,8.51597854160820e-05,3.61821269036505e-02,4.68683802571217e+02,sinkhorn_cellsim
3.128866e+02,34181,8.51588132750443e-05,3.61821273913901e-02,4.68683810790765e+02,sinkhorn_cellsim
3.130696e+02,34201,8.51578492666510e-05,3.61821278754097e-02,4.68683819010157e+02,sinkhorn_cellsim
3.132527e+02,34221,8.51568933240590e-05,3.61821283557470e-02,4.68683827229393e+02,sinkhorn_cellsim
3.134358e+02,34241,8.51559453763586e-05,3.61821288324387e-02,4.68683835448474e+02,sinkhorn_cellsim
3.136188e+02,34261,8.51550053530455e-05,3.61821293055210e-02,4.68683843667401e+02,sinkhorn_cellsim
3.138019e+02,34281,8.51540731858619e-05,3.61821297750300e-02,4.68683851886175e+02,sinkhorn_cellsim
3.139849e+02,34301,8.51531488050704e-05,3.61821302410004e-02,4.68683860104797e+02,sinkhorn_cellsim
3.141680e+02,34321,8.51522321450839e-05,3.61821307034677e-02,4.68683868323267e+02,sinkhorn_cellsim
3.143510e+02,34341,8.51513231365440e-05,3.61821311624656e-02,4.68683876541587e+02,sinkhorn_cellsim
3.145341e+02,34361,8.51504217155697e-05,3.61821316180283e-02,4.68683884759758e+02,sinkhorn_cellsim
3.147172e+02,34381,8.51495278144470e-05,3.61821320701892e-02,4.68683892977779e+02,sinkhorn_cellsim
3.149002e+02,34401,8.51486413694662e-05,3.61821325189810e-02,4.68683901195654e+02,sinkhorn_cellsim
3.150833e+02,34421,8.51477623135568e-05,3.61821329644361e-02,4.68683909413381e+02,sinkhorn_cellsim
3.152664e+02,34441,8.51468905855556e-05,3.61821334065866e-02,4.68683917630963e+02,sinkhorn_cellsim
3.154494e+02,34461,8.51460261199496e-05,3.61821338454637e-02,4.68683925848399e+02,sinkhorn_cellsim
3.156325e+02,34481,8.51451688547356e-05,3.61821342810988e-02,4.68683934065692e+02,sinkhorn_cellsim
3.158156e+02,34501,8.51443187264213e-05,3.61821347135222e-02,4.68683942282841e+02,sinkhorn_cellsim
3.159986e+02,34521,8.51434756749523e-05,3.61821351427643e-02,4.68683950499848e+02,sinkhorn_cellsim
3.161817e+02,34541,8.51426396386392e-05,3.61821355688547e-02,4.68683958716714e+02,sinkhorn_cellsim
3.163647e+02,34561,8.51423681254910e-05,3.61821359918223e-02,4.68683966933439e+02,sinkhorn_cellsim
3.165478e+02,34581,8.51423681256263e-05,3.61821364116966e-02,4.68683975150025e+02,sinkhorn_cellsim
3.167309e+02,34601,8.51423681246697e-05,3.61821368285052e-02,4.68683983366471e+02,sinkhorn_cellsim
3.169139e+02,34621,8.51423681244522e-05,3.61821372422768e-02,4.68683991582780e+02,sinkhorn_cellsim
3.170970e+02,34641,8.51423681239725e-05,3.61821376530387e-02,4.68683999798953e+02,sinkhorn_cellsim
3.172800e+02,34661,8.51423681257064e-05,3.61821380608180e-02,4.68684008014989e+02,sinkhorn_cellsim
3.174631e+02,34681,8.51423681238808e-05,3.61821384656413e-02,4.68684016230890e+02,sinkhorn_cellsim
3.176462e+02,34701,8.51423681250841e-05,3.61821388675353e-02,4.68684024446656e+02,sinkhorn_cellsim
3.178292e+02,34721,8.51423681248442e-05,3.61821392665256e-02,4.68684032662289e+02,sinkhorn_cellsim
3.180123e+02,34741,8.51423681240445e-05,3.61821396626379e-02,4.68684040877790e+02,sinkhorn_cellsim
3.181954e+02,34761,8.51423681252923e-05,3.61821400558974e-02,4.68684049093159e+02,sinkhorn_cellsim
3.183784e+02,34781,8.51423681240078e-05,3.61821404463289e-02,4.68684057308397e+02,sinkhorn_cellsim
3.185615e+02,34801,8.51423681250360e-05,3.61821408339568e-02,4.68684065523505e+02,sinkhorn_cellsim
3.187445e+02,34821,8.51423681254434e-05,3.61821412188048e-02,4.68684073738485e+02,sinkhorn_cellsim
3.189276e+02,34841,8.51423681247126e-05,3.61821416008969e-02,4.68684081953336e+02,sinkhorn_cellsim
3.191106e+02,34861,8.51423681233992e-05,3.61821419802561e-02,4.68684090168059e+02,sinkhorn_cellsim
3.192937e+02,34881,8.51423681236394e-05,3.61821423569057e-02,4.68684098382657e+02,sinkhorn_cellsim
3.194767e+02,34901,8.51423681237983e-05,3.61821427308679e-02,4.68684106597128e+02,sinkhorn_cellsim
3.196598e+02,34921,8.51423681254790e-05,3.61821431021653e-02,4.68684114811475e+02,sinkhorn_cellsim
3.198429e+02,34941,8.51423681240518e-05,3.61821434708193e-02,4.68684123025698e+02,sinkhorn_cellsim
3.200259e+02,34961,8.51423681251234e-05,3.61821438368518e-02,4.68684131239798e+02,sinkhorn_cellsim
3.202090e+02,34981,8.51423681254711e-05,3.61821442002839e-02,4.68684139453776e+02,sinkhorn_cellsim
3.203921e+02,35001,8.51423681243936e-05,3.61821445611360e-02,4.68684147667632e+02,sinkhorn_cellsim
3.205751e+02,35021,8.51423681245647e-05,3.61821449194293e-02,4.68684155881368e+02,sinkhorn_cellsim
3.207582e+02,35041,8.51423681238397e-05,3.61821452751839e-02,4.68684164094985e+02,sinkhorn_cellsim
3.209412e+02,35061,8.51423681251623e-05,3.61821456284193e-02,4.68684172308482e+02,sinkhorn_cellsim
3.211243e+02,35081,8.51423681256194e-05,3.61821459791555e-02,4.68684180521861e+02,sinkhorn_cellsim
3.213073e+02,35101,8.51423681248797e-05,3.61821463274113e-02,4.68684188735124e+02,sinkhorn_cellsim
3.214904e+02,35121,8.51423681245633e-05,3.61821466732059e-02,4.68684196948270e+02,sinkhorn_cellsim
3.216734e+02,35141,8.51423681249890e-05,3.61821470165582e-02,4.68684205161300e+02,sinkhorn_cellsim
3.218565e+02,35161,8.51423681235742e-05,3.61821473574859e-02,4.68684213374216e+02,sinkhorn_cellsim
3.220395e+02,35181,8.51423681240044e-05,3.61821476960078e-02,4.68684221587018e+02,sinkhorn_cellsim
3.222226e+02,35201,8.51423681244057e-05,3.61821480321413e-02,4.68684229799706e+02,sinkhorn_cellsim
3.224057e+02,35221,8.51423681243431e-05,3.61821483659041e-02,4.68684238012283e+02,sinkhorn_cellsim
3.225887e+02,35241,8.51423681240717e-05,3.61821486973131e-02,4.68684246224748e+02,sinkhorn_cellsim
3.227718e+02,35261,8.51423681234412e-05,3.61821490263855e-02,4.68684254437102e+02,sinkhorn_cellsim
3.229549e+02,35281,8.51423681254847e-05,3.61821493531380e-02,4.68684262649347e+02,sinkhorn_cellsim
3.231379e+02,35301,8.51423681245278e-05,3.61821496775867e-02,4.68684270861482e+02,sinkhorn_cellsim
3.233210e+02,35321,8.51423681244024e-05,3.61821499997482e-02,4.68684279073509e+02,sinkhorn_cellsim
3.235041e+02,35341,8.51423681239388e-05,3.61821503196379e-02,4.68684287285429e+02,sinkhorn_cellsim
3.236871e+02,35361,8.51423681248028e-05,3.61821506372720e-02,4.68684295497242e+02,sinkhorn_cellsim
3.238702e+02,35381,8.51423681255137e-05,3.61821509526657e-02,4.68684303708949e+02,sinkhorn_cellsim
3.240533e+02,35401,8.51423681248533e-05,3.61821512658338e-02,4.68684311920551e+02,sinkhorn_cellsim
3.242363e+02,35421,8.51423681245311e-05,3.61821515767915e-02,4.68684320132048e+02,sinkhorn_cellsim
3.244194e+02,35441,8.51423681253378e-05,3.61821518855536e-02,4.68684328343442e+02,sinkhorn_cellsim
3.246024e+02,35461,8.51423681246858e-05,3.61821521921344e-02,4.68684336554733e+02,sinkhorn_cellsim
3.247855e+02,35481,8.51423681242422e-05,3.61821524965480e-02,4.68684344765921e+02,sinkhorn_cellsim
3.249686e+02,35501,8.51423681248924e-05,3.61821527988087e-02,4.68684352977009e+02,sinkhorn_cellsim
3.251516e+02,35521,8.51423681241496e-05,3.61821530989301e-02,4.68684361187995e+02,sinkhorn_cellsim
3.253347e+02,35541,8.51423681253076e-05,3.61821533969259e-02,4.68684369398882e+02,sinkhorn_cellsim
3.255178e+02,35561,8.51423681248400e-05,3.61821536928093e-02,4.68684377609670e+02,sinkhorn_cellsim
3.257008e+02,35581,8.51423681245108e-05,3.61821539865934e-02,4.68684385820359e+02,sinkhorn_cellsim
3.258839e+02,35601,8.51423681239133e-05,3.61821542782915e-02,4.68684394030950e+02,sinkhorn_cellsim
3.260669e+02,35621,8.51423681257877e-05,3.61821545679161e-02,4.68684402241444e+02,sinkhorn_cellsim
3.262500e+02,35641,8.51423681256615e-05,3.61821548554796e-02,4.68684410451842e+02,sinkhorn_cellsim
3.264330e+02,35661,8.51423681242240e-05,3.61821551409948e-02,4.68684418662145e+02,sinkhorn_cellsim
3.266161e+02,35681,8.51423681249830e-05,3.61821554244735e-02,4.68684426872352e+02,sinkhorn_cellsim
3.267992e+02,35701,8.51423681247662e-05,3.61821557059279e-02,4.68684435082465e+02,sinkhorn_cellsim
3.269822e+02,35721,8.51423681244593e-05,3.61821559853698e-02,4.68684443292485e+02,sinkhorn_cellsim
3.271653e+02,35741,8.51423681250860e-05,3.61821562628109e-02,4.68684451502412e+02,sinkhorn_cellsim
3.273484e+02,35761,8.51423681249028e-05,3.61821565382624e-02,4.68684459712246e+02,sinkhorn_cellsim
3.275314e+02,35781,8.51423681245573e-05,3.61821568117360e-02,4.68684467921989e+02,sinkhorn_cellsim
3.277145e+02,35801,8.51423681237427e-05,3.61821570832425e-02,4.68684476131641e+02,sinkhorn_cellsim
3.278976e+02,35821,8.51423681245331e-05,3.61821573527931e-02,4.68684484341203e+02,sinkhorn_cellsim
3.280806e+02,35841,8.51423681247440e-05,3.61821576203986e-02,4.68684492550676e+02,sinkhorn_cellsim
3.282637e+02,35861,8.51423681244289e-05,3.61821578860696e-02,4.68684500760059e+02,sinkhorn_cellsim
3.284467e+02,35881,8.51423681239117e-05,3.61821581498164e-02,4.68684508969354e+02,sinkhorn_cellsim
3.286298e+02,35901,8.51423681250480e-05,3.61821584116500e-02,4.68684517178562e+02,sinkhorn_cellsim
3.288129e+02,35921,8.51423681255323e-05,3.61821586715800e-02,4.68684525387682e+02,sinkhorn_cellsim
3.289959e+02,35941,8.51423681244963e-05,3.61821589296167e-02,4.68684533596716e+02,sinkhorn_cellsim
3.291790e+02,35961,8.51423681247386e-05,3.61821591857703e-02,4.68684541805664e+02,sinkhorn_cellsim
3.293621e+02,35981,8.51423681244162e-05,3.61821594400501e-02,4.68684550014527e+02,sinkhorn_cellsim
3.295451e+02,36001,8.51423681248754e-05,3.61821596924662e-02,4.68684558223305e+02,sinkhorn_cellsim
3.297282e+02,36021,8.51423681249942e-05,3.61821599430280e-02,4.68684566431999e+02,sinkhorn_cellsim
3.299112e+02,36041,8.51423681242530e-05,3.61821601917448e-02,4.68684574640610e+02,sinkhorn_cellsim
3.300943e+02,36061,8.51423681253257e-05,3.61821604386264e-02,4.68684582849138e+02,sinkhorn_cellsim
3.302774e+02,36081,8.51423681242171e-05,3.61821606836812e-02,4.68684591057583e+02,sinkhorn_cellsim
3.304604e+02,36101,8.51423681256420e-05,3.61821609269189e-02,4.68684599265946e+02,sinkhorn_cellsim
3.306435e+02,36121,8.51423681240007e-05,3.61821611683480e-02,4.68684607474229e+02,sinkhorn_cellsim
3.308265e+02,36141,8.51423681242317e-05,3.61821614079778e-02,4.68684615682430e+02,sinkhorn_cellsim
3.310096e+02,36161,8.51423681248091e-05,3.61821616458168e-02,4.68684623890551e+02,sinkhorn_cellsim
3.311927e+02,36181,8.51423681251474e-05,3.61821618818736e-02,4.68684632098593e+02,sinkhorn_cellsim
3.313757e+02,36201,8.51423681249234e-05,3.61821621161566e-02,4.68684640306555e+02,sinkhorn_cellsim
3.315588e+02,36221,8.51423681248701e-05,3.61821623486742e-02,4.68684648514439e+02,sinkhorn_cellsim
3.317419e+02,36241,8.51423681244745e-05,3.61821625794353e-02,4.68684656722245e+02,sinkhorn_cellsim
3.319250e+02,36261,8.51423681249422e-05,3.61821628084476e-02,4.68684664929973e+02,sinkhorn_cellsim
3.321080e+02,36281,8.51423681240001e-05,3.61821630357192e-02,4.68684673137624e+02,sinkhorn_cellsim
3.322911e+02,36301,8.51423681237312e-05,3.61821632612583e-02,4.68684681345198e+02,sinkhorn_cellsim
3.324742e+02,36321,8.51423681244605e-05,3.61821634850729e-02,4.68684689552696e+02,sinkhorn_cellsim
3.326572e+02,36341,8.51423681237614e-05,3.61821637071706e-02,4.68684697760118e+02,sinkhorn_cellsim
3.328403e+02,36361,8.51423681244393e-05,3.61821639275596e-02,4.68684705967465e+02,sinkhorn_cellsim
3.330234e+02,36381,8.51423681247036e-05,3.61821641462473e-02,4.68684714174736e+02,sinkhorn_cellsim
3.332065e+02,36401,8.51423681243685e-05,3.61821643632414e-02,4.68684722381934e+02,sinkhorn_cellsim
3.333895e+02,36421,8.51423681239447e-05,3.61821645785493e-02,4.68684730589057e+02,sinkhorn_cellsim
3.335726e+02,36441,8.51423681245398e-05,3.61821647921787e-02,4.68684738796107e+02,sinkhorn_cellsim
3.337556e+02,36461,8.51423681240746e-05,3.61821650041368e-02,4.68684747003084e+02,sinkhorn_cellsim
3.339387e+02,36481,8.51423681236794e-05,3.61821652144309e-02,4.68684755209987e+02,sinkhorn_cellsim
3.341218e+02,36501,8.51423681245418e-05,3.61821654230684e-02,4.68684763416819e+02,sinkhorn_cellsim
3.343048e+02,36521,8.51423681251678e-05,3.61821656300565e-02,4.68684771623578e+02,sinkhorn_cellsim
3.344879e+02,36541,8.51423681246026e-05,3.61821658354022e-02,4.68684779830266e+02,sinkhorn_cellsim
3.346710e+02,36561,8.51423681239303e-05,3.61821660391125e-02,4.68684788036882e+02,sinkhorn_cellsim
3.348540e+02,36581,8.51423681243816e-05,3.61821662411945e-02,4.68684796243428e+02,sinkhorn_cellsim
3.350371e+02,36601,8.51423681235933e-05,3.61821664416549e-02,4.68684804449903e+02,sinkhorn_cellsim
3.352201e+02,36621,8.51423681241483e-05,3.61821666405010e-02,4.68684812656307e+02,sinkhorn_cellsim
3.354032e+02,36641,8.51423681240395e-05,3.61821668377391e-02,4.68684820862642e+02,sinkhorn_cellsim
3.355863e+02,36661,8.51423681247852e-05,3.61821670333763e-02,4.68684829068907e+02,sinkhorn_cellsim
3.357693e+02,36681,8.51423681245175e-05,3.61821672274192e-02,4.68684837275104e+02,sinkhorn_cellsim
3.359524e+02,36701,8.51423681248317e-05,3.61821674198743e-02,4.68684845481231e+02,sinkhorn_cellsim
3.361354e+02,36721,8.51423681247793e-05,3.61821676107484e-02,4.68684853687289e+02,sinkhorn_cellsim
3.363185e+02,36741,8.51423681246571e-05,3.61821678000479e-02,4.68684861893279e+02,sinkhorn_cellsim
3.365016e+02,36761,8.51423681237627e-05,3.61821679877794e-02,4.68684870099201e+02,sinkhorn_cellsim
3.366846e+02,36781,8.51423681257333e-05,3.61821681739493e-02,4.68684878305055e+02,sinkhorn_cellsim
3.368677e+02,36801,8.51423681247693e-05,3.61821683585637e-02,4.68684886510841e+02,sinkhorn_cellsim
3.370508e+02,36821,8.51423681240479e-05,3.61821685416295e-02,4.68684894716561e+02,sinkhorn_cellsim
3.372338e+02,36841,8.51423681241820e-05,3.61821687231526e-02,4.68684902922213e+02,sinkhorn_cellsim
3.374169e+02,36861,8.51423681250695e-05,3.61821689031394e-02,4.68684911127798e+02,sinkhorn_cellsim
3.375999e+02,36881,8.51423681251792e-05,3.61821690815961e-02,4.68684919333317e+02,sinkhorn_cellsim
3.377830e+02,36901,8.51423681247226e-05,3.61821692585289e-02,4.68684927538770e+02,sinkhorn_cellsim
3.379661e+02,36921,8.51423681247967e-05,3.61821694339440e-02,4.68684935744156e+02,sinkhorn_cellsim
3.381491e+02,36941,8.51423681243737e-05,3.61821696078472e-02,4.68684943949476e+02,sinkhorn_cellsim
3.383322e+02,36961,8.51423681244445e-05,3.61821697802450e-02,4.68684952154731e+02,sinkhorn_cellsim
3.385152e+02,36981,8.51423681245594e-05,3.61821699511431e-02,4.68684960359920e+02,sinkhorn_cellsim
3.386983e+02,37001,8.51423681240979e-05,3.61821701205476e-02,4.68684968565044e+02,sinkhorn_cellsim
3.388814e+02,37021,8.51423681246476e-05,3.61821702884646e-02,4.68684976770102e+02,sinkhorn_cellsim
3.390644e+02,37041,8.51423681253212e-05,3.61821704548999e-02,4.68684984975096e+02,sinkhorn_cellsim
3.392475e+02,37061,8.51423681244194e-05,3.61821706198594e-02,4.68684993180024e+02,sinkhorn_cellsim
3.394305e+02,37081,8.51423681256320e-05,3.61821707833489e-02,4.68685001384888e+02,sinkhorn_cellsim
3.396136e+02,37101,8.51423681244294e-05,3.61821709453743e-02,4.68685009589687e+02,sinkhorn_cellsim
3.397967e+02,37121,8.51423681240761e-05,3.61821711059414e-02,4.68685017794422e+02,sinkhorn_cellsim
3.399797e+02,37141,8.51423681234835e-05,3.61821712650559e-02,4.68685025999092e+02,sinkhorn_cellsim
3.401628e+02,37161,8.51423681246152e-05,3.61821714227238e-02,4.68685034203698e+02,sinkhorn_cellsim
3.403458e+02,37181,8.51423681241193e-05,3.61821715789505e-02,4.68685042408240e+02,sinkhorn_cellsim
3.405289e+02,37201,8.51423681249748e-05,3.61821717337420e-02,4.68685050612718e+02,sinkhorn_cellsim
3.407119e+02,37221,8.51423681247754e-05,3.61821718871037e-02,4.68685058817132e+02,sinkhorn_cellsim
3.408950e+02,37241,8.51423681248883e-05,3.61821720390413e-02,4.68685067021482e+02,sinkhorn_cellsim
3.410781e+02,37261,8.51423681244556e-05,3.61821721895604e-02,4.68685075225769e+02,sinkhorn_cellsim
3.412611e+02,37281,8.51423681239939e-05,3.61821723386668e-02,4.68685083429991e+02,sinkhorn_cellsim
3.414442e+02,37301,8.51423681234385e-05,3.61821724863659e-02,4.68685091634150e+02,sinkhorn_cellsim
3.416273e+02,37321,8.51423681239331e-05,3.61821726326631e-02,4.68685099838245e+02,sinkhorn_cellsim
3.418103e+02,37341,8.51423681249025e-05,3.61821727775644e-02,4.68685108042276e+02,sinkhorn_cellsim
3.419934e+02,37361,8.51423681247261e-05,3.61821729210748e-02,4.68685116246244e+02,sinkhorn_cellsim
3.421765e+02,37381,8.51423681247593e-05,3.61821730632000e-02,4.68685124450149e+02,sinkhorn_cellsim
3.423595e+02,37401,8.51423681246914e-05,3.61821732039454e-02,4.68685132653989e+02,sinkhorn_cellsim
3.425426e+02,37421,8.51423681249445e-05,3.61821733433167e-02,4.68685140857767e+02,sinkhorn_cellsim
3.427256e+02,37441,8.51423681251918e-05,3.61821734813190e-02,4.68685149061480e+02,sinkhorn_cellsim
3.429087e+02,37461,8.51423681245997e-05,3.61821736179578e-02,4.68685157265131e+02,sinkhorn_cellsim
3.430918e+02,37481,8.51423681242287e-05,3.61821737532383e-02,4.68685165468717e+02,sinkhorn_cellsim
3.432748e+02,37501,8.51423681245648e-05,3.61821738871665e-02,4.68685173672240e+02,sinkhorn_cellsim
3.434579e+02,37521,8.51423681246519e-05,3.61821740197472e-02,4.68685181875700e+02,sinkhorn_cellsim
3.436409e+02,37541,8.51423681242428e-05,3.61821741509857e-02,4.68685190079096e+02,sinkhorn_cellsim
3.438240e+02,37561,8.51423681244082e-05,3.61821742808878e-02,4.68685198282428e+02,sinkhorn_cellsim
3.440071e+02,37581,8.51423681247295e-05,3.61821744094583e-02,4.68685206485696e+02,sinkhorn_cellsim
3.441901e+02,37601,8.51423681248385e-05,3.61821745367027e-02,4.68685214688901e+02,sinkhorn_cellsim
3.443732e+02,37621,8.51423681248296e-05,3.61821746626262e-02,4.68685222892042e+02,sinkhorn_cellsim
3.445563e+02,37641,8.51423681241280e-05,3.61821747872342e-02,4.68685231095119e+02,sinkhorn_cellsim
3.447393e+02,37661,8.51423681240428e-05,3.61821749105320e-02,4.68685239298132e+02,sinkhorn_cellsim
3.449224e+02,37681,8.51423681246287e-05,3.61821750325246e-02,4.68685247501081e+02,sinkhorn_cellsim
3.451054e+02,37701,8.51423681246437e-05,3.61821751532174e-02,4.68685255703965e+02,sinkhorn_cellsim
3.452885e+02,37721,8.51423681250994e-05,3.61821752726154e-02,4.68685263906786e+02,sinkhorn_cellsim
3.454716e+02,37741,8.51423681241601e-05,3.61821753907242e-02,4.68685272109542e+02,sinkhorn_cellsim
3.456546e+02,37761,8.51423681247863e-05,3.61821755075484e-02,4.68685280312233e+02,sinkhorn_cellsim
3.458377e+02,37781,8.51423681240298e-05,3.61821756230938e-02,4.68685288514860e+02,sinkhorn_cellsim
3.460207e+02,37801,8.51423681240392e-05,3.61821757373652e-02,4.68685296717422e+02,sinkhorn_cellsim
3.462038e+02,37821,8.51423681249693e-05,3.61821758503677e-02,4.68685304919919e+02,sinkhorn_cellsim
3.463869e+02,37841,8.51423681251789e-05,3.61821759621067e-02,4.68685313122352e+02,sinkhorn_cellsim
3.465699e+02,37861,8.51423681250168e-05,3.61821760725872e-02,4.68685321324719e+02,sinkhorn_cellsim
3.467530e+02,37881,8.51423681245052e-05,3.61821761818141e-02,4.68685329527021e+02,sinkhorn_cellsim
3.469360e+02,37901,8.51423681245126e-05,3.61821762897930e-02,4.68685337729257e+02,sinkhorn_cellsim
3.471191e+02,37921,8.51423681241783e-05,3.61821763965285e-02,4.68685345931428e+02,sinkhorn_cellsim
3.473021e+02,37941,8.51423681240955e-05,3.61821765020261e-02,4.68685354133533e+02,sinkhorn_cellsim
3.474852e+02,37961,8.51423681237052e-05,3.61821766062906e-02,4.68685362335572e+02,sinkhorn_cellsim
3.476683e+02,37981,8.51423681248846e-05,3.61821767093274e-02,4.68685370537545e+02,sinkhorn_cellsim
3.478514e+02,38001,8.51423681254846e-05,3.61821768111412e-02,4.68685378739452e+02,sinkhorn_cellsim
3.480344e+02,38021,8.51423681250978e-05,3.61821769117373e-02,4.68685386941292e+02,sinkhorn_cellsim
3.482175e+02,38041,8.51423681250012e-05,3.61821770111206e-02,4.68685395143066e+02,sinkhorn_cellsim
3.484005e+02,38061,8.51423681238850e-05,3.61821771092966e-02,4.68685403344773e+02,sinkhorn_cellsim
3.485836e+02,38081,8.51423681243111e-05,3.61821772062696e-02,4.68685411546412e+02,sinkhorn_cellsim
3.487667e+02,38101,8.51423681247133e-05,3.61821773020454e-02,4.68685419747985e+02,sinkhorn_cellsim
3.489497e+02,38121,8.51423681236182e-05,3.61821773966284e-02,4.68685427949489e+02,sinkhorn_cellsim
3.491328e+02,38141,8.51423681241179e-05,3.61821774900241e-02,4.68685436150926e+02,sinkhorn_cellsim
3.493158e+02,38161,8.51423681246904e-05,3.61821775822374e-02,4.68685444352296e+02,sinkhorn_cellsim
3.494989e+02,38181,8.51423681232164e-05,3.61821776732732e-02,4.68685452553597e+02,sinkhorn_cellsim
3.496820e+02,38201,8.51423681248660e-05,3.61821777631366e-02,4.68685460754829e+02,sinkhorn_cellsim
3.498651e+02,38221,8.51423681241613e-05,3.61821778518327e-02,4.68685468955993e+02,sinkhorn_cellsim
3.500481e+02,38241,8.51423681248636e-05,3.61821779393664e-02,4.68685477157088e+02,sinkhorn_cellsim
3.502312e+02,38261,8.51423681254276e-05,3.61821780257428e-02,4.68685485358114e+02,sinkhorn_cellsim
3.504142e+02,38281,8.51423681249739e-05,3.61821781109670e-02,4.68685493559071e+02,sinkhorn_cellsim
3.505973e+02,38301,8.51423681247085e-05,3.61821781950437e-02,4.68685501759958e+02,sinkhorn_cellsim
3.507803e+02,38321,8.51423681244731e-05,3.61821782779783e-02,4.68685509960775e+02,sinkhorn_cellsim
3.509634e+02,38341,8.51423681234010e-05,3.61821783597754e-02,4.68685518161522e+02,sinkhorn_cellsim
3.511465e+02,38361,8.51423681250014e-05,3.61821784404404e-02,4.68685526362199e+02,sinkhorn_cellsim
3.513295e+02,38381,8.51423681240717e-05,3.61821785199781e-02,4.68685534562805e+02,sinkhorn_cellsim
3.515126e+02,38401,8.51423681239481e-05,3.61821785983933e-02,4.68685542763340e+02,sinkhorn_cellsim
3.516956e+02,38421,8.51423681241781e-05,3.61821786756916e-02,4.68685550963803e+02,sinkhorn_cellsim
3.518787e+02,38441,8.51423681250772e-05,3.61821787518776e-02,4.68685559164196e+02,sinkhorn_cellsim
3.520618e+02,38461,8.51423681248658e-05,3.61821788269563e-02,4.68685567364516e+02,sinkhorn_cellsim
3.522448e+02,38481,8.51423681241938e-05,3.61821789009329e-02,4.68685575564764e+02,sinkhorn_cellsim
3.524279e+02,38501,8.51423681242398e-05,3.61821789738122e-02,4.68685583764940e+02,sinkhorn_cellsim
3.526109e+02,38521,8.51423681253252e-05,3.61821790455995e-02,4.68685591965044e+02,sinkhorn_cellsim
3.527940e+02,38541,8.51423681251165e-05,3.61821791162996e-02,4.68685600165074e+02,sinkhorn_cellsim
3.529771e+02,38561,8.51423681234031e-05,3.61821791859175e-02,4.68685608365032e+02,sinkhorn_cellsim
3.531601e+02,38581,8.51423681251356e-05,3.61821792544586e-02,4.68685616564915e+02,sinkhorn_cellsim
3.533432e+02,38601,8.51423681235465e-05,3.61821793219274e-02,4.68685624764725e+02,sinkhorn_cellsim
3.535262e+02,38621,8.51423681248633e-05,3.61821793883294e-02,4.68685632964461e+02,sinkhorn_cellsim
3.537093e+02,38641,8.51423681243737e-05,3.61821794536693e-02,4.68685641164122e+02,sinkhorn_cellsim
3.538924e+02,38661,8.51423681240001e-05,3.61821795179524e-02,4.68685649363709e+02,sinkhorn_cellsim
3.540754e+02,38681,8.51423681247921e-05,3.61821795811838e-02,4.68685657563221e+02,sinkhorn_cellsim
3.542585e+02,38701,8.51423681252952e-05,3.61821796433685e-02,4.68685665762657e+02,sinkhorn_cellsim
3.544416e+02,38721,8.51423681241208e-05,3.61821797045113e-02,4.68685673962017e+02,sinkhorn_cellsim
3.546246e+02,38741,8.51423681254139e-05,3.61821797646177e-02,4.68685682161302e+02,sinkhorn_cellsim
3.548077e+02,38761,8.51423681243915e-05,3.61821798236925e-02,4.68685690360510e+02,sinkhorn_cellsim
3.549908e+02,38781,8.51423681242210e-05,3.61821798817409e-02,4.68685698559642e+02,sinkhorn_cellsim
3.551738e+02,38801,8.51423681243909e-05,3.61821799387679e-02,4.68685706758697e+02,sinkhorn_cellsim
3.553569e+02,38821,8.51423681245506e-05,3.61821799947789e-02,4.68685714957674e+02,sinkhorn_cellsim
3.555400e+02,38841,8.51423681239349e-05,3.61821800497787e-02,4.68685723156574e+02,sinkhorn_cellsim
3.557230e+02,38861,8.51423681241661e-05,3.61821801037727e-02,4.68685731355396e+02,sinkhorn_cellsim
3.559061e+02,38881,8.51423681247478e-05,3.61821801567660e-02,4.68685739554140e+02,sinkhorn_cellsim
3.560892e+02,38901,8.51423681248962e-05,3.61821802087636e-02,4.68685747752805e+02,sinkhorn_cellsim
3.562722e+02,38921,8.51423681239874e-05,3.61821802597707e-02,4.68685755951391e+02,sinkhorn_cellsim
3.564553e+02,38941,8.51423681253400e-05,3.61821803097926e-02,4.68685764149898e+02,sinkhorn_cellsim
3.566384e+02,38961,8.51423681242649e-05,3.61821803588344e-02,4.68685772348326e+02,sinkhorn_cellsim
3.568214e+02,38981,8.51423681251024e-05,3.61821804069013e-02,4.68685780546674e+02,sinkhorn_cellsim
3.570045e+02,39001,8.51423681244773e-05,3.61821804539986e-02,4.68685788744941e+02,sinkhorn_cellsim
3.571875e+02,39021,8.51423681245750e-05,3.61821805001314e-02,4.68685796943129e+02,sinkhorn_cellsim
3.573706e+02,39041,8.51423681246824e-05,3.61821805453050e-02,4.68685805141235e+02,sinkhorn_cellsim
3.575537e+02,39061,8.51423681239686e-05,3.61821805895246e-02,4.68685813339260e+02,sinkhorn_cellsim
3.577367e+02,39081,8.51423681248256e-05,3.61821806327957e-02,4.68685821537204e+02,sinkhorn_cellsim
3.579198e+02,39101,8.51423681252775e-05,3.61821806751235e-02,4.68685829735066e+02,sinkhorn_cellsim
3.581029e+02,39121,8.51423681243469e-05,3.61821807165130e-02,4.68685837932846e+02,sinkhorn_cellsim
3.582859e+02,39141,8.51423681246749e-05,3.61821807569699e-02,4.68685846130543e+02,sinkhorn_cellsim
3.584690e+02,39161,8.51423681245224e-05,3.61821807964994e-02,4.68685854328158e+02,sinkhorn_cellsim
3.586520e+02,39181,8.51423681250834e-05,3.61821808351068e-02,4.68685862525689e+02,sinkhorn_cellsim
3.588351e+02,39201,8.51423681248624e-05,3.61821808727974e-02,4.68685870723137e+02,sinkhorn_cellsim
3.590182e+02,39221,8.51423681241995e-05,3.61821809095768e-02,4.68685878920502e+02,sinkhorn_cellsim
3.592012e+02,39241,8.51423681246363e-05,3.61821809454501e-02,4.68685887117782e+02,sinkhorn_cellsim
3.593843e+02,39261,8.51423681238528e-05,3.61821809804229e-02,4.68685895314978e+02,sinkhorn_cellsim
3.595674e+02,39281,8.51423681249566e-05,3.61821810145008e-02,4.68685903512090e+02,sinkhorn_cellsim
3.597504e+02,39301,8.51423681246124e-05,3.61821810476888e-02,4.68685911709116e+02,sinkhorn_cellsim
3.599335e+02,39321,8.51423681237591e-05,3.61821810799927e-02,4.68685919906058e+02,sinkhorn_cellsim
3.601165e+02,39341,8.51423681254384e-05,3.61821811114181e-02,4.68685928102913e+02,sinkhorn_cellsim
3.602996e+02,39361,8.51423681255349e-05,3.61821811419702e-02,4.68685936299683e+02,sinkhorn_cellsim
3.604826e+02,39381,8.51423681246784e-05,3.61821811716546e-02,4.68685944496366e+02,sinkhorn_cellsim
3.606657e+02,39401,8.51423681245909e-05,3.61821812004767e-02,4.68685952692963e+02,sinkhorn_cellsim
3.608488e+02,39421,8.51423681237719e-05,3.61821812284424e-02,4.68685960889473e+02,sinkhorn_cellsim
3.610318e+02,39441,8.51423681250095e-05,3.61821812555572e-02,4.68685969085896e+02,sinkhorn_cellsim
3.612149e+02,39461,8.51423681236439e-05,3.61821812818265e-02,4.68685977282231e+02,sinkhorn_cellsim
3.613979e+02,39481,8.51423681241707e-05,3.61821813072560e-02,4.68685985478479e+02,sinkhorn_cellsim
3.615810e+02,39501,8.51423681246036e-05,3.61821813318515e-02,4.68685993674639e+02,sinkhorn_cellsim
3.617641e+02,39521,8.51423681240676e-05,3.61821813556183e-02,4.68686001870711e+02,sinkhorn_cellsim
3.619471e+02,39541,8.51423681254345e-05,3.61821813785626e-02,4.68686010066693e+02,sinkhorn_cellsim
3.621302e+02,39561,8.51423681250559e-05,3.61821814006896e-02,4.68686018262588e+02,sinkhorn_cellsim
3.623132e+02,39581,8.51423681247675e-05,3.61821814220053e-02,4.68686026458392e+02,sinkhorn_cellsim
3.624963e+02,39601,8.51423681251989e-05,3.61821814425154e-02,4.68686034654108e+02,sinkhorn_cellsim
3.626793e+02,39621,8.51423681250639e-05,3.61821814622256e-02,4.68686042849734e+02,sinkhorn_cellsim
3.628624e+02,39641,8.51423681248923e-05,3.61821814811416e-02,4.68686051045269e+02,sinkhorn_cellsim
3.630455e+02,39661,8.51423681252509e-05,3.61821814992694e-02,4.68686059240715e+02,sinkhorn_cellsim
3.632285e+02,39681,8.51423681240920e-05,3.61821815166147e-02,4.68686067436070e+02,sinkhorn_cellsim
3.634116e+02,39701,8.51423681236556e-05,3.61821815331833e-02,4.68686075631334e+02,sinkhorn_cellsim
3.635946e+02,39721,8.51423681256657e-05,3.61821815489813e-02,4.68686083826507e+02,sinkhorn_cellsim
3.637777e+02,39741,8.51423681242171e-05,3.61821815640143e-02,4.68686092021589e+02,sinkhorn_cellsim
3.639608e+02,39761,8.51423681236805e-05,3.61821815782883e-02,4.68686100216580e+02,sinkhorn_cellsim
3.641438e+02,39781,8.51423681234906e-05,3.61821815918093e-02,4.68686108411478e+02,sinkhorn_cellsim
3.643269e+02,39801,8.51423681241841e-05,3.61821816045833e-02,4.68686116606285e+02,sinkhorn_cellsim
3.645099e+02,39821,8.51423681252649e-05,3.61821816166160e-02,4.68686124800999e+02,sinkhorn_cellsim
3.646930e+02,39841,8.51423681236364e-05,3.61821816279135e-02,4.68686132995621e+02,sinkhorn_cellsim
3.648760e+02,39861,8.51423681240700e-05,3.61821816384820e-02,4.68686141190150e+02,sinkhorn_cellsim
3.650591e+02,39881,8.51423681259498e-05,3.61821816483274e-02,4.68686149384586e+02,sinkhorn_cellsim
3.652422e+02,39901,8.51423681247186e-05,3.61821816574554e-02,4.68686157578929e+02,sinkhorn_cellsim
3.654252e+02,39921,8.51423681250896e-05,3.61821816658727e-02,4.68686165773178e+02,sinkhorn_cellsim
3.656083e+02,39941,8.51423681246450e-05,3.61821816735851e-02,4.68686173967334e+02,sinkhorn_cellsim
3.657913e+02,39961,8.51423681251069e-05,3.61821816805986e-02,4.68686182161396e+02,sinkhorn_cellsim
3.659744e+02,39981,8.51423681241453e-05,3.61821816869192e-02,4.68686190355364e+02,sinkhorn_cellsim
3.661575e+02,40001,8.51423681242321e-05,3.61821816925535e-02,4.68686198549238e+02,sinkhorn_cellsim
3.663405e+02,40021,8.51423681251538e-05,3.61821816975074e-02,4.68686206743017e+02,sinkhorn_cellsim
3.665236e+02,40041,8.51423681246613e-05,3.61821817017870e-02,4.68686214936702e+02,sinkhorn_cellsim
3.667067e+02,40061,8.51423681240018e-05,3.61821817053984e-02,4.68686223130292e+02,sinkhorn_cellsim
3.668897e+02,40081,8.51423681253033e-05,3.61821817083482e-02,4.68686231323787e+02,sinkhorn_cellsim
3.670728e+02,40101,8.51423681236346e-05,3.61821817106425e-02,4.68686239517186e+02,sinkhorn_cellsim
3.672559e+02,40121,8.51423681243315e-05,3.61821817122874e-02,4.68686247710491e+02,sinkhorn_cellsim
3.674389e+02,40141,8.51423681252444e-05,3.61821817132893e-02,4.68686255903700e+02,sinkhorn_cellsim
3.676220e+02,40161,8.51423681250750e-05,3.61821817136544e-02,4.68686264096813e+02,sinkhorn_cellsim
3.678051e+02,40181,8.51423681243398e-05,3.61821817133889e-02,4.68686272289830e+02,sinkhorn_cellsim
3.679881e+02,40201,8.51423681245714e-05,3.61821817124994e-02,4.68686280482752e+02,sinkhorn_cellsim
3.681712e+02,40221,8.51423681255058e-05,3.61821817109921e-02,4.68686288675577e+02,sinkhorn_cellsim
3.683543e+02,40241,8.51423681260475e-05,3.61821817088733e-02,4.68686296868306e+02,sinkhorn_cellsim
3.685373e+02,40261,8.51423681247291e-05,3.61821817061493e-02,4.68686305060939e+02,sinkhorn_cellsim
3.687204e+02,40281,8.51423681252752e-05,3.61821817028266e-02,4.68686313253475e+02,sinkhorn_cellsim
3.689034e+02,40301,8.51423681242304e-05,3.61821816989112e-02,4.68686321445915e+02,sinkhorn_cellsim
3.690865e+02,40321,8.51423681247028e-05,3.61821816944103e-02,4.68686329638258e+02,sinkhorn_cellsim
3.692696e+02,40341,8.51423681241879e-05,3.61821816893294e-02,4.68686337830504e+02,sinkhorn_cellsim
3.694527e+02,40361,8.51423681251188e-05,3.61821816836757e-02,4.68686346022653e+02,sinkhorn_cellsim
3.696357e+02,40381,8.51423681244655e-05,3.61821816774551e-02,4.68686354214704e+02,sinkhorn_cellsim
3.698188e+02,40401,8.51423681247209e-05,3.61821816706742e-02,4.68686362406659e+02,sinkhorn_cellsim
3.700019e+02,40421,8.51423681243640e-05,3.61821816633396e-02,4.68686370598517e+02,sinkhorn_cellsim
3.701849e+02,40441,8.51423681248294e-05,3.61821816554576e-02,4.68686378790277e+02,sinkhorn_cellsim
3.703680e+02,40461,8.51423681241118e-05,3.61821816470344e-02,4.68686386981939e+02,sinkhorn_cellsim
3.705510e+02,40481,8.51423681244091e-05,3.61821816380771e-02,4.68686395173504e+02,sinkhorn_cellsim
3.707341e+02,40501,8.51423681248682e-05,3.61821816285919e-02,4.68686403364972e+02,sinkhorn_cellsim
3.709172e+02,40521,8.51423681245792e-05,3.61821816185850e-02,4.68686411556342e+02,sinkhorn_cellsim
3.711002e+02,40541,8.51423681249075e-05,3.61821816080633e-02,4.68686419747614e+02,sinkhorn_cellsim
3.712833e+02,40561,8.51423681244600e-05,3.61821815970331e-02,4.68686427938788e+02,sinkhorn_cellsim
3.714663e+02,40581,8.51423681244667e-05,3.61821815855008e-02,4.68686436129865e+02,sinkhorn_cellsim
3.716494e+02,40601,8.51423681252341e-05,3.61821815734732e-02,4.68686444320844e+02,sinkhorn_cellsim
3.718328e+02,40621,8.51423681245828e-05,3.61821815609564e-02,4.68686452511725e+02,sinkhorn_cellsim
3.720158e+02,40641,8.51423681245341e-05,3.61821815479574e-02,4.68686460702508e+02,sinkhorn_cellsim
3.721989e+02,40661,8.51423681248333e-05,3.61821815344824e-02,4.68686468893193e+02,sinkhorn_cellsim
3.723820e+02,40681,8.51423681242153e-05,3.61821815205380e-02,4.68686477083780e+02,sinkhorn_cellsim
3.725650e+02,40701,8.51423681244481e-05,3.61821815061308e-02,4.68686485274269e+02,sinkhorn_cellsim
3.727481e+02,40721,8.51423681248263e-05,3.61821814912670e-02,4.68686493464660e+02,sinkhorn_cellsim
3.729311e+02,40741,8.51423681243577e-05,3.61821814759535e-02,4.68686501654953e+02,sinkhorn_cellsim
3.731142e+02,40761,8.51423681240649e-05,3.61821814601967e-02,4.68686509845149e+02,sinkhorn_cellsim
3.732973e+02,40781,8.51423681243613e-05,3.61821814440028e-02,4.68686518035246e+02,sinkhorn_cellsim
3.734803e+02,40801,8.51423681250519e-05,3.61821814273787e-02,4.68686526225245e+02,sinkhorn_cellsim
3.736634e+02,40821,8.51423681244518e-05,3.61821814103307e-02,4.68686534415147e+02,sinkhorn_cellsim
3.738464e+02,40841,8.51423681240144e-05,3.61821813928652e-02,4.68686542604950e+02,sinkhorn_cellsim
3.740295e+02,40861,8.51423681243067e-05,3.61821813749889e-02,4.68686550794656e+02,sinkhorn_cellsim
3.742125e+02,40881,8.51423681251895e-05,3.61821813567082e-02,4.68686558984264e+02,sinkhorn_cellsim
3.743956e+02,40901,8.51423681243155e-05,3.61821813380295e-02,4.68686567173774e+02,sinkhorn_cellsim
3.745787e+02,40921,8.51423681256214e-05,3.61821813189593e-02,4.68686575363187e+02,sinkhorn_cellsim
3.747691e+02,40941,8.51423681240789e-05,3.61821812995039e-02,4.68686583552501e+02,sinkhorn_cellsim
3.749522e+02,40961,8.51423681250007e-05,3.61821812796701e-02,4.68686591741719e+02,sinkhorn_cellsim
3.751353e+02,40981,8.51423681244002e-05,3.61821812594640e-02,4.68686599930838e+02,sinkhorn_cellsim
3.753184e+02,41001,8.51423681246566e-05,3.61821812388921e-02,4.68686608119861e+02,sinkhorn_cellsim
3.755014e+02,41021,8.51423681240364e-05,3.61821812179608e-02,4.68686616308785e+02,sinkhorn_cellsim
3.756845e+02,41041,8.51423681250664e-05,3.61821811966765e-02,4.68686624497613e+02,sinkhorn_cellsim
3.758675e+02,41061,8.51423681251369e-05,3.61821811750455e-02,4.68686632686343e+02,sinkhorn_cellsim
3.760506e+02,41081,8.51423681245909e-05,3.61821811530742e-02,4.68686640874976e+02,sinkhorn_cellsim
3.762336e+02,41101,8.51423681239400e-05,3.61821811307689e-02,4.68686649063513e+02,sinkhorn_cellsim
3.764167e+02,41121,8.51423681248335e-05,3.61821811081359e-02,4.68686657251952e+02,sinkhorn_cellsim
3.765997e+02,41141,8.51423681239551e-05,3.61821810851816e-02,4.68686665440294e+02,sinkhorn_cellsim
3.767828e+02,41161,8.51423681249835e-05,3.61821810619122e-02,4.68686673628540e+02,sinkhorn_cellsim
3.769658e+02,41181,8.51423681239503e-05,3.61821810383339e-02,4.68686681816689e+02,sinkhorn_cellsim
3.771489e+02,41201,8.51423681248149e-05,3.61821810144530e-02,4.68686690004742e+02,sinkhorn_cellsim
3.773320e+02,41221,8.51423681246101e-05,3.61821809902759e-02,4.68686698192699e+02,sinkhorn_cellsim
3.775151e+02,41241,8.51423681251454e-05,3.61821809658085e-02,4.68686706380559e+02,sinkhorn_cellsim
3.776981e+02,41261,8.51423681239540e-05,3.61821809410567e-02,4.68686714568323e+02,sinkhorn_cellsim
3.778812e+02,41281,8.51423681241671e-05,3.61821809160274e-02,4.68686722755992e+02,sinkhorn_cellsim
3.780642e+02,41301,8.51423681249635e-05,3.61821808907261e-02,4.68686730943564e+02,sinkhorn_cellsim
3.782473e+02,41321,8.51423681241309e-05,3.61821808651591e-02,4.68686739131041e+02,sinkhorn_cellsim
3.784303e+02,41341,8.51423681240794e-05,3.61821808393325e-02,4.68686747318423e+02,sinkhorn_cellsim
3.786134e+02,41361,8.51423681252359e-05,3.61821808132521e-02,4.68686755505710e+02,sinkhorn_cellsim
3.787964e+02,41381,8.51423681237257e-05,3.61821807869242e-02,4.68686763692901e+02,sinkhorn_cellsim
3.789795e+02,41401,8.51423681252772e-05,3.61821807603546e-02,4.68686771879998e+02,sinkhorn_cellsim
3.791625e+02,41421,8.51423681252435e-05,3.61821807335494e-02,4.68686780066999e+02,sinkhorn_cellsim
3.793456e+02,41441,8.51423681237853e-05,3.61821807065141e-02,4.68686788253907e+02,sinkhorn_cellsim
3.795287e+02,41461,8.51423681247087e-05,3.61821806792548e-02,4.68686796440720e+02,sinkhorn_cellsim
3.797117e+02,41481,8.51423681241999e-05,3.61821806517777e-02,4.68686804627438e+02,sinkhorn_cellsim
3.798948e+02,41501,8.51423681246857e-05,3.61821806240880e-02,4.68686812814063e+02,sinkhorn_cellsim
3.800778e+02,41521,8.51423681239462e-05,3.61821805961919e-02,4.68686821000594e+02,sinkhorn_cellsim
3.802609e+02,41541,8.51423681245856e-05,3.61821805680949e-02,4.68686829187032e+02,sinkhorn_cellsim
3.804440e+02,41561,8.51423681245146e-05,3.61821805398028e-02,4.68686837373376e+02,sinkhorn_cellsim
3.806270e+02,41581,8.51423681244556e-05,3.61821805113213e-02,4.68686845559627e+02,sinkhorn_cellsim
3.808101e+02,41601,8.51423681251207e-05,3.61821804826558e-02,4.68686853745786e+02,sinkhorn_cellsim
3.809932e+02,41621,8.51423681242860e-05,3.61821804538121e-02,4.68686861931851e+02,sinkhorn_cellsim
3.811762e+02,41641,8.51423681244421e-05,3.61821804247958e-02,4.68686870117825e+02,sinkhorn_cellsim
3.813593e+02,41661,8.51423681252453e-05,3.61821803956123e-02,4.68686878303706e+02,sinkhorn_cellsim
3.815424e+02,41681,8.51423681242422e-05,3.61821803662669e-02,4.68686886489495e+02,sinkhorn_cellsim
3.817254e+02,41701,8.51423681244608e-05,3.61821803367654e-02,4.68686894675192e+02,sinkhorn_cellsim
3.819085e+02,41721,8.51423681244875e-05,3.61821803071128e-02,4.68686902860798e+02,sinkhorn_cellsim
3.820915e+02,41741,8.51423681249532e-05,3.61821802773146e-02,4.68686911046313e+02,sinkhorn_cellsim
3.822746e+02,41761,8.51423681245563e-05,3.61821802473761e-02,4.68686919231737e+02,sinkhorn_cellsim
3.824577e+02,41781,8.51423681248509e-05,3.61821802173028e-02,4.68686927417070e+02,sinkhorn_cellsim
3.826407e+02,41801,8.51423681243397e-05,3.61821801870994e-02,4.68686935602313e+02,sinkhorn_cellsim
3.828238e+02,41821,8.51423681244921e-05,3.61821801567713e-02,4.68686943787466e+02,sinkhorn_cellsim
3.830068e+02,41841,8.51423681239847e-05,3.61821801263237e-02,4.68686951972529e+02,sinkhorn_cellsim
3.831899e+02,41861,8.51423681242066e-05,3.61821800957617e-02,4.68686960157502e+02,sinkhorn_cellsim
3.833729e+02,41881,8.51423681248482e-05,3.61821800650902e-02,4.68686968342386e+02,sinkhorn_cellsim
3.835560e+02,41901,8.51423681247768e-05,3.61821800343142e-02,4.68686976527180e+02,sinkhorn_cellsim
3.837391e+02,41921,8.51423681242392e-05,3.61821800034385e-02,4.68686984711886e+02,sinkhorn_cellsim
3.839221e+02,41941,8.51423681240023e-05,3.61821799724684e-02,4.68686992896504e+02,sinkhorn_cellsim
3.841052e+02,41961,8.51423681247709e-05,3.61821799414083e-02,4.68687001081034e+02,sinkhorn_cellsim
3.842882e+02,41981,8.51423681248794e-05,3.61821799102632e-02,4.68687009265475e+02,sinkhorn_cellsim
3.844713e+02,42001,8.51423681249383e-05,3.61821798790379e-02,4.68687017449829e+02,sinkhorn_cellsim
3.846543e+02,42021,8.51423681244588e-05,3.61821798477365e-02,4.68687025634096e+02,sinkhorn_cellsim
3.848374e+02,42041,8.51423681241026e-05,3.61821798163645e-02,4.68687033818276e+02,sinkhorn_cellsim
3.850204e+02,42061,8.51423681255051e-05,3.61821797849262e-02,4.68687042002369e+02,sinkhorn_cellsim
3.852035e+02,42081,8.51423681244912e-05,3.61821797534257e-02,4.68687050186376e+02,sinkhorn_cellsim
3.853865e+02,42101,8.51423681245411e-05,3.61821797218679e-02,4.68687058370297e+02,sinkhorn_cellsim
3.855696e+02,42121,8.51423681245765e-05,3.61821796902572e-02,4.68687066554132e+02,sinkhorn_cellsim
3.857527e+02,42141,8.51423681242919e-05,3.61821796585978e-02,4.68687074737882e+02,sinkhorn_cellsim
3.859357e+02,42161,8.51423681246613e-05,3.61821796268944e-02,4.68687082921547e+02,sinkhorn_cellsim
3.861188e+02,42181,8.51423681248552e-05,3.61821795951509e-02,4.68687091105127e+02,sinkhorn_cellsim
3.863018e+02,42201,8.51423681245836e-05,3.61821795633718e-02,4.68687099288623e+02,sinkhorn_cellsim
3.864849e+02,42221,8.51423681239839e-05,3.61821795315608e-02,4.68687107472035e+02,sinkhorn_cellsim
3.866680e+02,42241,8.51423681251060e-05,3.61821794997225e-02,4.68687115655363e+02,sinkhorn_cellsim
3.868510e+02,42261,8.51423681248957e-05,3.61821794678609e-02,4.68687123838608e+02,sinkhorn_cellsim
3.870341e+02,42281,8.51423681250415e-05,3.61821794359798e-02,4.68687132021769e+02,sinkhorn_cellsim
3.872171e+02,42301,8.51423681248446e-05,3.61821794040833e-02,4.68687140204849e+02,sinkhorn_cellsim
3.874002e+02,42321,8.51423681247698e-05,3.61821793721753e-02,4.68687148387845e+02,sinkhorn_cellsim
3.875832e+02,42341,8.51423681246285e-05,3.61821793402596e-02,4.68687156570760e+02,sinkhorn_cellsim
3.877663e+02,42361,8.51423681249221e-05,3.61821793083400e-02,4.68687164753594e+02,sinkhorn_cellsim
3.879493e+02,42381,8.51423681248813e-05,3.61821792764203e-02,4.68687172936346e+02,sinkhorn_cellsim
3.881324e+02,42401,8.51423681245063e-05,3.61821792445041e-02,4.68687181119017e+02,sinkhorn_cellsim
3.883154e+02,42421,8.51423681247045e-05,3.61821792125951e-02,4.68687189301608e+02,sinkhorn_cellsim
3.884985e+02,42441,8.51423681243050e-05,3.61821791806969e-02,4.68687197484119e+02,sinkhorn_cellsim
3.886816e+02,42461,8.51423681246600e-05,3.61821791488130e-02,4.68687205666549e+02,sinkhorn_cellsim
3.888646e+02,42481,8.51423681256041e-05,3.61821791169470e-02,4.68687213848901e+02,sinkhorn_cellsim
3.890477e+02,42501,8.51423681244682e-05,3.61821790851020e-02,4.68687222031174e+02,sinkhorn_cellsim
3.892307e+02,42521,8.51423681247526e-05,3.61821790532817e-02,4.68687230213368e+02,sinkhorn_cellsim
3.894138e+02,42541,8.51423681242918e-05,3.61821790214891e-02,4.68687238395483e+02,sinkhorn_cellsim
3.895969e+02,42561,8.51423681244489e-05,3.61821789897277e-02,4.68687246577521e+02,sinkhorn_cellsim
3.897799e+02,42581,8.51423681250867e-05,3.61821789580006e-02,4.68687254759482e+02,sinkhorn_cellsim
3.899630e+02,42601,8.51423681241852e-05,3.61821789263109e-02,4.68687262941365e+02,sinkhorn_cellsim
3.901460e+02,42621,8.51423681248318e-05,3.61821788946619e-02,4.68687271123172e+02,sinkhorn_cellsim
3.903291e+02,42641,8.51423681248788e-05,3.61821788630564e-02,4.68687279304902e+02,sinkhorn_cellsim
3.905121e+02,42661,8.51423681248735e-05,3.61821788314973e-02,4.68687287486556e+02,sinkhorn_cellsim
3.906952e+02,42681,8.51423681249723e-05,3.61821787999879e-02,4.68687295668135e+02,sinkhorn_cellsim
3.908782e+02,42701,8.51423681257622e-05,3.61821787685310e-02,4.68687303849639e+02,sinkhorn_cellsim
3.910613e+02,42721,8.51423681237916e-05,3.61821787371289e-02,4.68687312031068e+02,sinkhorn_cellsim
3.912444e+02,42741,8.51423681235781e-05,3.61821787057851e-02,4.68687320212423e+02,sinkhorn_cellsim
3.914274e+02,42761,8.51423681246410e-05,3.61821786745019e-02,4.68687328393704e+02,sinkhorn_cellsim
3.916105e+02,42781,8.51423681246360e-05,3.61821786432821e-02,4.68687336574911e+02,sinkhorn_cellsim
3.917935e+02,42801,8.51423681246396e-05,3.61821786121282e-02,4.68687344756045e+02,sinkhorn_cellsim
3.919766e+02,42821,8.51423681245655e-05,3.61821785810431e-02,4.68687352937107e+02,sinkhorn_cellsim
3.921596e+02,42841,8.51423681251895e-05,3.61821785500287e-02,4.68687361118096e+02,sinkhorn_cellsim
3.923427e+02,42861,8.51423681244555e-05,3.61821785190879e-02,4.68687369299014e+02,sinkhorn_cellsim
3.925258e+02,42881,8.51423681247585e-05,3.61821784882231e-02,4.68687377479859e+02,sinkhorn_cellsim
3.927088e+02,42901,8.51423681237735e-05,3.61821784574364e-02,4.68687385660635e+02,sinkhorn_cellsim
3.928919e+02,42921,8.51423681244249e-05,3.61821784267306e-02,4.68687393841339e+02,sinkhorn_cellsim
3.930749e+02,42941,8.51423681250164e-05,3.61821783961076e-02,4.68687402021973e+02,sinkhorn_cellsim
3.932580e+02,42961,8.51423681240404e-05,3.61821783655693e-02,4.68687410202538e+02,sinkhorn_cellsim
3.934410e+02,42981,8.51423681248288e-05,3.61821783351185e-02,4.68687418383033e+02,sinkhorn_cellsim
3.936241e+02,43001,8.51423681250032e-05,3.61821783047569e-02,4.68687426563459e+02,sinkhorn_cellsim
3.938072e+02,43021,8.51423681243506e-05,3.61821782744865e-02,4.68687434743817e+02,sinkhorn_cellsim
3.939902e+02,43041,8.51423681242856e-05,3.61821782443098e-02,4.68687442924106e+02,sinkhorn_cellsim
3.941733e+02,43061,8.51423681243753e-05,3.61821782142280e-02,4.68687451104328e+02,sinkhorn_cellsim
3.943563e+02,43081,8.51423681247936e-05,3.61821781842437e-02,4.68687459284483e+02,sinkhorn_cellsim
3.945394e+02,43101,8.51423681245622e-05,3.61821781543586e-02,4.68687467464571e+02,sinkhorn_cellsim
3.947225e+02,43121,8.51423681252921e-05,3.61821781245741e-02,4.68687475644593e+02,sinkhorn_cellsim
3.949055e+02,43141,8.51423681245818e-05,3.61821780948925e-02,4.68687483824549e+02,sinkhorn_cellsim
3.950886e+02,43161,8.51423681242282e-05,3.61821780653153e-02,4.68687492004439e+02,sinkhorn_cellsim
3.952716e+02,43181,8.51423681248810e-05,3.61821780358441e-02,4.68687500184264e+02,sinkhorn_cellsim
3.954547e+02,43201,8.51423681255787e-05,3.61821780064808e-02,4.68687508364025e+02,sinkhorn_cellsim
3.956377e+02,43221,8.51423681247691e-05,3.61821779772263e-02,4.68687516543721e+02,sinkhorn_cellsim
3.958208e+02,43241,8.51423681248820e-05,3.61821779480832e-02,4.68687524723354e+02,sinkhorn_cellsim
3.960039e+02,43261,8.51423681243951e-05,3.61821779190522e-02,4.68687532902923e+02,sinkhorn_cellsim
3.961870e+02,43281,8.51423681246156e-05,3.61821778901350e-02,4.68687541082430e+02,sinkhorn_cellsim
3.963700e+02,43301,8.51423681241659e-05,3.61821778613330e-02,4.68687549261874e+02,sinkhorn_cellsim
3.965531e+02,43321,8.51423681241554e-05,3.61821778326475e-02,4.68687557441256e+02,sinkhorn_cellsim
3.967361e+02,43341,8.51423681245661e-05,3.61821778040801e-02,4.68687565620577e+02,sinkhorn_cellsim
3.969192e+02,43361,8.51423681241335e-05,3.61821777756316e-02,4.68687573799837e+02,sinkhorn_cellsim
3.971023e+02,43381,8.51423681242614e-05,3.61821777473037e-02,4.68687581979035e+02,sinkhorn_cellsim
3.972853e+02,43401,8.51423681245665e-05,3.61821777190974e-02,4.68687590158174e+02,sinkhorn_cellsim
3.974684e+02,43421,8.51423681246364e-05,3.61821776910140e-02,4.68687598337253e+02,sinkhorn_cellsim
3.976514e+02,43441,8.51423681240818e-05,3.61821776630542e-02,4.68687606516273e+02,sinkhorn_cellsim
3.978345e+02,43461,8.51423681244543e-05,3.61821776352197e-02,4.68687614695234e+02,sinkhorn_cellsim
3.980175e+02,43481,8.51423681240423e-05,3.61821776075110e-02,4.68687622874136e+02,sinkhorn_cellsim
3.982006e+02,43501,8.51423681251876e-05,3.61821775799296e-02,4.68687631052980e+02,sinkhorn_cellsim
3.983836e+02,43521,8.51423681251594e-05,3.61821775524760e-02,4.68687639231767e+02,sinkhorn_cellsim
3.985667e+02,43541,8.51423681253715e-05,3.61821775251514e-02,4.68687647410497e+02,sinkhorn_cellsim
3.987498e+02,43561,8.51423681258270e-05,3.61821774979567e-02,4.68687655589170e+02,sinkhorn_cellsim
3.989328e+02,43581,8.51423681255258e-05,3.61821774708925e-02,4.68687663767787e+02,sinkhorn_cellsim
3.991159e+02,43601,8.51423681245641e-05,3.61821774439598e-02,4.68687671946348e+02,sinkhorn_cellsim
3.992989e+02,43621,8.51423681245275e-05,3.61821774171595e-02,4.68687680124854e+02,sinkhorn_cellsim
3.994820e+02,43641,8.51423681248988e-05,3.61821773904922e-02,4.68687688303305e+02,sinkhorn_cellsim
3.996650e+02,43661,8.51423681249579e-05,3.61821773639586e-02,4.68687696481702e+02,sinkhorn_cellsim
3.998481e+02,43681,8.51423681247583e-05,3.61821773375594e-02,4.68687704660044e+02,sinkhorn_cellsim
4.000312e+02,43701,8.51423681243031e-05,3.61821773112952e-02,4.68687712838333e+02,sinkhorn_cellsim
4.002142e+02,43721,8.51423681248610e-05,3.61821772851670e-02,4.68687721016569e+02,sinkhorn_cellsim
4.003973e+02,43741,8.51423681255816e-05,3.61821772591749e-02,4.68687729194753e+02,sinkhorn_cellsim
4.005803e+02,43761,8.51423681245961e-05,3.61821772333195e-02,4.68687737372884e+02,sinkhorn_cellsim
4.007634e+02,43781,8.51423681245028e-05,3.61821772076014e-02,4.68687745550963e+02,sinkhorn_cellsim
4.009464e+02,43801,8.51423681245842e-05,3.61821771820213e-02,4.68687753728991e+02,sinkhorn_cellsim
4.011295e+02,43821,8.51423681248011e-05,3.61821771565796e-02,4.68687761906969e+02,sinkhorn_cellsim
4.013125e+02,43841,8.51423681248136e-05,3.61821771312764e-02,4.68687770084895e+02,sinkhorn_cellsim
4.014956e+02,43861,8.51423681248307e-05,3.61821771061124e-02,4.68687778262772e+02,sinkhorn_cellsim
4.016787e+02,43881,8.51423681244846e-05,3.61821770810878e-02,4.68687786440600e+02,sinkhorn_cellsim
4.018617e+02,43901,8.51423681245021e-05,3.61821770562033e-02,4.68687794618378e+02,sinkhorn_cellsim
4.020448e+02,43921,8.51423681241854e-05,3.61821770314586e-02,4.68687802796107e+02,sinkhorn_cellsim
4.022278e+02,43941,8.51423681254257e-05,3.61821770068546e-02,4.68687810973788e+02,sinkhorn_cellsim
4.024109e+02,43961,8.51423681247655e-05,3.61821769823911e-02,4.68687819151422e+02,sinkhorn_cellsim
4.025940e+02,43981,8.51423681249055e-05,3.61821769580685e-02,4.68687827329008e+02,sinkhorn_cellsim
4.027770e+02,44001,8.51423681246847e-05,3.61821769338872e-02,4.68687835506547e+02,sinkhorn_cellsim
4.029601e+02,44021,8.51423681249458e-05,3.61821769098472e-02,4.68687843684040e+02,sinkhorn_cellsim
4.031431e+02,44041,8.51423681244438e-05,3.61821768859485e-02,4.68687851861486e+02,sinkhorn_cellsim
4.033262e+02,44061,8.51423681242063e-05,3.61821768621916e-02,4.68687860038887e+02,sinkhorn_cellsim
4.035092e+02,44081,8.51423681246489e-05,3.61821768385764e-02,4.68687868216243e+02,sinkhorn_cellsim
4.036923e+02,44101,8.51423681248767e-05,3.61821768151029e-02,4.68687876393554e+02,sinkhorn_cellsim
4.038754e+02,44121,8.51423681243310e-05,3.61821767917714e-02,4.68687884570821e+02,sinkhorn_cellsim
4.040584e+02,44141,8.51423681242870e-05,3.61821767685818e-02,4.68687892748043e+02,sinkhorn_cellsim
4.042415e+02,44161,8.51423681245468e-05,3.61821767455341e-02,4.68687900925223e+02,sinkhorn_cellsim
4.044246e+02,44181,8.51423681244112e-05,3.61821767226283e-02,4.68687909102359e+02,sinkhorn_cellsim
4.046076e+02,44201,8.51423681247447e-05,3.61821766998645e-02,4.68687917279452e+02,sinkhorn_cellsim
4.047907e+02,44221,8.51423681246003e-05,3.61821766772424e-02,4.68687925456504e+02,sinkhorn_cellsim
4.049738e+02,44241,8.51423681246359e-05,3.61821766547624e-02,4.68687933633513e+02,sinkhorn_cellsim
4.051568e+02,44261,8.51423681243793e-05,3.61821766324238e-02,4.68687941810481e+02,sinkhorn_cellsim
4.053399e+02,44281,8.51423681246668e-05,3.61821766102270e-02,4.68687949987408e+02,sinkhorn_cellsim
4.055229e+02,44301,8.51423681241141e-05,3.61821765881717e-02,4.68687958164295e+02,sinkhorn_cellsim
4.057060e+02,44321,8.51423681239957e-05,3.61821765662576e-02,4.68687966341141e+02,sinkhorn_cellsim
4.058890e+02,44341,8.51423681241475e-05,3.61821765444848e-02,4.68687974517947e+02,sinkhorn_cellsim
4.060721e+02,44361,8.51423681243547e-05,3.61821765228530e-02,4.68687982694715e+02,sinkhorn_cellsim
4.062551e+02,44381,8.51423681252035e-05,3.61821765013622e-02,4.68687990871443e+02,sinkhorn_cellsim
4.064382e+02,44401,8.51423681243363e-05,3.61821764800118e-02,4.68687999048133e+02,sinkhorn_cellsim
4.066212e+02,44421,8.51423681241751e-05,3.61821764588018e-02,4.68688007224784e+02,sinkhorn_cellsim
4.068043e+02,44441,8.51423681243581e-05,3.61821764377322e-02,4.68688015401398e+02,sinkhorn_cellsim
4.069874e+02,44461,8.51423681252284e-05,3.61821764168023e-02,4.68688023577975e+02,sinkhorn_cellsim
4.071704e+02,44481,8.51423681249645e-05,3.61821763960120e-02,4.68688031754514e+02,sinkhorn_cellsim
4.073535e+02,44501,8.51423681257424e-05,3.61821763753612e-02,4.68688039931017e+02,sinkhorn_cellsim
4.075365e+02,44521,8.51423681249182e-05,3.61821763548492e-02,4.68688048107484e+02,sinkhorn_cellsim
4.077196e+02,44541,8.51423681241118e-05,3.61821763344760e-02,4.68688056283915e+02,sinkhorn_cellsim
4.079026e+02,44561,8.51423681247991e-05,3.61821763142412e-02,4.68688064460311e+02,sinkhorn_cellsim
4.080857e+02,44581,8.51423681235097e-05,3.61821762941443e-02,4.68688072636672e+02,sinkhorn_cellsim
4.082687e+02,44601,8.51423681241887e-05,3.61821762741853e-02,4.68688080812998e+02,sinkhorn_cellsim
4.084518e+02,44621,8.51423681249723e-05,3.61821762543637e-02,4.68688088989289e+02,sinkhorn_cellsim
4.086349e+02,44641,8.51423681248551e-05,3.61821762346787e-02,4.68688097165547e+02,sinkhorn_cellsim
4.088179e+02,44661,8.51423681254594e-05,3.61821762151304e-02,4.68688105341772e+02,sinkhorn_cellsim
4.090010e+02,44681,8.51423681242632e-05,3.61821761957182e-02,4.68688113517963e+02,sinkhorn_cellsim
4.091840e+02,44701,8.51423681257673e-05,3.61821761764417e-02,4.68688121694122e+02,sinkhorn_cellsim
4.093671e+02,44721,8.51423681249790e-05,3.61821761573005e-02,4.68688129870248e+02,sinkhorn_cellsim
4.095502e+02,44741,8.51423681248286e-05,3.61821761382940e-02,4.68688138046342e+02,sinkhorn_cellsim
4.097332e+02,44761,8.51423681246889e-05,3.61821761194223e-02,4.68688146222404e+02,sinkhorn_cellsim
4.099163e+02,44781,8.51423681253102e-05,3.61821761006842e-02,4.68688154398436e+02,sinkhorn_cellsim
4.100993e+02,44801,8.51423681249493e-05,3.61821760820796e-02,4.68688162574436e+02,sinkhorn_cellsim
4.102824e+02,44821,8.51423681247029e-05,3.61821760636079e-02,4.68688170750405e+02,sinkhorn_cellsim
4.104654e+02,44841,8.51423681242246e-05,3.61821760452688e-02,4.68688178926345e+02,sinkhorn_cellsim
4.106485e+02,44861,8.51423681246184e-05,3.61821760270616e-02,4.68688187102254e+02,sinkhorn_cellsim
4.108316e+02,44881,8.51423681230793e-05,3.61821760089860e-02,4.68688195278134e+02,sinkhorn_cellsim
4.110146e+02,44901,8.51423681255958e-05,3.61821759910415e-02,4.68688203453985e+02,sinkhorn_cellsim
4.111977e+02,44921,8.51423681242906e-05,3.61821759732271e-02,4.68688211629806e+02,sinkhorn_cellsim
4.113807e+02,44941,8.51423681237563e-05,3.61821759555427e-02,4.68688219805600e+02,sinkhorn_cellsim
4.115638e+02,44961,8.51423681242431e-05,3.61821759379878e-02,4.68688227981365e+02,sinkhorn_cellsim
4.117469e+02,44981,8.51423681242704e-05,3.61821759205617e-02,4.68688236157102e+02,sinkhorn_cellsim
4.119299e+02,45001,8.51423681261197e-05,3.61821759032639e-02,4.68688244332811e+02,sinkhorn_cellsim
4.121130e+02,45021,8.51423681243497e-05,3.61821758860936e-02,4.68688252508493e+02,sinkhorn_cellsim
4.122961e+02,45041,8.51423681244506e-05,3.61821758690507e-02,4.68688260684149e+02,sinkhorn_cellsim
4.124791e+02,45061,8.51423681255658e-05,3.61821758521343e-02,4.68688268859778e+02,sinkhorn_cellsim
4.126622e+02,45081,8.51423681248712e-05,3.61821758353437e-02,4.68688277035380e+02,sinkhorn_cellsim
4.128452e+02,45101,8.51423681242627e-05,3.61821758186785e-02,4.68688285210957e+02,sinkhorn_cellsim
4.130283e+02,45121,8.51423681253921e-05,3.61821758021384e-02,4.68688293386508e+02,sinkhorn_cellsim
4.132114e+02,45141,8.51423681251821e-05,3.61821757857224e-02,4.68688301562033e+02,sinkhorn_cellsim
4.133944e+02,45161,8.51423681249035e-05,3.61821757694299e-02,4.68688309737533e+02,sinkhorn_cellsim
4.135775e+02,45181,8.51423681243497e-05,3.61821757532604e-02,4.68688317913009e+02,sinkhorn_cellsim
4.137605e+02,45201,8.51423681241086e-05,3.61821757372134e-02,4.68688326088460e+02,sinkhorn_cellsim
4.139436e+02,45221,8.51423681249358e-05,3.61821757212880e-02,4.68688334263887e+02,sinkhorn_cellsim
4.141267e+02,45241,8.51423681237972e-05,3.61821757054838e-02,4.68688342439291e+02,sinkhorn_cellsim
4.143097e+02,45261,8.51423681242833e-05,3.61821756898002e-02,4.68688350614670e+02,sinkhorn_cellsim
4.144928e+02,45281,8.51423681248607e-05,3.61821756742364e-02,4.68688358790026e+02,sinkhorn_cellsim
4.146758e+02,45301,8.51423681248966e-05,3.61821756587918e-02,4.68688366965360e+02,sinkhorn_cellsim
4.148589e+02,45321,8.51423681247865e-05,3.61821756434659e-02,4.68688375140670e+02,sinkhorn_cellsim
4.150419e+02,45341,8.51423681247696e-05,3.61821756282579e-02,4.68688383315958e+02,sinkhorn_cellsim
4.152250e+02,45361,8.51423681246449e-05,3.61821756131673e-02,4.68688391491224e+02,sinkhorn_cellsim
4.154081e+02,45381,8.51423681236232e-05,3.61821755981931e-02,4.68688399666468e+02,sinkhorn_cellsim
4.155911e+02,45401,8.51423681254957e-05,3.61821755833351e-02,4.68688407841690e+02,sinkhorn_cellsim
4.157742e+02,45421,8.51423681245575e-05,3.61821755685925e-02,4.68688416016891e+02,sinkhorn_cellsim
4.159572e+02,45441,8.51423681251812e-05,3.61821755539644e-02,4.68688424192070e+02,sinkhorn_cellsim
4.161403e+02,45461,8.51423681233427e-05,3.61821755394503e-02,4.68688432367229e+02,sinkhorn_cellsim
4.163234e+02,45481,8.51423681241278e-05,3.61821755250499e-02,4.68688440542367e+02,sinkhorn_cellsim
4.165064e+02,45501,8.51423681239141e-05,3.61821755107618e-02,4.68688448717485e+02,sinkhorn_cellsim
4.166895e+02,45521,8.51423681242192e-05,3.61821754965859e-02,4.68688456892582e+02,sinkhorn_cellsim
4.168725e+02,45541,8.51423681249786e-05,3.61821754825214e-02,4.68688465067660e+02,sinkhorn_cellsim
4.170556e+02,45561,8.51423681238692e-05,3.61821754685675e-02,4.68688473242718e+02,sinkhorn_cellsim
4.172386e+02,45581,8.51423681251786e-05,3.61821754547235e-02,4.68688481417756e+02,sinkhorn_cellsim
4.174217e+02,45601,8.51423681254530e-05,3.61821754409890e-02,4.68688489592776e+02,sinkhorn_cellsim
4.176048e+02,45621,8.51423681238947e-05,3.61821754273629e-02,4.68688497767776e+02,sinkhorn_cellsim
4.177878e+02,45641,8.51423681242362e-05,3.61821754138449e-02,4.68688505942757e+02,sinkhorn_cellsim
4.179709e+02,45661,8.51423681244662e-05,3.61821754004343e-02,4.68688514117720e+02,sinkhorn_cellsim
4.181539e+02,45681,8.51423681240645e-05,3.61821753871302e-02,4.68688522292665e+02,sinkhorn_cellsim
4.183370e+02,45701,8.51423681243643e-05,3.61821753739318e-02,4.68688530467592e+02,sinkhorn_cellsim
4.185201e+02,45721,8.51423681235116e-05,3.61821753608387e-02,4.68688538642501e+02,sinkhorn_cellsim
4.187031e+02,45741,8.51423681251182e-05,3.61821753478504e-02,4.68688546817392e+02,sinkhorn_cellsim
4.188862e+02,45761,8.51423681237962e-05,3.61821753349657e-02,4.68688554992265e+02,sinkhorn_cellsim
4.190692e+02,45781,8.51423681249328e-05,3.61821753221842e-02,4.68688563167122e+02,sinkhorn_cellsim
4.192523e+02,45801,8.51423681246436e-05,3.61821753095052e-02,4.68688571341961e+02,sinkhorn_cellsim
4.194354e+02,45821,8.51423681250390e-05,3.61821752969278e-02,4.68688579516784e+02,sinkhorn_cellsim
4.196184e+02,45841,8.51423681245801e-05,3.61821752844517e-02,4.68688587691590e+02,sinkhorn_cellsim
4.198015e+02,45861,8.51423681244503e-05,3.61821752720759e-02,4.68688595866379e+02,sinkhorn_cellsim
4.199845e+02,45881,8.51423681243154e-05,3.61821752597998e-02,4.68688604041152e+02,sinkhorn_cellsim
4.201676e+02,45901,8.51423681242989e-05,3.61821752476227e-02,4.68688612215909e+02,sinkhorn_cellsim
4.203506e+02,45921,8.51423681244312e-05,3.61821752355440e-02,4.68688620390650e+02,sinkhorn_cellsim
4.205337e+02,45941,8.51423681245996e-05,3.61821752235628e-02,4.68688628565376e+02,sinkhorn_cellsim
4.207168e+02,45961,8.51423681246871e-05,3.61821752116787e-02,4.68688636740085e+02,sinkhorn_cellsim
4.208998e+02,45981,8.51423681240492e-05,3.61821751998906e-02,4.68688644914780e+02,sinkhorn_cellsim
4.210829e+02,46001,8.51423681244751e-05,3.61821751881983e-02,4.68688653089459e+02,sinkhorn_cellsim
4.212659e+02,46021,8.51423681237424e-05,3.61821751766007e-02,4.68688661264123e+02,sinkhorn_cellsim
4.214490e+02,46041,8.51423681239277e-05,3.61821751650975e-02,4.68688669438773e+02,sinkhorn_cellsim
4.216320e+02,46061,8.51423681251688e-05,3.61821751536876e-02,4.68688677613407e+02,sinkhorn_cellsim
4.218151e+02,46081,8.51423681241747e-05,3.61821751423705e-02,4.68688685788028e+02,sinkhorn_cellsim
4.219982e+02,46101,8.51423681242068e-05,3.61821751311456e-02,4.68688693962633e+02,sinkhorn_cellsim
4.221812e+02,46121,8.51423681247734e-05,3.61821751200121e-02,4.68688702137225e+02,sinkhorn_cellsim
4.223643e+02,46141,8.51423681246848e-05,3.61821751089693e-02,4.68688710311802e+02,sinkhorn_cellsim
4.225473e+02,46161,8.51423681256430e-05,3.61821750980166e-02,4.68688718486365e+02,sinkhorn_cellsim
4.227304e+02,46181,8.51423681256190e-05,3.61821750871534e-02,4.68688726660915e+02,sinkhorn_cellsim
4.229134e+02,46201,8.51423681243076e-05,3.61821750763786e-02,4.68688734835451e+02,sinkhorn_cellsim
4.230965e+02,46221,8.51423681245459e-05,3.61821750656919e-02,4.68688743009973e+02,sinkhorn_cellsim
4.232796e+02,46241,8.51423681254226e-05,3.61821750550926e-02,4.68688751184482e+02,sinkhorn_cellsim
4.234626e+02,46261,8.51423681236249e-05,3.61821750445799e-02,4.68688759358978e+02,sinkhorn_cellsim
4.236457e+02,46281,8.51423681250453e-05,3.61821750341532e-02,4.68688767533461e+02,sinkhorn_cellsim
4.238287e+02,46301,8.51423681251337e-05,3.61821750238117e-02,4.68688775707931e+02,sinkhorn_cellsim
4.240118e+02,46321,8.51423681243446e-05,3.61821750135549e-02,4.68688783882387e+02,sinkhorn_cellsim
4.241948e+02,46341,8.51423681250870e-05,3.61821750033822e-02,4.68688792056831e+02,sinkhorn_cellsim
4.243779e+02,46361,8.51423681242466e-05,3.61821749932924e-02,4.68688800231263e+02,sinkhorn_cellsim
4.245610e+02,46381,8.51423681237586e-05,3.61821749832854e-02,4.68688808405682e+02,sinkhorn_cellsim
4.247440e+02,46401,8.51423681253717e-05,3.61821749733603e-02,4.68688816580088e+02,sinkhorn_cellsim
4.249271e+02,46421,8.51423681244563e-05,3.61821749635165e-02,4.68688824754482e+02,sinkhorn_cellsim
4.251101e+02,46441,8.51423681244854e-05,3.61821749537533e-02,4.68688832928864e+02,sinkhorn_cellsim
4.252932e+02,46461,8.51423681238893e-05,3.61821749440698e-02,4.68688841103234e+02,sinkhorn_cellsim
4.254763e+02,46481,8.51423681246397e-05,3.61821749344659e-02,4.68688849277592e+02,sinkhorn_cellsim
4.256593e+02,46501,8.51423681245594e-05,3.61821749249404e-02,4.68688857451938e+02,sinkhorn_cellsim
4.258424e+02,46521,8.51423681246314e-05,3.61821749154928e-02,4.68688865626273e+02,sinkhorn_cellsim
4.260254e+02,46541,8.51423681243782e-05,3.61821749061226e-02,4.68688873800595e+02,sinkhorn_cellsim
4.262085e+02,46561,8.51423681241323e-05,3.61821748968292e-02,4.68688881974906e+02,sinkhorn_cellsim
4.263916e+02,46581,8.51423681246641e-05,3.61821748876115e-02,4.68688890149206e+02,sinkhorn_cellsim
4.265746e+02,46601,8.51423681251031e-05,3.61821748784692e-02,4.68688898323494e+02,sinkhorn_cellsim
4.267577e+02,46621,8.51423681251420e-05,3.61821748694015e-02,4.68688906497771e+02,sinkhorn_cellsim
4.269407e+02,46641,8.51423681241371e-05,3.61821748604079e-02,4.68688914672036e+02,sinkhorn_cellsim
4.271238e+02,46661,8.51423681235465e-05,3.61821748514878e-02,4.68688922846291e+02,sinkhorn_cellsim
4.273069e+02,46681,8.51423681258775e-05,3.61821748426403e-02,4.68688931020534e+02,sinkhorn_cellsim
4.274899e+02,46701,8.51423681237832e-05,3.61821748338649e-02,4.68688939194766e+02,sinkhorn_cellsim
4.276730e+02,46721,8.51423681252626e-05,3.61821748251610e-02,4.68688947368987e+02,sinkhorn_cellsim
4.278560e+02,46741,8.51423681250497e-05,3.61821748165280e-02,4.68688955543198e+02,sinkhorn_cellsim
4.280391e+02,46761,8.51423681243841e-05,3.61821748079649e-02,4.68688963717398e+02,sinkhorn_cellsim
4.282222e+02,46781,8.51423681253682e-05,3.61821747994717e-02,4.68688971891587e+02,sinkhorn_cellsim
4.284052e+02,46801,8.51423681245760e-05,3.61821747910473e-02,4.68688980065765e+02,sinkhorn_cellsim
4.285883e+02,46821,8.51423681251079e-05,3.61821747826911e-02,4.68688988239932e+02,sinkhorn_cellsim
4.287715e+02,46841,8.51423681245060e-05,3.61821747744028e-02,4.68688996414090e+02,sinkhorn_cellsim
4.289545e+02,46861,8.51423681243548e-05,3.61821747661813e-02,4.68689004588236e+02,sinkhorn_cellsim
4.291376e+02,46881,8.51423681247861e-05,3.61821747580263e-02,4.68689012762372e+02,sinkhorn_cellsim
4.293206e+02,46901,8.51423681239783e-05,3.61821747499373e-02,4.68689020936498e+02,sinkhorn_cellsim
4.295037e+02,46921,8.51423681243298e-05,3.61821747419133e-02,4.68689029110613e+02,sinkhorn_cellsim
4.296867e+02,46941,8.51423681248441e-05,3.61821747339540e-02,4.68689037284718e+02,sinkhorn_cellsim
4.298698e+02,46961,8.51423681245468e-05,3.61821747260586e-02,4.68689045458813e+02,sinkhorn_cellsim
4.300529e+02,46981,8.51423681248389e-05,3.61821747182266e-02,4.68689053632898e+02,sinkhorn_cellsim
4.302359e+02,47001,8.51423681253054e-05,3.61821747104574e-02,4.68689061806972e+02,sinkhorn_cellsim
4.304190e+02,47021,8.51423681251272e-05,3.61821747027503e-02,4.68689069981037e+02,sinkhorn_cellsim
4.306020e+02,47041,8.51423681242681e-05,3.61821746951048e-02,4.68689078155091e+02,sinkhorn_cellsim
4.307851e+02,47061,8.51423681251950e-05,3.61821746875202e-02,4.68689086329135e+02,sinkhorn_cellsim
4.309682e+02,47081,8.51423681247807e-05,3.61821746799960e-02,4.68689094503169e+02,sinkhorn_cellsim
4.311512e+02,47101,8.51423681248796e-05,3.61821746725316e-02,4.68689102677193e+02,sinkhorn_cellsim
4.313343e+02,47121,8.51423681245463e-05,3.61821746651264e-02,4.68689110851207e+02,sinkhorn_cellsim
4.315173e+02,47141,8.51423681247406e-05,3.61821746577797e-02,4.68689119025211e+02,sinkhorn_cellsim
4.317004e+02,47161,8.51423681251799e-05,3.61821746504912e-02,4.68689127199206e+02,sinkhorn_cellsim
4.318835e+02,47181,8.51423681247546e-05,3.61821746432601e-02,4.68689135373190e+02,sinkhorn_cellsim
4.320665e+02,47201,8.51423681246174e-05,3.61821746360857e-02,4.68689143547165e+02,sinkhorn_cellsim
4.322495e+02,47221,8.51423681249460e-05,3.61821746289676e-02,4.68689151721129e+02,sinkhorn_cellsim
4.324326e+02,47241,8.51423681239926e-05,3.61821746219053e-02,4.68689159895084e+02,sinkhorn_cellsim
4.326156e+02,47261,8.51423681242933e-05,3.61821746148980e-02,4.68689168069029e+02,sinkhorn_cellsim
4.327987e+02,47281,8.51423681244993e-05,3.61821746079454e-02,4.68689176242964e+02,sinkhorn_cellsim
4.329818e+02,47301,8.51423681240832e-05,3.61821746010468e-02,4.68689184416889e+02,sinkhorn_cellsim
4.331648e+02,47321,8.51423681238400e-05,3.61821745942016e-02,4.68689192590804e+02,sinkhorn_cellsim
4.333479e+02,47341,8.51423681240698e-05,3.61821745874091e-02,4.68689200764710e+02,sinkhorn_cellsim
4.335309e+02,47361,8.51423681243587e-05,3.61821745806691e-02,4.68689208938606e+02,sinkhorn_cellsim
4.337140e+02,47381,8.51423681237440e-05,3.61821745739807e-02,4.68689217112492e+02,sinkhorn_cellsim
4.338971e+02,47401,8.51423681245785e-05,3.61821745673438e-02,4.68689225286368e+02,sinkhorn_cellsim
4.340801e+02,47421,8.51423681249878e-05,3.61821745607573e-02,4.68689233460234e+02,sinkhorn_cellsim
4.342632e+02,47441,8.51423681246371e-05,3.61821745542210e-02,4.68689241634091e+02,sinkhorn_cellsim
4.344462e+02,47461,8.51423681247023e-05,3.61821745477343e-02,4.68689249807937e+02,sinkhorn_cellsim
4.346293e+02,47481,8.51423681253965e-05,3.61821745412966e-02,4.68689257981774e+02,sinkhorn_cellsim
4.348124e+02,47501,8.51423681239674e-05,3.61821745349072e-02,4.68689266155601e+02,sinkhorn_cellsim
4.349954e+02,47521,8.51423681249627e-05,3.61821745285660e-02,4.68689274329418e+02,sinkhorn_cellsim
4.351785e+02,47541,8.51423681248330e-05,3.61821745222722e-02,4.68689282503226e+02,sinkhorn_cellsim
4.353615e+02,47561,8.51423681240921e-05,3.61821745160251e-02,4.68689290677023e+02,sinkhorn_cellsim
4.355446e+02,47581,8.51423681246740e-05,3.61821745098244e-02,4.68689298850811e+02,sinkhorn_cellsim
4.357276e+02,47601,8.51423681244922e-05,3.61821745036697e-02,4.68689307024588e+02,sinkhorn_cellsim
4.359107e+02,47621,8.51423681245285e-05,3.61821744975602e-02,4.68689315198356e+02,sinkhorn_cellsim
4.360937e+02,47641,8.51423681244985e-05,3.61821744914955e-02,4.68689323372114e+02,sinkhorn_cellsim
4.362768e+02,47661,8.51423681244115e-05,3.61821744854751e-02,4.68689331545861e+02,sinkhorn_cellsim
4.364598e+02,47681,8.51423681252987e-05,3.61821744794984e-02,4.68689339719599e+02,sinkhorn_cellsim
4.366429e+02,47701,8.51423681239434e-05,3.61821744735649e-02,4.68689347893327e+02,sinkhorn_cellsim
4.368260e+02,47721,8.51423681240937e-05,3.61821744676742e-02,4.68689356067044e+02,sinkhorn_cellsim
4.370090e+02,47741,8.51423681248447e-05,3.61821744618257e-02,4.68689364240752e+02,sinkhorn_cellsim
4.371921e+02,47761,8.51423681246352e-05,3.61821744560189e-02,4.68689372414449e+02,sinkhorn_cellsim
4.373752e+02,47781,8.51423681241976e-05,3.61821744502534e-02,4.68689380588136e+02,sinkhorn_cellsim
4.375582e+02,47801,8.51423681246859e-05,3.61821744445287e-02,4.68689388761813e+02,sinkhorn_cellsim
4.377412e+02,47821,8.51423681245856e-05,3.61821744388440e-02,4.68689396935480e+02,sinkhorn_cellsim
4.379243e+02,47841,8.51423681246861e-05,3.61821744331992e-02,4.68689405109136e+02,sinkhorn_cellsim
4.381074e+02,47861,8.51423681243879e-05,3.61821744275935e-02,4.68689413282782e+02,sinkhorn_cellsim
4.382904e+02,47881,8.51423681249634e-05,3.61821744220266e-02,4.68689421456418e+02,sinkhorn_cellsim
4.384755e+02,47901,8.51423681239333e-05,3.61821744164979e-02,4.68689429630043e+02,sinkhorn_cellsim
4.386586e+02,47921,8.51423681247851e-05,3.61821744110073e-02,4.68689437803658e+02,sinkhorn_cellsim
4.388417e+02,47941,8.51423681235287e-05,3.61821744055536e-02,4.68689445977262e+02,sinkhorn_cellsim
4.390248e+02,47961,8.51423681249360e-05,3.61821744001371e-02,4.68689454150856e+02,sinkhorn_cellsim
4.392078e+02,47981,8.51423681244163e-05,3.61821743947565e-02,4.68689462324439e+02,sinkhorn_cellsim
4.393909e+02,48001,8.51423681242054e-05,3.61821743894122e-02,4.68689470498011e+02,sinkhorn_cellsim
4.395739e+02,48021,8.51423681244544e-05,3.61821743841030e-02,4.68689478671573e+02,sinkhorn_cellsim
4.397570e+02,48041,8.51423681244363e-05,3.61821743788290e-02,4.68689486845123e+02,sinkhorn_cellsim
4.399400e+02,48061,8.51423681244053e-05,3.61821743735894e-02,4.68689495018663e+02,sinkhorn_cellsim
4.401231e+02,48081,8.51423681250910e-05,3.61821743683837e-02,4.68689503192193e+02,sinkhorn_cellsim
4.403061e+02,48101,8.51423681241068e-05,3.61821743632115e-02,4.68689511365711e+02,sinkhorn_cellsim
4.404892e+02,48121,8.51423681250333e-05,3.61821743580725e-02,4.68689519539218e+02,sinkhorn_cellsim
4.406722e+02,48141,8.51423681252429e-05,3.61821743529663e-02,4.68689527712714e+02,sinkhorn_cellsim
4.408553e+02,48161,8.51423681248249e-05,3.61821743478920e-02,4.68689535886199e+02,sinkhorn_cellsim
4.410384e+02,48181,8.51423681248682e-05,3.61821743428495e-02,4.68689544059672e+02,sinkhorn_cellsim
4.412214e+02,48201,8.51423681245025e-05,3.61821743378382e-02,4.68689552233135e+02,sinkhorn_cellsim
4.414045e+02,48221,8.51423681250147e-05,3.61821743328579e-02,4.68689560406586e+02,sinkhorn_cellsim
4.415875e+02,48241,8.51423681237532e-05,3.61821743279080e-02,4.68689568580025e+02,sinkhorn_cellsim
4.417706e+02,48261,8.51423681244332e-05,3.61821743229880e-02,4.68689576753453e+02,sinkhorn_cellsim
4.419536e+02,48281,8.51423681236735e-05,3.61821743180974e-02,4.68689584926870e+02,sinkhorn_cellsim
4.421367e+02,48301,8.51423681244834e-05,3.61821743132361e-02,4.68689593100274e+02,sinkhorn_cellsim
4.423197e+02,48321,8.51423681240755e-05,3.61821743084032e-02,4.68689601273667e+02,sinkhorn_cellsim
4.425028e+02,48341,8.51423681247248e-05,3.61821743035988e-02,4.68689609447049e+02,sinkhorn_cellsim
4.426858e+02,48361,8.51423681242865e-05,3.61821742988220e-02,4.68689617620418e+02,sinkhorn_cellsim
4.428689e+02,48381,8.51423681251618e-05,3.61821742940726e-02,4.68689625793775e+02,sinkhorn_cellsim
4.430519e+02,48401,8.51423681252973e-05,3.61821742893501e-02,4.68689633967120e+02,sinkhorn_cellsim
4.432350e+02,48421,8.51423681239410e-05,3.61821742846541e-02,4.68689642140454e+02,sinkhorn_cellsim
4.434180e+02,48441,8.51423681241193e-05,3.61821742799842e-02,4.68689650313774e+02,sinkhorn_cellsim
4.436011e+02,48461,8.51423681240524e-05,3.61821742753399e-02,4.68689658487083e+02,sinkhorn_cellsim
4.437841e+02,48481,8.51423681239273e-05,3.61821742707209e-02,4.68689666660379e+02,sinkhorn_cellsim
4.439672e+02,48501,8.51423681242795e-05,3.61821742661269e-02,4.68689674833663e+02,sinkhorn_cellsim
4.441502e+02,48521,8.51423681249374e-05,3.61821742615573e-02,4.68689683006934e+02,sinkhorn_cellsim
4.443333e+02,48541,8.51423681239672e-05,3.61821742570115e-02,4.68689691180192e+02,sinkhorn_cellsim
4.445164e+02,48561,8.51423681256226e-05,3.61821742524895e-02,4.68689699353437e+02,sinkhorn_cellsim
4.446994e+02,48581,8.51423681242561e-05,3.61821742479907e-02,4.68689707526670e+02,sinkhorn_cellsim
4.448825e+02,48601,8.51423681247132e-05,3.61821742435147e-02,4.68689715699890e+02,sinkhorn_cellsim
4.450655e+02,48621,8.51423681244681e-05,3.61821742390610e-02,4.68689723873096e+02,sinkhorn_cellsim
4.452486e+02,48641,8.51423681244645e-05,3.61821742346294e-02,4.68689732046289e+02,sinkhorn_cellsim
4.454316e+02,48661,8.51423681249482e-05,3.61821742302195e-02,4.68689740219470e+02,sinkhorn_cellsim
4.456147e+02,48681,8.51423681251210e-05,3.61821742258308e-02,4.68689748392636e+02,sinkhorn_cellsim
4.457977e+02,48701,8.51423681254117e-05,3.61821742214630e-02,4.68689756565789e+02,sinkhorn_cellsim
4.459808e+02,48721,8.51423681239217e-05,3.61821742171152e-02,4.68689764738929e+02,sinkhorn_cellsim
4.461638e+02,48741,8.51423681239756e-05,3.61821742127878e-02,4.68689772912055e+02,sinkhorn_cellsim
4.463468e+02,48761,8.51423681252644e-05,3.61821742084801e-02,4.68689781085167e+02,sinkhorn_cellsim
4.465299e+02,48781,8.51423681243869e-05,3.61821742041917e-02,4.68689789258265e+02,sinkhorn_cellsim
4.467129e+02,48801,8.51423681246668e-05,3.61821741999221e-02,4.68689797431349e+02,sinkhorn_cellsim
4.468960e+02,48821,8.51423681240495e-05,3.61821741956710e-02,4.68689805604419e+02,sinkhorn_cellsim
4.470790e+02,48841,8.51423681251837e-05,3.61821741914382e-02,4.68689813777474e+02,sinkhorn_cellsim
4.472621e+02,48861,8.51423681246165e-05,3.61821741872231e-02,4.68689821950516e+02,sinkhorn_cellsim
4.474451e+02,48881,8.51423681248826e-05,3.61821741830253e-02,4.68689830123542e+02,sinkhorn_cellsim
4.476282e+02,48901,8.51423681249520e-05,3.61821741788446e-02,4.68689838296554e+02,sinkhorn_cellsim
4.478112e+02,48921,8.51423681252182e-05,3.61821741746806e-02,4.68689846469552e+02,sinkhorn_cellsim
4.479943e+02,48941,8.51423681252895e-05,3.61821741705330e-02,4.68689854642534e+02,sinkhorn_cellsim
4.481773e+02,48961,8.51423681256642e-05,3.61821741664012e-02,4.68689862815502e+02,sinkhorn_cellsim
4.483604e+02,48981,8.51423681250550e-05,3.61821741622849e-02,4.68689870988454e+02,sinkhorn_cellsim
4.485434e+02,49001,8.51423681243017e-05,3.61821741581839e-02,4.68689879161391e+02,sinkhorn_cellsim
4.487265e+02,49021,8.51423681245773e-05,3.61821741540978e-02,4.68689887334313e+02,sinkhorn_cellsim
4.489095e+02,49041,8.51423681253170e-05,3.61821741500262e-02,4.68689895507219e+02,sinkhorn_cellsim
4.490926e+02,49061,8.51423681242755e-05,3.61821741459686e-02,4.68689903680110e+02,sinkhorn_cellsim
4.492756e+02,49081,8.51423681250583e-05,3.61821741419248e-02,4.68689911852985e+02,sinkhorn_cellsim
4.494587e+02,49101,8.51423681247441e-05,3.61821741378945e-02,4.68689920025844e+02,sinkhorn_cellsim
4.496417e+02,49121,8.51423681251110e-05,3.61821741338773e-02,4.68689928198687e+02,sinkhorn_cellsim
4.498248e+02,49141,8.51423681240540e-05,3.61821741298728e-02,4.68689936371514e+02,sinkhorn_cellsim
4.500079e+02,49161,8.51423681245221e-05,3.61821741258808e-02,4.68689944544325e+02,sinkhorn_cellsim
4.501909e+02,49181,8.51423681248858e-05,3.61821741219007e-02,4.68689952717119e+02,sinkhorn_cellsim
4.503740e+02,49201,8.51423681251850e-05,3.61821741179325e-02,4.68689960889897e+02,sinkhorn_cellsim
4.505570e+02,49221,8.51423681246398e-05,3.61821741139755e-02,4.68689969062658e+02,sinkhorn_cellsim
4.507401e+02,49241,8.51423681246696e-05,3.61821741100295e-02,4.68689977235403e+02,sinkhorn_cellsim
4.509231e+02,49261,8.51423681242736e-05,3.61821741060943e-02,4.68689985408130e+02,sinkhorn_cellsim
4.511062e+02,49281,8.51423681246167e-05,3.61821741021695e-02,4.68689993580840e+02,sinkhorn_cellsim
4.512892e+02,49301,8.51423681246965e-05,3.61821740982546e-02,4.68690001753533e+02,sinkhorn_cellsim
4.514722e+02,49321,8.51423681244986e-05,3.61821740943495e-02,4.68690009926209e+02,sinkhorn_cellsim
4.516553e+02,49341,8.51423681249885e-05,3.61821740904538e-02,4.68690018098867e+02,sinkhorn_cellsim
4.518383e+02,49361,8.51423681247631e-05,3.61821740865672e-02,4.68690026271507e+02,sinkhorn_cellsim
4.520214e+02,49381,8.51423681252686e-05,3.61821740826893e-02,4.68690034444130e+02,sinkhorn_cellsim
4.522044e+02,49401,8.51423681249711e-05,3.61821740788197e-02,4.68690042616735e+02,sinkhorn_cellsim
4.523875e+02,49421,8.51423681239688e-05,3.61821740749581e-02,4.68690050789321e+02,sinkhorn_cellsim
4.525705e+02,49441,8.51423681251232e-05,3.61821740711046e-02,4.68690058961889e+02,sinkhorn_cellsim
4.527536e+02,49461,8.51423681251560e-05,3.61821740672584e-02,4.68690067134439e+02,sinkhorn_cellsim
4.529367e+02,49481,8.51423681250601e-05,3.61821740634193e-02,4.68690075306971e+02,sinkhorn_cellsim
4.531197e+02,49501,8.51423681249904e-05,3.61821740595872e-02,4.68690083479483e+02,sinkhorn_cellsim
4.533028e+02,49521,8.51423681245743e-05,3.61821740557615e-02,4.68690091651977e+02,sinkhorn_cellsim
4.534858e+02,49541,8.51423681233354e-05,3.61821740519418e-02,4.68690099824452e+02,sinkhorn_cellsim
4.536689e+02,49561,8.51423681248312e-05,3.61821740481283e-02,4.68690107996908e+02,sinkhorn_cellsim
4.538519e+02,49581,8.51423681248009e-05,3.61821740443204e-02,4.68690116169344e+02,sinkhorn_cellsim
4.540350e+02,49601,8.51423681238646e-05,3.61821740405177e-02,4.68690124341761e+02,sinkhorn_cellsim
4.542180e+02,49621,8.51423681250800e-05,3.61821740367202e-02,4.68690132514158e+02,sinkhorn_cellsim
4.544011e+02,49641,8.51423681247715e-05,3.61821740329272e-02,4.68690140686536e+02,sinkhorn_cellsim
4.545841e+02,49661,8.51423681242128e-05,3.61821740291387e-02,4.68690148858893e+02,sinkhorn_cellsim
4.547672e+02,49681,8.51423681236958e-05,3.61821740253542e-02,4.68690157031230e+02,sinkhorn_cellsim
4.549502e+02,49701,8.51423681242418e-05,3.61821740215737e-02,4.68690165203548e+02,sinkhorn_cellsim
4.551333e+02,49721,8.51423681250960e-05,3.61821740177968e-02,4.68690173375844e+02,sinkhorn_cellsim
4.553163e+02,49741,8.51423681251974e-05,3.61821740140231e-02,4.68690181548120e+02,sinkhorn_cellsim
4.554994e+02,49761,8.51423681238470e-05,3.61821740102522e-02,4.68690189720376e+02,sinkhorn_cellsim
4.556824e+02,49781,8.51423681242919e-05,3.61821740064841e-02,4.68690197892610e+02,sinkhorn_cellsim
4.558655e+02,49801,8.51423681243469e-05,3.61821740027185e-02,4.68690206064824e+02,sinkhorn_cellsim
4.560485e+02,49821,8.51423681251604e-05,3.61821739989551e-02,4.68690214237016e+02,sinkhorn_cellsim
4.562316e+02,49841,8.51423681242145e-05,3.61821739951934e-02,4.68690222409187e+02,sinkhorn_cellsim
4.564146e+02,49861,8.51423681248904e-05,3.61821739914334e-02,4.68690230581336e+02,sinkhorn_cellsim
4.565977e+02,49881,8.51423681245998e-05,3.61821739876747e-02,4.68690238753464e+02,sinkhorn_cellsim
4.567807e+02,49901,8.51423681252574e-05,3.61821739839170e-02,4.68690246925569e+02,sinkhorn_cellsim
4.569637e+02,49921,8.51423681250107e-05,3.61821739801602e-02,4.68690255097653e+02,sinkhorn_cellsim
4.571468e+02,49941,8.51423681244974e-05,3.61821739764038e-02,4.68690263269714e+02,sinkhorn_cellsim
4.573298e+02,49961,8.51423681243462e-05,3.61821739726477e-02,4.68690271441753e+02,sinkhorn_cellsim
4.575129e+02,49981,8.51423681245936e-05,3.61821739688915e-02,4.68690279613770e+02,sinkhorn_cellsim
4.576960e+02,50001,8.51423681250060e-05,3.61821739651353e-02,4.68690287785763e+02,sinkhorn_cellsim
4.578790e+02,50021,8.51423681246442e-05,3.61821739613783e-02,4.68690295957734e+02,sinkhorn_cellsim
4.580621e+02,50041,8.51423681246519e-05,3.61821739576208e-02,4.68690304129682e+02,sinkhorn_cellsim
4.582451e+02,50061,8.51423681244204e-05,3.61821739538621e-02,4.68690312301606e+02,sinkhorn_cellsim
4.584282e+02,50081,8.51423681243676e-05,3.61821739501024e-02,4.68690320473508e+02,sinkhorn_cellsim
4.586112e+02,50101,8.51423681244714e-05,3.61821739463410e-02,4.68690328645385e+02,sinkhorn_cellsim
4.587943e+02,50121,8.51423681245481e-05,3.61821739425779e-02,4.68690336817239e+02,sinkhorn_cellsim
4.589773e+02,50141,8.51423681248151e-05,3.61821739388129e-02,4.68690344989069e+02,sinkhorn_cellsim
4.591604e+02,50161,8.51423681241765e-05,3.61821739350456e-02,4.68690353160875e+02,sinkhorn_cellsim
4.593434e+02,50181,8.51423681235681e-05,3.61821739312759e-02,4.68690361332656e+02,sinkhorn_cellsim
4.595265e+02,50201,8.51423681245631e-05,3.61821739275036e-02,4.68690369504414e+02,sinkhorn_cellsim
4.597095e+02,50221,8.51423681241664e-05,3.61821739237284e-02,4.68690377676146e+02,sinkhorn_cellsim
4.598925e+02,50241,8.51423681245752e-05,3.61821739199502e-02,4.68690385847854e+02,sinkhorn_cellsim
4.600756e+02,50261,8.51423681259226e-05,3.61821739161686e-02,4.68690394019537e+02,sinkhorn_cellsim
4.602586e+02,50281,8.51423681239771e-05,3.61821739123832e-02,4.68690402191195e+02,sinkhorn_cellsim
4.604417e+02,50301,8.51423681247944e-05,3.61821739085941e-02,4.68690410362827e+02,sinkhorn_cellsim
4.606248e+02,50321,8.51423681246141e-05,3.61821739048013e-02,4.68690418534435e+02,sinkhorn_cellsim
4.608078e+02,50341,8.51423681242746e-05,3.61821739010041e-02,4.68690426706016e+02,sinkhorn_cellsim
4.609909e+02,50361,8.51423681247986e-05,3.61821738972025e-02,4.68690434877572e+02,sinkhorn_cellsim
4.611739e+02,50381,8.51423681248280e-05,3.61821738933965e-02,4.68690443049102e+02,sinkhorn_cellsim
4.613570e+02,50401,8.51423681245842e-05,3.61821738895855e-02,4.68690451220605e+02,sinkhorn_cellsim
4.615400e+02,50421,8.51423681251850e-05,3.61821738857696e-02,4.68690459392083e+02,sinkhorn_cellsim
4.617231e+02,50441,8.51423681245255e-05,3.61821738819487e-02,4.68690467563534e+02,sinkhorn_cellsim
4.619061e+02,50461,8.51423681245955e-05,3.61821738781221e-02,4.68690475734958e+02,sinkhorn_cellsim
4.620892e+02,50481,8.51423681246295e-05,3.61821738742902e-02,4.68690483906355e+02,sinkhorn_cellsim
4.622722e+02,50501,8.51423681251229e-05,3.61821738704524e-02,4.68690492077726e+02,sinkhorn_cellsim
4.624553e+02,50521,8.51423681245013e-05,3.61821738666089e-02,4.68690500249069e+02,sinkhorn_cellsim
4.626383e+02,50541,8.51423681248066e-05,3.61821738627591e-02,4.68690508420386e+02,sinkhorn_cellsim
4.628214e+02,50561,8.51423681243615e-05,3.61821738589032e-02,4.68690516591674e+02,sinkhorn_cellsim
4.630044e+02,50581,8.51423681246842e-05,3.61821738550407e-02,4.68690524762935e+02,sinkhorn_cellsim
4.631875e+02,50601,8.51423681246789e-05,3.61821738511717e-02,4.68690532934169e+02,sinkhorn_cellsim
4.633705e+02,50621,8.51423681243763e-05,3.61821738472961e-02,4.68690541105374e+02,sinkhorn_cellsim
4.635536e+02,50641,8.51423681244748e-05,3.61821738434136e-02,4.68690549276551e+02,sinkhorn_cellsim
4.637366e+02,50661,8.51423681245964e-05,3.61821738395238e-02,4.68690557447700e+02,sinkhorn_cellsim
4.639197e+02,50681,8.51423681237420e-05,3.61821738356269e-02,4.68690565618820e+02,sinkhorn_cellsim
4.641027e+02,50701,8.51423681241155e-05,3.61821738317228e-02,4.68690573789912e+02,sinkhorn_cellsim
4.642858e+02,50721,8.51423681247603e-05,3.61821738278111e-02,4.68690581960975e+02,sinkhorn_cellsim
4.644688e+02,50741,8.51423681240168e-05,3.61821738238920e-02,4.68690590132009e+02,sinkhorn_cellsim
4.646519e+02,50761,8.51423681242938e-05,3.61821738199649e-02,4.68690598303014e+02,sinkhorn_cellsim
4.648349e+02,50781,8.51423681246250e-05,3.61821738160300e-02,4.68690606473990e+02,sinkhorn_cellsim
4.650180e+02,50801,8.51423681245791e-05,3.61821738120871e-02,4.68690614644936e+02,sinkhorn_cellsim
4.652010e+02,50821,8.51423681244783e-05,3.61821738081361e-02,4.68690622815853e+02,sinkhorn_cellsim
4.653841e+02,50841,8.51423681241763e-05,3.61821738041770e-02,4.68690630986740e+02,sinkhorn_cellsim
4.655671e+02,50861,8.51423681239152e-05,3.61821738002094e-02,4.68690639157597e+02,sinkhorn_cellsim
4.657502e+02,50881,8.51423681251341e-05,3.61821737962335e-02,4.68690647328424e+02,sinkhorn_cellsim
4.659332e+02,50901,8.51423681252965e-05,3.61821737922490e-02,4.68690655499221e+02,sinkhorn_cellsim
4.661163e+02,50921,8.51423681242644e-05,3.61821737882559e-02,4.68690663669987e+02,sinkhorn_cellsim
4.662993e+02,50941,8.51423681252955e-05,3.61821737842542e-02,4.68690671840723e+02,sinkhorn_cellsim
4.664824e+02,50961,8.51423681242108e-05,3.61821737802433e-02,4.68690680011429e+02,sinkhorn_cellsim
4.666654e+02,50981,8.51423681243667e-05,3.61821737762238e-02,4.68690688182103e+02,sinkhorn_cellsim
4.668485e+02,51001,8.51423681248767e-05,3.61821737721955e-02,4.68690696352747e+02,sinkhorn_cellsim
4.670315e+02,51021,8.51423681246012e-05,3.61821737681579e-02,4.68690704523360e+02,sinkhorn_cellsim
4.672146e+02,51041,8.51423681250082e-05,3.61821737641113e-02,4.68690712693941e+02,sinkhorn_cellsim
4.673976e+02,51061,8.51423681242394e-05,3.61821737600556e-02,4.68690720864491e+02,sinkhorn_cellsim
4.675807e+02,51081,8.51423681243221e-05,3.61821737559907e-02,4.68690729035009e+02,sinkhorn_cellsim
4.677637e+02,51101,8.51423681247529e-05,3.61821737519165e-02,4.68690737205496e+02,sinkhorn_cellsim
4.679468e+02,51121,8.51423681245372e-05,3.61821737478330e-02,4.68690745375951e+02,sinkhorn_cellsim
4.681298e+02,51141,8.51423681249564e-05,3.61821737437403e-02,4.68690753546374e+02,sinkhorn_cellsim
4.683129e+02,51161,8.51423681252680e-05,3.61821737396380e-02,4.68690761716765e+02,sinkhorn_cellsim
4.684960e+02,51181,8.51423681250706e-05,3.61821737355266e-02,4.68690769887124e+02,sinkhorn_cellsim
4.686790e+02,51201,8.51423681250400e-05,3.61821737314055e-02,4.68690778057451e+02,sinkhorn_cellsim
4.688621e+02,51221,8.51423681248073e-05,3.61821737272752e-02,4.68690786227745e+02,sinkhorn_cellsim
4.690452e+02,51241,8.51423681248391e-05,3.61821737231352e-02,4.68690794398006e+02,sinkhorn_cellsim
4.692282e+02,51261,8.51423681244782e-05,3.61821737189861e-02,4.68690802568235e+02,sinkhorn_cellsim
4.694113e+02,51281,8.51423681245263e-05,3.61821737148273e-02,4.68690810738431e+02,sinkhorn_cellsim
4.695943e+02,51301,8.51423681249427e-05,3.61821737106591e-02,4.68690818908594e+02,sinkhorn_cellsim
4.697774e+02,51321,8.51423681258421e-05,3.61821737064817e-02,4.68690827078724e+02,sinkhorn_cellsim
4.699604e+02,51341,8.51423681252555e-05,3.61821737022947e-02,4.68690835248820e+02,sinkhorn_cellsim
4.701435e+02,51361,8.51423681248665e-05,3.61821736980982e-02,4.68690843418884e+02,sinkhorn_cellsim
4.703265e+02,51381,8.51423681250620e-05,3.61821736938926e-02,4.68690851588914e+02,sinkhorn_cellsim
4.705096e+02,51401,8.51423681250705e-05,3.61821736896776e-02,4.68690859758910e+02,sinkhorn_cellsim
4.706926e+02,51421,8.51423681253893e-05,3.61821736854534e-02,4.68690867928873e+02,sinkhorn_cellsim
4.708757e+02,51441,8.51423681247686e-05,3.61821736812199e-02,4.68690876098802e+02,sinkhorn_cellsim
4.710587e+02,51461,8.51423681248590e-05,3.61821736769773e-02,4.68690884268697e+02,sinkhorn_cellsim
4.712418e+02,51481,8.51423681251593e-05,3.61821736727256e-02,4.68690892438558e+02,sinkhorn_cellsim
4.714248e+02,51501,8.51423681246729e-05,3.61821736684648e-02,4.68690900608385e+02,sinkhorn_cellsim
4.716079e+02,51521,8.51423681243453e-05,3.61821736641952e-02,4.68690908778178e+02,sinkhorn_cellsim
4.717909e+02,51541,8.51423681245253e-05,3.61821736599166e-02,4.68690916947937e+02,sinkhorn_cellsim
4.719740e+02,51561,8.51423681253027e-05,3.61821736556294e-02,4.68690925117661e+02,sinkhorn_cellsim
4.721570e+02,51581,8.51423681253053e-05,3.61821736513335e-02,4.68690933287351e+02,sinkhorn_cellsim
4.723401e+02,51601,8.51423681246424e-05,3.61821736470288e-02,4.68690941457006e+02,sinkhorn_cellsim
4.725231e+02,51621,8.51423681250028e-05,3.61821736427160e-02,4.68690949626627e+02,sinkhorn_cellsim
4.727062e+02,51641,8.51423681246307e-05,3.61821736383946e-02,4.68690957796213e+02,sinkhorn_cellsim
4.728892e+02,51661,8.51423681247904e-05,3.61821736340649e-02,4.68690965965764e+02,sinkhorn_cellsim
4.730723e+02,51681,8.51423681242237e-05,3.61821736297272e-02,4.68690974135281e+02,sinkhorn_cellsim
4.732553e+02,51701,8.51423681244501e-05,3.61821736253817e-02,4.68690982304762e+02,sinkhorn_cellsim
4.734384e+02,51721,8.51423681252122e-05,3.61821736210281e-02,4.68690990474208e+02,sinkhorn_cellsim
4.736214e+02,51741,8.51423681235572e-05,3.61821736166671e-02,4.68690998643620e+02,sinkhorn_cellsim
4.738045e+02,51761,8.51423681247036e-05,3.61821736122985e-02,4.68691006812996e+02,sinkhorn_cellsim
4.739875e+02,51781,8.51423681241105e-05,3.61821736079224e-02,4.68691014982337e+02,sinkhorn_cellsim
4.741706e+02,51801,8.51423681233369e-05,3.61821736035394e-02,4.68691023151643e+02,sinkhorn_cellsim
4.743536e+02,51821,8.51423681238659e-05,3.61821735991493e-02,4.68691031320913e+02,sinkhorn_cellsim
4.745367e+02,51841,8.51423681243836e-05,3.61821735947524e-02,4.68691039490148e+02,sinkhorn_cellsim
4.747197e+02,51861,8.51423681242991e-05,3.61821735903487e-02,4.68691047659347e+02,sinkhorn_cellsim
4.749028e+02,51881,8.51423681245762e-05,3.61821735859388e-02,4.68691055828511e+02,sinkhorn_cellsim
4.750858e+02,51901,8.51423681241295e-05,3.61821735815226e-02,4.68691063997640e+02,sinkhorn_cellsim
4.752689e+02,51921,8.51423681257035e-05,3.61821735771006e-02,4.68691072166733e+02,sinkhorn_cellsim
4.754519e+02,51941,8.51423681250562e-05,3.61821735726726e-02,4.68691080335790e+02,sinkhorn_cellsim
4.756350e+02,51961,8.51423681237521e-05,3.61821735682389e-02,4.68691088504812e+02,sinkhorn_cellsim
4.758180e+02,51981,8.51423681246081e-05,3.61821735638002e-02,4.68691096673797e+02,sinkhorn_cellsim
4.760011e+02,52001,8.51423681244359e-05,3.61821735593561e-02,4.68691104842748e+02,sinkhorn_cellsim
4.761841e+02,52021,8.51423681248674e-05,3.61821735549073e-02,4.68691113011662e+02,sinkhorn_cellsim
4.763672e+02,52041,8.51423681258908e-05,3.61821735504541e-02,4.68691121180540e+02,sinkhorn_cellsim
4.765502e+02,52061,8.51423681245923e-05,3.61821735459963e-02,4.68691129349383e+02,sinkhorn_cellsim
4.767333e+02,52081,8.51423681253540e-05,3.61821735415346e-02,4.68691137518190e+02,sinkhorn_cellsim
4.769163e+02,52101,8.51423681247683e-05,3.61821735370691e-02,4.68691145686961e+02,sinkhorn_cellsim
4.770994e+02,52121,8.51423681247456e-05,3.61821735326000e-02,4.68691153855696e+02,sinkhorn_cellsim
4.772825e+02,52141,8.51423681243159e-05,3.61821735281278e-02,4.68691162024395e+02,sinkhorn_cellsim
4.774655e+02,52161,8.51423681250155e-05,3.61821735236526e-02,4.68691170193059e+02,sinkhorn_cellsim
4.776486e+02,52181,8.51423681256360e-05,3.61821735191749e-02,4.68691178361686e+02,sinkhorn_cellsim
4.778316e+02,52201,8.51423681245314e-05,3.61821735146947e-02,4.68691186530277e+02,sinkhorn_cellsim
4.780147e+02,52221,8.51423681230216e-05,3.61821735102126e-02,4.68691194698833e+02,sinkhorn_cellsim
4.781978e+02,52241,8.51423681240780e-05,3.61821735057290e-02,4.68691202867353e+02,sinkhorn_cellsim
4.783808e+02,52261,8.51423681249700e-05,3.61821735012440e-02,4.68691211035836e+02,sinkhorn_cellsim
4.785639e+02,52281,8.51423681246445e-05,3.61821734967579e-02,4.68691219204284e+02,sinkhorn_cellsim
4.787469e+02,52301,8.51423681241961e-05,3.61821734922712e-02,4.68691227372696e+02,sinkhorn_cellsim
4.789300e+02,52321,8.51423681236147e-05,3.61821734877842e-02,4.68691235541072e+02,sinkhorn_cellsim
4.791130e+02,52341,8.51423681247323e-05,3.61821734832971e-02,4.68691243709413e+02,sinkhorn_cellsim
4.792961e+02,52361,8.51423681256163e-05,3.61821734788106e-02,4.68691251877717e+02,sinkhorn_cellsim
4.794792e+02,52381,8.51423681241780e-05,3.61821734743247e-02,4.68691260045986e+02,sinkhorn_cellsim
4.796622e+02,52401,8.51423681244097e-05,3.61821734698401e-02,4.68691268214219e+02,sinkhorn_cellsim
4.798453e+02,52421,8.51423681248672e-05,3.61821734653570e-02,4.68691276382416e+02,sinkhorn_cellsim
4.800283e+02,52441,8.51423681245780e-05,3.61821734608757e-02,4.68691284550577e+02,sinkhorn_cellsim
4.802114e+02,52461,8.51423681252286e-05,3.61821734563966e-02,4.68691292718703e+02,sinkhorn_cellsim
4.803944e+02,52481,8.51423681257347e-05,3.61821734519205e-02,4.68691300886793e+02,sinkhorn_cellsim
4.805775e+02,52501,8.51423681238289e-05,3.61821734474471e-02,4.68691309054848e+02,sinkhorn_cellsim
4.807605e+02,52521,8.51423681256014e-05,3.61821734429775e-02,4.68691317222867e+02,sinkhorn_cellsim
4.809436e+02,52541,8.51423681240456e-05,3.61821734385118e-02,4.68691325390851e+02,sinkhorn_cellsim
4.811266e+02,52561,8.51423681246779e-05,3.61821734340503e-02,4.68691333558799e+02,sinkhorn_cellsim
4.813097e+02,52581,8.51423681244633e-05,3.61821734295937e-02,4.68691341726711e+02,sinkhorn_cellsim
4.814927e+02,52601,8.51423681244566e-05,3.61821734251421e-02,4.68691349894589e+02,sinkhorn_cellsim
4.816757e+02,52621,8.51423681249270e-05,3.61821734206962e-02,4.68691358062431e+02,sinkhorn_cellsim
4.818588e+02,52641,8.51423681253492e-05,3.61821734162566e-02,4.68691366230238e+02,sinkhorn_cellsim
4.820419e+02,52661,8.51423681242830e-05,3.61821734118231e-02,4.68691374398010e+02,sinkhorn_cellsim
4.822249e+02,52681,8.51423681245928e-05,3.61821734073968e-02,4.68691382565747e+02,sinkhorn_cellsim
4.824079e+02,52701,8.51423681242457e-05,3.61821734029779e-02,4.68691390733449e+02,sinkhorn_cellsim
4.825910e+02,52721,8.51423681249317e-05,3.61821733985669e-02,4.68691398901116e+02,sinkhorn_cellsim
4.827740e+02,52741,8.51423681251485e-05,3.61821733941640e-02,4.68691407068748e+02,sinkhorn_cellsim
4.829571e+02,52761,8.51423681249595e-05,3.61821733897701e-02,4.68691415236346e+02,sinkhorn_cellsim
4.831401e+02,52781,8.51423681249111e-05,3.61821733853854e-02,4.68691423403909e+02,sinkhorn_cellsim
4.833232e+02,52801,8.51423681245713e-05,3.61821733810105e-02,4.68691431571437e+02,sinkhorn_cellsim
4.835062e+02,52821,8.51423681251205e-05,3.61821733766458e-02,4.68691439738931e+02,sinkhorn_cellsim
4.836893e+02,52841,8.51423681243061e-05,3.61821733722917e-02,4.68691447906390e+02,sinkhorn_cellsim
4.838724e+02,52861,8.51423681247720e-05,3.61821733679489e-02,4.68691456073815e+02,sinkhorn_cellsim
4.840554e+02,52881,8.51423681244147e-05,3.61821733636177e-02,4.68691464241206e+02,sinkhorn_cellsim
4.842385e+02,52901,8.51423681249597e-05,3.61821733592987e-02,4.68691472408563e+02,sinkhorn_cellsim
4.844215e+02,52921,8.51423681242675e-05,3.61821733549924e-02,4.68691480575886e+02,sinkhorn_cellsim
4.846046e+02,52941,8.51423681247950e-05,3.61821733506993e-02,4.68691488743176e+02,sinkhorn_cellsim
4.847876e+02,52961,8.51423681256615e-05,3.61821733464198e-02,4.68691496910431e+02,sinkhorn_cellsim
4.849707e+02,52981,8.51423681246232e-05,3.61821733421545e-02,4.68691505077653e+02,sinkhorn_cellsim
4.851537e+02,53001,8.51423681243869e-05,3.61821733379038e-02,4.68691513244841e+02,sinkhorn_cellsim
4.853368e+02,53021,8.51423681262180e-05,3.61821733336684e-02,4.68691521411996e+02,sinkhorn_cellsim
4.855198e+02,53041,8.51423681244777e-05,3.61821733294484e-02,4.68691529579118e+02,sinkhorn_cellsim
4.857029e+02,53061,8.51423681259164e-05,3.61821733252450e-02,4.68691537746206e+02,sinkhorn_cellsim
4.858859e+02,53081,8.51423681247912e-05,3.61821733210580e-02,4.68691545913262e+02,sinkhorn_cellsim
4.860690e+02,53101,8.51423681249525e-05,3.61821733168884e-02,4.68691554080285e+02,sinkhorn_cellsim
4.862520e+02,53121,8.51423681250951e-05,3.61821733127367e-02,4.68691562247274e+02,sinkhorn_cellsim
4.864351e+02,53141,8.51423681248458e-05,3.61821733086030e-02,4.68691570414232e+02,sinkhorn_cellsim
4.866182e+02,53161,8.51423681259131e-05,3.61821733044884e-02,4.68691578581156e+02,sinkhorn_cellsim
4.868012e+02,53181,8.51423681243244e-05,3.61821733003928e-02,4.68691586748049e+02,sinkhorn_cellsim
4.869843e+02,53201,8.51423681237936e-05,3.61821732963170e-02,4.68691594914909e+02,sinkhorn_cellsim
4.871673e+02,53221,8.51423681238285e-05,3.61821732922617e-02,4.68691603081737e+02,sinkhorn_cellsim
4.873504e+02,53241,8.51423681245293e-05,3.61821732882275e-02,4.68691611248534e+02,sinkhorn_cellsim
4.875334e+02,53261,8.51423681241687e-05,3.61821732842145e-02,4.68691619415298e+02,sinkhorn_cellsim
4.877165e+02,53281,8.51423681246820e-05,3.61821732802235e-02,4.68691627582031e+02,sinkhorn_cellsim
4.878995e+02,53301,8.51423681241869e-05,3.61821732762548e-02,4.68691635748732e+02,sinkhorn_cellsim
4.880826e+02,53321,8.51423681245821e-05,3.61821732723093e-02,4.68691643915402e+02,sinkhorn_cellsim
4.882657e+02,53341,8.51423681248462e-05,3.61821732683871e-02,4.68691652082041e+02,sinkhorn_cellsim
4.884487e+02,53361,8.51423681250126e-05,3.61821732644891e-02,4.68691660248649e+02,sinkhorn_cellsim
4.886318e+02,53381,8.51423681248938e-05,3.61821732606156e-02,4.68691668415226e+02,sinkhorn_cellsim
4.888148e+02,53401,8.51423681241543e-05,3.61821732567670e-02,4.68691676581773e+02,sinkhorn_cellsim
4.889979e+02,53421,8.51423681253496e-05,3.61821732529441e-02,4.68691684748288e+02,sinkhorn_cellsim
4.891809e+02,53441,8.51423681245556e-05,3.61821732491473e-02,4.68691692914774e+02,sinkhorn_cellsim
4.893640e+02,53461,8.51423681251674e-05,3.61821732453772e-02,4.68691701081229e+02,sinkhorn_cellsim
4.895470e+02,53481,8.51423681247727e-05,3.61821732416339e-02,4.68691709247654e+02,sinkhorn_cellsim
4.897301e+02,53501,8.51423681237745e-05,3.61821732379186e-02,4.68691717414050e+02,sinkhorn_cellsim
4.899131e+02,53521,8.51423681236401e-05,3.61821732342313e-02,4.68691725580415e+02,sinkhorn_cellsim
4.900962e+02,53541,8.51423681246381e-05,3.61821732305728e-02,4.68691733746752e+02,sinkhorn_cellsim
4.902793e+02,53561,8.51423681250358e-05,3.61821732269433e-02,4.68691741913059e+02,sinkhorn_cellsim
4.904623e+02,53581,8.51423681248540e-05,3.61821732233435e-02,4.68691750079336e+02,sinkhorn_cellsim
4.906454e+02,53601,8.51423681247372e-05,3.61821732197739e-02,4.68691758245585e+02,sinkhorn_cellsim
4.908284e+02,53621,8.51423681240289e-05,3.61821732162349e-02,4.68691766411805e+02,sinkhorn_cellsim
4.910115e+02,53641,8.51423681244300e-05,3.61821732127271e-02,4.68691774577996e+02,sinkhorn_cellsim
4.911945e+02,53661,8.51423681239628e-05,3.61821732092509e-02,4.68691782744159e+02,sinkhorn_cellsim
4.913776e+02,53681,8.51423681246871e-05,3.61821732058070e-02,4.68691790910293e+02,sinkhorn_cellsim
4.915606e+02,53701,8.51423681246592e-05,3.61821732023956e-02,4.68691799076400e+02,sinkhorn_cellsim
4.917437e+02,53721,8.51423681244951e-05,3.61821731990172e-02,4.68691807242478e+02,sinkhorn_cellsim
4.919267e+02,53741,8.51423681254477e-05,3.61821731956726e-02,4.68691815408529e+02,sinkhorn_cellsim
4.921098e+02,53761,8.51423681244641e-05,3.61821731923619e-02,4.68691823574553e+02,sinkhorn_cellsim
4.922928e+02,53781,8.51423681251269e-05,3.61821731890858e-02,4.68691831740549e+02,sinkhorn_cellsim
4.924759e+02,53801,8.51423681237799e-05,3.61821731858446e-02,4.68691839906517e+02,sinkhorn_cellsim
4.926590e+02,53821,8.51423681242440e-05,3.61821731826388e-02,4.68691848072459e+02,sinkhorn_cellsim
4.928421e+02,53841,8.51423681252371e-05,3.61821731794690e-02,4.68691856238374e+02,sinkhorn_cellsim
4.930252e+02,53861,8.51423681245561e-05,3.61821731763356e-02,4.68691864404263e+02,sinkhorn_cellsim
4.932082e+02,53881,8.51423681239180e-05,3.61821731732387e-02,4.68691872570125e+02,sinkhorn_cellsim
4.933913e+02,53901,8.51423681253353e-05,3.61821731701793e-02,4.68691880735961e+02,sinkhorn_cellsim
4.935743e+02,53921,8.51423681240400e-05,3.61821731671574e-02,4.68691888901770e+02,sinkhorn_cellsim
4.937574e+02,53941,8.51423681253888e-05,3.61821731641737e-02,4.68691897067554e+02,sinkhorn_cellsim
4.939405e+02,53961,8.51423681247728e-05,3.61821731612284e-02,4.68691905233313e+02,sinkhorn_cellsim
4.941235e+02,53981,8.51423681253116e-05,3.61821731583221e-02,4.68691913399046e+02,sinkhorn_cellsim
4.943065e+02,54001,8.51423681248479e-05,3.61821731554551e-02,4.68691921564753e+02,sinkhorn_cellsim
4.944896e+02,54021,8.51423681245680e-05,3.61821731526278e-02,4.68691929730436e+02,sinkhorn_cellsim
4.946726e+02,54041,8.51423681240221e-05,3.61821731498407e-02,4.68691937896094e+02,sinkhorn_cellsim
4.948557e+02,54061,8.51423681248274e-05,3.61821731470941e-02,4.68691946061727e+02,sinkhorn_cellsim
4.950388e+02,54081,8.51423681246971e-05,3.61821731443884e-02,4.68691954227336e+02,sinkhorn_cellsim
4.952218e+02,54101,8.51423681250322e-05,3.61821731417240e-02,4.68691962392920e+02,sinkhorn_cellsim
4.954049e+02,54121,8.51423681252563e-05,3.61821731391013e-02,4.68691970558481e+02,sinkhorn_cellsim
4.955879e+02,54141,8.51423681255377e-05,3.61821731365206e-02,4.68691978724017e+02,sinkhorn_cellsim
4.957710e+02,54161,8.51423681243220e-05,3.61821731339822e-02,4.68691986889530e+02,sinkhorn_cellsim
4.959540e+02,54181,8.51423681244957e-05,3.61821731314866e-02,4.68691995055019e+02,sinkhorn_cellsim
4.961371e+02,54201,8.51423681243728e-05,3.61821731290343e-02,4.68692003220485e+02,sinkhorn_cellsim
4.963201e+02,54221,8.51423681244638e-05,3.61821731266251e-02,4.68692011385928e+02,sinkhorn_cellsim
4.965032e+02,54241,8.51423681244551e-05,3.61821731242599e-02,4.68692019551348e+02,sinkhorn_cellsim
4.966862e+02,54261,8.51423681246199e-05,3.61821731219387e-02,4.68692027716746e+02,sinkhorn_cellsim
4.968693e+02,54281,8.51423681248159e-05,3.61821731196619e-02,4.68692035882121e+02,sinkhorn_cellsim
4.970523e+02,54301,8.51423681248600e-05,3.61821731174298e-02,4.68692044047473e+02,sinkhorn_cellsim
4.972354e+02,54321,8.51423681254026e-05,3.61821731152428e-02,4.68692052212804e+02,sinkhorn_cellsim
4.974184e+02,54341,8.51423681241796e-05,3.61821731131010e-02,4.68692060378113e+02,sinkhorn_cellsim
4.976015e+02,54361,8.51423681249632e-05,3.61821731110049e-02,4.68692068543400e+02,sinkhorn_cellsim
4.977845e+02,54381,8.51423681242802e-05,3.61821731089544e-02,4.68692076708665e+02,sinkhorn_cellsim
4.979676e+02,54401,8.51423681246033e-05,3.61821731069503e-02,4.68692084873909e+02,sinkhorn_cellsim
4.981507e+02,54421,8.51423681247441e-05,3.61821731049927e-02,4.68692093039132e+02,sinkhorn_cellsim
4.983337e+02,54441,8.51423681249034e-05,3.61821731030815e-02,4.68692101204334e+02,sinkhorn_cellsim
4.985168e+02,54461,8.51423681246204e-05,3.61821731012173e-02,4.68692109369516e+02,sinkhorn_cellsim
4.986998e+02,54481,8.51423681257300e-05,3.61821730994002e-02,4.68692117534676e+02,sinkhorn_cellsim
4.988829e+02,54501,8.51423681249446e-05,3.61821730976306e-02,4.68692125699817e+02,sinkhorn_cellsim
4.990659e+02,54521,8.51423681241439e-05,3.61821730959085e-02,4.68692133864937e+02,sinkhorn_cellsim
4.992490e+02,54541,8.51423681252040e-05,3.61821730942343e-02,4.68692142030038e+02,sinkhorn_cellsim
4.994320e+02,54561,8.51423681237445e-05,3.61821730926080e-02,4.68692150195118e+02,sinkhorn_cellsim
4.996151e+02,54581,8.51423681246824e-05,3.61821730910301e-02,4.68692158360179e+02,sinkhorn_cellsim
4.997981e+02,54601,8.51423681254570e-05,3.61821730895006e-02,4.68692166525221e+02,sinkhorn_cellsim
4.999812e+02,54621,8.51423681248716e-05,3.61821730880195e-02,4.68692174690244e+02,sinkhorn_cellsim
5.001642e+02,54641,8.51423681250062e-05,3.61821730865873e-02,4.68692182855247e+02,sinkhorn_cellsim
5.003473e+02,54661,8.51423681249170e-05,3.61821730852041e-02,4.68692191020232e+02,sinkhorn_cellsim
5.005304e+02,54681,8.51423681251205e-05,3.61821730838700e-02,4.68692199185198e+02,sinkhorn_cellsim
5.007134e+02,54701,8.51423681250238e-05,3.61821730825850e-02,4.68692207350146e+02,sinkhorn_cellsim
5.008965e+02,54721,8.51423681250855e-05,3.61821730813493e-02,4.68692215515075e+02,sinkhorn_cellsim
5.010795e+02,54741,8.51423681242164e-05,3.61821730801633e-02,4.68692223679986e+02,sinkhorn_cellsim
5.012626e+02,54761,8.51423681250153e-05,3.61821730790269e-02,4.68692231844880e+02,sinkhorn_cellsim
5.014456e+02,54781,8.51423681249610e-05,3.61821730779403e-02,4.68692240009755e+02,sinkhorn_cellsim
5.016287e+02,54801,8.51423681249798e-05,3.61821730769036e-02,4.68692248174614e+02,sinkhorn_cellsim
5.018118e+02,54821,8.51423681248349e-05,3.61821730759168e-02,4.68692256339455e+02,sinkhorn_cellsim
5.019948e+02,54841,8.51423681248217e-05,3.61821730749800e-02,4.68692264504278e+02,sinkhorn_cellsim
5.021779e+02,54861,8.51423681247514e-05,3.61821730740934e-02,4.68692272669085e+02,sinkhorn_cellsim
5.023609e+02,54881,8.51423681244403e-05,3.61821730732569e-02,4.68692280833875e+02,sinkhorn_cellsim
5.025440e+02,54901,8.51423681241810e-05,3.61821730724709e-02,4.68692288998649e+02,sinkhorn_cellsim
5.027291e+02,54921,8.51423681251376e-05,3.61821730717351e-02,4.68692297163406e+02,sinkhorn_cellsim
5.029122e+02,54941,8.51423681252136e-05,3.61821730710497e-02,4.68692305328147e+02,sinkhorn_cellsim
5.030953e+02,54961,8.51423681254030e-05,3.61821730704149e-02,4.68692313492871e+02,sinkhorn_cellsim
5.032783e+02,54981,8.51423681249544e-05,3.61821730698303e-02,4.68692321657580e+02,sinkhorn_cellsim
5.034613e+02,55001,8.51423681252510e-05,3.61821730692964e-02,4.68692329822273e+02,sinkhorn_cellsim
5.036444e+02,55021,8.51423681253565e-05,3.61821730688129e-02,4.68692337986951e+02,sinkhorn_cellsim
5.038274e+02,55041,8.51423681241991e-05,3.61821730683798e-02,4.68692346151613e+02,sinkhorn_cellsim
5.040105e+02,55061,8.51423681254312e-05,3.61821730679975e-02,4.68692354316260e+02,sinkhorn_cellsim
5.041935e+02,55081,8.51423681246064e-05,3.61821730676655e-02,4.68692362480892e+02,sinkhorn_cellsim
5.043766e+02,55101,8.51423681256377e-05,3.61821730673841e-02,4.68692370645509e+02,sinkhorn_cellsim
5.045596e+02,55121,8.51423681249013e-05,3.61821730671532e-02,4.68692378810112e+02,sinkhorn_cellsim
5.047427e+02,55141,8.51423681248003e-05,3.61821730669727e-02,4.68692386974700e+02,sinkhorn_cellsim
5.049257e+02,55161,8.51423681253692e-05,3.61821730668427e-02,4.68692395139273e+02,sinkhorn_cellsim
5.051088e+02,55181,8.51423681243230e-05,3.61821730667629e-02,4.68692403303832e+02,sinkhorn_cellsim
5.052919e+02,55201,8.51423681245173e-05,3.61821730667336e-02,4.68692411468378e+02,sinkhorn_cellsim
5.054749e+02,55221,8.51423681249403e-05,3.61821730667545e-02,4.68692419632909e+02,sinkhorn_cellsim
5.056580e+02,55241,8.51423681241044e-05,3.61821730668256e-02,4.68692427797427e+02,sinkhorn_cellsim
5.058410e+02,55261,8.51423681245903e-05,3.61821730669469e-02,4.68692435961931e+02,sinkhorn_cellsim
5.060240e+02,55281,8.51423681252502e-05,3.61821730671182e-02,4.68692444126422e+02,sinkhorn_cellsim
5.062071e+02,55301,8.51423681252303e-05,3.61821730673394e-02,4.68692452290899e+02,sinkhorn_cellsim
5.063901e+02,55321,8.51423681247829e-05,3.61821730676104e-02,4.68692460455363e+02,sinkhorn_cellsim
5.065732e+02,55341,8.51423681237502e-05,3.61821730679314e-02,4.68692468619815e+02,sinkhorn_cellsim
5.067562e+02,55361,8.51423681248401e-05,3.61821730683018e-02,4.68692476784254e+02,sinkhorn_cellsim
5.069393e+02,55381,8.51423681244596e-05,3.61821730687220e-02,4.68692484948680e+02,sinkhorn_cellsim
5.071223e+02,55401,8.51423681252166e-05,3.61821730691916e-02,4.68692493113093e+02,sinkhorn_cellsim
5.073054e+02,55421,8.51423681243515e-05,3.61821730697102e-02,4.68692501277494e+02,sinkhorn_cellsim
5.074884e+02,55441,8.51423681248623e-05,3.61821730702784e-02,4.68692509441884e+02,sinkhorn_cellsim
5.076714e+02,55461,8.51423681249350e-05,3.61821730708952e-02,4.68692517606261e+02,sinkhorn_cellsim
5.078545e+02,55481,8.51423681246852e-05,3.61821730715611e-02,4.68692525770626e+02,sinkhorn_cellsim
5.080375e+02,55501,8.51423681253123e-05,3.61821730722757e-02,4.68692533934979e+02,sinkhorn_cellsim
5.082206e+02,55521,8.51423681241684e-05,3.61821730730386e-02,4.68692542099321e+02,sinkhorn_cellsim
5.084036e+02,55541,8.51423681245998e-05,3.61821730738502e-02,4.68692550263651e+02,sinkhorn_cellsim
5.085867e+02,55561,8.51423681242588e-05,3.61821730747098e-02,4.68692558427971e+02,sinkhorn_cellsim
5.087697e+02,55581,8.51423681255795e-05,3.61821730756177e-02,4.68692566592278e+02,sinkhorn_cellsim
5.089528e+02,55601,8.51423681256760e-05,3.61821730765733e-02,4.68692574756575e+02,sinkhorn_cellsim
5.091358e+02,55621,8.51423681249443e-05,3.61821730775763e-02,4.68692582920861e+02,sinkhorn_cellsim
5.093189e+02,55641,8.51423681250062e-05,3.61821730786270e-02,4.68692591085136e+02,sinkhorn_cellsim
5.095019e+02,55661,8.51423681245056e-05,3.61821730797250e-02,4.68692599249401e+02,sinkhorn_cellsim
5.096849e+02,55681,8.51423681240181e-05,3.61821730808700e-02,4.68692607413655e+02,sinkhorn_cellsim
5.098680e+02,55701,8.51423681248063e-05,3.61821730820619e-02,4.68692615577899e+02,sinkhorn_cellsim
5.100510e+02,55721,8.51423681246170e-05,3.61821730833004e-02,4.68692623742132e+02,sinkhorn_cellsim
5.102341e+02,55741,8.51423681247344e-05,3.61821730845853e-02,4.68692631906355e+02,sinkhorn_cellsim
5.104171e+02,55761,8.51423681253043e-05,3.61821730859165e-02,4.68692640070569e+02,sinkhorn_cellsim
5.106002e+02,55781,8.51423681258166e-05,3.61821730872936e-02,4.68692648234772e+02,sinkhorn_cellsim
5.107832e+02,55801,8.51423681246653e-05,3.61821730887162e-02,4.68692656398966e+02,sinkhorn_cellsim
5.109663e+02,55821,8.51423681251037e-05,3.61821730901845e-02,4.68692664563150e+02,sinkhorn_cellsim
5.111493e+02,55841,8.51423681241027e-05,3.61821730916979e-02,4.68692672727325e+02,sinkhorn_cellsim
5.113324e+02,55861,8.51423681249552e-05,3.61821730932564e-02,4.68692680891491e+02,sinkhorn_cellsim
5.115154e+02,55881,8.51423681253555e-05,3.61821730948594e-02,4.68692689055647e+02,sinkhorn_cellsim
5.116985e+02,55901,8.51423681245313e-05,3.61821730965072e-02,4.68692697219794e+02,sinkhorn_cellsim
5.118815e+02,55921,8.51423681240299e-05,3.61821730981989e-02,4.68692705383932e+02,sinkhorn_cellsim
5.120646e+02,55941,8.51423681253004e-05,3.61821730999346e-02,4.68692713548061e+02,sinkhorn_cellsim
5.122476e+02,55961,8.51423681251489e-05,3.61821731017141e-02,4.68692721712181e+02,sinkhorn_cellsim
5.124306e+02,55981,8.51423681247613e-05,3.61821731035369e-02,4.68692729876293e+02,sinkhorn_cellsim
5.126137e+02,56001,8.51423681239277e-05,3.61821731054027e-02,4.68692738040396e+02,sinkhorn_cellsim
5.127967e+02,56021,8.51423681249830e-05,3.61821731073115e-02,4.68692746204491e+02,sinkhorn_cellsim
5.129798e+02,56041,8.51423681246433e-05,3.61821731092628e-02,4.68692754368577e+02,sinkhorn_cellsim
5.131628e+02,56061,8.51423681246348e-05,3.61821731112563e-02,4.68692762532655e+02,sinkhorn_cellsim
5.133459e+02,56081,8.51423681250670e-05,3.61821731132919e-02,4.68692770696726e+02,sinkhorn_cellsim
5.135289e+02,56101,8.51423681240628e-05,3.61821731153689e-02,4.68692778860788e+02,sinkhorn_cellsim
5.137120e+02,56121,8.51423681248906e-05,3.61821731174876e-02,4.68692787024842e+02,sinkhorn_cellsim
5.138950e+02,56141,8.51423681239466e-05,3.61821731196471e-02,4.68692795188888e+02,sinkhorn_cellsim
5.140781e+02,56161,8.51423681246810e-05,3.61821731218474e-02,4.68692803352927e+02,sinkhorn_cellsim
5.142611e+02,56181,8.51423681248846e-05,3.61821731240883e-02,4.68692811516958e+02,sinkhorn_cellsim
5.144441e+02,56201,8.51423681240432e-05,3.61821731263692e-02,4.68692819680982e+02,sinkhorn_cellsim
5.146272e+02,56221,8.51423681247413e-05,3.61821731286901e-02,4.68692827844998e+02,sinkhorn_cellsim
5.148102e+02,56241,8.51423681252561e-05,3.61821731310505e-02,4.68692836009007e+02,sinkhorn_cellsim
5.149933e+02,56261,8.51423681247261e-05,3.61821731334499e-02,4.68692844173009e+02,sinkhorn_cellsim
5.151763e+02,56281,8.51423681255193e-05,3.61821731358884e-02,4.68692852337004e+02,sinkhorn_cellsim
5.153594e+02,56301,8.51423681245649e-05,3.61821731383652e-02,4.68692860500991e+02,sinkhorn_cellsim
5.155424e+02,56321,8.51423681248559e-05,3.61821731408804e-02,4.68692868664972e+02,sinkhorn_cellsim
5.157255e+02,56341,8.51423681246957e-05,3.61821731434336e-02,4.68692876828946e+02,sinkhorn_cellsim
5.159085e+02,56361,8.51423681248031e-05,3.61821731460243e-02,4.68692884992913e+02,sinkhorn_cellsim
5.160915e+02,56381,8.51423681244577e-05,3.61821731486522e-02,4.68692893156874e+02,sinkhorn_cellsim
5.162746e+02,56401,8.51423681237309e-05,3.61821731513169e-02,4.68692901320828e+02,sinkhorn_cellsim
5.164576e+02,56421,8.51423681239168e-05,3.61821731540185e-02,4.68692909484776e+02,sinkhorn_cellsim
5.166407e+02,56441,8.51423681237004e-05,3.61821731567562e-02,4.68692917648717e+02,sinkhorn_cellsim
5.168237e+02,56461,8.51423681242401e-05,3.61821731595299e-02,4.68692925812652e+02,sinkhorn_cellsim
5.170068e+02,56481,8.51423681246284e-05,3.61821731623391e-02,4.68692933976581e+02,sinkhorn_cellsim
5.171899e+02,56501,8.51423681246442e-05,3.61821731651835e-02,4.68692942140503e+02,sinkhorn_cellsim
5.173729e+02,56521,8.51423681248140e-05,3.61821731680630e-02,4.68692950304420e+02,sinkhorn_cellsim
5.175559e+02,56541,8.51423681242978e-05,3.61821731709769e-02,4.68692958468331e+02,sinkhorn_cellsim
5.177390e+02,56561,8.51423681252918e-05,3.61821731739251e-02,4.68692966632236e+02,sinkhorn_cellsim
5.179220e+02,56581,8.51423681248938e-05,3.61821731769072e-02,4.68692974796135e+02,sinkhorn_cellsim
5.181051e+02,56601,8.51423681256060e-05,3.61821731799228e-02,4.68692982960028e+02,sinkhorn_cellsim
5.182881e+02,56621,8.51423681250094e-05,3.61821731829716e-02,4.68692991123916e+02,sinkhorn_cellsim
5.184712e+02,56641,8.51423681243782e-05,3.61821731860533e-02,4.68692999287798e+02,sinkhorn_cellsim
5.186542e+02,56661,8.51423681247939e-05,3.61821731891675e-02,4.68693007451674e+02,sinkhorn_cellsim
5.188373e+02,56681,8.51423681247943e-05,3.61821731923139e-02,4.68693015615546e+02,sinkhorn_cellsim
5.190203e+02,56701,8.51423681244388e-05,3.61821731954921e-02,4.68693023779411e+02,sinkhorn_cellsim
5.192034e+02,56721,8.51423681242391e-05,3.61821731987019e-02,4.68693031943272e+02,sinkhorn_cellsim
5.193864e+02,56741,8.51423681245316e-05,3.61821732019426e-02,4.68693040107127e+02,sinkhorn_cellsim
5.195694e+02,56761,8.51423681243932e-05,3.61821732052144e-02,4.68693048270978e+02,sinkhorn_cellsim
5.197525e+02,56781,8.51423681250942e-05,3.61821732085163e-02,4.68693056434823e+02,sinkhorn_cellsim
5.199355e+02,56801,8.51423681235904e-05,3.61821732118484e-02,4.68693064598663e+02,sinkhorn_cellsim
5.201186e+02,56821,8.51423681234353e-05,3.61821732152105e-02,4.68693072762498e+02,sinkhorn_cellsim
5.203017e+02,56841,8.51423681248261e-05,3.61821732186019e-02,4.68693080926329e+02,sinkhorn_cellsim
5.204847e+02,56861,8.51423681247129e-05,3.61821732220223e-02,4.68693089090155e+02,sinkhorn_cellsim
5.206677e+02,56881,8.51423681253595e-05,3.61821732254716e-02,4.68693097253975e+02,sinkhorn_cellsim
5.208508e+02,56901,8.51423681251853e-05,3.61821732289492e-02,4.68693105417792e+02,sinkhorn_cellsim
5.210338e+02,56921,8.51423681242227e-05,3.61821732324547e-02,4.68693113581603e+02,sinkhorn_cellsim
5.212169e+02,56941,8.51423681243042e-05,3.61821732359882e-02,4.68693121745410e+02,sinkhorn_cellsim
5.213999e+02,56961,8.51423681243954e-05,3.61821732395489e-02,4.68693129909213e+02,sinkhorn_cellsim
5.215830e+02,56981,8.51423681245656e-05,3.61821732431365e-02,4.68693138073011e+02,sinkhorn_cellsim
5.217660e+02,57001,8.51423681244670e-05,3.61821732467510e-02,4.68693146236805e+02,sinkhorn_cellsim
5.219490e+02,57021,8.51423681248930e-05,3.61821732503918e-02,4.68693154400595e+02,sinkhorn_cellsim
5.221321e+02,57041,8.51423681245967e-05,3.61821732540585e-02,4.68693162564380e+02,sinkhorn_cellsim
5.223151e+02,57061,8.51423681248318e-05,3.61821732577511e-02,4.68693170728161e+02,sinkhorn_cellsim
5.224982e+02,57081,8.51423681245648e-05,3.61821732614689e-02,4.68693178891938e+02,sinkhorn_cellsim
5.226812e+02,57101,8.51423681253970e-05,3.61821732652117e-02,4.68693187055711e+02,sinkhorn_cellsim
5.228643e+02,57121,8.51423681237995e-05,3.61821732689791e-02,4.68693195219479e+02,sinkhorn_cellsim
5.230473e+02,57141,8.51423681245874e-05,3.61821732727709e-02,4.68693203383244e+02,sinkhorn_cellsim
5.232304e+02,57161,8.51423681243071e-05,3.61821732765868e-02,4.68693211547005e+02,sinkhorn_cellsim
5.234134e+02,57181,8.51423681239451e-05,3.61821732804264e-02,4.68693219710762e+02,sinkhorn_cellsim
5.235965e+02,57201,8.51423681237194e-05,3.61821732842892e-02,4.68693227874516e+02,sinkhorn_cellsim
5.237795e+02,57221,8.51423681241448e-05,3.61821732881753e-02,4.68693236038265e+02,sinkhorn_cellsim
5.239625e+02,57241,8.51423681250511e-05,3.61821732920839e-02,4.68693244202011e+02,sinkhorn_cellsim
5.241456e+02,57261,8.51423681250444e-05,3.61821732960151e-02,4.68693252365753e+02,sinkhorn_cellsim
5.243286e+02,57281,8.51423681253252e-05,3.61821732999682e-02,4.68693260529491e+02,sinkhorn_cellsim
5.245117e+02,57301,8.51423681248995e-05,3.61821733039430e-02,4.68693268693226e+02,sinkhorn_cellsim
5.246947e+02,57321,8.51423681250387e-05,3.61821733079393e-02,4.68693276856957e+02,sinkhorn_cellsim
5.248778e+02,57341,8.51423681247087e-05,3.61821733119568e-02,4.68693285020685e+02,sinkhorn_cellsim
5.250609e+02,57361,8.51423681242719e-05,3.61821733159951e-02,4.68693293184409e+02,sinkhorn_cellsim
5.252439e+02,57381,8.51423681236663e-05,3.61821733200538e-02,4.68693301348130e+02,sinkhorn_cellsim
5.254270e+02,57401,8.51423681242136e-05,3.61821733241329e-02,4.68693309511848e+02,sinkhorn_cellsim
5.256101e+02,57421,8.51423681237248e-05,3.61821733282317e-02,4.68693317675562e+02,sinkhorn_cellsim
5.257931e+02,57441,8.51423681236891e-05,3.61821733323501e-02,4.68693325839273e+02,sinkhorn_cellsim
5.259762e+02,57461,8.51423681248694e-05,3.61821733364879e-02,4.68693334002980e+02,sinkhorn_cellsim
5.261592e+02,57481,8.51423681233154e-05,3.61821733406445e-02,4.68693342166685e+02,sinkhorn_cellsim
5.263422e+02,57501,8.51423681235830e-05,3.61821733448200e-02,4.68693350330386e+02,sinkhorn_cellsim
5.265253e+02,57521,8.51423681233608e-05,3.61821733490138e-02,4.68693358494084e+02,sinkhorn_cellsim
5.267083e+02,57541,8.51423681235192e-05,3.61821733532257e-02,4.68693366657780e+02,sinkhorn_cellsim
5.268914e+02,57561,8.51423681226918e-05,3.61821733574554e-02,4.68693374821472e+02,sinkhorn_cellsim
5.270744e+02,57581,8.51423681219574e-05,3.61821733617026e-02,4.68693382985161e+02,sinkhorn_cellsim
5.272575e+02,57601,8.51423681226434e-05,3.61821733659672e-02,4.68693391148847e+02,sinkhorn_cellsim
5.274405e+02,57621,8.51423681220716e-05,3.61821733702485e-02,4.68693399312530e+02,sinkhorn_cellsim
5.276236e+02,57641,8.51423681209870e-05,3.61821733745467e-02,4.68693407476210e+02,sinkhorn_cellsim
5.278067e+02,57661,8.51423681202549e-05,3.61821733788610e-02,4.68693415639887e+02,sinkhorn_cellsim
5.279897e+02,57681,8.51423681193286e-05,3.61821733831916e-02,4.68693423803562e+02,sinkhorn_cellsim
5.281728e+02,57701,8.51423681190416e-05,3.61821733875382e-02,4.68693431967233e+02,sinkhorn_cellsim
5.283558e+02,57721,8.51423681166233e-05,3.61821733919001e-02,4.68693440130902e+02,sinkhorn_cellsim
5.285389e+02,57741,8.51423681146796e-05,3.61821733962776e-02,4.68693448294568e+02,sinkhorn_cellsim
5.287219e+02,57761,8.51423681136244e-05,3.61821734006700e-02,4.68693456458232e+02,sinkhorn_cellsim
5.289050e+02,57781,8.51423681107309e-05,3.61821734050772e-02,4.68693464621893e+02,sinkhorn_cellsim
5.290880e+02,57801,8.51423681072796e-05,3.61821734094990e-02,4.68693472785551e+02,sinkhorn_cellsim
5.292710e+02,57821,8.51423681040256e-05,3.61821734139351e-02,4.68693480949206e+02,sinkhorn_cellsim
5.294541e+02,57841,8.51423680997169e-05,3.61821734183851e-02,4.68693489112859e+02,sinkhorn_cellsim
5.296371e+02,57861,8.51423680948160e-05,3.61821734228490e-02,4.68693497276509e+02,sinkhorn_cellsim
5.298202e+02,57881,8.51423680879940e-05,3.61821734273263e-02,4.68693505440157e+02,sinkhorn_cellsim
5.300032e+02,57901,8.51423680804416e-05,3.61821734318170e-02,4.68693513603802e+02,sinkhorn_cellsim
5.301863e+02,57921,8.51423680712427e-05,3.61821734363207e-02,4.68693521767445e+02,sinkhorn_cellsim
5.303693e+02,57941,8.51423680601608e-05,3.61821734408374e-02,4.68693529931085e+02,sinkhorn_cellsim
5.305524e+02,57961,8.51423680456457e-05,3.61821734453665e-02,4.68693538094723e+02,sinkhorn_cellsim
5.307354e+02,57981,8.51423680297182e-05,3.61821734499082e-02,4.68693546258358e+02,sinkhorn_cellsim
5.309185e+02,58001,8.51423680097334e-05,3.61821734544619e-02,4.68693554421991e+02,sinkhorn_cellsim
5.311015e+02,58021,8.51423679857280e-05,3.61821734590275e-02,4.68693562585622e+02,sinkhorn_cellsim
5.312845e+02,58041,8.51423679569078e-05,3.61821734636050e-02,4.68693570749250e+02,sinkhorn_cellsim
5.314676e+02,58061,8.51423679212719e-05,3.61821734681940e-02,4.68693578912876e+02,sinkhorn_cellsim
5.316506e+02,58081,8.51423678788945e-05,3.61821734727944e-02,4.68693587076499e+02,sinkhorn_cellsim
5.318337e+02,58101,8.51423678275942e-05,3.61821734774058e-02,4.68693595240120e+02,sinkhorn_cellsim
5.320167e+02,58121,8.51423677662509e-05,3.61821734820284e-02,4.68693603403739e+02,sinkhorn_cellsim
5.321998e+02,58141,8.51423676909753e-05,3.61821734866616e-02,4.68693611567356e+02,sinkhorn_cellsim
5.323828e+02,58161,8.51423675991010e-05,3.61821734913054e-02,4.68693619730971e+02,sinkhorn_cellsim
5.325659e+02,58181,8.51423674883323e-05,3.61821734959599e-02,4.68693627894583e+02,sinkhorn_cellsim
5.327489e+02,58201,8.51423673542337e-05,3.61821735006245e-02,4.68693636058193e+02,sinkhorn_cellsim
5.329320e+02,58221,8.51423671932007e-05,3.61821735052996e-02,4.68693644221801e+02,sinkhorn_cellsim
5.331150e+02,58241,8.51423669973714e-05,3.61821735099848e-02,4.68693652385406e+02,sinkhorn_cellsim
5.332981e+02,58261,8.51423667603075e-05,3.61821735146798e-02,4.68693660549010e+02,sinkhorn_cellsim
5.334811e+02,58281,8.51423664736432e-05,3.61821735193852e-02,4.68693668712611e+02,sinkhorn_cellsim
5.336642e+02,58301,8.51423661259328e-05,3.61821735241003e-02,4.68693676876210e+02,sinkhorn_cellsim
5.338472e+02,58321,8.51423657074864e-05,3.61821735288256e-02,4.68693685039807e+02,sinkhorn_cellsim
5.340302e+02,58341,8.51423651996351e-05,3.61821735335609e-02,4.68693693203402e+02,sinkhorn_cellsim
5.342133e+02,58361,8.51423645855626e-05,3.61821735383064e-02,4.68693701366994e+02,sinkhorn_cellsim
5.343963e+02,58381,8.51423638410855e-05,3.61821735430622e-02,4.68693709530585e+02,sinkhorn_cellsim
5.345794e+02,58401,8.51423629411062e-05,3.61821735478289e-02,4.68693717694173e+02,sinkhorn_cellsim
5.347624e+02,58421,8.51423618533397e-05,3.61821735526063e-02,4.68693725857759e+02,sinkhorn_cellsim
5.349455e+02,58441,8.51423605345250e-05,3.61821735573952e-02,4.68693734021343e+02,sinkhorn_cellsim
5.351285e+02,58461,8.51423589403249e-05,3.61821735621961e-02,4.68693742184925e+02,sinkhorn_cellsim
5.353116e+02,58481,8.51423570106228e-05,3.61821735670098e-02,4.68693750348504e+02,sinkhorn_cellsim
5.354946e+02,58501,8.51423546758228e-05,3.61821735718371e-02,4.68693758512081e+02,sinkhorn_cellsim
5.356776e+02,58521,8.51423518507157e-05,3.61821735766794e-02,4.68693766675655e+02,sinkhorn_cellsim
5.358607e+02,58541,8.51423484301668e-05,3.61821735815378e-02,4.68693774839227e+02,sinkhorn_cellsim
5.360438e+02,58561,8.51423442936297e-05,3.61821735864144e-02,4.68693783002796e+02,sinkhorn_cellsim
5.362268e+02,58581,8.51423392864043e-05,3.61821735913113e-02,4.68693791166362e+02,sinkhorn_cellsim
5.364098e+02,58601,8.51423332278554e-05,3.61821735962311e-02,4.68693799329926e+02,sinkhorn_cellsim
5.365929e+02,58621,8.51423258962334e-05,3.61821736011770e-02,4.68693807493486e+02,sinkhorn_cellsim
5.367759e+02,58641,8.51423170246057e-05,3.61821736061533e-02,4.68693815657043e+02,sinkhorn_cellsim
5.369590e+02,58661,8.51423062891087e-05,3.61821736111644e-02,4.68693823820596e+02,sinkhorn_cellsim
5.371420e+02,58681,8.51422932986833e-05,3.61821736162165e-02,4.68693831984145e+02,sinkhorn_cellsim
5.373251e+02,58701,8.51422775763985e-05,3.61821736213167e-02,4.68693840147689e+02,sinkhorn_cellsim
5.375081e+02,58721,8.51422585535343e-05,3.61821736264736e-02,4.68693848311228e+02,sinkhorn_cellsim
5.376912e+02,58741,8.51422355333646e-05,3.61821736316977e-02,4.68693856474762e+02,sinkhorn_cellsim
5.378742e+02,58761,8.51422076769302e-05,3.61821736370021e-02,4.68693864638288e+02,sinkhorn_cellsim
5.380572e+02,58781,8.51421739685911e-05,3.61821736424018e-02,4.68693872801807e+02,sinkhorn_cellsim
5.382403e+02,58801,8.51421331782136e-05,3.61821736479159e-02,4.68693880965317e+02,sinkhorn_cellsim
5.384233e+02,58821,8.51420838163706e-05,3.61821736535668e-02,4.68693889128817e+02,sinkhorn_cellsim
5.386064e+02,58841,8.51420240869800e-05,3.61821736593824e-02,4.68693897292304e+02,sinkhorn_cellsim
5.387894e+02,58861,8.51419518089300e-05,3.61821736653958e-02,4.68693905455777e+02,sinkhorn_cellsim
5.389725e+02,58881,8.51418643459437e-05,3.61821736716473e-02,4.68693913619233e+02,sinkhorn_cellsim
5.391555e+02,58901,8.51417585099408e-05,3.61821736781859e-02,4.68693921782669e+02,sinkhorn_cellsim
5.393386e+02,58921,8.51416304395531e-05,3.61821736850705e-02,4.68693929946080e+02,sinkhorn_cellsim
5.395216e+02,58941,8.51414754651987e-05,3.61821736923726e-02,4.68693938109463e+02,sinkhorn_cellsim
5.397047e+02,58961,8.51412879359078e-05,3.61821737001788e-02,4.68693946272812e+02,sinkhorn_cellsim
5.398877e+02,58981,8.51410610144072e-05,3.61821737085938e-02,4.68693954436119e+02,sinkhorn_cellsim
5.400708e+02,59001,8.51407864277002e-05,3.61821737177446e-02,4.68693962599377e+02,sinkhorn_cellsim
5.402538e+02,59021,8.51404541651427e-05,3.61821737277841e-02,4.68693970762575e+02,sinkhorn_cellsim
5.404369e+02,59041,8.51400521159328e-05,3.61821737388982e-02,4.68693978925702e+02,sinkhorn_cellsim
5.406199e+02,59061,8.51395656288753e-05,3.61821737513114e-02,4.68693987088743e+02,sinkhorn_cellsim
5.408029e+02,59081,8.51389769765992e-05,3.61821737652952e-02,4.68693995251679e+02,sinkhorn_cellsim
5.409860e+02,59101,8.51382647153796e-05,3.61821737811784e-02,4.68694003414490e+02,sinkhorn_cellsim
5.411691e+02,59121,8.51374029068783e-05,3.61821737993584e-02,4.68694011577150e+02,sinkhorn_cellsim
5.413521e+02,59141,8.51363601726346e-05,3.61821738203160e-02,4.68694019739627e+02,sinkhorn_cellsim
5.415351e+02,59161,8.51350985671585e-05,3.61821738446330e-02,4.68694027901883e+02,sinkhorn_cellsim
5.417182e+02,59181,8.51335721993288e-05,3.61821738730125e-02,4.68694036063872e+02,sinkhorn_cellsim
5.419012e+02,59201,8.51317255805242e-05,3.61821739063049e-02,4.68694044225539e+02,sinkhorn_cellsim
5.420843e+02,59221,8.51294916286146e-05,3.61821739455386e-02,4.68694052386817e+02,sinkhorn_cellsim
5.422673e+02,59241,8.51267892580595e-05,3.61821739919561e-02,4.68694060547624e+02,sinkhorn_cellsim
5.424504e+02,59261,8.51235204855709e-05,3.61821740470591e-02,4.68694068707862e+02,sinkhorn_cellsim
5.426334e+02,59281,8.51195669393023e-05,3.61821741126621e-02,4.68694076867412e+02,sinkhorn_cellsim
5.428165e+02,59301,8.51147856677021e-05,3.61821741909555e-02,4.68694085026132e+02,sinkhorn_cellsim
5.429995e+02,59321,8.51090041107197e-05,3.61821742845849e-02,4.68694093183847e+02,sinkhorn_cellsim
5.431826e+02,59341,8.51020140709457e-05,3.61821743967405e-02,4.68694101340349e+02,sinkhorn_cellsim
5.433656e+02,59361,8.50935645146255e-05,3.61821745312702e-02,4.68694109495385e+02,sinkhorn_cellsim
5.435487e+02,59381,8.50833529851802e-05,3.61821746928099e-02,4.68694117648650e+02,sinkhorn_cellsim
5.437317e+02,59401,8.50710154036117e-05,3.61821748869397e-02,4.68694125799778e+02,sinkhorn_cellsim
5.439148e+02,59421,8.50561140012641e-05,3.61821751203696e-02,4.68694133948326e+02,sinkhorn_cellsim
5.440979e+02,59441,8.50381231082522e-05,3.61821754011566e-02,4.68694142093762e+02,sinkhorn_cellsim
5.442809e+02,59461,8.50164125384695e-05,3.61821757389601e-02,4.68694150235446e+02,sinkhorn_cellsim
5.444640e+02,59481,8.49902283023733e-05,3.61821761453376e-02,4.68694158372610e+02,sinkhorn_cellsim
5.446470e+02,59501,8.49586704474274e-05,3.61821766340839e-02,4.68694166504335e+02,sinkhorn_cellsim
5.448301e+02,59521,8.49206679293457e-05,3.61821772216166e-02,4.68694174629519e+02,sinkhorn_cellsim
5.450131e+02,59541,8.48749506013605e-05,3.61821779274063e-02,4.68694182746852e+02,sinkhorn_cellsim
5.451962e+02,59561,8.48200186927379e-05,3.61821787744443e-02,4.68694190854771e+02,sinkhorn_cellsim
5.453792e+02,59581,8.47541105701451e-05,3.61821797897371e-02,4.68694198951428e+02,sinkhorn_cellsim
5.455623e+02,59601,8.46816266592917e-05,3.61821810048041e-02,4.68694207034640e+02,sinkhorn_cellsim
5.457453e+02,59621,8.46066972483096e-05,3.61821824561446e-02,4.68694215101848e+02,sinkhorn_cellsim
5.459284e+02,59641,8.45177012382790e-05,3.61821841856160e-02,4.68694223150066e+02,sinkhorn_cellsim
5.461114e+02,59661,8.44170860557085e-05,3.61821862406523e-02,4.68694231175839e+02,sinkhorn_cellsim
5.462945e+02,59681,8.42997774966284e-05,3.61821886742117e-02,4.68694239175208e+02,sinkhorn_cellsim
5.464775e+02,59701,8.41632307318025e-05,3.61821915443269e-02,4.68694247143685e+02,sinkhorn_cellsim
5.466605e+02,59721,8.40253899468767e-05,3.61821949130929e-02,4.68694255076253e+02,sinkhorn_cellsim
5.468436e+02,59741,8.38746396395980e-05,3.61821988449216e-02,4.68694262967392e+02,sinkhorn_cellsim
5.470266e+02,59761,8.37008085631950e-05,3.61822034038942e-02,4.68694270811158e+02,sinkhorn_cellsim
5.472097e+02,59781,8.35136839808942e-05,3.61822086500912e-02,4.68694278601298e+02,sinkhorn_cellsim
5.473927e+02,59801,8.33098937042547e-05,3.61822146348815e-02,4.68694286331443e+02,sinkhorn_cellsim
5.475758e+02,59821,8.30933351771983e-05,3.61822213953242e-02,4.68694293995345e+02,sinkhorn_cellsim
5.477588e+02,59841,8.28591573656938e-05,3.61822289480644e-02,4.68694301587187e+02,sinkhorn_cellsim
5.479419e+02,59861,8.25975688863583e-05,3.61822372833742e-02,4.68694309101924e+02,sinkhorn_cellsim
5.481249e+02,59881,8.23392777542465e-05,3.61822463602220e-02,4.68694316535628e+02,sinkhorn_cellsim
5.483080e+02,59901,8.20953110369444e-05,3.61822561033837e-02,4.68694323885812e+02,sinkhorn_cellsim
5.484910e+02,59921,8.18584271839975e-05,3.61822664035112e-02,4.68694331151669e+02,sinkhorn_cellsim
5.486741e+02,59941,8.16147059932117e-05,3.61822771207367e-02,4.68694338334193e+02,sinkhorn_cellsim
5.488571e+02,59961,8.13583008322630e-05,3.61822880918064e-02,4.68694345436161e+02,sinkhorn_cellsim
5.490402e+02,59981,8.10911615424288e-05,3.61822991400647e-02,4.68694352461956e+02,sinkhorn_cellsim
5.492232e+02,60001,8.08328360505849e-05,3.61823100870000e-02,4.68694359417276e+02,sinkhorn_cellsim
5.494063e+02,60021,8.05797020030769e-05,3.61823207637689e-02,4.68694366308748e+02,sinkhorn_cellsim
5.495894e+02,60041,8.03184849710274e-05,3.61823310211431e-02,4.68694373143515e+02,sinkhorn_cellsim
5.497725e+02,60061,8.00557148750082e-05,3.61823407367415e-02,4.68694379928842e+02,sinkhorn_cellsim
5.499555e+02,60081,7.97863952560920e-05,3.61823498189973e-02,4.68694386671778e+02,sinkhorn_cellsim
5.501386e+02,60101,7.95093584217708e-05,3.61823582079184e-02,4.68694393378901e+02,sinkhorn_cellsim
5.503216e+02,60121,7.92307763540644e-05,3.61823658731773e-02,4.68694400056156e+02,sinkhorn_cellsim
5.505047e+02,60141,7.89489046478044e-05,3.61823728103240e-02,4.68694406708769e+02,sinkhorn_cellsim
5.506877e+02,60161,7.86675220103931e-05,3.61823790359580e-02,4.68694413341230e+02,sinkhorn_cellsim
5.508707e+02,60181,7.83882071042776e-05,3.61823845825972e-02,4.68694419957322e+02,sinkhorn_cellsim
5.510538e+02,60201,7.81113206763336e-05,3.61823894937954e-02,4.68694426560183e+02,sinkhorn_cellsim
5.512368e+02,60221,7.78356134902525e-05,3.61823938198496e-02,4.68694433152380e+02,sinkhorn_cellsim
5.514199e+02,60241,7.75611642780453e-05,3.61823976142722e-02,4.68694439735996e+02,sinkhorn_cellsim
5.516029e+02,60261,7.72898232962716e-05,3.61824009310580e-02,4.68694446312700e+02,sinkhorn_cellsim
5.517860e+02,60281,7.70233644663334e-05,3.61824038226942e-02,4.68694452883828e+02,sinkhorn_cellsim
5.519690e+02,60301,7.67609793365857e-05,3.61824063388099e-02,4.68694459450441e+02,sinkhorn_cellsim
5.521521e+02,60321,7.65057621905257e-05,3.61824085253498e-02,4.68694466013379e+02,sinkhorn_cellsim
5.523351e+02,60341,7.62556104111906e-05,3.61824104241447e-02,4.68694472573306e+02,sinkhorn_cellsim
5.525182e+02,60361,7.60101675636223e-05,3.61824120727835e-02,4.68694479130748e+02,sinkhorn_cellsim
5.527012e+02,60381,7.57697138151850e-05,3.61824135046870e-02,4.68694485686121e+02,sinkhorn_cellsim
5.528843e+02,60401,7.55344492771904e-05,3.61824147493194e-02,4.68694492239756e+02,sinkhorn_cellsim
5.530673e+02,60421,7.53045059961459e-05,3.61824158324795e-02,4.68694498791916e+02,sinkhorn_cellsim
5.532504e+02,60441,7.50803858790745e-05,3.61824167766324e-02,4.68694505342809e+02,sinkhorn_cellsim
5.534334e+02,60461,7.48619055671071e-05,3.61824176012557e-02,4.68694511892604e+02,sinkhorn_cellsim
5.536165e+02,60481,7.46492527564071e-05,3.61824183231771e-02,4.68694518441438e+02,sinkhorn_cellsim
5.537995e+02,60501,7.44419914661741e-05,3.61824189568970e-02,4.68694524989421e+02,sinkhorn_cellsim
5.539826e+02,60521,7.42402295041580e-05,3.61824195148834e-02,4.68694531536643e+02,sinkhorn_cellsim
5.541656e+02,60541,7.40439063333997e-05,3.61824200078423e-02,4.68694538083180e+02,sinkhorn_cellsim
5.543487e+02,60561,7.38527059394850e-05,3.61824204449562e-02,4.68694544629095e+02,sinkhorn_cellsim
5.545317e+02,60581,7.36665077571012e-05,3.61824208340950e-02,4.68694551174440e+02,sinkhorn_cellsim
5.547148e+02,60601,7.34853639372844e-05,3.61824211820028e-02,4.68694557719259e+02,sinkhorn_cellsim
5.548978e+02,60621,7.33098044157352e-05,3.61824214944576e-02,4.68694564263592e+02,sinkhorn_cellsim
5.550809e+02,60641,7.31389884484778e-05,3.61824217764106e-02,4.68694570807472e+02,sinkhorn_cellsim
5.552639e+02,60661,7.29726948285259e-05,3.61824220321063e-02,4.68694577350928e+02,sinkhorn_cellsim
5.554470e+02,60681,7.28112211766559e-05,3.61824222651847e-02,4.68694583893986e+02,sinkhorn_cellsim
5.556300e+02,60701,7.26539297980345e-05,3.61824224787695e-02,4.68694590436670e+02,sinkhorn_cellsim
5.558131e+02,60721,7.25006825024659e-05,3.61824226755434e-02,4.68694596979000e+02,sinkhorn_cellsim
5.559961e+02,60741,7.23513532771651e-05,3.61824228578112e-02,4.68694603520995e+02,sinkhorn_cellsim
5.561792e+02,60761,7.22058196957047e-05,3.61824230275562e-02,4.68694610062673e+02,sinkhorn_cellsim
5.563622e+02,60781,7.20641997748332e-05,3.61824231864846e-02,4.68694616604049e+02,sinkhorn_cellsim
5.565452e+02,60801,7.19263797798826e-05,3.61824233360668e-02,4.68694623145137e+02,sinkhorn_cellsim
5.567283e+02,60821,7.17928825668889e-05,3.61824234775704e-02,4.68694629685953e+02,sinkhorn_cellsim
5.569113e+02,60841,7.16647538386654e-05,3.61824236120893e-02,4.68694636226508e+02,sinkhorn_cellsim
5.570944e+02,60861,7.15402920213260e-05,3.61824237405676e-02,4.68694642766814e+02,sinkhorn_cellsim
5.572774e+02,60881,7.14191873826458e-05,3.61824238638213e-02,4.68694649306882e+02,sinkhorn_cellsim
5.574605e+02,60901,7.13014913175228e-05,3.61824239825562e-02,4.68694655846723e+02,sinkhorn_cellsim
5.576435e+02,60921,7.11872833533744e-05,3.61824240973821e-02,4.68694662386347e+02,sinkhorn_cellsim
5.578266e+02,60941,7.10762602491552e-05,3.61824242088275e-02,4.68694668925763e+02,sinkhorn_cellsim
5.580096e+02,60961,7.09679191067876e-05,3.61824243173493e-02,4.68694675464980e+02,sinkhorn_cellsim
5.581927e+02,60981,7.08621795319676e-05,3.61824244233435e-02,4.68694682004006e+02,sinkhorn_cellsim
5.583757e+02,61001,7.07589645903425e-05,3.61824245271525e-02,4.68694688542850e+02,sinkhorn_cellsim
5.585588e+02,61021,7.06582764817300e-05,3.61824246290735e-02,4.68694695081519e+02,sinkhorn_cellsim
5.587418e+02,61041,7.05611495315509e-05,3.61824247293631e-02,4.68694701620019e+02,sinkhorn_cellsim
5.589249e+02,61061,7.04683855390604e-05,3.61824248282435e-02,4.68694708158359e+02,sinkhorn_cellsim
5.591079e+02,61081,7.03797907487109e-05,3.61824249259068e-02,4.68694714696544e+02,sinkhorn_cellsim
5.592910e+02,61101,7.02936066199975e-05,3.61824250225193e-02,4.68694721234580e+02,sinkhorn_cellsim
5.594740e+02,61121,7.02096423782656e-05,3.61824251182237e-02,4.68694727772474e+02,sinkhorn_cellsim
5.596571e+02,61141,7.01277640975872e-05,3.61824252131441e-02,4.68694734310232e+02,sinkhorn_cellsim
5.598401e+02,61161,7.00477737306144e-05,3.61824253073864e-02,4.68694740847858e+02,sinkhorn_cellsim
5.600232e+02,61181,6.99699076787395e-05,3.61824254010415e-02,4.68694747385358e+02,sinkhorn_cellsim
5.602062e+02,61201,6.98939916374065e-05,3.61824254941877e-02,4.68694753922737e+02,sinkhorn_cellsim
5.603892e+02,61221,6.98198794588512e-05,3.61824255868915e-02,4.68694760460000e+02,sinkhorn_cellsim
5.605723e+02,61241,6.97476221066670e-05,3.61824256792093e-02,4.68694766997150e+02,sinkhorn_cellsim
5.607553e+02,61261,6.96775645191517e-05,3.61824257711892e-02,4.68694773534193e+02,sinkhorn_cellsim
5.609384e+02,61281,6.96097937912534e-05,3.61824258628711e-02,4.68694780071132e+02,sinkhorn_cellsim
5.611214e+02,61301,6.95435588550711e-05,3.61824259542892e-02,4.68694786607971e+02,sinkhorn_cellsim
5.613045e+02,61321,6.94788205937542e-05,3.61824260454708e-02,4.68694793144715e+02,sinkhorn_cellsim
5.614875e+02,61341,6.94157134845473e-05,3.61824261364389e-02,4.68694799681366e+02,sinkhorn_cellsim
5.616705e+02,61361,6.93547105341123e-05,3.61824262272121e-02,4.68694806217928e+02,sinkhorn_cellsim
5.618536e+02,61381,6.92972659473343e-05,3.61824263178048e-02,4.68694812754405e+02,sinkhorn_cellsim
5.620366e+02,61401,6.92413583626671e-05,3.61824264082283e-02,4.68694819290800e+02,sinkhorn_cellsim
5.622197e+02,61421,6.91867162784907e-05,3.61824264984912e-02,4.68694825827114e+02,sinkhorn_cellsim
5.624027e+02,61441,6.91333079082691e-05,3.61824265885990e-02,4.68694832363353e+02,sinkhorn_cellsim
5.625858e+02,61461,6.90811024442318e-05,3.61824266785560e-02,4.68694838899517e+02,sinkhorn_cellsim
5.627688e+02,61481,6.90300700093177e-05,3.61824267683636e-02,4.68694845435611e+02,sinkhorn_cellsim
5.629518e+02,61501,6.89801816154884e-05,3.61824268580225e-02,4.68694851971635e+02,sinkhorn_cellsim
5.631349e+02,61521,6.89314091212289e-05,3.61824269475312e-02,4.68694858507594e+02,sinkhorn_cellsim
5.633179e+02,61541,6.88837252110465e-05,3.61824270368881e-02,4.68694865043489e+02,sinkhorn_cellsim
5.635010e+02,61561,6.88371033324864e-05,3.61824271260894e-02,4.68694871579322e+02,sinkhorn_cellsim
5.636840e+02,61581,6.87917505450561e-05,3.61824272151312e-02,4.68694878115095e+02,sinkhorn_cellsim
5.638671e+02,61601,6.87474163510103e-05,3.61824273040089e-02,4.68694884650811e+02,sinkhorn_cellsim
5.640501e+02,61621,6.87040635780896e-05,3.61824273927171e-02,4.68694891186471e+02,sinkhorn_cellsim
5.642332e+02,61641,6.86616686583114e-05,3.61824274812501e-02,4.68694897722078e+02,sinkhorn_cellsim
5.644162e+02,61661,6.86202086611535e-05,3.61824275696016e-02,4.68694904257633e+02,sinkhorn_cellsim
5.645993e+02,61681,6.85796612675320e-05,3.61824276577652e-02,4.68694910793137e+02,sinkhorn_cellsim
5.647823e+02,61701,6.85400047571377e-05,3.61824277457343e-02,4.68694917328593e+02,sinkhorn_cellsim
5.649653e+02,61721,6.85020698371082e-05,3.61824278335021e-02,4.68694923864002e+02,sinkhorn_cellsim
5.651484e+02,61741,6.84655827852995e-05,3.61824279210614e-02,4.68694930399365e+02,sinkhorn_cellsim
5.653315e+02,61761,6.84305809485725e-05,3.61824280084056e-02,4.68694936934684e+02,sinkhorn_cellsim
5.655145e+02,61781,6.83974013514376e-05,3.61824280955273e-02,4.68694943469961e+02,sinkhorn_cellsim
5.656976e+02,61801,6.83667504947364e-05,3.61824281824196e-02,4.68694950005196e+02,sinkhorn_cellsim
5.658806e+02,61821,6.83378699645154e-05,3.61824282690760e-02,4.68694956540391e+02,sinkhorn_cellsim
5.660637e+02,61841,6.83115462935631e-05,3.61824283554890e-02,4.68694963075547e+02,sinkhorn_cellsim
5.662467e+02,61861,6.82873537508153e-05,3.61824284416524e-02,4.68694969610665e+02,sinkhorn_cellsim
5.664298e+02,61881,6.82662765102934e-05,3.61824285275589e-02,4.68694976145747e+02,sinkhorn_cellsim
5.666128e+02,61901,6.82463474264212e-05,3.61824286132028e-02,4.68694982680793e+02,sinkhorn_cellsim
5.667959e+02,61921,6.82287167115869e-05,3.61824286985772e-02,4.68694989215804e+02,sinkhorn_cellsim
5.669789e+02,61941,6.82135848369503e-05,3.61824287836761e-02,4.68694995750782e+02,sinkhorn_cellsim
5.671619e+02,61961,6.81987910978306e-05,3.61824288684934e-02,4.68695002285727e+02,sinkhorn_cellsim
5.673466e+02,61981,6.81846224643310e-05,3.61824289530234e-02,4.68695008820641e+02,sinkhorn_cellsim
5.675297e+02,62001,6.81717705325713e-05,3.61824290372606e-02,4.68695015355523e+02,sinkhorn_cellsim
5.677128e+02,62021,6.81596363058805e-05,3.61824291211992e-02,4.68695021890376e+02,sinkhorn_cellsim
5.678958e+02,62041,6.81484498789990e-05,3.61824292048344e-02,4.68695028425199e+02,sinkhorn_cellsim
5.680789e+02,62061,6.81398850168705e-05,3.61824292881606e-02,4.68695034959993e+02,sinkhorn_cellsim
5.682619e+02,62081,6.81331832046818e-05,3.61824293711735e-02,4.68695041494760e+02,sinkhorn_cellsim
5.684450e+02,62101,6.81278238290392e-05,3.61824294538683e-02,4.68695048029499e+02,sinkhorn_cellsim
5.686280e+02,62121,6.81237829871616e-05,3.61824295362404e-02,4.68695054564212e+02,sinkhorn_cellsim
5.688111e+02,62141,6.81202577601574e-05,3.61824296182860e-02,4.68695061098899e+02,sinkhorn_cellsim
5.689941e+02,62161,6.81180468733288e-05,3.61824297000009e-02,4.68695067633560e+02,sinkhorn_cellsim
5.691771e+02,62181,6.81168277728482e-05,3.61824297813810e-02,4.68695074168197e+02,sinkhorn_cellsim
5.693602e+02,62201,6.81156782166157e-05,3.61824298624233e-02,4.68695080702810e+02,sinkhorn_cellsim
5.695432e+02,62221,6.81145531108349e-05,3.61824299431238e-02,4.68695087237399e+02,sinkhorn_cellsim
5.697263e+02,62241,6.81138944992075e-05,3.61824300234797e-02,4.68695093771965e+02,sinkhorn_cellsim
5.699093e+02,62261,6.81138944992766e-05,3.61824301034877e-02,4.68695100306508e+02,sinkhorn_cellsim
5.700924e+02,62281,6.81138944992897e-05,3.61824301831453e-02,4.68695106841029e+02,sinkhorn_cellsim
5.702754e+02,62301,6.81138944988806e-05,3.61824302624497e-02,4.68695113375528e+02,sinkhorn_cellsim
5.704585e+02,62321,6.81138944982656e-05,3.61824303413986e-02,4.68695119910006e+02,sinkhorn_cellsim
5.706415e+02,62341,6.81138944986627e-05,3.61824304199896e-02,4.68695126444463e+02,sinkhorn_cellsim
5.708246e+02,62361,6.81138944989775e-05,3.61824304982206e-02,4.68695132978899e+02,sinkhorn_cellsim
5.710076e+02,62381,6.81138944978905e-05,3.61824305760898e-02,4.68695139513315e+02,sinkhorn_cellsim
5.711907e+02,62401,6.81138944987863e-05,3.61824306535955e-02,4.68695146047711e+02,sinkhorn_cellsim
5.713737e+02,62421,6.81138944981229e-05,3.61824307307362e-02,4.68695152582087e+02,sinkhorn_cellsim
5.715567e+02,62441,6.81138944988093e-05,3.61824308075106e-02,4.68695159116444e+02,sinkhorn_cellsim
5.717398e+02,62461,6.81138944990159e-05,3.61824308839171e-02,4.68695165650782e+02,sinkhorn_cellsim
5.719228e+02,62481,6.81138944987747e-05,3.61824309599549e-02,4.68695172185102e+02,sinkhorn_cellsim
5.721059e+02,62501,6.81138944983342e-05,3.61824310356232e-02,4.68695178719402e+02,sinkhorn_cellsim
5.722889e+02,62521,6.81138944993896e-05,3.61824311109211e-02,4.68695185253685e+02,sinkhorn_cellsim
5.724719e+02,62541,6.81138944993730e-05,3.61824311858478e-02,4.68695191787950e+02,sinkhorn_cellsim
5.726550e+02,62561,6.81138944987410e-05,3.61824312604033e-02,4.68695198322197e+02,sinkhorn_cellsim
5.728380e+02,62581,6.81138944985589e-05,3.61824313345870e-02,4.68695204856426e+02,sinkhorn_cellsim
5.730211e+02,62601,6.81138944990336e-05,3.61824314083988e-02,4.68695211390639e+02,sinkhorn_cellsim
5.732041e+02,62621,6.81138944984132e-05,3.61824314818385e-02,4.68695217924834e+02,sinkhorn_cellsim
5.733871e+02,62641,6.81138944990414e-05,3.61824315549064e-02,4.68695224459012e+02,sinkhorn_cellsim
5.735702e+02,62661,6.81138944992418e-05,3.61824316276027e-02,4.68695230993173e+02,sinkhorn_cellsim
5.737532e+02,62681,6.81138944988272e-05,3.61824316999275e-02,4.68695237527317e+02,sinkhorn_cellsim
5.739363e+02,62701,6.81138944991174e-05,3.61824317718817e-02,4.68695244061446e+02,sinkhorn_cellsim
5.741193e+02,62721,6.81138944989233e-05,3.61824318434655e-02,4.68695250595557e+02,sinkhorn_cellsim
5.743023e+02,62741,6.81138944990586e-05,3.61824319146798e-02,4.68695257129653e+02,sinkhorn_cellsim
5.744854e+02,62761,6.81138944997323e-05,3.61824319855252e-02,4.68695263663732e+02,sinkhorn_cellsim
5.746684e+02,62781,6.81138944978173e-05,3.61824320560028e-02,4.68695270197796e+02,sinkhorn_cellsim
5.748515e+02,62801,6.81138944983063e-05,3.61824321261138e-02,4.68695276731843e+02,sinkhorn_cellsim
5.750345e+02,62821,6.81138944979749e-05,3.61824321958591e-02,4.68695283265875e+02,sinkhorn_cellsim
5.752176e+02,62841,6.81138944994255e-05,3.61824322652400e-02,4.68695289799891e+02,sinkhorn_cellsim
5.754006e+02,62861,6.81138944977465e-05,3.61824323342576e-02,4.68695296333891e+02,sinkhorn_cellsim
5.755836e+02,62881,6.81138944978115e-05,3.61824324029137e-02,4.68695302867876e+02,sinkhorn_cellsim
5.757667e+02,62901,6.81138944994796e-05,3.61824324712100e-02,4.68695309401845e+02,sinkhorn_cellsim
5.759497e+02,62921,6.81138944977010e-05,3.61824325391474e-02,4.68695315935799e+02,sinkhorn_cellsim
5.761328e+02,62941,6.81138944983282e-05,3.61824326067280e-02,4.68695322469737e+02,sinkhorn_cellsim
5.763158e+02,62961,6.81138944990125e-05,3.61824326739539e-02,4.68695329003660e+02,sinkhorn_cellsim
5.764988e+02,62981,6.81138944980084e-05,3.61824327408263e-02,4.68695335537568e+02,sinkhorn_cellsim
5.766819e+02,63001,6.81138944987298e-05,3.61824328073477e-02,4.68695342071460e+02,sinkhorn_cellsim
5.768649e+02,63021,6.81138944976294e-05,3.61824328735200e-02,4.68695348605337e+02,sinkhorn_cellsim
5.770480e+02,63041,6.81138944970791e-05,3.61824329393452e-02,4.68695355139199e+02,sinkhorn_cellsim
5.772310e+02,63061,6.81138944970729e-05,3.61824330048256e-02,4.68695361673045e+02,sinkhorn_cellsim
5.774140e+02,63081,6.81138944967616e-05,3.61824330699634e-02,4.68695368206876e+02,sinkhorn_cellsim
5.775971e+02,63101,6.81138944961409e-05,3.61824331347610e-02,4.68695374740692e+02,sinkhorn_cellsim
5.777801e+02,63121,6.81138944955275e-05,3.61824331992206e-02,4.68695381274493e+02,sinkhorn_cellsim
5.779632e+02,63141,6.81138944955121e-05,3.61824332633450e-02,4.68695387808278e+02,sinkhorn_cellsim
5.781462e+02,63161,6.81138944950396e-05,3.61824333271365e-02,4.68695394342049e+02,sinkhorn_cellsim
5.783293e+02,63181,6.81138944933553e-05,3.61824333905974e-02,4.68695400875804e+02,sinkhorn_cellsim
5.785123e+02,63201,6.81138944927813e-05,3.61824334537312e-02,4.68695407409543e+02,sinkhorn_cellsim
5.786953e+02,63221,6.81138944920972e-05,3.61824335165397e-02,4.68695413943267e+02,sinkhorn_cellsim
5.788784e+02,63241,6.81138944903798e-05,3.61824335790262e-02,4.68695420476976e+02,sinkhorn_cellsim
5.790614e+02,63261,6.81138944871668e-05,3.61824336411933e-02,4.68695427010670e+02,sinkhorn_cellsim
5.792444e+02,63281,6.81138944857894e-05,3.61824337030438e-02,4.68695433544348e+02,sinkhorn_cellsim
5.794275e+02,63301,6.81138944835599e-05,3.61824337645810e-02,4.68695440078010e+02,sinkhorn_cellsim
5.796105e+02,63321,6.81138944804346e-05,3.61824338258075e-02,4.68695446611657e+02,sinkhorn_cellsim
5.797936e+02,63341,6.81138944759364e-05,3.61824338867265e-02,4.68695453145288e+02,sinkhorn_cellsim
5.799766e+02,63361,6.81138944716995e-05,3.61824339473410e-02,4.68695459678904e+02,sinkhorn_cellsim
5.801596e+02,63381,6.81138944652914e-05,3.61824340076542e-02,4.68695466212504e+02,sinkhorn_cellsim
5.803427e+02,63401,6.81138944584318e-05,3.61824340676690e-02,4.68695472746088e+02,sinkhorn_cellsim
5.805257e+02,63421,6.81138944505446e-05,3.61824341273890e-02,4.68695479279656e+02,sinkhorn_cellsim
5.807088e+02,63441,6.81138944405481e-05,3.61824341868172e-02,4.68695485813209e+02,sinkhorn_cellsim
5.808918e+02,63461,6.81138944277282e-05,3.61824342459569e-02,4.68695492346745e+02,sinkhorn_cellsim
5.810748e+02,63481,6.81138944122340e-05,3.61824343048113e-02,4.68695498880265e+02,sinkhorn_cellsim
5.812579e+02,63501,6.81138943952975e-05,3.61824343633841e-02,4.68695505413769e+02,sinkhorn_cellsim
5.814409e+02,63521,6.81138943734084e-05,3.61824344216783e-02,4.68695511947257e+02,sinkhorn_cellsim
5.816240e+02,63541,6.81138943459190e-05,3.61824344796976e-02,4.68695518480729e+02,sinkhorn_cellsim
5.818070e+02,63561,6.81138943137622e-05,3.61824345374452e-02,4.68695525014184e+02,sinkhorn_cellsim
5.819900e+02,63581,6.81138942754417e-05,3.61824345949249e-02,4.68695531547623e+02,sinkhorn_cellsim
5.821731e+02,63601,6.81138942279641e-05,3.61824346521399e-02,4.68695538081045e+02,sinkhorn_cellsim
5.823561e+02,63621,6.81138941712666e-05,3.61824347090940e-02,4.68695544614450e+02,sinkhorn_cellsim
5.825392e+02,63641,6.81138941031113e-05,3.61824347657907e-02,4.68695551147838e+02,sinkhorn_cellsim
5.827222e+02,63661,6.81138940204526e-05,3.61824348222334e-02,4.68695557681210e+02,sinkhorn_cellsim
5.829052e+02,63681,6.81138939198283e-05,3.61824348784262e-02,4.68695564214564e+02,sinkhorn_cellsim
5.830883e+02,63701,6.81138937965213e-05,3.61824349343719e-02,4.68695570747902e+02,sinkhorn_cellsim
5.832713e+02,63721,6.81138936504123e-05,3.61824349900751e-02,4.68695577281222e+02,sinkhorn_cellsim
5.834544e+02,63741,6.81138934724836e-05,3.61824350455389e-02,4.68695583814525e+02,sinkhorn_cellsim
5.836374e+02,63761,6.81138932570320e-05,3.61824351007672e-02,4.68695590347810e+02,sinkhorn_cellsim
5.838205e+02,63781,6.81138929968002e-05,3.61824351557637e-02,4.68695596881078e+02,sinkhorn_cellsim
5.840035e+02,63801,6.81138926817622e-05,3.61824352105322e-02,4.68695603414327e+02,sinkhorn_cellsim
5.841865e+02,63821,6.81138923005062e-05,3.61824352650763e-02,4.68695609947559e+02,sinkhorn_cellsim
5.843696e+02,63841,6.81138918379051e-05,3.61824353193999e-02,4.68695616480773e+02,sinkhorn_cellsim
5.845526e+02,63861,6.81138912796224e-05,3.61824353735068e-02,4.68695623013969e+02,sinkhorn_cellsim
5.847357e+02,63881,6.81138906038437e-05,3.61824354274007e-02,4.68695629547146e+02,sinkhorn_cellsim
5.849187e+02,63901,6.81138897874796e-05,3.61824354810855e-02,4.68695636080305e+02,sinkhorn_cellsim
5.851017e+02,63921,6.81138887985793e-05,3.61824355345649e-02,4.68695642613445e+02,sinkhorn_cellsim
5.852848e+02,63941,6.81138876021682e-05,3.61824355878427e-02,4.68695649146567e+02,sinkhorn_cellsim
5.854678e+02,63961,6.81138861553367e-05,3.61824356409230e-02,4.68695655679669e+02,sinkhorn_cellsim
5.856509e+02,63981,6.81138844041147e-05,3.61824356938091e-02,4.68695662212752e+02,sinkhorn_cellsim
5.858339e+02,64001,6.81138822863011e-05,3.61824357465053e-02,4.68695668745816e+02,sinkhorn_cellsim
5.860169e+02,64021,6.81138797229903e-05,3.61824357990149e-02,4.68695675278860e+02,sinkhorn_cellsim
5.862000e+02,64041,6.81138766213747e-05,3.61824358513422e-02,4.68695681811885e+02,sinkhorn_cellsim
5.863830e+02,64061,6.81138728690982e-05,3.61824359034908e-02,4.68695688344889e+02,sinkhorn_cellsim
5.865660e+02,64081,6.81138683300811e-05,3.61824359554642e-02,4.68695694877873e+02,sinkhorn_cellsim
5.867491e+02,64101,6.81138628375833e-05,3.61824360072664e-02,4.68695701410836e+02,sinkhorn_cellsim
5.869321e+02,64121,6.81138561926036e-05,3.61824360589008e-02,4.68695707943778e+02,sinkhorn_cellsim
5.871152e+02,64141,6.81138481540563e-05,3.61824361103714e-02,4.68695714476698e+02,sinkhorn_cellsim
5.872982e+02,64161,6.81138384287555e-05,3.61824361616814e-02,4.68695721009596e+02,sinkhorn_cellsim
5.874812e+02,64181,6.81138266603912e-05,3.61824362128344e-02,4.68695727542472e+02,sinkhorn_cellsim
5.876643e+02,64201,6.81138124231050e-05,3.61824362638337e-02,4.68695734075326e+02,sinkhorn_cellsim
5.878473e+02,64221,6.81137951993367e-05,3.61824363146828e-02,4.68695740608155e+02,sinkhorn_cellsim
5.880303e+02,64241,6.81137743581448e-05,3.61824363653845e-02,4.68695747140960e+02,sinkhorn_cellsim
5.882134e+02,64261,6.81137491451962e-05,3.61824364159420e-02,4.68695753673739e+02,sinkhorn_cellsim
5.883964e+02,64281,6.81137186404738e-05,3.61824364663579e-02,4.68695760206492e+02,sinkhorn_cellsim
5.885794e+02,64301,6.81136817334691e-05,3.61824365166350e-02,4.68695766739217e+02,sinkhorn_cellsim
5.887625e+02,64321,6.81136370809779e-05,3.61824365667749e-02,4.68695773271913e+02,sinkhorn_cellsim
5.889455e+02,64341,6.81135830576865e-05,3.61824366167798e-02,4.68695779804577e+02,sinkhorn_cellsim
5.891286e+02,64361,6.81135176973330e-05,3.61824366666508e-02,4.68695786337209e+02,sinkhorn_cellsim
5.893116e+02,64381,6.81134386215147e-05,3.61824367163894e-02,4.68695792869804e+02,sinkhorn_cellsim
5.894947e+02,64401,6.81133429503572e-05,3.61824367659950e-02,4.68695799402361e+02,sinkhorn_cellsim
5.896778e+02,64421,6.81132272021451e-05,3.61824368154672e-02,4.68695805934875e+02,sinkhorn_cellsim
5.898608e+02,64441,6.81130871637428e-05,3.61824368648046e-02,4.68695812467343e+02,sinkhorn_cellsim
5.900438e+02,64461,6.81129177400755e-05,3.61824369140042e-02,4.68695818999758e+02,sinkhorn_cellsim
5.902269e+02,64481,6.81127127635506e-05,3.61824369630619e-02,4.68695825532115e+02,sinkhorn_cellsim
5.904099e+02,64501,6.81124647758552e-05,3.61824370119719e-02,4.68695832064405e+02,sinkhorn_cellsim
5.905930e+02,64521,6.81121647550748e-05,3.61824370607265e-02,4.68695838596621e+02,sinkhorn_cellsim
5.907760e+02,64541,6.81118017818168e-05,3.61824371093150e-02,4.68695845128749e+02,sinkhorn_cellsim
5.909590e+02,64561,6.81113626537378e-05,3.61824371577241e-02,4.68695851660778e+02,sinkhorn_cellsim
5.911421e+02,64581,6.81108313999745e-05,3.61824372059370e-02,4.68695858192691e+02,sinkhorn_cellsim
5.913251e+02,64601,6.81101886966471e-05,3.61824372539324e-02,4.68695864724469e+02,sinkhorn_cellsim
5.915082e+02,64621,6.81094111804010e-05,3.61824373016836e-02,4.68695871256087e+02,sinkhorn_cellsim
5.916912e+02,64641,6.81084705868593e-05,3.61824373491575e-02,4.68695877787518e+02,sinkhorn_cellsim
5.918743e+02,64661,6.81073327377730e-05,3.61824373963135e-02,4.68695884318727e+02,sinkhorn_cellsim
5.920573e+02,64681,6.81059563043653e-05,3.61824374431017e-02,4.68695890849672e+02,sinkhorn_cellsim
5.922403e+02,64701,6.81042913133728e-05,3.61824374894609e-02,4.68695897380304e+02,sinkhorn_cellsim
5.924234e+02,64721,6.81022773522565e-05,3.61824375353162e-02,4.68695903910561e+02,sinkhorn_cellsim
5.926064e+02,64741,6.80998413953414e-05,3.61824375805769e-02,4.68695910440371e+02,sinkhorn_cellsim
5.927895e+02,64761,6.80968951876324e-05,3.61824376251321e-02,4.68695916969644e+02,sinkhorn_cellsim
5.929725e+02,64781,6.80933321027348e-05,3.61824376688473e-02,4.68695923498274e+02,sinkhorn_cellsim
5.931556e+02,64801,6.80890233406558e-05,3.61824377115597e-02,4.68695930026132e+02,sinkhorn_cellsim
5.933386e+02,64821,6.80838133830074e-05,3.61824377530724e-02,4.68695936553061e+02,sinkhorn_cellsim
5.935216e+02,64841,6.80775145177410e-05,3.61824377931471e-02,4.68695943078872e+02,sinkhorn_cellsim
5.937047e+02,64861,6.80699003040684e-05,3.61824378314965e-02,4.68695949603338e+02,sinkhorn_cellsim
5.938877e+02,64881,6.80606977252484e-05,3.61824378677742e-02,4.68695956126185e+02,sinkhorn_cellsim
5.940707e+02,64901,6.80495778773972e-05,3.61824379015644e-02,4.68695962647081e+02,sinkhorn_cellsim
5.942538e+02,64921,6.80361448675428e-05,3.61824379323674e-02,4.68695969165628e+02,sinkhorn_cellsim
5.944368e+02,64941,6.80199226892111e-05,3.61824379595856e-02,4.68695975681343e+02,sinkhorn_cellsim
5.946199e+02,64961,6.80003397632906e-05,3.61824379825050e-02,4.68695982193650e+02,sinkhorn_cellsim
5.948029e+02,64981,6.79767108465584e-05,3.61824380002765e-02,4.68695988701854e+02,sinkhorn_cellsim
5.949860e+02,65001,6.79482160106889e-05,3.61824380118932e-02,4.68695995205120e+02,sinkhorn_cellsim
5.951690e+02,65021,6.79138764730060e-05,3.61824380161686e-02,4.68696001702449e+02,sinkhorn_cellsim
5.953520e+02,65041,6.78725271434366e-05,3.61824380117099e-02,4.68696008192649e+02,sinkhorn_cellsim
5.955351e+02,65061,6.78227859797314e-05,3.61824379968979e-02,4.68696014674294e+02,sinkhorn_cellsim
5.957181e+02,65081,6.77630204910034e-05,3.61824379698646e-02,4.68696021145691e+02,sinkhorn_cellsim
5.959012e+02,65101,6.76913122757237e-05,3.61824379284815e-02,4.68696027604836e+02,sinkhorn_cellsim
5.960842e+02,65121,6.76054211220365e-05,3.61824378703595e-02,4.68696034049363e+02,sinkhorn_cellsim
5.962672e+02,65141,6.75027511731439e-05,3.61824377928695e-02,4.68696040476497e+02,sinkhorn_cellsim
5.964503e+02,65161,6.73803229665381e-05,3.61824376931942e-02,4.68696046883006e+02,sinkhorn_cellsim
5.966333e+02,65181,6.72347568197960e-05,3.61824375684276e-02,4.68696053265149e+02,sinkhorn_cellsim
5.968163e+02,65201,6.70859991204445e-05,3.61824374157341e-02,4.68696059618646e+02,sinkhorn_cellsim
5.969994e+02,65221,6.69354426553862e-05,3.61824372325949e-02,4.68696065938646e+02,sinkhorn_cellsim
5.971824e+02,65241,6.67775543721925e-05,3.61824370171567e-02,4.68696072219736e+02,sinkhorn_cellsim
5.973654e+02,65261,6.66295467523652e-05,3.61824367687036e-02,4.68696078455976e+02,sinkhorn_cellsim
5.975485e+02,65281,6.64754260208959e-05,3.61824364882614e-02,4.68696084640983e+02,sinkhorn_cellsim
5.977315e+02,65301,6.63444623299156e-05,3.61824361793222e-02,4.68696090768077e+02,sinkhorn_cellsim
5.979146e+02,65321,6.62138593783009e-05,3.61824358486519e-02,4.68696096830493e+02,sinkhorn_cellsim
5.980976e+02,65341,6.60685348445050e-05,3.61824355070975e-02,4.68696102821666e+02,sinkhorn_cellsim
5.982806e+02,65361,6.59159965746334e-05,3.61824351702647e-02,4.68696108735584e+02,sinkhorn_cellsim
5.984637e+02,65381,6.57717950153855e-05,3.61824348588957e-02,4.68696114567178e+02,sinkhorn_cellsim
5.986467e+02,65401,6.56206120663244e-05,3.61824345987503e-02,4.68696120312723e+02,sinkhorn_cellsim
5.988298e+02,65421,6.54631155103796e-05,3.61824344198285e-02,4.68696125970199e+02,sinkhorn_cellsim
5.990128e+02,65441,6.53132767976584e-05,3.61824343548494e-02,4.68696131539550e+02,sinkhorn_cellsim
5.991959e+02,65461,6.51581666052641e-05,3.61824344370550e-02,4.68696137022790e+02,sinkhorn_cellsim
5.993789e+02,65481,6.50038458904421e-05,3.61824346975774e-02,4.68696142423940e+02,sinkhorn_cellsim
5.995620e+02,65501,6.48394634854494e-05,3.61824351627625e-02,4.68696147748764e+02,sinkhorn_cellsim
5.997450e+02,65521,6.46641563248132e-05,3.61824358519118e-02,4.68696153004370e+02,sinkhorn_cellsim
5.999280e+02,65541,6.44803090720466e-05,3.61824367758439e-02,4.68696158198702e+02,sinkhorn_cellsim
6.001111e+02,65561,6.42919563965203e-05,3.61824379365125e-02,4.68696163340023e+02,sinkhorn_cellsim
6.002941e+02,65581,6.41125598933198e-05,3.61824393276843e-02,4.68696168436433e+02,sinkhorn_cellsim
6.004771e+02,65601,6.39278367021625e-05,3.61824409364645e-02,4.68696173495488e+02,sinkhorn_cellsim
6.006602e+02,65621,6.37348090487267e-05,3.61824427453292e-02,4.68696178523944e+02,sinkhorn_cellsim
6.008432e+02,65641,6.35408420977690e-05,3.61824447342899e-02,4.68696183527607e+02,sinkhorn_cellsim
6.010263e+02,65661,6.33436354882356e-05,3.61824468828862e-02,4.68696188511301e+02,sinkhorn_cellsim
6.012093e+02,65681,6.31459928090235e-05,3.61824491718125e-02,4.68696193478901e+02,sinkhorn_cellsim
6.013923e+02,65701,6.29533014375914e-05,3.61824515841045e-02,4.68696198433420e+02,sinkhorn_cellsim
6.015754e+02,65721,6.27545926196614e-05,3.61824541059110e-02,4.68696203377109e+02,sinkhorn_cellsim
6.017584e+02,65741,6.25487908135073e-05,3.61824567269289e-02,4.68696208311574e+02,sinkhorn_cellsim
6.019414e+02,65761,6.23362936770005e-05,3.61824594406091e-02,4.68696213237866e+02,sinkhorn_cellsim
6.021245e+02,65781,6.21173743370908e-05,3.61824622442307e-02,4.68696218156573e+02,sinkhorn_cellsim
6.023075e+02,65801,6.18926737796066e-05,3.61824651389333e-02,4.68696223067882e+02,sinkhorn_cellsim
6.024906e+02,65821,6.16645085132346e-05,3.61824681297627e-02,4.68696227971624e+02,sinkhorn_cellsim
6.026736e+02,65841,6.14361597705563e-05,3.61824712257776e-02,4.68696232867306e+02,sinkhorn_cellsim
6.028566e+02,65861,6.12208371580673e-05,3.61824744402324e-02,4.68696237754118e+02,sinkhorn_cellsim
6.030397e+02,65881,6.10098781349589e-05,3.61824777908453e-02,4.68696242630937e+02,sinkhorn_cellsim
6.032227e+02,65901,6.07983102338451e-05,3.61824813001396e-02,4.68696247496311e+02,sinkhorn_cellsim
6.034058e+02,65921,6.05813576164553e-05,3.61824849958429e-02,4.68696252348432e+02,sinkhorn_cellsim
6.035888e+02,65941,6.03632533191301e-05,3.61824889113038e-02,4.68696257185116e+02,sinkhorn_cellsim
6.037718e+02,65961,6.01387611232809e-05,3.61824930858772e-02,4.68696262003756e+02,sinkhorn_cellsim
6.039549e+02,65981,5.99038316763393e-05,3.61824975652055e-02,4.68696266801297e+02,sinkhorn_cellsim
6.041379e+02,66001,5.96566343855594e-05,3.61825024012953e-02,4.68696271574194e+02,sinkhorn_cellsim
6.043209e+02,66021,5.94027747546212e-05,3.61825076522654e-02,4.68696276318400e+02,sinkhorn_cellsim
6.045040e+02,66041,5.91324305740604e-05,3.61825133816115e-02,4.68696281029350e+02,sinkhorn_cellsim
6.046870e+02,66061,5.88462481701037e-05,3.61825196568065e-02,4.68696285701987e+02,sinkhorn_cellsim
6.048701e+02,66081,5.85486353362965e-05,3.61825265470608e-02,4.68696290330815e+02,sinkhorn_cellsim
6.050531e+02,66101,5.82507172355195e-05,3.61825341200829e-02,4.68696294910000e+02,sinkhorn_cellsim
6.052361e+02,66121,5.79611290229892e-05,3.61825424377665e-02,4.68696299433526e+02,sinkhorn_cellsim
6.054192e+02,66141,5.76626213740737e-05,3.61825515508579e-02,4.68696303895407e+02,sinkhorn_cellsim
6.056022e+02,66161,5.73772085917711e-05,3.61825614928786e-02,4.68696308289955e+02,sinkhorn_cellsim
6.057853e+02,66181,5.71228228417765e-05,3.61825722738188e-02,4.68696312612091e+02,sinkhorn_cellsim
6.059683e+02,66201,5.68834364942051e-05,3.61825838743942e-02,4.68696316857667e+02,sinkhorn_cellsim
6.061513e+02,66221,5.66374197786894e-05,3.61825962418324e-02,4.68696321023778e+02,sinkhorn_cellsim
6.063344e+02,66241,5.63903185141250e-05,3.61826092881871e-02,4.68696325109007e+02,sinkhorn_cellsim
6.065174e+02,66261,5.61401558727366e-05,3.61826228919440e-02,4.68696329113572e+02,sinkhorn_cellsim
6.067005e+02,66281,5.58852728353398e-05,3.61826369032205e-02,4.68696333039344e+02,sinkhorn_cellsim
6.068835e+02,66301,5.56227103992816e-05,3.61826511522028e-02,4.68696336889736e+02,sinkhorn_cellsim
6.070665e+02,66321,5.53525047477323e-05,3.61826654598273e-02,4.68696340669457e+02,sinkhorn_cellsim
6.072496e+02,66341,5.50730606984683e-05,3.61826796492486e-02,4.68696344384186e+02,sinkhorn_cellsim
6.074326e+02,66361,5.47848608435525e-05,3.61826935565223e-02,4.68696348040210e+02,sinkhorn_cellsim
6.076157e+02,66381,5.44937283336801e-05,3.61827070391743e-02,4.68696351644061e+02,sinkhorn_cellsim
6.077987e+02,66401,5.42010838830531e-05,3.61827199818353e-02,4.68696355202198e+02,sinkhorn_cellsim
6.079817e+02,66421,5.39064399549456e-05,3.61827322987298e-02,4.68696358720767e+02,sinkhorn_cellsim
6.081648e+02,66441,5.36120322749917e-05,3.61827439333323e-02,4.68696362205431e+02,sinkhorn_cellsim
6.083478e+02,66461,5.33159771909416e-05,3.61827548558563e-02,4.68696365661271e+02,sinkhorn_cellsim
6.085309e+02,66481,5.30158138592603e-05,3.61827650593590e-02,4.68696369092755e+02,sinkhorn_cellsim
6.087139e+02,66501,5.27155326332787e-05,3.61827745552217e-02,4.68696372503745e+02,sinkhorn_cellsim
6.088969e+02,66521,5.24148425385118e-05,3.61827833685956e-02,4.68696375897534e+02,sinkhorn_cellsim
6.090800e+02,66541,5.21125346298384e-05,3.61827915342258e-02,4.68696379276902e+02,sinkhorn_cellsim
6.092630e+02,66561,5.18133288253534e-05,3.61827990928811e-02,4.68696382644181e+02,sinkhorn_cellsim
6.094460e+02,66581,5.15169133289043e-05,3.61828060884726e-02,4.68696386001312e+02,sinkhorn_cellsim
6.096291e+02,66601,5.12221933454062e-05,3.61828125658493e-02,4.68696389349905e+02,sinkhorn_cellsim
6.098121e+02,66621,5.09290230353059e-05,3.61828185691971e-02,4.68696392691294e+02,sinkhorn_cellsim
6.099952e+02,66641,5.06368721253464e-05,3.61828241409431e-02,4.68696396026582e+02,sinkhorn_cellsim
6.101782e+02,66661,5.03523104536981e-05,3.61828293210621e-02,4.68696399356679e+02,sinkhorn_cellsim
6.103612e+02,66681,5.00767148556515e-05,3.61828341466866e-02,4.68696402682338e+02,sinkhorn_cellsim
6.105443e+02,66701,4.98032350049251e-05,3.61828386519430e-02,4.68696406004183e+02,sinkhorn_cellsim
6.107273e+02,66721,4.95331728285795e-05,3.61828428679404e-02,4.68696409322730e+02,sinkhorn_cellsim
6.109103e+02,66741,4.92655196523897e-05,3.61828468228648e-02,4.68696412638407e+02,sinkhorn_cellsim
6.110934e+02,66761,4.90007640662051e-05,3.61828505421377e-02,4.68696415951571e+02,sinkhorn_cellsim
6.112764e+02,66781,4.87394606645582e-05,3.61828540486099e-02,4.68696419262521e+02,sinkhorn_cellsim
6.114595e+02,66801,4.84818907084586e-05,3.61828573627740e-02,4.68696422571506e+02,sinkhorn_cellsim
6.116425e+02,66821,4.82284352570602e-05,3.61828605029768e-02,4.68696425878737e+02,sinkhorn_cellsim
6.118255e+02,66841,4.79785417394014e-05,3.61828634856277e-02,4.68696429184391e+02,sinkhorn_cellsim
6.120086e+02,66861,4.77347785891761e-05,3.61828663253956e-02,4.68696432488619e+02,sinkhorn_cellsim
6.121916e+02,66881,4.74951163748290e-05,3.61828690353905e-02,4.68696435791550e+02,sinkhorn_cellsim
6.123747e+02,66901,4.72581328775849e-05,3.61828716273318e-02,4.68696439093294e+02,sinkhorn_cellsim
6.125577e+02,66921,4.70237385187204e-05,3.61828741116984e-02,4.68696442393946e+02,sinkhorn_cellsim
6.127408e+02,66941,4.67920556259659e-05,3.61828764978658e-02,4.68696445693589e+02,sinkhorn_cellsim
6.129238e+02,66961,4.65632447597434e-05,3.61828787942268e-02,4.68696448992295e+02,sinkhorn_cellsim
6.131068e+02,66981,4.63371969113129e-05,3.61828810083024e-02,4.68696452290128e+02,sinkhorn_cellsim
6.132899e+02,67001,4.61139592891361e-05,3.61828831468350e-02,4.68696455587144e+02,sinkhorn_cellsim
6.134729e+02,67021,4.58939638616299e-05,3.61828852158776e-02,4.68696458883392e+02,sinkhorn_cellsim
6.136561e+02,67041,4.56772676909236e-05,3.61828872208671e-02,4.68696462178916e+02,sinkhorn_cellsim
6.138391e+02,67061,4.54638053339769e-05,3.61828891666931e-02,4.68696465473758e+02,sinkhorn_cellsim
6.140221e+02,67081,4.52544127461134e-05,3.61828910577569e-02,4.68696468767952e+02,sinkhorn_cellsim
6.142052e+02,67101,4.50479734477566e-05,3.61828928980243e-02,4.68696472061533e+02,sinkhorn_cellsim
6.143882e+02,67121,4.48444102863806e-05,3.61828946910728e-02,4.68696475354530e+02,sinkhorn_cellsim
6.145713e+02,67141,4.46436489225848e-05,3.61828964401325e-02,4.68696478646970e+02,sinkhorn_cellsim
6.147543e+02,67161,4.44456809851528e-05,3.61828981481231e-02,4.68696481938880e+02,sinkhorn_cellsim
6.149373e+02,67181,4.42505267445351e-05,3.61828998176866e-02,4.68696485230283e+02,sinkhorn_cellsim
6.151204e+02,67201,4.40583288095962e-05,3.61829014512165e-02,4.68696488521201e+02,sinkhorn_cellsim
6.153034e+02,67221,4.38690120188615e-05,3.61829030508830e-02,4.68696491811653e+02,sinkhorn_cellsim
6.154864e+02,67241,4.36825407083349e-05,3.61829046186561e-02,4.68696495101660e+02,sinkhorn_cellsim
6.156695e+02,67261,4.34987711101308e-05,3.61829061563269e-02,4.68696498391240e+02,sinkhorn_cellsim
6.158525e+02,67281,4.33176783596957e-05,3.61829076655248e-02,4.68696501680408e+02,sinkhorn_cellsim
6.160356e+02,67301,4.31392359265978e-05,3.61829091477339e-02,4.68696504969181e+02,sinkhorn_cellsim
6.162186e+02,67321,4.29634158317851e-05,3.61829106043085e-02,4.68696508257573e+02,sinkhorn_cellsim
6.164016e+02,67341,4.27901888620425e-05,3.61829120364844e-02,4.68696511545600e+02,sinkhorn_cellsim
6.165847e+02,67361,4.26195828530583e-05,3.61829134453922e-02,4.68696514833273e+02,sinkhorn_cellsim
6.167677e+02,67381,4.24516840593172e-05,3.61829148320667e-02,4.68696518120607e+02,sinkhorn_cellsim
6.169508e+02,67401,4.22863494810057e-05,3.61829161974563e-02,4.68696521407613e+02,sinkhorn_cellsim
6.171338e+02,67421,4.21237257910565e-05,3.61829175424323e-02,4.68696524694301e+02,sinkhorn_cellsim
6.173168e+02,67441,4.19635997453435e-05,3.61829188677948e-02,4.68696527980684e+02,sinkhorn_cellsim
6.174999e+02,67461,4.18058699584188e-05,3.61829201742809e-02,4.68696531266772e+02,sinkhorn_cellsim
6.176829e+02,67481,4.16506318458731e-05,3.61829214625700e-02,4.68696534552574e+02,sinkhorn_cellsim
6.178660e+02,67501,4.14979998181758e-05,3.61829227332891e-02,4.68696537838100e+02,sinkhorn_cellsim
6.180490e+02,67521,4.13478385096575e-05,3.61829239870187e-02,4.68696541123359e+02,sinkhorn_cellsim
6.182320e+02,67541,4.11999311687270e-05,3.61829252242960e-02,4.68696544408358e+02,sinkhorn_cellsim
6.184151e+02,67561,4.10544905773869e-05,3.61829264456196e-02,4.68696547693108e+02,sinkhorn_cellsim
6.185981e+02,67581,4.09113826094763e-05,3.61829276514526e-02,4.68696550977615e+02,sinkhorn_cellsim
6.187812e+02,67601,4.07706413059418e-05,3.61829288422267e-02,4.68696554261887e+02,sinkhorn_cellsim
6.189642e+02,67621,4.06321662067886e-05,3.61829300183442e-02,4.68696557545931e+02,sinkhorn_cellsim
6.191473e+02,67641,4.04958208941569e-05,3.61829311801808e-02,4.68696560829754e+02,sinkhorn_cellsim
6.193303e+02,67661,4.03618622405625e-05,3.61829323280884e-02,4.68696564113362e+02,sinkhorn_cellsim
6.195133e+02,67681,4.02300959240403e-05,3.61829334623967e-02,4.68696567396762e+02,sinkhorn_cellsim
6.196964e+02,67701,4.01003202352086e-05,3.61829345834155e-02,4.68696570679960e+02,sinkhorn_cellsim
6.198794e+02,67721,3.99726804254359e-05,3.61829356914369e-02,4.68696573962962e+02,sinkhorn_cellsim
6.200624e+02,67741,3.98472843555491e-05,3.61829367867357e-02,4.68696577245773e+02,sinkhorn_cellsim
6.202455e+02,67761,3.97240242565302e-05,3.61829378695717e-02,4.68696580528399e+02,sinkhorn_cellsim
6.204285e+02,67781,3.96028432200920e-05,3.61829389401906e-02,4.68696583810845e+02,sinkhorn_cellsim
6.206116e+02,67801,3.94837121096606e-05,3.61829399988259e-02,4.68696587093115e+02,sinkhorn_cellsim
6.207946e+02,67821,3.93668040645913e-05,3.61829410456990e-02,4.68696590375215e+02,sinkhorn_cellsim
6.209777e+02,67841,3.92521906018907e-05,3.61829420810205e-02,4.68696593657149e+02,sinkhorn_cellsim
6.211607e+02,67861,3.91394334459878e-05,3.61829431049916e-02,4.68696596938922e+02,sinkhorn_cellsim
6.213437e+02,67881,3.90284828300661e-05,3.61829441178040e-02,4.68696600220537e+02,sinkhorn_cellsim
6.215268e+02,67901,3.89192169611296e-05,3.61829451196414e-02,4.68696603502000e+02,sinkhorn_cellsim
6.217098e+02,67921,3.88116388158337e-05,3.61829461106801e-02,4.68696606783313e+02,sinkhorn_cellsim
6.218929e+02,67941,3.87058038704595e-05,3.61829470910883e-02,4.68696610064480e+02,sinkhorn_cellsim
6.220760e+02,67961,3.86016072716956e-05,3.61829480610286e-02,4.68696613345506e+02,sinkhorn_cellsim
6.222590e+02,67981,3.84993552645212e-05,3.61829490206578e-02,4.68696616626394e+02,sinkhorn_cellsim
6.224420e+02,68001,3.83992520404834e-05,3.61829499701261e-02,4.68696619907147e+02,sinkhorn_cellsim
6.226251e+02,68021,3.83014700926648e-05,3.61829509095791e-02,4.68696623187769e+02,sinkhorn_cellsim
6.228081e+02,68041,3.82058421973061e-05,3.61829518391577e-02,4.68696626468262e+02,sinkhorn_cellsim
6.229912e+02,68061,3.81120167067272e-05,3.61829527589981e-02,4.68696629748630e+02,sinkhorn_cellsim
6.231742e+02,68081,3.80196720815803e-05,3.61829536692320e-02,4.68696633028875e+02,sinkhorn_cellsim
6.233573e+02,68101,3.79288466004966e-05,3.61829545699882e-02,4.68696636309002e+02,sinkhorn_cellsim
6.235403e+02,68121,3.78399752444070e-05,3.61829554613907e-02,4.68696639589012e+02,sinkhorn_cellsim
6.237233e+02,68141,3.77526077493271e-05,3.61829563435606e-02,4.68696642868907e+02,sinkhorn_cellsim
6.239064e+02,68161,3.76667074825434e-05,3.61829572166163e-02,4.68696646148692e+02,sinkhorn_cellsim
6.240894e+02,68181,3.75821590126109e-05,3.61829580806722e-02,4.68696649428367e+02,sinkhorn_cellsim
6.242725e+02,68201,3.74989683208448e-05,3.61829589358405e-02,4.68696652707937e+02,sinkhorn_cellsim
6.244555e+02,68221,3.74170341647551e-05,3.61829597822309e-02,4.68696655987402e+02,sinkhorn_cellsim
6.246386e+02,68241,3.73362789279384e-05,3.61829606199498e-02,4.68696659266765e+02,sinkhorn_cellsim
6.248216e+02,68261,3.72566821335896e-05,3.61829614491022e-02,4.68696662546030e+02,sinkhorn_cellsim
6.250046e+02,68281,3.71782929734935e-05,3.61829622697900e-02,4.68696665825196e+02,sinkhorn_cellsim
6.251877e+02,68301,3.71011537003069e-05,3.61829630821135e-02,4.68696669104268e+02,sinkhorn_cellsim
6.253707e+02,68321,3.70252550316358e-05,3.61829638861708e-02,4.68696672383246e+02,sinkhorn_cellsim
6.255538e+02,68341,3.69507418615574e-05,3.61829646820580e-02,4.68696675662133e+02,sinkhorn_cellsim
6.257368e+02,68361,3.68774424125609e-05,3.61829654698693e-02,4.68696678940931e+02,sinkhorn_cellsim
6.259198e+02,68381,3.68053288518242e-05,3.61829662496973e-02,4.68696682219642e+02,sinkhorn_cellsim
6.261029e+02,68401,3.67343716894862e-05,3.61829670216331e-02,4.68696685498266e+02,sinkhorn_cellsim
6.262859e+02,68421,3.66647211365331e-05,3.61829677857656e-02,4.68696688776807e+02,sinkhorn_cellsim
6.264690e+02,68441,3.65961478716224e-05,3.61829685421829e-02,4.68696692055266e+02,sinkhorn_cellsim
6.266520e+02,68461,3.65285349126285e-05,3.61829692909708e-02,4.68696695333645e+02,sinkhorn_cellsim
6.268351e+02,68481,3.64618660366589e-05,3.61829700322141e-02,4.68696698611944e+02,sinkhorn_cellsim
6.270181e+02,68501,3.63962240817382e-05,3.61829707659962e-02,4.68696701890166e+02,sinkhorn_cellsim
6.272011e+02,68521,3.63315940693605e-05,3.61829714923993e-02,4.68696705168313e+02,sinkhorn_cellsim
6.273842e+02,68541,3.62682285148021e-05,3.61829722115041e-02,4.68696708446385e+02,sinkhorn_cellsim
6.275672e+02,68561,3.62057676215353e-05,3.61829729233900e-02,4.68696711724384e+02,sinkhorn_cellsim
6.277503e+02,68581,3.61441671330770e-05,3.61829736281354e-02,4.68696715002312e+02,sinkhorn_cellsim
6.279333e+02,68601,3.60834127165638e-05,3.61829743258175e-02,4.68696718280171e+02,sinkhorn_cellsim
6.281163e+02,68621,3.60234936871832e-05,3.61829750165119e-02,4.68696721557960e+02,sinkhorn_cellsim
6.282994e+02,68641,3.59644988902561e-05,3.61829757002941e-02,4.68696724835682e+02,sinkhorn_cellsim
6.284824e+02,68661,3.59071247477678e-05,3.61829763772374e-02,4.68696728113339e+02,sinkhorn_cellsim
6.286655e+02,68681,3.58508952808373e-05,3.61829770474149e-02,4.68696731390930e+02,sinkhorn_cellsim
6.288485e+02,68701,3.57956219911768e-05,3.61829777108984e-02,4.68696734668458e+02,sinkhorn_cellsim
6.290315e+02,68721,3.57412512833841e-05,3.61829783677584e-02,4.68696737945924e+02,sinkhorn_cellsim
6.292146e+02,68741,3.56876118072493e-05,3.61829790180649e-02,4.68696741223329e+02,sinkhorn_cellsim
6.293976e+02,68761,3.56346915828922e-05,3.61829796618868e-02,4.68696744500673e+02,sinkhorn_cellsim
6.295807e+02,68781,3.55825212339107e-05,3.61829802992920e-02,4.68696747777959e+02,sinkhorn_cellsim
6.297637e+02,68801,3.55314651270678e-05,3.61829809303475e-02,4.68696751055188e+02,sinkhorn_cellsim
6.299468e+02,68821,3.54812172535122e-05,3.61829815551196e-02,4.68696754332359e+02,sinkhorn_cellsim
6.301298e+02,68841,3.54317144442393e-05,3.61829821736737e-02,4.68696757609475e+02,sinkhorn_cellsim
6.303129e+02,68861,3.53829050834348e-05,3.61829827860741e-02,4.68696760886536e+02,sinkhorn_cellsim
6.304959e+02,68881,3.53348297203623e-05,3.61829833923845e-02,4.68696764163544e+02,sinkhorn_cellsim
6.306790e+02,68901,3.52875079539340e-05,3.61829839926679e-02,4.68696767440499e+02,sinkhorn_cellsim
6.308620e+02,68921,3.52408262858446e-05,3.61829845869862e-02,4.68696770717402e+02,sinkhorn_cellsim
6.310450e+02,68941,3.51948236805302e-05,3.61829851754010e-02,4.68696773994255e+02,sinkhorn_cellsim
6.312281e+02,68961,3.51494432831557e-05,3.61829857579726e-02,4.68696777271058e+02,sinkhorn_cellsim
6.314111e+02,68981,3.51046575966242e-05,3.61829863347607e-02,4.68696780547812e+02,sinkhorn_cellsim
6.315942e+02,69001,3.50604572454554e-05,3.61829869058245e-02,4.68696783824519e+02,sinkhorn_cellsim
6.317790e+02,69021,3.50168330461130e-05,3.61829874712226e-02,4.68696787101178e+02,sinkhorn_cellsim
6.319621e+02,69041,3.49737759862766e-05,3.61829880310123e-02,4.68696790377790e+02,sinkhorn_cellsim
6.321452e+02,69061,3.49314950095297e-05,3.61829885852507e-02,4.68696793654358e+02,sinkhorn_cellsim
6.323282e+02,69081,3.48899820946884e-05,3.61829891339940e-02,4.68696796930881e+02,sinkhorn_cellsim
6.325112e+02,69101,3.48491375649455e-05,3.61829896772980e-02,4.68696800207360e+02,sinkhorn_cellsim
6.326943e+02,69121,3.48089988406250e-05,3.61829902152178e-02,4.68696803483796e+02,sinkhorn_cellsim
6.328773e+02,69141,3.47696229415223e-05,3.61829907478071e-02,4.68696806760189e+02,sinkhorn_cellsim
6.330603e+02,69161,3.47311441133150e-05,3.61829912751203e-02,4.68696810036542e+02,sinkhorn_cellsim
6.332434e+02,69181,3.46939329421851e-05,3.61829917972100e-02,4.68696813312853e+02,sinkhorn_cellsim
6.334264e+02,69201,3.46576239631797e-05,3.61829923141288e-02,4.68696816589125e+02,sinkhorn_cellsim
6.336094e+02,69221,3.46223186076110e-05,3.61829928259287e-02,4.68696819865357e+02,sinkhorn_cellsim
6.337925e+02,69241,3.45875835824033e-05,3.61829933326607e-02,4.68696823141551e+02,sinkhorn_cellsim
6.339755e+02,69261,3.45532762708807e-05,3.61829938343758e-02,4.68696826417706e+02,sinkhorn_cellsim
6.341585e+02,69281,3.45206160058102e-05,3.61829943311238e-02,4.68696829693825e+02,sinkhorn_cellsim
6.343416e+02,69301,3.44892576910011e-05,3.61829948229543e-02,4.68696832969907e+02,sinkhorn_cellsim
6.345246e+02,69321,3.44584508804959e-05,3.61829953099165e-02,4.68696836245953e+02,sinkhorn_cellsim
6.347076e+02,69341,3.44284366215813e-05,3.61829957920587e-02,4.68696839521964e+02,sinkhorn_cellsim
6.348907e+02,69361,3.44007989830880e-05,3.61829962694288e-02,4.68696842797940e+02,sinkhorn_cellsim
6.350737e+02,69381,3.43747700192253e-05,3.61829967420741e-02,4.68696846073882e+02,sinkhorn_cellsim
6.352567e+02,69401,3.43496986203607e-05,3.61829972100417e-02,4.68696849349791e+02,sinkhorn_cellsim
6.354398e+02,69421,3.43258205193579e-05,3.61829976733776e-02,4.68696852625667e+02,sinkhorn_cellsim
6.356228e+02,69441,3.43035589108400e-05,3.61829981321280e-02,4.68696855901510e+02,sinkhorn_cellsim
6.358058e+02,69461,3.42841002384064e-05,3.61829985863378e-02,4.68696859177322e+02,sinkhorn_cellsim
6.359889e+02,69481,3.42659612855178e-05,3.61829990360522e-02,4.68696862453103e+02,sinkhorn_cellsim
6.361719e+02,69501,3.42490279376453e-05,3.61829994813155e-02,4.68696865728853e+02,sinkhorn_cellsim
6.363549e+02,69521,3.42335358625409e-05,3.61829999221715e-02,4.68696869004574e+02,sinkhorn_cellsim
6.365380e+02,69541,3.42191613995776e-05,3.61830003586635e-02,4.68696872280265e+02,sinkhorn_cellsim
6.367210e+02,69561,3.42061081054698e-05,3.61830007908348e-02,4.68696875555927e+02,sinkhorn_cellsim
6.369041e+02,69581,3.41945843965134e-05,3.61830012187275e-02,4.68696878831560e+02,sinkhorn_cellsim
6.370871e+02,69601,3.41840844562743e-05,3.61830016423838e-02,4.68696882107166e+02,sinkhorn_cellsim
6.372701e+02,69621,3.41737189551577e-05,3.61830020618453e-02,4.68696885382744e+02,sinkhorn_cellsim
6.374532e+02,69641,3.41639058462572e-05,3.61830024771530e-02,4.68696888658296e+02,sinkhorn_cellsim
6.376362e+02,69661,3.41546418561226e-05,3.61830028883480e-02,4.68696891933821e+02,sinkhorn_cellsim
6.378193e+02,69681,3.41457426887915e-05,3.61830032954704e-02,4.68696895209320e+02,sinkhorn_cellsim
6.380023e+02,69701,3.41378424348149e-05,3.61830036985599e-02,4.68696898484793e+02,sinkhorn_cellsim
6.381853e+02,69721,3.41318124044791e-05,3.61830040976561e-02,4.68696901760242e+02,sinkhorn_cellsim
6.383684e+02,69741,3.41263364488509e-05,3.61830044927982e-02,4.68696905035666e+02,sinkhorn_cellsim
6.385514e+02,69761,3.41209065225072e-05,3.61830048840244e-02,4.68696908311065e+02,sinkhorn_cellsim
6.387345e+02,69781,3.41157114234907e-05,3.61830052713737e-02,4.68696911586441e+02,sinkhorn_cellsim
6.389175e+02,69801,3.41109449009881e-05,3.61830056548832e-02,4.68696914861794e+02,sinkhorn_cellsim
6.391005e+02,69821,3.41063891210822e-05,3.61830060345908e-02,4.68696918137124e+02,sinkhorn_cellsim
6.392836e+02,69841,3.41018716092687e-05,3.61830064105337e-02,4.68696921412431e+02,sinkhorn_cellsim
6.394666e+02,69861,3.40974719805980e-05,3.61830067827481e-02,4.68696924687717e+02,sinkhorn_cellsim
6.396496e+02,69881,3.40934961009075e-05,3.61830071512710e-02,4.68696927962980e+02,sinkhorn_cellsim
6.398327e+02,69901,3.40896474850395e-05,3.61830075161381e-02,4.68696931238223e+02,sinkhorn_cellsim
6.400157e+02,69921,3.40862589720722e-05,3.61830078773850e-02,4.68696934513444e+02,sinkhorn_cellsim
6.401988e+02,69941,3.40835711635019e-05,3.61830082350470e-02,4.68696937788646e+02,sinkhorn_cellsim
6.403818e+02,69961,3.40824054363630e-05,3.61830085891591e-02,4.68696941063827e+02,sinkhorn_cellsim
6.405648e+02,69981,3.40812849685959e-05,3.61830089397558e-02,4.68696944338988e+02,sinkhorn_cellsim
6.407479e+02,70001,3.40802537858967e-05,3.61830092868715e-02,4.68696947614129e+02,sinkhorn_cellsim
6.409309e+02,70021,3.40793306075458e-05,3.61830096305402e-02,4.68696950889252e+02,sinkhorn_cellsim
6.411139e+02,70041,3.40787936629308e-05,3.61830099707954e-02,4.68696954164356e+02,sinkhorn_cellsim
6.412970e+02,70061,3.40783552156481e-05,3.61830103076704e-02,4.68696957439442e+02,sinkhorn_cellsim
6.414800e+02,70081,3.40779189236453e-05,3.61830106411982e-02,4.68696960714509e+02,sinkhorn_cellsim
6.416630e+02,70101,3.40774847664137e-05,3.61830109714119e-02,4.68696963989559e+02,sinkhorn_cellsim
6.418461e+02,70121,3.40770527138893e-05,3.61830112983435e-02,4.68696967264591e+02,sinkhorn_cellsim
6.420291e+02,70141,3.40766227328410e-05,3.61830116220254e-02,4.68696970539606e+02,sinkhorn_cellsim
6.422121e+02,70161,3.40761947820620e-05,3.61830119424896e-02,4.68696973814603e+02,sinkhorn_cellsim
6.423952e+02,70181,3.40757688089076e-05,3.61830122597676e-02,4.68696977089585e+02,sinkhorn_cellsim
6.425782e+02,70201,3.40753447499793e-05,3.61830125738911e-02,4.68696980364550e+02,sinkhorn_cellsim
6.427613e+02,70221,3.40749225291223e-05,3.61830128848913e-02,4.68696983639498e+02,sinkhorn_cellsim
6.429443e+02,70241,3.40745020527685e-05,3.61830131927995e-02,4.68696986914431e+02,sinkhorn_cellsim
6.431273e+02,70261,3.40740832074904e-05,3.61830134976464e-02,4.68696990189347e+02,sinkhorn_cellsim
6.433104e+02,70281,3.40736658562619e-05,3.61830137994631e-02,4.68696993464248e+02,sinkhorn_cellsim
6.434934e+02,70301,3.40732498362556e-05,3.61830140982807e-02,4.68696996739134e+02,sinkhorn_cellsim
6.436764e+02,70321,3.40728349417308e-05,3.61830143941295e-02,4.68697000014003e+02,sinkhorn_cellsim
6.438595e+02,70341,3.40724209315994e-05,3.61830146870409e-02,4.68697003288858e+02,sinkhorn_cellsim
6.440425e+02,70361,3.40720075144706e-05,3.61830149770460e-02,4.68697006563697e+02,sinkhorn_cellsim
6.442255e+02,70381,3.40715943310130e-05,3.61830152641756e-02,4.68697009838520e+02,sinkhorn_cellsim
6.444086e+02,70401,3.40711809569772e-05,3.61830155484619e-02,4.68697013113327e+02,sinkhorn_cellsim
6.445916e+02,70421,3.40707668694228e-05,3.61830158299366e-02,4.68697016388119e+02,sinkhorn_cellsim
6.447747e+02,70441,3.40703514423463e-05,3.61830161086329e-02,4.68697019662894e+02,sinkhorn_cellsim
6.449577e+02,70461,3.40699339174627e-05,3.61830163845842e-02,4.68697022937652e+02,sinkhorn_cellsim
6.451407e+02,70481,3.40695133789793e-05,3.61830166578247e-02,4.68697026212392e+02,sinkhorn_cellsim
6.453238e+02,70501,3.40690887183818e-05,3.61830169283912e-02,4.68697029487114e+02,sinkhorn_cellsim
6.455068e+02,70521,3.40686585942407e-05,3.61830171963207e-02,4.68697032761816e+02,sinkhorn_cellsim
6.456898e+02,70541,3.40682213885649e-05,3.61830174616531e-02,4.68697036036497e+02,sinkhorn_cellsim
6.458729e+02,70561,3.40677751449367e-05,3.61830177244309e-02,4.68697039311156e+02,sinkhorn_cellsim
6.460559e+02,70581,3.40673174940695e-05,3.61830179846991e-02,4.68697042585789e+02,sinkhorn_cellsim
6.462390e+02,70601,3.40668455767094e-05,3.61830182425074e-02,4.68697045860395e+02,sinkhorn_cellsim
6.464220e+02,70621,3.40663559338454e-05,3.61830184979097e-02,4.68697049134971e+02,sinkhorn_cellsim
6.466051e+02,70641,3.40658443816843e-05,3.61830187509658e-02,4.68697052409511e+02,sinkhorn_cellsim
6.467881e+02,70661,3.40653058610337e-05,3.61830190017426e-02,4.68697055684012e+02,sinkhorn_cellsim
6.469711e+02,70681,3.40647342631454e-05,3.61830192503160e-02,4.68697058958468e+02,sinkhorn_cellsim
6.471542e+02,70701,3.40641221924819e-05,3.61830194967710e-02,4.68697062232871e+02,sinkhorn_cellsim
6.473372e+02,70721,3.40634607114005e-05,3.61830197412068e-02,4.68697065507212e+02,sinkhorn_cellsim
6.475203e+02,70741,3.40627390144650e-05,3.61830199837367e-02,4.68697068781481e+02,sinkhorn_cellsim
6.477033e+02,70761,3.40619440384178e-05,3.61830202244935e-02,4.68697072055665e+02,sinkhorn_cellsim
6.478863e+02,70781,3.40610599877871e-05,3.61830204636322e-02,4.68697075329748e+02,sinkhorn_cellsim
6.480694e+02,70801,3.40600677673264e-05,3.61830207013343e-02,4.68697078603712e+02,sinkhorn_cellsim
6.482524e+02,70821,3.40589442930022e-05,3.61830209378157e-02,4.68697081877534e+02,sinkhorn_cellsim
6.484355e+02,70841,3.40576616621787e-05,3.61830211733314e-02,4.68697085151185e+02,sinkhorn_cellsim
6.486185e+02,70861,3.40561861456488e-05,3.61830214081843e-02,4.68697088424632e+02,sinkhorn_cellsim
6.488015e+02,70881,3.40544769779312e-05,3.61830216427366e-02,4.68697091697835e+02,sinkhorn_cellsim
6.489846e+02,70901,3.40524848963351e-05,3.61830218774204e-02,4.68697094970743e+02,sinkhorn_cellsim
6.491676e+02,70921,3.40501503696543e-05,3.61830221127533e-02,4.68697098243299e+02,sinkhorn_cellsim
6.493506e+02,70941,3.40474014858201e-05,3.61830223493556e-02,4.68697101515429e+02,sinkhorn_cellsim
6.495337e+02,70961,3.40441513747570e-05,3.61830225879721e-02,4.68697104787047e+02,sinkhorn_cellsim
6.497167e+02,70981,3.40402951375194e-05,3.61830228294970e-02,4.68697108058048e+02,sinkhorn_cellsim
6.498997e+02,71001,3.40357061394381e-05,3.61830230750056e-02,4.68697111328304e+02,sinkhorn_cellsim
6.500828e+02,71021,3.40302315545560e-05,3.61830233257908e-02,4.68697114597663e+02,sinkhorn_cellsim
6.502658e+02,71041,3.40236870373709e-05,3.61830235834067e-02,4.68697117865939e+02,sinkhorn_cellsim
6.504488e+02,71061,3.40158503402320e-05,3.61830238497227e-02,4.68697121132909e+02,sinkhorn_cellsim
6.506319e+02,71081,3.40064536873960e-05,3.61830241269864e-02,4.68697124398303e+02,sinkhorn_cellsim
6.508149e+02,71101,3.39951747038571e-05,3.61830244178978e-02,4.68697127661796e+02,sinkhorn_cellsim
6.509980e+02,71121,3.39816256525509e-05,3.61830247256999e-02,4.68697130922997e+02,sinkhorn_cellsim
6.511810e+02,71141,3.39653407124959e-05,3.61830250542820e-02,4.68697134181436e+02,sinkhorn_cellsim
6.513640e+02,71161,3.39468718935398e-05,3.61830254083040e-02,4.68697137436544e+02,sinkhorn_cellsim
6.515471e+02,71181,3.39260332444259e-05,3.61830257933390e-02,4.68697140687643e+02,sinkhorn_cellsim
6.517301e+02,71201,3.39059094907730e-05,3.61830262160390e-02,4.68697143933917e+02,sinkhorn_cellsim
6.519132e+02,71221,3.38862424981668e-05,3.61830266843239e-02,4.68697147174389e+02,sinkhorn_cellsim
6.520962e+02,71241,3.38647973286261e-05,3.61830272075931e-02,4.68697150407893e+02,sinkhorn_cellsim
6.522792e+02,71261,3.38401913564447e-05,3.61830277969590e-02,4.68697153633039e+02,sinkhorn_cellsim
6.524623e+02,71281,3.38123135880359e-05,3.61830284654975e-02,4.68697156848178e+02,sinkhorn_cellsim
6.526453e+02,71301,3.37789558186284e-05,3.61830292285064e-02,4.68697160051358e+02,sinkhorn_cellsim
6.528284e+02,71321,3.37392604782386e-05,3.61830301037558e-02,4.68697163240279e+02,sinkhorn_cellsim
6.530114e+02,71341,3.36966367487617e-05,3.61830311117087e-02,4.68697166412248e+02,sinkhorn_cellsim
6.531944e+02,71361,3.36485072779953e-05,3.61830322756749e-02,4.68697169564133e+02,sinkhorn_cellsim
6.533775e+02,71381,3.35979216284929e-05,3.61830336218549e-02,4.68697172692318e+02,sinkhorn_cellsim
6.535605e+02,71401,3.35432268783588e-05,3.61830351792059e-02,4.68697175792673e+02,sinkhorn_cellsim
6.537436e+02,71421,3.34797072833931e-05,3.61830369790571e-02,4.68697178860529e+02,sinkhorn_cellsim
6.539266e+02,71441,3.34073086787197e-05,3.61830390543823e-02,4.68697181890693e+02,sinkhorn_cellsim
6.541096e+02,71461,3.33393010497355e-05,3.61830414386377e-02,4.68697184877481e+02,sinkhorn_cellsim
6.542927e+02,71481,3.32701292506968e-05,3.61830441640886e-02,4.68697187814809e+02,sinkhorn_cellsim
6.544757e+02,71501,3.31958365029434e-05,3.61830472595826e-02,4.68697190696330e+02,sinkhorn_cellsim
6.546588e+02,71521,3.31092958462690e-05,3.61830507478071e-02,4.68697193515643e+02,sinkhorn_cellsim
6.548418e+02,71541,3.30145375875748e-05,3.61830546421767e-02,4.68697196266559e+02,sinkhorn_cellsim
6.550249e+02,71561,3.29117207606983e-05,3.61830589436392e-02,4.68697198943425e+02,sinkhorn_cellsim
6.552079e+02,71581,3.28053423853216e-05,3.61830636378348e-02,4.68697201541485e+02,sinkhorn_cellsim
6.553909e+02,71601,3.26965679184609e-05,3.61830686931559e-02,4.68697204057237e+02,sinkhorn_cellsim
6.555740e+02,71621,3.26099001771930e-05,3.61830740602608e-02,4.68697206488740e+02,sinkhorn_cellsim
6.557570e+02,71641,3.25208049921658e-05,3.61830796734730e-02,4.68697208835842e+02,sinkhorn_cellsim
6.559400e+02,71661,3.24270085884984e-05,3.61830854542095e-02,4.68697211100256e+02,sinkhorn_cellsim
6.561231e+02,71681,3.23298525729748e-05,3.61830913161857e-02,4.68697213285489e+02,sinkhorn_cellsim
6.563061e+02,71701,3.22290969396592e-05,3.61830971717452e-02,4.68697215396616e+02,sinkhorn_cellsim
6.564891e+02,71721,3.21253739299099e-05,3.61831029383833e-02,4.68697217439920e+02,sinkhorn_cellsim
6.566722e+02,71741,3.20169552630611e-05,3.61831085444755e-02,4.68697219422472e+02,sinkhorn_cellsim
6.568552e+02,71761,3.19012880903568e-05,3.61831139334156e-02,4.68697221351688e+02,sinkhorn_cellsim
6.570383e+02,71781,3.17794409804283e-05,3.61831190657322e-02,4.68697223234928e+02,sinkhorn_cellsim
6.572213e+02,71801,3.16533738400568e-05,3.61831239191823e-02,4.68697225079178e+02,sinkhorn_cellsim
6.574043e+02,71821,3.15347358455137e-05,3.61831284871591e-02,4.68697226890819e+02,sinkhorn_cellsim
6.575874e+02,71841,3.14213916867223e-05,3.61831327759764e-02,4.68697228675505e+02,sinkhorn_cellsim
6.577704e+02,71861,3.13033082670046e-05,3.61831368016167e-02,4.68697230438116e+02,sinkhorn_cellsim
6.579534e+02,71881,3.11811592118357e-05,3.61831405864562e-02,4.68697232182770e+02,sinkhorn_cellsim
6.581365e+02,71901,3.10627477911102e-05,3.61831441563327e-02,4.68697233912887e+02,sinkhorn_cellsim
6.583195e+02,71921,3.09433422650089e-05,3.61831475381589e-02,4.68697235631266e+02,sinkhorn_cellsim
6.585025e+02,71941,3.08202673605954e-05,3.61831507581470e-02,4.68697237340173e+02,sinkhorn_cellsim
6.586856e+02,71961,3.06941179053238e-05,3.61831538406140e-02,4.68697239041429e+02,sinkhorn_cellsim
6.588686e+02,71981,3.05682605121664e-05,3.61831568072856e-02,4.68697240736488e+02,sinkhorn_cellsim
6.590517e+02,72001,3.04390137456247e-05,3.61831596769856e-02,4.68697242426505e+02,sinkhorn_cellsim
6.592347e+02,72021,3.03065530260507e-05,3.61831624656090e-02,4.68697244112398e+02,sinkhorn_cellsim
6.594178e+02,72041,3.01725372488987e-05,3.61831651862788e-02,4.68697245794892e+02,sinkhorn_cellsim
6.596008e+02,72061,3.00397432525661e-05,3.61831678496166e-02,4.68697247474561e+02,sinkhorn_cellsim
6.597838e+02,72081,2.99050017579802e-05,3.61831704640632e-02,4.68697249151856e+02,sinkhorn_cellsim
6.599669e+02,72101,2.97690016059174e-05,3.61831730362158e-02,4.68697250827134e+02,sinkhorn_cellsim
6.601499e+02,72121,2.96320511257710e-05,3.61831755711522e-02,4.68697252500673e+02,sinkhorn_cellsim
6.603329e+02,72141,2.94943290229616e-05,3.61831780727279e-02,4.68697254172688e+02,sinkhorn_cellsim
6.605160e+02,72161,2.93561928724269e-05,3.61831805438407e-02,4.68697255843342e+02,sinkhorn_cellsim
6.606990e+02,72181,2.92176294617495e-05,3.61831829866565e-02,4.68697257512758e+02,sinkhorn_cellsim
6.608821e+02,72201,2.90816339267889e-05,3.61831854028036e-02,4.68697259181019e+02,sinkhorn_cellsim
6.610651e+02,72221,2.89475512561505e-05,3.61831877935318e-02,4.68697260848177e+02,sinkhorn_cellsim
6.612482e+02,72241,2.88141712784811e-05,3.61831901598466e-02,4.68697262514254e+02,sinkhorn_cellsim
6.614312e+02,72261,2.86825130250888e-05,3.61831925026207e-02,4.68697264179245e+02,sinkhorn_cellsim
6.616142e+02,72281,2.85510457073961e-05,3.61831948226849e-02,4.68697265843116e+02,sinkhorn_cellsim
6.617973e+02,72301,2.84202775183671e-05,3.61831971209085e-02,4.68697267505803e+02,sinkhorn_cellsim
6.619803e+02,72321,2.82910635846282e-05,3.61831993982679e-02,4.68697269167212e+02,sinkhorn_cellsim
6.621634e+02,72341,2.81637494592963e-05,3.61832016559100e-02,4.68697270827213e+02,sinkhorn_cellsim
6.623464e+02,72361,2.80378848322213e-05,3.61832038952146e-02,4.68697272485638e+02,sinkhorn_cellsim
6.625294e+02,72381,2.79141437359612e-05,3.61832061178544e-02,4.68697274142274e+02,sinkhorn_cellsim
6.627125e+02,72401,2.77911581793040e-05,3.61832083258636e-02,4.68697275796853e+02,sinkhorn_cellsim
6.628955e+02,72421,2.76686480368325e-05,3.61832105217088e-02,4.68697277449047e+02,sinkhorn_cellsim
6.630786e+02,72441,2.75469728924198e-05,3.61832127083733e-02,4.68697279098454e+02,sinkhorn_cellsim
6.632616e+02,72461,2.74257705894625e-05,3.61832148894518e-02,4.68697280744586e+02,sinkhorn_cellsim
6.634446e+02,72481,2.73052903060172e-05,3.61832170692613e-02,4.68697282386851e+02,sinkhorn_cellsim
6.636277e+02,72501,2.71861256566919e-05,3.61832192529715e-02,4.68697284024536e+02,sinkhorn_cellsim
6.638107e+02,72521,2.70678252641352e-05,3.61832214467534e-02,4.68697285656781e+02,sinkhorn_cellsim
6.639938e+02,72541,2.69513023368319e-05,3.61832236579540e-02,4.68697287282559e+02,sinkhorn_cellsim
6.641768e+02,72561,2.68358533150761e-05,3.61832258952941e-02,4.68697288900639e+02,sinkhorn_cellsim
6.643598e+02,72581,2.67214510637752e-05,3.61832281690919e-02,4.68697290509556e+02,sinkhorn_cellsim
6.645429e+02,72601,2.66078995145788e-05,3.61832304915105e-02,4.68697292107571e+02,sinkhorn_cellsim
6.647259e+02,72621,2.64951894579687e-05,3.61832328768251e-02,4.68697293692626e+02,sinkhorn_cellsim
6.649090e+02,72641,2.63831719173199e-05,3.61832353417018e-02,4.68697295262304e+02,sinkhorn_cellsim
6.650920e+02,72661,2.62716891370106e-05,3.61832379054725e-02,4.68697296813774e+02,sinkhorn_cellsim
6.652750e+02,72681,2.61606592195041e-05,3.61832405903840e-02,4.68697298343753e+02,sinkhorn_cellsim
6.654581e+02,72701,2.60500438058273e-05,3.61832434217902e-02,4.68697299848455e+02,sinkhorn_cellsim
6.656411e+02,72721,2.59401196502917e-05,3.61832464282368e-02,4.68697301323568e+02,sinkhorn_cellsim
6.658242e+02,72741,2.58305245366524e-05,3.61832496413839e-02,4.68697302764231e+02,sinkhorn_cellsim
6.660072e+02,72761,2.57211393024977e-05,3.61832530956872e-02,4.68697304165052e+02,sinkhorn_cellsim
6.661902e+02,72781,2.56119999291900e-05,3.61832568277526e-02,4.68697305520152e+02,sinkhorn_cellsim
6.663733e+02,72801,2.55028969512306e-05,3.61832608752735e-02,4.68697306823265e+02,sinkhorn_cellsim
6.665563e+02,72821,2.53938764680216e-05,3.61832652754708e-02,4.68697308067890e+02,sinkhorn_cellsim
6.667393e+02,72841,2.52848838346364e-05,3.61832700629896e-02,4.68697309247519e+02,sinkhorn_cellsim
6.669224e+02,72861,2.51755072111318e-05,3.61832752672706e-02,4.68697310355922e+02,sinkhorn_cellsim
6.671054e+02,72881,2.50657643934779e-05,3.61832809095115e-02,4.68697311387494e+02,sinkhorn_cellsim
6.672884e+02,72901,2.49553798194079e-05,3.61832869994609e-02,4.68697312337636e+02,sinkhorn_cellsim
6.674715e+02,72921,2.48441421793617e-05,3.61832935324129e-02,4.68697313203132e+02,sinkhorn_cellsim
6.676545e+02,72941,2.47317402680228e-05,3.61833004868823e-02,4.68697313982468e+02,sinkhorn_cellsim
6.678376e+02,72961,2.46179686730452e-05,3.61833078234600e-02,4.68697314676055e+02,sinkhorn_cellsim
6.680206e+02,72981,2.45025553202898e-05,3.61833154852740e-02,4.68697315286295e+02,sinkhorn_cellsim
6.682037e+02,73001,2.43852308419474e-05,3.61833234002670e-02,4.68697315817476e+02,sinkhorn_cellsim
6.683867e+02,73021,2.42657702622456e-05,3.61833314851895e-02,4.68697316275499e+02,sinkhorn_cellsim
6.685698e+02,73041,2.41439638393551e-05,3.61833396508870e-02,4.68697316667470e+02,sinkhorn_cellsim
6.687528e+02,73061,2.40196361538190e-05,3.61833478081796e-02,4.68697317001214e+02,sinkhorn_cellsim
6.689358e+02,73081,2.38926357337761e-05,3.61833558735357e-02,4.68697317284787e+02,sinkhorn_cellsim
6.691189e+02,73101,2.37628300884499e-05,3.61833637738025e-02,4.68697317526035e+02,sinkhorn_cellsim
6.693019e+02,73121,2.36302804629642e-05,3.61833714494858e-02,4.68697317732255e+02,sinkhorn_cellsim
6.694850e+02,73141,2.34948541544911e-05,3.61833788563743e-02,4.68697317909968e+02,sinkhorn_cellsim
6.696680e+02,73161,2.33570520043334e-05,3.61833859655988e-02,4.68697318064805e+02,sinkhorn_cellsim
6.698510e+02,73181,2.32181677798258e-05,3.61833927624291e-02,4.68697318201487e+02,sinkhorn_cellsim
6.700341e+02,73201,2.30774601988557e-05,3.61833992442221e-02,4.68697318323873e+02,sinkhorn_cellsim
6.702171e+02,73221,2.29346927792692e-05,3.61834054179413e-02,4.68697318435052e+02,sinkhorn_cellsim
6.704003e+02,73241,2.27913948397897e-05,3.61834112976055e-02,4.68697318537454e+02,sinkhorn_cellsim
6.705833e+02,73261,2.26457982677968e-05,3.61834169019218e-02,4.68697318632963e+02,sinkhorn_cellsim
6.707664e+02,73281,2.24979971250683e-05,3.61834222522582e-02,4.68697318723025e+02,sinkhorn_cellsim
6.709494e+02,73301,2.23480237278472e-05,3.61834273710236e-02,4.68697318808739e+02,sinkhorn_cellsim
6.711325e+02,73321,2.21959895069794e-05,3.61834322804544e-02,4.68697318890938e+02,sinkhorn_cellsim
6.713155e+02,73341,2.20427639158360e-05,3.61834370017706e-02,4.68697318970251e+02,sinkhorn_cellsim
6.714985e+02,73361,2.18885711889679e-05,3.61834415546386e-02,4.68697319047154e+02,sinkhorn_cellsim
6.716816e+02,73381,2.17330864394636e-05,3.61834459568811e-02,4.68697319122008e+02,sinkhorn_cellsim
6.718646e+02,73401,2.15766990179709e-05,3.61834502243653e-02,4.68697319195090e+02,sinkhorn_cellsim
6.720476e+02,73421,2.14195155016619e-05,3.61834543710191e-02,4.68697319266613e+02,sinkhorn_cellsim
6.722307e+02,73441,2.12613607315627e-05,3.61834584089312e-02,4.68697319336743e+02,sinkhorn_cellsim
6.724137e+02,73461,2.11025983666897e-05,3.61834623485003e-02,4.68697319405611e+02,sinkhorn_cellsim
6.725968e+02,73481,2.09430979774500e-05,3.61834661986093e-02,4.68697319473324e+02,sinkhorn_cellsim
6.727798e+02,73501,2.07830304716395e-05,3.61834699668064e-02,4.68697319539969e+02,sinkhorn_cellsim
6.729629e+02,73521,2.06227387015857e-05,3.61834736594825e-02,4.68697319605617e+02,sinkhorn_cellsim
6.731459e+02,73541,2.04623942724758e-05,3.61834772820369e-02,4.68697319670330e+02,sinkhorn_cellsim
6.733289e+02,73561,2.03025136507818e-05,3.61834808390287e-02,4.68697319734161e+02,sinkhorn_cellsim
6.735120e+02,73581,2.01423867128959e-05,3.61834843343087e-02,4.68697319797156e+02,sinkhorn_cellsim
6.736950e+02,73601,1.99825486272090e-05,3.61834877711384e-02,4.68697319859356e+02,sinkhorn_cellsim
6.738781e+02,73621,1.98227684680564e-05,3.61834911522893e-02,4.68697319920798e+02,sinkhorn_cellsim
6.740611e+02,73641,1.96628603851684e-05,3.61834944801282e-02,4.68697319981516e+02,sinkhorn_cellsim
6.742441e+02,73661,1.95033362085677e-05,3.61834977566899e-02,4.68697320041539e+02,sinkhorn_cellsim
6.744272e+02,73681,1.93445151934838e-05,3.61835009837377e-02,4.68697320100896e+02,sinkhorn_cellsim
6.746102e+02,73701,1.91865491958502e-05,3.61835041628116e-02,4.68697320159614e+02,sinkhorn_cellsim
6.747933e+02,73721,1.90294849843505e-05,3.61835072952721e-02,4.68697320217717e+02,sinkhorn_cellsim
6.749763e+02,73741,1.88737926515619e-05,3.61835103823320e-02,4.68697320275227e+02,sinkhorn_cellsim
6.751593e+02,73761,1.87189572553788e-05,3.61835134250848e-02,4.68697320332166e+02,sinkhorn_cellsim
6.753424e+02,73781,1.85646818723889e-05,3.61835164245275e-02,4.68697320388554e+02,sinkhorn_cellsim
6.755254e+02,73801,1.84106204643904e-05,3.61835193815780e-02,4.68697320444411e+02,sinkhorn_cellsim
6.757085e+02,73821,1.82570614042094e-05,3.61835222970902e-02,4.68697320499755e+02,sinkhorn_cellsim
6.758915e+02,73841,1.81046917865594e-05,3.61835251718654e-02,4.68697320554602e+02,sinkhorn_cellsim
6.760745e+02,73861,1.79539481670863e-05,3.61835280066626e-02,4.68697320608970e+02,sinkhorn_cellsim
6.762576e+02,73881,1.78043177366137e-05,3.61835308022044e-02,4.68697320662874e+02,sinkhorn_cellsim
6.764406e+02,73901,1.76559334189620e-05,3.61835335591843e-02,4.68697320716328e+02,sinkhorn_cellsim
6.766237e+02,73921,1.75092973211902e-05,3.61835362782706e-02,4.68697320769348e+02,sinkhorn_cellsim
6.768067e+02,73941,1.73633227920005e-05,3.61835389601104e-02,4.68697320821946e+02,sinkhorn_cellsim
6.769898e+02,73961,1.72188980960165e-05,3.61835416053323e-02,4.68697320874135e+02,sinkhorn_cellsim
6.771728e+02,73981,1.70754479971816e-05,3.61835442145491e-02,4.68697320925928e+02,sinkhorn_cellsim
6.773558e+02,74001,1.69330719188417e-05,3.61835467883585e-02,4.68697320977337e+02,sinkhorn_cellsim
6.775389e+02,74021,1.67916812157198e-05,3.61835493273455e-02,4.68697321028374e+02,sinkhorn_cellsim
6.777219e+02,74041,1.66514518757116e-05,3.61835518320827e-02,4.68697321079048e+02,sinkhorn_cellsim
c_index=0.0,Sw=0.036183551832082675,Smin=0.036183551832082675,Smax=0.036183551832082675,Nw=73,pairs=190
