time(s),iter,infeas,ot_objective,dual
2.492400e-04,1,9.42973220863768e-01,1.28941884754798e-37,-4.82086705318854e+00,sinkhorn_cellsim
1.032660e-02,21,9.40162577893139e-01,4.35096094903154e-05,7.59521823106410e+01,sinkhorn_cellsim
2.027629e-02,41,9.10566267134836e-01,1.32508715619343e-03,1.46084393214562e+02,sinkhorn_cellsim
3.023545e-02,61,8.61440573825164e-01,3.65819369305277e-03,1.92799987464394e+02,sinkhorn_cellsim
4.019780e-02,81,8.44721150532474e-01,4.88180099838164e-03,2.25107637063498e+02,sinkhorn_cellsim
5.016861e-02,101,8.30843951797593e-01,5.49018250497726e-03,2.53618319167898e+02,sinkhorn_cellsim
6.012772e-02,121,8.13664091141434e-01,6.04322351158456e-03,2.79728109155122e+02,sinkhorn_cellsim
7.009875e-02,141,8.06483857072394e-01,6.33608860245938e-03,3.04692422665575e+02,sinkhorn_cellsim
8.006792e-02,161,7.98195672341526e-01,6.74152048779352e-03,3.28499417193290e+02,sinkhorn_cellsim
9.003925e-02,181,7.83198210683252e-01,7.28753516739788e-03,3.51258693881618e+02,sinkhorn_cellsim
1.000008e-01,201,7.63146009397019e-01,7.79967786302814e-03,3.73145350942926e+02,sinkhorn_cellsim
1.099710e-01,221,7.47975469008616e-01,8.25315135767955e-03,3.94033902554548e+02,sinkhorn_cellsim
1.199335e-01,241,7.28541978290525e-01,8.86417711542452e-03,4.13988563710577e+02,sinkhorn_cellsim
1.298971e-01,261,7.07843559539762e-01,9.37565926071794e-03,4.33081445807249e+02,sinkhorn_cellsim
1.398555e-01,281,6.95090594362771e-01,9.81588467917994e-03,4.51330445535600e+02,sinkhorn_cellsim
1.498008e-01,301,6.81558324136285e-01,1.01549392676446e-02,4.68969051949276e+02,sinkhorn_cellsim
1.597428e-01,321,6.64424592374423e-01,1.06861342835946e-02,4.85963606141288e+02,sinkhorn_cellsim
1.696883e-01,341,6.46567111147607e-01,1.11804009254329e-02,5.02017121650951e+02,sinkhorn_cellsim
1.796389e-01,361,6.39925887233455e-01,1.14824595313706e-02,5.17575797300562e+02,sinkhorn_cellsim
1.895897e-01,381,6.28336853123608e-01,1.19075789304301e-02,5.32731295405435e+02,sinkhorn_cellsim
1.995558e-01,401,6.19404237739732e-01,1.22304831982096e-02,5.47381418595991e+02,sinkhorn_cellsim
2.095215e-01,421,6.06742974000139e-01,1.25837837171442e-02,5.61616498640989e+02,sinkhorn_cellsim
2.194826e-01,441,5.92253848432903e-01,1.30722489306373e-02,5.75468790982573e+02,sinkhorn_cellsim
2.294473e-01,461,5.86321499170425e-01,1.33978156930472e-02,5.88909817340242e+02,sinkhorn_cellsim
2.394176e-01,481,5.74400714367429e-01,1.37226294789560e-02,6.02013750262344e+02,sinkhorn_cellsim
2.493867e-01,501,5.64237462310444e-01,1.40331153110193e-02,6.14819310461568e+02,sinkhorn_cellsim
2.593540e-01,521,5.59381040558798e-01,1.44386908056579e-02,6.27251349970126e+02,sinkhorn_cellsim
2.693136e-01,541,5.53529241352257e-01,1.46877608578819e-02,6.39362809385182e+02,sinkhorn_cellsim
2.792900e-01,561,5.50487215138230e-01,1.49336873986122e-02,6.51202122183198e+02,sinkhorn_cellsim
2.892624e-01,581,5.46686848788504e-01,1.50958777992006e-02,6.62839019368963e+02,sinkhorn_cellsim
2.992357e-01,601,5.45414289867685e-01,1.52683899393041e-02,6.74317822793356e+02,sinkhorn_cellsim
3.092092e-01,621,5.39934339561330e-01,1.54706423158434e-02,6.85599831806739e+02,sinkhorn_cellsim
3.191841e-01,641,5.33148038094728e-01,1.57054924164895e-02,6.96724306990369e+02,sinkhorn_cellsim
3.291530e-01,661,5.24464368384922e-01,1.61194512124295e-02,7.07575626888283e+02,sinkhorn_cellsim
3.391306e-01,681,5.18150178294021e-01,1.63954384487631e-02,7.18117954153306e+02,sinkhorn_cellsim
3.491179e-01,701,5.13122113241931e-01,1.66634222252971e-02,7.28402217684401e+02,sinkhorn_cellsim
3.591045e-01,721,5.10766999071780e-01,1.68672075479970e-02,7.38513653214664e+02,sinkhorn_cellsim
3.691079e-01,741,5.05218419937332e-01,1.71355040708529e-02,7.48388399534029e+02,sinkhorn_cellsim
3.791117e-01,761,5.04004130768400e-01,1.73265535187292e-02,7.58067711354454e+02,sinkhorn_cellsim
3.891204e-01,781,5.01822282076038e-01,1.75097780211091e-02,7.67628693728779e+02,sinkhorn_cellsim
3.991374e-01,801,4.99800230435293e-01,1.77182534299245e-02,7.76993680891783e+02,sinkhorn_cellsim
4.091517e-01,821,4.98294548405352e-01,1.79237572300904e-02,7.86254096498561e+02,sinkhorn_cellsim
4.191669e-01,841,4.93620781867247e-01,1.81878424208033e-02,7.95344613920010e+02,sinkhorn_cellsim
4.291871e-01,861,4.89556006921866e-01,1.84479797501573e-02,8.04248860291488e+02,sinkhorn_cellsim
4.392089e-01,881,4.83468240827752e-01,1.87098925787867e-02,8.12971669597203e+02,sinkhorn_cellsim
4.492258e-01,901,4.78200081255693e-01,1.89622260851235e-02,8.21497262868349e+02,sinkhorn_cellsim
4.592398e-01,921,4.73965871528358e-01,1.91674101522328e-02,8.29897257857646e+02,sinkhorn_cellsim
4.692525e-01,941,4.67797010722625e-01,1.94587739925412e-02,8.38133165989929e+02,sinkhorn_cellsim
4.792743e-01,961,4.63688661034827e-01,1.96782060292938e-02,8.46192949604426e+02,sinkhorn_cellsim
4.892893e-01,981,4.63074973275532e-01,1.98308280982428e-02,8.54109616395800e+02,sinkhorn_cellsim
4.993082e-01,1001,4.60051803267487e-01,2.01894923196416e-02,8.61844644788292e+02,sinkhorn_cellsim
5.093274e-01,1021,4.49871452818723e-01,2.06095406154774e-02,8.69380133035183e+02,sinkhorn_cellsim
5.193455e-01,1041,4.44903554101076e-01,2.07529355124055e-02,8.76748355590799e+02,sinkhorn_cellsim
5.293574e-01,1061,4.36627118547420e-01,2.11155475820114e-02,8.83971924309740e+02,sinkhorn_cellsim
5.393674e-01,1081,4.28580707891925e-01,2.14228236965261e-02,8.90992963538982e+02,sinkhorn_cellsim
5.493827e-01,1101,4.21607360374575e-01,2.17095274911288e-02,8.97806507916098e+02,sinkhorn_cellsim
5.593969e-01,1121,4.16848075723758e-01,2.19880144453530e-02,9.04451660909573e+02,sinkhorn_cellsim
5.694162e-01,1141,4.15041124692693e-01,2.21226546565944e-02,9.10980879508247e+02,sinkhorn_cellsim
5.794296e-01,1161,4.08041417846886e-01,2.25915961403771e-02,9.17351074696325e+02,sinkhorn_cellsim
5.894433e-01,1181,4.04816623274813e-01,2.27839965368158e-02,9.23514842701246e+02,sinkhorn_cellsim
5.994541e-01,1201,4.01564849350126e-01,2.30921281101419e-02,9.29566289612557e+02,sinkhorn_cellsim
6.094610e-01,1221,3.95326806404884e-01,2.36008247617945e-02,9.35446848362326e+02,sinkhorn_cellsim
6.194647e-01,1241,3.91013874668912e-01,2.39533948111276e-02,9.41137328711555e+02,sinkhorn_cellsim
6.294793e-01,1261,3.84844046556872e-01,2.43042195942736e-02,9.46641411362651e+02,sinkhorn_cellsim
6.394903e-01,1281,3.72931325522127e-01,2.74500265293248e-02,9.51711606366983e+02,sinkhorn_cellsim
6.495033e-01,1301,3.62917709402728e-01,2.79594921372308e-02,9.56234222190684e+02,sinkhorn_cellsim
6.595124e-01,1321,3.53755051032295e-01,2.85382318756635e-02,9.60551559243783e+02,sinkhorn_cellsim
6.695233e-01,1341,3.37542025117840e-01,2.95117176564204e-02,9.64484663105290e+02,sinkhorn_cellsim
6.795356e-01,1361,3.31594381195578e-01,3.01262081030502e-02,9.68028925308911e+02,sinkhorn_cellsim
6.895542e-01,1381,3.21369504503966e-01,3.04916436797340e-02,9.71449554849110e+02,sinkhorn_cellsim
6.995633e-01,1401,3.11689012450432e-01,3.10442059332343e-02,9.74672684612805e+02,sinkhorn_cellsim
7.095780e-01,1421,3.03209802416710e-01,3.15073390558066e-02,9.77718507798872e+02,sinkhorn_cellsim
7.195865e-01,1441,2.95478410000210e-01,3.17343340158421e-02,9.80673790675404e+02,sinkhorn_cellsim
7.296079e-01,1461,2.87545931034934e-01,3.22071101715987e-02,9.83515755940682e+02,sinkhorn_cellsim
7.396277e-01,1481,2.80069344745481e-01,3.26125842748709e-02,9.86208474854491e+02,sinkhorn_cellsim
7.496554e-01,1501,2.74618406611813e-01,3.29205584792256e-02,9.88780714499914e+02,sinkhorn_cellsim
7.596731e-01,1521,2.69772220175636e-01,3.31595482384340e-02,9.91271743003016e+02,sinkhorn_cellsim
7.696870e-01,1541,2.62170668156745e-01,3.34955308748431e-02,9.93687221594753e+02,sinkhorn_cellsim
7.797089e-01,1561,2.56307033218400e-01,3.40632514646581e-02,9.95963682357311e+02,sinkhorn_cellsim
7.897186e-01,1581,2.51282213251229e-01,3.45906794489658e-02,9.98061809543072e+02,sinkhorn_cellsim
7.997442e-01,1601,2.44076166070449e-01,3.49628383562276e-02,1.00003501949814e+03,sinkhorn_cellsim
8.097659e-01,1621,2.36673671839536e-01,3.52876487067232e-02,1.00188801766730e+03,sinkhorn_cellsim
8.197867e-01,1641,2.32654613078909e-01,3.54848811023340e-02,1.00368574813696e+03,sinkhorn_cellsim
8.298067e-01,1661,2.29404264620285e-01,3.57509853930895e-02,1.00543548894961e+03,sinkhorn_cellsim
8.398347e-01,1681,2.25428072293414e-01,3.60173915596447e-02,1.00710664562865e+03,sinkhorn_cellsim
8.498534e-01,1701,2.21072029529129e-01,3.62847969133145e-02,1.00871218064038e+03,sinkhorn_cellsim
8.598718e-01,1721,2.15105118861376e-01,3.66428869061611e-02,1.01025301789990e+03,sinkhorn_cellsim
8.698923e-01,1741,2.11065818182276e-01,3.69396393678667e-02,1.01172017724179e+03,sinkhorn_cellsim
8.799013e-01,1761,2.07774328344659e-01,3.72458084565374e-02,1.01313999380980e+03,sinkhorn_cellsim
8.899120e-01,1781,2.01452858185154e-01,3.76267772646834e-02,1.01449335006193e+03,sinkhorn_cellsim
8.999286e-01,1801,1.96236210644409e-01,3.82427653523369e-02,1.01574625683964e+03,sinkhorn_cellsim
9.099387e-01,1821,1.92745539256910e-01,3.85267471536078e-02,1.01690728946952e+03,sinkhorn_cellsim
9.199509e-01,1841,1.89623863998991e-01,3.88196083476047e-02,1.01802210302479e+03,sinkhorn_cellsim
9.299738e-01,1861,1.86066615943106e-01,3.90796604758901e-02,1.01908084630616e+03,sinkhorn_cellsim
9.399738e-01,1881,1.83174686749154e-01,3.92471080198713e-02,1.02009614675825e+03,sinkhorn_cellsim
9.499878e-01,1901,1.80037863213994e-01,3.94946750575310e-02,1.02108316931509e+03,sinkhorn_cellsim
9.599819e-01,1921,1.74225033995771e-01,3.98748656385367e-02,1.02202567364320e+03,sinkhorn_cellsim
9.699828e-01,1941,1.66749253966806e-01,4.03043848136573e-02,1.02290628300221e+03,sinkhorn_cellsim
9.799932e-01,1961,1.63634155263044e-01,4.05142175568206e-02,1.02374543868472e+03,sinkhorn_cellsim
9.899899e-01,1981,1.60348591774430e-01,4.07881563318461e-02,1.02455233266491e+03,sinkhorn_cellsim
1.000009e+00,2001,1.57042839987165e-01,4.10455252336422e-02,1.02531701426927e+03,sinkhorn_cellsim
1.010014e+00,2021,1.52967368963014e-01,4.13467962667302e-02,1.02603976792310e+03,sinkhorn_cellsim
1.020023e+00,2041,1.48884861229295e-01,4.17064835454031e-02,1.02672194146936e+03,sinkhorn_cellsim
1.030023e+00,2061,1.46113872721054e-01,4.18728968497080e-02,1.02737575040349e+03,sinkhorn_cellsim
1.040026e+00,2081,1.44851436651206e-01,4.20044905306268e-02,1.02801118194726e+03,sinkhorn_cellsim
1.050040e+00,2101,1.43782246954745e-01,4.20862012904436e-02,1.02863261429783e+03,sinkhorn_cellsim
1.060044e+00,2121,1.41811598725472e-01,4.21886473333041e-02,1.02923792896954e+03,sinkhorn_cellsim
1.070062e+00,2141,1.38810873258884e-01,4.23699235167252e-02,1.02982347357701e+03,sinkhorn_cellsim
1.080061e+00,2161,1.37060436797691e-01,4.24900268823813e-02,1.03038802992289e+03,sinkhorn_cellsim
1.090074e+00,2181,1.34285728768987e-01,4.26504039436408e-02,1.03093507884135e+03,sinkhorn_cellsim
1.100079e+00,2201,1.30688484557495e-01,4.30277783106461e-02,1.03144316185177e+03,sinkhorn_cellsim
1.110074e+00,2221,1.26820530691345e-01,4.33378657816955e-02,1.03191084155361e+03,sinkhorn_cellsim
1.120076e+00,2241,1.22498856248530e-01,4.36699189529107e-02,1.03234825861375e+03,sinkhorn_cellsim
1.130099e+00,2261,1.18858344409806e-01,4.39108654532501e-02,1.03276070894399e+03,sinkhorn_cellsim
1.140116e+00,2281,1.15332197023912e-01,4.41518047841776e-02,1.03314919741579e+03,sinkhorn_cellsim
1.150144e+00,2301,1.12820391704897e-01,4.43642925217999e-02,1.03351650298229e+03,sinkhorn_cellsim
1.160170e+00,2321,1.10639441078979e-01,4.45652428292941e-02,1.03386577369594e+03,sinkhorn_cellsim
1.170188e+00,2341,1.08037087903505e-01,4.47821503586302e-02,1.03419666039283e+03,sinkhorn_cellsim
1.180211e+00,2361,1.03960416445690e-01,4.50335867823098e-02,1.03450564981628e+03,sinkhorn_cellsim
1.190235e+00,2381,1.00955673238661e-01,4.52004740993737e-02,1.03479544862207e+03,sinkhorn_cellsim
1.200253e+00,2401,9.83439985013310e-02,4.53406951663306e-02,1.03507283997077e+03,sinkhorn_cellsim
1.210276e+00,2421,9.63711383701525e-02,4.54779169008938e-02,1.03534009116636e+03,sinkhorn_cellsim
1.220294e+00,2441,9.47939870113180e-02,4.56109154561626e-02,1.03559876419487e+03,sinkhorn_cellsim
1.230316e+00,2461,9.27651321695412e-02,4.57655563575172e-02,1.03584796839766e+03,sinkhorn_cellsim
1.240339e+00,2481,9.04617313717063e-02,4.59272863058503e-02,1.03608668477591e+03,sinkhorn_cellsim
1.250369e+00,2501,8.87532711492672e-02,4.60582374703639e-02,1.03631560027841e+03,sinkhorn_cellsim
1.260383e+00,2521,8.69729331190051e-02,4.62077464285947e-02,1.03653519055482e+03,sinkhorn_cellsim
1.270402e+00,2541,8.57034352790060e-02,4.63384544407276e-02,1.03674588187481e+03,sinkhorn_cellsim
1.280420e+00,2561,8.42775742927349e-02,4.64507674438094e-02,1.03694878338981e+03,sinkhorn_cellsim
1.290440e+00,2581,8.25259253280683e-02,4.65672764347209e-02,1.03714398196930e+03,sinkhorn_cellsim
1.300464e+00,2601,8.04260161411777e-02,4.66855206238686e-02,1.03733190702162e+03,sinkhorn_cellsim
1.310498e+00,2621,7.71356073714440e-02,4.68651493285101e-02,1.03751013905361e+03,sinkhorn_cellsim
1.320532e+00,2641,7.51232468260156e-02,4.70138321119866e-02,1.03767920992035e+03,sinkhorn_cellsim
1.330572e+00,2661,7.39218298809862e-02,4.71000194529890e-02,1.03784180586027e+03,sinkhorn_cellsim
1.340593e+00,2681,7.29744030925366e-02,4.71738963640606e-02,1.03799759241699e+03,sinkhorn_cellsim
1.350610e+00,2701,7.11304260443901e-02,4.72921570745876e-02,1.03814689645116e+03,sinkhorn_cellsim
1.360633e+00,2721,6.82827968892877e-02,4.74881502660170e-02,1.03828675838973e+03,sinkhorn_cellsim
1.370671e+00,2741,6.54436065247414e-02,4.76951306927376e-02,1.03841631766335e+03,sinkhorn_cellsim
1.380712e+00,2761,6.37144054270021e-02,4.78258238832543e-02,1.03853898228177e+03,sinkhorn_cellsim
1.390764e+00,2781,6.22289483931115e-02,4.79246646117311e-02,1.03865686920553e+03,sinkhorn_cellsim
1.400803e+00,2801,6.04596118892955e-02,4.80204123582258e-02,1.03876961302215e+03,sinkhorn_cellsim
1.410850e+00,2821,5.85315790149238e-02,4.81188564150558e-02,1.03887722142161e+03,sinkhorn_cellsim
1.420899e+00,2841,5.65148716020704e-02,4.82408296229603e-02,1.03897849826433e+03,sinkhorn_cellsim
1.430951e+00,2861,5.50874692135887e-02,4.83500650645626e-02,1.03907395864228e+03,sinkhorn_cellsim
1.440999e+00,2881,5.39990244855208e-02,4.84398604582443e-02,1.03916511641320e+03,sinkhorn_cellsim
1.451052e+00,2901,5.27768138038509e-02,4.85173884095846e-02,1.03925267967463e+03,sinkhorn_cellsim
1.461109e+00,2921,5.16435578901490e-02,4.85882345950613e-02,1.03933680650476e+03,sinkhorn_cellsim
1.471165e+00,2941,5.07872967218391e-02,4.86506791583238e-02,1.03941785669057e+03,sinkhorn_cellsim
1.481216e+00,2961,5.00520058503949e-02,4.87020318656951e-02,1.03949646167363e+03,sinkhorn_cellsim
1.491281e+00,2981,4.92534490393031e-02,4.87571918297173e-02,1.03957228022787e+03,sinkhorn_cellsim
1.501334e+00,3001,4.86995538327131e-02,4.88078898920957e-02,1.03964592648318e+03,sinkhorn_cellsim
1.511387e+00,3021,4.80993346491607e-02,4.88574408199580e-02,1.03971717480443e+03,sinkhorn_cellsim
1.521444e+00,3041,4.74255228081418e-02,4.89097352325634e-02,1.03978577217730e+03,sinkhorn_cellsim
1.531504e+00,3061,4.66546961195233e-02,4.89687927409360e-02,1.03985181059218e+03,sinkhorn_cellsim
1.541563e+00,3081,4.57704356066423e-02,4.90332549361238e-02,1.03991542440882e+03,sinkhorn_cellsim
1.551626e+00,3101,4.48686893258944e-02,4.91064317038976e-02,1.03997658051246e+03,sinkhorn_cellsim
1.561684e+00,3121,4.36401492119947e-02,4.92022146819151e-02,1.04003481965438e+03,sinkhorn_cellsim
1.571743e+00,3141,4.22672552325701e-02,4.93168463428836e-02,1.04008960936470e+03,sinkhorn_cellsim
1.581799e+00,3161,4.08915432380854e-02,4.94268055273315e-02,1.04014114691286e+03,sinkhorn_cellsim
1.591863e+00,3181,3.96083163237543e-02,4.95290368344958e-02,1.04018969464450e+03,sinkhorn_cellsim
1.601920e+00,3201,3.83529814770977e-02,4.96381855613229e-02,1.04023516506709e+03,sinkhorn_cellsim
1.611975e+00,3221,3.73869340629432e-02,4.97282907552245e-02,1.04027783970133e+03,sinkhorn_cellsim
1.622031e+00,3241,3.66615106692848e-02,4.98000124911184e-02,1.04031836093596e+03,sinkhorn_cellsim
1.632086e+00,3261,3.59273233531855e-02,4.98655136074584e-02,1.04035709941489e+03,sinkhorn_cellsim
1.642144e+00,3281,3.49611778948685e-02,4.99378448675080e-02,1.04039396861377e+03,sinkhorn_cellsim
1.652206e+00,3301,3.38916618417870e-02,5.00167615907564e-02,1.04042886513342e+03,sinkhorn_cellsim
1.662268e+00,3321,3.28079591383203e-02,5.00971912011095e-02,1.04046188178367e+03,sinkhorn_cellsim
1.672323e+00,3341,3.16343316488524e-02,5.01783580135451e-02,1.04049309953222e+03,sinkhorn_cellsim
1.682380e+00,3361,3.02817611110694e-02,5.02628091973673e-02,1.04052250453213e+03,sinkhorn_cellsim
1.692429e+00,3381,2.88226936819664e-02,5.03514608892119e-02,1.04055002705857e+03,sinkhorn_cellsim
1.702487e+00,3401,2.73870227349733e-02,5.04382012676892e-02,1.04057574678668e+03,sinkhorn_cellsim
1.712539e+00,3421,2.61964217999891e-02,5.05158487643302e-02,1.04059990649365e+03,sinkhorn_cellsim
1.722598e+00,3441,2.51633119610695e-02,5.05837893435868e-02,1.04062266199888e+03,sinkhorn_cellsim
1.732647e+00,3461,2.42111673294556e-02,5.06420836252285e-02,1.04064416049454e+03,sinkhorn_cellsim
1.742697e+00,3481,2.33920142701762e-02,5.06906985081876e-02,1.04066469907618e+03,sinkhorn_cellsim
1.752752e+00,3501,2.26832945213982e-02,5.07338374240069e-02,1.04068446449827e+03,sinkhorn_cellsim
1.762801e+00,3521,2.20663682486412e-02,5.07757245260152e-02,1.04070355186211e+03,sinkhorn_cellsim
1.772859e+00,3541,2.15453969826701e-02,5.08139562068018e-02,1.04072204925529e+03,sinkhorn_cellsim
1.782910e+00,3561,2.11240593275877e-02,5.08460937522639e-02,1.04074006096308e+03,sinkhorn_cellsim
1.792965e+00,3581,2.07718428156420e-02,5.08734830011595e-02,1.04075764703897e+03,sinkhorn_cellsim
1.803008e+00,3601,2.04889026989627e-02,5.08982096017198e-02,1.04077477972939e+03,sinkhorn_cellsim
1.813060e+00,3621,2.02131816775571e-02,5.09207034503474e-02,1.04079141820394e+03,sinkhorn_cellsim
1.823112e+00,3641,1.99163336144107e-02,5.09429879318907e-02,1.04080750741333e+03,sinkhorn_cellsim
1.833164e+00,3661,1.96407876703395e-02,5.09671645402071e-02,1.04082298283349e+03,sinkhorn_cellsim
1.843215e+00,3681,1.93530323241605e-02,5.09910952303992e-02,1.04083798685832e+03,sinkhorn_cellsim
1.853274e+00,3701,1.90892290011984e-02,5.10142915153474e-02,1.04085263593434e+03,sinkhorn_cellsim
1.863324e+00,3721,1.88399306525190e-02,5.10365878018546e-02,1.04086695051906e+03,sinkhorn_cellsim
1.873375e+00,3741,1.86270054384157e-02,5.10567841966243e-02,1.04088088182996e+03,sinkhorn_cellsim
1.883426e+00,3761,1.84362583101926e-02,5.10746241378839e-02,1.04089433631751e+03,sinkhorn_cellsim
1.893471e+00,3781,1.82575748926409e-02,5.10906966566867e-02,1.04090733112136e+03,sinkhorn_cellsim
1.903526e+00,3801,1.80871543041005e-02,5.11056228096786e-02,1.04092000695890e+03,sinkhorn_cellsim
1.913586e+00,3821,1.79197784716650e-02,5.11197973406836e-02,1.04093243547040e+03,sinkhorn_cellsim
1.923635e+00,3841,1.77445268522845e-02,5.11337459832490e-02,1.04094465064755e+03,sinkhorn_cellsim
1.933687e+00,3861,1.75663368231566e-02,5.11479837103440e-02,1.04095666242721e+03,sinkhorn_cellsim
1.943738e+00,3881,1.73839985126971e-02,5.11630777228361e-02,1.04096841142757e+03,sinkhorn_cellsim
1.953793e+00,3901,1.71986732145964e-02,5.11784188612352e-02,1.04097982262107e+03,sinkhorn_cellsim
1.963847e+00,3921,1.70168023390293e-02,5.11931982129892e-02,1.04099095903181e+03,sinkhorn_cellsim
1.973901e+00,3941,1.68585498969386e-02,5.12072858527317e-02,1.04100189390390e+03,sinkhorn_cellsim
1.983950e+00,3961,1.67114690178789e-02,5.12204990502239e-02,1.04101266712969e+03,sinkhorn_cellsim
1.994009e+00,3981,1.65723238966768e-02,5.12330134686475e-02,1.04102327393117e+03,sinkhorn_cellsim
2.004058e+00,4001,1.64347049220620e-02,5.12459727774321e-02,1.04103362385261e+03,sinkhorn_cellsim
2.014115e+00,4021,1.62853212387761e-02,5.12606135073678e-02,1.04104368809649e+03,sinkhorn_cellsim
2.024171e+00,4041,1.61118308109120e-02,5.12757326101911e-02,1.04105353174857e+03,sinkhorn_cellsim
2.034228e+00,4061,1.59248949018964e-02,5.12915762824792e-02,1.04106319497377e+03,sinkhorn_cellsim
2.044278e+00,4081,1.57109164801223e-02,5.13084544338948e-02,1.04107267662993e+03,sinkhorn_cellsim
2.054328e+00,4101,1.54747694074154e-02,5.13261178060392e-02,1.04108196983127e+03,sinkhorn_cellsim
2.064375e+00,4121,1.52280683149344e-02,5.13441295516404e-02,1.04109107231476e+03,sinkhorn_cellsim
2.074427e+00,4141,1.49837890360508e-02,5.13620791682618e-02,1.04109998315906e+03,sinkhorn_cellsim
2.084476e+00,4161,1.47431230417229e-02,5.13800315223336e-02,1.04110868239183e+03,sinkhorn_cellsim
2.094528e+00,4181,1.45104805762998e-02,5.13982130751827e-02,1.04111711141870e+03,sinkhorn_cellsim
2.104588e+00,4201,1.42862658041543e-02,5.14166182006467e-02,1.04112520150701e+03,sinkhorn_cellsim
2.114638e+00,4221,1.40424777728769e-02,5.14360170671384e-02,1.04113289819327e+03,sinkhorn_cellsim
2.124688e+00,4241,1.37705275617286e-02,5.14614951945764e-02,1.04113997803285e+03,sinkhorn_cellsim
2.134738e+00,4261,1.34691539745709e-02,5.14888041662507e-02,1.04114645563676e+03,sinkhorn_cellsim
2.144784e+00,4281,1.31828424086135e-02,5.15107977724313e-02,1.04115265314049e+03,sinkhorn_cellsim
2.154841e+00,4301,1.29166511899110e-02,5.15295585266820e-02,1.04115865084973e+03,sinkhorn_cellsim
2.164891e+00,4321,1.26690172839190e-02,5.15466858889340e-02,1.04116446183247e+03,sinkhorn_cellsim
2.174948e+00,4341,1.24265906139977e-02,5.15635239615371e-02,1.04117005412809e+03,sinkhorn_cellsim
2.185006e+00,4361,1.21945822764858e-02,5.15818553346649e-02,1.04117532691695e+03,sinkhorn_cellsim
2.195068e+00,4381,1.19794534513176e-02,5.15996987469519e-02,1.04118031286122e+03,sinkhorn_cellsim
2.205115e+00,4401,1.17844182228509e-02,5.16153063036021e-02,1.04118513197364e+03,sinkhorn_cellsim
2.215169e+00,4421,1.16106827399007e-02,5.16292234817332e-02,1.04118982829415e+03,sinkhorn_cellsim
2.225226e+00,4441,1.14466258815088e-02,5.16420281837310e-02,1.04119441524448e+03,sinkhorn_cellsim
2.235281e+00,4461,1.12839838761889e-02,5.16541108014342e-02,1.04119889839448e+03,sinkhorn_cellsim
2.245335e+00,4481,1.11200474918131e-02,5.16657983449014e-02,1.04120327844470e+03,sinkhorn_cellsim
2.255389e+00,4501,1.09508459214278e-02,5.16774671913285e-02,1.04120755064960e+03,sinkhorn_cellsim
2.265440e+00,4521,1.07687280033364e-02,5.16896945246832e-02,1.04121170223100e+03,sinkhorn_cellsim
2.275493e+00,4541,1.05592634850303e-02,5.17032746706605e-02,1.04121570906446e+03,sinkhorn_cellsim
2.285540e+00,4561,1.03243693233514e-02,5.17182452283572e-02,1.04121954967599e+03,sinkhorn_cellsim
2.295597e+00,4581,1.00911094594554e-02,5.17332635432871e-02,1.04122323464177e+03,sinkhorn_cellsim
2.305651e+00,4601,9.87675288299887e-03,5.17474522047764e-02,1.04122679167678e+03,sinkhorn_cellsim
2.315702e+00,4621,9.67882443632381e-03,5.17608163114354e-02,1.04123024108331e+03,sinkhorn_cellsim
2.325750e+00,4641,9.48552976484196e-03,5.17735726433024e-02,1.04123359510295e+03,sinkhorn_cellsim
2.335799e+00,4661,9.29305423945996e-03,5.17858961409423e-02,1.04123686189873e+03,sinkhorn_cellsim
2.345843e+00,4681,9.09920777124877e-03,5.17978883489273e-02,1.04124004769087e+03,sinkhorn_cellsim
2.355894e+00,4701,8.90491818126436e-03,5.18095873599617e-02,1.04124315774791e+03,sinkhorn_cellsim
2.365939e+00,4721,8.71104888619393e-03,5.18209878167884e-02,1.04124619684289e+03,sinkhorn_cellsim
2.375993e+00,4741,8.51932044630320e-03,5.18320742808891e-02,1.04124916906306e+03,sinkhorn_cellsim
2.386045e+00,4761,8.33254316518647e-03,5.18429227638260e-02,1.04125207425488e+03,sinkhorn_cellsim
2.396101e+00,4781,8.15494426021446e-03,5.18539851145758e-02,1.04125488919147e+03,sinkhorn_cellsim
2.406145e+00,4801,7.98298097084497e-03,5.18647956400488e-02,1.04125758934943e+03,sinkhorn_cellsim
2.416202e+00,4821,7.81728165654295e-03,5.18745932573690e-02,1.04126021539903e+03,sinkhorn_cellsim
2.426255e+00,4841,7.65835594421946e-03,5.18839049225467e-02,1.04126278764617e+03,sinkhorn_cellsim
2.436309e+00,4861,7.50644907374385e-03,5.18928915882239e-02,1.04126531109048e+03,sinkhorn_cellsim
2.446365e+00,4881,7.36201968597431e-03,5.19015828030307e-02,1.04126778824863e+03,sinkhorn_cellsim
2.456416e+00,4901,7.22651651288252e-03,5.19099947054724e-02,1.04127022077454e+03,sinkhorn_cellsim
2.466464e+00,4921,7.09960020808671e-03,5.19181427210934e-02,1.04127260984236e+03,sinkhorn_cellsim
2.476512e+00,4941,6.98353071092369e-03,5.19260419136587e-02,1.04127495629918e+03,sinkhorn_cellsim
2.486556e+00,4961,6.87644539543989e-03,5.19337080205151e-02,1.04127726068936e+03,sinkhorn_cellsim
2.496607e+00,4981,6.77728461830358e-03,5.19411600481426e-02,1.04127952319259e+03,sinkhorn_cellsim
2.506653e+00,5001,6.68288782307173e-03,5.19484227317776e-02,1.04128174355147e+03,sinkhorn_cellsim
2.516700e+00,5021,6.59215331950797e-03,5.19555264433137e-02,1.04128392109628e+03,sinkhorn_cellsim
2.526752e+00,5041,6.50530511710659e-03,5.19625027127408e-02,1.04128605495101e+03,sinkhorn_cellsim
2.536799e+00,5061,6.42031185872453e-03,5.19693759939316e-02,1.04128814438072e+03,sinkhorn_cellsim
2.546847e+00,5081,6.33693925715164e-03,5.19761558662180e-02,1.04129018908771e+03,sinkhorn_cellsim
2.556894e+00,5101,6.25473338093937e-03,5.19828348592457e-02,1.04129218927047e+03,sinkhorn_cellsim
2.566933e+00,5121,6.17374194024689e-03,5.19893931235662e-02,1.04129414545808e+03,sinkhorn_cellsim
2.576991e+00,5141,6.09520227633691e-03,5.19958061462047e-02,1.04129605828910e+03,sinkhorn_cellsim
2.587039e+00,5161,6.02044600546533e-03,5.20020510889767e-02,1.04129792837415e+03,sinkhorn_cellsim
2.597091e+00,5181,5.94835810258244e-03,5.20081111013469e-02,1.04129975627108e+03,sinkhorn_cellsim
2.607141e+00,5201,5.87814051011272e-03,5.20139874623713e-02,1.04130154239584e+03,sinkhorn_cellsim
2.617194e+00,5221,5.80709174770103e-03,5.20198314110773e-02,1.04130328464898e+03,sinkhorn_cellsim
2.627242e+00,5241,5.70249547875582e-03,5.20272800687147e-02,1.04130495094698e+03,sinkhorn_cellsim
2.637298e+00,5261,5.51532055756234e-03,5.20400338076551e-02,1.04130642149422e+03,sinkhorn_cellsim
2.647345e+00,5281,5.39439795353888e-03,5.20497249101720e-02,1.04130775065637e+03,sinkhorn_cellsim
2.657398e+00,5301,5.33418982846763e-03,5.20556962289769e-02,1.04130903597805e+03,sinkhorn_cellsim
2.667441e+00,5321,5.27710386090050e-03,5.20606805153735e-02,1.04131029078382e+03,sinkhorn_cellsim
2.677494e+00,5341,5.22197592473819e-03,5.20653304986420e-02,1.04131151872906e+03,sinkhorn_cellsim
2.687541e+00,5361,5.16868730174542e-03,5.20697625522668e-02,1.04131272261995e+03,sinkhorn_cellsim
2.697601e+00,5381,5.11721342561041e-03,5.20739952334504e-02,1.04131390479300e+03,sinkhorn_cellsim
2.707656e+00,5401,5.06748277804363e-03,5.20780321560553e-02,1.04131506717801e+03,sinkhorn_cellsim
2.717714e+00,5421,5.01942136639101e-03,5.20818784587322e-02,1.04131621135627e+03,sinkhorn_cellsim
2.727771e+00,5441,4.97293986502572e-03,5.20855436521832e-02,1.04131733861535e+03,sinkhorn_cellsim
2.737826e+00,5461,4.92770721635857e-03,5.20890412552387e-02,1.04131844999527e+03,sinkhorn_cellsim
2.747872e+00,5481,4.88346013047120e-03,5.20923877850502e-02,1.04131954632400e+03,sinkhorn_cellsim
2.757922e+00,5501,4.83989154385058e-03,5.20956018651936e-02,1.04132062824208e+03,sinkhorn_cellsim
2.767966e+00,5521,4.79672072704208e-03,5.20987037120923e-02,1.04132169621576e+03,sinkhorn_cellsim
2.778019e+00,5541,4.75350956860161e-03,5.21017151610535e-02,1.04132275053570e+03,sinkhorn_cellsim
2.788066e+00,5561,4.70984654433578e-03,5.21046604717162e-02,1.04132379129440e+03,sinkhorn_cellsim
2.798116e+00,5581,4.66522112217860e-03,5.21075682906802e-02,1.04132481833009e+03,sinkhorn_cellsim
2.808165e+00,5601,4.61861836883755e-03,5.21104750976484e-02,1.04132583112424e+03,sinkhorn_cellsim
2.818219e+00,5621,4.56904875643549e-03,5.21134294786651e-02,1.04132682866397e+03,sinkhorn_cellsim
2.828268e+00,5641,4.51556103890148e-03,5.21164932141851e-02,1.04132780936596e+03,sinkhorn_cellsim
2.838327e+00,5661,4.45659151672089e-03,5.21197300812966e-02,1.04132877125574e+03,sinkhorn_cellsim
2.848375e+00,5681,4.39273585758570e-03,5.21231817028299e-02,1.04132971192473e+03,sinkhorn_cellsim
2.858425e+00,5701,4.32663906112785e-03,5.21269026089398e-02,1.04133062189594e+03,sinkhorn_cellsim
2.868476e+00,5721,4.26132195605128e-03,5.21310357881672e-02,1.04133146144938e+03,sinkhorn_cellsim
2.878527e+00,5741,4.19798109835133e-03,5.21350608798447e-02,1.04133223164690e+03,sinkhorn_cellsim
2.888572e+00,5761,4.13741552517924e-03,5.21387464894436e-02,1.04133297765862e+03,sinkhorn_cellsim
2.898626e+00,5781,4.08371810800064e-03,5.21422405221095e-02,1.04133370893519e+03,sinkhorn_cellsim
2.908673e+00,5801,4.03676035446958e-03,5.21455986755177e-02,1.04133442760215e+03,sinkhorn_cellsim
2.918725e+00,5821,3.98993145019580e-03,5.21488468096140e-02,1.04133513478233e+03,sinkhorn_cellsim
2.928773e+00,5841,3.94317246832919e-03,5.21520053303841e-02,1.04133583121416e+03,sinkhorn_cellsim
2.938829e+00,5861,3.89655410288860e-03,5.21550916895520e-02,1.04133651743698e+03,sinkhorn_cellsim
2.948878e+00,5881,3.85013028463440e-03,5.21581199875639e-02,1.04133719387635e+03,sinkhorn_cellsim
2.958934e+00,5901,3.80415098513639e-03,5.21611009079160e-02,1.04133786088961e+03,sinkhorn_cellsim
2.968981e+00,5921,3.75845886496980e-03,5.21640421040879e-02,1.04133851879146e+03,sinkhorn_cellsim
2.979037e+00,5941,3.71316522531376e-03,5.21669487840715e-02,1.04133916786870e+03,sinkhorn_cellsim
2.989085e+00,5961,3.66853815850930e-03,5.21698243080973e-02,1.04133980838881e+03,sinkhorn_cellsim
2.999141e+00,5981,3.62426075442591e-03,5.21726707096140e-02,1.04134044060498e+03,sinkhorn_cellsim
3.009190e+00,6001,3.58034182456290e-03,5.21754891094284e-02,1.04134106475919e+03,sinkhorn_cellsim
3.019239e+00,6021,3.53699357840594e-03,5.21782800238636e-02,1.04134168108416e+03,sinkhorn_cellsim
3.029298e+00,6041,3.49405395714095e-03,5.21810435816554e-02,1.04134228980473e+03,sinkhorn_cellsim
3.039349e+00,6061,3.45148062699916e-03,5.21837796687541e-02,1.04134289113883e+03,sinkhorn_cellsim
3.049394e+00,6081,3.40932607991153e-03,5.21864880201724e-02,1.04134348529837e+03,sinkhorn_cellsim
3.059446e+00,6101,3.36754730193275e-03,5.21891682757764e-02,1.04134407248986e+03,sinkhorn_cellsim
3.069498e+00,6121,3.32628303475250e-03,5.21918200138572e-02,1.04134465291494e+03,sinkhorn_cellsim
3.079547e+00,6141,3.28556401474939e-03,5.21944427730950e-02,1.04134522677076e+03,sinkhorn_cellsim
3.089598e+00,6161,3.24583220200611e-03,5.21970360704791e-02,1.04134579425006e+03,sinkhorn_cellsim
3.099655e+00,6181,3.20666191530176e-03,5.21995994199471e-02,1.04134635554107e+03,sinkhorn_cellsim
3.109701e+00,6201,3.16793947569436e-03,5.22021323544460e-02,1.04134691082713e+03,sinkhorn_cellsim
3.119758e+00,6221,3.12966111474840e-03,5.22046344527243e-02,1.04134746028592e+03,sinkhorn_cellsim
3.129810e+00,6241,3.09192764233664e-03,5.22071053715434e-02,1.04134800408845e+03,sinkhorn_cellsim
3.139866e+00,6261,3.05475946176592e-03,5.22095448846799e-02,1.04134854239747e+03,sinkhorn_cellsim
3.149919e+00,6281,3.01802582936428e-03,5.22119529321837e-02,1.04134907536530e+03,sinkhorn_cellsim
3.159973e+00,6301,2.98195523067701e-03,5.22143296875688e-02,1.04134960313060e+03,sinkhorn_cellsim
3.170017e+00,6321,2.94702040427909e-03,5.22166756595285e-02,1.04135012581349e+03,sinkhorn_cellsim
3.180065e+00,6341,2.91352647662664e-03,5.22189918714751e-02,1.04135064350701e+03,sinkhorn_cellsim
3.190112e+00,6361,2.88072967716873e-03,5.22212803290259e-02,1.04135115625461e+03,sinkhorn_cellsim
3.200166e+00,6381,2.84814423385166e-03,5.22235465237616e-02,1.04135166391962e+03,sinkhorn_cellsim
3.210214e+00,6401,2.81577809138720e-03,5.22258207077134e-02,1.04135216503038e+03,sinkhorn_cellsim
3.220275e+00,6421,2.78363584669263e-03,5.22283147630509e-02,1.04135264729764e+03,sinkhorn_cellsim
3.230329e+00,6441,2.75171814243542e-03,5.22313788244401e-02,1.04135306835410e+03,sinkhorn_cellsim
3.240379e+00,6461,2.72006996778054e-03,5.22340599490732e-02,1.04135344082148e+03,sinkhorn_cellsim
3.250434e+00,6481,2.68872007617512e-03,5.22364325780225e-02,1.04135380074221e+03,sinkhorn_cellsim
3.260483e+00,6501,2.65756206071087e-03,5.22388374048930e-02,1.04135415020526e+03,sinkhorn_cellsim
3.270536e+00,6521,2.62657597268140e-03,5.22413479187353e-02,1.04135448699400e+03,sinkhorn_cellsim
3.280595e+00,6541,2.59573485148623e-03,5.22439665569997e-02,1.04135480907386e+03,sinkhorn_cellsim
3.290645e+00,6561,2.56500485866917e-03,5.22466506510808e-02,1.04135511554321e+03,sinkhorn_cellsim
3.300703e+00,6581,2.53434737739363e-03,5.22493315183295e-02,1.04135540699867e+03,sinkhorn_cellsim
3.310757e+00,6601,2.50372252993718e-03,5.22519458362355e-02,1.04135568511158e+03,sinkhorn_cellsim
3.320809e+00,6621,2.47309256124407e-03,5.22544560314382e-02,1.04135595184219e+03,sinkhorn_cellsim
3.330860e+00,6641,2.44242382614256e-03,5.22568514080623e-02,1.04135620884313e+03,sinkhorn_cellsim
3.340913e+00,6661,2.41174469329489e-03,5.22591392388546e-02,1.04135645723075e+03,sinkhorn_cellsim
3.350963e+00,6681,2.38110984603521e-03,5.22613356452229e-02,1.04135669762965e+03,sinkhorn_cellsim
3.361012e+00,6701,2.35036569820397e-03,5.22634600655793e-02,1.04135693035475e+03,sinkhorn_cellsim
3.371058e+00,6721,2.31950111271356e-03,5.22655327954390e-02,1.04135715562982e+03,sinkhorn_cellsim
3.823006e+00,6741,2.28866941169562e-03,5.22675735760728e-02,1.04135737375818e+03,sinkhorn_cellsim
3.833163e+00,6761,2.25784999358097e-03,5.22695998515351e-02,1.04135758518368e+03,sinkhorn_cellsim
3.843294e+00,6781,2.22692481474948e-03,5.22716249433559e-02,1.04135779044298e+03,sinkhorn_cellsim
3.853355e+00,6801,2.19591570466424e-03,5.22736571857933e-02,1.04135799007243e+03,sinkhorn_cellsim
3.863413e+00,6821,2.16485002114673e-03,5.22757004009982e-02,1.04135818453551e+03,sinkhorn_cellsim
3.873492e+00,6841,2.13377629184461e-03,5.22777551790385e-02,1.04135837419416e+03,sinkhorn_cellsim
3.883550e+00,6861,2.10272284995563e-03,5.22798202441291e-02,1.04135855931260e+03,sinkhorn_cellsim
3.893601e+00,6881,2.07171997358481e-03,5.22818935206013e-02,1.04135874007405e+03,sinkhorn_cellsim
3.903647e+00,6901,2.04084093462551e-03,5.22839728457149e-02,1.04135891659682e+03,sinkhorn_cellsim
3.913696e+00,6921,2.01011841646595e-03,5.22860564299167e-02,1.04135908894418e+03,sinkhorn_cellsim
3.923749e+00,6941,1.97971761660590e-03,5.22881431888594e-02,1.04135925712610e+03,sinkhorn_cellsim
3.933796e+00,6961,1.94958362369233e-03,5.22902330409632e-02,1.04135942109289e+03,sinkhorn_cellsim
3.943845e+00,6981,1.91962708733090e-03,5.22923272106379e-02,1.04135958072136e+03,sinkhorn_cellsim
3.953895e+00,7001,1.88986318117434e-03,5.22944284916204e-02,1.04135973579637e+03,sinkhorn_cellsim
3.963949e+00,7021,1.86035578612191e-03,5.22965412820630e-02,1.04135988599553e+03,sinkhorn_cellsim
3.973999e+00,7041,1.83102695595464e-03,5.22986710142447e-02,1.04136003089380e+03,sinkhorn_cellsim
3.984045e+00,7061,1.80189066105083e-03,5.23008225272321e-02,1.04136017001230e+03,sinkhorn_cellsim
3.994096e+00,7081,1.77297879178780e-03,5.23029973514575e-02,1.04136030292723e+03,sinkhorn_cellsim
4.004143e+00,7101,1.74424417798907e-03,5.23051910090622e-02,1.04136042941564e+03,sinkhorn_cellsim
4.014181e+00,7121,1.71584712610767e-03,5.23073923897629e-02,1.04136054956240e+03,sinkhorn_cellsim
4.024230e+00,7141,1.68779499854668e-03,5.23095863001190e-02,1.04136066375480e+03,sinkhorn_cellsim
4.034267e+00,7161,1.65992091190122e-03,5.23117576995165e-02,1.04136077256957e+03,sinkhorn_cellsim
4.044307e+00,7181,1.63229848940705e-03,5.23138949590613e-02,1.04136087663001e+03,sinkhorn_cellsim
4.054342e+00,7201,1.60498630699261e-03,5.23159909054894e-02,1.04136097650397e+03,sinkhorn_cellsim
4.064381e+00,7221,1.57802552531241e-03,5.23180422189944e-02,1.04136107266044e+03,sinkhorn_cellsim
4.074414e+00,7241,1.55155536790776e-03,5.23200482463030e-02,1.04136116546778e+03,sinkhorn_cellsim
4.084456e+00,7261,1.52558315744670e-03,5.23220098962178e-02,1.04136125521090e+03,sinkhorn_cellsim
4.094491e+00,7281,1.49994597916891e-03,5.23239288377196e-02,1.04136134211242e+03,sinkhorn_cellsim
4.104541e+00,7301,1.47465256607646e-03,5.23258069937313e-02,1.04136142635116e+03,sinkhorn_cellsim
4.114574e+00,7321,1.44972857072462e-03,5.23276462558463e-02,1.04136150807594e+03,sinkhorn_cellsim
4.124624e+00,7341,1.42518517981450e-03,5.23294483445620e-02,1.04136158741505e+03,sinkhorn_cellsim
4.134664e+00,7361,1.40110778877073e-03,5.23312147572621e-02,1.04136166448251e+03,sinkhorn_cellsim
4.144711e+00,7381,1.37748304069722e-03,5.23329467648696e-02,1.04136173938206e+03,sinkhorn_cellsim
4.154753e+00,7401,1.35433929535614e-03,5.23346454325398e-02,1.04136181220960e+03,sinkhorn_cellsim
4.164800e+00,7421,1.33170655128597e-03,5.23363116499328e-02,1.04136188305482e+03,sinkhorn_cellsim
4.174840e+00,7441,1.30967335315870e-03,5.23379461632080e-02,1.04136195200220e+03,sinkhorn_cellsim
4.184887e+00,7461,1.28807992239980e-03,5.23395496047646e-02,1.04136201913170e+03,sinkhorn_cellsim
4.194929e+00,7481,1.26685862088170e-03,5.23411225191261e-02,1.04136208451923e+03,sinkhorn_cellsim
4.204969e+00,7501,1.24601982589679e-03,5.23426653846264e-02,1.04136214823704e+03,sinkhorn_cellsim
4.215003e+00,7521,1.22553940625619e-03,5.23441786311064e-02,1.04136221035393e+03,sinkhorn_cellsim
4.225052e+00,7541,1.20541381452602e-03,5.23456626541190e-02,1.04136227093554e+03,sinkhorn_cellsim
4.235098e+00,7561,1.18588156914683e-03,5.23471178261851e-02,1.04136233004453e+03,sinkhorn_cellsim
4.245145e+00,7581,1.16678644945522e-03,5.23485445056299e-02,1.04136238774073e+03,sinkhorn_cellsim
4.255193e+00,7601,1.14807167133731e-03,5.23499430434999e-02,1.04136244408134e+03,sinkhorn_cellsim
4.265229e+00,7621,1.12973412666455e-03,5.23513137888381e-02,1.04136249912101e+03,sinkhorn_cellsim
4.275275e+00,7641,1.11172519453561e-03,5.23526570927035e-02,1.04136255291202e+03,sinkhorn_cellsim
4.285317e+00,7661,1.09414220848640e-03,5.23539733111568e-02,1.04136260550436e+03,sinkhorn_cellsim
4.295369e+00,7681,1.07692509974210e-03,5.23552628073666e-02,1.04136265694588e+03,sinkhorn_cellsim
4.305410e+00,7701,1.05999885126851e-03,5.23565259530391e-02,1.04136270728233e+03,sinkhorn_cellsim
4.315456e+00,7721,1.04340044219014e-03,5.23577631292320e-02,1.04136275655751e+03,sinkhorn_cellsim
4.325506e+00,7741,1.02709504368680e-03,5.23589747267358e-02,1.04136280481336e+03,sinkhorn_cellsim
4.335539e+00,7761,1.01106429743605e-03,5.23601611460256e-02,1.04136285208997e+03,sinkhorn_cellsim
4.345578e+00,7781,9.95304038107524e-04,5.23613227969020e-02,1.04136289842576e+03,sinkhorn_cellsim
4.355618e+00,7801,9.79845231882823e-04,5.23624600978501e-02,1.04136294385748e+03,sinkhorn_cellsim
4.365658e+00,7821,9.64714834834076e-04,5.23635734752618e-02,1.04136298842032e+03,sinkhorn_cellsim
4.375708e+00,7841,9.49879554126697e-04,5.23646633624120e-02,1.04136303214796e+03,sinkhorn_cellsim
4.385759e+00,7861,9.35363253534310e-04,5.23657301984164e-02,1.04136307507264e+03,sinkhorn_cellsim
4.395802e+00,7881,9.21159386550844e-04,5.23667744270461e-02,1.04136311722523e+03,sinkhorn_cellsim
4.405849e+00,7901,9.07226652984735e-04,5.23677964955786e-02,1.04136315863528e+03,sinkhorn_cellsim
4.415891e+00,7921,8.93538816539831e-04,5.23687968535572e-02,1.04136319933111e+03,sinkhorn_cellsim
4.425931e+00,7941,8.80091277595741e-04,5.23697759516628e-02,1.04136323933978e+03,sinkhorn_cellsim
4.435977e+00,7961,8.66884305175991e-04,5.23707342405329e-02,1.04136327868727e+03,sinkhorn_cellsim
4.446015e+00,7981,8.53903202376923e-04,5.23716721697072e-02,1.04136331739842e+03,sinkhorn_cellsim
4.456051e+00,8001,8.41136949743222e-04,5.23725901865868e-02,1.04136335549703e+03,sinkhorn_cellsim
4.466093e+00,8021,8.28582474115833e-04,5.23734887354948e-02,1.04136339300591e+03,sinkhorn_cellsim
4.476128e+00,8041,8.16236726651690e-04,5.23743682568068e-02,1.04136342994691e+03,sinkhorn_cellsim
4.486171e+00,8061,8.04099270595042e-04,5.23752291861530e-02,1.04136346634097e+03,sinkhorn_cellsim
4.496212e+00,8081,7.92164900539432e-04,5.23760719537242e-02,1.04136350220815e+03,sinkhorn_cellsim
4.506264e+00,8101,7.80430878212712e-04,5.23768969836449e-02,1.04136353756770e+03,sinkhorn_cellsim
4.516303e+00,8121,7.68898383190063e-04,5.23777046934291e-02,1.04136357243805e+03,sinkhorn_cellsim
4.526340e+00,8141,7.57559419541211e-04,5.23784954935099e-02,1.04136360683691e+03,sinkhorn_cellsim
4.536384e+00,8161,7.46443428220796e-04,5.23792697868485e-02,1.04136364078122e+03,sinkhorn_cellsim
4.546430e+00,8181,7.35557366076467e-04,5.23800279685995e-02,1.04136367428728e+03,sinkhorn_cellsim
4.556471e+00,8201,7.24854230593271e-04,5.23807704258481e-02,1.04136370737070e+03,sinkhorn_cellsim
4.566506e+00,8221,7.14388419108219e-04,5.23814975374127e-02,1.04136374004648e+03,sinkhorn_cellsim
4.576542e+00,8241,7.04118615966282e-04,5.23822096736671e-02,1.04136377232900e+03,sinkhorn_cellsim
4.586585e+00,8261,6.94090252296385e-04,5.23829071964552e-02,1.04136380423210e+03,sinkhorn_cellsim
4.596620e+00,8281,6.84248332356673e-04,5.23835904590188e-02,1.04136383576905e+03,sinkhorn_cellsim
4.606652e+00,8301,6.74570635459593e-04,5.23842598059502e-02,1.04136386695260e+03,sinkhorn_cellsim
4.616699e+00,8321,6.65095706069560e-04,5.23849155732409e-02,1.04136389779502e+03,sinkhorn_cellsim
4.626745e+00,8341,6.55810607796001e-04,5.23855580882860e-02,1.04136392830808e+03,sinkhorn_cellsim
4.636801e+00,8361,6.46701844185989e-04,5.23861876699547e-02,1.04136395850312e+03,sinkhorn_cellsim
4.646846e+00,8381,6.37784777703158e-04,5.23868046286875e-02,1.04136398839103e+03,sinkhorn_cellsim
4.656890e+00,8401,6.29063032266059e-04,5.23874092665955e-02,1.04136401798229e+03,sinkhorn_cellsim
4.666933e+00,8421,6.20482969654695e-04,5.23880018775944e-02,1.04136404728699e+03,sinkhorn_cellsim
4.676967e+00,8441,6.12061148720713e-04,5.23885827475304e-02,1.04136407631484e+03,sinkhorn_cellsim
4.687011e+00,8461,6.03773143484847e-04,5.23891521543475e-02,1.04136410507517e+03,sinkhorn_cellsim
4.697052e+00,8481,5.95615164133331e-04,5.23897103682383e-02,1.04136413357699e+03,sinkhorn_cellsim
4.707090e+00,8501,5.87616798747119e-04,5.23902576518364e-02,1.04136416182896e+03,sinkhorn_cellsim
4.717130e+00,8521,5.79811181910859e-04,5.23907942603711e-02,1.04136418983943e+03,sinkhorn_cellsim
4.727170e+00,8541,5.72252345393189e-04,5.23913204418857e-02,1.04136421761645e+03,sinkhorn_cellsim
4.737213e+00,8561,5.64906854995084e-04,5.23918364373965e-02,1.04136424516777e+03,sinkhorn_cellsim
4.747254e+00,8581,5.57739354583149e-04,5.23923424811094e-02,1.04136427250086e+03,sinkhorn_cellsim
4.757287e+00,8601,5.50706167429094e-04,5.23928388006153e-02,1.04136429962295e+03,sinkhorn_cellsim
4.767330e+00,8621,5.43802173814567e-04,5.23933256170663e-02,1.04136432654096e+03,sinkhorn_cellsim
4.777371e+00,8641,5.37047376309335e-04,5.23938031454128e-02,1.04136435326162e+03,sinkhorn_cellsim
4.787423e+00,8661,5.30421580299147e-04,5.23942715945703e-02,1.04136437979139e+03,sinkhorn_cellsim
4.797457e+00,8681,5.23909671340987e-04,5.23947311676221e-02,1.04136440613652e+03,sinkhorn_cellsim
4.807499e+00,8701,5.17494388923533e-04,5.23951820620282e-02,1.04136443230302e+03,sinkhorn_cellsim
4.817544e+00,8721,5.11174351867211e-04,5.23956244697967e-02,1.04136445829671e+03,sinkhorn_cellsim
4.827595e+00,8741,5.04948202170134e-04,5.23960585776821e-02,1.04136448412321e+03,sinkhorn_cellsim
4.837642e+00,8761,4.98814603840893e-04,5.23964845673800e-02,1.04136450978792e+03,sinkhorn_cellsim
4.847688e+00,8781,4.92772241768523e-04,5.23969026156806e-02,1.04136453529609e+03,sinkhorn_cellsim
4.857729e+00,8801,4.86819820661223e-04,5.23973128946549e-02,1.04136456065277e+03,sinkhorn_cellsim
4.867768e+00,8821,4.80956063912584e-04,5.23977155718277e-02,1.04136458586281e+03,sinkhorn_cellsim
4.877814e+00,8841,4.75179712675273e-04,5.23981108103309e-02,1.04136461093095e+03,sinkhorn_cellsim
4.887859e+00,8861,4.69492494745016e-04,5.23984987690646e-02,1.04136463586171e+03,sinkhorn_cellsim
4.897902e+00,8881,4.63909000774757e-04,5.23988796028333e-02,1.04136466065948e+03,sinkhorn_cellsim
4.907948e+00,8901,4.58410175399643e-04,5.23992534624869e-02,1.04136468532850e+03,sinkhorn_cellsim
4.917988e+00,8921,4.53009608286368e-04,5.23996204950735e-02,1.04136470987284e+03,sinkhorn_cellsim
4.928036e+00,8941,4.47693157658340e-04,5.23999808439322e-02,1.04136473429645e+03,sinkhorn_cellsim
4.938084e+00,8961,4.42455528060915e-04,5.24003346488371e-02,1.04136475860312e+03,sinkhorn_cellsim
4.948129e+00,8981,4.37297493366314e-04,5.24006820460794e-02,1.04136478279651e+03,sinkhorn_cellsim
4.958171e+00,9001,4.32234434894545e-04,5.24010231686055e-02,1.04136480688012e+03,sinkhorn_cellsim
4.968214e+00,9021,4.27288620898660e-04,5.24013581460701e-02,1.04136483085735e+03,sinkhorn_cellsim
4.978264e+00,9041,4.22419418258837e-04,5.24016871049642e-02,1.04136485473145e+03,sinkhorn_cellsim
4.988312e+00,9061,4.17629208571851e-04,5.24020101686908e-02,1.04136487850551e+03,sinkhorn_cellsim
4.998363e+00,9081,4.12918004171913e-04,5.24023274576662e-02,1.04136490218252e+03,sinkhorn_cellsim
5.008416e+00,9101,4.08315676955244e-04,5.24026390894256e-02,1.04136492576533e+03,sinkhorn_cellsim
5.018466e+00,9121,4.03789211258546e-04,5.24029451787487e-02,1.04136494925664e+03,sinkhorn_cellsim
5.028510e+00,9141,3.99341881651208e-04,5.24032458378323e-02,1.04136497265904e+03,sinkhorn_cellsim
5.038569e+00,9161,3.94970329376043e-04,5.24035411764355e-02,1.04136499597500e+03,sinkhorn_cellsim
5.048619e+00,9181,3.90707061918354e-04,5.24038313021344e-02,1.04136501920685e+03,sinkhorn_cellsim
5.058665e+00,9201,3.86557689270472e-04,5.24041163205209e-02,1.04136504235686e+03,sinkhorn_cellsim
5.068713e+00,9221,3.82487635901899e-04,5.24043963354173e-02,1.04136506542721e+03,sinkhorn_cellsim
5.078765e+00,9241,3.78487846118823e-04,5.24046714490248e-02,1.04136508842002e+03,sinkhorn_cellsim
5.088813e+00,9261,3.74551070931931e-04,5.24049417619558e-02,1.04136511133739e+03,sinkhorn_cellsim
5.098856e+00,9281,3.70685652824261e-04,5.24052073731600e-02,1.04136513418144e+03,sinkhorn_cellsim
5.108905e+00,9301,3.66898274031220e-04,5.24054683797060e-02,1.04136515695428e+03,sinkhorn_cellsim
5.118954e+00,9321,3.63174041695371e-04,5.24057248765368e-02,1.04136517965805e+03,sinkhorn_cellsim
5.129005e+00,9341,3.59533691221597e-04,5.24059769562084e-02,1.04136520229491e+03,sinkhorn_cellsim
5.139052e+00,9361,3.55998625080478e-04,5.24062247086928e-02,1.04136522486701e+03,sinkhorn_cellsim
5.149100e+00,9381,3.52526420474572e-04,5.24064682213513e-02,1.04136524737650e+03,sinkhorn_cellsim
5.159140e+00,9401,3.49109458774870e-04,5.24067075789754e-02,1.04136526982548e+03,sinkhorn_cellsim
5.169173e+00,9421,3.45757973115963e-04,5.24069428639232e-02,1.04136529221601e+03,sinkhorn_cellsim
5.179220e+00,9441,3.42459041199709e-04,5.24071741563274e-02,1.04136531455007e+03,sinkhorn_cellsim
5.189268e+00,9461,3.39230509313947e-04,5.24074015342503e-02,1.04136533682956e+03,sinkhorn_cellsim
5.199308e+00,9481,3.36072002835184e-04,5.24076250738901e-02,1.04136535905630e+03,sinkhorn_cellsim
5.209354e+00,9501,3.32957425803215e-04,5.24078448496952e-02,1.04136538123204e+03,sinkhorn_cellsim
5.219399e+00,9521,3.29890549233133e-04,5.24080609344905e-02,1.04136540335843e+03,sinkhorn_cellsim
5.229447e+00,9541,3.26876881878422e-04,5.24082733995354e-02,1.04136542543706e+03,sinkhorn_cellsim
5.239491e+00,9561,3.23918196150411e-04,5.24084823146046e-02,1.04136544746944e+03,sinkhorn_cellsim
5.249534e+00,9581,3.21026131362739e-04,5.24086877480018e-02,1.04136546945703e+03,sinkhorn_cellsim
5.259582e+00,9601,3.18202007194763e-04,5.24088897666083e-02,1.04136549140120e+03,sinkhorn_cellsim
5.269637e+00,9621,3.15437319722037e-04,5.24090884359036e-02,1.04136551330329e+03,sinkhorn_cellsim
5.279688e+00,9641,3.12737123538769e-04,5.24092838199877e-02,1.04136553516458e+03,sinkhorn_cellsim
5.289738e+00,9661,3.10081729301078e-04,5.24094759816138e-02,1.04136555698629e+03,sinkhorn_cellsim
5.299784e+00,9681,3.07476493412757e-04,5.24096649821809e-02,1.04136557876962e+03,sinkhorn_cellsim
5.309830e+00,9701,3.04910866340948e-04,5.24098508817937e-02,1.04136560051569e+03,sinkhorn_cellsim
5.319873e+00,9721,3.02399036306864e-04,5.24100337392661e-02,1.04136562222561e+03,sinkhorn_cellsim
5.329926e+00,9741,2.99948089837540e-04,5.24102136121550e-02,1.04136564390043e+03,sinkhorn_cellsim
5.339974e+00,9761,2.97541802969026e-04,5.24103905567838e-02,1.04136566554116e+03,sinkhorn_cellsim
5.350025e+00,9781,2.95182136995157e-04,5.24105646282713e-02,1.04136568714879e+03,sinkhorn_cellsim
5.360069e+00,9801,2.92867198843874e-04,5.24107358805773e-02,1.04136570872425e+03,sinkhorn_cellsim
5.370118e+00,9821,2.90598131305379e-04,5.24109043665314e-02,1.04136573026843e+03,sinkhorn_cellsim
5.380169e+00,9841,2.88384825836931e-04,5.24110701378565e-02,1.04136575178219e+03,sinkhorn_cellsim
5.390218e+00,9861,2.86208094847093e-04,5.24112332452418e-02,1.04136577326633e+03,sinkhorn_cellsim
5.400322e+00,9881,2.84074821758279e-04,5.24113937383637e-02,1.04136579472161e+03,sinkhorn_cellsim
5.410534e+00,9901,2.81993526781642e-04,5.24115516659569e-02,1.04136581614872e+03,sinkhorn_cellsim
5.420601e+00,9921,2.79951544002554e-04,5.24117070758866e-02,1.04136583754827e+03,sinkhorn_cellsim
5.430663e+00,9941,2.77937000056448e-04,5.24118600152110e-02,1.04136585892082e+03,sinkhorn_cellsim
5.440724e+00,9961,2.75955466786006e-04,5.24120105303047e-02,1.04136588026681e+03,sinkhorn_cellsim
5.450782e+00,9981,2.74002485013530e-04,5.24121586669573e-02,1.04136590158654e+03,sinkhorn_cellsim
5.460839e+00,10001,2.72083522424483e-04,5.24123044705402e-02,1.04136592288017e+03,sinkhorn_cellsim
5.470892e+00,10021,2.70191219500925e-04,5.24124479862194e-02,1.04136594414765e+03,sinkhorn_cellsim
5.480946e+00,10041,2.68334680761843e-04,5.24125892591746e-02,1.04136596538866e+03,sinkhorn_cellsim
5.490998e+00,10061,2.66516770322364e-04,5.24127283349704e-02,1.04136598660254e+03,sinkhorn_cellsim
5.501054e+00,10081,2.64722933459033e-04,5.24128652599608e-02,1.04136600778818e+03,sinkhorn_cellsim
5.511108e+00,10101,2.62954519435344e-04,5.24130000818427e-02,1.04136602894386e+03,sinkhorn_cellsim
5.521160e+00,10121,2.61204333821384e-04,5.24131328504049e-02,1.04136605006712e+03,sinkhorn_cellsim
5.531213e+00,10141,2.59473004894419e-04,5.24132636184653e-02,1.04136607115445e+03,sinkhorn_cellsim
5.541274e+00,10161,2.57757305349386e-04,5.24133924430766e-02,1.04136609220100e+03,sinkhorn_cellsim
5.551327e+00,10181,2.56062644868140e-04,5.24135193871247e-02,1.04136611320018e+03,sinkhorn_cellsim
5.561373e+00,10201,2.54375210695698e-04,5.24136445212966e-02,1.04136613414308e+03,sinkhorn_cellsim
5.571420e+00,10221,2.52695535141963e-04,5.24137679266220e-02,1.04136615501780e+03,sinkhorn_cellsim
5.581467e+00,10241,2.51031963843711e-04,5.24138896975067e-02,1.04136617580859e+03,sinkhorn_cellsim
5.591520e+00,10261,2.49367489355991e-04,5.24140099454223e-02,1.04136619649472e+03,sinkhorn_cellsim
5.601571e+00,10281,2.47688941401391e-04,5.24141288030191e-02,1.04136621704924e+03,sinkhorn_cellsim
5.611628e+00,10301,2.45984093455928e-04,5.24142464285386e-02,1.04136623743741e+03,sinkhorn_cellsim
5.621686e+00,10321,2.44254423545775e-04,5.24143630097902e-02,1.04136625761507e+03,sinkhorn_cellsim
5.631740e+00,10341,2.42484927070757e-04,5.24144787668392e-02,1.04136627752703e+03,sinkhorn_cellsim
5.641790e+00,10361,2.40639166271349e-04,5.24145939517838e-02,1.04136629710572e+03,sinkhorn_cellsim
5.651842e+00,10381,2.38726677182318e-04,5.24147088436762e-02,1.04136631627064e+03,sinkhorn_cellsim
5.661888e+00,10401,2.36762610760075e-04,5.24148237365546e-02,1.04136633492912e+03,sinkhorn_cellsim
5.671940e+00,10421,2.34763538186496e-04,5.24149389192462e-02,1.04136635297901e+03,sinkhorn_cellsim
5.681990e+00,10441,2.32735655593692e-04,5.24150546477317e-02,1.04136637031387e+03,sinkhorn_cellsim
5.692046e+00,10461,2.30703403165728e-04,5.24151711140687e-02,1.04136638683049e+03,sinkhorn_cellsim
5.702101e+00,10481,2.28604628744737e-04,5.24152884190338e-02,1.04136640243796e+03,sinkhorn_cellsim
5.712159e+00,10501,2.26373970835618e-04,5.24154065569287e-02,1.04136641706671e+03,sinkhorn_cellsim
5.722208e+00,10521,2.24041542305014e-04,5.24155254185981e-02,1.04136643067557e+03,sinkhorn_cellsim
5.732265e+00,10541,2.21725039602142e-04,5.24156448127486e-02,1.04136644325496e+03,sinkhorn_cellsim
5.742319e+00,10561,2.19442471226357e-04,5.24157644996405e-02,1.04136645482589e+03,sinkhorn_cellsim
5.752372e+00,10581,2.17230989210145e-04,5.24158842275838e-02,1.04136646543517e+03,sinkhorn_cellsim
5.762422e+00,10601,2.14985929169355e-04,5.24160037634210e-02,1.04136647514850e+03,sinkhorn_cellsim
5.772480e+00,10621,2.12709739723836e-04,5.24161229119110e-02,1.04136648404294e+03,sinkhorn_cellsim
5.782535e+00,10641,2.10413419175523e-04,5.24162415231706e-02,1.04136649220025e+03,sinkhorn_cellsim
5.792597e+00,10661,2.08119920067704e-04,5.24163594906660e-02,1.04136649970166e+03,sinkhorn_cellsim
5.802657e+00,10681,2.05837413172769e-04,5.24164767433615e-02,1.04136650662427e+03,sinkhorn_cellsim
5.812711e+00,10701,2.03552861771532e-04,5.24165932356882e-02,1.04136651303894e+03,sinkhorn_cellsim
5.822765e+00,10721,2.01280111028470e-04,5.24167089378638e-02,1.04136651900931e+03,sinkhorn_cellsim
5.832820e+00,10741,1.98996218525914e-04,5.24168238280322e-02,1.04136652459160e+03,sinkhorn_cellsim
5.842876e+00,10761,1.96709865247760e-04,5.24169378866685e-02,1.04136652983491e+03,sinkhorn_cellsim
5.852931e+00,10781,1.94444932461689e-04,5.24170510931551e-02,1.04136653478179e+03,sinkhorn_cellsim
5.862986e+00,10801,1.92205208387485e-04,5.24171634241047e-02,1.04136653946893e+03,sinkhorn_cellsim
5.873040e+00,10821,1.89978419955127e-04,5.24172748529235e-02,1.04136654392790e+03,sinkhorn_cellsim
5.883092e+00,10841,1.87769653296281e-04,5.24173853501494e-02,1.04136654818581e+03,sinkhorn_cellsim
5.893146e+00,10861,1.85585250454649e-04,5.24174948842601e-02,1.04136655226600e+03,sinkhorn_cellsim
5.903202e+00,10881,1.83439133413272e-04,5.24176034225737e-02,1.04136655618851e+03,sinkhorn_cellsim
5.913259e+00,10901,1.81329619282831e-04,5.24177109322490e-02,1.04136655997064e+03,sinkhorn_cellsim
5.923312e+00,10921,1.79256489570584e-04,5.24178173811083e-02,1.04136656362735e+03,sinkhorn_cellsim
5.933366e+00,10941,1.77212772482484e-04,5.24179227383819e-02,1.04136656717158e+03,sinkhorn_cellsim
5.943420e+00,10961,1.75207831880008e-04,5.24180269752626e-02,1.04136657061460e+03,sinkhorn_cellsim
5.953471e+00,10981,1.73235348133345e-04,5.24181300653255e-02,1.04136657396624e+03,sinkhorn_cellsim
5.963523e+00,11001,1.71294885352747e-04,5.24182319848185e-02,1.04136657723508e+03,sinkhorn_cellsim
5.973589e+00,11021,1.69390180821858e-04,5.24183327128179e-02,1.04136658042867e+03,sinkhorn_cellsim
5.983641e+00,11041,1.67520986049689e-04,5.24184322313007e-02,1.04136658355365e+03,sinkhorn_cellsim
5.993697e+00,11061,1.65692440302877e-04,5.24185305251515e-02,1.04136658661590e+03,sinkhorn_cellsim
6.003751e+00,11081,1.63899597053342e-04,5.24186275820950e-02,1.04136658962061e+03,sinkhorn_cellsim
6.013807e+00,11101,1.62139769129893e-04,5.24187233925989e-02,1.04136659257243e+03,sinkhorn_cellsim
6.023855e+00,11121,1.60412285612828e-04,5.24188179497180e-02,1.04136659547549e+03,sinkhorn_cellsim
6.033911e+00,11141,1.58716497784303e-04,5.24189112489642e-02,1.04136659833349e+03,sinkhorn_cellsim
6.043963e+00,11161,1.57052100364889e-04,5.24190032881308e-02,1.04136660114974e+03,sinkhorn_cellsim
6.054017e+00,11181,1.55418916498951e-04,5.24190940671077e-02,1.04136660392725e+03,sinkhorn_cellsim
6.064065e+00,11201,1.53816454605369e-04,5.24191835877238e-02,1.04136660666870e+03,sinkhorn_cellsim
6.074122e+00,11221,1.52244465294634e-04,5.24192718535692e-02,1.04136660937656e+03,sinkhorn_cellsim
6.084170e+00,11241,1.50702897177213e-04,5.24193588698182e-02,1.04136661205303e+03,sinkhorn_cellsim
6.094226e+00,11261,1.49191025795943e-04,5.24194446430835e-02,1.04136661470014e+03,sinkhorn_cellsim
6.104278e+00,11281,1.47709442456175e-04,5.24195291812583e-02,1.04136661731973e+03,sinkhorn_cellsim
6.114324e+00,11301,1.46259726338070e-04,5.24196124933765e-02,1.04136661991348e+03,sinkhorn_cellsim
6.124376e+00,11321,1.44840096256262e-04,5.24196945894813e-02,1.04136662248295e+03,sinkhorn_cellsim
6.134430e+00,11341,1.43449206869606e-04,5.24197754804897e-02,1.04136662502956e+03,sinkhorn_cellsim
6.144474e+00,11361,1.42085867361224e-04,5.24198551780936e-02,1.04136662755460e+03,sinkhorn_cellsim
6.154526e+00,11381,1.40752988743407e-04,5.24199336946629e-02,1.04136663005929e+03,sinkhorn_cellsim
6.164567e+00,11401,1.39451510717589e-04,5.24200110431172e-02,1.04136663254473e+03,sinkhorn_cellsim
6.174624e+00,11421,1.38186029840807e-04,5.24200872368740e-02,1.04136663501197e+03,sinkhorn_cellsim
6.184679e+00,11441,1.36951429350633e-04,5.24201622897591e-02,1.04136663746196e+03,sinkhorn_cellsim
6.194730e+00,11461,1.35743138764079e-04,5.24202362159174e-02,1.04136663989558e+03,sinkhorn_cellsim
6.204785e+00,11481,1.34561795354799e-04,5.24203090297809e-02,1.04136664231367e+03,sinkhorn_cellsim
6.214841e+00,11501,1.33405605825414e-04,5.24203807459845e-02,1.04136664471700e+03,sinkhorn_cellsim
6.224895e+00,11521,1.32277771506710e-04,5.24204513793251e-02,1.04136664710629e+03,sinkhorn_cellsim
6.234954e+00,11541,1.31176984454805e-04,5.24205209447131e-02,1.04136664948221e+03,sinkhorn_cellsim
6.245007e+00,11561,1.30111594091817e-04,5.24205894571354e-02,1.04136665184539e+03,sinkhorn_cellsim
6.255062e+00,11581,1.29078307747737e-04,5.24206569316119e-02,1.04136665419644e+03,sinkhorn_cellsim
6.265112e+00,11601,1.28070193658189e-04,5.24207233831673e-02,1.04136665653589e+03,sinkhorn_cellsim
6.275166e+00,11621,1.27089694495894e-04,5.24207888267988e-02,1.04136665886427e+03,sinkhorn_cellsim
6.285218e+00,11641,1.26135739886992e-04,5.24208532774599e-02,1.04136666118209e+03,sinkhorn_cellsim
6.295277e+00,11661,1.25203722764449e-04,5.24209167500211e-02,1.04136666348979e+03,sinkhorn_cellsim
6.305326e+00,11681,1.24293421877867e-04,5.24209792592743e-02,1.04136666578783e+03,sinkhorn_cellsim
6.315380e+00,11701,1.23410505909514e-04,5.24210408198911e-02,1.04136666807660e+03,sinkhorn_cellsim
6.325428e+00,11721,1.22552829016768e-04,5.24211014464202e-02,1.04136667035651e+03,sinkhorn_cellsim
6.335478e+00,11741,1.21717093243278e-04,5.24211611532844e-02,1.04136667262792e+03,sinkhorn_cellsim
6.345529e+00,11761,1.20899373714176e-04,5.24212199547447e-02,1.04136667489118e+03,sinkhorn_cellsim
6.355592e+00,11781,1.20099007773923e-04,5.24212778649132e-02,1.04136667714662e+03,sinkhorn_cellsim
6.365646e+00,11801,1.19316540026478e-04,5.24213348977408e-02,1.04136667939457e+03,sinkhorn_cellsim
6.375707e+00,11821,1.18556115007305e-04,5.24213910669972e-02,1.04136668163531e+03,sinkhorn_cellsim
6.385758e+00,11841,1.17824745299816e-04,5.24214463862887e-02,1.04136668386914e+03,sinkhorn_cellsim
6.395816e+00,11861,1.17128418639308e-04,5.24215008690318e-02,1.04136668609632e+03,sinkhorn_cellsim
6.405873e+00,11881,1.16456687979798e-04,5.24215545284630e-02,1.04136668831711e+03,sinkhorn_cellsim
6.415930e+00,11901,1.15809918475767e-04,5.24216073776312e-02,1.04136669053177e+03,sinkhorn_cellsim
6.425979e+00,11921,1.15191395387780e-04,5.24216594293949e-02,1.04136669274051e+03,sinkhorn_cellsim
6.436041e+00,11941,1.14595959821432e-04,5.24217106964285e-02,1.04136669494357e+03,sinkhorn_cellsim
6.446084e+00,11961,1.14033475946050e-04,5.24217611912134e-02,1.04136669714115e+03,sinkhorn_cellsim
6.456144e+00,11981,1.13515063598405e-04,5.24218109260381e-02,1.04136669933347e+03,sinkhorn_cellsim
6.466195e+00,12001,1.13024636540367e-04,5.24218599130035e-02,1.04136670152071e+03,sinkhorn_cellsim
6.476259e+00,12021,1.12557478411541e-04,5.24219081640197e-02,1.04136670370306e+03,sinkhorn_cellsim
6.486317e+00,12041,1.12118266246281e-04,5.24219556908113e-02,1.04136670588070e+03,sinkhorn_cellsim
6.496369e+00,12061,1.11701786959980e-04,5.24220025049066e-02,1.04136670805380e+03,sinkhorn_cellsim
6.506417e+00,12081,1.11303868148064e-04,5.24220486176566e-02,1.04136671022253e+03,sinkhorn_cellsim
6.516464e+00,12101,1.10922936646893e-04,5.24220940402282e-02,1.04136671238703e+03,sinkhorn_cellsim
6.526518e+00,12121,1.10566845351074e-04,5.24221387836036e-02,1.04136671454746e+03,sinkhorn_cellsim
6.536579e+00,12141,1.10239236451992e-04,5.24221828585745e-02,1.04136671670396e+03,sinkhorn_cellsim
6.546633e+00,12161,1.09928940885154e-04,5.24222262757673e-02,1.04136671885667e+03,sinkhorn_cellsim
6.556694e+00,12181,1.09639300577064e-04,5.24222690456333e-02,1.04136672100572e+03,sinkhorn_cellsim
6.566748e+00,12201,1.09361596604714e-04,5.24223111784356e-02,1.04136672315124e+03,sinkhorn_cellsim
6.576801e+00,12221,1.09097021756135e-04,5.24223526842801e-02,1.04136672529335e+03,sinkhorn_cellsim
6.586853e+00,12241,1.08847697718456e-04,5.24223935730990e-02,1.04136672743216e+03,sinkhorn_cellsim
6.596908e+00,12261,1.08623725602689e-04,5.24224338546539e-02,1.04136672956779e+03,sinkhorn_cellsim
6.606963e+00,12281,1.08434221095432e-04,5.24224735385414e-02,1.04136673170035e+03,sinkhorn_cellsim
6.617018e+00,12301,1.08276844142565e-04,5.24225126342093e-02,1.04136673382994e+03,sinkhorn_cellsim
6.627076e+00,12321,1.08146457353077e-04,5.24225511509311e-02,1.04136673595665e+03,sinkhorn_cellsim
6.637138e+00,12341,1.08029691780818e-04,5.24225890978357e-02,1.04136673808059e+03,sinkhorn_cellsim
6.647195e+00,12361,1.07920727802506e-04,5.24226264838868e-02,1.04136674020184e+03,sinkhorn_cellsim
6.657252e+00,12381,1.07816736436030e-04,5.24226633179065e-02,1.04136674232050e+03,sinkhorn_cellsim
6.667299e+00,12401,1.07719043966756e-04,5.24226996085680e-02,1.04136674443665e+03,sinkhorn_cellsim
6.677362e+00,12421,1.07624323816839e-04,5.24227353643909e-02,1.04136674655037e+03,sinkhorn_cellsim
6.687415e+00,12441,1.07531438508312e-04,5.24227705937564e-02,1.04136674866175e+03,sinkhorn_cellsim
6.697475e+00,12461,1.07441471484636e-04,5.24228053049097e-02,1.04136675077085e+03,sinkhorn_cellsim
6.707531e+00,12481,1.07354866106204e-04,5.24228395059395e-02,1.04136675287775e+03,sinkhorn_cellsim
6.717592e+00,12501,1.07274935690977e-04,5.24228732048227e-02,1.04136675498252e+03,sinkhorn_cellsim
6.727648e+00,12521,1.07201303254019e-04,5.24229064093847e-02,1.04136675708523e+03,sinkhorn_cellsim
6.737706e+00,12541,1.07130267943176e-04,5.24229391273291e-02,1.04136675918595e+03,sinkhorn_cellsim
6.747759e+00,12561,1.07061530223970e-04,5.24229713662192e-02,1.04136676128473e+03,sinkhorn_cellsim
6.757810e+00,12581,1.06994189074522e-04,5.24230031335089e-02,1.04136676338164e+03,sinkhorn_cellsim
6.767860e+00,12601,1.06928209024052e-04,5.24230344365087e-02,1.04136676547674e+03,sinkhorn_cellsim
6.777911e+00,12621,1.06863555437544e-04,5.24230652824233e-02,1.04136676757008e+03,sinkhorn_cellsim
6.787963e+00,12641,1.06800194566347e-04,5.24230956783316e-02,1.04136676966171e+03,sinkhorn_cellsim
6.798023e+00,12661,1.06738093498165e-04,5.24231256311882e-02,1.04136677175170e+03,sinkhorn_cellsim
6.808077e+00,12681,1.06677220087181e-04,5.24231551478420e-02,1.04136677384008e+03,sinkhorn_cellsim
6.818136e+00,12701,1.06617832577684e-04,5.24231842350248e-02,1.04136677592691e+03,sinkhorn_cellsim
6.828194e+00,12721,1.06560115160311e-04,5.24232128993533e-02,1.04136677801224e+03,sinkhorn_cellsim
6.838254e+00,12741,1.06504949450808e-04,5.24232411473462e-02,1.04136678009611e+03,sinkhorn_cellsim
6.848309e+00,12761,1.06451847109536e-04,5.24232689854029e-02,1.04136678217856e+03,sinkhorn_cellsim
6.858368e+00,12781,1.06403623612826e-04,5.24232964198204e-02,1.04136678425963e+03,sinkhorn_cellsim
6.868421e+00,12801,1.06359120128792e-04,5.24233234567968e-02,1.04136678633937e+03,sinkhorn_cellsim
6.878481e+00,12821,1.06319065373353e-04,5.24233501024281e-02,1.04136678841781e+03,sinkhorn_cellsim
6.888529e+00,12841,1.06282342677094e-04,5.24233763627019e-02,1.04136679049499e+03,sinkhorn_cellsim
6.898589e+00,12861,1.06251394518126e-04,5.24234022435216e-02,1.04136679257095e+03,sinkhorn_cellsim
6.908644e+00,12881,1.06229851487146e-04,5.24234277506886e-02,1.04136679464572e+03,sinkhorn_cellsim
6.918700e+00,12901,1.06208773455943e-04,5.24234528899018e-02,1.04136679671934e+03,sinkhorn_cellsim
6.928755e+00,12921,1.06188138828150e-04,5.24234776667849e-02,1.04136679879183e+03,sinkhorn_cellsim
6.938814e+00,12941,1.06167929220609e-04,5.24235020868573e-02,1.04136680086322e+03,sinkhorn_cellsim
6.948864e+00,12961,1.06148126667368e-04,5.24235261555585e-02,1.04136680293355e+03,sinkhorn_cellsim
6.958918e+00,12981,1.06130714980621e-04,5.24235498782268e-02,1.04136680500285e+03,sinkhorn_cellsim
6.968971e+00,13001,1.06120156909948e-04,5.24235732601314e-02,1.04136680707114e+03,sinkhorn_cellsim
6.979028e+00,13021,1.06110223345729e-04,5.24235963064434e-02,1.04136680913845e+03,sinkhorn_cellsim
6.989086e+00,13041,1.06100506456748e-04,5.24236190222665e-02,1.04136681120479e+03,sinkhorn_cellsim
6.999148e+00,13061,1.06090991466729e-04,5.24236414126096e-02,1.04136681327021e+03,sinkhorn_cellsim
7.009205e+00,13081,1.06081663917967e-04,5.24236634824057e-02,1.04136681533471e+03,sinkhorn_cellsim
7.019268e+00,13101,1.06072509648923e-04,5.24236852365104e-02,1.04136681739833e+03,sinkhorn_cellsim
7.029319e+00,13121,1.06063514765046e-04,5.24237066797089e-02,1.04136681946108e+03,sinkhorn_cellsim
7.039380e+00,13141,1.06054665664012e-04,5.24237278167017e-02,1.04136682152297e+03,sinkhorn_cellsim
7.049433e+00,13161,1.06045948957528e-04,5.24237486521218e-02,1.04136682358405e+03,sinkhorn_cellsim
7.059493e+00,13181,1.06037351498514e-04,5.24237691905223e-02,1.04136682564431e+03,sinkhorn_cellsim
7.069551e+00,13201,1.06028860323868e-04,5.24237894363934e-02,1.04136682770377e+03,sinkhorn_cellsim
7.079607e+00,13221,1.06020462644902e-04,5.24238093941511e-02,1.04136682976247e+03,sinkhorn_cellsim
7.089662e+00,13241,1.06012145836976e-04,5.24238290681436e-02,1.04136683182040e+03,sinkhorn_cellsim
7.099721e+00,13261,1.06003897396079e-04,5.24238484626539e-02,1.04136683387758e+03,sinkhorn_cellsim
7.109771e+00,13281,1.05995704957836e-04,5.24238675818974e-02,1.04136683593403e+03,sinkhorn_cellsim
7.119834e+00,13301,1.05987556248379e-04,5.24238864300264e-02,1.04136683798976e+03,sinkhorn_cellsim
7.129888e+00,13321,1.05979439096532e-04,5.24239050111225e-02,1.04136684004479e+03,sinkhorn_cellsim
7.139939e+00,13341,1.05971341356756e-04,5.24239233292148e-02,1.04136684209912e+03,sinkhorn_cellsim
7.149992e+00,13361,1.05963250961245e-04,5.24239413882673e-02,1.04136684415277e+03,sinkhorn_cellsim
7.160051e+00,13381,1.05955155860809e-04,5.24239591921828e-02,1.04136684620574e+03,sinkhorn_cellsim
7.170106e+00,13401,1.05947044033715e-04,5.24239767448011e-02,1.04136684825805e+03,sinkhorn_cellsim
7.180169e+00,13421,1.05938903411132e-04,5.24239940499190e-02,1.04136685030971e+03,sinkhorn_cellsim
7.190222e+00,13441,1.05930721957708e-04,5.24240111112585e-02,1.04136685236071e+03,sinkhorn_cellsim
7.200281e+00,13461,1.05922487559149e-04,5.24240279324967e-02,1.04136685441108e+03,sinkhorn_cellsim
7.210327e+00,13481,1.05914188048548e-04,5.24240445172607e-02,1.04136685646081e+03,sinkhorn_cellsim
7.220389e+00,13501,1.05905811218706e-04,5.24240608691076e-02,1.04136685850991e+03,sinkhorn_cellsim
7.230447e+00,13521,1.05897344750084e-04,5.24240769915540e-02,1.04136686055839e+03,sinkhorn_cellsim
7.240507e+00,13541,1.05888776211852e-04,5.24240928880663e-02,1.04136686260625e+03,sinkhorn_cellsim
7.250557e+00,13561,1.05880093056813e-04,5.24241085620590e-02,1.04136686465349e+03,sinkhorn_cellsim
7.260626e+00,13581,1.05871282621351e-04,5.24241240168911e-02,1.04136686670012e+03,sinkhorn_cellsim
7.270680e+00,13601,1.05862332071024e-04,5.24241392558758e-02,1.04136686874614e+03,sinkhorn_cellsim
7.280738e+00,13621,1.05853228399861e-04,5.24241542822850e-02,1.04136687079156e+03,sinkhorn_cellsim
7.290787e+00,13641,1.05843958423215e-04,5.24241690993386e-02,1.04136687283636e+03,sinkhorn_cellsim
7.300842e+00,13661,1.05834508748020e-04,5.24241837102135e-02,1.04136687488056e+03,sinkhorn_cellsim
7.310893e+00,13681,1.05824865777662e-04,5.24241981180380e-02,1.04136687692415e+03,sinkhorn_cellsim
7.320957e+00,13701,1.05815015676416e-04,5.24242123258976e-02,1.04136687896713e+03,sinkhorn_cellsim
7.331013e+00,13721,1.05804944362742e-04,5.24242263368371e-02,1.04136688100950e+03,sinkhorn_cellsim
7.341075e+00,13741,1.05794637467166e-04,5.24242401538616e-02,1.04136688305126e+03,sinkhorn_cellsim
7.351127e+00,13761,1.05784080414671e-04,5.24242537799298e-02,1.04136688509240e+03,sinkhorn_cellsim
7.361183e+00,13781,1.05773258463645e-04,5.24242672179598e-02,1.04136688713292e+03,sinkhorn_cellsim
7.371242e+00,13801,1.05762156135320e-04,5.24242804708418e-02,1.04136688917282e+03,sinkhorn_cellsim
7.381303e+00,13821,1.05750757895999e-04,5.24242935414069e-02,1.04136689121208e+03,sinkhorn_cellsim
7.391350e+00,13841,1.05739047798733e-04,5.24243064324701e-02,1.04136689325071e+03,sinkhorn_cellsim
7.401406e+00,13861,1.05727009585295e-04,5.24243191467977e-02,1.04136689528869e+03,sinkhorn_cellsim
7.411469e+00,13881,1.05714626622114e-04,5.24243316871170e-02,1.04136689732602e+03,sinkhorn_cellsim
7.421529e+00,13901,1.05701881855754e-04,5.24243440561307e-02,1.04136689936269e+03,sinkhorn_cellsim
7.431587e+00,13921,1.05688757857131e-04,5.24243562564974e-02,1.04136690139869e+03,sinkhorn_cellsim
7.441641e+00,13941,1.05675236756293e-04,5.24243682908487e-02,1.04136690343401e+03,sinkhorn_cellsim
7.451695e+00,13961,1.05661300262171e-04,5.24243801617791e-02,1.04136690546864e+03,sinkhorn_cellsim
7.461755e+00,13981,1.05646929631258e-04,5.24243918718536e-02,1.04136690750257e+03,sinkhorn_cellsim
7.471811e+00,14001,1.05632105653903e-04,5.24244034236044e-02,1.04136690953579e+03,sinkhorn_cellsim
7.481866e+00,14021,1.05616808654324e-04,5.24244148195296e-02,1.04136691156828e+03,sinkhorn_cellsim
7.491922e+00,14041,1.05601018430299e-04,5.24244260621093e-02,1.04136691360003e+03,sinkhorn_cellsim
7.501983e+00,14061,1.05584714329780e-04,5.24244371537802e-02,1.04136691563102e+03,sinkhorn_cellsim
7.512042e+00,14081,1.05567875159243e-04,5.24244480969550e-02,1.04136691766124e+03,sinkhorn_cellsim
7.522107e+00,14101,1.05550479163287e-04,5.24244588940305e-02,1.04136691969067e+03,sinkhorn_cellsim
7.532163e+00,14121,1.05532504113188e-04,5.24244695473570e-02,1.04136692171930e+03,sinkhorn_cellsim
7.542228e+00,14141,1.05513927195049e-04,5.24244800592685e-02,1.04136692374710e+03,sinkhorn_cellsim
7.552290e+00,14161,1.05494725020524e-04,5.24244904320768e-02,1.04136692577406e+03,sinkhorn_cellsim
7.562350e+00,14181,1.05474873650508e-04,5.24245006680664e-02,1.04136692780015e+03,sinkhorn_cellsim
7.572409e+00,14201,1.05454348579633e-04,5.24245107694915e-02,1.04136692982537e+03,sinkhorn_cellsim
7.582474e+00,14221,1.05433124698093e-04,5.24245207385915e-02,1.04136693184967e+03,sinkhorn_cellsim
7.592539e+00,14241,1.05411176320972e-04,5.24245305775770e-02,1.04136693387305e+03,sinkhorn_cellsim
7.602606e+00,14261,1.05388477167038e-04,5.24245402886360e-02,1.04136693589548e+03,sinkhorn_cellsim
7.612659e+00,14281,1.05365000360989e-04,5.24245498739369e-02,1.04136693791692e+03,sinkhorn_cellsim
7.622714e+00,14301,1.05340718401727e-04,5.24245593356324e-02,1.04136693993737e+03,sinkhorn_cellsim
7.632774e+00,14321,1.05315603238203e-04,5.24245686758424e-02,1.04136694195678e+03,sinkhorn_cellsim
7.642841e+00,14341,1.05289626174418e-04,5.24245778966796e-02,1.04136694397514e+03,sinkhorn_cellsim
7.652897e+00,14361,1.05262757940626e-04,5.24245870002327e-02,1.04136694599241e+03,sinkhorn_cellsim
7.662963e+00,14381,1.05234968697239e-04,5.24245959885656e-02,1.04136694800856e+03,sinkhorn_cellsim
7.673022e+00,14401,1.05206227999600e-04,5.24246048637325e-02,1.04136695002357e+03,sinkhorn_cellsim
7.683078e+00,14421,1.05176504836750e-04,5.24246136277674e-02,1.04136695203739e+03,sinkhorn_cellsim
7.693139e+00,14441,1.05145767636729e-04,5.24246222826882e-02,1.04136695405001e+03,sinkhorn_cellsim
7.703202e+00,14461,1.05113984312921e-04,5.24246308304915e-02,1.04136695606138e+03,sinkhorn_cellsim
7.713265e+00,14481,1.05081122209180e-04,5.24246392731671e-02,1.04136695807147e+03,sinkhorn_cellsim
7.723324e+00,14501,1.05047148213456e-04,5.24246476126771e-02,1.04136696008024e+03,sinkhorn_cellsim
7.733378e+00,14521,1.05012028702749e-04,5.24246558509799e-02,1.04136696208766e+03,sinkhorn_cellsim
7.743439e+00,14541,1.04975729612625e-04,5.24246639900120e-02,1.04136696409369e+03,sinkhorn_cellsim
7.753496e+00,14561,1.04938216451952e-04,5.24246720317007e-02,1.04136696609829e+03,sinkhorn_cellsim
7.763547e+00,14581,1.04899454366809e-04,5.24246799779550e-02,1.04136696810142e+03,sinkhorn_cellsim
7.773607e+00,14601,1.04859408136805e-04,5.24246878306702e-02,1.04136697010304e+03,sinkhorn_cellsim
7.783671e+00,14621,1.04818042250798e-04,5.24246955917308e-02,1.04136697210311e+03,sinkhorn_cellsim
7.793735e+00,14641,1.04775320908067e-04,5.24247032630134e-02,1.04136697410158e+03,sinkhorn_cellsim
7.803796e+00,14661,1.04731208172909e-04,5.24247108463669e-02,1.04136697609841e+03,sinkhorn_cellsim
7.813857e+00,14681,1.04685667877820e-04,5.24247183436465e-02,1.04136697809356e+03,sinkhorn_cellsim
7.823917e+00,14701,1.04638663811725e-04,5.24247257566847e-02,1.04136698008698e+03,sinkhorn_cellsim
7.833976e+00,14721,1.04590159755877e-04,5.24247330872995e-02,1.04136698207862e+03,sinkhorn_cellsim
7.844045e+00,14741,1.04540119495300e-04,5.24247403373065e-02,1.04136698406844e+03,sinkhorn_cellsim
7.854110e+00,14761,1.04488506977667e-04,5.24247475084966e-02,1.04136698605638e+03,sinkhorn_cellsim
7.864172e+00,14781,1.04435286325484e-04,5.24247546026634e-02,1.04136698804241e+03,sinkhorn_cellsim
7.874235e+00,14801,1.04380421966107e-04,5.24247616215785e-02,1.04136699002647e+03,sinkhorn_cellsim
7.884296e+00,14821,1.04323878702896e-04,5.24247685670044e-02,1.04136699200851e+03,sinkhorn_cellsim
7.894357e+00,14841,1.04265621820871e-04,5.24247754406898e-02,1.04136699398847e+03,sinkhorn_cellsim
7.904418e+00,14861,1.04205617143044e-04,5.24247822443821e-02,1.04136699596632e+03,sinkhorn_cellsim
7.914470e+00,14881,1.04143831227283e-04,5.24247889798026e-02,1.04136699794199e+03,sinkhorn_cellsim
7.924526e+00,14901,1.04080231398344e-04,5.24247956486654e-02,1.04136699991544e+03,sinkhorn_cellsim
7.934587e+00,14921,1.04014785895808e-04,5.24248022526713e-02,1.04136700188660e+03,sinkhorn_cellsim
7.944647e+00,14941,1.03947463979653e-04,5.24248087935088e-02,1.04136700385544e+03,sinkhorn_cellsim
7.954709e+00,14961,1.03878236057291e-04,5.24248152728548e-02,1.04136700582190e+03,sinkhorn_cellsim
7.964774e+00,14981,1.03807073829419e-04,5.24248216923691e-02,1.04136700778592e+03,sinkhorn_cellsim
7.974832e+00,15001,1.03733950412839e-04,5.24248280536968e-02,1.04136700974745e+03,sinkhorn_cellsim
7.984920e+00,15021,1.03658840466607e-04,5.24248343584661e-02,1.04136701170643e+03,sinkhorn_cellsim
7.994984e+00,15041,1.03581720325062e-04,5.24248406082966e-02,1.04136701366283e+03,sinkhorn_cellsim
8.005045e+00,15061,1.03502568172269e-04,5.24248468047820e-02,1.04136701561657e+03,sinkhorn_cellsim
8.015106e+00,15081,1.03421364134646e-04,5.24248529495060e-02,1.04136701756762e+03,sinkhorn_cellsim
8.025172e+00,15101,1.03338090482671e-04,5.24248590440263e-02,1.04136701951592e+03,sinkhorn_cellsim
8.035240e+00,15121,1.03252731711047e-04,5.24248650898881e-02,1.04136702146141e+03,sinkhorn_cellsim
8.045305e+00,15141,1.03165274734813e-04,5.24248710886117e-02,1.04136702340406e+03,sinkhorn_cellsim
8.055365e+00,15161,1.03075709012321e-04,5.24248770416933e-02,1.04136702534381e+03,sinkhorn_cellsim
8.065425e+00,15181,1.02984026647236e-04,5.24248829506181e-02,1.04136702728061e+03,sinkhorn_cellsim
8.075484e+00,15201,1.02890222608709e-04,5.24248888168358e-02,1.04136702921442e+03,sinkhorn_cellsim
8.085544e+00,15221,1.02794294783260e-04,5.24248946417773e-02,1.04136703114519e+03,sinkhorn_cellsim
8.095601e+00,15241,1.02696244157064e-04,5.24249004268416e-02,1.04136703307288e+03,sinkhorn_cellsim
8.105663e+00,15261,1.02596074922048e-04,5.24249061734014e-02,1.04136703499744e+03,sinkhorn_cellsim
8.115727e+00,15281,1.02494744422850e-04,5.24249118828024e-02,1.04136703691883e+03,sinkhorn_cellsim
8.125793e+00,15301,1.02393349948289e-04,5.24249175563629e-02,1.04136703883703e+03,sinkhorn_cellsim
8.135876e+00,15321,1.02289877123971e-04,5.24249231953553e-02,1.04136704075197e+03,sinkhorn_cellsim
8.145953e+00,15341,1.02184340255714e-04,5.24249288010332e-02,1.04136704266365e+03,sinkhorn_cellsim
8.156015e+00,15361,1.02076757228246e-04,5.24249343746065e-02,1.04136704457201e+03,sinkhorn_cellsim
8.166084e+00,15381,1.01967149525825e-04,5.24249399172545e-02,1.04136704647703e+03,sinkhorn_cellsim
8.176154e+00,15401,1.01855542371256e-04,5.24249454301034e-02,1.04136704837868e+03,sinkhorn_cellsim
8.186232e+00,15421,1.01741964659884e-04,5.24249509142570e-02,1.04136705027694e+03,sinkhorn_cellsim
8.196304e+00,15441,1.01626449119942e-04,5.24249563707621e-02,1.04136705217178e+03,sinkhorn_cellsim
8.206381e+00,15461,1.01509032217610e-04,5.24249618006377e-02,1.04136705406319e+03,sinkhorn_cellsim
8.216459e+00,15481,1.01389754292467e-04,5.24249672048394e-02,1.04136705595114e+03,sinkhorn_cellsim
8.226537e+00,15501,1.01268659452643e-04,5.24249725842869e-02,1.04136705783563e+03,sinkhorn_cellsim
8.236607e+00,15521,1.01145795566602e-04,5.24249779398537e-02,1.04136705971663e+03,sinkhorn_cellsim
8.246680e+00,15541,1.01021214258973e-04,5.24249832723606e-02,1.04136706159414e+03,sinkhorn_cellsim
8.256746e+00,15561,1.00894970854455e-04,5.24249885825692e-02,1.04136706346817e+03,sinkhorn_cellsim
8.266822e+00,15581,1.00767124252706e-04,5.24249938712006e-02,1.04136706533869e+03,sinkhorn_cellsim
8.276891e+00,15601,1.00637736875686e-04,5.24249991389188e-02,1.04136706720572e+03,sinkhorn_cellsim
8.286965e+00,15621,1.00506874580929e-04,5.24250043863314e-02,1.04136706906926e+03,sinkhorn_cellsim
8.297037e+00,15641,1.00374606485054e-04,5.24250096139881e-02,1.04136707092931e+03,sinkhorn_cellsim
8.307108e+00,15661,1.00241004859956e-04,5.24250148223869e-02,1.04136707278589e+03,sinkhorn_cellsim
8.317182e+00,15681,1.00106144964501e-04,5.24250200119638e-02,1.04136707463901e+03,sinkhorn_cellsim
8.327251e+00,15701,9.99701048784747e-05,5.24250251831031e-02,1.04136707648869e+03,sinkhorn_cellsim
8.337319e+00,15721,9.98329652952670e-05,5.24250303361280e-02,1.04136707833494e+03,sinkhorn_cellsim
8.347391e+00,15741,9.96948093868065e-05,5.24250354712928e-02,1.04136708017779e+03,sinkhorn_cellsim
8.357456e+00,15761,9.95557224980456e-05,5.24250405888073e-02,1.04136708201727e+03,sinkhorn_cellsim
8.367536e+00,15781,9.94157919793653e-05,5.24250456888188e-02,1.04136708385340e+03,sinkhorn_cellsim
8.377619e+00,15801,9.92751069622422e-05,5.24250507714128e-02,1.04136708568622e+03,sinkhorn_cellsim
8.387695e+00,15821,9.91337580929035e-05,5.24250558366157e-02,1.04136708751576e+03,sinkhorn_cellsim
8.397767e+00,15841,9.89918372932556e-05,5.24250608843982e-02,1.04136708934206e+03,sinkhorn_cellsim
8.407839e+00,15861,9.88502329162902e-05,5.24250659146727e-02,1.04136709116516e+03,sinkhorn_cellsim
8.417898e+00,15881,9.87094535986016e-05,5.24250709273036e-02,1.04136709298509e+03,sinkhorn_cellsim
8.427974e+00,15901,9.85682865066780e-05,5.24250759220888e-02,1.04136709480191e+03,sinkhorn_cellsim
8.438052e+00,15921,9.84270144933400e-05,5.24250808987749e-02,1.04136709661567e+03,sinkhorn_cellsim
8.448125e+00,15941,9.82859845500444e-05,5.24250858570651e-02,1.04136709842640e+03,sinkhorn_cellsim
8.458206e+00,15961,9.81448839182449e-05,5.24250907966058e-02,1.04136710023416e+03,sinkhorn_cellsim
8.468282e+00,15981,9.80056607572440e-05,5.24250957169958e-02,1.04136710203901e+03,sinkhorn_cellsim
8.478355e+00,16001,9.78681814931876e-05,5.24251006177819e-02,1.04136710384099e+03,sinkhorn_cellsim
8.488436e+00,16021,9.77309693124505e-05,5.24251054984820e-02,1.04136710564016e+03,sinkhorn_cellsim
8.498505e+00,16041,9.75936480521614e-05,5.24251103585539e-02,1.04136710743659e+03,sinkhorn_cellsim
8.508577e+00,16061,9.74563009574844e-05,5.24251151974314e-02,1.04136710923032e+03,sinkhorn_cellsim
8.518648e+00,16081,9.73190106962257e-05,5.24251200144991e-02,1.04136711102142e+03,sinkhorn_cellsim
8.528720e+00,16101,9.71825751360963e-05,5.24251248091164e-02,1.04136711280995e+03,sinkhorn_cellsim
8.538805e+00,16121,9.70465437313932e-05,5.24251295806056e-02,1.04136711459596e+03,sinkhorn_cellsim
8.548886e+00,16141,9.69109107486517e-05,5.24251343282700e-02,1.04136711637952e+03,sinkhorn_cellsim
8.558958e+00,16161,9.67756970280268e-05,5.24251390513748e-02,1.04136711816070e+03,sinkhorn_cellsim
8.569027e+00,16181,9.66409930126583e-05,5.24251437491735e-02,1.04136711993954e+03,sinkhorn_cellsim
8.579103e+00,16201,9.65065828418670e-05,5.24251484208924e-02,1.04136712171612e+03,sinkhorn_cellsim
8.589176e+00,16221,9.63725408474238e-05,5.24251530657492e-02,1.04136712349049e+03,sinkhorn_cellsim
8.599242e+00,16241,9.62389399304784e-05,5.24251576829376e-02,1.04136712526272e+03,sinkhorn_cellsim
8.609316e+00,16261,9.61058512787934e-05,5.24251622716605e-02,1.04136712703287e+03,sinkhorn_cellsim
8.619392e+00,16281,9.59733444012566e-05,5.24251668310892e-02,1.04136712880100e+03,sinkhorn_cellsim
8.629467e+00,16301,9.58414868244495e-05,5.24251713604147e-02,1.04136713056717e+03,sinkhorn_cellsim
8.639532e+00,16321,9.57103441291260e-05,5.24251758588071e-02,1.04136713233144e+03,sinkhorn_cellsim
8.649607e+00,16341,9.55799797157799e-05,5.24251803254577e-02,1.04136713409387e+03,sinkhorn_cellsim
8.659678e+00,16361,9.54504548009270e-05,5.24251847595481e-02,1.04136713585452e+03,sinkhorn_cellsim
8.669749e+00,16381,9.53222191855403e-05,5.24251891602718e-02,1.04136713761345e+03,sinkhorn_cellsim
8.679815e+00,16401,9.51951125337511e-05,5.24251935268386e-02,1.04136713937071e+03,sinkhorn_cellsim
8.689886e+00,16421,9.50694441126448e-05,5.24251978584612e-02,1.04136714112636e+03,sinkhorn_cellsim
8.699961e+00,16441,9.49449515505739e-05,5.24252021543837e-02,1.04136714288045e+03,sinkhorn_cellsim
8.710034e+00,16461,9.48216802337001e-05,5.24252064138511e-02,1.04136714463304e+03,sinkhorn_cellsim
8.720121e+00,16481,9.46996727675790e-05,5.24252106361363e-02,1.04136714638419e+03,sinkhorn_cellsim
8.730194e+00,16501,9.45797906439773e-05,5.24252148205361e-02,1.04136714813393e+03,sinkhorn_cellsim
8.740264e+00,16521,9.44619830101796e-05,5.24252189663735e-02,1.04136714988233e+03,sinkhorn_cellsim
8.750336e+00,16541,9.43470705756022e-05,5.24252230729918e-02,1.04136715162942e+03,sinkhorn_cellsim
8.760405e+00,16561,9.42337371278021e-05,5.24252271397640e-02,1.04136715337526e+03,sinkhorn_cellsim
8.770471e+00,16581,9.41222681151443e-05,5.24252311660945e-02,1.04136715511990e+03,sinkhorn_cellsim
8.780543e+00,16601,9.40142991540586e-05,5.24252351514182e-02,1.04136715686337e+03,sinkhorn_cellsim
8.790632e+00,16621,9.39084916931832e-05,5.24252390952007e-02,1.04136715860573e+03,sinkhorn_cellsim
8.800706e+00,16641,9.38044327646805e-05,5.24252429969433e-02,1.04136716034701e+03,sinkhorn_cellsim
8.810778e+00,16661,9.37033076915022e-05,5.24252468561796e-02,1.04136716208725e+03,sinkhorn_cellsim
8.820852e+00,16681,9.36045815817978e-05,5.24252506724825e-02,1.04136716382649e+03,sinkhorn_cellsim
8.830928e+00,16701,9.35076572141053e-05,5.24252544454517e-02,1.04136716556478e+03,sinkhorn_cellsim
8.841000e+00,16721,9.34125288200808e-05,5.24252581747348e-02,1.04136716730214e+03,sinkhorn_cellsim
8.851082e+00,16741,9.33191885458165e-05,5.24252618600044e-02,1.04136716903861e+03,sinkhorn_cellsim
8.861160e+00,16761,9.32276265168879e-05,5.24252655009801e-02,1.04136717077423e+03,sinkhorn_cellsim
8.871249e+00,16781,9.31378309584331e-05,5.24252690974112e-02,1.04136717250903e+03,sinkhorn_cellsim
8.881316e+00,16801,9.30497882782645e-05,5.24252726490922e-02,1.04136717424303e+03,sinkhorn_cellsim
8.891404e+00,16821,9.29634831997771e-05,5.24252761558479e-02,1.04136717597627e+03,sinkhorn_cellsim
8.901475e+00,16841,9.28788988365158e-05,5.24252796175454e-02,1.04136717770878e+03,sinkhorn_cellsim
8.911545e+00,16861,9.27960168150555e-05,5.24252830340867e-02,1.04136717944058e+03,sinkhorn_cellsim
8.921607e+00,16881,9.27148173550657e-05,5.24252864054042e-02,1.04136718117170e+03,sinkhorn_cellsim
8.931690e+00,16901,9.26352793507226e-05,5.24252897314808e-02,1.04136718290217e+03,sinkhorn_cellsim
8.941763e+00,16921,9.25573805050555e-05,5.24252930123201e-02,1.04136718463200e+03,sinkhorn_cellsim
8.951843e+00,16941,9.24810973667206e-05,5.24252962479729e-02,1.04136718636122e+03,sinkhorn_cellsim
8.961917e+00,16961,9.24064054567572e-05,5.24252994385158e-02,1.04136718808985e+03,sinkhorn_cellsim
8.971990e+00,16981,9.23332793200930e-05,5.24253025840631e-02,1.04136718981791e+03,sinkhorn_cellsim
8.982061e+00,17001,9.22616926129850e-05,5.24253056847668e-02,1.04136719154542e+03,sinkhorn_cellsim
8.992133e+00,17021,9.21916181937501e-05,5.24253087408030e-02,1.04136719327239e+03,sinkhorn_cellsim
9.002205e+00,17041,9.21230281819333e-05,5.24253117523813e-02,1.04136719499885e+03,sinkhorn_cellsim
9.012281e+00,17061,9.20558940163040e-05,5.24253147197451e-02,1.04136719672481e+03,sinkhorn_cellsim
9.022361e+00,17081,9.19901865264595e-05,5.24253176431693e-02,1.04136719845028e+03,sinkhorn_cellsim
9.032441e+00,17101,9.19258760022173e-05,5.24253205229531e-02,1.04136720017528e+03,sinkhorn_cellsim
9.042516e+00,17121,9.18629322484714e-05,5.24253233594260e-02,1.04136720189981e+03,sinkhorn_cellsim
9.052599e+00,17141,9.18032574370642e-05,5.24253261529406e-02,1.04136720362390e+03,sinkhorn_cellsim
9.062676e+00,17161,9.17450475633556e-05,5.24253289038867e-02,1.04136720534755e+03,sinkhorn_cellsim
9.072755e+00,17181,9.16880888985855e-05,5.24253316126624e-02,1.04136720707077e+03,sinkhorn_cellsim
9.082827e+00,17201,9.16323488586607e-05,5.24253342797061e-02,1.04136720879357e+03,sinkhorn_cellsim
9.092910e+00,17221,9.15777946848810e-05,5.24253369054743e-02,1.04136721051596e+03,sinkhorn_cellsim
9.102984e+00,17241,9.15243934872101e-05,5.24253394904425e-02,1.04136721223795e+03,sinkhorn_cellsim
9.113065e+00,17261,9.14721122627237e-05,5.24253420351087e-02,1.04136721395954e+03,sinkhorn_cellsim
9.123141e+00,17281,9.14209179147698e-05,5.24253445399934e-02,1.04136721568074e+03,sinkhorn_cellsim
9.133227e+00,17301,9.13707772822494e-05,5.24253470056398e-02,1.04136721740156e+03,sinkhorn_cellsim
9.143307e+00,17321,9.13216571915493e-05,5.24253494326027e-02,1.04136721912199e+03,sinkhorn_cellsim
9.153391e+00,17341,9.12735244139444e-05,5.24253518214638e-02,1.04136722084204e+03,sinkhorn_cellsim
9.163459e+00,17361,9.12263457478935e-05,5.24253541728154e-02,1.04136722256172e+03,sinkhorn_cellsim
9.173537e+00,17381,9.11800879991241e-05,5.24253564872674e-02,1.04136722428102e+03,sinkhorn_cellsim
9.183624e+00,17401,9.11347179820103e-05,5.24253587654485e-02,1.04136722599995e+03,sinkhorn_cellsim
9.193700e+00,17421,9.10902025729028e-05,5.24253610079946e-02,1.04136722771851e+03,sinkhorn_cellsim
9.203778e+00,17441,9.10465086481592e-05,5.24253632155690e-02,1.04136722943670e+03,sinkhorn_cellsim
9.213853e+00,17461,9.10036031709418e-05,5.24253653888354e-02,1.04136723115451e+03,sinkhorn_cellsim
9.223919e+00,17481,9.09614531169045e-05,5.24253675284780e-02,1.04136723287195e+03,sinkhorn_cellsim
9.233989e+00,17501,9.09200255386095e-05,5.24253696351888e-02,1.04136723458901e+03,sinkhorn_cellsim
9.244059e+00,17521,9.08792875116417e-05,5.24253717096795e-02,1.04136723630569e+03,sinkhorn_cellsim
9.254137e+00,17541,9.08392061719954e-05,5.24253737526633e-02,1.04136723802199e+03,sinkhorn_cellsim
9.264203e+00,17561,9.07997486782067e-05,5.24253757648753e-02,1.04136723973790e+03,sinkhorn_cellsim
9.274288e+00,17581,9.07608822738678e-05,5.24253777470426e-02,1.04136724145342e+03,sinkhorn_cellsim
9.284361e+00,17601,9.07225741505764e-05,5.24253796999238e-02,1.04136724316854e+03,sinkhorn_cellsim
9.294446e+00,17621,9.06847915864641e-05,5.24253816242699e-02,1.04136724488326e+03,sinkhorn_cellsim
9.304529e+00,17641,9.06475018270295e-05,5.24253835208520e-02,1.04136724659756e+03,sinkhorn_cellsim
9.314605e+00,17661,9.06106721185060e-05,5.24253853904476e-02,1.04136724831145e+03,sinkhorn_cellsim
9.324675e+00,17681,9.05742697126741e-05,5.24253872338339e-02,1.04136725002491e+03,sinkhorn_cellsim
9.334748e+00,17701,9.05382618045349e-05,5.24253890518077e-02,1.04136725173793e+03,sinkhorn_cellsim
9.344829e+00,17721,9.05026155615436e-05,5.24253908451643e-02,1.04136725345051e+03,sinkhorn_cellsim
9.354904e+00,17741,9.04672980424331e-05,5.24253926147208e-02,1.04136725516263e+03,sinkhorn_cellsim
9.364968e+00,17761,9.04322762867959e-05,5.24253943612843e-02,1.04136725687428e+03,sinkhorn_cellsim
9.375050e+00,17781,9.03975171840003e-05,5.24253960856807e-02,1.04136725858545e+03,sinkhorn_cellsim
9.385131e+00,17801,9.03629875484062e-05,5.24253977887372e-02,1.04136726029614e+03,sinkhorn_cellsim
9.395210e+00,17821,9.03286540043811e-05,5.24253994712945e-02,1.04136726200632e+03,sinkhorn_cellsim
9.405284e+00,17841,9.02944830387193e-05,5.24254011341967e-02,1.04136726371598e+03,sinkhorn_cellsim
9.415361e+00,17861,9.02604409794970e-05,5.24254027782912e-02,1.04136726542510e+03,sinkhorn_cellsim
9.425430e+00,17881,9.02264938861062e-05,5.24254044044457e-02,1.04136726713368e+03,sinkhorn_cellsim
9.435506e+00,17901,9.01926076503171e-05,5.24254060135187e-02,1.04136726884170e+03,sinkhorn_cellsim
9.445578e+00,17921,9.01587478906212e-05,5.24254076063821e-02,1.04136727054913e+03,sinkhorn_cellsim
9.455652e+00,17941,9.01248798988636e-05,5.24254091839287e-02,1.04136727225596e+03,sinkhorn_cellsim
9.465726e+00,17961,9.00909687489412e-05,5.24254107470322e-02,1.04136727396218e+03,sinkhorn_cellsim
9.475799e+00,17981,9.00569791103238e-05,5.24254122965998e-02,1.04136727566775e+03,sinkhorn_cellsim
9.485872e+00,18001,9.00228753178140e-05,5.24254138335323e-02,1.04136727737267e+03,sinkhorn_cellsim
9.495941e+00,18021,8.99886213380891e-05,5.24254153587400e-02,1.04136727907691e+03,sinkhorn_cellsim
9.506014e+00,18041,8.99541807162370e-05,5.24254168731418e-02,1.04136728078045e+03,sinkhorn_cellsim
9.516094e+00,18061,8.99195165155450e-05,5.24254183776754e-02,1.04136728248326e+03,sinkhorn_cellsim
9.526168e+00,18081,8.98845914018540e-05,5.24254198732701e-02,1.04136728418532e+03,sinkhorn_cellsim
9.536238e+00,18101,8.98493674894396e-05,5.24254213608779e-02,1.04136728588661e+03,sinkhorn_cellsim
9.546315e+00,18121,8.98138063880856e-05,5.24254228414510e-02,1.04136728758710e+03,sinkhorn_cellsim
9.556393e+00,18141,8.97778691447441e-05,5.24254243159597e-02,1.04136728928677e+03,sinkhorn_cellsim
9.566451e+00,18161,8.97415162234031e-05,5.24254257853744e-02,1.04136729098558e+03,sinkhorn_cellsim
9.592735e+00,18181,8.97047074617147e-05,5.24254272506877e-02,1.04136729268350e+03,sinkhorn_cellsim
9.602844e+00,18201,8.96674020688949e-05,5.24254287128920e-02,1.04136729438051e+03,sinkhorn_cellsim
9.612905e+00,18221,8.96295585556452e-05,5.24254301729998e-02,1.04136729607657e+03,sinkhorn_cellsim
9.623800e+00,18241,8.95911347547424e-05,5.24254316320241e-02,1.04136729777166e+03,sinkhorn_cellsim
9.633968e+00,18261,8.95520877651218e-05,5.24254330909960e-02,1.04136729946573e+03,sinkhorn_cellsim
9.644038e+00,18281,8.95123738764704e-05,5.24254345509631e-02,1.04136730115876e+03,sinkhorn_cellsim
9.654168e+00,18301,8.94735532733602e-05,5.24254360129836e-02,1.04136730285070e+03,sinkhorn_cellsim
9.664227e+00,18321,8.94430041554888e-05,5.24254374781167e-02,1.04136730454152e+03,sinkhorn_cellsim
9.674293e+00,18341,8.94113461244676e-05,5.24254389474502e-02,1.04136730623119e+03,sinkhorn_cellsim
9.684351e+00,18361,8.93785407739149e-05,5.24254404220762e-02,1.04136730791965e+03,sinkhorn_cellsim
9.694416e+00,18381,8.93445485427387e-05,5.24254419031052e-02,1.04136730960687e+03,sinkhorn_cellsim
9.704475e+00,18401,8.93093287011425e-05,5.24254433916619e-02,1.04136731129281e+03,sinkhorn_cellsim
9.714530e+00,18421,8.92728393519776e-05,5.24254448888822e-02,1.04136731297743e+03,sinkhorn_cellsim
9.724575e+00,18441,8.92350373622913e-05,5.24254463959218e-02,1.04136731466066e+03,sinkhorn_cellsim
9.734628e+00,18461,8.91958784039517e-05,5.24254479139477e-02,1.04136731634248e+03,sinkhorn_cellsim
9.744688e+00,18481,8.91553168934677e-05,5.24254494441406e-02,1.04136731802283e+03,sinkhorn_cellsim
9.754752e+00,18501,8.91133059814561e-05,5.24254509877051e-02,1.04136731970165e+03,sinkhorn_cellsim
9.764811e+00,18521,8.90697975516122e-05,5.24254525458560e-02,1.04136732137891e+03,sinkhorn_cellsim
9.774870e+00,18541,8.90247421981312e-05,5.24254541198256e-02,1.04136732305454e+03,sinkhorn_cellsim
9.784929e+00,18561,8.89780892228589e-05,5.24254557108630e-02,1.04136732472849e+03,sinkhorn_cellsim
9.794991e+00,18581,8.89297865947789e-05,5.24254573202379e-02,1.04136732640070e+03,sinkhorn_cellsim
9.805059e+00,18601,8.88797810076655e-05,5.24254589492269e-02,1.04136732807112e+03,sinkhorn_cellsim
9.815120e+00,18621,8.88280177938967e-05,5.24254605991323e-02,1.04136732973967e+03,sinkhorn_cellsim
9.825182e+00,18641,8.87744409813757e-05,5.24254622712715e-02,1.04136733140631e+03,sinkhorn_cellsim
9.835243e+00,18661,8.87189932402860e-05,5.24254639669839e-02,1.04136733307097e+03,sinkhorn_cellsim
9.845312e+00,18681,8.86616159736822e-05,5.24254656876144e-02,1.04136733473358e+03,sinkhorn_cellsim
9.855370e+00,18701,8.86022492089449e-05,5.24254674345341e-02,1.04136733639408e+03,sinkhorn_cellsim
9.865423e+00,18721,8.85408317020878e-05,5.24254692091280e-02,1.04136733805239e+03,sinkhorn_cellsim
9.875486e+00,18741,8.84773008980395e-05,5.24254710127974e-02,1.04136733970844e+03,sinkhorn_cellsim
9.885541e+00,18761,8.84115929623151e-05,5.24254728469615e-02,1.04136734136216e+03,sinkhorn_cellsim
9.895607e+00,18781,8.83436427979156e-05,5.24254747130573e-02,1.04136734301348e+03,sinkhorn_cellsim
9.905670e+00,18801,8.82733840797676e-05,5.24254766125357e-02,1.04136734466232e+03,sinkhorn_cellsim
9.915734e+00,18821,8.82007493051206e-05,5.24254785468546e-02,1.04136734630859e+03,sinkhorn_cellsim
9.925799e+00,18841,8.81256697537382e-05,5.24254805175038e-02,1.04136734795222e+03,sinkhorn_cellsim
9.935865e+00,18861,8.80480756334738e-05,5.24254825259683e-02,1.04136734959313e+03,sinkhorn_cellsim
9.945924e+00,18881,8.79678960342658e-05,5.24254845737602e-02,1.04136735123123e+03,sinkhorn_cellsim
9.955988e+00,18901,8.78850590328133e-05,5.24254866623990e-02,1.04136735286643e+03,sinkhorn_cellsim
9.966042e+00,18921,8.77994917505134e-05,5.24254887934114e-02,1.04136735449865e+03,sinkhorn_cellsim
9.976116e+00,18941,8.77111204051120e-05,5.24254909683406e-02,1.04136735612779e+03,sinkhorn_cellsim
9.986172e+00,18961,8.76198703521337e-05,5.24254931887405e-02,1.04136735775376e+03,sinkhorn_cellsim
9.996225e+00,18981,8.75256662630850e-05,5.24254954561611e-02,1.04136735937647e+03,sinkhorn_cellsim
1.000628e+01,19001,8.74284320951228e-05,5.24254977721713e-02,1.04136736099581e+03,sinkhorn_cellsim
1.001633e+01,19021,8.73280912923902e-05,5.24255001383350e-02,1.04136736261170e+03,sinkhorn_cellsim
1.002639e+01,19041,8.72245667829110e-05,5.24255025562290e-02,1.04136736422403e+03,sinkhorn_cellsim
1.003645e+01,19061,8.71177812019497e-05,5.24255050274241e-02,1.04136736583270e+03,sinkhorn_cellsim
1.004650e+01,19081,8.70076569308784e-05,5.24255075534936e-02,1.04136736743761e+03,sinkhorn_cellsim
1.005655e+01,19101,8.68941162808209e-05,5.24255101360023e-02,1.04136736903864e+03,sinkhorn_cellsim
1.006660e+01,19121,8.67770815706210e-05,5.24255127765247e-02,1.04136737063570e+03,sinkhorn_cellsim
1.007667e+01,19141,8.66564753816576e-05,5.24255154766067e-02,1.04136737222868e+03,sinkhorn_cellsim
1.008671e+01,19161,8.65322205827726e-05,5.24255182378040e-02,1.04136737381746e+03,sinkhorn_cellsim
1.009677e+01,19181,8.64042405993460e-05,5.24255210616527e-02,1.04136737540194e+03,sinkhorn_cellsim
1.010682e+01,19201,8.62724595809299e-05,5.24255239496638e-02,1.04136737698200e+03,sinkhorn_cellsim
1.011687e+01,19221,8.61368025183870e-05,5.24255269033483e-02,1.04136737855753e+03,sinkhorn_cellsim
1.012693e+01,19241,8.59971955203986e-05,5.24255299241853e-02,1.04136738012841e+03,sinkhorn_cellsim
1.013698e+01,19261,8.58535659942101e-05,5.24255330136293e-02,1.04136738169453e+03,sinkhorn_cellsim
1.014704e+01,19281,8.57058428331287e-05,5.24255361731161e-02,1.04136738325578e+03,sinkhorn_cellsim
1.015710e+01,19301,8.55539567077461e-05,5.24255394040358e-02,1.04136738481203e+03,sinkhorn_cellsim
1.016716e+01,19321,8.53978402155886e-05,5.24255427077611e-02,1.04136738636317e+03,sinkhorn_cellsim
1.017721e+01,19341,8.52374282198591e-05,5.24255460856117e-02,1.04136738790908e+03,sinkhorn_cellsim
1.018726e+01,19361,8.50726580080497e-05,5.24255495388789e-02,1.04136738944965e+03,sinkhorn_cellsim
1.019731e+01,19381,8.49034696073448e-05,5.24255530687977e-02,1.04136739098475e+03,sinkhorn_cellsim
1.020735e+01,19401,8.47298060594636e-05,5.24255566765559e-02,1.04136739251427e+03,sinkhorn_cellsim
1.021741e+01,19421,8.45516136242953e-05,5.24255603632967e-02,1.04136739403809e+03,sinkhorn_cellsim
1.022745e+01,19441,8.43688421343445e-05,5.24255641300992e-02,1.04136739555609e+03,sinkhorn_cellsim
1.023751e+01,19461,8.41814452591012e-05,5.24255679779735e-02,1.04136739706817e+03,sinkhorn_cellsim
1.024757e+01,19481,8.39893807235632e-05,5.24255719078818e-02,1.04136739857420e+03,sinkhorn_cellsim
1.025762e+01,19501,8.37926107061782e-05,5.24255759207029e-02,1.04136740007407e+03,sinkhorn_cellsim
1.026768e+01,19521,8.35911020170866e-05,5.24255800172498e-02,1.04136740156767e+03,sinkhorn_cellsim
1.027773e+01,19541,8.33848264866204e-05,5.24255841982520e-02,1.04136740305489e+03,sinkhorn_cellsim
1.028778e+01,19561,8.31737611699396e-05,5.24255884643640e-02,1.04136740453562e+03,sinkhorn_cellsim
1.029784e+01,19581,8.29578886870693e-05,5.24255928161479e-02,1.04136740600976e+03,sinkhorn_cellsim
1.030789e+01,19601,8.27375553763455e-05,5.24255972540845e-02,1.04136740747720e+03,sinkhorn_cellsim
1.031794e+01,19621,8.25144684286903e-05,5.24256017785555e-02,1.04136740893785e+03,sinkhorn_cellsim
1.032799e+01,19641,8.22865660595665e-05,5.24256063898523e-02,1.04136741039160e+03,sinkhorn_cellsim
1.033805e+01,19661,8.20538529035747e-05,5.24256110881636e-02,1.04136741183836e+03,sinkhorn_cellsim
1.034810e+01,19681,8.18163403445983e-05,5.24256158735721e-02,1.04136741327804e+03,sinkhorn_cellsim
1.035815e+01,19701,8.15740467579356e-05,5.24256207460592e-02,1.04136741471055e+03,sinkhorn_cellsim
1.036820e+01,19721,8.13269977054023e-05,5.24256257054988e-02,1.04136741613582e+03,sinkhorn_cellsim
1.037825e+01,19741,8.10752261914316e-05,5.24256307516513e-02,1.04136741755376e+03,sinkhorn_cellsim
1.038830e+01,19761,8.08187728190619e-05,5.24256358841606e-02,1.04136741896430e+03,sinkhorn_cellsim
1.039834e+01,19781,8.05576859361947e-05,5.24256411025693e-02,1.04136742036738e+03,sinkhorn_cellsim
1.040839e+01,19801,8.02920974332796e-05,5.24256464062856e-02,1.04136742176292e+03,sinkhorn_cellsim
1.041843e+01,19821,8.00227566675223e-05,5.24256517946109e-02,1.04136742315087e+03,sinkhorn_cellsim
1.042848e+01,19841,7.97489557313522e-05,5.24256572667256e-02,1.04136742453118e+03,sinkhorn_cellsim
1.043853e+01,19861,7.94707740735559e-05,5.24256628216912e-02,1.04136742590379e+03,sinkhorn_cellsim
1.044858e+01,19881,7.91882994208541e-05,5.24256684584513e-02,1.04136742726868e+03,sinkhorn_cellsim
1.045864e+01,19901,7.89016278144911e-05,5.24256741758290e-02,1.04136742862580e+03,sinkhorn_cellsim
1.046869e+01,19921,7.86108635934180e-05,5.24256799725224e-02,1.04136742997513e+03,sinkhorn_cellsim
1.047874e+01,19941,7.83161193106340e-05,5.24256858471262e-02,1.04136743131665e+03,sinkhorn_cellsim
1.048879e+01,19961,7.80175157259808e-05,5.24256917981047e-02,1.04136743265033e+03,sinkhorn_cellsim
1.049885e+01,19981,7.77151816224577e-05,5.24256978238244e-02,1.04136743397617e+03,sinkhorn_cellsim
1.050890e+01,20001,7.74092537320543e-05,5.24257039225191e-02,1.04136743529417e+03,sinkhorn_cellsim
1.051896e+01,20021,7.70998764840969e-05,5.24257100923350e-02,1.04136743660434e+03,sinkhorn_cellsim
1.052900e+01,20041,7.67872018508181e-05,5.24257163312996e-02,1.04136743790668e+03,sinkhorn_cellsim
1.053906e+01,20061,7.64713890755094e-05,5.24257226373417e-02,1.04136743920122e+03,sinkhorn_cellsim
1.054911e+01,20081,7.61526043884822e-05,5.24257290082879e-02,1.04136744048797e+03,sinkhorn_cellsim
1.055915e+01,20101,7.58310206977873e-05,5.24257354418760e-02,1.04136744176698e+03,sinkhorn_cellsim
1.056920e+01,20121,7.55068172207560e-05,5.24257419357544e-02,1.04136744303829e+03,sinkhorn_cellsim
1.057926e+01,20141,7.51801791374010e-05,5.24257484874857e-02,1.04136744430193e+03,sinkhorn_cellsim
1.058930e+01,20161,7.48512971986470e-05,5.24257550945425e-02,1.04136744555797e+03,sinkhorn_cellsim
1.059936e+01,20181,7.45203672195093e-05,5.24257617543424e-02,1.04136744680646e+03,sinkhorn_cellsim
1.060940e+01,20201,7.41884211020277e-05,5.24257684642177e-02,1.04136744804747e+03,sinkhorn_cellsim
1.061945e+01,20221,7.38551399050968e-05,5.24257752214505e-02,1.04136744928107e+03,sinkhorn_cellsim
1.062951e+01,20241,7.35206510687526e-05,5.24257820232554e-02,1.04136745050734e+03,sinkhorn_cellsim
1.063956e+01,20261,7.31863604160601e-05,5.24257888668110e-02,1.04136745172637e+03,sinkhorn_cellsim
1.064961e+01,20281,7.28516366306907e-05,5.24257957492365e-02,1.04136745293825e+03,sinkhorn_cellsim
1.065965e+01,20301,7.25161844388445e-05,5.24258026676283e-02,1.04136745414307e+03,sinkhorn_cellsim
1.066970e+01,20321,7.21800886222110e-05,5.24258096190386e-02,1.04136745534093e+03,sinkhorn_cellsim
1.067975e+01,20341,7.18434999349805e-05,5.24258166005125e-02,1.04136745653195e+03,sinkhorn_cellsim
1.068980e+01,20361,7.15066324761145e-05,5.24258236090647e-02,1.04136745771623e+03,sinkhorn_cellsim
1.069986e+01,20381,7.11697154679080e-05,5.24258306417064e-02,1.04136745889389e+03,sinkhorn_cellsim
1.070991e+01,20401,7.08335357468994e-05,5.24258376954414e-02,1.04136746006505e+03,sinkhorn_cellsim
1.071996e+01,20421,7.04995181569024e-05,5.24258447672717e-02,1.04136746122983e+03,sinkhorn_cellsim
1.073001e+01,20441,7.01660858694532e-05,5.24258518542231e-02,1.04136746238836e+03,sinkhorn_cellsim
1.074005e+01,20461,6.98333069948348e-05,5.24258589533206e-02,1.04136746354077e+03,sinkhorn_cellsim
1.075009e+01,20481,6.95013856409526e-05,5.24258660616199e-02,1.04136746468718e+03,sinkhorn_cellsim
1.076013e+01,20501,6.91705232304431e-05,5.24258731761998e-02,1.04136746582775e+03,sinkhorn_cellsim
1.077018e+01,20521,6.88410241534796e-05,5.24258802941685e-02,1.04136746696260e+03,sinkhorn_cellsim
1.078024e+01,20541,6.85131823499662e-05,5.24258874126805e-02,1.04136746809188e+03,sinkhorn_cellsim
1.079028e+01,20561,6.81869326083267e-05,5.24258945289276e-02,1.04136746921572e+03,sinkhorn_cellsim
1.080034e+01,20581,6.78624617996236e-05,5.24259016401468e-02,1.04136747033427e+03,sinkhorn_cellsim
1.081039e+01,20601,6.75399520132100e-05,5.24259087436331e-02,1.04136747144766e+03,sinkhorn_cellsim
1.082044e+01,20621,6.72195801698410e-05,5.24259158367377e-02,1.04136747255606e+03,sinkhorn_cellsim
1.083048e+01,20641,6.69015177554377e-05,5.24259229168652e-02,1.04136747365958e+03,sinkhorn_cellsim
1.084052e+01,20661,6.65859304241436e-05,5.24259299814910e-02,1.04136747475839e+03,sinkhorn_cellsim
1.085058e+01,20681,6.62729777551142e-05,5.24259370281587e-02,1.04136747585262e+03,sinkhorn_cellsim
1.086063e+01,20701,6.59628129700152e-05,5.24259440544747e-02,1.04136747694241e+03,sinkhorn_cellsim
1.087068e+01,20721,6.56555827223356e-05,5.24259510581241e-02,1.04136747802791e+03,sinkhorn_cellsim
1.088074e+01,20741,6.53514268541160e-05,5.24259580368664e-02,1.04136747910925e+03,sinkhorn_cellsim
1.089077e+01,20761,6.50504782593252e-05,5.24259649885368e-02,1.04136748018658e+03,sinkhorn_cellsim
1.090082e+01,20781,6.47528627293341e-05,5.24259719110514e-02,1.04136748126003e+03,sinkhorn_cellsim
1.091088e+01,20801,6.44586988515091e-05,5.24259788024001e-02,1.04136748232974e+03,sinkhorn_cellsim
1.092094e+01,20821,6.41681849645279e-05,5.24259856606683e-02,1.04136748339584e+03,sinkhorn_cellsim
1.093099e+01,20841,6.38815877580813e-05,5.24259924840046e-02,1.04136748445846e+03,sinkhorn_cellsim
1.094105e+01,20861,6.35987867597054e-05,5.24259992706580e-02,1.04136748551772e+03,sinkhorn_cellsim
1.095110e+01,20881,6.33198696522579e-05,5.24260060189466e-02,1.04136748657377e+03,sinkhorn_cellsim
1.096115e+01,20901,6.30449167420310e-05,5.24260127272775e-02,1.04136748762671e+03,sinkhorn_cellsim
1.097120e+01,20921,6.27740010088724e-05,5.24260193941438e-02,1.04136748867667e+03,sinkhorn_cellsim
1.098127e+01,20941,6.25071882049214e-05,5.24260260181140e-02,1.04136748972377e+03,sinkhorn_cellsim
1.099132e+01,20961,6.22445369206590e-05,5.24260325978397e-02,1.04136749076813e+03,sinkhorn_cellsim
1.100137e+01,20981,6.19860986997236e-05,5.24260391320599e-02,1.04136749180984e+03,sinkhorn_cellsim
1.101142e+01,21001,6.17324853993846e-05,5.24260456195799e-02,1.04136749284904e+03,sinkhorn_cellsim
1.102148e+01,21021,6.14832559452874e-05,5.24260520592919e-02,1.04136749388581e+03,sinkhorn_cellsim
1.103154e+01,21041,6.12383563005559e-05,5.24260584501709e-02,1.04136749492026e+03,sinkhorn_cellsim
1.104160e+01,21061,6.09978105660116e-05,5.24260647912523e-02,1.04136749595249e+03,sinkhorn_cellsim
1.105166e+01,21081,6.07616366194371e-05,5.24260710816601e-02,1.04136749698261e+03,sinkhorn_cellsim
1.106171e+01,21101,6.05298463927066e-05,5.24260773205780e-02,1.04136749801069e+03,sinkhorn_cellsim
1.107177e+01,21121,6.03024460243012e-05,5.24260835072720e-02,1.04136749903683e+03,sinkhorn_cellsim
1.108182e+01,21141,6.00794361386380e-05,5.24260896410638e-02,1.04136750006112e+03,sinkhorn_cellsim
1.109188e+01,21161,5.98608120234889e-05,5.24260957213468e-02,1.04136750108365e+03,sinkhorn_cellsim
1.110194e+01,21181,5.96465638677706e-05,5.24261017475870e-02,1.04136750210448e+03,sinkhorn_cellsim
1.111199e+01,21201,5.94366770464904e-05,5.24261077192954e-02,1.04136750312371e+03,sinkhorn_cellsim
1.112205e+01,21221,5.92311322574617e-05,5.24261136360594e-02,1.04136750414140e+03,sinkhorn_cellsim
1.113211e+01,21241,5.90301993301286e-05,5.24261194975156e-02,1.04136750515762e+03,sinkhorn_cellsim
1.114217e+01,21261,5.88350308279713e-05,5.24261253033526e-02,1.04136750617245e+03,sinkhorn_cellsim
1.115222e+01,21281,5.86442915433292e-05,5.24261310533247e-02,1.04136750718595e+03,sinkhorn_cellsim
1.116228e+01,21301,5.84578035561395e-05,5.24261367472300e-02,1.04136750819818e+03,sinkhorn_cellsim
1.117233e+01,21321,5.82756781794740e-05,5.24261423849112e-02,1.04136750920921e+03,sinkhorn_cellsim
1.118239e+01,21341,5.80978088451194e-05,5.24261479662693e-02,1.04136751021909e+03,sinkhorn_cellsim
1.119244e+01,21361,5.79250000356220e-05,5.24261534912391e-02,1.04136751122788e+03,sinkhorn_cellsim
1.120250e+01,21381,5.77568291465714e-05,5.24261589598033e-02,1.04136751223562e+03,sinkhorn_cellsim
1.121255e+01,21401,5.75933888494029e-05,5.24261643719889e-02,1.04136751324238e+03,sinkhorn_cellsim
1.122260e+01,21421,5.74339389576762e-05,5.24261697278551e-02,1.04136751424819e+03,sinkhorn_cellsim
1.123266e+01,21441,5.72783869364148e-05,5.24261750275050e-02,1.04136751525311e+03,sinkhorn_cellsim
1.124271e+01,21461,5.71266707331481e-05,5.24261802710636e-02,1.04136751625718e+03,sinkhorn_cellsim
1.125277e+01,21481,5.69787267911852e-05,5.24261854587045e-02,1.04136751726043e+03,sinkhorn_cellsim
1.126283e+01,21501,5.68344903086882e-05,5.24261905906284e-02,1.04136751826291e+03,sinkhorn_cellsim
1.127288e+01,21521,5.66938954214916e-05,5.24261956670507e-02,1.04136751926465e+03,sinkhorn_cellsim
1.128294e+01,21541,5.65568752614527e-05,5.24262006882390e-02,1.04136752026570e+03,sinkhorn_cellsim
1.129300e+01,21561,5.64233622516077e-05,5.24262056544651e-02,1.04136752126607e+03,sinkhorn_cellsim
1.130305e+01,21581,5.62932881361506e-05,5.24262105660415e-02,1.04136752226581e+03,sinkhorn_cellsim
1.131311e+01,21601,5.61665841979182e-05,5.24262154232915e-02,1.04136752326495e+03,sinkhorn_cellsim
1.132317e+01,21621,5.60431813359545e-05,5.24262202265702e-02,1.04136752426351e+03,sinkhorn_cellsim
1.133323e+01,21641,5.59230102405446e-05,5.24262249762433e-02,1.04136752526152e+03,sinkhorn_cellsim
1.134329e+01,21661,5.58060014629680e-05,5.24262296727041e-02,1.04136752625901e+03,sinkhorn_cellsim
1.135334e+01,21681,5.56920855604132e-05,5.24262343163533e-02,1.04136752725599e+03,sinkhorn_cellsim
1.136339e+01,21701,5.55811931659864e-05,5.24262389076170e-02,1.04136752825250e+03,sinkhorn_cellsim
1.137344e+01,21721,5.54740098495046e-05,5.24262434469374e-02,1.04136752924855e+03,sinkhorn_cellsim
1.138350e+01,21741,5.53701482259955e-05,5.24262479347606e-02,1.04136753024416e+03,sinkhorn_cellsim
1.139356e+01,21761,5.52690840330544e-05,5.24262523715498e-02,1.04136753123935e+03,sinkhorn_cellsim
1.140362e+01,21781,5.51707490521133e-05,5.24262567577899e-02,1.04136753223414e+03,sinkhorn_cellsim
1.141367e+01,21801,5.50750756405372e-05,5.24262610939624e-02,1.04136753322855e+03,sinkhorn_cellsim
1.142372e+01,21821,5.49819966867552e-05,5.24262653805708e-02,1.04136753422259e+03,sinkhorn_cellsim
1.143378e+01,21841,5.48914457434653e-05,5.24262696181231e-02,1.04136753521627e+03,sinkhorn_cellsim
1.144383e+01,21861,5.48033570717213e-05,5.24262738071299e-02,1.04136753620961e+03,sinkhorn_cellsim
1.145389e+01,21881,5.47176656020609e-05,5.24262779481230e-02,1.04136753720262e+03,sinkhorn_cellsim
1.146393e+01,21901,5.46343070949371e-05,5.24262820416293e-02,1.04136753819531e+03,sinkhorn_cellsim
1.147399e+01,21921,5.45532180810167e-05,5.24262860881877e-02,1.04136753918769e+03,sinkhorn_cellsim
1.148405e+01,21941,5.44743359189892e-05,5.24262900883461e-02,1.04136754017977e+03,sinkhorn_cellsim
1.149410e+01,21961,5.43975988569153e-05,5.24262940426516e-02,1.04136754117157e+03,sinkhorn_cellsim
1.150416e+01,21981,5.43229459946663e-05,5.24262979516575e-02,1.04136754216308e+03,sinkhorn_cellsim
1.151421e+01,22001,5.42503173402403e-05,5.24263018159285e-02,1.04136754315432e+03,sinkhorn_cellsim
1.152427e+01,22021,5.41796538072713e-05,5.24263056360273e-02,1.04136754414529e+03,sinkhorn_cellsim
1.153433e+01,22041,5.41108972632167e-05,5.24263094125182e-02,1.04136754513600e+03,sinkhorn_cellsim
1.154440e+01,22061,5.40439904874428e-05,5.24263131459733e-02,1.04136754612646e+03,sinkhorn_cellsim
1.155445e+01,22081,5.39788771914858e-05,5.24263168369654e-02,1.04136754711666e+03,sinkhorn_cellsim
1.156451e+01,22101,5.39155020464209e-05,5.24263204860739e-02,1.04136754810662e+03,sinkhorn_cellsim
1.157457e+01,22121,5.38538106554618e-05,5.24263240938765e-02,1.04136754909633e+03,sinkhorn_cellsim
1.158462e+01,22141,5.37937495649379e-05,5.24263276609559e-02,1.04136755008581e+03,sinkhorn_cellsim
1.159468e+01,22161,5.37352662579341e-05,5.24263311878953e-02,1.04136755107505e+03,sinkhorn_cellsim
1.160473e+01,22181,5.36783091538638e-05,5.24263346752778e-02,1.04136755206405e+03,sinkhorn_cellsim
1.161479e+01,22201,5.36228275945061e-05,5.24263381236898e-02,1.04136755305282e+03,sinkhorn_cellsim
1.162485e+01,22221,5.35687718099954e-05,5.24263415337280e-02,1.04136755404135e+03,sinkhorn_cellsim
1.163490e+01,22241,5.35160929824174e-05,5.24263449059721e-02,1.04136755502966e+03,sinkhorn_cellsim
1.164497e+01,22261,5.34647431341129e-05,5.24263482410221e-02,1.04136755601773e+03,sinkhorn_cellsim
1.165503e+01,22281,5.34146751816976e-05,5.24263515394713e-02,1.04136755700557e+03,sinkhorn_cellsim
1.166509e+01,22301,5.33658429261591e-05,5.24263548019054e-02,1.04136755799317e+03,sinkhorn_cellsim
1.167514e+01,22321,5.33182009835650e-05,5.24263580289285e-02,1.04136755898054e+03,sinkhorn_cellsim
1.168520e+01,22341,5.32717048125341e-05,5.24263612211340e-02,1.04136755996768e+03,sinkhorn_cellsim
1.169526e+01,22361,5.32263106780661e-05,5.24263643791179e-02,1.04136756095457e+03,sinkhorn_cellsim
1.170531e+01,22381,5.31819756290552e-05,5.24263675034861e-02,1.04136756194123e+03,sinkhorn_cellsim
1.171537e+01,22401,5.31386574999300e-05,5.24263705948359e-02,1.04136756292764e+03,sinkhorn_cellsim
1.172543e+01,22421,5.30963149029316e-05,5.24263736537645e-02,1.04136756391380e+03,sinkhorn_cellsim
1.173548e+01,22441,5.30549071110509e-05,5.24263766808853e-02,1.04136756489971e+03,sinkhorn_cellsim
1.174554e+01,22461,5.30143941936051e-05,5.24263796767945e-02,1.04136756588537e+03,sinkhorn_cellsim
1.175560e+01,22481,5.29747368528901e-05,5.24263826421069e-02,1.04136756687077e+03,sinkhorn_cellsim
1.176565e+01,22501,5.29358965005264e-05,5.24263855774217e-02,1.04136756785590e+03,sinkhorn_cellsim
1.177571e+01,22521,5.28978351839879e-05,5.24263884833501e-02,1.04136756884077e+03,sinkhorn_cellsim
1.178577e+01,22541,5.28605155667758e-05,5.24263913605068e-02,1.04136756982536e+03,sinkhorn_cellsim
1.179583e+01,22561,5.28239009210253e-05,5.24263942095079e-02,1.04136757080966e+03,sinkhorn_cellsim
1.180589e+01,22581,5.27879551454061e-05,5.24263970309609e-02,1.04136757179369e+03,sinkhorn_cellsim
1.181595e+01,22601,5.27526426447650e-05,5.24263998254885e-02,1.04136757277741e+03,sinkhorn_cellsim
1.182602e+01,22621,5.27179284010529e-05,5.24264025937095e-02,1.04136757376084e+03,sinkhorn_cellsim
1.183607e+01,22641,5.26837779125150e-05,5.24264053362465e-02,1.04136757474396e+03,sinkhorn_cellsim
1.184613e+01,22661,5.26501571926158e-05,5.24264080537198e-02,1.04136757572676e+03,sinkhorn_cellsim
1.185619e+01,22681,5.26170326910465e-05,5.24264107467641e-02,1.04136757670924e+03,sinkhorn_cellsim
1.186625e+01,22701,5.25843713879896e-05,5.24264134159987e-02,1.04136757769138e+03,sinkhorn_cellsim
1.187631e+01,22721,5.25521406485276e-05,5.24264160620607e-02,1.04136757867318e+03,sinkhorn_cellsim
1.188638e+01,22741,5.25203082552152e-05,5.24264186855914e-02,1.04136757965463e+03,sinkhorn_cellsim
1.189643e+01,22761,5.24888424527734e-05,5.24264212872194e-02,1.04136758063572e+03,sinkhorn_cellsim
1.190649e+01,22781,5.24577960877070e-05,5.24264238675913e-02,1.04136758161644e+03,sinkhorn_cellsim
1.191655e+01,22801,5.24304384363094e-05,5.24264264273540e-02,1.04136758259678e+03,sinkhorn_cellsim
1.192661e+01,22821,5.24032475798828e-05,5.24264289671473e-02,1.04136758357672e+03,sinkhorn_cellsim
1.193667e+01,22841,5.23761962308493e-05,5.24264314876312e-02,1.04136758455626e+03,sinkhorn_cellsim
1.194673e+01,22861,5.23492573736269e-05,5.24264339894608e-02,1.04136758553539e+03,sinkhorn_cellsim
1.195678e+01,22881,5.23224042309241e-05,5.24264364732879e-02,1.04136758651408e+03,sinkhorn_cellsim
1.196685e+01,22901,5.22956101857085e-05,5.24264389397799e-02,1.04136758749234e+03,sinkhorn_cellsim
1.197690e+01,22921,5.22688488542142e-05,5.24264413896000e-02,1.04136758847015e+03,sinkhorn_cellsim
1.198697e+01,22941,5.22420940266625e-05,5.24264438234180e-02,1.04136758944749e+03,sinkhorn_cellsim
1.199703e+01,22961,5.22153196481409e-05,5.24264462419154e-02,1.04136759042435e+03,sinkhorn_cellsim
1.200709e+01,22981,5.21908959530346e-05,5.24264486457575e-02,1.04136759140072e+03,sinkhorn_cellsim
1.201714e+01,23001,5.21701441005237e-05,5.24264510356359e-02,1.04136759237658e+03,sinkhorn_cellsim
1.202720e+01,23021,5.21490994527751e-05,5.24264534122313e-02,1.04136759335191e+03,sinkhorn_cellsim
1.203727e+01,23041,5.21296209654179e-05,5.24264557762313e-02,1.04136759432671e+03,sinkhorn_cellsim
1.204732e+01,23061,5.21129512441661e-05,5.24264581283314e-02,1.04136759530096e+03,sinkhorn_cellsim
1.205738e+01,23081,5.20965133780341e-05,5.24264604692274e-02,1.04136759627464e+03,sinkhorn_cellsim
1.206743e+01,23101,5.20795418003047e-05,5.24264627996166e-02,1.04136759724773e+03,sinkhorn_cellsim
1.207749e+01,23121,5.20620221145456e-05,5.24264651202023e-02,1.04136759822022e+03,sinkhorn_cellsim
1.208754e+01,23141,5.20439397313610e-05,5.24264674316957e-02,1.04136759919209e+03,sinkhorn_cellsim
1.209760e+01,23161,5.20252799280588e-05,5.24264697348048e-02,1.04136760016332e+03,sinkhorn_cellsim
1.210766e+01,23181,5.20060278226078e-05,5.24264720302357e-02,1.04136760113390e+03,sinkhorn_cellsim
1.211772e+01,23201,5.19861683568355e-05,5.24264743187134e-02,1.04136760210380e+03,sinkhorn_cellsim
1.212778e+01,23221,5.19656864126918e-05,5.24264766009458e-02,1.04136760307301e+03,sinkhorn_cellsim
1.213784e+01,23241,5.19445667308661e-05,5.24264788776569e-02,1.04136760404152e+03,sinkhorn_cellsim
1.214790e+01,23261,5.19227939835111e-05,5.24264811495687e-02,1.04136760500929e+03,sinkhorn_cellsim
1.215795e+01,23281,5.19003528123049e-05,5.24264834173955e-02,1.04136760597631e+03,sinkhorn_cellsim
1.216801e+01,23301,5.18772277787314e-05,5.24264856818686e-02,1.04136760694256e+03,sinkhorn_cellsim
1.217807e+01,23321,5.18534034725516e-05,5.24264879437087e-02,1.04136760790803e+03,sinkhorn_cellsim
1.218813e+01,23341,5.18288644973222e-05,5.24264902036390e-02,1.04136760887268e+03,sinkhorn_cellsim
1.219819e+01,23361,5.18035955043769e-05,5.24264924623813e-02,1.04136760983650e+03,sinkhorn_cellsim
1.220824e+01,23381,5.17775812517331e-05,5.24264947206547e-02,1.04136761079947e+03,sinkhorn_cellsim
1.221830e+01,23401,5.17508065768560e-05,5.24264969791799e-02,1.04136761176157e+03,sinkhorn_cellsim
1.222836e+01,23421,5.17232564864595e-05,5.24264992386764e-02,1.04136761272277e+03,sinkhorn_cellsim
1.223841e+01,23441,5.16949161957109e-05,5.24265014998489e-02,1.04136761368305e+03,sinkhorn_cellsim
1.224847e+01,23461,5.16657711109252e-05,5.24265037634120e-02,1.04136761464240e+03,sinkhorn_cellsim
1.225852e+01,23481,5.16358069361277e-05,5.24265060300660e-02,1.04136761560078e+03,sinkhorn_cellsim
1.226858e+01,23501,5.16050096662931e-05,5.24265083005123e-02,1.04136761655818e+03,sinkhorn_cellsim
1.227863e+01,23521,5.15733656574914e-05,5.24265105754411e-02,1.04136761751458e+03,sinkhorn_cellsim
1.228869e+01,23541,5.15408616934472e-05,5.24265128555297e-02,1.04136761846995e+03,sinkhorn_cellsim
1.229875e+01,23561,5.15074849570855e-05,5.24265151414589e-02,1.04136761942426e+03,sinkhorn_cellsim
1.230880e+01,23581,5.14732231799829e-05,5.24265174338873e-02,1.04136762037751e+03,sinkhorn_cellsim
1.231886e+01,23601,5.14380646059445e-05,5.24265197334687e-02,1.04136762132966e+03,sinkhorn_cellsim
1.232891e+01,23621,5.14019980952059e-05,5.24265220408466e-02,1.04136762228069e+03,sinkhorn_cellsim
1.233896e+01,23641,5.13650131513454e-05,5.24265243566489e-02,1.04136762323059e+03,sinkhorn_cellsim
1.234902e+01,23661,5.13271000058594e-05,5.24265266814831e-02,1.04136762417932e+03,sinkhorn_cellsim
1.235907e+01,23681,5.12882496422187e-05,5.24265290159458e-02,1.04136762512687e+03,sinkhorn_cellsim
1.236913e+01,23701,5.12484538353705e-05,5.24265313606233e-02,1.04136762607321e+03,sinkhorn_cellsim
1.237919e+01,23721,5.12077052856674e-05,5.24265337160689e-02,1.04136762701833e+03,sinkhorn_cellsim
1.238925e+01,23741,5.11659975672162e-05,5.24265360828283e-02,1.04136762796220e+03,sinkhorn_cellsim
1.239930e+01,23761,5.11233252880014e-05,5.24265384614166e-02,1.04136762890481e+03,sinkhorn_cellsim
1.240936e+01,23781,5.10796840419336e-05,5.24265408523370e-02,1.04136762984613e+03,sinkhorn_cellsim
1.241941e+01,23801,5.10350705832796e-05,5.24265432560522e-02,1.04136763078613e+03,sinkhorn_cellsim
1.242947e+01,23821,5.09894827394681e-05,5.24265456730201e-02,1.04136763172482e+03,sinkhorn_cellsim
1.243952e+01,23841,5.09429195940368e-05,5.24265481036566e-02,1.04136763266216e+03,sinkhorn_cellsim
1.244957e+01,23861,5.08953814567140e-05,5.24265505483544e-02,1.04136763359813e+03,sinkhorn_cellsim
1.245963e+01,23881,5.08468699461022e-05,5.24265530074702e-02,1.04136763453272e+03,sinkhorn_cellsim
1.246968e+01,23901,5.07973879992456e-05,5.24265554813462e-02,1.04136763546592e+03,sinkhorn_cellsim
1.247974e+01,23921,5.07469399634339e-05,5.24265579702736e-02,1.04136763639770e+03,sinkhorn_cellsim
1.248979e+01,23941,5.06955316006556e-05,5.24265604745246e-02,1.04136763732806e+03,sinkhorn_cellsim
1.249985e+01,23961,5.06431701428738e-05,5.24265629943237e-02,1.04136763825697e+03,sinkhorn_cellsim
1.250991e+01,23981,5.05898643064657e-05,5.24265655298720e-02,1.04136763918443e+03,sinkhorn_cellsim
1.251997e+01,24001,5.05356243239833e-05,5.24265680813263e-02,1.04136764011042e+03,sinkhorn_cellsim
1.253003e+01,24021,5.04804619851103e-05,5.24265706488081e-02,1.04136764103492e+03,sinkhorn_cellsim
1.254008e+01,24041,5.04243906426886e-05,5.24265732323978e-02,1.04136764195794e+03,sinkhorn_cellsim
1.255014e+01,24061,5.03674252117986e-05,5.24265758321387e-02,1.04136764287946e+03,sinkhorn_cellsim
1.256019e+01,24081,5.03095822051528e-05,5.24265784480298e-02,1.04136764379947e+03,sinkhorn_cellsim
1.257026e+01,24101,5.02508797032885e-05,5.24265810800331e-02,1.04136764471797e+03,sinkhorn_cellsim
1.258032e+01,24121,5.01913373508590e-05,5.24265837280733e-02,1.04136764563494e+03,sinkhorn_cellsim
1.259037e+01,24141,5.01309764073985e-05,5.24265863920173e-02,1.04136764655039e+03,sinkhorn_cellsim
1.260044e+01,24161,5.00698196178388e-05,5.24265890717070e-02,1.04136764746431e+03,sinkhorn_cellsim
1.261049e+01,24181,5.00078912808120e-05,5.24265917669356e-02,1.04136764837670e+03,sinkhorn_cellsim
1.262054e+01,24201,4.99452171836336e-05,5.24265944774490e-02,1.04136764928755e+03,sinkhorn_cellsim
1.263060e+01,24221,4.98818245425473e-05,5.24265972029587e-02,1.04136765019687e+03,sinkhorn_cellsim
1.264066e+01,24241,4.98177420015631e-05,5.24265999431273e-02,1.04136765110465e+03,sinkhorn_cellsim
1.265073e+01,24261,4.97529995202257e-05,5.24266026975813e-02,1.04136765201091e+03,sinkhorn_cellsim
1.266078e+01,24281,4.96876283620405e-05,5.24266054659085e-02,1.04136765291564e+03,sinkhorn_cellsim
1.267084e+01,24301,4.96216610309270e-05,5.24266082476433e-02,1.04136765381885e+03,sinkhorn_cellsim
1.268090e+01,24321,4.95551311422482e-05,5.24266110422952e-02,1.04136765472054e+03,sinkhorn_cellsim
1.269096e+01,24341,4.94880733936141e-05,5.24266138493282e-02,1.04136765562072e+03,sinkhorn_cellsim
1.270102e+01,24361,4.94205234519796e-05,5.24266166681719e-02,1.04136765651941e+03,sinkhorn_cellsim
1.271108e+01,24381,4.93525178851667e-05,5.24266194982178e-02,1.04136765741660e+03,sinkhorn_cellsim
1.272114e+01,24401,4.92840940320956e-05,5.24266223388274e-02,1.04136765831231e+03,sinkhorn_cellsim
1.273120e+01,24421,4.92152899593851e-05,5.24266251893156e-02,1.04136765920656e+03,sinkhorn_cellsim
1.274126e+01,24441,4.91461442563830e-05,5.24266280489870e-02,1.04136766009934e+03,sinkhorn_cellsim
1.275132e+01,24461,4.90766960262317e-05,5.24266309171011e-02,1.04136766099069e+03,sinkhorn_cellsim
1.276137e+01,24481,4.90069847050269e-05,5.24266337928992e-02,1.04136766188061e+03,sinkhorn_cellsim
1.277143e+01,24501,4.89370499981325e-05,5.24266366755848e-02,1.04136766276912e+03,sinkhorn_cellsim
1.278148e+01,24521,4.88669317140497e-05,5.24266395643500e-02,1.04136766365623e+03,sinkhorn_cellsim
1.279154e+01,24541,4.87966696554530e-05,5.24266424583629e-02,1.04136766454196e+03,sinkhorn_cellsim
1.280160e+01,24561,4.87263035258167e-05,5.24266453567674e-02,1.04136766542633e+03,sinkhorn_cellsim
1.281166e+01,24581,4.86558727706155e-05,5.24266482587001e-02,1.04136766630936e+03,sinkhorn_cellsim
1.282172e+01,24601,4.85854165033349e-05,5.24266511632734e-02,1.04136766719106e+03,sinkhorn_cellsim
1.283179e+01,24621,4.85149733430530e-05,5.24266540695904e-02,1.04136766807147e+03,sinkhorn_cellsim
1.284185e+01,24641,4.84445813251085e-05,5.24266569767439e-02,1.04136766895058e+03,sinkhorn_cellsim
1.285192e+01,24661,4.83742777475717e-05,5.24266598838290e-02,1.04136766982843e+03,sinkhorn_cellsim
1.286197e+01,24681,4.83040991207559e-05,5.24266627899215e-02,1.04136767070504e+03,sinkhorn_cellsim
1.287204e+01,24701,4.82340810155907e-05,5.24266656941022e-02,1.04136767158042e+03,sinkhorn_cellsim
1.288210e+01,24721,4.81642579368915e-05,5.24266685954562e-02,1.04136767245461e+03,sinkhorn_cellsim
1.289217e+01,24741,4.80946633225095e-05,5.24266714930574e-02,1.04136767332761e+03,sinkhorn_cellsim
1.290223e+01,24761,4.80253293321633e-05,5.24266743859966e-02,1.04136767419945e+03,sinkhorn_cellsim
1.291230e+01,24781,4.79562868142193e-05,5.24266772733639e-02,1.04136767507015e+03,sinkhorn_cellsim
1.292236e+01,24801,4.78875652286799e-05,5.24266801542648e-02,1.04136767593973e+03,sinkhorn_cellsim
1.293242e+01,24821,4.78191925624217e-05,5.24266830278048e-02,1.04136767680821e+03,sinkhorn_cellsim
1.294248e+01,24841,4.77511952277104e-05,5.24266858931162e-02,1.04136767767561e+03,sinkhorn_cellsim
1.295255e+01,24861,4.76835980613061e-05,5.24266887493310e-02,1.04136767854196e+03,sinkhorn_cellsim
1.296261e+01,24881,4.76164241799595e-05,5.24266915956132e-02,1.04136767940727e+03,sinkhorn_cellsim
1.297268e+01,24901,4.75496950270950e-05,5.24266944311282e-02,1.04136768027155e+03,sinkhorn_cellsim
1.298274e+01,24921,4.74834302452452e-05,5.24266972550778e-02,1.04136768113484e+03,sinkhorn_cellsim
1.299280e+01,24941,4.74176476884577e-05,5.24267000666720e-02,1.04136768199714e+03,sinkhorn_cellsim
1.300287e+01,24961,4.73523633709105e-05,5.24267028651475e-02,1.04136768285848e+03,sinkhorn_cellsim
1.301293e+01,24981,4.72875914403649e-05,5.24267056497704e-02,1.04136768371886e+03,sinkhorn_cellsim
1.302300e+01,25001,4.72233441834657e-05,5.24267084198205e-02,1.04136768457832e+03,sinkhorn_cellsim
1.303307e+01,25021,4.71596319811603e-05,5.24267111746131e-02,1.04136768543685e+03,sinkhorn_cellsim
1.304313e+01,25041,4.70964633349349e-05,5.24267139134862e-02,1.04136768629448e+03,sinkhorn_cellsim
1.305320e+01,25061,4.70338448281073e-05,5.24267166358105e-02,1.04136768715122e+03,sinkhorn_cellsim
1.306326e+01,25081,4.69717811970298e-05,5.24267193409748e-02,1.04136768800709e+03,sinkhorn_cellsim
1.307332e+01,25101,4.69102752743765e-05,5.24267220284055e-02,1.04136768886209e+03,sinkhorn_cellsim
1.308338e+01,25121,4.68493280585419e-05,5.24267246975527e-02,1.04136768971623e+03,sinkhorn_cellsim
1.309344e+01,25141,4.67889386836690e-05,5.24267273479037e-02,1.04136769056953e+03,sinkhorn_cellsim
1.310350e+01,25161,4.67291045044268e-05,5.24267299789685e-02,1.04136769142199e+03,sinkhorn_cellsim
1.311357e+01,25181,4.66698210830725e-05,5.24267325902884e-02,1.04136769227363e+03,sinkhorn_cellsim
1.312363e+01,25201,4.66110822481781e-05,5.24267351814392e-02,1.04136769312445e+03,sinkhorn_cellsim
1.313369e+01,25221,4.65528801282704e-05,5.24267377520196e-02,1.04136769397445e+03,sinkhorn_cellsim
1.314375e+01,25241,4.64952051834480e-05,5.24267403016636e-02,1.04136769482364e+03,sinkhorn_cellsim
1.315382e+01,25261,4.64380462669568e-05,5.24267428300329e-02,1.04136769567203e+03,sinkhorn_cellsim
1.316387e+01,25281,4.63813906364247e-05,5.24267453368222e-02,1.04136769651962e+03,sinkhorn_cellsim
1.317393e+01,25301,4.63252240867188e-05,5.24267478217476e-02,1.04136769736640e+03,sinkhorn_cellsim
1.318399e+01,25321,4.62695308966748e-05,5.24267502845599e-02,1.04136769821239e+03,sinkhorn_cellsim
1.319406e+01,25341,4.62142939413567e-05,5.24267527250413e-02,1.04136769905757e+03,sinkhorn_cellsim
1.320412e+01,25361,4.61594947786975e-05,5.24267551429895e-02,1.04136769990196e+03,sinkhorn_cellsim
1.321419e+01,25381,4.61051136099097e-05,5.24267575382449e-02,1.04136770074554e+03,sinkhorn_cellsim
1.322425e+01,25401,4.60511294755152e-05,5.24267599106530e-02,1.04136770158832e+03,sinkhorn_cellsim
1.323432e+01,25421,4.59975201589414e-05,5.24267622601105e-02,1.04136770243029e+03,sinkhorn_cellsim
1.324437e+01,25441,4.59442623772604e-05,5.24267645865184e-02,1.04136770327144e+03,sinkhorn_cellsim
1.325443e+01,25461,4.58913317748838e-05,5.24267668898127e-02,1.04136770411176e+03,sinkhorn_cellsim
1.326449e+01,25481,4.58387030197050e-05,5.24267691699454e-02,1.04136770495126e+03,sinkhorn_cellsim
1.327455e+01,25501,4.57863498396228e-05,5.24267714268929e-02,1.04136770578992e+03,sinkhorn_cellsim
1.328460e+01,25521,4.57342450813773e-05,5.24267736606618e-02,1.04136770662774e+03,sinkhorn_cellsim
1.329467e+01,25541,4.56823608150396e-05,5.24267758712691e-02,1.04136770746470e+03,sinkhorn_cellsim
1.330473e+01,25561,4.56306683889470e-05,5.24267780587517e-02,1.04136770830078e+03,sinkhorn_cellsim
1.331479e+01,25581,4.55791384600341e-05,5.24267802231659e-02,1.04136770913599e+03,sinkhorn_cellsim
1.332486e+01,25601,4.55277410760311e-05,5.24267823645932e-02,1.04136770997031e+03,sinkhorn_cellsim
1.333492e+01,25621,4.54764457678475e-05,5.24267844831213e-02,1.04136771080372e+03,sinkhorn_cellsim
1.334497e+01,25641,4.54252215954680e-05,5.24267865788588e-02,1.04136771163621e+03,sinkhorn_cellsim
1.335504e+01,25661,4.53740372241331e-05,5.24267886519234e-02,1.04136771246776e+03,sinkhorn_cellsim
1.336509e+01,25681,4.53228609592474e-05,5.24267907024562e-02,1.04136771329836e+03,sinkhorn_cellsim
1.337515e+01,25701,4.52716608643753e-05,5.24267927306041e-02,1.04136771412798e+03,sinkhorn_cellsim
1.338522e+01,25721,4.52204048133896e-05,5.24267947365225e-02,1.04136771495663e+03,sinkhorn_cellsim
1.339529e+01,25741,4.51690605377531e-05,5.24267967203860e-02,1.04136771578426e+03,sinkhorn_cellsim
1.340534e+01,25761,4.51175957368708e-05,5.24267986823712e-02,1.04136771661087e+03,sinkhorn_cellsim
1.341542e+01,25781,4.50659781209680e-05,5.24268006226632e-02,1.04136771743644e+03,sinkhorn_cellsim
1.342549e+01,25801,4.50141754939288e-05,5.24268025414579e-02,1.04136771826094e+03,sinkhorn_cellsim
1.343556e+01,25821,4.49621558369818e-05,5.24268044389510e-02,1.04136771908435e+03,sinkhorn_cellsim
1.344564e+01,25841,4.49098873419422e-05,5.24268063153570e-02,1.04136771990666e+03,sinkhorn_cellsim
1.345571e+01,25861,4.48573385684006e-05,5.24268081708750e-02,1.04136772072784e+03,sinkhorn_cellsim
1.346578e+01,25881,4.48044784306878e-05,5.24268100057221e-02,1.04136772154787e+03,sinkhorn_cellsim
1.347585e+01,25901,4.47512763235696e-05,5.24268118201149e-02,1.04136772236673e+03,sinkhorn_cellsim
1.348591e+01,25921,4.46977022217591e-05,5.24268136142629e-02,1.04136772318439e+03,sinkhorn_cellsim
1.349598e+01,25941,4.46437266980058e-05,5.24268153883864e-02,1.04136772400083e+03,sinkhorn_cellsim
1.350604e+01,25961,4.45893210723718e-05,5.24268171426943e-02,1.04136772481603e+03,sinkhorn_cellsim
1.351610e+01,25981,4.45344574335775e-05,5.24268188774011e-02,1.04136772562996e+03,sinkhorn_cellsim
1.352616e+01,26001,4.44791087563456e-05,5.24268205927196e-02,1.04136772644260e+03,sinkhorn_cellsim
1.353622e+01,26021,4.44232490040627e-05,5.24268222888480e-02,1.04136772725394e+03,sinkhorn_cellsim
1.354629e+01,26041,4.43668531502951e-05,5.24268239659905e-02,1.04136772806393e+03,sinkhorn_cellsim
1.355635e+01,26061,4.43098973288441e-05,5.24268256243402e-02,1.04136772887256e+03,sinkhorn_cellsim
1.356641e+01,26081,4.42523588476771e-05,5.24268272640932e-02,1.04136772967982e+03,sinkhorn_cellsim
1.357647e+01,26101,4.41942163786206e-05,5.24268288854199e-02,1.04136773048566e+03,sinkhorn_cellsim
1.358653e+01,26121,4.41354499015250e-05,5.24268304885045e-02,1.04136773129008e+03,sinkhorn_cellsim
1.359661e+01,26141,4.40760409231314e-05,5.24268320735069e-02,1.04136773209304e+03,sinkhorn_cellsim
1.360666e+01,26161,4.40159724480450e-05,5.24268336405872e-02,1.04136773289454e+03,sinkhorn_cellsim
1.361673e+01,26181,4.39552291366105e-05,5.24268351898925e-02,1.04136773369453e+03,sinkhorn_cellsim
1.362679e+01,26201,4.38937973451949e-05,5.24268367215581e-02,1.04136773449301e+03,sinkhorn_cellsim
1.363686e+01,26221,4.38316651971725e-05,5.24268382357142e-02,1.04136773528996e+03,sinkhorn_cellsim
1.364691e+01,26241,4.37688227077183e-05,5.24268397324680e-02,1.04136773608534e+03,sinkhorn_cellsim
1.365698e+01,26261,4.37052617475846e-05,5.24268412119352e-02,1.04136773687916e+03,sinkhorn_cellsim
1.366705e+01,26281,4.36409762288314e-05,5.24268426742026e-02,1.04136773767138e+03,sinkhorn_cellsim
1.367712e+01,26301,4.35759620653858e-05,5.24268441193601e-02,1.04136773846199e+03,sinkhorn_cellsim
1.368718e+01,26321,4.35102173180459e-05,5.24268455474725e-02,1.04136773925097e+03,sinkhorn_cellsim
1.369724e+01,26341,4.34437421872469e-05,5.24268469585988e-02,1.04136774003832e+03,sinkhorn_cellsim
1.370730e+01,26361,4.33765390583632e-05,5.24268483527900e-02,1.04136774082401e+03,sinkhorn_cellsim
1.371737e+01,26381,4.33086125338370e-05,5.24268497300906e-02,1.04136774160803e+03,sinkhorn_cellsim
1.372742e+01,26401,4.32399695555748e-05,5.24268510905159e-02,1.04136774239037e+03,sinkhorn_cellsim
1.373748e+01,26421,4.31706192711852e-05,5.24268524340947e-02,1.04136774317103e+03,sinkhorn_cellsim
1.374755e+01,26441,4.31005732000768e-05,5.24268537608274e-02,1.04136774394998e+03,sinkhorn_cellsim
1.375761e+01,26461,4.30298451411714e-05,5.24268550707191e-02,1.04136774472724e+03,sinkhorn_cellsim
1.376768e+01,26481,4.29584512254193e-05,5.24268563637589e-02,1.04136774550278e+03,sinkhorn_cellsim
1.377774e+01,26501,4.28864098663987e-05,5.24268576399332e-02,1.04136774627661e+03,sinkhorn_cellsim
1.378781e+01,26521,4.28137418016075e-05,5.24268588992150e-02,1.04136774704871e+03,sinkhorn_cellsim
1.379788e+01,26541,4.27404699695186e-05,5.24268601415801e-02,1.04136774781910e+03,sinkhorn_cellsim
1.380794e+01,26561,4.26666195622149e-05,5.24268613669982e-02,1.04136774858777e+03,sinkhorn_cellsim
1.381802e+01,26581,4.25922179220787e-05,5.24268625754337e-02,1.04136774935473e+03,sinkhorn_cellsim
1.382809e+01,26601,4.25172944920649e-05,5.24268637668526e-02,1.04136775011997e+03,sinkhorn_cellsim
1.383815e+01,26621,4.24418807465583e-05,5.24268649412229e-02,1.04136775088350e+03,sinkhorn_cellsim
1.384822e+01,26641,4.23671213728292e-05,5.24268660984996e-02,1.04136775164533e+03,sinkhorn_cellsim
1.385828e+01,26661,4.22928769292595e-05,5.24268672386569e-02,1.04136775240547e+03,sinkhorn_cellsim
1.386835e+01,26681,4.22182030397275e-05,5.24268683616670e-02,1.04136775316392e+03,sinkhorn_cellsim
1.387841e+01,26701,4.21431351254438e-05,5.24268694674987e-02,1.04136775392071e+03,sinkhorn_cellsim
1.388848e+01,26721,4.20677101505262e-05,5.24268705561474e-02,1.04136775467583e+03,sinkhorn_cellsim
1.389854e+01,26741,4.19919666337529e-05,5.24268716275979e-02,1.04136775542932e+03,sinkhorn_cellsim
1.390860e+01,26761,4.19160770855741e-05,5.24268726818528e-02,1.04136775618117e+03,sinkhorn_cellsim
1.391867e+01,26781,4.18404305516111e-05,5.24268737189270e-02,1.04136775693142e+03,sinkhorn_cellsim
1.392872e+01,26801,4.17667552798745e-05,5.24268747388483e-02,1.04136775768008e+03,sinkhorn_cellsim
1.393879e+01,26821,4.16928482995587e-05,5.24268757416537e-02,1.04136775842717e+03,sinkhorn_cellsim
1.394885e+01,26841,4.16187492581457e-05,5.24268767273961e-02,1.04136775917271e+03,sinkhorn_cellsim
1.395892e+01,26861,4.15444986513666e-05,5.24268776961514e-02,1.04136775991673e+03,sinkhorn_cellsim
1.396898e+01,26881,4.14701376988689e-05,5.24268786480100e-02,1.04136776065924e+03,sinkhorn_cellsim
1.397904e+01,26901,4.13957082340257e-05,5.24268795830742e-02,1.04136776140029e+03,sinkhorn_cellsim
1.398911e+01,26921,4.13212524815975e-05,5.24268805014833e-02,1.04136776213988e+03,sinkhorn_cellsim
1.399917e+01,26941,4.12468130800451e-05,5.24268814033742e-02,1.04136776287805e+03,sinkhorn_cellsim
1.400923e+01,26961,4.11729319176598e-05,5.24268822889247e-02,1.04136776361484e+03,sinkhorn_cellsim
1.401930e+01,26981,4.11003774786475e-05,5.24268831583219e-02,1.04136776435025e+03,sinkhorn_cellsim
1.402937e+01,27001,4.10279167640477e-05,5.24268840117810e-02,1.04136776508434e+03,sinkhorn_cellsim
1.403944e+01,27021,4.09555236580157e-05,5.24268848495417e-02,1.04136776581711e+03,sinkhorn_cellsim
1.404951e+01,27041,4.08833497215709e-05,5.24268856718588e-02,1.04136776654862e+03,sinkhorn_cellsim
1.405959e+01,27061,4.08139348313711e-05,5.24268864790147e-02,1.04136776727889e+03,sinkhorn_cellsim
1.406966e+01,27081,4.07447820157449e-05,5.24268872713183e-02,1.04136776800794e+03,sinkhorn_cellsim
1.407972e+01,27101,4.06757578075293e-05,5.24268880490896e-02,1.04136776873581e+03,sinkhorn_cellsim
1.408979e+01,27121,4.06069042887297e-05,5.24268888126854e-02,1.04136776946254e+03,sinkhorn_cellsim
1.409987e+01,27141,4.05382628788152e-05,5.24268895624658e-02,1.04136777018816e+03,sinkhorn_cellsim
1.410993e+01,27161,4.04698740677404e-05,5.24268902988306e-02,1.04136777091269e+03,sinkhorn_cellsim
1.412001e+01,27181,4.04017774394680e-05,5.24268910221865e-02,1.04136777163617e+03,sinkhorn_cellsim
1.413007e+01,27201,4.03340115335144e-05,5.24268917329645e-02,1.04136777235863e+03,sinkhorn_cellsim
1.414014e+01,27221,4.02666137483045e-05,5.24268924316127e-02,1.04136777308010e+03,sinkhorn_cellsim
1.415021e+01,27241,4.01996202918621e-05,5.24268931185946e-02,1.04136777380062e+03,sinkhorn_cellsim
1.416027e+01,27261,4.01330661135620e-05,5.24268937943853e-02,1.04136777452022e+03,sinkhorn_cellsim
1.417033e+01,27281,4.00669847576889e-05,5.24268944594889e-02,1.04136777523891e+03,sinkhorn_cellsim
1.418041e+01,27301,4.00014084330773e-05,5.24268951144056e-02,1.04136777595675e+03,sinkhorn_cellsim
1.419048e+01,27321,3.99363678460004e-05,5.24268957596581e-02,1.04136777667375e+03,sinkhorn_cellsim
1.420055e+01,27341,3.98718922222039e-05,5.24268963957730e-02,1.04136777738994e+03,sinkhorn_cellsim
1.421062e+01,27361,3.98080092280456e-05,5.24268970232902e-02,1.04136777810536e+03,sinkhorn_cellsim
1.422070e+01,27381,3.97447449653750e-05,5.24268976427535e-02,1.04136777882003e+03,sinkhorn_cellsim
1.423077e+01,27401,3.96821239224639e-05,5.24268982547177e-02,1.04136777953397e+03,sinkhorn_cellsim
1.424084e+01,27421,3.96201689979953e-05,5.24268988597303e-02,1.04136778024722e+03,sinkhorn_cellsim
1.425090e+01,27441,3.95589014155426e-05,5.24268994583531e-02,1.04136778095980e+03,sinkhorn_cellsim
1.426097e+01,27461,3.94983407754786e-05,5.24269000511446e-02,1.04136778167173e+03,sinkhorn_cellsim
1.427104e+01,27481,3.94385050409159e-05,5.24269006386634e-02,1.04136778238304e+03,sinkhorn_cellsim
1.428111e+01,27501,3.93794105396931e-05,5.24269012214619e-02,1.04136778309375e+03,sinkhorn_cellsim
1.429118e+01,27521,3.93210719464470e-05,5.24269018000986e-02,1.04136778380389e+03,sinkhorn_cellsim
1.430125e+01,27541,3.92635023468898e-05,5.24269023751180e-02,1.04136778451347e+03,sinkhorn_cellsim
1.431132e+01,27561,3.92067132116264e-05,5.24269029470680e-02,1.04136778522252e+03,sinkhorn_cellsim
1.432138e+01,27581,3.91507144584312e-05,5.24269035164828e-02,1.04136778593105e+03,sinkhorn_cellsim
1.433145e+01,27601,3.90963902106003e-05,5.24269040838903e-02,1.04136778663909e+03,sinkhorn_cellsim
1.434151e+01,27621,3.90436728243991e-05,5.24269046498095e-02,1.04136778734666e+03,sinkhorn_cellsim
1.435158e+01,27641,3.89918297968209e-05,5.24269052147507e-02,1.04136778805376e+03,sinkhorn_cellsim
1.436164e+01,27661,3.89408612344562e-05,5.24269057792141e-02,1.04136778876042e+03,sinkhorn_cellsim
1.437171e+01,27681,3.88907658481230e-05,5.24269063436890e-02,1.04136778946665e+03,sinkhorn_cellsim
1.438177e+01,27701,3.88415410462610e-05,5.24269069086422e-02,1.04136779017247e+03,sinkhorn_cellsim
1.439183e+01,27721,3.87931829144644e-05,5.24269074745418e-02,1.04136779087790e+03,sinkhorn_cellsim
1.440190e+01,27741,3.87456863255905e-05,5.24269080418357e-02,1.04136779158293e+03,sinkhorn_cellsim
1.441196e+01,27761,3.86990449865053e-05,5.24269086109586e-02,1.04136779228760e+03,sinkhorn_cellsim
1.442203e+01,27781,3.86532514728488e-05,5.24269091823296e-02,1.04136779299190e+03,sinkhorn_cellsim
1.443209e+01,27801,3.86082973122339e-05,5.24269097563545e-02,1.04136779369586e+03,sinkhorn_cellsim
1.444216e+01,27821,3.85641729984036e-05,5.24269103334254e-02,1.04136779439947e+03,sinkhorn_cellsim
1.445223e+01,27841,3.85208680736076e-05,5.24269109139188e-02,1.04136779510275e+03,sinkhorn_cellsim
1.446230e+01,27861,3.84797900640961e-05,5.24269114981953e-02,1.04136779580571e+03,sinkhorn_cellsim
1.447237e+01,27881,3.84419195005927e-05,5.24269120866019e-02,1.04136779650836e+03,sinkhorn_cellsim
1.448243e+01,27901,3.84048594836507e-05,5.24269126794703e-02,1.04136779721070e+03,sinkhorn_cellsim
1.449249e+01,27921,3.83685911663675e-05,5.24269132771206e-02,1.04136779791274e+03,sinkhorn_cellsim
1.450256e+01,27941,3.83330951980165e-05,5.24269138798494e-02,1.04136779861449e+03,sinkhorn_cellsim
1.451262e+01,27961,3.82983517138467e-05,5.24269144879531e-02,1.04136779931595e+03,sinkhorn_cellsim
1.452269e+01,27981,3.82643404523645e-05,5.24269151016985e-02,1.04136780001713e+03,sinkhorn_cellsim
1.453276e+01,28001,3.82310407102843e-05,5.24269157213575e-02,1.04136780071802e+03,sinkhorn_cellsim
1.454285e+01,28021,3.81984314839948e-05,5.24269163471752e-02,1.04136780141864e+03,sinkhorn_cellsim
1.455292e+01,28041,3.81664914612257e-05,5.24269169793847e-02,1.04136780211899e+03,sinkhorn_cellsim
1.456300e+01,28061,3.81351990545703e-05,5.24269176182106e-02,1.04136780281906e+03,sinkhorn_cellsim
1.457307e+01,28081,3.81045324303627e-05,5.24269182638730e-02,1.04136780351887e+03,sinkhorn_cellsim
1.458314e+01,28101,3.80744695762022e-05,5.24269189165670e-02,1.04136780421841e+03,sinkhorn_cellsim
1.459321e+01,28121,3.80449882995128e-05,5.24269195764886e-02,1.04136780491768e+03,sinkhorn_cellsim
1.460328e+01,28141,3.80160662808726e-05,5.24269202438185e-02,1.04136780561669e+03,sinkhorn_cellsim
1.461335e+01,28161,3.79876810609113e-05,5.24269209187338e-02,1.04136780631543e+03,sinkhorn_cellsim
1.462343e+01,28181,3.79598101169342e-05,5.24269216013964e-02,1.04136780701390e+03,sinkhorn_cellsim
1.463350e+01,28201,3.79324308366560e-05,5.24269222919674e-02,1.04136780771210e+03,sinkhorn_cellsim
1.464358e+01,28221,3.79055205839454e-05,5.24269229905932e-02,1.04136780841003e+03,sinkhorn_cellsim
1.465365e+01,28241,3.78790566602722e-05,5.24269236974218e-02,1.04136780910769e+03,sinkhorn_cellsim
1.466372e+01,28261,3.78530163818627e-05,5.24269244125886e-02,1.04136780980507e+03,sinkhorn_cellsim
1.467379e+01,28281,3.78273770422095e-05,5.24269251362290e-02,1.04136781050218e+03,sinkhorn_cellsim
1.468387e+01,28301,3.78021159524067e-05,5.24269258684708e-02,1.04136781119900e+03,sinkhorn_cellsim
1.469394e+01,28321,3.77772104374517e-05,5.24269266094454e-02,1.04136781189554e+03,sinkhorn_cellsim
1.470401e+01,28341,3.77526378814875e-05,5.24269273592710e-02,1.04136781259179e+03,sinkhorn_cellsim
1.471408e+01,28361,3.77283756873627e-05,5.24269281180701e-02,1.04136781328774e+03,sinkhorn_cellsim
1.472415e+01,28381,3.77044013058318e-05,5.24269288859588e-02,1.04136781398340e+03,sinkhorn_cellsim
1.473421e+01,28401,3.76806922577254e-05,5.24269296630560e-02,1.04136781467875e+03,sinkhorn_cellsim
1.474429e+01,28421,3.76572260946898e-05,5.24269304494838e-02,1.04136781537378e+03,sinkhorn_cellsim
1.475436e+01,28441,3.76339804705654e-05,5.24269312453534e-02,1.04136781606850e+03,sinkhorn_cellsim
1.476443e+01,28461,3.76109330704899e-05,5.24269320507839e-02,1.04136781676289e+03,sinkhorn_cellsim
1.477450e+01,28481,3.75880616621361e-05,5.24269328658986e-02,1.04136781745696e+03,sinkhorn_cellsim
1.478459e+01,28501,3.75653440616749e-05,5.24269336908214e-02,1.04136781815068e+03,sinkhorn_cellsim
1.479466e+01,28521,3.75427582149670e-05,5.24269345256659e-02,1.04136781884405e+03,sinkhorn_cellsim
1.480473e+01,28541,3.75202820655181e-05,5.24269353705682e-02,1.04136781953707e+03,sinkhorn_cellsim
1.481480e+01,28561,3.74978936731580e-05,5.24269362256565e-02,1.04136782022973e+03,sinkhorn_cellsim
1.482487e+01,28581,3.74755711664574e-05,5.24269370910621e-02,1.04136782092201e+03,sinkhorn_cellsim
1.483494e+01,28601,3.74532927232803e-05,5.24269379669277e-02,1.04136782161391e+03,sinkhorn_cellsim
1.484502e+01,28621,3.74310366258513e-05,5.24269388533893e-02,1.04136782230541e+03,sinkhorn_cellsim
1.485509e+01,28641,3.74087811879248e-05,5.24269397506023e-02,1.04136782299651e+03,sinkhorn_cellsim
1.486516e+01,28661,3.73865048338587e-05,5.24269406587143e-02,1.04136782368720e+03,sinkhorn_cellsim
1.487524e+01,28681,3.73641860180176e-05,5.24269415778851e-02,1.04136782437747e+03,sinkhorn_cellsim
1.488531e+01,28701,3.73418033029389e-05,5.24269425082788e-02,1.04136782506729e+03,sinkhorn_cellsim
1.489538e+01,28721,3.73193352888855e-05,5.24269434500687e-02,1.04136782575667e+03,sinkhorn_cellsim
1.492198e+01,28741,3.72967606468794e-05,5.24269444034349e-02,1.04136782644559e+03,sinkhorn_cellsim
1.493211e+01,28761,3.72740581590581e-05,5.24269453685537e-02,1.04136782713404e+03,sinkhorn_cellsim
1.494218e+01,28781,3.72512066366073e-05,5.24269463456183e-02,1.04136782782200e+03,sinkhorn_cellsim
1.495224e+01,28801,3.72281849826243e-05,5.24269473348293e-02,1.04136782850947e+03,sinkhorn_cellsim
1.496230e+01,28821,3.72049721716909e-05,5.24269483363871e-02,1.04136782919642e+03,sinkhorn_cellsim
1.497236e+01,28841,3.71815472665643e-05,5.24269493505067e-02,1.04136782988284e+03,sinkhorn_cellsim
1.498248e+01,28861,3.71578894175110e-05,5.24269503774031e-02,1.04136783056873e+03,sinkhorn_cellsim
1.499254e+01,28881,3.71339778490531e-05,5.24269514173050e-02,1.04136783125406e+03,sinkhorn_cellsim
1.500260e+01,28901,3.71097918848638e-05,5.24269524704466e-02,1.04136783193882e+03,sinkhorn_cellsim
1.501267e+01,28921,3.70853109821708e-05,5.24269535370601e-02,1.04136783262300e+03,sinkhorn_cellsim
1.502273e+01,28941,3.70605146781261e-05,5.24269546173939e-02,1.04136783330657e+03,sinkhorn_cellsim
1.503278e+01,28961,3.70353826273526e-05,5.24269557117041e-02,1.04136783398954e+03,sinkhorn_cellsim
1.504284e+01,28981,3.70098946228766e-05,5.24269568202508e-02,1.04136783467186e+03,sinkhorn_cellsim
1.505289e+01,29001,3.69840306360216e-05,5.24269579432912e-02,1.04136783535354e+03,sinkhorn_cellsim
1.506294e+01,29021,3.69577707202862e-05,5.24269590811039e-02,1.04136783603455e+03,sinkhorn_cellsim
1.507300e+01,29041,3.69310951619188e-05,5.24269602339639e-02,1.04136783671488e+03,sinkhorn_cellsim
1.508306e+01,29061,3.69039844222491e-05,5.24269614021466e-02,1.04136783739451e+03,sinkhorn_cellsim
1.509312e+01,29081,3.68764191407302e-05,5.24269625859431e-02,1.04136783807342e+03,sinkhorn_cellsim
1.510317e+01,29101,3.68483801973251e-05,5.24269637856449e-02,1.04136783875160e+03,sinkhorn_cellsim
1.511322e+01,29121,3.68198487182738e-05,5.24269650015404e-02,1.04136783942902e+03,sinkhorn_cellsim
1.512327e+01,29141,3.67908060693225e-05,5.24269662339329e-02,1.04136784010567e+03,sinkhorn_cellsim
1.513331e+01,29161,3.67612339388223e-05,5.24269674831149e-02,1.04136784078153e+03,sinkhorn_cellsim
1.514337e+01,29181,3.67311142929548e-05,5.24269687493938e-02,1.04136784145658e+03,sinkhorn_cellsim
1.515342e+01,29201,3.67004294579566e-05,5.24269700330698e-02,1.04136784213080e+03,sinkhorn_cellsim
1.516348e+01,29221,3.66691621325926e-05,5.24269713344398e-02,1.04136784280418e+03,sinkhorn_cellsim
1.517353e+01,29241,3.66372953780681e-05,5.24269726538134e-02,1.04136784347668e+03,sinkhorn_cellsim
1.518359e+01,29261,3.66048127048109e-05,5.24269739914895e-02,1.04136784414831e+03,sinkhorn_cellsim
1.519365e+01,29281,3.65716980875628e-05,5.24269753477675e-02,1.04136784481902e+03,sinkhorn_cellsim
1.520370e+01,29301,3.65379359871306e-05,5.24269767229406e-02,1.04136784548882e+03,sinkhorn_cellsim
1.521374e+01,29321,3.65035113848053e-05,5.24269781173030e-02,1.04136784615767e+03,sinkhorn_cellsim
1.522380e+01,29341,3.64684098441482e-05,5.24269795311386e-02,1.04136784682555e+03,sinkhorn_cellsim
1.523385e+01,29361,3.64326175144562e-05,5.24269809647302e-02,1.04136784749246e+03,sinkhorn_cellsim
1.524389e+01,29381,3.63961211978863e-05,5.24269824183500e-02,1.04136784815836e+03,sinkhorn_cellsim
1.525395e+01,29401,3.63589083654348e-05,5.24269838922653e-02,1.04136784882324e+03,sinkhorn_cellsim
1.526399e+01,29421,3.63209672391139e-05,5.24269853867252e-02,1.04136784948708e+03,sinkhorn_cellsim
1.527402e+01,29441,3.62822867442414e-05,5.24269869019849e-02,1.04136785014986e+03,sinkhorn_cellsim
1.528406e+01,29461,3.62428566755106e-05,5.24269884382724e-02,1.04136785081157e+03,sinkhorn_cellsim
1.529411e+01,29481,3.62026676569095e-05,5.24269899958052e-02,1.04136785147218e+03,sinkhorn_cellsim
1.530416e+01,29501,3.61617111850498e-05,5.24269915747925e-02,1.04136785213167e+03,sinkhorn_cellsim
1.531421e+01,29521,3.61199796980875e-05,5.24269931754263e-02,1.04136785279004e+03,sinkhorn_cellsim
1.532426e+01,29541,3.60774666237994e-05,5.24269947978764e-02,1.04136785344725e+03,sinkhorn_cellsim
1.533431e+01,29561,3.60341663824755e-05,5.24269964423024e-02,1.04136785410330e+03,sinkhorn_cellsim
1.534436e+01,29581,3.59917797328143e-05,5.24269981088392e-02,1.04136785475816e+03,sinkhorn_cellsim
1.535439e+01,29601,3.59489877781680e-05,5.24269997976051e-02,1.04136785541183e+03,sinkhorn_cellsim
1.536444e+01,29621,3.59053245476639e-05,5.24270015086898e-02,1.04136785606428e+03,sinkhorn_cellsim
1.537448e+01,29641,3.58607912777901e-05,5.24270032421684e-02,1.04136785671550e+03,sinkhorn_cellsim
1.538453e+01,29661,3.58153903618301e-05,5.24270049980862e-02,1.04136785736547e+03,sinkhorn_cellsim
1.539458e+01,29681,3.57691253582047e-05,5.24270067764626e-02,1.04136785801419e+03,sinkhorn_cellsim
1.540463e+01,29701,3.57220010188966e-05,5.24270085772967e-02,1.04136785866163e+03,sinkhorn_cellsim
1.541466e+01,29721,3.56740233196737e-05,5.24270104005599e-02,1.04136785930779e+03,sinkhorn_cellsim
1.542471e+01,29741,3.56251995483202e-05,5.24270122461848e-02,1.04136785995266e+03,sinkhorn_cellsim
1.543475e+01,29761,3.55755382472221e-05,5.24270141140823e-02,1.04136786059621e+03,sinkhorn_cellsim
1.544480e+01,29781,3.55250492567944e-05,5.24270160041357e-02,1.04136786123845e+03,sinkhorn_cellsim
1.545485e+01,29801,3.54737437863855e-05,5.24270179161902e-02,1.04136786187936e+03,sinkhorn_cellsim
1.546490e+01,29821,3.54216343578007e-05,5.24270198500647e-02,1.04136786251894e+03,sinkhorn_cellsim
1.547495e+01,29841,3.53687348518153e-05,5.24270218055419e-02,1.04136786315717e+03,sinkhorn_cellsim
1.548500e+01,29861,3.53150605235932e-05,5.24270237823738e-02,1.04136786379405e+03,sinkhorn_cellsim
1.549505e+01,29881,3.52606279593576e-05,5.24270257802804e-02,1.04136786442958e+03,sinkhorn_cellsim
1.550510e+01,29901,3.52054551201342e-05,5.24270277989423e-02,1.04136786506375e+03,sinkhorn_cellsim
1.551515e+01,29921,3.51495612965497e-05,5.24270298380131e-02,1.04136786569655e+03,sinkhorn_cellsim
1.552520e+01,29941,3.50929671121706e-05,5.24270318971071e-02,1.04136786632799e+03,sinkhorn_cellsim
1.553524e+01,29961,3.50356944979750e-05,5.24270339758055e-02,1.04136786695806e+03,sinkhorn_cellsim
1.554529e+01,29981,3.49782612316862e-05,5.24270360736629e-02,1.04136786758676e+03,sinkhorn_cellsim
1.555534e+01,30001,3.49202468935890e-05,5.24270381901934e-02,1.04136786821409e+03,sinkhorn_cellsim
1.556539e+01,30021,3.48617403443393e-05,5.24270403248733e-02,1.04136786884006e+03,sinkhorn_cellsim
1.557544e+01,30041,3.48030312071801e-05,5.24270424771571e-02,1.04136786946466e+03,sinkhorn_cellsim
1.558548e+01,30061,3.47437475607656e-05,5.24270446464687e-02,1.04136787008791e+03,sinkhorn_cellsim
1.559552e+01,30081,3.46839167387176e-05,5.24270468321841e-02,1.04136787070979e+03,sinkhorn_cellsim
1.560557e+01,30101,3.46235670540816e-05,5.24270490336736e-02,1.04136787133033e+03,sinkhorn_cellsim
1.561562e+01,30121,3.45627278433499e-05,5.24270512502595e-02,1.04136787194952e+03,sinkhorn_cellsim
1.562567e+01,30141,3.45014293418150e-05,5.24270534812409e-02,1.04136787256738e+03,sinkhorn_cellsim
1.563571e+01,30161,3.44397026027662e-05,5.24270557258998e-02,1.04136787318392e+03,sinkhorn_cellsim
1.564577e+01,30181,3.43775794740834e-05,5.24270579834865e-02,1.04136787379913e+03,sinkhorn_cellsim
1.565581e+01,30201,3.43150925103468e-05,5.24270602532232e-02,1.04136787441304e+03,sinkhorn_cellsim
1.566586e+01,30221,3.42523012162933e-05,5.24270625343247e-02,1.04136787502566e+03,sinkhorn_cellsim
1.567590e+01,30241,3.41894557570964e-05,5.24270648259747e-02,1.04136787563699e+03,sinkhorn_cellsim
1.568594e+01,30261,3.41263997364374e-05,5.24270671273423e-02,1.04136787624706e+03,sinkhorn_cellsim
1.569599e+01,30281,3.40632715334440e-05,5.24270694375814e-02,1.04136787685587e+03,sinkhorn_cellsim
1.570604e+01,30301,3.40001092014757e-05,5.24270717558351e-02,1.04136787746344e+03,sinkhorn_cellsim
1.571609e+01,30321,3.39367498760664e-05,5.24270740812290e-02,1.04136787806979e+03,sinkhorn_cellsim
1.572614e+01,30341,3.38732276330178e-05,5.24270764128832e-02,1.04136787867493e+03,sinkhorn_cellsim
1.573618e+01,30361,3.38095765960762e-05,5.24270787499137e-02,1.04136787927888e+03,sinkhorn_cellsim
1.574623e+01,30381,3.37458309029783e-05,5.24270810914255e-02,1.04136787988166e+03,sinkhorn_cellsim
1.575627e+01,30401,3.36820245440059e-05,5.24270834365226e-02,1.04136788048328e+03,sinkhorn_cellsim
1.576631e+01,30421,3.36182178276976e-05,5.24270857843069e-02,1.04136788108377e+03,sinkhorn_cellsim
1.577637e+01,30441,3.35545179098325e-05,5.24270881338929e-02,1.04136788168313e+03,sinkhorn_cellsim
1.578642e+01,30461,3.34908428151179e-05,5.24270904843775e-02,1.04136788228140e+03,sinkhorn_cellsim
1.579646e+01,30481,3.34272250306395e-05,5.24270928348888e-02,1.04136788287859e+03,sinkhorn_cellsim
1.580651e+01,30501,3.33636965561169e-05,5.24270951845438e-02,1.04136788347471e+03,sinkhorn_cellsim
1.581656e+01,30521,3.33002887389097e-05,5.24270975324777e-02,1.04136788406980e+03,sinkhorn_cellsim
1.582662e+01,30541,3.32370322284162e-05,5.24270998778372e-02,1.04136788466386e+03,sinkhorn_cellsim
1.583667e+01,30561,3.31739568960469e-05,5.24271022197860e-02,1.04136788525693e+03,sinkhorn_cellsim
1.584673e+01,30581,3.31110917553723e-05,5.24271045574958e-02,1.04136788584901e+03,sinkhorn_cellsim
1.585678e+01,30601,3.30484648828822e-05,5.24271068901635e-02,1.04136788644013e+03,sinkhorn_cellsim
1.586684e+01,30621,3.29861033252316e-05,5.24271092170076e-02,1.04136788703031e+03,sinkhorn_cellsim
1.587689e+01,30641,3.29240331026967e-05,5.24271115372592e-02,1.04136788761956e+03,sinkhorn_cellsim
1.588694e+01,30661,3.28622790938070e-05,5.24271138501758e-02,1.04136788820792e+03,sinkhorn_cellsim
1.589700e+01,30681,3.28008649738520e-05,5.24271161550424e-02,1.04136788879539e+03,sinkhorn_cellsim
1.590705e+01,30701,3.27398131816163e-05,5.24271184511694e-02,1.04136788938199e+03,sinkhorn_cellsim
1.591710e+01,30721,3.26791449038512e-05,5.24271207378818e-02,1.04136788996775e+03,sinkhorn_cellsim
1.592716e+01,30741,3.26188799476997e-05,5.24271230145503e-02,1.04136789055267e+03,sinkhorn_cellsim
1.593721e+01,30761,3.25590368014446e-05,5.24271252805580e-02,1.04136789113679e+03,sinkhorn_cellsim
1.594726e+01,30781,3.24996325050509e-05,5.24271275353322e-02,1.04136789172011e+03,sinkhorn_cellsim
1.595731e+01,30801,3.24407656896190e-05,5.24271297783150e-02,1.04136789230265e+03,sinkhorn_cellsim
1.596736e+01,30821,3.23824268416885e-05,5.24271320089930e-02,1.04136789288443e+03,sinkhorn_cellsim
1.597742e+01,30841,3.23245809515429e-05,5.24271342268697e-02,1.04136789346546e+03,sinkhorn_cellsim
1.598747e+01,30861,3.22672388065811e-05,5.24271364314925e-02,1.04136789404575e+03,sinkhorn_cellsim
1.599753e+01,30881,3.22104097117985e-05,5.24271386224358e-02,1.04136789462533e+03,sinkhorn_cellsim
1.600758e+01,30901,3.21541014439439e-05,5.24271407993033e-02,1.04136789520420e+03,sinkhorn_cellsim
1.601763e+01,30921,3.20983202448883e-05,5.24271429617365e-02,1.04136789578238e+03,sinkhorn_cellsim
1.602770e+01,30941,3.20430708834859e-05,5.24271451093968e-02,1.04136789635987e+03,sinkhorn_cellsim
1.603775e+01,30961,3.19884731049303e-05,5.24271472419963e-02,1.04136789693670e+03,sinkhorn_cellsim
1.604780e+01,30981,3.19348785374530e-05,5.24271493592614e-02,1.04136789751286e+03,sinkhorn_cellsim
1.605784e+01,31001,3.18819128312657e-05,5.24271514609617e-02,1.04136789808838e+03,sinkhorn_cellsim
1.606790e+01,31021,3.18295045059093e-05,5.24271535468851e-02,1.04136789866325e+03,sinkhorn_cellsim
1.607795e+01,31041,3.17776494968749e-05,5.24271556168609e-02,1.04136789923748e+03,sinkhorn_cellsim
1.608801e+01,31061,3.17263422812009e-05,5.24271576707474e-02,1.04136789981109e+03,sinkhorn_cellsim
1.609806e+01,31081,3.16755759676527e-05,5.24271597084277e-02,1.04136790038407e+03,sinkhorn_cellsim
1.610811e+01,31101,3.16253422318048e-05,5.24271617298208e-02,1.04136790095643e+03,sinkhorn_cellsim
1.611816e+01,31121,3.15756314324128e-05,5.24271637348611e-02,1.04136790152819e+03,sinkhorn_cellsim
1.612822e+01,31141,3.15264325790197e-05,5.24271657235216e-02,1.04136790209933e+03,sinkhorn_cellsim
1.613827e+01,31161,3.14778042741889e-05,5.24271676958046e-02,1.04136790266987e+03,sinkhorn_cellsim
1.614832e+01,31181,3.14300327216045e-05,5.24271696517329e-02,1.04136790323980e+03,sinkhorn_cellsim
1.615837e+01,31201,3.13829897848944e-05,5.24271715913522e-02,1.04136790380912e+03,sinkhorn_cellsim
1.616843e+01,31221,3.13366223808328e-05,5.24271735147406e-02,1.04136790437784e+03,sinkhorn_cellsim
1.617849e+01,31241,3.12906986671018e-05,5.24271754219983e-02,1.04136790494595e+03,sinkhorn_cellsim
1.618855e+01,31261,3.12451991248473e-05,5.24271773132426e-02,1.04136790551346e+03,sinkhorn_cellsim
1.619860e+01,31281,3.12001031160373e-05,5.24271791886242e-02,1.04136790608035e+03,sinkhorn_cellsim
1.620865e+01,31301,3.11553889799996e-05,5.24271810483109e-02,1.04136790664663e+03,sinkhorn_cellsim
1.621870e+01,31321,3.11110340412768e-05,5.24271828924878e-02,1.04136790721228e+03,sinkhorn_cellsim
1.622876e+01,31341,3.10670146083879e-05,5.24271847213682e-02,1.04136790777731e+03,sinkhorn_cellsim
1.623881e+01,31361,3.10233060733343e-05,5.24271865351755e-02,1.04136790834170e+03,sinkhorn_cellsim
1.624887e+01,31381,3.09798828373262e-05,5.24271883341662e-02,1.04136790890546e+03,sinkhorn_cellsim
1.625892e+01,31401,3.09367184436435e-05,5.24271901186063e-02,1.04136790946856e+03,sinkhorn_cellsim
1.626898e+01,31421,3.08937855506269e-05,5.24271918887753e-02,1.04136791003100e+03,sinkhorn_cellsim
1.627903e+01,31441,3.08510559371899e-05,5.24271936449794e-02,1.04136791059277e+03,sinkhorn_cellsim
1.628909e+01,31461,3.08085005608342e-05,5.24271953875410e-02,1.04136791115386e+03,sinkhorn_cellsim
1.629914e+01,31481,3.07660895947140e-05,5.24271971167876e-02,1.04136791171426e+03,sinkhorn_cellsim
1.630920e+01,31501,3.07237923633143e-05,5.24271988330839e-02,1.04136791227394e+03,sinkhorn_cellsim
1.631925e+01,31521,3.06815774888854e-05,5.24272005367864e-02,1.04136791283291e+03,sinkhorn_cellsim
1.632930e+01,31541,3.06394127998992e-05,5.24272022282789e-02,1.04136791339113e+03,sinkhorn_cellsim
1.633935e+01,31561,3.05972654294919e-05,5.24272039079558e-02,1.04136791394860e+03,sinkhorn_cellsim
1.634941e+01,31581,3.05551017489609e-05,5.24272055762305e-02,1.04136791450530e+03,sinkhorn_cellsim
1.635945e+01,31601,3.05128874703831e-05,5.24272072335206e-02,1.04136791506120e+03,sinkhorn_cellsim
1.636951e+01,31621,3.04705876099799e-05,5.24272088802661e-02,1.04136791561630e+03,sinkhorn_cellsim
1.637956e+01,31641,3.04281665097664e-05,5.24272105169142e-02,1.04136791617056e+03,sinkhorn_cellsim
1.638962e+01,31661,3.03855878575928e-05,5.24272121439281e-02,1.04136791672397e+03,sinkhorn_cellsim
1.639966e+01,31681,3.03428147264593e-05,5.24272137617736e-02,1.04136791727651e+03,sinkhorn_cellsim
1.640972e+01,31701,3.02998095016670e-05,5.24272153709461e-02,1.04136791782814e+03,sinkhorn_cellsim
1.641978e+01,31721,3.02565340224310e-05,5.24272169719350e-02,1.04136791837885e+03,sinkhorn_cellsim
1.642984e+01,31741,3.02129494764121e-05,5.24272185652501e-02,1.04136791892862e+03,sinkhorn_cellsim
1.643989e+01,31761,3.01690164939070e-05,5.24272201514088e-02,1.04136791947740e+03,sinkhorn_cellsim
1.644994e+01,31781,3.01246950991457e-05,5.24272217309454e-02,1.04136792002519e+03,sinkhorn_cellsim
1.645999e+01,31801,3.00799447885223e-05,5.24272233043925e-02,1.04136792057194e+03,sinkhorn_cellsim
1.647004e+01,31821,3.00347244461820e-05,5.24272248723128e-02,1.04136792111762e+03,sinkhorn_cellsim
1.648010e+01,31841,2.99889924908957e-05,5.24272264352625e-02,1.04136792166222e+03,sinkhorn_cellsim
1.649015e+01,31861,2.99427067796903e-05,5.24272279938136e-02,1.04136792220569e+03,sinkhorn_cellsim
1.650020e+01,31881,2.98958246789525e-05,5.24272295485510e-02,1.04136792274799e+03,sinkhorn_cellsim
1.651026e+01,31901,2.98483030542580e-05,5.24272311000680e-02,1.04136792328911e+03,sinkhorn_cellsim
1.652031e+01,31921,2.98000983193422e-05,5.24272326489641e-02,1.04136792382900e+03,sinkhorn_cellsim
1.653037e+01,31941,2.97511664155846e-05,5.24272341958600e-02,1.04136792436763e+03,sinkhorn_cellsim
1.654042e+01,31961,2.97014628768611e-05,5.24272357413764e-02,1.04136792490495e+03,sinkhorn_cellsim
1.655048e+01,31981,2.96509428263029e-05,5.24272372861457e-02,1.04136792544093e+03,sinkhorn_cellsim
1.656053e+01,32001,2.95995609997296e-05,5.24272388308129e-02,1.04136792597554e+03,sinkhorn_cellsim
1.657059e+01,32021,2.95472718012827e-05,5.24272403760295e-02,1.04136792650872e+03,sinkhorn_cellsim
1.658064e+01,32041,2.94940292868498e-05,5.24272419224629e-02,1.04136792704045e+03,sinkhorn_cellsim
1.659070e+01,32061,2.94397872521934e-05,5.24272434707800e-02,1.04136792757066e+03,sinkhorn_cellsim
1.660075e+01,32081,2.93844992237360e-05,5.24272450216697e-02,1.04136792809934e+03,sinkhorn_cellsim
1.661082e+01,32101,2.93281185060583e-05,5.24272465758226e-02,1.04136792862642e+03,sinkhorn_cellsim
1.662086e+01,32121,2.92705982526080e-05,5.24272481339395e-02,1.04136792915186e+03,sinkhorn_cellsim
1.663092e+01,32141,2.92118914882289e-05,5.24272496967335e-02,1.04136792967562e+03,sinkhorn_cellsim
1.664097e+01,32161,2.91519511529818e-05,5.24272512649218e-02,1.04136793019765e+03,sinkhorn_cellsim
1.665102e+01,32181,2.90907301634576e-05,5.24272528392340e-02,1.04136793071789e+03,sinkhorn_cellsim
1.666108e+01,32201,2.90281814791643e-05,5.24272544204068e-02,1.04136793123631e+03,sinkhorn_cellsim
1.667116e+01,32221,2.89642581258269e-05,5.24272560091899e-02,1.04136793175285e+03,sinkhorn_cellsim
1.668121e+01,32241,2.88989132917531e-05,5.24272576063404e-02,1.04136793226745e+03,sinkhorn_cellsim
1.669127e+01,32261,2.88322328209978e-05,5.24272592126115e-02,1.04136793278008e+03,sinkhorn_cellsim
1.670132e+01,32281,2.87646872905621e-05,5.24272608287792e-02,1.04136793329067e+03,sinkhorn_cellsim
1.671138e+01,32301,2.86957656734104e-05,5.24272624556254e-02,1.04136793379917e+03,sinkhorn_cellsim
1.672144e+01,32321,2.86272235834935e-05,5.24272640939303e-02,1.04136793430553e+03,sinkhorn_cellsim
1.673149e+01,32341,2.85574661675079e-05,5.24272657444848e-02,1.04136793480969e+03,sinkhorn_cellsim
1.674154e+01,32361,2.84860893183810e-05,5.24272674080853e-02,1.04136793531160e+03,sinkhorn_cellsim
1.675161e+01,32381,2.84130491743656e-05,5.24272690855400e-02,1.04136793581121e+03,sinkhorn_cellsim
1.676166e+01,32401,2.83383025576421e-05,5.24272707776583e-02,1.04136793630845e+03,sinkhorn_cellsim
1.677173e+01,32421,2.82618070533029e-05,5.24272724852441e-02,1.04136793680326e+03,sinkhorn_cellsim
1.678178e+01,32441,2.81835210379888e-05,5.24272742091265e-02,1.04136793729561e+03,sinkhorn_cellsim
1.679185e+01,32461,2.81034039008898e-05,5.24272759501132e-02,1.04136793778541e+03,sinkhorn_cellsim
1.680190e+01,32481,2.80214160173120e-05,5.24272777090358e-02,1.04136793827263e+03,sinkhorn_cellsim
1.681196e+01,32501,2.79383544730374e-05,5.24272794867103e-02,1.04136793875720e+03,sinkhorn_cellsim
1.682201e+01,32521,2.78548390784140e-05,5.24272812839679e-02,1.04136793923906e+03,sinkhorn_cellsim
1.683207e+01,32541,2.77695056064721e-05,5.24272831016327e-02,1.04136793971816e+03,sinkhorn_cellsim
1.684212e+01,32561,2.76828762434009e-05,5.24272849405236e-02,1.04136794019444e+03,sinkhorn_cellsim
1.685218e+01,32581,2.75946318389508e-05,5.24272868014679e-02,1.04136794066784e+03,sinkhorn_cellsim
1.686223e+01,32601,2.75058793837282e-05,5.24272886852825e-02,1.04136794113831e+03,sinkhorn_cellsim
1.687229e+01,32621,2.74169632399228e-05,5.24272905927790e-02,1.04136794160580e+03,sinkhorn_cellsim
1.688235e+01,32641,2.73264527014027e-05,5.24272925247685e-02,1.04136794207024e+03,sinkhorn_cellsim
1.689240e+01,32661,2.72354675730665e-05,5.24272944820551e-02,1.04136794253158e+03,sinkhorn_cellsim
1.690245e+01,32681,2.71447553904785e-05,5.24272964654345e-02,1.04136794298977e+03,sinkhorn_cellsim
1.691251e+01,32701,2.70527527737545e-05,5.24272984756853e-02,1.04136794344475e+03,sinkhorn_cellsim
1.692257e+01,32721,2.69587390052694e-05,5.24273005135937e-02,1.04136794389649e+03,sinkhorn_cellsim
1.693263e+01,32741,2.68634136985527e-05,5.24273025799169e-02,1.04136794434491e+03,sinkhorn_cellsim
1.694269e+01,32761,2.67682011517326e-05,5.24273046754075e-02,1.04136794478998e+03,sinkhorn_cellsim
1.695274e+01,32781,2.66721587360106e-05,5.24273068008050e-02,1.04136794523165e+03,sinkhorn_cellsim
1.696280e+01,32801,2.65740039979535e-05,5.24273089568250e-02,1.04136794566987e+03,sinkhorn_cellsim
1.697285e+01,32821,2.64737165929255e-05,5.24273111441736e-02,1.04136794610459e+03,sinkhorn_cellsim
1.698291e+01,32841,2.63718924605111e-05,5.24273133635350e-02,1.04136794653578e+03,sinkhorn_cellsim
1.699296e+01,32861,2.62682420899850e-05,5.24273156155759e-02,1.04136794696338e+03,sinkhorn_cellsim
1.700301e+01,32881,2.61625158022329e-05,5.24273179009360e-02,1.04136794738738e+03,sinkhorn_cellsim
1.701307e+01,32901,2.60546016224738e-05,5.24273202202344e-02,1.04136794780771e+03,sinkhorn_cellsim
1.702312e+01,32921,2.59444895816492e-05,5.24273225740662e-02,1.04136794822436e+03,sinkhorn_cellsim
1.703318e+01,32941,2.58321722084784e-05,5.24273249630038e-02,1.04136794863728e+03,sinkhorn_cellsim
1.704323e+01,32961,2.57176446665318e-05,5.24273273875805e-02,1.04136794904645e+03,sinkhorn_cellsim
1.705328e+01,32981,2.56009047402093e-05,5.24273298483181e-02,1.04136794945183e+03,sinkhorn_cellsim
1.706334e+01,33001,2.54819529982609e-05,5.24273323456891e-02,1.04136794985341e+03,sinkhorn_cellsim
1.707340e+01,33021,2.53607927694703e-05,5.24273348801504e-02,1.04136795025116e+03,sinkhorn_cellsim
1.708345e+01,33041,2.52374302485623e-05,5.24273374521176e-02,1.04136795064505e+03,sinkhorn_cellsim
1.709351e+01,33061,2.51118745223467e-05,5.24273400619717e-02,1.04136795103507e+03,sinkhorn_cellsim
1.710356e+01,33081,2.49841375946788e-05,5.24273427100592e-02,1.04136795142120e+03,sinkhorn_cellsim
1.711362e+01,33101,2.48542344252172e-05,5.24273453966938e-02,1.04136795180343e+03,sinkhorn_cellsim
1.712368e+01,33121,2.47221829607075e-05,5.24273481221486e-02,1.04136795218175e+03,sinkhorn_cellsim
1.713374e+01,33141,2.45880041060088e-05,5.24273508866612e-02,1.04136795255615e+03,sinkhorn_cellsim
1.714380e+01,33161,2.44517217865905e-05,5.24273536904225e-02,1.04136795292663e+03,sinkhorn_cellsim
1.715385e+01,33181,2.43133628732764e-05,5.24273565335953e-02,1.04136795329318e+03,sinkhorn_cellsim
1.716391e+01,33201,2.41729571929519e-05,5.24273594162945e-02,1.04136795365580e+03,sinkhorn_cellsim
1.717397e+01,33221,2.40305375526579e-05,5.24273623385871e-02,1.04136795401450e+03,sinkhorn_cellsim
1.718402e+01,33241,2.38861395858242e-05,5.24273653005100e-02,1.04136795436928e+03,sinkhorn_cellsim
1.719408e+01,33261,2.37398017969650e-05,5.24273683020569e-02,1.04136795472014e+03,sinkhorn_cellsim
1.720414e+01,33281,2.35915654995025e-05,5.24273713431698e-02,1.04136795506711e+03,sinkhorn_cellsim
1.721420e+01,33301,2.34431604495384e-05,5.24273744237590e-02,1.04136795541018e+03,sinkhorn_cellsim
1.722425e+01,33321,2.32930096222112e-05,5.24273775436854e-02,1.04136795574939e+03,sinkhorn_cellsim
1.723431e+01,33341,2.31412333583052e-05,5.24273807027677e-02,1.04136795608473e+03,sinkhorn_cellsim
1.724436e+01,33361,2.29887415554988e-05,5.24273839007825e-02,1.04136795641624e+03,sinkhorn_cellsim
1.725441e+01,33381,2.28345095442229e-05,5.24273871374657e-02,1.04136795674394e+03,sinkhorn_cellsim
1.726447e+01,33401,2.26785932371120e-05,5.24273904125142e-02,1.04136795706785e+03,sinkhorn_cellsim
1.727453e+01,33421,2.25210507748488e-05,5.24273937255728e-02,1.04136795738799e+03,sinkhorn_cellsim
1.728458e+01,33441,2.23619423761486e-05,5.24273970762553e-02,1.04136795770440e+03,sinkhorn_cellsim
1.729464e+01,33461,2.22013302736620e-05,5.24274004641282e-02,1.04136795801709e+03,sinkhorn_cellsim
1.730469e+01,33481,2.20392785681773e-05,5.24274038887274e-02,1.04136795832612e+03,sinkhorn_cellsim
1.731476e+01,33501,2.18758531571271e-05,5.24274073495360e-02,1.04136795863150e+03,sinkhorn_cellsim
1.732481e+01,33521,2.17111215574632e-05,5.24274108460065e-02,1.04136795893327e+03,sinkhorn_cellsim
1.733487e+01,33541,2.15451528116529e-05,5.24274143775549e-02,1.04136795923147e+03,sinkhorn_cellsim
1.734492e+01,33561,2.13780173520851e-05,5.24274179435615e-02,1.04136795952614e+03,sinkhorn_cellsim
1.735497e+01,33581,2.12098284768944e-05,5.24274215433614e-02,1.04136795981731e+03,sinkhorn_cellsim
1.736503e+01,33601,2.10406894055213e-05,5.24274251762660e-02,1.04136796010502e+03,sinkhorn_cellsim
1.737508e+01,33621,2.08705977309219e-05,5.24274288415502e-02,1.04136796038931e+03,sinkhorn_cellsim
1.738513e+01,33641,2.06996281673592e-05,5.24274325384480e-02,1.04136796067023e+03,sinkhorn_cellsim
1.739519e+01,33661,2.05278561859235e-05,5.24274362661737e-02,1.04136796094782e+03,sinkhorn_cellsim
1.740525e+01,33681,2.03553579303655e-05,5.24274400239039e-02,1.04136796122211e+03,sinkhorn_cellsim
1.741530e+01,33701,2.01822100546065e-05,5.24274438107904e-02,1.04136796149316e+03,sinkhorn_cellsim
1.742536e+01,33721,2.00084896800888e-05,5.24274476259515e-02,1.04136796176101e+03,sinkhorn_cellsim
1.743542e+01,33741,1.98342742129544e-05,5.24274514684816e-02,1.04136796202570e+03,sinkhorn_cellsim
1.744547e+01,33761,1.96596412603420e-05,5.24274553374522e-02,1.04136796228728e+03,sinkhorn_cellsim
1.745553e+01,33781,1.94846685327846e-05,5.24274592319017e-02,1.04136796254579e+03,sinkhorn_cellsim
1.746560e+01,33801,1.93094337061338e-05,5.24274631508596e-02,1.04136796280129e+03,sinkhorn_cellsim
1.747566e+01,33821,1.91340143963970e-05,5.24274670933128e-02,1.04136796305381e+03,sinkhorn_cellsim
1.748571e+01,33841,1.89584879561796e-05,5.24274710582489e-02,1.04136796330340e+03,sinkhorn_cellsim
1.749578e+01,33861,1.87830532510835e-05,5.24274750446214e-02,1.04136796355012e+03,sinkhorn_cellsim
1.750583e+01,33881,1.86077563271713e-05,5.24274790513690e-02,1.04136796379400e+03,sinkhorn_cellsim
1.751589e+01,33901,1.84325689829228e-05,5.24274830774087e-02,1.04136796403509e+03,sinkhorn_cellsim
1.752595e+01,33921,1.82575670154697e-05,5.24274871216514e-02,1.04136796427346e+03,sinkhorn_cellsim
1.753602e+01,33941,1.80828256508674e-05,5.24274911829842e-02,1.04136796450913e+03,sinkhorn_cellsim
1.754608e+01,33961,1.79086187180482e-05,5.24274952602788e-02,1.04136796474215e+03,sinkhorn_cellsim
1.755614e+01,33981,1.77349067121482e-05,5.24274993524033e-02,1.04136796497259e+03,sinkhorn_cellsim
1.756619e+01,34001,1.75616545655135e-05,5.24275034582011e-02,1.04136796520048e+03,sinkhorn_cellsim
1.757625e+01,34021,1.73893820890344e-05,5.24275075765172e-02,1.04136796542587e+03,sinkhorn_cellsim
1.758632e+01,34041,1.72181536084068e-05,5.24275117061779e-02,1.04136796564880e+03,sinkhorn_cellsim
1.759638e+01,34061,1.70481356301681e-05,5.24275158460086e-02,1.04136796586934e+03,sinkhorn_cellsim
1.760644e+01,34081,1.68800901626250e-05,5.24275199948168e-02,1.04136796608752e+03,sinkhorn_cellsim
1.761650e+01,34101,1.67128499868156e-05,5.24275241514170e-02,1.04136796630340e+03,sinkhorn_cellsim
1.762655e+01,34121,1.65464753899765e-05,5.24275283146108e-02,1.04136796651701e+03,sinkhorn_cellsim
c_index=-0.05242752831461081,Sw=0.0,Smin=0.05242752831461081,Smax=0.05242752831461081,Nw=69,pairs=190
