time(s),iter,infeas,ot_objective,primal,dual,solver
1.508590e-04,1,6.10514429813351e-01,3.74746939630576e-01,1.59577579925728e+00,0.00000000000000e+00,lamp_kernel
1.069804e-01,21,7.53081561054323e-02,3.25468837863758e-01,4.76085150074622e-01,1.26718591295684e-01,lamp_kernel
2.137713e-01,41,4.46999898868731e-02,2.88647533523425e-01,3.78047513297171e-01,1.39315071052096e-01,lamp_kernel
3.205701e-01,61,1.91666216118564e-02,2.48929111717970e-01,2.87262354941683e-01,1.51931683612789e-01,lamp_kernel
4.273332e-01,81,5.19127934842846e-03,2.24826403971465e-01,2.35208962668322e-01,1.62622165917921e-01,lamp_kernel
5.340644e-01,101,1.68719715201551e-03,2.12272922882544e-01,2.15647317186575e-01,1.69543704064267e-01,lamp_kernel
6.407880e-01,121,6.33774774901805e-04,2.05470301888611e-01,2.06737851438414e-01,1.73934741072428e-01,lamp_kernel
7.475314e-01,141,2.53775718431789e-04,2.01374084761133e-01,2.01881636197997e-01,1.76894865140278e-01,lamp_kernel
8.542951e-01,161,1.45592180550496e-04,1.98718049127199e-01,1.99009233488300e-01,1.79004680286112e-01,lamp_kernel
9.610240e-01,181,9.77836770886722e-05,1.96901348901755e-01,1.97096916255932e-01,1.80559147888484e-01,lamp_kernel
1.067752e+00,201,7.48154317451864e-05,1.95585081306165e-01,1.95734712169655e-01,1.81739175311452e-01,lamp_kernel
1.174489e+00,221,4.60476368402109e-05,1.94602430403459e-01,1.94694525677139e-01,1.82665279241229e-01,lamp_kernel
1.281223e+00,241,3.84216782151781e-05,1.93849228892945e-01,1.93926072249375e-01,1.83410190638633e-01,lamp_kernel
1.387991e+00,261,3.99754204503396e-05,1.93245371334966e-01,1.93325322175867e-01,1.84020596177998e-01,lamp_kernel
1.494769e+00,281,2.86785518617153e-05,1.92752944624319e-01,1.92810301728043e-01,1.84525625912622e-01,lamp_kernel
1.601551e+00,301,2.52890753939739e-05,1.92347997855334e-01,1.92398576006122e-01,1.84947286572056e-01,lamp_kernel
1.708318e+00,321,2.14027517465819e-05,1.92010565252610e-01,1.92053370756103e-01,1.85306065593673e-01,lamp_kernel
1.815094e+00,341,2.54632836261761e-05,1.91721015169949e-01,1.91771941737201e-01,1.85614388073136e-01,lamp_kernel
1.921891e+00,361,1.91130467898249e-05,1.91471924366716e-01,1.91510150460296e-01,1.85880915659677e-01,lamp_kernel
2.028694e+00,381,1.98598195157362e-05,1.91255895356497e-01,1.91295614995529e-01,1.86111714817924e-01,lamp_kernel
2.135497e+00,401,1.76294805198084e-05,1.91069149993184e-01,1.91104408954224e-01,1.86313601653710e-01,lamp_kernel
2.242298e+00,421,1.44827267608125e-05,1.90902600656787e-01,1.90931566110309e-01,1.86492432398452e-01,lamp_kernel
2.349103e+00,441,1.48074572907485e-05,1.90756010843145e-01,1.90785625757726e-01,1.86651127309238e-01,lamp_kernel
2.455940e+00,461,1.16313301016009e-05,1.90625754462270e-01,1.90649017122474e-01,1.86792463721264e-01,lamp_kernel
2.562778e+00,481,1.29136602342828e-05,1.90508610805077e-01,1.90534438125546e-01,1.86919525759214e-01,lamp_kernel
2.669612e+00,501,1.08730291011284e-05,1.90403547016503e-01,1.90425293074705e-01,1.87033551060301e-01,lamp_kernel
2.776431e+00,521,9.30728285764075e-06,1.90308442093429e-01,1.90327056659145e-01,1.87136912518615e-01,lamp_kernel
2.883258e+00,541,1.07934721137454e-05,1.90222517274278e-01,1.90244104218505e-01,1.87230911889727e-01,lamp_kernel
2.990081e+00,561,7.83241594135537e-06,1.90144061183797e-01,1.90159726015680e-01,1.87316312927593e-01,lamp_kernel
3.096907e+00,581,7.73523384977607e-06,1.90072403339161e-01,1.90087873806861e-01,1.87394588356241e-01,lamp_kernel
3.203732e+00,601,7.85400523277232e-06,1.90007117375941e-01,1.90022825386407e-01,1.87466587865088e-01,lamp_kernel
3.310549e+00,621,5.81686004011478e-06,1.89946652484117e-01,1.89958286204197e-01,1.87532814638726e-01,lamp_kernel
3.417373e+00,641,6.18326745513389e-06,1.89891167642182e-01,1.89903534177092e-01,1.87593962403490e-01,lamp_kernel
3.524181e+00,661,5.33254846673986e-06,1.89840122130016e-01,1.89850787226949e-01,1.87650458830544e-01,lamp_kernel
3.716506e+00,681,4.51453044439108e-06,1.89792486784073e-01,1.89801515844962e-01,1.87702425211586e-01,lamp_kernel
3.823306e+00,701,4.79589083376012e-06,1.89748401405559e-01,1.89757993187227e-01,1.87750445212613e-01,lamp_kernel
3.930054e+00,721,3.74492599684354e-06,1.89707548150286e-01,1.89715038002279e-01,1.87795235831537e-01,lamp_kernel
4.036800e+00,741,3.86171258331858e-06,1.89669308607426e-01,1.89677032032593e-01,1.87837095634225e-01,lamp_kernel
4.143564e+00,761,3.60230709904491e-06,1.89633598890232e-01,1.89640803504430e-01,1.87876266348257e-01,lamp_kernel
4.250343e+00,781,2.77171349305942e-06,1.89600357150275e-01,1.89605900577261e-01,1.87913003483383e-01,lamp_kernel
4.357152e+00,801,3.27191464656980e-06,1.89569080790170e-01,1.89575624619463e-01,1.87947454695949e-01,lamp_kernel
4.463946e+00,821,2.65731040041860e-06,1.89539642452898e-01,1.89544957073699e-01,1.87979577647085e-01,lamp_kernel
4.570756e+00,841,2.18164306936083e-06,1.89512178448026e-01,1.89516541734165e-01,1.88009753032215e-01,lamp_kernel
4.677562e+00,861,2.59342713572337e-06,1.89486227173620e-01,1.89491414027891e-01,1.88038168597346e-01,lamp_kernel
4.784365e+00,881,1.97833826825793e-06,1.89461679991298e-01,1.89465636667834e-01,1.88064814955451e-01,lamp_kernel
4.891174e+00,901,1.83952904246577e-06,1.89438673318299e-01,1.89442352376384e-01,1.88089905849994e-01,lamp_kernel
4.997953e+00,921,1.91284578951392e-06,1.89416872324527e-01,1.89420698016106e-01,1.88113409279981e-01,lamp_kernel
5.104767e+00,941,1.51271031211662e-06,1.89396155166846e-01,1.89399180587470e-01,1.88135561339649e-01,lamp_kernel
5.211568e+00,961,1.51942640263827e-06,1.89376642284262e-01,1.89379681137067e-01,1.88156062721849e-01,lamp_kernel
5.318381e+00,981,1.44699913953602e-06,1.89358144619494e-01,1.89361038617773e-01,1.88175105906330e-01,lamp_kernel
5.425195e+00,1001,1.20940263994567e-06,1.89340489960422e-01,1.89342908765702e-01,1.88193103165226e-01,lamp_kernel
5.532006e+00,1021,1.25613673364962e-06,1.89323798489001e-01,1.89326310762469e-01,1.88210211939124e-01,lamp_kernel
5.638832e+00,1041,1.07369759534590e-06,1.89307963224105e-01,1.89310110619295e-01,1.88226449074199e-01,lamp_kernel
5.745659e+00,1061,1.00978861944719e-06,1.89292792693779e-01,1.89294812271017e-01,1.88241857357790e-01,lamp_kernel
5.852482e+00,1081,1.02848565536413e-06,1.89278390608676e-01,1.89280447579987e-01,1.88256409718860e-01,lamp_kernel
5.959319e+00,1101,8.45345253075943e-07,1.89264705779589e-01,1.89266396470096e-01,1.88270324935376e-01,lamp_kernel
6.066149e+00,1121,8.80210356420094e-07,1.89251568490661e-01,1.89253328911374e-01,1.88283665511086e-01,lamp_kernel
6.172993e+00,1141,8.14163197707023e-07,1.89239048220197e-01,1.89240676546592e-01,1.88296417846457e-01,lamp_kernel
6.279818e+00,1161,6.91042622967048e-07,1.89227138274340e-01,1.89228520359586e-01,1.88308656852609e-01,lamp_kernel
6.386639e+00,1181,7.29225364578835e-07,1.89215692911331e-01,1.89217151362060e-01,1.88320418511893e-01,lamp_kernel
6.493478e+00,1201,6.49785082704161e-07,1.89204743488839e-01,1.89206043059004e-01,1.88331713017346e-01,lamp_kernel
6.600305e+00,1221,5.97184995268916e-07,1.89194309455221e-01,1.89195503825212e-01,1.88342584247132e-01,lamp_kernel
6.707138e+00,1241,6.26551251134012e-07,1.89184274221585e-01,1.89185527324088e-01,1.88353027545023e-01,lamp_kernel
6.813974e+00,1261,5.31726790824726e-07,1.89174641534158e-01,1.89175704987739e-01,1.88363085459443e-01,lamp_kernel
6.920796e+00,1281,5.26978757393526e-07,1.89165445855478e-01,1.89166499812992e-01,1.88372783602754e-01,lamp_kernel
7.027643e+00,1301,5.41974741475899e-07,1.89156599952985e-01,1.89157683902468e-01,1.88382140211821e-01,lamp_kernel
7.134499e+00,1321,4.59022567849515e-07,1.89148086997782e-01,1.89149005042918e-01,1.88391143242211e-01,lamp_kernel
7.241360e+00,1341,4.63200824962114e-07,1.89139942705505e-01,1.89140869107155e-01,1.88399836356808e-01,lamp_kernel
7.348267e+00,1361,4.59777374095680e-07,1.89132104907129e-01,1.89133024461877e-01,1.88408199521387e-01,lamp_kernel
7.455186e+00,1381,4.16267296655815e-07,1.89124544563043e-01,1.89125377097637e-01,1.88416168325935e-01,lamp_kernel
7.562115e+00,1401,4.00053070581641e-07,1.89117294679494e-01,1.89118094785635e-01,1.88423875886386e-01,lamp_kernel
7.669030e+00,1421,4.03722070085661e-07,1.89110316418645e-01,1.89111123862785e-01,1.88431333621097e-01,lamp_kernel
7.775952e+00,1441,3.94674948596025e-07,1.89103576648464e-01,1.89104365998361e-01,1.88438544908111e-01,lamp_kernel
7.882927e+00,1461,3.68147453394103e-07,1.89097100940489e-01,1.89097837235395e-01,1.88445523583851e-01,lamp_kernel
7.989888e+00,1481,3.54218483719473e-07,1.89090865806560e-01,1.89091574243527e-01,1.88452282099751e-01,lamp_kernel
8.096868e+00,1501,3.62940243840774e-07,1.89084836199489e-01,1.89085562079977e-01,1.88458830145115e-01,lamp_kernel
8.203854e+00,1521,3.44381218872097e-07,1.89079028870167e-01,1.89079717632605e-01,1.88465172772225e-01,lamp_kernel
8.310870e+00,1541,3.22741095362888e-07,1.89073432828808e-01,1.89074078310999e-01,1.88471323337833e-01,lamp_kernel
8.417876e+00,1561,3.35712426663850e-07,1.89068017428485e-01,1.89068688853339e-01,1.88477294194135e-01,lamp_kernel
8.524866e+00,1581,3.24440108087604e-07,1.89062793083060e-01,1.89063441963276e-01,1.88483071271337e-01,lamp_kernel
8.631869e+00,1601,3.09266902112454e-07,1.89057756695902e-01,1.89058375229707e-01,1.88488686133431e-01,lamp_kernel
8.738874e+00,1621,3.02256120040525e-07,1.89052881182017e-01,1.89053485694257e-01,1.88494145329188e-01,lamp_kernel
8.845897e+00,1641,2.97747588083492e-07,1.89048169239664e-01,1.89048764734840e-01,1.88499455006237e-01,lamp_kernel
8.952932e+00,1661,2.96013965972696e-07,1.89043621292356e-01,1.89044213320288e-01,1.88504621053263e-01,lamp_kernel
9.059961e+00,1681,2.87107238175985e-07,1.89039215577342e-01,1.89039789791818e-01,1.88509633826347e-01,lamp_kernel
9.167565e+00,1701,2.75230951823165e-07,1.89034951311521e-01,1.89035501773425e-01,1.88514444968101e-01,lamp_kernel
9.274688e+00,1721,2.80385329244457e-07,1.89030832332272e-01,1.89031393102930e-01,1.88519125094108e-01,lamp_kernel
9.381776e+00,1741,2.77757069902655e-07,1.89026842349976e-01,1.89027397864116e-01,1.88523686423415e-01,lamp_kernel
9.488880e+00,1761,2.57013551076422e-07,1.89022976818415e-01,1.89023490845517e-01,1.88528133300466e-01,lamp_kernel
9.595976e+00,1781,2.61642818531227e-07,1.89019238840397e-01,1.89019762126034e-01,1.88532462218688e-01,lamp_kernel
9.703089e+00,1801,2.63627308555176e-07,1.89015615585350e-01,1.89016142839968e-01,1.88536680398608e-01,lamp_kernel
9.810201e+00,1821,2.50755740812139e-07,1.89012100632199e-01,1.89012602143680e-01,1.88540796176345e-01,lamp_kernel
9.917322e+00,1841,2.42204999200203e-07,1.89008697456825e-01,1.89009181866824e-01,1.88544813392052e-01,lamp_kernel
1.002443e+01,1861,2.49607685221224e-07,1.89005398072017e-01,1.89005897287388e-01,1.88548732917052e-01,lamp_kernel
1.013154e+01,1881,2.45079366254793e-07,1.89002196040397e-01,1.89002686199130e-01,1.88552557079635e-01,lamp_kernel
1.023866e+01,1901,2.33253542436979e-07,1.88999093643147e-01,1.88999560150232e-01,1.88556292584474e-01,lamp_kernel
1.034578e+01,1921,2.31205089148406e-07,1.88996084683344e-01,1.88996547093522e-01,1.88559939885484e-01,lamp_kernel
1.045291e+01,1941,2.32156437078618e-07,1.88993161680717e-01,1.88993625993592e-01,1.88563501951276e-01,lamp_kernel
1.056002e+01,1961,2.25142329165539e-07,1.88990325494056e-01,1.88990775778715e-01,1.88566980909154e-01,lamp_kernel
1.066717e+01,1981,2.13676657148236e-07,1.88987572563183e-01,1.88987999916497e-01,1.88570382535701e-01,lamp_kernel
1.077429e+01,2001,2.17100923780712e-07,1.88984897000854e-01,1.88985331202702e-01,1.88573707409632e-01,lamp_kernel
1.088141e+01,2021,2.14500510707995e-07,1.88982299524813e-01,1.88982728525834e-01,1.88576957636000e-01,lamp_kernel
1.098854e+01,2041,2.06425958478744e-07,1.88979778025440e-01,1.88980190877356e-01,1.88580138130517e-01,lamp_kernel
1.109568e+01,2061,1.96914458034993e-07,1.88977326601999e-01,1.88977720430915e-01,1.88583251075713e-01,lamp_kernel
1.120282e+01,2081,1.97990405001320e-07,1.88974944162479e-01,1.88975340143289e-01,1.88586298557551e-01,lamp_kernel
1.130996e+01,2101,1.95589691025359e-07,1.88972628968279e-01,1.88973020147661e-01,1.88589282578948e-01,lamp_kernel
1.141710e+01,2121,1.84927726237415e-07,1.88970376218099e-01,1.88970746073551e-01,1.88592191952212e-01,lamp_kernel
1.152425e+01,2141,1.82122533612578e-07,1.88968185074053e-01,1.88968549319120e-01,1.88595030224192e-01,lamp_kernel
1.163139e+01,2161,1.84045544524356e-07,1.88966055177309e-01,1.88966423268398e-01,1.88597809414803e-01,lamp_kernel
1.173852e+01,2181,1.78517667155183e-07,1.88963982771527e-01,1.88964339806862e-01,1.88600519516874e-01,lamp_kernel
1.184569e+01,2201,1.65972232193737e-07,1.88961966110789e-01,1.88962298055254e-01,1.88603173424101e-01,lamp_kernel
1.195287e+01,2221,1.69507560051370e-07,1.88960004291302e-01,1.88960343306422e-01,1.88605775541248e-01,lamp_kernel
1.206004e+01,2241,1.69045709371811e-07,1.88958093685979e-01,1.88958431777398e-01,1.88608327343340e-01,lamp_kernel
1.216724e+01,2261,1.60204872176952e-07,1.88956232331626e-01,1.88956552741370e-01,1.88610830247131e-01,lamp_kernel
1.227440e+01,2281,1.55480475832019e-07,1.88954420142967e-01,1.88954731103918e-01,1.88613285614032e-01,lamp_kernel
1.238159e+01,2301,1.58748038156201e-07,1.88952654967852e-01,1.88952972463929e-01,1.88615694757271e-01,lamp_kernel
1.248876e+01,2321,1.54919380881097e-07,1.88950935071903e-01,1.88951244910665e-01,1.88618058941667e-01,lamp_kernel
1.259594e+01,2341,1.46017249978156e-07,1.88949260140512e-01,1.88949552175012e-01,1.88620379385620e-01,lamp_kernel
1.270314e+01,2361,1.45566940733114e-07,1.88947627926532e-01,1.88947919060413e-01,1.88622657266533e-01,lamp_kernel
1.281031e+01,2381,1.45828412125645e-07,1.88946035973683e-01,1.88946327630508e-01,1.88624886204818e-01,lamp_kernel
1.291750e+01,2401,1.40316444857234e-07,1.88944483747097e-01,1.88944764379987e-01,1.88627064847280e-01,lamp_kernel
1.302467e+01,2421,1.33309720132555e-07,1.88942970015925e-01,1.88943236635365e-01,1.88629202945291e-01,lamp_kernel
1.313187e+01,2441,1.36517445827450e-07,1.88941493094617e-01,1.88941766129508e-01,1.88631303392883e-01,lamp_kernel
1.323905e+01,2461,1.35220327045851e-07,1.88940052751828e-01,1.88940323192482e-01,1.88633367151503e-01,lamp_kernel
1.334622e+01,2481,1.29107256366406e-07,1.88938648149000e-01,1.88938906363513e-01,1.88635395151365e-01,lamp_kernel
1.345341e+01,2501,1.25269472261084e-07,1.88937277239909e-01,1.88937527778853e-01,1.88637388292880e-01,lamp_kernel
1.356057e+01,2521,1.27442730921997e-07,1.88935938920962e-01,1.88936193806424e-01,1.88639336129502e-01,lamp_kernel
1.366775e+01,2541,1.24911127298114e-07,1.88934632371100e-01,1.88934882193355e-01,1.88641247577322e-01,lamp_kernel
1.377492e+01,2561,1.17821348600282e-07,1.88933356120598e-01,1.88933591763295e-01,1.88643127155113e-01,lamp_kernel
1.388211e+01,2581,1.19243856428511e-07,1.88932109486860e-01,1.88932347974573e-01,1.88644975636224e-01,lamp_kernel
1.398928e+01,2601,1.20043710922916e-07,1.88930892285193e-01,1.88931132372615e-01,1.88646793768694e-01,lamp_kernel
1.409645e+01,2621,1.15937088817878e-07,1.88929703485731e-01,1.88929935359909e-01,1.88648582277918e-01,lamp_kernel
1.420364e+01,2641,1.09713086057536e-07,1.88928541957015e-01,1.88928761383187e-01,1.88650341866164e-01,lamp_kernel
1.431082e+01,2661,1.12908666894009e-07,1.88927406906153e-01,1.88927632723487e-01,1.88652073213444e-01,lamp_kernel
1.441803e+01,2681,1.12133051250537e-07,1.88926297210721e-01,1.88926521476823e-01,1.88653776979102e-01,lamp_kernel
1.452520e+01,2701,1.06675263389999e-07,1.88925211902567e-01,1.88925425253094e-01,1.88655453801438e-01,lamp_kernel
1.463240e+01,2721,1.05514507291489e-07,1.88924150617000e-01,1.88924361646015e-01,1.88657104298337e-01,lamp_kernel
1.473962e+01,2741,1.07313130487224e-07,1.88923112910302e-01,1.88923327536563e-01,1.88658729069095e-01,lamp_kernel
1.532060e+01,2761,1.04839868608775e-07,1.88922098140260e-01,1.88922307819998e-01,1.88660328559309e-01,lamp_kernel
1.542781e+01,2781,9.92916570867553e-08,1.88921105709455e-01,1.88921304292769e-01,1.88661901976993e-01,lamp_kernel
1.553493e+01,2801,1.00709204697425e-07,1.88920134761494e-01,1.88920336179903e-01,1.88663451341086e-01,lamp_kernel
1.564206e+01,2821,1.01156939725774e-07,1.88919184331800e-01,1.88919386645680e-01,1.88664977156360e-01,lamp_kernel
1.574918e+01,2841,9.76696074324166e-08,1.88918253817678e-01,1.88918449156893e-01,1.88666480010289e-01,lamp_kernel
1.585633e+01,2861,9.45133214244618e-08,1.88917342790903e-01,1.88917531817546e-01,1.88667959677982e-01,lamp_kernel
1.596347e+01,2881,9.67353362851748e-08,1.88916450826892e-01,1.88916644297565e-01,1.88669413795557e-01,lamp_kernel
1.607061e+01,2901,9.59456084485219e-08,1.88915577625708e-01,1.88915769516925e-01,1.88670845568039e-01,lamp_kernel
1.617775e+01,2921,9.19365370534822e-08,1.88914722750366e-01,1.88914906623440e-01,1.88672256429763e-01,lamp_kernel
1.628487e+01,2941,9.09905410550842e-08,1.88913885455761e-01,1.88914067436843e-01,1.88673646148008e-01,lamp_kernel
1.639199e+01,2961,9.24477020276120e-08,1.88913065026612e-01,1.88913249922016e-01,1.88675009262530e-01,lamp_kernel
1.649910e+01,2981,9.07920398404410e-08,1.88912260933245e-01,1.88912442517325e-01,1.88676350462515e-01,lamp_kernel
1.660623e+01,3001,8.65406235687571e-08,1.88911472742135e-01,1.88911645823382e-01,1.88677670370002e-01,lamp_kernel
1.671334e+01,3021,8.89183837949581e-08,1.88910700175234e-01,1.88910878012001e-01,1.88678971730266e-01,lamp_kernel
1.682046e+01,3041,8.92020445851233e-08,1.88909943039246e-01,1.88910121443335e-01,1.88680254919395e-01,lamp_kernel
1.692759e+01,3061,8.66039117315772e-08,1.88909200985779e-01,1.88909374193602e-01,1.88681520303784e-01,lamp_kernel
1.703476e+01,3081,8.40105252739678e-08,1.88908473496831e-01,1.88908641517882e-01,1.88682768240309e-01,lamp_kernel
1.714190e+01,3101,8.61420313017043e-08,1.88907760010929e-01,1.88907932294992e-01,1.88683997901239e-01,lamp_kernel
1.724904e+01,3121,8.57245133888733e-08,1.88907060005209e-01,1.88907231454236e-01,1.88685210315672e-01,lamp_kernel
1.735619e+01,3141,8.27344700679341e-08,1.88906373108917e-01,1.88906538577857e-01,1.88686406334517e-01,lamp_kernel
1.746334e+01,3161,8.32501962879111e-08,1.88905699130303e-01,1.88905865630696e-01,1.88687586277103e-01,lamp_kernel
1.757048e+01,3181,8.42562313273894e-08,1.88905037911881e-01,1.88905206424344e-01,1.88688750454559e-01,lamp_kernel
1.767763e+01,3201,8.27087627413780e-08,1.88904389211693e-01,1.88904554629219e-01,1.88689899170222e-01,lamp_kernel
1.778478e+01,3221,7.92995231113212e-08,1.88903752673749e-01,1.88903911272795e-01,1.88691032719923e-01,lamp_kernel
1.789194e+01,3241,8.13730724838408e-08,1.88903127839147e-01,1.88903290585292e-01,1.88692151392300e-01,lamp_kernel
1.799908e+01,3261,8.17324632270821e-08,1.88902514251018e-01,1.88902677715945e-01,1.88693255468823e-01,lamp_kernel
1.810623e+01,3281,7.98046464697172e-08,1.88901911582517e-01,1.88902071191810e-01,1.88694341309893e-01,lamp_kernel
1.821339e+01,3301,7.88506333280640e-08,1.88901319649293e-01,1.88901477350559e-01,1.88695405820633e-01,lamp_kernel
1.832055e+01,3321,8.03810965567859e-08,1.88900738337871e-01,1.88900899100064e-01,1.88696456034466e-01,lamp_kernel
1.842773e+01,3341,7.96493189281942e-08,1.88900167506611e-01,1.88900326805249e-01,1.88697485767347e-01,lamp_kernel
1.853487e+01,3361,7.71048900150649e-08,1.88899606892779e-01,1.88899761102559e-01,1.88698498649300e-01,lamp_kernel
1.864201e+01,3381,7.75914062967689e-08,1.88899056122934e-01,1.88899211305746e-01,1.88699499032335e-01,lamp_kernel
1.874918e+01,3401,7.85112921961406e-08,1.88898514819975e-01,1.88898671842559e-01,1.88700487138358e-01,lamp_kernel
1.885633e+01,3421,7.72419792523056e-08,1.88897982687575e-01,1.88898137171534e-01,1.88701463183935e-01,lamp_kernel
1.896349e+01,3441,7.49950054447314e-08,1.88897459543256e-01,1.88897609533266e-01,1.88702427380377e-01,lamp_kernel
1.907066e+01,3461,7.66258397553098e-08,1.88896945301972e-01,1.88897098553652e-01,1.88703379933938e-01,lamp_kernel
1.917783e+01,3481,7.63885425845166e-08,1.88896439881338e-01,1.88896592658423e-01,1.88704321046166e-01,lamp_kernel
1.928500e+01,3501,7.44583616659595e-08,1.88895943102091e-01,1.88896092018815e-01,1.88705250914282e-01,lamp_kernel
1.939221e+01,3521,7.35416384246158e-08,1.88895454683736e-01,1.88895601767013e-01,1.88706169731334e-01,lamp_kernel
1.949943e+01,3541,7.47429159632861e-08,1.88894974309714e-01,1.88895123795545e-01,1.88707077686155e-01,lamp_kernel
1.960662e+01,3561,7.40065145864351e-08,1.88894501706075e-01,1.88894649719104e-01,1.88707974963290e-01,lamp_kernel
1.971382e+01,3581,7.17694130241751e-08,1.88894036704647e-01,1.88894180243473e-01,1.88708861742975e-01,lamp_kernel
1.982102e+01,3601,7.25271469187819e-08,1.88893579235834e-01,1.88893724290128e-01,1.88709738201260e-01,lamp_kernel
1.992823e+01,3621,7.28207702448660e-08,1.88893129245059e-01,1.88893274886599e-01,1.88710604510319e-01,lamp_kernel
2.003546e+01,3641,7.14699166323951e-08,1.88892686613158e-01,1.88892829552991e-01,1.88711460838744e-01,lamp_kernel
2.014266e+01,3661,6.96139806542284e-08,1.88892251133657e-01,1.88892390361618e-01,1.88712307351705e-01,lamp_kernel
2.024988e+01,3681,7.10381980229355e-08,1.88891822543686e-01,1.88891964620082e-01,1.88713144210971e-01,lamp_kernel
2.035706e+01,3701,7.08560790421688e-08,1.88891400595859e-01,1.88891542308017e-01,1.88713971574836e-01,lamp_kernel
2.046426e+01,3721,6.91645632091392e-08,1.88890985127218e-01,1.88891123456345e-01,1.88714789598048e-01,lamp_kernel
2.057144e+01,3741,6.88091796738875e-08,1.88890576066915e-01,1.88890713685274e-01,1.88715598431877e-01,lamp_kernel
2.067864e+01,3761,6.94799218129271e-08,1.88890173380608e-01,1.88890312340452e-01,1.88716398224341e-01,lamp_kernel
2.078584e+01,3781,6.86307583330566e-08,1.88889776997790e-01,1.88889914259307e-01,1.88717189120460e-01,lamp_kernel
2.089305e+01,3801,6.67861963368760e-08,1.88889386768450e-01,1.88889520340843e-01,1.88717971262427e-01,lamp_kernel
2.100028e+01,3821,6.75756077591544e-08,1.88889002477506e-01,1.88889137628721e-01,1.88718744789656e-01,lamp_kernel
2.110751e+01,3841,6.78300421033238e-08,1.88888623907641e-01,1.88888759567726e-01,1.88719509838712e-01,lamp_kernel
2.121473e+01,3861,6.65618865652995e-08,1.88888250903046e-01,1.88888384026819e-01,1.88720266543233e-01,lamp_kernel
2.132195e+01,3881,6.52876579428256e-08,1.88887883389931e-01,1.88888013965247e-01,1.88721015033952e-01,lamp_kernel
2.142914e+01,3901,6.61302067517791e-08,1.88887521343229e-01,1.88887653603642e-01,1.88721755438847e-01,lamp_kernel
2.153636e+01,3921,6.56894491499620e-08,1.88887164722900e-01,1.88887296101798e-01,1.88722487883362e-01,lamp_kernel
2.164356e+01,3941,6.42591483252403e-08,1.88886813424990e-01,1.88886941943287e-01,1.88723208583974e-01,lamp_kernel
2.175076e+01,3961,6.40857322270794e-08,1.88886467281173e-01,1.88886595452638e-01,1.88723919260269e-01,lamp_kernel
2.185795e+01,3981,6.45928289480832e-08,1.88886126103506e-01,1.88886255289164e-01,1.88724622422997e-01,lamp_kernel
2.196515e+01,4001,6.36651808819039e-08,1.88885789742734e-01,1.88885917073096e-01,1.88725318187225e-01,lamp_kernel
2.207234e+01,4021,6.19196953064041e-08,1.88885458121449e-01,1.88885581960840e-01,1.88726006665591e-01,lamp_kernel
2.217954e+01,4041,6.26046761602273e-08,1.88885131218066e-01,1.88885256427419e-01,1.88726687968399e-01,lamp_kernel
2.228672e+01,4061,6.25164325243203e-08,1.88884809013426e-01,1.88884934046291e-01,1.88727362203796e-01,lamp_kernel
2.239392e+01,4081,6.13702732627665e-08,1.88884491440317e-01,1.88884614180864e-01,1.88728029477939e-01,lamp_kernel
2.250112e+01,4101,6.04506324441524e-08,1.88884178369949e-01,1.88884299271213e-01,1.88728689895067e-01,lamp_kernel
2.260833e+01,4121,6.11371829278364e-08,1.88883869642196e-01,1.88883991916562e-01,1.88729343557480e-01,lamp_kernel
2.271555e+01,4141,6.06239352407002e-08,1.88883565118137e-01,1.88883686366008e-01,1.88729990565462e-01,lamp_kernel
2.282278e+01,4161,5.91373109506675e-08,1.88883264717845e-01,1.88883382992467e-01,1.88730631017244e-01,lamp_kernel
2.293000e+01,4181,5.90445349065707e-08,1.88882968417058e-01,1.88883086506127e-01,1.88731265009057e-01,lamp_kernel
2.303722e+01,4201,5.92439796079450e-08,1.88882676207313e-01,1.88882794695272e-01,1.88731892635280e-01,lamp_kernel
2.314444e+01,4221,5.83938643030162e-08,1.88882388048323e-01,1.88882504836052e-01,1.88732513988586e-01,lamp_kernel
2.325167e+01,4241,5.70014985419238e-08,1.88882103844859e-01,1.88882217847856e-01,1.88733129160032e-01,lamp_kernel
2.335888e+01,4261,5.77025332018777e-08,1.88881823463437e-01,1.88881938868503e-01,1.88733738239057e-01,lamp_kernel
2.346612e+01,4281,5.75298843863462e-08,1.88881546776176e-01,1.88881661835945e-01,1.88734341313413e-01,lamp_kernel
2.357334e+01,4301,5.63098363937101e-08,1.88881273700169e-01,1.88881386319842e-01,1.88734938469113e-01,lamp_kernel
2.368056e+01,4321,5.55650567390732e-08,1.88881004205810e-01,1.88881115335924e-01,1.88735529790455e-01,lamp_kernel
2.378778e+01,4341,5.59183964444259e-08,1.88880738289606e-01,1.88880850126399e-01,1.88736115360128e-01,lamp_kernel
2.389499e+01,4361,5.53811451859858e-08,1.88880475930629e-01,1.88880586692920e-01,1.88736695259347e-01,lamp_kernel
2.400222e+01,4381,5.42355816863438e-08,1.88880217061297e-01,1.88880325532461e-01,1.88737269567957e-01,lamp_kernel
2.410942e+01,4401,5.43103218525223e-08,1.88879961572715e-01,1.88880070193359e-01,1.88737838364440e-01,lamp_kernel
2.421664e+01,4421,5.43837572180813e-08,1.88879709349382e-01,1.88879818116897e-01,1.88738401725866e-01,lamp_kernel
2.432386e+01,4441,5.34617058234606e-08,1.88879460307877e-01,1.88879567231288e-01,1.88738959727830e-01,lamp_kernel
2.443108e+01,4461,5.21897648244524e-08,1.88879214413134e-01,1.88879318792664e-01,1.88739512444450e-01,lamp_kernel
2.453832e+01,4481,5.26203983791485e-08,1.88878971661920e-01,1.88879076902717e-01,1.88740059948443e-01,lamp_kernel
2.464556e+01,4501,5.23597241623420e-08,1.88878732045761e-01,1.88878836765209e-01,1.88740602311244e-01,lamp_kernel
2.475279e+01,4521,5.14117994395670e-08,1.88878495519611e-01,1.88878598343210e-01,1.88741139603106e-01,lamp_kernel
2.486003e+01,4541,5.09803233867385e-08,1.88878261997682e-01,1.88878363958329e-01,1.88741671893137e-01,lamp_kernel
2.496726e+01,4561,5.12325413723241e-08,1.88878031378155e-01,1.88878133843237e-01,1.88742199249255e-01,lamp_kernel
2.507448e+01,4581,5.06254118312487e-08,1.88877803578923e-01,1.88877904829747e-01,1.88742721738129e-01,lamp_kernel
2.518173e+01,4601,4.93901995799433e-08,1.88877578559242e-01,1.88877677339641e-01,1.88743239425158e-01,lamp_kernel
2.528899e+01,4621,4.94125586055612e-08,1.88877356313038e-01,1.88877455138155e-01,1.88743752374514e-01,lamp_kernel
2.539625e+01,4641,4.93734544697114e-08,1.88877136839388e-01,1.88877235586297e-01,1.88744260649245e-01,lamp_kernel
2.550353e+01,4661,4.86257337061752e-08,1.88876920111104e-01,1.88877017362572e-01,1.88744764311374e-01,lamp_kernel
2.561077e+01,4681,4.78158345646513e-08,1.88876706062960e-01,1.88876801694629e-01,1.88745263421949e-01,lamp_kernel
2.571801e+01,4701,4.81695852126168e-08,1.88876494607192e-01,1.88876590946362e-01,1.88745758041018e-01,lamp_kernel
2.582525e+01,4721,4.78439482944542e-08,1.88876285664821e-01,1.88876381352717e-01,1.88746248227572e-01,lamp_kernel
2.593252e+01,4741,4.68204113455205e-08,1.88876079190388e-01,1.88876172831211e-01,1.88746734039511e-01,lamp_kernel
2.603979e+01,4761,4.64131070264611e-08,1.88875875173390e-01,1.88875967999604e-01,1.88747215533658e-01,lamp_kernel
2.614702e+01,4781,4.65371573808501e-08,1.88875673616281e-01,1.88875766690596e-01,1.88747692765846e-01,lamp_kernel
2.625428e+01,4801,4.60368785552215e-08,1.88875474504932e-01,1.88875566578689e-01,1.88748165791009e-01,lamp_kernel
2.636158e+01,4821,4.51547250728729e-08,1.88875277791919e-01,1.88875368101369e-01,1.88748634663244e-01,lamp_kernel
2.646887e+01,4841,4.53137082127110e-08,1.88875083403857e-01,1.88875174031273e-01,1.88749099435806e-01,lamp_kernel
2.657618e+01,4861,4.51976381051055e-08,1.88874891266909e-01,1.88874981662185e-01,1.88749560161057e-01,lamp_kernel
2.668348e+01,4881,4.44185692335241e-08,1.88874701332234e-01,1.88874790169372e-01,1.88750016890422e-01,lamp_kernel
2.679079e+01,4901,4.36064479732441e-08,1.88874513583880e-01,1.88874600796776e-01,1.88750469674385e-01,lamp_kernel
2.689809e+01,4921,4.37987939787373e-08,1.88874328024353e-01,1.88874415621941e-01,1.88750918562552e-01,lamp_kernel
2.700537e+01,4941,4.34916112760800e-08,1.88874144648578e-01,1.88874231631801e-01,1.88751363603735e-01,lamp_kernel
2.711266e+01,4961,4.27247156357425e-08,1.88873963424292e-01,1.88874048873723e-01,1.88751804846019e-01,lamp_kernel
2.722097e+01,4981,4.25293701693050e-08,1.88873784292215e-01,1.88873869350955e-01,1.88752242336773e-01,lamp_kernel
2.732835e+01,5001,4.25571144868684e-08,1.88873607185204e-01,1.88873692299433e-01,1.88752676122616e-01,lamp_kernel
2.743567e+01,5021,4.20069668091234e-08,1.88873432052631e-01,1.88873516066564e-01,1.88753106249366e-01,lamp_kernel
2.754301e+01,5041,4.10451560105541e-08,1.88873258873017e-01,1.88873340963329e-01,1.88753532762020e-01,lamp_kernel
2.765035e+01,5061,4.11418216993351e-08,1.88873087646690e-01,1.88873169930333e-01,1.88753955704795e-01,lamp_kernel
2.775764e+01,5081,4.10100268881046e-08,1.88872918374144e-01,1.88873000394198e-01,1.88754375121200e-01,lamp_kernel
2.786499e+01,5101,4.03873140625023e-08,1.88872751035379e-01,1.88872831810007e-01,1.88754791054103e-01,lamp_kernel
2.797234e+01,5121,3.99039706864416e-08,1.88872585584327e-01,1.88872665392269e-01,1.88755203545765e-01,lamp_kernel
2.807968e+01,5141,4.00192594929745e-08,1.88872421961781e-01,1.88872502000300e-01,1.88755612637809e-01,lamp_kernel
2.818700e+01,5161,3.96702734640533e-08,1.88872260117231e-01,1.88872339457778e-01,1.88756018371181e-01,lamp_kernel
2.829433e+01,5181,3.88843938150637e-08,1.88872100024410e-01,1.88872177793198e-01,1.88756420786113e-01,lamp_kernel
2.840167e+01,5201,3.86354947133330e-08,1.88871941679966e-01,1.88872018950956e-01,1.88756819922143e-01,lamp_kernel
2.850903e+01,5221,3.86210672017594e-08,1.88871785086874e-01,1.88871862329009e-01,1.88757215818174e-01,lamp_kernel
2.861638e+01,5241,3.81560579118365e-08,1.88871630234428e-01,1.88871706546544e-01,1.88757608512540e-01,lamp_kernel
2.872372e+01,5261,3.74463501734604e-08,1.88871477088571e-01,1.88871551981271e-01,1.88757998043049e-01,lamp_kernel
2.883108e+01,5281,3.75799438762409e-08,1.88871325598910e-01,1.88871400758797e-01,1.88758384446971e-01,lamp_kernel
2.893843e+01,5301,3.73865941332173e-08,1.88871175716949e-01,1.88871250490137e-01,1.88758767760999e-01,lamp_kernel
2.904577e+01,5321,3.67697062231626e-08,1.88871027412714e-01,1.88871100952127e-01,1.88759147919508e-01,lamp_kernel
2.915311e+01,5341,3.62367907965031e-08,1.88870880678416e-01,1.88870953151997e-01,1.88759522972876e-01,lamp_kernel
2.926045e+01,5361,3.62898920527451e-08,1.88870735517102e-01,1.88870808096887e-01,1.88759895068895e-01,lamp_kernel
2.936780e+01,5381,3.59743745784888e-08,1.88870591924608e-01,1.88870663873357e-01,1.88760264241636e-01,lamp_kernel
2.947515e+01,5401,3.53529811131826e-08,1.88870449877308e-01,1.88870520583270e-01,1.88760630524711e-01,lamp_kernel
2.958251e+01,5421,3.52384762601360e-08,1.88870309333887e-01,1.88870379810839e-01,1.88760993951273e-01,lamp_kernel
2.968988e+01,5441,3.51438790786781e-08,1.88870170249440e-01,1.88870240537198e-01,1.88761354553993e-01,lamp_kernel
2.979721e+01,5461,3.46808265579978e-08,1.88870032591749e-01,1.88870101953403e-01,1.88761712365022e-01,lamp_kernel
2.990458e+01,5481,3.39749415327737e-08,1.88869896348618e-01,1.88869964298501e-01,1.88762067415974e-01,lamp_kernel
3.001194e+01,5501,3.40279262626697e-08,1.88869761521466e-01,1.88869829577319e-01,1.88762419737955e-01,lamp_kernel
3.011931e+01,5521,3.38295835204185e-08,1.88869628110121e-01,1.88869695769288e-01,1.88762769361609e-01,lamp_kernel
3.022666e+01,5541,3.32954153222171e-08,1.88869496099438e-01,1.88869562690269e-01,1.88763116317171e-01,lamp_kernel
3.033401e+01,5561,3.29711034366176e-08,1.88869365456920e-01,1.88869431399127e-01,1.88763460634482e-01,lamp_kernel
3.044139e+01,5581,3.29391361689828e-08,1.88869236142486e-01,1.88869302020759e-01,1.88763802342972e-01,lamp_kernel
3.054875e+01,5601,3.26042461629803e-08,1.88869108123307e-01,1.88869173331799e-01,1.88764141471627e-01,lamp_kernel
3.065607e+01,5621,3.20069516548214e-08,1.88868981383375e-01,1.88869045397279e-01,1.88764478048967e-01,lamp_kernel
3.076338e+01,5641,3.18170794336290e-08,1.88868855921430e-01,1.88868919555589e-01,1.88764812103051e-01,lamp_kernel
3.087073e+01,5661,3.17206874535767e-08,1.88868731739072e-01,1.88868795180447e-01,1.88765143661523e-01,lamp_kernel
3.097808e+01,5681,3.13091186697058e-08,1.88868608827633e-01,1.88868671445871e-01,1.88765472326811e-01,lamp_kernel
3.108544e+01,5701,3.08220855891445e-08,1.88868487162677e-01,1.88868548806848e-01,1.88765798491482e-01,lamp_kernel
3.119280e+01,5721,3.08289741288077e-08,1.88868366709752e-01,1.88868428367700e-01,1.88766122249381e-01,lamp_kernel
3.130015e+01,5741,3.06111804815820e-08,1.88868247436921e-01,1.88868308659282e-01,1.88766443626568e-01,lamp_kernel
3.140750e+01,5761,3.01469906600821e-08,1.88868129325333e-01,1.88868189619315e-01,1.88766762648704e-01,lamp_kernel
3.151487e+01,5781,2.98220077278675e-08,1.88868012370594e-01,1.88868072014609e-01,1.88767079341042e-01,lamp_kernel
3.162220e+01,5801,2.97961360269278e-08,1.88867896574439e-01,1.88867956166711e-01,1.88767393728456e-01,lamp_kernel
3.172952e+01,5821,2.95351741470547e-08,1.88867781932678e-01,1.88867841003027e-01,1.88767705835481e-01,lamp_kernel
3.183687e+01,5841,2.90563958094404e-08,1.88867668427869e-01,1.88867726540660e-01,1.88768015686348e-01,lamp_kernel
3.194420e+01,5861,2.89695106540033e-08,1.88867556031450e-01,1.88867613970471e-01,1.88768323304988e-01,lamp_kernel
3.205153e+01,5881,2.88123697226288e-08,1.88867444713605e-01,1.88867502338345e-01,1.88768628715013e-01,lamp_kernel
3.215884e+01,5901,2.84587098083742e-08,1.88867334453761e-01,1.88867391371181e-01,1.88768931939687e-01,lamp_kernel
3.226615e+01,5921,2.80292176386098e-08,1.88867225244535e-01,1.88867281302970e-01,1.88769233001918e-01,lamp_kernel
3.237347e+01,5941,2.80233257117771e-08,1.88867117086654e-01,1.88867173133305e-01,1.88769531904264e-01,lamp_kernel
3.248081e+01,5961,2.78674119245579e-08,1.88867009978712e-01,1.88867065713536e-01,1.88769828651083e-01,lamp_kernel
3.258812e+01,5981,2.74862130186990e-08,1.88866903908901e-01,1.88866958881327e-01,1.88770123303848e-01,lamp_kernel
3.269542e+01,6001,2.72779595524205e-08,1.88866798854365e-01,1.88866853410284e-01,1.88770415884224e-01,lamp_kernel
3.280272e+01,6021,2.71764425714097e-08,1.88866694788261e-01,1.88866749141146e-01,1.88770706413606e-01,lamp_kernel
3.291005e+01,6041,2.68906634982097e-08,1.88866591689445e-01,1.88866645470772e-01,1.88770994913096e-01,lamp_kernel
3.301734e+01,6061,2.64758076155430e-08,1.88866489548029e-01,1.88866542499645e-01,1.88771281403479e-01,lamp_kernel
3.312467e+01,6081,2.64004515695537e-08,1.88866388363132e-01,1.88866441164035e-01,1.88771565905233e-01,lamp_kernel
3.323197e+01,6101,2.63068318011452e-08,1.88866288134717e-01,1.88866340748380e-01,1.88771848438545e-01,lamp_kernel
3.333929e+01,6121,2.60261852743291e-08,1.88866188855251e-01,1.88866240907621e-01,1.88772129023351e-01,lamp_kernel
3.344661e+01,6141,2.57356792244292e-08,1.88866090507053e-01,1.88866141978411e-01,1.88772407679350e-01,lamp_kernel
3.355395e+01,6161,2.56752676688912e-08,1.88865993066717e-01,1.88866044417252e-01,1.88772684426008e-01,lamp_kernel
3.366126e+01,6181,2.54601242694192e-08,1.88865896513543e-01,1.88865947433791e-01,1.88772959282540e-01,lamp_kernel
3.376860e+01,6201,2.51088688938317e-08,1.88865800835791e-01,1.88865851053529e-01,1.88773232267890e-01,lamp_kernel
3.387591e+01,6221,2.49197524659921e-08,1.88865706030752e-01,1.88865755870257e-01,1.88773503400721e-01,lamp_kernel
3.398326e+01,6241,2.48745841598569e-08,1.88865612098734e-01,1.88865661847902e-01,1.88773772699436e-01,lamp_kernel
3.409059e+01,6261,2.46776810007057e-08,1.88865519035274e-01,1.88865568390636e-01,1.88774040182195e-01,lamp_kernel
3.419792e+01,6281,2.43449069803619e-08,1.88865426827123e-01,1.88865475516937e-01,1.88774305866950e-01,lamp_kernel
3.430526e+01,6301,2.43164271544624e-08,1.88865335454467e-01,1.88865384087321e-01,1.88774569771443e-01,lamp_kernel
3.441260e+01,6321,2.41642589824641e-08,1.88865244897719e-01,1.88865293226237e-01,1.88774830598928e-01,lamp_kernel
3.451993e+01,6341,2.38741073419533e-08,1.88865155144005e-01,1.88865202892220e-01,1.88775089425974e-01,lamp_kernel
3.462728e+01,6361,2.35933432619158e-08,1.88865066188895e-01,1.88865113375581e-01,1.88775346555180e-01,lamp_kernel
3.473461e+01,6381,2.35759302138808e-08,1.88864978032364e-01,1.88865025184224e-01,1.88775602002819e-01,lamp_kernel
3.484195e+01,6401,2.34445463898766e-08,1.88864890672010e-01,1.88864937561102e-01,1.88775855784951e-01,lamp_kernel
3.494930e+01,6421,2.31813732422266e-08,1.88864804098225e-01,1.88864850460972e-01,1.88776107917447e-01,lamp_kernel
3.505665e+01,6441,2.30825195149250e-08,1.88864718294631e-01,1.88864764459670e-01,1.88776358416003e-01,lamp_kernel
3.516400e+01,6461,2.29819162207073e-08,1.88864633243248e-01,1.88864679207080e-01,1.88776607296133e-01,lamp_kernel
3.527130e+01,6481,2.27516994900443e-08,1.88864548930676e-01,1.88864594434074e-01,1.88776854573164e-01,lamp_kernel
3.537862e+01,6501,2.24495900283632e-08,1.88864465350996e-01,1.88864510250176e-01,1.88777100262212e-01,lamp_kernel
3.548594e+01,6521,2.24081885294037e-08,1.88864382503510e-01,1.88864427319887e-01,1.88777344378190e-01,lamp_kernel
3.559325e+01,6541,2.23338738354599e-08,1.88864300387067e-01,1.88864345054815e-01,1.88777586935809e-01,lamp_kernel
3.570057e+01,6561,2.21428937674611e-08,1.88864218994950e-01,1.88864263280737e-01,1.88777827949604e-01,lamp_kernel
3.580791e+01,6581,2.20042898113447e-08,1.88864138313933e-01,1.88864182322512e-01,1.88778067433948e-01,lamp_kernel
3.591523e+01,6601,2.19599552192789e-08,1.88864058327895e-01,1.88864102247806e-01,1.88778305403053e-01,lamp_kernel
3.602260e+01,6621,2.17972433515120e-08,1.88863979023415e-01,1.88864022617902e-01,1.88778541870969e-01,lamp_kernel
3.612995e+01,6641,2.15454597429187e-08,1.88863900393385e-01,1.88863943484305e-01,1.88778776851568e-01,lamp_kernel
3.623730e+01,6661,2.14314939509933e-08,1.88863822436246e-01,1.88863865299234e-01,1.88779010358537e-01,lamp_kernel
3.634467e+01,6681,2.14057134748975e-08,1.88863745151478e-01,1.88863787962905e-01,1.88779242405382e-01,lamp_kernel
3.645203e+01,6701,2.12935383036928e-08,1.88863668534639e-01,1.88863711121715e-01,1.88779473005443e-01,lamp_kernel
3.655937e+01,6721,2.11551022841300e-08,1.88863592575317e-01,1.88863634885522e-01,1.88779702171905e-01,lamp_kernel
3.666673e+01,6741,2.11912297228099e-08,1.88863517259370e-01,1.88863559641830e-01,1.88779929917811e-01,lamp_kernel
3.677408e+01,6761,2.11146447437419e-08,1.88863442573722e-01,1.88863484803011e-01,1.88780156256059e-01,lamp_kernel
3.688143e+01,6781,2.09317306856125e-08,1.88863368510358e-01,1.88863410373820e-01,1.88780381199395e-01,lamp_kernel
3.698877e+01,6801,2.07765213064054e-08,1.88863295066772e-01,1.88863336619815e-01,1.88780604760401e-01,lamp_kernel
3.709615e+01,6821,2.07967253975831e-08,1.88863222242648e-01,1.88863263836099e-01,1.88780826951502e-01,lamp_kernel
3.720351e+01,6841,2.07631993931349e-08,1.88863150035254e-01,1.88863191561653e-01,1.88781047784963e-01,lamp_kernel
3.731084e+01,6861,2.06620427123397e-08,1.88863078436659e-01,1.88863119760745e-01,1.88781267272908e-01,lamp_kernel
3.741820e+01,6881,2.07149202059698e-08,1.88863007434740e-01,1.88863048864580e-01,1.88781485427326e-01,lamp_kernel
3.752554e+01,6901,2.06964245164078e-08,1.88862937017079e-01,1.88862978409928e-01,1.88781702260074e-01,lamp_kernel
3.763289e+01,6921,2.05634425696937e-08,1.88862867174998e-01,1.88862908301884e-01,1.88781917782879e-01,lamp_kernel
3.774026e+01,6941,2.03723033849291e-08,1.88862797905014e-01,1.88862838649621e-01,1.88782132007326e-01,lamp_kernel
3.784764e+01,6961,2.03658066437657e-08,1.88862729206667e-01,1.88862769938281e-01,1.88782344944858e-01,lamp_kernel
3.795504e+01,6981,2.03476481418799e-08,1.88862661078468e-01,1.88862701773764e-01,1.88782556606777e-01,lamp_kernel
3.806243e+01,7001,2.02754506775019e-08,1.88862593514638e-01,1.88862634065540e-01,1.88782767004251e-01,lamp_kernel
3.816980e+01,7021,2.02864264830062e-08,1.88862526505062e-01,1.88862567077915e-01,1.88782975830763e-01,lamp_kernel
3.827719e+01,7041,2.03022955872552e-08,1.88862460038223e-01,1.88862500642814e-01,1.88783182699539e-01,lamp_kernel
3.838454e+01,7061,2.02148417616032e-08,1.88862394105061e-01,1.88862434534745e-01,1.88783388248046e-01,lamp_kernel
3.849192e+01,7081,2.00493209997136e-08,1.88862328701136e-01,1.88862368799778e-01,1.88783592585847e-01,lamp_kernel
3.859931e+01,7101,1.99729108324369e-08,1.88862263825573e-01,1.88862303771394e-01,1.88783795723385e-01,lamp_kernel
3.870666e+01,7121,1.99510581092092e-08,1.88862199477633e-01,1.88862239379750e-01,1.88783997670979e-01,lamp_kernel
3.881401e+01,7141,1.98884972201832e-08,1.88862135653382e-01,1.88862175430377e-01,1.88784198438829e-01,lamp_kernel
3.892138e+01,7161,1.98589659617270e-08,1.88862072344665e-01,1.88862112062597e-01,1.88784398037016e-01,lamp_kernel
3.902873e+01,7181,1.98955055614392e-08,1.88862009541091e-01,1.88862049332102e-01,1.88784596475510e-01,lamp_kernel
3.913609e+01,7201,1.98480490067135e-08,1.88861947233515e-01,1.88861986929613e-01,1.88784793764172e-01,lamp_kernel
3.924344e+01,7221,1.97139251393064e-08,1.88861885416637e-01,1.88861924844487e-01,1.88784989912754e-01,lamp_kernel
3.935078e+01,7241,1.95850101774575e-08,1.88861824088895e-01,1.88861863258916e-01,1.88785184930900e-01,lamp_kernel
3.945813e+01,7261,1.95595417565685e-08,1.88861763249936e-01,1.88861802369019e-01,1.88785378828146e-01,lamp_kernel
3.956547e+01,7281,1.95009343470954e-08,1.88861702897246e-01,1.88861741899115e-01,1.88785571613922e-01,lamp_kernel
3.967284e+01,7301,1.94339911454882e-08,1.88861643024549e-01,1.88861681892531e-01,1.88785763297548e-01,lamp_kernel
3.978018e+01,7321,1.94756330420054e-08,1.88861583622784e-01,1.88861622574050e-01,1.88785953888243e-01,lamp_kernel
3.988753e+01,7341,1.94599513291339e-08,1.88861524683012e-01,1.88861563602914e-01,1.88786143395119e-01,lamp_kernel
3.999488e+01,7361,1.93634539955056e-08,1.88861466199260e-01,1.88861504926168e-01,1.88786331827192e-01,lamp_kernel
4.010224e+01,7381,1.92170119123283e-08,1.88861408169170e-01,1.88861446603194e-01,1.88786519193378e-01,lamp_kernel
4.020961e+01,7401,1.91761171684250e-08,1.88861350592332e-01,1.88861388944567e-01,1.88786705502500e-01,lamp_kernel
4.031696e+01,7421,1.91161455796225e-08,1.88861293467284e-01,1.88861331699575e-01,1.88786890763286e-01,lamp_kernel
4.042431e+01,7441,1.90280449436091e-08,1.88861236789419e-01,1.88861274845509e-01,1.88787074984367e-01,lamp_kernel
4.053167e+01,7461,1.90452708725363e-08,1.88861180551127e-01,1.88861218641669e-01,1.88787258174280e-01,lamp_kernel
4.063902e+01,7481,1.90476766220755e-08,1.88861124744008e-01,1.88861162839361e-01,1.88787440341464e-01,lamp_kernel
4.074639e+01,7501,1.89848467555385e-08,1.88861069361638e-01,1.88861107331332e-01,1.88787621494267e-01,lamp_kernel
4.085375e+01,7521,1.88646604620507e-08,1.88861014400871e-01,1.88861052130192e-01,1.88787801565894e-01,lamp_kernel
4.096111e+01,7541,1.87913360373527e-08,1.88860959860940e-01,1.88860997443612e-01,1.88787980540127e-01,lamp_kernel
4.106846e+01,7561,1.87397136615198e-08,1.88860905740997e-01,1.88860943220425e-01,1.88788158312178e-01,lamp_kernel
4.117582e+01,7581,1.86579395992481e-08,1.88860852037832e-01,1.88860889353711e-01,1.88788335099409e-01,lamp_kernel
4.128317e+01,7601,1.86366584478802e-08,1.88860798745285e-01,1.88860836018602e-01,1.88788510916898e-01,lamp_kernel
4.139052e+01,7621,1.86452411244468e-08,1.88860745855778e-01,1.88860783146260e-01,1.88788685772424e-01,lamp_kernel
4.149788e+01,7641,1.86085123529699e-08,1.88860693362744e-01,1.88860730579769e-01,1.88788859673678e-01,lamp_kernel
4.160524e+01,7661,1.85189622614812e-08,1.88860641262346e-01,1.88860678300270e-01,1.88789032628269e-01,lamp_kernel
4.171261e+01,7681,1.84240506070863e-08,1.88860589553274e-01,1.88860626401375e-01,1.88789204643722e-01,lamp_kernel
4.181998e+01,7701,1.83791487483578e-08,1.88860538234923e-01,1.88860574993220e-01,1.88789375727491e-01,lamp_kernel
4.192732e+01,7721,1.82988324957271e-08,1.88860487305118e-01,1.88860523902783e-01,1.88789545886954e-01,lamp_kernel
4.203467e+01,7741,1.82381925232269e-08,1.88860436759073e-01,1.88860473235458e-01,1.88789715129418e-01,lamp_kernel
4.214203e+01,7761,1.82349150180194e-08,1.88860386590178e-01,1.88860423060008e-01,1.88789883462111e-01,lamp_kernel
4.224939e+01,7781,1.82057759695849e-08,1.88860336792037e-01,1.88860373203589e-01,1.88790050892182e-01,lamp_kernel
4.235674e+01,7801,1.81342450942230e-08,1.88860287360305e-01,1.88860323628795e-01,1.88790217426697e-01,lamp_kernel
4.246410e+01,7821,1.80333284383935e-08,1.88860238293106e-01,1.88860274359763e-01,1.88790383072650e-01,lamp_kernel
4.257144e+01,7841,1.79883517526317e-08,1.88860189589770e-01,1.88860225566473e-01,1.88790547836962e-01,lamp_kernel
4.267878e+01,7861,1.79190784986593e-08,1.88860141248813e-01,1.88860177086970e-01,1.88790711726489e-01,lamp_kernel
4.278613e+01,7881,1.78350089065513e-08,1.88860093266612e-01,1.88860128936629e-01,1.88790874748022e-01,lamp_kernel
4.289350e+01,7901,1.78196676304199e-08,1.88860045637578e-01,1.88860081276913e-01,1.88791036908286e-01,lamp_kernel
4.300085e+01,7921,1.77914599879445e-08,1.88859998355737e-01,1.88860033938657e-01,1.88791198213933e-01,lamp_kernel
4.319710e+01,7941,1.77320054724421e-08,1.88859951416490e-01,1.88859986880501e-01,1.88791358671543e-01,lamp_kernel
4.330442e+01,7961,1.76453959219299e-08,1.88859904817430e-01,1.88859940108222e-01,1.88791518287622e-01,lamp_kernel
4.341168e+01,7981,1.75849937844554e-08,1.88859858557643e-01,1.88859893727630e-01,1.88791676879772e-01,lamp_kernel
4.351892e+01,8001,1.75301799867584e-08,1.88859812636057e-01,1.88859847696417e-01,1.88791834077207e-01,lamp_kernel
4.362616e+01,8021,1.74435014738471e-08,1.88859767049958e-01,1.88859801936961e-01,1.88791990460372e-01,lamp_kernel
4.373342e+01,8041,1.74107245962432e-08,1.88859721794736e-01,1.88859756616186e-01,1.88792146035442e-01,lamp_kernel
4.384068e+01,8061,1.73768661121271e-08,1.88859676864985e-01,1.88859711618717e-01,1.88792300808532e-01,lamp_kernel
4.394792e+01,8081,1.73201074895744e-08,1.88859632256050e-01,1.88859666896265e-01,1.88792454785693e-01,lamp_kernel
4.405518e+01,8101,1.72403381140717e-08,1.88859587965129e-01,1.88859622445805e-01,1.88792607972906e-01,lamp_kernel
4.416243e+01,8121,1.71626042541541e-08,1.88859543991024e-01,1.88859578316233e-01,1.88792760376089e-01,lamp_kernel
4.426968e+01,8141,1.71209824109834e-08,1.88859500332824e-01,1.88859534574789e-01,1.88792912001102e-01,lamp_kernel
4.437692e+01,8161,1.70477248902398e-08,1.88859456988501e-01,1.88859491083950e-01,1.88793062853753e-01,lamp_kernel
4.448417e+01,8181,1.69953421301040e-08,1.88859413954327e-01,1.88859447945012e-01,1.88793212939796e-01,lamp_kernel
4.459142e+01,8201,1.69557851157294e-08,1.88859371225495e-01,1.88859405137065e-01,1.88793362264936e-01,lamp_kernel
4.469867e+01,8221,1.68973144214821e-08,1.88859328797475e-01,1.88859362592104e-01,1.88793510834818e-01,lamp_kernel
4.480594e+01,8241,1.68190263950151e-08,1.88859286667217e-01,1.88859320305270e-01,1.88793658655028e-01,lamp_kernel
4.491317e+01,8261,1.67340962101320e-08,1.88859244833184e-01,1.88859278301377e-01,1.88793805731093e-01,lamp_kernel
4.502042e+01,8281,1.66889087139430e-08,1.88859203294554e-01,1.88859236672372e-01,1.88793952068481e-01,lamp_kernel
4.512768e+01,8301,1.66321899072826e-08,1.88859162049767e-01,1.88859195314147e-01,1.88794097672609e-01,lamp_kernel
4.523493e+01,8321,1.65754558104951e-08,1.88859121095862e-01,1.88859154246774e-01,1.88794242548849e-01,lamp_kernel
4.534219e+01,8341,1.65392630971206e-08,1.88859080428634e-01,1.88859113507161e-01,1.88794386664500e-01,lamp_kernel
4.544944e+01,8361,1.64858783499254e-08,1.88859040043775e-01,1.88859073015532e-01,1.88794529986438e-01,lamp_kernel
4.555668e+01,8381,1.64111955691274e-08,1.88858999938072e-01,1.88859032760463e-01,1.88794672596987e-01,lamp_kernel
4.566392e+01,8401,1.63267598772038e-08,1.88858960109741e-01,1.88858992763260e-01,1.88794814501310e-01,lamp_kernel
4.577117e+01,8421,1.62658011001301e-08,1.88858920557892e-01,1.88858953089494e-01,1.88794955704513e-01,lamp_kernel
4.587842e+01,8441,1.62214805615643e-08,1.88858881281355e-01,1.88858913724316e-01,1.88795096211657e-01,lamp_kernel
4.598567e+01,8461,1.61654133224343e-08,1.88858842277767e-01,1.88858874608594e-01,1.88795236027754e-01,lamp_kernel
4.609292e+01,8481,1.61341989500309e-08,1.88858803543554e-01,1.88858835811952e-01,1.88795375157774e-01,lamp_kernel
4.620016e+01,8501,1.60876042590340e-08,1.88858765074684e-01,1.88858797249892e-01,1.88795513606644e-01,lamp_kernel
4.630741e+01,8521,1.60179634700042e-08,1.88858726867867e-01,1.88858758903793e-01,1.88795651379242e-01,lamp_kernel
4.641467e+01,8541,1.59336439223488e-08,1.88858688921090e-01,1.88858720788378e-01,1.88795788480402e-01,lamp_kernel
4.652191e+01,8561,1.58559106331284e-08,1.88858651233349e-01,1.88858682945170e-01,1.88795924914904e-01,lamp_kernel
4.662916e+01,8581,1.58178414317783e-08,1.88858613803700e-01,1.88858645439383e-01,1.88796060687486e-01,lamp_kernel
4.673640e+01,8601,1.57632476669736e-08,1.88858576630349e-01,1.88858608156844e-01,1.88796195802837e-01,lamp_kernel
4.684366e+01,8621,1.57363716142650e-08,1.88858539710289e-01,1.88858571183032e-01,1.88796330265607e-01,lamp_kernel
4.695089e+01,8641,1.57020828320314e-08,1.88858503039867e-01,1.88858534444033e-01,1.88796464080407e-01,lamp_kernel
4.705816e+01,8661,1.56447168818702e-08,1.88858466615768e-01,1.88858497905202e-01,1.88796597251804e-01,lamp_kernel
4.716540e+01,8681,1.55663659684116e-08,1.88858430435744e-01,1.88858461568476e-01,1.88796729784325e-01,lamp_kernel
4.727266e+01,8701,1.54860146881630e-08,1.88858394498648e-01,1.88858425470678e-01,1.88796861682450e-01,lamp_kernel
4.737990e+01,8721,1.54357998686877e-08,1.88858358803685e-01,1.88858389675284e-01,1.88796992950618e-01,lamp_kernel
4.748716e+01,8741,1.53896519924607e-08,1.88858323349474e-01,1.88858354128778e-01,1.88797123593227e-01,lamp_kernel
4.759439e+01,8761,1.53584607218881e-08,1.88858288133586e-01,1.88858318850508e-01,1.88797253614633e-01,lamp_kernel
4.770166e+01,8781,1.53294491705151e-08,1.88858253152788e-01,1.88858283811686e-01,1.88797383019154e-01,lamp_kernel
4.780891e+01,8801,1.52842315079877e-08,1.88858218403831e-01,1.88858248972294e-01,1.88797511811072e-01,lamp_kernel
4.791616e+01,8821,1.52152702468863e-08,1.88858183884313e-01,1.88858214314853e-01,1.88797639994628e-01,lamp_kernel
4.802343e+01,8841,1.51370903758037e-08,1.88858149592875e-01,1.88858179867056e-01,1.88797767574026e-01,lamp_kernel
4.813069e+01,8861,1.50739921627198e-08,1.88858115528711e-01,1.88858145676695e-01,1.88797894553430e-01,lamp_kernel
4.823794e+01,8881,1.50285883450405e-08,1.88858081690800e-01,1.88858111747977e-01,1.88798020606598e-01,lamp_kernel
4.834520e+01,8901,1.49916111368098e-08,1.88858048077227e-01,1.88858078060449e-01,1.88798146012886e-01,lamp_kernel
4.845244e+01,8921,1.49667330910154e-08,1.88858014685190e-01,1.88858044618656e-01,1.88798270835737e-01,lamp_kernel
4.855968e+01,8941,1.49305126628773e-08,1.88857981511683e-01,1.88858011372708e-01,1.88798395079132e-01,lamp_kernel
4.866695e+01,8961,1.48746985911502e-08,1.88857948554158e-01,1.88857978303555e-01,1.88798518747017e-01,lamp_kernel
4.877418e+01,8981,1.48040211924465e-08,1.88857915811043e-01,1.88857945419085e-01,1.88798641843304e-01,lamp_kernel
4.888144e+01,9001,1.47327672741637e-08,1.88857883281464e-01,1.88857912746999e-01,1.88798764371868e-01,lamp_kernel
4.898868e+01,9021,1.46823178341449e-08,1.88857850964574e-01,1.88857880329209e-01,1.88798886336552e-01,lamp_kernel
4.909593e+01,9041,1.46365038789443e-08,1.88857818858891e-01,1.88857848131898e-01,1.88799007741163e-01,lamp_kernel
4.920319e+01,9061,1.46083364749133e-08,1.88857786962125e-01,1.88857816178798e-01,1.88799128589475e-01,lamp_kernel
4.931044e+01,9081,1.45771654787684e-08,1.88857755271498e-01,1.88857784425829e-01,1.88799248885227e-01,lamp_kernel
4.941770e+01,9101,1.45317850673228e-08,1.88857723784508e-01,1.88857752848078e-01,1.88799368632126e-01,lamp_kernel
4.952495e+01,9121,1.44707175600837e-08,1.88857692499385e-01,1.88857721440820e-01,1.88799487833845e-01,lamp_kernel
4.963220e+01,9141,1.44024630706545e-08,1.88857661415091e-01,1.88857690220017e-01,1.88799606494025e-01,lamp_kernel
4.973944e+01,9161,1.43442903229100e-08,1.88857630530853e-01,1.88857659219434e-01,1.88799724616275e-01,lamp_kernel
4.984667e+01,9181,1.42916064162119e-08,1.88857599845513e-01,1.88857628428726e-01,1.88799842204177e-01,lamp_kernel
4.995424e+01,9201,1.42564640134144e-08,1.88857569357228e-01,1.88857597870156e-01,1.88799959261276e-01,lamp_kernel
5.006161e+01,9221,1.42249143537652e-08,1.88857539063559e-01,1.88857567513388e-01,1.88800075791091e-01,lamp_kernel
5.016888e+01,9241,1.41859591063175e-08,1.88857508962094e-01,1.88857537334012e-01,1.88800191797106e-01,lamp_kernel
5.027619e+01,9261,1.41338925027422e-08,1.88857479050953e-01,1.88857507318738e-01,1.88800307282774e-01,lamp_kernel
5.038348e+01,9281,1.40719448656982e-08,1.88857449328942e-01,1.88857477472832e-01,1.88800422251520e-01,lamp_kernel
5.049076e+01,9301,1.40105581461621e-08,1.88857419795266e-01,1.88857447816383e-01,1.88800536706738e-01,lamp_kernel
5.059802e+01,9321,1.39565764943157e-08,1.88857390448990e-01,1.88857418362143e-01,1.88800650651793e-01,lamp_kernel
5.070530e+01,9341,1.39128738798795e-08,1.88857361288589e-01,1.88857389114336e-01,1.88800764090025e-01,lamp_kernel
5.081256e+01,9361,1.38765161525613e-08,1.88857332312001e-01,1.88857360065034e-01,1.88800877024745e-01,lamp_kernel
5.091984e+01,9381,1.38382694784954e-08,1.88857303516981e-01,1.88857331193520e-01,1.88800989459232e-01,lamp_kernel
5.102710e+01,9401,1.37919275233184e-08,1.88857274901636e-01,1.88857302485491e-01,1.88801101396737e-01,lamp_kernel
5.113438e+01,9421,1.37373260089038e-08,1.88857246464664e-01,1.88857273939316e-01,1.88801212778592e-01,lamp_kernel
5.124164e+01,9441,1.36794242301293e-08,1.88857218205183e-01,1.88857245564031e-01,1.88801323665978e-01,lamp_kernel
5.134889e+01,9461,1.36278297941385e-08,1.88857190122351e-01,1.88857217378010e-01,1.88801434066356e-01,lamp_kernel
5.145614e+01,9481,1.35800037420135e-08,1.88857162214921e-01,1.88857189374929e-01,1.88801543982867e-01,lamp_kernel
5.156338e+01,9501,1.35399539262290e-08,1.88857134481144e-01,1.88857161561052e-01,1.88801653418627e-01,lamp_kernel
5.167062e+01,9521,1.35003336080049e-08,1.88857106918992e-01,1.88857133919659e-01,1.88801762376724e-01,lamp_kernel
5.177786e+01,9541,1.34564392366805e-08,1.88857079526617e-01,1.88857106439496e-01,1.88801870860221e-01,lamp_kernel
5.188514e+01,9561,1.34068244410022e-08,1.88857052302654e-01,1.88857079116303e-01,1.88801978872152e-01,lamp_kernel
5.199240e+01,9581,1.33542350114662e-08,1.88857025246166e-01,1.88857051954636e-01,1.88802086415525e-01,lamp_kernel
5.209965e+01,9601,1.33054044070099e-08,1.88856998356338e-01,1.88857024967147e-01,1.88802193493323e-01,lamp_kernel
5.220691e+01,9621,1.32573620472607e-08,1.88856971632109e-01,1.88856998146833e-01,1.88802299921267e-01,lamp_kernel
5.231419e+01,9641,1.32154177307802e-08,1.88856945071999e-01,1.88856971502835e-01,1.88802405807908e-01,lamp_kernel
5.242147e+01,9661,1.31742218767955e-08,1.88856918674185e-01,1.88856945022629e-01,1.88802511240445e-01,lamp_kernel
5.252871e+01,9681,1.31317406989193e-08,1.88856892436912e-01,1.88856918700393e-01,1.88802616221737e-01,lamp_kernel
5.263597e+01,9701,1.30865782461339e-08,1.88856866358793e-01,1.88856892531949e-01,1.88802720754618e-01,lamp_kernel
5.274320e+01,9721,1.30398979288947e-08,1.88856840438845e-01,1.88856866518641e-01,1.88802824841899e-01,lamp_kernel
5.285044e+01,9741,1.29957501149722e-08,1.88856814676299e-01,1.88856840667800e-01,1.88802928486366e-01,lamp_kernel
5.295771e+01,9761,1.29538896078488e-08,1.88856789070192e-01,1.88856814977971e-01,1.88803031690783e-01,lamp_kernel
5.306494e+01,9781,1.29151328401887e-08,1.88856763619259e-01,1.88856789449525e-01,1.88803134457892e-01,lamp_kernel
5.317218e+01,9801,1.28755790014177e-08,1.88856738321894e-01,1.88856764073052e-01,1.88803236790414e-01,lamp_kernel
5.327944e+01,9821,1.28323078382318e-08,1.88856713176432e-01,1.88856738841047e-01,1.88803338691050e-01,lamp_kernel
5.338671e+01,9841,1.27850920338282e-08,1.88856688181472e-01,1.88856713751657e-01,1.88803440162474e-01,lamp_kernel
5.349396e+01,9861,1.27365182654566e-08,1.88856663336037e-01,1.88856688809074e-01,1.88803540667477e-01,lamp_kernel
5.360123e+01,9881,1.26903050108231e-08,1.88856638639342e-01,1.88856664019952e-01,1.88803640698564e-01,lamp_kernel
5.370849e+01,9901,1.26499485814364e-08,1.88856614090560e-01,1.88856639390458e-01,1.88803740315136e-01,lamp_kernel
5.381576e+01,9921,1.26101831709505e-08,1.88856589688582e-01,1.88856614908948e-01,1.88803839519703e-01,lamp_kernel
5.392301e+01,9941,1.25714321284173e-08,1.88856565431994e-01,1.88856590574859e-01,1.88803938314758e-01,lamp_kernel
5.403027e+01,9961,1.25286718518301e-08,1.88856541319233e-01,1.88856566376577e-01,1.88804036702774e-01,lamp_kernel
5.413753e+01,9981,1.24807895990149e-08,1.88856517348904e-01,1.88856542310483e-01,1.88804134686204e-01,lamp_kernel
5.424480e+01,10001,1.24303634418214e-08,1.88856493519996e-01,1.88856518380722e-01,1.88804232267483e-01,lamp_kernel
5.435205e+01,10021,1.23817455432829e-08,1.88856469831747e-01,1.88856494595238e-01,1.88804329449023e-01,lamp_kernel
5.445933e+01,10041,1.23402479504495e-08,1.88856446283429e-01,1.88856470963924e-01,1.88804426233219e-01,lamp_kernel
5.456660e+01,10061,1.22998141151301e-08,1.88856422874088e-01,1.88856447473716e-01,1.88804522622445e-01,lamp_kernel
5.467390e+01,10081,1.22628174709873e-08,1.88856399602453e-01,1.88856424128088e-01,1.88804618619059e-01,lamp_kernel
5.478119e+01,10101,1.22224854030045e-08,1.88856376467114e-01,1.88856400912084e-01,1.88804714225398e-01,lamp_kernel
5.488850e+01,10121,1.21762843218739e-08,1.88856353466680e-01,1.88856377819248e-01,1.88804809443784e-01,lamp_kernel
5.499578e+01,10141,1.21254265131215e-08,1.88856330600113e-01,1.88856354850966e-01,1.88804904276520e-01,lamp_kernel
5.510307e+01,10161,1.20742225012347e-08,1.88856307866631e-01,1.88856332015076e-01,1.88804998725891e-01,lamp_kernel
5.521035e+01,10181,1.20291410394944e-08,1.88856285265568e-01,1.88856309323850e-01,1.88805092794163e-01,lamp_kernel
5.531763e+01,10201,1.19871952968536e-08,1.88856262796120e-01,1.88856286770511e-01,1.88805186483584e-01,lamp_kernel
5.542492e+01,10221,1.19496298280643e-08,1.88856240457193e-01,1.88856264356453e-01,1.88805279796386e-01,lamp_kernel
5.553219e+01,10241,1.19117663276715e-08,1.88856218247497e-01,1.88856242071030e-01,1.88805372734782e-01,lamp_kernel
5.563945e+01,10261,1.18686684896087e-08,1.88856196165710e-01,1.88856219903047e-01,1.88805465300970e-01,lamp_kernel
5.574670e+01,10281,1.18195285401898e-08,1.88856174210740e-01,1.88856197849797e-01,1.88805557497130e-01,lamp_kernel
5.585397e+01,10301,1.17674350417971e-08,1.88856152381761e-01,1.88856175916631e-01,1.88805649325426e-01,lamp_kernel
5.596125e+01,10321,1.17186157181495e-08,1.88856130678153e-01,1.88856154115384e-01,1.88805740788004e-01,lamp_kernel
5.606852e+01,10341,1.16750772840108e-08,1.88856109099217e-01,1.88856132449372e-01,1.88805831886996e-01,lamp_kernel
5.617580e+01,10361,1.16331229124376e-08,1.88856087644050e-01,1.88856110910296e-01,1.88805922624515e-01,lamp_kernel
5.628308e+01,10381,1.15955281428897e-08,1.88856066311471e-01,1.88856089502528e-01,1.88806013002660e-01,lamp_kernel
5.639036e+01,10401,1.15552627250508e-08,1.88856045100261e-01,1.88856068210786e-01,1.88806103023510e-01,lamp_kernel
5.649763e+01,10421,1.15100711853896e-08,1.88856024009296e-01,1.88856047029438e-01,1.88806192689134e-01,lamp_kernel
5.660491e+01,10441,1.14603756951282e-08,1.88856003037724e-01,1.88856025958476e-01,1.88806282001581e-01,lamp_kernel
5.671220e+01,10461,1.14105557968153e-08,1.88855982184907e-01,1.88856005006019e-01,1.88806370962886e-01,lamp_kernel
5.681946e+01,10481,1.13668582404678e-08,1.88855961450228e-01,1.88855984183944e-01,1.88806459575069e-01,lamp_kernel
5.692673e+01,10501,1.13220251216671e-08,1.88855940832897e-01,1.88855963476947e-01,1.88806547840135e-01,lamp_kernel
5.703399e+01,10521,1.12835481080197e-08,1.88855920331937e-01,1.88855942899033e-01,1.88806635760073e-01,lamp_kernel
5.714127e+01,10541,1.12453847031868e-08,1.88855899946188e-01,1.88855922436957e-01,1.88806723336858e-01,lamp_kernel
5.724854e+01,10561,1.12037282339669e-08,1.88855879674568e-01,1.88855902082024e-01,1.88806810572447e-01,lamp_kernel
5.735581e+01,10581,1.11575339619693e-08,1.88855859516218e-01,1.88855881831286e-01,1.88806897468787e-01,lamp_kernel
5.746307e+01,10601,1.11089701886568e-08,1.88855839470427e-01,1.88855861688368e-01,1.88806984027807e-01,lamp_kernel
5.757033e+01,10621,1.10656808421251e-08,1.88855819536624e-01,1.88855841667986e-01,1.88807070251422e-01,lamp_kernel
5.767759e+01,10641,1.10206527324485e-08,1.88855799714131e-01,1.88855821755437e-01,1.88807156141536e-01,lamp_kernel
5.778485e+01,10661,1.09776525757830e-08,1.88855780002067e-01,1.88855801957372e-01,1.88807241700035e-01,lamp_kernel
5.789212e+01,10681,1.09393037383464e-08,1.88855760399446e-01,1.88855782278053e-01,1.88807326928795e-01,lamp_kernel
5.799941e+01,10701,1.08996975499700e-08,1.88855740905230e-01,1.88855762704625e-01,1.88807411829673e-01,lamp_kernel
5.810668e+01,10721,1.08568079984536e-08,1.88855721518533e-01,1.88855743232149e-01,1.88807496404516e-01,lamp_kernel
5.821393e+01,10741,1.08111428293500e-08,1.88855702238655e-01,1.88855723860941e-01,1.88807580655157e-01,lamp_kernel
5.832120e+01,10761,1.07693578040345e-08,1.88855683064995e-01,1.88855704603711e-01,1.88807664583412e-01,lamp_kernel
5.842846e+01,10781,1.07254826649209e-08,1.88855663996933e-01,1.88855685447899e-01,1.88807748191088e-01,lamp_kernel
5.853574e+01,10801,1.06801254407730e-08,1.88855645033732e-01,1.88855666393983e-01,1.88807831479977e-01,lamp_kernel
5.864301e+01,10821,1.06396529360436e-08,1.88855626174509e-01,1.88855647453815e-01,1.88807914451859e-01,lamp_kernel
5.875028e+01,10841,1.06004399077998e-08,1.88855607418283e-01,1.88855628619162e-01,1.88807997108501e-01,lamp_kernel
5.885752e+01,10861,1.05599133162867e-08,1.88855588764210e-01,1.88855609884036e-01,1.88808079451655e-01,lamp_kernel
5.896479e+01,10881,1.05175536850041e-08,1.88855570211558e-01,1.88855591246666e-01,1.88808161483062e-01,lamp_kernel
5.907206e+01,10901,1.04784789302222e-08,1.88855551759757e-01,1.88855572716715e-01,1.88808243204450e-01,lamp_kernel
5.917932e+01,10921,1.04374319335765e-08,1.88855533408202e-01,1.88855554283066e-01,1.88808324617532e-01,lamp_kernel
5.928658e+01,10941,1.03940424242504e-08,1.88855515156253e-01,1.88855535944338e-01,1.88808405724012e-01,lamp_kernel
5.939384e+01,10961,1.03509153724044e-08,1.88855497003089e-01,1.88855517704920e-01,1.88808486525581e-01,lamp_kernel
5.950108e+01,10981,1.03122894919767e-08,1.88855478947827e-01,1.88855499572406e-01,1.88808567023919e-01,lamp_kernel
5.960834e+01,11001,1.02732410627959e-08,1.88855460989667e-01,1.88855481536149e-01,1.88808647220691e-01,lamp_kernel
5.971560e+01,11021,1.02337246173064e-08,1.88855443127889e-01,1.88855463595339e-01,1.88808727117552e-01,lamp_kernel
5.982285e+01,11041,1.01977516393072e-08,1.88855425361901e-01,1.88855445757405e-01,1.88808806716144e-01,lamp_kernel
5.993012e+01,11061,1.01607798194006e-08,1.88855407691186e-01,1.88855428012745e-01,1.88808886018098e-01,lamp_kernel
6.003737e+01,11081,1.01213766041523e-08,1.88855390115096e-01,1.88855410357849e-01,1.88808965025032e-01,lamp_kernel
6.014463e+01,11101,1.00801579115782e-08,1.88855372632915e-01,1.88855392793231e-01,1.88809043738554e-01,lamp_kernel
6.025192e+01,11121,1.00420258498595e-08,1.88855355243841e-01,1.88855375327892e-01,1.88809122160260e-01,lamp_kernel
6.035918e+01,11141,1.00065588582252e-08,1.88855337947096e-01,1.88855357960214e-01,1.88809200291736e-01,lamp_kernel
6.046644e+01,11161,9.97041116330092e-09,1.88855320741968e-01,1.88855340682790e-01,1.88809278134556e-01,lamp_kernel
6.057371e+01,11181,9.93834431037046e-09,1.88855303627925e-01,1.88855323504614e-01,1.88809355690281e-01,lamp_kernel
6.068099e+01,11201,9.90622987871319e-09,1.88855286604415e-01,1.88855306416874e-01,1.88809432960464e-01,lamp_kernel
6.078826e+01,11221,9.87211487053101e-09,1.88855269670892e-01,1.88855289415121e-01,1.88809509946643e-01,lamp_kernel
6.089552e+01,11241,9.83616119189319e-09,1.88855252826701e-01,1.88855272499023e-01,1.88809586650348e-01,lamp_kernel
6.100279e+01,11261,9.79902636932975e-09,1.88855236071100e-01,1.88855255669153e-01,1.88809663073099e-01,lamp_kernel
6.111006e+01,11281,9.76285962358440e-09,1.88855219403307e-01,1.88855238929026e-01,1.88809739216403e-01,lamp_kernel
6.121733e+01,11301,9.72744923732649e-09,1.88855202822678e-01,1.88855222277576e-01,1.88809815081759e-01,lamp_kernel
6.132460e+01,11321,9.69438982348310e-09,1.88855186328653e-01,1.88855205717433e-01,1.88809890670654e-01,lamp_kernel
6.143185e+01,11341,9.66210167089356e-09,1.88855169920733e-01,1.88855189244936e-01,1.88809965984565e-01,lamp_kernel
6.153913e+01,11361,9.62954566563351e-09,1.88855153598416e-01,1.88855172857507e-01,1.88810041024957e-01,lamp_kernel
6.164642e+01,11381,9.59541524788391e-09,1.88855137361117e-01,1.88855156551947e-01,1.88810115793287e-01,lamp_kernel
6.175369e+01,11401,9.55985794403267e-09,1.88855121208168e-01,1.88855140327884e-01,1.88810190291001e-01,lamp_kernel
6.186097e+01,11421,9.52392777722491e-09,1.88855105138814e-01,1.88855124186669e-01,1.88810264519535e-01,lamp_kernel
6.196824e+01,11441,9.48878009222100e-09,1.88855089152394e-01,1.88855108129954e-01,1.88810338480315e-01,lamp_kernel
6.207551e+01,11461,9.45520857782755e-09,1.88855073248377e-01,1.88855092158794e-01,1.88810412174759e-01,lamp_kernel
6.218279e+01,11481,9.42275197486797e-09,1.88855057426271e-01,1.88855076271775e-01,1.88810485604272e-01,lamp_kernel
6.229007e+01,11501,9.39056193820693e-09,1.88855041685637e-01,1.88855060466761e-01,1.88810558770252e-01,lamp_kernel
6.239735e+01,11521,9.35814884581378e-09,1.88855026025957e-01,1.88855044742255e-01,1.88810631674086e-01,lamp_kernel
6.250464e+01,11541,9.32522659723065e-09,1.88855010446601e-01,1.88855029097054e-01,1.88810704317150e-01,lamp_kernel
6.261196e+01,11561,9.29156206529962e-09,1.88854994946910e-01,1.88855013530034e-01,1.88810776700815e-01,lamp_kernel
6.271925e+01,11581,9.25776609372852e-09,1.88854979526199e-01,1.88854998041731e-01,1.88810848826437e-01,lamp_kernel
6.282655e+01,11601,9.22436922611406e-09,1.88854964183920e-01,1.88854982632658e-01,1.88810920695369e-01,lamp_kernel
6.293385e+01,11621,9.19154028358919e-09,1.88854948919603e-01,1.88854967302684e-01,1.88810992308949e-01,lamp_kernel
6.304112e+01,11641,9.15895597940218e-09,1.88854933732842e-01,1.88854952050754e-01,1.88811063668510e-01,lamp_kernel
6.314839e+01,11661,9.12622463389586e-09,1.88854918623178e-01,1.88854936875627e-01,1.88811134775373e-01,lamp_kernel
6.325567e+01,11681,9.09316747152689e-09,1.88854903590063e-01,1.88854921776398e-01,1.88811205630853e-01,lamp_kernel
6.336293e+01,11701,9.05984335853638e-09,1.88854888632873e-01,1.88854906752560e-01,1.88811276121701e-01,lamp_kernel
6.347020e+01,11721,9.02649739407674e-09,1.88854873750993e-01,1.88854891803988e-01,1.88811346063301e-01,lamp_kernel
6.357748e+01,11741,8.99319437951123e-09,1.88854858943819e-01,1.88854876930208e-01,1.88811415759158e-01,lamp_kernel
6.368477e+01,11761,8.95991848123460e-09,1.88854844210905e-01,1.88854862130742e-01,1.88811485210543e-01,lamp_kernel
6.379206e+01,11781,8.92701864471150e-09,1.88854829551827e-01,1.88854847405865e-01,1.88811554418719e-01,lamp_kernel
6.389934e+01,11801,8.89391866142453e-09,1.88854814966199e-01,1.88854832754036e-01,1.88811623384941e-01,lamp_kernel
6.400662e+01,11821,8.86087264740707e-09,1.88854800453532e-01,1.88854818175277e-01,1.88811692110454e-01,lamp_kernel
6.411389e+01,11841,8.82825870443392e-09,1.88854786013272e-01,1.88854803669789e-01,1.88811760596494e-01,lamp_kernel
6.422118e+01,11861,8.79623621627940e-09,1.88854771644835e-01,1.88854789237307e-01,1.88811828844292e-01,lamp_kernel
6.432846e+01,11881,8.76479207044270e-09,1.88854757347648e-01,1.88854774877232e-01,1.88811896855068e-01,lamp_kernel
6.443574e+01,11901,8.73373769834735e-09,1.88854743121231e-01,1.88854760588706e-01,1.88811964630033e-01,lamp_kernel
6.454301e+01,11921,8.70274934618441e-09,1.88854728965173e-01,1.88854746370671e-01,1.88812032170393e-01,lamp_kernel
6.465028e+01,11941,8.67124722885332e-09,1.88854714879100e-01,1.88854732221595e-01,1.88812099477345e-01,lamp_kernel
6.475755e+01,11961,8.63931016094246e-09,1.88854700862576e-01,1.88854718141196e-01,1.88812166552076e-01,lamp_kernel
6.486483e+01,11981,8.60751416038209e-09,1.88854686915118e-01,1.88854704130146e-01,1.88812233395767e-01,lamp_kernel
6.497211e+01,12001,8.57660219506880e-09,1.88854673036205e-01,1.88854690189409e-01,1.88812300009593e-01,lamp_kernel
6.507937e+01,12021,8.54677366495300e-09,1.88854659225288e-01,1.88854676318836e-01,1.88812366394717e-01,lamp_kernel
6.518666e+01,12041,8.51892500551604e-09,1.88854645481870e-01,1.88854662519720e-01,1.88812432552297e-01,lamp_kernel
6.529393e+01,12061,8.49272131987675e-09,1.88854631805542e-01,1.88854648790984e-01,1.88812498483482e-01,lamp_kernel
6.540120e+01,12081,8.46628727769574e-09,1.88854618195940e-01,1.88854635128515e-01,1.88812564189415e-01,lamp_kernel
6.550847e+01,12101,8.43917024599614e-09,1.88854604652663e-01,1.88854621531004e-01,1.88812629671231e-01,lamp_kernel
6.561573e+01,12121,8.41241799365195e-09,1.88854591175282e-01,1.88854608000118e-01,1.88812694930056e-01,lamp_kernel
6.572301e+01,12141,8.38618277529710e-09,1.88854577763322e-01,1.88854594535687e-01,1.88812759967012e-01,lamp_kernel
6.583028e+01,12161,8.36097180138310e-09,1.88854564416275e-01,1.88854581138219e-01,1.88812824783210e-01,lamp_kernel
6.593873e+01,12181,8.33671157237603e-09,1.88854551133702e-01,1.88854567807125e-01,1.88812889379756e-01,lamp_kernel
6.604605e+01,12201,8.31269952048684e-09,1.88854537915134e-01,1.88854554540533e-01,1.88812953757748e-01,lamp_kernel
6.615335e+01,12221,8.28838857108743e-09,1.88854524760214e-01,1.88854541336991e-01,1.88813017918277e-01,lamp_kernel
6.626064e+01,12241,8.26333456384232e-09,1.88854511668579e-01,1.88854528195248e-01,1.88813081862426e-01,lamp_kernel
6.636794e+01,12261,8.23749235818736e-09,1.88854498639847e-01,1.88854515114831e-01,1.88813145591273e-01,lamp_kernel
6.647525e+01,12281,8.21160473585206e-09,1.88854485673561e-01,1.88854502096770e-01,1.88813209105887e-01,lamp_kernel
6.658255e+01,12301,8.18652783131622e-09,1.88854472769295e-01,1.88854489142350e-01,1.88813272407331e-01,lamp_kernel
6.668986e+01,12321,8.16273041004613e-09,1.88854459926577e-01,1.88854476252038e-01,1.88813335496663e-01,lamp_kernel
6.679715e+01,12341,8.13978108451559e-09,1.88854447145006e-01,1.88854463424569e-01,1.88813398374930e-01,lamp_kernel
6.690447e+01,12361,8.11673723236391e-09,1.88854434424209e-01,1.88854450657684e-01,1.88813461043175e-01,lamp_kernel
6.701177e+01,12381,8.09319413534747e-09,1.88854421763827e-01,1.88854437950216e-01,1.88813523502435e-01,lamp_kernel
6.711908e+01,12401,8.06856180686937e-09,1.88854409163504e-01,1.88854425300627e-01,1.88813585753737e-01,lamp_kernel
6.722637e+01,12421,8.04333803689602e-09,1.88854396622854e-01,1.88854412709530e-01,1.88813647798106e-01,lamp_kernel
6.733367e+01,12441,8.01828384529053e-09,1.88854384141425e-01,1.88854400177993e-01,1.88813709636556e-01,lamp_kernel
6.744098e+01,12461,7.99421807637198e-09,1.88854371718822e-01,1.88854387707258e-01,1.88813771270098e-01,lamp_kernel
6.754829e+01,12481,7.97125135544439e-09,1.88854359354632e-01,1.88854375297135e-01,1.88813832699734e-01,lamp_kernel
6.765559e+01,12501,7.94955049602609e-09,1.88854347048505e-01,1.88854362947606e-01,1.88813893926462e-01,lamp_kernel
6.776289e+01,12521,7.92774889341346e-09,1.88854334800117e-01,1.88854350655615e-01,1.88813954951272e-01,lamp_kernel
6.787019e+01,12541,7.90585190575391e-09,1.88854322609116e-01,1.88854338420819e-01,1.88814015775147e-01,lamp_kernel
6.797750e+01,12561,7.88322087016503e-09,1.88854310475134e-01,1.88854326241575e-01,1.88814076399065e-01,lamp_kernel
6.808479e+01,12581,7.86024239255980e-09,1.88854298397768e-01,1.88854314118253e-01,1.88814136823999e-01,lamp_kernel
6.819210e+01,12601,7.83812883623944e-09,1.88854286376610e-01,1.88854302052867e-01,1.88814197050913e-01,lamp_kernel
6.829940e+01,12621,7.81698602096267e-09,1.88854274411302e-01,1.88854290045274e-01,1.88814257080767e-01,lamp_kernel
6.840670e+01,12641,7.79673564031029e-09,1.88854262501506e-01,1.88854278094977e-01,1.88814316914515e-01,lamp_kernel
6.851399e+01,12661,7.77690283382355e-09,1.88854250646888e-01,1.88854266200694e-01,1.88814376553104e-01,lamp_kernel
6.862130e+01,12681,7.75705896423639e-09,1.88854238847142e-01,1.88854254361260e-01,1.88814435997475e-01,lamp_kernel
6.872860e+01,12701,7.73682188532071e-09,1.88854227101932e-01,1.88854242575576e-01,1.88814495248563e-01,lamp_kernel
6.883590e+01,12721,7.71615259684558e-09,1.88854215410849e-01,1.88854230843155e-01,1.88814554307298e-01,lamp_kernel
6.894320e+01,12741,7.69556785762285e-09,1.88854203773554e-01,1.88854219164690e-01,1.88814613174605e-01,lamp_kernel
6.905051e+01,12761,7.67568903160532e-09,1.88854192189658e-01,1.88854207541036e-01,1.88814671851400e-01,lamp_kernel
6.915780e+01,12781,7.65791753778586e-09,1.88854180658845e-01,1.88854195974680e-01,1.88814730338597e-01,lamp_kernel
6.926508e+01,12801,7.64125336884932e-09,1.88854169180802e-01,1.88854184463308e-01,1.88814788637101e-01,lamp_kernel
6.937238e+01,12821,7.62463205257340e-09,1.88854157755255e-01,1.88854173004519e-01,1.88814846747814e-01,lamp_kernel
6.947968e+01,12841,7.60762734530167e-09,1.88854146381878e-01,1.88854161597133e-01,1.88814904671632e-01,lamp_kernel
6.958700e+01,12861,7.59061198927006e-09,1.88854135060318e-01,1.88854150241542e-01,1.88814962409443e-01,lamp_kernel
6.969431e+01,12881,7.57354164304247e-09,1.88854123790219e-01,1.88854138937302e-01,1.88815019962133e-01,lamp_kernel
6.980161e+01,12901,7.55643924064208e-09,1.88854112571229e-01,1.88854127684108e-01,1.88815077330579e-01,lamp_kernel
6.990891e+01,12921,7.53956939036180e-09,1.88854101403027e-01,1.88854116482166e-01,1.88815134515656e-01,lamp_kernel
7.001626e+01,12941,7.52314623791841e-09,1.88854090285316e-01,1.88854105331608e-01,1.88815191518231e-01,lamp_kernel
7.012357e+01,12961,7.50720130328912e-09,1.88854079217850e-01,1.88854094232252e-01,1.88815248339168e-01,lamp_kernel
7.023086e+01,12981,7.49147841040349e-09,1.88854068200303e-01,1.88854083183260e-01,1.88815304979322e-01,lamp_kernel
7.033818e+01,13001,7.47568691320888e-09,1.88854057232373e-01,1.88854072183747e-01,1.88815361439547e-01,lamp_kernel
7.044548e+01,13021,7.45987039892181e-09,1.88854046313741e-01,1.88854061233482e-01,1.88815417720690e-01,lamp_kernel
7.055278e+01,13041,7.44406421832101e-09,1.88854035444050e-01,1.88854050332179e-01,1.88815473823591e-01,lamp_kernel
7.066008e+01,13061,7.42833079439570e-09,1.88854024622984e-01,1.88854039479645e-01,1.88815529749087e-01,lamp_kernel
7.076743e+01,13081,7.41268186566280e-09,1.88854013850266e-01,1.88854028675630e-01,1.88815585498009e-01,lamp_kernel
7.087478e+01,13101,7.39706863178646e-09,1.88854003125622e-01,1.88854017919759e-01,1.88815641071185e-01,lamp_kernel
7.098215e+01,13121,7.38139954026694e-09,1.88853992448787e-01,1.88854007211586e-01,1.88815696469435e-01,lamp_kernel
7.108955e+01,13141,7.36590238833570e-09,1.88853981819491e-01,1.88853996551295e-01,1.88815751693575e-01,lamp_kernel
7.119693e+01,13161,7.35047065343581e-09,1.88853971237418e-01,1.88853985938359e-01,1.88815806744417e-01,lamp_kernel
7.130433e+01,13181,7.33503985943031e-09,1.88853960702258e-01,1.88853975372337e-01,1.88815861622768e-01,lamp_kernel
7.141172e+01,13201,7.31981281212756e-09,1.88853950213685e-01,1.88853964853310e-01,1.88815916329427e-01,lamp_kernel
7.151910e+01,13221,7.30477763529694e-09,1.88853939771427e-01,1.88853954380983e-01,1.88815970865193e-01,lamp_kernel
7.162649e+01,13241,7.28979000119684e-09,1.88853929375216e-01,1.88853943954796e-01,1.88816025230857e-01,lamp_kernel
7.173389e+01,13261,7.27474909152035e-09,1.88853919024811e-01,1.88853933574309e-01,1.88816079427206e-01,lamp_kernel
7.184128e+01,13281,7.25959415603236e-09,1.88853908719949e-01,1.88853923239138e-01,1.88816133455021e-01,lamp_kernel
7.194868e+01,13301,7.24437565019335e-09,1.88853898460363e-01,1.88853912949115e-01,1.88816187315082e-01,lamp_kernel
7.205605e+01,13321,7.22926130935473e-09,1.88853888245722e-01,1.88853902704244e-01,1.88816241008161e-01,lamp_kernel
7.216343e+01,13341,7.21440686721719e-09,1.88853878075795e-01,1.88853892504608e-01,1.88816294535026e-01,lamp_kernel
7.227082e+01,13361,7.19980196892302e-09,1.88853867950246e-01,1.88853882349850e-01,1.88816347896440e-01,lamp_kernel
7.237821e+01,13381,7.18514421814260e-09,1.88853857868853e-01,1.88853872239142e-01,1.88816401093163e-01,lamp_kernel
7.248560e+01,13401,7.17038257872192e-09,1.88853847831354e-01,1.88853862172120e-01,1.88816454125949e-01,lamp_kernel
7.259299e+01,13421,7.15532654152244e-09,1.88853837837505e-01,1.88853852148158e-01,1.88816506995548e-01,lamp_kernel
7.270038e+01,13441,7.14014127807016e-09,1.88853827887060e-01,1.88853842167343e-01,1.88816559702706e-01,lamp_kernel
7.280777e+01,13461,7.12512061662544e-09,1.88853817979754e-01,1.88853832229995e-01,1.88816612248164e-01,lamp_kernel
7.291517e+01,13481,7.11059392305160e-09,1.88853808115324e-01,1.88853822336512e-01,1.88816664632659e-01,lamp_kernel
7.302259e+01,13501,7.09645238216967e-09,1.88853798293481e-01,1.88853812486386e-01,1.88816716856923e-01,lamp_kernel
7.312997e+01,13521,7.08261984348943e-09,1.88853788513972e-01,1.88853802679212e-01,1.88816768921683e-01,lamp_kernel
7.323736e+01,13541,7.06872706771013e-09,1.88853778776587e-01,1.88853792914041e-01,1.88816820827664e-01,lamp_kernel
7.334475e+01,13561,7.05454980076275e-09,1.88853769081050e-01,1.88853783190150e-01,1.88816872575585e-01,lamp_kernel
7.345213e+01,13581,7.04033163421576e-09,1.88853759427168e-01,1.88853773507831e-01,1.88816924166161e-01,lamp_kernel
7.355954e+01,13601,7.02601373461036e-09,1.88853749814657e-01,1.88853763866684e-01,1.88816975600102e-01,lamp_kernel
7.366695e+01,13621,7.01184240232990e-09,1.88853740243299e-01,1.88853754266984e-01,1.88817026878117e-01,lamp_kernel
7.377435e+01,13641,6.99801842437785e-09,1.88853730712840e-01,1.88853744708877e-01,1.88817078000906e-01,lamp_kernel
7.388178e+01,13661,6.98440066423706e-09,1.88853721223002e-01,1.88853735191803e-01,1.88817128969170e-01,lamp_kernel
7.398918e+01,13681,6.97083429253016e-09,1.88853711773580e-01,1.88853725715248e-01,1.88817179783601e-01,lamp_kernel
7.409656e+01,13701,6.95710324550328e-09,1.88853702364343e-01,1.88853716278549e-01,1.88817230444890e-01,lamp_kernel
7.420395e+01,13721,6.94305775842960e-09,1.88853692995061e-01,1.88853706881176e-01,1.88817280953723e-01,lamp_kernel
7.431136e+01,13741,6.92874561949700e-09,1.88853683665527e-01,1.88853697523018e-01,1.88817331310783e-01,lamp_kernel
7.441875e+01,13761,6.91438781043966e-09,1.88853674375483e-01,1.88853688204258e-01,1.88817381516748e-01,lamp_kernel
7.452614e+01,13781,6.90018423283535e-09,1.88853665124699e-01,1.88853678925067e-01,1.88817431572292e-01,lamp_kernel
7.463354e+01,13801,6.88624261601397e-09,1.88853655912936e-01,1.88853669685421e-01,1.88817481478085e-01,lamp_kernel
7.474092e+01,13821,6.87245808746140e-09,1.88853646739996e-01,1.88853660484912e-01,1.88817531234793e-01,lamp_kernel
7.484829e+01,13841,6.85868518015516e-09,1.88853637605638e-01,1.88853651323008e-01,1.88817580843080e-01,lamp_kernel
7.495567e+01,13861,6.84471796618920e-09,1.88853628509653e-01,1.88853642199089e-01,1.88817630303604e-01,lamp_kernel
7.506306e+01,13881,6.83069787507317e-09,1.88853619451850e-01,1.88853633113246e-01,1.88817679617019e-01,lamp_kernel
7.517044e+01,13901,6.81666354278484e-09,1.88853610431992e-01,1.88853624065319e-01,1.88817728783977e-01,lamp_kernel
7.527782e+01,13921,6.80293914735944e-09,1.88853601449824e-01,1.88853615055702e-01,1.88817777805125e-01,lamp_kernel
7.538519e+01,13941,6.78958331225833e-09,1.88853592505161e-01,1.88853606084328e-01,1.88817826681107e-01,lamp_kernel
7.549258e+01,13961,6.77671345859494e-09,1.88853583597799e-01,1.88853597151226e-01,1.88817875412563e-01,lamp_kernel
7.559996e+01,13981,6.76448160450291e-09,1.88853574727503e-01,1.88853588256466e-01,1.88817924000128e-01,lamp_kernel
7.570734e+01,14001,6.75230899794965e-09,1.88853565894095e-01,1.88853579398713e-01,1.88817972444435e-01,lamp_kernel
7.581474e+01,14021,6.74008797435091e-09,1.88853557097371e-01,1.88853570577547e-01,1.88818020746113e-01,lamp_kernel
7.592215e+01,14041,6.72781851432258e-09,1.88853548337120e-01,1.88853561792757e-01,1.88818068905787e-01,lamp_kernel
7.602954e+01,14061,6.71563308586183e-09,1.88853539613083e-01,1.88853553044349e-01,1.88818116924080e-01,lamp_kernel
7.613693e+01,14081,6.70365531248526e-09,1.88853530925107e-01,1.88853544332417e-01,1.88818164700906e-01,lamp_kernel
7.624432e+01,14101,6.69175689020282e-09,1.88853522272976e-01,1.88853535656490e-01,1.88818212330729e-01,lamp_kernel
7.635171e+01,14121,6.68000885417974e-09,1.88853513656493e-01,1.88853527016511e-01,1.88818259821476e-01,lamp_kernel
7.645910e+01,14141,6.66829782817320e-09,1.88853505075494e-01,1.88853518412090e-01,1.88818307173750e-01,lamp_kernel
7.656650e+01,14161,6.65666958994343e-09,1.88853496529722e-01,1.88853509843062e-01,1.88818354388154e-01,lamp_kernel
7.667390e+01,14181,6.64497714363281e-09,1.88853488019037e-01,1.88853501308992e-01,1.88818401465288e-01,lamp_kernel
7.678131e+01,14201,6.63316552960376e-09,1.88853479543209e-01,1.88853492809540e-01,1.88818448405745e-01,lamp_kernel
7.688870e+01,14221,6.62125699841991e-09,1.88853471102041e-01,1.88853484344555e-01,1.88818495210118e-01,lamp_kernel
7.699608e+01,14241,6.60935788786305e-09,1.88853462695344e-01,1.88853475914059e-01,1.88818541878995e-01,lamp_kernel
7.710346e+01,14261,6.59775079258515e-09,1.88853454322936e-01,1.88853467518438e-01,1.88818588412962e-01,lamp_kernel
7.721086e+01,14281,6.58644741495681e-09,1.88853445984629e-01,1.88853459157524e-01,1.88818634812599e-01,lamp_kernel
7.731826e+01,14301,6.57531684424057e-09,1.88853437680261e-01,1.88853450830895e-01,1.88818681078486e-01,lamp_kernel
7.742566e+01,14321,6.56419534451235e-09,1.88853429409610e-01,1.88853442538000e-01,1.88818727211198e-01,lamp_kernel
7.753305e+01,14341,6.55306954933655e-09,1.88853421172529e-01,1.88853434278668e-01,1.88818773211307e-01,lamp_kernel
7.764045e+01,14361,6.54186995144434e-09,1.88853412968790e-01,1.88853426052530e-01,1.88818819079381e-01,lamp_kernel
7.774784e+01,14381,6.53064178165087e-09,1.88853404798221e-01,1.88853417859504e-01,1.88818864815986e-01,lamp_kernel
7.785523e+01,14401,6.51936531759633e-09,1.88853396660629e-01,1.88853409699360e-01,1.88818910421685e-01,lamp_kernel
7.796454e+01,14421,6.50806081027323e-09,1.88853388555887e-01,1.88853401572009e-01,1.88818955897036e-01,lamp_kernel
7.807196e+01,14441,6.49685976751625e-09,1.88853380483764e-01,1.88853393477483e-01,1.88819001242596e-01,lamp_kernel
7.817935e+01,14461,6.48583900646994e-09,1.88853372444130e-01,1.88853385415808e-01,1.88819046458918e-01,lamp_kernel
7.828675e+01,14481,6.47494775221157e-09,1.88853364436801e-01,1.88853377386697e-01,1.88819091545670e-01,lamp_kernel
7.839415e+01,14501,6.46409685532307e-09,1.88853356461566e-01,1.88853369389760e-01,1.88819136435425e-01,lamp_kernel
7.850154e+01,14521,6.45327651693746e-09,1.88853348518266e-01,1.88853361424819e-01,1.88819181197665e-01,lamp_kernel
7.860893e+01,14541,6.44239484593495e-09,1.88853340606742e-01,1.88853353491532e-01,1.88819225832930e-01,lamp_kernel
7.871632e+01,14561,6.43141992377400e-09,1.88853332726805e-01,1.88853345589645e-01,1.88819270341757e-01,lamp_kernel
7.882371e+01,14581,6.42033439376393e-09,1.88853324878288e-01,1.88853337718957e-01,1.88819314724680e-01,lamp_kernel
7.893110e+01,14601,6.40920093418898e-09,1.88853317061079e-01,1.88853329879481e-01,1.88819358982232e-01,lamp_kernel
7.903852e+01,14621,6.39810177448116e-09,1.88853309274950e-01,1.88853322071154e-01,1.88819403114942e-01,lamp_kernel
7.914592e+01,14641,6.38708355632996e-09,1.88853301519751e-01,1.88853314293918e-01,1.88819447123334e-01,lamp_kernel
7.925330e+01,14661,6.37613338173668e-09,1.88853293795312e-01,1.88853306547578e-01,1.88819491007932e-01,lamp_kernel
7.936070e+01,14681,6.36516521186973e-09,1.88853286101472e-01,1.88853298831802e-01,1.88819534769255e-01,lamp_kernel
7.946809e+01,14701,6.35416273604421e-09,1.88853278438060e-01,1.88853291146385e-01,1.88819578407822e-01,lamp_kernel
7.957549e+01,14721,6.34302788679501e-09,1.88853270804934e-01,1.88853283490990e-01,1.88819621924146e-01,lamp_kernel
7.968292e+01,14741,6.33181670107164e-09,1.88853263201934e-01,1.88853275865567e-01,1.88819665318738e-01,lamp_kernel
7.979030e+01,14761,6.32055522012160e-09,1.88853255628902e-01,1.88853268270012e-01,1.88819708592108e-01,lamp_kernel
7.989770e+01,14781,6.30937100496778e-09,1.88853248085666e-01,1.88853260704408e-01,1.88819751744761e-01,lamp_kernel
8.000511e+01,14801,6.29828584717096e-09,1.88853240572077e-01,1.88853253168649e-01,1.88819794777200e-01,lamp_kernel
8.011251e+01,14821,6.28736843462615e-09,1.88853233087973e-01,1.88853245662710e-01,1.88819837689926e-01,lamp_kernel
8.021992e+01,14841,6.27645018479567e-09,1.88853225633208e-01,1.88853238186109e-01,1.88819880483437e-01,lamp_kernel
8.032731e+01,14861,6.26551568645293e-09,1.88853218207607e-01,1.88853230738639e-01,1.88819923158227e-01,lamp_kernel
8.043470e+01,14881,6.25464786987002e-09,1.88853210811058e-01,1.88853223320354e-01,1.88819965714789e-01,lamp_kernel
8.054210e+01,14901,6.24370577753338e-09,1.88853203443382e-01,1.88853215930794e-01,1.88820008153612e-01,lamp_kernel
8.064951e+01,14921,6.23270399247064e-09,1.88853196104444e-01,1.88853208569852e-01,1.88820050475183e-01,lamp_kernel
8.075691e+01,14941,6.22180624258262e-09,1.88853188794069e-01,1.88853201237682e-01,1.88820092679987e-01,lamp_kernel
8.086433e+01,14961,6.21139660021506e-09,1.88853181512136e-01,1.88853193934930e-01,1.88820134768505e-01,lamp_kernel
8.097174e+01,14981,6.20104853897116e-09,1.88853174258473e-01,1.88853186660570e-01,1.88820176741216e-01,lamp_kernel
8.107916e+01,15001,6.19081058666854e-09,1.88853167032949e-01,1.88853179414570e-01,1.88820218598597e-01,lamp_kernel
8.118655e+01,15021,6.18058562967616e-09,1.88853159835403e-01,1.88853172196574e-01,1.88820260341122e-01,lamp_kernel
8.129394e+01,15041,6.17022865724650e-09,1.88853152665742e-01,1.88853165006199e-01,1.88820301969262e-01,lamp_kernel
8.140136e+01,15061,6.15982262414549e-09,1.88853145523790e-01,1.88853157843435e-01,1.88820343483485e-01,lamp_kernel
8.150876e+01,15081,6.14940231690445e-09,1.88853138409376e-01,1.88853150708181e-01,1.88820384884259e-01,lamp_kernel
8.161617e+01,15101,6.13901865887898e-09,1.88853131322376e-01,1.88853143600413e-01,1.88820426172047e-01,lamp_kernel
8.172357e+01,15121,6.12869397674065e-09,1.88853124262663e-01,1.88853136520051e-01,1.88820467347310e-01,lamp_kernel
8.183098e+01,15141,6.11840080517119e-09,1.88853117230081e-01,1.88853129466882e-01,1.88820508410507e-01,lamp_kernel
8.193837e+01,15161,6.10808215626705e-09,1.88853110224504e-01,1.88853122440669e-01,1.88820549362095e-01,lamp_kernel
8.204577e+01,15181,6.09767858795178e-09,1.88853103245814e-01,1.88853115441171e-01,1.88820590202527e-01,lamp_kernel
8.215318e+01,15201,6.08718400553742e-09,1.88853096293851e-01,1.88853108468219e-01,1.88820630932255e-01,lamp_kernel
8.226059e+01,15221,6.07659707746999e-09,1.88853089368478e-01,1.88853101521672e-01,1.88820671551729e-01,lamp_kernel
8.236798e+01,15241,6.06599264828669e-09,1.88853082469548e-01,1.88853094601533e-01,1.88820712061393e-01,lamp_kernel
8.247538e+01,15261,6.05540901495591e-09,1.88853075596919e-01,1.88853087707737e-01,1.88820752461695e-01,lamp_kernel
8.258280e+01,15281,6.04489607740777e-09,1.88853068750514e-01,1.88853080840306e-01,1.88820792753074e-01,lamp_kernel
8.269021e+01,15301,6.03440797153115e-09,1.88853061930153e-01,1.88853073998969e-01,1.88820832935971e-01,lamp_kernel
8.279762e+01,15321,6.02392490620553e-09,1.88853055135721e-01,1.88853067183571e-01,1.88820873010823e-01,lamp_kernel
8.290502e+01,15341,6.01343633448022e-09,1.88853048367100e-01,1.88853060393972e-01,1.88820912978065e-01,lamp_kernel
8.301242e+01,15361,6.00287005590498e-09,1.88853041624146e-01,1.88853053629887e-01,1.88820952838130e-01,lamp_kernel
8.311981e+01,15381,5.99225324607334e-09,1.88853034906713e-01,1.88853046891220e-01,1.88820992591448e-01,lamp_kernel
8.322719e+01,15401,5.98160230762421e-09,1.88853028214698e-01,1.88853040177903e-01,1.88821032238447e-01,lamp_kernel
8.333461e+01,15421,5.97093356169177e-09,1.88853021547962e-01,1.88853033489829e-01,1.88821071779553e-01,lamp_kernel
8.344201e+01,15441,5.96025317634854e-09,1.88853014906362e-01,1.88853026826868e-01,1.88821111215189e-01,lamp_kernel
8.354940e+01,15461,5.94958271727457e-09,1.88853008289807e-01,1.88853020188973e-01,1.88821150545778e-01,lamp_kernel
8.365682e+01,15481,5.93890768985794e-09,1.88853001698170e-01,1.88853013575985e-01,1.88821189771737e-01,lamp_kernel
8.376421e+01,15501,5.92829085173494e-09,1.88852995131324e-01,1.88853006987906e-01,1.88821228893485e-01,lamp_kernel
8.387161e+01,15521,5.91764029072547e-09,1.88852988589119e-01,1.88853000424400e-01,1.88821267911436e-01,lamp_kernel
8.397900e+01,15541,5.90695901558138e-09,1.88852982071457e-01,1.88852993885375e-01,1.88821306826002e-01,lamp_kernel
8.408641e+01,15561,5.89630266626354e-09,1.88852975578194e-01,1.88852987370800e-01,1.88821345637594e-01,lamp_kernel
8.419379e+01,15581,5.88569592109872e-09,1.88852969109240e-01,1.88852980880632e-01,1.88821384346620e-01,lamp_kernel
8.430120e+01,15601,5.87506727283201e-09,1.88852962664441e-01,1.88852974414576e-01,1.88821422953486e-01,lamp_kernel
8.440860e+01,15621,5.86446740167298e-09,1.88852956243685e-01,1.88852967972619e-01,1.88821461458597e-01,lamp_kernel
8.451600e+01,15641,5.85388655619148e-09,1.88852949846911e-01,1.88852961554684e-01,1.88821499862354e-01,lamp_kernel
8.462341e+01,15661,5.84329381531248e-09,1.88852943473957e-01,1.88852955160545e-01,1.88821538165157e-01,lamp_kernel
8.473081e+01,15681,5.83287810193130e-09,1.88852937124676e-01,1.88852948790432e-01,1.88821576367404e-01,lamp_kernel
8.483820e+01,15701,5.82246361163092e-09,1.88852930798996e-01,1.88852942443923e-01,1.88821614469490e-01,lamp_kernel
8.494562e+01,15721,5.81198510721945e-09,1.88852924496791e-01,1.88852936120762e-01,1.88821652471810e-01,lamp_kernel
8.521345e+01,15741,5.80146649202808e-09,1.88852918217911e-01,1.88852929820844e-01,1.88821690374754e-01,lamp_kernel
8.532082e+01,15761,5.79131765667889e-09,1.88852911962271e-01,1.88852923544907e-01,1.88821728178713e-01,lamp_kernel
8.542814e+01,15781,5.78152379729752e-09,1.88852905729783e-01,1.88852917292831e-01,1.88821765884073e-01,lamp_kernel
8.553545e+01,15801,5.77188580548149e-09,1.88852899520301e-01,1.88852911064073e-01,1.88821803491221e-01,lamp_kernel
8.564275e+01,15821,5.76226419562062e-09,1.88852893333739e-01,1.88852904858267e-01,1.88821841000539e-01,lamp_kernel
8.575005e+01,15841,5.75264155983813e-09,1.88852887169955e-01,1.88852898675239e-01,1.88821878412410e-01,lamp_kernel
8.585736e+01,15861,5.74297323789365e-09,1.88852881028850e-01,1.88852892514796e-01,1.88821915727213e-01,lamp_kernel
8.596467e+01,15881,5.73322901474969e-09,1.88852874910317e-01,1.88852886376775e-01,1.88821952945326e-01,lamp_kernel
8.607197e+01,15901,5.72337686146412e-09,1.88852868814239e-01,1.88852880260993e-01,1.88821990067124e-01,lamp_kernel
8.617926e+01,15921,5.71349182015739e-09,1.88852862740516e-01,1.88852874167500e-01,1.88822027092981e-01,lamp_kernel
8.628656e+01,15941,5.70372538945078e-09,1.88852856689037e-01,1.88852868096488e-01,1.88822064023269e-01,lamp_kernel
8.639386e+01,15961,5.69422727108453e-09,1.88852850659715e-01,1.88852862048170e-01,1.88822100858358e-01,lamp_kernel
8.650117e+01,15981,5.68492476212866e-09,1.88852844652430e-01,1.88852856022280e-01,1.88822137598616e-01,lamp_kernel
8.660848e+01,16001,5.67568738646828e-09,1.88852838667059e-01,1.88852850018434e-01,1.88822174244410e-01,lamp_kernel
8.671577e+01,16021,5.66651293680879e-09,1.88852832703487e-01,1.88852844036513e-01,1.88822210796102e-01,lamp_kernel
8.682307e+01,16041,5.65730389057169e-09,1.88852826761651e-01,1.88852838076259e-01,1.88822247254057e-01,lamp_kernel
8.693036e+01,16061,5.64800349434533e-09,1.88852820841428e-01,1.88852832137435e-01,1.88822283618634e-01,lamp_kernel
8.703767e+01,16081,5.63861241756966e-09,1.88852814942715e-01,1.88852826219940e-01,1.88822319890193e-01,lamp_kernel
8.714496e+01,16101,5.62920547059270e-09,1.88852809065390e-01,1.88852820323801e-01,1.88822356069090e-01,lamp_kernel
8.725227e+01,16121,5.61981377661516e-09,1.88852803209391e-01,1.88852814449018e-01,1.88822392155680e-01,lamp_kernel
8.735959e+01,16141,5.61047410155298e-09,1.88852797374583e-01,1.88852808595531e-01,1.88822428150317e-01,lamp_kernel
8.746690e+01,16161,5.60110392422232e-09,1.88852791560886e-01,1.88852802763094e-01,1.88822464053352e-01,lamp_kernel
8.757419e+01,16181,5.59166970058160e-09,1.88852785768186e-01,1.88852796951525e-01,1.88822499865135e-01,lamp_kernel
8.768149e+01,16201,5.58222520692346e-09,1.88852779996365e-01,1.88852791160815e-01,1.88822535586014e-01,lamp_kernel
8.778878e+01,16221,5.57288994398834e-09,1.88852774245377e-01,1.88852785391157e-01,1.88822571216335e-01,lamp_kernel
8.789607e+01,16241,5.56359971413500e-09,1.88852768515075e-01,1.88852779642274e-01,1.88822606756443e-01,lamp_kernel
8.800342e+01,16261,5.55425292894506e-09,1.88852762805381e-01,1.88852773913887e-01,1.88822642206680e-01,lamp_kernel
8.811073e+01,16281,5.54490062771686e-09,1.88852757116199e-01,1.88852768206001e-01,1.88822677567387e-01,lamp_kernel
8.821804e+01,16301,5.53554304788510e-09,1.88852751447426e-01,1.88852762518512e-01,1.88822712838904e-01,lamp_kernel
8.832533e+01,16321,5.52636661568698e-09,1.88852745798968e-01,1.88852756851701e-01,1.88822748021569e-01,lamp_kernel
8.843265e+01,16341,5.51741615226611e-09,1.88852740170727e-01,1.88852751205559e-01,1.88822783115717e-01,lamp_kernel
8.853996e+01,16361,5.50840069152730e-09,1.88852734562616e-01,1.88852745579417e-01,1.88822818121682e-01,lamp_kernel
8.864728e+01,16381,5.49936517203880e-09,1.88852728974552e-01,1.88852739973283e-01,1.88822853039797e-01,lamp_kernel
8.875460e+01,16401,5.49114806682574e-09,1.88852723406418e-01,1.88852734388714e-01,1.88822887870392e-01,lamp_kernel
8.886191e+01,16421,5.48303601118681e-09,1.88852717858104e-01,1.88852728824176e-01,1.88822922613798e-01,lamp_kernel
8.896920e+01,16441,5.47494528688307e-09,1.88852712329569e-01,1.88852723279460e-01,1.88822957270342e-01,lamp_kernel
8.907652e+01,16461,5.46713213347563e-09,1.88852706820665e-01,1.88852717754929e-01,1.88822991840349e-01,lamp_kernel
8.918383e+01,16481,5.45934508335855e-09,1.88852701331339e-01,1.88852712250029e-01,1.88823026324144e-01,lamp_kernel
8.929115e+01,16501,5.45149078752604e-09,1.88852695861512e-01,1.88852706764493e-01,1.88823060722049e-01,lamp_kernel
8.939847e+01,16521,5.44358468101443e-09,1.88852690411026e-01,1.88852701298196e-01,1.88823095034387e-01,lamp_kernel
8.950577e+01,16541,5.43559918552901e-09,1.88852684979845e-01,1.88852695851043e-01,1.88823129261475e-01,lamp_kernel
8.961308e+01,16561,5.42754526704575e-09,1.88852679567887e-01,1.88852690422978e-01,1.88823163403633e-01,lamp_kernel
8.972042e+01,16581,5.41943489884896e-09,1.88852674175039e-01,1.88852685013909e-01,1.88823197461176e-01,lamp_kernel
8.982774e+01,16601,5.41133127426273e-09,1.88852668801222e-01,1.88852679623885e-01,1.88823231434420e-01,lamp_kernel
8.993505e+01,16621,5.40335346948806e-09,1.88852663446314e-01,1.88852674253021e-01,1.88823265323677e-01,lamp_kernel
9.004239e+01,16641,5.39581151229156e-09,1.88852658110284e-01,1.88852668901907e-01,1.88823299129260e-01,lamp_kernel
9.014969e+01,16661,5.38819437672396e-09,1.88852652793019e-01,1.88852663569408e-01,1.88823332851477e-01,lamp_kernel
9.025702e+01,16681,5.38050865077347e-09,1.88852647494426e-01,1.88852658255443e-01,1.88823366490639e-01,lamp_kernel
9.036433e+01,16701,5.37275604247290e-09,1.88852642214442e-01,1.88852652959954e-01,1.88823400047052e-01,lamp_kernel
9.047162e+01,16721,5.36495990620832e-09,1.88852636952950e-01,1.88852647682869e-01,1.88823433521022e-01,lamp_kernel
9.057893e+01,16741,5.35725763572871e-09,1.88852631709859e-01,1.88852642424374e-01,1.88823466912852e-01,lamp_kernel
9.068623e+01,16761,5.34949230779286e-09,1.88852626485115e-01,1.88852637184100e-01,1.88823500222846e-01,lamp_kernel
9.079354e+01,16781,5.34219899002004e-09,1.88852621278622e-01,1.88852631963020e-01,1.88823533451305e-01,lamp_kernel
9.090086e+01,16801,5.33500694644643e-09,1.88852616090311e-01,1.88852626760325e-01,1.88823566598528e-01,lamp_kernel
9.100817e+01,16821,5.32780278526118e-09,1.88852610920086e-01,1.88852621575692e-01,1.88823599664813e-01,lamp_kernel
9.111547e+01,16841,5.32056943883858e-09,1.88852605767869e-01,1.88852616409008e-01,1.88823632650457e-01,lamp_kernel
9.122276e+01,16861,5.31354905424716e-09,1.88852600633552e-01,1.88852611260650e-01,1.88823665555756e-01,lamp_kernel
9.133006e+01,16881,5.30667516786723e-09,1.88852595517086e-01,1.88852606130437e-01,1.88823698381003e-01,lamp_kernel
9.143736e+01,16901,5.29974142183436e-09,1.88852590418364e-01,1.88852601017847e-01,1.88823731126490e-01,lamp_kernel
9.154465e+01,16921,5.29270425315434e-09,1.88852585337342e-01,1.88852595922750e-01,1.88823763792510e-01,lamp_kernel
9.165196e+01,16941,5.28559484189104e-09,1.88852580273884e-01,1.88852590845073e-01,1.88823796379350e-01,lamp_kernel
9.175926e+01,16961,5.27842731364730e-09,1.88852575227961e-01,1.88852585784816e-01,1.88823828887300e-01,lamp_kernel
9.186655e+01,16981,5.27121407937573e-09,1.88852570199495e-01,1.88852580741924e-01,1.88823861316646e-01,lamp_kernel
9.197387e+01,17001,5.26401449414432e-09,1.88852565188360e-01,1.88852575716389e-01,1.88823893667674e-01,lamp_kernel
9.208118e+01,17021,5.25675534869459e-09,1.88852560194508e-01,1.88852570708018e-01,1.88823925940668e-01,lamp_kernel
9.218848e+01,17041,5.24946120855046e-09,1.88852555217858e-01,1.88852565716781e-01,1.88823958135910e-01,lamp_kernel
9.229580e+01,17061,5.24208060035521e-09,1.88852550258341e-01,1.88852560742502e-01,1.88823990253681e-01,lamp_kernel
9.240309e+01,17081,5.23483519444644e-09,1.88852545315863e-01,1.88852555785534e-01,1.88824022294262e-01,lamp_kernel
9.251040e+01,17101,5.22756152349889e-09,1.88852540390342e-01,1.88852550845465e-01,1.88824054257931e-01,lamp_kernel
9.261771e+01,17121,5.22042359707346e-09,1.88852535481734e-01,1.88852545922581e-01,1.88824086144965e-01,lamp_kernel
9.272503e+01,17141,5.21344239939551e-09,1.88852530589956e-01,1.88852541016841e-01,1.88824117955641e-01,lamp_kernel
9.283232e+01,17161,5.20645046754520e-09,1.88852525714900e-01,1.88852536127801e-01,1.88824149690232e-01,lamp_kernel
9.293964e+01,17181,5.19944138212820e-09,1.88852520856512e-01,1.88852531255395e-01,1.88824181349012e-01,lamp_kernel
9.304692e+01,17201,5.19236475679351e-09,1.88852516014706e-01,1.88852526399436e-01,1.88824212932254e-01,lamp_kernel
9.315421e+01,17221,5.18522704696806e-09,1.88852511189429e-01,1.88852521559883e-01,1.88824244440227e-01,lamp_kernel
9.326151e+01,17241,5.17799850388941e-09,1.88852506380606e-01,1.88852516736603e-01,1.88824275873202e-01,lamp_kernel
9.336882e+01,17261,5.17070059608534e-09,1.88852501588152e-01,1.88852511929553e-01,1.88824307231445e-01,lamp_kernel
9.347612e+01,17281,5.16331712080366e-09,1.88852496811955e-01,1.88852507138589e-01,1.88824338492724e-01,lamp_kernel
9.358342e+01,17301,5.15584969985016e-09,1.88852492052029e-01,1.88852502363729e-01,1.88824369661263e-01,lamp_kernel
9.369074e+01,17321,5.14837050765234e-09,1.88852487308232e-01,1.88852497604973e-01,1.88824400756028e-01,lamp_kernel
9.379806e+01,17341,5.14084053316351e-09,1.88852482580532e-01,1.88852492862213e-01,1.88824431777283e-01,lamp_kernel
9.390535e+01,17361,5.13325993002207e-09,1.88852477868835e-01,1.88852488135355e-01,1.88824462725288e-01,lamp_kernel
9.401265e+01,17381,5.12563343971330e-09,1.88852473173077e-01,1.88852483424344e-01,1.88824493600302e-01,lamp_kernel
9.411994e+01,17401,5.11794552038734e-09,1.88852468493182e-01,1.88852478729073e-01,1.88824524402584e-01,lamp_kernel
9.422725e+01,17421,5.11019241132149e-09,1.88852463829092e-01,1.88852474049477e-01,1.88824555132392e-01,lamp_kernel
9.433456e+01,17441,5.10242907422091e-09,1.88852459180731e-01,1.88852469385589e-01,1.88824585789980e-01,lamp_kernel
9.444186e+01,17461,5.09460351954131e-09,1.88852454548011e-01,1.88852464737218e-01,1.88824616375605e-01,lamp_kernel
9.454915e+01,17481,5.08674722071871e-09,1.88852449930897e-01,1.88852460104392e-01,1.88824646889519e-01,lamp_kernel
9.465644e+01,17501,5.07884347577022e-09,1.88852445329298e-01,1.88852455486985e-01,1.88824677331975e-01,lamp_kernel
9.476374e+01,17521,5.07090124621505e-09,1.88852440743160e-01,1.88852450884962e-01,1.88824707703224e-01,lamp_kernel
9.487103e+01,17541,5.06293851577881e-09,1.88852436172406e-01,1.88852446298283e-01,1.88824738003516e-01,lamp_kernel
9.497832e+01,17561,5.05493771241205e-09,1.88852431616950e-01,1.88852441726826e-01,1.88824768233101e-01,lamp_kernel
9.508562e+01,17581,5.04688071819390e-09,1.88852427076750e-01,1.88852437170511e-01,1.88824798392225e-01,lamp_kernel
9.519292e+01,17601,5.03877373609062e-09,1.88852422551744e-01,1.88852432629292e-01,1.88824828481135e-01,lamp_kernel
9.530023e+01,17621,5.03061396277089e-09,1.88852418041836e-01,1.88852428103063e-01,1.88824858500077e-01,lamp_kernel
9.540753e+01,17641,5.02249026451705e-09,1.88852413546975e-01,1.88852423591955e-01,1.88824888449294e-01,lamp_kernel
9.551482e+01,17661,5.01432788513682e-09,1.88852409067124e-01,1.88852419095780e-01,1.88824918329031e-01,lamp_kernel
9.562213e+01,17681,5.00635630368323e-09,1.88852404602175e-01,1.88852414614887e-01,1.88824948139528e-01,lamp_kernel
9.572944e+01,17701,4.99861550429914e-09,1.88852400152102e-01,1.88852410149333e-01,1.88824977881028e-01,lamp_kernel
9.583674e+01,17721,4.99166887198383e-09,1.88852395716795e-01,1.88852405700133e-01,1.88825007553768e-01,lamp_kernel
9.594405e+01,17741,4.98465968009899e-09,1.88852391296229e-01,1.88852401265548e-01,1.88825037157989e-01,lamp_kernel
9.605135e+01,17761,4.97772893088132e-09,1.88852386890320e-01,1.88852396845778e-01,1.88825066693927e-01,lamp_kernel
9.615864e+01,17781,4.97081423239130e-09,1.88852382498991e-01,1.88852392440619e-01,1.88825096161820e-01,lamp_kernel
9.626593e+01,17801,4.96389475937923e-09,1.88852378122208e-01,1.88852388049997e-01,1.88825125561901e-01,lamp_kernel
9.637324e+01,17821,4.95700921219717e-09,1.88852373759895e-01,1.88852383673914e-01,1.88825154894407e-01,lamp_kernel
9.648056e+01,17841,4.95013648744610e-09,1.88852369411996e-01,1.88852379312269e-01,1.88825184159568e-01,lamp_kernel
9.658788e+01,17861,4.94320901003121e-09,1.88852365078423e-01,1.88852374964841e-01,1.88825213357619e-01,lamp_kernel
9.669519e+01,17881,4.93622750647680e-09,1.88852360759155e-01,1.88852370631610e-01,1.88825242488789e-01,lamp_kernel
9.680252e+01,17901,4.92923398436972e-09,1.88852356454101e-01,1.88852366312569e-01,1.88825271553309e-01,lamp_kernel
9.690983e+01,17921,4.92221971204034e-09,1.88852352163226e-01,1.88852362007665e-01,1.88825300551408e-01,lamp_kernel
9.701716e+01,17941,4.91516253750213e-09,1.88852347886423e-01,1.88852357716748e-01,1.88825329483313e-01,lamp_kernel
9.712448e+01,17961,4.90804277037983e-09,1.88852343623689e-01,1.88852353439774e-01,1.88825358349252e-01,lamp_kernel
9.723179e+01,17981,4.90085565117234e-09,1.88852339374926e-01,1.88852349176637e-01,1.88825387050784e-01,lamp_kernel
9.733912e+01,18001,4.89366111495622e-09,1.88852335140070e-01,1.88852344927393e-01,1.88825415580025e-01,lamp_kernel
9.744645e+01,18021,4.88642289989875e-09,1.88852330919081e-01,1.88852340691926e-01,1.88825444044767e-01,lamp_kernel
9.755378e+01,18041,4.87910555048181e-09,1.88852326711904e-01,1.88852336470115e-01,1.88825472445230e-01,lamp_kernel
9.766111e+01,18061,4.87174088921129e-09,1.88852322518452e-01,1.88852332261934e-01,1.88825500781634e-01,lamp_kernel
9.776845e+01,18081,4.86444982359517e-09,1.88852318338686e-01,1.88852328067586e-01,1.88825529054196e-01,lamp_kernel
9.787578e+01,18101,4.85711240585336e-09,1.88852314172579e-01,1.88852323886804e-01,1.88825557263131e-01,lamp_kernel
9.798314e+01,18121,4.84981273701294e-09,1.88852310020004e-01,1.88852319719629e-01,1.88825585408658e-01,lamp_kernel
9.809049e+01,18141,4.84253449496033e-09,1.88852305880931e-01,1.88852315566000e-01,1.88825613490989e-01,lamp_kernel
9.819783e+01,18161,4.83522792413632e-09,1.88852301755338e-01,1.88852311425793e-01,1.88825641510339e-01,lamp_kernel
9.830517e+01,18181,4.82785301283024e-09,1.88852297643133e-01,1.88852307298839e-01,1.88825669466921e-01,lamp_kernel
9.841252e+01,18201,4.82042379583665e-09,1.88852293544255e-01,1.88852303185102e-01,1.88825697360946e-01,lamp_kernel
9.851987e+01,18221,4.81296254510946e-09,1.88852289458658e-01,1.88852299084584e-01,1.88825725192626e-01,lamp_kernel
9.862721e+01,18241,4.80543973643776e-09,1.88852285386312e-01,1.88852294997192e-01,1.88825752962170e-01,lamp_kernel
9.873455e+01,18261,4.79792314911738e-09,1.88852281327112e-01,1.88852290922958e-01,1.88825780669787e-01,lamp_kernel
9.884189e+01,18281,4.79043442154526e-09,1.88852277281040e-01,1.88852286861909e-01,1.88825808315686e-01,lamp_kernel
9.894922e+01,18301,4.78310979380774e-09,1.88852273248007e-01,1.88852282814226e-01,1.88825835900073e-01,lamp_kernel
9.905656e+01,18321,4.77613755527741e-09,1.88852269227984e-01,1.88852278780259e-01,1.88825863423155e-01,lamp_kernel
9.916391e+01,18341,4.76979152964637e-09,1.88852265220918e-01,1.88852274760501e-01,1.88825890885137e-01,lamp_kernel
9.927125e+01,18361,4.76356119367384e-09,1.88852261226751e-01,1.88852270753873e-01,1.88825918286224e-01,lamp_kernel
9.937858e+01,18381,4.75733714078332e-09,1.88852257245438e-01,1.88852266760113e-01,1.88825945626618e-01,lamp_kernel
9.948592e+01,18401,4.75112561801689e-09,1.88852253276896e-01,1.88852262779147e-01,1.88825972906523e-01,lamp_kernel
9.959326e+01,18421,4.74484666266863e-09,1.88852249321087e-01,1.88852258810780e-01,1.88826000126139e-01,lamp_kernel
9.970058e+01,18441,4.73847646418014e-09,1.88852245377940e-01,1.88852254854893e-01,1.88826027285669e-01,lamp_kernel
9.980791e+01,18461,4.73205717216123e-09,1.88852241447450e-01,1.88852250911564e-01,1.88826054385311e-01,lamp_kernel
9.991524e+01,18481,4.72560252005616e-09,1.88852237529510e-01,1.88852246980715e-01,1.88826081425264e-01,lamp_kernel
1.000226e+02,18501,4.71911063955189e-09,1.88852233624116e-01,1.88852243062338e-01,1.88826108405727e-01,lamp_kernel
1.001299e+02,18521,4.71271818107225e-09,1.88852229731193e-01,1.88852239156629e-01,1.88826135326897e-01,lamp_kernel
1.002373e+02,18541,4.70631620675334e-09,1.88852225850671e-01,1.88852235263304e-01,1.88826162188970e-01,lamp_kernel
1.003446e+02,18561,4.69985822851663e-09,1.88852221982526e-01,1.88852231382243e-01,1.88826188992141e-01,lamp_kernel
1.004519e+02,18581,4.69333700608716e-09,1.88852218126691e-01,1.88852227513365e-01,1.88826215736606e-01,lamp_kernel
1.005593e+02,18601,4.68677723035643e-09,1.88852214283143e-01,1.88852223656697e-01,1.88826242422557e-01,lamp_kernel
1.006666e+02,18621,4.68020897135666e-09,1.88852210451798e-01,1.88852219812216e-01,1.88826269050188e-01,lamp_kernel
1.007739e+02,18641,4.67358855738564e-09,1.88852206632597e-01,1.88852215979775e-01,1.88826295619691e-01,lamp_kernel
1.008812e+02,18661,4.66690831790657e-09,1.88852202825530e-01,1.88852212159347e-01,1.88826322131256e-01,lamp_kernel
1.009885e+02,18681,4.66027092547790e-09,1.88852199030522e-01,1.88852208351064e-01,1.88826348585075e-01,lamp_kernel
1.010959e+02,18701,4.65364254917815e-09,1.88852195247525e-01,1.88852204554811e-01,1.88826374981336e-01,lamp_kernel
1.012032e+02,18721,4.64703899004813e-09,1.88852191476496e-01,1.88852200770574e-01,1.88826401320228e-01,lamp_kernel
1.013105e+02,18741,4.64038502692834e-09,1.88852187717385e-01,1.88852196998155e-01,1.88826427601940e-01,lamp_kernel
1.014178e+02,18761,4.63373557108996e-09,1.88852183970122e-01,1.88852193237593e-01,1.88826453826657e-01,lamp_kernel
1.015251e+02,18781,4.62701650748365e-09,1.88852180234697e-01,1.88852189488731e-01,1.88826479994567e-01,lamp_kernel
1.016325e+02,18801,4.62027872846718e-09,1.88852176511038e-01,1.88852185751595e-01,1.88826506105854e-01,lamp_kernel
1.017398e+02,18821,4.61349348456094e-09,1.88852172799092e-01,1.88852182026079e-01,1.88826532160704e-01,lamp_kernel
1.018471e+02,18841,4.60667146138177e-09,1.88852169098832e-01,1.88852178312175e-01,1.88826558159300e-01,lamp_kernel
1.019544e+02,18861,4.59982490958931e-09,1.88852165410197e-01,1.88852174609847e-01,1.88826584101824e-01,lamp_kernel
1.020617e+02,18881,4.59292710365950e-09,1.88852161733136e-01,1.88852170918990e-01,1.88826609988460e-01,lamp_kernel
1.021691e+02,18901,4.58600767230533e-09,1.88852158067600e-01,1.88852167239616e-01,1.88826635819388e-01,lamp_kernel
1.022764e+02,18921,4.57904357384508e-09,1.88852154413564e-01,1.88852163571651e-01,1.88826661594788e-01,lamp_kernel
1.023837e+02,18941,4.57204590579202e-09,1.88852150770961e-01,1.88852159915053e-01,1.88826687314842e-01,lamp_kernel
1.024910e+02,18961,4.56500013195621e-09,1.88852147139739e-01,1.88852156269740e-01,1.88826712979727e-01,lamp_kernel
1.025984e+02,18981,4.55788767240157e-09,1.88852143519860e-01,1.88852152635636e-01,1.88826738589623e-01,lamp_kernel
1.027057e+02,19001,4.55071168514551e-09,1.88852139911299e-01,1.88852149012722e-01,1.88826764144706e-01,lamp_kernel
1.028130e+02,19021,4.54350472665729e-09,1.88852136313997e-01,1.88852145401006e-01,1.88826789645153e-01,lamp_kernel
1.029204e+02,19041,4.53627807161986e-09,1.88852132727908e-01,1.88852141800464e-01,1.88826815091140e-01,lamp_kernel
1.030277e+02,19061,4.52906456049931e-09,1.88852129152952e-01,1.88852138211081e-01,1.88826840482843e-01,lamp_kernel
1.031350e+02,19081,4.52184935729132e-09,1.88852125589113e-01,1.88852134632812e-01,1.88826865820435e-01,lamp_kernel
1.032423e+02,19101,4.51457650070748e-09,1.88852122036365e-01,1.88852131065518e-01,1.88826891104090e-01,lamp_kernel
1.033496e+02,19121,4.50732113621193e-09,1.88852118494649e-01,1.88852127509291e-01,1.88826916333982e-01,lamp_kernel
1.034569e+02,19141,4.49999822900674e-09,1.88852114963916e-01,1.88852123963913e-01,1.88826941510282e-01,lamp_kernel
1.035643e+02,19161,4.49267190816077e-09,1.88852111444135e-01,1.88852120429479e-01,1.88826966633163e-01,lamp_kernel
1.036716e+02,19181,4.48526961172264e-09,1.88852107935238e-01,1.88852116905777e-01,1.88826991702793e-01,lamp_kernel
1.037789e+02,19201,4.47783736392010e-09,1.88852104437181e-01,1.88852113392856e-01,1.88827016719345e-01,lamp_kernel
1.038862e+02,19221,4.47036946406946e-09,1.88852100949966e-01,1.88852109890705e-01,1.88827041682986e-01,lamp_kernel
1.039935e+02,19241,4.46292433568908e-09,1.88852097473490e-01,1.88852106399339e-01,1.88827066593886e-01,lamp_kernel
1.041008e+02,19261,4.45548322183482e-09,1.88852094007757e-01,1.88852102918723e-01,1.88827091452212e-01,lamp_kernel
1.042082e+02,19281,4.44801015429077e-09,1.88852090552699e-01,1.88852099448720e-01,1.88827116258131e-01,lamp_kernel
1.043155e+02,19301,4.44051593193341e-09,1.88852087108271e-01,1.88852095989303e-01,1.88827141011809e-01,lamp_kernel
1.044228e+02,19321,4.43295767715198e-09,1.88852083674453e-01,1.88852092540368e-01,1.88827165713414e-01,lamp_kernel
1.045301e+02,19341,4.42536816762217e-09,1.88852080251195e-01,1.88852089101932e-01,1.88827190363108e-01,lamp_kernel
1.046374e+02,19361,4.41774234525470e-09,1.88852076838441e-01,1.88852085673925e-01,1.88827214961057e-01,lamp_kernel
1.047447e+02,19381,4.41019485384827e-09,1.88852073436170e-01,1.88852082256560e-01,1.88827239507424e-01,lamp_kernel
1.048520e+02,19401,4.40263424074055e-09,1.88852070044334e-01,1.88852078849602e-01,1.88827264002372e-01,lamp_kernel
1.049594e+02,19421,4.39505661924301e-09,1.88852066662865e-01,1.88852075452979e-01,1.88827288446063e-01,lamp_kernel
1.050667e+02,19441,4.38743274533391e-09,1.88852063291759e-01,1.88852072066625e-01,1.88827312838659e-01,lamp_kernel
1.051740e+02,19461,4.37984236890187e-09,1.88852059930973e-01,1.88852068690658e-01,1.88827337180321e-01,lamp_kernel
1.052813e+02,19481,4.37220395283402e-09,1.88852056580425e-01,1.88852065324833e-01,1.88827361471208e-01,lamp_kernel
1.053886e+02,19501,4.36453986260272e-09,1.88852053240129e-01,1.88852061969208e-01,1.88827385711481e-01,lamp_kernel
1.054959e+02,19521,4.35684082452162e-09,1.88852049910007e-01,1.88852058623689e-01,1.88827409901297e-01,lamp_kernel
1.056033e+02,19541,4.34916620746180e-09,1.88852046590028e-01,1.88852055288360e-01,1.88827434040815e-01,lamp_kernel
1.057106e+02,19561,4.34145690084740e-09,1.88852043280158e-01,1.88852051963072e-01,1.88827458130193e-01,lamp_kernel
1.058179e+02,19581,4.33371663447469e-09,1.88852039980357e-01,1.88852048647790e-01,1.88827482169588e-01,lamp_kernel
1.059252e+02,19601,4.32594800636147e-09,1.88852036690606e-01,1.88852045342502e-01,1.88827506159154e-01,lamp_kernel
1.060326e+02,19621,4.31814210924296e-09,1.88852033410801e-01,1.88852042047085e-01,1.88827530099049e-01,lamp_kernel
1.061399e+02,19641,4.31032706740965e-09,1.88852030140982e-01,1.88852038761636e-01,1.88827553989427e-01,lamp_kernel
1.062479e+02,19661,4.30286405399980e-09,1.88852026881080e-01,1.88852035486808e-01,1.88827577830441e-01,lamp_kernel
1.063552e+02,19681,4.29549782464023e-09,1.88852023631031e-01,1.88852032222027e-01,1.88827601622247e-01,lamp_kernel
1.064626e+02,19701,4.28813909497355e-09,1.88852020390814e-01,1.88852028967092e-01,1.88827625364995e-01,lamp_kernel
1.065699e+02,19721,4.28079601278052e-09,1.88852017160425e-01,1.88852025722017e-01,1.88827649058840e-01,lamp_kernel
1.066773e+02,19741,4.27360766105467e-09,1.88852013939775e-01,1.88852022486991e-01,1.88827672703932e-01,lamp_kernel
1.067846e+02,19761,4.26640787767434e-09,1.88852010728818e-01,1.88852019261634e-01,1.88827696300422e-01,lamp_kernel
1.068919e+02,19781,4.25927080194132e-09,1.88852007527569e-01,1.88852016046110e-01,1.88827719848461e-01,lamp_kernel
1.069993e+02,19801,4.25230643270056e-09,1.88852004335979e-01,1.88852012840592e-01,1.88827743348199e-01,lamp_kernel
1.071067e+02,19821,4.24554564070998e-09,1.88852001153979e-01,1.88852009645070e-01,1.88827766799784e-01,lamp_kernel
1.072140e+02,19841,4.23895073218635e-09,1.88851997981594e-01,1.88852006459496e-01,1.88827790203366e-01,lamp_kernel
1.073213e+02,19861,4.23247034487570e-09,1.88851994818687e-01,1.88852003283627e-01,1.88827813559091e-01,lamp_kernel
1.074287e+02,19881,4.22609307020699e-09,1.88851991665315e-01,1.88852000117501e-01,1.88827836867109e-01,lamp_kernel
1.075360e+02,19901,4.21978832155170e-09,1.88851988521380e-01,1.88851996960957e-01,1.88827860127564e-01,lamp_kernel
1.076434e+02,19921,4.21360802634144e-09,1.88851985386894e-01,1.88851993814110e-01,1.88827883340603e-01,lamp_kernel
1.077507e+02,19941,4.20742706362616e-09,1.88851982261770e-01,1.88851990676625e-01,1.88827906506372e-01,lamp_kernel
1.078581e+02,19961,4.20141386217594e-09,1.88851979146041e-01,1.88851987548869e-01,1.88827929625016e-01,lamp_kernel
1.079654e+02,19981,4.19540365764965e-09,1.88851976039598e-01,1.88851984430405e-01,1.88827952696678e-01,lamp_kernel
1.080728e+02,20001,4.18934125037817e-09,1.88851972942426e-01,1.88851981321109e-01,1.88827975721503e-01,lamp_kernel
1.081802e+02,20021,4.18328060333434e-09,1.88851969854538e-01,1.88851978221099e-01,1.88827998699634e-01,lamp_kernel
1.082875e+02,20041,4.17719706503462e-09,1.88851966775843e-01,1.88851975130238e-01,1.88828021631213e-01,lamp_kernel
1.083949e+02,20061,4.17113706480191e-09,1.88851963706347e-01,1.88851972048621e-01,1.88828044516381e-01,lamp_kernel
1.085022e+02,20081,4.16508736552169e-09,1.88851960645972e-01,1.88851968976146e-01,1.88828067355281e-01,lamp_kernel
1.086096e+02,20101,4.15903399356351e-09,1.88851957594711e-01,1.88851965912779e-01,1.88828090148054e-01,lamp_kernel
1.087170e+02,20121,4.15299506864338e-09,1.88851954552517e-01,1.88851962858507e-01,1.88828112894839e-01,lamp_kernel
1.088243e+02,20141,4.14697677157999e-09,1.88851951519383e-01,1.88851959813336e-01,1.88828135595775e-01,lamp_kernel
1.089316e+02,20161,4.14101912415081e-09,1.88851948495217e-01,1.88851956777255e-01,1.88828158251003e-01,lamp_kernel
1.090390e+02,20181,4.13503202499189e-09,1.88851945480059e-01,1.88851953750123e-01,1.88828180860660e-01,lamp_kernel
1.091463e+02,20201,4.12898727674263e-09,1.88851942473827e-01,1.88851950731801e-01,1.88828203424885e-01,lamp_kernel
1.092537e+02,20221,4.12303598847068e-09,1.88851939476485e-01,1.88851947722557e-01,1.88828225943815e-01,lamp_kernel
1.093610e+02,20241,4.11709217199075e-09,1.88851936488038e-01,1.88851944722223e-01,1.88828248417586e-01,lamp_kernel
1.094684e+02,20261,4.11111712256328e-09,1.88851933508404e-01,1.88851941730638e-01,1.88828270846336e-01,lamp_kernel
1.095757e+02,20281,4.10510840151711e-09,1.88851930537583e-01,1.88851938747799e-01,1.88828293230199e-01,lamp_kernel
1.096830e+02,20301,4.09906198807954e-09,1.88851927575527e-01,1.88851935773651e-01,1.88828315569310e-01,lamp_kernel
1.097904e+02,20321,4.09300008055325e-09,1.88851924622225e-01,1.88851932808226e-01,1.88828337863805e-01,lamp_kernel
1.098977e+02,20341,4.08693188330276e-09,1.88851921677610e-01,1.88851929851474e-01,1.88828360113818e-01,lamp_kernel
1.100051e+02,20361,4.08117571577739e-09,1.88851918741683e-01,1.88851926904035e-01,1.88828382319481e-01,lamp_kernel
1.101124e+02,20381,4.07546438247536e-09,1.88851915814379e-01,1.88851923965308e-01,1.88828404480928e-01,lamp_kernel
1.102197e+02,20401,4.06972118432305e-09,1.88851912895683e-01,1.88851921035126e-01,1.88828426598292e-01,lamp_kernel
1.103271e+02,20421,4.06427037361786e-09,1.88851909985589e-01,1.88851918114130e-01,1.88828448671704e-01,lamp_kernel
1.104344e+02,20441,4.05897718517795e-09,1.88851907084027e-01,1.88851915201981e-01,1.88828470701296e-01,lamp_kernel
1.105418e+02,20461,4.05378506026021e-09,1.88851904190961e-01,1.88851912298531e-01,1.88828492687198e-01,lamp_kernel
1.106491e+02,20481,4.04867389794432e-09,1.88851901306385e-01,1.88851909403732e-01,1.88828514629541e-01,lamp_kernel
1.107565e+02,20501,4.04354533103511e-09,1.88851898430235e-01,1.88851906517326e-01,1.88828536528454e-01,lamp_kernel
1.108638e+02,20521,4.03837691018320e-09,1.88851895562536e-01,1.88851903639289e-01,1.88828558384068e-01,lamp_kernel
1.109712e+02,20541,4.03320678728193e-09,1.88851892703216e-01,1.88851900769630e-01,1.88828580196510e-01,lamp_kernel
1.110785e+02,20561,4.02801202001706e-09,1.88851889852234e-01,1.88851897908258e-01,1.88828601965910e-01,lamp_kernel
1.111859e+02,20581,4.02277176296077e-09,1.88851887009592e-01,1.88851895055136e-01,1.88828623692393e-01,lamp_kernel
1.112932e+02,20601,4.01750137710364e-09,1.88851884175254e-01,1.88851892210257e-01,1.88828645376089e-01,lamp_kernel
1.114006e+02,20621,4.01218884605309e-09,1.88851881349168e-01,1.88851889373546e-01,1.88828667017124e-01,lamp_kernel
1.115079e+02,20641,4.00685546126308e-09,1.88851878531320e-01,1.88851886545031e-01,1.88828688615623e-01,lamp_kernel
1.116153e+02,20661,4.00146450032461e-09,1.88851875721656e-01,1.88851883724585e-01,1.88828710171714e-01,lamp_kernel
1.117226e+02,20681,3.99604065363049e-09,1.88851872920190e-01,1.88851880912271e-01,1.88828731685519e-01,lamp_kernel
1.118300e+02,20701,3.99060317376280e-09,1.88851870126864e-01,1.88851878108070e-01,1.88828753157166e-01,lamp_kernel
1.119373e+02,20721,3.98529996422764e-09,1.88851867341635e-01,1.88851875312235e-01,1.88828774586777e-01,lamp_kernel
1.120447e+02,20741,3.97997109102444e-09,1.88851864564496e-01,1.88851872524438e-01,1.88828795974477e-01,lamp_kernel
1.121520e+02,20761,3.97458901769086e-09,1.88851861795412e-01,1.88851869744590e-01,1.88828817320388e-01,lamp_kernel
1.122594e+02,20781,3.96917552678558e-09,1.88851859034347e-01,1.88851866972698e-01,1.88828838624634e-01,lamp_kernel
1.123667e+02,20801,3.96371605889710e-09,1.88851856281271e-01,1.88851864208704e-01,1.88828859887337e-01,lamp_kernel
1.124741e+02,20821,3.95833018891202e-09,1.88851853536183e-01,1.88851861452843e-01,1.88828881108618e-01,lamp_kernel
1.125814e+02,20841,3.95295459932366e-09,1.88851850799018e-01,1.88851858704927e-01,1.88828902288599e-01,lamp_kernel
1.126887e+02,20861,3.94760443043755e-09,1.88851848069759e-01,1.88851855964968e-01,1.88828923427401e-01,lamp_kernel
1.127960e+02,20881,3.94226735070367e-09,1.88851845348383e-01,1.88851853232918e-01,1.88828944525144e-01,lamp_kernel
1.129034e+02,20901,3.93690524483711e-09,1.88851842634864e-01,1.88851850508674e-01,1.88828965573674e-01,lamp_kernel
1.130107e+02,20921,3.93149026046071e-09,1.88851839929151e-01,1.88851847792132e-01,1.88828986378848e-01,lamp_kernel
1.131180e+02,20941,3.92603371389785e-09,1.88851837231251e-01,1.88851845083318e-01,1.88829007144097e-01,lamp_kernel
1.132253e+02,20961,3.92055307158212e-09,1.88851834541090e-01,1.88851842382196e-01,1.88829027869535e-01,lamp_kernel
1.133327e+02,20981,3.91506063829653e-09,1.88851831858686e-01,1.88851839688807e-01,1.88829048555278e-01,lamp_kernel
1.134400e+02,21001,3.90958200216628e-09,1.88851829183994e-01,1.88851837003158e-01,1.88829069201440e-01,lamp_kernel
1.135473e+02,21021,3.90408915867438e-09,1.88851826516979e-01,1.88851834325158e-01,1.88829089808137e-01,lamp_kernel
1.136547e+02,21041,3.89856635395027e-09,1.88851823857592e-01,1.88851831654724e-01,1.88829110375482e-01,lamp_kernel
1.137620e+02,21061,3.89301732151296e-09,1.88851821205855e-01,1.88851828991889e-01,1.88829130903587e-01,lamp_kernel
1.138693e+02,21081,3.88740662169547e-09,1.88851818561727e-01,1.88851826336541e-01,1.88829151392568e-01,lamp_kernel
1.139766e+02,21101,3.88178950515781e-09,1.88851815925150e-01,1.88851823688729e-01,1.88829171842535e-01,lamp_kernel
1.140840e+02,21121,3.87612427099226e-09,1.88851813296124e-01,1.88851821048373e-01,1.88829192253601e-01,lamp_kernel
1.141913e+02,21141,3.87042960805805e-09,1.88851810674611e-01,1.88851818415470e-01,1.88829212625879e-01,lamp_kernel
1.142986e+02,21161,3.86468849699626e-09,1.88851808060594e-01,1.88851815789971e-01,1.88829232959478e-01,lamp_kernel
1.144060e+02,21181,3.85891576794206e-09,1.88851805454037e-01,1.88851813171868e-01,1.88829253254510e-01,lamp_kernel
1.145133e+02,21201,3.85312526328958e-09,1.88851802854921e-01,1.88851810561171e-01,1.88829273511086e-01,lamp_kernel
1.146206e+02,21221,3.84730128301027e-09,1.88851800263207e-01,1.88851807957809e-01,1.88829293729315e-01,lamp_kernel
1.147279e+02,21241,3.84148257981708e-09,1.88851797678873e-01,1.88851805361838e-01,1.88829313909307e-01,lamp_kernel
1.148352e+02,21261,3.83570693395597e-09,1.88851795101899e-01,1.88851802773313e-01,1.88829334051171e-01,lamp_kernel
1.149425e+02,21281,3.82990292788274e-09,1.88851792532265e-01,1.88851800192071e-01,1.88829354155016e-01,lamp_kernel
1.150499e+02,21301,3.82412268797923e-09,1.88851789969931e-01,1.88851797618177e-01,1.88829374220950e-01,lamp_kernel
1.151572e+02,21321,3.81832642392077e-09,1.88851787414866e-01,1.88851795051519e-01,1.88829394249080e-01,lamp_kernel
1.152645e+02,21341,3.81252495657561e-09,1.88851784867064e-01,1.88851792492114e-01,1.88829414239515e-01,lamp_kernel
1.153718e+02,21361,3.80669444789631e-09,1.88851782326483e-01,1.88851789939872e-01,1.88829434192362e-01,lamp_kernel
1.154792e+02,21381,3.80083968389692e-09,1.88851779793092e-01,1.88851787394772e-01,1.88829454107726e-01,lamp_kernel
1.155865e+02,21401,3.79494310007920e-09,1.88851777266909e-01,1.88851784856795e-01,1.88829473985715e-01,lamp_kernel
1.156938e+02,21421,3.78903545427015e-09,1.88851774747858e-01,1.88851782325929e-01,1.88829493826434e-01,lamp_kernel
1.158011e+02,21441,3.78310936984906e-09,1.88851772235937e-01,1.88851779802156e-01,1.88829513629988e-01,lamp_kernel
1.159085e+02,21461,3.77716132904605e-09,1.88851769731091e-01,1.88851777285414e-01,1.88829533396483e-01,lamp_kernel
1.160158e+02,21481,3.77133573218630e-09,1.88851767233352e-01,1.88851774776023e-01,1.88829553126023e-01,lamp_kernel
1.161231e+02,21501,3.76568895654876e-09,1.88851764742631e-01,1.88851772274008e-01,1.88829572818713e-01,lamp_kernel
1.162305e+02,21521,3.76012690048382e-09,1.88851762258952e-01,1.88851769779206e-01,1.88829592474655e-01,lamp_kernel
1.163378e+02,21541,3.75456042608940e-09,1.88851759782280e-01,1.88851767291401e-01,1.88829612093954e-01,lamp_kernel
1.164451e+02,21561,3.74899054838413e-09,1.88851757312574e-01,1.88851764810555e-01,1.88829631676713e-01,lamp_kernel
1.165525e+02,21581,3.74346278167303e-09,1.88851754849820e-01,1.88851762336745e-01,1.88829651223033e-01,lamp_kernel
1.166598e+02,21601,3.73793347266152e-09,1.88851752394013e-01,1.88851759869880e-01,1.88829670733018e-01,lamp_kernel
1.167671e+02,21621,3.73239086104817e-09,1.88851749945075e-01,1.88851757409856e-01,1.88829690206770e-01,lamp_kernel
1.168744e+02,21641,3.72680320040133e-09,1.88851747503012e-01,1.88851754956619e-01,1.88829709644389e-01,lamp_kernel
1.169818e+02,21661,3.72119308075469e-09,1.88851745067817e-01,1.88851752510204e-01,1.88829729045977e-01,lamp_kernel
1.170891e+02,21681,3.71555200377911e-09,1.88851742639464e-01,1.88851750070568e-01,1.88829748411634e-01,lamp_kernel
1.171965e+02,21701,3.70989032417682e-09,1.88851740217886e-01,1.88851747637666e-01,1.88829767741462e-01,lamp_kernel
1.173038e+02,21721,3.70420426965743e-09,1.88851737803097e-01,1.88851745211506e-01,1.88829787035559e-01,lamp_kernel
1.174111e+02,21741,3.69851125681679e-09,1.88851735395095e-01,1.88851742792117e-01,1.88829806294025e-01,lamp_kernel
1.175185e+02,21761,3.69280663246426e-09,1.88851732993815e-01,1.88851740379429e-01,1.88829825516959e-01,lamp_kernel
1.176258e+02,21781,3.68705417940005e-09,1.88851730599221e-01,1.88851737973330e-01,1.88829844704461e-01,lamp_kernel
1.177332e+02,21801,3.68127538284493e-09,1.88851728211351e-01,1.88851735573901e-01,1.88829863856629e-01,lamp_kernel
1.178405e+02,21821,3.67548246482364e-09,1.88851725830100e-01,1.88851733181065e-01,1.88829882973560e-01,lamp_kernel
1.179479e+02,21841,3.66968754052331e-09,1.88851723455534e-01,1.88851730794909e-01,1.88829902055353e-01,lamp_kernel
1.180552e+02,21861,3.66388429346480e-09,1.88851721087563e-01,1.88851728415332e-01,1.88829921102104e-01,lamp_kernel
1.181626e+02,21881,3.65811665225909e-09,1.88851718726161e-01,1.88851726042394e-01,1.88829940113912e-01,lamp_kernel
1.182699e+02,21901,3.65233683689263e-09,1.88851716371361e-01,1.88851723676035e-01,1.88829959090871e-01,lamp_kernel
1.183773e+02,21921,3.64654243386876e-09,1.88851714023132e-01,1.88851721316217e-01,1.88829978033079e-01,lamp_kernel
1.184846e+02,21941,3.64075554184159e-09,1.88851711681390e-01,1.88851718962901e-01,1.88829996940631e-01,lamp_kernel
1.185920e+02,21961,3.63493452348868e-09,1.88851709346166e-01,1.88851716616035e-01,1.88830015813624e-01,lamp_kernel
1.186994e+02,21981,3.62909694660953e-09,1.88851707017437e-01,1.88851714275631e-01,1.88830034652151e-01,lamp_kernel
1.188067e+02,22001,3.62322854978148e-09,1.88851704695143e-01,1.88851711941601e-01,1.88830053456308e-01,lamp_kernel
1.189141e+02,22021,3.61735363661319e-09,1.88851702379289e-01,1.88851709613997e-01,1.88830072226190e-01,lamp_kernel
1.190215e+02,22041,3.61144066390735e-09,1.88851700069841e-01,1.88851707292722e-01,1.88830090961890e-01,lamp_kernel
1.191288e+02,22061,3.60551850800330e-09,1.88851697766799e-01,1.88851704977836e-01,1.88830109663502e-01,lamp_kernel
1.192362e+02,22081,3.59956342763702e-09,1.88851695470143e-01,1.88851702669270e-01,1.88830128331119e-01,lamp_kernel
1.193436e+02,22101,3.59359109978328e-09,1.88851693179795e-01,1.88851700366977e-01,1.88830146964835e-01,lamp_kernel
1.194509e+02,22121,3.58758926096606e-09,1.88851690895826e-01,1.88851698071005e-01,1.88830165564743e-01,lamp_kernel
1.195583e+02,22141,3.58155540659199e-09,1.88851688618111e-01,1.88851695781222e-01,1.88830184130934e-01,lamp_kernel
1.196657e+02,22161,3.57551900146290e-09,1.88851686346684e-01,1.88851693497722e-01,1.88830202663501e-01,lamp_kernel
1.197730e+02,22181,3.56943459124089e-09,1.88851684081529e-01,1.88851691220398e-01,1.88830221162535e-01,lamp_kernel
1.198803e+02,22201,3.56335463448475e-09,1.88851681822594e-01,1.88851688949304e-01,1.88830239628127e-01,lamp_kernel
1.199877e+02,22221,3.55725642059924e-09,1.88851679569903e-01,1.88851686684415e-01,1.88830258060370e-01,lamp_kernel
1.200950e+02,22241,3.55112416669198e-09,1.88851677323410e-01,1.88851684425659e-01,1.88830276459352e-01,lamp_kernel
1.202024e+02,22261,3.54505187004532e-09,1.88851675083083e-01,1.88851682173187e-01,1.88830294825166e-01,lamp_kernel
1.203097e+02,22281,3.53904220936481e-09,1.88851672848911e-01,1.88851679926996e-01,1.88830313157900e-01,lamp_kernel
1.204170e+02,22301,3.53301876022182e-09,1.88851670620849e-01,1.88851677686887e-01,1.88830331457644e-01,lamp_kernel
1.205244e+02,22321,3.52694494742268e-09,1.88851668398911e-01,1.88851675452800e-01,1.88830349724488e-01,lamp_kernel
1.206317e+02,22341,3.52090564037773e-09,1.88851666183073e-01,1.88851673224884e-01,1.88830367958520e-01,lamp_kernel
1.207391e+02,22361,3.51481399865448e-09,1.88851663973308e-01,1.88851671002936e-01,1.88830386159830e-01,lamp_kernel
1.208465e+02,22381,3.50871902321502e-09,1.88851661769617e-01,1.88851668787055e-01,1.88830404328506e-01,lamp_kernel
1.209538e+02,22401,3.50257494866388e-09,1.88851659571891e-01,1.88851666577041e-01,1.88830422464635e-01,lamp_kernel
1.210612e+02,22421,3.49643807876636e-09,1.88851657380202e-01,1.88851664373078e-01,1.88830440568305e-01,lamp_kernel
1.211685e+02,22441,3.49027824217797e-09,1.88851655194503e-01,1.88851662175059e-01,1.88830458639605e-01,lamp_kernel
1.212759e+02,22461,3.48410146511097e-09,1.88851653014761e-01,1.88851659982963e-01,1.88830476678620e-01,lamp_kernel
1.213833e+02,22481,3.47788132023149e-09,1.88851650840978e-01,1.88851657796741e-01,1.88830494685438e-01,lamp_kernel
1.214906e+02,22501,3.47168454738656e-09,1.88851648673130e-01,1.88851655616499e-01,1.88830512660145e-01,lamp_kernel
1.215980e+02,22521,3.46546631923849e-09,1.88851646511182e-01,1.88851653442115e-01,1.88830530602827e-01,lamp_kernel
1.217054e+02,22541,3.45920815239710e-09,1.88851644355118e-01,1.88851651273534e-01,1.88830548513570e-01,lamp_kernel
1.218127e+02,22561,3.45292443614030e-09,1.88851642204916e-01,1.88851649110765e-01,1.88830566392459e-01,lamp_kernel
1.219201e+02,22581,3.44664220249772e-09,1.88851640060566e-01,1.88851646953850e-01,1.88830584239580e-01,lamp_kernel
1.220274e+02,22601,3.44034739415861e-09,1.88851637922015e-01,1.88851644802710e-01,1.88830602055018e-01,lamp_kernel
1.221348e+02,22621,3.43401999924608e-09,1.88851635789294e-01,1.88851642657334e-01,1.88830619838856e-01,lamp_kernel
1.222422e+02,22641,3.42771344686711e-09,1.88851633662367e-01,1.88851640517794e-01,1.88830637591180e-01,lamp_kernel
1.223496e+02,22661,3.42137129886561e-09,1.88851631541198e-01,1.88851638383940e-01,1.88830655291339e-01,lamp_kernel
1.224569e+02,22681,3.41504217942351e-09,1.88851629425759e-01,1.88851636255844e-01,1.88830672952177e-01,lamp_kernel
1.225643e+02,22701,3.40869324011622e-09,1.88851627316069e-01,1.88851634133455e-01,1.88830690581848e-01,lamp_kernel
1.226717e+02,22721,3.40233364592996e-09,1.88851625212077e-01,1.88851632016744e-01,1.88830708180433e-01,lamp_kernel
1.227791e+02,22741,3.39595975584425e-09,1.88851623113802e-01,1.88851629905722e-01,1.88830725748015e-01,lamp_kernel
1.228864e+02,22761,3.38956536233248e-09,1.88851621021155e-01,1.88851627800286e-01,1.88830743284677e-01,lamp_kernel
1.229938e+02,22781,3.38314262858575e-09,1.88851618934191e-01,1.88851625700476e-01,1.88830760790499e-01,lamp_kernel
1.231011e+02,22801,3.37670725683961e-09,1.88851616852858e-01,1.88851623606273e-01,1.88830778265565e-01,lamp_kernel
1.232085e+02,22821,3.37025682602078e-09,1.88851614777128e-01,1.88851621517642e-01,1.88830795709954e-01,lamp_kernel
1.233159e+02,22841,3.36381225760164e-09,1.88851612706981e-01,1.88851619434606e-01,1.88830813123748e-01,lamp_kernel
1.234232e+02,22861,3.35734312550491e-09,1.88851610642434e-01,1.88851617357120e-01,1.88830830507028e-01,lamp_kernel
1.235306e+02,22881,3.35085533996218e-09,1.88851608583425e-01,1.88851615285136e-01,1.88830847859873e-01,lamp_kernel
1.236379e+02,22901,3.34436428459905e-09,1.88851606529949e-01,1.88851613218678e-01,1.88830865182365e-01,lamp_kernel
1.237453e+02,22921,3.33784122893514e-09,1.88851604482013e-01,1.88851611157695e-01,1.88830882474582e-01,lamp_kernel
1.238527e+02,22941,3.33129779864298e-09,1.88851602439566e-01,1.88851609102162e-01,1.88830899736604e-01,lamp_kernel
1.239600e+02,22961,3.32477890435209e-09,1.88851600402604e-01,1.88851607052162e-01,1.88830916968511e-01,lamp_kernel
1.240674e+02,22981,3.31822324796854e-09,1.88851598371097e-01,1.88851605007544e-01,1.88830934170381e-01,lamp_kernel
1.241747e+02,23001,3.31164685788115e-09,1.88851596345056e-01,1.88851602968350e-01,1.88830951342294e-01,lamp_kernel
1.242821e+02,23021,3.30505697192737e-09,1.88851594324392e-01,1.88851600934506e-01,1.88830968484326e-01,lamp_kernel
1.243895e+02,23041,3.29847396487186e-09,1.88851592309200e-01,1.88851598906148e-01,1.88830985596558e-01,lamp_kernel
1.244969e+02,23061,3.29187387374313e-09,1.88851590299356e-01,1.88851596883104e-01,1.88831002679065e-01,lamp_kernel
1.246042e+02,23081,3.28526707130615e-09,1.88851588294901e-01,1.88851594865435e-01,1.88831019731926e-01,lamp_kernel
1.247116e+02,23101,3.27862875788204e-09,1.88851586295793e-01,1.88851592853050e-01,1.88831036755219e-01,lamp_kernel
1.248190e+02,23121,3.27199841793237e-09,1.88851584302050e-01,1.88851590846047e-01,1.88831053749020e-01,lamp_kernel
1.249264e+02,23141,3.26533777680125e-09,1.88851582313594e-01,1.88851588844269e-01,1.88831070713405e-01,lamp_kernel
1.250338e+02,23161,3.25867136081372e-09,1.88851580330463e-01,1.88851586847806e-01,1.88831087648452e-01,lamp_kernel
1.251411e+02,23181,3.25199071088971e-09,1.88851578352608e-01,1.88851584856589e-01,1.88831104554237e-01,lamp_kernel
1.252485e+02,23201,3.24531290961405e-09,1.88851576380008e-01,1.88851582870634e-01,1.88831121430834e-01,lamp_kernel
1.253559e+02,23221,3.23860643839648e-09,1.88851574412655e-01,1.88851580889868e-01,1.88831138278321e-01,lamp_kernel
1.254633e+02,23241,3.23190698408438e-09,1.88851572450554e-01,1.88851578914368e-01,1.88831155096773e-01,lamp_kernel
1.255707e+02,23261,3.22516937458974e-09,1.88851570493644e-01,1.88851576943982e-01,1.88831171886264e-01,lamp_kernel
1.256780e+02,23281,3.21846498917484e-09,1.88851568541946e-01,1.88851574978876e-01,1.88831188646869e-01,lamp_kernel
1.257854e+02,23301,3.21172404154634e-09,1.88851566595413e-01,1.88851573018861e-01,1.88831205378664e-01,lamp_kernel
1.258927e+02,23321,3.20500278541208e-09,1.88851564654029e-01,1.88851571064035e-01,1.88831222081721e-01,lamp_kernel
1.260001e+02,23341,3.19825335434095e-09,1.88851562717832e-01,1.88851569114339e-01,1.88831238756117e-01,lamp_kernel
1.261075e+02,23361,3.19148024201572e-09,1.88851560786712e-01,1.88851567169672e-01,1.88831255401923e-01,lamp_kernel
1.262148e+02,23381,3.18472543422378e-09,1.88851558860735e-01,1.88851565230186e-01,1.88831272019214e-01,lamp_kernel
1.263222e+02,23401,3.17795250966711e-09,1.88851556939852e-01,1.88851563295757e-01,1.88831288608064e-01,lamp_kernel
1.264295e+02,23421,3.17117816154625e-09,1.88851555024042e-01,1.88851561366398e-01,1.88831305168544e-01,lamp_kernel
1.265369e+02,23441,3.16439548908744e-09,1.88851553113274e-01,1.88851559442065e-01,1.88831321676837e-01,lamp_kernel
1.266442e+02,23461,3.15760976874205e-09,1.88851551207557e-01,1.88851557522777e-01,1.88831338084845e-01,lamp_kernel
1.267516e+02,23481,3.15081003440638e-09,1.88851549306882e-01,1.88851555608502e-01,1.88831354465021e-01,lamp_kernel
1.268590e+02,23501,3.14403605607697e-09,1.88851547411201e-01,1.88851553699274e-01,1.88831370817438e-01,lamp_kernel
1.269664e+02,23521,3.13725592469675e-09,1.88851545520516e-01,1.88851551795028e-01,1.88831387142164e-01,lamp_kernel
1.270738e+02,23541,3.13045498865939e-09,1.88851543634826e-01,1.88851549895736e-01,1.88831403439272e-01,lamp_kernel
1.271812e+02,23561,3.12363014460389e-09,1.88851541754064e-01,1.88851548001325e-01,1.88831419708829e-01,lamp_kernel
1.272887e+02,23581,3.11683047542630e-09,1.88851539878249e-01,1.88851546111910e-01,1.88831435950908e-01,lamp_kernel
1.273961e+02,23601,3.11000606515223e-09,1.88851538007380e-01,1.88851544227392e-01,1.88831452165577e-01,lamp_kernel
1.275035e+02,23621,3.10322354331110e-09,1.88851536141418e-01,1.88851542347865e-01,1.88831468352906e-01,lamp_kernel
1.276109e+02,23641,3.09640422049132e-09,1.88851534280343e-01,1.88851540473151e-01,1.88831484512963e-01,lamp_kernel
1.277184e+02,23661,3.08957455349544e-09,1.88851532424136e-01,1.88851538603286e-01,1.88831500645819e-01,lamp_kernel
1.278258e+02,23681,3.08275365099913e-09,1.88851530572791e-01,1.88851536738298e-01,1.88831516751541e-01,lamp_kernel
1.279332e+02,23701,3.07593006595532e-09,1.88851528726306e-01,1.88851534878166e-01,1.88831532830198e-01,lamp_kernel
1.280407e+02,23721,3.06909131775330e-09,1.88851526884656e-01,1.88851533022839e-01,1.88831548881858e-01,lamp_kernel
1.281481e+02,23741,3.06223816517636e-09,1.88851525047819e-01,1.88851531172296e-01,1.88831564906590e-01,lamp_kernel
1.282556e+02,23761,3.05537117053832e-09,1.88851523215781e-01,1.88851529326523e-01,1.88831580904461e-01,lamp_kernel
1.283630e+02,23781,3.04849484988012e-09,1.88851521388498e-01,1.88851527485487e-01,1.88831596875538e-01,lamp_kernel
1.284705e+02,23801,3.04163537737588e-09,1.88851519566019e-01,1.88851525649290e-01,1.88831612819889e-01,lamp_kernel
1.285781e+02,23821,3.03477306160306e-09,1.88851517748267e-01,1.88851523817813e-01,1.88831628737581e-01,lamp_kernel
1.286856e+02,23841,3.02791207085461e-09,1.88851515935273e-01,1.88851521991098e-01,1.88831644628681e-01,lamp_kernel
1.287930e+02,23861,3.02105504151232e-09,1.88851514126967e-01,1.88851520169077e-01,1.88831660493256e-01,lamp_kernel
1.289005e+02,23881,3.01416214688332e-09,1.88851512323385e-01,1.88851518351709e-01,1.88831676331371e-01,lamp_kernel
1.290080e+02,23901,3.00726653791998e-09,1.88851510524489e-01,1.88851516539022e-01,1.88831692143094e-01,lamp_kernel
1.291154e+02,23921,3.00037122561228e-09,1.88851508730272e-01,1.88851514731014e-01,1.88831707928489e-01,lamp_kernel
1.292229e+02,23941,2.99347479532768e-09,1.88851506940717e-01,1.88851512927667e-01,1.88831723687624e-01,lamp_kernel
1.293303e+02,23961,2.98657185322799e-09,1.88851505155802e-01,1.88851511128945e-01,1.88831739420562e-01,lamp_kernel
1.294378e+02,23981,2.97965968206196e-09,1.88851503375518e-01,1.88851509334838e-01,1.88831755127370e-01,lamp_kernel
1.295453e+02,24001,2.97274526529894e-09,1.88851501599829e-01,1.88851507545320e-01,1.88831770808113e-01,lamp_kernel
1.296527e+02,24021,2.96581254047033e-09,1.88851499828751e-01,1.88851505760376e-01,1.88831786462855e-01,lamp_kernel
1.297602e+02,24041,2.95888791513390e-09,1.88851498062246e-01,1.88851503980022e-01,1.88831802091661e-01,lamp_kernel
1.298676e+02,24061,2.95195795121823e-09,1.88851496300306e-01,1.88851502204222e-01,1.88831817694596e-01,lamp_kernel
1.299750e+02,24081,2.94504173632260e-09,1.88851494542928e-01,1.88851500433011e-01,1.88831833271724e-01,lamp_kernel
1.300825e+02,24101,2.93809401658401e-09,1.88851492790082e-01,1.88851498666270e-01,1.88831848823108e-01,lamp_kernel
1.301900e+02,24121,2.93116169470421e-09,1.88851491041779e-01,1.88851496904102e-01,1.88831864348813e-01,lamp_kernel
1.302974e+02,24141,2.92425599302103e-09,1.88851489297987e-01,1.88851495146499e-01,1.88831879848901e-01,lamp_kernel
1.304049e+02,24161,2.91734350551984e-09,1.88851487558658e-01,1.88851493393345e-01,1.88831895323437e-01,lamp_kernel
1.305123e+02,24181,2.91043225896264e-09,1.88851485823822e-01,1.88851491644687e-01,1.88831910772484e-01,lamp_kernel
1.306198e+02,24201,2.90352245585803e-09,1.88851484093449e-01,1.88851489900494e-01,1.88831926196104e-01,lamp_kernel
1.307272e+02,24221,2.89661429927381e-09,1.88851482367526e-01,1.88851488160755e-01,1.88831941594360e-01,lamp_kernel
1.308347e+02,24241,2.88966199819194e-09,1.88851480646045e-01,1.88851486425369e-01,1.88831956967315e-01,lamp_kernel
1.309422e+02,24261,2.88275074826687e-09,1.88851478929010e-01,1.88851484694511e-01,1.88831972315031e-01,lamp_kernel
1.310497e+02,24281,2.87583485452399e-09,1.88851477216312e-01,1.88851482967982e-01,1.88831987637570e-01,lamp_kernel
1.311572e+02,24301,2.86890598336663e-09,1.88851475508055e-01,1.88851481245867e-01,1.88832002934994e-01,lamp_kernel
1.312646e+02,24321,2.86196466823187e-09,1.88851473804179e-01,1.88851479528108e-01,1.88832018207364e-01,lamp_kernel
1.313721e+02,24341,2.85504894676618e-09,1.88851472104647e-01,1.88851477814745e-01,1.88832033454742e-01,lamp_kernel
1.314796e+02,24361,2.84811691425209e-09,1.88851470409472e-01,1.88851476105706e-01,1.88832048677190e-01,lamp_kernel
1.315872e+02,24381,2.84120343376266e-09,1.88851468718629e-01,1.88851474401036e-01,1.88832063874768e-01,lamp_kernel
1.316946e+02,24401,2.83427399150477e-09,1.88851467032125e-01,1.88851472700673e-01,1.88832079047538e-01,lamp_kernel
1.318021e+02,24421,2.82735097287980e-09,1.88851465349917e-01,1.88851471004619e-01,1.88832094195559e-01,lamp_kernel
1.319095e+02,24441,2.82044292428224e-09,1.88851463671972e-01,1.88851469312858e-01,1.88832109318893e-01,lamp_kernel
1.320171e+02,24461,2.81350693812722e-09,1.88851461998351e-01,1.88851467625365e-01,1.88832124417599e-01,lamp_kernel
1.321245e+02,24481,2.80657447606057e-09,1.88851460328959e-01,1.88851465942108e-01,1.88832139491739e-01,lamp_kernel
1.322320e+02,24501,2.79967604643293e-09,1.88851458663842e-01,1.88851464263194e-01,1.88832154541371e-01,lamp_kernel
1.323394e+02,24521,2.79282748660499e-09,1.88851457002991e-01,1.88851462588646e-01,1.88832169566555e-01,lamp_kernel
1.324469e+02,24541,2.78601575655926e-09,1.88851455346315e-01,1.88851460918346e-01,1.88832184567350e-01,lamp_kernel
1.325542e+02,24561,2.77915254961014e-09,1.88851453693842e-01,1.88851459252147e-01,1.88832199543817e-01,lamp_kernel
1.326617e+02,24581,2.77231361426691e-09,1.88851452045618e-01,1.88851457590245e-01,1.88832214496014e-01,lamp_kernel
1.327693e+02,24601,2.76545335811138e-09,1.88851450401534e-01,1.88851455932441e-01,1.88832229424000e-01,lamp_kernel
1.328767e+02,24621,2.75858874511583e-09,1.88851448761644e-01,1.88851454278822e-01,1.88832244327834e-01,lamp_kernel
1.329841e+02,24641,2.75172353050716e-09,1.88851447125918e-01,1.88851452629365e-01,1.88832259207574e-01,lamp_kernel
1.330915e+02,24661,2.74485662101828e-09,1.88851445494319e-01,1.88851450984033e-01,1.88832274063279e-01,lamp_kernel
1.331989e+02,24681,2.73798105989953e-09,1.88851443866841e-01,1.88851449342803e-01,1.88832288895006e-01,lamp_kernel
1.333064e+02,24701,2.73111363368635e-09,1.88851442243468e-01,1.88851447705696e-01,1.88832303702814e-01,lamp_kernel
1.334139e+02,24721,2.72424038255558e-09,1.88851440624237e-01,1.88851446072718e-01,1.88832318486761e-01,lamp_kernel
1.335213e+02,24741,2.71734490869445e-09,1.88851439009087e-01,1.88851444443777e-01,1.88832333246903e-01,lamp_kernel
1.336289e+02,24761,2.71044820571210e-09,1.88851437398002e-01,1.88851442818898e-01,1.88832347983299e-01,lamp_kernel
1.337363e+02,24781,2.70356038758920e-09,1.88851435790955e-01,1.88851441198076e-01,1.88832362696005e-01,lamp_kernel
1.338437e+02,24801,2.69667549107804e-09,1.88851434188005e-01,1.88851439581356e-01,1.88832377385079e-01,lamp_kernel
1.339511e+02,24821,2.68976905585476e-09,1.88851432589069e-01,1.88851437968607e-01,1.88832392050577e-01,lamp_kernel
1.340586e+02,24841,2.68286617857881e-09,1.88851430994154e-01,1.88851436359887e-01,1.88832406692556e-01,lamp_kernel
1.341660e+02,24861,2.67597805353680e-09,1.88851429403276e-01,1.88851434755232e-01,1.88832421311073e-01,lamp_kernel
1.342734e+02,24881,2.66904705441719e-09,1.88851427816370e-01,1.88851433154464e-01,1.88832435906183e-01,lamp_kernel
1.343810e+02,24901,2.66214500225133e-09,1.88851426233474e-01,1.88851431557764e-01,1.88832450477943e-01,lamp_kernel
1.344884e+02,24921,2.65519969062141e-09,1.88851424654535e-01,1.88851429964934e-01,1.88832465026409e-01,lamp_kernel
1.345958e+02,24941,2.64829149123749e-09,1.88851423079573e-01,1.88851428376156e-01,1.88832479551636e-01,lamp_kernel
1.347032e+02,24961,2.64139905443766e-09,1.88851421508545e-01,1.88851426791343e-01,1.88832494053681e-01,lamp_kernel
1.348107e+02,24981,2.63448712296458e-09,1.88851419941444e-01,1.88851425210418e-01,1.88832508532598e-01,lamp_kernel
1.349181e+02,25001,2.62757738045146e-09,1.88851418378255e-01,1.88851423633410e-01,1.88832522988442e-01,lamp_kernel
1.350255e+02,25021,2.62065340754161e-09,1.88851416819014e-01,1.88851422060321e-01,1.88832537421269e-01,lamp_kernel
1.351329e+02,25041,2.61370363100365e-09,1.88851415263640e-01,1.88851420491047e-01,1.88832551831134e-01,lamp_kernel
1.352403e+02,25061,2.60679726186052e-09,1.88851413712175e-01,1.88851418925770e-01,1.88832566218091e-01,lamp_kernel
1.353477e+02,25081,2.59987399129137e-09,1.88851412164561e-01,1.88851417364309e-01,1.88832580582194e-01,lamp_kernel
1.354551e+02,25101,2.59297289871245e-09,1.88851410620812e-01,1.88851415806758e-01,1.88832594923499e-01,lamp_kernel
1.355625e+02,25121,2.58610870912021e-09,1.88851409080924e-01,1.88851414253141e-01,1.88832609242058e-01,lamp_kernel
1.356699e+02,25141,2.57922112482569e-09,1.88851407544872e-01,1.88851412703314e-01,1.88832623537927e-01,lamp_kernel
1.357773e+02,25161,2.57233758153953e-09,1.88851406012619e-01,1.88851411157294e-01,1.88832637811158e-01,lamp_kernel
1.358848e+02,25181,2.56547119265653e-09,1.88851404484191e-01,1.88851409615133e-01,1.88832652061806e-01,lamp_kernel
1.359922e+02,25201,2.55860181875851e-09,1.88851402959559e-01,1.88851408076762e-01,1.88832666289925e-01,lamp_kernel
1.360998e+02,25221,2.55172589908234e-09,1.88851401438723e-01,1.88851406542175e-01,1.88832680495566e-01,lamp_kernel
1.362072e+02,25241,2.54482990443841e-09,1.88851399921652e-01,1.88851405011312e-01,1.88832694678784e-01,lamp_kernel
1.363146e+02,25261,2.53796810124119e-09,1.88851398408332e-01,1.88851403484268e-01,1.88832708839631e-01,lamp_kernel
1.364223e+02,25281,2.53111109457774e-09,1.88851396898799e-01,1.88851401961021e-01,1.88832722978160e-01,lamp_kernel
1.365297e+02,25301,2.52434897445476e-09,1.88851395392995e-01,1.88851400441693e-01,1.88832737094424e-01,lamp_kernel
1.366371e+02,25321,2.51760090766860e-09,1.88851393890889e-01,1.88851398926091e-01,1.88832751188476e-01,lamp_kernel
1.367445e+02,25341,2.51082657726684e-09,1.88851392392519e-01,1.88851397414172e-01,1.88832765260366e-01,lamp_kernel
1.368522e+02,25361,2.50407243358628e-09,1.88851390897873e-01,1.88851395906018e-01,1.88832779310149e-01,lamp_kernel
1.369596e+02,25381,2.49732710093633e-09,1.88851389406901e-01,1.88851394401555e-01,1.88832793337875e-01,lamp_kernel
1.370670e+02,25401,2.49064734246635e-09,1.88851387919608e-01,1.88851392900903e-01,1.88832807343597e-01,lamp_kernel
1.371744e+02,25421,2.48395538091125e-09,1.88851386435963e-01,1.88851391403874e-01,1.88832821327365e-01,lamp_kernel
1.372820e+02,25441,2.47725289589401e-09,1.88851384956006e-01,1.88851389910512e-01,1.88832835289232e-01,lamp_kernel
1.373894e+02,25461,2.47053593635382e-09,1.88851383479695e-01,1.88851388420767e-01,1.88832849229249e-01,lamp_kernel
1.374968e+02,25481,2.46381678203519e-09,1.88851382006978e-01,1.88851386934612e-01,1.88832863147467e-01,lamp_kernel
1.376042e+02,25501,2.45709945164372e-09,1.88851380537901e-01,1.88851385452100e-01,1.88832877043937e-01,lamp_kernel
1.377116e+02,25521,2.45037639175263e-09,1.88851379072445e-01,1.88851383973198e-01,1.88832890918710e-01,lamp_kernel
1.378191e+02,25541,2.44368668127909e-09,1.88851377610590e-01,1.88851382497963e-01,1.88832904771836e-01,lamp_kernel
1.379265e+02,25561,2.43701786469535e-09,1.88851376152322e-01,1.88851381026357e-01,1.88832918603366e-01,lamp_kernel
1.380339e+02,25581,2.43035609508680e-09,1.88851374697635e-01,1.88851379558347e-01,1.88832932413351e-01,lamp_kernel
1.381414e+02,25601,2.42368107948591e-09,1.88851373246502e-01,1.88851378093865e-01,1.88832946201840e-01,lamp_kernel
1.382488e+02,25621,2.41698710843640e-09,1.88851371798922e-01,1.88851376632896e-01,1.88832959968883e-01,lamp_kernel
1.383562e+02,25641,2.41030098058348e-09,1.88851370354904e-01,1.88851375175506e-01,1.88832973714532e-01,lamp_kernel
1.384636e+02,25661,2.40366994385992e-09,1.88851368914399e-01,1.88851373721738e-01,1.88832987438834e-01,lamp_kernel
1.385712e+02,25681,2.39701106266444e-09,1.88851367477405e-01,1.88851372271427e-01,1.88833001141840e-01,lamp_kernel
1.386786e+02,25701,2.39035932739604e-09,1.88851366043934e-01,1.88851370824653e-01,1.88833014823599e-01,lamp_kernel
1.387859e+02,25721,2.38371008077563e-09,1.88851364613987e-01,1.88851369381407e-01,1.88833028484161e-01,lamp_kernel
1.388935e+02,25741,2.37706138524957e-09,1.88851363187488e-01,1.88851367941610e-01,1.88833042123575e-01,lamp_kernel
1.390009e+02,25761,2.37042907533639e-09,1.88851361764467e-01,1.88851366505325e-01,1.88833055741888e-01,lamp_kernel
1.391083e+02,25781,2.36378800270833e-09,1.88851360344932e-01,1.88851365072508e-01,1.88833069339152e-01,lamp_kernel
1.392156e+02,25801,2.35712081603948e-09,1.88851358928840e-01,1.88851363643081e-01,1.88833082915413e-01,lamp_kernel
1.394976e+02,25821,2.35046158111827e-09,1.88851357516215e-01,1.88851362217138e-01,1.88833096470721e-01,lamp_kernel
1.396050e+02,25841,2.34382953970228e-09,1.88851356106986e-01,1.88851360794645e-01,1.88833110005124e-01,lamp_kernel
1.397123e+02,25861,2.33716342082009e-09,1.88851354701218e-01,1.88851359375545e-01,1.88833123518669e-01,lamp_kernel
1.398197e+02,25881,2.33052257408902e-09,1.88851353298812e-01,1.88851357959857e-01,1.88833137011407e-01,lamp_kernel
1.399271e+02,25901,2.32386612750574e-09,1.88851351899848e-01,1.88851356547581e-01,1.88833150483383e-01,lamp_kernel
1.400344e+02,25921,2.31720339831866e-09,1.88851350504270e-01,1.88851355138676e-01,1.88833163934646e-01,lamp_kernel
1.401418e+02,25941,2.31054277359607e-09,1.88851349112065e-01,1.88851353733150e-01,1.88833177365243e-01,lamp_kernel
1.402492e+02,25961,2.30389104896444e-09,1.88851347723214e-01,1.88851352330996e-01,1.88833190775223e-01,lamp_kernel
1.403565e+02,25981,2.29727999262022e-09,1.88851346337742e-01,1.88851350932302e-01,1.88833204164632e-01,lamp_kernel
1.404639e+02,26001,2.29066117477036e-09,1.88851344955610e-01,1.88851349536933e-01,1.88833217533517e-01,lamp_kernel
1.405713e+02,26021,2.28403838788660e-09,1.88851343576795e-01,1.88851348144872e-01,1.88833230881926e-01,lamp_kernel
1.406786e+02,26041,2.27742218761210e-09,1.88851342201327e-01,1.88851346756171e-01,1.88833244209905e-01,lamp_kernel
1.407860e+02,26061,2.27085749719530e-09,1.88851340829177e-01,1.88851345370892e-01,1.88833257517502e-01,lamp_kernel
1.408933e+02,26081,2.26427106581037e-09,1.88851339460324e-01,1.88851343988866e-01,1.88833270804762e-01,lamp_kernel
1.410007e+02,26101,2.25766207595806e-09,1.88851338094790e-01,1.88851342610114e-01,1.88833284071733e-01,lamp_kernel
1.411081e+02,26121,2.25109104724802e-09,1.88851336732531e-01,1.88851341234714e-01,1.88833297318460e-01,lamp_kernel
1.412154e+02,26141,2.24449360217959e-09,1.88851335373546e-01,1.88851339862533e-01,1.88833310544990e-01,lamp_kernel
1.413228e+02,26161,2.23790426800741e-09,1.88851334017828e-01,1.88851338493637e-01,1.88833323751369e-01,lamp_kernel
1.414302e+02,26181,2.23131788867728e-09,1.88851332665366e-01,1.88851337128001e-01,1.88833336937642e-01,lamp_kernel
1.415375e+02,26201,2.22473928552668e-09,1.88851331316135e-01,1.88851335765613e-01,1.88833350103856e-01,lamp_kernel
1.416449e+02,26221,2.21816770165603e-09,1.88851329970147e-01,1.88851334406482e-01,1.88833363250056e-01,lamp_kernel
1.417523e+02,26241,2.21162365968398e-09,1.88851328627397e-01,1.88851333050645e-01,1.88833376376288e-01,lamp_kernel
1.418596e+02,26261,2.20507883727018e-09,1.88851327287850e-01,1.88851331698008e-01,1.88833389482597e-01,lamp_kernel
1.419670e+02,26281,2.19852683358920e-09,1.88851325951511e-01,1.88851330348565e-01,1.88833402569028e-01,lamp_kernel
1.420743e+02,26301,2.19196668133810e-09,1.88851324618332e-01,1.88851329002265e-01,1.88833415635627e-01,lamp_kernel
1.421817e+02,26321,2.18541254200885e-09,1.88851323288411e-01,1.88851327659236e-01,1.88833428682437e-01,lamp_kernel
1.422891e+02,26341,2.17885990777429e-09,1.88851321961629e-01,1.88851326319349e-01,1.88833441709505e-01,lamp_kernel
1.423964e+02,26361,2.17236509190030e-09,1.88851320638005e-01,1.88851324982735e-01,1.88833454716875e-01,lamp_kernel
1.425038e+02,26381,2.16596301084935e-09,1.88851319317539e-01,1.88851323649465e-01,1.88833467704590e-01,lamp_kernel
1.426111e+02,26401,2.15971649938663e-09,1.88851318000207e-01,1.88851322319640e-01,1.88833480672696e-01,lamp_kernel
1.427185e+02,26421,2.15348952173859e-09,1.88851316686043e-01,1.88851320993022e-01,1.88833493621238e-01,lamp_kernel
1.428259e+02,26441,2.14726394786260e-09,1.88851315374969e-01,1.88851319669497e-01,1.88833506550258e-01,lamp_kernel
1.429332e+02,26461,2.14108354767959e-09,1.88851314067041e-01,1.88851318349208e-01,1.88833519459802e-01,lamp_kernel
1.430406e+02,26481,2.13486912594624e-09,1.88851312762190e-01,1.88851317031928e-01,1.88833532349912e-01,lamp_kernel
1.431479e+02,26501,2.12870086971198e-09,1.88851311460442e-01,1.88851315717844e-01,1.88833545220633e-01,lamp_kernel
1.432553e+02,26521,2.12248397325572e-09,1.88851310161812e-01,1.88851314406780e-01,1.88833558072008e-01,lamp_kernel
1.433627e+02,26541,2.11628335961805e-09,1.88851308866241e-01,1.88851313098808e-01,1.88833570904081e-01,lamp_kernel
1.434700e+02,26561,2.11007289123693e-09,1.88851307573755e-01,1.88851311793901e-01,1.88833583716896e-01,lamp_kernel
1.435774e+02,26581,2.10390194893923e-09,1.88851306284309e-01,1.88851310492113e-01,1.88833596510494e-01,lamp_kernel
1.436847e+02,26601,2.09772330438904e-09,1.88851304997928e-01,1.88851309193375e-01,1.88833609284920e-01,lamp_kernel
1.437921e+02,26621,2.09153686803369e-09,1.88851303714592e-01,1.88851307897665e-01,1.88833622040217e-01,lamp_kernel
1.438995e+02,26641,2.08534791522594e-09,1.88851302434240e-01,1.88851306604936e-01,1.88833634776427e-01,lamp_kernel
1.440068e+02,26661,2.07915855078286e-09,1.88851301156969e-01,1.88851305315286e-01,1.88833647493592e-01,lamp_kernel
1.441142e+02,26681,2.07305597902527e-09,1.88851299882668e-01,1.88851304028779e-01,1.88833660191757e-01,lamp_kernel
1.442215e+02,26701,2.06728316862765e-09,1.88851298611414e-01,1.88851302745980e-01,1.88833672870962e-01,lamp_kernel
1.443289e+02,26721,2.06164658402473e-09,1.88851297343115e-01,1.88851301466408e-01,1.88833685531250e-01,lamp_kernel
1.444362e+02,26741,2.05614915529182e-09,1.88851296077827e-01,1.88851300190125e-01,1.88833698172665e-01,lamp_kernel
1.445436e+02,26761,2.05065467530948e-09,1.88851294815511e-01,1.88851298916820e-01,1.88833710795246e-01,lamp_kernel
1.446509e+02,26781,2.04517081499952e-09,1.88851293556174e-01,1.88851297646515e-01,1.88833723399037e-01,lamp_kernel
1.447583e+02,26801,2.03979230682295e-09,1.88851292299732e-01,1.88851296379317e-01,1.88833735984080e-01,lamp_kernel
1.448656e+02,26821,2.03437809636181e-09,1.88851291046294e-01,1.88851295115051e-01,1.88833748550416e-01,lamp_kernel
1.449730e+02,26841,2.02898350145077e-09,1.88851289795790e-01,1.88851293853757e-01,1.88833761098086e-01,lamp_kernel
1.450804e+02,26861,2.02361958736773e-09,1.88851288548198e-01,1.88851292595437e-01,1.88833773627133e-01,lamp_kernel
1.451877e+02,26881,2.01830104540632e-09,1.88851287303567e-01,1.88851291340169e-01,1.88833786137597e-01,lamp_kernel
1.452951e+02,26901,2.01296136985278e-09,1.88851286061801e-01,1.88851290087724e-01,1.88833798629519e-01,lamp_kernel
1.454025e+02,26921,2.00763538826957e-09,1.88851284822978e-01,1.88851288838249e-01,1.88833811102942e-01,lamp_kernel
1.455098e+02,26941,2.00235958590977e-09,1.88851283587036e-01,1.88851287591755e-01,1.88833823557905e-01,lamp_kernel
1.456172e+02,26961,1.99710049222783e-09,1.88851282353979e-01,1.88851286348180e-01,1.88833835994449e-01,lamp_kernel
1.457246e+02,26981,1.99185318117977e-09,1.88851281123810e-01,1.88851285107517e-01,1.88833848412617e-01,lamp_kernel
1.458319e+02,27001,1.98663823951842e-09,1.88851279896477e-01,1.88851283869754e-01,1.88833860812447e-01,lamp_kernel
1.459393e+02,27021,1.98138717756786e-09,1.88851278672036e-01,1.88851282634810e-01,1.88833873193980e-01,lamp_kernel
1.460466e+02,27041,1.97621571242554e-09,1.88851277450445e-01,1.88851281402876e-01,1.88833885557257e-01,lamp_kernel
1.461540e+02,27061,1.97103172533768e-09,1.88851276231699e-01,1.88851280173762e-01,1.88833897902319e-01,lamp_kernel
1.462614e+02,27081,1.96592342900205e-09,1.88851275015769e-01,1.88851278947615e-01,1.88833910229204e-01,lamp_kernel
1.463687e+02,27101,1.96082130868099e-09,1.88851273802688e-01,1.88851277724331e-01,1.88833922537954e-01,lamp_kernel
1.464761e+02,27121,1.95575851186896e-09,1.88851272592416e-01,1.88851276503933e-01,1.88833934828608e-01,lamp_kernel
1.465835e+02,27141,1.95075409886514e-09,1.88851271384950e-01,1.88851275286458e-01,1.88833947101206e-01,lamp_kernel
1.466908e+02,27161,1.94574534432102e-09,1.88851270180272e-01,1.88851274071762e-01,1.88833959355787e-01,lamp_kernel
1.467982e+02,27181,1.94076819906382e-09,1.88851268978379e-01,1.88851272859916e-01,1.88833971592392e-01,lamp_kernel
1.469055e+02,27201,1.93578086339170e-09,1.88851267779268e-01,1.88851271650830e-01,1.88833983798439e-01,lamp_kernel
1.470129e+02,27221,1.93078715216300e-09,1.88851266582962e-01,1.88851270444536e-01,1.88833995982609e-01,lamp_kernel
1.471202e+02,27241,1.92582783249996e-09,1.88851265389419e-01,1.88851269241075e-01,1.88834008148959e-01,lamp_kernel
1.472276e+02,27261,1.92089500086860e-09,1.88851264198611e-01,1.88851268040401e-01,1.88834020297530e-01,lamp_kernel
1.473349e+02,27281,1.91594053104108e-09,1.88851263010580e-01,1.88851266842461e-01,1.88834032428360e-01,lamp_kernel
1.474423e+02,27301,1.91107401139188e-09,1.88851261825283e-01,1.88851265647431e-01,1.88834044541487e-01,lamp_kernel
1.475496e+02,27321,1.90614742664718e-09,1.88851260642690e-01,1.88851264454985e-01,1.88834056636951e-01,lamp_kernel
1.476571e+02,27341,1.90126305457515e-09,1.88851259462846e-01,1.88851263265372e-01,1.88834068714789e-01,lamp_kernel
1.477645e+02,27361,1.89634669795497e-09,1.88851258285712e-01,1.88851262078406e-01,1.88834080775040e-01,lamp_kernel
1.478719e+02,27381,1.89147119388395e-09,1.88851257111307e-01,1.88851260894249e-01,1.88834092817743e-01,lamp_kernel
1.479793e+02,27401,1.88655542008015e-09,1.88851255939606e-01,1.88851259712717e-01,1.88834104842936e-01,lamp_kernel
1.480867e+02,27421,1.88168768640141e-09,1.88851254770567e-01,1.88851258533942e-01,1.88834116850657e-01,lamp_kernel
1.481941e+02,27441,1.87682064115704e-09,1.88851253604236e-01,1.88851257357877e-01,1.88834128840943e-01,lamp_kernel
1.483015e+02,27461,1.87199283893725e-09,1.88851252440563e-01,1.88851256184548e-01,1.88834140813833e-01,lamp_kernel
1.484089e+02,27481,1.86717350261654e-09,1.88851251279547e-01,1.88851255013894e-01,1.88834152769364e-01,lamp_kernel
1.485163e+02,27501,1.86237938633585e-09,1.88851250121208e-01,1.88851253845966e-01,1.88834164707575e-01,lamp_kernel
1.486237e+02,27521,1.85756929249285e-09,1.88851248965553e-01,1.88851252680691e-01,1.88834176628502e-01,lamp_kernel
1.487310e+02,27541,1.85277193048638e-09,1.88851247812483e-01,1.88851251518027e-01,1.88834188532184e-01,lamp_kernel
1.488384e+02,27561,1.84798360376713e-09,1.88851246662087e-01,1.88851250358054e-01,1.88834200418656e-01,lamp_kernel
1.489458e+02,27581,1.84320341440951e-09,1.88851245514302e-01,1.88851249200709e-01,1.88834212287958e-01,lamp_kernel
1.490532e+02,27601,1.83840666894719e-09,1.88851244369135e-01,1.88851248045949e-01,1.88834224140125e-01,lamp_kernel
1.491606e+02,27621,1.83363232382131e-09,1.88851243226595e-01,1.88851246893859e-01,1.88834235975195e-01,lamp_kernel
1.492679e+02,27641,1.82888744032696e-09,1.88851242086653e-01,1.88851245744428e-01,1.88834247793204e-01,lamp_kernel
1.493753e+02,27661,1.82415583280781e-09,1.88851240949302e-01,1.88851244597614e-01,1.88834259594190e-01,lamp_kernel
1.494827e+02,27681,1.81942334818304e-09,1.88851239814578e-01,1.88851243453425e-01,1.88834271378190e-01,lamp_kernel
1.495901e+02,27701,1.81471582190560e-09,1.88851238682387e-01,1.88851242311818e-01,1.88834283145239e-01,lamp_kernel
1.496975e+02,27721,1.80997808991132e-09,1.88851237552790e-01,1.88851241172746e-01,1.88834294895374e-01,lamp_kernel
1.498049e+02,27741,1.80528492084585e-09,1.88851236425757e-01,1.88851240036326e-01,1.88834306628631e-01,lamp_kernel
1.499123e+02,27761,1.80059024373152e-09,1.88851235301275e-01,1.88851238902456e-01,1.88834318345048e-01,lamp_kernel
1.500196e+02,27781,1.79589176407956e-09,1.88851234179376e-01,1.88851237771160e-01,1.88834330044660e-01,lamp_kernel
1.501270e+02,27801,1.79121104994676e-09,1.88851233060008e-01,1.88851236642430e-01,1.88834341727502e-01,lamp_kernel
1.502344e+02,27821,1.78652119763147e-09,1.88851231943136e-01,1.88851235516179e-01,1.88834353393612e-01,lamp_kernel
1.503418e+02,27841,1.78183449578328e-09,1.88851230828844e-01,1.88851234392513e-01,1.88834365043025e-01,lamp_kernel
1.504492e+02,27861,1.77717927624897e-09,1.88851229717041e-01,1.88851233271399e-01,1.88834376675777e-01,lamp_kernel
1.505566e+02,27881,1.77252551667474e-09,1.88851228607778e-01,1.88851232152829e-01,1.88834388291902e-01,lamp_kernel
1.506640e+02,27901,1.76787085800389e-09,1.88851227501000e-01,1.88851231036742e-01,1.88834399891438e-01,lamp_kernel
1.507714e+02,27921,1.76319608016619e-09,1.88851226396735e-01,1.88851229923127e-01,1.88834411474419e-01,lamp_kernel
1.508787e+02,27941,1.75855357656621e-09,1.88851225294958e-01,1.88851228812066e-01,1.88834423040881e-01,lamp_kernel
1.509861e+02,27961,1.75387769039336e-09,1.88851224195664e-01,1.88851227703419e-01,1.88834434590859e-01,lamp_kernel
1.510935e+02,27981,1.74923104461988e-09,1.88851223098822e-01,1.88851226597285e-01,1.88834446124388e-01,lamp_kernel
1.512009e+02,28001,1.74457588770685e-09,1.88851222004487e-01,1.88851225493639e-01,1.88834457641503e-01,lamp_kernel
1.513083e+02,28021,1.73995314830160e-09,1.88851220912593e-01,1.88851224392499e-01,1.88834469142239e-01,lamp_kernel
1.514157e+02,28041,1.73530625691226e-09,1.88851219823156e-01,1.88851223293769e-01,1.88834480626631e-01,lamp_kernel
1.515231e+02,28061,1.73066235443646e-09,1.88851218736194e-01,1.88851222197518e-01,1.88834492094714e-01,lamp_kernel
1.516305e+02,28081,1.72605156243972e-09,1.88851217651603e-01,1.88851221103706e-01,1.88834503546523e-01,lamp_kernel
1.517379e+02,28101,1.72148934992890e-09,1.88851216569517e-01,1.88851220012495e-01,1.88834514982091e-01,lamp_kernel
1.518453e+02,28121,1.71691683136721e-09,1.88851215489837e-01,1.88851218923671e-01,1.88834526401454e-01,lamp_kernel
1.519527e+02,28141,1.71232609468051e-09,1.88851214412545e-01,1.88851217837197e-01,1.88834537804646e-01,lamp_kernel
1.520600e+02,28161,1.70778099527382e-09,1.88851213337684e-01,1.88851216753246e-01,1.88834549191700e-01,lamp_kernel
1.521674e+02,28181,1.70320479413251e-09,1.88851212265268e-01,1.88851215671677e-01,1.88834560562652e-01,lamp_kernel
c_index=-0.18885121226526774,Sw=0.0,Smin=0.18885121226526774,Smax=0.18885121226526774,Nw=69,pairs=190
