time(s),iter,infeas,ot_objective,dual
1.359381e-03,1,4.74063503874981e-01,0.00000000000000e+00,-6.61979801034353e+00,sinkhorn_cellsim
5.711594e-02,21,4.74063503874981e-01,1.41263802639312e-274,6.87337854482207e+00,sinkhorn_cellsim
1.127466e-01,41,4.74063503874981e-01,5.15508790151609e-202,2.03665550999877e+01,sinkhorn_cellsim
1.683634e-01,61,4.74063503874981e-01,1.88122723414305e-129,3.38597316551533e+01,sinkhorn_cellsim
2.239788e-01,81,4.74063503874981e-01,6.86509323233913e-57,4.73529082103189e+01,sinkhorn_cellsim
2.795991e-01,101,4.74055455053276e-01,1.25371882068696e-05,6.08278487087217e+01,sinkhorn_cellsim
3.352195e-01,121,4.73553946442890e-01,2.33154725279144e-04,7.41933265732222e+01,sinkhorn_cellsim
3.908462e-01,141,4.72535001197415e-01,3.06594411247992e-04,8.73343117063918e+01,sinkhorn_cellsim
4.464687e-01,161,4.69908190773570e-01,7.63577210798210e-04,9.99468163543436e+01,sinkhorn_cellsim
5.020997e-01,181,4.68068270294953e-01,1.01738433825238e-03,1.12000849644442e+02,sinkhorn_cellsim
5.577227e-01,201,4.65444088831020e-01,1.58159292400981e-03,1.23252760427018e+02,sinkhorn_cellsim
6.133323e-01,221,4.64469618299353e-01,1.80312774531283e-03,1.33767458544563e+02,sinkhorn_cellsim
6.689514e-01,241,4.60302092449147e-01,2.78538987417618e-03,1.43294485210136e+02,sinkhorn_cellsim
7.245684e-01,261,4.57990214386451e-01,3.29131114556617e-03,1.51593473160961e+02,sinkhorn_cellsim
7.801748e-01,281,4.56418129185387e-01,3.55736014518502e-03,1.59343752274788e+02,sinkhorn_cellsim
8.357821e-01,301,4.54142668763569e-01,4.11171492481359e-03,1.66502447476665e+02,sinkhorn_cellsim
8.913927e-01,321,4.52519491021282e-01,4.31492623892185e-03,1.73512431875740e+02,sinkhorn_cellsim
9.470062e-01,341,4.51165384459512e-01,4.47367792091759e-03,1.80485972899258e+02,sinkhorn_cellsim
1.002607e+00,361,4.49989126961372e-01,4.63859601361725e-03,1.87425778933318e+02,sinkhorn_cellsim
1.058216e+00,381,4.47182865780927e-01,4.98632377495185e-03,1.94289710757463e+02,sinkhorn_cellsim
1.113836e+00,401,4.45508784361659e-01,5.26522828662339e-03,2.01073202624215e+02,sinkhorn_cellsim
1.169456e+00,421,4.45403833256589e-01,5.39709595612269e-03,2.07838693192638e+02,sinkhorn_cellsim
1.225085e+00,441,4.41519166129462e-01,5.92039251265942e-03,2.14554527515309e+02,sinkhorn_cellsim
1.280703e+00,461,4.39984488228758e-01,6.06977714477867e-03,2.21181558477630e+02,sinkhorn_cellsim
1.336316e+00,481,4.39038572856677e-01,6.26611397903423e-03,2.27774286120130e+02,sinkhorn_cellsim
1.391937e+00,501,4.36583303336946e-01,6.49119102293742e-03,2.34345924483478e+02,sinkhorn_cellsim
1.447558e+00,521,4.32939325990162e-01,6.95978671870968e-03,2.40827081897010e+02,sinkhorn_cellsim
1.503178e+00,541,4.28762090296959e-01,7.37521673703123e-03,2.47237893813094e+02,sinkhorn_cellsim
1.558782e+00,561,4.26172428981909e-01,7.70861485806771e-03,2.53571222041699e+02,sinkhorn_cellsim
1.614389e+00,581,4.26088014952928e-01,7.76273313477673e-03,2.59866578143699e+02,sinkhorn_cellsim
1.669989e+00,601,4.25378856325604e-01,7.83727318153939e-03,2.66150352910110e+02,sinkhorn_cellsim
1.725589e+00,621,4.24503091221930e-01,8.02524188257677e-03,2.72424045994901e+02,sinkhorn_cellsim
1.781194e+00,641,4.23734549855661e-01,8.12902293744424e-03,2.78675102319821e+02,sinkhorn_cellsim
1.836791e+00,661,4.22135407386856e-01,8.36960299269421e-03,2.84896744343947e+02,sinkhorn_cellsim
1.892387e+00,681,4.21944524084572e-01,8.59375060037531e-03,2.91107128549368e+02,sinkhorn_cellsim
1.947977e+00,701,4.19300500409937e-01,9.49944865286464e-03,2.97238483703347e+02,sinkhorn_cellsim
2.003568e+00,721,4.18217027813295e-01,9.56524615442080e-03,3.03299244194983e+02,sinkhorn_cellsim
2.059150e+00,741,4.17693957205372e-01,9.70736285025900e-03,3.09344683990010e+02,sinkhorn_cellsim
2.114735e+00,761,4.16588653236641e-01,9.87476672219103e-03,3.15373511736150e+02,sinkhorn_cellsim
2.170321e+00,781,4.11761182987615e-01,1.07516501194467e-02,3.21336841465035e+02,sinkhorn_cellsim
2.225912e+00,801,4.10774204230348e-01,1.09465893246296e-02,3.27221989923365e+02,sinkhorn_cellsim
2.281501e+00,821,4.09301855651369e-01,1.10716836523238e-02,3.33091788895680e+02,sinkhorn_cellsim
2.337101e+00,841,4.09139857475058e-01,1.13305597804460e-02,3.38943482214078e+02,sinkhorn_cellsim
2.392693e+00,861,4.07910192903542e-01,1.14832339292432e-02,3.44769605896903e+02,sinkhorn_cellsim
2.448299e+00,881,4.05765238364786e-01,1.18528452235085e-02,3.50552956736415e+02,sinkhorn_cellsim
2.503906e+00,901,4.05711733511332e-01,1.20668150030746e-02,3.56274647305721e+02,sinkhorn_cellsim
2.559515e+00,921,4.01195392496995e-01,1.26786058358890e-02,3.61913625800761e+02,sinkhorn_cellsim
2.615124e+00,941,3.97568683081430e-01,1.30151359916218e-02,3.67488321328222e+02,sinkhorn_cellsim
2.670732e+00,961,3.92561393314412e-01,1.40508553751188e-02,3.72934761709090e+02,sinkhorn_cellsim
2.726341e+00,981,3.89707840301026e-01,1.45577386335738e-02,3.78268319349007e+02,sinkhorn_cellsim
2.781960e+00,1001,3.88110128930844e-01,1.47761197628972e-02,3.83531346506215e+02,sinkhorn_cellsim
2.837565e+00,1021,3.85814794139867e-01,1.50624997216951e-02,3.88765169592833e+02,sinkhorn_cellsim
2.893188e+00,1041,3.84518182852124e-01,1.54295009598374e-02,3.93933510853259e+02,sinkhorn_cellsim
2.948802e+00,1061,3.79053908955969e-01,1.63150710981475e-02,3.98995704247863e+02,sinkhorn_cellsim
3.004422e+00,1081,3.75538963126734e-01,1.69663883600204e-02,4.03947721163987e+02,sinkhorn_cellsim
3.060032e+00,1101,3.72875713857799e-01,1.73806541521129e-02,4.08798907947373e+02,sinkhorn_cellsim
3.115649e+00,1121,3.67218037955076e-01,1.80753972385442e-02,4.13588114820660e+02,sinkhorn_cellsim
3.171266e+00,1141,3.63608327617306e-01,1.86938396707774e-02,4.18266527256057e+02,sinkhorn_cellsim
3.226888e+00,1161,3.56115682767135e-01,1.97170824084639e-02,4.22739880472838e+02,sinkhorn_cellsim
3.282507e+00,1181,3.51619546306560e-01,2.05570067605409e-02,4.27120196358956e+02,sinkhorn_cellsim
3.338129e+00,1201,3.46814463820309e-01,2.12253047572816e-02,4.31347314823257e+02,sinkhorn_cellsim
3.393749e+00,1221,3.41196239378177e-01,2.20620833767472e-02,4.35469436635870e+02,sinkhorn_cellsim
3.449369e+00,1241,3.35695560564579e-01,2.29183352330008e-02,4.39447365044067e+02,sinkhorn_cellsim
3.504994e+00,1261,3.27649718423046e-01,2.39718290435114e-02,4.43293378697840e+02,sinkhorn_cellsim
3.560622e+00,1281,3.25679369493816e-01,2.43196111239696e-02,4.47005587593993e+02,sinkhorn_cellsim
3.616246e+00,1301,3.23229052370709e-01,2.46908421944069e-02,4.50669019440440e+02,sinkhorn_cellsim
3.671881e+00,1321,3.21219611415115e-01,2.50296357751177e-02,4.54288090424573e+02,sinkhorn_cellsim
3.727521e+00,1341,3.18232014595781e-01,2.55996388832848e-02,4.57826636470586e+02,sinkhorn_cellsim
3.783162e+00,1361,3.15294254959935e-01,2.61708295738519e-02,4.61315199793224e+02,sinkhorn_cellsim
3.838804e+00,1381,3.08383247786337e-01,2.71035685216592e-02,4.64702399087223e+02,sinkhorn_cellsim
3.894446e+00,1401,3.00678118501931e-01,2.82181475174167e-02,4.67940439829824e+02,sinkhorn_cellsim
3.950086e+00,1421,2.91521381575450e-01,2.95114138400345e-02,4.71007086722331e+02,sinkhorn_cellsim
4.005731e+00,1441,2.84170399922142e-01,3.04546545887955e-02,4.73907787049841e+02,sinkhorn_cellsim
4.061375e+00,1461,2.76919220578007e-01,3.15613079057606e-02,4.76683068931386e+02,sinkhorn_cellsim
4.117016e+00,1481,2.69912685916914e-01,3.24800123236304e-02,4.79285468981059e+02,sinkhorn_cellsim
4.172659e+00,1501,2.66436251505523e-01,3.30180097143376e-02,4.81803280507561e+02,sinkhorn_cellsim
4.228305e+00,1521,2.62398865932069e-01,3.34657080384521e-02,4.84267488868952e+02,sinkhorn_cellsim
4.283941e+00,1541,2.61333537240436e-01,3.35903643814984e-02,4.86698832727762e+02,sinkhorn_cellsim
4.339574e+00,1561,2.58418499636445e-01,3.40513193207523e-02,4.89087132556281e+02,sinkhorn_cellsim
4.395203e+00,1581,2.54686409557488e-01,3.44723945655973e-02,4.91414735508356e+02,sinkhorn_cellsim
4.450845e+00,1601,2.48653667081782e-01,3.51499418633303e-02,4.93642962454271e+02,sinkhorn_cellsim
4.506478e+00,1621,2.46445560444478e-01,3.54082957589641e-02,4.95794443140645e+02,sinkhorn_cellsim
4.562123e+00,1641,2.42460308113154e-01,3.59749481649625e-02,4.97894837675087e+02,sinkhorn_cellsim
4.617757e+00,1661,2.34292269154714e-01,3.67245148162528e-02,4.99912253077312e+02,sinkhorn_cellsim
4.673389e+00,1681,2.27974667343062e-01,3.75904635801568e-02,5.01817154848823e+02,sinkhorn_cellsim
4.729032e+00,1701,2.26208332424374e-01,3.78052794481863e-02,5.03665763209302e+02,sinkhorn_cellsim
4.784669e+00,1721,2.22443587412522e-01,3.81781844685839e-02,5.05476542379728e+02,sinkhorn_cellsim
4.840304e+00,1741,2.21236879006708e-01,3.82933724184232e-02,5.07252996164114e+02,sinkhorn_cellsim
4.895943e+00,1761,2.18089948764690e-01,3.86003819918485e-02,5.09011851813368e+02,sinkhorn_cellsim
4.951575e+00,1781,2.13726085715561e-01,3.90975062838856e-02,5.10723752514626e+02,sinkhorn_cellsim
5.007210e+00,1801,2.10367318714911e-01,3.98284962851919e-02,5.12348636698393e+02,sinkhorn_cellsim
5.062846e+00,1821,2.03845374390440e-01,4.04214167489184e-02,5.13919162458895e+02,sinkhorn_cellsim
5.118476e+00,1841,2.00674318492985e-01,4.07017083587879e-02,5.15433128421183e+02,sinkhorn_cellsim
5.174117e+00,1861,1.97791816702156e-01,4.08968269064769e-02,5.16921314964426e+02,sinkhorn_cellsim
5.229760e+00,1881,1.94138841956854e-01,4.12758999192374e-02,5.18385973799769e+02,sinkhorn_cellsim
5.285399e+00,1901,1.90633080751805e-01,4.15917265403464e-02,5.19796308881609e+02,sinkhorn_cellsim
5.341025e+00,1921,1.89122526158521e-01,4.18721116299210e-02,5.21175689934494e+02,sinkhorn_cellsim
5.396659e+00,1941,1.86958684615600e-01,4.22106580580241e-02,5.22518603021333e+02,sinkhorn_cellsim
5.452293e+00,1961,1.79534659645663e-01,4.29822564585290e-02,5.23793231347499e+02,sinkhorn_cellsim
5.507914e+00,1981,1.76003020945012e-01,4.34374160212025e-02,5.25001719794977e+02,sinkhorn_cellsim
5.563539e+00,2001,1.75231328772605e-01,4.35717583895667e-02,5.26177966622239e+02,sinkhorn_cellsim
5.619161e+00,2021,1.71409778193074e-01,4.40000734775886e-02,5.27317245596003e+02,sinkhorn_cellsim
5.674785e+00,2041,1.69199835574199e-01,4.44274997700581e-02,5.28422261954503e+02,sinkhorn_cellsim
5.730400e+00,2061,1.64525050009020e-01,4.49846561486434e-02,5.29461270172008e+02,sinkhorn_cellsim
5.786029e+00,2081,1.63356290397326e-01,4.51062647280543e-02,5.30474781398401e+02,sinkhorn_cellsim
5.841650e+00,2101,1.60300420205240e-01,4.54832680492701e-02,5.31469681900419e+02,sinkhorn_cellsim
5.897272e+00,2121,1.58208726785161e-01,4.56530037896817e-02,5.32426676266915e+02,sinkhorn_cellsim
5.952879e+00,2141,1.54320155698284e-01,4.61718579580617e-02,5.33353079643845e+02,sinkhorn_cellsim
6.008488e+00,2161,1.49314157143868e-01,4.65468281295224e-02,5.34222796438508e+02,sinkhorn_cellsim
6.064094e+00,2181,1.44979570026419e-01,4.68043166657382e-02,5.35052178219257e+02,sinkhorn_cellsim
6.119699e+00,2201,1.41887409893233e-01,4.71496527249073e-02,5.35854222726705e+02,sinkhorn_cellsim
6.175306e+00,2221,1.39441152668690e-01,4.74373461126929e-02,5.36617359287636e+02,sinkhorn_cellsim
6.230913e+00,2241,1.37241785602500e-01,4.76653482073896e-02,5.37361689489893e+02,sinkhorn_cellsim
6.286522e+00,2261,1.35622502890041e-01,4.78729914404021e-02,5.38082716889801e+02,sinkhorn_cellsim
6.342136e+00,2281,1.34106847592635e-01,4.81293328058700e-02,5.38777077305031e+02,sinkhorn_cellsim
6.397749e+00,2301,1.32589612247816e-01,4.83344067758316e-02,5.39454585236298e+02,sinkhorn_cellsim
6.453367e+00,2321,1.30810770535417e-01,4.85110030116463e-02,5.40111737859271e+02,sinkhorn_cellsim
6.508972e+00,2341,1.28808575928280e-01,4.86256458104117e-02,5.40754564087259e+02,sinkhorn_cellsim
6.564589e+00,2361,1.26296536593460e-01,4.88329765556198e-02,5.41373516570731e+02,sinkhorn_cellsim
6.620199e+00,2381,1.25259010124476e-01,4.89136611776095e-02,5.41981973777022e+02,sinkhorn_cellsim
6.675816e+00,2401,1.24184206834305e-01,4.90424884247540e-02,5.42583317952686e+02,sinkhorn_cellsim
6.731430e+00,2421,1.23906073602882e-01,4.90684917285334e-02,5.43176027165315e+02,sinkhorn_cellsim
6.787040e+00,2441,1.23307889190597e-01,4.91190152627287e-02,5.43765644667079e+02,sinkhorn_cellsim
6.842651e+00,2461,1.21641334514074e-01,4.93303174312738e-02,5.44343952992865e+02,sinkhorn_cellsim
6.898264e+00,2481,1.20131819793688e-01,4.94318796912277e-02,5.44908827317625e+02,sinkhorn_cellsim
6.953876e+00,2501,1.17200500599055e-01,4.98121018719016e-02,5.45441737011556e+02,sinkhorn_cellsim
7.009480e+00,2521,1.15319015700749e-01,4.99266343238129e-02,5.45955313739560e+02,sinkhorn_cellsim
7.065097e+00,2541,1.14663862468928e-01,4.99824749144452e-02,5.46463086278342e+02,sinkhorn_cellsim
7.120711e+00,2561,1.13065122088315e-01,5.01215001573930e-02,5.46963768821816e+02,sinkhorn_cellsim
7.176320e+00,2581,1.11241499249484e-01,5.03559851686231e-02,5.47448251003483e+02,sinkhorn_cellsim
7.231938e+00,2601,1.08057616986159e-01,5.05864717803525e-02,5.47916166236926e+02,sinkhorn_cellsim
7.287548e+00,2621,1.06577207240016e-01,5.07711916649226e-02,5.48359122196605e+02,sinkhorn_cellsim
7.343161e+00,2641,1.05758090081789e-01,5.08263193111574e-02,5.48795028409826e+02,sinkhorn_cellsim
7.398776e+00,2661,1.05049816656213e-01,5.08731349516414e-02,5.49227065197093e+02,sinkhorn_cellsim
7.454392e+00,2681,1.04112895422664e-01,5.09539662591601e-02,5.49652656653315e+02,sinkhorn_cellsim
7.509998e+00,2701,1.03679817470826e-01,5.09742020403578e-02,5.50074311526057e+02,sinkhorn_cellsim
7.565611e+00,2721,1.03336323474902e-01,5.09956466544277e-02,5.50494953253883e+02,sinkhorn_cellsim
7.621217e+00,2741,1.03092077887660e-01,5.10374297977988e-02,5.50913850863016e+02,sinkhorn_cellsim
7.676833e+00,2761,1.02031567969144e-01,5.11476574703005e-02,5.51326435372341e+02,sinkhorn_cellsim
7.732447e+00,2781,1.00601968811470e-01,5.13176184635683e-02,5.51723166174909e+02,sinkhorn_cellsim
7.788060e+00,2801,1.00156232436969e-01,5.13763563152037e-02,5.52109287185693e+02,sinkhorn_cellsim
7.843680e+00,2821,9.93972397346642e-02,5.14756794860598e-02,5.52491889986991e+02,sinkhorn_cellsim
7.899303e+00,2841,9.72039075552737e-02,5.16971327429355e-02,5.52863177143135e+02,sinkhorn_cellsim
7.954917e+00,2861,9.47284119702564e-02,5.18467834672342e-02,5.53217005935794e+02,sinkhorn_cellsim
8.010535e+00,2881,9.40188970867653e-02,5.18733175303813e-02,5.53564077526363e+02,sinkhorn_cellsim
8.066151e+00,2901,9.26851056553424e-02,5.19895663503595e-02,5.53904340957478e+02,sinkhorn_cellsim
8.121766e+00,2921,9.25270467644003e-02,5.20242970885931e-02,5.54240052204192e+02,sinkhorn_cellsim
8.177376e+00,2941,9.22836596525091e-02,5.20778321944141e-02,5.54571139329873e+02,sinkhorn_cellsim
8.232999e+00,2961,9.12079690336317e-02,5.21515003569775e-02,5.54898017587729e+02,sinkhorn_cellsim
8.288612e+00,2981,9.04853766513067e-02,5.22044629847954e-02,5.55219214997702e+02,sinkhorn_cellsim
8.344233e+00,3001,9.01202088304134e-02,5.22310404271688e-02,5.55538380990552e+02,sinkhorn_cellsim
8.399853e+00,3021,8.97503567041892e-02,5.22500881125339e-02,5.55854966645462e+02,sinkhorn_cellsim
8.455476e+00,3041,8.83154742810186e-02,5.23148048654380e-02,5.56167984921108e+02,sinkhorn_cellsim
8.511095e+00,3061,8.74697236383736e-02,5.23843115286578e-02,5.56475690631785e+02,sinkhorn_cellsim
8.566711e+00,3081,8.64437413379217e-02,5.24722835410850e-02,5.56778453660321e+02,sinkhorn_cellsim
8.622332e+00,3101,8.53383698386447e-02,5.25563226698865e-02,5.57076179362202e+02,sinkhorn_cellsim
8.677957e+00,3121,8.42348713651173e-02,5.27175298116431e-02,5.57363899709290e+02,sinkhorn_cellsim
8.733576e+00,3141,8.36929192810684e-02,5.27671398798723e-02,5.57646689590761e+02,sinkhorn_cellsim
8.789197e+00,3161,8.28584277611258e-02,5.28211797802749e-02,5.57926554121770e+02,sinkhorn_cellsim
8.844816e+00,3181,8.18691440888316e-02,5.28747259716531e-02,5.58203768449414e+02,sinkhorn_cellsim
8.900439e+00,3201,8.12895909705747e-02,5.29210696002219e-02,5.58475638365233e+02,sinkhorn_cellsim
8.956057e+00,3221,8.01281631081152e-02,5.30253082717640e-02,5.58743059690985e+02,sinkhorn_cellsim
9.011676e+00,3241,7.89702429810452e-02,5.31251403421071e-02,5.59001866454975e+02,sinkhorn_cellsim
9.067298e+00,3261,7.85344718495569e-02,5.31627979152721e-02,5.59257765455461e+02,sinkhorn_cellsim
9.122918e+00,3281,7.77392747151168e-02,5.31929112912301e-02,5.59512286109180e+02,sinkhorn_cellsim
9.178544e+00,3301,7.65239004937962e-02,5.32865124360461e-02,5.59761695756696e+02,sinkhorn_cellsim
9.234162e+00,3321,7.58006405853212e-02,5.33552461171004e-02,5.60005705442240e+02,sinkhorn_cellsim
9.289773e+00,3341,7.48209282158605e-02,5.34087417520638e-02,5.60246394931052e+02,sinkhorn_cellsim
9.345381e+00,3361,7.45346718295875e-02,5.34330003019806e-02,5.60485508128028e+02,sinkhorn_cellsim
9.400992e+00,3381,7.43182161721594e-02,5.34685037726906e-02,5.60723197258121e+02,sinkhorn_cellsim
9.456610e+00,3401,7.40282820279559e-02,5.35146016993246e-02,5.60958150531071e+02,sinkhorn_cellsim
9.512230e+00,3421,7.37529107130277e-02,5.35366140976842e-02,5.61190933161071e+02,sinkhorn_cellsim
9.567849e+00,3441,7.33916109876068e-02,5.35730069730892e-02,5.61420254385180e+02,sinkhorn_cellsim
9.623462e+00,3461,7.31257105090405e-02,5.35954473995465e-02,5.61646491312276e+02,sinkhorn_cellsim
9.679079e+00,3481,7.24879426911762e-02,5.36315453408694e-02,5.61870958657122e+02,sinkhorn_cellsim
9.734692e+00,3501,7.13848330139978e-02,5.37062388825298e-02,5.62090521729479e+02,sinkhorn_cellsim
9.790317e+00,3521,7.04160167467456e-02,5.37805474840908e-02,5.62306581844477e+02,sinkhorn_cellsim
9.845928e+00,3541,6.92000102282237e-02,5.38639097858340e-02,5.62515386793608e+02,sinkhorn_cellsim
9.901549e+00,3561,6.83289439459421e-02,5.38899179495604e-02,5.62721225096223e+02,sinkhorn_cellsim
9.957169e+00,3581,6.71764874896026e-02,5.39341938188352e-02,5.62924073611372e+02,sinkhorn_cellsim
1.001279e+01,3601,6.66416603931050e-02,5.39700848773857e-02,5.63124540770169e+02,sinkhorn_cellsim
1.006841e+01,3621,6.63105169093703e-02,5.39951177489894e-02,5.63323426769902e+02,sinkhorn_cellsim
1.012403e+01,3641,6.61368377015129e-02,5.40031479595072e-02,5.63521763504301e+02,sinkhorn_cellsim
1.017965e+01,3661,6.56967882988425e-02,5.40289052226186e-02,5.63719356978951e+02,sinkhorn_cellsim
1.023528e+01,3681,6.48095781055375e-02,5.40955303796969e-02,5.63913423905384e+02,sinkhorn_cellsim
1.029090e+01,3701,6.40817041451362e-02,5.41401548503898e-02,5.64104651171812e+02,sinkhorn_cellsim
1.034652e+01,3721,6.35459182808552e-02,5.41645603910105e-02,5.64293763593085e+02,sinkhorn_cellsim
1.040214e+01,3741,6.30750123080599e-02,5.41919837601543e-02,5.64481348707480e+02,sinkhorn_cellsim
1.045777e+01,3761,6.22147736971524e-02,5.42447113851153e-02,5.64666484308350e+02,sinkhorn_cellsim
1.051339e+01,3781,6.18665290718768e-02,5.42868164593745e-02,5.64848601054868e+02,sinkhorn_cellsim
1.056902e+01,3801,6.13672373213807e-02,5.43730511758690e-02,5.65026548425217e+02,sinkhorn_cellsim
1.062465e+01,3821,6.10109611472188e-02,5.44144801860007e-02,5.65200711349827e+02,sinkhorn_cellsim
1.068028e+01,3841,6.06448107877919e-02,5.44414646122912e-02,5.65373664609002e+02,sinkhorn_cellsim
1.073590e+01,3861,6.00964955618492e-02,5.44665920713354e-02,5.65545132408530e+02,sinkhorn_cellsim
1.079152e+01,3881,5.95767604870428e-02,5.44846112474852e-02,5.65714858711288e+02,sinkhorn_cellsim
1.084715e+01,3901,5.84481067787656e-02,5.45262052480810e-02,5.65881527687461e+02,sinkhorn_cellsim
1.090277e+01,3921,5.77784160810596e-02,5.45529309814310e-02,5.66045513772563e+02,sinkhorn_cellsim
1.095840e+01,3941,5.68723413202033e-02,5.46108615655409e-02,5.66205984914734e+02,sinkhorn_cellsim
1.101403e+01,3961,5.63328485505135e-02,5.46398669708623e-02,5.66364429798036e+02,sinkhorn_cellsim
1.106965e+01,3981,5.60723484329987e-02,5.46565371479440e-02,5.66521814077003e+02,sinkhorn_cellsim
1.112566e+01,4001,5.53020291364082e-02,5.46967679093100e-02,5.66676949074532e+02,sinkhorn_cellsim
1.118130e+01,4021,5.46103793855863e-02,5.47315304266917e-02,5.66829814981470e+02,sinkhorn_cellsim
1.123694e+01,4041,5.42522788910571e-02,5.47573907491035e-02,5.66981355455696e+02,sinkhorn_cellsim
1.129256e+01,4061,5.37834008273353e-02,5.49416936868833e-02,5.67127175901396e+02,sinkhorn_cellsim
1.134820e+01,4081,5.34526215551940e-02,5.49781980571128e-02,5.67267193585387e+02,sinkhorn_cellsim
1.140382e+01,4101,5.32351173832914e-02,5.49863721700818e-02,5.67406608007339e+02,sinkhorn_cellsim
1.145945e+01,4121,5.30213364221587e-02,5.50073274324304e-02,5.67545394552963e+02,sinkhorn_cellsim
1.151507e+01,4141,5.27094322931435e-02,5.50284178626410e-02,5.67682620654336e+02,sinkhorn_cellsim
1.157071e+01,4161,5.20427231492092e-02,5.50775604740629e-02,5.67818388425075e+02,sinkhorn_cellsim
1.162633e+01,4181,5.13867974323291e-02,5.51620322235311e-02,5.67950976862002e+02,sinkhorn_cellsim
1.168197e+01,4201,5.09461610063760e-02,5.51911700451724e-02,5.68081032109183e+02,sinkhorn_cellsim
1.173760e+01,4221,5.05396854418338e-02,5.52064981765245e-02,5.68210124870808e+02,sinkhorn_cellsim
1.179323e+01,4241,5.01909470500525e-02,5.52237595937249e-02,5.68337976843976e+02,sinkhorn_cellsim
1.184886e+01,4261,5.00201905201035e-02,5.52455726494151e-02,5.68464943390497e+02,sinkhorn_cellsim
1.190450e+01,4281,4.97194570474755e-02,5.52953067100300e-02,5.68590108026003e+02,sinkhorn_cellsim
1.196014e+01,4301,4.91040284544447e-02,5.53870248940674e-02,5.68711013593269e+02,sinkhorn_cellsim
1.201578e+01,4321,4.86845838789623e-02,5.54195740579330e-02,5.68829554497128e+02,sinkhorn_cellsim
1.207140e+01,4341,4.80249897814872e-02,5.54758780244102e-02,5.68945599713353e+02,sinkhorn_cellsim
1.212704e+01,4361,4.75761013744486e-02,5.54988513366428e-02,5.69059598408115e+02,sinkhorn_cellsim
1.218268e+01,4381,4.71540067710486e-02,5.55220297228855e-02,5.69172609891242e+02,sinkhorn_cellsim
1.223830e+01,4401,4.68564980410820e-02,5.55514061793980e-02,5.69283650058444e+02,sinkhorn_cellsim
1.229393e+01,4421,4.65037840093649e-02,5.55651887851769e-02,5.69393763474239e+02,sinkhorn_cellsim
1.234956e+01,4441,4.61091999225453e-02,5.55756015637546e-02,5.69502917596448e+02,sinkhorn_cellsim
1.240519e+01,4461,4.58013354505244e-02,5.55824207845674e-02,5.69611615038645e+02,sinkhorn_cellsim
1.246082e+01,4481,4.53247391221355e-02,5.56027517360665e-02,5.69719370439750e+02,sinkhorn_cellsim
1.251645e+01,4501,4.50418485212655e-02,5.56104553092460e-02,5.69826415396997e+02,sinkhorn_cellsim
1.257208e+01,4521,4.45033983131448e-02,5.56847335047902e-02,5.69929991659287e+02,sinkhorn_cellsim
1.262771e+01,4541,4.41869105165764e-02,5.57157997591857e-02,5.70031016621607e+02,sinkhorn_cellsim
1.268334e+01,4561,4.38581229629268e-02,5.57361157718303e-02,5.70130603549354e+02,sinkhorn_cellsim
1.273896e+01,4581,4.37355152823979e-02,5.57520734242342e-02,5.70229140258028e+02,sinkhorn_cellsim
1.279459e+01,4601,4.35853035890139e-02,5.57770088421540e-02,5.70326202449308e+02,sinkhorn_cellsim
1.285020e+01,4621,4.33482766544768e-02,5.57869599097063e-02,5.70422071496669e+02,sinkhorn_cellsim
1.290584e+01,4641,4.30789020385458e-02,5.57954033503852e-02,5.70517325580025e+02,sinkhorn_cellsim
1.296146e+01,4661,4.29612408905392e-02,5.58025173229642e-02,5.70612164567791e+02,sinkhorn_cellsim
1.301708e+01,4681,4.28181280001495e-02,5.58128601116707e-02,5.70706692437798e+02,sinkhorn_cellsim
1.307270e+01,4701,4.23376681135031e-02,5.58708868388953e-02,5.70799560449277e+02,sinkhorn_cellsim
1.312832e+01,4721,4.19301360894862e-02,5.59345392047508e-02,5.70889708666162e+02,sinkhorn_cellsim
1.318394e+01,4741,4.16451331715312e-02,5.59520897246915e-02,5.70978004048148e+02,sinkhorn_cellsim
1.323958e+01,4761,4.15071718690919e-02,5.59630079778316e-02,5.71065858033710e+02,sinkhorn_cellsim
1.329520e+01,4781,4.13982964638530e-02,5.59810801166531e-02,5.71153108112203e+02,sinkhorn_cellsim
1.335083e+01,4801,4.11287360150298e-02,5.60127810421065e-02,5.71239443527205e+02,sinkhorn_cellsim
1.340645e+01,4821,4.07833344332419e-02,5.60511953276758e-02,5.71323571683813e+02,sinkhorn_cellsim
1.346208e+01,4841,4.05215770740169e-02,5.60625201483503e-02,5.71406951574505e+02,sinkhorn_cellsim
1.351770e+01,4861,4.01759851233335e-02,5.60755042792629e-02,5.71489855716253e+02,sinkhorn_cellsim
1.357332e+01,4881,3.98205718830342e-02,5.60922423636694e-02,5.71572102955386e+02,sinkhorn_cellsim
1.362895e+01,4901,3.93910558267308e-02,5.61135272796316e-02,5.71653346500660e+02,sinkhorn_cellsim
1.368458e+01,4921,3.85532132560831e-02,5.61802596943868e-02,5.71731835745161e+02,sinkhorn_cellsim
1.374020e+01,4941,3.80131601411442e-02,5.62168588786513e-02,5.71807230811881e+02,sinkhorn_cellsim
1.379583e+01,4961,3.77122044154842e-02,5.62317936860454e-02,5.71881977282928e+02,sinkhorn_cellsim
1.385144e+01,4981,3.75061912946553e-02,5.62512085578511e-02,5.71956061929672e+02,sinkhorn_cellsim
1.390706e+01,5001,3.73445523762951e-02,5.62606503872805e-02,5.72029540816642e+02,sinkhorn_cellsim
1.396267e+01,5021,3.70139924202026e-02,5.62987370249497e-02,5.72101937451358e+02,sinkhorn_cellsim
1.401830e+01,5041,3.67795387507788e-02,5.63110108999194e-02,5.72172897368464e+02,sinkhorn_cellsim
1.407391e+01,5061,3.65976160869993e-02,5.63150940618102e-02,5.72243612936636e+02,sinkhorn_cellsim
1.412954e+01,5081,3.64456877995614e-02,5.63184041445245e-02,5.72314164457854e+02,sinkhorn_cellsim
1.418516e+01,5101,3.63157764054245e-02,5.63215374067415e-02,5.72384578928867e+02,sinkhorn_cellsim
1.424078e+01,5121,3.61961983269584e-02,5.63248912798936e-02,5.72454865692780e+02,sinkhorn_cellsim
1.429641e+01,5141,3.60742819013641e-02,5.63306445377227e-02,5.72524991292048e+02,sinkhorn_cellsim
1.435203e+01,5161,3.58608811816626e-02,5.63434727094857e-02,5.72594740498267e+02,sinkhorn_cellsim
1.440764e+01,5181,3.56387601348263e-02,5.63548879439618e-02,5.72663908186394e+02,sinkhorn_cellsim
1.446326e+01,5201,3.53916162848490e-02,5.63680346652182e-02,5.72732558742690e+02,sinkhorn_cellsim
1.451888e+01,5221,3.48673150747419e-02,5.64147320681995e-02,5.72799568932315e+02,sinkhorn_cellsim
1.457450e+01,5241,3.43806208605588e-02,5.64561686519290e-02,5.72863885615428e+02,sinkhorn_cellsim
1.463013e+01,5261,3.40858191609950e-02,5.64672895396458e-02,5.72927227416319e+02,sinkhorn_cellsim
1.468575e+01,5281,3.38974791386345e-02,5.64800901786017e-02,5.72990139230013e+02,sinkhorn_cellsim
1.474137e+01,5301,3.37867030564497e-02,5.64968880738980e-02,5.73052287127140e+02,sinkhorn_cellsim
1.479700e+01,5321,3.36978348742571e-02,5.65158132632886e-02,5.73113722221808e+02,sinkhorn_cellsim
1.485261e+01,5341,3.36040616587004e-02,5.65351855440158e-02,5.73174405786969e+02,sinkhorn_cellsim
1.490823e+01,5361,3.34988056390514e-02,5.65480550003772e-02,5.73234571288634e+02,sinkhorn_cellsim
1.496385e+01,5381,3.33403502933137e-02,5.65587994734713e-02,5.73294328724090e+02,sinkhorn_cellsim
1.501947e+01,5401,3.30749478301837e-02,5.65733620218384e-02,5.73353485066132e+02,sinkhorn_cellsim
1.507509e+01,5421,3.25878997328492e-02,5.66121330489485e-02,5.73411160328804e+02,sinkhorn_cellsim
1.513071e+01,5441,3.23632633276342e-02,5.66311197103463e-02,5.73467564171806e+02,sinkhorn_cellsim
1.518633e+01,5461,3.21735988247508e-02,5.66473961779838e-02,5.73523375554782e+02,sinkhorn_cellsim
1.524195e+01,5481,3.17993674386118e-02,5.66657049959318e-02,5.73578507537642e+02,sinkhorn_cellsim
1.529757e+01,5501,3.14554542376072e-02,5.66998465898840e-02,5.73632441577704e+02,sinkhorn_cellsim
1.535318e+01,5521,3.10076845793117e-02,5.67585674031118e-02,5.73684358199954e+02,sinkhorn_cellsim
1.540879e+01,5541,3.09267152443470e-02,5.67668131941384e-02,5.73735082808322e+02,sinkhorn_cellsim
1.546441e+01,5561,3.08767917309995e-02,5.68167094708651e-02,5.73784209181779e+02,sinkhorn_cellsim
1.552002e+01,5581,3.08019007413673e-02,5.68252175842547e-02,5.73832200423028e+02,sinkhorn_cellsim
1.557565e+01,5601,3.06284460092319e-02,5.68349613515526e-02,5.73879799974580e+02,sinkhorn_cellsim
1.563127e+01,5621,3.03307263776445e-02,5.68510821118791e-02,5.73926909719181e+02,sinkhorn_cellsim
1.568689e+01,5641,3.00282081323363e-02,5.68689136082291e-02,5.73973475597376e+02,sinkhorn_cellsim
1.574250e+01,5661,2.97192580838177e-02,5.68908184498665e-02,5.74019418490502e+02,sinkhorn_cellsim
1.579812e+01,5681,2.95745757472118e-02,5.69005873078145e-02,5.74064542097422e+02,sinkhorn_cellsim
1.585374e+01,5701,2.94978132570012e-02,5.69041751242286e-02,5.74109492165713e+02,sinkhorn_cellsim
1.590936e+01,5721,2.93857875367219e-02,5.69075774720133e-02,5.74154265507460e+02,sinkhorn_cellsim
1.596498e+01,5741,2.92934254319984e-02,5.69110500605435e-02,5.74198884685208e+02,sinkhorn_cellsim
1.602060e+01,5761,2.92123710226810e-02,5.69144706231043e-02,5.74243375101383e+02,sinkhorn_cellsim
1.607621e+01,5781,2.91075214926108e-02,5.69186231536805e-02,5.74287705826215e+02,sinkhorn_cellsim
1.613183e+01,5801,2.90058214972592e-02,5.69229639204459e-02,5.74331846680338e+02,sinkhorn_cellsim
1.618743e+01,5821,2.89619379802578e-02,5.69352506999186e-02,5.74375755999155e+02,sinkhorn_cellsim
1.624306e+01,5841,2.89373306471692e-02,5.69531091378423e-02,5.74419176502404e+02,sinkhorn_cellsim
1.629867e+01,5861,2.89146057445093e-02,5.69637778873471e-02,5.74462313064246e+02,sinkhorn_cellsim
1.635429e+01,5881,2.88897349575114e-02,5.69700927092622e-02,5.74505274143026e+02,sinkhorn_cellsim
1.640990e+01,5901,2.88437143957112e-02,5.69745568112893e-02,5.74548128076442e+02,sinkhorn_cellsim
1.646552e+01,5921,2.86634752498823e-02,5.69829756483617e-02,5.74590727992166e+02,sinkhorn_cellsim
1.652113e+01,5941,2.84683160922299e-02,5.69894239615879e-02,5.74632970320660e+02,sinkhorn_cellsim
1.657674e+01,5961,2.83394427551413e-02,5.69933455062884e-02,5.74675053670581e+02,sinkhorn_cellsim
1.663235e+01,5981,2.82076482228024e-02,5.69974052695714e-02,5.74717010377792e+02,sinkhorn_cellsim
1.668796e+01,6001,2.80423720677407e-02,5.70030560900225e-02,5.74758812109416e+02,sinkhorn_cellsim
1.674356e+01,6021,2.78547813249771e-02,5.70117087938026e-02,5.74800386306737e+02,sinkhorn_cellsim
1.679918e+01,6041,2.76361482505671e-02,5.70216778852340e-02,5.74841662044153e+02,sinkhorn_cellsim
1.685479e+01,6061,2.73806025557200e-02,5.70332075677500e-02,5.74882514588457e+02,sinkhorn_cellsim
1.691040e+01,6081,2.70192028362769e-02,5.70513941557290e-02,5.74922934335046e+02,sinkhorn_cellsim
1.696600e+01,6101,2.66804810178698e-02,5.70668860987362e-02,5.74962941377026e+02,sinkhorn_cellsim
1.702162e+01,6121,2.64331068635691e-02,5.70770261621846e-02,5.75002662543669e+02,sinkhorn_cellsim
1.707723e+01,6141,2.59831383650628e-02,5.71012730409227e-02,5.75041699170506e+02,sinkhorn_cellsim
1.713284e+01,6161,2.57466892976459e-02,5.71127611467987e-02,5.75080110384311e+02,sinkhorn_cellsim
1.719765e+01,6181,2.56576978002208e-02,5.71179376385838e-02,5.75118387707372e+02,sinkhorn_cellsim
1.725328e+01,6201,2.55847848821728e-02,5.71209496983945e-02,5.75156593285557e+02,sinkhorn_cellsim
1.730889e+01,6221,2.55236479234374e-02,5.71230293406262e-02,5.75194751565504e+02,sinkhorn_cellsim
1.736451e+01,6241,2.54682784623396e-02,5.71251361053734e-02,5.75232865482021e+02,sinkhorn_cellsim
1.742011e+01,6261,2.53995645285705e-02,5.71285928326699e-02,5.75270910104661e+02,sinkhorn_cellsim
1.747576e+01,6281,2.52856079801924e-02,5.71342451667940e-02,5.75308813478275e+02,sinkhorn_cellsim
1.753137e+01,6301,2.51828683302460e-02,5.71385798737171e-02,5.75346581716204e+02,sinkhorn_cellsim
1.758698e+01,6321,2.50398248139819e-02,5.71445294937397e-02,5.75384175898115e+02,sinkhorn_cellsim
1.764259e+01,6341,2.48402700969795e-02,5.71636863774872e-02,5.75421173331143e+02,sinkhorn_cellsim
1.769819e+01,6361,2.46255149474735e-02,5.71852064794722e-02,5.75456684899560e+02,sinkhorn_cellsim
1.775379e+01,6381,2.44311921604579e-02,5.71920972246346e-02,5.75491891137213e+02,sinkhorn_cellsim
1.780939e+01,6401,2.42667479371085e-02,5.71976793380378e-02,5.75526942922448e+02,sinkhorn_cellsim
1.786499e+01,6421,2.39560581975771e-02,5.72162990929184e-02,5.75561574035657e+02,sinkhorn_cellsim
1.792059e+01,6441,2.37351135052194e-02,5.72310577995474e-02,5.75595458967712e+02,sinkhorn_cellsim
1.797619e+01,6461,2.36105991558426e-02,5.72356668219554e-02,5.75629179223183e+02,sinkhorn_cellsim
1.803179e+01,6481,2.35204043878006e-02,5.72381313920765e-02,5.75662833620385e+02,sinkhorn_cellsim
1.808739e+01,6501,2.34551503435145e-02,5.72397889443104e-02,5.75696445546383e+02,sinkhorn_cellsim
1.814298e+01,6521,2.34076788039383e-02,5.72473220000054e-02,5.75729909477542e+02,sinkhorn_cellsim
1.819858e+01,6541,2.33510303198423e-02,5.72679678118283e-02,5.75762463949689e+02,sinkhorn_cellsim
1.825418e+01,6561,2.32980885082994e-02,5.72736092379258e-02,5.75794713340686e+02,sinkhorn_cellsim
1.830979e+01,6581,2.32426681681981e-02,5.72795300071760e-02,5.75826494778194e+02,sinkhorn_cellsim
1.836539e+01,6601,2.31781252816047e-02,5.72819363758213e-02,5.75858109658517e+02,sinkhorn_cellsim
1.842100e+01,6621,2.30455991491888e-02,5.72861291662236e-02,5.75889616320566e+02,sinkhorn_cellsim
1.847660e+01,6641,2.27016245738236e-02,5.72978487891604e-02,5.75920674489946e+02,sinkhorn_cellsim
1.853220e+01,6661,2.24537878893393e-02,5.73045171484962e-02,5.75951283107677e+02,sinkhorn_cellsim
1.858780e+01,6681,2.22987961993281e-02,5.73071267444931e-02,5.75981778587644e+02,sinkhorn_cellsim
1.864340e+01,6701,2.21824831525072e-02,5.73089868840030e-02,5.76012205682891e+02,sinkhorn_cellsim
1.869900e+01,6721,2.20751847566715e-02,5.73105823461918e-02,5.76042566578065e+02,sinkhorn_cellsim
1.875461e+01,6741,2.19728020199038e-02,5.73121334240717e-02,5.76072856315885e+02,sinkhorn_cellsim
1.881021e+01,6761,2.18680890227904e-02,5.73147235585881e-02,5.76103023903034e+02,sinkhorn_cellsim
1.886581e+01,6781,2.16787986122185e-02,5.73271866759922e-02,5.76132763430786e+02,sinkhorn_cellsim
1.892141e+01,6801,2.14749403101692e-02,5.73426337371859e-02,5.76161835781989e+02,sinkhorn_cellsim
1.897702e+01,6821,2.13240678199117e-02,5.73491582734372e-02,5.76190610463036e+02,sinkhorn_cellsim
1.903263e+01,6841,2.12207276255637e-02,5.73537277973263e-02,5.76219229482906e+02,sinkhorn_cellsim
1.908823e+01,6861,2.11104498285680e-02,5.73595174765748e-02,5.76247695878876e+02,sinkhorn_cellsim
1.914383e+01,6881,2.09989065194507e-02,5.73653893220850e-02,5.76276001695556e+02,sinkhorn_cellsim
1.919943e+01,6901,2.08691232889754e-02,5.73707000005681e-02,5.76304151526215e+02,sinkhorn_cellsim
1.925504e+01,6921,2.07488572149559e-02,5.73770748429272e-02,5.76332021881303e+02,sinkhorn_cellsim
1.931064e+01,6941,2.06438743814749e-02,5.73809299907353e-02,5.76359732265617e+02,sinkhorn_cellsim
1.936623e+01,6961,2.05785558928033e-02,5.73834402701768e-02,5.76387383498272e+02,sinkhorn_cellsim
1.942183e+01,6981,2.05322907812922e-02,5.73852902593633e-02,5.76414999317160e+02,sinkhorn_cellsim
1.947743e+01,7001,2.04908485601847e-02,5.73867791732975e-02,5.76442589312491e+02,sinkhorn_cellsim
1.953304e+01,7021,2.04507488429973e-02,5.73881581996486e-02,5.76470156156428e+02,sinkhorn_cellsim
1.958864e+01,7041,2.04043996861621e-02,5.73898616545472e-02,5.76497694033664e+02,sinkhorn_cellsim
1.964425e+01,7061,2.03573480742753e-02,5.73927250899210e-02,5.76525179963769e+02,sinkhorn_cellsim
1.969986e+01,7081,2.03240236366606e-02,5.73968646517332e-02,5.76552582876485e+02,sinkhorn_cellsim
1.975547e+01,7101,2.02915072586871e-02,5.74006510609614e-02,5.76579913008241e+02,sinkhorn_cellsim
1.981107e+01,7121,2.02613561558176e-02,5.74035744404059e-02,5.76607198648236e+02,sinkhorn_cellsim
1.986667e+01,7141,2.02311131083041e-02,5.74064765666208e-02,5.76634443866778e+02,sinkhorn_cellsim
1.992228e+01,7161,2.01973052678067e-02,5.74109960484750e-02,5.76661615504007e+02,sinkhorn_cellsim
1.997788e+01,7181,2.01590679468234e-02,5.74153038492058e-02,5.76688692367000e+02,sinkhorn_cellsim
2.003349e+01,7201,2.01146778362923e-02,5.74176454083814e-02,5.76715717728659e+02,sinkhorn_cellsim
2.008909e+01,7221,2.00595688735000e-02,5.74193985735197e-02,5.76742705951717e+02,sinkhorn_cellsim
2.014469e+01,7241,1.98980106193971e-02,5.74268739314825e-02,5.76769513744953e+02,sinkhorn_cellsim
2.020030e+01,7261,1.97267561635075e-02,5.74351639157728e-02,5.76795903926361e+02,sinkhorn_cellsim
2.025590e+01,7281,1.96190412080819e-02,5.74376768878954e-02,5.76822201583537e+02,sinkhorn_cellsim
2.031150e+01,7301,1.95636318340666e-02,5.74393415123106e-02,5.76848460253978e+02,sinkhorn_cellsim
2.036711e+01,7321,1.95242067977790e-02,5.74410653488868e-02,5.76874681006313e+02,sinkhorn_cellsim
2.042272e+01,7341,1.94896999071316e-02,5.74443353457132e-02,5.76900838207123e+02,sinkhorn_cellsim
2.047833e+01,7361,1.94596414745253e-02,5.74493487606979e-02,5.76926885027438e+02,sinkhorn_cellsim
2.053393e+01,7381,1.94311294876764e-02,5.74526535979163e-02,5.76952852314820e+02,sinkhorn_cellsim
2.058952e+01,7401,1.93788962808621e-02,5.74557098273970e-02,5.76978747935658e+02,sinkhorn_cellsim
2.064513e+01,7421,1.93036974661627e-02,5.74638346611682e-02,5.77004381933985e+02,sinkhorn_cellsim
2.070074e+01,7441,1.91963153077438e-02,5.74791140367235e-02,5.77029446031581e+02,sinkhorn_cellsim
2.075634e+01,7461,1.90368802136317e-02,5.74991322296176e-02,5.77053873778007e+02,sinkhorn_cellsim
2.081195e+01,7481,1.88204212870271e-02,5.75160164828976e-02,5.77077818137929e+02,sinkhorn_cellsim
2.086754e+01,7501,1.86526794475427e-02,5.75267030662110e-02,5.77101457442881e+02,sinkhorn_cellsim
2.092314e+01,7521,1.85416139682014e-02,5.75335690460672e-02,5.77124925483020e+02,sinkhorn_cellsim
2.097874e+01,7541,1.84530424199315e-02,5.75388647240525e-02,5.77148271692142e+02,sinkhorn_cellsim
2.103434e+01,7561,1.83797295349384e-02,5.75432439663649e-02,5.77171521254498e+02,sinkhorn_cellsim
2.108993e+01,7581,1.83083621358900e-02,5.75469255105829e-02,5.77194692381077e+02,sinkhorn_cellsim
2.114554e+01,7601,1.82282357947115e-02,5.75505851551893e-02,5.77217790672703e+02,sinkhorn_cellsim
2.120115e+01,7621,1.81173286546703e-02,5.75558597421406e-02,5.77240791242063e+02,sinkhorn_cellsim
2.125675e+01,7641,1.79938926790110e-02,5.75618073895494e-02,5.77263671812858e+02,sinkhorn_cellsim
2.131235e+01,7661,1.78928686248441e-02,5.75667909978158e-02,5.77286462337954e+02,sinkhorn_cellsim
2.136795e+01,7681,1.78195547748319e-02,5.76041538440284e-02,5.77308438344311e+02,sinkhorn_cellsim
2.142355e+01,7701,1.77499609905931e-02,5.76176921764912e-02,5.77329357760452e+02,sinkhorn_cellsim
2.147915e+01,7721,1.76782305779854e-02,5.76239793063933e-02,5.77350013995097e+02,sinkhorn_cellsim
2.153475e+01,7741,1.75758187478164e-02,5.76299306743131e-02,5.77370521503730e+02,sinkhorn_cellsim
2.159035e+01,7761,1.73513974821869e-02,5.76397804044019e-02,5.77390709889095e+02,sinkhorn_cellsim
2.164594e+01,7781,1.70830796096285e-02,5.76559414294873e-02,5.77410392522073e+02,sinkhorn_cellsim
2.170154e+01,7801,1.69703890640098e-02,5.76632376934165e-02,5.77429666812376e+02,sinkhorn_cellsim
2.175714e+01,7821,1.68913693594213e-02,5.76655437259543e-02,5.77448855761040e+02,sinkhorn_cellsim
2.181274e+01,7841,1.68296183872775e-02,5.76668954037739e-02,5.77468009666594e+02,sinkhorn_cellsim
2.186835e+01,7861,1.67784773614167e-02,5.76680531633664e-02,5.77487136921865e+02,sinkhorn_cellsim
2.192396e+01,7881,1.67183862216585e-02,5.76700105331986e-02,5.77506220585796e+02,sinkhorn_cellsim
2.197956e+01,7901,1.66469853824724e-02,5.76745969088064e-02,5.77525179893097e+02,sinkhorn_cellsim
2.203516e+01,7921,1.65695597518912e-02,5.76791677653867e-02,5.77543988511618e+02,sinkhorn_cellsim
2.209076e+01,7941,1.64759389028052e-02,5.76864152340754e-02,5.77562614952953e+02,sinkhorn_cellsim
2.214636e+01,7961,1.63849426630294e-02,5.76953937615606e-02,5.77580935819017e+02,sinkhorn_cellsim
2.220196e+01,7981,1.62884560544796e-02,5.76993150413266e-02,5.77599082240653e+02,sinkhorn_cellsim
2.225757e+01,8001,1.61460941419761e-02,5.77043563590898e-02,5.77617084223767e+02,sinkhorn_cellsim
2.231317e+01,8021,1.59615791029008e-02,5.77142051513240e-02,5.77634787608054e+02,sinkhorn_cellsim
2.236877e+01,8041,1.58310712796831e-02,5.77233571058237e-02,5.77652260939006e+02,sinkhorn_cellsim
2.242437e+01,8061,1.57459750865671e-02,5.77313216939874e-02,5.77669584491423e+02,sinkhorn_cellsim
2.247997e+01,8081,1.56845090817989e-02,5.77368476367820e-02,5.77686801936275e+02,sinkhorn_cellsim
2.253557e+01,8101,1.56152449061482e-02,5.77403410485476e-02,5.77703954149416e+02,sinkhorn_cellsim
2.259117e+01,8121,1.55340301890955e-02,5.77434860919637e-02,5.77721031024465e+02,sinkhorn_cellsim
2.264677e+01,8141,1.54533794503150e-02,5.77474068513229e-02,5.77737985855485e+02,sinkhorn_cellsim
2.270238e+01,8161,1.53656322376947e-02,5.77534806794119e-02,5.77754762691011e+02,sinkhorn_cellsim
2.275798e+01,8181,1.52876827829858e-02,5.77707454359401e-02,5.77771112942372e+02,sinkhorn_cellsim
2.281358e+01,8201,1.52149391499285e-02,5.77876705104065e-02,5.77786845581690e+02,sinkhorn_cellsim
2.286918e+01,8221,1.51499543210725e-02,5.77971320818184e-02,5.77802333739918e+02,sinkhorn_cellsim
2.292479e+01,8241,1.50872267085236e-02,5.78034437638854e-02,5.77817709648620e+02,sinkhorn_cellsim
2.298040e+01,8261,1.50300325756266e-02,5.78076725915586e-02,5.77833019437604e+02,sinkhorn_cellsim
2.303600e+01,8281,1.49793674691728e-02,5.78107677380911e-02,5.77848281170722e+02,sinkhorn_cellsim
2.309161e+01,8301,1.49363624986458e-02,5.78132488742320e-02,5.77863503934793e+02,sinkhorn_cellsim
2.314722e+01,8321,1.49000903514572e-02,5.78153650983921e-02,5.77878693573119e+02,sinkhorn_cellsim
2.320282e+01,8341,1.48693096405825e-02,5.78172456049952e-02,5.77893854189866e+02,sinkhorn_cellsim
2.325844e+01,8361,1.48425606845840e-02,5.78189627134482e-02,5.77908988769812e+02,sinkhorn_cellsim
2.331405e+01,8381,1.48187399088629e-02,5.78205598167309e-02,5.77924099529565e+02,sinkhorn_cellsim
2.336966e+01,8401,1.47988814748531e-02,5.78220976320660e-02,5.77939187812070e+02,sinkhorn_cellsim
2.342527e+01,8421,1.47809529719274e-02,5.78238863808028e-02,5.77954251728299e+02,sinkhorn_cellsim
2.348088e+01,8441,1.47641767446388e-02,5.78275055682252e-02,5.77969272469246e+02,sinkhorn_cellsim
2.353648e+01,8461,1.47481538014019e-02,5.78342764414809e-02,5.77984198421531e+02,sinkhorn_cellsim
2.359209e+01,8481,1.47333019544665e-02,5.78388745419588e-02,5.77999033005740e+02,sinkhorn_cellsim
2.364769e+01,8501,1.47187694080234e-02,5.78422051914142e-02,5.78013810325696e+02,sinkhorn_cellsim
2.370330e+01,8521,1.47029924303874e-02,5.78473763603175e-02,5.78028509517022e+02,sinkhorn_cellsim
2.375890e+01,8541,1.46854768673433e-02,5.78558945860260e-02,5.78043077077565e+02,sinkhorn_cellsim
2.381451e+01,8561,1.46671214236031e-02,5.78657042373175e-02,5.78057488066729e+02,sinkhorn_cellsim
2.387013e+01,8581,1.46468727197537e-02,5.78725631184256e-02,5.78071780922504e+02,sinkhorn_cellsim
2.392574e+01,8601,1.46247419871862e-02,5.78770591509859e-02,5.78085996868735e+02,sinkhorn_cellsim
2.398135e+01,8621,1.46031904071721e-02,5.78809607987661e-02,5.78100150365985e+02,sinkhorn_cellsim
2.403696e+01,8641,1.45818772801725e-02,5.78870090848587e-02,5.78114226443215e+02,sinkhorn_cellsim
2.409256e+01,8661,1.45592028108053e-02,5.78953496522186e-02,5.78128182019473e+02,sinkhorn_cellsim
2.414817e+01,8681,1.45344007325163e-02,5.79000103296145e-02,5.78142054819829e+02,sinkhorn_cellsim
2.420378e+01,8701,1.45066721376914e-02,5.79044242268439e-02,5.78155860033749e+02,sinkhorn_cellsim
2.425940e+01,8721,1.44759057905995e-02,5.79107168680067e-02,5.78169556372919e+02,sinkhorn_cellsim
2.431500e+01,8741,1.44457175413305e-02,5.79166101214925e-02,5.78183143858235e+02,sinkhorn_cellsim
2.437062e+01,8761,1.44175028175602e-02,5.79220754242038e-02,5.78196637429775e+02,sinkhorn_cellsim
2.442623e+01,8781,1.43873317164003e-02,5.79271807866367e-02,5.78210044293722e+02,sinkhorn_cellsim
2.448184e+01,8801,1.43571081108613e-02,5.79331664851333e-02,5.78223355120924e+02,sinkhorn_cellsim
2.453744e+01,8821,1.43260754164965e-02,5.79408822489487e-02,5.78236536896621e+02,sinkhorn_cellsim
2.459306e+01,8841,1.42995358746118e-02,5.79471071234359e-02,5.78249599110639e+02,sinkhorn_cellsim
2.464866e+01,8861,1.42696063699417e-02,5.79514510873256e-02,5.78262575045538e+02,sinkhorn_cellsim
2.470427e+01,8881,1.42355133795719e-02,5.79550989840695e-02,5.78275478733553e+02,sinkhorn_cellsim
2.475987e+01,8901,1.41975694833521e-02,5.79584358522827e-02,5.78288317400061e+02,sinkhorn_cellsim
2.481549e+01,8921,1.41573151849947e-02,5.79615611845215e-02,5.78301095675377e+02,sinkhorn_cellsim
2.487109e+01,8941,1.41153143935639e-02,5.79646955027897e-02,5.78313815467216e+02,sinkhorn_cellsim
2.492669e+01,8961,1.40672596264127e-02,5.80224529943626e-02,5.78325788960211e+02,sinkhorn_cellsim
2.498229e+01,8981,1.40125388715021e-02,5.80291367647441e-02,5.78336924965742e+02,sinkhorn_cellsim
2.503790e+01,9001,1.39549562541184e-02,5.80334109137242e-02,5.78347978860283e+02,sinkhorn_cellsim
2.509351e+01,9021,1.38965084034788e-02,5.80386973643195e-02,5.78358938703309e+02,sinkhorn_cellsim
2.514912e+01,9041,1.38366593241981e-02,5.80433592789423e-02,5.78369811625410e+02,sinkhorn_cellsim
2.520472e+01,9061,1.37766523068106e-02,5.80469415820300e-02,5.78380615890866e+02,sinkhorn_cellsim
2.526032e+01,9081,1.37135131358156e-02,5.80498308973517e-02,5.78391363868478e+02,sinkhorn_cellsim
2.531592e+01,9101,1.36495515004768e-02,5.80522695084898e-02,5.78402063008532e+02,sinkhorn_cellsim
2.537152e+01,9121,1.35843614478205e-02,5.80543767516351e-02,5.78412718353415e+02,sinkhorn_cellsim
2.542712e+01,9141,1.35192977281211e-02,5.80562392113068e-02,5.78423333454108e+02,sinkhorn_cellsim
2.548272e+01,9161,1.34547318119393e-02,5.80579633118802e-02,5.78433910425252e+02,sinkhorn_cellsim
2.553833e+01,9181,1.33903053536007e-02,5.80598428795349e-02,5.78444447873260e+02,sinkhorn_cellsim
2.559393e+01,9201,1.33204657691707e-02,5.80630369404962e-02,5.78454929855663e+02,sinkhorn_cellsim
2.564953e+01,9221,1.32314442534625e-02,5.80697198228860e-02,5.78465306009314e+02,sinkhorn_cellsim
2.570514e+01,9241,1.31670057594207e-02,5.80772321812221e-02,5.78475554524473e+02,sinkhorn_cellsim
2.576073e+01,9261,1.31078128327711e-02,5.80813792094668e-02,5.78485733996918e+02,sinkhorn_cellsim
2.581634e+01,9281,1.30502010912300e-02,5.80833520034912e-02,5.78495879677763e+02,sinkhorn_cellsim
2.587195e+01,9301,1.29942249592017e-02,5.80846486528300e-02,5.78505998645128e+02,sinkhorn_cellsim
2.592755e+01,9321,1.29398250313981e-02,5.80857543553187e-02,5.78516093045644e+02,sinkhorn_cellsim
2.598315e+01,9341,1.28867890929443e-02,5.80867926086350e-02,5.78526164388168e+02,sinkhorn_cellsim
2.603876e+01,9361,1.28347459068587e-02,5.80878079378678e-02,5.78536213808256e+02,sinkhorn_cellsim
2.609436e+01,9381,1.27826841357802e-02,5.80888751667915e-02,5.78546241530257e+02,sinkhorn_cellsim
2.614996e+01,9401,1.27260399428853e-02,5.80903501473996e-02,5.78556243472235e+02,sinkhorn_cellsim
2.620556e+01,9421,1.26425576430635e-02,5.80938715600135e-02,5.78566194833370e+02,sinkhorn_cellsim
2.626115e+01,9441,1.25226469145863e-02,5.81023721866028e-02,5.78576022038052e+02,sinkhorn_cellsim
2.631675e+01,9461,1.24308590258871e-02,5.81113845327318e-02,5.78585696052481e+02,sinkhorn_cellsim
2.637234e+01,9481,1.23590982393692e-02,5.81157981361045e-02,5.78595297583205e+02,sinkhorn_cellsim
2.642794e+01,9501,1.22961947507018e-02,5.81179983781025e-02,5.78604868062860e+02,sinkhorn_cellsim
2.648354e+01,9521,1.22035403592148e-02,5.81210862836516e-02,5.78614381045087e+02,sinkhorn_cellsim
2.653914e+01,9541,1.20992886743318e-02,5.81264581812219e-02,5.78623749419011e+02,sinkhorn_cellsim
2.659473e+01,9561,1.20167923214830e-02,5.81289471145161e-02,5.78633055094246e+02,sinkhorn_cellsim
2.665033e+01,9581,1.19517091815226e-02,5.81303830752267e-02,5.78642341079284e+02,sinkhorn_cellsim
2.670593e+01,9601,1.18968702191171e-02,5.81316357132292e-02,5.78651611178496e+02,sinkhorn_cellsim
2.676153e+01,9621,1.18522117685932e-02,5.81328082566192e-02,5.78660867068833e+02,sinkhorn_cellsim
2.681712e+01,9641,1.18139706387755e-02,5.81339176612210e-02,5.78670109826757e+02,sinkhorn_cellsim
2.687272e+01,9661,1.17795371965760e-02,5.81349729795533e-02,5.78679340076676e+02,sinkhorn_cellsim
2.692832e+01,9681,1.17503460252537e-02,5.81359865181657e-02,5.78688557981274e+02,sinkhorn_cellsim
2.698392e+01,9701,1.17243907256074e-02,5.81369996798996e-02,5.78697762912427e+02,sinkhorn_cellsim
2.703951e+01,9721,1.16968985318174e-02,5.81382529286123e-02,5.78706951381187e+02,sinkhorn_cellsim
2.709511e+01,9741,1.16668767506928e-02,5.81410034663677e-02,5.78716105920500e+02,sinkhorn_cellsim
2.715071e+01,9761,1.16323048239195e-02,5.81468800582689e-02,5.78725178793885e+02,sinkhorn_cellsim
2.720631e+01,9781,1.15895332915230e-02,5.81515793561566e-02,5.78734161955747e+02,sinkhorn_cellsim
2.726191e+01,9801,1.15359939350520e-02,5.81552199148261e-02,5.78743078078659e+02,sinkhorn_cellsim
2.731750e+01,9821,1.14721128921207e-02,5.81607404499801e-02,5.78751899063968e+02,sinkhorn_cellsim
2.737311e+01,9841,1.14115527679204e-02,5.81661937627419e-02,5.78760613896543e+02,sinkhorn_cellsim
2.742871e+01,9861,1.13536329737764e-02,5.81778052931264e-02,5.78769126598197e+02,sinkhorn_cellsim
2.748432e+01,9881,1.13149658776280e-02,5.81978270987895e-02,5.78777048243549e+02,sinkhorn_cellsim
2.753992e+01,9901,1.12883287971000e-02,5.82046644050835e-02,5.78784732555924e+02,sinkhorn_cellsim
2.759551e+01,9921,1.12623504427950e-02,5.82080589960792e-02,5.78792353093752e+02,sinkhorn_cellsim
2.765111e+01,9941,1.12381438094249e-02,5.82104820432846e-02,5.78799934464907e+02,sinkhorn_cellsim
2.770671e+01,9961,1.12150216413827e-02,5.82124985914410e-02,5.78807484144973e+02,sinkhorn_cellsim
2.776231e+01,9981,1.11927211947782e-02,5.82142636714649e-02,5.78815005893787e+02,sinkhorn_cellsim
2.781792e+01,10001,1.11721741739261e-02,5.82158187057002e-02,5.78822502406157e+02,sinkhorn_cellsim
2.787352e+01,10021,1.11521399116999e-02,5.82171867647599e-02,5.78829976029329e+02,sinkhorn_cellsim
2.792913e+01,10041,1.11324087807454e-02,5.82184018009681e-02,5.78837428776787e+02,sinkhorn_cellsim
2.798473e+01,10061,1.11117869300232e-02,5.82195270184629e-02,5.78844861742383e+02,sinkhorn_cellsim
2.804033e+01,10081,1.10862079359169e-02,5.82207801727015e-02,5.78852271557426e+02,sinkhorn_cellsim
2.809592e+01,10101,1.10353478175306e-02,5.82230012028924e-02,5.78859633922661e+02,sinkhorn_cellsim
2.815152e+01,10121,1.09599936654600e-02,5.82261741927800e-02,5.78866910176671e+02,sinkhorn_cellsim
2.820711e+01,10141,1.09080083301781e-02,5.82282118429892e-02,5.78874130757941e+02,sinkhorn_cellsim
2.826271e+01,10161,1.08789291558438e-02,5.82295381833119e-02,5.78881325487835e+02,sinkhorn_cellsim
2.831832e+01,10181,1.08623411489868e-02,5.82306299752218e-02,5.78888500954063e+02,sinkhorn_cellsim
2.837392e+01,10201,1.08450610066501e-02,5.82315910179189e-02,5.78895659327793e+02,sinkhorn_cellsim
2.842952e+01,10221,1.08269829372079e-02,5.82324486954622e-02,5.78902802061044e+02,sinkhorn_cellsim
2.848512e+01,10241,1.08081871036207e-02,5.82332202457194e-02,5.78909930432976e+02,sinkhorn_cellsim
2.854071e+01,10261,1.07891481007058e-02,5.82339227875353e-02,5.78917045574502e+02,sinkhorn_cellsim
2.859632e+01,10281,1.07699599400195e-02,5.82345774807391e-02,5.78924148397789e+02,sinkhorn_cellsim
2.865191e+01,10301,1.07502853980537e-02,5.82352710786645e-02,5.78931239071058e+02,sinkhorn_cellsim
2.870751e+01,10321,1.07298187575592e-02,5.82369147184428e-02,5.78938310505025e+02,sinkhorn_cellsim
2.876311e+01,10341,1.07083614219715e-02,5.82437304247115e-02,5.78945308847139e+02,sinkhorn_cellsim
2.881872e+01,10361,1.06854722682909e-02,5.82496482861357e-02,5.78952194133410e+02,sinkhorn_cellsim
2.887433e+01,10381,1.06599529756386e-02,5.82518401826027e-02,5.78959027122923e+02,sinkhorn_cellsim
2.892993e+01,10401,1.06282776561631e-02,5.82543463578146e-02,5.78965816822453e+02,sinkhorn_cellsim
2.898552e+01,10421,1.05820601106782e-02,5.82593799067616e-02,5.78972521549865e+02,sinkhorn_cellsim
2.904113e+01,10441,1.05208416113239e-02,5.82643010331686e-02,5.78979123991901e+02,sinkhorn_cellsim
2.909673e+01,10461,1.04735432432604e-02,5.82668436053903e-02,5.78985671028294e+02,sinkhorn_cellsim
2.915233e+01,10481,1.04415750263606e-02,5.82681470662890e-02,5.78992194404871e+02,sinkhorn_cellsim
2.920793e+01,10501,1.04118295154234e-02,5.82690259550034e-02,5.78998704035911e+02,sinkhorn_cellsim
2.926353e+01,10521,1.03840105785971e-02,5.82697940651806e-02,5.79005202038776e+02,sinkhorn_cellsim
2.931913e+01,10541,1.03583808901692e-02,5.82705773947886e-02,5.79011688436726e+02,sinkhorn_cellsim
2.937473e+01,10561,1.03340336673217e-02,5.82716943672340e-02,5.79018156513118e+02,sinkhorn_cellsim
2.943033e+01,10581,1.03103493401454e-02,5.82753074339862e-02,5.79024542872914e+02,sinkhorn_cellsim
2.948593e+01,10601,1.02879005050887e-02,5.82801584062054e-02,5.79030753611748e+02,sinkhorn_cellsim
2.954152e+01,10621,1.02666573650101e-02,5.82815429539048e-02,5.79036900833614e+02,sinkhorn_cellsim
2.959712e+01,10641,1.02460095601749e-02,5.82821219435683e-02,5.79043028294712e+02,sinkhorn_cellsim
2.965272e+01,10661,1.02249976709031e-02,5.82826008542444e-02,5.79049142200978e+02,sinkhorn_cellsim
2.970832e+01,10681,1.02032240921285e-02,5.82830716007397e-02,5.79055244768678e+02,sinkhorn_cellsim
2.976392e+01,10701,1.01806849144009e-02,5.82835828312692e-02,5.79061336467444e+02,sinkhorn_cellsim
2.981952e+01,10721,1.01576371469928e-02,5.82842630763280e-02,5.79067415491689e+02,sinkhorn_cellsim
2.987512e+01,10741,1.01327017325416e-02,5.82855743479316e-02,5.79073473077383e+02,sinkhorn_cellsim
2.993072e+01,10761,1.01060488642718e-02,5.82884012233499e-02,5.79079483923699e+02,sinkhorn_cellsim
2.998632e+01,10781,1.00804708311403e-02,5.82918103240807e-02,5.79085429315267e+02,sinkhorn_cellsim
3.004192e+01,10801,1.00577815816986e-02,5.82939708922427e-02,5.79091334795518e+02,sinkhorn_cellsim
3.009752e+01,10821,1.00346105004524e-02,5.82953478387945e-02,5.79097220124721e+02,sinkhorn_cellsim
3.015312e+01,10841,1.00134626240875e-02,5.82966064114315e-02,5.79103086097316e+02,sinkhorn_cellsim
3.020873e+01,10861,9.97641320318984e-03,5.82982684610227e-02,5.79108921314363e+02,sinkhorn_cellsim
3.026433e+01,10881,9.92776647903719e-03,5.83002651322884e-02,5.79114712214785e+02,sinkhorn_cellsim
3.031993e+01,10901,9.89405697134843e-03,5.83016618444110e-02,5.79120468330459e+02,sinkhorn_cellsim
3.037554e+01,10921,9.86238320116127e-03,5.83024163694319e-02,5.79126205045032e+02,sinkhorn_cellsim
3.043114e+01,10941,9.83294673021193e-03,5.83029097985384e-02,5.79131927670692e+02,sinkhorn_cellsim
3.048674e+01,10961,9.80755715216067e-03,5.83033203081498e-02,5.79137637500612e+02,sinkhorn_cellsim
3.054234e+01,10981,9.78711911698942e-03,5.83037088724190e-02,5.79143334729496e+02,sinkhorn_cellsim
3.059794e+01,11001,9.76677871024689e-03,5.83041050159641e-02,5.79149018962983e+02,sinkhorn_cellsim
3.065355e+01,11021,9.74481582128040e-03,5.83045435936637e-02,5.79154688818092e+02,sinkhorn_cellsim
3.070916e+01,11041,9.71684979551283e-03,5.83051020146686e-02,5.79160340023074e+02,sinkhorn_cellsim
3.076476e+01,11061,9.67361500600929e-03,5.83059438756348e-02,5.79165961674882e+02,sinkhorn_cellsim
3.082035e+01,11081,9.62852676654028e-03,5.83071599537510e-02,5.79171540877470e+02,sinkhorn_cellsim
3.087595e+01,11101,9.58401426913091e-03,5.83084201751561e-02,5.79177083363787e+02,sinkhorn_cellsim
3.093156e+01,11121,9.54501082445234e-03,5.83094596838791e-02,5.79182604277449e+02,sinkhorn_cellsim
3.098716e+01,11141,9.50948436252643e-03,5.83103879032911e-02,5.79188109802238e+02,sinkhorn_cellsim
3.104276e+01,11161,9.47694372375106e-03,5.83115119743020e-02,5.79193598786012e+02,sinkhorn_cellsim
3.109835e+01,11181,9.44587536239404e-03,5.83140932895988e-02,5.79199052438710e+02,sinkhorn_cellsim
3.115395e+01,11201,9.41642027809735e-03,5.83205931866825e-02,5.79204407244362e+02,sinkhorn_cellsim
3.120955e+01,11221,9.38797342095528e-03,5.83289612303333e-02,5.79209626708934e+02,sinkhorn_cellsim
3.126515e+01,11241,9.36010606960190e-03,5.83352504422761e-02,5.79214748029408e+02,sinkhorn_cellsim
3.132075e+01,11261,9.33257691899264e-03,5.83387889151093e-02,5.79219825617316e+02,sinkhorn_cellsim
3.137635e+01,11281,9.30490771775755e-03,5.83411122569082e-02,5.79224881053495e+02,sinkhorn_cellsim
3.143194e+01,11301,9.27486263329832e-03,5.83429680527342e-02,5.79229919261576e+02,sinkhorn_cellsim
3.148754e+01,11321,9.23529152634280e-03,5.83448964092720e-02,5.79234935646832e+02,sinkhorn_cellsim
3.154314e+01,11341,9.18675567973832e-03,5.83474115524688e-02,5.79239914771130e+02,sinkhorn_cellsim
3.159874e+01,11361,9.13530702054031e-03,5.83501936549902e-02,5.79244840730833e+02,sinkhorn_cellsim
3.165433e+01,11381,9.08768079273705e-03,5.83524568033440e-02,5.79249713432286e+02,sinkhorn_cellsim
3.170994e+01,11401,9.04370299254318e-03,5.83540096327336e-02,5.79254549678991e+02,sinkhorn_cellsim
3.176553e+01,11421,9.00365060665075e-03,5.83550815667537e-02,5.79259366348934e+02,sinkhorn_cellsim
3.182113e+01,11441,8.96607186550064e-03,5.83559410060439e-02,5.79264169366622e+02,sinkhorn_cellsim
3.187673e+01,11461,8.93018968370410e-03,5.83567328430650e-02,5.79268959535566e+02,sinkhorn_cellsim
3.193233e+01,11481,8.89553565567911e-03,5.83576128821518e-02,5.79273733397494e+02,sinkhorn_cellsim
3.198792e+01,11501,8.86156245029377e-03,5.83593527961600e-02,5.79278461843735e+02,sinkhorn_cellsim
3.204352e+01,11521,8.82906205670979e-03,5.83632251274738e-02,5.79283054755296e+02,sinkhorn_cellsim
3.209913e+01,11541,8.79600929136148e-03,5.83664520798812e-02,5.79287542439003e+02,sinkhorn_cellsim
3.215473e+01,11561,8.75886753813128e-03,5.83688166846407e-02,5.79291991338066e+02,sinkhorn_cellsim
3.221033e+01,11581,8.71045833874869e-03,5.83710953266866e-02,5.79296401422884e+02,sinkhorn_cellsim
3.226593e+01,11601,8.64464900613026e-03,5.83735704127752e-02,5.79300758868419e+02,sinkhorn_cellsim
3.232152e+01,11621,8.58371695995067e-03,5.83760176843988e-02,5.79305062752477e+02,sinkhorn_cellsim
3.237711e+01,11641,8.53732620976451e-03,5.83780808759209e-02,5.79309331586131e+02,sinkhorn_cellsim
3.243270e+01,11661,8.50004529236620e-03,5.83797884671868e-02,5.79313577005130e+02,sinkhorn_cellsim
3.248829e+01,11681,8.47045860736199e-03,5.83812557057958e-02,5.79317802544443e+02,sinkhorn_cellsim
3.254416e+01,11701,8.44604114462662e-03,5.83825499167754e-02,5.79322009616977e+02,sinkhorn_cellsim
3.259980e+01,11721,8.42528783037333e-03,5.83837069609750e-02,5.79326199128650e+02,sinkhorn_cellsim
3.265539e+01,11741,8.40616849670783e-03,5.83847490569675e-02,5.79330371905118e+02,sinkhorn_cellsim
3.271100e+01,11761,8.38812737030206e-03,5.83856921698856e-02,5.79334528925077e+02,sinkhorn_cellsim
3.276659e+01,11781,8.37088392098997e-03,5.83865489167374e-02,5.79338671396292e+02,sinkhorn_cellsim
3.282219e+01,11801,8.35507131273657e-03,5.83873298469754e-02,5.79342800665067e+02,sinkhorn_cellsim
3.287778e+01,11821,8.34043277720682e-03,5.83880439847020e-02,5.79346918052267e+02,sinkhorn_cellsim
3.293338e+01,11841,8.32634079872184e-03,5.83886990797604e-02,5.79351024725639e+02,sinkhorn_cellsim
3.298897e+01,11861,8.31248372199813e-03,5.83893018714683e-02,5.79355121649065e+02,sinkhorn_cellsim
3.304456e+01,11881,8.29883605552597e-03,5.83898584154636e-02,5.79359209590103e+02,sinkhorn_cellsim
3.310016e+01,11901,8.28537355632758e-03,5.83903743620437e-02,5.79363289153942e+02,sinkhorn_cellsim
3.315576e+01,11921,8.27207344359274e-03,5.83908550941697e-02,5.79367360822709e+02,sinkhorn_cellsim
3.321136e+01,11941,8.25891442298256e-03,5.83913057223744e-02,5.79371424990920e+02,sinkhorn_cellsim
3.326696e+01,11961,8.24587634962518e-03,5.83917309989420e-02,5.79375481993993e+02,sinkhorn_cellsim
3.332255e+01,11981,8.23293859235061e-03,5.83921352676951e-02,5.79379532128216e+02,sinkhorn_cellsim
3.337816e+01,12001,8.22007264754458e-03,5.83925227580104e-02,5.79383575657845e+02,sinkhorn_cellsim
3.343375e+01,12021,8.20720833350226e-03,5.83928994675439e-02,5.79387612789493e+02,sinkhorn_cellsim
3.348935e+01,12041,8.19407903413010e-03,5.83932822011567e-02,5.79391643520909e+02,sinkhorn_cellsim
3.354495e+01,12061,8.17953833766234e-03,5.83937385403606e-02,5.79395666949460e+02,sinkhorn_cellsim
3.360056e+01,12081,8.15904529848068e-03,5.83945302956320e-02,5.79399678529084e+02,sinkhorn_cellsim
3.365615e+01,12101,8.12152903642148e-03,5.83962439315638e-02,5.79403663926064e+02,sinkhorn_cellsim
3.371174e+01,12121,8.07332751671555e-03,5.83985285635359e-02,5.79407606864704e+02,sinkhorn_cellsim
3.376733e+01,12141,8.03182311401097e-03,5.83998717888650e-02,5.79411516215035e+02,sinkhorn_cellsim
3.382293e+01,12161,7.99633000241848e-03,5.84005053506645e-02,5.79415406208299e+02,sinkhorn_cellsim
3.387851e+01,12181,7.96111673160549e-03,5.84010726809501e-02,5.79419278040146e+02,sinkhorn_cellsim
3.393410e+01,12201,7.92915352676361e-03,5.84018977323392e-02,5.79423121947126e+02,sinkhorn_cellsim
3.398968e+01,12221,7.90155939406375e-03,5.84028815931352e-02,5.79426931847849e+02,sinkhorn_cellsim
3.404527e+01,12241,7.87870464778298e-03,5.84036358802082e-02,5.79430719668644e+02,sinkhorn_cellsim
3.410085e+01,12261,7.86244858339003e-03,5.84041234668456e-02,5.79434497114792e+02,sinkhorn_cellsim
3.415644e+01,12281,7.84622853477645e-03,5.84044791177450e-02,5.79438268129432e+02,sinkhorn_cellsim
3.421203e+01,12301,7.82899017623872e-03,5.84048136279556e-02,5.79442032890231e+02,sinkhorn_cellsim
3.426762e+01,12321,7.80651623078939e-03,5.84052792542055e-02,5.79445787696849e+02,sinkhorn_cellsim
3.432320e+01,12341,7.76854411858868e-03,5.84061816703637e-02,5.79449520592054e+02,sinkhorn_cellsim
3.437880e+01,12361,7.71188705351569e-03,5.84076261861060e-02,5.79453216021983e+02,sinkhorn_cellsim
3.443439e+01,12381,7.66306855395374e-03,5.84089169312194e-02,5.79456881037055e+02,sinkhorn_cellsim
3.448999e+01,12401,7.63042284864743e-03,5.84096974169523e-02,5.79460533512515e+02,sinkhorn_cellsim
3.454557e+01,12421,7.60714522139878e-03,5.84101725658360e-02,5.79464180145000e+02,sinkhorn_cellsim
3.460117e+01,12441,7.58896559275705e-03,5.84105167634074e-02,5.79467822290104e+02,sinkhorn_cellsim
3.465676e+01,12461,7.57249638230199e-03,5.84108079994671e-02,5.79471460319770e+02,sinkhorn_cellsim
3.471235e+01,12481,7.55564840167934e-03,5.84110806476775e-02,5.79475094410550e+02,sinkhorn_cellsim
3.476794e+01,12501,7.53836617850356e-03,5.84113539487633e-02,5.79478724644380e+02,sinkhorn_cellsim
3.482354e+01,12521,7.52052611918616e-03,5.84116446631174e-02,5.79482350995883e+02,sinkhorn_cellsim
3.487913e+01,12541,7.50186853810539e-03,5.84119747504534e-02,5.79485973269985e+02,sinkhorn_cellsim
3.493472e+01,12561,7.48192005225704e-03,5.84123770879923e-02,5.79489591001726e+02,sinkhorn_cellsim
3.499032e+01,12581,7.46001532600402e-03,5.84128938925095e-02,5.79493203385923e+02,sinkhorn_cellsim
3.504591e+01,12601,7.43568562775515e-03,5.84135526998734e-02,5.79496809450969e+02,sinkhorn_cellsim
3.510150e+01,12621,7.40949965859901e-03,5.84143179795150e-02,5.79500408696921e+02,sinkhorn_cellsim
3.515709e+01,12641,7.38502790930293e-03,5.84150799707891e-02,5.79504001746184e+02,sinkhorn_cellsim
3.521268e+01,12661,7.36802448007417e-03,5.84157343078303e-02,5.79507590015541e+02,sinkhorn_cellsim
3.526828e+01,12681,7.35256200581829e-03,5.84162533130224e-02,5.79511174755630e+02,sinkhorn_cellsim
3.532386e+01,12701,7.33756530431172e-03,5.84166663662969e-02,5.79514756659637e+02,sinkhorn_cellsim
3.537946e+01,12721,7.32275921413700e-03,5.84170131836430e-02,5.79518336041942e+02,sinkhorn_cellsim
3.543505e+01,12741,7.30817339785504e-03,5.84173227537241e-02,5.79521913057891e+02,sinkhorn_cellsim
3.549064e+01,12761,7.29383261062021e-03,5.84176120325261e-02,5.79525487808196e+02,sinkhorn_cellsim
3.554623e+01,12781,7.27975687857714e-03,5.84178899507910e-02,5.79529060373726e+02,sinkhorn_cellsim
3.560183e+01,12801,7.26596181481045e-03,5.84181609546077e-02,5.79532630825098e+02,sinkhorn_cellsim
3.565742e+01,12821,7.25245901909980e-03,5.84184271844384e-02,5.79536199224935e+02,sinkhorn_cellsim
3.571301e+01,12841,7.23925651857599e-03,5.84186896551590e-02,5.79539765628222e+02,sinkhorn_cellsim
3.576860e+01,12861,7.22641808581930e-03,5.84189488588107e-02,5.79543330082239e+02,sinkhorn_cellsim
3.582418e+01,12881,7.21395485922979e-03,5.84192050620418e-02,5.79546892626467e+02,sinkhorn_cellsim
3.587977e+01,12901,7.20179012967457e-03,5.84194584479202e-02,5.79550453292611e+02,sinkhorn_cellsim
3.593536e+01,12921,7.18992259710607e-03,5.84197091795498e-02,5.79554012104807e+02,sinkhorn_cellsim
3.599095e+01,12941,7.17853776228861e-03,5.84199574253338e-02,5.79557569080029e+02,sinkhorn_cellsim
3.604654e+01,12961,7.16761009424787e-03,5.84202033693490e-02,5.79561124228528e+02,sinkhorn_cellsim
3.610213e+01,12981,7.15747083367338e-03,5.84204472315702e-02,5.79564677553503e+02,sinkhorn_cellsim
3.615772e+01,13001,7.14772628701820e-03,5.84206893552275e-02,5.79568229047120e+02,sinkhorn_cellsim
3.621331e+01,13021,7.13851335667754e-03,5.84209305452135e-02,5.79571778672899e+02,sinkhorn_cellsim
3.626890e+01,13041,7.12967915359324e-03,5.84211732880638e-02,5.79575326301004e+02,sinkhorn_cellsim
3.632449e+01,13061,7.12097643175492e-03,5.84214260090340e-02,5.79578871485589e+02,sinkhorn_cellsim
3.638007e+01,13081,7.11225799118148e-03,5.84217172516301e-02,5.79582412742058e+02,sinkhorn_cellsim
3.644465e+01,13101,7.10271104859686e-03,5.84221366683941e-02,5.79585945511943e+02,sinkhorn_cellsim
3.650024e+01,13121,7.08915381246181e-03,5.84229111785824e-02,5.79589458541256e+02,sinkhorn_cellsim
3.655583e+01,13141,7.06344545198087e-03,5.84243978514181e-02,5.79592934454754e+02,sinkhorn_cellsim
3.661141e+01,13161,7.02821424174555e-03,5.84265572631758e-02,5.79596362706676e+02,sinkhorn_cellsim
3.666698e+01,13181,7.00379048805365e-03,5.84282790620074e-02,5.79599754835325e+02,sinkhorn_cellsim
3.672260e+01,13201,6.97776651618089e-03,5.84290919019543e-02,5.79603130435924e+02,sinkhorn_cellsim
3.677818e+01,13221,6.95340296323506e-03,5.84294557607012e-02,5.79606498073856e+02,sinkhorn_cellsim
3.683376e+01,13241,6.93232579095268e-03,5.84296842628951e-02,5.79609860535316e+02,sinkhorn_cellsim
3.688934e+01,13261,6.91478058040866e-03,5.84298836959506e-02,5.79613219137178e+02,sinkhorn_cellsim
3.694492e+01,13281,6.90331586063675e-03,5.84300833618431e-02,5.79616574643234e+02,sinkhorn_cellsim
3.700050e+01,13301,6.89511344031221e-03,5.84302906148025e-02,5.79619927513885e+02,sinkhorn_cellsim
3.705608e+01,13321,6.88783715201905e-03,5.84305074048694e-02,5.79623278023308e+02,sinkhorn_cellsim
3.711167e+01,13341,6.88047526082425e-03,5.84307348110323e-02,5.79626626323067e+02,sinkhorn_cellsim
3.716724e+01,13361,6.87302428373595e-03,5.84309742517792e-02,5.79629972476525e+02,sinkhorn_cellsim
3.722282e+01,13381,6.86531668891775e-03,5.84312277934223e-02,5.79633316476348e+02,sinkhorn_cellsim
3.727840e+01,13401,6.85726687095724e-03,5.84314981857398e-02,5.79636658251703e+02,sinkhorn_cellsim
3.733398e+01,13421,6.84922879592733e-03,5.84317887800604e-02,5.79639997667639e+02,sinkhorn_cellsim
3.738956e+01,13441,6.84101531947891e-03,5.84321034162340e-02,5.79643334513591e+02,sinkhorn_cellsim
3.744514e+01,13461,6.83213126372860e-03,5.84324465421282e-02,5.79646668465024e+02,sinkhorn_cellsim
3.750072e+01,13481,6.82230169442138e-03,5.84328243792662e-02,5.79649998969024e+02,sinkhorn_cellsim
3.755630e+01,13501,6.81057607516990e-03,5.84332491092750e-02,5.79653324928558e+02,sinkhorn_cellsim
3.761189e+01,13521,6.79513814051514e-03,5.84337491568251e-02,5.79656643953644e+02,sinkhorn_cellsim
3.766747e+01,13541,6.77287483339635e-03,5.84343819886554e-02,5.79659951196759e+02,sinkhorn_cellsim
3.772305e+01,13561,6.74172980018960e-03,5.84352082432238e-02,5.79663239846583e+02,sinkhorn_cellsim
3.777862e+01,13581,6.71055663581426e-03,5.84361754138092e-02,5.79666507263590e+02,sinkhorn_cellsim
3.783420e+01,13601,6.68818986515190e-03,5.84370975697259e-02,5.79669759400903e+02,sinkhorn_cellsim
3.788979e+01,13621,6.67096295570771e-03,5.84378596860082e-02,5.79673003365618e+02,sinkhorn_cellsim
3.794537e+01,13641,6.65595771604077e-03,5.84384773955351e-02,5.79676242384416e+02,sinkhorn_cellsim
3.800095e+01,13661,6.64343276718315e-03,5.84390020816808e-02,5.79679477465613e+02,sinkhorn_cellsim
3.805654e+01,13681,6.63298964562594e-03,5.84394712396946e-02,5.79682708975870e+02,sinkhorn_cellsim
3.811212e+01,13701,6.62447034818238e-03,5.84399059285403e-02,5.79685937118901e+02,sinkhorn_cellsim
3.816771e+01,13721,6.61839279299116e-03,5.84403175495710e-02,5.79689162040341e+02,sinkhorn_cellsim
3.822329e+01,13741,6.61349469026709e-03,5.84407129506642e-02,5.79692383835579e+02,sinkhorn_cellsim
3.827887e+01,13761,6.60883082010003e-03,5.84410979857165e-02,5.79695602496081e+02,sinkhorn_cellsim
3.833445e+01,13781,6.60417368510169e-03,5.84414821479457e-02,5.79698817712616e+02,sinkhorn_cellsim
3.839004e+01,13801,6.59951664226197e-03,5.84418894373683e-02,5.79702028250965e+02,sinkhorn_cellsim
3.844561e+01,13821,6.59485207013788e-03,5.84423823405454e-02,5.79705230267539e+02,sinkhorn_cellsim
3.850120e+01,13841,6.59016826591094e-03,5.84430664858266e-02,5.79708414894678e+02,sinkhorn_cellsim
3.855678e+01,13861,6.58544151355104e-03,5.84439202991225e-02,5.79711572579590e+02,sinkhorn_cellsim
3.861237e+01,13881,6.58062451624769e-03,5.84446929016319e-02,5.79714706835350e+02,sinkhorn_cellsim
3.866795e+01,13901,6.57564974605091e-03,5.84453223810843e-02,5.79717828240969e+02,sinkhorn_cellsim
3.872352e+01,13921,6.57046012044432e-03,5.84459153489099e-02,5.79720941220141e+02,sinkhorn_cellsim
3.877910e+01,13941,6.56503012165931e-03,5.84465308291412e-02,5.79724045847659e+02,sinkhorn_cellsim
3.883468e+01,13961,6.55934753099114e-03,5.84471731609480e-02,5.79727141377025e+02,sinkhorn_cellsim
3.889026e+01,13981,6.55335411174509e-03,5.84478174275543e-02,5.79730227589498e+02,sinkhorn_cellsim
3.894584e+01,14001,6.54678715311993e-03,5.84484360978758e-02,5.79733304939547e+02,sinkhorn_cellsim
3.900142e+01,14021,6.53911499200862e-03,5.84490326716291e-02,5.79736373704120e+02,sinkhorn_cellsim
3.905700e+01,14041,6.53147121946589e-03,5.84496854251434e-02,5.79739431950774e+02,sinkhorn_cellsim
3.911258e+01,14061,6.52124559378326e-03,5.84505751161405e-02,5.79742472546907e+02,sinkhorn_cellsim
3.916816e+01,14081,6.51087890867168e-03,5.84517460592874e-02,5.79745486536434e+02,sinkhorn_cellsim
3.922374e+01,14101,6.50001891925011e-03,5.84528121593077e-02,5.79748477907067e+02,sinkhorn_cellsim
3.927933e+01,14121,6.48788152300087e-03,5.84535652326676e-02,5.79751457780254e+02,sinkhorn_cellsim
3.933491e+01,14141,6.47692447966404e-03,5.84541104850077e-02,5.79754431279850e+02,sinkhorn_cellsim
3.939050e+01,14161,6.46828447553575e-03,5.84545492697717e-02,5.79757400030867e+02,sinkhorn_cellsim
3.944608e+01,14181,6.46008504936237e-03,5.84549300456823e-02,5.79760364790492e+02,sinkhorn_cellsim
3.950166e+01,14201,6.45225800495539e-03,5.84552750642433e-02,5.79763326034015e+02,sinkhorn_cellsim
3.955724e+01,14221,6.44431885571718e-03,5.84555958634893e-02,5.79766284092549e+02,sinkhorn_cellsim
3.961282e+01,14241,6.43626104883224e-03,5.84558994419741e-02,5.79769239205876e+02,sinkhorn_cellsim
3.966840e+01,14261,6.42810387992381e-03,5.84561911280178e-02,5.79772191541931e+02,sinkhorn_cellsim
3.972398e+01,14281,6.41975187190002e-03,5.84564775320276e-02,5.79775141175481e+02,sinkhorn_cellsim
3.977955e+01,14301,6.41095873994421e-03,5.84567742841678e-02,5.79778087951207e+02,sinkhorn_cellsim
3.983513e+01,14321,6.40075828973254e-03,5.84571322956580e-02,5.79781030946188e+02,sinkhorn_cellsim
3.989071e+01,14341,6.38577729409686e-03,5.84577144609627e-02,5.79783966709620e+02,sinkhorn_cellsim
3.994629e+01,14361,6.36376214154166e-03,5.84588669930044e-02,5.79786885881150e+02,sinkhorn_cellsim
4.000187e+01,14381,6.33464008688281e-03,5.84605898701152e-02,5.79789776884859e+02,sinkhorn_cellsim
4.005745e+01,14401,6.31021688305794e-03,5.84619783326287e-02,5.79792643121621e+02,sinkhorn_cellsim
4.011303e+01,14421,6.29583153966345e-03,5.84627272914525e-02,5.79795496639349e+02,sinkhorn_cellsim
4.016861e+01,14441,6.28229164476224e-03,5.84631759326426e-02,5.79798343620822e+02,sinkhorn_cellsim
4.022419e+01,14461,6.26737640673336e-03,5.84635627824052e-02,5.79801185712496e+02,sinkhorn_cellsim
4.027977e+01,14481,6.24947182909436e-03,5.84640537301073e-02,5.79804021810397e+02,sinkhorn_cellsim
4.033534e+01,14501,6.22400174729210e-03,5.84649257442507e-02,5.79806846420266e+02,sinkhorn_cellsim
4.039093e+01,14521,6.19282002375794e-03,5.84664839700990e-02,5.79809647666839e+02,sinkhorn_cellsim
4.044651e+01,14541,6.15186485686024e-03,5.84682020195369e-02,5.79812418386575e+02,sinkhorn_cellsim
4.050210e+01,14561,6.11554275846816e-03,5.84692766007031e-02,5.79815167596967e+02,sinkhorn_cellsim
4.055767e+01,14581,6.08624474655285e-03,5.84699118214678e-02,5.79817904905236e+02,sinkhorn_cellsim
4.061326e+01,14601,6.05987906540519e-03,5.84704780611826e-02,5.79820633070176e+02,sinkhorn_cellsim
4.066884e+01,14621,6.03573969373840e-03,5.84712539878281e-02,5.79823348803341e+02,sinkhorn_cellsim
4.072462e+01,14641,6.01294186494198e-03,5.84725674662119e-02,5.79826042152775e+02,sinkhorn_cellsim
4.078024e+01,14661,5.99161861473068e-03,5.84743159269252e-02,5.79828706306714e+02,sinkhorn_cellsim
4.083583e+01,14681,5.97123052565993e-03,5.84757003593527e-02,5.79831351551724e+02,sinkhorn_cellsim
4.089141e+01,14701,5.95160207661865e-03,5.84764816724621e-02,5.79833989193726e+02,sinkhorn_cellsim
4.094700e+01,14721,5.93503229031514e-03,5.84769455227106e-02,5.79836622440649e+02,sinkhorn_cellsim
4.100258e+01,14741,5.92101305809259e-03,5.84772975525869e-02,5.79839251726270e+02,sinkhorn_cellsim
4.105817e+01,14761,5.90675293722979e-03,5.84776205989728e-02,5.79841877076985e+02,sinkhorn_cellsim
4.111375e+01,14781,5.89270420121926e-03,5.84779464036834e-02,5.79844498462304e+02,sinkhorn_cellsim
4.116933e+01,14801,5.87819880600178e-03,5.84782900033404e-02,5.79847115818237e+02,sinkhorn_cellsim
4.122491e+01,14821,5.86332337843250e-03,5.84786608378937e-02,5.79849729042365e+02,sinkhorn_cellsim
4.128050e+01,14841,5.84823447608123e-03,5.84790656001380e-02,5.79852337997816e+02,sinkhorn_cellsim
4.133608e+01,14861,5.83271252152061e-03,5.84795085697548e-02,5.79854942528627e+02,sinkhorn_cellsim
4.139166e+01,14881,5.81638820811624e-03,5.84799914097506e-02,5.79857542481142e+02,sinkhorn_cellsim
4.144724e+01,14901,5.79934350048406e-03,5.84805131445465e-02,5.79860137724692e+02,sinkhorn_cellsim
4.150282e+01,14921,5.78376679713056e-03,5.84810705286712e-02,5.79862728166910e+02,sinkhorn_cellsim
4.155839e+01,14941,5.77184854305640e-03,5.84816587301418e-02,5.79865313761972e+02,sinkhorn_cellsim
4.161397e+01,14961,5.76094468729638e-03,5.84822721230797e-02,5.79867894511772e+02,sinkhorn_cellsim
4.166954e+01,14981,5.75058868905666e-03,5.84829050081165e-02,5.79870470460271e+02,sinkhorn_cellsim
4.172512e+01,15001,5.74106085839130e-03,5.84835522019556e-02,5.79873041680078e+02,sinkhorn_cellsim
4.178071e+01,15021,5.73216025824123e-03,5.84842095973128e-02,5.79875608246768e+02,sinkhorn_cellsim
4.183629e+01,15041,5.72312959794293e-03,5.84848750131648e-02,5.79878170186364e+02,sinkhorn_cellsim
4.189186e+01,15061,5.71435856424317e-03,5.84855500874916e-02,5.79880727355694e+02,sinkhorn_cellsim
4.194745e+01,15081,5.70472510323182e-03,5.84862448491905e-02,5.79883279157796e+02,sinkhorn_cellsim
4.200302e+01,15101,5.69220752261240e-03,5.84869874407138e-02,5.79885823914248e+02,sinkhorn_cellsim
4.205859e+01,15121,5.67462833933724e-03,5.84878360122368e-02,5.79888357880001e+02,sinkhorn_cellsim
4.211417e+01,15141,5.65813603914864e-03,5.84888581316152e-02,5.79890875334783e+02,sinkhorn_cellsim
4.216975e+01,15161,5.64246420897765e-03,5.84900247842937e-02,5.79893373019717e+02,sinkhorn_cellsim
4.222532e+01,15181,5.62763550481937e-03,5.84911691454611e-02,5.79895854793002e+02,sinkhorn_cellsim
4.228090e+01,15201,5.61403828619243e-03,5.84921753355083e-02,5.79898326952633e+02,sinkhorn_cellsim
4.233648e+01,15221,5.60311653311326e-03,5.84930588737659e-02,5.79900792921977e+02,sinkhorn_cellsim
4.239207e+01,15241,5.59271930245487e-03,5.84938736560023e-02,5.79903253777150e+02,sinkhorn_cellsim
4.244764e+01,15261,5.58296645574046e-03,5.84946583032586e-02,5.79905709718849e+02,sinkhorn_cellsim
4.250323e+01,15281,5.57272997128301e-03,5.84954342443175e-02,5.79908160673756e+02,sinkhorn_cellsim
4.255881e+01,15301,5.56168137776588e-03,5.84962144462439e-02,5.79910606447957e+02,sinkhorn_cellsim
4.261438e+01,15321,5.54938994489025e-03,5.84970107979664e-02,5.79913046717078e+02,sinkhorn_cellsim
4.266996e+01,15341,5.53551136082462e-03,5.84978389910089e-02,5.79915480946753e+02,sinkhorn_cellsim
4.272554e+01,15361,5.51883006189873e-03,5.84987198581031e-02,5.79917908310476e+02,sinkhorn_cellsim
4.278112e+01,15381,5.49837470838865e-03,5.84996752791152e-02,5.79920327694075e+02,sinkhorn_cellsim
4.283669e+01,15401,5.47377122806221e-03,5.85007180085183e-02,5.79922737875624e+02,sinkhorn_cellsim
4.289227e+01,15421,5.44681387962706e-03,5.85018395677665e-02,5.79925137885298e+02,sinkhorn_cellsim
4.294784e+01,15441,5.41998196104064e-03,5.85030058091320e-02,5.79927527382676e+02,sinkhorn_cellsim
4.300342e+01,15461,5.39384946575995e-03,5.85041668883633e-02,5.79929906803140e+02,sinkhorn_cellsim
4.305899e+01,15481,5.36811649955678e-03,5.85052756508465e-02,5.79932277183800e+02,sinkhorn_cellsim
4.311457e+01,15501,5.34286858549030e-03,5.85063011440688e-02,5.79934639826603e+02,sinkhorn_cellsim
4.317014e+01,15521,5.31888266354088e-03,5.85072310547703e-02,5.79936996010260e+02,sinkhorn_cellsim
4.322573e+01,15541,5.29642855475514e-03,5.85080667391015e-02,5.79939346838717e+02,sinkhorn_cellsim
4.328130e+01,15561,5.27547030921678e-03,5.85088167965437e-02,5.79941693201563e+02,sinkhorn_cellsim
4.333688e+01,15581,5.25609601960447e-03,5.85094923254705e-02,5.79944035792159e+02,sinkhorn_cellsim
4.339246e+01,15601,5.23856271699130e-03,5.85101043054608e-02,5.79946375144485e+02,sinkhorn_cellsim
4.344804e+01,15621,5.22329275160804e-03,5.85106624910054e-02,5.79948711669823e+02,sinkhorn_cellsim
4.350362e+01,15641,5.20947261189595e-03,5.85111751386945e-02,5.79951045686791e+02,sinkhorn_cellsim
4.355919e+01,15661,5.19715707783735e-03,5.85116491178537e-02,5.79953377443804e+02,sinkhorn_cellsim
4.361478e+01,15681,5.18730574127859e-03,5.85120901690420e-02,5.79955707134748e+02,sinkhorn_cellsim
4.367036e+01,15701,5.17871887358052e-03,5.85125032182914e-02,5.79958034908665e+02,sinkhorn_cellsim
4.372593e+01,15721,5.17073485159099e-03,5.85128927614548e-02,5.79960360872838e+02,sinkhorn_cellsim
4.378152e+01,15741,5.16323340093558e-03,5.85132634934645e-02,5.79962685084311e+02,sinkhorn_cellsim
4.383710e+01,15761,5.15620287261918e-03,5.85136218251833e-02,5.79965007510307e+02,sinkhorn_cellsim
4.389268e+01,15781,5.14969228674715e-03,5.85139805441776e-02,5.79967327886690e+02,sinkhorn_cellsim
4.394826e+01,15801,5.14213921154872e-03,5.85143742096885e-02,5.79969645229378e+02,sinkhorn_cellsim
4.400384e+01,15821,5.13050976081100e-03,5.85149055666910e-02,5.79971956274861e+02,sinkhorn_cellsim
4.405943e+01,15841,5.10838314761374e-03,5.85158254914409e-02,5.79974251969956e+02,sinkhorn_cellsim
4.411502e+01,15861,5.08269494482923e-03,5.85173677367518e-02,5.79976517852418e+02,sinkhorn_cellsim
4.417059e+01,15881,5.04918050451234e-03,5.85191477538343e-02,5.79978751622189e+02,sinkhorn_cellsim
4.422618e+01,15901,5.01969291634674e-03,5.85207175312593e-02,5.79980964345821e+02,sinkhorn_cellsim
4.428176e+01,15921,4.99455786088828e-03,5.85222019607523e-02,5.79983159118861e+02,sinkhorn_cellsim
4.433734e+01,15941,4.97118760251571e-03,5.85236821957913e-02,5.79985333755250e+02,sinkhorn_cellsim
4.439292e+01,15961,4.94927731142350e-03,5.85249899364924e-02,5.79987489488243e+02,sinkhorn_cellsim
4.444850e+01,15981,4.92940107741248e-03,5.85260997712017e-02,5.79989629673646e+02,sinkhorn_cellsim
4.450409e+01,16001,4.90812840540123e-03,5.85271938535620e-02,5.79991754953011e+02,sinkhorn_cellsim
4.455967e+01,16021,4.87893207762953e-03,5.85284867073937e-02,5.79993861919376e+02,sinkhorn_cellsim
4.461526e+01,16041,4.85118210481453e-03,5.85300749927013e-02,5.79995945229347e+02,sinkhorn_cellsim
4.467084e+01,16061,4.81840573634151e-03,5.85317869698940e-02,5.79998003339538e+02,sinkhorn_cellsim
4.472643e+01,16081,4.78013488400756e-03,5.85335326359264e-02,5.80000037067329e+02,sinkhorn_cellsim
4.478201e+01,16101,4.74128840607126e-03,5.85356131369125e-02,5.80002040123035e+02,sinkhorn_cellsim
4.483759e+01,16121,4.70686606290093e-03,5.85378776351132e-02,5.80004007932185e+02,sinkhorn_cellsim
4.489317e+01,16141,4.67090504059882e-03,5.85396239439178e-02,5.80005952101792e+02,sinkhorn_cellsim
4.494876e+01,16161,4.63563829633663e-03,5.85407988917925e-02,5.80007884511780e+02,sinkhorn_cellsim
4.500434e+01,16181,4.60268910671205e-03,5.85416660417796e-02,5.80009809608095e+02,sinkhorn_cellsim
4.505993e+01,16201,4.57182015174735e-03,5.85423906705872e-02,5.80011728777860e+02,sinkhorn_cellsim
4.511551e+01,16221,4.54329341913376e-03,5.85430470284859e-02,5.80013642655600e+02,sinkhorn_cellsim
4.517109e+01,16241,4.51626414781122e-03,5.85436660334697e-02,5.80015551695343e+02,sinkhorn_cellsim
4.522667e+01,16261,4.49046724028235e-03,5.85442596546022e-02,5.80017456283110e+02,sinkhorn_cellsim
4.528226e+01,16281,4.46582644434328e-03,5.85448319287204e-02,5.80019356753664e+02,sinkhorn_cellsim
4.533784e+01,16301,4.44224934983397e-03,5.85453838772980e-02,5.80021253392337e+02,sinkhorn_cellsim
4.539344e+01,16321,4.41969697067424e-03,5.85459156458507e-02,5.80023146437566e+02,sinkhorn_cellsim
4.544902e+01,16341,4.39953557848234e-03,5.85464273851117e-02,5.80025036086015e+02,sinkhorn_cellsim
4.550462e+01,16361,4.38142376583557e-03,5.85469195727400e-02,5.80026922499649e+02,sinkhorn_cellsim
4.556021e+01,16381,4.36433684350607e-03,5.85473930909381e-02,5.80028805813841e+02,sinkhorn_cellsim
4.561579e+01,16401,4.34852398332772e-03,5.85478491964987e-02,5.80030686145779e+02,sinkhorn_cellsim
4.567137e+01,16421,4.33369815220302e-03,5.85482894390087e-02,5.80032563602492e+02,sinkhorn_cellsim
4.572696e+01,16441,4.31991944054522e-03,5.85487155498795e-02,5.80034438287894e+02,sinkhorn_cellsim
4.578255e+01,16461,4.30593914913810e-03,5.85491293148816e-02,5.80036310308314e+02,sinkhorn_cellsim
4.583813e+01,16481,4.29209770066481e-03,5.85495324430103e-02,5.80038179776135e+02,sinkhorn_cellsim
4.589372e+01,16501,4.27889491651866e-03,5.85499264471643e-02,5.80040046811341e+02,sinkhorn_cellsim
4.594930e+01,16521,4.26597466980585e-03,5.85503125527876e-02,5.80041911541081e+02,sinkhorn_cellsim
4.600489e+01,16541,4.25363768191983e-03,5.85506916476581e-02,5.80043774097549e+02,sinkhorn_cellsim
4.606048e+01,16561,4.24215021170121e-03,5.85510642813805e-02,5.80045634614543e+02,sinkhorn_cellsim
4.611605e+01,16581,4.23104878126938e-03,5.85514307242049e-02,5.80047493222733e+02,sinkhorn_cellsim
4.617164e+01,16601,4.22012126905612e-03,5.85517911216928e-02,5.80049350042099e+02,sinkhorn_cellsim
4.622722e+01,16621,4.20939892778223e-03,5.85521458972800e-02,5.80051205164940e+02,sinkhorn_cellsim
4.628280e+01,16641,4.19901102584525e-03,5.85524969727871e-02,5.80053058605657e+02,sinkhorn_cellsim
4.633838e+01,16661,4.18875789977043e-03,5.85528518297154e-02,5.80054910136451e+02,sinkhorn_cellsim
4.639396e+01,16681,4.17828480753123e-03,5.85532372497326e-02,5.80056758745282e+02,sinkhorn_cellsim
4.644954e+01,16701,4.16635130985800e-03,5.85537429747612e-02,5.80058600960404e+02,sinkhorn_cellsim
4.650513e+01,16721,4.14897989335733e-03,5.85546282646658e-02,5.80060426777522e+02,sinkhorn_cellsim
4.656071e+01,16741,4.11788833876852e-03,5.85563676410717e-02,5.80062216186496e+02,sinkhorn_cellsim
4.661629e+01,16761,4.07778948678280e-03,5.85589431287371e-02,5.80063954052223e+02,sinkhorn_cellsim
4.667187e+01,16781,4.04994441705202e-03,5.85611558280166e-02,5.80065655186627e+02,sinkhorn_cellsim
4.672746e+01,16801,4.02908657933535e-03,5.85623950601775e-02,5.80067342894215e+02,sinkhorn_cellsim
4.678304e+01,16821,4.01261858931743e-03,5.85630227674465e-02,5.80069026475772e+02,sinkhorn_cellsim
4.683863e+01,16841,3.99817115143779e-03,5.85633912355596e-02,5.80070708048502e+02,sinkhorn_cellsim
4.689421e+01,16861,3.98525091593977e-03,5.85636609400775e-02,5.80072388134880e+02,sinkhorn_cellsim
4.694980e+01,16881,3.97350326901129e-03,5.85638934260252e-02,5.80074066937290e+02,sinkhorn_cellsim
4.700538e+01,16901,3.96267958207784e-03,5.85641114898392e-02,5.80075744568477e+02,sinkhorn_cellsim
4.706097e+01,16921,3.95262266858214e-03,5.85643234876802e-02,5.80077421102632e+02,sinkhorn_cellsim
4.711655e+01,16941,3.94355666338691e-03,5.85645324042679e-02,5.80079096591124e+02,sinkhorn_cellsim
4.717214e+01,16961,3.93614982535592e-03,5.85647393535884e-02,5.80080771066610e+02,sinkhorn_cellsim
4.722772e+01,16981,3.92935843910508e-03,5.85649453222150e-02,5.80082444535184e+02,sinkhorn_cellsim
4.728329e+01,17001,3.92266479486984e-03,5.85651532800660e-02,5.80084116936217e+02,sinkhorn_cellsim
4.733888e+01,17021,3.91625203489433e-03,5.85653740169738e-02,5.80085787992989e+02,sinkhorn_cellsim
4.739447e+01,17041,3.90989724721561e-03,5.85656450554810e-02,5.80087456698174e+02,sinkhorn_cellsim
4.745005e+01,17061,3.90348181470963e-03,5.85660828742754e-02,5.80089119760996e+02,sinkhorn_cellsim
4.750564e+01,17081,3.89680492187170e-03,5.85669393698037e-02,5.80090768727002e+02,sinkhorn_cellsim
4.756122e+01,17101,3.88950801824363e-03,5.85683130446271e-02,5.80092392608936e+02,sinkhorn_cellsim
4.761681e+01,17121,3.88134127412060e-03,5.85696475929480e-02,5.80093993444272e+02,sinkhorn_cellsim
4.767239e+01,17141,3.87290148302275e-03,5.85705291880261e-02,5.80095583235802e+02,sinkhorn_cellsim
4.772798e+01,17161,3.86494831800889e-03,5.85710781098675e-02,5.80097168475579e+02,sinkhorn_cellsim
4.778355e+01,17181,3.85730239124709e-03,5.85714620983096e-02,5.80098751191917e+02,sinkhorn_cellsim
4.783914e+01,17201,3.85002339830275e-03,5.85717687782158e-02,5.80100332017985e+02,sinkhorn_cellsim
4.789472e+01,17221,3.84304012457014e-03,5.85720491435178e-02,5.80101910868123e+02,sinkhorn_cellsim
4.795030e+01,17241,3.83624519743693e-03,5.85723681080884e-02,5.80103486445745e+02,sinkhorn_cellsim
4.800588e+01,17261,3.82962024248342e-03,5.85728771275332e-02,5.80105054224336e+02,sinkhorn_cellsim
4.806147e+01,17281,3.82293879763521e-03,5.85738839245483e-02,5.80106602783202e+02,sinkhorn_cellsim
4.811706e+01,17301,3.81620778855642e-03,5.85755806687345e-02,5.80108116121210e+02,sinkhorn_cellsim
4.817264e+01,17321,3.80911036459565e-03,5.85775191299189e-02,5.80109588707876e+02,sinkhorn_cellsim
4.822822e+01,17341,3.80131149751354e-03,5.85790409843991e-02,5.80111030589531e+02,sinkhorn_cellsim
4.828380e+01,17361,3.79273706399186e-03,5.85799752102697e-02,5.80112457501584e+02,sinkhorn_cellsim
4.833938e+01,17381,3.78385571314418e-03,5.85805690537380e-02,5.80113877887963e+02,sinkhorn_cellsim
4.839496e+01,17401,3.77449972024492e-03,5.85810190185501e-02,5.80115294295419e+02,sinkhorn_cellsim
4.845055e+01,17421,3.76469693546380e-03,5.85814049543519e-02,5.80116707642448e+02,sinkhorn_cellsim
4.850614e+01,17441,3.75454246972573e-03,5.85817561785026e-02,5.80118118413015e+02,sinkhorn_cellsim
4.856173e+01,17461,3.74435722693195e-03,5.85820853866697e-02,5.80119526904481e+02,sinkhorn_cellsim
4.861732e+01,17481,3.73402633810941e-03,5.85823999478449e-02,5.80120933303862e+02,sinkhorn_cellsim
4.867290e+01,17501,3.72346549241540e-03,5.85827056222297e-02,5.80122337713805e+02,sinkhorn_cellsim
4.872847e+01,17521,3.71259300899198e-03,5.85830084650169e-02,5.80123740144822e+02,sinkhorn_cellsim
4.878405e+01,17541,3.70150876004555e-03,5.85833169944325e-02,5.80125140465092e+02,sinkhorn_cellsim
4.883963e+01,17561,3.68971397988632e-03,5.85836457277792e-02,5.80126538280985e+02,sinkhorn_cellsim
4.889521e+01,17581,3.67626783122742e-03,5.85840203575125e-02,5.80127932713007e+02,sinkhorn_cellsim
4.895079e+01,17601,3.65965849164314e-03,5.85844806646240e-02,5.80129322096350e+02,sinkhorn_cellsim
4.900637e+01,17621,3.64209668322324e-03,5.85850653597737e-02,5.80130703933820e+02,sinkhorn_cellsim
4.906195e+01,17641,3.62611334288381e-03,5.85857610270077e-02,5.80132075861311e+02,sinkhorn_cellsim
4.911754e+01,17661,3.60783007873140e-03,5.85864671629184e-02,5.80133437543790e+02,sinkhorn_cellsim
4.917313e+01,17681,3.58941180071901e-03,5.85870755361999e-02,5.80134791090480e+02,sinkhorn_cellsim
4.922871e+01,17701,3.57099096530661e-03,5.85875630748465e-02,5.80136139166656e+02,sinkhorn_cellsim
4.928429e+01,17721,3.55374088090749e-03,5.85879644089043e-02,5.80137483582644e+02,sinkhorn_cellsim
4.933987e+01,17741,3.53707597007622e-03,5.85883147026857e-02,5.80138825314725e+02,sinkhorn_cellsim
4.939547e+01,17761,3.52218707692639e-03,5.85886334366251e-02,5.80140164895480e+02,sinkhorn_cellsim
4.945105e+01,17781,3.50836459902326e-03,5.85889291856083e-02,5.80141502652230e+02,sinkhorn_cellsim
4.950663e+01,17801,3.49494164449359e-03,5.85892055217262e-02,5.80142838809261e+02,sinkhorn_cellsim
4.956221e+01,17821,3.48233301897489e-03,5.85894642174440e-02,5.80144173529898e+02,sinkhorn_cellsim
4.961780e+01,17841,3.47003746491839e-03,5.85897066140580e-02,5.80145506935748e+02,sinkhorn_cellsim
4.967339e+01,17861,3.45798335586177e-03,5.85899340986094e-02,5.80146839117240e+02,sinkhorn_cellsim
4.972898e+01,17881,3.44625769360359e-03,5.85901481920659e-02,5.80148170140666e+02,sinkhorn_cellsim
4.978456e+01,17901,3.43506626925818e-03,5.85903504900527e-02,5.80149500053581e+02,sinkhorn_cellsim
4.984014e+01,17921,3.42430503510627e-03,5.85905425695135e-02,5.80150828889219e+02,sinkhorn_cellsim
4.989573e+01,17941,3.41367030966293e-03,5.85907259096947e-02,5.80152156670098e+02,sinkhorn_cellsim
4.995132e+01,17961,3.40301743493046e-03,5.85909018421533e-02,5.80153483410886e+02,sinkhorn_cellsim
5.000690e+01,17981,3.39232441033178e-03,5.85910715285982e-02,5.80154809120618e+02,sinkhorn_cellsim
5.006250e+01,18001,3.38162326721971e-03,5.85912359594631e-02,5.80156133804362e+02,sinkhorn_cellsim
5.011809e+01,18021,3.37091772054697e-03,5.85913959655352e-02,5.80157457464423e+02,sinkhorn_cellsim
5.017367e+01,18041,3.36024267532384e-03,5.85915522363307e-02,5.80158780101214e+02,sinkhorn_cellsim
5.022926e+01,18061,3.34956070957569e-03,5.85917053408937e-02,5.80160101713845e+02,sinkhorn_cellsim
5.028485e+01,18081,3.33883255523392e-03,5.85918557483855e-02,5.80161422300510e+02,sinkhorn_cellsim
5.034044e+01,18101,3.32802889124220e-03,5.85920038470474e-02,5.80162741858714e+02,sinkhorn_cellsim
5.039603e+01,18121,3.31717337472513e-03,5.85921499609793e-02,5.80164060385361e+02,sinkhorn_cellsim
5.045162e+01,18141,3.30626960881143e-03,5.85922943646420e-02,5.80165377876728e+02,sinkhorn_cellsim
5.050720e+01,18161,3.29532125372761e-03,5.85924372952737e-02,5.80166694328328e+02,sinkhorn_cellsim
5.056279e+01,18181,3.28428988669914e-03,5.85925789635381e-02,5.80168009734664e+02,sinkhorn_cellsim
5.061838e+01,18201,3.27319587012330e-03,5.85927195627573e-02,5.80169324088871e+02,sinkhorn_cellsim
5.067396e+01,18221,3.26209964761721e-03,5.85928592770785e-02,5.80170637382232e+02,sinkhorn_cellsim
5.072955e+01,18241,3.25096198647197e-03,5.85929982888407e-02,5.80171949603570e+02,sinkhorn_cellsim
5.078514e+01,18261,3.23976753517982e-03,5.85931367852958e-02,5.80173260738497e+02,sinkhorn_cellsim
5.084073e+01,18281,3.22856675349801e-03,5.85932749646120e-02,5.80174570768532e+02,sinkhorn_cellsim
5.089632e+01,18301,3.21751454321225e-03,5.85934130407265e-02,5.80175879670117e+02,sinkhorn_cellsim
5.095191e+01,18321,3.20650300195644e-03,5.85935512460959e-02,5.80177187413589e+02,sinkhorn_cellsim
5.100751e+01,18341,3.19551318065441e-03,5.85936898306827e-02,5.80178493962248e+02,sinkhorn_cellsim
5.106310e+01,18361,3.18454980890575e-03,5.85938290547376e-02,5.80179799271687e+02,sinkhorn_cellsim
5.111869e+01,18381,3.17363945902061e-03,5.85939691724639e-02,5.80181103289633e+02,sinkhorn_cellsim
5.117428e+01,18401,3.16272946888538e-03,5.85941104040433e-02,5.80182405956436e+02,sinkhorn_cellsim
5.122987e+01,18421,3.15183348527220e-03,5.85942528954505e-02,5.80183707206041e+02,sinkhorn_cellsim
5.128546e+01,18441,3.14095738666163e-03,5.85943966690298e-02,5.80185006966596e+02,sinkhorn_cellsim
5.134105e+01,18461,3.13015605040945e-03,5.85945415710038e-02,5.80186305158772e+02,sinkhorn_cellsim
5.139663e+01,18481,3.11937849427598e-03,5.85946872215981e-02,5.80187601688684e+02,sinkhorn_cellsim
5.145221e+01,18501,3.10854641959371e-03,5.85948329665150e-02,5.80188896431594e+02,sinkhorn_cellsim
5.150779e+01,18521,3.09770174454936e-03,5.85949778198994e-02,5.80190189203188e+02,sinkhorn_cellsim
5.156338e+01,18541,3.08688793806414e-03,5.85951203950439e-02,5.80191479718703e+02,sinkhorn_cellsim
5.161896e+01,18561,3.07615770789995e-03,5.85952588683813e-02,5.80192767549353e+02,sinkhorn_cellsim
5.167454e+01,18581,3.06540220687488e-03,5.85953911404368e-02,5.80194052104585e+02,sinkhorn_cellsim
5.173013e+01,18601,3.05473675810972e-03,5.85955155058806e-02,5.80195332693965e+02,sinkhorn_cellsim
5.178571e+01,18621,3.04402908991439e-03,5.85956320782363e-02,5.80196608718900e+02,sinkhorn_cellsim
5.184129e+01,18641,3.03330328074449e-03,5.85957445692596e-02,5.80197879946448e+02,sinkhorn_cellsim
5.189687e+01,18661,3.02290182953263e-03,5.85958614788149e-02,5.80199146649693e+02,sinkhorn_cellsim
5.195244e+01,18681,3.01312184159615e-03,5.85959980587195e-02,5.80200409380779e+02,sinkhorn_cellsim
5.200802e+01,18701,3.00338193660585e-03,5.85961870113459e-02,5.80201668329025e+02,sinkhorn_cellsim
5.206360e+01,18721,2.99365076143855e-03,5.85965121233368e-02,5.80202922194799e+02,sinkhorn_cellsim
5.211918e+01,18741,2.98404499933306e-03,5.85971523664574e-02,5.80204166471008e+02,sinkhorn_cellsim
5.217475e+01,18761,2.97456638535849e-03,5.85982414289817e-02,5.80205393830164e+02,sinkhorn_cellsim
5.223033e+01,18781,2.96525772872075e-03,5.85994206052113e-02,5.80206602556750e+02,sinkhorn_cellsim
5.228592e+01,18801,2.95603607533114e-03,5.86001941820422e-02,5.80207799978444e+02,sinkhorn_cellsim
5.234149e+01,18821,2.94686043190858e-03,5.86005990691782e-02,5.80208991996735e+02,sinkhorn_cellsim
5.239708e+01,18841,2.93770590699026e-03,5.86008380827213e-02,5.80210180690233e+02,sinkhorn_cellsim
5.245266e+01,18861,2.92853682866627e-03,5.86010204427927e-02,5.80211366819451e+02,sinkhorn_cellsim
5.250824e+01,18881,2.91922166275399e-03,5.86011917855604e-02,5.80212550704110e+02,sinkhorn_cellsim
5.256381e+01,18901,2.90926558491280e-03,5.86013887742258e-02,5.80213732153466e+02,sinkhorn_cellsim
5.261939e+01,18921,2.89694476809374e-03,5.86016973560935e-02,5.80214909621296e+02,sinkhorn_cellsim
5.267497e+01,18941,2.88113775208136e-03,5.86023535006663e-02,5.80216077772587e+02,sinkhorn_cellsim
5.273056e+01,18961,2.86330835464937e-03,5.86037062264107e-02,5.80217225209241e+02,sinkhorn_cellsim
5.278614e+01,18981,2.84407459316777e-03,5.86054616895115e-02,5.80218345006432e+02,sinkhorn_cellsim
5.284172e+01,19001,2.82614125724138e-03,5.86067526862083e-02,5.80219447194578e+02,sinkhorn_cellsim
5.289729e+01,19021,2.81173446417518e-03,5.86075071599745e-02,5.80220542215811e+02,sinkhorn_cellsim
5.295288e+01,19041,2.79978150867584e-03,5.86079985279323e-02,5.80221633821694e+02,sinkhorn_cellsim
5.300846e+01,19061,2.78882043644800e-03,5.86083728997339e-02,5.80222723253578e+02,sinkhorn_cellsim
5.306404e+01,19081,2.77799326751491e-03,5.86086876190218e-02,5.80223811027537e+02,sinkhorn_cellsim
5.311962e+01,19101,2.76716951433260e-03,5.86089696235798e-02,5.80224897367087e+02,sinkhorn_cellsim
5.317519e+01,19121,2.75651947030914e-03,5.86092362538208e-02,5.80225982336078e+02,sinkhorn_cellsim
5.323077e+01,19141,2.74602373849339e-03,5.86095018579825e-02,5.80227065885017e+02,sinkhorn_cellsim
5.328635e+01,19161,2.73565239191741e-03,5.86097803135263e-02,5.80228147863090e+02,sinkhorn_cellsim
5.334193e+01,19181,2.72539329011563e-03,5.86100860535623e-02,5.80229228016654e+02,sinkhorn_cellsim
5.339751e+01,19201,2.71522906317941e-03,5.86104339096683e-02,5.80230305988476e+02,sinkhorn_cellsim
5.345310e+01,19221,2.70513072866010e-03,5.86108374721551e-02,5.80231381332508e+02,sinkhorn_cellsim
5.350868e+01,19241,2.69503471247872e-03,5.86113058589434e-02,5.80232453558312e+02,sinkhorn_cellsim
5.356425e+01,19261,2.68487830622053e-03,5.86118397863707e-02,5.80233522209027e+02,sinkhorn_cellsim
5.361983e+01,19281,2.67459913028092e-03,5.86124292163408e-02,5.80234586952588e+02,sinkhorn_cellsim
5.367541e+01,19301,2.66412781208344e-03,5.86130551723537e-02,5.80235647637921e+02,sinkhorn_cellsim
5.373100e+01,19321,2.65334851827390e-03,5.86136965807080e-02,5.80236704255258e+02,sinkhorn_cellsim
5.378659e+01,19341,2.64228311455797e-03,5.86143410366387e-02,5.80237756738718e+02,sinkhorn_cellsim
5.384218e+01,19361,2.62992520781766e-03,5.86149993833056e-02,5.80238804518428e+02,sinkhorn_cellsim
5.389775e+01,19381,2.61523633100287e-03,5.86157255354233e-02,5.80239845686629e+02,sinkhorn_cellsim
5.395334e+01,19401,2.59915122619221e-03,5.86166248941170e-02,5.80240876039322e+02,sinkhorn_cellsim
5.400891e+01,19421,2.58298082342789e-03,5.86177689974966e-02,5.80241890178719e+02,sinkhorn_cellsim
5.406450e+01,19441,2.56789401340629e-03,5.86190002365395e-02,5.80242887114632e+02,sinkhorn_cellsim
5.412007e+01,19461,2.55326018635033e-03,5.86200171728888e-02,5.80243872719093e+02,sinkhorn_cellsim
5.417566e+01,19481,2.53886338773726e-03,5.86207185556440e-02,5.80244853214042e+02,sinkhorn_cellsim
5.423125e+01,19501,2.52514751698431e-03,5.86211917361650e-02,5.80245831485700e+02,sinkhorn_cellsim
5.428683e+01,19521,2.51253500086962e-03,5.86215386517157e-02,5.80246808457195e+02,sinkhorn_cellsim
5.434241e+01,19541,2.50131830367737e-03,5.86218200116332e-02,5.80247784425876e+02,sinkhorn_cellsim
5.439799e+01,19561,2.49102014378312e-03,5.86220652324731e-02,5.80248759518096e+02,sinkhorn_cellsim
5.445357e+01,19581,2.48155786615076e-03,5.86222878272408e-02,5.80249733804349e+02,sinkhorn_cellsim
5.450916e+01,19601,2.47261068711290e-03,5.86224943251858e-02,5.80250707327531e+02,sinkhorn_cellsim
5.456474e+01,19621,2.46415261322391e-03,5.86226885544126e-02,5.80251680105901e+02,sinkhorn_cellsim
5.462032e+01,19641,2.45611393184562e-03,5.86228740117727e-02,5.80252652112651e+02,sinkhorn_cellsim
5.467590e+01,19661,2.44844170449773e-03,5.86230567300624e-02,5.80253623193050e+02,sinkhorn_cellsim
5.473149e+01,19681,2.44104971982652e-03,5.86232526750401e-02,5.80254592782783e+02,sinkhorn_cellsim
5.478707e+01,19701,2.43384554567937e-03,5.86235089555319e-02,5.80255559040065e+02,sinkhorn_cellsim
5.484266e+01,19721,2.42672821924047e-03,5.86239459023719e-02,5.80256516814949e+02,sinkhorn_cellsim
5.489824e+01,19741,2.41953577605817e-03,5.86247257043027e-02,5.80257456590417e+02,sinkhorn_cellsim
5.495382e+01,19761,2.41203502498383e-03,5.86257248667477e-02,5.80258373243255e+02,sinkhorn_cellsim
5.500940e+01,19781,2.40444788838069e-03,5.86265522539937e-02,5.80259274218056e+02,sinkhorn_cellsim
5.506499e+01,19801,2.39687451520003e-03,5.86271427506056e-02,5.80260168096789e+02,sinkhorn_cellsim
5.512056e+01,19821,2.38919947588461e-03,5.86276151190877e-02,5.80261058666764e+02,sinkhorn_cellsim
5.517615e+01,19841,2.38151571238990e-03,5.86280322917664e-02,5.80261947247456e+02,sinkhorn_cellsim
5.523172e+01,19861,2.37387842703164e-03,5.86284129171642e-02,5.80262834327582e+02,sinkhorn_cellsim
5.528732e+01,19881,2.36642285613669e-03,5.86287644742608e-02,5.80263720088426e+02,sinkhorn_cellsim
5.534290e+01,19901,2.35920221203838e-03,5.86290944919697e-02,5.80264604519023e+02,sinkhorn_cellsim
5.539849e+01,19921,2.35221871843323e-03,5.86294142856158e-02,5.80265487375287e+02,sinkhorn_cellsim
5.545407e+01,19941,2.34544172441526e-03,5.86297423535603e-02,5.80266368030355e+02,sinkhorn_cellsim
5.550966e+01,19961,2.33885957185993e-03,5.86301081574524e-02,5.80267245229870e+02,sinkhorn_cellsim
5.556524e+01,19981,2.33245680985057e-03,5.86305504109201e-02,5.80268116905431e+02,sinkhorn_cellsim
5.562083e+01,20001,2.32621058577755e-03,5.86310949694036e-02,5.80268980566948e+02,sinkhorn_cellsim
5.567641e+01,20021,2.32012143249273e-03,5.86317107626780e-02,5.80269834798475e+02,sinkhorn_cellsim
5.573198e+01,20041,2.31418800151556e-03,5.86323038513527e-02,5.80270680719961e+02,sinkhorn_cellsim
5.578756e+01,20061,2.30838767500830e-03,5.86327928027978e-02,5.80271521189854e+02,sinkhorn_cellsim
5.585065e+01,20081,2.30271532481349e-03,5.86331643934418e-02,5.80272358741469e+02,sinkhorn_cellsim
5.590629e+01,20101,2.29723222885281e-03,5.86334481757438e-02,5.80273194773269e+02,sinkhorn_cellsim
5.596187e+01,20121,2.29185123636346e-03,5.86336770233875e-02,5.80274029881324e+02,sinkhorn_cellsim
5.601745e+01,20141,2.28655246064624e-03,5.86338730753342e-02,5.80274864295275e+02,sinkhorn_cellsim
5.607303e+01,20161,2.28135372260928e-03,5.86340488145043e-02,5.80275698107085e+02,sinkhorn_cellsim
5.612861e+01,20181,2.27625848751739e-03,5.86342109185824e-02,5.80276531360337e+02,sinkhorn_cellsim
5.618421e+01,20201,2.27123920829605e-03,5.86343630175341e-02,5.80277364081173e+02,sinkhorn_cellsim
5.623978e+01,20221,2.26627706266697e-03,5.86345071999688e-02,5.80278196288668e+02,sinkhorn_cellsim
5.629536e+01,20241,2.26138838331959e-03,5.86346447700644e-02,5.80279027998292e+02,sinkhorn_cellsim
5.635093e+01,20261,2.25655416705464e-03,5.86347766337056e-02,5.80279859222773e+02,sinkhorn_cellsim
5.640651e+01,20281,2.25176631254735e-03,5.86349035295434e-02,5.80280689971236e+02,sinkhorn_cellsim
5.646207e+01,20301,2.24702272787932e-03,5.86350262465454e-02,5.80281520245545e+02,sinkhorn_cellsim
5.651763e+01,20321,2.24232141249615e-03,5.86351459948000e-02,5.80282350029962e+02,sinkhorn_cellsim
5.657320e+01,20341,2.23766762138603e-03,5.86352652678623e-02,5.80283179263621e+02,sinkhorn_cellsim
5.662877e+01,20361,2.23305431317054e-03,5.86353900065913e-02,5.80284007768850e+02,sinkhorn_cellsim
5.668434e+01,20381,2.22847521534709e-03,5.86355349288530e-02,5.80284835070352e+02,sinkhorn_cellsim
5.673990e+01,20401,2.22392092729228e-03,5.86357353400668e-02,5.80285659973450e+02,sinkhorn_cellsim
5.679547e+01,20421,2.21937241283349e-03,5.86360654417520e-02,5.80286479778228e+02,sinkhorn_cellsim
5.685104e+01,20441,2.21479852172708e-03,5.86366316753218e-02,5.80287289702982e+02,sinkhorn_cellsim
5.690661e+01,20461,2.21010865251401e-03,5.86374505002105e-02,5.80288085080990e+02,sinkhorn_cellsim
5.696219e+01,20481,2.20522181734338e-03,5.86382998182054e-02,5.80288866657783e+02,sinkhorn_cellsim
5.701776e+01,20501,2.20032109009006e-03,5.86389328810794e-02,5.80289640020698e+02,sinkhorn_cellsim
5.707333e+01,20521,2.19529358900629e-03,5.86393323312038e-02,5.80290409581211e+02,sinkhorn_cellsim
5.712889e+01,20541,2.19029835219143e-03,5.86395915459019e-02,5.80291177212449e+02,sinkhorn_cellsim
5.718447e+01,20561,2.18521875419235e-03,5.86397816345323e-02,5.80291943626342e+02,sinkhorn_cellsim
5.724004e+01,20581,2.18008261852690e-03,5.86399370371228e-02,5.80292709156032e+02,sinkhorn_cellsim
5.729561e+01,20601,2.17491051266801e-03,5.86400725476068e-02,5.80293473992184e+02,sinkhorn_cellsim
5.735117e+01,20621,2.16972821555878e-03,5.86401948144357e-02,5.80294238255149e+02,sinkhorn_cellsim
5.740675e+01,20641,2.16455949580227e-03,5.86403072971157e-02,5.80295002024827e+02,sinkhorn_cellsim
5.746232e+01,20661,2.15940439852299e-03,5.86404121276482e-02,5.80295765356440e+02,sinkhorn_cellsim
5.751789e+01,20681,2.15427637532879e-03,5.86405107921352e-02,5.80296528289764e+02,sinkhorn_cellsim
5.757346e+01,20701,2.14919345075038e-03,5.86406043963663e-02,5.80297290854718e+02,sinkhorn_cellsim
5.762903e+01,20721,2.14419073989114e-03,5.86406937866431e-02,5.80298053074802e+02,sinkhorn_cellsim
5.768460e+01,20741,2.13927771647395e-03,5.86407796175346e-02,5.80298814969241e+02,sinkhorn_cellsim
5.774016e+01,20761,2.13441546813663e-03,5.86408623971556e-02,5.80299576554328e+02,sinkhorn_cellsim
5.779572e+01,20781,2.12960269595259e-03,5.86409425205869e-02,5.80300337844281e+02,sinkhorn_cellsim
5.785129e+01,20801,2.12483182264646e-03,5.86410202956080e-02,5.80301098851796e+02,sinkhorn_cellsim
5.790686e+01,20821,2.12011840445494e-03,5.86410959627665e-02,5.80301859588413e+02,sinkhorn_cellsim
5.796244e+01,20841,2.11550663517324e-03,5.86411697110788e-02,5.80302620064758e+02,sinkhorn_cellsim
5.801800e+01,20861,2.11095369549215e-03,5.86412416903064e-02,5.80303380290714e+02,sinkhorn_cellsim
5.807358e+01,20881,2.10645837919528e-03,5.86413120205994e-02,5.80304140275531e+02,sinkhorn_cellsim
5.812915e+01,20901,2.10202061284897e-03,5.86413808002305e-02,5.80304900027910e+02,sinkhorn_cellsim
5.818472e+01,20921,2.09763463590073e-03,5.86414481122352e-02,5.80305659556040e+02,sinkhorn_cellsim
5.824029e+01,20941,2.09331551908010e-03,5.86415140311984e-02,5.80306418867589e+02,sinkhorn_cellsim
5.829587e+01,20961,2.08906002766365e-03,5.86415786325329e-02,5.80307177969594e+02,sinkhorn_cellsim
5.835144e+01,20981,2.08485099672086e-03,5.86416420094832e-02,5.80307936868131e+02,sinkhorn_cellsim
5.840701e+01,21001,2.08069852736809e-03,5.86417043102471e-02,5.80308695567456e+02,sinkhorn_cellsim
5.846259e+01,21021,2.07661301719926e-03,5.86417658251700e-02,5.80309454067845e+02,sinkhorn_cellsim
5.851816e+01,21041,2.07257460523777e-03,5.86418271973886e-02,5.80310212360227e+02,sinkhorn_cellsim
5.857373e+01,21061,2.06858293422790e-03,5.86418899370986e-02,5.80310970412856e+02,sinkhorn_cellsim
5.862930e+01,21081,2.06463806529229e-03,5.86419576797546e-02,5.80311728138229e+02,sinkhorn_cellsim
5.868487e+01,21101,2.06074651245773e-03,5.86420392423312e-02,5.80312485311347e+02,sinkhorn_cellsim
5.874045e+01,21121,2.05690599389680e-03,5.86421558442461e-02,5.80313241371452e+02,sinkhorn_cellsim
5.879602e+01,21141,2.05311824636131e-03,5.86423568175736e-02,5.80313994966752e+02,sinkhorn_cellsim
5.885159e+01,21161,2.04937545295341e-03,5.86427460507127e-02,5.80314743061405e+02,sinkhorn_cellsim
5.890716e+01,21181,2.04567470666050e-03,5.86434908665556e-02,5.80315479908328e+02,sinkhorn_cellsim
5.896274e+01,21201,2.04201528394871e-03,5.86447003309495e-02,5.80316198207436e+02,sinkhorn_cellsim
5.901831e+01,21221,2.03837902234650e-03,5.86461609267475e-02,5.80316895003979e+02,sinkhorn_cellsim
5.907387e+01,21241,2.03477708293710e-03,5.86474207533089e-02,5.80317575318130e+02,sinkhorn_cellsim
5.912945e+01,21261,2.03119142670677e-03,5.86482503322384e-02,5.80318246726557e+02,sinkhorn_cellsim
5.918502e+01,21281,2.02759929485299e-03,5.86487222480319e-02,5.80318914223304e+02,sinkhorn_cellsim
5.924059e+01,21301,2.02398827865603e-03,5.86489868511187e-02,5.80319580067552e+02,sinkhorn_cellsim
5.929617e+01,21321,2.02038615088501e-03,5.86491485396886e-02,5.80320245122850e+02,sinkhorn_cellsim
5.935174e+01,21341,2.01684048243935e-03,5.86492609745309e-02,5.80320909714307e+02,sinkhorn_cellsim
5.940731e+01,21361,2.01332996051059e-03,5.86493490937253e-02,5.80321573977671e+02,sinkhorn_cellsim
5.946289e+01,21381,2.00984971975758e-03,5.86494243435284e-02,5.80322237979948e+02,sinkhorn_cellsim
5.951846e+01,21401,2.00642636522679e-03,5.86494921158504e-02,5.80322901760082e+02,sinkhorn_cellsim
5.957404e+01,21421,2.00305880860338e-03,5.86495550630447e-02,5.80323565343637e+02,sinkhorn_cellsim
5.962962e+01,21441,1.99973412173605e-03,5.86496145649569e-02,5.80324228748813e+02,sinkhorn_cellsim
5.968519e+01,21461,1.99646074980848e-03,5.86496713921305e-02,5.80324891989312e+02,sinkhorn_cellsim
5.974078e+01,21481,1.99324400248439e-03,5.86497260138992e-02,5.80325555075875e+02,sinkhorn_cellsim
5.979637e+01,21501,1.99006756036776e-03,5.86497787453510e-02,5.80326218017183e+02,sinkhorn_cellsim
5.985195e+01,21521,1.98695214420185e-03,5.86498298192482e-02,5.80326880820423e+02,sinkhorn_cellsim
5.990752e+01,21541,1.98391763703800e-03,5.86498794222773e-02,5.80327543491634e+02,sinkhorn_cellsim
5.996309e+01,21561,1.98093693906030e-03,5.86499277141128e-02,5.80328206035935e+02,sinkhorn_cellsim
6.001866e+01,21581,1.97802302825343e-03,5.86499748382416e-02,5.80328868457660e+02,sinkhorn_cellsim
6.007423e+01,21601,1.97517257093672e-03,5.86500209289474e-02,5.80329530760430e+02,sinkhorn_cellsim
6.012980e+01,21621,1.97238624332412e-03,5.86500661167748e-02,5.80330192947166e+02,sinkhorn_cellsim
6.018537e+01,21641,1.96963260832894e-03,5.86501105337834e-02,5.80330855020051e+02,sinkhorn_cellsim
6.024094e+01,21661,1.96690851766032e-03,5.86501543194781e-02,5.80331516980432e+02,sinkhorn_cellsim
6.029652e+01,21681,1.96421549654461e-03,5.86501976281888e-02,5.80332178828648e+02,sinkhorn_cellsim
6.035210e+01,21701,1.96158532920662e-03,5.86502406387249e-02,5.80332840563767e+02,sinkhorn_cellsim
6.040767e+01,21721,1.95898637197519e-03,5.86502835673326e-02,5.80333502183193e+02,sinkhorn_cellsim
6.046324e+01,21741,1.95640007433527e-03,5.86503266852977e-02,5.80334163682101e+02,sinkhorn_cellsim
6.051882e+01,21761,1.95382124020980e-03,5.86503703429090e-02,5.80334825052629e+02,sinkhorn_cellsim
6.057438e+01,21781,1.95124238921709e-03,5.86504150020780e-02,5.80335486282743e+02,sinkhorn_cellsim
6.062995e+01,21801,1.94865275797161e-03,5.86504612803541e-02,5.80336147354649e+02,sinkhorn_cellsim
6.068553e+01,21821,1.94603687899905e-03,5.86505100095523e-02,5.80336808242601e+02,sinkhorn_cellsim
6.074110e+01,21841,1.94337259116771e-03,5.86505623120937e-02,5.80337468909904e+02,sinkhorn_cellsim
6.079667e+01,21861,1.94064694582764e-03,5.86506196969407e-02,5.80338129304917e+02,sinkhorn_cellsim
6.085225e+01,21881,1.93781510036770e-03,5.86506841732342e-02,5.80338789355841e+02,sinkhorn_cellsim
6.090781e+01,21901,1.93480448427031e-03,5.86507583713364e-02,5.80339448964237e+02,sinkhorn_cellsim
6.096338e+01,21921,1.93153652199565e-03,5.86508456446346e-02,5.80340107997504e+02,sinkhorn_cellsim
6.101896e+01,21941,1.92789680295563e-03,5.86509500980207e-02,5.80340766281180e+02,sinkhorn_cellsim
6.107453e+01,21961,1.92374229380145e-03,5.86510764502281e-02,5.80341423593082e+02,sinkhorn_cellsim
6.113011e+01,21981,1.91900017330449e-03,5.86512295993181e-02,5.80342079662794e+02,sinkhorn_cellsim
6.118568e+01,22001,1.91489257053791e-03,5.86514137613080e-02,5.80342734181539e+02,sinkhorn_cellsim
6.124125e+01,22021,1.91130537864220e-03,5.86516311631081e-02,5.80343386827271e+02,sinkhorn_cellsim
6.129683e+01,22041,1.90752204284064e-03,5.86518805584115e-02,5.80344037305791e+02,sinkhorn_cellsim
6.135239e+01,22061,1.90335205068110e-03,5.86521562306181e-02,5.80344685399478e+02,sinkhorn_cellsim
6.140796e+01,22081,1.89916751937503e-03,5.86524483234219e-02,5.80345331004943e+02,sinkhorn_cellsim
6.146353e+01,22101,1.89480339479925e-03,5.86527449174646e-02,5.80345974138097e+02,sinkhorn_cellsim
6.151910e+01,22121,1.89016947670875e-03,5.86530354394082e-02,5.80346614893563e+02,sinkhorn_cellsim
6.157468e+01,22141,1.88579675369243e-03,5.86533147206678e-02,5.80347253351739e+02,sinkhorn_cellsim
6.163025e+01,22161,1.88149014126617e-03,5.86535881998317e-02,5.80347889406603e+02,sinkhorn_cellsim
6.168583e+01,22181,1.87744933920517e-03,5.86538810992014e-02,5.80348522424977e+02,sinkhorn_cellsim
6.174140e+01,22201,1.87391666907688e-03,5.86542543822638e-02,5.80349150591157e+02,sinkhorn_cellsim
6.179697e+01,22221,1.87067759616752e-03,5.86548113952942e-02,5.80349770107916e+02,sinkhorn_cellsim
6.185253e+01,22241,1.86761153432559e-03,5.86556207274425e-02,5.80350375998230e+02,sinkhorn_cellsim
6.190811e+01,22261,1.86456005440590e-03,5.86565484440969e-02,5.80350966703702e+02,sinkhorn_cellsim
6.196368e+01,22281,1.86145626278627e-03,5.86573385318321e-02,5.80351546653086e+02,sinkhorn_cellsim
6.201924e+01,22301,1.85840668429451e-03,5.86578945445276e-02,5.80352121230945e+02,sinkhorn_cellsim
6.207482e+01,22321,1.85529740344586e-03,5.86582675014857e-02,5.80352693285357e+02,sinkhorn_cellsim
6.213038e+01,22341,1.85213198071260e-03,5.86585274847094e-02,5.80353263917160e+02,sinkhorn_cellsim
6.218595e+01,22361,1.84893773383378e-03,5.86587214798634e-02,5.80353833557762e+02,sinkhorn_cellsim
6.224152e+01,22381,1.84570683827906e-03,5.86588762037864e-02,5.80354402406429e+02,sinkhorn_cellsim
6.229709e+01,22401,1.84244468491400e-03,5.86590064243264e-02,5.80354970574881e+02,sinkhorn_cellsim
6.235266e+01,22421,1.83915995535162e-03,5.86591204800911e-02,5.80355538137646e+02,sinkhorn_cellsim
6.240823e+01,22441,1.83586082374581e-03,5.86592232688165e-02,5.80356105151262e+02,sinkhorn_cellsim
6.246380e+01,22461,1.83255492225682e-03,5.86593177975102e-02,5.80356671662158e+02,sinkhorn_cellsim
6.251937e+01,22481,1.82925359791086e-03,5.86594059962874e-02,5.80357237710139e+02,sinkhorn_cellsim
6.257494e+01,22501,1.82595922861792e-03,5.86594891616109e-02,5.80357803330053e+02,sinkhorn_cellsim
6.263051e+01,22521,1.82268166432216e-03,5.86595682145310e-02,5.80358368552523e+02,sinkhorn_cellsim
6.268608e+01,22541,1.81942029022148e-03,5.86596438840705e-02,5.80358933403706e+02,sinkhorn_cellsim
6.274166e+01,22561,1.81618271530341e-03,5.86597169357711e-02,5.80359497902604e+02,sinkhorn_cellsim
6.279722e+01,22581,1.81296878512675e-03,5.86597887352270e-02,5.80360062050132e+02,sinkhorn_cellsim
6.285279e+01,22601,1.80978044121626e-03,5.86598631052117e-02,5.80360625789073e+02,sinkhorn_cellsim
6.290836e+01,22621,1.80663177759652e-03,5.86599527938716e-02,5.80361188861290e+02,sinkhorn_cellsim
6.296393e+01,22641,1.80352410757620e-03,5.86601014475492e-02,5.80361750315200e+02,sinkhorn_cellsim
6.301950e+01,22661,1.80042624114427e-03,5.86604488457567e-02,5.80362306976056e+02,sinkhorn_cellsim
6.307507e+01,22681,1.79720822438357e-03,5.86613379537529e-02,5.80362850256147e+02,sinkhorn_cellsim
6.313064e+01,22701,1.79374623133200e-03,5.86630745381573e-02,5.80363367432709e+02,sinkhorn_cellsim
6.318621e+01,22721,1.79029199485262e-03,5.86650345095776e-02,5.80363858971109e+02,sinkhorn_cellsim
6.324178e+01,22741,1.78682648062586e-03,5.86663441585275e-02,5.80364339429837e+02,sinkhorn_cellsim
6.329734e+01,22761,1.78332595758734e-03,5.86670151354290e-02,5.80364817182965e+02,sinkhorn_cellsim
6.335291e+01,22781,1.78007999279554e-03,5.86673472869678e-02,5.80365294240528e+02,sinkhorn_cellsim
6.340848e+01,22801,1.77700248101190e-03,5.86675289898363e-02,5.80365770973227e+02,sinkhorn_cellsim
6.346405e+01,22821,1.77398881327599e-03,5.86676459162848e-02,5.80366247463115e+02,sinkhorn_cellsim
6.351962e+01,22841,1.77105955184738e-03,5.86677342469684e-02,5.80366723737642e+02,sinkhorn_cellsim
6.357519e+01,22861,1.76820505925000e-03,5.86678093803423e-02,5.80367199809608e+02,sinkhorn_cellsim
6.363076e+01,22881,1.76536537592261e-03,5.86678782271438e-02,5.80367675685235e+02,sinkhorn_cellsim
6.368633e+01,22901,1.76254748682389e-03,5.86679442122433e-02,5.80368151366047e+02,sinkhorn_cellsim
6.374190e+01,22921,1.75981222172238e-03,5.86680093255337e-02,5.80368626849080e+02,sinkhorn_cellsim
6.379747e+01,22941,1.75719702226264e-03,5.86680749999479e-02,5.80369102126407e+02,sinkhorn_cellsim
6.385305e+01,22961,1.75453643626417e-03,5.86681425168196e-02,5.80369577184245e+02,sinkhorn_cellsim
6.390862e+01,22981,1.75186355653028e-03,5.86682132106876e-02,5.80370052001767e+02,sinkhorn_cellsim
6.396418e+01,23001,1.74919509091842e-03,5.86682885731211e-02,5.80370526549818e+02,sinkhorn_cellsim
6.401976e+01,23021,1.74637914765785e-03,5.86683702794243e-02,5.80371000789836e+02,sinkhorn_cellsim
6.407533e+01,23041,1.74337423407337e-03,5.86684601235982e-02,5.80371474673529e+02,sinkhorn_cellsim
6.413090e+01,23061,1.74015307965273e-03,5.86685598287657e-02,5.80371948144101e+02,sinkhorn_cellsim
6.418647e+01,23081,1.73670029020140e-03,5.86686707076998e-02,5.80372421139914e+02,sinkhorn_cellsim
6.424205e+01,23101,1.73300888009046e-03,5.86687931967131e-02,5.80372893601183e+02,sinkhorn_cellsim
6.429761e+01,23121,1.72941216169507e-03,5.86689263812348e-02,5.80373365479262e+02,sinkhorn_cellsim
6.435319e+01,23141,1.72559470468432e-03,5.86690677336580e-02,5.80373836746425e+02,sinkhorn_cellsim
6.440876e+01,23161,1.72162620025331e-03,5.86692132966150e-02,5.80374307402696e+02,sinkhorn_cellsim
6.446434e+01,23181,1.71754817217103e-03,5.86693583808672e-02,5.80374777476484e+02,sinkhorn_cellsim
6.451991e+01,23201,1.71345927591942e-03,5.86694985612663e-02,5.80375247018192e+02,sinkhorn_cellsim
6.457548e+01,23221,1.70942158312706e-03,5.86696305637440e-02,5.80375716089167e+02,sinkhorn_cellsim
6.463105e+01,23241,1.70547620130517e-03,5.86697527151044e-02,5.80376184750039e+02,sinkhorn_cellsim
6.468663e+01,23261,1.70165864384333e-03,5.86698649010657e-02,5.80376653051685e+02,sinkhorn_cellsim
6.474220e+01,23281,1.69798328483267e-03,5.86699682129690e-02,5.80377121029949e+02,sinkhorn_cellsim
6.479777e+01,23301,1.69445235178919e-03,5.86700645204521e-02,5.80377588703460e+02,sinkhorn_cellsim
6.485334e+01,23321,1.69103153583216e-03,5.86701561269457e-02,5.80378056073252e+02,sinkhorn_cellsim
6.490890e+01,23341,1.68766674221415e-03,5.86702455553841e-02,5.80378523123050e+02,sinkhorn_cellsim
6.496448e+01,23361,1.68429945404413e-03,5.86703354377108e-02,5.80378989819673e+02,sinkhorn_cellsim
6.502006e+01,23381,1.68091757000211e-03,5.86704284499942e-02,5.80379456113538e+02,sinkhorn_cellsim
6.507563e+01,23401,1.67751714803893e-03,5.86705272279090e-02,5.80379921939785e+02,sinkhorn_cellsim
6.513119e+01,23421,1.67398237604257e-03,5.86706342021656e-02,5.80380387220934e+02,sinkhorn_cellsim
6.518677e+01,23441,1.67016339471159e-03,5.86707513118815e-02,5.80380851872141e+02,sinkhorn_cellsim
6.524233e+01,23461,1.66609961154141e-03,5.86708795984953e-02,5.80381315809825e+02,sinkhorn_cellsim
6.529790e+01,23481,1.66188112087230e-03,5.86710187635841e-02,5.80381778963300e+02,sinkhorn_cellsim
6.535347e+01,23501,1.65804318179623e-03,5.86711668758700e-02,5.80382241286993e+02,sinkhorn_cellsim
6.540904e+01,23521,1.65438391810743e-03,5.86713204876019e-02,5.80382702768371e+02,sinkhorn_cellsim
6.546462e+01,23541,1.65069774362275e-03,5.86714754502058e-02,5.80383163424010e+02,sinkhorn_cellsim
6.552019e+01,23561,1.64696624242458e-03,5.86716289157371e-02,5.80383623270058e+02,sinkhorn_cellsim
6.557575e+01,23581,1.64319322097380e-03,5.86717842343659e-02,5.80384082227465e+02,sinkhorn_cellsim
6.563132e+01,23601,1.63943317050719e-03,5.86719651081408e-02,5.80384539825049e+02,sinkhorn_cellsim
6.568689e+01,23621,1.63559623944481e-03,5.86722572539429e-02,5.80384994278201e+02,sinkhorn_cellsim
6.574247e+01,23641,1.63169577331340e-03,5.86728910570424e-02,5.80385440215805e+02,sinkhorn_cellsim
6.579804e+01,23661,1.62774694899646e-03,5.86741515616491e-02,5.80385867278661e+02,sinkhorn_cellsim
6.585362e+01,23681,1.62376350961398e-03,5.86757036363053e-02,5.80386270285443e+02,sinkhorn_cellsim
6.590919e+01,23701,1.61974953629300e-03,5.86768455164945e-02,5.80386658275563e+02,sinkhorn_cellsim
6.596477e+01,23721,1.61570074910514e-03,5.86775555199966e-02,5.80387039921945e+02,sinkhorn_cellsim
6.602034e+01,23741,1.61161385429384e-03,5.86780473627087e-02,5.80387418293795e+02,sinkhorn_cellsim
6.607591e+01,23761,1.60748409080355e-03,5.86784307528412e-02,5.80387794474645e+02,sinkhorn_cellsim
6.613149e+01,23781,1.60330849575005e-03,5.86787470938825e-02,5.80388169042529e+02,sinkhorn_cellsim
6.618708e+01,23801,1.59908593057097e-03,5.86790145217169e-02,5.80388542372027e+02,sinkhorn_cellsim
6.624265e+01,23821,1.59481277265874e-03,5.86792437237724e-02,5.80388914715508e+02,sinkhorn_cellsim
6.629822e+01,23841,1.59048441325993e-03,5.86794424356724e-02,5.80389286243800e+02,sinkhorn_cellsim
6.635379e+01,23861,1.58610215131940e-03,5.86796167454694e-02,5.80389657072736e+02,sinkhorn_cellsim
6.640936e+01,23881,1.58171814667932e-03,5.86797715580015e-02,5.80390027281087e+02,sinkhorn_cellsim
6.646493e+01,23901,1.57736001565790e-03,5.86799108355192e-02,5.80390396922565e+02,sinkhorn_cellsim
6.652050e+01,23921,1.57302926145721e-03,5.86800377704575e-02,5.80390766033855e+02,sinkhorn_cellsim
6.657607e+01,23941,1.56885820785295e-03,5.86801549272139e-02,5.80391134640013e+02,sinkhorn_cellsim
6.663165e+01,23961,1.56475122918966e-03,5.86802643607436e-02,5.80391502758183e+02,sinkhorn_cellsim
6.668721e+01,23981,1.56066165077733e-03,5.86803677143099e-02,5.80391870400207e+02,sinkhorn_cellsim
6.674278e+01,24001,1.55656586725084e-03,5.86804662985369e-02,5.80392237574533e+02,sinkhorn_cellsim
6.679836e+01,24021,1.55253818367046e-03,5.86805611544208e-02,5.80392604287662e+02,sinkhorn_cellsim
6.685393e+01,24041,1.54856064404663e-03,5.86806531031482e-02,5.80392970545266e+02,sinkhorn_cellsim
6.690950e+01,24061,1.54468413687349e-03,5.86807427854916e-02,5.80393336353081e+02,sinkhorn_cellsim
6.696508e+01,24081,1.54094887594149e-03,5.86808306931959e-02,5.80393701717603e+02,sinkhorn_cellsim
6.702066e+01,24101,1.53724479221052e-03,5.86809171943706e-02,5.80394066646623e+02,sinkhorn_cellsim
6.707624e+01,24121,1.53356372940649e-03,5.86810025544681e-02,5.80394431149576e+02,sinkhorn_cellsim
6.713180e+01,24141,1.52996338063736e-03,5.86810869539897e-02,5.80394795237741e+02,sinkhorn_cellsim
6.718737e+01,24161,1.52645634351187e-03,5.86811705037179e-02,5.80395158924270e+02,sinkhorn_cellsim
6.724294e+01,24181,1.52312166381261e-03,5.86812532579816e-02,5.80395522224068e+02,sinkhorn_cellsim
6.729852e+01,24201,1.51987579278079e-03,5.86813352262650e-02,5.80395885153562e+02,sinkhorn_cellsim
6.735409e+01,24221,1.51668764618637e-03,5.86814163833758e-02,5.80396247730368e+02,sinkhorn_cellsim
6.740966e+01,24241,1.51353772050720e-03,5.86814966783172e-02,5.80396609972916e+02,sinkhorn_cellsim
6.746523e+01,24261,1.51042963602415e-03,5.86815760419978e-02,5.80396971900061e+02,sinkhorn_cellsim
6.752080e+01,24281,1.50735358365444e-03,5.86816543938850e-02,5.80397333530708e+02,sinkhorn_cellsim
6.757637e+01,24301,1.50431270971777e-03,5.86817316477087e-02,5.80397694883486e+02,sinkhorn_cellsim
6.763195e+01,24321,1.50130983427905e-03,5.86818077162687e-02,5.80398055976469e+02,sinkhorn_cellsim
6.768752e+01,24341,1.49834757459455e-03,5.86818825154103e-02,5.80398416826972e+02,sinkhorn_cellsim
6.774309e+01,24361,1.49543804310035e-03,5.86819559672000e-02,5.80398777451398e+02,sinkhorn_cellsim
6.779867e+01,24381,1.49260311070339e-03,5.86820280023352e-02,5.80399137865147e+02,sinkhorn_cellsim
6.785424e+01,24401,1.48981372599282e-03,5.86820985618502e-02,5.80399498082567e+02,sinkhorn_cellsim
6.790982e+01,24421,1.48711231317968e-03,5.86821675981592e-02,5.80399858116947e+02,sinkhorn_cellsim
6.796542e+01,24441,1.48449965119414e-03,5.86822350755638e-02,5.80400217980533e+02,sinkhorn_cellsim
6.802100e+01,24461,1.48194073082533e-03,5.86823009702879e-02,5.80400577684569e+02,sinkhorn_cellsim
6.807657e+01,24481,1.47942255960145e-03,5.86823652701788e-02,5.80400937239341e+02,sinkhorn_cellsim
6.813214e+01,24501,1.47695277880112e-03,5.86824279741758e-02,5.80401296654237e+02,sinkhorn_cellsim
6.818771e+01,24521,1.47451880150815e-03,5.86824890916860e-02,5.80401655937800e+02,sinkhorn_cellsim
6.824328e+01,24541,1.47212133092505e-03,5.86825486419523e-02,5.80402015097786e+02,sinkhorn_cellsim
6.829886e+01,24561,1.46976081657231e-03,5.86826066535560e-02,5.80402374141209e+02,sinkhorn_cellsim
6.835443e+01,24581,1.46743745007598e-03,5.86826631641500e-02,5.80402733074379e+02,sinkhorn_cellsim
6.841000e+01,24601,1.46515115358464e-03,5.86827182205668e-02,5.80403091902935e+02,sinkhorn_cellsim
6.846557e+01,24621,1.46290155742906e-03,5.86827718794351e-02,5.80403450631850e+02,sinkhorn_cellsim
6.852114e+01,24641,1.46070071618843e-03,5.86828242084868e-02,5.80403809265425e+02,sinkhorn_cellsim
6.857670e+01,24661,1.45856451358075e-03,5.86828752887873e-02,5.80404167807257e+02,sinkhorn_cellsim
6.863227e+01,24681,1.45646041010323e-03,5.86829252181893e-02,5.80404526260168e+02,sinkhorn_cellsim
6.868785e+01,24701,1.45439515642492e-03,5.86829741163843e-02,5.80404884626093e+02,sinkhorn_cellsim
6.874342e+01,24721,1.45235463661383e-03,5.86830221320822e-02,5.80405242905914e+02,sinkhorn_cellsim
6.879898e+01,24741,1.45034129082394e-03,5.86830694529472e-02,5.80405601099211e+02,sinkhorn_cellsim
6.885456e+01,24761,1.44834280428856e-03,5.86831163190643e-02,5.80405959203920e+02,sinkhorn_cellsim
6.891012e+01,24781,1.44635267153081e-03,5.86831630408526e-02,5.80406317215862e+02,sinkhorn_cellsim
6.896570e+01,24801,1.44436935239975e-03,5.86832100222663e-02,5.80406675128115e+02,sinkhorn_cellsim
6.902127e+01,24821,1.44239862275232e-03,5.86832577898903e-02,5.80407032930194e+02,sinkhorn_cellsim
6.907685e+01,24841,1.44042935326759e-03,5.86833070276484e-02,5.80407390607022e+02,sinkhorn_cellsim
6.913241e+01,24861,1.43843782491918e-03,5.86833586150042e-02,5.80407748137693e+02,sinkhorn_cellsim
6.918799e+01,24881,1.43641724718743e-03,5.86834136630635e-02,5.80408105494096e+02,sinkhorn_cellsim
6.924356e+01,24901,1.43433052689572e-03,5.86834735373448e-02,5.80408462639580e+02,sinkhorn_cellsim
6.929913e+01,24921,1.43210931599429e-03,5.86835398481891e-02,5.80408819527994e+02,sinkhorn_cellsim
6.935470e+01,24941,1.42970093563114e-03,5.86836143818921e-02,5.80409176103679e+02,sinkhorn_cellsim
6.941028e+01,24961,1.42728555613220e-03,5.86836989433539e-02,5.80409532303132e+02,sinkhorn_cellsim
6.946585e+01,24981,1.42478501751769e-03,5.86837950952717e-02,5.80409888059057e+02,sinkhorn_cellsim
6.952142e+01,25001,1.42209574730162e-03,5.86839038210434e-02,5.80410243306960e+02,sinkhorn_cellsim
6.957700e+01,25021,1.41941586603576e-03,5.86840252073970e-02,5.80410597993276e+02,sinkhorn_cellsim
6.963258e+01,25041,1.41680339054845e-03,5.86841583049635e-02,5.80410952082460e+02,sinkhorn_cellsim
6.968814e+01,25061,1.41398408103308e-03,5.86843013170043e-02,5.80411305559643e+02,sinkhorn_cellsim
6.974371e+01,25081,1.41092958511702e-03,5.86844521447904e-02,5.80411658426411e+02,sinkhorn_cellsim
6.979929e+01,25101,1.40766099432823e-03,5.86846091287456e-02,5.80412010690177e+02,sinkhorn_cellsim
6.985487e+01,25121,1.40429914926188e-03,5.86847716934879e-02,5.80412362350878e+02,sinkhorn_cellsim
6.991044e+01,25141,1.40088651816354e-03,5.86849406220404e-02,5.80412713390089e+02,sinkhorn_cellsim
6.996602e+01,25161,1.39708514299702e-03,5.86851178165766e-02,5.80413063766804e+02,sinkhorn_cellsim
7.002159e+01,25181,1.39282318555119e-03,5.86853055550425e-02,5.80413413422008e+02,sinkhorn_cellsim
7.007717e+01,25201,1.38808884378030e-03,5.86855053850291e-02,5.80413762291905e+02,sinkhorn_cellsim
7.013274e+01,25221,1.38294803570629e-03,5.86857169374850e-02,5.80414110327259e+02,sinkhorn_cellsim
7.018832e+01,25241,1.37749436669137e-03,5.86859370883645e-02,5.80414457513444e+02,sinkhorn_cellsim
7.024390e+01,25261,1.37188312984831e-03,5.86861599226644e-02,5.80414803883744e+02,sinkhorn_cellsim
7.029948e+01,25281,1.36631694087606e-03,5.86863777019416e-02,5.80415149519625e+02,sinkhorn_cellsim
7.035506e+01,25301,1.36100732437747e-03,5.86865825411058e-02,5.80415494537206e+02,sinkhorn_cellsim
7.041064e+01,25321,1.35609576468186e-03,5.86867680982321e-02,5.80415839065847e+02,sinkhorn_cellsim
7.046621e+01,25341,1.35170721657925e-03,5.86869306118861e-02,5.80416183227787e+02,sinkhorn_cellsim
7.052178e+01,25361,1.34779681248727e-03,5.86870690446634e-02,5.80416527125189e+02,sinkhorn_cellsim
7.057735e+01,25381,1.34438526790682e-03,5.86871845441964e-02,5.80416870835821e+02,sinkhorn_cellsim
7.063293e+01,25401,1.34143514152849e-03,5.86872796241620e-02,5.80417214414919e+02,sinkhorn_cellsim
7.068850e+01,25421,1.33887242538932e-03,5.86873573970413e-02,5.80417557899865e+02,sinkhorn_cellsim
7.074408e+01,25441,1.33663243622240e-03,5.86874210186712e-02,5.80417901315208e+02,sinkhorn_cellsim
7.079966e+01,25461,1.33465686085616e-03,5.86874733639423e-02,5.80418244676854e+02,sinkhorn_cellsim
7.085523e+01,25481,1.33290183697219e-03,5.86875168835524e-02,5.80418587995113e+02,sinkhorn_cellsim
7.091080e+01,25501,1.33140596775080e-03,5.86875535767432e-02,5.80418931276758e+02,sinkhorn_cellsim
7.096638e+01,25521,1.33013690585197e-03,5.86875850262465e-02,5.80419274526341e+02,sinkhorn_cellsim
7.102195e+01,25541,1.32901201913219e-03,5.86876124593492e-02,5.80419617747021e+02,sinkhorn_cellsim
7.107753e+01,25561,1.32798804150776e-03,5.86876368142287e-02,5.80419960941072e+02,sinkhorn_cellsim
7.113311e+01,25581,1.32721108409654e-03,5.86876588011918e-02,5.80420304110193e+02,sinkhorn_cellsim
7.118869e+01,25601,1.32644725726620e-03,5.86876789547364e-02,5.80420647255708e+02,sinkhorn_cellsim
7.124426e+01,25621,1.32573142432859e-03,5.86876976756946e-02,5.80420990378682e+02,sinkhorn_cellsim
7.129984e+01,25641,1.32505336917772e-03,5.86877152643128e-02,5.80421333480001e+02,sinkhorn_cellsim
7.135542e+01,25661,1.32443447100264e-03,5.86877319456700e-02,5.80421676560424e+02,sinkhorn_cellsim
7.141099e+01,25681,1.32383546114548e-03,5.86877478889430e-02,5.80422019620614e+02,sinkhorn_cellsim
7.146657e+01,25701,1.32324021662937e-03,5.86877632218605e-02,5.80422362661160e+02,sinkhorn_cellsim
7.152215e+01,25721,1.32267485418475e-03,5.86877780414832e-02,5.80422705682595e+02,sinkhorn_cellsim
7.157772e+01,25741,1.32213668216353e-03,5.86877924222086e-02,5.80423048685405e+02,sinkhorn_cellsim
7.163330e+01,25761,1.32161192022877e-03,5.86878064217158e-02,5.80423391670038e+02,sinkhorn_cellsim
7.168888e+01,25781,1.32109922520404e-03,5.86878200853906e-02,5.80423734636905e+02,sinkhorn_cellsim
7.174446e+01,25801,1.32059166511449e-03,5.86878334496476e-02,5.80424077586388e+02,sinkhorn_cellsim
7.180004e+01,25821,1.32008904350487e-03,5.86878465444604e-02,5.80424420518837e+02,sinkhorn_cellsim
7.185562e+01,25841,1.31959858606389e-03,5.86878593953624e-02,5.80424763434571e+02,sinkhorn_cellsim
7.191120e+01,25861,1.31912512337868e-03,5.86878720250934e-02,5.80425106333874e+02,sinkhorn_cellsim
7.196677e+01,25881,1.31867280061728e-03,5.86878844550754e-02,5.80425449216994e+02,sinkhorn_cellsim
7.202234e+01,25901,1.31822912565219e-03,5.86878967068704e-02,5.80425792084130e+02,sinkhorn_cellsim
7.207792e+01,25921,1.31780444893110e-03,5.86879088037688e-02,5.80426134935418e+02,sinkhorn_cellsim
7.213349e+01,25941,1.31739726571341e-03,5.86879207726950e-02,5.80426477770919e+02,sinkhorn_cellsim
7.218907e+01,25961,1.31699471626364e-03,5.86879326466438e-02,5.80426820590586e+02,sinkhorn_cellsim
7.224464e+01,25981,1.31659347618558e-03,5.86879444679436e-02,5.80427163394226e+02,sinkhorn_cellsim
7.230022e+01,26001,1.31619945988865e-03,5.86879562927170e-02,5.80427506181446e+02,sinkhorn_cellsim
7.235580e+01,26021,1.31581996681664e-03,5.86879681970814e-02,5.80427848951570e+02,sinkhorn_cellsim
7.241138e+01,26041,1.31544204849179e-03,5.86879802858122e-02,5.80428191703529e+02,sinkhorn_cellsim
7.246695e+01,26061,1.31506310258856e-03,5.86879927044563e-02,5.80428534435704e+02,sinkhorn_cellsim
7.252253e+01,26081,1.31468959369018e-03,5.86880056562858e-02,5.80428877145696e+02,sinkhorn_cellsim
7.257810e+01,26101,1.31430588049094e-03,5.86880194258692e-02,5.80429219830017e+02,sinkhorn_cellsim
7.263368e+01,26121,1.31390658111972e-03,5.86880344116913e-02,5.80429562483650e+02,sinkhorn_cellsim
7.268925e+01,26141,1.31348433519653e-03,5.86880511707406e-02,5.80429905099439e+02,sinkhorn_cellsim
7.274483e+01,26161,1.31302887929827e-03,5.86880704785225e-02,5.80430247667268e+02,sinkhorn_cellsim
7.280040e+01,26181,1.31252599835956e-03,5.86880934078250e-02,5.80430590172931e+02,sinkhorn_cellsim
7.285597e+01,26201,1.31195619738261e-03,5.86881214281959e-02,5.80430932596673e+02,sinkhorn_cellsim
7.291154e+01,26221,1.31129311903857e-03,5.86881565238265e-02,5.80431274911324e+02,sinkhorn_cellsim
7.296712e+01,26241,1.31050185636336e-03,5.86882013179679e-02,5.80431617080081e+02,sinkhorn_cellsim
7.302271e+01,26261,1.30953754864232e-03,5.86882591735566e-02,5.80431959054111e+02,sinkhorn_cellsim
7.307829e+01,26281,1.30834504723533e-03,5.86883342092898e-02,5.80432300770466e+02,sinkhorn_cellsim
7.313386e+01,26301,1.30686098099042e-03,5.86884311293391e-02,5.80432642151229e+02,sinkhorn_cellsim
7.318944e+01,26321,1.30502003939271e-03,5.86885547291915e-02,5.80432983105363e+02,sinkhorn_cellsim
7.324501e+01,26341,1.30276716783785e-03,5.86887089529523e-02,5.80433323535029e+02,sinkhorn_cellsim
7.330059e+01,26361,1.30007570827032e-03,5.86888955090522e-02,5.80433663347623e+02,sinkhorn_cellsim
7.335616e+01,26381,1.29696766509097e-03,5.86891123480028e-02,5.80434002472698e+02,sinkhorn_cellsim
7.341174e+01,26401,1.29352741840928e-03,5.86893526699880e-02,5.80434340879427e+02,sinkhorn_cellsim
7.346731e+01,26421,1.28989850435872e-03,5.86896052415028e-02,5.80434678587465e+02,sinkhorn_cellsim
7.352289e+01,26441,1.28625906865393e-03,5.86898563257643e-02,5.80435015664989e+02,sinkhorn_cellsim
7.357847e+01,26461,1.28278374474412e-03,5.86900926098913e-02,5.80435352213633e+02,sinkhorn_cellsim
7.363403e+01,26481,1.27960850770929e-03,5.86903038682454e-02,5.80435688346882e+02,sinkhorn_cellsim
7.368961e+01,26501,1.27681236074045e-03,5.86904843276963e-02,5.80436024170830e+02,sinkhorn_cellsim
7.374518e+01,26521,1.27441855292941e-03,5.86906325458454e-02,5.80436359772842e+02,sinkhorn_cellsim
7.380075e+01,26541,1.27240845937563e-03,5.86907503263155e-02,5.80436695218453e+02,sinkhorn_cellsim
7.385633e+01,26561,1.27073893840419e-03,5.86908413662562e-02,5.80437030553645e+02,sinkhorn_cellsim
7.391190e+01,26581,1.26935699453382e-03,5.86909101069520e-02,5.80437365809296e+02,sinkhorn_cellsim
7.396747e+01,26601,1.26820957115680e-03,5.86909609591359e-02,5.80437701005657e+02,sinkhorn_cellsim
7.402304e+01,26621,1.26724885351535e-03,5.86909978793392e-02,5.80438036155959e+02,sinkhorn_cellsim
7.407862e+01,26641,1.26643439200927e-03,5.86910241991893e-02,5.80438371268964e+02,sinkhorn_cellsim
7.413419e+01,26661,1.26573378684442e-03,5.86910426075585e-02,5.80438706350645e+02,sinkhorn_cellsim
7.418978e+01,26681,1.26529484847844e-03,5.86910552106295e-02,5.80439041405237e+02,sinkhorn_cellsim
7.424535e+01,26701,1.26502596280120e-03,5.86910636223576e-02,5.80439376435878e+02,sinkhorn_cellsim
7.430093e+01,26721,1.26475900970916e-03,5.86910690589789e-02,5.80439711444996e+02,sinkhorn_cellsim
7.435651e+01,26741,1.26449395077815e-03,5.86910724248389e-02,5.80440046434536e+02,sinkhorn_cellsim
7.441208e+01,26761,1.26423074489678e-03,5.86910743848212e-02,5.80440381406108e+02,sinkhorn_cellsim
7.446766e+01,26781,1.26396934899525e-03,5.86910754227781e-02,5.80440716361065e+02,sinkhorn_cellsim
7.452324e+01,26801,1.26370971866171e-03,5.86910758873175e-02,5.80441051300571e+02,sinkhorn_cellsim
7.457882e+01,26821,1.26345180869353e-03,5.86910760269461e-02,5.80441386225630e+02,sinkhorn_cellsim
7.463440e+01,26841,1.26319557343752e-03,5.86910760166596e-02,5.80441721137123e+02,sinkhorn_cellsim
7.468997e+01,26861,1.26294096711753e-03,5.86910759778455e-02,5.80442056035822e+02,sinkhorn_cellsim
7.474555e+01,26881,1.26268794399042e-03,5.86910759930426e-02,5.80442390922408e+02,sinkhorn_cellsim
7.480113e+01,26901,1.26243645843100e-03,5.86910761168350e-02,5.80442725797486e+02,sinkhorn_cellsim
7.485671e+01,26921,1.26218646495094e-03,5.86910763838255e-02,5.80443060661591e+02,sinkhorn_cellsim
7.491229e+01,26941,1.26193791809637e-03,5.86910768144688e-02,5.80443395515202e+02,sinkhorn_cellsim
7.496786e+01,26961,1.26169077233761e-03,5.86910774192937e-02,5.80443730358745e+02,sinkhorn_cellsim
7.502344e+01,26981,1.26144498187066e-03,5.86910782019717e-02,5.80444065192602e+02,sinkhorn_cellsim
7.507902e+01,27001,1.26120050034282e-03,5.86910791615199e-02,5.80444400017113e+02,sinkhorn_cellsim
7.513460e+01,27021,1.26095728058830e-03,5.86910802938884e-02,5.80444734832585e+02,sinkhorn_cellsim
7.519017e+01,27041,1.26071527427252e-03,5.86910815930871e-02,5.80445069639292e+02,sinkhorn_cellsim
7.524575e+01,27061,1.26047443147531e-03,5.86910830519975e-02,5.80445404437477e+02,sinkhorn_cellsim
7.530133e+01,27081,1.26023470027698e-03,5.86910846629383e-02,5.80445739227360e+02,sinkhorn_cellsim
7.535691e+01,27101,1.25999602625202e-03,5.86910864180659e-02,5.80446074009136e+02,sinkhorn_cellsim
7.542247e+01,27121,1.25975877474621e-03,5.86910883096629e-02,5.80446408782977e+02,sinkhorn_cellsim
7.547809e+01,27141,1.25952435320546e-03,5.86910903303261e-02,5.80446743549034e+02,sinkhorn_cellsim
7.553368e+01,27161,1.25929402794254e-03,5.86910924731156e-02,5.80447078307439e+02,sinkhorn_cellsim
7.558925e+01,27181,1.25907161063909e-03,5.86910947316432e-02,5.80447413058305e+02,sinkhorn_cellsim
7.564482e+01,27201,1.25885052977525e-03,5.86910971001536e-02,5.80447747801726e+02,sinkhorn_cellsim
7.570038e+01,27221,1.25863222324584e-03,5.86910995735770e-02,5.80448082537779e+02,sinkhorn_cellsim
7.575598e+01,27241,1.25841440159144e-03,5.86911021475762e-02,5.80448417266522e+02,sinkhorn_cellsim
7.581155e+01,27261,1.25819696421381e-03,5.86911048185940e-02,5.80448751987994e+02,sinkhorn_cellsim
7.586711e+01,27281,1.25797980003663e-03,5.86911075838957e-02,5.80449086702216e+02,sinkhorn_cellsim
7.592268e+01,27301,1.25776278603176e-03,5.86911104416232e-02,5.80449421409189e+02,sinkhorn_cellsim
7.597824e+01,27321,1.25754667309682e-03,5.86911133908510e-02,5.80449756108893e+02,sinkhorn_cellsim
7.603381e+01,27341,1.25733863458455e-03,5.86911164316593e-02,5.80450090801286e+02,sinkhorn_cellsim
7.608938e+01,27361,1.25713156484997e-03,5.86911195652104e-02,5.80450425486301e+02,sinkhorn_cellsim
7.614495e+01,27381,1.25692398403225e-03,5.86911227938517e-02,5.80450760163845e+02,sinkhorn_cellsim
7.620052e+01,27401,1.25671826737125e-03,5.86911261212286e-02,5.80451094833798e+02,sinkhorn_cellsim
7.625609e+01,27421,1.25651455999318e-03,5.86911295524242e-02,5.80451429496008e+02,sinkhorn_cellsim
7.631166e+01,27441,1.25631532955577e-03,5.86911330941139e-02,5.80451764150285e+02,sinkhorn_cellsim
7.636723e+01,27461,1.25611535926485e-03,5.86911367547609e-02,5.80452098796406e+02,sinkhorn_cellsim
7.642279e+01,27481,1.25591969273002e-03,5.86911405448300e-02,5.80452433434098e+02,sinkhorn_cellsim
7.647836e+01,27501,1.25573184715949e-03,5.86911444770432e-02,5.80452768063045e+02,sinkhorn_cellsim
7.653393e+01,27521,1.25555019840693e-03,5.86911485666751e-02,5.80453102682873e+02,sinkhorn_cellsim
7.658949e+01,27541,1.25536774940628e-03,5.86911528318939e-02,5.80453437293148e+02,sinkhorn_cellsim
7.664506e+01,27561,1.25519116908367e-03,5.86911572941495e-02,5.80453771893366e+02,sinkhorn_cellsim
7.670063e+01,27581,1.25501779283750e-03,5.86911619786310e-02,5.80454106482944e+02,sinkhorn_cellsim
7.675620e+01,27601,1.25485955578579e-03,5.86911669147781e-02,5.80454441061212e+02,sinkhorn_cellsim
7.681176e+01,27621,1.25470331077923e-03,5.86911721368726e-02,5.80454775627399e+02,sinkhorn_cellsim
7.686733e+01,27641,1.25454250500149e-03,5.86911776847207e-02,5.80455110180621e+02,sinkhorn_cellsim
7.692289e+01,27661,1.25438201677898e-03,5.86911836044215e-02,5.80455444719862e+02,sinkhorn_cellsim
7.697847e+01,27681,1.25421982392342e-03,5.86911899492460e-02,5.80455779243965e+02,sinkhorn_cellsim
7.703404e+01,27701,1.25405361198275e-03,5.86911967806352e-02,5.80456113751604e+02,sinkhorn_cellsim
7.708960e+01,27721,1.25389291077292e-03,5.86912041693374e-02,5.80456448241265e+02,sinkhorn_cellsim
7.714517e+01,27741,1.25372618537671e-03,5.86912121966892e-02,5.80456782711223e+02,sinkhorn_cellsim
7.720074e+01,27761,1.25355491172225e-03,5.86912209560645e-02,5.80457117159509e+02,sinkhorn_cellsim
7.725630e+01,27781,1.25339085166411e-03,5.86912305545144e-02,5.80457451583876e+02,sinkhorn_cellsim
7.731187e+01,27801,1.25326168771021e-03,5.86912411146071e-02,5.80457785981769e+02,sinkhorn_cellsim
7.736744e+01,27821,1.25315357063811e-03,5.86912527765072e-02,5.80458120350271e+02,sinkhorn_cellsim
7.742301e+01,27841,1.25306793806984e-03,5.86912657002986e-02,5.80458454686062e+02,sinkhorn_cellsim
7.747857e+01,27861,1.25297598405651e-03,5.86912800686149e-02,5.80458788985358e+02,sinkhorn_cellsim
7.753414e+01,27881,1.25287878872535e-03,5.86912960895798e-02,5.80459123243844e+02,sinkhorn_cellsim
7.758970e+01,27901,1.25277502277608e-03,5.86913140001444e-02,5.80459457456603e+02,sinkhorn_cellsim
7.764527e+01,27921,1.25266254310722e-03,5.86913340698607e-02,5.80459791618019e+02,sinkhorn_cellsim
7.770084e+01,27941,1.25254017410243e-03,5.86913566051985e-02,5.80460125721673e+02,sinkhorn_cellsim
7.775641e+01,27961,1.25240647223086e-03,5.86913819545452e-02,5.80460459760222e+02,sinkhorn_cellsim
7.781198e+01,27981,1.25225963579189e-03,5.86914105140551e-02,5.80460793725237e+02,sinkhorn_cellsim
7.786755e+01,28001,1.25209738110914e-03,5.86914427346544e-02,5.80461127607023e+02,sinkhorn_cellsim
7.792312e+01,28021,1.25191677304483e-03,5.86914791305633e-02,5.80461461394386e+02,sinkhorn_cellsim
7.797869e+01,28041,1.25171399397683e-03,5.86915202898913e-02,5.80461795074341e+02,sinkhorn_cellsim
7.803425e+01,28061,1.25148403064856e-03,5.86915668880501e-02,5.80462128631749e+02,sinkhorn_cellsim
7.808981e+01,28081,1.25122025344564e-03,5.86916197049532e-02,5.80462462048845e+02,sinkhorn_cellsim
7.814538e+01,28101,1.25091385819150e-03,5.86916796471705e-02,5.80462795304638e+02,sinkhorn_cellsim
7.820095e+01,28121,1.25055451184004e-03,5.86917477763270e-02,5.80463128374140e+02,sinkhorn_cellsim
7.825651e+01,28141,1.25012914931226e-03,5.86918253447457e-02,5.80463461227388e+02,sinkhorn_cellsim
7.831208e+01,28161,1.24966171078162e-03,5.86919138383637e-02,5.80463793828227e+02,sinkhorn_cellsim
7.836764e+01,28181,1.24912066049650e-03,5.86920150244825e-02,5.80464126132843e+02,sinkhorn_cellsim
7.842321e+01,28201,1.24844666770217e-03,5.86921309969887e-02,5.80464458088112e+02,sinkhorn_cellsim
7.847877e+01,28221,1.24758696985212e-03,5.86922642031202e-02,5.80464789629918e+02,sinkhorn_cellsim
7.853434e+01,28241,1.24649067612854e-03,5.86924174229767e-02,5.80465120681828e+02,sinkhorn_cellsim
7.858990e+01,28261,1.24509995664688e-03,5.86925936576986e-02,5.80465451154732e+02,sinkhorn_cellsim
7.864548e+01,28281,1.24335454011130e-03,5.86927958721512e-02,5.80465780948371e+02,sinkhorn_cellsim
7.870104e+01,28301,1.24153112634035e-03,5.86930265498844e-02,5.80466109955692e+02,sinkhorn_cellsim
7.875662e+01,28321,1.23968389273461e-03,5.86932870756689e-02,5.80466438070559e+02,sinkhorn_cellsim
7.881218e+01,28341,1.23772890845615e-03,5.86935770757161e-02,5.80466765197970e+02,sinkhorn_cellsim
7.886775e+01,28361,1.23579370073334e-03,5.86938939815782e-02,5.80467091263960e+02,sinkhorn_cellsim
7.892331e+01,28381,1.23376741379943e-03,5.86942331347116e-02,5.80467416220751e+02,sinkhorn_cellsim
7.897888e+01,28401,1.23166506764772e-03,5.86945885986293e-02,5.80467740043213e+02,sinkhorn_cellsim
7.903445e+01,28421,1.22945631211397e-03,5.86949545098335e-02,5.80468062716018e+02,sinkhorn_cellsim
7.909003e+01,28441,1.22720543705680e-03,5.86953264896508e-02,5.80468384215342e+02,sinkhorn_cellsim
7.914560e+01,28461,1.22472428502034e-03,5.86957025961865e-02,5.80468704491547e+02,sinkhorn_cellsim
7.920117e+01,28481,1.22186019392999e-03,5.86960835347555e-02,5.80469023458670e+02,sinkhorn_cellsim
7.925674e+01,28501,1.21868454204915e-03,5.86964721562616e-02,5.80469340993871e+02,sinkhorn_cellsim
7.931231e+01,28521,1.21513158287680e-03,5.86968724615714e-02,5.80469656947472e+02,sinkhorn_cellsim
7.936787e+01,28541,1.21114861076147e-03,5.86972883811513e-02,5.80469971162160e+02,sinkhorn_cellsim
7.942344e+01,28561,1.20684342569718e-03,5.86977226085505e-02,5.80470283497745e+02,sinkhorn_cellsim
7.947901e+01,28581,1.20187849902456e-03,5.86981757821423e-02,5.80470593855201e+02,sinkhorn_cellsim
7.953458e+01,28601,1.19623569519037e-03,5.86986462675197e-02,5.80470902192285e+02,sinkhorn_cellsim
7.959015e+01,28621,1.19019436121148e-03,5.86991306016591e-02,5.80471208524991e+02,sinkhorn_cellsim
7.964572e+01,28641,1.18415273847291e-03,5.86996243559711e-02,5.80471512915002e+02,sinkhorn_cellsim
7.970129e+01,28661,1.17831522656412e-03,5.87001229608813e-02,5.80471815450088e+02,sinkhorn_cellsim
7.975687e+01,28681,1.17230502832509e-03,5.87006221014845e-02,5.80472116227166e+02,sinkhorn_cellsim
7.981244e+01,28701,1.16649926790109e-03,5.87011176189220e-02,5.80472415344515e+02,sinkhorn_cellsim
7.986802e+01,28721,1.16123589789216e-03,5.87016052051069e-02,5.80472712902787e+02,sinkhorn_cellsim
7.992359e+01,28741,1.15618047998730e-03,5.87020803108280e-02,5.80473009008874e+02,sinkhorn_cellsim
7.997916e+01,28761,1.15129239330432e-03,5.87025385052332e-02,5.80473303776294e+02,sinkhorn_cellsim
8.003473e+01,28781,1.14633116661226e-03,5.87029761620987e-02,5.80473597320097e+02,sinkhorn_cellsim
8.009031e+01,28801,1.14129480066328e-03,5.87033910910413e-02,5.80473889749351e+02,sinkhorn_cellsim
8.014587e+01,28821,1.13637123021282e-03,5.87037827810126e-02,5.80474181161779e+02,sinkhorn_cellsim
8.020144e+01,28841,1.13140742895778e-03,5.87041522057556e-02,5.80474471642275e+02,sinkhorn_cellsim
8.025701e+01,28861,1.12652994129518e-03,5.87045013998915e-02,5.80474761263285e+02,sinkhorn_cellsim
8.031259e+01,28881,1.12196162021321e-03,5.87048330713149e-02,5.80475050083837e+02,sinkhorn_cellsim
8.036816e+01,28901,1.11741964236362e-03,5.87051503930002e-02,5.80475338145772e+02,sinkhorn_cellsim
8.042373e+01,28921,1.11289684660014e-03,5.87054569497826e-02,5.80475625468440e+02,sinkhorn_cellsim
8.047931e+01,28941,1.10843830653018e-03,5.87057567081315e-02,5.80475912044599e+02,sinkhorn_cellsim
8.053488e+01,28961,1.10386834654568e-03,5.87060538511945e-02,5.80476197840130e+02,sinkhorn_cellsim
8.059045e+01,28981,1.09911003211801e-03,5.87063523563298e-02,5.80476482799456e+02,sinkhorn_cellsim
8.064602e+01,29001,1.09405325092312e-03,5.87066552807820e-02,5.80476766857637e+02,sinkhorn_cellsim
8.070159e+01,29021,1.08865829921238e-03,5.87069638775668e-02,5.80477049958481e+02,sinkhorn_cellsim
8.075716e+01,29041,1.08300373451568e-03,5.87072768663866e-02,5.80477332075109e+02,sinkhorn_cellsim
8.081273e+01,29061,1.07722833764259e-03,5.87075903022639e-02,5.80477613226147e+02,sinkhorn_cellsim
8.086831e+01,29081,1.07149584720138e-03,5.87078983240581e-02,5.80477893480192e+02,sinkhorn_cellsim
8.092387e+01,29101,1.06596168105073e-03,5.87081946048669e-02,5.80478172945587e+02,sinkhorn_cellsim
8.097944e+01,29121,1.06079781506151e-03,5.87084738865718e-02,5.80478451749995e+02,sinkhorn_cellsim
8.103501e+01,29141,1.05610311366650e-03,5.87087329560978e-02,5.80478730018814e+02,sinkhorn_cellsim
8.109058e+01,29161,1.05189487783981e-03,5.87089708177147e-02,5.80479007860061e+02,sinkhorn_cellsim
8.114615e+01,29181,1.04816368772595e-03,5.87091882565972e-02,5.80479285358157e+02,sinkhorn_cellsim
8.120173e+01,29201,1.04486756854998e-03,5.87093871652793e-02,5.80479562574625e+02,sinkhorn_cellsim
8.125730e+01,29221,1.04194876250946e-03,5.87095699247851e-02,5.80479839552307e+02,sinkhorn_cellsim
8.131286e+01,29241,1.03934603782693e-03,5.87097389685610e-02,5.80480116320335e+02,sinkhorn_cellsim
8.136843e+01,29261,1.03757225716653e-03,5.87098965351366e-02,5.80480392898442e+02,sinkhorn_cellsim
8.142401e+01,29281,1.03606861921073e-03,5.87100445622576e-02,5.80480669300153e+02,sinkhorn_cellsim
8.147959e+01,29301,1.03468911760901e-03,5.87101846683712e-02,5.80480945534940e+02,sinkhorn_cellsim
8.153516e+01,29321,1.03334873667184e-03,5.87103181796189e-02,5.80481221609569e+02,sinkhorn_cellsim
8.159073e+01,29341,1.03203218900828e-03,5.87104461756594e-02,5.80481497528896e+02,sinkhorn_cellsim
8.164630e+01,29361,1.03074114322100e-03,5.87105695396987e-02,5.80481773296280e+02,sinkhorn_cellsim
8.170188e+01,29381,1.02949001765983e-03,5.87106890058934e-02,5.80482048913753e+02,sinkhorn_cellsim
8.175745e+01,29401,1.02825305847823e-03,5.87108052017980e-02,5.80482324382002e+02,sinkhorn_cellsim
8.181303e+01,29421,1.02702727816580e-03,5.87109186858373e-02,5.80482599700210e+02,sinkhorn_cellsim
8.186861e+01,29441,1.02582182649637e-03,5.87110299807186e-02,5.80482874865766e+02,sinkhorn_cellsim
8.192418e+01,29461,1.02460179591013e-03,5.87111396038005e-02,5.80483149873857e+02,sinkhorn_cellsim
8.197975e+01,29481,1.02336081290094e-03,5.87112480948547e-02,5.80483424716939e+02,sinkhorn_cellsim
8.203533e+01,29501,1.02209703879081e-03,5.87113560403702e-02,5.80483699384127e+02,sinkhorn_cellsim
8.209090e+01,29521,1.02079411958107e-03,5.87114640913200e-02,5.80483973860576e+02,sinkhorn_cellsim
8.214647e+01,29541,1.01945168300053e-03,5.87115729680761e-02,5.80484248126986e+02,sinkhorn_cellsim
8.220204e+01,29561,1.01801579652120e-03,5.87116834421352e-02,5.80484522159511e+02,sinkhorn_cellsim
8.225761e+01,29581,1.01646224071400e-03,5.87117962811445e-02,5.80484795930443e+02,sinkhorn_cellsim
8.231319e+01,29601,1.01477733774945e-03,5.87119121450970e-02,5.80485069410100e+02,sinkhorn_cellsim
8.236876e+01,29621,1.01299689393772e-03,5.87120314332687e-02,5.80485342570233e+02,sinkhorn_cellsim
8.242433e+01,29641,1.01111657205682e-03,5.87121541077305e-02,5.80485615388797e+02,sinkhorn_cellsim
8.247990e+01,29661,1.00915135018055e-03,5.87122795544724e-02,5.80485887855098e+02,sinkhorn_cellsim
8.253548e+01,29681,1.00722433934321e-03,5.87124065639125e-02,5.80486159973592e+02,sinkhorn_cellsim
8.259104e+01,29701,1.00529728780241e-03,5.87125334870005e-02,5.80486431764494e+02,sinkhorn_cellsim
8.264662e+01,29721,1.00337579724731e-03,5.87126585442632e-02,5.80486703260485e+02,sinkhorn_cellsim
8.270218e+01,29741,1.00149709251120e-03,5.87127801785943e-02,5.80486974500606e+02,sinkhorn_cellsim
8.275775e+01,29761,9.99693357286005e-04,5.87128973172460e-02,5.80487245523684e+02,sinkhorn_cellsim
8.281333e+01,29781,9.98008933840381e-04,5.87130094657282e-02,5.80487516363426e+02,sinkhorn_cellsim
8.286890e+01,29801,9.96466966113229e-04,5.87131166465201e-02,5.80487787046059e+02,sinkhorn_cellsim
8.292447e+01,29821,9.95064874842263e-04,5.87132192533075e-02,5.80488057590139e+02,sinkhorn_cellsim
8.298005e+01,29841,9.93776548756298e-04,5.87133178950016e-02,5.80488328007551e+02,sinkhorn_cellsim
8.303562e+01,29861,9.92593700070249e-04,5.87134132750268e-02,5.80488598304845e+02,sinkhorn_cellsim
8.309119e+01,29881,9.91543703943248e-04,5.87135061199178e-02,5.80488868484355e+02,sinkhorn_cellsim
8.314676e+01,29901,9.90580742164358e-04,5.87135971521523e-02,5.80489138544903e+02,sinkhorn_cellsim
8.320234e+01,29921,9.89640593514665e-04,5.87136870956059e-02,5.80489408482035e+02,sinkhorn_cellsim
8.325790e+01,29941,9.88704737034294e-04,5.87137767026873e-02,5.80489678287838e+02,sinkhorn_cellsim
8.331348e+01,29961,9.87752828181999e-04,5.87138667950891e-02,5.80489947950374e+02,sinkhorn_cellsim
8.336905e+01,29981,9.86753124921171e-04,5.87139583121492e-02,5.80490217452787e+02,sinkhorn_cellsim
8.342463e+01,30001,9.85686284212159e-04,5.87140523607528e-02,5.80490486772146e+02,sinkhorn_cellsim
8.348021e+01,30021,9.84512867330806e-04,5.87141502576188e-02,5.80490755878143e+02,sinkhorn_cellsim
8.353578e+01,30041,9.83217325746711e-04,5.87142535484117e-02,5.80491024731878e+02,sinkhorn_cellsim
8.359135e+01,30061,9.81761799521317e-04,5.87143639789933e-02,5.80491293285154e+02,sinkhorn_cellsim
8.364692e+01,30081,9.80069255150835e-04,5.87144833853675e-02,5.80491561480933e+02,sinkhorn_cellsim
8.370249e+01,30101,9.78090269624270e-04,5.87146134686732e-02,5.80491829255762e+02,sinkhorn_cellsim
8.375807e+01,30121,9.75954023274695e-04,5.87147554439724e-02,5.80492096544917e+02,sinkhorn_cellsim
8.381364e+01,30141,9.73879776156801e-04,5.87149096101021e-02,5.80492363290311e+02,sinkhorn_cellsim
8.386921e+01,30161,9.71683974313511e-04,5.87150749768339e-02,5.80492629449858e+02,sinkhorn_cellsim
8.392479e+01,30181,9.69336228266842e-04,5.87152491568270e-02,5.80492895005260e+02,sinkhorn_cellsim
8.398037e+01,30201,9.67060400394723e-04,5.87154287029405e-02,5.80493159964302e+02,sinkhorn_cellsim
8.403593e+01,30221,9.64668761103052e-04,5.87156099137663e-02,5.80493424354682e+02,sinkhorn_cellsim
8.409152e+01,30241,9.62447655948885e-04,5.87157899625876e-02,5.80493688208320e+02,sinkhorn_cellsim
8.414711e+01,30261,9.60637326881833e-04,5.87159683273192e-02,5.80493951533351e+02,sinkhorn_cellsim
8.420269e+01,30281,9.58873570915923e-04,5.87161494248801e-02,5.80494214254618e+02,sinkhorn_cellsim
8.425826e+01,30301,9.57002884715248e-04,5.87163503572725e-02,5.80494476042785e+02,sinkhorn_cellsim
8.431384e+01,30321,9.55014468726631e-04,5.87166260123762e-02,5.80494735765017e+02,sinkhorn_cellsim
8.436941e+01,30341,9.52934580083905e-04,5.87171346350160e-02,5.80494989900517e+02,sinkhorn_cellsim
8.442498e+01,30361,9.50813349209359e-04,5.87181790629430e-02,5.80495229982067e+02,sinkhorn_cellsim
8.448055e+01,30381,9.48662255638874e-04,5.87197689803334e-02,5.80495446539188e+02,sinkhorn_cellsim
8.453613e+01,30401,9.46368539244516e-04,5.87211919807742e-02,5.80495643429318e+02,sinkhorn_cellsim
8.459170e+01,30421,9.43751475128251e-04,5.87221330986471e-02,5.80495831478914e+02,sinkhorn_cellsim
8.464728e+01,30441,9.40585803849736e-04,5.87228107042023e-02,5.80496015453282e+02,sinkhorn_cellsim
8.470285e+01,30461,9.36753064044663e-04,5.87234021476313e-02,5.80496196523552e+02,sinkhorn_cellsim
8.475842e+01,30481,9.32152192136428e-04,5.87239811753729e-02,5.80496375044520e+02,sinkhorn_cellsim
8.481399e+01,30501,9.26782477594655e-04,5.87245708704267e-02,5.80496551197504e+02,sinkhorn_cellsim
8.486957e+01,30521,9.20801144998016e-04,5.87251692082321e-02,5.80496725150584e+02,sinkhorn_cellsim
8.492514e+01,30541,9.14474416885674e-04,5.87257595428441e-02,5.80496897127857e+02,sinkhorn_cellsim
8.498073e+01,30561,9.08164822886951e-04,5.87263189336434e-02,5.80497067423843e+02,sinkhorn_cellsim
8.503630e+01,30581,9.02215389078318e-04,5.87268266784363e-02,5.80497236371384e+02,sinkhorn_cellsim
8.509188e+01,30601,8.96862182585332e-04,5.87272703107677e-02,5.80497404290532e+02,sinkhorn_cellsim
8.514744e+01,30621,8.92206089173973e-04,5.87276470033984e-02,5.80497571449341e+02,sinkhorn_cellsim
8.520302e+01,30641,8.88238938558728e-04,5.87279613373151e-02,5.80497738049742e+02,sinkhorn_cellsim
8.525860e+01,30661,8.84900683699360e-04,5.87282218678732e-02,5.80497904233189e+02,sinkhorn_cellsim
8.531418e+01,30681,8.82403592704147e-04,5.87284382720210e-02,5.80498070094766e+02,sinkhorn_cellsim
8.536975e+01,30701,8.81125740032801e-04,5.87286196362128e-02,5.80498235697559e+02,sinkhorn_cellsim
8.542533e+01,30721,8.79861877613270e-04,5.87287737050898e-02,5.80498401083884e+02,sinkhorn_cellsim
8.548091e+01,30741,8.78615468664855e-04,5.87289067194619e-02,5.80498566282977e+02,sinkhorn_cellsim
8.553648e+01,30761,8.77387560864081e-04,5.87290235410175e-02,5.80498731315879e+02,sinkhorn_cellsim
8.559206e+01,30781,8.76186315173090e-04,5.87291278802455e-02,5.80498896198431e+02,sinkhorn_cellsim
8.564764e+01,30801,8.75006010194566e-04,5.87292225351914e-02,5.80499060943076e+02,sinkhorn_cellsim
8.570322e+01,30821,8.73845099898589e-04,5.87293096025037e-02,5.80499225559958e+02,sinkhorn_cellsim
8.575879e+01,30841,8.72705470360158e-04,5.87293906496574e-02,5.80499390057594e+02,sinkhorn_cellsim
8.581437e+01,30861,8.71595003963265e-04,5.87294668494102e-02,5.80499554443300e+02,sinkhorn_cellsim
8.586995e+01,30881,8.70503942941865e-04,5.87295390820538e-02,5.80499718723477e+02,sinkhorn_cellsim
8.592551e+01,30901,8.69431910822201e-04,5.87296080118970e-02,5.80499882903800e+02,sinkhorn_cellsim
8.598110e+01,30921,8.68372870383418e-04,5.87296741439094e-02,5.80500046989352e+02,sinkhorn_cellsim
8.603667e+01,30941,8.67323136646972e-04,5.87297378653874e-02,5.80500210984731e+02,sinkhorn_cellsim
8.609225e+01,30961,8.66282602523714e-04,5.87297994765116e-02,5.80500374894120e+02,sinkhorn_cellsim
8.614783e+01,30981,8.65251143303705e-04,5.87298592127194e-02,5.80500538721347e+02,sinkhorn_cellsim
8.620340e+01,31001,8.64252978560743e-04,5.87299172610816e-02,5.80500702469935e+02,sinkhorn_cellsim
8.625898e+01,31021,8.63280281890808e-04,5.87299737723120e-02,5.80500866143135e+02,sinkhorn_cellsim
8.631456e+01,31041,8.62338689062247e-04,5.87300288695941e-02,5.80501029743964e+02,sinkhorn_cellsim
8.637013e+01,31061,8.61432705185192e-04,5.87300826550845e-02,5.80501193275221e+02,sinkhorn_cellsim
8.642571e+01,31081,8.60558669623080e-04,5.87301352147371e-02,5.80501356739520e+02,sinkhorn_cellsim
8.648129e+01,31101,8.59709512964947e-04,5.87301866218933e-02,5.80501520139299e+02,sinkhorn_cellsim
8.653687e+01,31121,8.58865614657506e-04,5.87302369399626e-02,5.80501683476845e+02,sinkhorn_cellsim
8.659245e+01,31141,8.58026927807756e-04,5.87302862244553e-02,5.80501846754299e+02,sinkhorn_cellsim
8.664804e+01,31161,8.57203401443201e-04,5.87303345245167e-02,5.80502009973676e+02,sinkhorn_cellsim
8.670361e+01,31181,8.56396103640860e-04,5.87303818841143e-02,5.80502173136871e+02,sinkhorn_cellsim
8.675919e+01,31201,8.55595890877743e-04,5.87304283429428e-02,5.80502336245668e+02,sinkhorn_cellsim
8.681477e+01,31221,8.54800246678579e-04,5.87304739371410e-02,5.80502499301754e+02,sinkhorn_cellsim
8.687034e+01,31241,8.54009130266987e-04,5.87305186998524e-02,5.80502662306719e+02,sinkhorn_cellsim
8.692592e+01,31261,8.53222502865196e-04,5.87305626616803e-02,5.80502825262068e+02,sinkhorn_cellsim
8.698156e+01,31281,8.52440327612618e-04,5.87306058510474e-02,5.80502988169227e+02,sinkhorn_cellsim
8.703714e+01,31301,8.51662569462131e-04,5.87306482945047e-02,5.80503151029543e+02,sinkhorn_cellsim
8.709271e+01,31321,8.50889195035632e-04,5.87306900169824e-02,5.80503313844296e+02,sinkhorn_cellsim
8.714830e+01,31341,8.50120172494479e-04,5.87307310420111e-02,5.80503476614695e+02,sinkhorn_cellsim
8.720388e+01,31361,8.49355471371495e-04,5.87307713919231e-02,5.80503639341890e+02,sinkhorn_cellsim
8.725946e+01,31381,8.48595497469472e-04,5.87308110880309e-02,5.80503802026967e+02,sinkhorn_cellsim
8.731505e+01,31401,8.47840541054796e-04,5.87308501508183e-02,5.80503964670957e+02,sinkhorn_cellsim
8.737063e+01,31421,8.47090230558062e-04,5.87308886001197e-02,5.80504127274829e+02,sinkhorn_cellsim
8.742621e+01,31441,8.46344423323876e-04,5.87309264553309e-02,5.80504289839500e+02,sinkhorn_cellsim
8.748178e+01,31461,8.45603715051157e-04,5.87309637356494e-02,5.80504452365826e+02,sinkhorn_cellsim
8.753736e+01,31481,8.44868504102149e-04,5.87310004603675e-02,5.80504614854601e+02,sinkhorn_cellsim
8.759294e+01,31501,8.44138129444434e-04,5.87310366492329e-02,5.80504777306555e+02,sinkhorn_cellsim
8.764852e+01,31521,8.43412646014387e-04,5.87310723229289e-02,5.80504939722343e+02,sinkhorn_cellsim
8.770410e+01,31541,8.42691567555147e-04,5.87311075036947e-02,5.80505102102535e+02,sinkhorn_cellsim
8.775968e+01,31561,8.41974843733161e-04,5.87311422161566e-02,5.80505264447600e+02,sinkhorn_cellsim
8.781526e+01,31581,8.41262444079053e-04,5.87311764884486e-02,5.80505426757877e+02,sinkhorn_cellsim
8.787083e+01,31601,8.40554334365799e-04,5.87312103537254e-02,5.80505589033547e+02,sinkhorn_cellsim
8.792641e+01,31621,8.39850475351239e-04,5.87312438522121e-02,5.80505751274585e+02,sinkhorn_cellsim
8.798199e+01,31641,8.39150820995265e-04,5.87312770339934e-02,5.80505913480692e+02,sinkhorn_cellsim
8.803756e+01,31661,8.38455316007368e-04,5.87313099627865e-02,5.80506075651209e+02,sinkhorn_cellsim
8.809314e+01,31681,8.37763892549514e-04,5.87313427210635e-02,5.80506237784996e+02,sinkhorn_cellsim
8.814872e+01,31701,8.37076465639258e-04,5.87313754169504e-02,5.80506399880264e+02,sinkhorn_cellsim
8.820431e+01,31721,8.36392926934301e-04,5.87314081934961e-02,5.80506561934353e+02,sinkhorn_cellsim
8.825988e+01,31741,8.35718765178338e-04,5.87314412409906e-02,5.80506723943424e+02,sinkhorn_cellsim
8.831547e+01,31761,8.35057623704149e-04,5.87314748131696e-02,5.80506885902062e+02,sinkhorn_cellsim
8.837104e+01,31781,8.34399790860578e-04,5.87315092481385e-02,5.80507047802737e+02,sinkhorn_cellsim
8.842662e+01,31801,8.33747624495405e-04,5.87315449946840e-02,5.80507209635111e+02,sinkhorn_cellsim
8.848220e+01,31821,8.33101254271479e-04,5.87315826440778e-02,5.80507371385163e+02,sinkhorn_cellsim
8.853778e+01,31841,8.32456842307268e-04,5.87316229660504e-02,5.80507533034104e+02,sinkhorn_cellsim
8.859337e+01,31861,8.31814865294087e-04,5.87316669449073e-02,5.80507694557132e+02,sinkhorn_cellsim
8.864894e+01,31881,8.31178081723837e-04,5.87317158069914e-02,5.80507855922099e+02,sinkhorn_cellsim
8.870453e+01,31901,8.30542419810671e-04,5.87317710232679e-02,5.80508017088337e+02,sinkhorn_cellsim
8.876011e+01,31921,8.29903893797451e-04,5.87318342613249e-02,5.80508178006024e+02,sinkhorn_cellsim
8.881569e+01,31941,8.29260348356160e-04,5.87319072524172e-02,5.80508338616751e+02,sinkhorn_cellsim
8.887126e+01,31961,8.28611061679833e-04,5.87319915394867e-02,5.80508498856077e+02,sinkhorn_cellsim
8.892685e+01,31981,8.27955252811971e-04,5.87320880947031e-02,5.80508658658796e+02,sinkhorn_cellsim
8.898243e+01,32001,8.27285084617276e-04,5.87321968530346e-02,5.80508817967067e+02,sinkhorn_cellsim
8.903800e+01,32021,8.26596830540377e-04,5.87323162960609e-02,5.80508976740283e+02,sinkhorn_cellsim
8.909359e+01,32041,8.25886906990135e-04,5.87324432917561e-02,5.80509134964084e+02,sinkhorn_cellsim
8.914917e+01,32061,8.25152297364844e-04,5.87325733713753e-02,5.80509292655070e+02,sinkhorn_cellsim
8.920474e+01,32081,8.24394094874353e-04,5.87327014573157e-02,5.80509449858804e+02,sinkhorn_cellsim
8.926032e+01,32101,8.23613234524345e-04,5.87328228186665e-02,5.80509606641396e+02,sinkhorn_cellsim
8.931590e+01,32121,8.22805646279996e-04,5.87329338961868e-02,5.80509763077805e+02,sinkhorn_cellsim
8.937148e+01,32141,8.21973370118915e-04,5.87330327179597e-02,5.80509919240917e+02,sinkhorn_cellsim
8.942706e+01,32161,8.21122433521570e-04,5.87331188523722e-02,5.80510075194201e+02,sinkhorn_cellsim
8.948264e+01,32181,8.20255730424743e-04,5.87331930436924e-02,5.80510230988548e+02,sinkhorn_cellsim
8.953822e+01,32201,8.19374698593776e-04,5.87332567404212e-02,5.80510386662314e+02,sinkhorn_cellsim
8.959380e+01,32221,8.18486476023482e-04,5.87333116763468e-02,5.80510542243115e+02,sinkhorn_cellsim
8.964937e+01,32241,8.17605345549969e-04,5.87333595761064e-02,5.80510697750176e+02,sinkhorn_cellsim
8.970495e+01,32261,8.16729816354969e-04,5.87334019883578e-02,5.80510853196563e+02,sinkhorn_cellsim
8.976054e+01,32281,8.15857269172993e-04,5.87334402166683e-02,5.80511008590996e+02,sinkhorn_cellsim
8.981611e+01,32301,8.14985380065800e-04,5.87334753119571e-02,5.80511163939210e+02,sinkhorn_cellsim
8.987169e+01,32321,8.14121462383090e-04,5.87335080970859e-02,5.80511319244922e+02,sinkhorn_cellsim
8.992726e+01,32341,8.13269855516391e-04,5.87335392040063e-02,5.80511474510498e+02,sinkhorn_cellsim
8.998285e+01,32361,8.12423506561257e-04,5.87335691123201e-02,5.80511629737402e+02,sinkhorn_cellsim
9.003843e+01,32381,8.11580309239315e-04,5.87335981838996e-02,5.80511784926493e+02,sinkhorn_cellsim
9.009401e+01,32401,8.10740788669309e-04,5.87336266916417e-02,5.80511940078218e+02,sinkhorn_cellsim
9.014959e+01,32421,8.09905348477459e-04,5.87336548422638e-02,5.80512095192741e+02,sinkhorn_cellsim
9.020517e+01,32441,8.09077894021401e-04,5.87336827938181e-02,5.80512250270027e+02,sinkhorn_cellsim
9.026075e+01,32461,8.08263929950072e-04,5.87337106688660e-02,5.80512405309893e+02,sinkhorn_cellsim
9.031633e+01,32481,8.07454711276040e-04,5.87337385642487e-02,5.80512560312047e+02,sinkhorn_cellsim
9.037191e+01,32501,8.06650396757579e-04,5.87337665582398e-02,5.80512715276107e+02,sinkhorn_cellsim
9.042749e+01,32521,8.05851117422525e-04,5.87337947157336e-02,5.80512870201620e+02,sinkhorn_cellsim
9.048307e+01,32541,8.05056983075738e-04,5.87338230919700e-02,5.80513025088070e+02,sinkhorn_cellsim
9.053866e+01,32561,8.04268934313930e-04,5.87338517351790e-02,5.80513179934885e+02,sinkhorn_cellsim
9.059424e+01,32581,8.03486777873839e-04,5.87338806884264e-02,5.80513334741449e+02,sinkhorn_cellsim
9.064982e+01,32601,8.02709988314734e-04,5.87339099908779e-02,5.80513489507099e+02,sinkhorn_cellsim
9.070539e+01,32621,8.01938619427023e-04,5.87339396786366e-02,5.80513644231134e+02,sinkhorn_cellsim
9.076097e+01,32641,8.01172711499272e-04,5.87339697852685e-02,5.80513798912820e+02,sinkhorn_cellsim
9.081655e+01,32661,8.00412289170869e-04,5.87340003421208e-02,5.80513953551389e+02,sinkhorn_cellsim
9.087213e+01,32681,7.99657357902863e-04,5.87340313784898e-02,5.80514108146049e+02,sinkhorn_cellsim
9.092771e+01,32701,7.98911029839859e-04,5.87340629217228e-02,5.80514262695981e+02,sinkhorn_cellsim
9.098329e+01,32721,7.98171580336100e-04,5.87340949972971e-02,5.80514417200342e+02,sinkhorn_cellsim
9.103886e+01,32741,7.97437404255501e-04,5.87341276289441e-02,5.80514571658266e+02,sinkhorn_cellsim
9.109444e+01,32761,7.96708351409205e-04,5.87341608388933e-02,5.80514726068855e+02,sinkhorn_cellsim
9.115002e+01,32781,7.95987835948670e-04,5.87341946483145e-02,5.80514880431172e+02,sinkhorn_cellsim
9.120559e+01,32801,7.95273201621451e-04,5.87342290780566e-02,5.80515034744223e+02,sinkhorn_cellsim
9.126118e+01,32821,7.94562563869653e-04,5.87342641498192e-02,5.80515189006926e+02,sinkhorn_cellsim
9.131676e+01,32841,7.93855248434619e-04,5.87342998879242e-02,5.80515343218074e+02,sinkhorn_cellsim
9.137233e+01,32861,7.93150309396999e-04,5.87343363219078e-02,5.80515497376264e+02,sinkhorn_cellsim
9.142791e+01,32881,7.92446428411291e-04,5.87343734902206e-02,5.80515651479810e+02,sinkhorn_cellsim
9.148349e+01,32901,7.91741777029852e-04,5.87344114454156e-02,5.80515805526612e+02,sinkhorn_cellsim
9.153907e+01,32921,7.91033829430840e-04,5.87344502613086e-02,5.80515959513973e+02,sinkhorn_cellsim
9.159465e+01,32941,7.90319415043975e-04,5.87344900427256e-02,5.80516113438344e+02,sinkhorn_cellsim
9.165023e+01,32961,7.89598648616764e-04,5.87345309385800e-02,5.80516267294987e+02,sinkhorn_cellsim
9.170580e+01,32981,7.88860071022633e-04,5.87345731591376e-02,5.80516421077505e+02,sinkhorn_cellsim
9.176139e+01,33001,7.88094546255972e-04,5.87346169982839e-02,5.80516574777231e+02,sinkhorn_cellsim
9.181697e+01,33021,7.87292993132347e-04,5.87346628613992e-02,5.80516728382428e+02,sinkhorn_cellsim
9.187254e+01,33041,7.86437246938416e-04,5.87347112985929e-02,5.80516881877277e+02,sinkhorn_cellsim
9.192812e+01,33061,7.85507235706571e-04,5.87347630412906e-02,5.80517035240656e+02,sinkhorn_cellsim
9.198370e+01,33081,7.84481476159232e-04,5.87348190367819e-02,5.80517188444756e+02,sinkhorn_cellsim
9.203929e+01,33101,7.83320918582649e-04,5.87348804695488e-02,5.80517341453682e+02,sinkhorn_cellsim
9.209486e+01,33121,7.82077805824314e-04,5.87349487499206e-02,5.80517494222376e+02,sinkhorn_cellsim
9.215044e+01,33141,7.81010241368438e-04,5.87350254410201e-02,5.80517646696402e+02,sinkhorn_cellsim
9.220603e+01,33161,7.79891955365898e-04,5.87351120896261e-02,5.80517798813396e+02,sinkhorn_cellsim
9.226161e+01,33181,7.78631328827192e-04,5.87352099362525e-02,5.80517950507071e+02,sinkhorn_cellsim
9.231719e+01,33201,7.77207144271889e-04,5.87353195191709e-02,5.80518101714327e+02,sinkhorn_cellsim
9.237276e+01,33221,7.75802200831129e-04,5.87354402611938e-02,5.80518252384975e+02,sinkhorn_cellsim
9.242834e+01,33241,7.74712797448825e-04,5.87355702090848e-02,5.80518402491938e+02,sinkhorn_cellsim
9.248392e+01,33261,7.73519995555317e-04,5.87357061126246e-02,5.80518552038388e+02,sinkhorn_cellsim
9.253950e+01,33281,7.72221479301908e-04,5.87358439168622e-02,5.80518701058441e+02,sinkhorn_cellsim
9.259509e+01,33301,7.70822191476027e-04,5.87359795273453e-02,5.80518849610519e+02,sinkhorn_cellsim
9.265067e+01,33321,7.69335422397023e-04,5.87361095467840e-02,5.80518997765851e+02,sinkhorn_cellsim
9.270624e+01,33341,7.67774460665412e-04,5.87362317114544e-02,5.80519145596585e+02,sinkhorn_cellsim
9.276183e+01,33361,7.66158443532464e-04,5.87363449451572e-02,5.80519293167171e+02,sinkhorn_cellsim
9.281741e+01,33381,7.64508860002545e-04,5.87364491351503e-02,5.80519440530295e+02,sinkhorn_cellsim
9.287298e+01,33401,7.62843445844313e-04,5.87365448020762e-02,5.80519587726519e+02,sinkhorn_cellsim
9.292856e+01,33421,7.61178713866744e-04,5.87366327960772e-02,5.80519734785969e+02,sinkhorn_cellsim
9.298413e+01,33441,7.59530344903007e-04,5.87367140778405e-02,5.80519881730675e+02,sinkhorn_cellsim
9.303971e+01,33461,7.57908712582875e-04,5.87367895885527e-02,5.80520028576726e+02,sinkhorn_cellsim
9.309529e+01,33481,7.56321066572361e-04,5.87368601884330e-02,5.80520175335950e+02,sinkhorn_cellsim
9.315088e+01,33501,7.54771446572721e-04,5.87369266398771e-02,5.80520322017075e+02,sinkhorn_cellsim
9.320646e+01,33521,7.53262409245475e-04,5.87369896164238e-02,5.80520468626476e+02,sinkhorn_cellsim
9.326205e+01,33541,7.51794329405596e-04,5.87370497255819e-02,5.80520615168593e+02,sinkhorn_cellsim
9.331763e+01,33561,7.50365568576250e-04,5.87371075391719e-02,5.80520761646101e+02,sinkhorn_cellsim
9.337321e+01,33581,7.48972515328964e-04,5.87371636287125e-02,5.80520908059880e+02,sinkhorn_cellsim
9.342879e+01,33601,7.47609469244330e-04,5.87372186058539e-02,5.80521054408804e+02,sinkhorn_cellsim
9.348438e+01,33621,7.46268343684759e-04,5.87372731692148e-02,5.80521200689331e+02,sinkhorn_cellsim
9.353996e+01,33641,7.44939451044335e-04,5.87373281594982e-02,5.80521346894895e+02,sinkhorn_cellsim
9.359554e+01,33661,7.43607172453059e-04,5.87373846242571e-02,5.80521493015048e+02,sinkhorn_cellsim
9.365114e+01,33681,7.42253326978780e-04,5.87374438915386e-02,5.80521639034347e+02,sinkhorn_cellsim
9.370672e+01,33701,7.40858101793643e-04,5.87375076467570e-02,5.80521784930987e+02,sinkhorn_cellsim
9.376231e+01,33721,7.39386105397323e-04,5.87375779977903e-02,5.80521930675272e+02,sinkhorn_cellsim
9.381788e+01,33741,7.37797339539556e-04,5.87376574976565e-02,5.80522076228161e+02,sinkhorn_cellsim
9.387347e+01,33761,7.36047850328573e-04,5.87377490723408e-02,5.80522221540365e+02,sinkhorn_cellsim
9.392905e+01,33781,7.34088785872881e-04,5.87378557793403e-02,5.80522366552793e+02,sinkhorn_cellsim
9.398464e+01,33801,7.31875067618134e-04,5.87379803191776e-02,5.80522511199418e+02,sinkhorn_cellsim
9.404022e+01,33821,7.29374967324393e-04,5.87381242724040e-02,5.80522655413582e+02,sinkhorn_cellsim
9.409581e+01,33841,7.26583504427977e-04,5.87382871741349e-02,5.80522799137937e+02,sinkhorn_cellsim
9.415138e+01,33861,7.23535287518469e-04,5.87384657505903e-02,5.80522942336448e+02,sinkhorn_cellsim
9.420697e+01,33881,7.20352639767152e-04,5.87386537931129e-02,5.80523085004640e+02,sinkhorn_cellsim
9.426255e+01,33901,7.17656369135187e-04,5.87388430161875e-02,5.80523227173444e+02,sinkhorn_cellsim
9.431814e+01,33921,7.14939640260413e-04,5.87390247620041e-02,5.80523368903963e+02,sinkhorn_cellsim
9.437372e+01,33941,7.12281810348401e-04,5.87391918718995e-02,5.80523510274880e+02,sinkhorn_cellsim
9.442931e+01,33961,7.10110235722165e-04,5.87393399220264e-02,5.80523651367745e+02,sinkhorn_cellsim
9.448489e+01,33981,7.08240283866781e-04,5.87394674415429e-02,5.80523792255450e+02,sinkhorn_cellsim
9.454048e+01,34001,7.06587654419700e-04,5.87395753087581e-02,5.80523932996357e+02,sinkhorn_cellsim
9.459607e+01,34021,7.05261121216467e-04,5.87396658124187e-02,5.80524073633472e+02,sinkhorn_cellsim
9.465166e+01,34041,7.04214697420096e-04,5.87397417954737e-02,5.80524214196589e+02,sinkhorn_cellsim
9.470724e+01,34061,7.03234190159686e-04,5.87398060722063e-02,5.80524354705468e+02,sinkhorn_cellsim
9.476281e+01,34081,7.02267928400903e-04,5.87398611236282e-02,5.80524495172851e+02,sinkhorn_cellsim
9.481838e+01,34101,7.01315362034975e-04,5.87399089927396e-02,5.80524635606844e+02,sinkhorn_cellsim
9.487396e+01,34121,7.00375523284452e-04,5.87399512931886e-02,5.80524776012610e+02,sinkhorn_cellsim
9.492954e+01,34141,6.99453673432690e-04,5.87399892679589e-02,5.80524916393492e+02,sinkhorn_cellsim
9.498512e+01,34161,6.98546902647085e-04,5.87400238611002e-02,5.80525056751728e+02,sinkhorn_cellsim
9.504824e+01,34181,6.97654435078509e-04,5.87400557847510e-02,5.80525197088893e+02,sinkhorn_cellsim
9.510388e+01,34201,6.96776591354101e-04,5.87400855750518e-02,5.80525337406158e+02,sinkhorn_cellsim
9.515966e+01,34221,6.95914224326249e-04,5.87401136361115e-02,5.80525477704454e+02,sinkhorn_cellsim
9.521525e+01,34241,6.95069803073109e-04,5.87401402735090e-02,5.80525617984565e+02,sinkhorn_cellsim
9.527082e+01,34261,6.94244674821042e-04,5.87401657193763e-02,5.80525758247177e+02,sinkhorn_cellsim
9.532639e+01,34281,6.93434477502990e-04,5.87401901510462e-02,5.80525898492913e+02,sinkhorn_cellsim
9.538199e+01,34301,6.92640201907371e-04,5.87402137048701e-02,5.80526038722352e+02,sinkhorn_cellsim
9.543756e+01,34321,6.91860609090736e-04,5.87402364864670e-02,5.80526178936040e+02,sinkhorn_cellsim
9.549314e+01,34341,6.91095418546538e-04,5.87402585783463e-02,5.80526319134492e+02,sinkhorn_cellsim
9.554871e+01,34361,6.90344498033064e-04,5.87402800456017e-02,5.80526459318202e+02,sinkhorn_cellsim
9.560428e+01,34381,6.89607699585158e-04,5.87403009401706e-02,5.80526599487639e+02,sinkhorn_cellsim
9.565985e+01,34401,6.88884860878696e-04,5.87403213040548e-02,5.80526739643251e+02,sinkhorn_cellsim
9.571542e+01,34421,6.88175805689748e-04,5.87403411717600e-02,5.80526879785461e+02,sinkhorn_cellsim
9.577100e+01,34441,6.87496907221989e-04,5.87403605721698e-02,5.80527019914674e+02,sinkhorn_cellsim
9.582657e+01,34461,6.86866037441809e-04,5.87403795300026e-02,5.80527160031264e+02,sinkhorn_cellsim
9.588214e+01,34481,6.86256699208477e-04,5.87403980669790e-02,5.80527300135580e+02,sinkhorn_cellsim
9.593771e+01,34501,6.85687871805612e-04,5.87404162027926e-02,5.80527440227938e+02,sinkhorn_cellsim
9.599329e+01,34521,6.85158700283373e-04,5.87404339559564e-02,5.80527580308617e+02,sinkhorn_cellsim
9.604886e+01,34541,6.84698315217305e-04,5.87404513446073e-02,5.80527720377845e+02,sinkhorn_cellsim
9.610443e+01,34561,6.84329225006047e-04,5.87404683873430e-02,5.80527860435795e+02,sinkhorn_cellsim
9.616000e+01,34581,6.83990130102351e-04,5.87404851041479e-02,5.80528000482562e+02,sinkhorn_cellsim
9.621557e+01,34601,6.83677828242118e-04,5.87405015175170e-02,5.80528140518142e+02,sinkhorn_cellsim
9.627114e+01,34621,6.83419698067838e-04,5.87405176538760e-02,5.80528280542399e+02,sinkhorn_cellsim
9.632671e+01,34641,6.83163705404819e-04,5.87405335454392e-02,5.80528420555022e+02,sinkhorn_cellsim
9.638229e+01,34661,6.82909265032880e-04,5.87405492326809e-02,5.80528560555462e+02,sinkhorn_cellsim
9.643786e+01,34681,6.82658129893359e-04,5.87405647676731e-02,5.80528700542850e+02,sinkhorn_cellsim
9.649344e+01,34701,6.82410095604491e-04,5.87405802185902e-02,5.80528840515878e+02,sinkhorn_cellsim
9.654901e+01,34721,6.82173395865989e-04,5.87405956758062e-02,5.80528980472642e+02,sinkhorn_cellsim
9.660458e+01,34741,6.81951847521173e-04,5.87406112600947e-02,5.80529120410431e+02,sinkhorn_cellsim
9.666016e+01,34761,6.81718519692067e-04,5.87406271335990e-02,5.80529260325433e+02,sinkhorn_cellsim
9.671572e+01,34781,6.81473543947447e-04,5.87406435143229e-02,5.80529400212345e+02,sinkhorn_cellsim
9.677130e+01,34801,6.81213065748973e-04,5.87406606949600e-02,5.80529540063865e+02,sinkhorn_cellsim
9.682687e+01,34821,6.80918865036232e-04,5.87406790667108e-02,5.80529679870016e+02,sinkhorn_cellsim
9.688245e+01,34841,6.80580456620990e-04,5.87406991482590e-02,5.80529819617302e+02,sinkhorn_cellsim
9.693802e+01,34861,6.80176707588647e-04,5.87407216187895e-02,5.80529959287671e+02,sinkhorn_cellsim
9.699359e+01,34881,6.79683685516695e-04,5.87407473514914e-02,5.80530098857326e+02,sinkhorn_cellsim
9.704916e+01,34901,6.79073364634349e-04,5.87407774395800e-02,5.80530238295497e+02,sinkhorn_cellsim
9.710474e+01,34921,6.78311936722687e-04,5.87408132001755e-02,5.80530377563402e+02,sinkhorn_cellsim
9.716031e+01,34941,6.77361026926779e-04,5.87408561328581e-02,5.80530516613871e+02,sinkhorn_cellsim
9.721587e+01,34961,6.76341023319516e-04,5.87409078025318e-02,5.80530655392258e+02,sinkhorn_cellsim
9.727144e+01,34981,6.75228489557892e-04,5.87409696180237e-02,5.80530793839470e+02,sinkhorn_cellsim
9.732701e+01,35001,6.74056631664603e-04,5.87410425008240e-02,5.80530931897731e+02,sinkhorn_cellsim
9.738259e+01,35021,6.72839335308954e-04,5.87411264920553e-02,5.80531069518963e+02,sinkhorn_cellsim
9.743815e+01,35041,6.71618141854639e-04,5.87412204199234e-02,5.80531206674297e+02,sinkhorn_cellsim
9.749372e+01,35061,6.70437106588745e-04,5.87413217982039e-02,5.80531343361750e+02,sinkhorn_cellsim
9.754929e+01,35081,6.69210553597641e-04,5.87414270831791e-02,5.80531479608714e+02,sinkhorn_cellsim
9.760486e+01,35101,6.67991047377233e-04,5.87415322634872e-02,5.80531615467515e+02,sinkhorn_cellsim
9.766043e+01,35121,6.66929241591812e-04,5.87416335804251e-02,5.80531751005404e+02,sinkhorn_cellsim
9.771600e+01,35141,6.65854932738139e-04,5.87417281111773e-02,5.80531886292797e+02,sinkhorn_cellsim
9.777158e+01,35161,6.64793301798065e-04,5.87418140431162e-02,5.80532021393741e+02,sinkhorn_cellsim
9.782715e+01,35181,6.63712356810191e-04,5.87418906361257e-02,5.80532156360654e+02,sinkhorn_cellsim
9.788271e+01,35201,6.62645186625775e-04,5.87419579882958e-02,5.80532291233105e+02,sinkhorn_cellsim
9.793828e+01,35221,6.61589625468648e-04,5.87420167414386e-02,5.80532426039209e+02,sinkhorn_cellsim
9.799385e+01,35241,6.60559397257314e-04,5.87420678198576e-02,5.80532560798073e+02,sinkhorn_cellsim
9.804942e+01,35261,6.59566942233168e-04,5.87421122409204e-02,5.80532695522282e+02,sinkhorn_cellsim
9.810499e+01,35281,6.58625641759117e-04,5.87421509981868e-02,5.80532830219931e+02,sinkhorn_cellsim
9.816056e+01,35301,6.57754591981304e-04,5.87421850011454e-02,5.80532964896106e+02,sinkhorn_cellsim
9.821613e+01,35321,6.56927784319158e-04,5.87422150528335e-02,5.80533099553870e+02,sinkhorn_cellsim
9.827171e+01,35341,6.56136146955797e-04,5.87422418501237e-02,5.80533234194873e+02,sinkhorn_cellsim
9.832728e+01,35361,6.55402247458389e-04,5.87422659962502e-02,5.80533368819690e+02,sinkhorn_cellsim
9.838286e+01,35381,6.54709769142375e-04,5.87422880194474e-02,5.80533503427971e+02,sinkhorn_cellsim
9.843843e+01,35401,6.54045992892519e-04,5.87423083945126e-02,5.80533638018429e+02,sinkhorn_cellsim
9.849400e+01,35421,6.53407948998122e-04,5.87423275662100e-02,5.80533772588720e+02,sinkhorn_cellsim
9.854957e+01,35441,6.52797768534177e-04,5.87423459746364e-02,5.80533907135191e+02,sinkhorn_cellsim
9.860513e+01,35461,6.52193983137728e-04,5.87423640835523e-02,5.80534041652491e+02,sinkhorn_cellsim
9.866070e+01,35481,6.51596260783631e-04,5.87423824132338e-02,5.80534176133024e+02,sinkhorn_cellsim
9.871627e+01,35501,6.50988492922805e-04,5.87424015797704e-02,5.80534310566193e+02,sinkhorn_cellsim
9.877184e+01,35521,6.50346803234572e-04,5.87424223429465e-02,5.80534444937392e+02,sinkhorn_cellsim
9.882741e+01,35541,6.49658493378529e-04,5.87424456645491e-02,5.80534579226692e+02,sinkhorn_cellsim
9.888298e+01,35561,6.48892702073720e-04,5.87424727779595e-02,5.80534713407167e+02,sinkhorn_cellsim
9.893855e+01,35581,6.48007816039540e-04,5.87425052673108e-02,5.80534847442856e+02,sinkhorn_cellsim
9.899412e+01,35601,6.47112879911837e-04,5.87425451494030e-02,5.80534981286419e+02,sinkhorn_cellsim
9.904969e+01,35621,6.46137550817449e-04,5.87425949425403e-02,5.80535114876697e+02,sinkhorn_cellsim
9.910526e+01,35641,6.44961117061162e-04,5.87426576925252e-02,5.80535248136643e+02,sinkhorn_cellsim
9.916083e+01,35661,6.43563194638988e-04,5.87427369080376e-02,5.80535380972412e+02,sinkhorn_cellsim
9.921640e+01,35681,6.41915626096102e-04,5.87428363411961e-02,5.80535513274814e+02,sinkhorn_cellsim
9.927197e+01,35701,6.39984314682257e-04,5.87429595480534e-02,5.80535644924464e+02,sinkhorn_cellsim
9.932755e+01,35721,6.37814030242221e-04,5.87431091999827e-02,5.80535775801710e+02,sinkhorn_cellsim
9.938311e+01,35741,6.35550360048993e-04,5.87432862094764e-02,5.80535905801119e+02,sinkhorn_cellsim
9.943868e+01,35761,6.33091195307312e-04,5.87434888737013e-02,5.80536034848249e+02,sinkhorn_cellsim
9.949424e+01,35781,6.30487515970969e-04,5.87437123637841e-02,5.80536162914296e+02,sinkhorn_cellsim
9.954982e+01,35801,6.27907460795918e-04,5.87439488926128e-02,5.80536290023467e+02,sinkhorn_cellsim
9.960539e+01,35821,6.25270950303737e-04,5.87441887027676e-02,5.80536416249717e+02,sinkhorn_cellsim
9.966096e+01,35841,6.22408356530243e-04,5.87444216727141e-02,5.80536541703241e+02,sinkhorn_cellsim
9.971654e+01,35861,6.19541343571521e-04,5.87446390295999e-02,5.80536666511042e+02,sinkhorn_cellsim
9.977212e+01,35881,6.16575895227905e-04,5.87448345958868e-02,5.80536790797580e+02,sinkhorn_cellsim
9.982768e+01,35901,6.13505969278789e-04,5.87450052397697e-02,5.80536914670418e+02,sinkhorn_cellsim
9.988326e+01,35921,6.10413063681394e-04,5.87451505734910e-02,5.80537038212744e+02,sinkhorn_cellsim
9.993883e+01,35941,6.07316347855074e-04,5.87452722052659e-02,5.80537161481811e+02,sinkhorn_cellsim
9.999441e+01,35961,6.04262285006051e-04,5.87453728925346e-02,5.80537284511007e+02,sinkhorn_cellsim
1.000500e+02,35981,6.01308444834749e-04,5.87454558317425e-02,5.80537407313440e+02,sinkhorn_cellsim
1.001056e+02,36001,5.98489398298956e-04,5.87455241743902e-02,5.80537529885811e+02,sinkhorn_cellsim
1.001612e+02,36021,5.95830739077225e-04,5.87455807573723e-02,5.80537652212331e+02,sinkhorn_cellsim
1.002167e+02,36041,5.93270970795159e-04,5.87456279918405e-02,5.80537774268998e+02,sinkhorn_cellsim
1.002723e+02,36061,5.90848003826784e-04,5.87456678507437e-02,5.80537896028660e+02,sinkhorn_cellsim
1.003279e+02,36081,5.88620733298236e-04,5.87457019086769e-02,5.80538017466938e+02,sinkhorn_cellsim
1.003835e+02,36101,5.86513774535782e-04,5.87457314037755e-02,5.80538138568277e+02,sinkhorn_cellsim
1.004390e+02,36121,5.84581713656224e-04,5.87457573035525e-02,5.80538259330694e+02,sinkhorn_cellsim
1.004946e+02,36141,5.82817005729488e-04,5.87457803644676e-02,5.80538379767678e+02,sinkhorn_cellsim
1.005502e+02,36161,5.81169403175488e-04,5.87458011806276e-02,5.80538499906538e+02,sinkhorn_cellsim
1.006058e+02,36181,5.79667418528833e-04,5.87458202219963e-02,5.80538619783917e+02,sinkhorn_cellsim
1.006613e+02,36201,5.78296690175785e-04,5.87458378654502e-02,5.80538739440218e+02,sinkhorn_cellsim
1.007169e+02,36221,5.76993788997226e-04,5.87458544218838e-02,5.80538858914667e+02,sinkhorn_cellsim
1.007725e+02,36241,5.75849837794366e-04,5.87458701607830e-02,5.80538978241973e+02,sinkhorn_cellsim
1.008281e+02,36261,5.74829817116727e-04,5.87458853325954e-02,5.80539097450646e+02,sinkhorn_cellsim
1.008836e+02,36281,5.73852909988245e-04,5.87459001896023e-02,5.80539216562557e+02,sinkhorn_cellsim
1.009392e+02,36301,5.72905881433883e-04,5.87459150068224e-02,5.80539335593155e+02,sinkhorn_cellsim
1.009948e+02,36321,5.71991715432052e-04,5.87459301047826e-02,5.80539454551912e+02,sinkhorn_cellsim
1.010504e+02,36341,5.71110144762474e-04,5.87459458758528e-02,5.80539573442690e+02,sinkhorn_cellsim
1.011059e+02,36361,5.70268199797585e-04,5.87459628153218e-02,5.80539692263874e+02,sinkhorn_cellsim
1.011615e+02,36381,5.69437107034349e-04,5.87459815576068e-02,5.80539811008185e+02,sinkhorn_cellsim
1.012171e+02,36401,5.68584866337394e-04,5.87460029164995e-02,5.80539929662156e+02,sinkhorn_cellsim
1.012727e+02,36421,5.67702258906309e-04,5.87460279254672e-02,5.80540048205317e+02,sinkhorn_cellsim
1.013282e+02,36441,5.66961658271281e-04,5.87460578690361e-02,5.80540166609193e+02,sinkhorn_cellsim
1.013838e+02,36461,5.66183657833099e-04,5.87460942884460e-02,5.80540284836359e+02,sinkhorn_cellsim
1.014394e+02,36481,5.65331649670930e-04,5.87461389347829e-02,5.80540402839986e+02,sinkhorn_cellsim
1.014950e+02,36501,5.64380418102237e-04,5.87461936339694e-02,5.80540520564496e+02,sinkhorn_cellsim
1.015505e+02,36521,5.63350571838392e-04,5.87462600292617e-02,5.80540637948129e+02,sinkhorn_cellsim
1.016061e+02,36541,5.62243946565239e-04,5.87463391926606e-02,5.80540754928090e+02,sinkhorn_cellsim
1.016617e+02,36561,5.61090653003677e-04,5.87464311591950e-02,5.80540871448318e+02,sinkhorn_cellsim
1.017173e+02,36581,5.60046628200415e-04,5.87465345278185e-02,5.80540987468682e+02,sinkhorn_cellsim
1.017729e+02,36601,5.59072304506763e-04,5.87466463358832e-02,5.80541102973021e+02,sinkhorn_cellsim
1.018284e+02,36621,5.58309237216956e-04,5.87467623692264e-02,5.80541217972914e+02,sinkhorn_cellsim
1.018840e+02,36641,5.57602985328324e-04,5.87468778857467e-02,5.80541332505324e+02,sinkhorn_cellsim
1.019396e+02,36661,5.56826164790303e-04,5.87469885056455e-02,5.80541446624908e+02,sinkhorn_cellsim
1.019952e+02,36681,5.56105753400793e-04,5.87470909304935e-02,5.80541560393988e+02,sinkhorn_cellsim
1.020507e+02,36701,5.55357089793403e-04,5.87471832712515e-02,5.80541673873511e+02,sinkhorn_cellsim
1.021063e+02,36721,5.54577340342371e-04,5.87472649862253e-02,5.80541787116802e+02,sinkhorn_cellsim
1.021619e+02,36741,5.53834079647699e-04,5.87473365883038e-02,5.80541900166112e+02,sinkhorn_cellsim
1.022175e+02,36761,5.53058565168529e-04,5.87473993088685e-02,5.80542013050840e+02,sinkhorn_cellsim
1.022731e+02,36781,5.52274861721204e-04,5.87474548482172e-02,5.80542125786047e+02,sinkhorn_cellsim
1.023287e+02,36801,5.51467993155586e-04,5.87475052727120e-02,5.80542238369971e+02,sinkhorn_cellsim
1.023843e+02,36821,5.50729694671559e-04,5.87475530773543e-02,5.80542350779282e+02,sinkhorn_cellsim
1.024398e+02,36841,5.50011078445721e-04,5.87476014218929e-02,5.80542462960696e+02,sinkhorn_cellsim
1.024954e+02,36861,5.49281282161225e-04,5.87476545512488e-02,5.80542574817358e+02,sinkhorn_cellsim
1.025510e+02,36881,5.48538384832984e-04,5.87477183974768e-02,5.80542686188470e+02,sinkhorn_cellsim
1.026066e+02,36901,5.47786780958755e-04,5.87478012797780e-02,5.80542796822148e+02,sinkhorn_cellsim
1.026622e+02,36921,5.47067534765959e-04,5.87479143869332e-02,5.80542906346374e+02,sinkhorn_cellsim
1.027177e+02,36941,5.46355006018415e-04,5.87480712611985e-02,5.80543014254033e+02,sinkhorn_cellsim
1.027733e+02,36961,5.45628889423046e-04,5.87482849541796e-02,5.80543119934667e+02,sinkhorn_cellsim
1.028289e+02,36981,5.44892196570050e-04,5.87485617858347e-02,5.80543222792311e+02,sinkhorn_cellsim
1.028845e+02,37001,5.44169922208506e-04,5.87488933287443e-02,5.80543322448885e+02,sinkhorn_cellsim
1.029400e+02,37021,5.43443352716503e-04,5.87492528897392e-02,5.80543418933274e+02,sinkhorn_cellsim
1.029956e+02,37041,5.42724456735181e-04,5.87496029438813e-02,5.80543512698472e+02,sinkhorn_cellsim
1.030512e+02,37061,5.42020360765579e-04,5.87499104881368e-02,5.80543604429123e+02,sinkhorn_cellsim
1.031068e+02,37081,5.41290956183510e-04,5.87501584442768e-02,5.80543694792018e+02,sinkhorn_cellsim
1.031624e+02,37101,5.40545362564930e-04,5.87503461412790e-02,5.80543784292225e+02,sinkhorn_cellsim
1.032180e+02,37121,5.39769292803744e-04,5.87504827044794e-02,5.80543873256423e+02,sinkhorn_cellsim
1.032735e+02,37141,5.39028983932848e-04,5.87505801841566e-02,5.80543961877542e+02,sinkhorn_cellsim
1.033291e+02,37161,5.38358768629034e-04,5.87506495668750e-02,5.80544050265121e+02,sinkhorn_cellsim
1.033847e+02,37181,5.37700331439971e-04,5.87506994077621e-02,5.80544138481382e+02,sinkhorn_cellsim
1.034403e+02,37201,5.37053299654277e-04,5.87507358573501e-02,5.80544226562769e+02,sinkhorn_cellsim
1.034959e+02,37221,5.36403168957495e-04,5.87507631656278e-02,5.80544314531742e+02,sinkhorn_cellsim
1.035515e+02,37241,5.35751061221117e-04,5.87507842224706e-02,5.80544402402956e+02,sinkhorn_cellsim
1.036070e+02,37261,5.35098061540646e-04,5.87508009895731e-02,5.80544490186429e+02,sinkhorn_cellsim
1.036626e+02,37281,5.34445397518768e-04,5.87508148082724e-02,5.80544577889125e+02,sinkhorn_cellsim
1.037182e+02,37301,5.33799052072572e-04,5.87508266080427e-02,5.80544665515710e+02,sinkhorn_cellsim
1.037738e+02,37321,5.33158677296784e-04,5.87508370450598e-02,5.80544753068854e+02,sinkhorn_cellsim
1.038294e+02,37341,5.32525122610659e-04,5.87508465942627e-02,5.80544840549296e+02,sinkhorn_cellsim
1.038850e+02,37361,5.31891172195746e-04,5.87508556111413e-02,5.80544927955745e+02,sinkhorn_cellsim
1.039405e+02,37381,5.31257929360718e-04,5.87508643737814e-02,5.80545015284733e+02,sinkhorn_cellsim
1.039961e+02,37401,5.30626163111058e-04,5.87508731116314e-02,5.80545102530470e+02,sinkhorn_cellsim
1.040517e+02,37421,5.29995739837094e-04,5.87508820247048e-02,5.80545189684822e+02,sinkhorn_cellsim
1.041073e+02,37441,5.29366879958802e-04,5.87508912950028e-02,5.80545276737552e+02,sinkhorn_cellsim
1.041628e+02,37461,5.28739614002169e-04,5.87509010908683e-02,5.80545363676992e+02,sinkhorn_cellsim
1.042184e+02,37481,5.28113750649901e-04,5.87509115646571e-02,5.80545450491262e+02,sinkhorn_cellsim
1.042740e+02,37501,5.27488832109887e-04,5.87509228449409e-02,5.80545537170012e+02,sinkhorn_cellsim
1.043296e+02,37521,5.26864073223817e-04,5.87509350262929e-02,5.80545623706355e+02,sinkhorn_cellsim
1.043852e+02,37541,5.26238279336217e-04,5.87509481618689e-02,5.80545710098407e+02,sinkhorn_cellsim
1.044408e+02,37561,5.25609735664403e-04,5.87509622649358e-02,5.80545796349730e+02,sinkhorn_cellsim
1.044964e+02,37581,5.24979184719766e-04,5.87509773239985e-02,5.80545882468322e+02,sinkhorn_cellsim
1.045519e+02,37601,5.24366748224300e-04,5.87509933323060e-02,5.80545968464371e+02,sinkhorn_cellsim
1.046075e+02,37621,5.23750882856612e-04,5.87510103283813e-02,5.80546054347521e+02,sinkhorn_cellsim
1.046631e+02,37641,5.23117453140817e-04,5.87510284418342e-02,5.80546140124419e+02,sinkhorn_cellsim
1.047187e+02,37661,5.22457532093389e-04,5.87510479392954e-02,5.80546225796955e+02,sinkhorn_cellsim
1.047743e+02,37681,5.21761293829435e-04,5.87510692678337e-02,5.80546311361154e+02,sinkhorn_cellsim
1.048299e+02,37701,5.21020989684011e-04,5.87510930957424e-02,5.80546396806437e+02,sinkhorn_cellsim
1.048854e+02,37721,5.20225036165233e-04,5.87511203510713e-02,5.80546482114942e+02,sinkhorn_cellsim
1.049410e+02,37741,5.19339933757649e-04,5.87511522553702e-02,5.80546567260752e+02,sinkhorn_cellsim
1.049966e+02,37761,5.18332551705718e-04,5.87511903432759e-02,5.80546652209042e+02,sinkhorn_cellsim
1.050522e+02,37781,5.17170694443644e-04,5.87512364479756e-02,5.80546736915410e+02,sinkhorn_cellsim
1.051078e+02,37801,5.15820163641571e-04,5.87512926197898e-02,5.80546821325859e+02,sinkhorn_cellsim
1.051634e+02,37821,5.14230303725064e-04,5.87513609356569e-02,5.80546905378182e+02,sinkhorn_cellsim
1.052189e+02,37841,5.12551699685993e-04,5.87514431627710e-02,5.80546989005597e+02,sinkhorn_cellsim
1.052745e+02,37861,5.10718551348239e-04,5.87515402775729e-02,5.80547072143225e+02,sinkhorn_cellsim
1.053301e+02,37881,5.08864489465352e-04,5.87516519232869e-02,5.80547154737166e+02,sinkhorn_cellsim
1.053857e+02,37901,5.06847180082037e-04,5.87517759945699e-02,5.80547236754414e+02,sinkhorn_cellsim
1.054412e+02,37921,5.04617163447404e-04,5.87519085934087e-02,5.80547318190395e+02,sinkhorn_cellsim
1.054968e+02,37941,5.02220738053481e-04,5.87520445129875e-02,5.80547399070777e+02,sinkhorn_cellsim
1.055524e+02,37961,4.99726850708769e-04,5.87521781660915e-02,5.80547479446145e+02,sinkhorn_cellsim
1.056080e+02,37981,4.97276751031545e-04,5.87523046264723e-02,5.80547559381386e+02,sinkhorn_cellsim
1.056636e+02,38001,4.94988269915977e-04,5.87524203927222e-02,5.80547638943941e+02,sinkhorn_cellsim
1.057192e+02,38021,4.92798699134965e-04,5.87525236599514e-02,5.80547718194772e+02,sinkhorn_cellsim
1.057747e+02,38041,4.90752173455689e-04,5.87526141417268e-02,5.80547797183779e+02,sinkhorn_cellsim
1.058303e+02,38061,4.88844086170954e-04,5.87526926425060e-02,5.80547875949149e+02,sinkhorn_cellsim
1.058859e+02,38081,4.87081701449992e-04,5.87527605878234e-02,5.80547954519064e+02,sinkhorn_cellsim
1.059415e+02,38101,4.85476442226017e-04,5.87528196398385e-02,5.80548032914243e+02,sinkhorn_cellsim
1.059971e+02,38121,4.84056273070637e-04,5.87528714399103e-02,5.80548111150376e+02,sinkhorn_cellsim
1.060526e+02,38141,4.82784955228347e-04,5.87529174662684e-02,5.80548189240030e+02,sinkhorn_cellsim
1.061082e+02,38161,4.81645029281304e-04,5.87529589748216e-02,5.80548267193965e+02,sinkhorn_cellsim
1.061638e+02,38181,4.80619365384786e-04,5.87529969911247e-02,5.80548345021946e+02,sinkhorn_cellsim
1.062194e+02,38201,4.79695868495451e-04,5.87530323293045e-02,5.80548422733190e+02,sinkhorn_cellsim
1.062750e+02,38221,4.78893438173183e-04,5.87530656222454e-02,5.80548500336573e+02,sinkhorn_cellsim
1.063306e+02,38241,4.78265408490276e-04,5.87530973540701e-02,5.80548577840681e+02,sinkhorn_cellsim
1.063861e+02,38261,4.77781593420993e-04,5.87531278903721e-02,5.80548655253786e+02,sinkhorn_cellsim
1.064417e+02,38281,4.77324692278145e-04,5.87531575043061e-02,5.80548732583786e+02,sinkhorn_cellsim
1.064973e+02,38301,4.76887140279959e-04,5.87531863981319e-02,5.80548809838140e+02,sinkhorn_cellsim
1.065529e+02,38321,4.76464778399381e-04,5.87532147204603e-02,5.80548887023805e+02,sinkhorn_cellsim
1.066085e+02,38341,4.76054353316465e-04,5.87532425797736e-02,5.80548964147204e+02,sinkhorn_cellsim
1.066640e+02,38361,4.75669912364172e-04,5.87532700548696e-02,5.80549041214193e+02,sinkhorn_cellsim
1.067196e+02,38381,4.75307622051502e-04,5.87532972028104e-02,5.80549118230065e+02,sinkhorn_cellsim
1.067752e+02,38401,4.74945739699406e-04,5.87533240649153e-02,5.80549195199558e+02,sinkhorn_cellsim
1.068308e+02,38421,4.74584572599662e-04,5.87533506712297e-02,5.80549272126876e+02,sinkhorn_cellsim
1.068863e+02,38441,4.74224583256870e-04,5.87533770438261e-02,5.80549349015724e+02,sinkhorn_cellsim
1.069419e+02,38461,4.73867384772691e-04,5.87534031992151e-02,5.80549425869344e+02,sinkhorn_cellsim
1.069975e+02,38481,4.73512229714019e-04,5.87534291500837e-02,5.80549502690553e+02,sinkhorn_cellsim
1.070531e+02,38501,4.73160533663751e-04,5.87534549065413e-02,5.80549579481786e+02,sinkhorn_cellsim
1.071087e+02,38521,4.72818448581822e-04,5.87534804769879e-02,5.80549656245135e+02,sinkhorn_cellsim
1.071642e+02,38541,4.72479676009285e-04,5.87535058687126e-02,5.80549732982388e+02,sinkhorn_cellsim
1.072198e+02,38561,4.72139387538771e-04,5.87535310882974e-02,5.80549809695064e+02,sinkhorn_cellsim
1.072754e+02,38581,4.71800438186470e-04,5.87535561418766e-02,5.80549886384448e+02,sinkhorn_cellsim
1.073310e+02,38601,4.71475619046490e-04,5.87535810352921e-02,5.80549963051617e+02,sinkhorn_cellsim
1.073866e+02,38621,4.71163175992476e-04,5.87536057741853e-02,5.80550039697472e+02,sinkhorn_cellsim
1.074421e+02,38641,4.70861920580473e-04,5.87536303640333e-02,5.80550116322758e+02,sinkhorn_cellsim
1.074977e+02,38661,4.70558104679691e-04,5.87536548101553e-02,5.80550192928087e+02,sinkhorn_cellsim
1.075533e+02,38681,4.70261561169552e-04,5.87536791176949e-02,5.80550269513956e+02,sinkhorn_cellsim
1.076089e+02,38701,4.69972368301748e-04,5.87537032915948e-02,5.80550346080765e+02,sinkhorn_cellsim
1.076645e+02,38721,4.69717674563470e-04,5.87537273365507e-02,5.80550422628829e+02,sinkhorn_cellsim
1.077200e+02,38741,4.69500781794462e-04,5.87537512569746e-02,5.80550499158389e+02,sinkhorn_cellsim
1.077756e+02,38761,4.69289505827505e-04,5.87537750569472e-02,5.80550575669628e+02,sinkhorn_cellsim
1.078312e+02,38781,4.69077542380841e-04,5.87537987401703e-02,5.80550652162677e+02,sinkhorn_cellsim
1.078868e+02,38801,4.68863395370629e-04,5.87538223099242e-02,5.80550728637623e+02,sinkhorn_cellsim
1.079423e+02,38821,4.68648285002261e-04,5.87538457690242e-02,5.80550805094517e+02,sinkhorn_cellsim
1.079979e+02,38841,4.68430848002338e-04,5.87538691197805e-02,5.80550881533380e+02,sinkhorn_cellsim
1.080535e+02,38861,4.68211637069753e-04,5.87538923639586e-02,5.80550957954209e+02,sinkhorn_cellsim
1.081091e+02,38881,4.67990093821399e-04,5.87539155027481e-02,5.80551034356980e+02,sinkhorn_cellsim
1.081647e+02,38901,4.67768074704454e-04,5.87539385367281e-02,5.80551110741657e+02,sinkhorn_cellsim
1.082202e+02,38921,4.67546054357910e-04,5.87539614658480e-02,5.80551187108188e+02,sinkhorn_cellsim
1.082758e+02,38941,4.67321706858758e-04,5.87539842893966e-02,5.80551263456516e+02,sinkhorn_cellsim
1.083314e+02,38961,4.67094900515409e-04,5.87540070059979e-02,5.80551339786578e+02,sinkhorn_cellsim
1.083870e+02,38981,4.66865117098331e-04,5.87540296135905e-02,5.80551416098306e+02,sinkhorn_cellsim
1.084425e+02,39001,4.66632378457654e-04,5.87540521094331e-02,5.80551492391635e+02,sinkhorn_cellsim
1.084981e+02,39021,4.66397677139602e-04,5.87540744900983e-02,5.80551568666497e+02,sinkhorn_cellsim
1.085537e+02,39041,4.66159911195343e-04,5.87540967514880e-02,5.80551644922831e+02,sinkhorn_cellsim
1.086093e+02,39061,4.65920140537769e-04,5.87541188888454e-02,5.80551721160578e+02,sinkhorn_cellsim
1.086648e+02,39081,4.65684011345623e-04,5.87541408967839e-02,5.80551797379687e+02,sinkhorn_cellsim
1.087204e+02,39101,4.65452856160291e-04,5.87541627693088e-02,5.80551873580111e+02,sinkhorn_cellsim
1.087760e+02,39121,4.65219176819689e-04,5.87541844998631e-02,5.80551949761814e+02,sinkhorn_cellsim
1.088316e+02,39141,4.64982366141345e-04,5.87542060813673e-02,5.80552025924765e+02,sinkhorn_cellsim
1.088871e+02,39161,4.64742448416773e-04,5.87542275062687e-02,5.80552102068943e+02,sinkhorn_cellsim
1.089427e+02,39181,4.64500138848885e-04,5.87542487665985e-02,5.80552178194336e+02,sinkhorn_cellsim
1.089983e+02,39201,4.64256237218472e-04,5.87542698540323e-02,5.80552254300940e+02,sinkhorn_cellsim
1.090539e+02,39221,4.64009548499694e-04,5.87542907599572e-02,5.80552330388762e+02,sinkhorn_cellsim
1.091095e+02,39241,4.63760399733084e-04,5.87543114755383e-02,5.80552406457815e+02,sinkhorn_cellsim
1.091650e+02,39261,4.63508926302058e-04,5.87543319917946e-02,5.80552482508120e+02,sinkhorn_cellsim
1.092206e+02,39281,4.63255038994742e-04,5.87543522996674e-02,5.80552558539706e+02,sinkhorn_cellsim
1.092762e+02,39301,4.63000296085710e-04,5.87543723900984e-02,5.80552634552610e+02,sinkhorn_cellsim
1.093318e+02,39321,4.62746155828108e-04,5.87543922541057e-02,5.80552710546874e+02,sinkhorn_cellsim
1.093874e+02,39341,4.62490710777823e-04,5.87544118828554e-02,5.80552786522542e+02,sinkhorn_cellsim
1.094429e+02,39361,4.62235302843154e-04,5.87544312677340e-02,5.80552862479667e+02,sinkhorn_cellsim
1.094985e+02,39381,4.61979224003761e-04,5.87544504004184e-02,5.80552938418300e+02,sinkhorn_cellsim
1.095541e+02,39401,4.61721794830612e-04,5.87544692729466e-02,5.80553014338496e+02,sinkhorn_cellsim
1.096097e+02,39421,4.61464465999556e-04,5.87544878777751e-02,5.80553090240309e+02,sinkhorn_cellsim
1.096653e+02,39441,4.61205979514425e-04,5.87545062078449e-02,5.80553166123792e+02,sinkhorn_cellsim
1.097208e+02,39461,4.60947113993741e-04,5.87545242566379e-02,5.80553241988995e+02,sinkhorn_cellsim
1.097764e+02,39481,4.60687575119820e-04,5.87545420182295e-02,5.80553317835964e+02,sinkhorn_cellsim
1.098320e+02,39501,4.60426840928934e-04,5.87545594873457e-02,5.80553393664740e+02,sinkhorn_cellsim
1.098876e+02,39521,4.60166330744180e-04,5.87545766594153e-02,5.80553469475354e+02,sinkhorn_cellsim
1.099431e+02,39541,4.59905679922082e-04,5.87545935306240e-02,5.80553545267828e+02,sinkhorn_cellsim
1.099987e+02,39561,4.59644278110325e-04,5.87546100979784e-02,5.80553621042174e+02,sinkhorn_cellsim
1.100543e+02,39581,4.59382272834341e-04,5.87546263593807e-02,5.80553696798386e+02,sinkhorn_cellsim
1.101099e+02,39601,4.59119802992313e-04,5.87546423137141e-02,5.80553772536444e+02,sinkhorn_cellsim
1.101655e+02,39621,4.58856995920928e-04,5.87546579609610e-02,5.80553848256304e+02,sinkhorn_cellsim
1.102210e+02,39641,4.58594674850793e-04,5.87546733023570e-02,5.80553923957898e+02,sinkhorn_cellsim
1.102766e+02,39661,4.58333749879424e-04,5.87546883405952e-02,5.80553999641126e+02,sinkhorn_cellsim
1.103322e+02,39681,4.58073597941874e-04,5.87547030801134e-02,5.80554075305848e+02,sinkhorn_cellsim
1.103878e+02,39701,4.57818706581773e-04,5.87547175274862e-02,5.80554150951874e+02,sinkhorn_cellsim
1.104433e+02,39721,4.57567649808209e-04,5.87547316919658e-02,5.80554226578955e+02,sinkhorn_cellsim
1.104989e+02,39741,4.57316404280673e-04,5.87547455862254e-02,5.80554302186759e+02,sinkhorn_cellsim
1.105545e+02,39761,4.57064801967641e-04,5.87547592274025e-02,5.80554377774850e+02,sinkhorn_cellsim
1.106101e+02,39781,4.56812559043174e-04,5.87547726385147e-02,5.80554453342656e+02,sinkhorn_cellsim
1.106657e+02,39801,4.56559234341778e-04,5.87547858504377e-02,5.80554528889425e+02,sinkhorn_cellsim
1.107212e+02,39821,4.56304172445324e-04,5.87547989046057e-02,5.80554604414163e+02,sinkhorn_cellsim
1.107768e+02,39841,4.56046425641680e-04,5.87548118567361e-02,5.80554679915557e+02,sinkhorn_cellsim
1.108324e+02,39861,4.55784647231759e-04,5.87548247819260e-02,5.80554755391859e+02,sinkhorn_cellsim
1.108880e+02,39881,4.55516946115552e-04,5.87548377816217e-02,5.80554830840736e+02,sinkhorn_cellsim
1.109435e+02,39901,4.55240689344506e-04,5.87548509930924e-02,5.80554906259069e+02,sinkhorn_cellsim
1.109991e+02,39921,4.54952235851439e-04,5.87548646022459e-02,5.80554981642671e+02,sinkhorn_cellsim
1.110547e+02,39941,4.54646580552741e-04,5.87548788608244e-02,5.80555056985919e+02,sinkhorn_cellsim
1.111103e+02,39961,4.54316884581710e-04,5.87548941092137e-02,5.80555132281252e+02,sinkhorn_cellsim
1.111659e+02,39981,4.53953866760134e-04,5.87549108062071e-02,5.80555207518522e+02,sinkhorn_cellsim
1.112214e+02,40001,4.53545036250997e-04,5.87549295669678e-02,5.80555282684145e+02,sinkhorn_cellsim
1.112770e+02,40021,4.53073764249466e-04,5.87549512097778e-02,5.80555357760029e+02,sinkhorn_cellsim
1.113326e+02,40041,4.52518233214824e-04,5.87549768105938e-02,5.80555432722279e+02,sinkhorn_cellsim
1.113882e+02,40061,4.51850381208143e-04,5.87550077612781e-02,5.80555507539702e+02,sinkhorn_cellsim
1.114438e+02,40081,4.51035092201852e-04,5.87550458218809e-02,5.80555582172263e+02,sinkhorn_cellsim
1.114993e+02,40101,4.50118644526627e-04,5.87550931493559e-02,5.80555656569763e+02,sinkhorn_cellsim
1.115549e+02,40121,4.49125574961369e-04,5.87551522758477e-02,5.80555730671219e+02,sinkhorn_cellsim
1.116105e+02,40141,4.47951523475289e-04,5.87552260041798e-02,5.80555804405625e+02,sinkhorn_cellsim
1.116661e+02,40161,4.46542696868909e-04,5.87553171964104e-02,5.80555877694792e+02,sinkhorn_cellsim
1.117216e+02,40181,4.44822099969886e-04,5.87554284658629e-02,5.80555950458624e+02,sinkhorn_cellsim
1.117772e+02,40201,4.42782779455136e-04,5.87555618469397e-02,5.80556022622207e+02,sinkhorn_cellsim
1.118328e+02,40221,4.40565478339897e-04,5.87557185825478e-02,5.80556094122792e+02,sinkhorn_cellsim
1.118884e+02,40241,4.38035930299485e-04,5.87558991710660e-02,5.80556164913768e+02,sinkhorn_cellsim
1.119439e+02,40261,4.35129966507968e-04,5.87561036926038e-02,5.80556234963439e+02,sinkhorn_cellsim
1.119995e+02,40281,4.31800795919382e-04,5.87563322156998e-02,5.80556304249028e+02,sinkhorn_cellsim
1.120551e+02,40301,4.28053488285468e-04,5.87565849172354e-02,5.80556372749576e+02,sinkhorn_cellsim
1.121107e+02,40321,4.23927585274421e-04,5.87568615958966e-02,5.80556440442856e+02,sinkhorn_cellsim
1.121662e+02,40341,4.19452559377879e-04,5.87571605649891e-02,5.80556507309719e+02,sinkhorn_cellsim
1.122218e+02,40361,4.14733399497554e-04,5.87574773489217e-02,5.80556573345120e+02,sinkhorn_cellsim
1.122774e+02,40381,4.09910564720851e-04,5.87578039329701e-02,5.80556638570708e+02,sinkhorn_cellsim
1.123330e+02,40401,4.05096922914269e-04,5.87581292462990e-02,5.80556703041879e+02,sinkhorn_cellsim
1.123885e+02,40421,4.00446942247939e-04,5.87584409805555e-02,5.80556766844485e+02,sinkhorn_cellsim
1.124441e+02,40441,3.96118601434808e-04,5.87587280625421e-02,5.80556830081946e+02,sinkhorn_cellsim
1.124997e+02,40461,3.92227002129329e-04,5.87589827070163e-02,5.80556892858580e+02,sinkhorn_cellsim
1.125553e+02,40481,3.88834290417860e-04,5.87592012908051e-02,5.80556955265927e+02,sinkhorn_cellsim
1.126109e+02,40501,3.85944826181778e-04,5.87593839992930e-02,5.80557017375736e+02,sinkhorn_cellsim
1.126664e+02,40521,3.83549523438725e-04,5.87595337315236e-02,5.80557079239341e+02,sinkhorn_cellsim
1.127220e+02,40541,3.81608336791471e-04,5.87596548490922e-02,5.80557140890945e+02,sinkhorn_cellsim
1.127776e+02,40561,3.80039328480028e-04,5.87597521526707e-02,5.80557202352262e+02,sinkhorn_cellsim
1.128332e+02,40581,3.78763898954532e-04,5.87598302168941e-02,5.80557263636852e+02,sinkhorn_cellsim
1.128888e+02,40601,3.77773418341490e-04,5.87598930494968e-02,5.80557324753491e+02,sinkhorn_cellsim
1.129443e+02,40621,3.77002551250658e-04,5.87599439786470e-02,5.80557385708500e+02,sinkhorn_cellsim
1.129999e+02,40641,3.76369282085835e-04,5.87599856737620e-02,5.80557446507186e+02,sinkhorn_cellsim
1.130555e+02,40661,3.75864829085717e-04,5.87600202303410e-02,5.80557507154654e+02,sinkhorn_cellsim
1.131111e+02,40681,3.75472170692610e-04,5.87600492760781e-02,5.80557567656153e+02,sinkhorn_cellsim
1.131667e+02,40701,3.75265552948380e-04,5.87600740757580e-02,5.80557628017125e+02,sinkhorn_cellsim
1.132222e+02,40721,3.75059263574799e-04,5.87600956252116e-02,5.80557688243028e+02,sinkhorn_cellsim
1.132778e+02,40741,3.74849418286838e-04,5.87601147318515e-02,5.80557748339018e+02,sinkhorn_cellsim
1.133334e+02,40761,3.74652235695626e-04,5.87601320829338e-02,5.80557808309506e+02,sinkhorn_cellsim
1.133890e+02,40781,3.74437263145054e-04,5.87601483042238e-02,5.80557868157613e+02,sinkhorn_cellsim
1.134446e+02,40801,3.74197498461076e-04,5.87601640120746e-02,5.80557927884525e+02,sinkhorn_cellsim
1.135001e+02,40821,3.73923592677176e-04,5.87601798615021e-02,5.80557987488733e+02,sinkhorn_cellsim
1.135557e+02,40841,3.73603216283275e-04,5.87601965916382e-02,5.80558046965165e+02,sinkhorn_cellsim
1.136113e+02,40861,3.73220389925536e-04,5.87602150677543e-02,5.80558106304221e+02,sinkhorn_cellsim
1.136669e+02,40881,3.72754909810905e-04,5.87602363153334e-02,5.80558165490775e+02,sinkhorn_cellsim
1.137224e+02,40901,3.72182120950515e-04,5.87602615359538e-02,5.80558224503293e+02,sinkhorn_cellsim
1.137780e+02,40921,3.71473460277544e-04,5.87602920870990e-02,5.80558283313357e+02,sinkhorn_cellsim
1.138336e+02,40941,3.70599225580413e-04,5.87603294003222e-02,5.80558341886055e+02,sinkhorn_cellsim
1.138892e+02,40961,3.69709448220013e-04,5.87603748100242e-02,5.80558400181817e+02,sinkhorn_cellsim
1.139448e+02,40981,3.68936322030268e-04,5.87604292786898e-02,5.80558458160273e+02,sinkhorn_cellsim
1.140004e+02,41001,3.68092484666157e-04,5.87604930449627e-02,5.80558515786234e+02,sinkhorn_cellsim
1.140559e+02,41021,3.67319424227341e-04,5.87605652874837e-02,5.80558573036974e+02,sinkhorn_cellsim
1.141115e+02,41041,3.66444263532605e-04,5.87606439583407e-02,5.80558629908801e+02,sinkhorn_cellsim
1.141674e+02,41061,3.65585233696096e-04,5.87607259336080e-02,5.80558686420224e+02,sinkhorn_cellsim
1.142230e+02,41081,3.64718546212249e-04,5.87608075118205e-02,5.80558742609886e+02,sinkhorn_cellsim
1.142786e+02,41101,3.63909031391788e-04,5.87608851109654e-02,5.80558798529624e+02,sinkhorn_cellsim
1.143342e+02,41121,3.63067340707474e-04,5.87609559008168e-02,5.80558854235329e+02,sinkhorn_cellsim
1.143897e+02,41141,3.62200934758050e-04,5.87610181537540e-02,5.80558909778921e+02,sinkhorn_cellsim
1.144453e+02,41161,3.61327461029503e-04,5.87610712595029e-02,5.80558965203524e+02,sinkhorn_cellsim
1.145009e+02,41181,3.60533073501500e-04,5.87611154984939e-02,5.80559020542026e+02,sinkhorn_cellsim
1.145565e+02,41201,3.59789659482900e-04,5.87611517218415e-02,5.80559075817986e+02,sinkhorn_cellsim
1.146121e+02,41221,3.59133613872408e-04,5.87611810543166e-02,5.80559131047589e+02,sinkhorn_cellsim
1.146750e+02,41241,3.58517570722911e-04,5.87612046758505e-02,5.80559186241694e+02,sinkhorn_cellsim
1.147306e+02,41261,3.57913403048177e-04,5.87612236886386e-02,5.80559241407559e+02,sinkhorn_cellsim
1.147862e+02,41281,3.57324870320715e-04,5.87612390526231e-02,5.80559296550087e+02,sinkhorn_cellsim
1.148417e+02,41301,3.56754557155006e-04,5.87612515663793e-02,5.80559351672681e+02,sinkhorn_cellsim
1.148973e+02,41321,3.56204075110165e-04,5.87612618737964e-02,5.80559406777786e+02,sinkhorn_cellsim
1.149529e+02,41341,3.55684669661954e-04,5.87612704828970e-02,5.80559461867234e+02,sinkhorn_cellsim
1.150085e+02,41361,3.55237872369622e-04,5.87612777885112e-02,5.80559516942453e+02,sinkhorn_cellsim
1.150641e+02,41381,3.54857584032904e-04,5.87612840943346e-02,5.80559572004595e+02,sinkhorn_cellsim
1.151196e+02,41401,3.54502446577694e-04,5.87612896323870e-02,5.80559627054617e+02,sinkhorn_cellsim
1.151752e+02,41421,3.54161795253229e-04,5.87612945792115e-02,5.80559682093330e+02,sinkhorn_cellsim
1.152308e+02,41441,3.53834749105608e-04,5.87612990688972e-02,5.80559737121438e+02,sinkhorn_cellsim
1.152863e+02,41461,3.53512945756245e-04,5.87613032033003e-02,5.80559792139554e+02,sinkhorn_cellsim
1.153419e+02,41481,3.53196306413145e-04,5.87613070599317e-02,5.80559847148220e+02,sinkhorn_cellsim
1.153975e+02,41501,3.52884738194025e-04,5.87613106979744e-02,5.80559902147918e+02,sinkhorn_cellsim
1.154530e+02,41521,3.52578139511176e-04,5.87613141628412e-02,5.80559957139080e+02,sinkhorn_cellsim
1.155086e+02,41541,3.52276403666736e-04,5.87613174896089e-02,5.80560012122093e+02,sinkhorn_cellsim
1.155642e+02,41561,3.51979421137845e-04,5.87613207055881e-02,5.80560067097307e+02,sinkhorn_cellsim
1.156197e+02,41581,3.51687080928193e-04,5.87613238322487e-02,5.80560122065038e+02,sinkhorn_cellsim
1.156753e+02,41601,3.51399271087640e-04,5.87613268866715e-02,5.80560177025572e+02,sinkhorn_cellsim
1.157309e+02,41621,3.51115878749647e-04,5.87613298826335e-02,5.80560231979167e+02,sinkhorn_cellsim
1.157865e+02,41641,3.50836789470786e-04,5.87613328314353e-02,5.80560286926058e+02,sinkhorn_cellsim
1.158420e+02,41661,3.50561886100119e-04,5.87613357425397e-02,5.80560341866453e+02,sinkhorn_cellsim
1.158976e+02,41681,3.50291046953295e-04,5.87613386240797e-02,5.80560396800539e+02,sinkhorn_cellsim
1.159532e+02,41701,3.50024143138658e-04,5.87613414832781e-02,5.80560451728475e+02,sinkhorn_cellsim
1.160087e+02,41721,3.49761034904623e-04,5.87613443268189e-02,5.80560506650395e+02,sinkhorn_cellsim
1.160643e+02,41741,3.49501566481407e-04,5.87613471612077e-02,5.80560561566403e+02,sinkhorn_cellsim
1.161199e+02,41761,3.49245559023211e-04,5.87613499931476e-02,5.80560616476566e+02,sinkhorn_cellsim
1.161754e+02,41781,3.48992800949134e-04,5.87613528299660e-02,5.80560671380905e+02,sinkhorn_cellsim
1.162310e+02,41801,3.48743034584926e-04,5.87613556801414e-02,5.80560726279388e+02,sinkhorn_cellsim
1.162866e+02,41821,3.48495937920546e-04,5.87613585539713e-02,5.80560781171904e+02,sinkhorn_cellsim
1.163422e+02,41841,3.48251099479486e-04,5.87613614644591e-02,5.80560836058248e+02,sinkhorn_cellsim
1.163977e+02,41861,3.48007983926897e-04,5.87613644284829e-02,5.80560890938080e+02,sinkhorn_cellsim
1.164533e+02,41881,3.47766826871662e-04,5.87613674683955e-02,5.80560945810882e+02,sinkhorn_cellsim
1.165089e+02,41901,3.47527392694929e-04,5.87613706141729e-02,5.80561000675897e+02,sinkhorn_cellsim
1.165645e+02,41921,3.47286734375107e-04,5.87613739063459e-02,5.80561055532035e+02,sinkhorn_cellsim
1.166200e+02,41941,3.47043144057918e-04,5.87613773999614e-02,5.80561110377757e+02,sinkhorn_cellsim
1.166756e+02,41961,3.46794308821375e-04,5.87613811699275e-02,5.80561165210913e+02,sinkhorn_cellsim
1.167312e+02,41981,3.46537093155943e-04,5.87613853181776e-02,5.80561220028519e+02,sinkhorn_cellsim
1.167867e+02,42001,3.46267249565393e-04,5.87613899831763e-02,5.80561274826461e+02,sinkhorn_cellsim
1.168423e+02,42021,3.45979038886047e-04,5.87613953523431e-02,5.80561329599101e+02,sinkhorn_cellsim
1.168979e+02,42041,3.45664742518508e-04,5.87614016779310e-02,5.80561384338759e+02,sinkhorn_cellsim
1.169535e+02,42061,3.45314054659279e-04,5.87614092966719e-02,5.80561439035045e+02,sinkhorn_cellsim
1.170090e+02,42081,3.44913360733387e-04,5.87614186528329e-02,5.80561493674032e+02,sinkhorn_cellsim
1.170646e+02,42101,3.44454912452967e-04,5.87614303229246e-02,5.80561548237264e+02,sinkhorn_cellsim
1.171202e+02,42121,3.44126741374157e-04,5.87614450377849e-02,5.80561602700663e+02,sinkhorn_cellsim
1.171757e+02,42141,3.43906028006783e-04,5.87614636934535e-02,5.80561657033469e+02,sinkhorn_cellsim
1.172313e+02,42161,3.43678136237394e-04,5.87614873363956e-02,5.80561711197517e+02,sinkhorn_cellsim
1.172869e+02,42181,3.43440000134679e-04,5.87615171020777e-02,5.80561765147298e+02,sinkhorn_cellsim
1.173425e+02,42201,3.43189060302354e-04,5.87615540829728e-02,5.80561818831501e+02,sinkhorn_cellsim
1.173980e+02,42221,3.42920740045605e-04,5.87615991104418e-02,5.80561872196727e+02,sinkhorn_cellsim
1.174536e+02,42241,3.42632200768488e-04,5.87616524647396e-02,5.80561925193759e+02,sinkhorn_cellsim
1.175092e+02,42261,3.42315293217654e-04,5.87617135810935e-02,5.80561977785854e+02,sinkhorn_cellsim
1.175647e+02,42281,3.41965160137148e-04,5.87617808764380e-02,5.80562029957124e+02,sinkhorn_cellsim
1.176203e+02,42301,3.41577943676724e-04,5.87618518308845e-02,5.80562081717942e+02,sinkhorn_cellsim
1.176759e+02,42321,3.41151247597368e-04,5.87619233739970e-02,5.80562133104582e+02,sinkhorn_cellsim
1.177314e+02,42341,3.40684489262786e-04,5.87619924707446e-02,5.80562184172502e+02,sinkhorn_cellsim
1.177870e+02,42361,3.40178936904068e-04,5.87620566831079e-02,5.80562234985648e+02,sinkhorn_cellsim
1.178426e+02,42381,3.39669098956035e-04,5.87621145012094e-02,5.80562285605839e+02,sinkhorn_cellsim
1.178982e+02,42401,3.39233027923807e-04,5.87621653755024e-02,5.80562336085494e+02,sinkhorn_cellsim
1.179537e+02,42421,3.38770146165067e-04,5.87622095248217e-02,5.80562386464702e+02,sinkhorn_cellsim
1.180093e+02,42441,3.38287572991602e-04,5.87622476543077e-02,5.80562436771726e+02,sinkhorn_cellsim
1.180649e+02,42461,3.37818969716847e-04,5.87622806926075e-02,5.80562487025266e+02,sinkhorn_cellsim
1.181204e+02,42481,3.37347949805223e-04,5.87623096010235e-02,5.80562537237133e+02,sinkhorn_cellsim
1.181760e+02,42501,3.36879917376033e-04,5.87623352608499e-02,5.80562587414560e+02,sinkhorn_cellsim
1.182316e+02,42521,3.36396737438478e-04,5.87623584221429e-02,5.80562637561919e+02,sinkhorn_cellsim
1.182871e+02,42541,3.35897728965260e-04,5.87623796921471e-02,5.80562687681881e+02,sinkhorn_cellsim
1.183427e+02,42561,3.35385827310693e-04,5.87623995452844e-02,5.80562737776134e+02,sinkhorn_cellsim
1.183983e+02,42581,3.34867607223823e-04,5.87624183424838e-02,5.80562787845815e+02,sinkhorn_cellsim
1.184539e+02,42601,3.34347377743637e-04,5.87624363527227e-02,5.80562837891762e+02,sinkhorn_cellsim
1.185094e+02,42621,3.33819374162414e-04,5.87624537731862e-02,5.80562887914645e+02,sinkhorn_cellsim
1.185650e+02,42641,3.33291077274424e-04,5.87624707465900e-02,5.80562937915035e+02,sinkhorn_cellsim
1.186206e+02,42661,3.32762165324405e-04,5.87624873754083e-02,5.80562987893436e+02,sinkhorn_cellsim
1.186762e+02,42681,3.32229522503433e-04,5.87625037332564e-02,5.80563037850290e+02,sinkhorn_cellsim
1.187317e+02,42701,3.31694178592944e-04,5.87625198739533e-02,5.80563087785967e+02,sinkhorn_cellsim
1.187873e+02,42721,3.31156946160955e-04,5.87625358388071e-02,5.80563137700742e+02,sinkhorn_cellsim
1.188429e+02,42741,3.30624388737304e-04,5.87625516626655e-02,5.80563187594761e+02,sinkhorn_cellsim
1.188985e+02,42761,3.30097718834675e-04,5.87625673792248e-02,5.80563237467992e+02,sinkhorn_cellsim
1.189540e+02,42781,3.29579652371193e-04,5.87625830260297e-02,5.80563287320154e+02,sinkhorn_cellsim
1.190096e+02,42801,3.29069146724197e-04,5.87625986495941e-02,5.80563337150633e+02,sinkhorn_cellsim
1.190652e+02,42821,3.28572276252310e-04,5.87626143109947e-02,5.80563386958359e+02,sinkhorn_cellsim
1.191208e+02,42841,3.28080029368916e-04,5.87626300922669e-02,5.80563436741656e+02,sinkhorn_cellsim
1.191763e+02,42861,3.27589582832078e-04,5.87626461037767e-02,5.80563486498045e+02,sinkhorn_cellsim
1.192319e+02,42881,3.27096116672131e-04,5.87626624925233e-02,5.80563536224001e+02,sinkhorn_cellsim
1.192875e+02,42901,3.26585180912033e-04,5.87626794507764e-02,5.80563585914673e+02,sinkhorn_cellsim
1.193431e+02,42921,3.26062326057527e-04,5.87626972236109e-02,5.80563635563568e+02,sinkhorn_cellsim
1.193987e+02,42941,3.25528279890026e-04,5.87627161123926e-02,5.80563685162272e+02,sinkhorn_cellsim
1.194542e+02,42961,3.25004237307553e-04,5.87627364693064e-02,5.80563734700265e+02,sinkhorn_cellsim
1.195098e+02,42981,3.24477604437576e-04,5.87627586758576e-02,5.80563784164992e+02,sinkhorn_cellsim
1.195654e+02,43001,3.23929581260829e-04,5.87627830974250e-02,5.80563833542374e+02,sinkhorn_cellsim
1.196210e+02,43021,3.23334922108994e-04,5.87628100089613e-02,5.80563882817950e+02,sinkhorn_cellsim
1.196765e+02,43041,3.22713610383957e-04,5.87628394970842e-02,5.80563931978725e+02,sinkhorn_cellsim
1.197321e+02,43061,3.22082927530393e-04,5.87628713615478e-02,5.80563981015534e+02,sinkhorn_cellsim
1.197877e+02,43081,3.21443569461563e-04,5.87629050573048e-02,5.80564029925317e+02,sinkhorn_cellsim
1.198433e+02,43101,3.20817225222451e-04,5.87629397206689e-02,5.80564078712454e+02,sinkhorn_cellsim
1.198989e+02,43121,3.20194472894475e-04,5.87629742954178e-02,5.80564127388448e+02,sinkhorn_cellsim
1.199544e+02,43141,3.19595857421385e-04,5.87630077250240e-02,5.80564175969890e+02,sinkhorn_cellsim
1.200100e+02,43161,3.19013581708823e-04,5.87630391396615e-02,5.80564224475461e+02,sinkhorn_cellsim
1.200656e+02,43181,3.18440076367938e-04,5.87630679718092e-02,5.80564272923076e+02,sinkhorn_cellsim
1.201212e+02,43201,3.17866311895231e-04,5.87630939766631e-02,5.80564321327975e+02,sinkhorn_cellsim
1.201768e+02,43221,3.17297306078315e-04,5.87631171783185e-02,5.80564369701994e+02,sinkhorn_cellsim
1.202323e+02,43241,3.16739386424534e-04,5.87631377825357e-02,5.80564418053702e+02,sinkhorn_cellsim
1.202879e+02,43261,3.16201906566119e-04,5.87631560910286e-02,5.80564466389002e+02,sinkhorn_cellsim
1.203435e+02,43281,3.15697211473503e-04,5.87631724356361e-02,5.80564514711828e+02,sinkhorn_cellsim
1.203991e+02,43301,3.15203949774115e-04,5.87631871362799e-02,5.80564563024759e+02,sinkhorn_cellsim
1.204547e+02,43321,3.14727819829884e-04,5.87632004788285e-02,5.80564611329480e+02,sinkhorn_cellsim
1.205102e+02,43341,3.14269477436171e-04,5.87632127067130e-02,5.80564659627112e+02,sinkhorn_cellsim
1.205658e+02,43361,3.13828134578609e-04,5.87632240207268e-02,5.80564707918422e+02,sinkhorn_cellsim
1.206214e+02,43381,3.13402587693751e-04,5.87632345829906e-02,5.80564756203954e+02,sinkhorn_cellsim
1.206770e+02,43401,3.12989630526541e-04,5.87632445225807e-02,5.80564804484116e+02,sinkhorn_cellsim
1.207326e+02,43421,3.12597142400796e-04,5.87632539413684e-02,5.80564852759230e+02,sinkhorn_cellsim
1.207881e+02,43441,3.12220276919887e-04,5.87632629193822e-02,5.80564901029560e+02,sinkhorn_cellsim
1.208437e+02,43461,3.11853889117193e-04,5.87632715194112e-02,5.80564949295333e+02,sinkhorn_cellsim
1.208993e+02,43481,3.11494292113380e-04,5.87632797908041e-02,5.80564997556748e+02,sinkhorn_cellsim
1.209549e+02,43501,3.11141397424823e-04,5.87632877725092e-02,5.80565045813986e+02,sinkhorn_cellsim
1.210104e+02,43521,3.10794602871453e-04,5.87632954954747e-02,5.80565094067211e+02,sinkhorn_cellsim
1.210660e+02,43541,3.10453784439912e-04,5.87633029845123e-02,5.80565142316575e+02,sinkhorn_cellsim
1.211216e+02,43561,3.10118808241483e-04,5.87633102597308e-02,5.80565190562218e+02,sinkhorn_cellsim
1.211772e+02,43581,3.09789815192796e-04,5.87633173376403e-02,5.80565238804273e+02,sinkhorn_cellsim
1.212328e+02,43601,3.09467780521392e-04,5.87633242319837e-02,5.80565287042863e+02,sinkhorn_cellsim
1.212883e+02,43621,3.09152160033311e-04,5.87633309543718e-02,5.80565335278103e+02,sinkhorn_cellsim
1.213439e+02,43641,3.08843630163324e-04,5.87633375147648e-02,5.80565383510102e+02,sinkhorn_cellsim
1.213995e+02,43661,3.08543135620591e-04,5.87633439218366e-02,5.80565431738963e+02,sinkhorn_cellsim
1.214551e+02,43681,3.08247702595743e-04,5.87633501832476e-02,5.80565479964782e+02,sinkhorn_cellsim
1.215107e+02,43701,3.07956829244156e-04,5.87633563058560e-02,5.80565528187650e+02,sinkhorn_cellsim
1.215662e+02,43721,3.07670403572016e-04,5.87633622958707e-02,5.80565576407653e+02,sinkhorn_cellsim
1.216218e+02,43741,3.07388332928323e-04,5.87633681589754e-02,5.80565624624872e+02,sinkhorn_cellsim
1.216774e+02,43761,3.07110528744952e-04,5.87633739004187e-02,5.80565672839384e+02,sinkhorn_cellsim
1.217330e+02,43781,3.06836905887987e-04,5.87633795250811e-02,5.80565721051260e+02,sinkhorn_cellsim
1.217885e+02,43801,3.06568355356877e-04,5.87633850375371e-02,5.80565769260571e+02,sinkhorn_cellsim
1.218441e+02,43821,3.06306617845059e-04,5.87633904420889e-02,5.80565817467380e+02,sinkhorn_cellsim
1.218997e+02,43841,3.06048868791050e-04,5.87633957428028e-02,5.80565865671749e+02,sinkhorn_cellsim
1.219553e+02,43861,3.05794894861268e-04,5.87634009435358e-02,5.80565913873737e+02,sinkhorn_cellsim
1.220109e+02,43881,3.05544628020516e-04,5.87634060479558e-02,5.80565962073399e+02,sinkhorn_cellsim
1.220664e+02,43901,3.05298001349919e-04,5.87634110595583e-02,5.80566010270787e+02,sinkhorn_cellsim
1.221220e+02,43921,3.05055227457352e-04,5.87634159816828e-02,5.80566058465952e+02,sinkhorn_cellsim
1.221776e+02,43941,3.04816511702827e-04,5.87634208175187e-02,5.80566106658941e+02,sinkhorn_cellsim
1.222332e+02,43961,3.04581865580829e-04,5.87634255701206e-02,5.80566154849799e+02,sinkhorn_cellsim
1.222888e+02,43981,3.04352298766624e-04,5.87634302424160e-02,5.80566203038569e+02,sinkhorn_cellsim
1.223444e+02,44001,3.04127827469823e-04,5.87634348372106e-02,5.80566251225293e+02,sinkhorn_cellsim
1.224000e+02,44021,3.03909283095782e-04,5.87634393571952e-02,5.80566299410009e+02,sinkhorn_cellsim
1.224556e+02,44041,3.03694969128857e-04,5.87634438049515e-02,5.80566347592755e+02,sinkhorn_cellsim
1.225112e+02,44061,3.03483902077610e-04,5.87634481829616e-02,5.80566395773566e+02,sinkhorn_cellsim
1.225668e+02,44081,3.03277507836864e-04,5.87634524936053e-02,5.80566443952478e+02,sinkhorn_cellsim
1.226224e+02,44101,3.03081032484061e-04,5.87634567391720e-02,5.80566492129521e+02,sinkhorn_cellsim
1.226780e+02,44121,3.02888492200118e-04,5.87634609218574e-02,5.80566540304729e+02,sinkhorn_cellsim
1.227335e+02,44141,3.02704422421668e-04,5.87634650437743e-02,5.80566588478130e+02,sinkhorn_cellsim
1.227891e+02,44161,3.02532005648741e-04,5.87634691069522e-02,5.80566636649754e+02,sinkhorn_cellsim
1.228447e+02,44181,3.02373479838475e-04,5.87634731133411e-02,5.80566684819628e+02,sinkhorn_cellsim
1.229003e+02,44201,3.02224934744150e-04,5.87634770648151e-02,5.80566732987779e+02,sinkhorn_cellsim
1.229559e+02,44221,3.02083562081330e-04,5.87634809631778e-02,5.80566781154232e+02,sinkhorn_cellsim
1.230114e+02,44241,3.01947875416114e-04,5.87634848101601e-02,5.80566829319012e+02,sinkhorn_cellsim
1.230670e+02,44261,3.01814036672883e-04,5.87634886074285e-02,5.80566877482142e+02,sinkhorn_cellsim
1.231226e+02,44281,3.01681992280000e-04,5.87634923565836e-02,5.80566925643647e+02,sinkhorn_cellsim
1.231782e+02,44301,3.01551707984777e-04,5.87634960591640e-02,5.80566973803546e+02,sinkhorn_cellsim
1.232338e+02,44321,3.01423150109452e-04,5.87634997166504e-02,5.80567021961863e+02,sinkhorn_cellsim
1.232894e+02,44341,3.01296285554976e-04,5.87635033304647e-02,5.80567070118617e+02,sinkhorn_cellsim
1.233450e+02,44361,3.01171081797868e-04,5.87635069019766e-02,5.80567118273828e+02,sinkhorn_cellsim
1.234005e+02,44381,3.01047506904932e-04,5.87635104325006e-02,5.80567166427516e+02,sinkhorn_cellsim
1.234561e+02,44401,3.00925529517449e-04,5.87635139233017e-02,5.80567214579699e+02,sinkhorn_cellsim
1.235117e+02,44421,3.00805118849234e-04,5.87635173755962e-02,5.80567262730396e+02,sinkhorn_cellsim
1.235673e+02,44441,3.00686836320089e-04,5.87635207905527e-02,5.80567310879624e+02,sinkhorn_cellsim
1.236229e+02,44461,3.00571799034995e-04,5.87635241692977e-02,5.80567359027399e+02,sinkhorn_cellsim
1.236785e+02,44481,3.00459580266753e-04,5.87635275129129e-02,5.80567407173739e+02,sinkhorn_cellsim
1.237340e+02,44501,3.00350704692101e-04,5.87635308224378e-02,5.80567455318660e+02,sinkhorn_cellsim
1.237896e+02,44521,3.00247534170825e-04,5.87635340988722e-02,5.80567503462177e+02,sinkhorn_cellsim
1.238452e+02,44541,3.00146868479440e-04,5.87635373431798e-02,5.80567551604306e+02,sinkhorn_cellsim
1.239008e+02,44561,3.00048140502062e-04,5.87635405562853e-02,5.80567599745062e+02,sinkhorn_cellsim
1.239564e+02,44581,2.99952649520979e-04,5.87635437390796e-02,5.80567647884458e+02,sinkhorn_cellsim
1.240120e+02,44601,2.99859745272369e-04,5.87635468924207e-02,5.80567696022509e+02,sinkhorn_cellsim
1.240675e+02,44621,2.99770561816219e-04,5.87635500171292e-02,5.80567744159230e+02,sinkhorn_cellsim
1.241231e+02,44641,2.99685963457150e-04,5.87635531140000e-02,5.80567792294632e+02,sinkhorn_cellsim
1.241787e+02,44661,2.99602513146222e-04,5.87635561837947e-02,5.80567840428730e+02,sinkhorn_cellsim
1.242343e+02,44681,2.99521189146940e-04,5.87635592272487e-02,5.80567888561537e+02,sinkhorn_cellsim
1.242899e+02,44701,2.99444447271297e-04,5.87635622450668e-02,5.80567936693064e+02,sinkhorn_cellsim
1.243455e+02,44721,2.99369272196811e-04,5.87635652379297e-02,5.80567984823325e+02,sinkhorn_cellsim
1.244010e+02,44741,2.99295112666957e-04,5.87635682064909e-02,5.80568032952331e+02,sinkhorn_cellsim
1.244566e+02,44761,2.99221944758082e-04,5.87635711513804e-02,5.80568081080094e+02,sinkhorn_cellsim
1.245122e+02,44781,2.99151394222049e-04,5.87635740732046e-02,5.80568129206625e+02,sinkhorn_cellsim
1.245678e+02,44801,2.99086004839646e-04,5.87635769725456e-02,5.80568177331937e+02,sinkhorn_cellsim
1.246234e+02,44821,2.99025653564540e-04,5.87635798499674e-02,5.80568225456040e+02,sinkhorn_cellsim
1.246790e+02,44841,2.98968131179177e-04,5.87635827060097e-02,5.80568273578944e+02,sinkhorn_cellsim
1.247345e+02,44861,2.98911665323458e-04,5.87635855411935e-02,5.80568321700662e+02,sinkhorn_cellsim
1.247901e+02,44881,2.98861936621571e-04,5.87635883560210e-02,5.80568369821202e+02,sinkhorn_cellsim
1.248457e+02,44901,2.98820143074576e-04,5.87635911509757e-02,5.80568417940576e+02,sinkhorn_cellsim
1.249013e+02,44921,2.98779458303666e-04,5.87635939265230e-02,5.80568466058794e+02,sinkhorn_cellsim
1.249568e+02,44941,2.98739420039956e-04,5.87635966831119e-02,5.80568514175866e+02,sinkhorn_cellsim
1.250124e+02,44961,2.98700009738403e-04,5.87635994211752e-02,5.80568562291800e+02,sinkhorn_cellsim
1.250680e+02,44981,2.98661209516692e-04,5.87636021411291e-02,5.80568610406608e+02,sinkhorn_cellsim
1.251236e+02,45001,2.98623002142671e-04,5.87636048433750e-02,5.80568658520299e+02,sinkhorn_cellsim
1.251792e+02,45021,2.98585370994835e-04,5.87636075283022e-02,5.80568706632881e+02,sinkhorn_cellsim
1.252348e+02,45041,2.98548300052641e-04,5.87636101962821e-02,5.80568754744364e+02,sinkhorn_cellsim
1.252904e+02,45061,2.98511773864301e-04,5.87636128476759e-02,5.80568802854758e+02,sinkhorn_cellsim
1.253460e+02,45081,2.98475777532810e-04,5.87636154828310e-02,5.80568850964070e+02,sinkhorn_cellsim
1.254015e+02,45101,2.98440296684402e-04,5.87636181020825e-02,5.80568899072310e+02,sinkhorn_cellsim
1.254571e+02,45121,2.98405317455821e-04,5.87636207057547e-02,5.80568947179487e+02,sinkhorn_cellsim
1.255127e+02,45141,2.98370826475464e-04,5.87636232941580e-02,5.80568995285609e+02,sinkhorn_cellsim
1.255683e+02,45161,2.98336810842945e-04,5.87636258675956e-02,5.80569043390684e+02,sinkhorn_cellsim
1.256239e+02,45181,2.98303258100060e-04,5.87636284263575e-02,5.80569091494720e+02,sinkhorn_cellsim
1.256795e+02,45201,2.98270156244840e-04,5.87636309707238e-02,5.80569139597727e+02,sinkhorn_cellsim
1.257350e+02,45221,2.98237493673837e-04,5.87636335009680e-02,5.80569187699711e+02,sinkhorn_cellsim
1.257906e+02,45241,2.98205259189964e-04,5.87636360173510e-02,5.80569235800681e+02,sinkhorn_cellsim
1.258462e+02,45261,2.98173441989789e-04,5.87636385201260e-02,5.80569283900644e+02,sinkhorn_cellsim
1.259018e+02,45281,2.98142031636974e-04,5.87636410095386e-02,5.80569331999609e+02,sinkhorn_cellsim
1.259573e+02,45301,2.98111018056670e-04,5.87636434858251e-02,5.80569380097583e+02,sinkhorn_cellsim
1.260129e+02,45321,2.98080646850044e-04,5.87636459492140e-02,5.80569428194574e+02,sinkhorn_cellsim
1.260685e+02,45341,2.98054590724137e-04,5.87636483999277e-02,5.80569476290588e+02,sinkhorn_cellsim
1.261241e+02,45361,2.98032901683733e-04,5.87636508381797e-02,5.80569524385634e+02,sinkhorn_cellsim
1.261797e+02,45381,2.98011502190277e-04,5.87636532641783e-02,5.80569572479718e+02,sinkhorn_cellsim
1.262352e+02,45401,2.97990384850098e-04,5.87636556781226e-02,5.80569620572848e+02,sinkhorn_cellsim
1.262908e+02,45421,2.97973705453373e-04,5.87636580802090e-02,5.80569668665031e+02,sinkhorn_cellsim
1.263464e+02,45441,2.97961571061208e-04,5.87636604706248e-02,5.80569716756274e+02,sinkhorn_cellsim
1.264020e+02,45461,2.97949772299869e-04,5.87636628495540e-02,5.80569764846583e+02,sinkhorn_cellsim
1.264575e+02,45481,2.97939405375168e-04,5.87636652171725e-02,5.80569812935966e+02,sinkhorn_cellsim
1.265131e+02,45501,2.97929642118333e-04,5.87636675736534e-02,5.80569861024429e+02,sinkhorn_cellsim
1.265687e+02,45521,2.97919932188941e-04,5.87636699191664e-02,5.80569909111979e+02,sinkhorn_cellsim
1.266243e+02,45541,2.97910275478451e-04,5.87636722538718e-02,5.80569957198623e+02,sinkhorn_cellsim
1.266799e+02,45561,2.97900671833194e-04,5.87636745779315e-02,5.80570005284366e+02,sinkhorn_cellsim
1.267354e+02,45581,2.97891121088033e-04,5.87636768915014e-02,5.80570053369216e+02,sinkhorn_cellsim
1.267910e+02,45601,2.97881623031980e-04,5.87636791947361e-02,5.80570101453178e+02,sinkhorn_cellsim
1.268466e+02,45621,2.97872177409637e-04,5.87636814877880e-02,5.80570149536259e+02,sinkhorn_cellsim
1.269022e+02,45641,2.97862783902160e-04,5.87636837708097e-02,5.80570197618464e+02,sinkhorn_cellsim
1.269577e+02,45661,2.97853442099890e-04,5.87636860439555e-02,5.80570245699800e+02,sinkhorn_cellsim
1.270133e+02,45681,2.97844151474364e-04,5.87636883073837e-02,5.80570293780273e+02,sinkhorn_cellsim
1.270689e+02,45701,2.97834911334742e-04,5.87636905612568e-02,5.80570341859887e+02,sinkhorn_cellsim
1.271245e+02,45721,2.97825720771525e-04,5.87636928057502e-02,5.80570389938648e+02,sinkhorn_cellsim
1.271801e+02,45741,2.97816763711519e-04,5.87636950410562e-02,5.80570438016560e+02,sinkhorn_cellsim
1.272356e+02,45761,2.97809276474951e-04,5.87636972673867e-02,5.80570486093629e+02,sinkhorn_cellsim
1.272912e+02,45781,2.97806333721026e-04,5.87636994849908e-02,5.80570534169858e+02,sinkhorn_cellsim
1.273468e+02,45801,2.97806295688608e-04,5.87637016941644e-02,5.80570582245249e+02,sinkhorn_cellsim
1.274024e+02,45821,2.97806243302231e-04,5.87637038952722e-02,5.80570630319805e+02,sinkhorn_cellsim
1.274580e+02,45841,2.97806171148748e-04,5.87637060887694e-02,5.80570678393525e+02,sinkhorn_cellsim
1.275135e+02,45861,2.97806071747157e-04,5.87637082752434e-02,5.80570726466408e+02,sinkhorn_cellsim
1.275691e+02,45881,2.97805934795557e-04,5.87637104554628e-02,5.80570774538449e+02,sinkhorn_cellsim
1.276247e+02,45901,2.97805746095862e-04,5.87637126304474e-02,5.80570822609640e+02,sinkhorn_cellsim
1.276803e+02,45921,2.97805486091481e-04,5.87637148015612e-02,5.80570870679966e+02,sinkhorn_cellsim
1.277359e+02,45941,2.97805127811704e-04,5.87637169706476e-02,5.80570918749406e+02,sinkhorn_cellsim
1.277914e+02,45961,2.97804634123046e-04,5.87637191402073e-02,5.80570966817928e+02,sinkhorn_cellsim
1.278470e+02,45981,2.97803953822672e-04,5.87637213136535e-02,5.80571014885488e+02,sinkhorn_cellsim
1.279026e+02,46001,2.97803016389609e-04,5.87637234956493e-02,5.80571062952019e+02,sinkhorn_cellsim
1.279582e+02,46021,2.97801724640467e-04,5.87637256925898e-02,5.80571111017431e+02,sinkhorn_cellsim
1.280137e+02,46041,2.97799944678472e-04,5.87637279132503e-02,5.80571159081595e+02,sinkhorn_cellsim
1.280693e+02,46061,2.97797492076588e-04,5.87637301696832e-02,5.80571207144335e+02,sinkhorn_cellsim
1.281249e+02,46081,2.97794112799955e-04,5.87637324784591e-02,5.80571255205402e+02,sinkhorn_cellsim
1.281805e+02,46101,2.97789457027427e-04,5.87637348623644e-02,5.80571303264454e+02,sinkhorn_cellsim
1.282361e+02,46121,2.97783043173654e-04,5.87637373527346e-02,5.80571351321018e+02,sinkhorn_cellsim
1.282916e+02,46141,2.97774208525348e-04,5.87637399926568e-02,5.80571399374440e+02,sinkhorn_cellsim
1.283472e+02,46161,2.97762041629343e-04,5.87637428413534e-02,5.80571447423819e+02,sinkhorn_cellsim
1.284028e+02,46181,2.97745289845918e-04,5.87637459801722e-02,5.80571495467912e+02,sinkhorn_cellsim
1.284584e+02,46201,2.97722233491686e-04,5.87637495207341e-02,5.80571543505012e+02,sinkhorn_cellsim
1.285139e+02,46221,2.97690515079765e-04,5.87637536159762e-02,5.80571591532770e+02,sinkhorn_cellsim
1.285695e+02,46241,2.97646909232423e-04,5.87637584750098e-02,5.80571639547967e+02,sinkhorn_cellsim
1.286251e+02,46261,2.97587015334438e-04,5.87637643829166e-02,5.80571687546194e+02,sinkhorn_cellsim
1.286807e+02,46281,2.97504852127416e-04,5.87637717267835e-02,5.80571735521432e+02,sinkhorn_cellsim
1.287362e+02,46301,2.97392332671226e-04,5.87637810292480e-02,5.80571783465496e+02,sinkhorn_cellsim
1.287918e+02,46321,2.97238602432118e-04,5.87637929904840e-02,5.80571831367308e+02,sinkhorn_cellsim
1.288474e+02,46341,2.97029238642055e-04,5.87638085383742e-02,5.80571879211983e+02,sinkhorn_cellsim
1.289030e+02,46361,2.96770641565801e-04,5.87638288840855e-02,5.80571926979708e+02,sinkhorn_cellsim
1.289585e+02,46381,2.96484267151621e-04,5.87638555752705e-02,5.80571974644452e+02,sinkhorn_cellsim
1.290141e+02,46401,2.96099526791304e-04,5.87638905307889e-02,5.80572022172617e+02,sinkhorn_cellsim
1.290697e+02,46421,2.95587184633994e-04,5.87639360283762e-02,5.80572069521883e+02,sinkhorn_cellsim
1.291253e+02,46441,2.94912832351821e-04,5.87639946019661e-02,5.80572116640689e+02,sinkhorn_cellsim
1.291808e+02,46461,2.94217153257941e-04,5.87640687950636e-02,5.80572163469006e+02,sinkhorn_cellsim
1.292365e+02,46481,2.93443298026754e-04,5.87641607261988e-02,5.80572209941209e+02,sinkhorn_cellsim
1.292920e+02,46501,2.92520834955190e-04,5.87642714739159e-02,5.80572255991661e+02,sinkhorn_cellsim
1.293476e+02,46521,2.91385942342516e-04,5.87644003952797e-02,5.80572301562913e+02,sinkhorn_cellsim
1.294032e+02,46541,2.90131653772346e-04,5.87645446241184e-02,5.80572346615155e+02,sinkhorn_cellsim
1.294588e+02,46561,2.88824919127344e-04,5.87646990574042e-02,5.80572391134209e+02,sinkhorn_cellsim
1.295143e+02,46581,2.87335914281949e-04,5.87648570140601e-02,5.80572435135033e+02,sinkhorn_cellsim
1.295699e+02,46601,2.85775870700461e-04,5.87650114366573e-02,5.80572478659056e+02,sinkhorn_cellsim
1.296255e+02,46621,2.84181762677109e-04,5.87651561970994e-02,5.80572521766280e+02,sinkhorn_cellsim
1.296811e+02,46641,2.82555039845753e-04,5.87652870127578e-02,5.80572564525133e+02,sinkhorn_cellsim
1.297367e+02,46661,2.81022248611935e-04,5.87654017239877e-02,5.80572607003354e+02,sinkhorn_cellsim
1.297922e+02,46681,2.79462923787077e-04,5.87655000168026e-02,5.80572649261854e+02,sinkhorn_cellsim
1.298478e+02,46701,2.77973508815955e-04,5.87655828629801e-02,5.80572691351807e+02,sinkhorn_cellsim
1.299034e+02,46721,2.76619358365027e-04,5.87656519398778e-02,5.80572733314206e+02,sinkhorn_cellsim
1.299590e+02,46741,2.75296768702467e-04,5.87657091781553e-02,5.80572775180816e+02,sinkhorn_cellsim
1.300145e+02,46761,2.73986918821149e-04,5.87657564741284e-02,5.80572816975721e+02,sinkhorn_cellsim
1.300701e+02,46781,2.72713491645603e-04,5.87657955404844e-02,5.80572858716924e+02,sinkhorn_cellsim
1.301257e+02,46801,2.71489021415535e-04,5.87658278502991e-02,5.80572900417772e+02,sinkhorn_cellsim
1.301813e+02,46821,2.70310945203654e-04,5.87658546343127e-02,5.80572942088122e+02,sinkhorn_cellsim
1.302368e+02,46841,2.69185009230194e-04,5.87658769036851e-02,5.80572983735247e+02,sinkhorn_cellsim
1.302924e+02,46861,2.68114727430870e-04,5.87658954817599e-02,5.80573025364516e+02,sinkhorn_cellsim
1.303480e+02,46881,2.67101809428985e-04,5.87659110363037e-02,5.80573066979911e+02,sinkhorn_cellsim
1.304036e+02,46901,2.66146555780397e-04,5.87659241084778e-02,5.80573108584395e+02,sinkhorn_cellsim
1.304592e+02,46921,2.65248203018087e-04,5.87659351373538e-02,5.80573150180184e+02,sinkhorn_cellsim
1.305147e+02,46941,2.64405212883060e-04,5.87659444799896e-02,5.80573191768948e+02,sinkhorn_cellsim
1.305703e+02,46961,2.63615507267464e-04,5.87659524275944e-02,5.80573233351956e+02,sinkhorn_cellsim
1.306259e+02,46981,2.62877853035290e-04,5.87659592184374e-02,5.80573274930177e+02,sinkhorn_cellsim
1.306815e+02,47001,2.62193973463868e-04,5.87659650481112e-02,5.80573316504360e+02,sinkhorn_cellsim
1.307371e+02,47021,2.61555464807338e-04,5.87659700776982e-02,5.80573358075088e+02,sinkhorn_cellsim
1.307926e+02,47041,2.60959513296496e-04,5.87659744402794e-02,5.80573399642818e+02,sinkhorn_cellsim
1.308482e+02,47061,2.60404767730926e-04,5.87659782461241e-02,5.80573441207915e+02,sinkhorn_cellsim
1.309038e+02,47081,2.59890295340376e-04,5.87659815868652e-02,5.80573482770670e+02,sinkhorn_cellsim
1.309594e+02,47101,2.59412423848708e-04,5.87659845388393e-02,5.80573524331321e+02,sinkhorn_cellsim
1.310149e+02,47121,2.58985693864141e-04,5.87659871658021e-02,5.80573565890059e+02,sinkhorn_cellsim
1.310705e+02,47141,2.58610991259671e-04,5.87659895211110e-02,5.80573607447045e+02,sinkhorn_cellsim
1.311261e+02,47161,2.58308071345146e-04,5.87659916495145e-02,5.80573649002412e+02,sinkhorn_cellsim
1.311817e+02,47181,2.58084345975871e-04,5.87659935886092e-02,5.80573690556270e+02,sinkhorn_cellsim
1.312373e+02,47201,2.57933581703093e-04,5.87659953700233e-02,5.80573732108714e+02,sinkhorn_cellsim
1.312928e+02,47221,2.57810419919093e-04,5.87659970204107e-02,5.80573773659825e+02,sinkhorn_cellsim
1.313484e+02,47241,2.57742998153767e-04,5.87659985622481e-02,5.80573815209672e+02,sinkhorn_cellsim
1.314040e+02,47261,2.57698165593074e-04,5.87660000145139e-02,5.80573856758315e+02,sinkhorn_cellsim
1.314596e+02,47281,2.57657476901294e-04,5.87660013932366e-02,5.80573898305807e+02,sinkhorn_cellsim
1.315151e+02,47301,2.57624522527794e-04,5.87660027119612e-02,5.80573939852194e+02,sinkhorn_cellsim
1.315707e+02,47321,2.57605325409805e-04,5.87660039821344e-02,5.80573981397516e+02,sinkhorn_cellsim
1.316263e+02,47341,2.57589473498606e-04,5.87660052134280e-02,5.80574022941809e+02,sinkhorn_cellsim
1.316819e+02,47361,2.57575183768585e-04,5.87660064140120e-02,5.80574064485105e+02,sinkhorn_cellsim
1.317374e+02,47381,2.57562319715086e-04,5.87660075907768e-02,5.80574106027433e+02,sinkhorn_cellsim
1.317930e+02,47401,2.57562319654018e-04,5.87660087495352e-02,5.80574147568819e+02,sinkhorn_cellsim
1.318486e+02,47421,2.57562319598187e-04,5.87660098951747e-02,5.80574189109287e+02,sinkhorn_cellsim
1.319042e+02,47441,2.57562319540354e-04,5.87660110318012e-02,5.80574230648858e+02,sinkhorn_cellsim
1.319598e+02,47461,2.57562319488587e-04,5.87660121628538e-02,5.80574272187551e+02,sinkhorn_cellsim
1.320153e+02,47481,2.57562319428689e-04,5.87660132912054e-02,5.80574313725385e+02,sinkhorn_cellsim
1.320709e+02,47501,2.57562319370607e-04,5.87660144192404e-02,5.80574355262377e+02,sinkhorn_cellsim
1.321265e+02,47521,2.57562319315252e-04,5.87660155489345e-02,5.80574396798541e+02,sinkhorn_cellsim
1.321821e+02,47541,2.57562319259141e-04,5.87660166819099e-02,5.80574438333893e+02,sinkhorn_cellsim
1.322377e+02,47561,2.57562319205595e-04,5.87660178194907e-02,5.80574479868445e+02,sinkhorn_cellsim
1.322932e+02,47581,2.57562319150868e-04,5.87660189627446e-02,5.80574521402209e+02,sinkhorn_cellsim
1.323488e+02,47601,2.57562319097648e-04,5.87660201125230e-02,5.80574562935199e+02,sinkhorn_cellsim
1.324044e+02,47621,2.57562319042369e-04,5.87660212694924e-02,5.80574604467424e+02,sinkhorn_cellsim
1.324600e+02,47641,2.57562318989701e-04,5.87660224341622e-02,5.80574645998896e+02,sinkhorn_cellsim
1.325156e+02,47661,2.57562318929682e-04,5.87660236069097e-02,5.80574687529624e+02,sinkhorn_cellsim
1.325711e+02,47681,2.57562318875834e-04,5.87660247879962e-02,5.80574729059618e+02,sinkhorn_cellsim
1.326267e+02,47701,2.57562318825526e-04,5.87660259775912e-02,5.80574770588886e+02,sinkhorn_cellsim
1.326823e+02,47721,2.57562318771283e-04,5.87660271757833e-02,5.80574812117438e+02,sinkhorn_cellsim
1.327379e+02,47741,2.57562318720729e-04,5.87660283825922e-02,5.80574853645281e+02,sinkhorn_cellsim
1.327935e+02,47761,2.57562318665686e-04,5.87660295979821e-02,5.80574895172424e+02,sinkhorn_cellsim
1.328490e+02,47781,2.57562318613032e-04,5.87660308218705e-02,5.80574936698874e+02,sinkhorn_cellsim
1.329046e+02,47801,2.57562318560864e-04,5.87660320541348e-02,5.80574978224638e+02,sinkhorn_cellsim
1.329602e+02,47821,2.57562318508994e-04,5.87660332946211e-02,5.80575019749724e+02,sinkhorn_cellsim
1.330158e+02,47841,2.57562318456216e-04,5.87660345431505e-02,5.80575061274139e+02,sinkhorn_cellsim
1.330713e+02,47861,2.57562318407645e-04,5.87660357995200e-02,5.80575102797888e+02,sinkhorn_cellsim
1.331269e+02,47881,2.57562318352498e-04,5.87660370635149e-02,5.80575144320978e+02,sinkhorn_cellsim
1.331825e+02,47901,2.57562318302315e-04,5.87660383349030e-02,5.80575185843416e+02,sinkhorn_cellsim
1.332381e+02,47921,2.57562318250330e-04,5.87660396134438e-02,5.80575227365208e+02,sinkhorn_cellsim
1.332936e+02,47941,2.57562318195200e-04,5.87660408988910e-02,5.80575268886358e+02,sinkhorn_cellsim
1.333492e+02,47961,2.57562318148945e-04,5.87660421909915e-02,5.80575310406874e+02,sinkhorn_cellsim
1.334048e+02,47981,2.57562318093758e-04,5.87660434894919e-02,5.80575351926761e+02,sinkhorn_cellsim
1.334604e+02,48001,2.57562318040619e-04,5.87660447941360e-02,5.80575393446023e+02,sinkhorn_cellsim
1.335160e+02,48021,2.57562317990914e-04,5.87660461046665e-02,5.80575434964667e+02,sinkhorn_cellsim
1.335715e+02,48041,2.57562317941796e-04,5.87660474208305e-02,5.80575476482697e+02,sinkhorn_cellsim
1.336271e+02,48061,2.57562317887084e-04,5.87660487423763e-02,5.80575518000118e+02,sinkhorn_cellsim
1.336827e+02,48081,2.57562317838724e-04,5.87660500690550e-02,5.80575559516936e+02,sinkhorn_cellsim
1.337383e+02,48101,2.57562317784919e-04,5.87660514006213e-02,5.80575601033154e+02,sinkhorn_cellsim
1.337939e+02,48121,2.57562317726941e-04,5.87660527368352e-02,5.80575642548779e+02,sinkhorn_cellsim
1.338495e+02,48141,2.57562317676062e-04,5.87660540774605e-02,5.80575684063813e+02,sinkhorn_cellsim
1.339050e+02,48161,2.57562317620892e-04,5.87660554222672e-02,5.80575725578263e+02,sinkhorn_cellsim
1.339606e+02,48181,2.57562317562114e-04,5.87660567710312e-02,5.80575767092132e+02,sinkhorn_cellsim
1.340262e+02,48201,2.57562317497034e-04,5.87660581235324e-02,5.80575808605424e+02,sinkhorn_cellsim
1.340818e+02,48221,2.57562317433087e-04,5.87660594795560e-02,5.80575850118144e+02,sinkhorn_cellsim
1.341374e+02,48241,2.57562317356114e-04,5.87660608388974e-02,5.80575891630296e+02,sinkhorn_cellsim
1.341930e+02,48261,2.57562317274332e-04,5.87660622013527e-02,5.80575933141884e+02,sinkhorn_cellsim
1.342486e+02,48281,2.57562317183616e-04,5.87660635667262e-02,5.80575974652911e+02,sinkhorn_cellsim
1.343042e+02,48301,2.57562317070922e-04,5.87660649348304e-02,5.80576016163383e+02,sinkhorn_cellsim
1.343598e+02,48321,2.57562316940168e-04,5.87660663054805e-02,5.80576057673302e+02,sinkhorn_cellsim
1.344153e+02,48341,2.57562316774203e-04,5.87660676784996e-02,5.80576099182673e+02,sinkhorn_cellsim
1.344709e+02,48361,2.57562316564546e-04,5.87660690537160e-02,5.80576140691498e+02,sinkhorn_cellsim
1.345265e+02,48381,2.57562316296858e-04,5.87660704309645e-02,5.80576182199783e+02,sinkhorn_cellsim
1.345821e+02,48401,2.57562315946704e-04,5.87660718100841e-02,5.80576223707530e+02,sinkhorn_cellsim
1.346376e+02,48421,2.57562315481070e-04,5.87660731909238e-02,5.80576265214743e+02,sinkhorn_cellsim
1.346932e+02,48441,2.57562314858626e-04,5.87660745733338e-02,5.80576306721425e+02,sinkhorn_cellsim
1.347488e+02,48461,2.57562314026524e-04,5.87660759571723e-02,5.80576348227580e+02,sinkhorn_cellsim
1.348044e+02,48481,2.57562312886682e-04,5.87660773423073e-02,5.80576389733211e+02,sinkhorn_cellsim
1.348599e+02,48501,2.57562311346552e-04,5.87660787286065e-02,5.80576431238321e+02,sinkhorn_cellsim
1.349155e+02,48521,2.57562309238551e-04,5.87660801159496e-02,5.80576472742913e+02,sinkhorn_cellsim
1.349711e+02,48541,2.57562306361255e-04,5.87660815042232e-02,5.80576514246991e+02,sinkhorn_cellsim
1.350266e+02,48561,2.57562302415919e-04,5.87660828933206e-02,5.80576555750557e+02,sinkhorn_cellsim
1.350822e+02,48581,2.57562297007886e-04,5.87660842831471e-02,5.80576597253614e+02,sinkhorn_cellsim
1.351378e+02,48601,2.57562289575161e-04,5.87660856736205e-02,5.80576638756164e+02,sinkhorn_cellsim
1.351933e+02,48621,2.57562279366815e-04,5.87660870646704e-02,5.80576680258210e+02,sinkhorn_cellsim
1.352489e+02,48641,2.57562265335339e-04,5.87660884562463e-02,5.80576721759753e+02,sinkhorn_cellsim
1.353045e+02,48661,2.57562246044285e-04,5.87660898483209e-02,5.80576763260796e+02,sinkhorn_cellsim
1.353600e+02,48681,2.57562219506923e-04,5.87660912409004e-02,5.80576804761339e+02,sinkhorn_cellsim
1.354156e+02,48701,2.57562183006219e-04,5.87660926340276e-02,5.80576846261382e+02,sinkhorn_cellsim
1.354712e+02,48721,2.57562132781296e-04,5.87660940278048e-02,5.80576887760924e+02,sinkhorn_cellsim
1.355268e+02,48741,2.57562063672910e-04,5.87660954224051e-02,5.80576929259963e+02,sinkhorn_cellsim
1.355823e+02,48761,2.57561968576261e-04,5.87660968181033e-02,5.80576970758496e+02,sinkhorn_cellsim
1.356379e+02,48781,2.57561837707889e-04,5.87660982153107e-02,5.80577012256514e+02,sinkhorn_cellsim
1.356935e+02,48801,2.57561657613473e-04,5.87660996146274e-02,5.80577053754007e+02,sinkhorn_cellsim
1.357490e+02,48821,2.57561409752245e-04,5.87661010169088e-02,5.80577095250959e+02,sinkhorn_cellsim
1.358046e+02,48841,2.57561068629611e-04,5.87661024233625e-02,5.80577136747348e+02,sinkhorn_cellsim
1.358602e+02,48861,2.57560599157296e-04,5.87661038356776e-02,5.80577178243141e+02,sinkhorn_cellsim
1.359157e+02,48881,2.57559953032353e-04,5.87661052562080e-02,5.80577219738293e+02,sinkhorn_cellsim
1.359713e+02,48901,2.57559063787163e-04,5.87661066882192e-02,5.80577261232741e+02,sinkhorn_cellsim
1.360269e+02,48921,2.57557839964671e-04,5.87661081362277e-02,5.80577302726396e+02,sinkhorn_cellsim
1.360824e+02,48941,2.57556155700296e-04,5.87661096064765e-02,5.80577344219136e+02,sinkhorn_cellsim
1.361380e+02,48961,2.57553837855573e-04,5.87661111075728e-02,5.80577385710791e+02,sinkhorn_cellsim
1.361936e+02,48981,2.57550648234367e-04,5.87661126513823e-02,5.80577427201127e+02,sinkhorn_cellsim
1.362492e+02,49001,2.57546259255302e-04,5.87661142542429e-02,5.80577468689822e+02,sinkhorn_cellsim
1.363047e+02,49021,2.57540220510047e-04,5.87661159386393e-02,5.80577510176430e+02,sinkhorn_cellsim
1.363603e+02,49041,2.57531912990080e-04,5.87661177354893e-02,5.80577551660339e+02,sinkhorn_cellsim
1.364159e+02,49061,2.57520486439217e-04,5.87661196872786e-02,5.80577593140705e+02,sinkhorn_cellsim
1.364714e+02,49081,2.57504773874096e-04,5.87661218523310e-02,5.80577634616370e+02,sinkhorn_cellsim
1.365270e+02,49101,2.57483175323985e-04,5.87661243106187e-02,5.80577676085742e+02,sinkhorn_cellsim
1.365826e+02,49121,2.57453500423233e-04,5.87661271716252e-02,5.80577717546639e+02,sinkhorn_cellsim
1.366381e+02,49141,2.57412756661315e-04,5.87661305849115e-02,5.80577758996072e+02,sinkhorn_cellsim
1.366937e+02,49161,2.57356867133077e-04,5.87661347541924e-02,5.80577800429956e+02,sinkhorn_cellsim
1.367493e+02,49181,2.57280299116877e-04,5.87661399558350e-02,5.80577841842727e+02,sinkhorn_cellsim
1.368049e+02,49201,2.57175584457549e-04,5.87661465626947e-02,5.80577883226830e+02,sinkhorn_cellsim
1.368604e+02,49221,2.57032717148055e-04,5.87661550739785e-02,5.80577924572066e+02,sinkhorn_cellsim
1.369160e+02,49241,2.56838428431619e-04,5.87661661509988e-02,5.80577965864768e+02,sinkhorn_cellsim
1.369716e+02,49261,2.56624733615347e-04,5.87661806569833e-02,5.80578007086797e+02,sinkhorn_cellsim
1.370271e+02,49281,2.56396623400118e-04,5.87661996956564e-02,5.80578048214414e+02,sinkhorn_cellsim
1.370827e+02,49301,2.56091175300716e-04,5.87662246375558e-02,5.80578089217127e+02,sinkhorn_cellsim
1.371383e+02,49321,2.55786529637711e-04,5.87662571144113e-02,5.80578130056771e+02,sinkhorn_cellsim
1.371938e+02,49341,2.55439488485466e-04,5.87662989514822e-02,5.80578170687251e+02,sinkhorn_cellsim
1.372494e+02,49361,2.55060739236527e-04,5.87663519999728e-02,5.80578211055580e+02,sinkhorn_cellsim
1.373050e+02,49381,2.54695865390421e-04,5.87664178369236e-02,5.80578251104943e+02,sinkhorn_cellsim
1.373606e+02,49401,2.54313395871795e-04,5.87664973334183e-02,5.80578290780333e+02,sinkhorn_cellsim
1.374161e+02,49421,2.53869400723796e-04,5.87665901640415e-02,5.80578330036546e+02,sinkhorn_cellsim
1.374717e+02,49441,2.53378909955116e-04,5.87666944238933e-02,5.80578368847019e+02,sinkhorn_cellsim
1.375273e+02,49461,2.52856788415922e-04,5.87668065713930e-02,5.80578407210735e+02,sinkhorn_cellsim
1.375828e+02,49481,2.52331110629907e-04,5.87669218432549e-02,5.80578445154161e+02,sinkhorn_cellsim
1.376384e+02,49501,2.51781400215211e-04,5.87670350790596e-02,5.80578482726816e+02,sinkhorn_cellsim
1.376940e+02,49521,2.51317542799655e-04,5.87671416680039e-02,5.80578519991889e+02,sinkhorn_cellsim
1.377495e+02,49541,2.50894547907001e-04,5.87672382653219e-02,5.80578557015441e+02,sinkhorn_cellsim
1.378051e+02,49561,2.50525417087664e-04,5.87673230719517e-02,5.80578593857716e+02,sinkhorn_cellsim
1.378607e+02,49581,2.50196365648461e-04,5.87673957013204e-02,5.80578630568299e+02,sinkhorn_cellsim
1.379162e+02,49601,2.49874259249346e-04,5.87674568074914e-02,5.80578667184885e+02,sinkhorn_cellsim
1.379718e+02,49621,2.49541882174597e-04,5.87675076640560e-02,5.80578703734353e+02,sinkhorn_cellsim
1.380274e+02,49641,2.49206860900500e-04,5.87675498149939e-02,5.80578740234798e+02,sinkhorn_cellsim
1.380830e+02,49661,2.48854574869438e-04,5.87675848403312e-02,5.80578776697621e+02,sinkhorn_cellsim
1.381385e+02,49681,2.48498576662891e-04,5.87676142288882e-02,5.80578813129217e+02,sinkhorn_cellsim
1.381941e+02,49701,2.48141582263891e-04,5.87676393306979e-02,5.80578849532151e+02,sinkhorn_cellsim
1.382497e+02,49721,2.47779004733632e-04,5.87676613610537e-02,5.80578885905830e+02,sinkhorn_cellsim
1.383052e+02,49741,2.47431304934279e-04,5.87676814352451e-02,5.80578922246750e+02,sinkhorn_cellsim
1.383608e+02,49761,2.47104805718759e-04,5.87677006210157e-02,5.80578958548365e+02,sinkhorn_cellsim
1.384164e+02,49781,2.46772644284852e-04,5.87677200020965e-02,5.80578994800610e+02,sinkhorn_cellsim
1.384720e+02,49801,2.46422536940670e-04,5.87677407500462e-02,5.80579030989109e+02,sinkhorn_cellsim
1.385275e+02,49821,2.46068121672935e-04,5.87677642032733e-02,5.80579067094037e+02,sinkhorn_cellsim
1.385831e+02,49841,2.45690113382824e-04,5.87677919513361e-02,5.80579103088658e+02,sinkhorn_cellsim
1.386387e+02,49861,2.45250577668097e-04,5.87678259191361e-02,5.80579138937582e+02,sinkhorn_cellsim
1.386943e+02,49881,2.44734992468490e-04,5.87678684384504e-02,5.80579174594864e+02,sinkhorn_cellsim
1.387498e+02,49901,2.44107642087529e-04,5.87679222826727e-02,5.80579210002255e+02,sinkhorn_cellsim
1.388054e+02,49921,2.43333482110516e-04,5.87679906249464e-02,5.80579245088141e+02,sinkhorn_cellsim
1.388610e+02,49941,2.42480034445988e-04,5.87680768640570e-02,5.80579279768024e+02,sinkhorn_cellsim
1.389165e+02,49961,2.41736696730828e-04,5.87681842571571e-02,5.80579313947645e+02,sinkhorn_cellsim
1.389721e+02,49981,2.41071707807700e-04,5.87683153227904e-02,5.80579347529838e+02,sinkhorn_cellsim
1.390277e+02,50001,2.40317976381486e-04,5.87684710530230e-02,5.80579380425517e+02,sinkhorn_cellsim
1.390833e+02,50021,2.39497757700450e-04,5.87686501020459e-02,5.80579412567734e+02,sinkhorn_cellsim
1.391388e+02,50041,2.38685812165175e-04,5.87688482534066e-02,5.80579443925652e+02,sinkhorn_cellsim
1.391944e+02,50061,2.38007816631620e-04,5.87690585048937e-02,5.80579474513750e+02,sinkhorn_cellsim
1.392500e+02,50081,2.37279123841619e-04,5.87692719485966e-02,5.80579504391981e+02,sinkhorn_cellsim
1.393055e+02,50101,2.36495219521673e-04,5.87694792816125e-02,5.80579533655667e+02,sinkhorn_cellsim
1.393611e+02,50121,2.35703441977164e-04,5.87696724527799e-02,5.80579562418231e+02,sinkhorn_cellsim
1.394167e+02,50141,2.34867133337834e-04,5.87698458744709e-02,5.80579590792700e+02,sinkhorn_cellsim
1.394722e+02,50161,2.34015025217670e-04,5.87699968704846e-02,5.80579618877537e+02,sinkhorn_cellsim
1.395278e+02,50181,2.33101322004010e-04,5.87701254055218e-02,5.80579646749298e+02,sinkhorn_cellsim
1.395834e+02,50201,2.32156745249310e-04,5.87702333954031e-02,5.80579674461426e+02,sinkhorn_cellsim
1.396390e+02,50221,2.31276249478032e-04,5.87703239286919e-02,5.80579702046786e+02,sinkhorn_cellsim
1.396945e+02,50241,2.30428072079872e-04,5.87704006131926e-02,5.80579729521607e+02,sinkhorn_cellsim
1.397501e+02,50261,2.29577561289523e-04,5.87704671178549e-02,5.80579756889376e+02,sinkhorn_cellsim
1.398057e+02,50281,2.28740372978424e-04,5.87705268846332e-02,5.80579784144157e+02,sinkhorn_cellsim
1.398612e+02,50301,2.27931474703251e-04,5.87705829482142e-02,5.80579811273384e+02,sinkhorn_cellsim
1.399168e+02,50321,2.27093012782202e-04,5.87706378092737e-02,5.80579838260402e+02,sinkhorn_cellsim
1.399724e+02,50341,2.26202169686046e-04,5.87706933409848e-02,5.80579865086836e+02,sinkhorn_cellsim
1.400279e+02,50361,2.25260812855303e-04,5.87707507513173e-02,5.80579891734548e+02,sinkhorn_cellsim
1.400835e+02,50381,2.24232004190274e-04,5.87708106504961e-02,5.80579918186595e+02,sinkhorn_cellsim
1.401391e+02,50401,2.23119961510352e-04,5.87708732576498e-02,5.80579944426580e+02,sinkhorn_cellsim
1.401947e+02,50421,2.21955351694378e-04,5.87709387178683e-02,5.80579970436323e+02,sinkhorn_cellsim
1.402502e+02,50441,2.20838903470313e-04,5.87710074264003e-02,5.80579996192633e+02,sinkhorn_cellsim
1.403058e+02,50461,2.19611710219224e-04,5.87710802251506e-02,5.80580021664638e+02,sinkhorn_cellsim
1.403614e+02,50481,2.18407806861872e-04,5.87711583712728e-02,5.80580046813221e+02,sinkhorn_cellsim
1.404169e+02,50501,2.17066119385519e-04,5.87712432537553e-02,5.80580071593703e+02,sinkhorn_cellsim
1.404725e+02,50521,2.15739067527447e-04,5.87713359165323e-02,5.80580095962049e+02,sinkhorn_cellsim
1.405281e+02,50541,2.14567870252681e-04,5.87714365224686e-02,5.80580119883735e+02,sinkhorn_cellsim
1.405836e+02,50561,2.13447825439873e-04,5.87715439520103e-02,5.80580143343055e+02,sinkhorn_cellsim
1.406392e+02,50581,2.12407650285226e-04,5.87716557338548e-02,5.80580166349563e+02,sinkhorn_cellsim
1.406948e+02,50601,2.11330945191982e-04,5.87717684014830e-02,5.80580188938753e+02,sinkhorn_cellsim
1.407503e+02,50621,2.10203889582328e-04,5.87718781747714e-02,5.80580211166257e+02,sinkhorn_cellsim
1.408059e+02,50641,2.09007116052677e-04,5.87719816999040e-02,5.80580233097808e+02,sinkhorn_cellsim
1.408615e+02,50661,2.07751201098102e-04,5.87720765720886e-02,5.80580254798856e+02,sinkhorn_cellsim
1.409171e+02,50681,2.06447561467505e-04,5.87721615129467e-02,5.80580276327068e+02,sinkhorn_cellsim
1.409726e+02,50701,2.05104259795350e-04,5.87722362516254e-02,5.80580297728814e+02,sinkhorn_cellsim
1.410282e+02,50721,2.03745275625686e-04,5.87723012505854e-02,5.80580319038964e+02,sinkhorn_cellsim
1.410838e+02,50741,2.02392493880917e-04,5.87723574086804e-02,5.80580340282531e+02,sinkhorn_cellsim
1.411394e+02,50761,2.01048461921905e-04,5.87724058180475e-02,5.80580361476935e+02,sinkhorn_cellsim
1.411950e+02,50781,1.99795044626076e-04,5.87724475978705e-02,5.80580382634127e+02,sinkhorn_cellsim
1.412505e+02,50801,1.98653797367050e-04,5.87724837972051e-02,5.80580403762290e+02,sinkhorn_cellsim
1.413061e+02,50821,1.97526391718573e-04,5.87725153481865e-02,5.80580424867077e+02,sinkhorn_cellsim
1.413617e+02,50841,1.96436236150122e-04,5.87725430513035e-02,5.80580445952467e+02,sinkhorn_cellsim
1.414173e+02,50861,1.95357173501613e-04,5.87725675787858e-02,5.80580467021328e+02,sinkhorn_cellsim
1.414729e+02,50881,1.94297258468827e-04,5.87725894868785e-02,5.80580488075792e+02,sinkhorn_cellsim
1.415285e+02,50901,1.93312255879783e-04,5.87726092314247e-02,5.80580509117493e+02,sinkhorn_cellsim
1.415840e+02,50921,1.92389385828864e-04,5.87726271837298e-02,5.80580530147718e+02,sinkhorn_cellsim
1.416396e+02,50941,1.91474299062079e-04,5.87726436451804e-02,5.80580551167517e+02,sinkhorn_cellsim
1.416952e+02,50961,1.90567271559127e-04,5.87726588600224e-02,5.80580572177758e+02,sinkhorn_cellsim
1.417508e+02,50981,1.89670572455327e-04,5.87726730261726e-02,5.80580593179180e+02,sinkhorn_cellsim
1.418063e+02,51001,1.88784367160426e-04,5.87726863041673e-02,5.80580614172419e+02,sinkhorn_cellsim
1.418619e+02,51021,1.87909323745027e-04,5.87726988244837e-02,5.80580635158030e+02,sinkhorn_cellsim
1.419175e+02,51041,1.87046124517448e-04,5.87727106934546e-02,5.80580656136504e+02,sinkhorn_cellsim
1.419731e+02,51061,1.86195589065789e-04,5.87727219980382e-02,5.80580677108277e+02,sinkhorn_cellsim
1.420287e+02,51081,1.85358510862732e-04,5.87727328096324e-02,5.80580698073739e+02,sinkhorn_cellsim
1.420842e+02,51101,1.84534545695677e-04,5.87727431871211e-02,5.80580719033244e+02,sinkhorn_cellsim
1.421398e+02,51121,1.83724742636090e-04,5.87727531793170e-02,5.80580739987110e+02,sinkhorn_cellsim
1.421954e+02,51141,1.82931618160709e-04,5.87727628268978e-02,5.80580760935629e+02,sinkhorn_cellsim
1.422510e+02,51161,1.82152199528549e-04,5.87727721639546e-02,5.80580781879066e+02,sinkhorn_cellsim
1.423065e+02,51181,1.81386184460373e-04,5.87727812192336e-02,5.80580802817666e+02,sinkhorn_cellsim
1.423621e+02,51201,1.80633542291786e-04,5.87727900171230e-02,5.80580823751652e+02,sinkhorn_cellsim
1.424177e+02,51221,1.79894202160219e-04,5.87727985784473e-02,5.80580844681231e+02,sinkhorn_cellsim
1.424733e+02,51241,1.79168059480288e-04,5.87728069211033e-02,5.80580865606596e+02,sinkhorn_cellsim
1.425288e+02,51261,1.78455502688717e-04,5.87728150605712e-02,5.80580886527923e+02,sinkhorn_cellsim
1.425844e+02,51281,1.77756231178816e-04,5.87728230103296e-02,5.80580907445377e+02,sinkhorn_cellsim
1.426400e+02,51301,1.77069671517162e-04,5.87728307821900e-02,5.80580928359113e+02,sinkhorn_cellsim
1.426956e+02,51321,1.76395634007070e-04,5.87728383865688e-02,5.80580949269274e+02,sinkhorn_cellsim
1.427511e+02,51341,1.75733916519001e-04,5.87728458327091e-02,5.80580970175993e+02,sinkhorn_cellsim
1.428067e+02,51361,1.75084307204500e-04,5.87728531288621e-02,5.80580991079398e+02,sinkhorn_cellsim
1.428623e+02,51381,1.74446586747214e-04,5.87728602824357e-02,5.80581011979606e+02,sinkhorn_cellsim
1.429179e+02,51401,1.73820530291821e-04,5.87728673001203e-02,5.80581032876728e+02,sinkhorn_cellsim
1.429734e+02,51421,1.73205909158574e-04,5.87728741879854e-02,5.80581053770868e+02,sinkhorn_cellsim
1.430290e+02,51441,1.72602492222689e-04,5.87728809515722e-02,5.80581074662125e+02,sinkhorn_cellsim
1.430846e+02,51461,1.72010047163327e-04,5.87728875959565e-02,5.80581095550591e+02,sinkhorn_cellsim
1.431402e+02,51481,1.71428341455143e-04,5.87728941258143e-02,5.80581116436355e+02,sinkhorn_cellsim
1.431957e+02,51501,1.70857143271473e-04,5.87729005454696e-02,5.80581137319498e+02,sinkhorn_cellsim
1.432513e+02,51521,1.70297658914794e-04,5.87729068589360e-02,5.80581158200101e+02,sinkhorn_cellsim
1.433069e+02,51541,1.69749343010388e-04,5.87729130699552e-02,5.80581179078236e+02,sinkhorn_cellsim
1.433625e+02,51561,1.69210844899530e-04,5.87729191820255e-02,5.80581199953974e+02,sinkhorn_cellsim
1.434180e+02,51581,1.68681937533048e-04,5.87729251984290e-02,5.80581220827383e+02,sinkhorn_cellsim
1.434736e+02,51601,1.68163645289157e-04,5.87729311222575e-02,5.80581241698526e+02,sinkhorn_cellsim
1.435292e+02,51621,1.67655922565221e-04,5.87729369564263e-02,5.80581262567465e+02,sinkhorn_cellsim
1.435848e+02,51641,1.67157126756498e-04,5.87729427036940e-02,5.80581283434255e+02,sinkhorn_cellsim
1.436403e+02,51661,1.66669774548811e-04,5.87729483666802e-02,5.80581304298953e+02,sinkhorn_cellsim
1.436959e+02,51681,1.66193510035372e-04,5.87729539478738e-02,5.80581325161611e+02,sinkhorn_cellsim
1.437515e+02,51701,1.65726162062233e-04,5.87729594496460e-02,5.80581346022279e+02,sinkhorn_cellsim
1.438071e+02,51721,1.65267559979386e-04,5.87729648742603e-02,5.80581366881004e+02,sinkhorn_cellsim
1.438626e+02,51741,1.64817970117714e-04,5.87729702238835e-02,5.80581387737832e+02,sinkhorn_cellsim
1.439182e+02,51761,1.64382322659020e-04,5.87729755005873e-02,5.80581408592807e+02,sinkhorn_cellsim
1.439738e+02,51781,1.63961915950143e-04,5.87729807063624e-02,5.80581429445970e+02,sinkhorn_cellsim
1.440294e+02,51801,1.63559491781686e-04,5.87729858431197e-02,5.80581450297362e+02,sinkhorn_cellsim
1.440849e+02,51821,1.63166380900486e-04,5.87729909126963e-02,5.80581471147020e+02,sinkhorn_cellsim
1.441405e+02,51841,1.62784455111711e-04,5.87729959168633e-02,5.80581491994982e+02,sinkhorn_cellsim
1.441961e+02,51861,1.62410018174207e-04,5.87730008573244e-02,5.80581512841282e+02,sinkhorn_cellsim
1.442517e+02,51881,1.62045327603124e-04,5.87730057357271e-02,5.80581533685954e+02,sinkhorn_cellsim
1.443072e+02,51901,1.61687188673736e-04,5.87730105536600e-02,5.80581554529030e+02,sinkhorn_cellsim
1.443628e+02,51921,1.61336658747447e-04,5.87730153126575e-02,5.80581575370542e+02,sinkhorn_cellsim
1.444184e+02,51941,1.60993244166098e-04,5.87730200142060e-02,5.80581596210520e+02,sinkhorn_cellsim
1.444740e+02,51961,1.60656884839269e-04,5.87730246597426e-02,5.80581617048992e+02,sinkhorn_cellsim
1.445295e+02,51981,1.60327254211609e-04,5.87730292506587e-02,5.80581637885986e+02,sinkhorn_cellsim
1.445851e+02,52001,1.60004067240007e-04,5.87730337883014e-02,5.80581658721529e+02,sinkhorn_cellsim
1.446407e+02,52021,1.59695622883510e-04,5.87730382739770e-02,5.80581679555646e+02,sinkhorn_cellsim
1.446963e+02,52041,1.59400508673168e-04,5.87730427089536e-02,5.80581700388363e+02,sinkhorn_cellsim
1.447518e+02,52061,1.59109179957780e-04,5.87730470944562e-02,5.80581721219702e+02,sinkhorn_cellsim
1.448074e+02,52081,1.58821633286865e-04,5.87730514316800e-02,5.80581742049687e+02,sinkhorn_cellsim
1.448630e+02,52101,1.58537766973050e-04,5.87730557217809e-02,5.80581762878340e+02,sinkhorn_cellsim
1.449186e+02,52121,1.58257432182751e-04,5.87730599658815e-02,5.80581783705682e+02,sinkhorn_cellsim
1.449742e+02,52141,1.57980920543677e-04,5.87730641650726e-02,5.80581804531735e+02,sinkhorn_cellsim
1.450297e+02,52161,1.57707912034204e-04,5.87730683204136e-02,5.80581825356518e+02,sinkhorn_cellsim
1.450853e+02,52181,1.57438281267934e-04,5.87730724329336e-02,5.80581846180050e+02,sinkhorn_cellsim
1.451409e+02,52201,1.57172541926871e-04,5.87730765036316e-02,5.80581867002351e+02,sinkhorn_cellsim
1.451965e+02,52221,1.56909991381186e-04,5.87730805334799e-02,5.80581887823438e+02,sinkhorn_cellsim
1.452520e+02,52241,1.56651622631480e-04,5.87730845234221e-02,5.80581908643329e+02,sinkhorn_cellsim
1.453076e+02,52261,1.56399998910795e-04,5.87730884743768e-02,5.80581929462041e+02,sinkhorn_cellsim
1.453632e+02,52281,1.56152545968983e-04,5.87730923872351e-02,5.80581950279590e+02,sinkhorn_cellsim
1.454188e+02,52301,1.55908839442276e-04,5.87730962628645e-02,5.80581971095992e+02,sinkhorn_cellsim
1.454743e+02,52321,1.55668023205568e-04,5.87731001021089e-02,5.80581991911262e+02,sinkhorn_cellsim
1.455299e+02,52341,1.55430531154691e-04,5.87731039057887e-02,5.80582012725416e+02,sinkhorn_cellsim
1.455855e+02,52361,1.55196373901118e-04,5.87731076746990e-02,5.80582033538469e+02,sinkhorn_cellsim
1.456411e+02,52381,1.54964868694858e-04,5.87731114096172e-02,5.80582054350433e+02,sinkhorn_cellsim
1.456967e+02,52401,1.54737077790470e-04,5.87731151112974e-02,5.80582075161323e+02,sinkhorn_cellsim
1.457522e+02,52421,1.54523692045592e-04,5.87731187804714e-02,5.80582095971153e+02,sinkhorn_cellsim
1.458078e+02,52441,1.54325434134731e-04,5.87731224178540e-02,5.80582116779934e+02,sinkhorn_cellsim
1.458634e+02,52461,1.54132991739452e-04,5.87731260241373e-02,5.80582137587680e+02,sinkhorn_cellsim
1.459190e+02,52481,1.53945456489003e-04,5.87731295999985e-02,5.80582158394403e+02,sinkhorn_cellsim
1.459745e+02,52501,1.53764378298721e-04,5.87731331460915e-02,5.80582179200114e+02,sinkhorn_cellsim
1.460301e+02,52521,1.53588070099925e-04,5.87731366630551e-02,5.80582200004826e+02,sinkhorn_cellsim
1.460857e+02,52541,1.53413217028060e-04,5.87731401515126e-02,5.80582220808549e+02,sinkhorn_cellsim
1.461413e+02,52561,1.53241030701109e-04,5.87731436120651e-02,5.80582241611295e+02,sinkhorn_cellsim
1.461969e+02,52581,1.53071554909885e-04,5.87731470453015e-02,5.80582262413074e+02,sinkhorn_cellsim
1.462524e+02,52601,1.52903310914410e-04,5.87731504517934e-02,5.80582283213896e+02,sinkhorn_cellsim
1.463080e+02,52621,1.52736285231833e-04,5.87731538320964e-02,5.80582304013772e+02,sinkhorn_cellsim
1.463636e+02,52641,1.52570464542898e-04,5.87731571867544e-02,5.80582324812712e+02,sinkhorn_cellsim
1.464192e+02,52661,1.52405835700402e-04,5.87731605162901e-02,5.80582345610724e+02,sinkhorn_cellsim
1.464747e+02,52681,1.52242385714137e-04,5.87731638212183e-02,5.80582366407819e+02,sinkhorn_cellsim
1.465303e+02,52701,1.52080101761666e-04,5.87731671020351e-02,5.80582387204006e+02,sinkhorn_cellsim
1.465859e+02,52721,1.51918971174188e-04,5.87731703592268e-02,5.80582407999293e+02,sinkhorn_cellsim
1.466415e+02,52741,1.51758981440394e-04,5.87731735932641e-02,5.80582428793690e+02,sinkhorn_cellsim
1.466970e+02,52761,1.51600874412444e-04,5.87731768046078e-02,5.80582449587204e+02,sinkhorn_cellsim
1.467526e+02,52781,1.51444142048725e-04,5.87731799937026e-02,5.80582470379845e+02,sinkhorn_cellsim
1.468082e+02,52801,1.51289913459295e-04,5.87731831609840e-02,5.80582491171620e+02,sinkhorn_cellsim
1.468638e+02,52821,1.51136996430468e-04,5.87731863068758e-02,5.80582511962537e+02,sinkhorn_cellsim
1.469193e+02,52841,1.50985402111914e-04,5.87731894317886e-02,5.80582532752604e+02,sinkhorn_cellsim
1.469749e+02,52861,1.50834985692191e-04,5.87731925361222e-02,5.80582553541829e+02,sinkhorn_cellsim
1.470305e+02,52881,1.50686464335363e-04,5.87731956202677e-02,5.80582574330219e+02,sinkhorn_cellsim
1.470861e+02,52901,1.50539965258855e-04,5.87731986846034e-02,5.80582595117781e+02,sinkhorn_cellsim
1.471416e+02,52921,1.50394426547915e-04,5.87732017295002e-02,5.80582615904523e+02,sinkhorn_cellsim
1.471972e+02,52941,1.50250317400470e-04,5.87732047553171e-02,5.80582636690451e+02,sinkhorn_cellsim
1.472528e+02,52961,1.50109348979835e-04,5.87732077624023e-02,5.80582657475572e+02,sinkhorn_cellsim
1.473084e+02,52981,1.49969253216771e-04,5.87732107510990e-02,5.80582678259894e+02,sinkhorn_cellsim
1.473639e+02,53001,1.49830936491892e-04,5.87732137217369e-02,5.80582699043422e+02,sinkhorn_cellsim
1.474195e+02,53021,1.49694051923295e-04,5.87732166746390e-02,5.80582719826162e+02,sinkhorn_cellsim
1.474751e+02,53041,1.49557996533106e-04,5.87732196101212e-02,5.80582740608122e+02,sinkhorn_cellsim
1.475307e+02,53061,1.49422762175037e-04,5.87732225284873e-02,5.80582761389308e+02,sinkhorn_cellsim
1.475862e+02,53081,1.49288540547957e-04,5.87732254300369e-02,5.80582782169724e+02,sinkhorn_cellsim
1.476418e+02,53101,1.49157980012184e-04,5.87732283150604e-02,5.80582802949378e+02,sinkhorn_cellsim
1.476974e+02,53121,1.49031627691120e-04,5.87732311838394e-02,5.80582823728275e+02,sinkhorn_cellsim
1.477530e+02,53141,1.48912590219490e-04,5.87732340366492e-02,5.80582844506421e+02,sinkhorn_cellsim
1.478086e+02,53161,1.48804929998641e-04,5.87732368737581e-02,5.80582865283822e+02,sinkhorn_cellsim
1.478641e+02,53181,1.48701054773186e-04,5.87732396954270e-02,5.80582886060482e+02,sinkhorn_cellsim
1.479197e+02,53201,1.48600991802700e-04,5.87732425019114e-02,5.80582906836407e+02,sinkhorn_cellsim
1.479753e+02,53221,1.48504471529582e-04,5.87732452934588e-02,5.80582927611604e+02,sinkhorn_cellsim
1.480309e+02,53241,1.48409166122589e-04,5.87732480703083e-02,5.80582948386075e+02,sinkhorn_cellsim
1.480864e+02,53261,1.48314222143473e-04,5.87732508326994e-02,5.80582969159828e+02,sinkhorn_cellsim
1.481420e+02,53281,1.48219637516896e-04,5.87732535808574e-02,5.80582989932867e+02,sinkhorn_cellsim
1.481976e+02,53301,1.48125410173854e-04,5.87732563150079e-02,5.80583010705197e+02,sinkhorn_cellsim
1.482532e+02,53321,1.48031538043904e-04,5.87732590353683e-02,5.80583031476822e+02,sinkhorn_cellsim
1.483088e+02,53341,1.47938019087268e-04,5.87732617421498e-02,5.80583052247748e+02,sinkhorn_cellsim
1.483643e+02,53361,1.47844851242508e-04,5.87732644355606e-02,5.80583073017979e+02,sinkhorn_cellsim
1.484199e+02,53381,1.47752032479764e-04,5.87732671158017e-02,5.80583093787520e+02,sinkhorn_cellsim
1.484755e+02,53401,1.47659560776452e-04,5.87732697830696e-02,5.80583114556375e+02,sinkhorn_cellsim
1.485311e+02,53421,1.47567434106119e-04,5.87732724375559e-02,5.80583135324549e+02,sinkhorn_cellsim
1.485867e+02,53441,1.47475650462134e-04,5.87732750794486e-02,5.80583156092046e+02,sinkhorn_cellsim
1.486422e+02,53461,1.47384207845440e-04,5.87732777089295e-02,5.80583176858871e+02,sinkhorn_cellsim
1.486978e+02,53481,1.47293104275816e-04,5.87732803261755e-02,5.80583197625027e+02,sinkhorn_cellsim
1.487534e+02,53501,1.47202337770309e-04,5.87732829313608e-02,5.80583218390520e+02,sinkhorn_cellsim
1.488090e+02,53521,1.47111906357963e-04,5.87732855246544e-02,5.80583239155352e+02,sinkhorn_cellsim
1.488645e+02,53541,1.47021808091311e-04,5.87732881062223e-02,5.80583259919529e+02,sinkhorn_cellsim
1.489201e+02,53561,1.46932041019309e-04,5.87732906762239e-02,5.80583280683054e+02,sinkhorn_cellsim
1.489757e+02,53581,1.46842603218608e-04,5.87732932348174e-02,5.80583301445930e+02,sinkhorn_cellsim
1.490313e+02,53601,1.46753492755405e-04,5.87732957821568e-02,5.80583322208163e+02,sinkhorn_cellsim
1.490869e+02,53621,1.46664707722411e-04,5.87732983183914e-02,5.80583342969756e+02,sinkhorn_cellsim
1.491425e+02,53641,1.46576246221586e-04,5.87733008436661e-02,5.80583363730712e+02,sinkhorn_cellsim
1.491980e+02,53661,1.46488141530879e-04,5.87733033581245e-02,5.80583384491036e+02,sinkhorn_cellsim
1.492536e+02,53681,1.46400752796767e-04,5.87733058619071e-02,5.80583405250731e+02,sinkhorn_cellsim
1.493092e+02,53701,1.46313775630640e-04,5.87733083551482e-02,5.80583426009800e+02,sinkhorn_cellsim
1.493648e+02,53721,1.46227121117146e-04,5.87733108379809e-02,5.80583446768248e+02,sinkhorn_cellsim
1.494204e+02,53741,1.46140774730809e-04,5.87733133105366e-02,5.80583467526077e+02,sinkhorn_cellsim
1.494759e+02,53761,1.46054734771271e-04,5.87733157729407e-02,5.80583488283291e+02,sinkhorn_cellsim
1.495315e+02,53781,1.45968999540227e-04,5.87733182253170e-02,5.80583509039895e+02,sinkhorn_cellsim
1.495871e+02,53801,1.45883567351382e-04,5.87733206677860e-02,5.80583529795890e+02,sinkhorn_cellsim
1.496427e+02,53821,1.45798436529771e-04,5.87733231004676e-02,5.80583550551281e+02,sinkhorn_cellsim
1.496983e+02,53841,1.45714035652469e-04,5.87733255234763e-02,5.80583571306070e+02,sinkhorn_cellsim
1.497539e+02,53861,1.45630952219271e-04,5.87733279369257e-02,5.80583592060261e+02,sinkhorn_cellsim
1.498094e+02,53881,1.45548154193072e-04,5.87733303409254e-02,5.80583612813858e+02,sinkhorn_cellsim
1.498650e+02,53901,1.45465640032855e-04,5.87733327355833e-02,5.80583633566863e+02,sinkhorn_cellsim
1.499206e+02,53921,1.45383598872717e-04,5.87733351210057e-02,5.80583654319279e+02,sinkhorn_cellsim
1.499762e+02,53941,1.45302924455329e-04,5.87733374972962e-02,5.80583675071111e+02,sinkhorn_cellsim
1.500318e+02,53961,1.45222539690702e-04,5.87733398645549e-02,5.80583695822359e+02,sinkhorn_cellsim
1.500873e+02,53981,1.45142423104331e-04,5.87733422228812e-02,5.80583716573029e+02,sinkhorn_cellsim
1.501429e+02,54001,1.45062573303467e-04,5.87733445723712e-02,5.80583737323123e+02,sinkhorn_cellsim
1.501985e+02,54021,1.44983385652542e-04,5.87733469131195e-02,5.80583758072643e+02,sinkhorn_cellsim
1.502541e+02,54041,1.44905054797627e-04,5.87733492452188e-02,5.80583778821593e+02,sinkhorn_cellsim
1.503097e+02,54061,1.44827890123166e-04,5.87733515687597e-02,5.80583799569975e+02,sinkhorn_cellsim
1.503653e+02,54081,1.44751195368870e-04,5.87733538838317e-02,5.80583820317793e+02,sinkhorn_cellsim
1.504208e+02,54101,1.44674904820435e-04,5.87733561905207e-02,5.80583841065049e+02,sinkhorn_cellsim
1.504764e+02,54121,1.44599075382872e-04,5.87733584889112e-02,5.80583861811746e+02,sinkhorn_cellsim
1.505320e+02,54141,1.44523484872921e-04,5.87733607790880e-02,5.80583882557888e+02,sinkhorn_cellsim
1.505876e+02,54161,1.44448146312464e-04,5.87733630611316e-02,5.80583903303476e+02,sinkhorn_cellsim
1.506432e+02,54181,1.44373125109978e-04,5.87733653351224e-02,5.80583924048513e+02,sinkhorn_cellsim
1.506987e+02,54201,1.44298338829804e-04,5.87733676011398e-02,5.80583944793002e+02,sinkhorn_cellsim
1.507543e+02,54221,1.44223786446309e-04,5.87733698592606e-02,5.80583965536946e+02,sinkhorn_cellsim
1.508099e+02,54241,1.44149466926134e-04,5.87733721095599e-02,5.80583986280347e+02,sinkhorn_cellsim
1.508655e+02,54261,1.44075676994575e-04,5.87733743521130e-02,5.80584007023209e+02,sinkhorn_cellsim
1.509211e+02,54281,1.44002525248983e-04,5.87733765869932e-02,5.80584027765532e+02,sinkhorn_cellsim
1.509766e+02,54301,1.43929943709207e-04,5.87733788142727e-02,5.80584048507321e+02,sinkhorn_cellsim
1.510322e+02,54321,1.43857651814610e-04,5.87733810340250e-02,5.80584069248578e+02,sinkhorn_cellsim
1.510878e+02,54341,1.43785719188632e-04,5.87733832463210e-02,5.80584089989304e+02,sinkhorn_cellsim
1.511434e+02,54361,1.43714301087614e-04,5.87733854512332e-02,5.80584110729503e+02,sinkhorn_cellsim
1.511989e+02,54381,1.43643102663065e-04,5.87733876488336e-02,5.80584131469176e+02,sinkhorn_cellsim
1.512545e+02,54401,1.43572122793869e-04,5.87733898391966e-02,5.80584152208327e+02,sinkhorn_cellsim
1.513101e+02,54421,1.43501360311027e-04,5.87733920224002e-02,5.80584172946956e+02,sinkhorn_cellsim
1.513657e+02,54441,1.43430813951847e-04,5.87733941985242e-02,5.80584193685067e+02,sinkhorn_cellsim
1.514213e+02,54461,1.43360482334248e-04,5.87733963676559e-02,5.80584214422662e+02,sinkhorn_cellsim
1.514769e+02,54481,1.43290363910211e-04,5.87733985298920e-02,5.80584235159741e+02,sinkhorn_cellsim
1.515324e+02,54501,1.43220456909637e-04,5.87734006853405e-02,5.80584255896306e+02,sinkhorn_cellsim
1.515880e+02,54521,1.43150759235529e-04,5.87734028341276e-02,5.80584276632360e+02,sinkhorn_cellsim
1.516436e+02,54541,1.43081268350737e-04,5.87734049764056e-02,5.80584297367901e+02,sinkhorn_cellsim
1.516992e+02,54561,1.43011981119472e-04,5.87734071123592e-02,5.80584318102931e+02,sinkhorn_cellsim
1.517548e+02,54581,1.42942893573296e-04,5.87734092422241e-02,5.80584338837449e+02,sinkhorn_cellsim
1.518103e+02,54601,1.42874000591765e-04,5.87734113662993e-02,5.80584359571452e+02,sinkhorn_cellsim
1.518659e+02,54621,1.42805295471053e-04,5.87734134849788e-02,5.80584380304938e+02,sinkhorn_cellsim
1.519215e+02,54641,1.42736769344389e-04,5.87734155987813e-02,5.80584401037900e+02,sinkhorn_cellsim
1.519771e+02,54661,1.42668410353237e-04,5.87734177084011e-02,5.80584421770329e+02,sinkhorn_cellsim
1.520326e+02,54681,1.42600202518043e-04,5.87734198147726e-02,5.80584442502213e+02,sinkhorn_cellsim
1.520882e+02,54701,1.42532124199553e-04,5.87734219191621e-02,5.80584463233534e+02,sinkhorn_cellsim
1.521438e+02,54721,1.42464283308754e-04,5.87734240232919e-02,5.80584483964264e+02,sinkhorn_cellsim
1.521994e+02,54741,1.42396889897353e-04,5.87734261295078e-02,5.80584504694368e+02,sinkhorn_cellsim
1.522549e+02,54761,1.42329539394107e-04,5.87734282410236e-02,5.80584525423793e+02,sinkhorn_cellsim
1.523105e+02,54781,1.42262125938853e-04,5.87734303622333e-02,5.80584546152467e+02,sinkhorn_cellsim
1.523661e+02,54801,1.42194567931516e-04,5.87734324991627e-02,5.80584566880292e+02,sinkhorn_cellsim
1.524217e+02,54821,1.42126988420879e-04,5.87734346600760e-02,5.80584587607129e+02,sinkhorn_cellsim
1.524773e+02,54841,1.42059570613324e-04,5.87734368563110e-02,5.80584608332788e+02,sinkhorn_cellsim
1.525328e+02,54861,1.41991436900962e-04,5.87734391034297e-02,5.80584629057008e+02,sinkhorn_cellsim
1.525884e+02,54881,1.41922427158543e-04,5.87734414227835e-02,5.80584649779428e+02,sinkhorn_cellsim
1.526440e+02,54901,1.41852030575436e-04,5.87734438436617e-02,5.80584670499551e+02,sinkhorn_cellsim
1.526996e+02,54921,1.41779500257485e-04,5.87734464062168e-02,5.80584691216698e+02,sinkhorn_cellsim
1.527551e+02,54941,1.41704754039241e-04,5.87734491654387e-02,5.80584711929931e+02,sinkhorn_cellsim
1.528107e+02,54961,1.41635020609308e-04,5.87734521965457e-02,5.80584732637968e+02,sinkhorn_cellsim
1.528663e+02,54981,1.41562911118616e-04,5.87734556022120e-02,5.80584753339054e+02,sinkhorn_cellsim
1.529219e+02,55001,1.41489057754556e-04,5.87734595222279e-02,5.80584774030788e+02,sinkhorn_cellsim
1.529774e+02,55021,1.41412258379083e-04,5.87734641461899e-02,5.80584794709902e+02,sinkhorn_cellsim
1.530330e+02,55041,1.41333980884192e-04,5.87734697299208e-02,5.80584815371957e+02,sinkhorn_cellsim
1.530886e+02,55061,1.41259754966704e-04,5.87734766161237e-02,5.80584836010954e+02,sinkhorn_cellsim
1.531442e+02,55081,1.41185084339924e-04,5.87734852593188e-02,5.80584856618845e+02,sinkhorn_cellsim
1.531997e+02,55101,1.41107745406447e-04,5.87734962540059e-02,5.80584877184923e+02,sinkhorn_cellsim
1.532553e+02,55121,1.41025199624885e-04,5.87735103627761e-02,5.80584897695130e+02,sinkhorn_cellsim
1.533109e+02,55141,1.40935577189695e-04,5.87735285373294e-02,5.80584918131313e+02,sinkhorn_cellsim
1.533665e+02,55161,1.40839904493389e-04,5.87735519194807e-02,5.80584938470578e+02,sinkhorn_cellsim
1.534221e+02,55181,1.40737472071493e-04,5.87735818018716e-02,5.80584958684961e+02,sinkhorn_cellsim
1.534776e+02,55201,1.40638270000115e-04,5.87736195217610e-02,5.80584978741771e+02,sinkhorn_cellsim
1.535332e+02,55221,1.40530446255749e-04,5.87736662625644e-02,5.80584998605050e+02,sinkhorn_cellsim
1.535961e+02,55241,1.40422656066775e-04,5.87737227573874e-02,5.80585018238509e+02,sinkhorn_cellsim
1.536517e+02,55261,1.40314553901965e-04,5.87737889357661e-02,5.80585037609977e+02,sinkhorn_cellsim
1.537073e+02,55281,1.40208570562996e-04,5.87738636222779e-02,5.80585056696667e+02,sinkhorn_cellsim
1.537629e+02,55301,1.40096574533481e-04,5.87739444441193e-02,5.80585075489818e+02,sinkhorn_cellsim
1.538185e+02,55321,1.39983804093608e-04,5.87740280727569e-02,5.80585093996912e+02,sinkhorn_cellsim
1.538740e+02,55341,1.39863110050464e-04,5.87741107862014e-02,5.80585112240377e+02,sinkhorn_cellsim
1.539296e+02,55361,1.39745561596684e-04,5.87741891638809e-02,5.80585130253141e+02,sinkhorn_cellsim
1.539852e+02,55381,1.39622460145874e-04,5.87742606488717e-02,5.80585148072780e+02,sinkhorn_cellsim
1.540408e+02,55401,1.39496717015477e-04,5.87743237977794e-02,5.80585165736253e+02,sinkhorn_cellsim
1.540963e+02,55421,1.39371387373212e-04,5.87743782114553e-02,5.80585183276425e+02,sinkhorn_cellsim
1.541519e+02,55441,1.39238197916454e-04,5.87744242689481e-02,5.80585200720556e+02,sinkhorn_cellsim
1.542075e+02,55461,1.39106073822551e-04,5.87744628119016e-02,5.80585218090203e+02,sinkhorn_cellsim
1.542631e+02,55481,1.38970935021999e-04,5.87744948781322e-02,5.80585235401899e+02,sinkhorn_cellsim
1.543186e+02,55501,1.38840069095311e-04,5.87745215206252e-02,5.80585252668088e+02,sinkhorn_cellsim
1.543742e+02,55521,1.38710866577762e-04,5.87745437063901e-02,5.80585269898047e+02,sinkhorn_cellsim
1.544298e+02,55541,1.38577931260016e-04,5.87745622731142e-02,5.80585287098665e+02,sinkhorn_cellsim
1.544853e+02,55561,1.38442304249241e-04,5.87745779209001e-02,5.80585304275070e+02,sinkhorn_cellsim
1.545409e+02,55581,1.38305077012135e-04,5.87745912220835e-02,5.80585321431094e+02,sinkhorn_cellsim
1.545965e+02,55601,1.38168634608873e-04,5.87746026383939e-02,5.80585338569628e+02,sinkhorn_cellsim
1.546520e+02,55621,1.38029309394183e-04,5.87746125395801e-02,5.80585355692876e+02,sinkhorn_cellsim
1.547076e+02,55641,1.37886791801645e-04,5.87746212206625e-02,5.80585372802542e+02,sinkhorn_cellsim
1.547632e+02,55661,1.37741273511245e-04,5.87746289167716e-02,5.80585389899964e+02,sinkhorn_cellsim
1.548188e+02,55681,1.37592943257156e-04,5.87746358153864e-02,5.80585406986214e+02,sinkhorn_cellsim
1.548743e+02,55701,1.37441986343499e-04,5.87746420662071e-02,5.80585424062163e+02,sinkhorn_cellsim
1.549299e+02,55721,1.37288985091228e-04,5.87746477890053e-02,5.80585441128536e+02,sinkhorn_cellsim
1.549855e+02,55741,1.37133943044913e-04,5.87746530798285e-02,5.80585458185948e+02,sinkhorn_cellsim
1.550410e+02,55761,1.36976719278623e-04,5.87746580158922e-02,5.80585475234929e+02,sinkhorn_cellsim
1.550966e+02,55781,1.36817488519964e-04,5.87746626594298e-02,5.80585492275944e+02,sinkhorn_cellsim
1.551522e+02,55801,1.36656420256487e-04,5.87746670607271e-02,5.80585509309409e+02,sinkhorn_cellsim
1.552077e+02,55821,1.36494276681624e-04,5.87746712605181e-02,5.80585526335696e+02,sinkhorn_cellsim
1.552633e+02,55841,1.36332181177551e-04,5.87746752918806e-02,5.80585543355148e+02,sinkhorn_cellsim
1.553189e+02,55861,1.36168749461439e-04,5.87746791817441e-02,5.80585560368079e+02,sinkhorn_cellsim
1.553745e+02,55881,1.36004123550143e-04,5.87746829520762e-02,5.80585577374782e+02,sinkhorn_cellsim
1.554300e+02,55901,1.35839525745207e-04,5.87746866208499e-02,5.80585594375530e+02,sinkhorn_cellsim
1.554856e+02,55921,1.35674026911518e-04,5.87746902027925e-02,5.80585611370577e+02,sinkhorn_cellsim
1.555412e+02,55941,1.35507734798154e-04,5.87746937100071e-02,5.80585628360165e+02,sinkhorn_cellsim
1.555967e+02,55961,1.35340767261865e-04,5.87746971524581e-02,5.80585645344520e+02,sinkhorn_cellsim
1.556523e+02,55981,1.35173236784805e-04,5.87747005383681e-02,5.80585662323859e+02,sinkhorn_cellsim
1.557079e+02,56001,1.35005535646250e-04,5.87747038745400e-02,5.80585679298385e+02,sinkhorn_cellsim
1.557634e+02,56021,1.34841167057772e-04,5.87747071666120e-02,5.80585696268292e+02,sinkhorn_cellsim
1.558190e+02,56041,1.34676899332783e-04,5.87747104192707e-02,5.80585713233764e+02,sinkhorn_cellsim
1.558746e+02,56061,1.34512482800046e-04,5.87747136364193e-02,5.80585730194975e+02,sinkhorn_cellsim
1.559302e+02,56081,1.34348372646562e-04,5.87747168213179e-02,5.80585747152093e+02,sinkhorn_cellsim
1.559857e+02,56101,1.34186944974975e-04,5.87747199766995e-02,5.80585764105276e+02,sinkhorn_cellsim
1.560413e+02,56121,1.34025607042776e-04,5.87747231048580e-02,5.80585781054676e+02,sinkhorn_cellsim
1.560969e+02,56141,1.33864598814924e-04,5.87747262077269e-02,5.80585798000436e+02,sinkhorn_cellsim
1.561524e+02,56161,1.33705311823220e-04,5.87747292869417e-02,5.80585814942694e+02,sinkhorn_cellsim
1.562080e+02,56181,1.33546303146890e-04,5.87747323438936e-02,5.80585831881580e+02,sinkhorn_cellsim
1.562636e+02,56201,1.33388088375093e-04,5.87747353797682e-02,5.80585848817221e+02,sinkhorn_cellsim
1.563192e+02,56221,1.33232035145063e-04,5.87747383955809e-02,5.80585865749734e+02,sinkhorn_cellsim
1.563747e+02,56241,1.33076404059313e-04,5.87747413922082e-02,5.80585882679235e+02,sinkhorn_cellsim
1.564303e+02,56261,1.32921329074172e-04,5.87747443704088e-02,5.80585899605831e+02,sinkhorn_cellsim
1.564859e+02,56281,1.32767008357151e-04,5.87747473308439e-02,5.80585916529626e+02,sinkhorn_cellsim
1.565414e+02,56301,1.32613230249270e-04,5.87747502740965e-02,5.80585933450719e+02,sinkhorn_cellsim
1.565970e+02,56321,1.32460026614883e-04,5.87747532006798e-02,5.80585950369205e+02,sinkhorn_cellsim
1.566526e+02,56341,1.32307427029748e-04,5.87747561110521e-02,5.80585967285174e+02,sinkhorn_cellsim
1.567082e+02,56361,1.32155458891788e-04,5.87747590056228e-02,5.80585984198712e+02,sinkhorn_cellsim
1.567637e+02,56381,1.32004147502059e-04,5.87747618847645e-02,5.80586001109901e+02,sinkhorn_cellsim
1.568193e+02,56401,1.31853876985980e-04,5.87747647488148e-02,5.80586018018821e+02,sinkhorn_cellsim
1.568749e+02,56421,1.31705201411864e-04,5.87747675980848e-02,5.80586034925547e+02,sinkhorn_cellsim
1.569304e+02,56441,1.31557239360497e-04,5.87747704328611e-02,5.80586051830150e+02,sinkhorn_cellsim
1.569860e+02,56461,1.31410007985838e-04,5.87747732534121e-02,5.80586068732699e+02,sinkhorn_cellsim
1.570416e+02,56481,1.31263522886939e-04,5.87747760599871e-02,5.80586085633260e+02,sinkhorn_cellsim
1.570972e+02,56501,1.31117798189606e-04,5.87747788528228e-02,5.80586102531895e+02,sinkhorn_cellsim
1.571527e+02,56521,1.30973713427983e-04,5.87747816321418e-02,5.80586119428666e+02,sinkhorn_cellsim
1.572083e+02,56541,1.30831459095844e-04,5.87747843981576e-02,5.80586136323630e+02,sinkhorn_cellsim
1.572639e+02,56561,1.30691675525302e-04,5.87747871510722e-02,5.80586153216841e+02,sinkhorn_cellsim
1.573194e+02,56581,1.30553223758929e-04,5.87747898910817e-02,5.80586170108352e+02,sinkhorn_cellsim
1.573750e+02,56601,1.30416571867491e-04,5.87747926183733e-02,5.80586186998215e+02,sinkhorn_cellsim
1.574306e+02,56621,1.30282037830751e-04,5.87747953331276e-02,5.80586203886476e+02,sinkhorn_cellsim
1.574861e+02,56641,1.30148562419175e-04,5.87747980355189e-02,5.80586220773183e+02,sinkhorn_cellsim
1.575417e+02,56661,1.30015848377805e-04,5.87748007257193e-02,5.80586237658379e+02,sinkhorn_cellsim
1.575973e+02,56681,1.29883897045491e-04,5.87748034038897e-02,5.80586254542108e+02,sinkhorn_cellsim
1.576529e+02,56701,1.29752709144962e-04,5.87748060701924e-02,5.80586271424409e+02,sinkhorn_cellsim
1.577084e+02,56721,1.29622284827465e-04,5.87748087247813e-02,5.80586288305323e+02,sinkhorn_cellsim
1.577640e+02,56741,1.29492623712317e-04,5.87748113678081e-02,5.80586305184885e+02,sinkhorn_cellsim
1.578196e+02,56761,1.29363724935290e-04,5.87748139994210e-02,5.80586322063133e+02,sinkhorn_cellsim
1.578751e+02,56781,1.29235587165285e-04,5.87748166197613e-02,5.80586338940101e+02,sinkhorn_cellsim
1.579307e+02,56801,1.29108208635491e-04,5.87748192289707e-02,5.80586355815820e+02,sinkhorn_cellsim
1.579863e+02,56821,1.28981587193576e-04,5.87748218271845e-02,5.80586372690324e+02,sinkhorn_cellsim
1.580419e+02,56841,1.28855720304527e-04,5.87748244145361e-02,5.80586389563643e+02,sinkhorn_cellsim
1.580974e+02,56861,1.28730605088939e-04,5.87748269911552e-02,5.80586406435805e+02,sinkhorn_cellsim
1.581530e+02,56881,1.28606238360299e-04,5.87748295571671e-02,5.80586423306839e+02,sinkhorn_cellsim
1.582086e+02,56901,1.28482616628880e-04,5.87748321126966e-02,5.80586440176772e+02,sinkhorn_cellsim
1.582642e+02,56921,1.28359736132429e-04,5.87748346578636e-02,5.80586457045629e+02,sinkhorn_cellsim
1.583197e+02,56941,1.28237592870642e-04,5.87748371927839e-02,5.80586473913435e+02,sinkhorn_cellsim
1.583753e+02,56961,1.28116182594810e-04,5.87748397175728e-02,5.80586490780215e+02,sinkhorn_cellsim
1.584309e+02,56981,1.27995500866320e-04,5.87748422323414e-02,5.80586507645990e+02,sinkhorn_cellsim
1.584864e+02,57001,1.27875543037269e-04,5.87748447371996e-02,5.80586524510784e+02,sinkhorn_cellsim
1.585420e+02,57021,1.27756304295437e-04,5.87748472322506e-02,5.80586541374617e+02,sinkhorn_cellsim
1.585976e+02,57041,1.27637779662346e-04,5.87748497176001e-02,5.80586558237510e+02,sinkhorn_cellsim
1.586532e+02,57061,1.27519964023586e-04,5.87748521933477e-02,5.80586575099482e+02,sinkhorn_cellsim
1.587087e+02,57081,1.27402852127641e-04,5.87748546595913e-02,5.80586591960552e+02,sinkhorn_cellsim
1.587643e+02,57101,1.27286438609376e-04,5.87748571164262e-02,5.80586608820739e+02,sinkhorn_cellsim
1.588199e+02,57121,1.27170717996641e-04,5.87748595639462e-02,5.80586625680061e+02,sinkhorn_cellsim
1.588755e+02,57141,1.27055684734187e-04,5.87748620022417e-02,5.80586642538533e+02,sinkhorn_cellsim
1.589310e+02,57161,1.26941333177901e-04,5.87748644314012e-02,5.80586659396172e+02,sinkhorn_cellsim
1.589866e+02,57181,1.26827657622414e-04,5.87748668515098e-02,5.80586676252994e+02,sinkhorn_cellsim
1.590422e+02,57201,1.26714652286637e-04,5.87748692626534e-02,5.80586693109015e+02,sinkhorn_cellsim
1.590978e+02,57221,1.26602311353612e-04,5.87748716649119e-02,5.80586709964248e+02,sinkhorn_cellsim
1.591533e+02,57241,1.26490628955920e-04,5.87748740583662e-02,5.80586726818708e+02,sinkhorn_cellsim
1.592089e+02,57261,1.26379599193482e-04,5.87748764430932e-02,5.80586743672408e+02,sinkhorn_cellsim
1.592645e+02,57281,1.26269216137723e-04,5.87748788191698e-02,5.80586760525362e+02,sinkhorn_cellsim
1.593201e+02,57301,1.26159473835693e-04,5.87748811866693e-02,5.80586777377582e+02,sinkhorn_cellsim
1.593757e+02,57321,1.26050366340683e-04,5.87748835456630e-02,5.80586794229080e+02,sinkhorn_cellsim
1.594312e+02,57341,1.25941887677287e-04,5.87748858962213e-02,5.80586811079868e+02,sinkhorn_cellsim
1.594868e+02,57361,1.25834031875244e-04,5.87748882384140e-02,5.80586827929958e+02,sinkhorn_cellsim
1.595424e+02,57381,1.25726792977537e-04,5.87748905723066e-02,5.80586844779361e+02,sinkhorn_cellsim
1.595979e+02,57401,1.25620165016738e-04,5.87748928979648e-02,5.80586861628087e+02,sinkhorn_cellsim
1.596535e+02,57421,1.25514302384088e-04,5.87748952154521e-02,5.80586878476147e+02,sinkhorn_cellsim
1.597091e+02,57441,1.25409373531162e-04,5.87748975248313e-02,5.80586895323550e+02,sinkhorn_cellsim
1.597647e+02,57461,1.25305026209156e-04,5.87748998261615e-02,5.80586912170307e+02,sinkhorn_cellsim
1.598202e+02,57481,1.25201254624094e-04,5.87749021195023e-02,5.80586929016427e+02,sinkhorn_cellsim
1.598758e+02,57501,1.25098052994215e-04,5.87749044049133e-02,5.80586945861918e+02,sinkhorn_cellsim
1.599314e+02,57521,1.24995415583804e-04,5.87749066824484e-02,5.80586962706790e+02,sinkhorn_cellsim
1.599870e+02,57541,1.24893336700256e-04,5.87749089521643e-02,5.80586979551051e+02,sinkhorn_cellsim
1.600425e+02,57561,1.24791810677319e-04,5.87749112141155e-02,5.80586996394710e+02,sinkhorn_cellsim
1.600981e+02,57581,1.24690831907595e-04,5.87749134683531e-02,5.80587013237774e+02,sinkhorn_cellsim
1.601537e+02,57601,1.24590394819526e-04,5.87749157149309e-02,5.80587030080251e+02,sinkhorn_cellsim
1.602092e+02,57621,1.24490493896768e-04,5.87749179538976e-02,5.80587046922149e+02,sinkhorn_cellsim
1.602648e+02,57641,1.24391123654611e-04,5.87749201853039e-02,5.80587063763475e+02,sinkhorn_cellsim
1.603204e+02,57661,1.24292278682508e-04,5.87749224091977e-02,5.80587080604236e+02,sinkhorn_cellsim
1.603760e+02,57681,1.24193953599269e-04,5.87749246256262e-02,5.80587097444440e+02,sinkhorn_cellsim
1.604316e+02,57701,1.24096143093688e-04,5.87749268346353e-02,5.80587114284092e+02,sinkhorn_cellsim
1.604871e+02,57721,1.23998841902579e-04,5.87749290362726e-02,5.80587131123200e+02,sinkhorn_cellsim
1.605427e+02,57741,1.23902044805509e-04,5.87749312305819e-02,5.80587147961769e+02,sinkhorn_cellsim
1.605983e+02,57761,1.23805746660216e-04,5.87749334176066e-02,5.80587164799807e+02,sinkhorn_cellsim
1.606538e+02,57781,1.23709942366659e-04,5.87749355973900e-02,5.80587181637318e+02,sinkhorn_cellsim
1.607094e+02,57801,1.23614626874360e-04,5.87749377699736e-02,5.80587198474310e+02,sinkhorn_cellsim
1.607650e+02,57821,1.23519795208280e-04,5.87749399353998e-02,5.80587215310786e+02,sinkhorn_cellsim
1.608206e+02,57841,1.23425442444281e-04,5.87749420937095e-02,5.80587232146754e+02,sinkhorn_cellsim
1.608761e+02,57861,1.23331563705266e-04,5.87749442449423e-02,5.80587248982219e+02,sinkhorn_cellsim
1.609317e+02,57881,1.23238154184374e-04,5.87749463891377e-02,5.80587265817185e+02,sinkhorn_cellsim
1.609873e+02,57901,1.23145307730462e-04,5.87749485263349e-02,5.80587282651658e+02,sinkhorn_cellsim
1.610429e+02,57921,1.23053434526695e-04,5.87749506565699e-02,5.80587299485643e+02,sinkhorn_cellsim
1.610985e+02,57941,1.22962005294978e-04,5.87749527798835e-02,5.80587316319146e+02,sinkhorn_cellsim
1.611540e+02,57961,1.22871015681386e-04,5.87749548963100e-02,5.80587333152169e+02,sinkhorn_cellsim
1.612096e+02,57981,1.22781385327237e-04,5.87749570058882e-02,5.80587349984719e+02,sinkhorn_cellsim
1.612652e+02,58001,1.22692297772057e-04,5.87749591086525e-02,5.80587366816801e+02,sinkhorn_cellsim
1.613208e+02,58021,1.22603618182759e-04,5.87749612046384e-02,5.80587383648417e+02,sinkhorn_cellsim
1.613763e+02,58041,1.22515342769199e-04,5.87749632938835e-02,5.80587400479573e+02,sinkhorn_cellsim
1.614319e+02,58061,1.22427519366242e-04,5.87749653764197e-02,5.80587417310273e+02,sinkhorn_cellsim
1.614875e+02,58081,1.22340554448324e-04,5.87749674522834e-02,5.80587434140522e+02,sinkhorn_cellsim
1.615431e+02,58101,1.22254174468994e-04,5.87749695215099e-02,5.80587450970322e+02,sinkhorn_cellsim
1.615987e+02,58121,1.22168310700766e-04,5.87749715841338e-02,5.80587467799679e+02,sinkhorn_cellsim
1.616542e+02,58141,1.22082817587862e-04,5.87749736401895e-02,5.80587484628596e+02,sinkhorn_cellsim
1.617098e+02,58161,1.21997925750979e-04,5.87749756897148e-02,5.80587501457076e+02,sinkhorn_cellsim
1.617654e+02,58181,1.21913497578897e-04,5.87749777327448e-02,5.80587518285124e+02,sinkhorn_cellsim
1.618210e+02,58201,1.21829424240030e-04,5.87749797693200e-02,5.80587535112743e+02,sinkhorn_cellsim
1.618765e+02,58221,1.21745702628369e-04,5.87749817994802e-02,5.80587551939937e+02,sinkhorn_cellsim
1.619321e+02,58241,1.21662329606740e-04,5.87749838232707e-02,5.80587568766708e+02,sinkhorn_cellsim
1.619877e+02,58261,1.21579376558267e-04,5.87749858407417e-02,5.80587585593060e+02,sinkhorn_cellsim
1.620433e+02,58281,1.21496772241074e-04,5.87749878519491e-02,5.80587602418997e+02,sinkhorn_cellsim
1.620988e+02,58301,1.21414505186221e-04,5.87749898569587e-02,5.80587619244520e+02,sinkhorn_cellsim
1.621544e+02,58321,1.21332571844869e-04,5.87749918558523e-02,5.80587636069632e+02,sinkhorn_cellsim
1.622100e+02,58341,1.21250968384691e-04,5.87749938487269e-02,5.80587652894335e+02,sinkhorn_cellsim
1.622656e+02,58361,1.21169690593276e-04,5.87749958357068e-02,5.80587669718631e+02,sinkhorn_cellsim
1.623211e+02,58381,1.21088733689835e-04,5.87749978169538e-02,5.80587686542521e+02,sinkhorn_cellsim
1.623767e+02,58401,1.21008092137819e-04,5.87749997926765e-02,5.80587703366005e+02,sinkhorn_cellsim
1.624323e+02,58421,1.20927759317039e-04,5.87750017631530e-02,5.80587720189083e+02,sinkhorn_cellsim
1.624879e+02,58441,1.20847788423394e-04,5.87750037287544e-02,5.80587737011750e+02,sinkhorn_cellsim
1.625435e+02,58461,1.20768203195649e-04,5.87750056899808e-02,5.80587753834003e+02,sinkhorn_cellsim
1.625990e+02,58481,1.20689349488902e-04,5.87750076475100e-02,5.80587770655834e+02,sinkhorn_cellsim
1.626546e+02,58501,1.20611074158331e-04,5.87750096022648e-02,5.80587787477232e+02,sinkhorn_cellsim
1.627102e+02,58521,1.20533020172175e-04,5.87750115555050e-02,5.80587804298179e+02,sinkhorn_cellsim
1.627658e+02,58541,1.20455318588458e-04,5.87750135089517e-02,5.80587821118650e+02,sinkhorn_cellsim
1.628213e+02,58561,1.20378281748781e-04,5.87750154649645e-02,5.80587837938612e+02,sinkhorn_cellsim
1.628769e+02,58581,1.20301355632047e-04,5.87750174267806e-02,5.80587854758014e+02,sinkhorn_cellsim
1.629325e+02,58601,1.20224441205591e-04,5.87750193988416e-02,5.80587871576788e+02,sinkhorn_cellsim
1.629880e+02,58621,1.20147438030850e-04,5.87750213872513e-02,5.80587888394838e+02,sinkhorn_cellsim
1.630436e+02,58641,1.20070208599115e-04,5.87750234003922e-02,5.80587905212033e+02,sinkhorn_cellsim
1.630992e+02,58661,1.19992564415806e-04,5.87750254497871e-02,5.80587922028189e+02,sinkhorn_cellsim
1.631548e+02,58681,1.19914246922716e-04,5.87750275512681e-02,5.80587938843053e+02,sinkhorn_cellsim
1.632103e+02,58701,1.19834901317385e-04,5.87750297265929e-02,5.80587955656277e+02,sinkhorn_cellsim
1.632659e+02,58721,1.19754040678566e-04,5.87750320056477e-02,5.80587972467382e+02,sinkhorn_cellsim
1.633215e+02,58741,1.19670996883589e-04,5.87750344294679e-02,5.80587989275706e+02,sinkhorn_cellsim
1.633771e+02,58761,1.19584853661349e-04,5.87750370543636e-02,5.80588006080342e+02,sinkhorn_cellsim
1.634326e+02,58781,1.19494355498257e-04,5.87750399575184e-02,5.80588022880043e+02,sinkhorn_cellsim
1.634882e+02,58801,1.19397784276964e-04,5.87750432445869e-02,5.80588039673100e+02,sinkhorn_cellsim
1.635438e+02,58821,1.19292793228718e-04,5.87750470599197e-02,5.80588056457170e+02,sinkhorn_cellsim
1.635994e+02,58841,1.19176185476968e-04,5.87750516001986e-02,5.80588073229055e+02,sinkhorn_cellsim
1.636550e+02,58861,1.19043622200147e-04,5.87750571324154e-02,5.80588089984394e+02,sinkhorn_cellsim
1.637105e+02,58881,1.18889245114328e-04,5.87750640171445e-02,5.80588106717271e+02,sinkhorn_cellsim
1.637661e+02,58901,1.18705200884269e-04,5.87750727378840e-02,5.80588123419693e+02,sinkhorn_cellsim
1.638217e+02,58921,1.18481066167723e-04,5.87750839365745e-02,5.80588140080947e+02,sinkhorn_cellsim
1.638773e+02,58941,1.18203197433907e-04,5.87750984538607e-02,5.80588156686811e+02,sinkhorn_cellsim
1.639328e+02,58961,1.17854080447416e-04,5.87751173695607e-02,5.80588173218655e+02,sinkhorn_cellsim
1.639884e+02,58981,1.17429236451617e-04,5.87751420334275e-02,5.80588189652529e+02,sinkhorn_cellsim
1.640440e+02,59001,1.16989297827443e-04,5.87751740679116e-02,5.80588205958417e+02,sinkhorn_cellsim
1.640996e+02,59021,1.16494468687218e-04,5.87752153139241e-02,5.80588222100006e+02,sinkhorn_cellsim
1.641551e+02,59041,1.16038677941203e-04,5.87752676810501e-02,5.80588238035474e+02,sinkhorn_cellsim
1.642107e+02,59061,1.15519383884996e-04,5.87753328644908e-02,5.80588253719903e+02,sinkhorn_cellsim
1.642663e+02,59081,1.14916275440931e-04,5.87754119175626e-02,5.80588269109783e+02,sinkhorn_cellsim
1.643219e+02,59101,1.14261964385139e-04,5.87755047347466e-02,5.80588284169507e+02,sinkhorn_cellsim
1.643775e+02,59121,1.13562624251485e-04,5.87756095982366e-02,5.80588298878686e+02,sinkhorn_cellsim
1.644330e+02,59141,1.12827275388895e-04,5.87757230166985e-02,5.80588313237985e+02,sinkhorn_cellsim
1.644886e+02,59161,1.12035901852518e-04,5.87758400496464e-02,5.80588327270866e+02,sinkhorn_cellsim
1.645442e+02,59181,1.11199383365660e-04,5.87759551192016e-02,5.80588341019886e+02,sinkhorn_cellsim
1.645998e+02,59201,1.10426618484457e-04,5.87760630526899e-02,5.80588354538608e+02,sinkhorn_cellsim
1.646554e+02,59221,1.09658461638615e-04,5.87761599648631e-02,5.80588367882228e+02,sinkhorn_cellsim
1.647109e+02,59241,1.08880484299908e-04,5.87762436886820e-02,5.80588381100091e+02,sinkhorn_cellsim
1.647665e+02,59261,1.08100047500490e-04,5.87763137110597e-02,5.80588394231746e+02,sinkhorn_cellsim
1.648221e+02,59281,1.07384650920944e-04,5.87763707773240e-02,5.80588407306293e+02,sinkhorn_cellsim
1.648777e+02,59301,1.06730596194026e-04,5.87764163889477e-02,5.80588420343782e+02,sinkhorn_cellsim
1.649332e+02,59321,1.06141886220509e-04,5.87764523608286e-02,5.80588433357370e+02,sinkhorn_cellsim
1.649888e+02,59341,1.05589467888489e-04,5.87764805105104e-02,5.80588446355407e+02,sinkhorn_cellsim
1.650444e+02,59361,1.05051208883865e-04,5.87765024807585e-02,5.80588459343091e+02,sinkhorn_cellsim
1.651000e+02,59381,1.04526649720690e-04,5.87765196637817e-02,5.80588472323637e+02,sinkhorn_cellsim
1.651555e+02,59401,1.04019794871422e-04,5.87765331896798e-02,5.80588485299048e+02,sinkhorn_cellsim
1.652111e+02,59421,1.03535428952916e-04,5.87765439488650e-02,5.80588498270593e+02,sinkhorn_cellsim
1.652667e+02,59441,1.03070589342081e-04,5.87765526284009e-02,5.80588511239104e+02,sinkhorn_cellsim
1.653223e+02,59461,1.02627188351893e-04,5.87765597506917e-02,5.80588524205143e+02,sinkhorn_cellsim
1.653778e+02,59481,1.02203498468206e-04,5.87765657088553e-02,5.80588537169109e+02,sinkhorn_cellsim
1.654334e+02,59501,1.01796836811838e-04,5.87765707966064e-02,5.80588550131296e+02,sinkhorn_cellsim
1.654890e+02,59521,1.01404698659173e-04,5.87765752323394e-02,5.80588563091929e+02,sinkhorn_cellsim
1.655446e+02,59541,1.01024427819249e-04,5.87765791779473e-02,5.80588576051186e+02,sinkhorn_cellsim
1.656001e+02,59561,1.00659370446496e-04,5.87765827532450e-02,5.80588589009209e+02,sinkhorn_cellsim
1.656557e+02,59581,1.00309313875586e-04,5.87765860468631e-02,5.80588601966119e+02,sinkhorn_cellsim
1.657113e+02,59601,9.99822728453851e-05,5.87765891243993e-02,5.80588614922013e+02,sinkhorn_cellsim
1.657669e+02,59621,9.96711358917721e-05,5.87765920344774e-02,5.80588627876975e+02,sinkhorn_cellsim
1.658225e+02,59641,9.93766778180020e-05,5.87765948132198e-02,5.80588640831076e+02,sinkhorn_cellsim
1.658780e+02,59661,9.90919916187476e-05,5.87765974875591e-02,5.80588653784379e+02,sinkhorn_cellsim
1.659336e+02,59681,9.88148793834589e-05,5.87766000776538e-02,5.80588666736935e+02,sinkhorn_cellsim
1.659892e+02,59701,9.85458019914396e-05,5.87766025986808e-02,5.80588679688792e+02,sinkhorn_cellsim
1.660448e+02,59721,9.82850944832440e-05,5.87766050621338e-02,5.80588692639987e+02,sinkhorn_cellsim
1.661003e+02,59741,9.80323230563824e-05,5.87766074767885e-02,5.80588705590558e+02,sinkhorn_cellsim
1.661559e+02,59761,9.77873672470563e-05,5.87766098493972e-02,5.80588718540535e+02,sinkhorn_cellsim
1.662115e+02,59781,9.75491460845714e-05,5.87766121852115e-02,5.80588731489943e+02,sinkhorn_cellsim
1.662671e+02,59801,9.73178616817233e-05,5.87766144883536e-02,5.80588744438809e+02,sinkhorn_cellsim
1.663227e+02,59821,9.70953929395871e-05,5.87766167621019e-02,5.80588757387154e+02,sinkhorn_cellsim
1.663782e+02,59841,9.68816901060904e-05,5.87766190090898e-02,5.80588770334995e+02,sinkhorn_cellsim
1.664338e+02,59861,9.66733213071521e-05,5.87766212314600e-02,5.80588783282351e+02,sinkhorn_cellsim
1.664894e+02,59881,9.64699243829749e-05,5.87766234309770e-02,5.80588796229238e+02,sinkhorn_cellsim
1.665450e+02,59901,9.62715965341223e-05,5.87766256091094e-02,5.80588809175668e+02,sinkhorn_cellsim
1.666005e+02,59921,9.60795843171852e-05,5.87766277670950e-02,5.80588822121655e+02,sinkhorn_cellsim
1.666561e+02,59941,9.58934845939225e-05,5.87766299059873e-02,5.80588835067211e+02,sinkhorn_cellsim
1.667117e+02,59961,9.57124508492091e-05,5.87766320266910e-02,5.80588848012345e+02,sinkhorn_cellsim
1.667673e+02,59981,9.55351387783531e-05,5.87766341299902e-02,5.80588860957068e+02,sinkhorn_cellsim
1.668229e+02,60001,9.53613832179084e-05,5.87766362165692e-02,5.80588873901389e+02,sinkhorn_cellsim
1.668784e+02,60021,9.51910287844938e-05,5.87766382870336e-02,5.80588886845315e+02,sinkhorn_cellsim
1.669340e+02,60041,9.50239292732078e-05,5.87766403419159e-02,5.80588899788855e+02,sinkhorn_cellsim
1.669896e+02,60061,9.48601252830981e-05,5.87766423816933e-02,5.80588912732015e+02,sinkhorn_cellsim
1.670451e+02,60081,9.47001939799675e-05,5.87766444067922e-02,5.80588925674803e+02,sinkhorn_cellsim
1.671007e+02,60101,9.45430808548660e-05,5.87766464175978e-02,5.80588938617224e+02,sinkhorn_cellsim
1.671563e+02,60121,9.43886733022312e-05,5.87766484144603e-02,5.80588951559285e+02,sinkhorn_cellsim
1.672119e+02,60141,9.42368650500312e-05,5.87766503976961e-02,5.80588964500990e+02,sinkhorn_cellsim
1.672674e+02,60161,9.40875557542061e-05,5.87766523675974e-02,5.80588977442346e+02,sinkhorn_cellsim
1.673230e+02,60181,9.39406505987481e-05,5.87766543244305e-02,5.80588990383357e+02,sinkhorn_cellsim
1.673786e+02,60201,9.37960599132890e-05,5.87766562684437e-02,5.80589003324028e+02,sinkhorn_cellsim
1.674342e+02,60221,9.36545368622507e-05,5.87766581998675e-02,5.80589016264363e+02,sinkhorn_cellsim
1.674898e+02,60241,9.35181017832707e-05,5.87766601189150e-02,5.80589029204366e+02,sinkhorn_cellsim
1.675453e+02,60261,9.33835848309968e-05,5.87766620257896e-02,5.80589042144043e+02,sinkhorn_cellsim
1.676009e+02,60281,9.32514527890832e-05,5.87766639206806e-02,5.80589055083395e+02,sinkhorn_cellsim
1.676565e+02,60301,9.31215436247699e-05,5.87766658037666e-02,5.80589068022429e+02,sinkhorn_cellsim
1.677121e+02,60321,9.29933343434689e-05,5.87766676752208e-02,5.80589080961146e+02,sinkhorn_cellsim
1.677676e+02,60341,9.28669189245035e-05,5.87766695352050e-02,5.80589093899551e+02,sinkhorn_cellsim
1.678232e+02,60361,9.27430850377161e-05,5.87766713838787e-02,5.80589106837647e+02,sinkhorn_cellsim
1.678788e+02,60381,9.26207564695918e-05,5.87766732213913e-02,5.80589119775437e+02,sinkhorn_cellsim
1.679344e+02,60401,9.24998911106175e-05,5.87766750478904e-02,5.80589132712925e+02,sinkhorn_cellsim
1.679899e+02,60421,9.23804486734999e-05,5.87766768635178e-02,5.80589145650113e+02,sinkhorn_cellsim
1.680455e+02,60441,9.22623905927197e-05,5.87766786684144e-02,5.80589158587004e+02,sinkhorn_cellsim
1.681011e+02,60461,9.21456799304047e-05,5.87766804627151e-02,5.80589171523602e+02,sinkhorn_cellsim
1.681567e+02,60481,9.20302812811231e-05,5.87766822465520e-02,5.80589184459908e+02,sinkhorn_cellsim
1.682122e+02,60501,9.19161606908991e-05,5.87766840200584e-02,5.80589197395926e+02,sinkhorn_cellsim
1.682678e+02,60521,9.18041373670192e-05,5.87766857833648e-02,5.80589210331659e+02,sinkhorn_cellsim
1.683234e+02,60541,9.16935662901054e-05,5.87766875366019e-02,5.80589223267108e+02,sinkhorn_cellsim
1.683790e+02,60561,9.15841698286457e-05,5.87766892798991e-02,5.80589236202277e+02,sinkhorn_cellsim
1.684345e+02,60581,9.14759188300251e-05,5.87766910133871e-02,5.80589249137167e+02,sinkhorn_cellsim
1.684901e+02,60601,9.13689353436350e-05,5.87766927372011e-02,5.80589262071781e+02,sinkhorn_cellsim
1.685457e+02,60621,9.12645314511615e-05,5.87766944514784e-02,5.80589275006120e+02,sinkhorn_cellsim
1.686013e+02,60641,9.11615237474380e-05,5.87766961563623e-02,5.80589287940186e+02,sinkhorn_cellsim
1.686569e+02,60661,9.10599600740589e-05,5.87766978520085e-02,5.80589300873981e+02,sinkhorn_cellsim
1.687125e+02,60681,9.09599615163818e-05,5.87766995385799e-02,5.80589313807506e+02,sinkhorn_cellsim
1.687681e+02,60701,9.08616928626256e-05,5.87767012162631e-02,5.80589326740762e+02,sinkhorn_cellsim
1.688237e+02,60721,9.07648711157696e-05,5.87767028852670e-02,5.80589339673748e+02,sinkhorn_cellsim
1.688792e+02,60741,9.06689402802153e-05,5.87767045458383e-02,5.80589352606464e+02,sinkhorn_cellsim
1.689348e+02,60761,9.05738804357741e-05,5.87767061982714e-02,5.80589365538908e+02,sinkhorn_cellsim
1.689904e+02,60781,9.04797877303442e-05,5.87767078429312e-02,5.80589378471076e+02,sinkhorn_cellsim
1.690460e+02,60801,9.03865502647662e-05,5.87767094802767e-02,5.80589391402962e+02,sinkhorn_cellsim
1.691016e+02,60821,9.02946378394506e-05,5.87767111108959e-02,5.80589404334559e+02,sinkhorn_cellsim
1.691571e+02,60841,9.02046181477846e-05,5.87767127355570e-02,5.80589417265854e+02,sinkhorn_cellsim
1.692127e+02,60861,9.01163421894308e-05,5.87767143552761e-02,5.80589430196829e+02,sinkhorn_cellsim
1.692683e+02,60881,9.00305946253482e-05,5.87767159714062e-02,5.80589443127458e+02,sinkhorn_cellsim
1.693239e+02,60901,8.99481666985823e-05,5.87767175857698e-02,5.80589456057707e+02,sinkhorn_cellsim
1.693795e+02,60921,8.98680229802937e-05,5.87767192008288e-02,5.80589468987526e+02,sinkhorn_cellsim
1.694350e+02,60941,8.97919948962651e-05,5.87767208199251e-02,5.80589481916846e+02,sinkhorn_cellsim
1.694906e+02,60961,8.97167398590367e-05,5.87767224476135e-02,5.80589494845574e+02,sinkhorn_cellsim
1.695462e+02,60981,8.96419697517015e-05,5.87767240901076e-02,5.80589507773578e+02,sinkhorn_cellsim
1.696018e+02,61001,8.95676784645011e-05,5.87767257559021e-02,5.80589520700678e+02,sinkhorn_cellsim
1.696574e+02,61021,8.94938599428095e-05,5.87767274566205e-02,5.80589533626626e+02,sinkhorn_cellsim
1.697130e+02,61041,8.94213425975120e-05,5.87767292081762e-02,5.80589546551081e+02,sinkhorn_cellsim
1.697685e+02,61061,8.93502117613129e-05,5.87767310323583e-02,5.80589559473575e+02,sinkhorn_cellsim
1.698241e+02,61081,8.92811867667885e-05,5.87767329590060e-02,5.80589572393462e+02,sinkhorn_cellsim
1.698797e+02,61101,8.92132306916552e-05,5.87767350289518e-02,5.80589585309862e+02,sinkhorn_cellsim
1.699353e+02,61121,8.91462620812206e-05,5.87767372980340e-02,5.80589598221564e+02,sinkhorn_cellsim
1.699909e+02,61141,8.90815598096066e-05,5.87767398425043e-02,5.80589611126911e+02,sinkhorn_cellsim
1.700465e+02,61161,8.90211561501275e-05,5.87767427662891e-02,5.80589624023641e+02,sinkhorn_cellsim
1.701020e+02,61181,8.89611772787040e-05,5.87767462106440e-02,5.80589636908668e+02,sinkhorn_cellsim
1.701576e+02,61201,8.89014694187613e-05,5.87767503668181e-02,5.80589649777794e+02,sinkhorn_cellsim
1.702132e+02,61221,8.88420297490863e-05,5.87767554923614e-02,5.80589662625337e+02,sinkhorn_cellsim
1.702688e+02,61241,8.87828550673653e-05,5.87767619315252e-02,5.80589675443638e+02,sinkhorn_cellsim
1.703244e+02,61261,8.87239416818954e-05,5.87767701397133e-02,5.80589688222459e+02,sinkhorn_cellsim
1.703799e+02,61281,8.86652852145810e-05,5.87767807107284e-02,5.80589700948243e+02,sinkhorn_cellsim
1.704355e+02,61301,8.86071735802494e-05,5.87767944033605e-02,5.80589713603288e+02,sinkhorn_cellsim
1.704911e+02,61321,8.85521530817295e-05,5.87768121599311e-02,5.80589726164912e+02,sinkhorn_cellsim
1.705467e+02,61341,8.84990659129886e-05,5.87768351036716e-02,5.80589738604804e+02,sinkhorn_cellsim
1.706023e+02,61361,8.84484428803922e-05,5.87768644946002e-02,5.80589750888865e+02,sinkhorn_cellsim
1.706579e+02,61381,8.84000423487020e-05,5.87769016179423e-02,5.80589762978042e+02,sinkhorn_cellsim
1.707134e+02,61401,8.83526826520093e-05,5.87769475816111e-02,5.80589774830662e+02,sinkhorn_cellsim
1.707690e+02,61421,8.83062142565317e-05,5.87770030202867e-02,5.80589786406710e+02,sinkhorn_cellsim
1.708246e+02,61441,8.82600419461466e-05,5.87770677511847e-02,5.80589797673861e+02,sinkhorn_cellsim
1.708802e+02,61461,8.82146389097305e-05,5.87771404916841e-02,5.80589808614154e+02,sinkhorn_cellsim
1.709358e+02,61481,8.81693544565395e-05,5.87772187917297e-02,5.80589819229160e+02,sinkhorn_cellsim
1.709914e+02,61501,8.81246620468051e-05,5.87772992959192e-02,5.80589829541303e+02,sinkhorn_cellsim
1.710470e+02,61521,8.80798381871568e-05,5.87773783120975e-02,5.80589839590201e+02,sinkhorn_cellsim
1.711025e+02,61541,8.80348256608680e-05,5.87774524975893e-02,5.80589849425125e+02,sinkhorn_cellsim
1.711581e+02,61561,8.79895606850954e-05,5.87775194064314e-02,5.80589859096434e+02,sinkhorn_cellsim
1.712137e+02,61581,8.79439731820684e-05,5.87775777269948e-02,5.80589868648856e+02,sinkhorn_cellsim
1.712693e+02,61601,8.78979874856080e-05,5.87776272049669e-02,5.80589878118025e+02,sinkhorn_cellsim
1.713249e+02,61621,8.78515237498237e-05,5.87776683701848e-02,5.80589887530017e+02,sinkhorn_cellsim
1.713805e+02,61641,8.78044997737911e-05,5.87777022114000e-02,5.80589896902707e+02,sinkhorn_cellsim
1.714360e+02,61661,8.77568331865217e-05,5.87777298984960e-02,5.80589906247784e+02,sinkhorn_cellsim
1.714916e+02,61681,8.77084436901352e-05,5.87777525914933e-02,5.80589915572666e+02,sinkhorn_cellsim
1.715472e+02,61701,8.76592551113076e-05,5.87777713334044e-02,5.80589924882000e+02,sinkhorn_cellsim
1.716028e+02,61721,8.76095084087801e-05,5.87777870055970e-02,5.80589934178712e+02,sinkhorn_cellsim
1.716584e+02,61741,8.75597049657968e-05,5.87778003222028e-02,5.80589943464694e+02,sinkhorn_cellsim
1.717140e+02,61761,8.75091883189434e-05,5.87778118450357e-02,5.80589952741221e+02,sinkhorn_cellsim
1.717695e+02,61781,8.74597990513062e-05,5.87778220068313e-02,5.80589962009203e+02,sinkhorn_cellsim
1.718251e+02,61801,8.74097923613068e-05,5.87778311358200e-02,5.80589971269331e+02,sinkhorn_cellsim
1.718807e+02,61821,8.73587733212740e-05,5.87778394781793e-02,5.80589980522162e+02,sinkhorn_cellsim
1.719363e+02,61841,8.73067131709672e-05,5.87778472170402e-02,5.80589989768167e+02,sinkhorn_cellsim
1.719919e+02,61861,8.72535903491778e-05,5.87778544878234e-02,5.80589999007755e+02,sinkhorn_cellsim
1.720475e+02,61881,8.71993901519557e-05,5.87778613902661e-02,5.80590008241295e+02,sinkhorn_cellsim
1.721030e+02,61901,8.71441042607465e-05,5.87778679976431e-02,5.80590017469122e+02,sinkhorn_cellsim
1.721586e+02,61921,8.70877302381081e-05,5.87778743637368e-02,5.80590026691543e+02,sinkhorn_cellsim
1.722142e+02,61941,8.70302709806639e-05,5.87778805280496e-02,5.80590035908844e+02,sinkhorn_cellsim
1.722698e+02,61961,8.69717341770592e-05,5.87778865196626e-02,5.80590045121290e+02,sinkhorn_cellsim
1.723254e+02,61981,8.69121317107857e-05,5.87778923600872e-02,5.80590054329127e+02,sinkhorn_cellsim
1.723810e+02,62001,8.68514791808464e-05,5.87778980653501e-02,5.80590063532587e+02,sinkhorn_cellsim
1.724366e+02,62021,8.67897953535220e-05,5.87779036475138e-02,5.80590072731885e+02,sinkhorn_cellsim
1.724921e+02,62041,8.67271017341824e-05,5.87779091157855e-02,5.80590081927224e+02,sinkhorn_cellsim
1.725477e+02,62061,8.66634220977554e-05,5.87779144773199e-02,5.80590091118792e+02,sinkhorn_cellsim
1.726033e+02,62081,8.65987821162945e-05,5.87779197377981e-02,5.80590100306770e+02,sinkhorn_cellsim
1.726589e+02,62101,8.65332090194225e-05,5.87779249018419e-02,5.80590109491322e+02,sinkhorn_cellsim
1.727145e+02,62121,8.64667312534233e-05,5.87779299733152e-02,5.80590118672608e+02,sinkhorn_cellsim
1.727701e+02,62141,8.63993782085853e-05,5.87779349555383e-02,5.80590127850775e+02,sinkhorn_cellsim
1.728256e+02,62161,8.63311799714423e-05,5.87779398514396e-02,5.80590137025962e+02,sinkhorn_cellsim
1.728812e+02,62181,8.62621671185300e-05,5.87779446636615e-02,5.80590146198301e+02,sinkhorn_cellsim
1.729368e+02,62201,8.61923704975167e-05,5.87779493946379e-02,5.80590155367914e+02,sinkhorn_cellsim
1.729924e+02,62221,8.61218211021379e-05,5.87779540466481e-02,5.80590164534920e+02,sinkhorn_cellsim
1.730480e+02,62241,8.60505498873501e-05,5.87779586218515e-02,5.80590173699427e+02,sinkhorn_cellsim
1.731036e+02,62261,8.59785876751313e-05,5.87779631223169e-02,5.80590182861539e+02,sinkhorn_cellsim
1.731694e+02,62281,8.59059650425154e-05,5.87779675500338e-02,5.80590192021354e+02,sinkhorn_cellsim
1.732251e+02,62301,8.58327122181102e-05,5.87779719069327e-02,5.80590201178966e+02,sinkhorn_cellsim
1.732807e+02,62321,8.57591285347433e-05,5.87779761948855e-02,5.80590210334462e+02,sinkhorn_cellsim
1.733362e+02,62341,8.56875489330979e-05,5.87779804157136e-02,5.80590219487923e+02,sinkhorn_cellsim
1.733918e+02,62361,8.56154125434444e-05,5.87779845711938e-02,5.80590228639430e+02,sinkhorn_cellsim
1.734474e+02,62381,8.55427442067292e-05,5.87779886630540e-02,5.80590237789056e+02,sinkhorn_cellsim
1.735030e+02,62401,8.54695684054947e-05,5.87779926929834e-02,5.80590246936871e+02,sinkhorn_cellsim
1.735585e+02,62421,8.53959092288550e-05,5.87779966626264e-02,5.80590256082942e+02,sinkhorn_cellsim
1.736141e+02,62441,8.53226931789165e-05,5.87780005735846e-02,5.80590265227331e+02,sinkhorn_cellsim
1.736697e+02,62461,8.52524523738397e-05,5.87780044274194e-02,5.80590274370099e+02,sinkhorn_cellsim
1.737253e+02,62481,8.51817542976126e-05,5.87780082256529e-02,5.80590283511303e+02,sinkhorn_cellsim
1.737808e+02,62501,8.51106176698513e-05,5.87780119697646e-02,5.80590292650997e+02,sinkhorn_cellsim
1.738364e+02,62521,8.50390610077569e-05,5.87780156611948e-02,5.80590301789230e+02,sinkhorn_cellsim
1.738920e+02,62541,8.49671026282345e-05,5.87780193013430e-02,5.80590310926053e+02,sinkhorn_cellsim
1.739475e+02,62561,8.48947605884755e-05,5.87780228915731e-02,5.80590320061512e+02,sinkhorn_cellsim
1.740031e+02,62581,8.48220527013265e-05,5.87780264332055e-02,5.80590329195649e+02,sinkhorn_cellsim
1.740587e+02,62601,8.47489964817575e-05,5.87780299275279e-02,5.80590338328508e+02,sinkhorn_cellsim
1.741142e+02,62621,8.46756091581696e-05,5.87780333757888e-02,5.80590347460127e+02,sinkhorn_cellsim
1.741698e+02,62641,8.46019076544133e-05,5.87780367791988e-02,5.80590356590545e+02,sinkhorn_cellsim
1.742254e+02,62661,8.45279085806722e-05,5.87780401389350e-02,5.80590365719797e+02,sinkhorn_cellsim
1.742809e+02,62681,8.44536281994578e-05,5.87780434561387e-02,5.80590374847919e+02,sinkhorn_cellsim
1.743365e+02,62701,8.43790824513625e-05,5.87780467319176e-02,5.80590383974942e+02,sinkhorn_cellsim
1.743921e+02,62721,8.43042869405228e-05,5.87780499673456e-02,5.80590393100897e+02,sinkhorn_cellsim
1.744476e+02,62741,8.42292569160617e-05,5.87780531634656e-02,5.80590402225815e+02,sinkhorn_cellsim
1.745032e+02,62761,8.41540072731314e-05,5.87780563212876e-02,5.80590411349724e+02,sinkhorn_cellsim
1.745588e+02,62781,8.40785525789982e-05,5.87780594417900e-02,5.80590420472651e+02,sinkhorn_cellsim
1.746143e+02,62801,8.40029070200791e-05,5.87780625259249e-02,5.80590429594622e+02,sinkhorn_cellsim
1.746699e+02,62821,8.39270844581913e-05,5.87780655746118e-02,5.80590438715662e+02,sinkhorn_cellsim
1.747255e+02,62841,8.38510983799308e-05,5.87780685887442e-02,5.80590447835793e+02,sinkhorn_cellsim
1.747810e+02,62861,8.37749619432257e-05,5.87780715691869e-02,5.80590456955039e+02,sinkhorn_cellsim
1.748366e+02,62881,8.36986879440883e-05,5.87780745167794e-02,5.80590466073422e+02,sinkhorn_cellsim
1.748922e+02,62901,8.36222888398384e-05,5.87780774323345e-02,5.80590475190961e+02,sinkhorn_cellsim
1.749477e+02,62921,8.35457767467084e-05,5.87780803166406e-02,5.80590484307677e+02,sinkhorn_cellsim
1.750033e+02,62941,8.34691634462949e-05,5.87780831704609e-02,5.80590493423589e+02,sinkhorn_cellsim
1.750589e+02,62961,8.33924603783495e-05,5.87780859945364e-02,5.80590502538715e+02,sinkhorn_cellsim
1.751144e+02,62981,8.33156786644371e-05,5.87780887895854e-02,5.80590511653072e+02,sinkhorn_cellsim
1.751700e+02,63001,8.32388290913618e-05,5.87780915563037e-02,5.80590520766677e+02,sinkhorn_cellsim
1.752256e+02,63021,8.31619221424670e-05,5.87780942953647e-02,5.80590529879546e+02,sinkhorn_cellsim
1.752812e+02,63041,8.30849679700684e-05,5.87780970074237e-02,5.80590538991695e+02,sinkhorn_cellsim
1.753367e+02,63061,8.30079764334770e-05,5.87780996931142e-02,5.80590548103137e+02,sinkhorn_cellsim
1.753923e+02,63081,8.29309570817229e-05,5.87781023530508e-02,5.80590557213888e+02,sinkhorn_cellsim
1.754479e+02,63101,8.28539191698610e-05,5.87781049878296e-02,5.80590566323960e+02,sinkhorn_cellsim
1.755034e+02,63121,8.27768716620557e-05,5.87781075980284e-02,5.80590575433368e+02,sinkhorn_cellsim
1.755590e+02,63141,8.26998232352507e-05,5.87781101842074e-02,5.80590584542122e+02,sinkhorn_cellsim
1.756146e+02,63161,8.26227822934714e-05,5.87781127469115e-02,5.80590593650237e+02,sinkhorn_cellsim
1.756701e+02,63181,8.25457569765710e-05,5.87781152866658e-02,5.80590602757723e+02,sinkhorn_cellsim
1.757257e+02,63201,8.24687551431009e-05,5.87781178039818e-02,5.80590611864591e+02,sinkhorn_cellsim
1.757813e+02,63221,8.23917843808353e-05,5.87781202993581e-02,5.80590620970853e+02,sinkhorn_cellsim
1.758369e+02,63241,8.23148520576024e-05,5.87781227732734e-02,5.80590630076518e+02,sinkhorn_cellsim
1.758924e+02,63261,8.22379652787126e-05,5.87781252261943e-02,5.80590639181597e+02,sinkhorn_cellsim
1.759480e+02,63281,8.21611308937773e-05,5.87781276585746e-02,5.80590648286100e+02,sinkhorn_cellsim
1.760036e+02,63301,8.20843555342065e-05,5.87781300708553e-02,5.80590657390036e+02,sinkhorn_cellsim
1.760591e+02,63321,8.20076455875360e-05,5.87781324634615e-02,5.80590666493414e+02,sinkhorn_cellsim
1.761147e+02,63341,8.19310072353464e-05,5.87781348368071e-02,5.80590675596242e+02,sinkhorn_cellsim
1.761703e+02,63361,8.18544464246148e-05,5.87781371912953e-02,5.80590684698529e+02,sinkhorn_cellsim
1.762258e+02,63381,8.17779689005462e-05,5.87781395273152e-02,5.80590693800284e+02,sinkhorn_cellsim
1.762814e+02,63401,8.17015801925225e-05,5.87781418452473e-02,5.80590702901514e+02,sinkhorn_cellsim
1.763370e+02,63421,8.16252856341549e-05,5.87781441454580e-02,5.80590712002226e+02,sinkhorn_cellsim
1.763926e+02,63441,8.15490903674140e-05,5.87781464283048e-02,5.80590721102429e+02,sinkhorn_cellsim
1.764481e+02,63461,8.14729993381744e-05,5.87781486941366e-02,5.80590730202129e+02,sinkhorn_cellsim
1.765037e+02,63481,8.13970173053795e-05,5.87781509432882e-02,5.80590739301334e+02,sinkhorn_cellsim
1.765593e+02,63501,8.13211488594627e-05,5.87781531760888e-02,5.80590748400050e+02,sinkhorn_cellsim
1.766148e+02,63521,8.12453983945146e-05,5.87781553928573e-02,5.80590757498283e+02,sinkhorn_cellsim
1.766704e+02,63541,8.11697701566128e-05,5.87781575939017e-02,5.80590766596040e+02,sinkhorn_cellsim
1.767260e+02,63561,8.10942682166284e-05,5.87781597795231e-02,5.80590775693328e+02,sinkhorn_cellsim
1.767816e+02,63581,8.10188964958424e-05,5.87781619500135e-02,5.80590784790151e+02,sinkhorn_cellsim
1.768371e+02,63601,8.09436587389272e-05,5.87781641056567e-02,5.80590793886517e+02,sinkhorn_cellsim
1.768927e+02,63621,8.08685585575603e-05,5.87781662467299e-02,5.80590802982430e+02,sinkhorn_cellsim
1.769483e+02,63641,8.07935994091917e-05,5.87781683735017e-02,5.80590812077896e+02,sinkhorn_cellsim
1.770039e+02,63661,8.07187846155338e-05,5.87781704862327e-02,5.80590821172920e+02,sinkhorn_cellsim
1.770594e+02,63681,8.06441173579551e-05,5.87781725851769e-02,5.80590830267508e+02,sinkhorn_cellsim
1.771150e+02,63701,8.05696006792307e-05,5.87781746705805e-02,5.80590839361665e+02,sinkhorn_cellsim
1.771706e+02,63721,8.04952374891655e-05,5.87781767426871e-02,5.80590848455395e+02,sinkhorn_cellsim
1.772261e+02,63741,8.04210305853612e-05,5.87781788017283e-02,5.80590857548704e+02,sinkhorn_cellsim
1.772817e+02,63761,8.03469826371208e-05,5.87781808479313e-02,5.80590866641596e+02,sinkhorn_cellsim
1.773373e+02,63781,8.02730961940292e-05,5.87781828815185e-02,5.80590875734076e+02,sinkhorn_cellsim
1.773928e+02,63801,8.01993736885988e-05,5.87781849027065e-02,5.80590884826147e+02,sinkhorn_cellsim
1.774484e+02,63821,8.01258174548895e-05,5.87781869117033e-02,5.80590893917816e+02,sinkhorn_cellsim
1.775040e+02,63841,8.00524296987646e-05,5.87781889087161e-02,5.80590903009085e+02,sinkhorn_cellsim
1.775596e+02,63861,7.99792125348480e-05,5.87781908939408e-02,5.80590912099959e+02,sinkhorn_cellsim
1.776151e+02,63881,7.99061679872184e-05,5.87781928675733e-02,5.80590921190442e+02,sinkhorn_cellsim
1.776707e+02,63901,7.98332979605454e-05,5.87781948298028e-02,5.80590930280538e+02,sinkhorn_cellsim
1.777263e+02,63921,7.97606042714314e-05,5.87781967808118e-02,5.80590939370251e+02,sinkhorn_cellsim
1.777818e+02,63941,7.96880886566554e-05,5.87781987207803e-02,5.80590948459585e+02,sinkhorn_cellsim
1.778374e+02,63961,7.96157527532622e-05,5.87782006498829e-02,5.80590957548543e+02,sinkhorn_cellsim
1.778930e+02,63981,7.95435981129840e-05,5.87782025682906e-02,5.80590966637129e+02,sinkhorn_cellsim
1.779486e+02,64001,7.94716262004910e-05,5.87782044761692e-02,5.80590975725347e+02,sinkhorn_cellsim
1.780041e+02,64021,7.93998384247226e-05,5.87782063736791e-02,5.80590984813200e+02,sinkhorn_cellsim
1.780597e+02,64041,7.93282360847859e-05,5.87782082609793e-02,5.80590993900691e+02,sinkhorn_cellsim
1.781153e+02,64061,7.92568204090394e-05,5.87782101382240e-02,5.80591002987825e+02,sinkhorn_cellsim
1.781709e+02,64081,7.91855925814167e-05,5.87782120055617e-02,5.80591012074603e+02,sinkhorn_cellsim
1.782265e+02,64101,7.91145536856538e-05,5.87782138631394e-02,5.80591021161030e+02,sinkhorn_cellsim
1.782820e+02,64121,7.90437047522137e-05,5.87782157110994e-02,5.80591030247109e+02,sinkhorn_cellsim
1.783376e+02,64141,7.89730467355123e-05,5.87782175495816e-02,5.80591039332842e+02,sinkhorn_cellsim
1.783932e+02,64161,7.89025805331926e-05,5.87782193787219e-02,5.80591048418234e+02,sinkhorn_cellsim
1.784488e+02,64181,7.88323069840614e-05,5.87782211986527e-02,5.80591057503286e+02,sinkhorn_cellsim
1.785043e+02,64201,7.87622268616472e-05,5.87782230095024e-02,5.80591066588002e+02,sinkhorn_cellsim
1.785599e+02,64221,7.86923408810956e-05,5.87782248113991e-02,5.80591075672384e+02,sinkhorn_cellsim
1.786155e+02,64241,7.86226497124458e-05,5.87782266044647e-02,5.80591084756436e+02,sinkhorn_cellsim
1.786711e+02,64261,7.85531539553909e-05,5.87782283888205e-02,5.80591093840161e+02,sinkhorn_cellsim
1.787267e+02,64281,7.84838541721902e-05,5.87782301645838e-02,5.80591102923560e+02,sinkhorn_cellsim
1.787822e+02,64301,7.84147508709204e-05,5.87782319318686e-02,5.80591112006637e+02,sinkhorn_cellsim
1.788378e+02,64321,7.83458445097591e-05,5.87782336907889e-02,5.80591121089395e+02,sinkhorn_cellsim
1.788934e+02,64341,7.82771354988066e-05,5.87782354414532e-02,5.80591130171836e+02,sinkhorn_cellsim
1.789490e+02,64361,7.82086242011693e-05,5.87782371839693e-02,5.80591139253962e+02,sinkhorn_cellsim
1.790045e+02,64381,7.81403109497562e-05,5.87782389184414e-02,5.80591148335777e+02,sinkhorn_cellsim
1.790601e+02,64401,7.80721960209370e-05,5.87782406449732e-02,5.80591157417282e+02,sinkhorn_cellsim
1.791157e+02,64421,7.80042796542096e-05,5.87782423636650e-02,5.80591166498480e+02,sinkhorn_cellsim
1.791712e+02,64441,7.79365620537887e-05,5.87782440746144e-02,5.80591175579375e+02,sinkhorn_cellsim
1.792268e+02,64461,7.78690433791889e-05,5.87782457779199e-02,5.80591184659967e+02,sinkhorn_cellsim
1.792824e+02,64481,7.78017237676049e-05,5.87782474736744e-02,5.80591193740259e+02,sinkhorn_cellsim
1.793380e+02,64501,7.77346033075115e-05,5.87782491619739e-02,5.80591202820254e+02,sinkhorn_cellsim
1.793935e+02,64521,7.76676820520091e-05,5.87782508429091e-02,5.80591211899954e+02,sinkhorn_cellsim
1.794491e+02,64541,7.76009600365697e-05,5.87782525165720e-02,5.80591220979361e+02,sinkhorn_cellsim
1.795047e+02,64561,7.75344372441428e-05,5.87782541830557e-02,5.80591230058477e+02,sinkhorn_cellsim
1.795603e+02,64581,7.74681136494956e-05,5.87782558424520e-02,5.80591239137305e+02,sinkhorn_cellsim
1.796159e+02,64601,7.74019891787812e-05,5.87782574948527e-02,5.80591248215846e+02,sinkhorn_cellsim
1.796714e+02,64621,7.73360637473798e-05,5.87782591403555e-02,5.80591257294102e+02,sinkhorn_cellsim
1.797270e+02,64641,7.72703372233885e-05,5.87782607790613e-02,5.80591266372075e+02,sinkhorn_cellsim
1.797826e+02,64661,7.72048094666157e-05,5.87782624110770e-02,5.80591275449767e+02,sinkhorn_cellsim
1.798382e+02,64681,7.71394802938345e-05,5.87782640365200e-02,5.80591284527179e+02,sinkhorn_cellsim
1.798937e+02,64701,7.70743495130712e-05,5.87782656555207e-02,5.80591293604312e+02,sinkhorn_cellsim
1.799493e+02,64721,7.70094168912675e-05,5.87782672682317e-02,5.80591302681167e+02,sinkhorn_cellsim
1.800049e+02,64741,7.69446821715949e-05,5.87782688748332e-02,5.80591311757744e+02,sinkhorn_cellsim
1.800605e+02,64761,7.68801450887145e-05,5.87782704755438e-02,5.80591320834044e+02,sinkhorn_cellsim
1.801161e+02,64781,7.68158053297554e-05,5.87782720706386e-02,5.80591329910065e+02,sinkhorn_cellsim
1.801716e+02,64801,7.67516625621877e-05,5.87782736604672e-02,5.80591338985804e+02,sinkhorn_cellsim
1.802272e+02,64821,7.66877164260119e-05,5.87782752454841e-02,5.80591348061258e+02,sinkhorn_cellsim
1.802828e+02,64841,7.66239665247948e-05,5.87782768262888e-02,5.80591357136420e+02,sinkhorn_cellsim
1.803384e+02,64861,7.65604124118521e-05,5.87782784036816e-02,5.80591366211282e+02,sinkhorn_cellsim
1.803940e+02,64881,7.64970536076034e-05,5.87782799787365e-02,5.80591375285830e+02,sinkhorn_cellsim
1.804495e+02,64901,7.64338895695348e-05,5.87782815529025e-02,5.80591384360044e+02,sinkhorn_cellsim
1.805051e+02,64921,7.63709196835388e-05,5.87782831281501e-02,5.80591393433899e+02,sinkhorn_cellsim
1.805607e+02,64941,7.63081432380175e-05,5.87782847071625e-02,5.80591402507355e+02,sinkhorn_cellsim
1.806163e+02,64961,7.62455594074613e-05,5.87782862936058e-02,5.80591411580362e+02,sinkhorn_cellsim
1.806719e+02,64981,7.61831671936694e-05,5.87782878924914e-02,5.80591420652845e+02,sinkhorn_cellsim
1.807275e+02,65001,7.61209653935375e-05,5.87782895106831e-02,5.80591429724705e+02,sinkhorn_cellsim
1.807830e+02,65021,7.60589525077856e-05,5.87782911575896e-02,5.80591438795802e+02,sinkhorn_cellsim
1.808386e+02,65041,7.59971266456064e-05,5.87782928461115e-02,5.80591447865945e+02,sinkhorn_cellsim
1.808942e+02,65061,7.59354853636207e-05,5.87782945939449e-02,5.80591456934870e+02,sinkhorn_cellsim
1.809498e+02,65081,7.58740255198088e-05,5.87782964253622e-02,5.80591466002215e+02,sinkhorn_cellsim
1.810053e+02,65101,7.58127429332819e-05,5.87782983736610e-02,5.80591475067480e+02,sinkhorn_cellsim
1.810609e+02,65121,7.57516320853314e-05,5.87783004844953e-02,5.80591484129982e+02,sinkhorn_cellsim
1.811165e+02,65141,7.56906855691471e-05,5.87783028204350e-02,5.80591493188779e+02,sinkhorn_cellsim
1.811721e+02,65161,7.56298934352889e-05,5.87783054671678e-02,5.80591502242581e+02,sinkhorn_cellsim
1.812276e+02,65181,7.55692422269927e-05,5.87783085418987e-02,5.80591511289622e+02,sinkhorn_cellsim
1.812832e+02,65201,7.55087137092828e-05,5.87783122046900e-02,5.80591520327482e+02,sinkhorn_cellsim
1.813388e+02,65221,7.54482831343402e-05,5.87783166736333e-02,5.80591529352856e+02,sinkhorn_cellsim
1.813944e+02,65241,7.53879168805803e-05,5.87783222449598e-02,5.80591538361239e+02,sinkhorn_cellsim
1.814500e+02,65261,7.53275693009093e-05,5.87783293192981e-02,5.80591547346508e+02,sinkhorn_cellsim
1.815055e+02,65281,7.52671784830274e-05,5.87783384352287e-02,5.80591556300378e+02,sinkhorn_cellsim
1.815611e+02,65301,7.52066606659176e-05,5.87783503108008e-02,5.80591565211698e+02,sinkhorn_cellsim
1.816167e+02,65321,7.51459030591140e-05,5.87783658923797e-02,5.80591574065585e+02,sinkhorn_cellsim
1.816723e+02,65341,7.50847546074671e-05,5.87783864074097e-02,5.80591582842380e+02,sinkhorn_cellsim
1.817279e+02,65361,7.50230147497778e-05,5.87784134124906e-02,5.80591591516500e+02,sinkhorn_cellsim
1.817834e+02,65381,7.49604202918663e-05,5.87784488196532e-02,5.80591600055322e+02,sinkhorn_cellsim
1.818390e+02,65401,7.48966313018256e-05,5.87784948715688e-02,5.80591608418379e+02,sinkhorn_cellsim
1.818946e+02,65421,7.48312181654381e-05,5.87785540227454e-02,5.80591616557368e+02,sinkhorn_cellsim
1.819502e+02,65441,7.47636534371557e-05,5.87786286760542e-02,5.80591624417612e+02,sinkhorn_cellsim
1.820058e+02,65461,7.46933143332812e-05,5.87787207373719e-02,5.80591631941728e+02,sinkhorn_cellsim
1.820613e+02,65481,7.46195027060478e-05,5.87788310060027e-02,5.80591639075906e+02,sinkhorn_cellsim
1.821169e+02,65501,7.45414888786673e-05,5.87789585232916e-02,5.80591645778348e+02,sinkhorn_cellsim
1.821725e+02,65521,7.44585806846425e-05,5.87791001228071e-02,5.80591652028082e+02,sinkhorn_cellsim
1.822281e+02,65541,7.43702103721814e-05,5.87792504698710e-02,5.80591657831162e+02,sinkhorn_cellsim
1.822837e+02,65561,7.42760213686647e-05,5.87794027460288e-02,5.80591663221382e+02,sinkhorn_cellsim
1.823392e+02,65581,7.41759312582451e-05,5.87795498377384e-02,5.80591668254555e+02,sinkhorn_cellsim
1.823948e+02,65601,7.40701515771513e-05,5.87796856119272e-02,5.80591672998258e+02,sinkhorn_cellsim
1.824504e+02,65621,7.39591590603536e-05,5.87798058200587e-02,5.80591677520809e+02,sinkhorn_cellsim
1.825060e+02,65641,7.38436287870550e-05,5.87799083946456e-02,5.80591681882893e+02,sinkhorn_cellsim
1.825616e+02,65661,7.37273348755753e-05,5.87799932023303e-02,5.80591686133302e+02,sinkhorn_cellsim
1.826171e+02,65681,7.36134080387643e-05,5.87800614964821e-02,5.80591690308347e+02,sinkhorn_cellsim
1.826727e+02,65701,7.35009013407469e-05,5.87801153183822e-02,5.80591694433485e+02,sinkhorn_cellsim
1.827283e+02,65721,7.33913918688385e-05,5.87801570030534e-02,5.80591698525799e+02,sinkhorn_cellsim
1.827839e+02,65741,7.32862599532030e-05,5.87801888438840e-02,5.80591702596407e+02,sinkhorn_cellsim
1.828395e+02,65761,7.31862900357461e-05,5.87802129043554e-02,5.80591706652414e+02,sinkhorn_cellsim
1.828951e+02,65781,7.30877206979272e-05,5.87802309385690e-02,5.80591710698328e+02,sinkhorn_cellsim
1.829506e+02,65801,7.29886816657202e-05,5.87802443803056e-02,5.80591714737018e+02,sinkhorn_cellsim
1.830062e+02,65821,7.28892979633460e-05,5.87802543690275e-02,5.80591718770332e+02,sinkhorn_cellsim
1.830619e+02,65841,7.27896691989518e-05,5.87802617916987e-02,5.80591722799489e+02,sinkhorn_cellsim
1.831174e+02,65861,7.26898738759051e-05,5.87802673279750e-02,5.80591726825311e+02,sinkhorn_cellsim
1.831730e+02,65881,7.25899733261473e-05,5.87802714923121e-02,5.80591730848374e+02,sinkhorn_cellsim
1.832286e+02,65901,7.24900150150551e-05,5.87802746702845e-02,5.80591734869094e+02,sinkhorn_cellsim
1.832842e+02,65921,7.23900354148987e-05,5.87802771484573e-02,5.80591738887781e+02,sinkhorn_cellsim
1.833398e+02,65941,7.22900623289801e-05,5.87802791382152e-02,5.80591742904674e+02,sinkhorn_cellsim
1.833954e+02,65961,7.21901168119618e-05,5.87802807943575e-02,5.80591746919961e+02,sinkhorn_cellsim
1.834509e+02,65981,7.20902147162256e-05,5.87802822294018e-02,5.80591750933795e+02,sinkhorn_cellsim
1.835065e+02,66001,7.19903679400594e-05,5.87802835244516e-02,5.80591754946299e+02,sinkhorn_cellsim
1.835621e+02,66021,7.18905854153165e-05,5.87802847373955e-02,5.80591758957578e+02,sinkhorn_cellsim
1.836177e+02,66041,7.17908738747242e-05,5.87802859090490e-02,5.80591762967720e+02,sinkhorn_cellsim
1.836733e+02,66061,7.16912384698353e-05,5.87802870677327e-02,5.80591766976798e+02,sinkhorn_cellsim
1.837289e+02,66081,7.15916832394726e-05,5.87802882326650e-02,5.80591770984877e+02,sinkhorn_cellsim
1.837845e+02,66101,7.14922114744996e-05,5.87802894164773e-02,5.80591774992012e+02,sinkhorn_cellsim
1.838401e+02,66121,7.13928259751394e-05,5.87802906270674e-02,5.80591778998252e+02,sinkhorn_cellsim
1.838956e+02,66141,7.12935292934841e-05,5.87802918689550e-02,5.80591783003639e+02,sinkhorn_cellsim
1.839512e+02,66161,7.11943238402733e-05,5.87802931442842e-02,5.80591787008210e+02,sinkhorn_cellsim
1.840068e+02,66181,7.10952120119017e-05,5.87802944535468e-02,5.80591791011998e+02,sinkhorn_cellsim
1.840624e+02,66201,7.09961962600907e-05,5.87802957961113e-02,5.80591795015033e+02,sinkhorn_cellsim
1.841180e+02,66221,7.08972791421429e-05,5.87802971706062e-02,5.80591799017342e+02,sinkhorn_cellsim
1.841736e+02,66241,7.07984633568757e-05,5.87802985751932e-02,5.80591803018948e+02,sinkhorn_cellsim
1.842292e+02,66261,7.06997517219437e-05,5.87803000077653e-02,5.80591807019874e+02,sinkhorn_cellsim
1.842847e+02,66281,7.06011472325679e-05,5.87803014660778e-02,5.80591811020138e+02,sinkhorn_cellsim
1.843403e+02,66301,7.05026529961930e-05,5.87803029478563e-02,5.80591815019758e+02,sinkhorn_cellsim
1.843959e+02,66321,7.04042722677589e-05,5.87803044508518e-02,5.80591819018752e+02,sinkhorn_cellsim
1.844515e+02,66341,7.03060083977269e-05,5.87803059728890e-02,5.80591823017134e+02,sinkhorn_cellsim
1.845071e+02,66361,7.02084966763843e-05,5.87803075118918e-02,5.80591827014918e+02,sinkhorn_cellsim
1.845627e+02,66381,7.01121581573972e-05,5.87803090659033e-02,5.80591831012117e+02,sinkhorn_cellsim
1.846183e+02,66401,7.00161278446974e-05,5.87803106330898e-02,5.80591835008743e+02,sinkhorn_cellsim
1.846738e+02,66421,6.99202042026779e-05,5.87803122117457e-02,5.80591839004808e+02,sinkhorn_cellsim
1.847294e+02,66441,6.98243910383845e-05,5.87803138002936e-02,5.80591843000321e+02,sinkhorn_cellsim
1.847850e+02,66461,6.97286921936607e-05,5.87803153972788e-02,5.80591846995293e+02,sinkhorn_cellsim
1.848406e+02,66481,6.96331114780660e-05,5.87803170013638e-02,5.80591850989733e+02,sinkhorn_cellsim
1.848962e+02,66501,6.95376527081432e-05,5.87803186113234e-02,5.80591854983649e+02,sinkhorn_cellsim
1.849517e+02,66521,6.94423196341270e-05,5.87803202260394e-02,5.80591858977050e+02,sinkhorn_cellsim
1.850073e+02,66541,6.93471159783216e-05,5.87803218444873e-02,5.80591862969944e+02,sinkhorn_cellsim
1.850629e+02,66561,6.92520453753157e-05,5.87803234657389e-02,5.80591866962337e+02,sinkhorn_cellsim
1.851185e+02,66581,6.91571114137678e-05,5.87803250889465e-02,5.80591870954237e+02,sinkhorn_cellsim
1.851741e+02,66601,6.90623175660757e-05,5.87803267133425e-02,5.80591874945650e+02,sinkhorn_cellsim
1.852297e+02,66621,6.89676672429377e-05,5.87803283382304e-02,5.80591878936582e+02,sinkhorn_cellsim
1.852853e+02,66641,6.88731637493319e-05,5.87803299629792e-02,5.80591882927041e+02,sinkhorn_cellsim
1.853408e+02,66661,6.87788102783974e-05,5.87803315870204e-02,5.80591886917030e+02,sinkhorn_cellsim
1.853964e+02,66681,6.86846099297306e-05,5.87803332098388e-02,5.80591890906556e+02,sinkhorn_cellsim
1.854520e+02,66701,6.85905656896886e-05,5.87803348309711e-02,5.80591894895625e+02,sinkhorn_cellsim
1.855076e+02,66721,6.84966804301957e-05,5.87803364500011e-02,5.80591898884240e+02,sinkhorn_cellsim
1.855632e+02,66741,6.84030028297918e-05,5.87803380665531e-02,5.80591902872407e+02,sinkhorn_cellsim
1.856187e+02,66761,6.83098535518680e-05,5.87803396802930e-02,5.80591906860131e+02,sinkhorn_cellsim
1.856743e+02,66781,6.82180164897482e-05,5.87803412909196e-02,5.80591910847416e+02,sinkhorn_cellsim
1.857299e+02,66801,6.81270877038009e-05,5.87803428981668e-02,5.80591914834266e+02,sinkhorn_cellsim
1.857855e+02,66821,6.80363130629278e-05,5.87803445017955e-02,5.80591918820685e+02,sinkhorn_cellsim
1.858411e+02,66841,6.79456942454777e-05,5.87803461015955e-02,5.80591922806678e+02,sinkhorn_cellsim
1.858967e+02,66861,6.78552328417217e-05,5.87803476973784e-02,5.80591926792248e+02,sinkhorn_cellsim
1.859522e+02,66881,6.77649303804185e-05,5.87803492889825e-02,5.80591930777398e+02,sinkhorn_cellsim
1.860078e+02,66901,6.76747883212813e-05,5.87803508762628e-02,5.80591934762134e+02,sinkhorn_cellsim
1.860634e+02,66921,6.75848080412123e-05,5.87803524590926e-02,5.80591938746457e+02,sinkhorn_cellsim
1.861190e+02,66941,6.74949908450883e-05,5.87803540373669e-02,5.80591942730372e+02,sinkhorn_cellsim
1.861746e+02,66961,6.74053379743710e-05,5.87803556109889e-02,5.80591946713881e+02,sinkhorn_cellsim
1.862302e+02,66981,6.73158505950465e-05,5.87803571798819e-02,5.80591950696989e+02,sinkhorn_cellsim
1.862857e+02,67001,6.72265298025068e-05,5.87803587439788e-02,5.80591954679697e+02,sinkhorn_cellsim
1.863413e+02,67021,6.71373766319822e-05,5.87803603032240e-02,5.80591958662009e+02,sinkhorn_cellsim
1.863969e+02,67041,6.70483920504910e-05,5.87803618575733e-02,5.80591962643928e+02,sinkhorn_cellsim
1.864525e+02,67061,6.69595769566822e-05,5.87803634069914e-02,5.80591966625456e+02,sinkhorn_cellsim
1.865081e+02,67081,6.68709321937295e-05,5.87803649514513e-02,5.80591970606597e+02,sinkhorn_cellsim
1.865637e+02,67101,6.67824585359417e-05,5.87803664909341e-02,5.80591974587353e+02,sinkhorn_cellsim
1.866192e+02,67121,6.66941567070359e-05,5.87803680254277e-02,5.80591978567727e+02,sinkhorn_cellsim
1.866748e+02,67141,6.66060273774780e-05,5.87803695549265e-02,5.80591982547722e+02,sinkhorn_cellsim
1.867304e+02,67161,6.65180711575194e-05,5.87803710794286e-02,5.80591986527339e+02,sinkhorn_cellsim
1.867860e+02,67181,6.64302885945708e-05,5.87803725989424e-02,5.80591990506582e+02,sinkhorn_cellsim
1.868416e+02,67201,6.63426802074588e-05,5.87803741134745e-02,5.80591994485452e+02,sinkhorn_cellsim
1.868971e+02,67221,6.62552464399608e-05,5.87803756230398e-02,5.80591998463952e+02,sinkhorn_cellsim
1.869527e+02,67241,6.61679877142849e-05,5.87803771276536e-02,5.80592002442085e+02,sinkhorn_cellsim
1.870083e+02,67261,6.60809043946620e-05,5.87803786273381e-02,5.80592006419852e+02,sinkhorn_cellsim
1.870639e+02,67281,6.59939967930995e-05,5.87803801221173e-02,5.80592010397256e+02,sinkhorn_cellsim
1.871195e+02,67301,6.59072651966432e-05,5.87803816120146e-02,5.80592014374299e+02,sinkhorn_cellsim
1.871751e+02,67321,6.58207098437147e-05,5.87803830970604e-02,5.80592018350984e+02,sinkhorn_cellsim
1.872306e+02,67341,6.57343309307651e-05,5.87803845772838e-02,5.80592022327311e+02,sinkhorn_cellsim
1.872862e+02,67361,6.56481286279377e-05,5.87803860527167e-02,5.80592026303284e+02,sinkhorn_cellsim
1.873418e+02,67381,6.55621030632525e-05,5.87803875233918e-02,5.80592030278903e+02,sinkhorn_cellsim
1.873974e+02,67401,6.54762543276817e-05,5.87803889893458e-02,5.80592034254172e+02,sinkhorn_cellsim
1.874530e+02,67421,6.53905824889224e-05,5.87803904506112e-02,5.80592038229093e+02,sinkhorn_cellsim
1.875085e+02,67441,6.53050875717633e-05,5.87803919072280e-02,5.80592042203666e+02,sinkhorn_cellsim
1.875641e+02,67461,6.52197695913029e-05,5.87803933592324e-02,5.80592046177894e+02,sinkhorn_cellsim
1.876197e+02,67481,6.51346285119539e-05,5.87803948066629e-02,5.80592050151779e+02,sinkhorn_cellsim
1.876753e+02,67501,6.50496642896552e-05,5.87803962495571e-02,5.80592054125323e+02,sinkhorn_cellsim
1.877309e+02,67521,6.49648768377715e-05,5.87803976879552e-02,5.80592058098527e+02,sinkhorn_cellsim
1.877864e+02,67541,6.48802660648759e-05,5.87803991218963e-02,5.80592062071393e+02,sinkhorn_cellsim
1.878420e+02,67561,6.47958318454625e-05,5.87804005514192e-02,5.80592066043923e+02,sinkhorn_cellsim
1.878976e+02,67581,6.47115740306398e-05,5.87804019765648e-02,5.80592070016119e+02,sinkhorn_cellsim
1.879532e+02,67601,6.46274924545526e-05,5.87804033973716e-02,5.80592073987982e+02,sinkhorn_cellsim
1.880088e+02,67621,6.45435869332656e-05,5.87804048138813e-02,5.80592077959514e+02,sinkhorn_cellsim
1.880644e+02,67641,6.44598572679552e-05,5.87804062261299e-02,5.80592081930716e+02,sinkhorn_cellsim
1.881200e+02,67661,6.43763032208900e-05,5.87804076341606e-02,5.80592085901591e+02,sinkhorn_cellsim
1.881755e+02,67681,6.42929245668608e-05,5.87804090380108e-02,5.80592089872140e+02,sinkhorn_cellsim
1.882311e+02,67701,6.42097210512788e-05,5.87804104377193e-02,5.80592093842364e+02,sinkhorn_cellsim
1.882867e+02,67721,6.41266923965654e-05,5.87804118333267e-02,5.80592097812266e+02,sinkhorn_cellsim
1.883423e+02,67741,6.40438383190380e-05,5.87804132248687e-02,5.80592101781846e+02,sinkhorn_cellsim
1.883979e+02,67761,6.39611585346609e-05,5.87804146123847e-02,5.80592105751106e+02,sinkhorn_cellsim
1.884534e+02,67781,6.38786527217042e-05,5.87804159959122e-02,5.80592109720048e+02,sinkhorn_cellsim
1.885090e+02,67801,6.37963205621724e-05,5.87804173754896e-02,5.80592113688672e+02,sinkhorn_cellsim
1.885646e+02,67821,6.37141617261630e-05,5.87804187511516e-02,5.80592117656982e+02,sinkhorn_cellsim
1.886202e+02,67841,6.36321758722618e-05,5.87804201229362e-02,5.80592121624977e+02,sinkhorn_cellsim
1.886758e+02,67861,6.35503626371509e-05,5.87804214908794e-02,5.80592125592661e+02,sinkhorn_cellsim
1.887314e+02,67881,6.34687216819877e-05,5.87804228550147e-02,5.80592129560033e+02,sinkhorn_cellsim
1.887870e+02,67901,6.33872526089797e-05,5.87804242153792e-02,5.80592133527095e+02,sinkhorn_cellsim
1.888425e+02,67921,6.33059550562346e-05,5.87804255720068e-02,5.80592137493850e+02,sinkhorn_cellsim
1.888981e+02,67941,6.32248286360781e-05,5.87804269249314e-02,5.80592141460297e+02,sinkhorn_cellsim
1.889537e+02,67961,6.31438729561861e-05,5.87804282741858e-02,5.80592145426439e+02,sinkhorn_cellsim
1.890093e+02,67981,6.30630876111722e-05,5.87804296198039e-02,5.80592149392278e+02,sinkhorn_cellsim
1.890649e+02,68001,6.29824722059623e-05,5.87804309618175e-02,5.80592153357813e+02,sinkhorn_cellsim
1.891205e+02,68021,6.29020263159149e-05,5.87804323002597e-02,5.80592157323047e+02,sinkhorn_cellsim
1.891761e+02,68041,6.28217495372954e-05,5.87804336351607e-02,5.80592161287982e+02,sinkhorn_cellsim
1.892317e+02,68061,6.27416414438785e-05,5.87804349665516e-02,5.80592165252617e+02,sinkhorn_cellsim
1.892872e+02,68081,6.26617016138393e-05,5.87804362944630e-02,5.80592169216955e+02,sinkhorn_cellsim
1.893428e+02,68101,6.25819296138963e-05,5.87804376189249e-02,5.80592173180997e+02,sinkhorn_cellsim
1.893984e+02,68121,6.25023250078173e-05,5.87804389399674e-02,5.80592177144745e+02,sinkhorn_cellsim
1.894540e+02,68141,6.24228873734822e-05,5.87804402576177e-02,5.80592181108199e+02,sinkhorn_cellsim
1.895096e+02,68161,6.23436162584802e-05,5.87804415719052e-02,5.80592185071360e+02,sinkhorn_cellsim
1.895652e+02,68181,6.22645112209133e-05,5.87804428828578e-02,5.80592189034231e+02,sinkhorn_cellsim
1.896208e+02,68201,6.21855718217685e-05,5.87804441905028e-02,5.80592192996812e+02,sinkhorn_cellsim
1.896764e+02,68221,6.21067976167527e-05,5.87804454948681e-02,5.80592196959105e+02,sinkhorn_cellsim
1.897319e+02,68241,6.20281881451494e-05,5.87804467959779e-02,5.80592200921110e+02,sinkhorn_cellsim
1.897875e+02,68261,6.19497429686881e-05,5.87804480938594e-02,5.80592204882829e+02,sinkhorn_cellsim
1.898431e+02,68281,6.18714616353403e-05,5.87804493885390e-02,5.80592208844264e+02,sinkhorn_cellsim
1.898987e+02,68301,6.17933436789316e-05,5.87804506800403e-02,5.80592212805415e+02,sinkhorn_cellsim
1.899543e+02,68321,6.17153886663372e-05,5.87804519683879e-02,5.80592216766283e+02,sinkhorn_cellsim
1.900099e+02,68341,6.16375961275321e-05,5.87804532536080e-02,5.80592220726870e+02,sinkhorn_cellsim
1.900654e+02,68361,6.15599656136623e-05,5.87804545357214e-02,5.80592224687177e+02,sinkhorn_cellsim
1.901210e+02,68381,6.14824966677775e-05,5.87804558147529e-02,5.80592228647206e+02,sinkhorn_cellsim
1.901766e+02,68401,6.14051888301965e-05,5.87804570907256e-02,5.80592232606956e+02,sinkhorn_cellsim
1.902322e+02,68421,6.13280416527228e-05,5.87804583636611e-02,5.80592236566430e+02,sinkhorn_cellsim
1.902878e+02,68441,6.12510546770730e-05,5.87804596335816e-02,5.80592240525629e+02,sinkhorn_cellsim
1.903434e+02,68461,6.11742274462162e-05,5.87804609005091e-02,5.80592244484553e+02,sinkhorn_cellsim
1.903990e+02,68481,6.10975595062442e-05,5.87804621644645e-02,5.80592248443204e+02,sinkhorn_cellsim
1.904545e+02,68501,6.10210503993939e-05,5.87804634254683e-02,5.80592252401583e+02,sinkhorn_cellsim
1.905101e+02,68521,6.09446996734164e-05,5.87804646835417e-02,5.80592256359691e+02,sinkhorn_cellsim
1.905657e+02,68541,6.08685068791909e-05,5.87804659387043e-02,5.80592260317530e+02,sinkhorn_cellsim
1.906213e+02,68561,6.07924715576272e-05,5.87804671909760e-02,5.80592264275099e+02,sinkhorn_cellsim
1.906769e+02,68581,6.07165932658527e-05,5.87804684403745e-02,5.80592268232401e+02,sinkhorn_cellsim
1.907325e+02,68601,6.06408715424388e-05,5.87804696869222e-02,5.80592272189436e+02,sinkhorn_cellsim
1.907881e+02,68621,6.05653059477608e-05,5.87804709306344e-02,5.80592276146206e+02,sinkhorn_cellsim
1.908437e+02,68641,6.04898960272102e-05,5.87804721715311e-02,5.80592280102712e+02,sinkhorn_cellsim
1.908992e+02,68661,6.04146413431362e-05,5.87804734096292e-02,5.80592284058954e+02,sinkhorn_cellsim
1.909548e+02,68681,6.03395414357339e-05,5.87804746449478e-02,5.80592288014934e+02,sinkhorn_cellsim
1.910104e+02,68701,6.02645958753689e-05,5.87804758775023e-02,5.80592291970652e+02,sinkhorn_cellsim
1.910660e+02,68721,6.01898042140626e-05,5.87804771073120e-02,5.80592295926111e+02,sinkhorn_cellsim
1.911216e+02,68741,6.01151660113518e-05,5.87804783343908e-02,5.80592299881310e+02,sinkhorn_cellsim
1.911772e+02,68761,6.00406808272422e-05,5.87804795587572e-02,5.80592303836251e+02,sinkhorn_cellsim
1.912328e+02,68781,5.99663482264117e-05,5.87804807804265e-02,5.80592307790935e+02,sinkhorn_cellsim
1.912884e+02,68801,5.98921677745472e-05,5.87804819994142e-02,5.80592311745363e+02,sinkhorn_cellsim
1.913440e+02,68821,5.98181390332139e-05,5.87804832157370e-02,5.80592315699536e+02,sinkhorn_cellsim
1.913996e+02,68841,5.97442615736938e-05,5.87804844294086e-02,5.80592319653455e+02,sinkhorn_cellsim
1.914551e+02,68861,5.96705349666457e-05,5.87804856404444e-02,5.80592323607121e+02,sinkhorn_cellsim
1.915107e+02,68881,5.95969587809075e-05,5.87804868488605e-02,5.80592327560535e+02,sinkhorn_cellsim
1.915663e+02,68901,5.95235325979779e-05,5.87804880546693e-02,5.80592331513698e+02,sinkhorn_cellsim
1.916219e+02,68921,5.94502559894368e-05,5.87804892578850e-02,5.80592335466610e+02,sinkhorn_cellsim
1.916775e+02,68941,5.93771285255294e-05,5.87804904585239e-02,5.80592339419274e+02,sinkhorn_cellsim
1.917331e+02,68961,5.93041498005807e-05,5.87804916565978e-02,5.80592343371690e+02,sinkhorn_cellsim
1.917887e+02,68981,5.92313193921014e-05,5.87804928521194e-02,5.80592347323858e+02,sinkhorn_cellsim
1.918443e+02,69001,5.91586368754633e-05,5.87804940451034e-02,5.80592351275780e+02,sinkhorn_cellsim
1.918999e+02,69021,5.90861018493452e-05,5.87804952355625e-02,5.80592355227457e+02,sinkhorn_cellsim
1.919554e+02,69041,5.90137138923616e-05,5.87804964235089e-02,5.80592359178890e+02,sinkhorn_cellsim
1.920110e+02,69061,5.89414726048802e-05,5.87804976089564e-02,5.80592363130079e+02,sinkhorn_cellsim
1.920666e+02,69081,5.88693775710939e-05,5.87804987919158e-02,5.80592367081026e+02,sinkhorn_cellsim
1.921222e+02,69101,5.87974283950670e-05,5.87804999724002e-02,5.80592371031731e+02,sinkhorn_cellsim
1.921778e+02,69121,5.87256246668980e-05,5.87805011504208e-02,5.80592374982196e+02,sinkhorn_cellsim
1.922334e+02,69141,5.86539659898307e-05,5.87805023259897e-02,5.80592378932422e+02,sinkhorn_cellsim
1.922890e+02,69161,5.85824519645795e-05,5.87805034991182e-02,5.80592382882408e+02,sinkhorn_cellsim
1.923446e+02,69181,5.85110821923170e-05,5.87805046698183e-02,5.80592386832157e+02,sinkhorn_cellsim
1.924001e+02,69201,5.84398562870480e-05,5.87805058381005e-02,5.80592390781669e+02,sinkhorn_cellsim
1.924557e+02,69221,5.83687738494491e-05,5.87805070039759e-02,5.80592394730945e+02,sinkhorn_cellsim
1.925113e+02,69241,5.82978344972341e-05,5.87805081674550e-02,5.80592398679987e+02,sinkhorn_cellsim
1.925669e+02,69261,5.82270378348382e-05,5.87805093285486e-02,5.80592402628793e+02,sinkhorn_cellsim
1.926225e+02,69281,5.81563834835287e-05,5.87805104872669e-02,5.80592406577367e+02,sinkhorn_cellsim
1.926781e+02,69301,5.80858710637461e-05,5.87805116436213e-02,5.80592410525708e+02,sinkhorn_cellsim
1.927337e+02,69321,5.80155001898651e-05,5.87805127976198e-02,5.80592414473818e+02,sinkhorn_cellsim
1.927991e+02,69341,5.79452704769414e-05,5.87805139492747e-02,5.80592418421697e+02,sinkhorn_cellsim
1.928547e+02,69361,5.78751815642466e-05,5.87805150985933e-02,5.80592422369347e+02,sinkhorn_cellsim
1.929103e+02,69381,5.78052330692616e-05,5.87805162455873e-02,5.80592426316768e+02,sinkhorn_cellsim
1.929659e+02,69401,5.77354246225283e-05,5.87805173902647e-02,5.80592430263960e+02,sinkhorn_cellsim
1.930215e+02,69421,5.76657558595214e-05,5.87805185326353e-02,5.80592434210925e+02,sinkhorn_cellsim
1.930770e+02,69441,5.75962263969204e-05,5.87805196727095e-02,5.80592438157664e+02,sinkhorn_cellsim
1.931327e+02,69461,5.75268358916496e-05,5.87805208104942e-02,5.80592442104178e+02,sinkhorn_cellsim
1.931883e+02,69481,5.74575839654629e-05,5.87805219460002e-02,5.80592446050467e+02,sinkhorn_cellsim
1.932438e+02,69501,5.73884702663381e-05,5.87805230792341e-02,5.80592449996532e+02,sinkhorn_cellsim
1.932994e+02,69521,5.73194944286038e-05,5.87805242102063e-02,5.80592453942375e+02,sinkhorn_cellsim
1.933550e+02,69541,5.72506561006142e-05,5.87805253389247e-02,5.80592457887995e+02,sinkhorn_cellsim
1.934106e+02,69561,5.71819549272121e-05,5.87805264653979e-02,5.80592461833394e+02,sinkhorn_cellsim
1.934661e+02,69581,5.71133905597306e-05,5.87805275896326e-02,5.80592465778572e+02,sinkhorn_cellsim
1.935217e+02,69601,5.70449626435894e-05,5.87805287116395e-02,5.80592469723531e+02,sinkhorn_cellsim
1.935773e+02,69621,5.69766708313853e-05,5.87805298314246e-02,5.80592473668271e+02,sinkhorn_cellsim
1.936329e+02,69641,5.69085147859724e-05,5.87805309489961e-02,5.80592477612793e+02,sinkhorn_cellsim
1.936884e+02,69661,5.68404941447983e-05,5.87805320643625e-02,5.80592481557098e+02,sinkhorn_cellsim
1.937440e+02,69681,5.67726085912418e-05,5.87805331775302e-02,5.80592485501186e+02,sinkhorn_cellsim
1.937996e+02,69701,5.67048577654607e-05,5.87805342885087e-02,5.80592489445059e+02,sinkhorn_cellsim
1.938552e+02,69721,5.66372413344923e-05,5.87805353973024e-02,5.80592493388717e+02,sinkhorn_cellsim
1.939107e+02,69741,5.65697589719203e-05,5.87805365039209e-02,5.80592497332161e+02,sinkhorn_cellsim
1.939663e+02,69761,5.65024103359433e-05,5.87805376083712e-02,5.80592501275391e+02,sinkhorn_cellsim
1.940219e+02,69781,5.64351950948448e-05,5.87805387106593e-02,5.80592505218409e+02,sinkhorn_cellsim
1.940775e+02,69801,5.63681129214742e-05,5.87805398107932e-02,5.80592509161216e+02,sinkhorn_cellsim
1.941331e+02,69821,5.63011634902334e-05,5.87805409087794e-02,5.80592513103811e+02,sinkhorn_cellsim
1.941886e+02,69841,5.62343464724956e-05,5.87805420046245e-02,5.80592517046196e+02,sinkhorn_cellsim
1.942442e+02,69861,5.61676615473593e-05,5.87805430983352e-02,5.80592520988372e+02,sinkhorn_cellsim
1.942998e+02,69881,5.61011083870345e-05,5.87805441899189e-02,5.80592524930340e+02,sinkhorn_cellsim
1.943554e+02,69901,5.60346866784657e-05,5.87805452793807e-02,5.80592528872099e+02,sinkhorn_cellsim
1.944109e+02,69921,5.59683960983731e-05,5.87805463667281e-02,5.80592532813651e+02,sinkhorn_cellsim
1.944665e+02,69941,5.59022363338884e-05,5.87805474519673e-02,5.80592536754997e+02,sinkhorn_cellsim
1.945221e+02,69961,5.58362070649038e-05,5.87805485351042e-02,5.80592540696137e+02,sinkhorn_cellsim
1.945777e+02,69981,5.57703079886021e-05,5.87805496161440e-02,5.80592544637073e+02,sinkhorn_cellsim
1.946332e+02,70001,5.57045387899148e-05,5.87805506950945e-02,5.80592548577804e+02,sinkhorn_cellsim
1.946888e+02,70021,5.56388991529737e-05,5.87805517719613e-02,5.80592552518331e+02,sinkhorn_cellsim
1.947444e+02,70041,5.55733887788533e-05,5.87805528467492e-02,5.80592556458656e+02,sinkhorn_cellsim
1.948000e+02,70061,5.55080073612680e-05,5.87805539194645e-02,5.80592560398779e+02,sinkhorn_cellsim
1.948556e+02,70081,5.54427545889373e-05,5.87805549901141e-02,5.80592564338701e+02,sinkhorn_cellsim
1.949111e+02,70101,5.53776301681069e-05,5.87805560587022e-02,5.80592568278422e+02,sinkhorn_cellsim
1.949667e+02,70121,5.53126337966403e-05,5.87805571252341e-02,5.80592572217944e+02,sinkhorn_cellsim
1.950223e+02,70141,5.52477651737575e-05,5.87805581897173e-02,5.80592576157266e+02,sinkhorn_cellsim
1.950778e+02,70161,5.51830240099591e-05,5.87805592521546e-02,5.80592580096389e+02,sinkhorn_cellsim
1.951334e+02,70181,5.51184099941987e-05,5.87805603125539e-02,5.80592584035315e+02,sinkhorn_cellsim
1.951890e+02,70201,5.50539228458837e-05,5.87805613709187e-02,5.80592587974044e+02,sinkhorn_cellsim
1.952446e+02,70221,5.49895622714897e-05,5.87805624272545e-02,5.80592591912577e+02,sinkhorn_cellsim
1.953002e+02,70241,5.49253279746336e-05,5.87805634815676e-02,5.80592595850914e+02,sinkhorn_cellsim
1.953557e+02,70261,5.48612196738413e-05,5.87805645338610e-02,5.80592599789056e+02,sinkhorn_cellsim
1.954113e+02,70281,5.47972370724367e-05,5.87805655841416e-02,5.80592603727004e+02,sinkhorn_cellsim
1.954669e+02,70301,5.47333798937990e-05,5.87805666324132e-02,5.80592607664758e+02,sinkhorn_cellsim
1.955225e+02,70321,5.46696478487546e-05,5.87805676786812e-02,5.80592611602319e+02,sinkhorn_cellsim
1.955781e+02,70341,5.46060406507473e-05,5.87805687229507e-02,5.80592615539688e+02,sinkhorn_cellsim
1.956336e+02,70361,5.45425580314765e-05,5.87805697652248e-02,5.80592619476865e+02,sinkhorn_cellsim
1.956892e+02,70381,5.44791996993015e-05,5.87805708055100e-02,5.80592623413852e+02,sinkhorn_cellsim
1.957448e+02,70401,5.44159653803091e-05,5.87805718438097e-02,5.80592627350648e+02,sinkhorn_cellsim
1.958004e+02,70421,5.43528547954042e-05,5.87805728801300e-02,5.80592631287254e+02,sinkhorn_cellsim
1.958560e+02,70441,5.42898676707050e-05,5.87805739144736e-02,5.80592635223672e+02,sinkhorn_cellsim
1.959116e+02,70461,5.42270037317192e-05,5.87805749468466e-02,5.80592639159901e+02,sinkhorn_cellsim
1.959671e+02,70481,5.41642627104449e-05,5.87805759772507e-02,5.80592643095943e+02,sinkhorn_cellsim
1.960227e+02,70501,5.41016443251073e-05,5.87805770056934e-02,5.80592647031797e+02,sinkhorn_cellsim
1.960783e+02,70521,5.40391483187552e-05,5.87805780321771e-02,5.80592650967465e+02,sinkhorn_cellsim
1.961339e+02,70541,5.39767744091383e-05,5.87805790567071e-02,5.80592654902948e+02,sinkhorn_cellsim
1.961895e+02,70561,5.39145223421944e-05,5.87805800792855e-02,5.80592658838245e+02,sinkhorn_cellsim
1.962450e+02,70581,5.38523918475414e-05,5.87805810999181e-02,5.80592662773358e+02,sinkhorn_cellsim
1.963006e+02,70601,5.37903826558454e-05,5.87805821186081e-02,5.80592666708287e+02,sinkhorn_cellsim
1.963562e+02,70621,5.37284945069065e-05,5.87805831353614e-02,5.80592670643033e+02,sinkhorn_cellsim
1.964118e+02,70641,5.36667271396480e-05,5.87805841501785e-02,5.80592674577596e+02,sinkhorn_cellsim
1.964674e+02,70661,5.36050802947014e-05,5.87805851630666e-02,5.80592678511977e+02,sinkhorn_cellsim
1.965229e+02,70681,5.35435537113025e-05,5.87805861740273e-02,5.80592682446176e+02,sinkhorn_cellsim
1.965785e+02,70701,5.34821471300265e-05,5.87805871830657e-02,5.80592686380195e+02,sinkhorn_cellsim
1.966341e+02,70721,5.34208602929659e-05,5.87805881901846e-02,5.80592690314034e+02,sinkhorn_cellsim
1.966897e+02,70741,5.33596929492783e-05,5.87805891953889e-02,5.80592694247693e+02,sinkhorn_cellsim
1.967452e+02,70761,5.32986448449188e-05,5.87805901986796e-02,5.80592698181173e+02,sinkhorn_cellsim
1.968008e+02,70781,5.32377157191304e-05,5.87805912000638e-02,5.80592702114474e+02,sinkhorn_cellsim
1.968564e+02,70801,5.31769053206346e-05,5.87805921995425e-02,5.80592706047598e+02,sinkhorn_cellsim
1.969120e+02,70821,5.31162134066229e-05,5.87805931971196e-02,5.80592709980545e+02,sinkhorn_cellsim
1.969676e+02,70841,5.30556397242116e-05,5.87805941927992e-02,5.80592713913315e+02,sinkhorn_cellsim
1.970231e+02,70861,5.29951840223765e-05,5.87805951865834e-02,5.80592717845909e+02,sinkhorn_cellsim
1.970787e+02,70881,5.29348460533110e-05,5.87805961784769e-02,5.80592721778328e+02,sinkhorn_cellsim
1.971343e+02,70901,5.28746255692672e-05,5.87805971684824e-02,5.80592725710571e+02,sinkhorn_cellsim
1.971899e+02,70921,5.28145223265355e-05,5.87805981566032e-02,5.80592729642641e+02,sinkhorn_cellsim
1.972454e+02,70941,5.27545360846209e-05,5.87805991428424e-02,5.80592733574536e+02,sinkhorn_cellsim
1.973010e+02,70961,5.26946665955335e-05,5.87806001272038e-02,5.80592737506258e+02,sinkhorn_cellsim
1.973566e+02,70981,5.26349136176387e-05,5.87806011096891e-02,5.80592741437808e+02,sinkhorn_cellsim
1.974122e+02,71001,5.25752769109602e-05,5.87806020903021e-02,5.80592745369185e+02,sinkhorn_cellsim
1.974678e+02,71021,5.25157562347522e-05,5.87806030690459e-02,5.80592749300391e+02,sinkhorn_cellsim
1.975233e+02,71041,5.24563513498939e-05,5.87806040459234e-02,5.80592753231426e+02,sinkhorn_cellsim
1.975789e+02,71061,5.23970620191746e-05,5.87806050209376e-02,5.80592757162291e+02,sinkhorn_cellsim
1.976345e+02,71081,5.23378880057607e-05,5.87806059940915e-02,5.80592761092986e+02,sinkhorn_cellsim
1.976901e+02,71101,5.22788290732654e-05,5.87806069653873e-02,5.80592765023511e+02,sinkhorn_cellsim
1.977456e+02,71121,5.22198849856311e-05,5.87806079348284e-02,5.80592768953868e+02,sinkhorn_cellsim
1.978012e+02,71141,5.21610555045181e-05,5.87806089024176e-02,5.80592772884056e+02,sinkhorn_cellsim
1.978568e+02,71161,5.21023404055919e-05,5.87806098681570e-02,5.80592776814076e+02,sinkhorn_cellsim
1.979124e+02,71181,5.20437394499595e-05,5.87806108320499e-02,5.80592780743930e+02,sinkhorn_cellsim
1.979680e+02,71201,5.19852524125336e-05,5.87806117940979e-02,5.80592784673616e+02,sinkhorn_cellsim
1.980235e+02,71221,5.19268790556937e-05,5.87806127543056e-02,5.80592788603137e+02,sinkhorn_cellsim
1.980791e+02,71241,5.18686191492471e-05,5.87806137126735e-02,5.80592792532492e+02,sinkhorn_cellsim
1.981347e+02,71261,5.18104724786579e-05,5.87806146692035e-02,5.80592796461681e+02,sinkhorn_cellsim
1.981903e+02,71281,5.17524387985135e-05,5.87806156239011e-02,5.80592800390706e+02,sinkhorn_cellsim
1.982459e+02,71301,5.16945178886839e-05,5.87806165767668e-02,5.80592804319567e+02,sinkhorn_cellsim
1.983014e+02,71321,5.16367095252676e-05,5.87806175278031e-02,5.80592808248265e+02,sinkhorn_cellsim
1.983570e+02,71341,5.15790134832425e-05,5.87806184770123e-02,5.80592812176799e+02,sinkhorn_cellsim
1.984126e+02,71361,5.15214295355323e-05,5.87806194243966e-02,5.80592816105170e+02,sinkhorn_cellsim
1.984682e+02,71381,5.14639574609962e-05,5.87806203699589e-02,5.80592820033380e+02,sinkhorn_cellsim
1.985237e+02,71401,5.14065970332736e-05,5.87806213137014e-02,5.80592823961428e+02,sinkhorn_cellsim
1.985793e+02,71421,5.13493480318610e-05,5.87806222556251e-02,5.80592827889314e+02,sinkhorn_cellsim
1.986349e+02,71441,5.12922102416768e-05,5.87806231957338e-02,5.80592831817040e+02,sinkhorn_cellsim
1.986905e+02,71461,5.12351834334832e-05,5.87806241340279e-02,5.80592835744606e+02,sinkhorn_cellsim
1.987461e+02,71481,5.11782673977271e-05,5.87806250705104e-02,5.80592839672013e+02,sinkhorn_cellsim
1.988016e+02,71501,5.11214619051673e-05,5.87806260051841e-02,5.80592843599260e+02,sinkhorn_cellsim
1.988572e+02,71521,5.10647667400864e-05,5.87806269380500e-02,5.80592847526348e+02,sinkhorn_cellsim
1.989128e+02,71541,5.10081816938602e-05,5.87806278691091e-02,5.80592851453278e+02,sinkhorn_cellsim
1.989684e+02,71561,5.09517065389879e-05,5.87806287983653e-02,5.80592855380050e+02,sinkhorn_cellsim
1.990239e+02,71581,5.08953410654763e-05,5.87806297258206e-02,5.80592859306665e+02,sinkhorn_cellsim
1.990795e+02,71601,5.08390850639225e-05,5.87806306514741e-02,5.80592863233123e+02,sinkhorn_cellsim
1.991351e+02,71621,5.07829383078144e-05,5.87806315753309e-02,5.80592867159425e+02,sinkhorn_cellsim
1.991907e+02,71641,5.07269005967224e-05,5.87806324973907e-02,5.80592871085571e+02,sinkhorn_cellsim
1.992462e+02,71661,5.06709717069476e-05,5.87806334176556e-02,5.80592875011561e+02,sinkhorn_cellsim
1.993018e+02,71681,5.06151514293277e-05,5.87806343361281e-02,5.80592878937396e+02,sinkhorn_cellsim
1.993574e+02,71701,5.05594395553583e-05,5.87806352528087e-02,5.80592882863077e+02,sinkhorn_cellsim
1.994130e+02,71721,5.05038358735352e-05,5.87806361677001e-02,5.80592886788603e+02,sinkhorn_cellsim
1.994685e+02,71741,5.04483401761224e-05,5.87806370808025e-02,5.80592890713976e+02,sinkhorn_cellsim
1.995241e+02,71761,5.03929522442480e-05,5.87806379921198e-02,5.80592894639196e+02,sinkhorn_cellsim
1.995797e+02,71781,5.03376718778167e-05,5.87806389016508e-02,5.80592898564262e+02,sinkhorn_cellsim
1.996353e+02,71801,5.02824988717247e-05,5.87806398093990e-02,5.80592902489177e+02,sinkhorn_cellsim
1.996909e+02,71821,5.02274330082172e-05,5.87806407153651e-02,5.80592906413939e+02,sinkhorn_cellsim
1.997464e+02,71841,5.01724740837803e-05,5.87806416195510e-02,5.80592910338549e+02,sinkhorn_cellsim
1.998020e+02,71861,5.01176218994990e-05,5.87806425219569e-02,5.80592914263009e+02,sinkhorn_cellsim
1.998576e+02,71881,5.00628762449163e-05,5.87806434225855e-02,5.80592918187318e+02,sinkhorn_cellsim
1.999132e+02,71901,5.00082369130571e-05,5.87806443214368e-02,5.80592922111477e+02,sinkhorn_cellsim
1.999687e+02,71921,4.99537037016971e-05,5.87806452185138e-02,5.80592926035485e+02,sinkhorn_cellsim
2.000243e+02,71941,4.98992764124299e-05,5.87806461138159e-02,5.80592929959344e+02,sinkhorn_cellsim
2.000799e+02,71961,4.98449548283076e-05,5.87806470073454e-02,5.80592933883055e+02,sinkhorn_cellsim
2.001355e+02,71981,4.97907387585861e-05,5.87806478991038e-02,5.80592937806616e+02,sinkhorn_cellsim
2.001911e+02,72001,4.97366280035635e-05,5.87806487890909e-02,5.80592941730029e+02,sinkhorn_cellsim
2.002467e+02,72021,4.96826223512831e-05,5.87806496773089e-02,5.80592945653295e+02,sinkhorn_cellsim
2.003022e+02,72041,4.96287216098072e-05,5.87806505637591e-02,5.80592949576413e+02,sinkhorn_cellsim
2.003578e+02,72061,4.95749255745169e-05,5.87806514484419e-02,5.80592953499383e+02,sinkhorn_cellsim
2.004134e+02,72081,4.95212340474568e-05,5.87806523313574e-02,5.80592957422208e+02,sinkhorn_cellsim
2.004690e+02,72101,4.94676468283441e-05,5.87806532125090e-02,5.80592961344885e+02,sinkhorn_cellsim
2.005246e+02,72121,4.94141637177356e-05,5.87806540918953e-02,5.80592965267417e+02,sinkhorn_cellsim
2.005801e+02,72141,4.93607845221578e-05,5.87806549695180e-02,5.80592969189804e+02,sinkhorn_cellsim
2.006357e+02,72161,4.93075090412567e-05,5.87806558453789e-02,5.80592973112045e+02,sinkhorn_cellsim
2.006913e+02,72181,4.92543370798117e-05,5.87806567194768e-02,5.80592977034141e+02,sinkhorn_cellsim
2.007469e+02,72201,4.92012684354521e-05,5.87806575918154e-02,5.80592980956093e+02,sinkhorn_cellsim
2.008025e+02,72221,4.91483029237347e-05,5.87806584623925e-02,5.80592984877901e+02,sinkhorn_cellsim
2.008580e+02,72241,4.90954403356586e-05,5.87806593312109e-02,5.80592988799566e+02,sinkhorn_cellsim
2.009136e+02,72261,4.90426804833294e-05,5.87806601982711e-02,5.80592992721087e+02,sinkhorn_cellsim
2.009692e+02,72281,4.89900231767015e-05,5.87806610635724e-02,5.80592996642465e+02,sinkhorn_cellsim
2.010248e+02,72301,4.89374682118080e-05,5.87806619271166e-02,5.80593000563700e+02,sinkhorn_cellsim
2.010804e+02,72321,4.88850154080560e-05,5.87806627889041e-02,5.80593004484793e+02,sinkhorn_cellsim
2.011360e+02,72341,4.88326645595548e-05,5.87806636489353e-02,5.80593008405745e+02,sinkhorn_cellsim
2.011915e+02,72361,4.87804154838256e-05,5.87806645072108e-02,5.80593012326555e+02,sinkhorn_cellsim
2.012471e+02,72381,4.87282679868365e-05,5.87806653637308e-02,5.80593016247223e+02,sinkhorn_cellsim
2.013027e+02,72401,4.86762218749647e-05,5.87806662184965e-02,5.80593020167751e+02,sinkhorn_cellsim
2.013583e+02,72421,4.86242769519816e-05,5.87806670715080e-02,5.80593024088138e+02,sinkhorn_cellsim
2.014139e+02,72441,4.85724330414345e-05,5.87806679227655e-02,5.80593028008385e+02,sinkhorn_cellsim
2.014695e+02,72461,4.85206899396517e-05,5.87806687722693e-02,5.80593031928492e+02,sinkhorn_cellsim
2.015251e+02,72481,4.84690474637500e-05,5.87806696200202e-02,5.80593035848460e+02,sinkhorn_cellsim
2.015806e+02,72501,4.84175054239433e-05,5.87806704660188e-02,5.80593039768288e+02,sinkhorn_cellsim
2.016362e+02,72521,4.83660636313332e-05,5.87806713102638e-02,5.80593043687978e+02,sinkhorn_cellsim
2.016918e+02,72541,4.83147218927993e-05,5.87806721527578e-02,5.80593047607529e+02,sinkhorn_cellsim
2.017474e+02,72561,4.82634800286197e-05,5.87806729934995e-02,5.80593051526942e+02,sinkhorn_cellsim
2.018030e+02,72581,4.82123378513938e-05,5.87806738324886e-02,5.80593055446216e+02,sinkhorn_cellsim
2.018585e+02,72601,4.81612951695036e-05,5.87806746697260e-02,5.80593059365353e+02,sinkhorn_cellsim
2.019141e+02,72621,4.81103517917229e-05,5.87806755052137e-02,5.80593063284353e+02,sinkhorn_cellsim
2.019697e+02,72641,4.80595075429597e-05,5.87806763389471e-02,5.80593067203216e+02,sinkhorn_cellsim
2.020253e+02,72661,4.80087622313123e-05,5.87806771709310e-02,5.80593071121943e+02,sinkhorn_cellsim
2.020809e+02,72681,4.79581156744680e-05,5.87806780011630e-02,5.80593075040533e+02,sinkhorn_cellsim
2.021364e+02,72701,4.79075676831635e-05,5.87806788296433e-02,5.80593078958986e+02,sinkhorn_cellsim
2.021920e+02,72721,4.78571180717606e-05,5.87806796563722e-02,5.80593082877304e+02,sinkhorn_cellsim
2.022476e+02,72741,4.78067666651467e-05,5.87806804813496e-02,5.80593086795487e+02,sinkhorn_cellsim
2.023032e+02,72761,4.77565132736072e-05,5.87806813045758e-02,5.80593090713534e+02,sinkhorn_cellsim
2.023588e+02,72781,4.77063577138430e-05,5.87806821260496e-02,5.80593094631446e+02,sinkhorn_cellsim
2.024144e+02,72801,4.76562998032366e-05,5.87806829457724e-02,5.80593098549224e+02,sinkhorn_cellsim
2.024699e+02,72821,4.76063393618819e-05,5.87806837637426e-02,5.80593102466867e+02,sinkhorn_cellsim
2.025255e+02,72841,4.75564762028974e-05,5.87806845799610e-02,5.80593106384377e+02,sinkhorn_cellsim
2.025811e+02,72861,4.75067101462659e-05,5.87806853944253e-02,5.80593110301752e+02,sinkhorn_cellsim
2.026367e+02,72881,4.74570410098689e-05,5.87806862071383e-02,5.80593114218994e+02,sinkhorn_cellsim
2.026923e+02,72901,4.74074686210356e-05,5.87806870180974e-02,5.80593118136103e+02,sinkhorn_cellsim
2.027478e+02,72921,4.73579927893454e-05,5.87806878273030e-02,5.80593122053078e+02,sinkhorn_cellsim
2.028034e+02,72941,4.73086133390120e-05,5.87806886347549e-02,5.80593125969921e+02,sinkhorn_cellsim
2.028590e+02,72961,4.72593300867548e-05,5.87806894404526e-02,5.80593129886632e+02,sinkhorn_cellsim
2.029146e+02,72981,4.72101428548756e-05,5.87806902443942e-02,5.80593133803210e+02,sinkhorn_cellsim
2.029702e+02,73001,4.71610514602327e-05,5.87806910465831e-02,5.80593137719656e+02,sinkhorn_cellsim
2.030258e+02,73021,4.71120557307772e-05,5.87806918470148e-02,5.80593141635971e+02,sinkhorn_cellsim
2.030813e+02,73041,4.70631554899640e-05,5.87806926456902e-02,5.80593145552154e+02,sinkhorn_cellsim
2.031369e+02,73061,4.70143505532995e-05,5.87806934426085e-02,5.80593149468205e+02,sinkhorn_cellsim
2.031925e+02,73081,4.69656407388604e-05,5.87806942377711e-02,5.80593153384126e+02,sinkhorn_cellsim
2.032481e+02,73101,4.69170258765947e-05,5.87806950311744e-02,5.80593157299916e+02,sinkhorn_cellsim
2.033037e+02,73121,4.68685057942644e-05,5.87806958228175e-02,5.80593161215576e+02,sinkhorn_cellsim
2.033593e+02,73141,4.68200802972152e-05,5.87806966127036e-02,5.80593165131105e+02,sinkhorn_cellsim
2.034148e+02,73161,4.67717492269553e-05,5.87806974008285e-02,5.80593169046504e+02,sinkhorn_cellsim
2.034704e+02,73181,4.67235123989424e-05,5.87806981871934e-02,5.80593172961774e+02,sinkhorn_cellsim
2.035260e+02,73201,4.66753696418716e-05,5.87806989717961e-02,5.80593176876914e+02,sinkhorn_cellsim
2.035816e+02,73221,4.66273207759398e-05,5.87806997546365e-02,5.80593180791924e+02,sinkhorn_cellsim
2.036372e+02,73241,4.65793656224928e-05,5.87807005357137e-02,5.80593184706805e+02,sinkhorn_cellsim
2.036927e+02,73261,4.65315040127272e-05,5.87807013150270e-02,5.80593188621558e+02,sinkhorn_cellsim
2.037483e+02,73281,4.64837357731022e-05,5.87807020925753e-02,5.80593192536181e+02,sinkhorn_cellsim
2.038039e+02,73301,4.64360607256215e-05,5.87807028683581e-02,5.80593196450677e+02,sinkhorn_cellsim
2.038595e+02,73321,4.63884786999616e-05,5.87807036423745e-02,5.80593200365043e+02,sinkhorn_cellsim
2.039151e+02,73341,4.63409895178664e-05,5.87807044146219e-02,5.80593204279282e+02,sinkhorn_cellsim
2.039707e+02,73361,4.62935930111975e-05,5.87807051851020e-02,5.80593208193393e+02,sinkhorn_cellsim
2.040264e+02,73381,4.62462889994511e-05,5.87807059538112e-02,5.80593212107376e+02,sinkhorn_cellsim
2.040819e+02,73401,4.61990773206876e-05,5.87807067207492e-02,5.80593216021232e+02,sinkhorn_cellsim
2.041375e+02,73421,4.61519577900296e-05,5.87807074859159e-02,5.80593219934960e+02,sinkhorn_cellsim
2.041931e+02,73441,4.61049302446469e-05,5.87807082493100e-02,5.80593223848562e+02,sinkhorn_cellsim
2.042487e+02,73461,4.60579945107690e-05,5.87807090109303e-02,5.80593227762036e+02,sinkhorn_cellsim
2.043042e+02,73481,4.60111504178105e-05,5.87807097707742e-02,5.80593231675384e+02,sinkhorn_cellsim
2.043598e+02,73501,4.59643977849067e-05,5.87807105288422e-02,5.80593235588605e+02,sinkhorn_cellsim
2.044154e+02,73521,4.59177364564054e-05,5.87807112851326e-02,5.80593239501699e+02,sinkhorn_cellsim
2.044710e+02,73541,4.58711662516876e-05,5.87807120396438e-02,5.80593243414668e+02,sinkhorn_cellsim
2.045266e+02,73561,4.58246870014179e-05,5.87807127923748e-02,5.80593247327510e+02,sinkhorn_cellsim
2.045821e+02,73581,4.57782985356647e-05,5.87807135433245e-02,5.80593251240227e+02,sinkhorn_cellsim
2.046377e+02,73601,4.57320006865382e-05,5.87807142924916e-02,5.80593255152818e+02,sinkhorn_cellsim
2.046933e+02,73621,4.56857932855569e-05,5.87807150398746e-02,5.80593259065283e+02,sinkhorn_cellsim
2.047489e+02,73641,4.56396761621598e-05,5.87807157854712e-02,5.80593262977623e+02,sinkhorn_cellsim
2.048044e+02,73661,4.55936857567727e-05,5.87807165292809e-02,5.80593266889838e+02,sinkhorn_cellsim
2.048600e+02,73681,4.55478316831748e-05,5.87807172713026e-02,5.80593270801928e+02,sinkhorn_cellsim
2.049156e+02,73701,4.55020671191060e-05,5.87807180115350e-02,5.80593274713893e+02,sinkhorn_cellsim
2.049712e+02,73721,4.54564408703720e-05,5.87807187499757e-02,5.80593278625733e+02,sinkhorn_cellsim
2.050268e+02,73741,4.54111009340231e-05,5.87807194866233e-02,5.80593282537449e+02,sinkhorn_cellsim
2.050823e+02,73761,4.53658906868304e-05,5.87807202214774e-02,5.80593286449040e+02,sinkhorn_cellsim
2.051379e+02,73781,4.53207683895614e-05,5.87807209545345e-02,5.80593290360507e+02,sinkhorn_cellsim
2.051935e+02,73801,4.52757338694615e-05,5.87807216857949e-02,5.80593294271849e+02,sinkhorn_cellsim
2.052491e+02,73821,4.52307869625909e-05,5.87807224152573e-02,5.80593298183068e+02,sinkhorn_cellsim
2.053046e+02,73841,4.51859866001581e-05,5.87807231429186e-02,5.80593302094163e+02,sinkhorn_cellsim
2.053602e+02,73861,4.51413611443401e-05,5.87807238687766e-02,5.80593306005134e+02,sinkhorn_cellsim
2.054158e+02,73881,4.50968376257652e-05,5.87807245928316e-02,5.80593309915981e+02,sinkhorn_cellsim
2.054714e+02,73901,4.50524743712945e-05,5.87807253150813e-02,5.80593313826705e+02,sinkhorn_cellsim
2.055269e+02,73921,4.50083534072778e-05,5.87807260355227e-02,5.80593317737306e+02,sinkhorn_cellsim
2.055825e+02,73941,4.49644613132013e-05,5.87807267541562e-02,5.80593321647783e+02,sinkhorn_cellsim
2.056381e+02,73961,4.49206597844758e-05,5.87807274709784e-02,5.80593325558137e+02,sinkhorn_cellsim
2.056937e+02,73981,4.48770787505275e-05,5.87807281859884e-02,5.80593329468368e+02,sinkhorn_cellsim
2.057492e+02,74001,4.48336431575011e-05,5.87807288991838e-02,5.80593333378476e+02,sinkhorn_cellsim
2.058048e+02,74021,4.47902912601765e-05,5.87807296105643e-02,5.80593337288462e+02,sinkhorn_cellsim
2.058604e+02,74041,4.47470228949531e-05,5.87807303201256e-02,5.80593341198324e+02,sinkhorn_cellsim
2.059160e+02,74061,4.47038379134365e-05,5.87807310278675e-02,5.80593345108064e+02,sinkhorn_cellsim
2.059715e+02,74081,4.46607361551803e-05,5.87807317337880e-02,5.80593349017682e+02,sinkhorn_cellsim
2.060271e+02,74101,4.46177174659723e-05,5.87807324378844e-02,5.80593352927177e+02,sinkhorn_cellsim
2.060827e+02,74121,4.45747816873449e-05,5.87807331401568e-02,5.80593356836550e+02,sinkhorn_cellsim
2.061383e+02,74141,4.45319286663201e-05,5.87807338406010e-02,5.80593360745801e+02,sinkhorn_cellsim
2.061938e+02,74161,4.44891582444335e-05,5.87807345392165e-02,5.80593364654929e+02,sinkhorn_cellsim
2.062494e+02,74181,4.44464702674252e-05,5.87807352360016e-02,5.80593368563936e+02,sinkhorn_cellsim
2.063050e+02,74201,4.44038645905120e-05,5.87807359309521e-02,5.80593372472820e+02,sinkhorn_cellsim
2.063606e+02,74221,4.43613410487011e-05,5.87807366240674e-02,5.80593376381583e+02,sinkhorn_cellsim
2.064162e+02,74241,4.43188994892180e-05,5.87807373153465e-02,5.80593380290224e+02,sinkhorn_cellsim
2.064717e+02,74261,4.42765397585147e-05,5.87807380047859e-02,5.80593384198743e+02,sinkhorn_cellsim
2.065273e+02,74281,4.42342617052661e-05,5.87807386923853e-02,5.80593388107141e+02,sinkhorn_cellsim
2.065829e+02,74301,4.41920651760023e-05,5.87807393781401e-02,5.80593392015417e+02,sinkhorn_cellsim
2.066385e+02,74321,4.41499500153799e-05,5.87807400620513e-02,5.80593395923572e+02,sinkhorn_cellsim
2.066941e+02,74341,4.41079160687836e-05,5.87807407441144e-02,5.80593399831605e+02,sinkhorn_cellsim
2.067496e+02,74361,4.40659631891038e-05,5.87807414243287e-02,5.80593403739517e+02,sinkhorn_cellsim
2.068052e+02,74381,4.40240912233663e-05,5.87807421026904e-02,5.80593407647308e+02,sinkhorn_cellsim
2.068608e+02,74401,4.39823000119845e-05,5.87807427791999e-02,5.80593411554977e+02,sinkhorn_cellsim
2.069163e+02,74421,4.39405894053116e-05,5.87807434538530e-02,5.80593415462525e+02,sinkhorn_cellsim
2.069719e+02,74441,4.38989592626006e-05,5.87807441266490e-02,5.80593419369952e+02,sinkhorn_cellsim
2.070275e+02,74461,4.38574094220665e-05,5.87807447975838e-02,5.80593423277258e+02,sinkhorn_cellsim
2.070831e+02,74481,4.38159397291968e-05,5.87807454666583e-02,5.80593427184443e+02,sinkhorn_cellsim
2.071386e+02,74501,4.37745500396906e-05,5.87807461338678e-02,5.80593431091507e+02,sinkhorn_cellsim
2.071942e+02,74521,4.37332402004389e-05,5.87807467992110e-02,5.80593434998450e+02,sinkhorn_cellsim
2.072498e+02,74541,4.36920100561456e-05,5.87807474626865e-02,5.80593438905273e+02,sinkhorn_cellsim
2.073054e+02,74561,4.36508594691967e-05,5.87807481242906e-02,5.80593442811974e+02,sinkhorn_cellsim
2.073610e+02,74581,4.36097882773223e-05,5.87807487840219e-02,5.80593446718555e+02,sinkhorn_cellsim
2.074165e+02,74601,4.35687963392140e-05,5.87807494418782e-02,5.80593450625014e+02,sinkhorn_cellsim
2.074721e+02,74621,4.35278834940080e-05,5.87807500978578e-02,5.80593454531353e+02,sinkhorn_cellsim
2.075277e+02,74641,4.34870496003178e-05,5.87807507519575e-02,5.80593458437572e+02,sinkhorn_cellsim
2.075833e+02,74661,4.34462945112343e-05,5.87807514041759e-02,5.80593462343669e+02,sinkhorn_cellsim
2.076388e+02,74681,4.34056180685959e-05,5.87807520545106e-02,5.80593466249646e+02,sinkhorn_cellsim
2.076944e+02,74701,4.33650201307947e-05,5.87807527029593e-02,5.80593470155502e+02,sinkhorn_cellsim
2.077500e+02,74721,4.33245005508303e-05,5.87807533495202e-02,5.80593474061238e+02,sinkhorn_cellsim
2.078056e+02,74741,4.32840591709720e-05,5.87807539941904e-02,5.80593477966853e+02,sinkhorn_cellsim
2.078612e+02,74761,4.32436958469503e-05,5.87807546369686e-02,5.80593481872348e+02,sinkhorn_cellsim
2.079167e+02,74781,4.32034104363468e-05,5.87807552778513e-02,5.80593485777722e+02,sinkhorn_cellsim
2.079723e+02,74801,4.31632027826307e-05,5.87807559168379e-02,5.80593489682975e+02,sinkhorn_cellsim
2.080279e+02,74821,4.31230727445924e-05,5.87807565539244e-02,5.80593493588108e+02,sinkhorn_cellsim
2.080835e+02,74841,4.30830201749752e-05,5.87807571891111e-02,5.80593497493120e+02,sinkhorn_cellsim
2.081391e+02,74861,4.30430449248291e-05,5.87807578223933e-02,5.80593501398012e+02,sinkhorn_cellsim
2.081947e+02,74881,4.30031468468303e-05,5.87807584537690e-02,5.80593505302783e+02,sinkhorn_cellsim
2.082502e+02,74901,4.29633257914595e-05,5.87807590832383e-02,5.80593509207434e+02,sinkhorn_cellsim
2.083058e+02,74921,4.29235816145690e-05,5.87807597107971e-02,5.80593513111964e+02,sinkhorn_cellsim
2.083614e+02,74941,4.28839141741399e-05,5.87807603364435e-02,5.80593517016373e+02,sinkhorn_cellsim
2.084170e+02,74961,4.28443233204875e-05,5.87807609601754e-02,5.80593520920662e+02,sinkhorn_cellsim
2.084725e+02,74981,4.28048089030974e-05,5.87807615819923e-02,5.80593524824830e+02,sinkhorn_cellsim
2.085281e+02,75001,4.27653707820567e-05,5.87807622018888e-02,5.80593528728878e+02,sinkhorn_cellsim
2.085837e+02,75021,4.27260088115447e-05,5.87807628198655e-02,5.80593532632805e+02,sinkhorn_cellsim
2.086393e+02,75041,4.26867228457527e-05,5.87807634359192e-02,5.80593536536612e+02,sinkhorn_cellsim
2.086948e+02,75061,4.26475127377117e-05,5.87807640500484e-02,5.80593540440298e+02,sinkhorn_cellsim
2.087504e+02,75081,4.26083783440611e-05,5.87807646622497e-02,5.80593544343863e+02,sinkhorn_cellsim
2.088060e+02,75101,4.25693195212814e-05,5.87807652725227e-02,5.80593548247307e+02,sinkhorn_cellsim
2.088616e+02,75121,4.25303361230620e-05,5.87807658808646e-02,5.80593552150631e+02,sinkhorn_cellsim
2.089172e+02,75141,4.24914280004374e-05,5.87807664872730e-02,5.80593556053835e+02,sinkhorn_cellsim
2.089727e+02,75161,4.24525950195828e-05,5.87807670917465e-02,5.80593559956917e+02,sinkhorn_cellsim
2.090283e+02,75181,4.24138370307125e-05,5.87807676942825e-02,5.80593563859878e+02,sinkhorn_cellsim
2.090839e+02,75201,4.23751538894161e-05,5.87807682948795e-02,5.80593567762719e+02,sinkhorn_cellsim
2.091395e+02,75221,4.23365454594601e-05,5.87807688935349e-02,5.80593571665439e+02,sinkhorn_cellsim
2.091951e+02,75241,4.22980115858681e-05,5.87807694902484e-02,5.80593575568038e+02,sinkhorn_cellsim
2.092507e+02,75261,4.22595521262772e-05,5.87807700850158e-02,5.80593579470516e+02,sinkhorn_cellsim
2.093062e+02,75281,4.22211669537265e-05,5.87807706778368e-02,5.80593583372873e+02,sinkhorn_cellsim
2.093618e+02,75301,4.21828559095650e-05,5.87807712687092e-02,5.80593587275109e+02,sinkhorn_cellsim
2.094174e+02,75321,4.21446188602689e-05,5.87807718576304e-02,5.80593591177225e+02,sinkhorn_cellsim
2.094730e+02,75341,4.21064556557545e-05,5.87807724446004e-02,5.80593595079219e+02,sinkhorn_cellsim
2.095286e+02,75361,4.20683661559270e-05,5.87807730296153e-02,5.80593598981092e+02,sinkhorn_cellsim
2.095841e+02,75381,4.20303502281999e-05,5.87807736126745e-02,5.80593602882843e+02,sinkhorn_cellsim
2.096397e+02,75401,4.19924077157526e-05,5.87807741937757e-02,5.80593606784474e+02,sinkhorn_cellsim
2.096953e+02,75421,4.19545384932240e-05,5.87807747729181e-02,5.80593610685983e+02,sinkhorn_cellsim
2.097509e+02,75441,4.19167424044183e-05,5.87807753500999e-02,5.80593614587371e+02,sinkhorn_cellsim
2.098064e+02,75461,4.18790193203985e-05,5.87807759253184e-02,5.80593618488637e+02,sinkhorn_cellsim
2.098620e+02,75481,4.18413690875971e-05,5.87807764985721e-02,5.80593622389782e+02,sinkhorn_cellsim
2.099176e+02,75501,4.18037915783764e-05,5.87807770698609e-02,5.80593626290805e+02,sinkhorn_cellsim
2.099732e+02,75521,4.17664018292208e-05,5.87807776391818e-02,5.80593630191707e+02,sinkhorn_cellsim
2.100288e+02,75541,4.17292818807993e-05,5.87807782065349e-02,5.80593634092488e+02,sinkhorn_cellsim
2.100843e+02,75561,4.16922335246730e-05,5.87807787719168e-02,5.80593637993146e+02,sinkhorn_cellsim
2.101399e+02,75581,4.16552566103973e-05,5.87807793353275e-02,5.80593641893683e+02,sinkhorn_cellsim
2.101955e+02,75601,4.16183510067343e-05,5.87807798967648e-02,5.80593645794098e+02,sinkhorn_cellsim
2.102511e+02,75621,4.15815165623239e-05,5.87807804562281e-02,5.80593649694391e+02,sinkhorn_cellsim
2.103067e+02,75641,4.15447531478487e-05,5.87807810137158e-02,5.80593653594563e+02,sinkhorn_cellsim
2.103622e+02,75661,4.15080606177853e-05,5.87807815692272e-02,5.80593657494612e+02,sinkhorn_cellsim
2.104178e+02,75681,4.14714388380411e-05,5.87807821227599e-02,5.80593661394539e+02,sinkhorn_cellsim
2.104734e+02,75701,4.14348876611006e-05,5.87807826743139e-02,5.80593665294344e+02,sinkhorn_cellsim
2.105290e+02,75721,4.13984069489108e-05,5.87807832238875e-02,5.80593669194026e+02,sinkhorn_cellsim
2.105846e+02,75741,4.13619965637444e-05,5.87807837714801e-02,5.80593673093587e+02,sinkhorn_cellsim
2.106401e+02,75761,4.13256563700246e-05,5.87807843170904e-02,5.80593676993025e+02,sinkhorn_cellsim
2.106957e+02,75781,4.12893862224309e-05,5.87807848607178e-02,5.80593680892341e+02,sinkhorn_cellsim
2.107513e+02,75801,4.12531859884387e-05,5.87807854023606e-02,5.80593684791534e+02,sinkhorn_cellsim
2.108069e+02,75821,4.12170555294530e-05,5.87807859420189e-02,5.80593688690604e+02,sinkhorn_cellsim
2.108624e+02,75841,4.11809947022564e-05,5.87807864796925e-02,5.80593692589552e+02,sinkhorn_cellsim
2.109180e+02,75861,4.11450033760222e-05,5.87807870153787e-02,5.80593696488377e+02,sinkhorn_cellsim
2.109736e+02,75881,4.11090814083693e-05,5.87807875490786e-02,5.80593700387079e+02,sinkhorn_cellsim
2.110292e+02,75901,4.10732286572456e-05,5.87807880807914e-02,5.80593704285659e+02,sinkhorn_cellsim
2.110848e+02,75921,4.10375082822162e-05,5.87807886105161e-02,5.80593708184115e+02,sinkhorn_cellsim
2.111403e+02,75941,4.10020318757031e-05,5.87807891382521e-02,5.80593712082448e+02,sinkhorn_cellsim
2.111959e+02,75961,4.09668085166106e-05,5.87807896640003e-02,5.80593715980658e+02,sinkhorn_cellsim
2.112515e+02,75981,4.09316611664242e-05,5.87807901877585e-02,5.80593719878745e+02,sinkhorn_cellsim
2.113071e+02,76001,4.08965813775365e-05,5.87807907095275e-02,5.80593723776709e+02,sinkhorn_cellsim
2.113626e+02,76021,4.08615690206373e-05,5.87807912293077e-02,5.80593727674549e+02,sinkhorn_cellsim
2.114182e+02,76041,4.08266239540018e-05,5.87807917470980e-02,5.80593731572265e+02,sinkhorn_cellsim
2.114738e+02,76061,4.07917460427556e-05,5.87807922628991e-02,5.80593735469858e+02,sinkhorn_cellsim
2.115294e+02,76081,4.07569351473536e-05,5.87807927767103e-02,5.80593739367328e+02,sinkhorn_cellsim
2.115849e+02,76101,4.07221911336449e-05,5.87807932885326e-02,5.80593743264673e+02,sinkhorn_cellsim
2.116405e+02,76121,4.06875138655576e-05,5.87807937983651e-02,5.80593747161895e+02,sinkhorn_cellsim
2.116961e+02,76141,4.06529032062121e-05,5.87807943062095e-02,5.80593751058993e+02,sinkhorn_cellsim
2.117517e+02,76161,4.06183590188418e-05,5.87807948120653e-02,5.80593754955967e+02,sinkhorn_cellsim
2.118073e+02,76181,4.05838811754717e-05,5.87807953159325e-02,5.80593758852817e+02,sinkhorn_cellsim
2.118629e+02,76201,4.05494695273528e-05,5.87807958178130e-02,5.80593762749543e+02,sinkhorn_cellsim
2.119184e+02,76221,4.05151239530849e-05,5.87807963177059e-02,5.80593766646144e+02,sinkhorn_cellsim
2.119740e+02,76241,4.04808443054044e-05,5.87807968156131e-02,5.80593770542621e+02,sinkhorn_cellsim
2.120296e+02,76261,4.04466304577404e-05,5.87807973115349e-02,5.80593774438974e+02,sinkhorn_cellsim
2.120852e+02,76281,4.04124822767955e-05,5.87807978054716e-02,5.80593778335202e+02,sinkhorn_cellsim
2.121407e+02,76301,4.03783996252644e-05,5.87807982974256e-02,5.80593782231305e+02,sinkhorn_cellsim
2.121963e+02,76321,4.03443823678286e-05,5.87807987873967e-02,5.80593786127284e+02,sinkhorn_cellsim
2.122519e+02,76341,4.03104303738794e-05,5.87807992753863e-02,5.80593790023138e+02,sinkhorn_cellsim
2.123075e+02,76361,4.02765435101676e-05,5.87807997613961e-02,5.80593793918867e+02,sinkhorn_cellsim
2.123631e+02,76381,4.02427216434502e-05,5.87808002454273e-02,5.80593797814471e+02,sinkhorn_cellsim
2.124301e+02,76401,4.02089646369958e-05,5.87808007274814e-02,5.80593801709950e+02,sinkhorn_cellsim
2.124857e+02,76421,4.01752723663086e-05,5.87808012075592e-02,5.80593805605304e+02,sinkhorn_cellsim
2.125413e+02,76441,4.01416446913701e-05,5.87808016856636e-02,5.80593809500533e+02,sinkhorn_cellsim
2.125969e+02,76461,4.01080814842450e-05,5.87808021617951e-02,5.80593813395636e+02,sinkhorn_cellsim
2.126524e+02,76481,4.00745826069584e-05,5.87808026359570e-02,5.80593817290614e+02,sinkhorn_cellsim
2.127080e+02,76501,4.00411479367837e-05,5.87808031081494e-02,5.80593821185467e+02,sinkhorn_cellsim
2.127636e+02,76521,4.00077773433385e-05,5.87808035783754e-02,5.80593825080194e+02,sinkhorn_cellsim
2.128192e+02,76541,3.99744706827094e-05,5.87808040466375e-02,5.80593828974796e+02,sinkhorn_cellsim
2.128748e+02,76561,3.99412278354428e-05,5.87808045129378e-02,5.80593832869271e+02,sinkhorn_cellsim
2.129303e+02,76581,3.99080486671720e-05,5.87808049772779e-02,5.80593836763621e+02,sinkhorn_cellsim
2.129859e+02,76601,3.98749330423659e-05,5.87808054396611e-02,5.80593840657845e+02,sinkhorn_cellsim
2.130415e+02,76621,3.98418808345251e-05,5.87808059000904e-02,5.80593844551944e+02,sinkhorn_cellsim
2.130971e+02,76641,3.98088919217149e-05,5.87808063585669e-02,5.80593848445916e+02,sinkhorn_cellsim
2.131526e+02,76661,3.97759661625878e-05,5.87808068150950e-02,5.80593852339762e+02,sinkhorn_cellsim
2.132082e+02,76681,3.97431034362999e-05,5.87808072696763e-02,5.80593856233482e+02,sinkhorn_cellsim
2.132638e+02,76701,3.97103036062503e-05,5.87808077223162e-02,5.80593860127075e+02,sinkhorn_cellsim
2.133193e+02,76721,3.96775665483745e-05,5.87808081730147e-02,5.80593864020542e+02,sinkhorn_cellsim
2.133749e+02,76741,3.96448921323445e-05,5.87808086217774e-02,5.80593867913883e+02,sinkhorn_cellsim
2.134305e+02,76761,3.96122802283742e-05,5.87808090686078e-02,5.80593871807098e+02,sinkhorn_cellsim
2.134861e+02,76781,3.95797307060793e-05,5.87808095135079e-02,5.80593875700186e+02,sinkhorn_cellsim
2.135416e+02,76801,3.95472434397266e-05,5.87808099564825e-02,5.80593879593147e+02,sinkhorn_cellsim
2.135972e+02,76821,3.95148183052445e-05,5.87808103975349e-02,5.80593883485982e+02,sinkhorn_cellsim
2.136528e+02,76841,3.94824551691599e-05,5.87808108366693e-02,5.80593887378689e+02,sinkhorn_cellsim
2.137083e+02,76861,3.94501539060257e-05,5.87808112738902e-02,5.80593891271271e+02,sinkhorn_cellsim
2.137639e+02,76881,3.94179143884566e-05,5.87808117092006e-02,5.80593895163725e+02,sinkhorn_cellsim
2.138195e+02,76901,3.93857364886568e-05,5.87808121426059e-02,5.80593899056052e+02,sinkhorn_cellsim
2.138751e+02,76921,3.93536200829501e-05,5.87808125741097e-02,5.80593902948252e+02,sinkhorn_cellsim
2.139307e+02,76941,3.93215650423665e-05,5.87808130037185e-02,5.80593906840326e+02,sinkhorn_cellsim
2.139862e+02,76961,3.92895712360075e-05,5.87808134314346e-02,5.80593910732272e+02,sinkhorn_cellsim
2.140418e+02,76981,3.92576385395524e-05,5.87808138572640e-02,5.80593914624091e+02,sinkhorn_cellsim
2.140974e+02,77001,3.92257668398409e-05,5.87808142812109e-02,5.80593918515783e+02,sinkhorn_cellsim
2.141529e+02,77021,3.91939559940222e-05,5.87808147032813e-02,5.80593922407347e+02,sinkhorn_cellsim
2.142085e+02,77041,3.91622058819642e-05,5.87808151234811e-02,5.80593926298784e+02,sinkhorn_cellsim
2.142641e+02,77061,3.91305163846081e-05,5.87808155418132e-02,5.80593930190094e+02,sinkhorn_cellsim
2.143197e+02,77081,3.90988873651295e-05,5.87808159582853e-02,5.80593934081277e+02,sinkhorn_cellsim
2.143752e+02,77101,3.90673187111152e-05,5.87808163729029e-02,5.80593937972332e+02,sinkhorn_cellsim
2.144308e+02,77121,3.90358102896521e-05,5.87808167856705e-02,5.80593941863259e+02,sinkhorn_cellsim
2.144864e+02,77141,3.90043619789623e-05,5.87808171965960e-02,5.80593945754059e+02,sinkhorn_cellsim
2.145419e+02,77161,3.89729736541628e-05,5.87808176056834e-02,5.80593949644732e+02,sinkhorn_cellsim
2.145975e+02,77181,3.89416451905359e-05,5.87808180129405e-02,5.80593953535277e+02,sinkhorn_cellsim
2.146531e+02,77201,3.89103764673748e-05,5.87808184183722e-02,5.80593957425694e+02,sinkhorn_cellsim
2.147087e+02,77221,3.88791673597606e-05,5.87808188219866e-02,5.80593961315984e+02,sinkhorn_cellsim
2.147642e+02,77241,3.88480177394373e-05,5.87808192237899e-02,5.80593965206146e+02,sinkhorn_cellsim
2.148198e+02,77261,3.88169274887970e-05,5.87808196237882e-02,5.80593969096180e+02,sinkhorn_cellsim
2.148754e+02,77281,3.87858964858111e-05,5.87808200219888e-02,5.80593972986087e+02,sinkhorn_cellsim
2.149310e+02,77301,3.87549246046857e-05,5.87808204183986e-02,5.80593976875865e+02,sinkhorn_cellsim
2.149865e+02,77321,3.87240117176990e-05,5.87808208130257e-02,5.80593980765517e+02,sinkhorn_cellsim
2.150421e+02,77341,3.86931577146146e-05,5.87808212058765e-02,5.80593984655040e+02,sinkhorn_cellsim
2.150977e+02,77361,3.86623624656079e-05,5.87808215969594e-02,5.80593988544435e+02,sinkhorn_cellsim
2.151533e+02,77381,3.86316258442868e-05,5.87808219862818e-02,5.80593992433703e+02,sinkhorn_cellsim
2.152088e+02,77401,3.86009477401611e-05,5.87808223738504e-02,5.80593996322843e+02,sinkhorn_cellsim
2.152644e+02,77421,3.85703280242619e-05,5.87808227596749e-02,5.80594000211855e+02,sinkhorn_cellsim
2.153200e+02,77441,3.85397665759426e-05,5.87808231437627e-02,5.80594004100740e+02,sinkhorn_cellsim
2.153756e+02,77461,3.85092632764755e-05,5.87808235261221e-02,5.80594007989497e+02,sinkhorn_cellsim
2.154311e+02,77481,3.84788180061459e-05,5.87808239067605e-02,5.80594011878125e+02,sinkhorn_cellsim
2.154867e+02,77501,3.84484306393998e-05,5.87808242856878e-02,5.80594015766626e+02,sinkhorn_cellsim
2.155423e+02,77521,3.84181010581988e-05,5.87808246629123e-02,5.80594019655000e+02,sinkhorn_cellsim
2.155979e+02,77541,3.83878291433789e-05,5.87808250384435e-02,5.80594023543245e+02,sinkhorn_cellsim
2.156534e+02,77561,3.83576147725062e-05,5.87808254122893e-02,5.80594027431363e+02,sinkhorn_cellsim
2.157090e+02,77581,3.83274578254421e-05,5.87808257844597e-02,5.80594031319353e+02,sinkhorn_cellsim
2.157646e+02,77601,3.82973581891586e-05,5.87808261549635e-02,5.80594035207215e+02,sinkhorn_cellsim
2.158202e+02,77621,3.82673157339431e-05,5.87808265238104e-02,5.80594039094950e+02,sinkhorn_cellsim
2.158757e+02,77641,3.82373303503066e-05,5.87808268910094e-02,5.80594042982558e+02,sinkhorn_cellsim
2.159313e+02,77661,3.82074019088332e-05,5.87808272565719e-02,5.80594046870037e+02,sinkhorn_cellsim
2.159869e+02,77681,3.81775302995399e-05,5.87808276205062e-02,5.80594050757389e+02,sinkhorn_cellsim
2.160424e+02,77701,3.81477153994259e-05,5.87808279828226e-02,5.80594054644614e+02,sinkhorn_cellsim
2.160980e+02,77721,3.81179570940912e-05,5.87808283435308e-02,5.80594058531711e+02,sinkhorn_cellsim
2.161536e+02,77741,3.80882552614599e-05,5.87808287026433e-02,5.80594062418681e+02,sinkhorn_cellsim
2.162092e+02,77761,3.80586097844701e-05,5.87808290601686e-02,5.80594066305523e+02,sinkhorn_cellsim
2.162647e+02,77781,3.80290205433470e-05,5.87808294161178e-02,5.80594070192238e+02,sinkhorn_cellsim
2.163203e+02,77801,3.79994874201313e-05,5.87808297705021e-02,5.80594074078826e+02,sinkhorn_cellsim
2.163759e+02,77821,3.79700103062408e-05,5.87808301233320e-02,5.80594077965286e+02,sinkhorn_cellsim
2.164315e+02,77841,3.79405890777965e-05,5.87808304746188e-02,5.80594081851620e+02,sinkhorn_cellsim
2.164870e+02,77861,3.79112236114521e-05,5.87808308243732e-02,5.80594085737826e+02,sinkhorn_cellsim
2.165426e+02,77881,3.78819138011495e-05,5.87808311726074e-02,5.80594089623906e+02,sinkhorn_cellsim
2.165982e+02,77901,3.78526595260337e-05,5.87808315193319e-02,5.80594093509858e+02,sinkhorn_cellsim
2.166538e+02,77921,3.78234606678243e-05,5.87808318645595e-02,5.80594097395684e+02,sinkhorn_cellsim
2.167093e+02,77941,3.77943171140186e-05,5.87808322082999e-02,5.80594101281383e+02,sinkhorn_cellsim
2.167649e+02,77961,3.77652287450982e-05,5.87808325505678e-02,5.80594105166955e+02,sinkhorn_cellsim
2.168205e+02,77981,3.77361954465167e-05,5.87808328913739e-02,5.80594109052401e+02,sinkhorn_cellsim
2.168761e+02,78001,3.77072171031460e-05,5.87808332307291e-02,5.80594112937721e+02,sinkhorn_cellsim
2.169316e+02,78021,3.76782936018342e-05,5.87808335686485e-02,5.80594116822914e+02,sinkhorn_cellsim
2.169872e+02,78041,3.76494248214418e-05,5.87808339051421e-02,5.80594120707980e+02,sinkhorn_cellsim
2.170428e+02,78061,3.76206106451264e-05,5.87808342402244e-02,5.80594124592921e+02,sinkhorn_cellsim
2.170983e+02,78081,3.75918509760176e-05,5.87808345739056e-02,5.80594128477735e+02,sinkhorn_cellsim
2.171539e+02,78101,3.75631456804395e-05,5.87808349062010e-02,5.80594132362424e+02,sinkhorn_cellsim
2.172095e+02,78121,3.75344946489440e-05,5.87808352371225e-02,5.80594136246987e+02,sinkhorn_cellsim
2.172651e+02,78141,3.75058977690120e-05,5.87808355666828e-02,5.80594140131424e+02,sinkhorn_cellsim
2.173206e+02,78161,3.74773549249054e-05,5.87808358948961e-02,5.80594144015736e+02,sinkhorn_cellsim
2.173762e+02,78181,3.74488660021415e-05,5.87808362217761e-02,5.80594147899922e+02,sinkhorn_cellsim
2.174318e+02,78201,3.74204308937482e-05,5.87808365473342e-02,5.80594151783983e+02,sinkhorn_cellsim
2.174873e+02,78221,3.73920494774360e-05,5.87808368715865e-02,5.80594155667918e+02,sinkhorn_cellsim
2.175429e+02,78241,3.73637216504463e-05,5.87808371945443e-02,5.80594159551729e+02,sinkhorn_cellsim
2.175985e+02,78261,3.73354472857234e-05,5.87808375162230e-02,5.80594163435415e+02,sinkhorn_cellsim
2.176541e+02,78281,3.73072262799279e-05,5.87808378366363e-02,5.80594167318976e+02,sinkhorn_cellsim
2.177096e+02,78301,3.72790585172295e-05,5.87808381557983e-02,5.80594171202413e+02,sinkhorn_cellsim
2.177652e+02,78321,3.72509438862580e-05,5.87808384737229e-02,5.80594175085725e+02,sinkhorn_cellsim
2.178208e+02,78341,3.72228822749045e-05,5.87808387904240e-02,5.80594178968913e+02,sinkhorn_cellsim
2.178764e+02,78361,3.71948735734869e-05,5.87808391059164e-02,5.80594182851976e+02,sinkhorn_cellsim
2.179319e+02,78381,3.71669176658971e-05,5.87808394202156e-02,5.80594186734917e+02,sinkhorn_cellsim
2.179875e+02,78401,3.71390144408970e-05,5.87808397333353e-02,5.80594190617733e+02,sinkhorn_cellsim
2.180431e+02,78421,3.71111637861267e-05,5.87808400452890e-02,5.80594194500425e+02,sinkhorn_cellsim
2.180987e+02,78441,3.70833655959933e-05,5.87808403560934e-02,5.80594198382995e+02,sinkhorn_cellsim
2.181542e+02,78461,3.70556197526270e-05,5.87808406657625e-02,5.80594202265441e+02,sinkhorn_cellsim
2.182098e+02,78481,3.70279261488183e-05,5.87808409743118e-02,5.80594206147764e+02,sinkhorn_cellsim
2.182654e+02,78501,3.70002846706622e-05,5.87808412817555e-02,5.80594210029964e+02,sinkhorn_cellsim
2.183210e+02,78521,3.69726952142189e-05,5.87808415881093e-02,5.80594213912042e+02,sinkhorn_cellsim
2.183765e+02,78541,3.69451576639299e-05,5.87808418933891e-02,5.80594217793997e+02,sinkhorn_cellsim
2.184321e+02,78561,3.69176719097947e-05,5.87808421976088e-02,5.80594221675830e+02,sinkhorn_cellsim
2.184877e+02,78581,3.68902378388990e-05,5.87808425007854e-02,5.80594225557541e+02,sinkhorn_cellsim
2.185432e+02,78601,3.68628553506891e-05,5.87808428029336e-02,5.80594229439130e+02,sinkhorn_cellsim
2.185988e+02,78621,3.68355243256802e-05,5.87808431040687e-02,5.80594233320598e+02,sinkhorn_cellsim
2.186544e+02,78641,3.68082446607767e-05,5.87808434042072e-02,5.80594237201944e+02,sinkhorn_cellsim
2.187100e+02,78661,3.67810162419795e-05,5.87808437033644e-02,5.80594241083169e+02,sinkhorn_cellsim
2.187655e+02,78681,3.67538389624277e-05,5.87808440015561e-02,5.80594244964273e+02,sinkhorn_cellsim
2.188211e+02,78701,3.67267127216381e-05,5.87808442987980e-02,5.80594248845257e+02,sinkhorn_cellsim
2.188767e+02,78721,3.66996373953161e-05,5.87808445951069e-02,5.80594252726120e+02,sinkhorn_cellsim
2.189323e+02,78741,3.66726128861728e-05,5.87808448904970e-02,5.80594256606863e+02,sinkhorn_cellsim
2.189878e+02,78761,3.66456390874153e-05,5.87808451849868e-02,5.80594260487486e+02,sinkhorn_cellsim
2.190434e+02,78781,3.66187158802003e-05,5.87808454785907e-02,5.80594264367990e+02,sinkhorn_cellsim
2.190990e+02,78801,3.65918431603968e-05,5.87808457713254e-02,5.80594268248374e+02,sinkhorn_cellsim
2.191545e+02,78821,3.65650208284115e-05,5.87808460632071e-02,5.80594272128638e+02,sinkhorn_cellsim
2.192101e+02,78841,3.65382487702424e-05,5.87808463542523e-02,5.80594276008784e+02,sinkhorn_cellsim
2.192657e+02,78861,3.65115268796967e-05,5.87808466444775e-02,5.80594279888811e+02,sinkhorn_cellsim
2.193213e+02,78881,3.64848550506021e-05,5.87808469338980e-02,5.80594283768719e+02,sinkhorn_cellsim
2.193768e+02,78901,3.64582331753480e-05,5.87808472225314e-02,5.80594287648510e+02,sinkhorn_cellsim
2.194324e+02,78921,3.64316611438973e-05,5.87808475103930e-02,5.80594291528182e+02,sinkhorn_cellsim
2.194880e+02,78941,3.64051388531167e-05,5.87808477975006e-02,5.80594295407737e+02,sinkhorn_cellsim
2.195436e+02,78961,3.63786661999197e-05,5.87808480838699e-02,5.80594299287175e+02,sinkhorn_cellsim
2.195992e+02,78981,3.63522430676491e-05,5.87808483695179e-02,5.80594303166495e+02,sinkhorn_cellsim
2.196547e+02,79001,3.63258693632203e-05,5.87808486544613e-02,5.80594307045699e+02,sinkhorn_cellsim
2.197103e+02,79021,3.62995449728423e-05,5.87808489387155e-02,5.80594310924786e+02,sinkhorn_cellsim
2.197659e+02,79041,3.62732697901497e-05,5.87808492222994e-02,5.80594314803758e+02,sinkhorn_cellsim
2.198215e+02,79061,3.62470437146974e-05,5.87808495052275e-02,5.80594318682613e+02,sinkhorn_cellsim
2.198770e+02,79081,3.62208666452239e-05,5.87808497875160e-02,5.80594322561352e+02,sinkhorn_cellsim
2.199326e+02,79101,3.61947384641908e-05,5.87808500691850e-02,5.80594326439977e+02,sinkhorn_cellsim
2.199882e+02,79121,3.61686590768811e-05,5.87808503502472e-02,5.80594330318486e+02,sinkhorn_cellsim
2.200437e+02,79141,3.61426283712519e-05,5.87808506307215e-02,5.80594334196881e+02,sinkhorn_cellsim
2.200993e+02,79161,3.61166462487803e-05,5.87808509106235e-02,5.80594338075161e+02,sinkhorn_cellsim
2.201549e+02,79181,3.60907126002383e-05,5.87808511899710e-02,5.80594341953327e+02,sinkhorn_cellsim
2.202105e+02,79201,3.60648273289931e-05,5.87808514687804e-02,5.80594345831379e+02,sinkhorn_cellsim
2.202661e+02,79221,3.60389903254361e-05,5.87808517470676e-02,5.80594349709318e+02,sinkhorn_cellsim
2.203216e+02,79241,3.60132014907370e-05,5.87808520248494e-02,5.80594353587144e+02,sinkhorn_cellsim
2.203772e+02,79261,3.59874607130412e-05,5.87808523021428e-02,5.80594357464857e+02,sinkhorn_cellsim
2.204328e+02,79281,3.59617678972796e-05,5.87808525789643e-02,5.80594361342458e+02,sinkhorn_cellsim
2.204884e+02,79301,3.59361229348034e-05,5.87808528553310e-02,5.80594365219946e+02,sinkhorn_cellsim
2.205439e+02,79321,3.59105257283483e-05,5.87808531312587e-02,5.80594369097323e+02,sinkhorn_cellsim
2.205995e+02,79341,3.58849761660545e-05,5.87808534067640e-02,5.80594372974588e+02,sinkhorn_cellsim
2.206551e+02,79361,3.58594741537465e-05,5.87808536818636e-02,5.80594376851742e+02,sinkhorn_cellsim
2.207107e+02,79381,3.58340195912329e-05,5.87808539565737e-02,5.80594380728785e+02,sinkhorn_cellsim
2.207663e+02,79401,3.58086123648767e-05,5.87808542309122e-02,5.80594384605718e+02,sinkhorn_cellsim
2.208218e+02,79421,3.57832523806179e-05,5.87808545048940e-02,5.80594388482541e+02,sinkhorn_cellsim
2.208774e+02,79441,3.57579395437911e-05,5.87808547785347e-02,5.80594392359254e+02,sinkhorn_cellsim
2.209330e+02,79461,3.57326737365922e-05,5.87808550518531e-02,5.80594396235857e+02,sinkhorn_cellsim
2.209886e+02,79481,3.57074548663122e-05,5.87808553248632e-02,5.80594400112352e+02,sinkhorn_cellsim
2.210441e+02,79501,3.56822828366596e-05,5.87808555975815e-02,5.80594403988738e+02,sinkhorn_cellsim
2.210997e+02,79521,3.56571575352589e-05,5.87808558700260e-02,5.80594407865015e+02,sinkhorn_cellsim
2.211553e+02,79541,3.56320788704739e-05,5.87808561422113e-02,5.80594411741185e+02,sinkhorn_cellsim
2.212109e+02,79561,3.56070467384850e-05,5.87808564141535e-02,5.80594415617246e+02,sinkhorn_cellsim
2.212664e+02,79581,3.55820610366978e-05,5.87808566858685e-02,5.80594419493201e+02,sinkhorn_cellsim
2.213220e+02,79601,3.55571216701195e-05,5.87808569573726e-02,5.80594423369049e+02,sinkhorn_cellsim
2.213776e+02,79621,3.55322285306324e-05,5.87808572286819e-02,5.80594427244790e+02,sinkhorn_cellsim
2.214332e+02,79641,3.55073815322286e-05,5.87808574998115e-02,5.80594431120425e+02,sinkhorn_cellsim
2.214887e+02,79661,3.54825805575749e-05,5.87808577707774e-02,5.80594434995954e+02,sinkhorn_cellsim
2.215443e+02,79681,3.54578255190244e-05,5.87808580415947e-02,5.80594438871378e+02,sinkhorn_cellsim
2.215999e+02,79701,3.54331163143738e-05,5.87808583122807e-02,5.80594442746696e+02,sinkhorn_cellsim
2.216555e+02,79721,3.54084528435339e-05,5.87808585828483e-02,5.80594446621910e+02,sinkhorn_cellsim
2.217111e+02,79741,3.53838350087618e-05,5.87808588533157e-02,5.80594450497020e+02,sinkhorn_cellsim
2.217666e+02,79761,3.53592627147636e-05,5.87808591236951e-02,5.80594454372025e+02,sinkhorn_cellsim
2.218222e+02,79781,3.53347358552465e-05,5.87808593940035e-02,5.80594458246928e+02,sinkhorn_cellsim
2.218778e+02,79801,3.53102543385436e-05,5.87808596642561e-02,5.80594462121727e+02,sinkhorn_cellsim
2.219333e+02,79821,3.52858180568997e-05,5.87808599344683e-02,5.80594465996423e+02,sinkhorn_cellsim
2.219889e+02,79841,3.52614269274903e-05,5.87808602046532e-02,5.80594469871017e+02,sinkhorn_cellsim
2.220445e+02,79861,3.52370808407192e-05,5.87808604748262e-02,5.80594473745508e+02,sinkhorn_cellsim
2.221001e+02,79881,3.52127797032099e-05,5.87808607450032e-02,5.80594477619898e+02,sinkhorn_cellsim
2.221556e+02,79901,3.51885234156300e-05,5.87808610151981e-02,5.80594481494187e+02,sinkhorn_cellsim
2.222112e+02,79921,3.51643118868196e-05,5.87808612854255e-02,5.80594485368375e+02,sinkhorn_cellsim
2.222668e+02,79941,3.51401450099980e-05,5.87808615556983e-02,5.80594489242463e+02,sinkhorn_cellsim
2.223224e+02,79961,3.51160226969501e-05,5.87808618260333e-02,5.80594493116450e+02,sinkhorn_cellsim
2.223780e+02,79981,3.50919448450991e-05,5.87808620964426e-02,5.80594496990338e+02,sinkhorn_cellsim
2.224336e+02,80001,3.50679113578249e-05,5.87808623669415e-02,5.80594500864126e+02,sinkhorn_cellsim
2.224891e+02,80021,3.50439221498680e-05,5.87808626375432e-02,5.80594504737816e+02,sinkhorn_cellsim
2.225447e+02,80041,3.50199771104511e-05,5.87808629082610e-02,5.80594508611407e+02,sinkhorn_cellsim
2.226003e+02,80061,3.49960761522356e-05,5.87808631791098e-02,5.80594512484899e+02,sinkhorn_cellsim
2.226559e+02,80081,3.49722191749126e-05,5.87808634501022e-02,5.80594516358295e+02,sinkhorn_cellsim
2.227115e+02,80101,3.49484060870736e-05,5.87808637212525e-02,5.80594520231592e+02,sinkhorn_cellsim
2.227670e+02,80121,3.49246367923375e-05,5.87808639925728e-02,5.80594524104793e+02,sinkhorn_cellsim
2.228226e+02,80141,3.49009111956426e-05,5.87808642640769e-02,5.80594527977897e+02,sinkhorn_cellsim
2.228782e+02,80161,3.48772291948497e-05,5.87808645357772e-02,5.80594531850905e+02,sinkhorn_cellsim
2.229338e+02,80181,3.48535907048273e-05,5.87808648076890e-02,5.80594535723817e+02,sinkhorn_cellsim
2.229893e+02,80201,3.48299956261597e-05,5.87808650798218e-02,5.80594539596634e+02,sinkhorn_cellsim
2.230449e+02,80221,3.48064438763176e-05,5.87808653521889e-02,5.80594543469356e+02,sinkhorn_cellsim
2.231005e+02,80241,3.47829353444764e-05,5.87808656248036e-02,5.80594547341984e+02,sinkhorn_cellsim
2.231561e+02,80261,3.47594699398390e-05,5.87808658976788e-02,5.80594551214517e+02,sinkhorn_cellsim
2.232117e+02,80281,3.47360475719567e-05,5.87808661708258e-02,5.80594555086956e+02,sinkhorn_cellsim
2.232673e+02,80301,3.47126681524893e-05,5.87808664442556e-02,5.80594558959302e+02,sinkhorn_cellsim
2.233229e+02,80321,3.46893315795416e-05,5.87808667179816e-02,5.80594562831555e+02,sinkhorn_cellsim
2.233784e+02,80341,3.46660377633631e-05,5.87808669920150e-02,5.80594566703715e+02,sinkhorn_cellsim
2.234340e+02,80361,3.46427866111993e-05,5.87808672663672e-02,5.80594570575784e+02,sinkhorn_cellsim
2.234896e+02,80381,3.46195780310447e-05,5.87808675410496e-02,5.80594574447760e+02,sinkhorn_cellsim
2.235452e+02,80401,3.45964119249085e-05,5.87808678160738e-02,5.80594578319645e+02,sinkhorn_cellsim
2.236007e+02,80421,3.45732882079204e-05,5.87808680914503e-02,5.80594582191439e+02,sinkhorn_cellsim
2.236563e+02,80441,3.45502067807830e-05,5.87808683671914e-02,5.80594586063142e+02,sinkhorn_cellsim
2.237119e+02,80461,3.45271675540899e-05,5.87808686433063e-02,5.80594589934755e+02,sinkhorn_cellsim
2.237675e+02,80481,3.45041704415072e-05,5.87808689198057e-02,5.80594593806278e+02,sinkhorn_cellsim
2.238231e+02,80501,3.44812153437141e-05,5.87808691967021e-02,5.80594597677712e+02,sinkhorn_cellsim
2.238786e+02,80521,3.44583021706207e-05,5.87808694740026e-02,5.80594601549057e+02,sinkhorn_cellsim
2.239342e+02,80541,3.44354308294621e-05,5.87808697517208e-02,5.80594605420313e+02,sinkhorn_cellsim
2.239898e+02,80561,3.44126012348124e-05,5.87808700298645e-02,5.80594609291481e+02,sinkhorn_cellsim
2.240454e+02,80581,3.43898132923429e-05,5.87808703084441e-02,5.80594613162561e+02,sinkhorn_cellsim
2.241009e+02,80601,3.43670669109372e-05,5.87808705874692e-02,5.80594617033554e+02,sinkhorn_cellsim
2.241565e+02,80621,3.43443620009679e-05,5.87808708669488e-02,5.80594620904459e+02,sinkhorn_cellsim
2.242121e+02,80641,3.43216984723255e-05,5.87808711468933e-02,5.80594624775278e+02,sinkhorn_cellsim
2.242677e+02,80661,3.42990762330169e-05,5.87808714273108e-02,5.80594628646010e+02,sinkhorn_cellsim
2.243233e+02,80681,3.42764951971227e-05,5.87808717082108e-02,5.80594632516657e+02,sinkhorn_cellsim
2.243788e+02,80701,3.42539552666829e-05,5.87808719896024e-02,5.80594636387218e+02,sinkhorn_cellsim
2.244344e+02,80721,3.42314563617105e-05,5.87808722714940e-02,5.80594640257694e+02,sinkhorn_cellsim
2.244900e+02,80741,3.42089983846076e-05,5.87808725538944e-02,5.80594644128084e+02,sinkhorn_cellsim
2.245456e+02,80761,3.41865812502074e-05,5.87808728368106e-02,5.80594647998391e+02,sinkhorn_cellsim
2.246011e+02,80781,3.41642048663898e-05,5.87808731202535e-02,5.80594651868614e+02,sinkhorn_cellsim
2.246567e+02,80801,3.41418691517579e-05,5.87808734042283e-02,5.80594655738753e+02,sinkhorn_cellsim
2.247123e+02,80821,3.41195740093360e-05,5.87808736887434e-02,5.80594659608809e+02,sinkhorn_cellsim
2.247679e+02,80841,3.40973193551482e-05,5.87808739738085e-02,5.80594663478782e+02,sinkhorn_cellsim
2.248234e+02,80861,3.40751051023564e-05,5.87808742594288e-02,5.80594667348672e+02,sinkhorn_cellsim
2.248790e+02,80881,3.40529311537695e-05,5.87808745456130e-02,5.80594671218481e+02,sinkhorn_cellsim
2.249346e+02,80901,3.40307974313812e-05,5.87808748323669e-02,5.80594675088208e+02,sinkhorn_cellsim
2.249902e+02,80921,3.40087038433428e-05,5.87808751196990e-02,5.80594678957853e+02,sinkhorn_cellsim
2.250458e+02,80941,3.39866502999376e-05,5.87808754076160e-02,5.80594682827417e+02,sinkhorn_cellsim
2.251013e+02,80961,3.39646367189918e-05,5.87808756961227e-02,5.80594686696901e+02,sinkhorn_cellsim
2.251569e+02,80981,3.39426630121682e-05,5.87808759852275e-02,5.80594690566305e+02,sinkhorn_cellsim
2.252125e+02,81001,3.39207290886505e-05,5.87808762749351e-02,5.80594694435628e+02,sinkhorn_cellsim
2.252681e+02,81021,3.38988348627083e-05,5.87808765652542e-02,5.80594698304873e+02,sinkhorn_cellsim
2.253236e+02,81041,3.38769802489341e-05,5.87808768561884e-02,5.80594702174038e+02,sinkhorn_cellsim
2.253792e+02,81061,3.38551651602829e-05,5.87808771477444e-02,5.80594706043124e+02,sinkhorn_cellsim
2.254348e+02,81081,3.38333895133884e-05,5.87808774399280e-02,5.80594709912132e+02,sinkhorn_cellsim
2.254904e+02,81101,3.38116532168956e-05,5.87808777327441e-02,5.80594713781062e+02,sinkhorn_cellsim
2.255459e+02,81121,3.37899561878915e-05,5.87808780261986e-02,5.80594717649914e+02,sinkhorn_cellsim
2.256015e+02,81141,3.37682983424145e-05,5.87808783202956e-02,5.80594721518689e+02,sinkhorn_cellsim
2.256571e+02,81161,3.37466795925247e-05,5.87808786150417e-02,5.80594725387387e+02,sinkhorn_cellsim
2.257127e+02,81181,3.37250998499679e-05,5.87808789104404e-02,5.80594729256009e+02,sinkhorn_cellsim
2.257682e+02,81201,3.37035590406060e-05,5.87808792064973e-02,5.80594733124554e+02,sinkhorn_cellsim
2.258238e+02,81221,3.36820570659935e-05,5.87808795032165e-02,5.80594736993023e+02,sinkhorn_cellsim
2.258794e+02,81241,3.36605938504328e-05,5.87808798006013e-02,5.80594740861417e+02,sinkhorn_cellsim
2.259350e+02,81261,3.36391693001640e-05,5.87808800986579e-02,5.80594744729736e+02,sinkhorn_cellsim
2.259906e+02,81281,3.36177833405494e-05,5.87808803973889e-02,5.80594748597980e+02,sinkhorn_cellsim
2.260461e+02,81301,3.35964358847847e-05,5.87808806967989e-02,5.80594752466149e+02,sinkhorn_cellsim
2.261017e+02,81321,3.35751268423954e-05,5.87808809968903e-02,5.80594756334244e+02,sinkhorn_cellsim
2.261573e+02,81341,3.35538561420266e-05,5.87808812976679e-02,5.80594760202265e+02,sinkhorn_cellsim
2.262129e+02,81361,3.35326236882240e-05,5.87808815991353e-02,5.80594764070213e+02,sinkhorn_cellsim
2.262684e+02,81381,3.35114294004465e-05,5.87808819012941e-02,5.80594767938088e+02,sinkhorn_cellsim
2.263240e+02,81401,3.34902731959972e-05,5.87808822041492e-02,5.80594771805890e+02,sinkhorn_cellsim
2.263796e+02,81421,3.34691549947177e-05,5.87808825077020e-02,5.80594775673620e+02,sinkhorn_cellsim
2.264352e+02,81441,3.34480747115839e-05,5.87808828119561e-02,5.80594779541277e+02,sinkhorn_cellsim
2.264908e+02,81461,3.34270322585301e-05,5.87808831169140e-02,5.80594783408863e+02,sinkhorn_cellsim
2.265464e+02,81481,3.34060275588357e-05,5.87808834225774e-02,5.80594787276377e+02,sinkhorn_cellsim
2.266019e+02,81501,3.33850605243233e-05,5.87808837289503e-02,5.80594791143820e+02,sinkhorn_cellsim
2.266575e+02,81521,3.33641310782054e-05,5.87808840360344e-02,5.80594795011192e+02,sinkhorn_cellsim
2.267131e+02,81541,3.33432391324636e-05,5.87808843438308e-02,5.80594798878494e+02,sinkhorn_cellsim
2.267687e+02,81561,3.33223846025900e-05,5.87808846523413e-02,5.80594802745726e+02,sinkhorn_cellsim
2.268242e+02,81581,3.33015674118701e-05,5.87808849615690e-02,5.80594806612888e+02,sinkhorn_cellsim
2.268798e+02,81601,3.32807874657712e-05,5.87808852715153e-02,5.80594810479980e+02,sinkhorn_cellsim
2.269354e+02,81621,3.32600446809678e-05,5.87808855821829e-02,5.80594814347003e+02,sinkhorn_cellsim
2.269910e+02,81641,3.32393389745598e-05,5.87808858935710e-02,5.80594818213958e+02,sinkhorn_cellsim
2.270466e+02,81661,3.32186702508226e-05,5.87808862056833e-02,5.80594822080843e+02,sinkhorn_cellsim
2.271022e+02,81681,3.31980384161816e-05,5.87808865185220e-02,5.80594825947661e+02,sinkhorn_cellsim
2.271577e+02,81701,3.31774433772053e-05,5.87808868320882e-02,5.80594829814410e+02,sinkhorn_cellsim
2.272133e+02,81721,3.31568850263197e-05,5.87808871463846e-02,5.80594833681092e+02,sinkhorn_cellsim
2.272689e+02,81741,3.31363632553783e-05,5.87808874614137e-02,5.80594837547706e+02,sinkhorn_cellsim
2.273245e+02,81761,3.31158779270152e-05,5.87808877771810e-02,5.80594841414253e+02,sinkhorn_cellsim
2.273800e+02,81781,3.30954289117975e-05,5.87808880936895e-02,5.80594845280733e+02,sinkhorn_cellsim
2.274356e+02,81801,3.30750160429138e-05,5.87808884109452e-02,5.80594849147147e+02,sinkhorn_cellsim
2.274912e+02,81821,3.30546391115260e-05,5.87808887289591e-02,5.80594853013493e+02,sinkhorn_cellsim
2.275468e+02,81841,3.30342978919681e-05,5.87808890477404e-02,5.80594856879774e+02,sinkhorn_cellsim
2.276024e+02,81861,3.30139920733706e-05,5.87808893673064e-02,5.80594860745988e+02,sinkhorn_cellsim
2.276579e+02,81881,3.29937212683040e-05,5.87808896876786e-02,5.80594864612136e+02,sinkhorn_cellsim
2.277135e+02,81901,3.29734849737910e-05,5.87808900088884e-02,5.80594868478217e+02,sinkhorn_cellsim
2.277691e+02,81921,3.29532825397342e-05,5.87808903309751e-02,5.80594872344232e+02,sinkhorn_cellsim
2.278247e+02,81941,3.29331130863626e-05,5.87808906539963e-02,5.80594876210179e+02,sinkhorn_cellsim
2.278803e+02,81961,3.29129754311926e-05,5.87808909780320e-02,5.80594880076058e+02,sinkhorn_cellsim
2.279358e+02,81981,3.28928679870241e-05,5.87808913031907e-02,5.80594883941868e+02,sinkhorn_cellsim
2.279914e+02,82001,3.28727886030318e-05,5.87808916296208e-02,5.80594887807607e+02,sinkhorn_cellsim
2.280470e+02,82021,3.28527343390151e-05,5.87808919575280e-02,5.80594891673273e+02,sinkhorn_cellsim
2.281026e+02,82041,3.28327011777190e-05,5.87808922871976e-02,5.80594895538861e+02,sinkhorn_cellsim
2.281581e+02,82061,3.28126836396185e-05,5.87808926190196e-02,5.80594899404366e+02,sinkhorn_cellsim
2.282137e+02,82081,3.27926742053590e-05,5.87808929535304e-02,5.80594903269783e+02,sinkhorn_cellsim
2.282693e+02,82101,3.27726625673300e-05,5.87808932914710e-02,5.80594907135099e+02,sinkhorn_cellsim
2.283249e+02,82121,3.27526345676891e-05,5.87808936338584e-02,5.80594911000303e+02,sinkhorn_cellsim
2.283805e+02,82141,3.27325707781746e-05,5.87808939820935e-02,5.80594914865375e+02,sinkhorn_cellsim
2.284360e+02,82161,3.27124444930143e-05,5.87808943381037e-02,5.80594918730289e+02,sinkhorn_cellsim
2.284916e+02,82181,3.26922190189126e-05,5.87808947045399e-02,5.80594922595009e+02,sinkhorn_cellsim
2.285472e+02,82201,3.26718439282576e-05,5.87808950850464e-02,5.80594926459484e+02,sinkhorn_cellsim
2.286028e+02,82221,3.26512498893576e-05,5.87808954846404e-02,5.80594930323648e+02,sinkhorn_cellsim
2.286584e+02,82241,3.26303416034554e-05,5.87808959102167e-02,5.80594934187405e+02,sinkhorn_cellsim
2.287139e+02,82261,3.26089880788256e-05,5.87808963712572e-02,5.80594938050625e+02,sinkhorn_cellsim
2.287695e+02,82281,3.25870092657032e-05,5.87808968807977e-02,5.80594941913131e+02,sinkhorn_cellsim
2.288251e+02,82301,3.25641577355195e-05,5.87808974567560e-02,5.80594945774677e+02,sinkhorn_cellsim
2.288807e+02,82321,3.25400935380229e-05,5.87808981237504e-02,5.80594949634926e+02,sinkhorn_cellsim
2.289362e+02,82341,3.25143498087737e-05,5.87808989155939e-02,5.80594953493414e+02,sinkhorn_cellsim
2.289918e+02,82361,3.24862857033692e-05,5.87808998787031e-02,5.80594957349504e+02,sinkhorn_cellsim
2.290474e+02,82381,3.24550222303067e-05,5.87809010767427e-02,5.80594961202323e+02,sinkhorn_cellsim
2.291030e+02,82401,3.24193549797247e-05,5.87809025969500e-02,5.80594965050671e+02,sinkhorn_cellsim
2.291586e+02,82421,3.23776360144449e-05,5.87809045586825e-02,5.80594968892905e+02,sinkhorn_cellsim
2.292141e+02,82441,3.23276149211446e-05,5.87809071249271e-02,5.80594972726778e+02,sinkhorn_cellsim
2.292697e+02,82461,3.22662269171269e-05,5.87809105176355e-02,5.80594976549218e+02,sinkhorn_cellsim
2.293253e+02,82481,3.21893136765875e-05,5.87809150379186e-02,5.80594980356044e+02,sinkhorn_cellsim
2.293809e+02,82501,3.20912621725831e-05,5.87809210921548e-02,5.80594984141585e+02,sinkhorn_cellsim
2.294364e+02,82521,3.19747232059330e-05,5.87809292248619e-02,5.80594987898179e+02,sinkhorn_cellsim
2.294920e+02,82541,3.18332612691571e-05,5.87809401584037e-02,5.80594991615562e+02,sinkhorn_cellsim
2.295476e+02,82561,3.16635485257513e-05,5.87809548378860e-02,5.80594995280104e+02,sinkhorn_cellsim
2.296032e+02,82581,3.14787019061180e-05,5.87809744761015e-02,5.80594998873947e+02,sinkhorn_cellsim
2.296588e+02,82601,3.13126230503256e-05,5.87810005873928e-02,5.80595002374116e+02,sinkhorn_cellsim
2.297143e+02,82621,3.11597595701750e-05,5.87810349900977e-02,5.80595005751779e+02,sinkhorn_cellsim
2.297699e+02,82641,3.09719964330481e-05,5.87810797456134e-02,5.80595008971976e+02,sinkhorn_cellsim
2.298255e+02,82661,3.07574903499848e-05,5.87811369921274e-02,5.80595011994293e+02,sinkhorn_cellsim
2.298811e+02,82681,3.05271232721618e-05,5.87812086330921e-02,5.80595014775050e+02,sinkhorn_cellsim
2.299366e+02,82701,3.03192410313709e-05,5.87812958708509e-02,5.80595017271463e+02,sinkhorn_cellsim
2.299922e+02,82721,3.01223831733140e-05,5.87813986486575e-02,5.80595019447722e+02,sinkhorn_cellsim
2.300478e+02,82741,2.99151534432830e-05,5.87815151683354e-02,5.80595021281968e+02,sinkhorn_cellsim
2.301034e+02,82761,2.96863132570137e-05,5.87816417259927e-02,5.80595022772062e+02,sinkhorn_cellsim
2.301590e+02,82781,2.94584968091473e-05,5.87817730617765e-02,5.80595023937705e+02,sinkhorn_cellsim
2.302145e+02,82801,2.91938907452518e-05,5.87819032129341e-02,5.80595024817513e+02,sinkhorn_cellsim
2.302701e+02,82821,2.89069920492499e-05,5.87820265960192e-02,5.80595025461818e+02,sinkhorn_cellsim
2.303257e+02,82841,2.86162674685352e-05,5.87821389191573e-02,5.80595025923893e+02,sinkhorn_cellsim
2.303813e+02,82861,2.83273423529792e-05,5.87822376376610e-02,5.80595026252577e+02,sinkhorn_cellsim
2.304368e+02,82881,2.80199575736214e-05,5.87823219147994e-02,5.80595026488004e+02,sinkhorn_cellsim
2.304925e+02,82901,2.76910131868451e-05,5.87823922491336e-02,5.80595026660462e+02,sinkhorn_cellsim
2.305480e+02,82921,2.73494598536462e-05,5.87824499855586e-02,5.80595026791341e+02,sinkhorn_cellsim
2.306036e+02,82941,2.70056455355780e-05,5.87824968718149e-02,5.80595026895012e+02,sinkhorn_cellsim
2.306592e+02,82961,2.66828684119903e-05,5.87825347343582e-02,5.80595026980795e+02,sinkhorn_cellsim
2.307148e+02,82981,2.63525097235169e-05,5.87825652806688e-02,5.80595027054595e+02,sinkhorn_cellsim
2.307703e+02,83001,2.60232643012780e-05,5.87825900022153e-02,5.80595027120114e+02,sinkhorn_cellsim
2.308259e+02,83021,2.57004108751487e-05,5.87826101446870e-02,5.80595027179672e+02,sinkhorn_cellsim
2.308815e+02,83041,2.54027801857844e-05,5.87826267169323e-02,5.80595027234745e+02,sinkhorn_cellsim
2.309371e+02,83061,2.51269877813592e-05,5.87826405185559e-02,5.80595027286290e+02,sinkhorn_cellsim
2.309927e+02,83081,2.48573366921817e-05,5.87826521737549e-02,5.80595027334951e+02,sinkhorn_cellsim
2.310482e+02,83101,2.45980202357126e-05,5.87826621646503e-02,5.80595027381180e+02,sinkhorn_cellsim
2.311038e+02,83121,2.43498073052060e-05,5.87826708609424e-02,5.80595027425307e+02,sinkhorn_cellsim
2.311594e+02,83141,2.41170980676829e-05,5.87826785448100e-02,5.80595027467584e+02,sinkhorn_cellsim
2.312150e+02,83161,2.38905026263742e-05,5.87826854310708e-02,5.80595027508211e+02,sinkhorn_cellsim
2.312706e+02,83181,2.36704169364861e-05,5.87826916831163e-02,5.80595027547352e+02,sinkhorn_cellsim
2.313262e+02,83201,2.34539845069192e-05,5.87826974252963e-02,5.80595027585147e+02,sinkhorn_cellsim
2.313818e+02,83221,2.32421243302499e-05,5.87827027524313e-02,5.80595027621713e+02,sinkhorn_cellsim
2.314373e+02,83241,2.30385113753191e-05,5.87827077370632e-02,5.80595027657153e+02,sinkhorn_cellsim
2.314929e+02,83261,2.28408296258214e-05,5.87827124349436e-02,5.80595027691557e+02,sinkhorn_cellsim
2.315485e+02,83281,2.26471522955371e-05,5.87827168891731e-02,5.80595027725005e+02,sinkhorn_cellsim
2.316041e+02,83301,2.24578334843872e-05,5.87827211333194e-02,5.80595027757569e+02,sinkhorn_cellsim
2.316596e+02,83321,2.22755484162634e-05,5.87827251937529e-02,5.80595027789312e+02,sinkhorn_cellsim
2.317152e+02,83341,2.21003519838042e-05,5.87827290914008e-02,5.80595027820291e+02,sinkhorn_cellsim
2.317708e+02,83361,2.19321194017430e-05,5.87827328430612e-02,5.80595027850557e+02,sinkhorn_cellsim
2.318264e+02,83381,2.17674248788517e-05,5.87827364623869e-02,5.80595027880158e+02,sinkhorn_cellsim
2.318820e+02,83401,2.16065538515746e-05,5.87827399606262e-02,5.80595027909134e+02,sinkhorn_cellsim
2.319376e+02,83421,2.14568305765718e-05,5.87827433471765e-02,5.80595027937525e+02,sinkhorn_cellsim
2.319931e+02,83441,2.13119130374117e-05,5.87827466300012e-02,5.80595027965365e+02,sinkhorn_cellsim
2.320591e+02,83461,2.11693608802220e-05,5.87827498159446e-02,5.80595027992687e+02,sinkhorn_cellsim
2.321147e+02,83481,2.10296520403337e-05,5.87827529109681e-02,5.80595028019518e+02,sinkhorn_cellsim
2.321703e+02,83501,2.08916711285202e-05,5.87827559203285e-02,5.80595028045885e+02,sinkhorn_cellsim
2.322258e+02,83521,2.07564838378588e-05,5.87827588487212e-02,5.80595028071814e+02,sinkhorn_cellsim
2.322814e+02,83541,2.06240369663545e-05,5.87827617003752e-02,5.80595028097326e+02,sinkhorn_cellsim
2.323370e+02,83561,2.04934688259492e-05,5.87827644791399e-02,5.80595028122442e+02,sinkhorn_cellsim
2.323926e+02,83581,2.03650173888488e-05,5.87827671885458e-02,5.80595028147180e+02,sinkhorn_cellsim
2.324482e+02,83601,2.02397178583098e-05,5.87827698318510e-02,5.80595028171559e+02,sinkhorn_cellsim
2.325038e+02,83621,2.01169768809524e-05,5.87827724120784e-02,5.80595028195595e+02,sinkhorn_cellsim
2.325593e+02,83641,1.99965986964610e-05,5.87827749320525e-02,5.80595028219303e+02,sinkhorn_cellsim
2.326149e+02,83661,1.98780001604217e-05,5.87827773944120e-02,5.80595028242696e+02,sinkhorn_cellsim
2.326705e+02,83681,1.97611588873494e-05,5.87827798016393e-02,5.80595028265788e+02,sinkhorn_cellsim
2.327261e+02,83701,1.96456188080364e-05,5.87827821560705e-02,5.80595028288591e+02,sinkhorn_cellsim
2.327816e+02,83721,1.95316858609409e-05,5.87827844599131e-02,5.80595028311115e+02,sinkhorn_cellsim
2.328372e+02,83741,1.94188865972927e-05,5.87827867152528e-02,5.80595028333373e+02,sinkhorn_cellsim
2.328928e+02,83761,1.93073046832655e-05,5.87827889240655e-02,5.80595028355372e+02,sinkhorn_cellsim
2.329484e+02,83781,1.91968316564844e-05,5.87827910882260e-02,5.80595028377123e+02,sinkhorn_cellsim
2.330039e+02,83801,1.90874850104446e-05,5.87827932095123e-02,5.80595028398634e+02,sinkhorn_cellsim
2.330595e+02,83821,1.89803976374996e-05,5.87827952896159e-02,5.80595028419914e+02,sinkhorn_cellsim
2.331151e+02,83841,1.88745102260201e-05,5.87827973301423e-02,5.80595028440969e+02,sinkhorn_cellsim
2.331707e+02,83861,1.87696279332523e-05,5.87827993326227e-02,5.80595028461807e+02,sinkhorn_cellsim
2.332262e+02,83881,1.86657159586476e-05,5.87828012985133e-02,5.80595028482435e+02,sinkhorn_cellsim
2.332818e+02,83901,1.85627934915108e-05,5.87828032292007e-02,5.80595028502858e+02,sinkhorn_cellsim
2.333374e+02,83921,1.84612161663397e-05,5.87828051260066e-02,5.80595028523084e+02,sinkhorn_cellsim
2.333929e+02,83941,1.83613066719096e-05,5.87828069901925e-02,5.80595028543117e+02,sinkhorn_cellsim
2.334485e+02,83961,1.82624057591022e-05,5.87828088229592e-02,5.80595028562962e+02,sinkhorn_cellsim
2.335041e+02,83981,1.81644826639835e-05,5.87828106254546e-02,5.80595028582626e+02,sinkhorn_cellsim
2.335597e+02,84001,1.80676430410803e-05,5.87828123987727e-02,5.80595028602112e+02,sinkhorn_cellsim
2.336153e+02,84021,1.79720703342472e-05,5.87828141439596e-02,5.80595028621426e+02,sinkhorn_cellsim
2.336708e+02,84041,1.78774591610281e-05,5.87828158620120e-02,5.80595028640571e+02,sinkhorn_cellsim
2.337264e+02,84061,1.77838493889195e-05,5.87828175538845e-02,5.80595028659551e+02,sinkhorn_cellsim
2.337820e+02,84081,1.76910737676016e-05,5.87828192204878e-02,5.80595028678371e+02,sinkhorn_cellsim
2.338376e+02,84101,1.75991321848375e-05,5.87828208626927e-02,5.80595028697034e+02,sinkhorn_cellsim
2.338931e+02,84121,1.75080590385236e-05,5.87828224813327e-02,5.80595028715544e+02,sinkhorn_cellsim
2.339487e+02,84141,1.74179416686439e-05,5.87828240772030e-02,5.80595028733903e+02,sinkhorn_cellsim
2.340043e+02,84161,1.73286238737718e-05,5.87828256510654e-02,5.80595028752115e+02,sinkhorn_cellsim
2.340599e+02,84181,1.72405420972615e-05,5.87828272036511e-02,5.80595028770184e+02,sinkhorn_cellsim
2.341154e+02,84201,1.71543521078218e-05,5.87828287356548e-02,5.80595028788112e+02,sinkhorn_cellsim
2.341710e+02,84221,1.70692990680347e-05,5.87828302477465e-02,5.80595028805902e+02,sinkhorn_cellsim
2.342266e+02,84241,1.69855614777189e-05,5.87828317405649e-02,5.80595028823556e+02,sinkhorn_cellsim
2.342822e+02,84261,1.69030700432189e-05,5.87828332147221e-02,5.80595028841077e+02,sinkhorn_cellsim
2.343377e+02,84281,1.68212690610323e-05,5.87828346708072e-02,5.80595028858467e+02,sinkhorn_cellsim
2.343933e+02,84301,1.67400763022607e-05,5.87828361093815e-02,5.80595028875730e+02,sinkhorn_cellsim
2.344489e+02,84321,1.66595842657102e-05,5.87828375309846e-02,5.80595028892866e+02,sinkhorn_cellsim
c_index=0.0,Sw=0.05878283753098455,Smin=0.05878283753098455,Smax=0.05878283753098455,Nw=58,pairs=190
