time(s),iter,infeas,ot_objective,primal,dual,solver
1.272010e-04,1,6.87237452048705e-01,1.93312240544605e-01,1.34051762255589e+00,7.61372122386441e-17,lamp_kernel
1.583751e+00,21,7.40488815982028e-02,1.67143460529249e-01,2.90753248162526e-01,1.96448699801575e-02,lamp_kernel
3.167587e+00,41,4.08549941527751e-02,1.36835827024537e-01,2.05035063015508e-01,3.08130880166521e-02,lamp_kernel
4.753046e+00,61,2.33275404433139e-02,1.15461183235002e-01,1.54401843214865e-01,3.30441313953942e-02,lamp_kernel
6.339203e+00,81,1.16925665993156e-02,9.91986123836717e-02,1.18717012162777e-01,3.43130387012063e-02,lamp_kernel
7.925619e+00,101,6.91942223694740e-03,8.67758773439112e-02,9.83264679104918e-02,3.54642157385357e-02,lamp_kernel
9.512163e+00,121,4.12845889606940e-03,7.73866056162747e-02,8.42782414706133e-02,3.66004732183092e-02,lamp_kernel
1.109878e+01,141,2.21038816133443e-03,7.03342431377785e-02,7.40240437844947e-02,3.76632407691407e-02,lamp_kernel
1.268545e+01,161,1.15342161461600e-03,6.50312093871117e-02,6.69566159261050e-02,3.86029490279569e-02,lamp_kernel
1.427210e+01,181,6.45858534741096e-04,6.10179270419772e-02,6.20960586031489e-02,3.94037954241663e-02,lamp_kernel
1.585880e+01,201,3.79495671946842e-04,5.79495779982577e-02,5.85830700700439e-02,4.00700497605923e-02,lamp_kernel
1.744553e+01,221,2.07410433445088e-04,5.55761913210157e-02,5.59224215283832e-02,4.06189586392853e-02,lamp_kernel
1.903227e+01,241,1.09965728116904e-04,5.37175004810774e-02,5.39010662555509e-02,4.10708393201797e-02,lamp_kernel
2.061909e+01,261,7.02329161257222e-05,5.22439198775235e-02,5.23611596745305e-02,4.14394317061292e-02,lamp_kernel
2.220590e+01,281,4.23331655348889e-05,5.10617867876150e-02,5.11324535348862e-02,4.17424957718538e-02,lamp_kernel
2.379273e+01,301,2.39826417580667e-05,5.01029135031087e-02,5.01429477236211e-02,4.19933669914710e-02,lamp_kernel
2.537959e+01,321,1.64681269059673e-05,4.93170743274844e-02,4.93445645694115e-02,4.22022476120446e-02,lamp_kernel
2.696663e+01,341,1.16210844308001e-05,4.86668794350722e-02,4.86862785096775e-02,4.23776604341055e-02,lamp_kernel
2.855364e+01,361,8.06881471542781e-06,4.81241689719577e-02,4.81376382432269e-02,4.25263542924893e-02,lamp_kernel
3.014067e+01,381,6.06903428756883e-06,4.76674862735785e-02,4.76776173116608e-02,4.26534075904517e-02,lamp_kernel
3.172772e+01,401,5.05423691803979e-06,4.72802973402648e-02,4.72887343772410e-02,4.27631449806344e-02,lamp_kernel
3.331480e+01,421,4.23550266075666e-06,4.69497350865278e-02,4.69568054105235e-02,4.28582066548291e-02,lamp_kernel
3.490187e+01,441,3.66642646147196e-06,4.66656896372770e-02,4.66718100024533e-02,4.29415223559338e-02,lamp_kernel
3.648902e+01,461,3.28884638032825e-06,4.64201458835093e-02,4.64256359543093e-02,4.30150273521506e-02,lamp_kernel
3.807616e+01,481,2.98439276765564e-06,4.62066952594258e-02,4.62116771058529e-02,4.30802011109799e-02,lamp_kernel
3.966329e+01,501,2.71586704554379e-06,4.60201725670951e-02,4.60247061635721e-02,4.31382448969686e-02,lamp_kernel
4.125054e+01,521,2.49125907697698e-06,4.58563833741623e-02,4.58605420325890e-02,4.31901591406579e-02,lamp_kernel
4.283767e+01,541,2.30049090760462e-06,4.57118976258899e-02,4.57157378350382e-02,4.32366624890675e-02,lamp_kernel
4.442480e+01,561,2.13301616690516e-06,4.55838919759096e-02,4.55874526194969e-02,4.32787768348612e-02,lamp_kernel
4.601192e+01,581,1.98361381257015e-06,4.54700280155384e-02,4.54733392617966e-02,4.33170657910292e-02,lamp_kernel
4.759903e+01,601,1.85085689899847e-06,4.53683575799856e-02,4.53714472151467e-02,4.33520579847624e-02,lamp_kernel
4.918612e+01,621,1.73033661190009e-06,4.52772486373944e-02,4.52801370880572e-02,4.33841602249687e-02,lamp_kernel
5.077323e+01,641,1.62096021723611e-06,4.51953268324227e-02,4.51980327010853e-02,4.34136421879860e-02,lamp_kernel
5.236038e+01,661,1.52208572410681e-06,4.51214290884459e-02,4.51239699059309e-02,4.34407140896240e-02,lamp_kernel
5.394751e+01,681,1.43278705435857e-06,4.50545665407968e-02,4.50569582920251e-02,4.34657729379959e-02,lamp_kernel
5.553463e+01,701,1.35228776409580e-06,4.49938947345933e-02,4.49961521083677e-02,4.34889773984971e-02,lamp_kernel
5.712193e+01,721,1.27973871639848e-06,4.49386895200862e-02,4.49408257877454e-02,4.35104922248523e-02,lamp_kernel
5.870912e+01,741,1.21385999356284e-06,4.48883274420459e-02,4.48903537383623e-02,4.35305388377498e-02,lamp_kernel
6.029631e+01,761,1.15398110873624e-06,4.48422697046298e-02,4.48441960451322e-02,4.35493094785672e-02,lamp_kernel
6.188349e+01,781,1.09959081684973e-06,4.48000489921699e-02,4.48018845389658e-02,4.35669042796824e-02,lamp_kernel
6.347067e+01,801,1.04984560329415e-06,4.47612585866328e-02,4.47630110937507e-02,4.35834292559396e-02,lamp_kernel
6.505784e+01,821,1.00409608295128e-06,4.47255433404994e-02,4.47272194779494e-02,4.35989794030470e-02,lamp_kernel
6.664504e+01,841,9.61793093375090e-07,4.46925921551044e-02,4.46941976761798e-02,4.36136231347866e-02,lamp_kernel
6.823222e+01,861,9.22134228823252e-07,4.46621316882932e-02,4.46636710068316e-02,4.36274008841500e-02,lamp_kernel
6.981940e+01,881,8.84853647459113e-07,4.46339210690201e-02,4.46353981550893e-02,4.36404070568389e-02,lamp_kernel
7.140659e+01,901,8.49370162123294e-07,4.46077474419708e-02,4.46091652954629e-02,4.36527164075770e-02,lamp_kernel
7.299379e+01,921,8.15652560271453e-07,4.45834221982039e-02,4.45847837669080e-02,4.36643781430376e-02,lamp_kernel
7.458099e+01,941,7.83139305114221e-07,4.45607777758099e-02,4.45620850701418e-02,4.36754576258704e-02,lamp_kernel
7.616823e+01,961,7.51989118871265e-07,4.45396649356467e-02,4.45409202309770e-02,4.36859531846697e-02,lamp_kernel
7.775546e+01,981,7.29051943307409e-07,4.45199504346375e-02,4.45211674409439e-02,4.36959554602376e-02,lamp_kernel
7.934268e+01,1001,7.07514175665298e-07,4.45015150330694e-02,4.45026960863833e-02,4.37054785820269e-02,lamp_kernel
8.092997e+01,1021,6.86350529659329e-07,4.44842517830377e-02,4.44853975078803e-02,4.37145727464147e-02,lamp_kernel
8.251721e+01,1041,6.64888710385657e-07,4.44680645543912e-02,4.44691744530219e-02,4.37232728295984e-02,lamp_kernel
8.410451e+01,1061,6.42869372220818e-07,4.44528667611177e-02,4.44539399028703e-02,4.37315988591649e-02,lamp_kernel
8.569178e+01,1081,6.20189460984134e-07,4.44385802574353e-02,4.44396155396153e-02,4.37395604523206e-02,lamp_kernel
8.727905e+01,1101,5.97487511433811e-07,4.44251343778144e-02,4.44261317636332e-02,4.37471808211575e-02,lamp_kernel
8.886636e+01,1121,5.74757292412000e-07,4.44124651000118e-02,4.44134245422792e-02,4.37544746941351e-02,lamp_kernel
9.045366e+01,1141,5.54735436827986e-07,4.44005143139331e-02,4.44014403337197e-02,4.37614673244136e-02,lamp_kernel
9.204103e+01,1161,5.39295775727603e-07,4.43892291819733e-02,4.43901294283358e-02,4.37681866655751e-02,lamp_kernel
9.362845e+01,1181,5.23834938135648e-07,4.43785615785859e-02,4.43794360161744e-02,4.37746551590256e-02,lamp_kernel
9.521595e+01,1201,5.08278404933709e-07,4.43684675983604e-02,4.43693160674302e-02,4.37808842617211e-02,lamp_kernel
9.680349e+01,1221,4.95996732760183e-07,4.43589071233656e-02,4.43597350906418e-02,4.37868793561367e-02,lamp_kernel
9.839113e+01,1241,4.83262902243103e-07,4.43498434417841e-02,4.43506501524788e-02,4.37926549106039e-02,lamp_kernel
9.997894e+01,1261,4.69651264048331e-07,4.43412429109218e-02,4.43420268997108e-02,4.37982231896449e-02,lamp_kernel
1.015668e+02,1281,4.55013268744045e-07,4.43330746586469e-02,4.43338342122324e-02,4.38035894275582e-02,lamp_kernel
1.031547e+02,1301,4.39645809629893e-07,4.43253103180278e-02,4.43260442187160e-02,4.38087637382353e-02,lamp_kernel
1.047426e+02,1321,4.23774017880322e-07,4.43179237907722e-02,4.43186311966806e-02,4.38137520443451e-02,lamp_kernel
1.063306e+02,1341,4.14219995580000e-07,4.43108910358347e-02,4.43115824932150e-02,4.38185728938898e-02,lamp_kernel
1.079187e+02,1361,4.04782134576953e-07,4.43041898803160e-02,4.43048655830763e-02,4.38232397689429e-02,lamp_kernel
1.095067e+02,1381,3.95249469461091e-07,4.42977998503113e-02,4.42984596401951e-02,4.38277545264592e-02,lamp_kernel
1.110947e+02,1401,3.87867521138784e-07,4.42917020195244e-02,4.42923494867228e-02,4.38321235736682e-02,lamp_kernel
1.126827e+02,1421,3.79364891500395e-07,4.42858788734253e-02,4.42865121471853e-02,4.38363572637698e-02,lamp_kernel
1.142707e+02,1441,3.69732097554981e-07,4.42803141866975e-02,4.42809313804359e-02,4.38404631659374e-02,lamp_kernel
1.158588e+02,1461,3.59106308528963e-07,4.42749929120415e-02,4.42755923681518e-02,4.38444422183220e-02,lamp_kernel
1.174468e+02,1481,3.47839943040154e-07,4.42699010790446e-02,4.42704817282125e-02,4.38482929897761e-02,lamp_kernel
1.190347e+02,1501,3.37270272592802e-07,4.42650257023821e-02,4.42655887076007e-02,4.38520263884804e-02,lamp_kernel
1.206227e+02,1521,3.31858886350431e-07,4.42603546988839e-02,4.42609086708762e-02,4.38556504189475e-02,lamp_kernel
1.222107e+02,1541,3.25996609742713e-07,4.42558768128851e-02,4.42564209989799e-02,4.38591671767966e-02,lamp_kernel
1.237987e+02,1561,3.20039502563292e-07,4.42515815491117e-02,4.42521157910082e-02,4.38625820998284e-02,lamp_kernel
1.253867e+02,1581,3.16039213880279e-07,4.42474591122604e-02,4.42479866764757e-02,4.38658973998826e-02,lamp_kernel
1.269747e+02,1601,3.11165557820638e-07,4.42435003524441e-02,4.42440197810659e-02,4.38691207576992e-02,lamp_kernel
1.285628e+02,1621,3.05284661394027e-07,4.42396967157372e-02,4.42402063273795e-02,4.38722519069804e-02,lamp_kernel
1.301510e+02,1641,2.98304680810523e-07,4.42360401990988e-02,4.42365381590605e-02,4.38752944242193e-02,lamp_kernel
1.317392e+02,1661,2.90221836236646e-07,4.42325233090085e-02,4.42330077762789e-02,4.38782581805752e-02,lamp_kernel
1.333275e+02,1681,2.81318852282731e-07,4.42291390233002e-02,4.42296086288208e-02,4.38811455438973e-02,lamp_kernel
1.349158e+02,1701,2.77372324820321e-07,4.42258807559026e-02,4.42263437734854e-02,4.38839556908948e-02,lamp_kernel
1.365042e+02,1721,2.73783574623751e-07,4.42227423244597e-02,4.42231993513423e-02,4.38866939500293e-02,lamp_kernel
1.380927e+02,1741,2.69554940415402e-07,4.42197179209224e-02,4.42201678889465e-02,4.38893658692838e-02,lamp_kernel
1.396813e+02,1761,2.67383508357720e-07,4.42168020850719e-02,4.42172484283248e-02,4.38919714961619e-02,lamp_kernel
1.412701e+02,1781,2.63973495250517e-07,4.42139896806023e-02,4.42144303315208e-02,4.38945131107890e-02,lamp_kernel
1.428589e+02,1801,2.59235640539452e-07,4.42112758730962e-02,4.42117086151145e-02,4.38969922263592e-02,lamp_kernel
1.444479e+02,1821,2.53212999023242e-07,4.42086561092539e-02,4.42090787976775e-02,4.38994088331091e-02,lamp_kernel
1.460370e+02,1841,2.46218824032709e-07,4.42061260970899e-02,4.42065371101382e-02,4.39017636060731e-02,lamp_kernel
1.476262e+02,1861,2.38629240953405e-07,4.42036817872294e-02,4.42040801309878e-02,4.39040619682892e-02,lamp_kernel
1.492155e+02,1881,2.36383093166805e-07,4.42013193556132e-02,4.42017139498774e-02,4.39063080088212e-02,lamp_kernel
1.508049e+02,1901,2.33525196920305e-07,4.41990351878097e-02,4.41994250113881e-02,4.39085012132973e-02,lamp_kernel
1.523944e+02,1921,2.30274650569720e-07,4.41968258649309e-02,4.41972102623727e-02,4.39106419698495e-02,lamp_kernel
1.539840e+02,1941,2.28990688372950e-07,4.41946881510143e-02,4.41950704051382e-02,4.39127346770166e-02,lamp_kernel
1.555738e+02,1961,2.26777701439434e-07,4.41926189816859e-02,4.41929975416710e-02,4.39147824221084e-02,lamp_kernel
1.571637e+02,1981,2.23481502922550e-07,4.41906154539037e-02,4.41909885115450e-02,4.39167849258624e-02,lamp_kernel
1.587537e+02,2001,2.19040158786404e-07,4.41886748165536e-02,4.41890404602599e-02,4.39187427316610e-02,lamp_kernel
1.603439e+02,2021,2.13517455467539e-07,4.41867944616463e-02,4.41871508863047e-02,4.39206565529586e-02,lamp_kernel
1.619342e+02,2041,2.07232974002318e-07,4.41849719158994e-02,4.41853178498737e-02,4.39225316755038e-02,lamp_kernel
1.635246e+02,2061,2.04761542347225e-07,4.41832048326313e-02,4.41835466410452e-02,4.39243686535952e-02,lamp_kernel
1.651151e+02,2081,2.03347462369662e-07,4.41814909840738e-02,4.41818304319642e-02,4.39261675718692e-02,lamp_kernel
1.667057e+02,2101,2.01316023343351e-07,4.41798282543135e-02,4.41801643111230e-02,4.39279303070421e-02,lamp_kernel
1.682964e+02,2121,2.01153039663090e-07,4.41782146329902e-02,4.41785504177310e-02,4.39296576128496e-02,lamp_kernel
1.698873e+02,2141,1.99864876399006e-07,4.41766482096069e-02,4.41769818440169e-02,4.39313506751250e-02,lamp_kernel
1.714784e+02,2161,1.97348632197345e-07,4.41751271680649e-02,4.41754566021089e-02,4.39330102564797e-02,lamp_kernel
1.730696e+02,2181,1.93522500678203e-07,4.41736497810276e-02,4.41739728281108e-02,4.39346376315604e-02,lamp_kernel
1.746607e+02,2201,1.88611984540427e-07,4.41722144040041e-02,4.41725292539633e-02,4.39362337497826e-02,lamp_kernel
1.762520e+02,2221,1.82949438650590e-07,4.41708194694266e-02,4.41711248668988e-02,4.39377979155506e-02,lamp_kernel
1.778435e+02,2241,1.81425383774289e-07,4.41694634811478e-02,4.41697663345154e-02,4.39393318807809e-02,lamp_kernel
1.794350e+02,2261,1.80097576036711e-07,4.41681450096865e-02,4.41684456465448e-02,4.39408368331139e-02,lamp_kernel
1.810267e+02,2281,1.78040956652670e-07,4.41668626883095e-02,4.41671598920534e-02,4.39423141394151e-02,lamp_kernel
1.826520e+02,2301,1.78080813964734e-07,4.41656152098678e-02,4.41659124801454e-02,4.39437646333677e-02,lamp_kernel
1.842441e+02,2321,1.77334827801248e-07,4.41644013242079e-02,4.41646973492110e-02,4.39451879217938e-02,lamp_kernel
1.858362e+02,2341,1.75592811221243e-07,4.41632198359545e-02,4.41635129530095e-02,4.39465855559542e-02,lamp_kernel
1.874284e+02,2361,1.72699840922340e-07,4.41620696024391e-02,4.41623578902593e-02,4.39479584237940e-02,lamp_kernel
1.890206e+02,2381,1.68762376439424e-07,4.41609495315570e-02,4.41612312465683e-02,4.39493075598753e-02,lamp_kernel
1.906129e+02,2401,1.63957338657480e-07,4.41598585793957e-02,4.41601322733581e-02,4.39506328120294e-02,lamp_kernel
1.922054e+02,2421,1.61881375216780e-07,4.41587957476305e-02,4.41590659761873e-02,4.39519338129119e-02,lamp_kernel
1.937979e+02,2441,1.61436347654993e-07,4.41577600808684e-02,4.41580295665409e-02,4.39532126064851e-02,lamp_kernel
1.953905e+02,2461,1.60313898179314e-07,4.41567506642361e-02,4.41570182762038e-02,4.39544688429207e-02,lamp_kernel
1.969833e+02,2481,1.60831752324954e-07,4.41557666214329e-02,4.41560350978544e-02,4.39557036103816e-02,lamp_kernel
1.985763e+02,2501,1.60440364782930e-07,4.41548071132226e-02,4.41550749363009e-02,4.39569178711673e-02,lamp_kernel
2.001693e+02,2521,1.58872859598209e-07,4.41538713360597e-02,4.41541365425019e-02,4.39581117741570e-02,lamp_kernel
2.017625e+02,2541,1.56071735146982e-07,4.41529585204605e-02,4.41532190509860e-02,4.39592857567514e-02,lamp_kernel
2.033557e+02,2561,1.52155766264550e-07,4.41520679289333e-02,4.41523219225325e-02,4.39604391294580e-02,lamp_kernel
2.049491e+02,2581,1.47467651804979e-07,4.41511988536040e-02,4.41514450213344e-02,4.39615731341309e-02,lamp_kernel
2.065428e+02,2601,1.45909051285676e-07,4.41503506138722e-02,4.41505941798310e-02,4.39626890425233e-02,lamp_kernel
2.081366e+02,2621,1.45325854760019e-07,4.41495225543896e-02,4.41497651468185e-02,4.39637868656562e-02,lamp_kernel
2.097305e+02,2641,1.44018153353848e-07,4.41487140434983e-02,4.41489544529815e-02,4.39648677957212e-02,lamp_kernel
2.113245e+02,2661,1.44324532949487e-07,4.41479244721202e-02,4.41481653930427e-02,4.39659312643373e-02,lamp_kernel
2.129186e+02,2681,1.44144401332907e-07,4.41471532530231e-02,4.41473938732519e-02,4.39669777160270e-02,lamp_kernel
2.145129e+02,2701,1.43058721616962e-07,4.41463998203570e-02,4.41466386282608e-02,4.39680078806844e-02,lamp_kernel
2.161075e+02,2721,1.40884046246162e-07,4.41456636293193e-02,4.41458988070379e-02,4.39690218615323e-02,lamp_kernel
2.177021e+02,2741,1.37619871195098e-07,4.41449441557897e-02,4.41451738846214e-02,4.39700197932059e-02,lamp_kernel
2.192970e+02,2761,1.33378483604162e-07,4.41442408957944e-02,4.41444635444783e-02,4.39710025585097e-02,lamp_kernel
2.208922e+02,2781,1.30944754588973e-07,4.41435533647467e-02,4.41437719508071e-02,4.39719707679779e-02,lamp_kernel
2.224874e+02,2801,1.30791570237308e-07,4.41428810965651e-02,4.41430994269149e-02,4.39729248318625e-02,lamp_kernel
2.240828e+02,2821,1.30110675999019e-07,4.41422236428661e-02,4.41424408365992e-02,4.39738643905365e-02,lamp_kernel
2.256784e+02,2841,1.30868872705142e-07,4.41415805723970e-02,4.41417990317878e-02,4.39747899828548e-02,lamp_kernel
2.272741e+02,2861,1.30979366632450e-07,4.41409514706876e-02,4.41411701145259e-02,4.39757020236315e-02,lamp_kernel
2.288702e+02,2881,1.29995152766389e-07,4.41403359396741e-02,4.41405529405643e-02,4.39766009473221e-02,lamp_kernel
2.304664e+02,2901,1.27881072425335e-07,4.41397335969810e-02,4.41399470688372e-02,4.39774869909203e-02,lamp_kernel
2.320627e+02,2921,1.24688696568830e-07,4.41391440747043e-02,4.41393522175279e-02,4.39783602322204e-02,lamp_kernel
2.336592e+02,2941,1.20693608410253e-07,4.41385670178462e-02,4.41387684916698e-02,4.39792207375938e-02,lamp_kernel
2.352559e+02,2961,1.18868312474882e-07,4.41380020827471e-02,4.41382005096044e-02,4.39800692694259e-02,lamp_kernel
2.368530e+02,2981,1.18724578886856e-07,4.41374489358372e-02,4.41376471227600e-02,4.39809058834905e-02,lamp_kernel
2.384501e+02,3001,1.17852019373837e-07,4.41369072528728e-02,4.41371039832322e-02,4.39817310422860e-02,lamp_kernel
2.400475e+02,3021,1.18231459993734e-07,4.41363767186550e-02,4.41365740824146e-02,4.39825447889823e-02,lamp_kernel
2.416451e+02,3041,1.18430687434911e-07,4.41358570271402e-02,4.41360547234701e-02,4.39833475304431e-02,lamp_kernel
2.432430e+02,3061,1.17721438703598e-07,4.41353478817882e-02,4.41355443941692e-02,4.39841394944019e-02,lamp_kernel
2.448412e+02,3081,1.16033065137751e-07,4.41348489959664e-02,4.41350426899457e-02,4.39849209439923e-02,lamp_kernel
2.464395e+02,3101,1.13284777789736e-07,4.41343600932111e-02,4.41345491994748e-02,4.39856915250404e-02,lamp_kernel
2.480382e+02,3121,1.09580414068711e-07,4.41338809071934e-02,4.41340638297632e-02,4.39864516690999e-02,lamp_kernel
2.496370e+02,3141,1.06858918420751e-07,4.41334111813402e-02,4.41335895609177e-02,4.39872016157772e-02,lamp_kernel
2.512360e+02,3161,1.07001997044308e-07,4.41329506682219e-02,4.41331292866405e-02,4.39879417259886e-02,lamp_kernel
2.528354e+02,3181,1.06660477426618e-07,4.41324991289408e-02,4.41326771772607e-02,4.39886719131062e-02,lamp_kernel
2.544350e+02,3201,1.07551698352302e-07,4.41320563327409e-02,4.41322358687758e-02,4.39893925441696e-02,lamp_kernel
2.560348e+02,3221,1.08059576681229e-07,4.41316220569021e-02,4.41318024407383e-02,4.39901040584980e-02,lamp_kernel
2.576349e+02,3241,1.07452048929453e-07,4.41311960867459e-02,4.41313754564361e-02,4.39908061926998e-02,lamp_kernel
2.592353e+02,3261,1.05770290445970e-07,4.41307782154682e-02,4.41309547777991e-02,4.39914994520584e-02,lamp_kernel
2.608359e+02,3281,1.03090489892395e-07,4.41303682435907e-02,4.41305403325310e-02,4.39921841982366e-02,lamp_kernel
2.624369e+02,3301,9.96105899108930e-08,4.41299659780724e-02,4.41301322580161e-02,4.39928605311566e-02,lamp_kernel
2.640381e+02,3321,9.74391953806697e-08,4.41295712313103e-02,4.41297338865454e-02,4.39935284585852e-02,lamp_kernel
2.656397e+02,3341,9.76322719386552e-08,4.41291838202958e-02,4.41293467978337e-02,4.39941879910037e-02,lamp_kernel
2.672414e+02,3361,9.71667188035543e-08,4.41288035660725e-02,4.41289657664626e-02,4.39948387719363e-02,lamp_kernel
2.688436e+02,3381,9.76500394486046e-08,4.41284302935220e-02,4.41285933007191e-02,4.39954812115954e-02,lamp_kernel
2.704460e+02,3401,9.82350065908737e-08,4.41280638314413e-02,4.41282278151240e-02,4.39961154793635e-02,lamp_kernel
2.720488e+02,3421,9.79396987232513e-08,4.41277040128408e-02,4.41278675035661e-02,4.39967416573985e-02,lamp_kernel
2.736518e+02,3441,9.67968014733989e-08,4.41273506753496e-02,4.41275122582367e-02,4.39973601538385e-02,lamp_kernel
2.752552e+02,3461,9.46351016471454e-08,4.41270036615834e-02,4.41271616359453e-02,4.39979709770696e-02,lamp_kernel
2.768589e+02,3481,9.15630329217905e-08,4.41266628193530e-02,4.41268156655110e-02,4.39985745670280e-02,lamp_kernel
2.784629e+02,3501,8.86167754212813e-08,4.41263280016421e-02,4.41264759296128e-02,4.39991708984789e-02,lamp_kernel
2.800673e+02,3521,8.91225395047584e-08,4.41259990664096e-02,4.41261478386522e-02,4.39997603331838e-02,lamp_kernel
2.816718e+02,3541,8.91569165915188e-08,4.41256758763628e-02,4.41258247059911e-02,4.40003428103608e-02,lamp_kernel
2.832768e+02,3561,9.02038087487355e-08,4.41253582988685e-02,4.41255088760738e-02,4.40009183727774e-02,lamp_kernel
2.848821e+02,3581,9.11289140586937e-08,4.41250462060378e-02,4.41251983275212e-02,4.40014872163133e-02,lamp_kernel
2.864876e+02,3601,9.09642615054955e-08,4.41247394748413e-02,4.41248913214703e-02,4.40020496923011e-02,lamp_kernel
2.880935e+02,3621,8.97283556774904e-08,4.41244379870041e-02,4.41245877705356e-02,4.40026058987721e-02,lamp_kernel
2.896997e+02,3641,8.75544594282254e-08,4.41241416285010e-02,4.41242877831478e-02,4.40031554923773e-02,lamp_kernel
2.913063e+02,3661,8.45668437815063e-08,4.41238502886979e-02,4.41239914561183e-02,4.40036984656882e-02,lamp_kernel
2.929133e+02,3681,8.20871280232132e-08,4.41235638593705e-02,4.41237008874018e-02,4.40042352159781e-02,lamp_kernel
2.945205e+02,3701,8.25470920630178e-08,4.41232822338909e-02,4.41234200297400e-02,4.40047657809146e-02,lamp_kernel
2.961281e+02,3721,8.23807028945974e-08,4.41230053067669e-02,4.41231428248627e-02,4.40052904870245e-02,lamp_kernel
2.977359e+02,3741,8.28152008643811e-08,4.41227329735743e-02,4.41228712169775e-02,4.40058094639585e-02,lamp_kernel
2.993441e+02,3761,8.36669804988207e-08,4.41224651312363e-02,4.41226047965151e-02,4.40063226597260e-02,lamp_kernel
3.009527e+02,3781,8.37068655922704e-08,4.41222016785505e-02,4.41223414104095e-02,4.40068303380426e-02,lamp_kernel
3.025616e+02,3801,8.29655789732342e-08,4.41219425168191e-02,4.41220810112484e-02,4.40073320194944e-02,lamp_kernel
3.041709e+02,3821,8.12187891585300e-08,4.41216875504084e-02,4.41218231289217e-02,4.40078280021695e-02,lamp_kernel
3.057805e+02,3841,7.85718574038200e-08,4.41214366870809e-02,4.41215678470714e-02,4.40083186633161e-02,lamp_kernel
3.073904e+02,3861,7.53183691720514e-08,4.41211898380243e-02,4.41213155669673e-02,4.40088040004473e-02,lamp_kernel
3.090007e+02,3881,7.59525698428112e-08,4.41209469176187e-02,4.41210737052328e-02,4.40092842292917e-02,lamp_kernel
3.106112e+02,3901,7.61653990832899e-08,4.41207078431165e-02,4.41208349860064e-02,4.40097594215311e-02,lamp_kernel
3.122220e+02,3921,7.71091319973634e-08,4.41204725344166e-02,4.41206012526798e-02,4.40102292146381e-02,lamp_kernel
3.138332e+02,3941,7.82473192997981e-08,4.41202409140469e-02,4.41203715322860e-02,4.40106939651505e-02,lamp_kernel
3.154447e+02,3961,7.83504391531387e-08,4.41200129072696e-02,4.41201436976466e-02,4.40111539863570e-02,lamp_kernel
3.170567e+02,3981,7.73929981029541e-08,4.41197884421156e-02,4.41199176342364e-02,4.40116092993392e-02,lamp_kernel
3.186689e+02,4001,7.55704647099445e-08,4.41195674491402e-02,4.41196935989063e-02,4.40120596561983e-02,lamp_kernel
3.202814e+02,4021,7.29814059323131e-08,4.41193498608841e-02,4.41194716887347e-02,4.40125052993303e-02,lamp_kernel
3.218942e+02,4041,7.01862109080420e-08,4.41191356111796e-02,4.41192527730116e-02,4.40129464201971e-02,lamp_kernel
3.235074e+02,4061,7.08824784383648e-08,4.41189246345353e-02,4.41190429586465e-02,4.40133831969872e-02,lamp_kernel
3.251208e+02,4081,7.10259509625833e-08,4.41187168657565e-02,4.41188354293665e-02,4.40138156190561e-02,lamp_kernel
3.267345e+02,4101,7.14904289107682e-08,4.41185122398512e-02,4.41186315788141e-02,4.40142436958516e-02,lamp_kernel
3.283486e+02,4121,7.25691054289092e-08,4.41183106921936e-02,4.41184318317911e-02,4.40146672858283e-02,lamp_kernel
3.299629e+02,4141,7.29206980383474e-08,4.41181121588883e-02,4.41182338853992e-02,4.40150865021482e-02,lamp_kernel
3.315775e+02,4161,7.24987871411622e-08,4.41179165772421e-02,4.41180375994573e-02,4.40155014256872e-02,lamp_kernel
3.331924e+02,4181,7.11071600863496e-08,4.41177238862238e-02,4.41178425853961e-02,4.40159122241233e-02,lamp_kernel
3.348077e+02,4201,6.88258758037976e-08,4.41175340267845e-02,4.41176489178093e-02,4.40163190073953e-02,lamp_kernel
3.364232e+02,4221,6.58689269357401e-08,4.41173469419662e-02,4.41174568969566e-02,4.40167217513471e-02,lamp_kernel
3.380390e+02,4241,6.60321240470550e-08,4.41171625768263e-02,4.41172728042417e-02,4.40171204988880e-02,lamp_kernel
3.396550e+02,4261,6.64194573100899e-08,4.41169808782914e-02,4.41170917522822e-02,4.40175152638261e-02,lamp_kernel
3.412714e+02,4281,6.72636043412435e-08,4.41168017950913e-02,4.41169140782165e-02,4.40179062207019e-02,lamp_kernel
3.428880e+02,4301,6.86083336467905e-08,4.41166252778493e-02,4.41167398057310e-02,4.40182935236336e-02,lamp_kernel
3.445048e+02,4321,6.89775305850733e-08,4.41164512792605e-02,4.41165664234426e-02,4.40186772343348e-02,lamp_kernel
3.461218e+02,4341,6.83360340792440e-08,4.41162797541641e-02,4.41163938274962e-02,4.40190573665799e-02,lamp_kernel
3.477391e+02,4361,6.67648173964065e-08,4.41161106593278e-02,4.41162221098281e-02,4.40194339418927e-02,lamp_kernel
3.493568e+02,4381,6.44940752716310e-08,4.41159439528937e-02,4.41160516128444e-02,4.40198070861724e-02,lamp_kernel
3.509747e+02,4401,6.16971024026704e-08,4.41157795936283e-02,4.41158825845926e-02,4.40201766589982e-02,lamp_kernel
3.525929e+02,4421,6.21622687009827e-08,4.41156175402182e-02,4.41157213076846e-02,4.40205427195529e-02,lamp_kernel
3.542113e+02,4441,6.25178744752819e-08,4.41154577508159e-02,4.41155621118950e-02,4.40209054625245e-02,lamp_kernel
3.558299e+02,4461,6.29213585587466e-08,4.41153001829149e-02,4.41154052175299e-02,4.40212648636539e-02,lamp_kernel
3.574489e+02,4481,6.41369667841713e-08,4.41151447935432e-02,4.41152518573728e-02,4.40216209071723e-02,lamp_kernel
3.590681e+02,4501,6.46670090541511e-08,4.41149915397125e-02,4.41150994883416e-02,4.40219737876077e-02,lamp_kernel
3.606874e+02,4521,6.44427017195108e-08,4.41148403790148e-02,4.41149479532078e-02,4.40223234195646e-02,lamp_kernel
3.623070e+02,4541,6.33012359987220e-08,4.41146912702230e-02,4.41147969389673e-02,4.40226696880898e-02,lamp_kernel
3.639268e+02,4561,6.12908382518465e-08,4.41145441737323e-02,4.41146464865200e-02,4.40230128006364e-02,lamp_kernel
3.655470e+02,4581,5.85849487881382e-08,4.41143990517475e-02,4.41144968475943e-02,4.40233528523957e-02,lamp_kernel
3.671673e+02,4601,5.81295724384486e-08,4.41142558682048e-02,4.41143529038918e-02,4.40236898697249e-02,lamp_kernel
3.687878e+02,4621,5.85490690138281e-08,4.41141145885497e-02,4.41142123245023e-02,4.40240238544331e-02,lamp_kernel
3.704084e+02,4641,5.92268375155970e-08,4.41139751795249e-02,4.41140740468764e-02,4.40243548639616e-02,lamp_kernel
3.720294e+02,4661,6.06400076710941e-08,4.41138376090948e-02,4.41139388354511e-02,4.40246827937339e-02,lamp_kernel
3.736506e+02,4681,6.11805862641708e-08,4.41137018464994e-02,4.41138039752435e-02,4.40250078305814e-02,lamp_kernel
3.752719e+02,4701,6.07699218949729e-08,4.41135678623097e-02,4.41136693055318e-02,4.40253298847967e-02,lamp_kernel
3.768935e+02,4721,5.94337891109728e-08,4.41134356283115e-02,4.41135348411273e-02,4.40256490188990e-02,lamp_kernel
3.785152e+02,4741,5.74293432275479e-08,4.41133051171413e-02,4.41134009839358e-02,4.40259651923451e-02,lamp_kernel
3.801372e+02,4761,5.48699908194860e-08,4.41131763017472e-02,4.41132678962152e-02,4.40262785860939e-02,lamp_kernel
3.817593e+02,4781,5.47410174333013e-08,4.41130491548532e-02,4.41131405340259e-02,4.40265893320689e-02,lamp_kernel
3.833817e+02,4801,5.51530247120073e-08,4.41129236486062e-02,4.41130157155426e-02,4.40268974745553e-02,lamp_kernel
3.850042e+02,4821,5.54308198603406e-08,4.41127997544752e-02,4.41128922851350e-02,4.40272030139766e-02,lamp_kernel
3.866269e+02,4841,5.67081240801108e-08,4.41126774433919e-02,4.41127721062554e-02,4.40275060358745e-02,lamp_kernel
3.882497e+02,4861,5.73149735099156e-08,4.41125566860786e-02,4.41126523619558e-02,4.40278065491892e-02,lamp_kernel
3.898729e+02,4881,5.72451885817452e-08,4.41124374534911e-02,4.41125330128764e-02,4.40281045401686e-02,lamp_kernel
3.914962e+02,4901,5.63202809515515e-08,4.41123197172711e-02,4.41124137327082e-02,4.40284001051431e-02,lamp_kernel
3.931196e+02,4921,5.45637362919837e-08,4.41122034501005e-02,4.41122945333379e-02,4.40286932430374e-02,lamp_kernel
3.947432e+02,4941,5.21179135049085e-08,4.41120886258677e-02,4.41121756262934e-02,4.40289838675201e-02,lamp_kernel
3.963668e+02,4961,5.11413011554046e-08,4.41119752196376e-02,4.41120605898045e-02,4.40292721144070e-02,lamp_kernel
3.979907e+02,4981,5.16783471751014e-08,4.41118632075211e-02,4.41119494741787e-02,4.40295580520772e-02,lamp_kernel
3.996147e+02,5001,5.22705814186513e-08,4.41117525665685e-02,4.41118398218427e-02,4.40298416229525e-02,lamp_kernel
4.012388e+02,5021,5.38065740950704e-08,4.41116432748007e-02,4.41117330941073e-02,4.40301227839058e-02,lamp_kernel
4.028631e+02,5041,5.45725727259011e-08,4.41115353113461e-02,4.41116264093341e-02,4.40304017058097e-02,lamp_kernel
4.044876e+02,5061,5.44150065848549e-08,4.41114286565656e-02,4.41115194915284e-02,4.40306784275863e-02,lamp_kernel
4.061122e+02,5081,5.33519626496215e-08,4.41113232919858e-02,4.41114123524096e-02,4.40309528750452e-02,lamp_kernel
4.077369e+02,5101,5.15714354406407e-08,4.41112191999536e-02,4.41113052881435e-02,4.40312251299141e-02,lamp_kernel
4.093617e+02,5121,4.92562755116387e-08,4.41111163630661e-02,4.41111985865599e-02,4.40314952165965e-02,lamp_kernel
4.109867e+02,5141,4.86298243600130e-08,4.41110147635487e-02,4.41110959413076e-02,4.40317631361680e-02,lamp_kernel
4.126119e+02,5161,4.91481413731652e-08,4.41109143827831e-02,4.41109964257686e-02,4.40320288658893e-02,lamp_kernel
4.142371e+02,5181,4.93554168472388e-08,4.41108152011097e-02,4.41108975901001e-02,4.40322925319145e-02,lamp_kernel
4.158626e+02,5201,5.07274226067917e-08,4.41107171979213e-02,4.41108018772007e-02,4.40325540741131e-02,lamp_kernel
4.174881e+02,5221,5.14992190061435e-08,4.41106203520066e-02,4.41107063196457e-02,4.40328135346171e-02,lamp_kernel
4.191137e+02,5241,5.16209884363302e-08,4.41105246420585e-02,4.41106108129672e-02,4.40330709546083e-02,lamp_kernel
4.207395e+02,5261,5.09602555545898e-08,4.41104300472305e-02,4.41105151151779e-02,4.40333263785375e-02,lamp_kernel
4.223654e+02,5281,4.94931491084167e-08,4.41103365476086e-02,4.41104191665155e-02,4.40335798699010e-02,lamp_kernel
4.239914e+02,5301,4.73418845669566e-08,4.41102441244801e-02,4.41103231522813e-02,4.40338314073276e-02,lamp_kernel
4.256175e+02,5321,4.59361573063866e-08,4.41101527603598e-02,4.41102294415807e-02,4.40340810283055e-02,lamp_kernel
4.272437e+02,5341,4.64944813797798e-08,4.41100624388378e-02,4.41101400520691e-02,4.40343286448075e-02,lamp_kernel
4.288699e+02,5361,4.68899593768002e-08,4.41099731443734e-02,4.41100514177760e-02,4.40345743629926e-02,lamp_kernel
4.304963e+02,5381,4.84534986792256e-08,4.41098848621778e-02,4.41099657455963e-02,4.40348182499263e-02,lamp_kernel
4.321229e+02,5401,4.93181832142353e-08,4.41097975782248e-02,4.41098799050611e-02,4.40350603213384e-02,lamp_kernel
4.337494e+02,5421,4.93092229813606e-08,4.41097112793042e-02,4.41097935911832e-02,4.40353005842244e-02,lamp_kernel
4.354132e+02,5441,4.84636796271564e-08,4.41096259529707e-02,4.41097068533843e-02,4.40355390621008e-02,lamp_kernel
4.370400e+02,5461,4.69011519732771e-08,4.41095415872793e-02,4.41096198793657e-02,4.40357757017285e-02,lamp_kernel
4.386669e+02,5481,4.48064185400018e-08,4.41094581703508e-02,4.41095329656989e-02,4.40360105277177e-02,lamp_kernel
4.402938e+02,5501,4.36861846923300e-08,4.41093756898885e-02,4.41094486152304e-02,4.40362435571586e-02,lamp_kernel
4.419209e+02,5521,4.42803164613828e-08,4.41092941328227e-02,4.41093680499487e-02,4.40364748635524e-02,lamp_kernel
4.435480e+02,5541,4.44342442545723e-08,4.41092134851660e-02,4.41092876592437e-02,4.40367045024525e-02,lamp_kernel
4.451751e+02,5561,4.58077265439610e-08,4.41091337321021e-02,4.41092101989336e-02,4.40369324880227e-02,lamp_kernel
4.468024e+02,5581,4.67017448737199e-08,4.41090548582636e-02,4.41091328174797e-02,4.40371588401886e-02,lamp_kernel
4.484298e+02,5601,4.69349917665894e-08,4.41089768481351e-02,4.41090551967103e-02,4.40373835235994e-02,lamp_kernel
4.500572e+02,5621,4.64980164359000e-08,4.41088996865008e-02,4.41089773056331e-02,4.40376064707528e-02,lamp_kernel
4.516847e+02,5641,4.52891982841685e-08,4.41088233588187e-02,4.41088989600710e-02,4.40378277951588e-02,lamp_kernel
4.533122e+02,5661,4.34042167330475e-08,4.41087478514351e-02,4.41088203060880e-02,4.40380474611124e-02,lamp_kernel
4.549398e+02,5681,4.16130603138532e-08,4.41086731516044e-02,4.41087426162802e-02,4.40382654950990e-02,lamp_kernel
4.565675e+02,5701,4.22487016486236e-08,4.41085992473715e-02,4.41086697731232e-02,4.40384819510192e-02,lamp_kernel
4.581953e+02,5721,4.25977767422435e-08,4.41085261274226e-02,4.41085972358853e-02,4.40386968436667e-02,lamp_kernel
4.598231e+02,5741,4.42128288852923e-08,4.41084537810258e-02,4.41085275854948e-02,4.40389102339617e-02,lamp_kernel
4.614510e+02,5761,4.52010679831937e-08,4.41083821981034e-02,4.41084576522398e-02,4.40391219764779e-02,lamp_kernel
4.630790e+02,5781,4.53728784805081e-08,4.41083113693620e-02,4.41083871103017e-02,4.40393321669728e-02,lamp_kernel
4.647070e+02,5801,4.47198124565039e-08,4.41082412863278e-02,4.41083159371045e-02,4.40395408470752e-02,lamp_kernel
4.663351e+02,5821,4.33440305821844e-08,4.41081719411534e-02,4.41082442953376e-02,4.40397479699913e-02,lamp_kernel
4.679632e+02,5841,4.13932169048943e-08,4.41081033261828e-02,4.41081724238740e-02,4.40399536492808e-02,lamp_kernel
4.695914e+02,5861,3.97794382380065e-08,4.41080354334111e-02,4.41081018372217e-02,4.40401579033223e-02,lamp_kernel
4.712197e+02,5881,4.04283000858525e-08,4.41079682540334e-02,4.41080357409890e-02,4.40403607551866e-02,lamp_kernel
4.728480e+02,5901,4.06787538263650e-08,4.41079017782089e-02,4.41079696832469e-02,4.40405622348372e-02,lamp_kernel
4.744764e+02,5921,4.19140198919686e-08,4.41078359950753e-02,4.41079059621429e-02,4.40407623192689e-02,lamp_kernel
4.761048e+02,5941,4.28835007715396e-08,4.41077708929782e-02,4.41078424784000e-02,4.40409610037317e-02,lamp_kernel
4.777333e+02,5961,4.31928978104444e-08,4.41077064598652e-02,4.41077785617634e-02,4.40411583127003e-02,lamp_kernel
4.793618e+02,5981,4.28858594689919e-08,4.41076426837675e-02,4.41077142731267e-02,4.40413542893479e-02,lamp_kernel
4.809904e+02,6001,4.18331396489916e-08,4.41075795532635e-02,4.41076493853176e-02,4.40415488188421e-02,lamp_kernel
4.826191e+02,6021,4.01111477657681e-08,4.41075170577935e-02,4.41075840153269e-02,4.40417420320081e-02,lamp_kernel
4.842477e+02,6041,3.79026450203290e-08,4.41074551877689e-02,4.41075184586489e-02,4.40419339579368e-02,lamp_kernel
4.858765e+02,6061,3.85377945835955e-08,4.41073939344863e-02,4.41074582656214e-02,4.40421245800512e-02,lamp_kernel
4.875052e+02,6081,3.89149535092533e-08,4.41073332899608e-02,4.41073982506873e-02,4.40423139514186e-02,lamp_kernel
4.891340e+02,6101,4.02868868611721e-08,4.41072732467874e-02,4.41073404976819e-02,4.40425020840752e-02,lamp_kernel
4.907628e+02,6121,4.13366476397968e-08,4.41072137981016e-02,4.41072828013617e-02,4.40426888869893e-02,lamp_kernel
4.923917e+02,6141,4.16536075370291e-08,4.41071549376220e-02,4.41072244699832e-02,4.40428743965635e-02,lamp_kernel
4.940206e+02,6161,4.11785241132500e-08,4.41070966596504e-02,4.41071653989549e-02,4.40430587030140e-02,lamp_kernel
4.956495e+02,6181,4.00160198750459e-08,4.41070389589136e-02,4.41071057576500e-02,4.40432418009912e-02,lamp_kernel
4.972785e+02,6201,3.82898765507847e-08,4.41069818301999e-02,4.41070457474854e-02,4.40434236830680e-02,lamp_kernel
4.989075e+02,6221,3.62438750277047e-08,4.41069252678914e-02,4.41069857697869e-02,4.40436043844806e-02,lamp_kernel
5.005366e+02,6241,3.69543740374470e-08,4.41068692655694e-02,4.41069309535008e-02,4.40437839275298e-02,lamp_kernel
5.021656e+02,6261,3.73121003877821e-08,4.41068138158319e-02,4.41068761009158e-02,4.40439623088444e-02,lamp_kernel
5.037948e+02,6281,3.84230260924162e-08,4.41067589103552e-02,4.41068230499073e-02,4.40441394862929e-02,lamp_kernel
5.054239e+02,6301,3.95059869850171e-08,4.41067045401371e-02,4.41067704874756e-02,4.40443155175007e-02,lamp_kernel
5.070531e+02,6321,3.99721355730555e-08,4.41066506958495e-02,4.41067174213297e-02,4.40444903808738e-02,lamp_kernel
5.086823e+02,6341,3.97937540328696e-08,4.41065973682464e-02,4.41066637959544e-02,4.40446641355974e-02,lamp_kernel
5.103116e+02,6361,3.89480193408783e-08,4.41065445485493e-02,4.41066095644725e-02,4.40448368011519e-02,lamp_kernel
5.119409e+02,6381,3.74435981403811e-08,4.41064922287134e-02,4.41065547333065e-02,4.40450083638197e-02,lamp_kernel
5.135702e+02,6401,3.54197720591782e-08,4.41064404015085e-02,4.41064995277290e-02,4.40451787866863e-02,lamp_kernel
5.151995e+02,6421,3.55186323808174e-08,4.41063890604195e-02,4.41064483516675e-02,4.40453480873766e-02,lamp_kernel
5.168289e+02,6441,3.59407945436879e-08,4.41063381994686e-02,4.41063981954319e-02,4.40455163401258e-02,lamp_kernel
5.184583e+02,6461,3.71152545838108e-08,4.41062878130864e-02,4.41063497695756e-02,4.40456835524315e-02,lamp_kernel
5.200877e+02,6481,3.82175525367294e-08,4.41062378961082e-02,4.41063016926633e-02,4.40458497089558e-02,lamp_kernel
5.217172e+02,6501,3.86569844182678e-08,4.41061884438680e-02,4.41062529739667e-02,4.40460148099522e-02,lamp_kernel
5.233466e+02,6521,3.83522151894495e-08,4.41061394522873e-02,4.41062034736347e-02,4.40461788913670e-02,lamp_kernel
5.249761e+02,6541,3.73683526667080e-08,4.41060909178089e-02,4.41061532967948e-02,4.40463419720744e-02,lamp_kernel
5.266056e+02,6561,3.57908840152144e-08,4.41060428371082e-02,4.41061025828258e-02,4.40465040061233e-02,lamp_kernel
5.282352e+02,6581,3.37629498674707e-08,4.41059952066424e-02,4.41060515671298e-02,4.40466649849389e-02,lamp_kernel
5.298647e+02,6601,3.38936474492680e-08,4.41059480221938e-02,4.41060046008547e-02,4.40468249806090e-02,lamp_kernel
5.314943e+02,6621,3.42463503238678e-08,4.41059012785874e-02,4.41059584460152e-02,4.40469839774077e-02,lamp_kernel
5.331239e+02,6641,3.51585939728142e-08,4.41058549696528e-02,4.41059136598887e-02,4.40471420023746e-02,lamp_kernel
5.347536e+02,6661,3.63021490453423e-08,4.41058090883970e-02,4.41058696875693e-02,4.40472990812922e-02,lamp_kernel
5.363834e+02,6681,3.68839007441710e-08,4.41057636273164e-02,4.41058251976067e-02,4.40474552225896e-02,lamp_kernel
5.380130e+02,6701,3.68086267292409e-08,4.41057185787826e-02,4.41057800234180e-02,4.40476104345759e-02,lamp_kernel
5.396427e+02,6721,3.61284093739279e-08,4.41056739354438e-02,4.41057342445925e-02,4.40477646853899e-02,lamp_kernel
5.412724e+02,6741,3.47933684769111e-08,4.41056296905630e-02,4.41056877711281e-02,4.40479179674256e-02,lamp_kernel
5.429022e+02,6761,3.29323243735049e-08,4.41055858382017e-02,4.41056408121261e-02,4.40480702956997e-02,lamp_kernel
5.445319e+02,6781,3.25417742832025e-08,4.41055423732184e-02,4.41055966951976e-02,4.40482216823270e-02,lamp_kernel
5.461617e+02,6801,3.29787057313238e-08,4.41054992911320e-02,4.41055543424809e-02,4.40483721434333e-02,lamp_kernel
5.477915e+02,6821,3.39798358363695e-08,4.41054565879673e-02,4.41055133105025e-02,4.40485217249335e-02,lamp_kernel
5.494213e+02,6841,3.51385301424796e-08,4.41054142601780e-02,4.41054729169214e-02,4.40486704343733e-02,lamp_kernel
5.510512e+02,6861,3.57025388792039e-08,4.41053723046595e-02,4.41054319029026e-02,4.40488182792312e-02,lamp_kernel
5.526811e+02,6881,3.55830329762520e-08,4.41053307187818e-02,4.41053901175338e-02,4.40489652656370e-02,lamp_kernel
5.543110e+02,6901,3.47973827708238e-08,4.41052895003115e-02,4.41053475875777e-02,4.40491113824447e-02,lamp_kernel
5.559409e+02,6921,3.34229193463746e-08,4.41052486471513e-02,4.41053044400259e-02,4.40492566548246e-02,lamp_kernel
5.575709e+02,6941,3.15786173046778e-08,4.41052081569283e-02,4.41052608711097e-02,4.40494010742772e-02,lamp_kernel
5.592008e+02,6961,3.11969481277559e-08,4.41051680265708e-02,4.41052201036319e-02,4.40495446140294e-02,lamp_kernel
5.608307e+02,6981,3.15941379598742e-08,4.41051282520530e-02,4.41051809921430e-02,4.40496873277920e-02,lamp_kernel
5.624607e+02,7001,3.23510504023040e-08,4.41050888283795e-02,4.41051428319834e-02,4.40498292195672e-02,lamp_kernel
5.640907e+02,7021,3.35393381029308e-08,4.41050497497982e-02,4.41051057370105e-02,4.40499702716362e-02,lamp_kernel
5.657207e+02,7041,3.41932820375038e-08,4.41050110101351e-02,4.41050680889760e-02,4.40501105128089e-02,lamp_kernel
5.673507e+02,7061,3.41961405131880e-08,4.41049726031674e-02,4.41050296867799e-02,4.40502499431514e-02,lamp_kernel
5.689807e+02,7081,3.36360080554378e-08,4.41049345229746e-02,4.41049906715581e-02,4.40503885395042e-02,lamp_kernel
5.706108e+02,7101,3.24455656929888e-08,4.41048967642159e-02,4.41049509255942e-02,4.40505263576106e-02,lamp_kernel
5.722408e+02,7121,3.07595215651722e-08,4.41048593222666e-02,4.41049106691317e-02,4.40506634039083e-02,lamp_kernel
5.738708e+02,7141,2.99215993083107e-08,4.41048221931990e-02,4.41048721413205e-02,4.40507996847557e-02,lamp_kernel
5.755008e+02,7161,3.03640631154906e-08,4.41047853736344e-02,4.41048360603607e-02,4.40509352051418e-02,lamp_kernel
5.771309e+02,7181,3.11713083408381e-08,4.41047488605786e-02,4.41048008948392e-02,4.40510699646265e-02,lamp_kernel
5.787609e+02,7201,3.23418137647105e-08,4.41047126513337e-02,4.41047666395189e-02,4.40512039680436e-02,lamp_kernel
5.803910e+02,7221,3.29687726694390e-08,4.41046767435291e-02,4.41047317782967e-02,4.40513372310520e-02,lamp_kernel
5.820212e+02,7241,3.29522049422386e-08,4.41046411351996e-02,4.41046961423107e-02,4.40514697596404e-02,lamp_kernel
5.836513e+02,7261,3.23035980657490e-08,4.41046058247982e-02,4.41046597491899e-02,4.40516015598011e-02,lamp_kernel
5.852814e+02,7281,3.10957367191332e-08,4.41045708110278e-02,4.41046227191368e-02,4.40517326375585e-02,lamp_kernel
5.869115e+02,7301,2.94004078244779e-08,4.41045360924939e-02,4.41045851705905e-02,4.40518629870680e-02,lamp_kernel
5.885417e+02,7321,2.85120238760685e-08,4.41045016672843e-02,4.41045492624018e-02,4.40519926019428e-02,lamp_kernel
5.901718e+02,7341,2.88997631221859e-08,4.41044675326444e-02,4.41045157750149e-02,4.40521215103076e-02,lamp_kernel
5.918020e+02,7361,2.94723895092202e-08,4.41044336848746e-02,4.41044828831302e-02,4.40522496806574e-02,lamp_kernel
5.934322e+02,7381,3.06779813118830e-08,4.41044001194543e-02,4.41044513302042e-02,4.40523771351183e-02,lamp_kernel
5.950624e+02,7401,3.13971996937647e-08,4.41043668313218e-02,4.41044192426628e-02,4.40525038986711e-02,lamp_kernel
5.966926e+02,7421,3.15220189792944e-08,4.41043338152203e-02,4.41043864349221e-02,4.40526299157331e-02,lamp_kernel
5.983228e+02,7441,3.10877793884989e-08,4.41043010660392e-02,4.41043529608650e-02,4.40527552394355e-02,lamp_kernel
5.999530e+02,7461,3.01042894384762e-08,4.41042685791130e-02,4.41043188321991e-02,4.40528798868827e-02,lamp_kernel
6.015832e+02,7481,2.86111388507757e-08,4.41042363504059e-02,4.41042841109759e-02,4.40530038587976e-02,lamp_kernel
6.032134e+02,7501,2.73970713058154e-08,4.41042043765646e-02,4.41042501104919e-02,4.40531271710475e-02,lamp_kernel
6.048436e+02,7521,2.78973746455634e-08,4.41041726548283e-02,4.41042192239119e-02,4.40532498138002e-02,lamp_kernel
6.064740e+02,7541,2.85585048194214e-08,4.41041411828925e-02,4.41041888556006e-02,4.40533717974421e-02,lamp_kernel
6.081043e+02,7561,2.97859616727093e-08,4.41041099588141e-02,4.41041596805157e-02,4.40534930954654e-02,lamp_kernel
6.097345e+02,7581,3.05072581996171e-08,4.41040789810055e-02,4.41041299067673e-02,4.40536137362973e-02,lamp_kernel
6.113648e+02,7601,3.06320799814629e-08,4.41040482482799e-02,4.41040993824067e-02,4.40537337436634e-02,lamp_kernel
6.129951e+02,7621,3.01013725211265e-08,4.41040177598441e-02,4.41040680080611e-02,4.40538531224901e-02,lamp_kernel
6.146254e+02,7641,2.90454017144957e-08,4.41039875151333e-02,4.41040360006183e-02,4.40539718713354e-02,lamp_kernel
6.162557e+02,7661,2.75026330982489e-08,4.41039575134781e-02,4.41040034236197e-02,4.40540899898493e-02,lamp_kernel
6.178860e+02,7681,2.61809995051802e-08,4.41039277536873e-02,4.41039714576261e-02,4.40542074684357e-02,lamp_kernel
6.195163e+02,7701,2.65680442478502e-08,4.41038982337209e-02,4.41039425837534e-02,4.40543243142742e-02,lamp_kernel
6.211466e+02,7721,2.70084896400252e-08,4.41038689505748e-02,4.41039140358427e-02,4.40544405384731e-02,lamp_kernel
6.227770e+02,7741,2.82193501412484e-08,4.41038399004105e-02,4.41038870069677e-02,4.40545561508054e-02,lamp_kernel
6.244073e+02,7761,2.90124589006389e-08,4.41038110788504e-02,4.41038595093439e-02,4.40546711644494e-02,lamp_kernel
6.260376e+02,7781,2.92571799587286e-08,4.41037824813420e-02,4.41038313203484e-02,4.40547855883246e-02,lamp_kernel
6.276680e+02,7801,2.89285127484348e-08,4.41037541035059e-02,4.41038023938681e-02,4.40548994269190e-02,lamp_kernel
6.292984e+02,7821,2.80582403115406e-08,4.41037259414216e-02,4.41037727790382e-02,4.40550126846635e-02,lamp_kernel
6.309288e+02,7841,2.66786673011437e-08,4.41036979918036e-02,4.41037425264992e-02,4.40551253659342e-02,lamp_kernel
6.325591e+02,7861,2.50746849674212e-08,4.41036702520382e-02,4.41037121092063e-02,4.40552374669480e-02,lamp_kernel
6.341895e+02,7881,2.55832124333754e-08,4.41036427200820e-02,4.41036854261349e-02,4.40553489955575e-02,lamp_kernel
6.358199e+02,7901,2.60834524951588e-08,4.41036153942920e-02,4.41036589353956e-02,4.40554599162223e-02,lamp_kernel
6.374503e+02,7921,2.73118719957596e-08,4.41035882732861e-02,4.41036338649902e-02,4.40555702481994e-02,lamp_kernel
6.390807e+02,7941,2.81210433452499e-08,4.41035613558952e-02,4.41036082983489e-02,4.40556800118941e-02,lamp_kernel
6.407111e+02,7961,2.83767477929919e-08,4.41035346412235e-02,4.41035820105246e-02,4.40557892149695e-02,lamp_kernel
6.423415e+02,7981,2.79896835035566e-08,4.41035081286945e-02,4.41035548518692e-02,4.40558978669243e-02,lamp_kernel
6.439720e+02,8001,2.70807564026417e-08,4.41034818179936e-02,4.41035270238965e-02,4.40560059770416e-02,lamp_kernel
6.456024e+02,8021,2.56968455594609e-08,4.41034557088268e-02,4.41034986045675e-02,4.40561135490988e-02,lamp_kernel
6.472328e+02,8041,2.39967647093535e-08,4.41034298005518e-02,4.41034698583478e-02,4.40562205871673e-02,lamp_kernel
6.488632e+02,8061,2.43738999372443e-08,4.41034040918278e-02,4.41034447791756e-02,4.40563270954321e-02,lamp_kernel
6.504936e+02,8081,2.46822750232694e-08,4.41033785804374e-02,4.41034197825556e-02,4.40564330776846e-02,lamp_kernel
6.521240e+02,8101,2.58913275682712e-08,4.41033532633458e-02,4.41033964837353e-02,4.40565385358222e-02,lamp_kernel
6.537544e+02,8121,2.67623076786963e-08,4.41033281369499e-02,4.41033728112663e-02,4.40566434751522e-02,lamp_kernel
6.553849e+02,8141,2.71396988497216e-08,4.41033031974050e-02,4.41033485017005e-02,4.40567479001859e-02,lamp_kernel
6.570154e+02,8161,2.69560676212689e-08,4.41032784409453e-02,4.41033234387052e-02,4.40568518146716e-02,lamp_kernel
6.586458e+02,8181,2.62697210126388e-08,4.41032538641413e-02,4.41032977161829e-02,4.40569552015811e-02,lamp_kernel
6.602762e+02,8201,2.50816306464759e-08,4.41032294640714e-02,4.41032713328339e-02,4.40570580643223e-02,lamp_kernel
6.619067e+02,8221,2.35328269051632e-08,4.41032052383836e-02,4.41032445217282e-02,4.40571604157342e-02,lamp_kernel
6.635372e+02,8241,2.36815450760116e-08,4.41031811852548e-02,4.41032207168547e-02,4.40572622692579e-02,lamp_kernel
6.651677e+02,8261,2.40482710477592e-08,4.41031573032811e-02,4.41031974470565e-02,4.40573636283208e-02,lamp_kernel
6.667982e+02,8281,2.52668720298913e-08,4.41031335913844e-02,4.41031757693704e-02,4.40574644912104e-02,lamp_kernel
6.684286e+02,8301,2.61447627100871e-08,4.41031100487638e-02,4.41031536922125e-02,4.40575648599994e-02,lamp_kernel
6.700591e+02,8321,2.64838029670694e-08,4.41030866749223e-02,4.41031308843309e-02,4.40576647330853e-02,lamp_kernel
6.716896e+02,8341,2.62205335424411e-08,4.41030634696863e-02,4.41031072396192e-02,4.40577641164752e-02,lamp_kernel
6.733201e+02,8361,2.54285870318441e-08,4.41030404331466e-02,4.41030828810833e-02,4.40578630092910e-02,lamp_kernel
6.749506e+02,8381,2.41896942491320e-08,4.41030175654463e-02,4.41030579452995e-02,4.40579614312765e-02,lamp_kernel
6.765811e+02,8401,2.26130100922255e-08,4.41029948664409e-02,4.41030326143355e-02,4.40580593857969e-02,lamp_kernel
6.782116e+02,8421,2.25568803978629e-08,4.41029723353454e-02,4.41030099895427e-02,4.40581568761899e-02,lamp_kernel
6.798422e+02,8441,2.27977216600456e-08,4.41029499705090e-02,4.41029880267426e-02,4.40582539057607e-02,lamp_kernel
6.814727e+02,8461,2.39544134829291e-08,4.41029277694161e-02,4.41029677565151e-02,4.40583504777797e-02,lamp_kernel
6.831032e+02,8481,2.48884664944209e-08,4.41029057288958e-02,4.41029472752094e-02,4.40584465167617e-02,lamp_kernel
6.847337e+02,8501,2.53481567029606e-08,4.41028838454570e-02,4.41029261591315e-02,4.40585420722726e-02,lamp_kernel
6.863643e+02,8521,2.52795044982113e-08,4.41028621156585e-02,4.41029043147318e-02,4.40586371697830e-02,lamp_kernel
6.879949e+02,8541,2.47097988028652e-08,4.41028405364145e-02,4.41028817844782e-02,4.40587318124018e-02,lamp_kernel
6.896255e+02,8561,2.36387687858832e-08,4.41028191051997e-02,4.41028585653931e-02,4.40588260132710e-02,lamp_kernel
6.912561e+02,8581,2.21902839190137e-08,4.41027978201067e-02,4.41028348623445e-02,4.40589197666637e-02,lamp_kernel
6.928867e+02,8601,2.18729560258943e-08,4.41027766797736e-02,4.41028131922960e-02,4.40590130662022e-02,lamp_kernel
6.945173e+02,8621,2.21755906333763e-08,4.41027556832236e-02,4.41027927009339e-02,4.40591059263126e-02,lamp_kernel
6.961479e+02,8641,2.32733340024017e-08,4.41027348297282e-02,4.41027736799013e-02,4.40591983577915e-02,lamp_kernel
6.977785e+02,8661,2.41984931891280e-08,4.41027141187510e-02,4.41027545132923e-02,4.40592903635627e-02,lamp_kernel
6.994092e+02,8681,2.46465119848637e-08,4.41026935499802e-02,4.41027346923992e-02,4.40593819320099e-02,lamp_kernel
7.010398e+02,8701,2.45561514058190e-08,4.41026731233711e-02,4.41027141149512e-02,4.40594730698846e-02,lamp_kernel
7.026704e+02,8721,2.39509806647680e-08,4.41026528391130e-02,4.41026928204816e-02,4.40595637909063e-02,lamp_kernel
7.043010e+02,8741,2.29122972345885e-08,4.41026326974533e-02,4.41026709449478e-02,4.40596540979837e-02,lamp_kernel
7.059317e+02,8761,2.15219176880935e-08,4.41026126984119e-02,4.41026486249460e-02,4.40597439939581e-02,lamp_kernel
7.075623e+02,8781,2.10790655546974e-08,4.41025928414693e-02,4.41026280287505e-02,4.40598334816487e-02,lamp_kernel
7.091929e+02,8801,2.13868184797332e-08,4.41025731253642e-02,4.41026088263772e-02,4.40599225638500e-02,lamp_kernel
7.108236e+02,8821,2.23829048026559e-08,4.41025535480752e-02,4.41025909118550e-02,4.40600112433283e-02,lamp_kernel
7.124542e+02,8841,2.33316405623354e-08,4.41025341069804e-02,4.41025730544847e-02,4.40600995191991e-02,lamp_kernel
7.140849e+02,8861,2.38422792824437e-08,4.41025147991310e-02,4.41025545990445e-02,4.40601873966854e-02,lamp_kernel
7.157155e+02,8881,2.38663015787483e-08,4.41024956215533e-02,4.41025354615672e-02,4.40602748796159e-02,lamp_kernel
7.173462e+02,8901,2.33929077569943e-08,4.41024765715284e-02,4.41025156213061e-02,4.40603619706270e-02,lamp_kernel
7.189769e+02,8921,2.24540222416806e-08,4.41024576468005e-02,4.41024951292967e-02,4.40604486723223e-02,lamp_kernel
7.206075e+02,8941,2.11181965507382e-08,4.41024388456810e-02,4.41024740982835e-02,4.40605349872739e-02,lamp_kernel
7.222381e+02,8961,2.03977101866859e-08,4.41024201669977e-02,4.41024542168924e-02,4.40606209180255e-02,lamp_kernel
7.238687e+02,8981,2.07311920355091e-08,4.41024016099507e-02,4.41024362165267e-02,4.40607064629213e-02,lamp_kernel
7.254994e+02,9001,2.16656877309612e-08,4.41023831739415e-02,4.41024193404710e-02,4.40607916133560e-02,lamp_kernel
7.271301e+02,9021,2.26202407208143e-08,4.41023648585039e-02,4.41024026184686e-02,4.40608763872852e-02,lamp_kernel
7.287608e+02,9041,2.31656138734113e-08,4.41023466633573e-02,4.41023853337133e-02,4.40609607826846e-02,lamp_kernel
7.303914e+02,9061,2.32186603800499e-08,4.41023285885149e-02,4.41023673474214e-02,4.40610448001095e-02,lamp_kernel
7.320221e+02,9081,2.27365679970170e-08,4.41023106343119e-02,4.41023485884616e-02,4.40611284333932e-02,lamp_kernel
7.336527e+02,9101,2.18426349962129e-08,4.41022928012769e-02,4.41023292631845e-02,4.40612116824325e-02,lamp_kernel
7.352834e+02,9121,2.05765824868665e-08,4.41022750898223e-02,4.41023094383085e-02,4.40612945675330e-02,lamp_kernel
7.369141e+02,9141,1.97372137461350e-08,4.41022574998834e-02,4.41022904472115e-02,4.40613770910933e-02,lamp_kernel
7.385448e+02,9161,2.00673743046855e-08,4.41022400306608e-02,4.41022735291259e-02,4.40614592410369e-02,lamp_kernel
7.401754e+02,9181,2.09188750600559e-08,4.41022226805532e-02,4.41022576004284e-02,4.40615410306401e-02,lamp_kernel
7.418061e+02,9201,2.19131547043385e-08,4.41022054473047e-02,4.41022420269308e-02,4.40616224659082e-02,lamp_kernel
7.434368e+02,9221,2.25040548837311e-08,4.41021883282694e-02,4.41022258942851e-02,4.40617035491435e-02,lamp_kernel
7.450674e+02,9241,2.26239048527550e-08,4.41021713207093e-02,4.41022090867905e-02,4.40617842826201e-02,lamp_kernel
7.466981e+02,9261,2.22470471721708e-08,4.41021544220630e-02,4.41021915590558e-02,4.40618646684340e-02,lamp_kernel
7.483287e+02,9281,2.14271734402218e-08,4.41021376301698e-02,4.41021733985474e-02,4.40619447080009e-02,lamp_kernel
7.499594e+02,9301,2.01845407598965e-08,4.41021209434132e-02,4.41021546374643e-02,4.40620244024651e-02,lamp_kernel
7.515902e+02,9321,1.90441470644925e-08,4.41021043607484e-02,4.41021361511404e-02,4.40621037560181e-02,lamp_kernel
7.532209e+02,9341,1.94014794928192e-08,4.41020878815875e-02,4.41021202684745e-02,4.40621827580289e-02,lamp_kernel
7.548516e+02,9361,2.02032556407135e-08,4.41020715056117e-02,4.41021052309035e-02,4.40622614187318e-02,lamp_kernel
7.564823e+02,9381,2.11949439987316e-08,4.41020552326124e-02,4.41020906133295e-02,4.40623397450640e-02,lamp_kernel
7.581130e+02,9401,2.18560812970260e-08,4.41020390624672e-02,4.41020755468206e-02,4.40624177391256e-02,lamp_kernel
7.597437e+02,9421,2.20317147943351e-08,4.41020229952252e-02,4.41020597727636e-02,4.40624954030087e-02,lamp_kernel
7.613743e+02,9441,2.16969435622446e-08,4.41020070311887e-02,4.41020432498935e-02,4.40625727387971e-02,lamp_kernel
7.630050e+02,9461,2.09309251773809e-08,4.41019911708711e-02,4.41020261108616e-02,4.40626497485666e-02,lamp_kernel
7.646357e+02,9481,1.97941396206259e-08,4.41019754147535e-02,4.41020084571080e-02,4.40627264343831e-02,lamp_kernel
7.662664e+02,9501,1.85992945657447e-08,4.41019597629441e-02,4.41019908107439e-02,4.40628027983005e-02,lamp_kernel
7.678971e+02,9521,1.89510852184950e-08,4.41019442148850e-02,4.41019758499289e-02,4.40628788423571e-02,lamp_kernel
7.695278e+02,9541,1.96743358142718e-08,4.41019287692565e-02,4.41019616116225e-02,4.40629545685734e-02,lamp_kernel
7.711585e+02,9561,2.06935860037819e-08,4.41019134241026e-02,4.41019479679028e-02,4.40630299758911e-02,lamp_kernel
7.727892e+02,9581,2.13464021176465e-08,4.41018981771012e-02,4.41019338106473e-02,4.40631050632311e-02,lamp_kernel
7.744199e+02,9601,2.15348714940383e-08,4.41018830258601e-02,4.41019189740180e-02,4.40631798119688e-02,lamp_kernel
7.760507e+02,9621,2.12479891268119e-08,4.41018679681543e-02,4.41019034374196e-02,4.40632542340081e-02,lamp_kernel
7.776814e+02,9641,2.05324448667872e-08,4.41018530021061e-02,4.41018872769134e-02,4.40633283479051e-02,lamp_kernel
7.793121e+02,9661,1.94091278161784e-08,4.41018381262969e-02,4.41018705259513e-02,4.40634021536646e-02,lamp_kernel
7.809428e+02,9681,1.80364924316868e-08,4.41018233398162e-02,4.41018534481304e-02,4.40634756499023e-02,lamp_kernel
7.825735e+02,9701,1.82520810967470e-08,4.41018086421972e-02,4.41018391103936e-02,4.40635488440209e-02,lamp_kernel
7.842042e+02,9721,1.89182810131947e-08,4.41017940332515e-02,4.41018256135354e-02,4.40636217227184e-02,lamp_kernel
7.858350e+02,9741,1.99171428893042e-08,4.41017795128921e-02,4.41018127605759e-02,4.40636942859010e-02,lamp_kernel
7.874657e+02,9761,2.06540264207379e-08,4.41017650810409e-02,4.41017995588043e-02,4.40637665299936e-02,lamp_kernel
7.890964e+02,9781,2.09470489136645e-08,4.41017507376896e-02,4.41017857045954e-02,4.40638384765664e-02,lamp_kernel
7.907271e+02,9801,2.07626876337383e-08,4.41017364830205e-02,4.41017711421721e-02,4.40639101305492e-02,lamp_kernel
7.923578e+02,9821,2.01208080565390e-08,4.41017223174633e-02,4.41017559051253e-02,4.40639814859514e-02,lamp_kernel
7.939886e+02,9841,1.90994570522967e-08,4.41017082415596e-02,4.41017401242806e-02,4.40640525509142e-02,lamp_kernel
7.956193e+02,9861,1.78037568748898e-08,4.41016942556571e-02,4.41017239754659e-02,4.40641233286930e-02,lamp_kernel
7.972500e+02,9881,1.78816860636955e-08,4.41016803595649e-02,4.41017102094609e-02,4.40641938210118e-02,lamp_kernel
7.989395e+02,9901,1.84566637469282e-08,4.41016665523630e-02,4.41016973620692e-02,4.40642640296562e-02,lamp_kernel
8.005703e+02,9921,1.94565437946381e-08,4.41016528324472e-02,4.41016853112530e-02,4.40643339495937e-02,lamp_kernel
8.022012e+02,9941,2.01516790026750e-08,4.41016391977727e-02,4.41016728369677e-02,4.40644035840754e-02,lamp_kernel
8.038319e+02,9961,2.04359796387111e-08,4.41016256461626e-02,4.41016597599405e-02,4.40644729391172e-02,lamp_kernel
8.054627e+02,9981,2.02752957659148e-08,4.41016121755671e-02,4.41016460211154e-02,4.40645420173383e-02,lamp_kernel
8.070934e+02,10001,1.97002223969386e-08,4.41015987842360e-02,4.41016316698144e-02,4.40646108203776e-02,lamp_kernel
8.087242e+02,10021,1.87186639646576e-08,4.41015854708161e-02,4.41016167178793e-02,4.40646793446962e-02,lamp_kernel
8.103549e+02,10041,1.74251782079079e-08,4.41015722344003e-02,4.41016013222478e-02,4.40647475900514e-02,lamp_kernel
8.119856e+02,10061,1.72098252980315e-08,4.41015590745063e-02,4.41015878028653e-02,4.40648155650745e-02,lamp_kernel
8.136163e+02,10081,1.77332402908070e-08,4.41015459909718e-02,4.41015755930673e-02,4.40648832638335e-02,lamp_kernel
8.152470e+02,10101,1.87153561092019e-08,4.41015329837950e-02,4.41015642253363e-02,4.40649506850520e-02,lamp_kernel
8.168777e+02,10121,1.94831732473743e-08,4.41015200530056e-02,4.41015525762639e-02,4.40650178407510e-02,lamp_kernel
8.185084e+02,10141,1.98509601280600e-08,4.41015071986544e-02,4.41015403358594e-02,4.40650847264403e-02,lamp_kernel
8.201392e+02,10161,1.97642744092507e-08,4.41014944209040e-02,4.41015274134045e-02,4.40651513433952e-02,lamp_kernel
8.217699e+02,10181,1.92177529184091e-08,4.41014817201218e-02,4.41015138003140e-02,4.40652176840239e-02,lamp_kernel
8.234008e+02,10201,1.83092107647881e-08,4.41014690968340e-02,4.41014996603969e-02,4.40652837587291e-02,lamp_kernel
8.250316e+02,10221,1.71059756667919e-08,4.41014565514971e-02,4.41014851064999e-02,4.40653495757976e-02,lamp_kernel
8.266623e+02,10241,1.67622827892841e-08,4.41014440841624e-02,4.41014720654387e-02,4.40654151167771e-02,lamp_kernel
8.282930e+02,10261,1.72331309027357e-08,4.41014316942207e-02,4.41014604614837e-02,4.40654803950582e-02,lamp_kernel
8.299237e+02,10281,1.82583496045056e-08,4.41014193803681e-02,4.41014498590286e-02,4.40655454203669e-02,lamp_kernel
8.315545e+02,10301,1.90626034255563e-08,4.41014071407962e-02,4.41014389619974e-02,4.40656101923683e-02,lamp_kernel
8.331852e+02,10321,1.94652785984651e-08,4.41013949735137e-02,4.41014274669006e-02,4.40656747143048e-02,lamp_kernel
8.348160e+02,10341,1.94102755087564e-08,4.41013828766286e-02,4.41014152781988e-02,4.40657389876689e-02,lamp_kernel
8.364467e+02,10361,1.89245402512685e-08,4.41013708485434e-02,4.41014024392757e-02,4.40658030138813e-02,lamp_kernel
8.380774e+02,10381,1.80553431736976e-08,4.41013588880380e-02,4.41013890278198e-02,4.40658667703904e-02,lamp_kernel
8.397082e+02,10401,1.68447813299922e-08,4.41013469943067e-02,4.41013751132978e-02,4.40659302579946e-02,lamp_kernel
8.413389e+02,10421,1.61681148234609e-08,4.41013351669472e-02,4.41013621563790e-02,4.40659935028752e-02,lamp_kernel
8.429696e+02,10441,1.65393122090278e-08,4.41013234058834e-02,4.41013510149550e-02,4.40660564999635e-02,lamp_kernel
8.446004e+02,10461,1.74875189579850e-08,4.41013117112297e-02,4.41013409031426e-02,4.40661192470677e-02,lamp_kernel
8.462311e+02,10481,1.82798901988542e-08,4.41013000831404e-02,4.41013305977585e-02,4.40661817556186e-02,lamp_kernel
8.478619e+02,10501,1.87325878642886e-08,4.41012885217327e-02,4.41013197920390e-02,4.40662440269504e-02,lamp_kernel
8.494927e+02,10521,1.87656981974990e-08,4.41012770271272e-02,4.41013083527045e-02,4.40663060623944e-02,lamp_kernel
8.511234e+02,10541,1.83470791503631e-08,4.41012655995396e-02,4.41012962263162e-02,4.40663678632806e-02,lamp_kernel
8.527542e+02,10561,1.75623585313599e-08,4.41012542393246e-02,4.41012835561673e-02,4.40664294309370e-02,lamp_kernel
8.543849e+02,10581,1.64757751245395e-08,4.41012429468477e-02,4.41012704498568e-02,4.40664907544504e-02,lamp_kernel
8.560157e+02,10601,1.57553939821365e-08,4.41012317222221e-02,4.41012580226990e-02,4.40665518402690e-02,lamp_kernel
8.576465e+02,10621,1.61327984880206e-08,4.41012205650444e-02,4.41012474955226e-02,4.40666126875252e-02,lamp_kernel
8.592772e+02,10641,1.71325369877430e-08,4.41012094742866e-02,4.41012380736282e-02,4.40666732982772e-02,lamp_kernel
8.609080e+02,10661,1.79607243232174e-08,4.41011984484161e-02,4.41012284302506e-02,4.40667336825647e-02,lamp_kernel
8.625388e+02,10681,1.84262544220458e-08,4.41011874856841e-02,4.41012182446281e-02,4.40667938338866e-02,lamp_kernel
8.641695e+02,10701,1.84719969576244e-08,4.41011765844174e-02,4.41012074197194e-02,4.40668537364214e-02,lamp_kernel
8.658003e+02,10721,1.80689315262144e-08,4.41011657432160e-02,4.41011959056809e-02,4.40669134106254e-02,lamp_kernel
8.674311e+02,10741,1.73032558920283e-08,4.41011549610258e-02,4.41011838453484e-02,4.40669728542040e-02,lamp_kernel
8.690619e+02,10761,1.61884284815214e-08,4.41011442371359e-02,4.41011712604773e-02,4.40670320777930e-02,lamp_kernel
8.706927e+02,10781,1.51037437518495e-08,4.41011335711551e-02,4.41011587838325e-02,4.40670910825826e-02,lamp_kernel
8.723236e+02,10801,1.53375069093562e-08,4.41011229629639e-02,4.41011485658620e-02,4.40671498663911e-02,lamp_kernel
8.739544e+02,10821,1.62738260377962e-08,4.41011124126331e-02,4.41011395785286e-02,4.40672084291907e-02,lamp_kernel
8.755852e+02,10841,1.70959604273168e-08,4.41011019203072e-02,4.41011304585916e-02,4.40672667767538e-02,lamp_kernel
8.772159e+02,10861,1.76285668894491e-08,4.41010914861222e-02,4.41011209134864e-02,4.40673249068336e-02,lamp_kernel
8.788467e+02,10881,1.77814326203243e-08,4.41010811102003e-02,4.41011107927433e-02,4.40673827921991e-02,lamp_kernel
8.804776e+02,10901,1.75095242410830e-08,4.41010707927181e-02,4.41011000213645e-02,4.40674404577845e-02,lamp_kernel
8.821084e+02,10921,1.68574497125572e-08,4.41010605339636e-02,4.41010886741020e-02,4.40674978822438e-02,lamp_kernel
8.837391e+02,10941,1.59027492823916e-08,4.41010503342797e-02,4.41010768807369e-02,4.40675550944780e-02,lamp_kernel
8.853699e+02,10961,1.48333981330178e-08,4.41010401938588e-02,4.41010649552482e-02,4.40676120988738e-02,lamp_kernel
8.870007e+02,10981,1.51353895935408e-08,4.41010301124845e-02,4.41010553779882e-02,4.40676688961150e-02,lamp_kernel
8.886315e+02,11001,1.60631822170629e-08,4.41010200893792e-02,4.41010469036470e-02,4.40677254877246e-02,lamp_kernel
8.902622e+02,11021,1.69038091206292e-08,4.41010101232556e-02,4.41010383407818e-02,4.40677818749056e-02,lamp_kernel
8.918930e+02,11041,1.74321023947941e-08,4.41010002125648e-02,4.41010293119709e-02,4.40678380587374e-02,lamp_kernel
8.935238e+02,11061,1.75794237300937e-08,4.41009903558069e-02,4.41010197011365e-02,4.40678940355413e-02,lamp_kernel
8.951547e+02,11081,1.73069789609022e-08,4.41009805517486e-02,4.41010094422862e-02,4.40679498112310e-02,lamp_kernel
8.967855e+02,11101,1.66519892576532e-08,4.41009707995005e-02,4.41009985966638e-02,4.40680053868736e-02,lamp_kernel
8.984163e+02,11121,1.56460574647628e-08,4.41009610984883e-02,4.41009872164498e-02,4.40680607620874e-02,lamp_kernel
9.000471e+02,11141,1.43916225967339e-08,4.41009514483905e-02,4.41009754723241e-02,4.40681159375720e-02,lamp_kernel
9.016778e+02,11161,1.43712334401444e-08,4.41009418490858e-02,4.41009658389838e-02,4.40681709081355e-02,lamp_kernel
9.033086e+02,11181,1.51649868768091e-08,4.41009323005992e-02,4.41009576155097e-02,4.40682256575874e-02,lamp_kernel
9.049395e+02,11201,1.59882725599351e-08,4.41009228030219e-02,4.41009494922430e-02,4.40682802123227e-02,lamp_kernel
9.065703e+02,11221,1.65870265639889e-08,4.41009133564456e-02,4.41009410451667e-02,4.40683345733533e-02,lamp_kernel
9.082011e+02,11241,1.68275300326362e-08,4.41009039609383e-02,4.41009320511318e-02,4.40683887252975e-02,lamp_kernel
9.098318e+02,11261,1.66641498648198e-08,4.41008946166000e-02,4.41009224340631e-02,4.40684426772797e-02,lamp_kernel
9.114626e+02,11281,1.60993682178018e-08,4.41008853236386e-02,4.41009121983117e-02,4.40684964379172e-02,lamp_kernel
9.130934e+02,11301,1.52308707003467e-08,4.41008760823661e-02,4.41009015072564e-02,4.40685500089763e-02,lamp_kernel
9.147242e+02,11321,1.41494172993626e-08,4.41008668930416e-02,4.41008905126619e-02,4.40686033914940e-02,lamp_kernel
9.163550e+02,11341,1.41100998717770e-08,4.41008577556092e-02,4.41008813095969e-02,4.40686565832730e-02,lamp_kernel
9.179858e+02,11361,1.49093141750150e-08,4.41008486694892e-02,4.41008735576053e-02,4.40687095883819e-02,lamp_kernel
9.196166e+02,11381,1.57609720527214e-08,4.41008396335529e-02,4.41008659433413e-02,4.40687624001161e-02,lamp_kernel
9.212474e+02,11401,1.63685624880007e-08,4.41008306463350e-02,4.41008579703740e-02,4.40688150131789e-02,lamp_kernel
9.228782e+02,11421,1.66133859142284e-08,4.41008217063668e-02,4.41008494390896e-02,4.40688674409525e-02,lamp_kernel
9.245091e+02,11441,1.64760063657469e-08,4.41008128124691e-02,4.41008403158642e-02,4.40689196841199e-02,lamp_kernel
9.261398e+02,11461,1.59481548031894e-08,4.41008039638723e-02,4.41008305861249e-02,4.40689717394236e-02,lamp_kernel
9.277706e+02,11481,1.50754638897081e-08,4.41007951601709e-02,4.41008203256407e-02,4.40690236089905e-02,lamp_kernel
9.294014e+02,11501,1.39347774222204e-08,4.41007864012183e-02,4.41008096625403e-02,4.40690752978782e-02,lamp_kernel
9.310322e+02,11521,1.34897898774708e-08,4.41007776870242e-02,4.41008002055285e-02,4.40691268063011e-02,lamp_kernel
9.326630e+02,11541,1.41479542875913e-08,4.41007690176956e-02,4.41007926348737e-02,4.40691781326774e-02,lamp_kernel
9.342938e+02,11561,1.49574082829779e-08,4.41007603933821e-02,4.41007853617816e-02,4.40692292821702e-02,lamp_kernel
9.359246e+02,11581,1.56354218503363e-08,4.41007518142071e-02,4.41007779144146e-02,4.40692802556779e-02,lamp_kernel
9.375554e+02,11601,1.59688704688114e-08,4.41007432802229e-02,4.41007699370562e-02,4.40693310540863e-02,lamp_kernel
9.391862e+02,11621,1.59499290310561e-08,4.41007347914316e-02,4.41007614166459e-02,4.40693816782817e-02,lamp_kernel
9.408170e+02,11641,1.55212105956437e-08,4.41007263478679e-02,4.41007522574226e-02,4.40694321291513e-02,lamp_kernel
9.424478e+02,11661,1.47565769523175e-08,4.41007179496712e-02,4.41007425828230e-02,4.40694824075830e-02,lamp_kernel
9.440786e+02,11681,1.37667191745182e-08,4.41007095970367e-02,4.41007325778191e-02,4.40695325096284e-02,lamp_kernel
9.457094e+02,11701,1.33355357188568e-08,4.41007012900227e-02,4.41007235510306e-02,4.40695824403737e-02,lamp_kernel
9.473402e+02,11721,1.39789542941738e-08,4.41006930283029e-02,4.41007163633694e-02,4.40696322013587e-02,lamp_kernel
9.489710e+02,11741,1.47933785594727e-08,4.41006848110245e-02,4.41007095056093e-02,4.40696817934563e-02,lamp_kernel
9.506018e+02,11761,1.54542435179543e-08,4.41006766369082e-02,4.41007024346747e-02,4.40697312174862e-02,lamp_kernel
9.522326e+02,11781,1.57812524578352e-08,4.41006685045458e-02,4.41006948481883e-02,4.40697804699726e-02,lamp_kernel
9.538635e+02,11801,1.57437527724137e-08,4.41006604127502e-02,4.41006866937944e-02,4.40698295561427e-02,lamp_kernel
9.554942e+02,11821,1.53268147261462e-08,4.41006523607654e-02,4.41006779458150e-02,4.40698784768283e-02,lamp_kernel
9.571250e+02,11841,1.45696502745258e-08,4.41006443482743e-02,4.41006686693894e-02,4.40699272222233e-02,lamp_kernel
9.587558e+02,11861,1.35230156569012e-08,4.41006363752598e-02,4.41006589492280e-02,4.40699758012478e-02,lamp_kernel
9.603866e+02,11881,1.26778940134409e-08,4.41006284418405e-02,4.41006496050472e-02,4.40700242173092e-02,lamp_kernel
9.620174e+02,11901,1.31888158659988e-08,4.41006205481743e-02,4.41006425642628e-02,4.40700724711990e-02,lamp_kernel
9.636482e+02,11921,1.39337714963792e-08,4.41006126944208e-02,4.41006359540636e-02,4.40701205637040e-02,lamp_kernel
9.652790e+02,11941,1.46251583729065e-08,4.41006048807195e-02,4.41006292944943e-02,4.40701684956064e-02,lamp_kernel
9.669098e+02,11961,1.50176328656237e-08,4.41005971071490e-02,4.41006221760815e-02,4.40702162676414e-02,lamp_kernel
9.685407e+02,11981,1.51130347319314e-08,4.41005893737072e-02,4.41006146018940e-02,4.40702638805029e-02,lamp_kernel
9.701715e+02,12001,1.47999342554558e-08,4.41005816803356e-02,4.41006063858637e-02,4.40703113268367e-02,lamp_kernel
9.718023e+02,12021,1.41494385177611e-08,4.41005740269953e-02,4.41005976466510e-02,4.40703586154337e-02,lamp_kernel
9.734331e+02,12041,1.32435585630267e-08,4.41005664136983e-02,4.41005885211688e-02,4.40704057474012e-02,lamp_kernel
9.750640e+02,12061,1.24604097772686e-08,4.41005588404343e-02,4.41005796405946e-02,4.40704527235233e-02,lamp_kernel
9.766948e+02,12081,1.29897186949274e-08,4.41005513069818e-02,4.41005729907174e-02,4.40704995337693e-02,lamp_kernel
9.783256e+02,12101,1.37608782052529e-08,4.41005438127296e-02,4.41005667837617e-02,4.40705461877891e-02,lamp_kernel
9.799565e+02,12121,1.44271278622816e-08,4.41005363566470e-02,4.41005604398495e-02,4.40705926883836e-02,lamp_kernel
9.815873e+02,12141,1.48602455950654e-08,4.41005289374824e-02,4.41005537436883e-02,4.40706390360741e-02,lamp_kernel
9.832181e+02,12161,1.49658867453276e-08,4.41005215540919e-02,4.41005465366445e-02,4.40706852309113e-02,lamp_kernel
9.848489e+02,12181,1.47056438299978e-08,4.41005142057358e-02,4.41005387538650e-02,4.40707312745807e-02,lamp_kernel
9.864798e+02,12201,1.41163711248605e-08,4.41005068921699e-02,4.41005304566262e-02,4.40707771554504e-02,lamp_kernel
9.881106e+02,12221,1.32168443002053e-08,4.41004996135351e-02,4.41005216764114e-02,4.40708228863047e-02,lamp_kernel
9.897414e+02,12241,1.21047821787735e-08,4.41004923701302e-02,4.41005125766414e-02,4.40708684682213e-02,lamp_kernel
9.913722e+02,12261,1.24081929446872e-08,4.41004851622274e-02,4.41005058752221e-02,4.40709138991552e-02,lamp_kernel
9.930031e+02,12281,1.31158728626904e-08,4.41004779899954e-02,4.41004998843202e-02,4.40709591775214e-02,lamp_kernel
9.946339e+02,12301,1.37974680643308e-08,4.41004708535182e-02,4.41004938856297e-02,4.40710043090933e-02,lamp_kernel
9.962648e+02,12321,1.42381539770277e-08,4.41004637528251e-02,4.41004875205735e-02,4.40710492891307e-02,lamp_kernel
9.978956e+02,12341,1.44136334695586e-08,4.41004566878951e-02,4.41004807485715e-02,4.40710941168035e-02,lamp_kernel
9.995265e+02,12361,1.42297142592287e-08,4.41004496586624e-02,4.41004734123224e-02,4.40711387929773e-02,lamp_kernel
1.001157e+03,12381,1.36937799003286e-08,4.41004426650277e-02,4.41004655240525e-02,4.40711833251894e-02,lamp_kernel
1.002788e+03,12401,1.28715947423852e-08,4.41004357068963e-02,4.41004571934476e-02,4.40712277071111e-02,lamp_kernel
1.004419e+03,12421,1.19122930727057e-08,4.41004287841694e-02,4.41004486693585e-02,4.40712719371173e-02,lamp_kernel
1.006050e+03,12441,1.21806434288212e-08,4.41004218966500e-02,4.41004422297963e-02,4.40713160226799e-02,lamp_kernel
1.007681e+03,12461,1.29217549180998e-08,4.41004150438908e-02,4.41004366141745e-02,4.40713599608326e-02,lamp_kernel
1.009311e+03,12481,1.35593266901074e-08,4.41004082250977e-02,4.41004308596799e-02,4.40714037581155e-02,lamp_kernel
1.010942e+03,12501,1.39692226296110e-08,4.41004014391911e-02,4.41004247580125e-02,4.40714474146526e-02,lamp_kernel
1.012573e+03,12521,1.41576311619966e-08,4.41003946850575e-02,4.41004183183893e-02,4.40714909322111e-02,lamp_kernel
1.014204e+03,12541,1.40042405929442e-08,4.41003879618570e-02,4.41004113391339e-02,4.40715343114511e-02,lamp_kernel
1.015835e+03,12561,1.35420707787760e-08,4.41003812692463e-02,4.41004038750232e-02,4.40715775530219e-02,lamp_kernel
1.017466e+03,12581,1.27765343129612e-08,4.41003746073702e-02,4.41003959352372e-02,4.40716206575640e-02,lamp_kernel
1.019096e+03,12601,1.17735851707457e-08,4.41003679766642e-02,4.41003876303082e-02,4.40716636257086e-02,lamp_kernel
1.020727e+03,12621,1.15573009437545e-08,4.41003613775912e-02,4.41003806701920e-02,4.40717064580795e-02,lamp_kernel
1.022358e+03,12641,1.22437918011291e-08,4.41003548104588e-02,4.41003752490187e-02,4.40717491529015e-02,lamp_kernel
1.023989e+03,12661,1.28860648840584e-08,4.41003482753740e-02,4.41003697860803e-02,4.40717917096744e-02,lamp_kernel
1.025620e+03,12681,1.33748910487717e-08,4.41003417723090e-02,4.41003640990128e-02,4.40718341325549e-02,lamp_kernel
1.027251e+03,12701,1.35657529564787e-08,4.41003353011731e-02,4.41003579464826e-02,4.40718764221549e-02,lamp_kernel
1.028881e+03,12721,1.35015205855265e-08,4.41003288618562e-02,4.41003513999426e-02,4.40719185790878e-02,lamp_kernel
1.030512e+03,12741,1.30986950300317e-08,4.41003224542353e-02,4.41003443198850e-02,4.40719606039185e-02,lamp_kernel
1.032143e+03,12761,1.24042381947528e-08,4.41003160781663e-02,4.41003367845593e-02,4.40720024915250e-02,lamp_kernel
1.033774e+03,12781,1.15345218341817e-08,4.41003097334771e-02,4.41003289880528e-02,4.40720442483447e-02,lamp_kernel
1.035405e+03,12801,1.13817661192984e-08,4.41003034199339e-02,4.41003224195145e-02,4.40720858749981e-02,lamp_kernel
1.037036e+03,12821,1.21477538848243e-08,4.41002971371619e-02,4.41003174154057e-02,4.40721273661037e-02,lamp_kernel
1.038666e+03,12841,1.28018727638042e-08,4.41002908845620e-02,4.41003122547265e-02,4.40721687283032e-02,lamp_kernel
1.040297e+03,12861,1.32858418278171e-08,4.41002846613039e-02,4.41003068393578e-02,4.40722099622045e-02,lamp_kernel
1.041928e+03,12881,1.35218136595017e-08,4.41002784664515e-02,4.41003010384131e-02,4.40722510684083e-02,lamp_kernel
1.043559e+03,12901,1.34839607658765e-08,4.41002722992039e-02,4.41002948079777e-02,4.40722920475068e-02,lamp_kernel
1.045190e+03,12921,1.31213499991189e-08,4.41002661591387e-02,4.41002880626064e-02,4.40723329000838e-02,lamp_kernel
1.046821e+03,12941,1.24853901722643e-08,4.41002600463165e-02,4.41002808881765e-02,4.40723736112273e-02,lamp_kernel
1.048451e+03,12961,1.15917505401781e-08,4.41002539611896e-02,4.41002733112971e-02,4.40724141957523e-02,lamp_kernel
1.050082e+03,12981,1.09490592388300e-08,4.41002479043535e-02,4.41002661816165e-02,4.40724546555389e-02,lamp_kernel
1.051713e+03,13001,1.15804273000270e-08,4.41002418762887e-02,4.41002612074944e-02,4.40724949911392e-02,lamp_kernel
1.053344e+03,13021,1.21925101165345e-08,4.41002358772083e-02,4.41002562301637e-02,4.40725352031009e-02,lamp_kernel
1.054975e+03,13041,1.27037267753872e-08,4.41002299070622e-02,4.41002511133915e-02,4.40725752919696e-02,lamp_kernel
1.056606e+03,13061,1.29416103899939e-08,4.41002239656530e-02,4.41002455690814e-02,4.40726152582906e-02,lamp_kernel
1.058236e+03,13081,1.29442186831243e-08,4.41002180527518e-02,4.41002396605342e-02,4.40726550968494e-02,lamp_kernel
1.059867e+03,13101,1.26279113066382e-08,4.41002121681646e-02,4.41002332479352e-02,4.40726948117249e-02,lamp_kernel
1.061498e+03,13121,1.20256955654183e-08,4.41002063117287e-02,4.41002263862206e-02,4.40727344001736e-02,lamp_kernel
1.063129e+03,13141,1.12039001730009e-08,4.41002004832657e-02,4.41002191859346e-02,4.40727738681989e-02,lamp_kernel
1.064760e+03,13161,1.05987629715634e-08,4.41001946825267e-02,4.41002123750402e-02,4.40728132165060e-02,lamp_kernel
1.066391e+03,13181,1.13506770444715e-08,4.41001889091400e-02,4.41002078568236e-02,4.40728524456498e-02,lamp_kernel
1.068022e+03,13201,1.20083550998320e-08,4.41001831625696e-02,4.41002032081150e-02,4.40728915561827e-02,lamp_kernel
1.069653e+03,13221,1.25232700385779e-08,4.41001774421187e-02,4.41001983472116e-02,4.40729305486520e-02,lamp_kernel
1.071283e+03,13241,1.27664906292744e-08,4.41001717469987e-02,4.41001930580997e-02,4.40729694235986e-02,lamp_kernel
1.072914e+03,13261,1.28129374454856e-08,4.41001660764912e-02,4.41001874651259e-02,4.40730081815561e-02,lamp_kernel
1.074545e+03,13281,1.25645552750677e-08,4.41001604301406e-02,4.41001814041510e-02,4.40730468230501e-02,lamp_kernel
1.076176e+03,13301,1.20279775076093e-08,4.41001548078962e-02,4.41001748861974e-02,4.40730853485984e-02,lamp_kernel
1.077807e+03,13321,1.12423937395408e-08,4.41001492101240e-02,4.41001679770503e-02,4.40731237555589e-02,lamp_kernel
1.079438e+03,13341,1.02926478477958e-08,4.41001436374617e-02,4.41001608189773e-02,4.40731620470385e-02,lamp_kernel
1.081068e+03,13361,1.07832579353219e-08,4.41001380905641e-02,4.41001560910550e-02,4.40732002240965e-02,lamp_kernel
1.082699e+03,13381,1.14076910917823e-08,4.41001325698815e-02,4.41001516127386e-02,4.40732382872237e-02,lamp_kernel
1.084330e+03,13401,1.19615976257544e-08,4.41001270755384e-02,4.41001470430316e-02,4.40732762346073e-02,lamp_kernel
1.085961e+03,13421,1.22814239518750e-08,4.41001216073597e-02,4.41001421087390e-02,4.40733140608848e-02,lamp_kernel
1.087592e+03,13441,1.23575644044669e-08,4.41001161650030e-02,4.41001367934835e-02,4.40733517747370e-02,lamp_kernel
1.089223e+03,13461,1.21970336154555e-08,4.41001107481081e-02,4.41001311086146e-02,4.40733893766343e-02,lamp_kernel
1.090854e+03,13481,1.17447333435560e-08,4.41001053563760e-02,4.41001249618577e-02,4.40734268670405e-02,lamp_kernel
1.092484e+03,13501,1.10462854670520e-08,4.41000999895800e-02,4.41001184291427e-02,4.40734642465027e-02,lamp_kernel
1.094115e+03,13521,1.02824480731641e-08,4.41000946475021e-02,4.41001118119912e-02,4.40735015155191e-02,lamp_kernel
1.095746e+03,13541,1.08134879704504e-08,4.41000893298432e-02,4.41001073807971e-02,4.40735386745887e-02,lamp_kernel
1.097377e+03,13561,1.14746251920381e-08,4.41000840361616e-02,4.41001031907518e-02,4.40735757172996e-02,lamp_kernel
1.099008e+03,13581,1.20133642581763e-08,4.41000787658647e-02,4.41000988197720e-02,4.40736126502979e-02,lamp_kernel
1.100639e+03,13601,1.23158027770402e-08,4.41000735182790e-02,4.41000940770468e-02,4.40736494748588e-02,lamp_kernel
1.102269e+03,13621,1.23843810526256e-08,4.41000682927859e-02,4.41000889660314e-02,4.40736861914651e-02,lamp_kernel
1.103900e+03,13641,1.22369083047501e-08,4.41000630889753e-02,4.41000835160446e-02,4.40737228005923e-02,lamp_kernel
1.105531e+03,13661,1.18070020237732e-08,4.41000579067692e-02,4.41000776161960e-02,4.40737593026818e-02,lamp_kernel
1.107162e+03,13681,1.11133868419565e-08,4.41000527464504e-02,4.41000712980255e-02,4.40737956979988e-02,lamp_kernel
1.108793e+03,13701,1.02334504132861e-08,4.41000476085724e-02,4.41000646912697e-02,4.40738319872205e-02,lamp_kernel
1.110424e+03,13721,1.02589984497874e-08,4.41000424937829e-02,4.41000596191276e-02,4.40738681707942e-02,lamp_kernel
1.112054e+03,13741,1.07763622172007e-08,4.41000374026232e-02,4.41000553916032e-02,4.40739042451583e-02,lamp_kernel
1.113685e+03,13761,1.12922440467880e-08,4.41000323353716e-02,4.41000511855130e-02,4.40739402098206e-02,lamp_kernel
1.115316e+03,13781,1.16564174099061e-08,4.41000272919955e-02,4.41000467500514e-02,4.40739760659814e-02,lamp_kernel
1.116947e+03,13801,1.17456506240574e-08,4.41000222722017e-02,4.41000418792146e-02,4.40740118152809e-02,lamp_kernel
1.118578e+03,13821,1.16685060090105e-08,4.41000172755530e-02,4.41000367537884e-02,4.40740474612066e-02,lamp_kernel
1.120209e+03,13841,1.13285468343504e-08,4.41000123015920e-02,4.41000312123336e-02,4.40740830042003e-02,lamp_kernel
1.121839e+03,13861,1.07377647715569e-08,4.41000073499266e-02,4.41000252744759e-02,4.40741184447069e-02,lamp_kernel
1.123470e+03,13881,1.00198332058887e-08,4.41000024202399e-02,4.41000191463461e-02,4.40741537789304e-02,lamp_kernel
1.125101e+03,13901,1.01316718019422e-08,4.40999975122406e-02,4.41000144250389e-02,4.40741890103721e-02,lamp_kernel
1.126732e+03,13921,1.07856500480000e-08,4.40999926255869e-02,4.41000106300710e-02,4.40742241387526e-02,lamp_kernel
1.128363e+03,13941,1.13267626473214e-08,4.40999877598335e-02,4.41000066675968e-02,4.40742591664883e-02,lamp_kernel
1.129994e+03,13961,1.16918249226378e-08,4.40999829144438e-02,4.41000024316055e-02,4.40742940940210e-02,lamp_kernel
1.131624e+03,13981,1.17746796805857e-08,4.40999780888807e-02,4.40999977443518e-02,4.40743289212212e-02,lamp_kernel
1.133255e+03,14001,1.17177230759143e-08,4.40999732827589e-02,4.40999928431523e-02,4.40743636490892e-02,lamp_kernel
1.134886e+03,14021,1.14273738858356e-08,4.40999684959742e-02,4.40999875716879e-02,4.40743982780488e-02,lamp_kernel
1.136517e+03,14041,1.08866177571435e-08,4.40999637287615e-02,4.40999819017910e-02,4.40744328085175e-02,lamp_kernel
1.138148e+03,14061,1.01235754859738e-08,4.40999589816339e-02,4.40999758809170e-02,4.40744672409059e-02,lamp_kernel
1.139779e+03,14081,9.76966987088638e-09,4.40999542552374e-02,4.40999705637459e-02,4.40745015756178e-02,lamp_kernel
1.141409e+03,14101,1.02458010182385e-08,4.40999495501530e-02,4.40999666534672e-02,4.40745358130524e-02,lamp_kernel
1.143040e+03,14121,1.07615490615305e-08,4.40999448667442e-02,4.40999628309966e-02,4.40745699536042e-02,lamp_kernel
1.144671e+03,14141,1.11574356986650e-08,4.40999402050843e-02,4.40999588301901e-02,4.40746039965713e-02,lamp_kernel
1.146302e+03,14161,1.13246143416948e-08,4.40999355649760e-02,4.40999544691532e-02,4.40746379387540e-02,lamp_kernel
1.147933e+03,14181,1.12619207315732e-08,4.40999309460429e-02,4.40999497455656e-02,4.40746717852631e-02,lamp_kernel
1.149564e+03,14201,1.10225763481260e-08,4.40999263478186e-02,4.40999447478037e-02,4.40747055364944e-02,lamp_kernel
1.151194e+03,14221,1.05562682515952e-08,4.40999217698429e-02,4.40999393914200e-02,4.40747391928474e-02,lamp_kernel
1.152825e+03,14241,9.91872526214688e-09,4.40999172116983e-02,4.40999337690250e-02,4.40747727547248e-02,lamp_kernel
1.154456e+03,14261,9.65769372175546e-09,4.40999126730118e-02,4.40999287945986e-02,4.40748062225315e-02,lamp_kernel
1.156087e+03,14281,1.03268723971637e-08,4.40999081534236e-02,4.40999253920703e-02,4.40748395956060e-02,lamp_kernel
1.157718e+03,14301,1.08820467236777e-08,4.40999036525541e-02,4.40999218179532e-02,4.40748728680795e-02,lamp_kernel
1.159348e+03,14321,1.12766637606073e-08,4.40998991699884e-02,4.40999179941216e-02,4.40749060399188e-02,lamp_kernel
1.160979e+03,14341,1.14222250581446e-08,4.40998947053244e-02,4.40999137724431e-02,4.40749391192266e-02,lamp_kernel
1.162610e+03,14361,1.13580174248965e-08,4.40998902582589e-02,4.40999092181958e-02,4.40749721065510e-02,lamp_kernel
1.164241e+03,14381,1.11369924808993e-08,4.40998858286964e-02,4.40999044196764e-02,4.40750050022777e-02,lamp_kernel
1.165872e+03,14401,1.06854182259503e-08,4.40998814168187e-02,4.40998992539859e-02,4.40750378059784e-02,lamp_kernel
1.167503e+03,14421,1.00072016583627e-08,4.40998770230731e-02,4.40998937280934e-02,4.40750705060452e-02,lamp_kernel
1.169134e+03,14441,9.40901158258013e-09,4.40998726480541e-02,4.40998883545158e-02,4.40751031146316e-02,lamp_kernel
1.170765e+03,14461,9.72990351965289e-09,4.40998682923453e-02,4.40998845344719e-02,4.40751356331651e-02,lamp_kernel
1.172395e+03,14481,1.01858969420361e-08,4.40998639563461e-02,4.40998809596624e-02,4.40751680620017e-02,lamp_kernel
1.174026e+03,14501,1.05844590784611e-08,4.40998596401701e-02,4.40998773088062e-02,4.40752003999600e-02,lamp_kernel
1.175657e+03,14521,1.07931073126126e-08,4.40998553436395e-02,4.40998733605720e-02,4.40752326488413e-02,lamp_kernel
1.177288e+03,14541,1.07458871699494e-08,4.40998510663571e-02,4.40998690044651e-02,4.40752648090832e-02,lamp_kernel
1.178919e+03,14561,1.05858221812541e-08,4.40998468078108e-02,4.40998644787222e-02,4.40752968810411e-02,lamp_kernel
1.180550e+03,14581,1.02157673671180e-08,4.40998425674784e-02,4.40998596206574e-02,4.40753288650739e-02,lamp_kernel
1.182181e+03,14601,9.66890847676398e-09,4.40998383448891e-02,4.40998544851967e-02,4.40753607615441e-02,lamp_kernel
1.183812e+03,14621,9.25388961961251e-09,4.40998341396367e-02,4.40998495871534e-02,4.40753925708177e-02,lamp_kernel
1.185442e+03,14641,9.71100446714766e-09,4.40998299513704e-02,4.40998461619488e-02,4.40754242932622e-02,lamp_kernel
1.187073e+03,14661,1.02947833342217e-08,4.40998257797669e-02,4.40998429648473e-02,4.40754559292452e-02,lamp_kernel
1.188704e+03,14681,1.07480183348501e-08,4.40998216245164e-02,4.40998395661819e-02,4.40754874791320e-02,lamp_kernel
1.190335e+03,14701,1.09915403677301e-08,4.40998174853492e-02,4.40998358335260e-02,4.40755189432848e-02,lamp_kernel
1.191966e+03,14721,1.09738036673004e-08,4.40998133620937e-02,4.40998316806626e-02,4.40755503202832e-02,lamp_kernel
1.193597e+03,14741,1.08496476467575e-08,4.40998092547505e-02,4.40998273660658e-02,4.40755816057131e-02,lamp_kernel
1.195228e+03,14761,1.05279664897244e-08,4.40998051635459e-02,4.40998227378789e-02,4.40756128064898e-02,lamp_kernel
1.196859e+03,14781,9.98856296140539e-09,4.40998010889231e-02,4.40998177628298e-02,4.40756439229528e-02,lamp_kernel
1.198490e+03,14801,9.39816253688803e-09,4.40997970314614e-02,4.40998127198128e-02,4.40756749554357e-02,lamp_kernel
1.200121e+03,14821,9.40296712574623e-09,4.40997929917292e-02,4.40998086881009e-02,4.40757059042666e-02,lamp_kernel
1.201751e+03,14841,9.79435563031603e-09,4.40997889701366e-02,4.40998053198531e-02,4.40757367685619e-02,lamp_kernel
1.203382e+03,14861,1.02015430962452e-08,4.40997849668216e-02,4.40998019962560e-02,4.40757675444584e-02,lamp_kernel
1.205013e+03,14881,1.04391123063504e-08,4.40997809816258e-02,4.40997984076345e-02,4.40757982371645e-02,lamp_kernel
1.206644e+03,14901,1.04611048590372e-08,4.40997770141469e-02,4.40997944768678e-02,4.40758288475380e-02,lamp_kernel
1.208275e+03,14921,1.03122889189011e-08,4.40997730638371e-02,4.40997902781395e-02,4.40758593758991e-02,lamp_kernel
1.209906e+03,14941,1.00133270484046e-08,4.40997691301062e-02,4.40997858453517e-02,4.40758898225704e-02,lamp_kernel
1.211537e+03,14961,9.53599397371080e-09,4.40997652124081e-02,4.40997811308415e-02,4.40759201878786e-02,lamp_kernel
1.213168e+03,14981,9.06491691890409e-09,4.40997613102627e-02,4.40997764423272e-02,4.40759504721538e-02,lamp_kernel
1.214798e+03,15001,9.22485908391578e-09,4.40997574232750e-02,4.40997728223309e-02,4.40759806757285e-02,lamp_kernel
1.216429e+03,15021,9.81885036967432e-09,4.40997535511087e-02,4.40997699417142e-02,4.40760107989357e-02,lamp_kernel
1.218060e+03,15041,1.02853636106236e-08,4.40997496934880e-02,4.40997668628441e-02,4.40760408421080e-02,lamp_kernel
1.219691e+03,15061,1.05821680436021e-08,4.40997458502037e-02,4.40997635150154e-02,4.40760708055752e-02,lamp_kernel
1.221322e+03,15081,1.06371925297013e-08,4.40997420211598e-02,4.40997597778238e-02,4.40761006894510e-02,lamp_kernel
1.222953e+03,15101,1.05177691578794e-08,4.40997382064262e-02,4.40997557637368e-02,4.40761304942207e-02,lamp_kernel
1.224584e+03,15121,1.02670346140325e-08,4.40997344062819e-02,4.40997515450413e-02,4.40761602202511e-02,lamp_kernel
1.226215e+03,15141,9.83162036943685e-09,4.40997306212096e-02,4.40997470331321e-02,4.40761898678528e-02,lamp_kernel
1.227846e+03,15161,9.26235545122576e-09,4.40997268518233e-02,4.40997423134719e-02,4.40762194373310e-02,lamp_kernel
1.229476e+03,15181,8.97930232534620e-09,4.40997230987348e-02,4.40997380878829e-02,4.40762489289853e-02,lamp_kernel
1.231107e+03,15201,9.34433037522218e-09,4.40997193624003e-02,4.40997349608897e-02,4.40762783431106e-02,lamp_kernel
1.232738e+03,15221,9.68754817399583e-09,4.40997156429949e-02,4.40997318144177e-02,4.40763076799977e-02,lamp_kernel
1.234369e+03,15241,9.94869741028229e-09,4.40997119403720e-02,4.40997285477311e-02,4.40763369381189e-02,lamp_kernel
1.236000e+03,15261,1.00250183607904e-08,4.40997082540992e-02,4.40997249888609e-02,4.40763661190283e-02,lamp_kernel
1.237631e+03,15281,9.86933389432614e-09,4.40997045835747e-02,4.40997210584523e-02,4.40763952234886e-02,lamp_kernel
1.239262e+03,15301,9.67445747011127e-09,4.40997009281390e-02,4.40997170777095e-02,4.40764242514246e-02,lamp_kernel
1.240893e+03,15321,9.28772076682889e-09,4.40996972871849e-02,4.40997127911758e-02,4.40764532035817e-02,lamp_kernel
1.242523e+03,15341,8.78657458395464e-09,4.40996936601939e-02,4.40997083276216e-02,4.40764820802579e-02,lamp_kernel
1.244154e+03,15361,8.72716499533625e-09,4.40996900467510e-02,4.40997046150063e-02,4.40765108817548e-02,lamp_kernel
1.245785e+03,15381,9.30702084274954e-09,4.40996864465175e-02,4.40997019827261e-02,4.40765396064405e-02,lamp_kernel
1.247416e+03,15401,9.83430246277492e-09,4.40996828592295e-02,4.40996992756292e-02,4.40765682560678e-02,lamp_kernel
1.249047e+03,15421,1.02080161841014e-08,4.40996792847099e-02,4.40996963249499e-02,4.40765968314338e-02,lamp_kernel
1.250678e+03,15441,1.03556003517120e-08,4.40996757229047e-02,4.40996930095069e-02,4.40766253328370e-02,lamp_kernel
1.252309e+03,15461,1.02595585402797e-08,4.40996721739393e-02,4.40996893002189e-02,4.40766537605714e-02,lamp_kernel
1.253940e+03,15481,1.01256854174803e-08,4.40996686381460e-02,4.40996855409512e-02,4.40766821149269e-02,lamp_kernel
1.255571e+03,15501,9.78986629840543e-09,4.40996651160623e-02,4.40996814582848e-02,4.40767103961886e-02,lamp_kernel
1.257202e+03,15521,9.28983130085231e-09,4.40996616083688e-02,4.40996771158828e-02,4.40767386013243e-02,lamp_kernel
1.258832e+03,15541,9.02260282213506e-09,4.40996581157653e-02,4.40996731771949e-02,4.40767667331649e-02,lamp_kernel
1.260463e+03,15561,9.10504853018339e-09,4.40996546388121e-02,4.40996698378683e-02,4.40767947916866e-02,lamp_kernel
1.262094e+03,15581,9.37372055895260e-09,4.40996511777929e-02,4.40996668253433e-02,4.40768227732771e-02,lamp_kernel
1.263725e+03,15601,9.63744612691981e-09,4.40996477326267e-02,4.40996638204142e-02,4.40768506831685e-02,lamp_kernel
1.265356e+03,15621,9.73623408742374e-09,4.40996443028762e-02,4.40996605555704e-02,4.40768785190110e-02,lamp_kernel
1.266987e+03,15641,9.64095737865380e-09,4.40996408878471e-02,4.40996569814959e-02,4.40769062818794e-02,lamp_kernel
1.268618e+03,15661,9.43982267564389e-09,4.40996374867252e-02,4.40996532446199e-02,4.40769339738452e-02,lamp_kernel
1.270330e+03,15681,9.13116094403933e-09,4.40996340987315e-02,4.40996493413772e-02,4.40769615951739e-02,lamp_kernel
1.271961e+03,15701,8.66481984547792e-09,4.40996307232219e-02,4.40996451874044e-02,4.40769891461348e-02,lamp_kernel
1.273592e+03,15721,8.50772662654881e-09,4.40996273597226e-02,4.40996415616694e-02,4.40770166270016e-02,lamp_kernel
1.275223e+03,15741,8.76490427564168e-09,4.40996240079096e-02,4.40996386391630e-02,4.40770440380500e-02,lamp_kernel
1.276853e+03,15761,9.30316328321142e-09,4.40996206675725e-02,4.40996361973417e-02,4.40770713779691e-02,lamp_kernel
1.278484e+03,15781,9.69877849343866e-09,4.40996173385870e-02,4.40996335287565e-02,4.40770986446365e-02,lamp_kernel
1.280115e+03,15801,9.90628482815447e-09,4.40996140209186e-02,4.40996305574785e-02,4.40771258417880e-02,lamp_kernel
1.281746e+03,15821,9.88976580395179e-09,4.40996107146768e-02,4.40996272236615e-02,4.40771529702573e-02,lamp_kernel
1.283377e+03,15841,9.74647249798376e-09,4.40996074201633e-02,4.40996236899485e-02,4.40771800303101e-02,lamp_kernel
1.285008e+03,15861,9.52545618216443e-09,4.40996041378987e-02,4.40996200387414e-02,4.40772070196324e-02,lamp_kernel
1.286638e+03,15881,9.11984827559716e-09,4.40996008685900e-02,4.40996160923515e-02,4.40772339330637e-02,lamp_kernel
1.288269e+03,15901,8.88045572567898e-09,4.40995976130202e-02,4.40996124371637e-02,4.40772607788747e-02,lamp_kernel
1.289900e+03,15921,8.72353120498106e-09,4.40995943718914e-02,4.40996089340809e-02,4.40772875573119e-02,lamp_kernel
1.291531e+03,15941,9.00563457506764e-09,4.40995911456573e-02,4.40996061787618e-02,4.40773142686184e-02,lamp_kernel
1.293162e+03,15961,9.23653685285598e-09,4.40995879343987e-02,4.40996033529484e-02,4.40773409130326e-02,lamp_kernel
1.294793e+03,15981,9.37508023790666e-09,4.40995847377889e-02,4.40996003876090e-02,4.40773674907915e-02,lamp_kernel
1.296423e+03,16001,9.37088792989674e-09,4.40995815551474e-02,4.40995971979693e-02,4.40773940021305e-02,lamp_kernel
1.298054e+03,16021,9.16774456709155e-09,4.40995783855839e-02,4.40995936892987e-02,4.40774204472865e-02,lamp_kernel
1.299685e+03,16041,8.97283160666340e-09,4.40995752281665e-02,4.40995902065131e-02,4.40774468264506e-02,lamp_kernel
1.301316e+03,16061,8.61923498215059e-09,4.40995720820663e-02,4.40995864701540e-02,4.40774731399107e-02,lamp_kernel
1.302947e+03,16081,8.40104787492276e-09,4.40995689466613e-02,4.40995829705293e-02,4.40774993879194e-02,lamp_kernel
1.304578e+03,16101,8.37268824437574e-09,4.40995658215529e-02,4.40995797980802e-02,4.40775255707280e-02,lamp_kernel
1.306209e+03,16121,8.91191856105206e-09,4.40995627065507e-02,4.40995775832151e-02,4.40775516885897e-02,lamp_kernel
1.307840e+03,16141,9.32830986674662e-09,4.40995596016163e-02,4.40995751733627e-02,4.40775777417580e-02,lamp_kernel
1.309470e+03,16161,9.59033937374660e-09,4.40995565068255e-02,4.40995725159776e-02,4.40776037250001e-02,lamp_kernel
1.311101e+03,16181,9.64073170397958e-09,4.40995534223609e-02,4.40995695156330e-02,4.40776296424376e-02,lamp_kernel
1.312732e+03,16201,9.47285358697891e-09,4.40995503485362e-02,4.40995661615693e-02,4.40776554950185e-02,lamp_kernel
1.314363e+03,16221,9.33050384593832e-09,4.40995472858207e-02,4.40995628612294e-02,4.40776812839267e-02,lamp_kernel
1.315994e+03,16241,9.02765412277910e-09,4.40995442348460e-02,4.40995593047078e-02,4.40777070093981e-02,lamp_kernel
1.317625e+03,16261,8.78500113969135e-09,4.40995411963499e-02,4.40995558611510e-02,4.40777326676314e-02,lamp_kernel
1.319256e+03,16281,8.57254265058332e-09,4.40995381710690e-02,4.40995524812133e-02,4.40777582605397e-02,lamp_kernel
1.320886e+03,16301,8.70188742687277e-09,4.40995351595781e-02,4.40995496856376e-02,4.40777837884064e-02,lamp_kernel
1.322517e+03,16321,8.89627623249261e-09,4.40995321621476e-02,4.40995470127003e-02,4.40778092519232e-02,lamp_kernel
1.324148e+03,16341,9.07239083753269e-09,4.40995291786454e-02,4.40995443231861e-02,4.40778346447226e-02,lamp_kernel
1.325779e+03,16361,9.09659158651422e-09,4.40995262085251e-02,4.40995413934641e-02,4.40778599754899e-02,lamp_kernel
1.327410e+03,16381,8.94123516801255e-09,4.40995232509235e-02,4.40995381765261e-02,4.40778852444396e-02,lamp_kernel
1.329041e+03,16401,8.73798050511667e-09,4.40995203048050e-02,4.40995348911146e-02,4.40779104517884e-02,lamp_kernel
1.330672e+03,16421,8.46642861288090e-09,4.40995173691531e-02,4.40995315021612e-02,4.40779355977559e-02,lamp_kernel
1.332302e+03,16441,8.25291260205941e-09,4.40995144431230e-02,4.40995282197089e-02,4.40779606824278e-02,lamp_kernel
1.333933e+03,16461,8.15291599100683e-09,4.40995115261302e-02,4.40995251357917e-02,4.40779857059187e-02,lamp_kernel
1.335564e+03,16481,8.42459828193604e-09,4.40995086178753e-02,4.40995226810560e-02,4.40780106687136e-02,lamp_kernel
1.337195e+03,16501,8.86002796728176e-09,4.40995057183144e-02,4.40995205083579e-02,4.40780355710439e-02,lamp_kernel
1.338826e+03,16521,9.15275035902271e-09,4.40995028275906e-02,4.40995181062755e-02,4.40780604131409e-02,lamp_kernel
1.340457e+03,16541,9.25932622470751e-09,4.40994999459912e-02,4.40995154025832e-02,4.40780851952329e-02,lamp_kernel
1.342088e+03,16561,9.16992201468308e-09,4.40994970739124e-02,4.40995123812619e-02,4.40781099171128e-02,lamp_kernel
1.343718e+03,16581,9.00079534790450e-09,4.40994942118565e-02,4.40995092368829e-02,4.40781345757988e-02,lamp_kernel
1.345349e+03,16601,8.78609186340924e-09,4.40994913604355e-02,4.40995060270574e-02,4.40781591704252e-02,lamp_kernel
1.346980e+03,16621,8.57826325027566e-09,4.40994885203384e-02,4.40995028400321e-02,4.40781837059566e-02,lamp_kernel
1.348611e+03,16641,8.43104946268571e-09,4.40994856922764e-02,4.40994997662260e-02,4.40782081826020e-02,lamp_kernel
1.350242e+03,16661,8.35792319501990e-09,4.40994828768615e-02,4.40994968287415e-02,4.40782326005668e-02,lamp_kernel
1.351873e+03,16681,8.59167327661087e-09,4.40994800744803e-02,4.40994944165593e-02,4.40782569600529e-02,lamp_kernel
1.353504e+03,16701,8.76386702190602e-09,4.40994772851831e-02,4.40994919147051e-02,4.40782812612597e-02,lamp_kernel
1.355134e+03,16721,8.84072408800231e-09,4.40994745086238e-02,4.40994892664432e-02,4.40783055043839e-02,lamp_kernel
1.356765e+03,16741,8.77287293920893e-09,4.40994717440899e-02,4.40994863886454e-02,4.40783296896217e-02,lamp_kernel
1.358396e+03,16761,8.55772189211725e-09,4.40994689906127e-02,4.40994832760167e-02,4.40783538171695e-02,lamp_kernel
1.360027e+03,16781,8.37404279002965e-09,4.40994662471207e-02,4.40994802259091e-02,4.40783778872257e-02,lamp_kernel
1.361658e+03,16801,8.17339537033340e-09,4.40994635126195e-02,4.40994771564673e-02,4.40784018999928e-02,lamp_kernel
1.363289e+03,16821,8.04913447734587e-09,4.40994607863318e-02,4.40994742227509e-02,4.40784258556762e-02,lamp_kernel
1.364920e+03,16841,8.02700139362391e-09,4.40994580677852e-02,4.40994714672575e-02,4.40784497544853e-02,lamp_kernel
1.366550e+03,16861,8.45632410073976e-09,4.40994553568223e-02,4.40994694729629e-02,4.40784735966315e-02,lamp_kernel
1.368181e+03,16881,8.77801245683991e-09,4.40994526535650e-02,4.40994673067000e-02,4.40784973823271e-02,lamp_kernel
1.369812e+03,16901,8.95171343041686e-09,4.40994499583443e-02,4.40994649014383e-02,4.40785211117828e-02,lamp_kernel
1.371443e+03,16921,8.92681435640497e-09,4.40994472716370e-02,4.40994621731670e-02,4.40785447852074e-02,lamp_kernel
1.373074e+03,16941,8.72821002875106e-09,4.40994445940101e-02,4.40994591640099e-02,4.40785684028052e-02,lamp_kernel
1.374705e+03,16961,8.58063738229116e-09,4.40994419260957e-02,4.40994562497525e-02,4.40785919647770e-02,lamp_kernel
1.376336e+03,16981,8.38753356308476e-09,4.40994392685639e-02,4.40994532698725e-02,4.40786154713196e-02,lamp_kernel
1.377966e+03,17001,8.28960678114445e-09,4.40994366220760e-02,4.40994504599154e-02,4.40786389226261e-02,lamp_kernel
1.379597e+03,17021,8.09715648378896e-09,4.40994339872230e-02,4.40994475038051e-02,4.40786623188861e-02,lamp_kernel
1.381228e+03,17041,8.23641026396188e-09,4.40994313644212e-02,4.40994451134597e-02,4.40786856602865e-02,lamp_kernel
1.382859e+03,17061,8.37992361390920e-09,4.40994287538156e-02,4.40994427424209e-02,4.40787089470107e-02,lamp_kernel
1.384490e+03,17081,8.49178868294839e-09,4.40994261552034e-02,4.40994403305450e-02,4.40787321792404e-02,lamp_kernel
1.386121e+03,17101,8.48218893023025e-09,4.40994235680149e-02,4.40994377273317e-02,4.40787553571556e-02,lamp_kernel
1.387752e+03,17121,8.30878292703996e-09,4.40994209913733e-02,4.40994348612235e-02,4.40787784782646e-02,lamp_kernel
1.389383e+03,17141,8.17332173716490e-09,4.40994184242143e-02,4.40994320679391e-02,4.40788015444572e-02,lamp_kernel
1.391014e+03,17161,8.01322381250166e-09,4.40994158654501e-02,4.40994292419234e-02,4.40788245568908e-02,lamp_kernel
1.392644e+03,17181,7.95821436522849e-09,4.40994133141398e-02,4.40994265987859e-02,4.40788475157511e-02,lamp_kernel
1.394275e+03,17201,7.82176617188923e-09,4.40994107696257e-02,4.40994238264989e-02,4.40788704205554e-02,lamp_kernel
1.395906e+03,17221,8.02834513282859e-09,4.40994082316067e-02,4.40994216333221e-02,4.40788932680520e-02,lamp_kernel
1.397537e+03,17241,8.34361838599613e-09,4.40994057001359e-02,4.40994196281369e-02,4.40789160600843e-02,lamp_kernel
1.399168e+03,17261,8.55101617045543e-09,4.40994031755647e-02,4.40994174497748e-02,4.40789387993458e-02,lamp_kernel
1.400799e+03,17281,8.60231054262236e-09,4.40994006584556e-02,4.40994150182914e-02,4.40789614860292e-02,lamp_kernel
1.402430e+03,17301,8.47407621774479e-09,4.40993981494883e-02,4.40994122952625e-02,4.40789841203243e-02,lamp_kernel
1.404061e+03,17321,8.33083435321284e-09,4.40993956493775e-02,4.40994095560381e-02,4.40790067024173e-02,lamp_kernel
1.405692e+03,17341,8.18885739691432e-09,4.40993931588255e-02,4.40994068284840e-02,4.40790292324904e-02,lamp_kernel
1.407322e+03,17361,8.17527955054570e-09,4.40993906784767e-02,4.40994043254697e-02,4.40790517107220e-02,lamp_kernel
1.408953e+03,17381,8.02731934660026e-09,4.40993882088839e-02,4.40994016088870e-02,4.40790741367988e-02,lamp_kernel
1.410584e+03,17401,7.92838652156854e-09,4.40993857504558e-02,4.40993989853103e-02,4.40790965067690e-02,lamp_kernel
1.412215e+03,17421,8.08692591926991e-09,4.40993833033924e-02,4.40993968028967e-02,4.40791188218352e-02,lamp_kernel
1.413846e+03,17441,8.18237055648818e-09,4.40993808676194e-02,4.40993945264494e-02,4.40791410837131e-02,lamp_kernel
1.415477e+03,17461,8.19747923005568e-09,4.40993784427482e-02,4.40993921267991e-02,4.40791632946417e-02,lamp_kernel
1.417108e+03,17481,8.10242231712388e-09,4.40993760280768e-02,4.40993895534492e-02,4.40791854547855e-02,lamp_kernel
1.418738e+03,17501,7.93967572795163e-09,4.40993736226539e-02,4.40993868763535e-02,4.40792075643098e-02,lamp_kernel
1.420369e+03,17521,7.83318849237491e-09,4.40993712253954e-02,4.40993843013359e-02,4.40792296233810e-02,lamp_kernel
1.422000e+03,17541,7.86486032055199e-09,4.40993688352404e-02,4.40993819640506e-02,4.40792516315194e-02,lamp_kernel
1.423631e+03,17561,7.75804957782609e-09,4.40993664513198e-02,4.40993794018309e-02,4.40792735881607e-02,lamp_kernel
1.425262e+03,17581,7.69016642958908e-09,4.40993640730839e-02,4.40993769102777e-02,4.40792954948717e-02,lamp_kernel
1.426893e+03,17601,7.98740740700273e-09,4.40993617003775e-02,4.40993750337556e-02,4.40793173518291e-02,lamp_kernel
1.428524e+03,17621,8.19662587916021e-09,4.40993593334419e-02,4.40993730160683e-02,4.40793391592114e-02,lamp_kernel
1.430155e+03,17641,8.31574022668378e-09,4.40993569728526e-02,4.40993708543165e-02,4.40793609171964e-02,lamp_kernel
1.431785e+03,17661,8.25771317696887e-09,4.40993546193984e-02,4.40993684039978e-02,4.40793826259605e-02,lamp_kernel
1.433416e+03,17681,8.06241878548644e-09,4.40993522739537e-02,4.40993657325483e-02,4.40794042856769e-02,lamp_kernel
1.435047e+03,17701,7.95545602170063e-09,4.40993499373622e-02,4.40993632174038e-02,4.40794258965160e-02,lamp_kernel
1.436678e+03,17721,7.99177747709092e-09,4.40993476103385e-02,4.40993609510115e-02,4.40794474586435e-02,lamp_kernel
1.438309e+03,17741,7.90291021570936e-09,4.40993452934231e-02,4.40993584857500e-02,4.40794689722218e-02,lamp_kernel
1.439940e+03,17761,7.68912987250958e-09,4.40993429869408e-02,4.40993558224042e-02,4.40794904374101e-02,lamp_kernel
1.441571e+03,17781,7.73231068874224e-09,4.40993406909975e-02,4.40993535985426e-02,4.40795118543649e-02,lamp_kernel
1.443202e+03,17801,7.80532234872737e-09,4.40993384054712e-02,4.40993514348947e-02,4.40795332232405e-02,lamp_kernel
1.444832e+03,17821,7.84229462720621e-09,4.40993361300014e-02,4.40993492211427e-02,4.40795545441900e-02,lamp_kernel
1.446463e+03,17841,7.79227822051129e-09,4.40993338640095e-02,4.40993468716584e-02,4.40795758173653e-02,lamp_kernel
1.448094e+03,17861,7.60699933684235e-09,4.40993316067139e-02,4.40993443050768e-02,4.40795970429181e-02,lamp_kernel
1.449725e+03,17881,7.54318708848743e-09,4.40993293571965e-02,4.40993419490377e-02,4.40796182210013e-02,lamp_kernel
1.451356e+03,17901,7.63552510971503e-09,4.40993271144873e-02,4.40993398604683e-02,4.40796393517687e-02,lamp_kernel
1.452987e+03,17921,7.62579165446934e-09,4.40993248776870e-02,4.40993376074199e-02,4.40796604353764e-02,lamp_kernel
1.454618e+03,17941,7.48203088700628e-09,4.40993226460873e-02,4.40993351358404e-02,4.40796814719831e-02,lamp_kernel
1.456248e+03,17961,7.62340935810215e-09,4.40993204192949e-02,4.40993331450511e-02,4.40797024617497e-02,lamp_kernel
1.457879e+03,17981,7.84185867957436e-09,4.40993181972955e-02,4.40993312877091e-02,4.40797234048388e-02,lamp_kernel
1.459510e+03,18001,7.98483066336728e-09,4.40993159804775e-02,4.40993293095542e-02,4.40797443014140e-02,lamp_kernel
1.461141e+03,18021,8.01966423174103e-09,4.40993137695733e-02,4.40993271567977e-02,4.40797651516384e-02,lamp_kernel
1.462772e+03,18041,7.88330964168236e-09,4.40993115655521e-02,4.40993247251598e-02,4.40797859541029e-02,lamp_kernel
1.464403e+03,18061,7.77482781585739e-09,4.40993093694671e-02,4.40993223479861e-02,4.40798067012763e-02,lamp_kernel
1.466034e+03,18081,7.83101107777037e-09,4.40993071823064e-02,4.40993202546121e-02,4.40798274025281e-02,lamp_kernel
1.467665e+03,18101,7.80959038212906e-09,4.40993050048490e-02,4.40993180413971e-02,4.40798480560349e-02,lamp_kernel
1.469295e+03,18121,7.64975149022593e-09,4.40993028375734e-02,4.40993156073024e-02,4.40798686640269e-02,lamp_kernel
1.470926e+03,18141,7.47526808113101e-09,4.40993006806180e-02,4.40993131590820e-02,4.40798892266486e-02,lamp_kernel
1.472557e+03,18161,7.50914304818968e-09,4.40992985337865e-02,4.40993110687979e-02,4.40799097440426e-02,lamp_kernel
1.474188e+03,18181,7.53416246577607e-09,4.40992963965963e-02,4.40993089733727e-02,4.40799302161696e-02,lamp_kernel
1.475819e+03,18201,7.50563172921438e-09,4.40992942683481e-02,4.40993067974981e-02,4.40799506398850e-02,lamp_kernel
1.477450e+03,18221,7.38213137793431e-09,4.40992921482089e-02,4.40993044711998e-02,4.40799710187987e-02,lamp_kernel
1.479081e+03,18241,7.25856778355770e-09,4.40992900352925e-02,4.40993021520187e-02,4.40799913512679e-02,lamp_kernel
1.480712e+03,18261,7.37450437405142e-09,4.40992879287246e-02,4.40993002389838e-02,4.40800116383779e-02,lamp_kernel
1.482342e+03,18281,7.44003375910968e-09,4.40992858277200e-02,4.40992982473673e-02,4.40800318809740e-02,lamp_kernel
1.483973e+03,18301,7.39796326134903e-09,4.40992837316350e-02,4.40992960810540e-02,4.40800520784009e-02,lamp_kernel
1.485604e+03,18321,7.29129921779474e-09,4.40992816400376e-02,4.40992938114024e-02,4.40800722317591e-02,lamp_kernel
1.487235e+03,18341,7.50974411479065e-09,4.40992795527543e-02,4.40992920887691e-02,4.40800923411970e-02,lamp_kernel
1.488866e+03,18361,7.62067638022677e-09,4.40992774699157e-02,4.40992901911097e-02,4.40801124068639e-02,lamp_kernel
1.490497e+03,18381,7.66471636950167e-09,4.40992753919697e-02,4.40992881866797e-02,4.40801324289092e-02,lamp_kernel
1.492128e+03,18401,7.59516369391998e-09,4.40992733196522e-02,4.40992859982578e-02,4.40801524074821e-02,lamp_kernel
1.493759e+03,18421,7.44338681797483e-09,4.40992712539132e-02,4.40992836791578e-02,4.40801723427300e-02,lamp_kernel
1.495390e+03,18441,7.53362241712578e-09,4.40992691958033e-02,4.40992817716781e-02,4.40801922342300e-02,lamp_kernel
1.497020e+03,18461,7.59845586974756e-09,4.40992671463218e-02,4.40992798304232e-02,4.40802120796680e-02,lamp_kernel
1.498651e+03,18481,7.52797889361922e-09,4.40992651062719e-02,4.40992776727260e-02,4.40802318776067e-02,lamp_kernel
1.500282e+03,18501,7.30688272694976e-09,4.40992630761290e-02,4.40992752735073e-02,4.40802516328174e-02,lamp_kernel
1.501913e+03,18521,7.23842711083041e-09,4.40992610559597e-02,4.40992731390650e-02,4.40802713454327e-02,lamp_kernel
1.503544e+03,18541,7.20576374997388e-09,4.40992590454053e-02,4.40992710739857e-02,4.40802910155833e-02,lamp_kernel
1.505175e+03,18561,7.18492717000164e-09,4.40992570437412e-02,4.40992690375391e-02,4.40803106433983e-02,lamp_kernel
1.506806e+03,18581,7.11346559737687e-09,4.40992550499776e-02,4.40992669244847e-02,4.40803302290065e-02,lamp_kernel
1.508437e+03,18601,6.95126744887073e-09,4.40992530630145e-02,4.40992646667643e-02,4.40803497725372e-02,lamp_kernel
1.510068e+03,18621,7.07865787391737e-09,4.40992510817886e-02,4.40992628981911e-02,4.40803692741207e-02,lamp_kernel
1.511698e+03,18641,7.23237551824429e-09,4.40992491054072e-02,4.40992611784107e-02,4.40803887338887e-02,lamp_kernel
1.513329e+03,18661,7.25269156007372e-09,4.40992471332369e-02,4.40992592401539e-02,4.40804081519752e-02,lamp_kernel
1.514960e+03,18681,7.15763583122508e-09,4.40992451649469e-02,4.40992571131874e-02,4.40804275284700e-02,lamp_kernel
1.516591e+03,18701,7.19768182130538e-09,4.40992432005051e-02,4.40992552155944e-02,4.40804468595763e-02,lamp_kernel
1.518222e+03,18721,7.32216145018065e-09,4.40992412401485e-02,4.40992534630316e-02,4.40804661443823e-02,lamp_kernel
1.519853e+03,18741,7.36185117387045e-09,4.40992392843356e-02,4.40992515734727e-02,4.40804853857703e-02,lamp_kernel
1.521484e+03,18761,7.32568977132528e-09,4.40992373336987e-02,4.40992495624716e-02,4.40805045861909e-02,lamp_kernel
1.523115e+03,18781,7.18020254037309e-09,4.40992353889931e-02,4.40992473749042e-02,4.40805237457788e-02,lamp_kernel
1.524746e+03,18801,7.21876962569755e-09,4.40992334510461e-02,4.40992455013373e-02,4.40805428644099e-02,lamp_kernel
1.526376e+03,18821,7.37151681856551e-09,4.40992315206927e-02,4.40992438259647e-02,4.40805619423863e-02,lamp_kernel
1.528007e+03,18841,7.38111528761532e-09,4.40992295987034e-02,4.40992419199981e-02,4.40805809799260e-02,lamp_kernel
1.529638e+03,18861,7.25651228173445e-09,4.40992276856828e-02,4.40992397989778e-02,4.40805999771303e-02,lamp_kernel
1.531269e+03,18881,7.04255644406667e-09,4.40992257819764e-02,4.40992375381149e-02,4.40806189340966e-02,lamp_kernel
1.532900e+03,18901,6.98482156031488e-09,4.40992238875892e-02,4.40992355473509e-02,4.40806378510002e-02,lamp_kernel
1.534531e+03,18921,6.91505344024387e-09,4.40992220021371e-02,4.40992335454348e-02,4.40806567279621e-02,lamp_kernel
1.536162e+03,18941,6.85051558618122e-09,4.40992201248606e-02,4.40992315604253e-02,4.40806755651025e-02,lamp_kernel
1.537793e+03,18961,6.74269282775365e-09,4.40992182546988e-02,4.40992295102749e-02,4.40806943609282e-02,lamp_kernel
1.539423e+03,18981,6.76903651557881e-09,4.40992163904334e-02,4.40992276899851e-02,4.40807131167008e-02,lamp_kernel
1.541054e+03,19001,7.00163095760884e-09,4.40992145308654e-02,4.40992262186870e-02,4.40807318330195e-02,lamp_kernel
1.542685e+03,19021,7.10053539783912e-09,4.40992126749859e-02,4.40992245279087e-02,4.40807505100064e-02,lamp_kernel
1.544316e+03,19041,7.07203312429349e-09,4.40992108221263e-02,4.40992226274702e-02,4.40807691477854e-02,lamp_kernel
1.545947e+03,19061,6.90078311711407e-09,4.40992089720453e-02,4.40992204915216e-02,4.40807877464813e-02,lamp_kernel
1.547578e+03,19081,7.02005672512901e-09,4.40992071249374e-02,4.40992188435171e-02,4.40808063062201e-02,lamp_kernel
1.549209e+03,19101,7.03749204504595e-09,4.40992052813714e-02,4.40992170290558e-02,4.40808248271284e-02,lamp_kernel
1.550840e+03,19121,6.99609504697480e-09,4.40992034421786e-02,4.40992151207590e-02,4.40808433093324e-02,lamp_kernel
1.552471e+03,19141,6.87674040580353e-09,4.40992016083135e-02,4.40992130876552e-02,4.40808617529572e-02,lamp_kernel
1.554102e+03,19161,6.78407911598741e-09,4.40991997807324e-02,4.40992111053947e-02,4.40808801581266e-02,lamp_kernel
1.555733e+03,19181,6.98501412135883e-09,4.40991979602775e-02,4.40992096203605e-02,4.40808985249629e-02,lamp_kernel
1.557363e+03,19201,7.07126099682938e-09,4.40991961476205e-02,4.40992079516755e-02,4.40809168535862e-02,lamp_kernel
1.558994e+03,19221,7.03867351057844e-09,4.40991943432198e-02,4.40992060928765e-02,4.40809351441144e-02,lamp_kernel
1.560625e+03,19241,6.85658564625554e-09,4.40991925473016e-02,4.40992039929990e-02,4.40809533966637e-02,lamp_kernel
1.562256e+03,19261,6.75021245693660e-09,4.40991907598556e-02,4.40992020279843e-02,4.40809716113487e-02,lamp_kernel
1.563887e+03,19281,6.67840623089473e-09,4.40991889806276e-02,4.40992001288902e-02,4.40809897882820e-02,lamp_kernel
1.565518e+03,19301,6.61538936248168e-09,4.40991872091207e-02,4.40991982521893e-02,4.40810079275755e-02,lamp_kernel
1.567149e+03,19321,6.53371861511815e-09,4.40991854446126e-02,4.40991963513482e-02,4.40810260293404e-02,lamp_kernel
1.568780e+03,19341,6.42651640282110e-09,4.40991836861937e-02,4.40991944139766e-02,4.40810440936877e-02,lamp_kernel
1.570411e+03,19361,6.68407345375191e-09,4.40991819328526e-02,4.40991930905755e-02,4.40810621207290e-02,lamp_kernel
1.572042e+03,19381,6.85320404738501e-09,4.40991801835845e-02,4.40991916236371e-02,4.40810801105768e-02,lamp_kernel
1.573673e+03,19401,6.89067835675510e-09,4.40991784375289e-02,4.40991899401373e-02,4.40810980618263e-02,lamp_kernel
1.575304e+03,19421,6.80660886403509e-09,4.40991766940917e-02,4.40991880563629e-02,4.40811159756657e-02,lamp_kernel
1.576934e+03,19441,6.73312459705313e-09,4.40991749530618e-02,4.40991861926657e-02,4.40811338507204e-02,lamp_kernel
1.578565e+03,19461,6.77443491086651e-09,4.40991732146435e-02,4.40991845232067e-02,4.40811516881935e-02,lamp_kernel
1.580196e+03,19481,6.73561074677331e-09,4.40991714794441e-02,4.40991827231982e-02,4.40811694890646e-02,lamp_kernel
1.581827e+03,19501,6.62082362201758e-09,4.40991697483868e-02,4.40991808005267e-02,4.40811872534496e-02,lamp_kernel
1.583458e+03,19521,6.46200897292834e-09,4.40991680225651e-02,4.40991788095958e-02,4.40812049812092e-02,lamp_kernel
1.585089e+03,19541,6.63421682684396e-09,4.40991663030947e-02,4.40991773775919e-02,4.40812226721840e-02,lamp_kernel
1.586720e+03,19561,6.77865888384352e-09,4.40991645909426e-02,4.40991759065569e-02,4.40812403270178e-02,lamp_kernel
1.588351e+03,19581,6.79486983518444e-09,4.40991628868121e-02,4.40991742294874e-02,4.40812579458212e-02,lamp_kernel
1.589982e+03,19601,6.71393629221318e-09,4.40991611910643e-02,4.40991723986373e-02,4.40812755287024e-02,lamp_kernel
1.591613e+03,19621,6.50826503926747e-09,4.40991595036849e-02,4.40991703679308e-02,4.40812930757692e-02,lamp_kernel
1.593243e+03,19641,6.44415730186648e-09,4.40991578243250e-02,4.40991685815559e-02,4.40813105871266e-02,lamp_kernel
1.594874e+03,19661,6.36425825306392e-09,4.40991561523445e-02,4.40991667761999e-02,4.40813280628795e-02,lamp_kernel
1.596505e+03,19681,6.28574447207570e-09,4.40991544869094e-02,4.40991649797017e-02,4.40813455031313e-02,lamp_kernel
1.598136e+03,19701,6.16832590009283e-09,4.40991528270741e-02,4.40991631238596e-02,4.40813629079854e-02,lamp_kernel
1.599767e+03,19721,6.34458017126095e-09,4.40991511718803e-02,4.40991617628871e-02,4.40813802775455e-02,lamp_kernel
1.601398e+03,19741,6.56236406987323e-09,4.40991495204424e-02,4.40991604749958e-02,4.40813976119157e-02,lamp_kernel
1.603029e+03,19761,6.67283609986011e-09,4.40991478720290e-02,4.40991590109934e-02,4.40814149112009e-02,lamp_kernel
1.604660e+03,19781,6.65798355460079e-09,4.40991462261342e-02,4.40991573403052e-02,4.40814321755070e-02,lamp_kernel
1.606291e+03,19801,6.50328731593390e-09,4.40991445825232e-02,4.40991554384598e-02,4.40814494049407e-02,lamp_kernel
1.607922e+03,19821,6.50179596541946e-09,4.40991429412645e-02,4.40991537947116e-02,4.40814665996093e-02,lamp_kernel
1.609552e+03,19841,6.48250778830768e-09,4.40991413027342e-02,4.40991521239835e-02,4.40814837596204e-02,lamp_kernel
1.611183e+03,19861,6.38689761051502e-09,4.40991396675746e-02,4.40991503292218e-02,4.40815008850810e-02,lamp_kernel
1.612814e+03,19881,6.21891038196566e-09,4.40991380366490e-02,4.40991484178753e-02,4.40815179760980e-02,lamp_kernel
1.614445e+03,19901,6.26452061282748e-09,4.40991364109284e-02,4.40991468682918e-02,4.40815350327769e-02,lamp_kernel
1.616076e+03,19921,6.46113235057754e-09,4.40991347913901e-02,4.40991455769575e-02,4.40815520552224e-02,lamp_kernel
1.617707e+03,19941,6.56147943043886e-09,4.40991331788946e-02,4.40991441319712e-02,4.40815690435378e-02,lamp_kernel
1.619338e+03,19961,6.55154946844263e-09,4.40991315740707e-02,4.40991425105713e-02,4.40815859978246e-02,lamp_kernel
1.620969e+03,19981,6.41006463754616e-09,4.40991299772345e-02,4.40991406775545e-02,4.40816029181834e-02,lamp_kernel
1.622600e+03,20001,6.26516585256080e-09,4.40991283883401e-02,4.40991388467806e-02,4.40816198047134e-02,lamp_kernel
1.624231e+03,20021,6.16408060496430e-09,4.40991268069787e-02,4.40991370966776e-02,4.40816366570354e-02,lamp_kernel
1.625862e+03,20041,6.07171812878626e-09,4.40991252324192e-02,4.40991353679374e-02,4.40816534746166e-02,lamp_kernel
1.627492e+03,20061,5.95851901686792e-09,4.40991236637074e-02,4.40991336102624e-02,4.40816702531246e-02,lamp_kernel
1.629123e+03,20081,5.98495638741848e-09,4.40991220997763e-02,4.40991320904632e-02,4.40816869982070e-02,lamp_kernel
1.630754e+03,20101,6.23613980154465e-09,4.40991205395832e-02,4.40991309495705e-02,4.40817037099598e-02,lamp_kernel
1.632385e+03,20121,6.39253281948988e-09,4.40991189822405e-02,4.40991296532946e-02,4.40817203858243e-02,lamp_kernel
1.634016e+03,20141,6.44051976751216e-09,4.40991174271112e-02,4.40991281782699e-02,4.40817370273299e-02,lamp_kernel
1.635647e+03,20161,6.36971797450369e-09,4.40991158738786e-02,4.40991265068479e-02,4.40817536358120e-02,lamp_kernel
1.637278e+03,20181,6.23399353432400e-09,4.40991143225734e-02,4.40991247289779e-02,4.40817702071836e-02,lamp_kernel
1.638909e+03,20201,6.21668016448216e-09,4.40991127735408e-02,4.40991231510441e-02,4.40817867451753e-02,lamp_kernel
1.640540e+03,20221,6.14191031571113e-09,4.40991112273951e-02,4.40991214800852e-02,4.40818032504558e-02,lamp_kernel
1.642171e+03,20241,6.01585403968359e-09,4.40991096849321e-02,4.40991197271964e-02,4.40818197231244e-02,lamp_kernel
1.643802e+03,20261,5.97285818994256e-09,4.40991081470401e-02,4.40991181175314e-02,4.40818361632798e-02,lamp_kernel
1.645432e+03,20281,6.15247905306397e-09,4.40991066146035e-02,4.40991168849359e-02,4.40818525710198e-02,lamp_kernel
1.647063e+03,20301,6.30175510135460e-09,4.40991050884149e-02,4.40991156079338e-02,4.40818689464407e-02,lamp_kernel
1.648694e+03,20321,6.33028134342943e-09,4.40991035690980e-02,4.40991141362358e-02,4.40818852896381e-02,lamp_kernel
1.650325e+03,20341,6.26113387518497e-09,4.40991020570381e-02,4.40991125087480e-02,4.40819016007062e-02,lamp_kernel
1.651956e+03,20361,6.04662177274574e-09,4.40991005523381e-02,4.40991106459630e-02,4.40819178776319e-02,lamp_kernel
1.653587e+03,20381,5.93968512951029e-09,4.40990990547877e-02,4.40991089699032e-02,4.40819341218283e-02,lamp_kernel
1.655218e+03,20401,5.83399140786657e-09,4.40990975638735e-02,4.40991073025546e-02,4.40819503326491e-02,lamp_kernel
1.656849e+03,20421,5.72193562250356e-09,4.40990960788121e-02,4.40991056304384e-02,4.40819665113676e-02,lamp_kernel
1.658480e+03,20441,5.69344159486630e-09,4.40990945986321e-02,4.40991041026934e-02,4.40819826584334e-02,lamp_kernel
1.660111e+03,20461,5.86300546813040e-09,4.40990931222909e-02,4.40991029094051e-02,4.40819987739358e-02,lamp_kernel
1.661741e+03,20481,6.06435600337867e-09,4.40990916488063e-02,4.40991017720349e-02,4.40820148520879e-02,lamp_kernel
1.663372e+03,20501,6.17052652016783e-09,4.40990901773868e-02,4.40991004778459e-02,4.40820308969500e-02,lamp_kernel
1.665003e+03,20521,6.15985263219808e-09,4.40990887075490e-02,4.40990989901901e-02,4.40820469105403e-02,lamp_kernel
1.666634e+03,20541,6.03366525292698e-09,4.40990872391666e-02,4.40990973111631e-02,4.40820628929499e-02,lamp_kernel
1.668265e+03,20561,5.94756613295166e-09,4.40990857724908e-02,4.40990957007621e-02,4.40820788442710e-02,lamp_kernel
1.669896e+03,20581,5.91604600553623e-09,4.40990843081022e-02,4.40990941837570e-02,4.40820947645958e-02,lamp_kernel
1.671527e+03,20601,5.83313995964799e-09,4.40990828468078e-02,4.40990925840675e-02,4.40821106540166e-02,lamp_kernel
1.673158e+03,20621,5.79213001268908e-09,4.40990813895301e-02,4.40990910583319e-02,4.40821265126251e-02,lamp_kernel
1.674789e+03,20641,5.86157674435324e-09,4.40990799371854e-02,4.40990897219146e-02,4.40821423405126e-02,lamp_kernel
1.676420e+03,20661,6.04818014471982e-09,4.40990784905801e-02,4.40990885868064e-02,4.40821581377696e-02,lamp_kernel
1.678051e+03,20681,6.13776641858331e-09,4.40990770503357e-02,4.40990872961083e-02,4.40821739044850e-02,lamp_kernel
1.679682e+03,20701,6.11545805198423e-09,4.40990756168401e-02,4.40990858253734e-02,4.40821896407473e-02,lamp_kernel
1.681313e+03,20721,5.98466670573661e-09,4.40990741902238e-02,4.40990841804271e-02,4.40822053466437e-02,lamp_kernel
1.682944e+03,20741,5.78472923819348e-09,4.40990727703574e-02,4.40990824268051e-02,4.40822210222601e-02,lamp_kernel
1.684575e+03,20761,5.64392012088248e-09,4.40990713568604e-02,4.40990807782555e-02,4.40822366676816e-02,lamp_kernel
1.686206e+03,20781,5.51975810570075e-09,4.40990699491226e-02,4.40990791632540e-02,4.40822522829927e-02,lamp_kernel
1.687836e+03,20801,5.47094234131818e-09,4.40990685463466e-02,4.40990776789899e-02,4.40822678682769e-02,lamp_kernel
1.689467e+03,20821,5.50694950576342e-09,4.40990671476181e-02,4.40990763403682e-02,4.40822834207114e-02,lamp_kernel
1.691098e+03,20841,5.73008567150930e-09,4.40990657519954e-02,4.40990753172266e-02,4.40822989394195e-02,lamp_kernel
1.692730e+03,20861,5.87896075987569e-09,4.40990643586219e-02,4.40990741723702e-02,4.40823144258323e-02,lamp_kernel
1.694360e+03,20881,5.92892292544835e-09,4.40990629668441e-02,4.40990728639943e-02,4.40823298825420e-02,lamp_kernel
1.695991e+03,20901,5.87965046620166e-09,4.40990615763087e-02,4.40990713912084e-02,4.40823453096690e-02,lamp_kernel
1.697622e+03,20921,5.72373107368223e-09,4.40990601870216e-02,4.40990697416451e-02,4.40823607069790e-02,lamp_kernel
1.699253e+03,20941,5.67752246724630e-09,4.40990587993539e-02,4.40990682768414e-02,4.40823760745861e-02,lamp_kernel
1.700884e+03,20961,5.60209772637319e-09,4.40990574139844e-02,4.40990667655653e-02,4.40823914128669e-02,lamp_kernel
1.702515e+03,20981,5.54402277263685e-09,4.40990560318084e-02,4.40990652864448e-02,4.40824067219069e-02,lamp_kernel
c_index=-0.044099056031808366,Sw=0.0,Smin=0.044099056031808366,Smax=0.044099056031808366,Nw=73,pairs=190
